subbasin,deluid,parmname,value1
1030,1000,AREA,1.969004600001e+01
1030,1000,PREC,1.990430555599e+02
1030,1000,SURO,1.808226999087e+02
1030,1000,IFWO,0.000000000000e+00
1030,1000,AGWO,0.000000000000e+00
1030,1000,PERO,1.808226999087e+02
1030,1000,TAET,1.822035565120e+01
1030,1000,SEDLOAD,1.336094333428e+00
1030,1000,SEDWSSD, 1.33609e+00
1030,1000,SEDSCRS, 0.00000e+00
1030,1000,SEDSURO, 0.00000e+00
1030,1000,SEDIFWO, 0.00000e+00
1030,1000,SEDAGWO, 0.00000e+00
1030,1000,SO_TN,6.302845193568e+00
1030,1000,IO_TN,0.000000000000e+00
1030,1000,AO_TN,0.000000000000e+00
1030,1000,PO_TN,6.302845193568e+00
1030,1000,SO_TP,5.962320962924e+00
1030,1000,IO_TP,0.000000000000e+00
1030,1000,AO_TP,0.000000000000e+00
1030,1000,PO_TP,5.962320962924e+00
1030,1000,SED_TP,5.962320962924e+00
1030,1000,SEDWSSD_TP,5.962320962924e+00
1030,1000,SEDSCRS_TP,0.000000000000e+00
1030,1000,SO_TCd,2.338165083499e-02
1030,1000,IO_TCd,0.000000000000e+00
1030,1000,AO_TCd,0.000000000000e+00
1030,1000,PO_TCd,2.338165083499e-02
1030,1000,SED_TCd,2.338165083499e-02
1030,1000,SEDWSSD_TCd,2.338165083499e-02
1030,1000,SEDSCRS_TCd,0.000000000000e+00
1030,1000,SO_TCu,2.338165083499e+00
1030,1000,IO_TCu,0.000000000000e+00
1030,1000,AO_TCu,0.000000000000e+00
1030,1000,PO_TCu,2.338165083499e+00
1030,1000,SED_TCu,2.338165083499e+00
1030,1000,SEDWSSD_TCu,2.338165083499e+00
1030,1000,SEDSCRS_TCu,0.000000000000e+00
1030,1000,SO_TPb,5.771927520410e-01
1030,1000,IO_TPb,0.000000000000e+00
1030,1000,AO_TPb,0.000000000000e+00
1030,1000,PO_TPb,5.771927520410e-01
1030,1000,SED_TPb,5.771927520410e-01
1030,1000,SEDWSSD_TPb,5.771927520410e-01
1030,1000,SEDSCRS_TPb,0.000000000000e+00
1030,1000,SO_TZn,1.847016806531e+01
1030,1000,IO_TZn,0.000000000000e+00
1030,1000,AO_TZn,0.000000000000e+00
1030,1000,PO_TZn,1.847016806531e+01
1030,1000,SED_TZn,1.847016806531e+01
1030,1000,SEDWSSD_TZn,1.847016806531e+01
1030,1000,SEDSCRS_TZn,0.000000000000e+00
1030,2000,AREA,6.315128799995e+01
1030,2000,PREC,6.383847618265e+02
1030,2000,SURO,5.799471671560e+02
1030,2000,IFWO,0.000000000000e+00
1030,2000,AGWO,0.000000000000e+00
1030,2000,PERO,5.799471671560e+02
1030,2000,TAET,5.843759467050e+01
1030,2000,SEDLOAD,1.401881648996e+01
1030,2000,SEDWSSD, 1.40188e+01
1030,2000,SEDSCRS, 0.00000e+00
1030,2000,SEDSURO, 0.00000e+00
1030,2000,SEDIFWO, 0.00000e+00
1030,2000,SEDAGWO, 0.00000e+00
1030,2000,SO_TN,2.021492470039e+01
1030,2000,IO_TN,0.000000000000e+00
1030,2000,AO_TN,0.000000000000e+00
1030,2000,PO_TN,2.021492470039e+01
1030,2000,SO_TP,6.255896858646e+01
1030,2000,IO_TP,0.000000000000e+00
1030,2000,AO_TP,0.000000000000e+00
1030,2000,PO_TP,6.255896858646e+01
1030,2000,SED_TP,6.255896858646e+01
1030,2000,SEDWSSD_TP,6.255896858646e+01
1030,2000,SEDSCRS_TP,0.000000000000e+00
1030,2000,SO_TCd,2.102822473494e-01
1030,2000,IO_TCd,0.000000000000e+00
1030,2000,AO_TCd,0.000000000000e+00
1030,2000,PO_TCd,2.102822473494e-01
1030,2000,SED_TCd,2.102822473494e-01
1030,2000,SEDWSSD_TCd,2.102822473494e-01
1030,2000,SEDSCRS_TCd,0.000000000000e+00
1030,2000,SO_TCu,2.102822473494e+01
1030,2000,IO_TCu,0.000000000000e+00
1030,2000,AO_TCu,0.000000000000e+00
1030,2000,PO_TCu,2.102822473494e+01
1030,2000,SED_TCu,2.102822473494e+01
1030,2000,SEDWSSD_TCu,2.102822473494e+01
1030,2000,SEDSCRS_TCu,0.000000000000e+00
1030,2000,SO_TPb,4.542096542748e+00
1030,2000,IO_TPb,0.000000000000e+00
1030,2000,AO_TPb,0.000000000000e+00
1030,2000,PO_TPb,4.542096542748e+00
1030,2000,SED_TPb,4.542096542748e+00
1030,2000,SEDWSSD_TPb,4.542096542748e+00
1030,2000,SEDSCRS_TPb,0.000000000000e+00
1030,2000,SO_TZn,9.689805957862e+01
1030,2000,IO_TZn,0.000000000000e+00
1030,2000,AO_TZn,0.000000000000e+00
1030,2000,PO_TZn,9.689805957862e+01
1030,2000,SED_TZn,9.689805957862e+01
1030,2000,SEDWSSD_TZn,9.689805957862e+01
1030,2000,SEDSCRS_TZn,0.000000000000e+00
1030,3000,AREA,9.962813000007e+01
1030,3000,PREC,1.007122452376e+03
1030,3000,SURO,9.149306940905e+02
1030,3000,IFWO,0.000000000000e+00
1030,3000,AGWO,0.000000000000e+00
1030,3000,PERO,9.149306940905e+02
1030,3000,TAET,9.219175828560e+01
1030,3000,SEDLOAD,1.667647376281e+01
1030,3000,SEDWSSD, 1.66765e+01
1030,3000,SEDSCRS, 0.00000e+00
1030,3000,SEDSURO, 0.00000e+00
1030,3000,SEDIFWO, 0.00000e+00
1030,3000,SEDAGWO, 0.00000e+00
1030,3000,SO_TN,3.189127543504e+01
1030,3000,IO_TN,0.000000000000e+00
1030,3000,AO_TN,0.000000000000e+00
1030,3000,PO_TN,3.189127543504e+01
1030,3000,SO_TP,7.441876416655e+01
1030,3000,IO_TP,0.000000000000e+00
1030,3000,AO_TP,0.000000000000e+00
1030,3000,PO_TP,7.441876416655e+01
1030,3000,SED_TP,7.441876416655e+01
1030,3000,SEDWSSD_TP,7.441876416655e+01
1030,3000,SEDSCRS_TP,0.000000000000e+00
1030,3000,SO_TCd,2.001176851538e-01
1030,3000,IO_TCd,0.000000000000e+00
1030,3000,AO_TCd,0.000000000000e+00
1030,3000,PO_TCd,2.001176851538e-01
1030,3000,SED_TCd,2.001176851538e-01
1030,3000,SEDWSSD_TCd,2.001176851538e-01
1030,3000,SEDSCRS_TCd,0.000000000000e+00
1030,3000,SO_TCu,2.001176851538e+01
1030,3000,IO_TCu,0.000000000000e+00
1030,3000,AO_TCu,0.000000000000e+00
1030,3000,PO_TCu,2.001176851538e+01
1030,3000,SED_TCu,2.001176851538e+01
1030,3000,SEDWSSD_TCu,2.001176851538e+01
1030,3000,SEDSCRS_TCu,0.000000000000e+00
1030,3000,SO_TPb,1.801059166384e+00
1030,3000,IO_TPb,0.000000000000e+00
1030,3000,AO_TPb,0.000000000000e+00
1030,3000,PO_TPb,1.801059166384e+00
1030,3000,SED_TPb,1.801059166384e+00
1030,3000,SEDWSSD_TPb,1.801059166384e+00
1030,3000,SEDSCRS_TPb,0.000000000000e+00
1030,3000,SO_TZn,8.645083998642e+01
1030,3000,IO_TZn,0.000000000000e+00
1030,3000,AO_TZn,0.000000000000e+00
1030,3000,PO_TZn,8.645083998642e+01
1030,3000,SED_TZn,8.645083998642e+01
1030,3000,SEDWSSD_TZn,8.645083998642e+01
1030,3000,SEDSCRS_TZn,0.000000000000e+00
1030,4000,AREA,3.977633199994e+01
1030,4000,PREC,4.020916284423e+02
1030,4000,SURO,3.652842530030e+02
1030,4000,IFWO,0.000000000000e+00
1030,4000,AGWO,0.000000000000e+00
1030,4000,PERO,3.652842530030e+02
1030,4000,TAET,3.680737543936e+01
1030,4000,SEDLOAD,8.829840027867e+00
1030,4000,SEDWSSD, 8.82984e+00
1030,4000,SEDSCRS, 0.00000e+00
1030,4000,SEDSURO, 0.00000e+00
1030,4000,SEDIFWO, 0.00000e+00
1030,4000,SEDAGWO, 0.00000e+00
1030,4000,SO_TN,2.681100836672e+02
1030,4000,IO_TN,0.000000000000e+00
1030,4000,AO_TN,0.000000000000e+00
1030,4000,PO_TN,2.681100836672e+02
1030,4000,SO_TP,6.489932420482e+01
1030,4000,IO_TP,0.000000000000e+00
1030,4000,AO_TP,0.000000000000e+00
1030,4000,PO_TP,6.489932420482e+01
1030,4000,SED_TP,6.489932420482e+01
1030,4000,SEDWSSD_TP,6.489932420482e+01
1030,4000,SEDSCRS_TP,0.000000000000e+00
1030,4000,SO_TCd,1.324476004180e-01
1030,4000,IO_TCd,0.000000000000e+00
1030,4000,AO_TCd,0.000000000000e+00
1030,4000,PO_TCd,1.324476004180e-01
1030,4000,SED_TCd,1.324476004180e-01
1030,4000,SEDWSSD_TCd,1.324476004180e-01
1030,4000,SEDSCRS_TCd,0.000000000000e+00
1030,4000,SO_TCu,1.324476004180e+01
1030,4000,IO_TCu,0.000000000000e+00
1030,4000,AO_TCu,0.000000000000e+00
1030,4000,PO_TCu,1.324476004180e+01
1030,4000,SED_TCu,1.324476004180e+01
1030,4000,SEDWSSD_TCu,1.324476004180e+01
1030,4000,SEDSCRS_TCu,0.000000000000e+00
1030,4000,SO_TPb,3.814490892039e+00
1030,4000,IO_TPb,0.000000000000e+00
1030,4000,AO_TPb,0.000000000000e+00
1030,4000,PO_TPb,3.814490892039e+00
1030,4000,SED_TPb,3.814490892039e+00
1030,4000,SEDWSSD_TPb,3.814490892039e+00
1030,4000,SEDSCRS_TPb,0.000000000000e+00
1030,4000,SO_TZn,3.973428012540e+01
1030,4000,IO_TZn,0.000000000000e+00
1030,4000,AO_TZn,0.000000000000e+00
1030,4000,PO_TZn,3.973428012540e+01
1030,4000,SED_TZn,3.973428012540e+01
1030,4000,SEDWSSD_TZn,3.973428012540e+01
1030,4000,SEDSCRS_TZn,0.000000000000e+00
1030,5000,AREA,2.849738270004e+02
1030,5000,PREC,2.880748032822e+03
1030,5000,SURO,2.617045018658e+03
1030,5000,IFWO,0.000000000000e+00
1030,5000,AGWO,0.000000000000e+00
1030,5000,PERO,2.617045018658e+03
1030,5000,TAET,2.637030141638e+02
1030,5000,SEDLOAD,3.841265075630e+01
1030,5000,SEDWSSD, 3.84127e+01
1030,5000,SEDSCRS, 0.00000e+00
1030,5000,SEDSURO, 0.00000e+00
1030,5000,SEDIFWO, 0.00000e+00
1030,5000,SEDAGWO, 0.00000e+00
1030,5000,SO_TN,2.162466535556e+03
1030,5000,IO_TN,0.000000000000e+00
1030,5000,AO_TN,0.000000000000e+00
1030,5000,PO_TN,2.162466535556e+03
1030,5000,SO_TP,2.621663414118e+02
1030,5000,IO_TP,0.000000000000e+00
1030,5000,AO_TP,0.000000000000e+00
1030,5000,PO_TP,2.621663414118e+02
1030,5000,SED_TP,2.621663414118e+02
1030,5000,SEDWSSD_TP,2.621663414118e+02
1030,5000,SEDSCRS_TP,0.000000000000e+00
1030,5000,SO_TCd,2.880948806723e-01
1030,5000,IO_TCd,0.000000000000e+00
1030,5000,AO_TCd,0.000000000000e+00
1030,5000,PO_TCd,2.880948806723e-01
1030,5000,SED_TCd,2.880948806723e-01
1030,5000,SEDWSSD_TCd,2.880948806723e-01
1030,5000,SEDSCRS_TCd,0.000000000000e+00
1030,5000,SO_TCu,2.880948806723e+01
1030,5000,IO_TCu,0.000000000000e+00
1030,5000,AO_TCu,0.000000000000e+00
1030,5000,PO_TCu,2.880948806723e+01
1030,5000,SED_TCu,2.880948806723e+01
1030,5000,SEDWSSD_TCu,2.880948806723e+01
1030,5000,SEDSCRS_TCu,0.000000000000e+00
1030,5000,SO_TPb,1.451998198588e+01
1030,5000,IO_TPb,0.000000000000e+00
1030,5000,AO_TPb,0.000000000000e+00
1030,5000,PO_TPb,1.451998198588e+01
1030,5000,SED_TPb,1.451998198588e+01
1030,5000,SEDWSSD_TPb,1.451998198588e+01
1030,5000,SEDSCRS_TPb,0.000000000000e+00
1030,5000,SO_TZn,1.037141570420e+02
1030,5000,IO_TZn,0.000000000000e+00
1030,5000,AO_TZn,0.000000000000e+00
1030,5000,PO_TZn,1.037141570420e+02
1030,5000,SED_TZn,1.037141570420e+02
1030,5000,SEDWSSD_TZn,1.037141570420e+02
1030,5000,SEDSCRS_TZn,0.000000000000e+00
1030,6000,AREA,3.271178400003e+01
1030,6000,PREC,3.306774113263e+02
1030,6000,SURO,3.004072769413e+02
1030,6000,IFWO,0.000000000000e+00
1030,6000,AGWO,0.000000000000e+00
1030,6000,PERO,3.004072769413e+02
1030,6000,TAET,3.027013438492e+01
1030,6000,SEDLOAD,7.261600183399e+00
1030,6000,SEDWSSD, 7.26160e+00
1030,6000,SEDSCRS, 0.00000e+00
1030,6000,SEDSURO, 0.00000e+00
1030,6000,SEDIFWO, 0.00000e+00
1030,6000,SEDAGWO, 0.00000e+00
1030,6000,SO_TN,1.909062590232e+02
1030,6000,IO_TN,0.000000000000e+00
1030,6000,AO_TN,0.000000000000e+00
1030,6000,PO_TN,1.909062590232e+02
1030,6000,SO_TP,5.718510144427e+01
1030,6000,IO_TP,0.000000000000e+00
1030,6000,AO_TP,0.000000000000e+00
1030,6000,PO_TP,5.718510144427e+01
1030,6000,SED_TP,5.718510144427e+01
1030,6000,SEDWSSD_TP,5.718510144427e+01
1030,6000,SEDSCRS_TP,0.000000000000e+00
1030,6000,SO_TCd,1.452320036680e-01
1030,6000,IO_TCd,0.000000000000e+00
1030,6000,AO_TCd,0.000000000000e+00
1030,6000,PO_TCd,1.452320036680e-01
1030,6000,SED_TCd,1.452320036680e-01
1030,6000,SEDWSSD_TCd,1.452320036680e-01
1030,6000,SEDSCRS_TCd,0.000000000000e+00
1030,6000,SO_TCu,1.452320036680e+01
1030,6000,IO_TCu,0.000000000000e+00
1030,6000,AO_TCu,0.000000000000e+00
1030,6000,PO_TCu,1.452320036680e+01
1030,6000,SED_TCu,1.452320036680e+01
1030,6000,SEDWSSD_TCu,1.452320036680e+01
1030,6000,SEDSCRS_TCu,0.000000000000e+00
1030,6000,SO_TPb,3.764413535074e+00
1030,6000,IO_TPb,0.000000000000e+00
1030,6000,AO_TPb,0.000000000000e+00
1030,6000,PO_TPb,3.764413535074e+00
1030,6000,SED_TPb,3.764413535074e+00
1030,6000,SEDWSSD_TPb,3.764413535074e+00
1030,6000,SEDSCRS_TPb,0.000000000000e+00
1030,6000,SO_TZn,4.182681705638e+01
1030,6000,IO_TZn,0.000000000000e+00
1030,6000,AO_TZn,0.000000000000e+00
1030,6000,PO_TZn,4.182681705638e+01
1030,6000,SED_TZn,4.182681705638e+01
1030,6000,SEDWSSD_TZn,4.182681705638e+01
1030,6000,SEDSCRS_TZn,0.000000000000e+00
1030,7000,AREA,2.243609800002e+01
1030,7000,PREC,2.268023904444e+02
1030,7000,SURO,2.060409516451e+02
1030,7000,IFWO,0.000000000000e+00
1030,7000,AGWO,0.000000000000e+00
1030,7000,PERO,2.060409516451e+02
1030,7000,TAET,2.076143879934e+01
1030,7000,SEDLOAD,5.943109561569e+00
1030,7000,SEDWSSD, 5.94311e+00
1030,7000,SEDSCRS, 0.00000e+00
1030,7000,SEDSURO, 0.00000e+00
1030,7000,SEDIFWO, 0.00000e+00
1030,7000,SEDAGWO, 0.00000e+00
1030,7000,SO_TN,1.115552806451e+02
1030,7000,IO_TN,0.000000000000e+00
1030,7000,AO_TN,0.000000000000e+00
1030,7000,PO_TN,1.115552806451e+02
1030,7000,SO_TP,4.368185527753e+01
1030,7000,IO_TP,0.000000000000e+00
1030,7000,AO_TP,0.000000000000e+00
1030,7000,PO_TP,4.368185527753e+01
1030,7000,SED_TP,4.368185527753e+01
1030,7000,SEDWSSD_TP,4.368185527753e+01
1030,7000,SEDSCRS_TP,0.000000000000e+00
1030,7000,SO_TCd,1.485777390392e-01
1030,7000,IO_TCd,0.000000000000e+00
1030,7000,AO_TCd,0.000000000000e+00
1030,7000,PO_TCd,1.485777390392e-01
1030,7000,SED_TCd,1.485777390392e-01
1030,7000,SEDWSSD_TCd,1.485777390392e-01
1030,7000,SEDSCRS_TCd,0.000000000000e+00
1030,7000,SO_TCu,1.485777390392e+01
1030,7000,IO_TCu,0.000000000000e+00
1030,7000,AO_TCu,0.000000000000e+00
1030,7000,PO_TCu,1.485777390392e+01
1030,7000,SED_TCu,1.485777390392e+01
1030,7000,SEDWSSD_TCu,1.485777390392e+01
1030,7000,SEDSCRS_TCu,0.000000000000e+00
1030,7000,SO_TPb,4.107877328956e+00
1030,7000,IO_TPb,0.000000000000e+00
1030,7000,AO_TPb,0.000000000000e+00
1030,7000,PO_TPb,4.107877328956e+00
1030,7000,SED_TPb,4.107877328956e+00
1030,7000,SEDWSSD_TPb,4.107877328956e+00
1030,7000,SEDSCRS_TPb,0.000000000000e+00
1030,7000,SO_TZn,6.846462214927e+01
1030,7000,IO_TZn,0.000000000000e+00
1030,7000,AO_TZn,0.000000000000e+00
1030,7000,PO_TZn,6.846462214927e+01
1030,7000,SED_TZn,6.846462214927e+01
1030,7000,SEDWSSD_TZn,6.846462214927e+01
1030,7000,SEDSCRS_TZn,0.000000000000e+00
1030,8000,AREA,2.722470299997e+01
1030,8000,PREC,2.752095181408e+02
1030,8000,SURO,2.500169019753e+02
1030,8000,IFWO,0.000000000000e+00
1030,8000,AGWO,0.000000000000e+00
1030,8000,PERO,2.500169019753e+02
1030,8000,TAET,2.519261616547e+01
1030,8000,SEDLOAD,5.353013867469e+00
1030,8000,SEDWSSD, 5.35301e+00
1030,8000,SEDSCRS, 0.00000e+00
1030,8000,SEDSURO, 0.00000e+00
1030,8000,SEDIFWO, 0.00000e+00
1030,8000,SEDAGWO, 0.00000e+00
1030,8000,SO_TN,8.131376345900e+01
1030,8000,IO_TN,0.000000000000e+00
1030,8000,AO_TN,0.000000000000e+00
1030,8000,PO_TN,8.131376345900e+01
1030,8000,SO_TP,5.620664560843e+00
1030,8000,IO_TP,0.000000000000e+00
1030,8000,AO_TP,0.000000000000e+00
1030,8000,PO_TP,5.620664560843e+00
1030,8000,SED_TP,5.620664560843e+00
1030,8000,SEDWSSD_TP,5.620664560843e+00
1030,8000,SEDSCRS_TP,0.000000000000e+00
1030,8000,SO_TCd,6.022140600903e-02
1030,8000,IO_TCd,0.000000000000e+00
1030,8000,AO_TCd,0.000000000000e+00
1030,8000,PO_TCd,6.022140600903e-02
1030,8000,SED_TCd,6.022140600903e-02
1030,8000,SEDWSSD_TCd,6.022140600903e-02
1030,8000,SEDSCRS_TCd,0.000000000000e+00
1030,8000,SO_TCu,6.022140600903e+00
1030,8000,IO_TCu,0.000000000000e+00
1030,8000,AO_TCu,0.000000000000e+00
1030,8000,PO_TCu,6.022140600903e+00
1030,8000,SED_TCu,6.022140600903e+00
1030,8000,SEDWSSD_TCu,6.022140600903e+00
1030,8000,SEDSCRS_TCu,0.000000000000e+00
1030,8000,SO_TPb,1.445313744217e+00
1030,8000,IO_TPb,0.000000000000e+00
1030,8000,AO_TPb,0.000000000000e+00
1030,8000,PO_TPb,1.445313744217e+00
1030,8000,SED_TPb,1.445313744217e+00
1030,8000,SEDWSSD_TPb,1.445313744217e+00
1030,8000,SEDSCRS_TPb,0.000000000000e+00
1030,8000,SO_TZn,2.312501990747e+01
1030,8000,IO_TZn,0.000000000000e+00
1030,8000,AO_TZn,0.000000000000e+00
1030,8000,PO_TZn,2.312501990747e+01
1030,8000,SED_TZn,2.312501990747e+01
1030,8000,SEDWSSD_TZn,2.312501990747e+01
1030,8000,SEDSCRS_TZn,0.000000000000e+00
1030,9000,AREA,2.294095859999e+02
1030,9000,PREC,2.319059334456e+03
1030,9000,SURO,2.179132694525e+03
1030,9000,IFWO,0.000000000000e+00
1030,9000,AGWO,0.000000000000e+00
1030,9000,PERO,2.179132694525e+03
1030,9000,TAET,1.399266399307e+02
1030,9000,SEDLOAD,5.574014762376e+00
1030,9000,SEDWSSD, 5.57401e+00
1030,9000,SEDSCRS, 0.00000e+00
1030,9000,SEDSURO, 0.00000e+00
1030,9000,SEDIFWO, 0.00000e+00
1030,9000,SEDAGWO, 0.00000e+00
1030,9000,SO_TN,7.074902306347e+02
1030,9000,IO_TN,0.000000000000e+00
1030,9000,AO_TN,0.000000000000e+00
1030,9000,PO_TN,7.074902306347e+02
1030,9000,SO_TP,5.852715500494e+00
1030,9000,IO_TP,0.000000000000e+00
1030,9000,AO_TP,0.000000000000e+00
1030,9000,PO_TP,5.852715500494e+00
1030,9000,SED_TP,5.852715500494e+00
1030,9000,SEDWSSD_TP,5.852715500494e+00
1030,9000,SEDSCRS_TP,0.000000000000e+00
1030,9000,SO_TCd,2.090255535891e-02
1030,9000,IO_TCd,0.000000000000e+00
1030,9000,AO_TCd,0.000000000000e+00
1030,9000,PO_TCd,2.090255535891e-02
1030,9000,SED_TCd,2.090255535891e-02
1030,9000,SEDWSSD_TCd,2.090255535891e-02
1030,9000,SEDSCRS_TCd,0.000000000000e+00
1030,9000,SO_TCu,2.090255535891e+00
1030,9000,IO_TCu,0.000000000000e+00
1030,9000,AO_TCu,0.000000000000e+00
1030,9000,PO_TCu,2.090255535891e+00
1030,9000,SED_TCu,2.090255535891e+00
1030,9000,SEDWSSD_TCu,2.090255535891e+00
1030,9000,SEDSCRS_TCu,0.000000000000e+00
1030,9000,SO_TPb,5.016613286138e-01
1030,9000,IO_TPb,0.000000000000e+00
1030,9000,AO_TPb,0.000000000000e+00
1030,9000,PO_TPb,5.016613286138e-01
1030,9000,SED_TPb,5.016613286138e-01
1030,9000,SEDWSSD_TPb,5.016613286138e-01
1030,9000,SEDSCRS_TPb,0.000000000000e+00
1030,9000,SO_TZn,3.009967971683e+01
1030,9000,IO_TZn,0.000000000000e+00
1030,9000,AO_TZn,0.000000000000e+00
1030,9000,PO_TZn,3.009967971683e+01
1030,9000,SED_TZn,3.009967971683e+01
1030,9000,SEDWSSD_TZn,3.009967971683e+01
1030,9000,SEDSCRS_TZn,0.000000000000e+00
1030,10000,AREA,1.168911399998e+01
1030,10000,PREC,1.181631047153e+02
1030,10000,SURO,3.376412727131e+02
1030,10000,IFWO,0.000000000000e+00
1030,10000,AGWO,0.000000000000e+00
1030,10000,PERO,3.376412727131e+02
1030,10000,TAET,1.222288538092e+02
1030,10000,SEDLOAD,5.738549078895e+00
1030,10000,SEDWSSD, 0.00000e+00
1030,10000,SEDSCRS, 0.00000e+00
1030,10000,SEDSURO, 5.73855e+00
1030,10000,SEDIFWO, 0.00000e+00
1030,10000,SEDAGWO, 0.00000e+00
1030,10000,SO_TN,3.060563424820e+02
1030,10000,IO_TN,0.000000000000e+00
1030,10000,AO_TN,0.000000000000e+00
1030,10000,PO_TN,3.060563424820e+02
1030,10000,SO_TP,3.060563424820e+01
1030,10000,IO_TP,0.000000000000e+00
1030,10000,AO_TP,0.000000000000e+00
1030,10000,PO_TP,3.060563424820e+01
1030,10000,SED_TP,0.000000000000e+00
1030,10000,SEDWSSD_TP,0.000000000000e+00
1030,10000,SEDSCRS_TP,0.000000000000e+00
1030,10000,SO_TCd,7.651408562049e-03
1030,10000,IO_TCd,0.000000000000e+00
1030,10000,AO_TCd,0.000000000000e+00
1030,10000,PO_TCd,7.651408562049e-03
1030,10000,SED_TCd,0.000000000000e+00
1030,10000,SEDWSSD_TCd,0.000000000000e+00
1030,10000,SEDSCRS_TCd,0.000000000000e+00
1030,10000,SO_TCu,1.912852140512e+00
1030,10000,IO_TCu,0.000000000000e+00
1030,10000,AO_TCu,0.000000000000e+00
1030,10000,PO_TCu,1.912852140512e+00
1030,10000,SED_TCu,0.000000000000e+00
1030,10000,SEDWSSD_TCu,0.000000000000e+00
1030,10000,SEDSCRS_TCu,0.000000000000e+00
1030,10000,SO_TPb,3.060563424819e-01
1030,10000,IO_TPb,0.000000000000e+00
1030,10000,AO_TPb,0.000000000000e+00
1030,10000,PO_TPb,3.060563424819e-01
1030,10000,SED_TPb,0.000000000000e+00
1030,10000,SEDWSSD_TPb,0.000000000000e+00
1030,10000,SEDSCRS_TPb,0.000000000000e+00
1030,10000,SO_TZn,6.121126849639e+00
1030,10000,IO_TZn,0.000000000000e+00
1030,10000,AO_TZn,0.000000000000e+00
1030,10000,PO_TZn,6.121126849639e+00
1030,10000,SED_TZn,0.000000000000e+00
1030,10000,SEDWSSD_TZn,0.000000000000e+00
1030,10000,SEDSCRS_TZn,0.000000000000e+00
1030,11111,AREA,0.000000000000e+00
1030,11111,PREC,0.000000000000e+00
1030,11111,SURO,0.000000000000e+00
1030,11111,IFWO,0.000000000000e+00
1030,11111,AGWO,0.000000000000e+00
1030,11111,PERO,0.000000000000e+00
1030,11111,TAET,0.000000000000e+00
1030,11111,SEDLOAD,0.000000000000e+00
1030,11111,SEDWSSD, 0.00000e+00
1030,11111,SEDSCRS, 0.00000e+00
1030,11111,SEDSURO, 0.00000e+00
1030,11111,SEDIFWO, 0.00000e+00
1030,11111,SEDAGWO, 0.00000e+00
1030,11111,SO_TN,0.000000000000e+00
1030,11111,IO_TN,0.000000000000e+00
1030,11111,AO_TN,0.000000000000e+00
1030,11111,PO_TN,0.000000000000e+00
1030,11111,SO_TP,0.000000000000e+00
1030,11111,IO_TP,0.000000000000e+00
1030,11111,AO_TP,0.000000000000e+00
1030,11111,PO_TP,0.000000000000e+00
1030,11111,SED_TP,0.000000000000e+00
1030,11111,SEDWSSD_TP,0.000000000000e+00
1030,11111,SEDSCRS_TP,0.000000000000e+00
1030,11111,SO_TCd,0.000000000000e+00
1030,11111,IO_TCd,0.000000000000e+00
1030,11111,AO_TCd,0.000000000000e+00
1030,11111,PO_TCd,0.000000000000e+00
1030,11111,SED_TCd,0.000000000000e+00
1030,11111,SEDWSSD_TCd,0.000000000000e+00
1030,11111,SEDSCRS_TCd,0.000000000000e+00
1030,11111,SO_TCu,0.000000000000e+00
1030,11111,IO_TCu,0.000000000000e+00
1030,11111,AO_TCu,0.000000000000e+00
1030,11111,PO_TCu,0.000000000000e+00
1030,11111,SED_TCu,0.000000000000e+00
1030,11111,SEDWSSD_TCu,0.000000000000e+00
1030,11111,SEDSCRS_TCu,0.000000000000e+00
1030,11111,SO_TPb,0.000000000000e+00
1030,11111,IO_TPb,0.000000000000e+00
1030,11111,AO_TPb,0.000000000000e+00
1030,11111,PO_TPb,0.000000000000e+00
1030,11111,SED_TPb,0.000000000000e+00
1030,11111,SEDWSSD_TPb,0.000000000000e+00
1030,11111,SEDSCRS_TPb,0.000000000000e+00
1030,11111,SO_TZn,0.000000000000e+00
1030,11111,IO_TZn,0.000000000000e+00
1030,11111,AO_TZn,0.000000000000e+00
1030,11111,PO_TZn,0.000000000000e+00
1030,11111,SED_TZn,0.000000000000e+00
1030,11111,SEDWSSD_TZn,0.000000000000e+00
1030,11111,SEDSCRS_TZn,0.000000000000e+00
1030,11112,AREA,0.000000000000e+00
1030,11112,PREC,0.000000000000e+00
1030,11112,SURO,0.000000000000e+00
1030,11112,IFWO,0.000000000000e+00
1030,11112,AGWO,0.000000000000e+00
1030,11112,PERO,0.000000000000e+00
1030,11112,TAET,0.000000000000e+00
1030,11112,SEDLOAD,0.000000000000e+00
1030,11112,SEDWSSD, 0.00000e+00
1030,11112,SEDSCRS, 0.00000e+00
1030,11112,SEDSURO, 0.00000e+00
1030,11112,SEDIFWO, 0.00000e+00
1030,11112,SEDAGWO, 0.00000e+00
1030,11112,SO_TN,0.000000000000e+00
1030,11112,IO_TN,0.000000000000e+00
1030,11112,AO_TN,0.000000000000e+00
1030,11112,PO_TN,0.000000000000e+00
1030,11112,SO_TP,0.000000000000e+00
1030,11112,IO_TP,0.000000000000e+00
1030,11112,AO_TP,0.000000000000e+00
1030,11112,PO_TP,0.000000000000e+00
1030,11112,SED_TP,0.000000000000e+00
1030,11112,SEDWSSD_TP,0.000000000000e+00
1030,11112,SEDSCRS_TP,0.000000000000e+00
1030,11112,SO_TCd,0.000000000000e+00
1030,11112,IO_TCd,0.000000000000e+00
1030,11112,AO_TCd,0.000000000000e+00
1030,11112,PO_TCd,0.000000000000e+00
1030,11112,SED_TCd,0.000000000000e+00
1030,11112,SEDWSSD_TCd,0.000000000000e+00
1030,11112,SEDSCRS_TCd,0.000000000000e+00
1030,11112,SO_TCu,0.000000000000e+00
1030,11112,IO_TCu,0.000000000000e+00
1030,11112,AO_TCu,0.000000000000e+00
1030,11112,PO_TCu,0.000000000000e+00
1030,11112,SED_TCu,0.000000000000e+00
1030,11112,SEDWSSD_TCu,0.000000000000e+00
1030,11112,SEDSCRS_TCu,0.000000000000e+00
1030,11112,SO_TPb,0.000000000000e+00
1030,11112,IO_TPb,0.000000000000e+00
1030,11112,AO_TPb,0.000000000000e+00
1030,11112,PO_TPb,0.000000000000e+00
1030,11112,SED_TPb,0.000000000000e+00
1030,11112,SEDWSSD_TPb,0.000000000000e+00
1030,11112,SEDSCRS_TPb,0.000000000000e+00
1030,11112,SO_TZn,0.000000000000e+00
1030,11112,IO_TZn,0.000000000000e+00
1030,11112,AO_TZn,0.000000000000e+00
1030,11112,PO_TZn,0.000000000000e+00
1030,11112,SED_TZn,0.000000000000e+00
1030,11112,SEDWSSD_TZn,0.000000000000e+00
1030,11112,SEDSCRS_TZn,0.000000000000e+00
1030,11121,AREA,0.000000000000e+00
1030,11121,PREC,0.000000000000e+00
1030,11121,SURO,0.000000000000e+00
1030,11121,IFWO,0.000000000000e+00
1030,11121,AGWO,0.000000000000e+00
1030,11121,PERO,0.000000000000e+00
1030,11121,TAET,0.000000000000e+00
1030,11121,SEDLOAD,0.000000000000e+00
1030,11121,SEDWSSD, 0.00000e+00
1030,11121,SEDSCRS, 0.00000e+00
1030,11121,SEDSURO, 0.00000e+00
1030,11121,SEDIFWO, 0.00000e+00
1030,11121,SEDAGWO, 0.00000e+00
1030,11121,SO_TN,0.000000000000e+00
1030,11121,IO_TN,0.000000000000e+00
1030,11121,AO_TN,0.000000000000e+00
1030,11121,PO_TN,0.000000000000e+00
1030,11121,SO_TP,0.000000000000e+00
1030,11121,IO_TP,0.000000000000e+00
1030,11121,AO_TP,0.000000000000e+00
1030,11121,PO_TP,0.000000000000e+00
1030,11121,SED_TP,0.000000000000e+00
1030,11121,SEDWSSD_TP,0.000000000000e+00
1030,11121,SEDSCRS_TP,0.000000000000e+00
1030,11121,SO_TCd,0.000000000000e+00
1030,11121,IO_TCd,0.000000000000e+00
1030,11121,AO_TCd,0.000000000000e+00
1030,11121,PO_TCd,0.000000000000e+00
1030,11121,SED_TCd,0.000000000000e+00
1030,11121,SEDWSSD_TCd,0.000000000000e+00
1030,11121,SEDSCRS_TCd,0.000000000000e+00
1030,11121,SO_TCu,0.000000000000e+00
1030,11121,IO_TCu,0.000000000000e+00
1030,11121,AO_TCu,0.000000000000e+00
1030,11121,PO_TCu,0.000000000000e+00
1030,11121,SED_TCu,0.000000000000e+00
1030,11121,SEDWSSD_TCu,0.000000000000e+00
1030,11121,SEDSCRS_TCu,0.000000000000e+00
1030,11121,SO_TPb,0.000000000000e+00
1030,11121,IO_TPb,0.000000000000e+00
1030,11121,AO_TPb,0.000000000000e+00
1030,11121,PO_TPb,0.000000000000e+00
1030,11121,SED_TPb,0.000000000000e+00
1030,11121,SEDWSSD_TPb,0.000000000000e+00
1030,11121,SEDSCRS_TPb,0.000000000000e+00
1030,11121,SO_TZn,0.000000000000e+00
1030,11121,IO_TZn,0.000000000000e+00
1030,11121,AO_TZn,0.000000000000e+00
1030,11121,PO_TZn,0.000000000000e+00
1030,11121,SED_TZn,0.000000000000e+00
1030,11121,SEDWSSD_TZn,0.000000000000e+00
1030,11121,SEDSCRS_TZn,0.000000000000e+00
1030,11122,AREA,0.000000000000e+00
1030,11122,PREC,0.000000000000e+00
1030,11122,SURO,0.000000000000e+00
1030,11122,IFWO,0.000000000000e+00
1030,11122,AGWO,0.000000000000e+00
1030,11122,PERO,0.000000000000e+00
1030,11122,TAET,0.000000000000e+00
1030,11122,SEDLOAD,0.000000000000e+00
1030,11122,SEDWSSD, 0.00000e+00
1030,11122,SEDSCRS, 0.00000e+00
1030,11122,SEDSURO, 0.00000e+00
1030,11122,SEDIFWO, 0.00000e+00
1030,11122,SEDAGWO, 0.00000e+00
1030,11122,SO_TN,0.000000000000e+00
1030,11122,IO_TN,0.000000000000e+00
1030,11122,AO_TN,0.000000000000e+00
1030,11122,PO_TN,0.000000000000e+00
1030,11122,SO_TP,0.000000000000e+00
1030,11122,IO_TP,0.000000000000e+00
1030,11122,AO_TP,0.000000000000e+00
1030,11122,PO_TP,0.000000000000e+00
1030,11122,SED_TP,0.000000000000e+00
1030,11122,SEDWSSD_TP,0.000000000000e+00
1030,11122,SEDSCRS_TP,0.000000000000e+00
1030,11122,SO_TCd,0.000000000000e+00
1030,11122,IO_TCd,0.000000000000e+00
1030,11122,AO_TCd,0.000000000000e+00
1030,11122,PO_TCd,0.000000000000e+00
1030,11122,SED_TCd,0.000000000000e+00
1030,11122,SEDWSSD_TCd,0.000000000000e+00
1030,11122,SEDSCRS_TCd,0.000000000000e+00
1030,11122,SO_TCu,0.000000000000e+00
1030,11122,IO_TCu,0.000000000000e+00
1030,11122,AO_TCu,0.000000000000e+00
1030,11122,PO_TCu,0.000000000000e+00
1030,11122,SED_TCu,0.000000000000e+00
1030,11122,SEDWSSD_TCu,0.000000000000e+00
1030,11122,SEDSCRS_TCu,0.000000000000e+00
1030,11122,SO_TPb,0.000000000000e+00
1030,11122,IO_TPb,0.000000000000e+00
1030,11122,AO_TPb,0.000000000000e+00
1030,11122,PO_TPb,0.000000000000e+00
1030,11122,SED_TPb,0.000000000000e+00
1030,11122,SEDWSSD_TPb,0.000000000000e+00
1030,11122,SEDSCRS_TPb,0.000000000000e+00
1030,11122,SO_TZn,0.000000000000e+00
1030,11122,IO_TZn,0.000000000000e+00
1030,11122,AO_TZn,0.000000000000e+00
1030,11122,PO_TZn,0.000000000000e+00
1030,11122,SED_TZn,0.000000000000e+00
1030,11122,SEDWSSD_TZn,0.000000000000e+00
1030,11122,SEDSCRS_TZn,0.000000000000e+00
1030,11211,AREA,1.772540000001e-01
1030,11211,PREC,1.791828102901e+00
1030,11211,SURO,3.035467631454e-01
1030,11211,IFWO,2.275406886423e-01
1030,11211,AGWO,3.013779180033e+00
1030,11211,PERO,3.544866631821e+00
1030,11211,TAET,3.378968602946e+00
1030,11211,SEDLOAD,9.537297732070e-03
1030,11211,SEDWSSD, 9.17003e-03
1030,11211,SEDSCRS, 0.00000e+00
1030,11211,SEDSURO, 0.00000e+00
1030,11211,SEDIFWO, 2.57819e-05
1030,11211,SEDAGWO, 3.41481e-04
1030,11211,SO_TN,1.440150365059e-01
1030,11211,IO_TN,1.031276039983e-01
1030,11211,AO_TN,5.122223870235e-01
1030,11211,PO_TN,7.593650275277e-01
1030,11211,SO_TP,1.834006941929e-02
1030,11211,IO_TP,2.062552079966e-02
1030,11211,AO_TP,1.365926365396e-01
1030,11211,PO_TP,1.755582267586e-01
1030,11211,SED_TP,1.834006941929e-02
1030,11211,SEDWSSD_TP,1.834006941929e-02
1030,11211,SEDSCRS_TP,0.000000000000e+00
1030,11211,SO_TCd,4.585017354823e-05
1030,11211,IO_TCd,0.000000000000e+00
1030,11211,AO_TCd,0.000000000000e+00
1030,11211,PO_TCd,4.585017354823e-05
1030,11211,SED_TCd,4.585017354823e-05
1030,11211,SEDWSSD_TCd,4.585017354823e-05
1030,11211,SEDSCRS_TCd,0.000000000000e+00
1030,11211,SO_TCu,4.585017354823e-03
1030,11211,IO_TCu,0.000000000000e+00
1030,11211,AO_TCu,0.000000000000e+00
1030,11211,PO_TCu,4.585017354823e-03
1030,11211,SED_TCu,4.585017354823e-03
1030,11211,SEDWSSD_TCu,4.585017354823e-03
1030,11211,SEDSCRS_TCu,0.000000000000e+00
1030,11211,SO_TPb,9.170034709645e-05
1030,11211,IO_TPb,0.000000000000e+00
1030,11211,AO_TPb,0.000000000000e+00
1030,11211,PO_TPb,9.170034709645e-05
1030,11211,SED_TPb,9.170034709645e-05
1030,11211,SEDWSSD_TPb,9.170034709645e-05
1030,11211,SEDSCRS_TPb,0.000000000000e+00
1030,11211,SO_TZn,3.301212495472e-02
1030,11211,IO_TZn,0.000000000000e+00
1030,11211,AO_TZn,3.414815913490e-02
1030,11211,PO_TZn,6.716028408962e-02
1030,11211,SED_TZn,3.301212495472e-02
1030,11211,SEDWSSD_TZn,3.301212495472e-02
1030,11211,SEDSCRS_TZn,0.000000000000e+00
1030,11212,AREA,0.000000000000e+00
1030,11212,PREC,0.000000000000e+00
1030,11212,SURO,0.000000000000e+00
1030,11212,IFWO,0.000000000000e+00
1030,11212,AGWO,0.000000000000e+00
1030,11212,PERO,0.000000000000e+00
1030,11212,TAET,0.000000000000e+00
1030,11212,SEDLOAD,0.000000000000e+00
1030,11212,SEDWSSD, 0.00000e+00
1030,11212,SEDSCRS, 0.00000e+00
1030,11212,SEDSURO, 0.00000e+00
1030,11212,SEDIFWO, 0.00000e+00
1030,11212,SEDAGWO, 0.00000e+00
1030,11212,SO_TN,0.000000000000e+00
1030,11212,IO_TN,0.000000000000e+00
1030,11212,AO_TN,0.000000000000e+00
1030,11212,PO_TN,0.000000000000e+00
1030,11212,SO_TP,0.000000000000e+00
1030,11212,IO_TP,0.000000000000e+00
1030,11212,AO_TP,0.000000000000e+00
1030,11212,PO_TP,0.000000000000e+00
1030,11212,SED_TP,0.000000000000e+00
1030,11212,SEDWSSD_TP,0.000000000000e+00
1030,11212,SEDSCRS_TP,0.000000000000e+00
1030,11212,SO_TCd,0.000000000000e+00
1030,11212,IO_TCd,0.000000000000e+00
1030,11212,AO_TCd,0.000000000000e+00
1030,11212,PO_TCd,0.000000000000e+00
1030,11212,SED_TCd,0.000000000000e+00
1030,11212,SEDWSSD_TCd,0.000000000000e+00
1030,11212,SEDSCRS_TCd,0.000000000000e+00
1030,11212,SO_TCu,0.000000000000e+00
1030,11212,IO_TCu,0.000000000000e+00
1030,11212,AO_TCu,0.000000000000e+00
1030,11212,PO_TCu,0.000000000000e+00
1030,11212,SED_TCu,0.000000000000e+00
1030,11212,SEDWSSD_TCu,0.000000000000e+00
1030,11212,SEDSCRS_TCu,0.000000000000e+00
1030,11212,SO_TPb,0.000000000000e+00
1030,11212,IO_TPb,0.000000000000e+00
1030,11212,AO_TPb,0.000000000000e+00
1030,11212,PO_TPb,0.000000000000e+00
1030,11212,SED_TPb,0.000000000000e+00
1030,11212,SEDWSSD_TPb,0.000000000000e+00
1030,11212,SEDSCRS_TPb,0.000000000000e+00
1030,11212,SO_TZn,0.000000000000e+00
1030,11212,IO_TZn,0.000000000000e+00
1030,11212,AO_TZn,0.000000000000e+00
1030,11212,PO_TZn,0.000000000000e+00
1030,11212,SED_TZn,0.000000000000e+00
1030,11212,SEDWSSD_TZn,0.000000000000e+00
1030,11212,SEDSCRS_TZn,0.000000000000e+00
1030,11221,AREA,2.245600000000e-01
1030,11221,PREC,2.270035761040e+00
1030,11221,SURO,4.109519741944e-01
1030,11221,IFWO,2.841138686038e-01
1030,11221,AGWO,3.819596348071e+00
1030,11221,PERO,4.514662190869e+00
1030,11221,TAET,4.261834811924e+00
1030,11221,SEDLOAD,1.170801038389e-02
1030,11221,SEDWSSD, 1.12430e-02
1030,11221,SEDSCRS, 0.00000e+00
1030,11221,SEDSURO, 0.00000e+00
1030,11221,SEDIFWO, 3.21920e-05
1030,11221,SEDAGWO, 4.32786e-04
1030,11221,SO_TN,1.907457693994e-01
1030,11221,IO_TN,1.287681016817e-01
1030,11221,AO_TN,6.491792005988e-01
1030,11221,PO_TN,9.686930716799e-01
1030,11221,SO_TP,2.248606563939e-02
1030,11221,IO_TP,2.575362033633e-02
1030,11221,AO_TP,1.731144534930e-01
1030,11221,PO_TP,2.213541394687e-01
1030,11221,SED_TP,2.248606563939e-02
1030,11221,SEDWSSD_TP,2.248606563939e-02
1030,11221,SEDSCRS_TP,0.000000000000e+00
1030,11221,SO_TCd,5.621516409846e-05
1030,11221,IO_TCd,0.000000000000e+00
1030,11221,AO_TCd,0.000000000000e+00
1030,11221,PO_TCd,5.621516409846e-05
1030,11221,SED_TCd,5.621516409846e-05
1030,11221,SEDWSSD_TCd,5.621516409846e-05
1030,11221,SEDSCRS_TCd,0.000000000000e+00
1030,11221,SO_TCu,5.621516409846e-03
1030,11221,IO_TCu,0.000000000000e+00
1030,11221,AO_TCu,0.000000000000e+00
1030,11221,PO_TCu,5.621516409846e-03
1030,11221,SED_TCu,5.621516409846e-03
1030,11221,SEDWSSD_TCu,5.621516409846e-03
1030,11221,SEDSCRS_TCu,0.000000000000e+00
1030,11221,SO_TPb,1.124303281969e-04
1030,11221,IO_TPb,0.000000000000e+00
1030,11221,AO_TPb,0.000000000000e+00
1030,11221,PO_TPb,1.124303281969e-04
1030,11221,SED_TPb,1.124303281969e-04
1030,11221,SEDWSSD_TPb,1.124303281969e-04
1030,11221,SEDSCRS_TPb,0.000000000000e+00
1030,11221,SO_TZn,4.047491815089e-02
1030,11221,IO_TZn,0.000000000000e+00
1030,11221,AO_TZn,4.327861337325e-02
1030,11221,PO_TZn,8.375353152414e-02
1030,11221,SED_TZn,4.047491815089e-02
1030,11221,SEDWSSD_TZn,4.047491815089e-02
1030,11221,SEDSCRS_TZn,0.000000000000e+00
1030,11222,AREA,0.000000000000e+00
1030,11222,PREC,0.000000000000e+00
1030,11222,SURO,0.000000000000e+00
1030,11222,IFWO,0.000000000000e+00
1030,11222,AGWO,0.000000000000e+00
1030,11222,PERO,0.000000000000e+00
1030,11222,TAET,0.000000000000e+00
1030,11222,SEDLOAD,0.000000000000e+00
1030,11222,SEDWSSD, 0.00000e+00
1030,11222,SEDSCRS, 0.00000e+00
1030,11222,SEDSURO, 0.00000e+00
1030,11222,SEDIFWO, 0.00000e+00
1030,11222,SEDAGWO, 0.00000e+00
1030,11222,SO_TN,0.000000000000e+00
1030,11222,IO_TN,0.000000000000e+00
1030,11222,AO_TN,0.000000000000e+00
1030,11222,PO_TN,0.000000000000e+00
1030,11222,SO_TP,0.000000000000e+00
1030,11222,IO_TP,0.000000000000e+00
1030,11222,AO_TP,0.000000000000e+00
1030,11222,PO_TP,0.000000000000e+00
1030,11222,SED_TP,0.000000000000e+00
1030,11222,SEDWSSD_TP,0.000000000000e+00
1030,11222,SEDSCRS_TP,0.000000000000e+00
1030,11222,SO_TCd,0.000000000000e+00
1030,11222,IO_TCd,0.000000000000e+00
1030,11222,AO_TCd,0.000000000000e+00
1030,11222,PO_TCd,0.000000000000e+00
1030,11222,SED_TCd,0.000000000000e+00
1030,11222,SEDWSSD_TCd,0.000000000000e+00
1030,11222,SEDSCRS_TCd,0.000000000000e+00
1030,11222,SO_TCu,0.000000000000e+00
1030,11222,IO_TCu,0.000000000000e+00
1030,11222,AO_TCu,0.000000000000e+00
1030,11222,PO_TCu,0.000000000000e+00
1030,11222,SED_TCu,0.000000000000e+00
1030,11222,SEDWSSD_TCu,0.000000000000e+00
1030,11222,SEDSCRS_TCu,0.000000000000e+00
1030,11222,SO_TPb,0.000000000000e+00
1030,11222,IO_TPb,0.000000000000e+00
1030,11222,AO_TPb,0.000000000000e+00
1030,11222,PO_TPb,0.000000000000e+00
1030,11222,SED_TPb,0.000000000000e+00
1030,11222,SEDWSSD_TPb,0.000000000000e+00
1030,11222,SEDSCRS_TPb,0.000000000000e+00
1030,11222,SO_TZn,0.000000000000e+00
1030,11222,IO_TZn,0.000000000000e+00
1030,11222,AO_TZn,0.000000000000e+00
1030,11222,PO_TZn,0.000000000000e+00
1030,11222,SED_TZn,0.000000000000e+00
1030,11222,SEDWSSD_TZn,0.000000000000e+00
1030,11222,SEDSCRS_TZn,0.000000000000e+00
1030,11311,AREA,1.470281140002e+02
1030,11311,PREC,1.486280177495e+03
1030,11311,SURO,5.216819595509e+02
1030,11311,IFWO,2.076979934097e+02
1030,11311,AGWO,2.185624283380e+03
1030,11311,PERO,2.915004236340e+03
1030,11311,TAET,2.822035664512e+03
1030,11311,SEDLOAD,6.898669519486e+00
1030,11311,SEDWSSD, 6.62749e+00
1030,11311,SEDSCRS, 0.00000e+00
1030,11311,SEDSURO, 0.00000e+00
1030,11311,SEDIFWO, 2.35336e-02
1030,11311,SEDAGWO, 2.47646e-01
1030,11311,SO_TN,1.810679879751e+02
1030,11311,IO_TN,9.413435699528e+01
1030,11311,AO_TN,3.714690495529e+02
1030,11311,PO_TN,6.466713945233e+02
1030,11311,SO_TP,1.325498048837e+01
1030,11311,IO_TP,1.882687139906e+01
1030,11311,AO_TP,9.905841321411e+01
1030,11311,PO_TP,1.311402651015e+02
1030,11311,SED_TP,1.325498048837e+01
1030,11311,SEDWSSD_TP,1.325498048837e+01
1030,11311,SEDSCRS_TP,0.000000000000e+00
1030,11311,SO_TCd,3.313745122092e-02
1030,11311,IO_TCd,0.000000000000e+00
1030,11311,AO_TCd,0.000000000000e+00
1030,11311,PO_TCd,3.313745122092e-02
1030,11311,SED_TCd,3.313745122092e-02
1030,11311,SEDWSSD_TCd,3.313745122092e-02
1030,11311,SEDSCRS_TCd,0.000000000000e+00
1030,11311,SO_TCu,3.313745122092e+00
1030,11311,IO_TCu,0.000000000000e+00
1030,11311,AO_TCu,0.000000000000e+00
1030,11311,PO_TCu,3.313745122092e+00
1030,11311,SED_TCu,3.313745122092e+00
1030,11311,SEDWSSD_TCu,3.313745122092e+00
1030,11311,SEDSCRS_TCu,0.000000000000e+00
1030,11311,SO_TPb,6.627490244184e-02
1030,11311,IO_TPb,0.000000000000e+00
1030,11311,AO_TPb,0.000000000000e+00
1030,11311,PO_TPb,6.627490244184e-02
1030,11311,SED_TPb,6.627490244184e-02
1030,11311,SEDWSSD_TPb,6.627490244184e-02
1030,11311,SEDSCRS_TPb,0.000000000000e+00
1030,11311,SO_TZn,2.385896487906e+01
1030,11311,IO_TZn,0.000000000000e+00
1030,11311,AO_TZn,2.476460330353e+01
1030,11311,PO_TZn,4.862356818259e+01
1030,11311,SED_TZn,2.385896487906e+01
1030,11311,SEDWSSD_TZn,2.385896487906e+01
1030,11311,SEDSCRS_TZn,0.000000000000e+00
1030,11312,AREA,0.000000000000e+00
1030,11312,PREC,0.000000000000e+00
1030,11312,SURO,0.000000000000e+00
1030,11312,IFWO,0.000000000000e+00
1030,11312,AGWO,0.000000000000e+00
1030,11312,PERO,0.000000000000e+00
1030,11312,TAET,0.000000000000e+00
1030,11312,SEDLOAD,0.000000000000e+00
1030,11312,SEDWSSD, 0.00000e+00
1030,11312,SEDSCRS, 0.00000e+00
1030,11312,SEDSURO, 0.00000e+00
1030,11312,SEDIFWO, 0.00000e+00
1030,11312,SEDAGWO, 0.00000e+00
1030,11312,SO_TN,0.000000000000e+00
1030,11312,IO_TN,0.000000000000e+00
1030,11312,AO_TN,0.000000000000e+00
1030,11312,PO_TN,0.000000000000e+00
1030,11312,SO_TP,0.000000000000e+00
1030,11312,IO_TP,0.000000000000e+00
1030,11312,AO_TP,0.000000000000e+00
1030,11312,PO_TP,0.000000000000e+00
1030,11312,SED_TP,0.000000000000e+00
1030,11312,SEDWSSD_TP,0.000000000000e+00
1030,11312,SEDSCRS_TP,0.000000000000e+00
1030,11312,SO_TCd,0.000000000000e+00
1030,11312,IO_TCd,0.000000000000e+00
1030,11312,AO_TCd,0.000000000000e+00
1030,11312,PO_TCd,0.000000000000e+00
1030,11312,SED_TCd,0.000000000000e+00
1030,11312,SEDWSSD_TCd,0.000000000000e+00
1030,11312,SEDSCRS_TCd,0.000000000000e+00
1030,11312,SO_TCu,0.000000000000e+00
1030,11312,IO_TCu,0.000000000000e+00
1030,11312,AO_TCu,0.000000000000e+00
1030,11312,PO_TCu,0.000000000000e+00
1030,11312,SED_TCu,0.000000000000e+00
1030,11312,SEDWSSD_TCu,0.000000000000e+00
1030,11312,SEDSCRS_TCu,0.000000000000e+00
1030,11312,SO_TPb,0.000000000000e+00
1030,11312,IO_TPb,0.000000000000e+00
1030,11312,AO_TPb,0.000000000000e+00
1030,11312,PO_TPb,0.000000000000e+00
1030,11312,SED_TPb,0.000000000000e+00
1030,11312,SEDWSSD_TPb,0.000000000000e+00
1030,11312,SEDSCRS_TPb,0.000000000000e+00
1030,11312,SO_TZn,0.000000000000e+00
1030,11312,IO_TZn,0.000000000000e+00
1030,11312,AO_TZn,0.000000000000e+00
1030,11312,PO_TZn,0.000000000000e+00
1030,11312,SED_TZn,0.000000000000e+00
1030,11312,SEDWSSD_TZn,0.000000000000e+00
1030,11312,SEDSCRS_TZn,0.000000000000e+00
1030,11321,AREA,1.024790000000e-01
1030,11321,PREC,1.035941373155e+00
1030,11321,SURO,3.702549217098e-01
1030,11321,IFWO,1.458514961064e-01
1030,11321,AGWO,1.526991209793e+00
1030,11321,PERO,2.043097627609e+00
1030,11321,TAET,1.958590004368e+00
1030,11321,SEDLOAD,3.965533870136e-03
1030,11321,SEDWSSD, 3.77599e-03
1030,11321,SEDSCRS, 0.00000e+00
1030,11321,SEDSURO, 0.00000e+00
1030,11321,SEDIFWO, 1.65259e-05
1030,11321,SEDAGWO, 1.73018e-04
1030,11321,SO_TN,1.276256156468e-01
1030,11321,IO_TN,6.610384904244e-02
1030,11321,AO_TN,2.595276679944e-01
1030,11321,PO_TN,4.532571326837e-01
1030,11321,SO_TP,7.551979410146e-03
1030,11321,IO_TP,1.322076980849e-02
1030,11321,AO_TP,6.920737813185e-02
1030,11321,PO_TP,8.998012735048e-02
1030,11321,SED_TP,7.551979410146e-03
1030,11321,SEDWSSD_TP,7.551979410146e-03
1030,11321,SEDSCRS_TP,0.000000000000e+00
1030,11321,SO_TCd,1.887994852536e-05
1030,11321,IO_TCd,0.000000000000e+00
1030,11321,AO_TCd,0.000000000000e+00
1030,11321,PO_TCd,1.887994852536e-05
1030,11321,SED_TCd,1.887994852536e-05
1030,11321,SEDWSSD_TCd,1.887994852536e-05
1030,11321,SEDSCRS_TCd,0.000000000000e+00
1030,11321,SO_TCu,1.887994852536e-03
1030,11321,IO_TCu,0.000000000000e+00
1030,11321,AO_TCu,0.000000000000e+00
1030,11321,PO_TCu,1.887994852536e-03
1030,11321,SED_TCu,1.887994852536e-03
1030,11321,SEDWSSD_TCu,1.887994852536e-03
1030,11321,SEDSCRS_TCu,0.000000000000e+00
1030,11321,SO_TPb,3.775989705073e-05
1030,11321,IO_TPb,0.000000000000e+00
1030,11321,AO_TPb,0.000000000000e+00
1030,11321,PO_TPb,3.775989705073e-05
1030,11321,SED_TPb,3.775989705073e-05
1030,11321,SEDWSSD_TPb,3.775989705073e-05
1030,11321,SEDSCRS_TPb,0.000000000000e+00
1030,11321,SO_TZn,1.359356293826e-02
1030,11321,IO_TZn,0.000000000000e+00
1030,11321,AO_TZn,1.730184453296e-02
1030,11321,PO_TZn,3.089540747122e-02
1030,11321,SED_TZn,1.359356293826e-02
1030,11321,SEDWSSD_TZn,1.359356293826e-02
1030,11321,SEDSCRS_TZn,0.000000000000e+00
1030,11322,AREA,0.000000000000e+00
1030,11322,PREC,0.000000000000e+00
1030,11322,SURO,0.000000000000e+00
1030,11322,IFWO,0.000000000000e+00
1030,11322,AGWO,0.000000000000e+00
1030,11322,PERO,0.000000000000e+00
1030,11322,TAET,0.000000000000e+00
1030,11322,SEDLOAD,0.000000000000e+00
1030,11322,SEDWSSD, 0.00000e+00
1030,11322,SEDSCRS, 0.00000e+00
1030,11322,SEDSURO, 0.00000e+00
1030,11322,SEDIFWO, 0.00000e+00
1030,11322,SEDAGWO, 0.00000e+00
1030,11322,SO_TN,0.000000000000e+00
1030,11322,IO_TN,0.000000000000e+00
1030,11322,AO_TN,0.000000000000e+00
1030,11322,PO_TN,0.000000000000e+00
1030,11322,SO_TP,0.000000000000e+00
1030,11322,IO_TP,0.000000000000e+00
1030,11322,AO_TP,0.000000000000e+00
1030,11322,PO_TP,0.000000000000e+00
1030,11322,SED_TP,0.000000000000e+00
1030,11322,SEDWSSD_TP,0.000000000000e+00
1030,11322,SEDSCRS_TP,0.000000000000e+00
1030,11322,SO_TCd,0.000000000000e+00
1030,11322,IO_TCd,0.000000000000e+00
1030,11322,AO_TCd,0.000000000000e+00
1030,11322,PO_TCd,0.000000000000e+00
1030,11322,SED_TCd,0.000000000000e+00
1030,11322,SEDWSSD_TCd,0.000000000000e+00
1030,11322,SEDSCRS_TCd,0.000000000000e+00
1030,11322,SO_TCu,0.000000000000e+00
1030,11322,IO_TCu,0.000000000000e+00
1030,11322,AO_TCu,0.000000000000e+00
1030,11322,PO_TCu,0.000000000000e+00
1030,11322,SED_TCu,0.000000000000e+00
1030,11322,SEDWSSD_TCu,0.000000000000e+00
1030,11322,SEDSCRS_TCu,0.000000000000e+00
1030,11322,SO_TPb,0.000000000000e+00
1030,11322,IO_TPb,0.000000000000e+00
1030,11322,AO_TPb,0.000000000000e+00
1030,11322,PO_TPb,0.000000000000e+00
1030,11322,SED_TPb,0.000000000000e+00
1030,11322,SEDWSSD_TPb,0.000000000000e+00
1030,11322,SEDSCRS_TPb,0.000000000000e+00
1030,11322,SO_TZn,0.000000000000e+00
1030,11322,IO_TZn,0.000000000000e+00
1030,11322,AO_TZn,0.000000000000e+00
1030,11322,PO_TZn,0.000000000000e+00
1030,11322,SED_TZn,0.000000000000e+00
1030,11322,SEDWSSD_TZn,0.000000000000e+00
1030,11322,SEDSCRS_TZn,0.000000000000e+00
1030,11411,AREA,5.561106199997e+01
1030,11411,PREC,5.621620032482e+02
1030,11411,SURO,2.723130771791e+02
1030,11411,IFWO,8.267505102572e+01
1030,11411,AGWO,7.455142359101e+02
1030,11411,PERO,1.100502364115e+03
1030,11411,TAET,1.069695269666e+03
1030,11411,SEDLOAD,1.665975680840e+00
1030,11411,SEDWSSD, 1.57214e+00
1030,11411,SEDSCRS, 0.00000e+00
1030,11411,SEDSURO, 0.00000e+00
1030,11411,SEDIFWO, 9.36763e-03
1030,11411,SEDAGWO, 8.44717e-02
1030,11411,SO_TN,7.869518244238e+01
1030,11411,IO_TN,3.747057272963e+01
1030,11411,AO_TN,1.267077176748e+02
1030,11411,PO_TN,2.428734728468e+02
1030,11411,SO_TP,3.144272691889e+00
1030,11411,IO_TP,7.494114545927e+00
1030,11411,AO_TP,3.378872471328e+01
1030,11411,PO_TP,4.442711195110e+01
1030,11411,SED_TP,3.144272691889e+00
1030,11411,SEDWSSD_TP,3.144272691889e+00
1030,11411,SEDSCRS_TP,0.000000000000e+00
1030,11411,SO_TCd,7.860681729722e-03
1030,11411,IO_TCd,0.000000000000e+00
1030,11411,AO_TCd,0.000000000000e+00
1030,11411,PO_TCd,7.860681729722e-03
1030,11411,SED_TCd,7.860681729722e-03
1030,11411,SEDWSSD_TCd,7.860681729722e-03
1030,11411,SEDSCRS_TCd,0.000000000000e+00
1030,11411,SO_TCu,7.860681729722e-01
1030,11411,IO_TCu,0.000000000000e+00
1030,11411,AO_TCu,0.000000000000e+00
1030,11411,PO_TCu,7.860681729722e-01
1030,11411,SED_TCu,7.860681729722e-01
1030,11411,SEDWSSD_TCu,7.860681729722e-01
1030,11411,SEDSCRS_TCu,0.000000000000e+00
1030,11411,SO_TPb,1.572136345944e-02
1030,11411,IO_TPb,0.000000000000e+00
1030,11411,AO_TPb,0.000000000000e+00
1030,11411,PO_TPb,1.572136345944e-02
1030,11411,SED_TPb,1.572136345944e-02
1030,11411,SEDWSSD_TPb,1.572136345944e-02
1030,11411,SEDSCRS_TPb,0.000000000000e+00
1030,11411,SO_TZn,5.659690845400e+00
1030,11411,IO_TZn,0.000000000000e+00
1030,11411,AO_TZn,8.447181178321e+00
1030,11411,PO_TZn,1.410687202372e+01
1030,11411,SED_TZn,5.659690845400e+00
1030,11411,SEDWSSD_TZn,5.659690845400e+00
1030,11411,SEDSCRS_TZn,0.000000000000e+00
1030,11412,AREA,0.000000000000e+00
1030,11412,PREC,0.000000000000e+00
1030,11412,SURO,0.000000000000e+00
1030,11412,IFWO,0.000000000000e+00
1030,11412,AGWO,0.000000000000e+00
1030,11412,PERO,0.000000000000e+00
1030,11412,TAET,0.000000000000e+00
1030,11412,SEDLOAD,0.000000000000e+00
1030,11412,SEDWSSD, 0.00000e+00
1030,11412,SEDSCRS, 0.00000e+00
1030,11412,SEDSURO, 0.00000e+00
1030,11412,SEDIFWO, 0.00000e+00
1030,11412,SEDAGWO, 0.00000e+00
1030,11412,SO_TN,0.000000000000e+00
1030,11412,IO_TN,0.000000000000e+00
1030,11412,AO_TN,0.000000000000e+00
1030,11412,PO_TN,0.000000000000e+00
1030,11412,SO_TP,0.000000000000e+00
1030,11412,IO_TP,0.000000000000e+00
1030,11412,AO_TP,0.000000000000e+00
1030,11412,PO_TP,0.000000000000e+00
1030,11412,SED_TP,0.000000000000e+00
1030,11412,SEDWSSD_TP,0.000000000000e+00
1030,11412,SEDSCRS_TP,0.000000000000e+00
1030,11412,SO_TCd,0.000000000000e+00
1030,11412,IO_TCd,0.000000000000e+00
1030,11412,AO_TCd,0.000000000000e+00
1030,11412,PO_TCd,0.000000000000e+00
1030,11412,SED_TCd,0.000000000000e+00
1030,11412,SEDWSSD_TCd,0.000000000000e+00
1030,11412,SEDSCRS_TCd,0.000000000000e+00
1030,11412,SO_TCu,0.000000000000e+00
1030,11412,IO_TCu,0.000000000000e+00
1030,11412,AO_TCu,0.000000000000e+00
1030,11412,PO_TCu,0.000000000000e+00
1030,11412,SED_TCu,0.000000000000e+00
1030,11412,SEDWSSD_TCu,0.000000000000e+00
1030,11412,SEDSCRS_TCu,0.000000000000e+00
1030,11412,SO_TPb,0.000000000000e+00
1030,11412,IO_TPb,0.000000000000e+00
1030,11412,AO_TPb,0.000000000000e+00
1030,11412,PO_TPb,0.000000000000e+00
1030,11412,SED_TPb,0.000000000000e+00
1030,11412,SEDWSSD_TPb,0.000000000000e+00
1030,11412,SEDSCRS_TPb,0.000000000000e+00
1030,11412,SO_TZn,0.000000000000e+00
1030,11412,IO_TZn,0.000000000000e+00
1030,11412,AO_TZn,0.000000000000e+00
1030,11412,PO_TZn,0.000000000000e+00
1030,11412,SED_TZn,0.000000000000e+00
1030,11412,SEDWSSD_TZn,0.000000000000e+00
1030,11412,SEDSCRS_TZn,0.000000000000e+00
1030,11421,AREA,3.063881500002e+01
1030,11421,PREC,3.097221487616e+02
1030,11421,SURO,1.558806150338e+02
1030,11421,IFWO,4.401374765270e+01
1030,11421,AGWO,4.102107570294e+02
1030,11421,PERO,6.101051197159e+02
1030,11421,TAET,5.865295273876e+02
1030,11421,SEDLOAD,7.563040256805e-01
1030,11421,SEDWSSD, 7.04837e-01
1030,11421,SEDSCRS, 0.00000e+00
1030,11421,SEDSURO, 0.00000e+00
1030,11421,SEDIFWO, 4.98705e-03
1030,11421,SEDAGWO, 4.64796e-02
1030,11421,SO_TN,4.418367074508e+01
1030,11421,IO_TN,1.994822273543e+01
1030,11421,AO_TN,6.971948526966e+01
1030,11421,PO_TN,1.338513787502e+02
1030,11421,SO_TP,1.409674758007e+00
1030,11421,IO_TP,3.989644547087e+00
1030,11421,AO_TP,1.859186273858e+01
1030,11421,PO_TP,2.399118204367e+01
1030,11421,SED_TP,1.409674758007e+00
1030,11421,SEDWSSD_TP,1.409674758007e+00
1030,11421,SEDSCRS_TP,0.000000000000e+00
1030,11421,SO_TCd,3.524186895016e-03
1030,11421,IO_TCd,0.000000000000e+00
1030,11421,AO_TCd,0.000000000000e+00
1030,11421,PO_TCd,3.524186895016e-03
1030,11421,SED_TCd,3.524186895016e-03
1030,11421,SEDWSSD_TCd,3.524186895016e-03
1030,11421,SEDSCRS_TCd,0.000000000000e+00
1030,11421,SO_TCu,3.524186895016e-01
1030,11421,IO_TCu,0.000000000000e+00
1030,11421,AO_TCu,0.000000000000e+00
1030,11421,PO_TCu,3.524186895016e-01
1030,11421,SED_TCu,3.524186895016e-01
1030,11421,SEDWSSD_TCu,3.524186895016e-01
1030,11421,SEDSCRS_TCu,0.000000000000e+00
1030,11421,SO_TPb,7.048373790033e-03
1030,11421,IO_TPb,0.000000000000e+00
1030,11421,AO_TPb,0.000000000000e+00
1030,11421,PO_TPb,7.048373790033e-03
1030,11421,SED_TPb,7.048373790033e-03
1030,11421,SEDWSSD_TPb,7.048373790033e-03
1030,11421,SEDSCRS_TPb,0.000000000000e+00
1030,11421,SO_TZn,2.537414564412e+00
1030,11421,IO_TZn,0.000000000000e+00
1030,11421,AO_TZn,4.647965684644e+00
1030,11421,PO_TZn,7.185380249056e+00
1030,11421,SED_TZn,2.537414564412e+00
1030,11421,SEDWSSD_TZn,2.537414564412e+00
1030,11421,SEDSCRS_TZn,0.000000000000e+00
1030,11422,AREA,0.000000000000e+00
1030,11422,PREC,0.000000000000e+00
1030,11422,SURO,0.000000000000e+00
1030,11422,IFWO,0.000000000000e+00
1030,11422,AGWO,0.000000000000e+00
1030,11422,PERO,0.000000000000e+00
1030,11422,TAET,0.000000000000e+00
1030,11422,SEDLOAD,0.000000000000e+00
1030,11422,SEDWSSD, 0.00000e+00
1030,11422,SEDSCRS, 0.00000e+00
1030,11422,SEDSURO, 0.00000e+00
1030,11422,SEDIFWO, 0.00000e+00
1030,11422,SEDAGWO, 0.00000e+00
1030,11422,SO_TN,0.000000000000e+00
1030,11422,IO_TN,0.000000000000e+00
1030,11422,AO_TN,0.000000000000e+00
1030,11422,PO_TN,0.000000000000e+00
1030,11422,SO_TP,0.000000000000e+00
1030,11422,IO_TP,0.000000000000e+00
1030,11422,AO_TP,0.000000000000e+00
1030,11422,PO_TP,0.000000000000e+00
1030,11422,SED_TP,0.000000000000e+00
1030,11422,SEDWSSD_TP,0.000000000000e+00
1030,11422,SEDSCRS_TP,0.000000000000e+00
1030,11422,SO_TCd,0.000000000000e+00
1030,11422,IO_TCd,0.000000000000e+00
1030,11422,AO_TCd,0.000000000000e+00
1030,11422,PO_TCd,0.000000000000e+00
1030,11422,SED_TCd,0.000000000000e+00
1030,11422,SEDWSSD_TCd,0.000000000000e+00
1030,11422,SEDSCRS_TCd,0.000000000000e+00
1030,11422,SO_TCu,0.000000000000e+00
1030,11422,IO_TCu,0.000000000000e+00
1030,11422,AO_TCu,0.000000000000e+00
1030,11422,PO_TCu,0.000000000000e+00
1030,11422,SED_TCu,0.000000000000e+00
1030,11422,SEDWSSD_TCu,0.000000000000e+00
1030,11422,SEDSCRS_TCu,0.000000000000e+00
1030,11422,SO_TPb,0.000000000000e+00
1030,11422,IO_TPb,0.000000000000e+00
1030,11422,AO_TPb,0.000000000000e+00
1030,11422,PO_TPb,0.000000000000e+00
1030,11422,SED_TPb,0.000000000000e+00
1030,11422,SEDWSSD_TPb,0.000000000000e+00
1030,11422,SEDSCRS_TPb,0.000000000000e+00
1030,11422,SO_TZn,0.000000000000e+00
1030,11422,IO_TZn,0.000000000000e+00
1030,11422,AO_TZn,0.000000000000e+00
1030,11422,PO_TZn,0.000000000000e+00
1030,11422,SED_TZn,0.000000000000e+00
1030,11422,SEDWSSD_TZn,0.000000000000e+00
1030,11422,SEDSCRS_TZn,0.000000000000e+00
1030,12111,AREA,0.000000000000e+00
1030,12111,PREC,0.000000000000e+00
1030,12111,SURO,0.000000000000e+00
1030,12111,IFWO,0.000000000000e+00
1030,12111,AGWO,0.000000000000e+00
1030,12111,PERO,0.000000000000e+00
1030,12111,TAET,0.000000000000e+00
1030,12111,SEDLOAD,0.000000000000e+00
1030,12111,SEDWSSD, 0.00000e+00
1030,12111,SEDSCRS, 0.00000e+00
1030,12111,SEDSURO, 0.00000e+00
1030,12111,SEDIFWO, 0.00000e+00
1030,12111,SEDAGWO, 0.00000e+00
1030,12111,SO_TN,0.000000000000e+00
1030,12111,IO_TN,0.000000000000e+00
1030,12111,AO_TN,0.000000000000e+00
1030,12111,PO_TN,0.000000000000e+00
1030,12111,SO_TP,0.000000000000e+00
1030,12111,IO_TP,0.000000000000e+00
1030,12111,AO_TP,0.000000000000e+00
1030,12111,PO_TP,0.000000000000e+00
1030,12111,SED_TP,0.000000000000e+00
1030,12111,SEDWSSD_TP,0.000000000000e+00
1030,12111,SEDSCRS_TP,0.000000000000e+00
1030,12111,SO_TCd,0.000000000000e+00
1030,12111,IO_TCd,0.000000000000e+00
1030,12111,AO_TCd,0.000000000000e+00
1030,12111,PO_TCd,0.000000000000e+00
1030,12111,SED_TCd,0.000000000000e+00
1030,12111,SEDWSSD_TCd,0.000000000000e+00
1030,12111,SEDSCRS_TCd,0.000000000000e+00
1030,12111,SO_TCu,0.000000000000e+00
1030,12111,IO_TCu,0.000000000000e+00
1030,12111,AO_TCu,0.000000000000e+00
1030,12111,PO_TCu,0.000000000000e+00
1030,12111,SED_TCu,0.000000000000e+00
1030,12111,SEDWSSD_TCu,0.000000000000e+00
1030,12111,SEDSCRS_TCu,0.000000000000e+00
1030,12111,SO_TPb,0.000000000000e+00
1030,12111,IO_TPb,0.000000000000e+00
1030,12111,AO_TPb,0.000000000000e+00
1030,12111,PO_TPb,0.000000000000e+00
1030,12111,SED_TPb,0.000000000000e+00
1030,12111,SEDWSSD_TPb,0.000000000000e+00
1030,12111,SEDSCRS_TPb,0.000000000000e+00
1030,12111,SO_TZn,0.000000000000e+00
1030,12111,IO_TZn,0.000000000000e+00
1030,12111,AO_TZn,0.000000000000e+00
1030,12111,PO_TZn,0.000000000000e+00
1030,12111,SED_TZn,0.000000000000e+00
1030,12111,SEDWSSD_TZn,0.000000000000e+00
1030,12111,SEDSCRS_TZn,0.000000000000e+00
1030,12112,AREA,0.000000000000e+00
1030,12112,PREC,0.000000000000e+00
1030,12112,SURO,0.000000000000e+00
1030,12112,IFWO,0.000000000000e+00
1030,12112,AGWO,0.000000000000e+00
1030,12112,PERO,0.000000000000e+00
1030,12112,TAET,0.000000000000e+00
1030,12112,SEDLOAD,0.000000000000e+00
1030,12112,SEDWSSD, 0.00000e+00
1030,12112,SEDSCRS, 0.00000e+00
1030,12112,SEDSURO, 0.00000e+00
1030,12112,SEDIFWO, 0.00000e+00
1030,12112,SEDAGWO, 0.00000e+00
1030,12112,SO_TN,0.000000000000e+00
1030,12112,IO_TN,0.000000000000e+00
1030,12112,AO_TN,0.000000000000e+00
1030,12112,PO_TN,0.000000000000e+00
1030,12112,SO_TP,0.000000000000e+00
1030,12112,IO_TP,0.000000000000e+00
1030,12112,AO_TP,0.000000000000e+00
1030,12112,PO_TP,0.000000000000e+00
1030,12112,SED_TP,0.000000000000e+00
1030,12112,SEDWSSD_TP,0.000000000000e+00
1030,12112,SEDSCRS_TP,0.000000000000e+00
1030,12112,SO_TCd,0.000000000000e+00
1030,12112,IO_TCd,0.000000000000e+00
1030,12112,AO_TCd,0.000000000000e+00
1030,12112,PO_TCd,0.000000000000e+00
1030,12112,SED_TCd,0.000000000000e+00
1030,12112,SEDWSSD_TCd,0.000000000000e+00
1030,12112,SEDSCRS_TCd,0.000000000000e+00
1030,12112,SO_TCu,0.000000000000e+00
1030,12112,IO_TCu,0.000000000000e+00
1030,12112,AO_TCu,0.000000000000e+00
1030,12112,PO_TCu,0.000000000000e+00
1030,12112,SED_TCu,0.000000000000e+00
1030,12112,SEDWSSD_TCu,0.000000000000e+00
1030,12112,SEDSCRS_TCu,0.000000000000e+00
1030,12112,SO_TPb,0.000000000000e+00
1030,12112,IO_TPb,0.000000000000e+00
1030,12112,AO_TPb,0.000000000000e+00
1030,12112,PO_TPb,0.000000000000e+00
1030,12112,SED_TPb,0.000000000000e+00
1030,12112,SEDWSSD_TPb,0.000000000000e+00
1030,12112,SEDSCRS_TPb,0.000000000000e+00
1030,12112,SO_TZn,0.000000000000e+00
1030,12112,IO_TZn,0.000000000000e+00
1030,12112,AO_TZn,0.000000000000e+00
1030,12112,PO_TZn,0.000000000000e+00
1030,12112,SED_TZn,0.000000000000e+00
1030,12112,SEDWSSD_TZn,0.000000000000e+00
1030,12112,SEDSCRS_TZn,0.000000000000e+00
1030,12121,AREA,0.000000000000e+00
1030,12121,PREC,0.000000000000e+00
1030,12121,SURO,0.000000000000e+00
1030,12121,IFWO,0.000000000000e+00
1030,12121,AGWO,0.000000000000e+00
1030,12121,PERO,0.000000000000e+00
1030,12121,TAET,0.000000000000e+00
1030,12121,SEDLOAD,0.000000000000e+00
1030,12121,SEDWSSD, 0.00000e+00
1030,12121,SEDSCRS, 0.00000e+00
1030,12121,SEDSURO, 0.00000e+00
1030,12121,SEDIFWO, 0.00000e+00
1030,12121,SEDAGWO, 0.00000e+00
1030,12121,SO_TN,0.000000000000e+00
1030,12121,IO_TN,0.000000000000e+00
1030,12121,AO_TN,0.000000000000e+00
1030,12121,PO_TN,0.000000000000e+00
1030,12121,SO_TP,0.000000000000e+00
1030,12121,IO_TP,0.000000000000e+00
1030,12121,AO_TP,0.000000000000e+00
1030,12121,PO_TP,0.000000000000e+00
1030,12121,SED_TP,0.000000000000e+00
1030,12121,SEDWSSD_TP,0.000000000000e+00
1030,12121,SEDSCRS_TP,0.000000000000e+00
1030,12121,SO_TCd,0.000000000000e+00
1030,12121,IO_TCd,0.000000000000e+00
1030,12121,AO_TCd,0.000000000000e+00
1030,12121,PO_TCd,0.000000000000e+00
1030,12121,SED_TCd,0.000000000000e+00
1030,12121,SEDWSSD_TCd,0.000000000000e+00
1030,12121,SEDSCRS_TCd,0.000000000000e+00
1030,12121,SO_TCu,0.000000000000e+00
1030,12121,IO_TCu,0.000000000000e+00
1030,12121,AO_TCu,0.000000000000e+00
1030,12121,PO_TCu,0.000000000000e+00
1030,12121,SED_TCu,0.000000000000e+00
1030,12121,SEDWSSD_TCu,0.000000000000e+00
1030,12121,SEDSCRS_TCu,0.000000000000e+00
1030,12121,SO_TPb,0.000000000000e+00
1030,12121,IO_TPb,0.000000000000e+00
1030,12121,AO_TPb,0.000000000000e+00
1030,12121,PO_TPb,0.000000000000e+00
1030,12121,SED_TPb,0.000000000000e+00
1030,12121,SEDWSSD_TPb,0.000000000000e+00
1030,12121,SEDSCRS_TPb,0.000000000000e+00
1030,12121,SO_TZn,0.000000000000e+00
1030,12121,IO_TZn,0.000000000000e+00
1030,12121,AO_TZn,0.000000000000e+00
1030,12121,PO_TZn,0.000000000000e+00
1030,12121,SED_TZn,0.000000000000e+00
1030,12121,SEDWSSD_TZn,0.000000000000e+00
1030,12121,SEDSCRS_TZn,0.000000000000e+00
1030,12122,AREA,0.000000000000e+00
1030,12122,PREC,0.000000000000e+00
1030,12122,SURO,0.000000000000e+00
1030,12122,IFWO,0.000000000000e+00
1030,12122,AGWO,0.000000000000e+00
1030,12122,PERO,0.000000000000e+00
1030,12122,TAET,0.000000000000e+00
1030,12122,SEDLOAD,0.000000000000e+00
1030,12122,SEDWSSD, 0.00000e+00
1030,12122,SEDSCRS, 0.00000e+00
1030,12122,SEDSURO, 0.00000e+00
1030,12122,SEDIFWO, 0.00000e+00
1030,12122,SEDAGWO, 0.00000e+00
1030,12122,SO_TN,0.000000000000e+00
1030,12122,IO_TN,0.000000000000e+00
1030,12122,AO_TN,0.000000000000e+00
1030,12122,PO_TN,0.000000000000e+00
1030,12122,SO_TP,0.000000000000e+00
1030,12122,IO_TP,0.000000000000e+00
1030,12122,AO_TP,0.000000000000e+00
1030,12122,PO_TP,0.000000000000e+00
1030,12122,SED_TP,0.000000000000e+00
1030,12122,SEDWSSD_TP,0.000000000000e+00
1030,12122,SEDSCRS_TP,0.000000000000e+00
1030,12122,SO_TCd,0.000000000000e+00
1030,12122,IO_TCd,0.000000000000e+00
1030,12122,AO_TCd,0.000000000000e+00
1030,12122,PO_TCd,0.000000000000e+00
1030,12122,SED_TCd,0.000000000000e+00
1030,12122,SEDWSSD_TCd,0.000000000000e+00
1030,12122,SEDSCRS_TCd,0.000000000000e+00
1030,12122,SO_TCu,0.000000000000e+00
1030,12122,IO_TCu,0.000000000000e+00
1030,12122,AO_TCu,0.000000000000e+00
1030,12122,PO_TCu,0.000000000000e+00
1030,12122,SED_TCu,0.000000000000e+00
1030,12122,SEDWSSD_TCu,0.000000000000e+00
1030,12122,SEDSCRS_TCu,0.000000000000e+00
1030,12122,SO_TPb,0.000000000000e+00
1030,12122,IO_TPb,0.000000000000e+00
1030,12122,AO_TPb,0.000000000000e+00
1030,12122,PO_TPb,0.000000000000e+00
1030,12122,SED_TPb,0.000000000000e+00
1030,12122,SEDWSSD_TPb,0.000000000000e+00
1030,12122,SEDSCRS_TPb,0.000000000000e+00
1030,12122,SO_TZn,0.000000000000e+00
1030,12122,IO_TZn,0.000000000000e+00
1030,12122,AO_TZn,0.000000000000e+00
1030,12122,PO_TZn,0.000000000000e+00
1030,12122,SED_TZn,0.000000000000e+00
1030,12122,SEDWSSD_TZn,0.000000000000e+00
1030,12122,SEDSCRS_TZn,0.000000000000e+00
1030,12211,AREA,5.305949999991e-01
1030,12211,PREC,5.363687320222e+00
1030,12211,SURO,5.380373167882e-02
1030,12211,IFWO,9.750007279990e-03
1030,12211,AGWO,1.372348455833e+00
1030,12211,PERO,1.435902194792e+00
1030,12211,TAET,4.024302226698e+00
1030,12211,SEDLOAD,2.264713641262e-03
1030,12211,SEDWSSD, 2.10811e-03
1030,12211,SEDSCRS, 0.00000e+00
1030,12211,SEDSURO, 0.00000e+00
1030,12211,SEDIFWO, 1.10474e-06
1030,12211,SEDAGWO, 1.55496e-04
1030,12211,SO_TN,3.958908436611e-02
1030,12211,IO_TN,4.418967419635e-03
1030,12211,AO_TN,2.332445610256e-01
1030,12211,PO_TN,2.772526128114e-01
1030,12211,SO_TP,4.216225451531e-03
1030,12211,IO_TP,8.837934839271e-04
1030,12211,AO_TP,6.219854960683e-02
1030,12211,PO_TP,6.729856854229e-02
1030,12211,SED_TP,4.216225451531e-03
1030,12211,SEDWSSD_TP,4.216225451531e-03
1030,12211,SEDSCRS_TP,0.000000000000e+00
1030,12211,SO_TCd,1.054056362883e-05
1030,12211,IO_TCd,0.000000000000e+00
1030,12211,AO_TCd,0.000000000000e+00
1030,12211,PO_TCd,1.054056362883e-05
1030,12211,SED_TCd,1.054056362883e-05
1030,12211,SEDWSSD_TCd,1.054056362883e-05
1030,12211,SEDSCRS_TCd,0.000000000000e+00
1030,12211,SO_TCu,1.054056362883e-03
1030,12211,IO_TCu,0.000000000000e+00
1030,12211,AO_TCu,0.000000000000e+00
1030,12211,PO_TCu,1.054056362883e-03
1030,12211,SED_TCu,1.054056362883e-03
1030,12211,SEDWSSD_TCu,1.054056362883e-03
1030,12211,SEDSCRS_TCu,0.000000000000e+00
1030,12211,SO_TPb,2.108112725765e-05
1030,12211,IO_TPb,0.000000000000e+00
1030,12211,AO_TPb,0.000000000000e+00
1030,12211,PO_TPb,2.108112725765e-05
1030,12211,SED_TPb,2.108112725765e-05
1030,12211,SEDWSSD_TPb,2.108112725765e-05
1030,12211,SEDSCRS_TPb,0.000000000000e+00
1030,12211,SO_TZn,7.589205812755e-03
1030,12211,IO_TZn,0.000000000000e+00
1030,12211,AO_TZn,1.554963740171e-02
1030,12211,PO_TZn,2.313884321446e-02
1030,12211,SED_TZn,7.589205812755e-03
1030,12211,SEDWSSD_TZn,7.589205812755e-03
1030,12211,SEDSCRS_TZn,0.000000000000e+00
1030,12212,AREA,0.000000000000e+00
1030,12212,PREC,0.000000000000e+00
1030,12212,SURO,0.000000000000e+00
1030,12212,IFWO,0.000000000000e+00
1030,12212,AGWO,0.000000000000e+00
1030,12212,PERO,0.000000000000e+00
1030,12212,TAET,0.000000000000e+00
1030,12212,SEDLOAD,0.000000000000e+00
1030,12212,SEDWSSD, 0.00000e+00
1030,12212,SEDSCRS, 0.00000e+00
1030,12212,SEDSURO, 0.00000e+00
1030,12212,SEDIFWO, 0.00000e+00
1030,12212,SEDAGWO, 0.00000e+00
1030,12212,SO_TN,0.000000000000e+00
1030,12212,IO_TN,0.000000000000e+00
1030,12212,AO_TN,0.000000000000e+00
1030,12212,PO_TN,0.000000000000e+00
1030,12212,SO_TP,0.000000000000e+00
1030,12212,IO_TP,0.000000000000e+00
1030,12212,AO_TP,0.000000000000e+00
1030,12212,PO_TP,0.000000000000e+00
1030,12212,SED_TP,0.000000000000e+00
1030,12212,SEDWSSD_TP,0.000000000000e+00
1030,12212,SEDSCRS_TP,0.000000000000e+00
1030,12212,SO_TCd,0.000000000000e+00
1030,12212,IO_TCd,0.000000000000e+00
1030,12212,AO_TCd,0.000000000000e+00
1030,12212,PO_TCd,0.000000000000e+00
1030,12212,SED_TCd,0.000000000000e+00
1030,12212,SEDWSSD_TCd,0.000000000000e+00
1030,12212,SEDSCRS_TCd,0.000000000000e+00
1030,12212,SO_TCu,0.000000000000e+00
1030,12212,IO_TCu,0.000000000000e+00
1030,12212,AO_TCu,0.000000000000e+00
1030,12212,PO_TCu,0.000000000000e+00
1030,12212,SED_TCu,0.000000000000e+00
1030,12212,SEDWSSD_TCu,0.000000000000e+00
1030,12212,SEDSCRS_TCu,0.000000000000e+00
1030,12212,SO_TPb,0.000000000000e+00
1030,12212,IO_TPb,0.000000000000e+00
1030,12212,AO_TPb,0.000000000000e+00
1030,12212,PO_TPb,0.000000000000e+00
1030,12212,SED_TPb,0.000000000000e+00
1030,12212,SEDWSSD_TPb,0.000000000000e+00
1030,12212,SEDSCRS_TPb,0.000000000000e+00
1030,12212,SO_TZn,0.000000000000e+00
1030,12212,IO_TZn,0.000000000000e+00
1030,12212,AO_TZn,0.000000000000e+00
1030,12212,PO_TZn,0.000000000000e+00
1030,12212,SED_TZn,0.000000000000e+00
1030,12212,SEDWSSD_TZn,0.000000000000e+00
1030,12212,SEDSCRS_TZn,0.000000000000e+00
1030,12221,AREA,6.722030000004e-01
1030,12221,PREC,6.795176561625e+00
1030,12221,SURO,8.652478842939e-02
1030,12221,IFWO,1.459268851275e-02
1030,12221,AGWO,1.757947818570e+00
1030,12221,PERO,1.859065295512e+00
1030,12221,TAET,5.059762613347e+00
1030,12221,SEDLOAD,4.701581839689e-03
1030,12221,SEDWSSD, 4.50074e-03
1030,12221,SEDSCRS, 0.00000e+00
1030,12221,SEDSURO, 0.00000e+00
1030,12221,SEDIFWO, 1.65345e-06
1030,12221,SEDAGWO, 1.99187e-04
1030,12221,SO_TN,5.997268860752e-02
1030,12221,IO_TN,6.613801738902e-03
1030,12221,AO_TN,2.987810898211e-01
1030,12221,PO_TN,3.653675801675e-01
1030,12221,SO_TP,9.001482506044e-03
1030,12221,IO_TP,1.322760347780e-03
1030,12221,AO_TP,7.967495728563e-02
1030,12221,PO_TP,8.999920013945e-02
1030,12221,SED_TP,9.001482506044e-03
1030,12221,SEDWSSD_TP,9.001482506044e-03
1030,12221,SEDSCRS_TP,0.000000000000e+00
1030,12221,SO_TCd,2.250370626511e-05
1030,12221,IO_TCd,0.000000000000e+00
1030,12221,AO_TCd,0.000000000000e+00
1030,12221,PO_TCd,2.250370626511e-05
1030,12221,SED_TCd,2.250370626511e-05
1030,12221,SEDWSSD_TCd,2.250370626511e-05
1030,12221,SEDSCRS_TCd,0.000000000000e+00
1030,12221,SO_TCu,2.250370626511e-03
1030,12221,IO_TCu,0.000000000000e+00
1030,12221,AO_TCu,0.000000000000e+00
1030,12221,PO_TCu,2.250370626511e-03
1030,12221,SED_TCu,2.250370626511e-03
1030,12221,SEDWSSD_TCu,2.250370626511e-03
1030,12221,SEDSCRS_TCu,0.000000000000e+00
1030,12221,SO_TPb,4.500741253022e-05
1030,12221,IO_TPb,0.000000000000e+00
1030,12221,AO_TPb,0.000000000000e+00
1030,12221,PO_TPb,4.500741253022e-05
1030,12221,SED_TPb,4.500741253022e-05
1030,12221,SEDWSSD_TPb,4.500741253022e-05
1030,12221,SEDSCRS_TPb,0.000000000000e+00
1030,12221,SO_TZn,1.620266851088e-02
1030,12221,IO_TZn,0.000000000000e+00
1030,12221,AO_TZn,1.991873932141e-02
1030,12221,PO_TZn,3.612140783229e-02
1030,12221,SED_TZn,1.620266851088e-02
1030,12221,SEDWSSD_TZn,1.620266851088e-02
1030,12221,SEDSCRS_TZn,0.000000000000e+00
1030,12222,AREA,0.000000000000e+00
1030,12222,PREC,0.000000000000e+00
1030,12222,SURO,0.000000000000e+00
1030,12222,IFWO,0.000000000000e+00
1030,12222,AGWO,0.000000000000e+00
1030,12222,PERO,0.000000000000e+00
1030,12222,TAET,0.000000000000e+00
1030,12222,SEDLOAD,0.000000000000e+00
1030,12222,SEDWSSD, 0.00000e+00
1030,12222,SEDSCRS, 0.00000e+00
1030,12222,SEDSURO, 0.00000e+00
1030,12222,SEDIFWO, 0.00000e+00
1030,12222,SEDAGWO, 0.00000e+00
1030,12222,SO_TN,0.000000000000e+00
1030,12222,IO_TN,0.000000000000e+00
1030,12222,AO_TN,0.000000000000e+00
1030,12222,PO_TN,0.000000000000e+00
1030,12222,SO_TP,0.000000000000e+00
1030,12222,IO_TP,0.000000000000e+00
1030,12222,AO_TP,0.000000000000e+00
1030,12222,PO_TP,0.000000000000e+00
1030,12222,SED_TP,0.000000000000e+00
1030,12222,SEDWSSD_TP,0.000000000000e+00
1030,12222,SEDSCRS_TP,0.000000000000e+00
1030,12222,SO_TCd,0.000000000000e+00
1030,12222,IO_TCd,0.000000000000e+00
1030,12222,AO_TCd,0.000000000000e+00
1030,12222,PO_TCd,0.000000000000e+00
1030,12222,SED_TCd,0.000000000000e+00
1030,12222,SEDWSSD_TCd,0.000000000000e+00
1030,12222,SEDSCRS_TCd,0.000000000000e+00
1030,12222,SO_TCu,0.000000000000e+00
1030,12222,IO_TCu,0.000000000000e+00
1030,12222,AO_TCu,0.000000000000e+00
1030,12222,PO_TCu,0.000000000000e+00
1030,12222,SED_TCu,0.000000000000e+00
1030,12222,SEDWSSD_TCu,0.000000000000e+00
1030,12222,SEDSCRS_TCu,0.000000000000e+00
1030,12222,SO_TPb,0.000000000000e+00
1030,12222,IO_TPb,0.000000000000e+00
1030,12222,AO_TPb,0.000000000000e+00
1030,12222,PO_TPb,0.000000000000e+00
1030,12222,SED_TPb,0.000000000000e+00
1030,12222,SEDWSSD_TPb,0.000000000000e+00
1030,12222,SEDSCRS_TPb,0.000000000000e+00
1030,12222,SO_TZn,0.000000000000e+00
1030,12222,IO_TZn,0.000000000000e+00
1030,12222,AO_TZn,0.000000000000e+00
1030,12222,PO_TZn,0.000000000000e+00
1030,12222,SED_TZn,0.000000000000e+00
1030,12222,SEDWSSD_TZn,0.000000000000e+00
1030,12222,SEDSCRS_TZn,0.000000000000e+00
1030,12311,AREA,4.401169169994e+02
1030,12311,PREC,4.449061010994e+03
1030,12311,SURO,1.700477680586e+02
1030,12311,IFWO,1.155229167673e+01
1030,12311,AGWO,8.793613325589e+02
1030,12311,PERO,1.060961392294e+03
1030,12311,TAET,3.471649218472e+03
1030,12311,SEDLOAD,4.070050017863e+00
1030,12311,SEDWSSD, 3.96910e+00
1030,12311,SEDSCRS, 0.00000e+00
1030,12311,SEDSURO, 0.00000e+00
1030,12311,SEDIFWO, 1.30895e-03
1030,12311,SEDAGWO, 9.96375e-02
1030,12311,SO_TN,9.607025303711e+01
1030,12311,IO_TN,5.235811530763e+00
1030,12311,AO_TN,1.494563914316e+02
1030,12311,PO_TN,2.507624559995e+02
1030,12311,SO_TP,7.938207199713e+00
1030,12311,IO_TP,1.047162306153e+00
1030,12311,AO_TP,3.985503771509e+01
1030,12311,PO_TP,4.884040722096e+01
1030,12311,SED_TP,7.938207199713e+00
1030,12311,SEDWSSD_TP,7.938207199713e+00
1030,12311,SEDSCRS_TP,0.000000000000e+00
1030,12311,SO_TCd,1.984551799928e-02
1030,12311,IO_TCd,0.000000000000e+00
1030,12311,AO_TCd,0.000000000000e+00
1030,12311,PO_TCd,1.984551799928e-02
1030,12311,SED_TCd,1.984551799928e-02
1030,12311,SEDWSSD_TCd,1.984551799928e-02
1030,12311,SEDSCRS_TCd,0.000000000000e+00
1030,12311,SO_TCu,1.984551799928e+00
1030,12311,IO_TCu,0.000000000000e+00
1030,12311,AO_TCu,0.000000000000e+00
1030,12311,PO_TCu,1.984551799928e+00
1030,12311,SED_TCu,1.984551799928e+00
1030,12311,SEDWSSD_TCu,1.984551799928e+00
1030,12311,SEDSCRS_TCu,0.000000000000e+00
1030,12311,SO_TPb,3.969103599857e-02
1030,12311,IO_TPb,0.000000000000e+00
1030,12311,AO_TPb,0.000000000000e+00
1030,12311,PO_TPb,3.969103599857e-02
1030,12311,SED_TPb,3.969103599857e-02
1030,12311,SEDWSSD_TPb,3.969103599857e-02
1030,12311,SEDSCRS_TPb,0.000000000000e+00
1030,12311,SO_TZn,1.428877295948e+01
1030,12311,IO_TZn,0.000000000000e+00
1030,12311,AO_TZn,9.963759428773e+00
1030,12311,PO_TZn,2.425253238826e+01
1030,12311,SED_TZn,1.428877295948e+01
1030,12311,SEDWSSD_TZn,1.428877295948e+01
1030,12311,SEDSCRS_TZn,0.000000000000e+00
1030,12312,AREA,0.000000000000e+00
1030,12312,PREC,0.000000000000e+00
1030,12312,SURO,0.000000000000e+00
1030,12312,IFWO,0.000000000000e+00
1030,12312,AGWO,0.000000000000e+00
1030,12312,PERO,0.000000000000e+00
1030,12312,TAET,0.000000000000e+00
1030,12312,SEDLOAD,0.000000000000e+00
1030,12312,SEDWSSD, 0.00000e+00
1030,12312,SEDSCRS, 0.00000e+00
1030,12312,SEDSURO, 0.00000e+00
1030,12312,SEDIFWO, 0.00000e+00
1030,12312,SEDAGWO, 0.00000e+00
1030,12312,SO_TN,0.000000000000e+00
1030,12312,IO_TN,0.000000000000e+00
1030,12312,AO_TN,0.000000000000e+00
1030,12312,PO_TN,0.000000000000e+00
1030,12312,SO_TP,0.000000000000e+00
1030,12312,IO_TP,0.000000000000e+00
1030,12312,AO_TP,0.000000000000e+00
1030,12312,PO_TP,0.000000000000e+00
1030,12312,SED_TP,0.000000000000e+00
1030,12312,SEDWSSD_TP,0.000000000000e+00
1030,12312,SEDSCRS_TP,0.000000000000e+00
1030,12312,SO_TCd,0.000000000000e+00
1030,12312,IO_TCd,0.000000000000e+00
1030,12312,AO_TCd,0.000000000000e+00
1030,12312,PO_TCd,0.000000000000e+00
1030,12312,SED_TCd,0.000000000000e+00
1030,12312,SEDWSSD_TCd,0.000000000000e+00
1030,12312,SEDSCRS_TCd,0.000000000000e+00
1030,12312,SO_TCu,0.000000000000e+00
1030,12312,IO_TCu,0.000000000000e+00
1030,12312,AO_TCu,0.000000000000e+00
1030,12312,PO_TCu,0.000000000000e+00
1030,12312,SED_TCu,0.000000000000e+00
1030,12312,SEDWSSD_TCu,0.000000000000e+00
1030,12312,SEDSCRS_TCu,0.000000000000e+00
1030,12312,SO_TPb,0.000000000000e+00
1030,12312,IO_TPb,0.000000000000e+00
1030,12312,AO_TPb,0.000000000000e+00
1030,12312,PO_TPb,0.000000000000e+00
1030,12312,SED_TPb,0.000000000000e+00
1030,12312,SEDWSSD_TPb,0.000000000000e+00
1030,12312,SEDSCRS_TPb,0.000000000000e+00
1030,12312,SO_TZn,0.000000000000e+00
1030,12312,IO_TZn,0.000000000000e+00
1030,12312,AO_TZn,0.000000000000e+00
1030,12312,PO_TZn,0.000000000000e+00
1030,12312,SED_TZn,0.000000000000e+00
1030,12312,SEDWSSD_TZn,0.000000000000e+00
1030,12312,SEDSCRS_TZn,0.000000000000e+00
1030,12321,AREA,3.067620000001e-01
1030,12321,PREC,3.101000668544e+00
1030,12321,SURO,1.473532245206e-01
1030,12321,IFWO,8.641542255062e-03
1030,12321,AGWO,6.105984822276e-01
1030,12321,PERO,7.665932490033e-01
1030,12321,TAET,2.392098093258e+00
1030,12321,SEDLOAD,3.302666094041e-03
1030,12321,SEDWSSD, 3.23250e-03
1030,12321,SEDSCRS, 0.00000e+00
1030,12321,SEDSURO, 0.00000e+00
1030,12321,SEDIFWO, 9.79144e-07
1030,12321,SEDAGWO, 6.91849e-05
1030,12321,SO_TN,7.864063346384e-02
1030,12321,IO_TN,3.916581042856e-03
1030,12321,AO_TN,1.037774147992e-01
1030,12321,PO_TN,1.863346293059e-01
1030,12321,SO_TP,6.465004190715e-03
1030,12321,IO_TP,7.833162085712e-04
1030,12321,AO_TP,2.767397727979e-02
1030,12321,PO_TP,3.492229767908e-02
1030,12321,SED_TP,6.465004190715e-03
1030,12321,SEDWSSD_TP,6.465004190715e-03
1030,12321,SEDSCRS_TP,0.000000000000e+00
1030,12321,SO_TCd,1.616251047679e-05
1030,12321,IO_TCd,0.000000000000e+00
1030,12321,AO_TCd,0.000000000000e+00
1030,12321,PO_TCd,1.616251047679e-05
1030,12321,SED_TCd,1.616251047679e-05
1030,12321,SEDWSSD_TCd,1.616251047679e-05
1030,12321,SEDSCRS_TCd,0.000000000000e+00
1030,12321,SO_TCu,1.616251047679e-03
1030,12321,IO_TCu,0.000000000000e+00
1030,12321,AO_TCu,0.000000000000e+00
1030,12321,PO_TCu,1.616251047679e-03
1030,12321,SED_TCu,1.616251047679e-03
1030,12321,SEDWSSD_TCu,1.616251047679e-03
1030,12321,SEDSCRS_TCu,0.000000000000e+00
1030,12321,SO_TPb,3.232502095357e-05
1030,12321,IO_TPb,0.000000000000e+00
1030,12321,AO_TPb,0.000000000000e+00
1030,12321,PO_TPb,3.232502095357e-05
1030,12321,SED_TPb,3.232502095357e-05
1030,12321,SEDWSSD_TPb,3.232502095357e-05
1030,12321,SEDSCRS_TPb,0.000000000000e+00
1030,12321,SO_TZn,1.163700754329e-02
1030,12321,IO_TZn,0.000000000000e+00
1030,12321,AO_TZn,6.918494319948e-03
1030,12321,PO_TZn,1.855550186323e-02
1030,12321,SED_TZn,1.163700754329e-02
1030,12321,SEDWSSD_TZn,1.163700754329e-02
1030,12321,SEDSCRS_TZn,0.000000000000e+00
1030,12322,AREA,0.000000000000e+00
1030,12322,PREC,0.000000000000e+00
1030,12322,SURO,0.000000000000e+00
1030,12322,IFWO,0.000000000000e+00
1030,12322,AGWO,0.000000000000e+00
1030,12322,PERO,0.000000000000e+00
1030,12322,TAET,0.000000000000e+00
1030,12322,SEDLOAD,0.000000000000e+00
1030,12322,SEDWSSD, 0.00000e+00
1030,12322,SEDSCRS, 0.00000e+00
1030,12322,SEDSURO, 0.00000e+00
1030,12322,SEDIFWO, 0.00000e+00
1030,12322,SEDAGWO, 0.00000e+00
1030,12322,SO_TN,0.000000000000e+00
1030,12322,IO_TN,0.000000000000e+00
1030,12322,AO_TN,0.000000000000e+00
1030,12322,PO_TN,0.000000000000e+00
1030,12322,SO_TP,0.000000000000e+00
1030,12322,IO_TP,0.000000000000e+00
1030,12322,AO_TP,0.000000000000e+00
1030,12322,PO_TP,0.000000000000e+00
1030,12322,SED_TP,0.000000000000e+00
1030,12322,SEDWSSD_TP,0.000000000000e+00
1030,12322,SEDSCRS_TP,0.000000000000e+00
1030,12322,SO_TCd,0.000000000000e+00
1030,12322,IO_TCd,0.000000000000e+00
1030,12322,AO_TCd,0.000000000000e+00
1030,12322,PO_TCd,0.000000000000e+00
1030,12322,SED_TCd,0.000000000000e+00
1030,12322,SEDWSSD_TCd,0.000000000000e+00
1030,12322,SEDSCRS_TCd,0.000000000000e+00
1030,12322,SO_TCu,0.000000000000e+00
1030,12322,IO_TCu,0.000000000000e+00
1030,12322,AO_TCu,0.000000000000e+00
1030,12322,PO_TCu,0.000000000000e+00
1030,12322,SED_TCu,0.000000000000e+00
1030,12322,SEDWSSD_TCu,0.000000000000e+00
1030,12322,SEDSCRS_TCu,0.000000000000e+00
1030,12322,SO_TPb,0.000000000000e+00
1030,12322,IO_TPb,0.000000000000e+00
1030,12322,AO_TPb,0.000000000000e+00
1030,12322,PO_TPb,0.000000000000e+00
1030,12322,SED_TPb,0.000000000000e+00
1030,12322,SEDWSSD_TPb,0.000000000000e+00
1030,12322,SEDSCRS_TPb,0.000000000000e+00
1030,12322,SO_TZn,0.000000000000e+00
1030,12322,IO_TZn,0.000000000000e+00
1030,12322,AO_TZn,0.000000000000e+00
1030,12322,PO_TZn,0.000000000000e+00
1030,12322,SED_TZn,0.000000000000e+00
1030,12322,SEDWSSD_TZn,0.000000000000e+00
1030,12322,SEDSCRS_TZn,0.000000000000e+00
1030,12411,AREA,1.664672749997e+02
1030,12411,PREC,1.682787082708e+03
1030,12411,SURO,1.337164376112e+02
1030,12411,IFWO,2.241590290946e+00
1030,12411,AGWO,2.399695733100e+02
1030,12411,PERO,3.759276012122e+02
1030,12411,TAET,1.338139617092e+03
1030,12411,SEDLOAD,1.185860714238e+00
1030,12411,SEDWSSD, 1.15842e+00
1030,12411,SEDSCRS, 0.00000e+00
1030,12411,SEDSURO, 0.00000e+00
1030,12411,SEDIFWO, 2.53987e-04
1030,12411,SEDAGWO, 2.71901e-02
1030,12411,SO_TN,5.739280355831e+01
1030,12411,IO_TN,1.015949442847e+00
1030,12411,AO_TN,4.078526670707e+01
1030,12411,PO_TN,9.919401970822e+01
1030,12411,SO_TP,2.316833168376e+00
1030,12411,IO_TP,2.031898885694e-01
1030,12411,AO_TP,1.087607112188e+01
1030,12411,PO_TP,1.339609417883e+01
1030,12411,SED_TP,2.316833168376e+00
1030,12411,SEDWSSD_TP,2.316833168376e+00
1030,12411,SEDSCRS_TP,0.000000000000e+00
1030,12411,SO_TCd,5.792082920940e-03
1030,12411,IO_TCd,0.000000000000e+00
1030,12411,AO_TCd,0.000000000000e+00
1030,12411,PO_TCd,5.792082920940e-03
1030,12411,SED_TCd,5.792082920940e-03
1030,12411,SEDWSSD_TCd,5.792082920940e-03
1030,12411,SEDSCRS_TCd,0.000000000000e+00
1030,12411,SO_TCu,5.792082920939e-01
1030,12411,IO_TCu,0.000000000000e+00
1030,12411,AO_TCu,0.000000000000e+00
1030,12411,PO_TCu,5.792082920939e-01
1030,12411,SED_TCu,5.792082920939e-01
1030,12411,SEDWSSD_TCu,5.792082920939e-01
1030,12411,SEDSCRS_TCu,0.000000000000e+00
1030,12411,SO_TPb,1.158416584188e-02
1030,12411,IO_TPb,0.000000000000e+00
1030,12411,AO_TPb,0.000000000000e+00
1030,12411,PO_TPb,1.158416584188e-02
1030,12411,SED_TPb,1.158416584188e-02
1030,12411,SEDWSSD_TPb,1.158416584188e-02
1030,12411,SEDSCRS_TPb,0.000000000000e+00
1030,12411,SO_TZn,4.170299703076e+00
1030,12411,IO_TZn,0.000000000000e+00
1030,12411,AO_TZn,2.719017780471e+00
1030,12411,PO_TZn,6.889317483548e+00
1030,12411,SED_TZn,4.170299703076e+00
1030,12411,SEDWSSD_TZn,4.170299703076e+00
1030,12411,SEDSCRS_TZn,0.000000000000e+00
1030,12412,AREA,0.000000000000e+00
1030,12412,PREC,0.000000000000e+00
1030,12412,SURO,0.000000000000e+00
1030,12412,IFWO,0.000000000000e+00
1030,12412,AGWO,0.000000000000e+00
1030,12412,PERO,0.000000000000e+00
1030,12412,TAET,0.000000000000e+00
1030,12412,SEDLOAD,0.000000000000e+00
1030,12412,SEDWSSD, 0.00000e+00
1030,12412,SEDSCRS, 0.00000e+00
1030,12412,SEDSURO, 0.00000e+00
1030,12412,SEDIFWO, 0.00000e+00
1030,12412,SEDAGWO, 0.00000e+00
1030,12412,SO_TN,0.000000000000e+00
1030,12412,IO_TN,0.000000000000e+00
1030,12412,AO_TN,0.000000000000e+00
1030,12412,PO_TN,0.000000000000e+00
1030,12412,SO_TP,0.000000000000e+00
1030,12412,IO_TP,0.000000000000e+00
1030,12412,AO_TP,0.000000000000e+00
1030,12412,PO_TP,0.000000000000e+00
1030,12412,SED_TP,0.000000000000e+00
1030,12412,SEDWSSD_TP,0.000000000000e+00
1030,12412,SEDSCRS_TP,0.000000000000e+00
1030,12412,SO_TCd,0.000000000000e+00
1030,12412,IO_TCd,0.000000000000e+00
1030,12412,AO_TCd,0.000000000000e+00
1030,12412,PO_TCd,0.000000000000e+00
1030,12412,SED_TCd,0.000000000000e+00
1030,12412,SEDWSSD_TCd,0.000000000000e+00
1030,12412,SEDSCRS_TCd,0.000000000000e+00
1030,12412,SO_TCu,0.000000000000e+00
1030,12412,IO_TCu,0.000000000000e+00
1030,12412,AO_TCu,0.000000000000e+00
1030,12412,PO_TCu,0.000000000000e+00
1030,12412,SED_TCu,0.000000000000e+00
1030,12412,SEDWSSD_TCu,0.000000000000e+00
1030,12412,SEDSCRS_TCu,0.000000000000e+00
1030,12412,SO_TPb,0.000000000000e+00
1030,12412,IO_TPb,0.000000000000e+00
1030,12412,AO_TPb,0.000000000000e+00
1030,12412,PO_TPb,0.000000000000e+00
1030,12412,SED_TPb,0.000000000000e+00
1030,12412,SEDWSSD_TPb,0.000000000000e+00
1030,12412,SEDSCRS_TPb,0.000000000000e+00
1030,12412,SO_TZn,0.000000000000e+00
1030,12412,IO_TZn,0.000000000000e+00
1030,12412,AO_TZn,0.000000000000e+00
1030,12412,PO_TZn,0.000000000000e+00
1030,12412,SED_TZn,0.000000000000e+00
1030,12412,SEDWSSD_TZn,0.000000000000e+00
1030,12412,SEDSCRS_TZn,0.000000000000e+00
1030,12421,AREA,9.171484499988e+01
1030,12421,PREC,9.271285089431e+02
1030,12421,SURO,8.997531935229e+01
1030,12421,IFWO,1.102977831342e+00
1030,12421,AGWO,1.272889797987e+02
1030,12421,PERO,2.183672769823e+02
1030,12421,TAET,7.256207735618e+02
1030,12421,SEDLOAD,6.362392187233e-01
1030,12421,SEDWSSD, 6.21692e-01
1030,12421,SEDSCRS, 0.00000e+00
1030,12421,SEDSURO, 0.00000e+00
1030,12421,SEDIFWO, 1.24975e-04
1030,12421,SEDAGWO, 1.44227e-02
1030,12421,SO_TN,3.575821811002e+01
1030,12421,IO_TN,4.998994320016e-01
1030,12421,AO_TN,2.163405517772e+01
1030,12421,PO_TN,5.789217271974e+01
1030,12421,SO_TP,1.243383118055e+00
1030,12421,IO_TP,9.997988640031e-02
1030,12421,AO_TP,5.769081380724e+00
1030,12421,PO_TP,7.112444385180e+00
1030,12421,SED_TP,1.243383118055e+00
1030,12421,SEDWSSD_TP,1.243383118055e+00
1030,12421,SEDSCRS_TP,0.000000000000e+00
1030,12421,SO_TCd,3.108457795138e-03
1030,12421,IO_TCd,0.000000000000e+00
1030,12421,AO_TCd,0.000000000000e+00
1030,12421,PO_TCd,3.108457795138e-03
1030,12421,SED_TCd,3.108457795138e-03
1030,12421,SEDWSSD_TCd,3.108457795138e-03
1030,12421,SEDSCRS_TCd,0.000000000000e+00
1030,12421,SO_TCu,3.108457795138e-01
1030,12421,IO_TCu,0.000000000000e+00
1030,12421,AO_TCu,0.000000000000e+00
1030,12421,PO_TCu,3.108457795138e-01
1030,12421,SED_TCu,3.108457795138e-01
1030,12421,SEDWSSD_TCu,3.108457795138e-01
1030,12421,SEDSCRS_TCu,0.000000000000e+00
1030,12421,SO_TPb,6.216915590277e-03
1030,12421,IO_TPb,0.000000000000e+00
1030,12421,AO_TPb,0.000000000000e+00
1030,12421,PO_TPb,6.216915590277e-03
1030,12421,SED_TPb,6.216915590277e-03
1030,12421,SEDWSSD_TPb,6.216915590277e-03
1030,12421,SEDSCRS_TPb,0.000000000000e+00
1030,12421,SO_TZn,2.238089612500e+00
1030,12421,IO_TZn,0.000000000000e+00
1030,12421,AO_TZn,1.442270345181e+00
1030,12421,PO_TZn,3.680359957681e+00
1030,12421,SED_TZn,2.238089612500e+00
1030,12421,SEDWSSD_TZn,2.238089612500e+00
1030,12421,SEDSCRS_TZn,0.000000000000e+00
1030,12422,AREA,0.000000000000e+00
1030,12422,PREC,0.000000000000e+00
1030,12422,SURO,0.000000000000e+00
1030,12422,IFWO,0.000000000000e+00
1030,12422,AGWO,0.000000000000e+00
1030,12422,PERO,0.000000000000e+00
1030,12422,TAET,0.000000000000e+00
1030,12422,SEDLOAD,0.000000000000e+00
1030,12422,SEDWSSD, 0.00000e+00
1030,12422,SEDSCRS, 0.00000e+00
1030,12422,SEDSURO, 0.00000e+00
1030,12422,SEDIFWO, 0.00000e+00
1030,12422,SEDAGWO, 0.00000e+00
1030,12422,SO_TN,0.000000000000e+00
1030,12422,IO_TN,0.000000000000e+00
1030,12422,AO_TN,0.000000000000e+00
1030,12422,PO_TN,0.000000000000e+00
1030,12422,SO_TP,0.000000000000e+00
1030,12422,IO_TP,0.000000000000e+00
1030,12422,AO_TP,0.000000000000e+00
1030,12422,PO_TP,0.000000000000e+00
1030,12422,SED_TP,0.000000000000e+00
1030,12422,SEDWSSD_TP,0.000000000000e+00
1030,12422,SEDSCRS_TP,0.000000000000e+00
1030,12422,SO_TCd,0.000000000000e+00
1030,12422,IO_TCd,0.000000000000e+00
1030,12422,AO_TCd,0.000000000000e+00
1030,12422,PO_TCd,0.000000000000e+00
1030,12422,SED_TCd,0.000000000000e+00
1030,12422,SEDWSSD_TCd,0.000000000000e+00
1030,12422,SEDSCRS_TCd,0.000000000000e+00
1030,12422,SO_TCu,0.000000000000e+00
1030,12422,IO_TCu,0.000000000000e+00
1030,12422,AO_TCu,0.000000000000e+00
1030,12422,PO_TCu,0.000000000000e+00
1030,12422,SED_TCu,0.000000000000e+00
1030,12422,SEDWSSD_TCu,0.000000000000e+00
1030,12422,SEDSCRS_TCu,0.000000000000e+00
1030,12422,SO_TPb,0.000000000000e+00
1030,12422,IO_TPb,0.000000000000e+00
1030,12422,AO_TPb,0.000000000000e+00
1030,12422,PO_TPb,0.000000000000e+00
1030,12422,SED_TPb,0.000000000000e+00
1030,12422,SEDWSSD_TPb,0.000000000000e+00
1030,12422,SEDSCRS_TPb,0.000000000000e+00
1030,12422,SO_TZn,0.000000000000e+00
1030,12422,IO_TZn,0.000000000000e+00
1030,12422,AO_TZn,0.000000000000e+00
1030,12422,PO_TZn,0.000000000000e+00
1030,12422,SED_TZn,0.000000000000e+00
1030,12422,SEDWSSD_TZn,0.000000000000e+00
1030,12422,SEDSCRS_TZn,0.000000000000e+00
1030,13111,AREA,0.000000000000e+00
1030,13111,PREC,0.000000000000e+00
1030,13111,SURO,0.000000000000e+00
1030,13111,IFWO,0.000000000000e+00
1030,13111,AGWO,0.000000000000e+00
1030,13111,PERO,0.000000000000e+00
1030,13111,TAET,0.000000000000e+00
1030,13111,SEDLOAD,0.000000000000e+00
1030,13111,SEDWSSD, 0.00000e+00
1030,13111,SEDSCRS, 0.00000e+00
1030,13111,SEDSURO, 0.00000e+00
1030,13111,SEDIFWO, 0.00000e+00
1030,13111,SEDAGWO, 0.00000e+00
1030,13111,SO_TN,0.000000000000e+00
1030,13111,IO_TN,0.000000000000e+00
1030,13111,AO_TN,0.000000000000e+00
1030,13111,PO_TN,0.000000000000e+00
1030,13111,SO_TP,0.000000000000e+00
1030,13111,IO_TP,0.000000000000e+00
1030,13111,AO_TP,0.000000000000e+00
1030,13111,PO_TP,0.000000000000e+00
1030,13111,SED_TP,0.000000000000e+00
1030,13111,SEDWSSD_TP,0.000000000000e+00
1030,13111,SEDSCRS_TP,0.000000000000e+00
1030,13111,SO_TCd,0.000000000000e+00
1030,13111,IO_TCd,0.000000000000e+00
1030,13111,AO_TCd,0.000000000000e+00
1030,13111,PO_TCd,0.000000000000e+00
1030,13111,SED_TCd,0.000000000000e+00
1030,13111,SEDWSSD_TCd,0.000000000000e+00
1030,13111,SEDSCRS_TCd,0.000000000000e+00
1030,13111,SO_TCu,0.000000000000e+00
1030,13111,IO_TCu,0.000000000000e+00
1030,13111,AO_TCu,0.000000000000e+00
1030,13111,PO_TCu,0.000000000000e+00
1030,13111,SED_TCu,0.000000000000e+00
1030,13111,SEDWSSD_TCu,0.000000000000e+00
1030,13111,SEDSCRS_TCu,0.000000000000e+00
1030,13111,SO_TPb,0.000000000000e+00
1030,13111,IO_TPb,0.000000000000e+00
1030,13111,AO_TPb,0.000000000000e+00
1030,13111,PO_TPb,0.000000000000e+00
1030,13111,SED_TPb,0.000000000000e+00
1030,13111,SEDWSSD_TPb,0.000000000000e+00
1030,13111,SEDSCRS_TPb,0.000000000000e+00
1030,13111,SO_TZn,0.000000000000e+00
1030,13111,IO_TZn,0.000000000000e+00
1030,13111,AO_TZn,0.000000000000e+00
1030,13111,PO_TZn,0.000000000000e+00
1030,13111,SED_TZn,0.000000000000e+00
1030,13111,SEDWSSD_TZn,0.000000000000e+00
1030,13111,SEDSCRS_TZn,0.000000000000e+00
1030,13112,AREA,0.000000000000e+00
1030,13112,PREC,0.000000000000e+00
1030,13112,SURO,0.000000000000e+00
1030,13112,IFWO,0.000000000000e+00
1030,13112,AGWO,0.000000000000e+00
1030,13112,PERO,0.000000000000e+00
1030,13112,TAET,0.000000000000e+00
1030,13112,SEDLOAD,0.000000000000e+00
1030,13112,SEDWSSD, 0.00000e+00
1030,13112,SEDSCRS, 0.00000e+00
1030,13112,SEDSURO, 0.00000e+00
1030,13112,SEDIFWO, 0.00000e+00
1030,13112,SEDAGWO, 0.00000e+00
1030,13112,SO_TN,0.000000000000e+00
1030,13112,IO_TN,0.000000000000e+00
1030,13112,AO_TN,0.000000000000e+00
1030,13112,PO_TN,0.000000000000e+00
1030,13112,SO_TP,0.000000000000e+00
1030,13112,IO_TP,0.000000000000e+00
1030,13112,AO_TP,0.000000000000e+00
1030,13112,PO_TP,0.000000000000e+00
1030,13112,SED_TP,0.000000000000e+00
1030,13112,SEDWSSD_TP,0.000000000000e+00
1030,13112,SEDSCRS_TP,0.000000000000e+00
1030,13112,SO_TCd,0.000000000000e+00
1030,13112,IO_TCd,0.000000000000e+00
1030,13112,AO_TCd,0.000000000000e+00
1030,13112,PO_TCd,0.000000000000e+00
1030,13112,SED_TCd,0.000000000000e+00
1030,13112,SEDWSSD_TCd,0.000000000000e+00
1030,13112,SEDSCRS_TCd,0.000000000000e+00
1030,13112,SO_TCu,0.000000000000e+00
1030,13112,IO_TCu,0.000000000000e+00
1030,13112,AO_TCu,0.000000000000e+00
1030,13112,PO_TCu,0.000000000000e+00
1030,13112,SED_TCu,0.000000000000e+00
1030,13112,SEDWSSD_TCu,0.000000000000e+00
1030,13112,SEDSCRS_TCu,0.000000000000e+00
1030,13112,SO_TPb,0.000000000000e+00
1030,13112,IO_TPb,0.000000000000e+00
1030,13112,AO_TPb,0.000000000000e+00
1030,13112,PO_TPb,0.000000000000e+00
1030,13112,SED_TPb,0.000000000000e+00
1030,13112,SEDWSSD_TPb,0.000000000000e+00
1030,13112,SEDSCRS_TPb,0.000000000000e+00
1030,13112,SO_TZn,0.000000000000e+00
1030,13112,IO_TZn,0.000000000000e+00
1030,13112,AO_TZn,0.000000000000e+00
1030,13112,PO_TZn,0.000000000000e+00
1030,13112,SED_TZn,0.000000000000e+00
1030,13112,SEDWSSD_TZn,0.000000000000e+00
1030,13112,SEDSCRS_TZn,0.000000000000e+00
1030,13121,AREA,0.000000000000e+00
1030,13121,PREC,0.000000000000e+00
1030,13121,SURO,0.000000000000e+00
1030,13121,IFWO,0.000000000000e+00
1030,13121,AGWO,0.000000000000e+00
1030,13121,PERO,0.000000000000e+00
1030,13121,TAET,0.000000000000e+00
1030,13121,SEDLOAD,0.000000000000e+00
1030,13121,SEDWSSD, 0.00000e+00
1030,13121,SEDSCRS, 0.00000e+00
1030,13121,SEDSURO, 0.00000e+00
1030,13121,SEDIFWO, 0.00000e+00
1030,13121,SEDAGWO, 0.00000e+00
1030,13121,SO_TN,0.000000000000e+00
1030,13121,IO_TN,0.000000000000e+00
1030,13121,AO_TN,0.000000000000e+00
1030,13121,PO_TN,0.000000000000e+00
1030,13121,SO_TP,0.000000000000e+00
1030,13121,IO_TP,0.000000000000e+00
1030,13121,AO_TP,0.000000000000e+00
1030,13121,PO_TP,0.000000000000e+00
1030,13121,SED_TP,0.000000000000e+00
1030,13121,SEDWSSD_TP,0.000000000000e+00
1030,13121,SEDSCRS_TP,0.000000000000e+00
1030,13121,SO_TCd,0.000000000000e+00
1030,13121,IO_TCd,0.000000000000e+00
1030,13121,AO_TCd,0.000000000000e+00
1030,13121,PO_TCd,0.000000000000e+00
1030,13121,SED_TCd,0.000000000000e+00
1030,13121,SEDWSSD_TCd,0.000000000000e+00
1030,13121,SEDSCRS_TCd,0.000000000000e+00
1030,13121,SO_TCu,0.000000000000e+00
1030,13121,IO_TCu,0.000000000000e+00
1030,13121,AO_TCu,0.000000000000e+00
1030,13121,PO_TCu,0.000000000000e+00
1030,13121,SED_TCu,0.000000000000e+00
1030,13121,SEDWSSD_TCu,0.000000000000e+00
1030,13121,SEDSCRS_TCu,0.000000000000e+00
1030,13121,SO_TPb,0.000000000000e+00
1030,13121,IO_TPb,0.000000000000e+00
1030,13121,AO_TPb,0.000000000000e+00
1030,13121,PO_TPb,0.000000000000e+00
1030,13121,SED_TPb,0.000000000000e+00
1030,13121,SEDWSSD_TPb,0.000000000000e+00
1030,13121,SEDSCRS_TPb,0.000000000000e+00
1030,13121,SO_TZn,0.000000000000e+00
1030,13121,IO_TZn,0.000000000000e+00
1030,13121,AO_TZn,0.000000000000e+00
1030,13121,PO_TZn,0.000000000000e+00
1030,13121,SED_TZn,0.000000000000e+00
1030,13121,SEDWSSD_TZn,0.000000000000e+00
1030,13121,SEDSCRS_TZn,0.000000000000e+00
1030,13122,AREA,0.000000000000e+00
1030,13122,PREC,0.000000000000e+00
1030,13122,SURO,0.000000000000e+00
1030,13122,IFWO,0.000000000000e+00
1030,13122,AGWO,0.000000000000e+00
1030,13122,PERO,0.000000000000e+00
1030,13122,TAET,0.000000000000e+00
1030,13122,SEDLOAD,0.000000000000e+00
1030,13122,SEDWSSD, 0.00000e+00
1030,13122,SEDSCRS, 0.00000e+00
1030,13122,SEDSURO, 0.00000e+00
1030,13122,SEDIFWO, 0.00000e+00
1030,13122,SEDAGWO, 0.00000e+00
1030,13122,SO_TN,0.000000000000e+00
1030,13122,IO_TN,0.000000000000e+00
1030,13122,AO_TN,0.000000000000e+00
1030,13122,PO_TN,0.000000000000e+00
1030,13122,SO_TP,0.000000000000e+00
1030,13122,IO_TP,0.000000000000e+00
1030,13122,AO_TP,0.000000000000e+00
1030,13122,PO_TP,0.000000000000e+00
1030,13122,SED_TP,0.000000000000e+00
1030,13122,SEDWSSD_TP,0.000000000000e+00
1030,13122,SEDSCRS_TP,0.000000000000e+00
1030,13122,SO_TCd,0.000000000000e+00
1030,13122,IO_TCd,0.000000000000e+00
1030,13122,AO_TCd,0.000000000000e+00
1030,13122,PO_TCd,0.000000000000e+00
1030,13122,SED_TCd,0.000000000000e+00
1030,13122,SEDWSSD_TCd,0.000000000000e+00
1030,13122,SEDSCRS_TCd,0.000000000000e+00
1030,13122,SO_TCu,0.000000000000e+00
1030,13122,IO_TCu,0.000000000000e+00
1030,13122,AO_TCu,0.000000000000e+00
1030,13122,PO_TCu,0.000000000000e+00
1030,13122,SED_TCu,0.000000000000e+00
1030,13122,SEDWSSD_TCu,0.000000000000e+00
1030,13122,SEDSCRS_TCu,0.000000000000e+00
1030,13122,SO_TPb,0.000000000000e+00
1030,13122,IO_TPb,0.000000000000e+00
1030,13122,AO_TPb,0.000000000000e+00
1030,13122,PO_TPb,0.000000000000e+00
1030,13122,SED_TPb,0.000000000000e+00
1030,13122,SEDWSSD_TPb,0.000000000000e+00
1030,13122,SEDSCRS_TPb,0.000000000000e+00
1030,13122,SO_TZn,0.000000000000e+00
1030,13122,IO_TZn,0.000000000000e+00
1030,13122,AO_TZn,0.000000000000e+00
1030,13122,PO_TZn,0.000000000000e+00
1030,13122,SED_TZn,0.000000000000e+00
1030,13122,SEDWSSD_TZn,0.000000000000e+00
1030,13122,SEDSCRS_TZn,0.000000000000e+00
1030,13211,AREA,0.000000000000e+00
1030,13211,PREC,0.000000000000e+00
1030,13211,SURO,0.000000000000e+00
1030,13211,IFWO,0.000000000000e+00
1030,13211,AGWO,0.000000000000e+00
1030,13211,PERO,0.000000000000e+00
1030,13211,TAET,0.000000000000e+00
1030,13211,SEDLOAD,0.000000000000e+00
1030,13211,SEDWSSD, 0.00000e+00
1030,13211,SEDSCRS, 0.00000e+00
1030,13211,SEDSURO, 0.00000e+00
1030,13211,SEDIFWO, 0.00000e+00
1030,13211,SEDAGWO, 0.00000e+00
1030,13211,SO_TN,0.000000000000e+00
1030,13211,IO_TN,0.000000000000e+00
1030,13211,AO_TN,0.000000000000e+00
1030,13211,PO_TN,0.000000000000e+00
1030,13211,SO_TP,0.000000000000e+00
1030,13211,IO_TP,0.000000000000e+00
1030,13211,AO_TP,0.000000000000e+00
1030,13211,PO_TP,0.000000000000e+00
1030,13211,SED_TP,0.000000000000e+00
1030,13211,SEDWSSD_TP,0.000000000000e+00
1030,13211,SEDSCRS_TP,0.000000000000e+00
1030,13211,SO_TCd,0.000000000000e+00
1030,13211,IO_TCd,0.000000000000e+00
1030,13211,AO_TCd,0.000000000000e+00
1030,13211,PO_TCd,0.000000000000e+00
1030,13211,SED_TCd,0.000000000000e+00
1030,13211,SEDWSSD_TCd,0.000000000000e+00
1030,13211,SEDSCRS_TCd,0.000000000000e+00
1030,13211,SO_TCu,0.000000000000e+00
1030,13211,IO_TCu,0.000000000000e+00
1030,13211,AO_TCu,0.000000000000e+00
1030,13211,PO_TCu,0.000000000000e+00
1030,13211,SED_TCu,0.000000000000e+00
1030,13211,SEDWSSD_TCu,0.000000000000e+00
1030,13211,SEDSCRS_TCu,0.000000000000e+00
1030,13211,SO_TPb,0.000000000000e+00
1030,13211,IO_TPb,0.000000000000e+00
1030,13211,AO_TPb,0.000000000000e+00
1030,13211,PO_TPb,0.000000000000e+00
1030,13211,SED_TPb,0.000000000000e+00
1030,13211,SEDWSSD_TPb,0.000000000000e+00
1030,13211,SEDSCRS_TPb,0.000000000000e+00
1030,13211,SO_TZn,0.000000000000e+00
1030,13211,IO_TZn,0.000000000000e+00
1030,13211,AO_TZn,0.000000000000e+00
1030,13211,PO_TZn,0.000000000000e+00
1030,13211,SED_TZn,0.000000000000e+00
1030,13211,SEDWSSD_TZn,0.000000000000e+00
1030,13211,SEDSCRS_TZn,0.000000000000e+00
1030,13212,AREA,0.000000000000e+00
1030,13212,PREC,0.000000000000e+00
1030,13212,SURO,0.000000000000e+00
1030,13212,IFWO,0.000000000000e+00
1030,13212,AGWO,0.000000000000e+00
1030,13212,PERO,0.000000000000e+00
1030,13212,TAET,0.000000000000e+00
1030,13212,SEDLOAD,0.000000000000e+00
1030,13212,SEDWSSD, 0.00000e+00
1030,13212,SEDSCRS, 0.00000e+00
1030,13212,SEDSURO, 0.00000e+00
1030,13212,SEDIFWO, 0.00000e+00
1030,13212,SEDAGWO, 0.00000e+00
1030,13212,SO_TN,0.000000000000e+00
1030,13212,IO_TN,0.000000000000e+00
1030,13212,AO_TN,0.000000000000e+00
1030,13212,PO_TN,0.000000000000e+00
1030,13212,SO_TP,0.000000000000e+00
1030,13212,IO_TP,0.000000000000e+00
1030,13212,AO_TP,0.000000000000e+00
1030,13212,PO_TP,0.000000000000e+00
1030,13212,SED_TP,0.000000000000e+00
1030,13212,SEDWSSD_TP,0.000000000000e+00
1030,13212,SEDSCRS_TP,0.000000000000e+00
1030,13212,SO_TCd,0.000000000000e+00
1030,13212,IO_TCd,0.000000000000e+00
1030,13212,AO_TCd,0.000000000000e+00
1030,13212,PO_TCd,0.000000000000e+00
1030,13212,SED_TCd,0.000000000000e+00
1030,13212,SEDWSSD_TCd,0.000000000000e+00
1030,13212,SEDSCRS_TCd,0.000000000000e+00
1030,13212,SO_TCu,0.000000000000e+00
1030,13212,IO_TCu,0.000000000000e+00
1030,13212,AO_TCu,0.000000000000e+00
1030,13212,PO_TCu,0.000000000000e+00
1030,13212,SED_TCu,0.000000000000e+00
1030,13212,SEDWSSD_TCu,0.000000000000e+00
1030,13212,SEDSCRS_TCu,0.000000000000e+00
1030,13212,SO_TPb,0.000000000000e+00
1030,13212,IO_TPb,0.000000000000e+00
1030,13212,AO_TPb,0.000000000000e+00
1030,13212,PO_TPb,0.000000000000e+00
1030,13212,SED_TPb,0.000000000000e+00
1030,13212,SEDWSSD_TPb,0.000000000000e+00
1030,13212,SEDSCRS_TPb,0.000000000000e+00
1030,13212,SO_TZn,0.000000000000e+00
1030,13212,IO_TZn,0.000000000000e+00
1030,13212,AO_TZn,0.000000000000e+00
1030,13212,PO_TZn,0.000000000000e+00
1030,13212,SED_TZn,0.000000000000e+00
1030,13212,SEDWSSD_TZn,0.000000000000e+00
1030,13212,SEDSCRS_TZn,0.000000000000e+00
1030,13221,AREA,0.000000000000e+00
1030,13221,PREC,0.000000000000e+00
1030,13221,SURO,0.000000000000e+00
1030,13221,IFWO,0.000000000000e+00
1030,13221,AGWO,0.000000000000e+00
1030,13221,PERO,0.000000000000e+00
1030,13221,TAET,0.000000000000e+00
1030,13221,SEDLOAD,0.000000000000e+00
1030,13221,SEDWSSD, 0.00000e+00
1030,13221,SEDSCRS, 0.00000e+00
1030,13221,SEDSURO, 0.00000e+00
1030,13221,SEDIFWO, 0.00000e+00
1030,13221,SEDAGWO, 0.00000e+00
1030,13221,SO_TN,0.000000000000e+00
1030,13221,IO_TN,0.000000000000e+00
1030,13221,AO_TN,0.000000000000e+00
1030,13221,PO_TN,0.000000000000e+00
1030,13221,SO_TP,0.000000000000e+00
1030,13221,IO_TP,0.000000000000e+00
1030,13221,AO_TP,0.000000000000e+00
1030,13221,PO_TP,0.000000000000e+00
1030,13221,SED_TP,0.000000000000e+00
1030,13221,SEDWSSD_TP,0.000000000000e+00
1030,13221,SEDSCRS_TP,0.000000000000e+00
1030,13221,SO_TCd,0.000000000000e+00
1030,13221,IO_TCd,0.000000000000e+00
1030,13221,AO_TCd,0.000000000000e+00
1030,13221,PO_TCd,0.000000000000e+00
1030,13221,SED_TCd,0.000000000000e+00
1030,13221,SEDWSSD_TCd,0.000000000000e+00
1030,13221,SEDSCRS_TCd,0.000000000000e+00
1030,13221,SO_TCu,0.000000000000e+00
1030,13221,IO_TCu,0.000000000000e+00
1030,13221,AO_TCu,0.000000000000e+00
1030,13221,PO_TCu,0.000000000000e+00
1030,13221,SED_TCu,0.000000000000e+00
1030,13221,SEDWSSD_TCu,0.000000000000e+00
1030,13221,SEDSCRS_TCu,0.000000000000e+00
1030,13221,SO_TPb,0.000000000000e+00
1030,13221,IO_TPb,0.000000000000e+00
1030,13221,AO_TPb,0.000000000000e+00
1030,13221,PO_TPb,0.000000000000e+00
1030,13221,SED_TPb,0.000000000000e+00
1030,13221,SEDWSSD_TPb,0.000000000000e+00
1030,13221,SEDSCRS_TPb,0.000000000000e+00
1030,13221,SO_TZn,0.000000000000e+00
1030,13221,IO_TZn,0.000000000000e+00
1030,13221,AO_TZn,0.000000000000e+00
1030,13221,PO_TZn,0.000000000000e+00
1030,13221,SED_TZn,0.000000000000e+00
1030,13221,SEDWSSD_TZn,0.000000000000e+00
1030,13221,SEDSCRS_TZn,0.000000000000e+00
1030,13222,AREA,0.000000000000e+00
1030,13222,PREC,0.000000000000e+00
1030,13222,SURO,0.000000000000e+00
1030,13222,IFWO,0.000000000000e+00
1030,13222,AGWO,0.000000000000e+00
1030,13222,PERO,0.000000000000e+00
1030,13222,TAET,0.000000000000e+00
1030,13222,SEDLOAD,0.000000000000e+00
1030,13222,SEDWSSD, 0.00000e+00
1030,13222,SEDSCRS, 0.00000e+00
1030,13222,SEDSURO, 0.00000e+00
1030,13222,SEDIFWO, 0.00000e+00
1030,13222,SEDAGWO, 0.00000e+00
1030,13222,SO_TN,0.000000000000e+00
1030,13222,IO_TN,0.000000000000e+00
1030,13222,AO_TN,0.000000000000e+00
1030,13222,PO_TN,0.000000000000e+00
1030,13222,SO_TP,0.000000000000e+00
1030,13222,IO_TP,0.000000000000e+00
1030,13222,AO_TP,0.000000000000e+00
1030,13222,PO_TP,0.000000000000e+00
1030,13222,SED_TP,0.000000000000e+00
1030,13222,SEDWSSD_TP,0.000000000000e+00
1030,13222,SEDSCRS_TP,0.000000000000e+00
1030,13222,SO_TCd,0.000000000000e+00
1030,13222,IO_TCd,0.000000000000e+00
1030,13222,AO_TCd,0.000000000000e+00
1030,13222,PO_TCd,0.000000000000e+00
1030,13222,SED_TCd,0.000000000000e+00
1030,13222,SEDWSSD_TCd,0.000000000000e+00
1030,13222,SEDSCRS_TCd,0.000000000000e+00
1030,13222,SO_TCu,0.000000000000e+00
1030,13222,IO_TCu,0.000000000000e+00
1030,13222,AO_TCu,0.000000000000e+00
1030,13222,PO_TCu,0.000000000000e+00
1030,13222,SED_TCu,0.000000000000e+00
1030,13222,SEDWSSD_TCu,0.000000000000e+00
1030,13222,SEDSCRS_TCu,0.000000000000e+00
1030,13222,SO_TPb,0.000000000000e+00
1030,13222,IO_TPb,0.000000000000e+00
1030,13222,AO_TPb,0.000000000000e+00
1030,13222,PO_TPb,0.000000000000e+00
1030,13222,SED_TPb,0.000000000000e+00
1030,13222,SEDWSSD_TPb,0.000000000000e+00
1030,13222,SEDSCRS_TPb,0.000000000000e+00
1030,13222,SO_TZn,0.000000000000e+00
1030,13222,IO_TZn,0.000000000000e+00
1030,13222,AO_TZn,0.000000000000e+00
1030,13222,PO_TZn,0.000000000000e+00
1030,13222,SED_TZn,0.000000000000e+00
1030,13222,SEDWSSD_TZn,0.000000000000e+00
1030,13222,SEDSCRS_TZn,0.000000000000e+00
1030,13231,AREA,0.000000000000e+00
1030,13231,PREC,0.000000000000e+00
1030,13231,SURO,0.000000000000e+00
1030,13231,IFWO,0.000000000000e+00
1030,13231,AGWO,0.000000000000e+00
1030,13231,PERO,0.000000000000e+00
1030,13231,TAET,0.000000000000e+00
1030,13231,SEDLOAD,0.000000000000e+00
1030,13231,SEDWSSD, 0.00000e+00
1030,13231,SEDSCRS, 0.00000e+00
1030,13231,SEDSURO, 0.00000e+00
1030,13231,SEDIFWO, 0.00000e+00
1030,13231,SEDAGWO, 0.00000e+00
1030,13231,SO_TN,0.000000000000e+00
1030,13231,IO_TN,0.000000000000e+00
1030,13231,AO_TN,0.000000000000e+00
1030,13231,PO_TN,0.000000000000e+00
1030,13231,SO_TP,0.000000000000e+00
1030,13231,IO_TP,0.000000000000e+00
1030,13231,AO_TP,0.000000000000e+00
1030,13231,PO_TP,0.000000000000e+00
1030,13231,SED_TP,0.000000000000e+00
1030,13231,SEDWSSD_TP,0.000000000000e+00
1030,13231,SEDSCRS_TP,0.000000000000e+00
1030,13231,SO_TCd,0.000000000000e+00
1030,13231,IO_TCd,0.000000000000e+00
1030,13231,AO_TCd,0.000000000000e+00
1030,13231,PO_TCd,0.000000000000e+00
1030,13231,SED_TCd,0.000000000000e+00
1030,13231,SEDWSSD_TCd,0.000000000000e+00
1030,13231,SEDSCRS_TCd,0.000000000000e+00
1030,13231,SO_TCu,0.000000000000e+00
1030,13231,IO_TCu,0.000000000000e+00
1030,13231,AO_TCu,0.000000000000e+00
1030,13231,PO_TCu,0.000000000000e+00
1030,13231,SED_TCu,0.000000000000e+00
1030,13231,SEDWSSD_TCu,0.000000000000e+00
1030,13231,SEDSCRS_TCu,0.000000000000e+00
1030,13231,SO_TPb,0.000000000000e+00
1030,13231,IO_TPb,0.000000000000e+00
1030,13231,AO_TPb,0.000000000000e+00
1030,13231,PO_TPb,0.000000000000e+00
1030,13231,SED_TPb,0.000000000000e+00
1030,13231,SEDWSSD_TPb,0.000000000000e+00
1030,13231,SEDSCRS_TPb,0.000000000000e+00
1030,13231,SO_TZn,0.000000000000e+00
1030,13231,IO_TZn,0.000000000000e+00
1030,13231,AO_TZn,0.000000000000e+00
1030,13231,PO_TZn,0.000000000000e+00
1030,13231,SED_TZn,0.000000000000e+00
1030,13231,SEDWSSD_TZn,0.000000000000e+00
1030,13231,SEDSCRS_TZn,0.000000000000e+00
1030,13232,AREA,0.000000000000e+00
1030,13232,PREC,0.000000000000e+00
1030,13232,SURO,0.000000000000e+00
1030,13232,IFWO,0.000000000000e+00
1030,13232,AGWO,0.000000000000e+00
1030,13232,PERO,0.000000000000e+00
1030,13232,TAET,0.000000000000e+00
1030,13232,SEDLOAD,0.000000000000e+00
1030,13232,SEDWSSD, 0.00000e+00
1030,13232,SEDSCRS, 0.00000e+00
1030,13232,SEDSURO, 0.00000e+00
1030,13232,SEDIFWO, 0.00000e+00
1030,13232,SEDAGWO, 0.00000e+00
1030,13232,SO_TN,0.000000000000e+00
1030,13232,IO_TN,0.000000000000e+00
1030,13232,AO_TN,0.000000000000e+00
1030,13232,PO_TN,0.000000000000e+00
1030,13232,SO_TP,0.000000000000e+00
1030,13232,IO_TP,0.000000000000e+00
1030,13232,AO_TP,0.000000000000e+00
1030,13232,PO_TP,0.000000000000e+00
1030,13232,SED_TP,0.000000000000e+00
1030,13232,SEDWSSD_TP,0.000000000000e+00
1030,13232,SEDSCRS_TP,0.000000000000e+00
1030,13232,SO_TCd,0.000000000000e+00
1030,13232,IO_TCd,0.000000000000e+00
1030,13232,AO_TCd,0.000000000000e+00
1030,13232,PO_TCd,0.000000000000e+00
1030,13232,SED_TCd,0.000000000000e+00
1030,13232,SEDWSSD_TCd,0.000000000000e+00
1030,13232,SEDSCRS_TCd,0.000000000000e+00
1030,13232,SO_TCu,0.000000000000e+00
1030,13232,IO_TCu,0.000000000000e+00
1030,13232,AO_TCu,0.000000000000e+00
1030,13232,PO_TCu,0.000000000000e+00
1030,13232,SED_TCu,0.000000000000e+00
1030,13232,SEDWSSD_TCu,0.000000000000e+00
1030,13232,SEDSCRS_TCu,0.000000000000e+00
1030,13232,SO_TPb,0.000000000000e+00
1030,13232,IO_TPb,0.000000000000e+00
1030,13232,AO_TPb,0.000000000000e+00
1030,13232,PO_TPb,0.000000000000e+00
1030,13232,SED_TPb,0.000000000000e+00
1030,13232,SEDWSSD_TPb,0.000000000000e+00
1030,13232,SEDSCRS_TPb,0.000000000000e+00
1030,13232,SO_TZn,0.000000000000e+00
1030,13232,IO_TZn,0.000000000000e+00
1030,13232,AO_TZn,0.000000000000e+00
1030,13232,PO_TZn,0.000000000000e+00
1030,13232,SED_TZn,0.000000000000e+00
1030,13232,SEDWSSD_TZn,0.000000000000e+00
1030,13232,SEDSCRS_TZn,0.000000000000e+00
1030,13311,AREA,0.000000000000e+00
1030,13311,PREC,0.000000000000e+00
1030,13311,SURO,0.000000000000e+00
1030,13311,IFWO,0.000000000000e+00
1030,13311,AGWO,0.000000000000e+00
1030,13311,PERO,0.000000000000e+00
1030,13311,TAET,0.000000000000e+00
1030,13311,SEDLOAD,0.000000000000e+00
1030,13311,SEDWSSD, 0.00000e+00
1030,13311,SEDSCRS, 0.00000e+00
1030,13311,SEDSURO, 0.00000e+00
1030,13311,SEDIFWO, 0.00000e+00
1030,13311,SEDAGWO, 0.00000e+00
1030,13311,SO_TN,0.000000000000e+00
1030,13311,IO_TN,0.000000000000e+00
1030,13311,AO_TN,0.000000000000e+00
1030,13311,PO_TN,0.000000000000e+00
1030,13311,SO_TP,0.000000000000e+00
1030,13311,IO_TP,0.000000000000e+00
1030,13311,AO_TP,0.000000000000e+00
1030,13311,PO_TP,0.000000000000e+00
1030,13311,SED_TP,0.000000000000e+00
1030,13311,SEDWSSD_TP,0.000000000000e+00
1030,13311,SEDSCRS_TP,0.000000000000e+00
1030,13311,SO_TCd,0.000000000000e+00
1030,13311,IO_TCd,0.000000000000e+00
1030,13311,AO_TCd,0.000000000000e+00
1030,13311,PO_TCd,0.000000000000e+00
1030,13311,SED_TCd,0.000000000000e+00
1030,13311,SEDWSSD_TCd,0.000000000000e+00
1030,13311,SEDSCRS_TCd,0.000000000000e+00
1030,13311,SO_TCu,0.000000000000e+00
1030,13311,IO_TCu,0.000000000000e+00
1030,13311,AO_TCu,0.000000000000e+00
1030,13311,PO_TCu,0.000000000000e+00
1030,13311,SED_TCu,0.000000000000e+00
1030,13311,SEDWSSD_TCu,0.000000000000e+00
1030,13311,SEDSCRS_TCu,0.000000000000e+00
1030,13311,SO_TPb,0.000000000000e+00
1030,13311,IO_TPb,0.000000000000e+00
1030,13311,AO_TPb,0.000000000000e+00
1030,13311,PO_TPb,0.000000000000e+00
1030,13311,SED_TPb,0.000000000000e+00
1030,13311,SEDWSSD_TPb,0.000000000000e+00
1030,13311,SEDSCRS_TPb,0.000000000000e+00
1030,13311,SO_TZn,0.000000000000e+00
1030,13311,IO_TZn,0.000000000000e+00
1030,13311,AO_TZn,0.000000000000e+00
1030,13311,PO_TZn,0.000000000000e+00
1030,13311,SED_TZn,0.000000000000e+00
1030,13311,SEDWSSD_TZn,0.000000000000e+00
1030,13311,SEDSCRS_TZn,0.000000000000e+00
1030,13312,AREA,0.000000000000e+00
1030,13312,PREC,0.000000000000e+00
1030,13312,SURO,0.000000000000e+00
1030,13312,IFWO,0.000000000000e+00
1030,13312,AGWO,0.000000000000e+00
1030,13312,PERO,0.000000000000e+00
1030,13312,TAET,0.000000000000e+00
1030,13312,SEDLOAD,0.000000000000e+00
1030,13312,SEDWSSD, 0.00000e+00
1030,13312,SEDSCRS, 0.00000e+00
1030,13312,SEDSURO, 0.00000e+00
1030,13312,SEDIFWO, 0.00000e+00
1030,13312,SEDAGWO, 0.00000e+00
1030,13312,SO_TN,0.000000000000e+00
1030,13312,IO_TN,0.000000000000e+00
1030,13312,AO_TN,0.000000000000e+00
1030,13312,PO_TN,0.000000000000e+00
1030,13312,SO_TP,0.000000000000e+00
1030,13312,IO_TP,0.000000000000e+00
1030,13312,AO_TP,0.000000000000e+00
1030,13312,PO_TP,0.000000000000e+00
1030,13312,SED_TP,0.000000000000e+00
1030,13312,SEDWSSD_TP,0.000000000000e+00
1030,13312,SEDSCRS_TP,0.000000000000e+00
1030,13312,SO_TCd,0.000000000000e+00
1030,13312,IO_TCd,0.000000000000e+00
1030,13312,AO_TCd,0.000000000000e+00
1030,13312,PO_TCd,0.000000000000e+00
1030,13312,SED_TCd,0.000000000000e+00
1030,13312,SEDWSSD_TCd,0.000000000000e+00
1030,13312,SEDSCRS_TCd,0.000000000000e+00
1030,13312,SO_TCu,0.000000000000e+00
1030,13312,IO_TCu,0.000000000000e+00
1030,13312,AO_TCu,0.000000000000e+00
1030,13312,PO_TCu,0.000000000000e+00
1030,13312,SED_TCu,0.000000000000e+00
1030,13312,SEDWSSD_TCu,0.000000000000e+00
1030,13312,SEDSCRS_TCu,0.000000000000e+00
1030,13312,SO_TPb,0.000000000000e+00
1030,13312,IO_TPb,0.000000000000e+00
1030,13312,AO_TPb,0.000000000000e+00
1030,13312,PO_TPb,0.000000000000e+00
1030,13312,SED_TPb,0.000000000000e+00
1030,13312,SEDWSSD_TPb,0.000000000000e+00
1030,13312,SEDSCRS_TPb,0.000000000000e+00
1030,13312,SO_TZn,0.000000000000e+00
1030,13312,IO_TZn,0.000000000000e+00
1030,13312,AO_TZn,0.000000000000e+00
1030,13312,PO_TZn,0.000000000000e+00
1030,13312,SED_TZn,0.000000000000e+00
1030,13312,SEDWSSD_TZn,0.000000000000e+00
1030,13312,SEDSCRS_TZn,0.000000000000e+00
1030,13321,AREA,0.000000000000e+00
1030,13321,PREC,0.000000000000e+00
1030,13321,SURO,0.000000000000e+00
1030,13321,IFWO,0.000000000000e+00
1030,13321,AGWO,0.000000000000e+00
1030,13321,PERO,0.000000000000e+00
1030,13321,TAET,0.000000000000e+00
1030,13321,SEDLOAD,0.000000000000e+00
1030,13321,SEDWSSD, 0.00000e+00
1030,13321,SEDSCRS, 0.00000e+00
1030,13321,SEDSURO, 0.00000e+00
1030,13321,SEDIFWO, 0.00000e+00
1030,13321,SEDAGWO, 0.00000e+00
1030,13321,SO_TN,0.000000000000e+00
1030,13321,IO_TN,0.000000000000e+00
1030,13321,AO_TN,0.000000000000e+00
1030,13321,PO_TN,0.000000000000e+00
1030,13321,SO_TP,0.000000000000e+00
1030,13321,IO_TP,0.000000000000e+00
1030,13321,AO_TP,0.000000000000e+00
1030,13321,PO_TP,0.000000000000e+00
1030,13321,SED_TP,0.000000000000e+00
1030,13321,SEDWSSD_TP,0.000000000000e+00
1030,13321,SEDSCRS_TP,0.000000000000e+00
1030,13321,SO_TCd,0.000000000000e+00
1030,13321,IO_TCd,0.000000000000e+00
1030,13321,AO_TCd,0.000000000000e+00
1030,13321,PO_TCd,0.000000000000e+00
1030,13321,SED_TCd,0.000000000000e+00
1030,13321,SEDWSSD_TCd,0.000000000000e+00
1030,13321,SEDSCRS_TCd,0.000000000000e+00
1030,13321,SO_TCu,0.000000000000e+00
1030,13321,IO_TCu,0.000000000000e+00
1030,13321,AO_TCu,0.000000000000e+00
1030,13321,PO_TCu,0.000000000000e+00
1030,13321,SED_TCu,0.000000000000e+00
1030,13321,SEDWSSD_TCu,0.000000000000e+00
1030,13321,SEDSCRS_TCu,0.000000000000e+00
1030,13321,SO_TPb,0.000000000000e+00
1030,13321,IO_TPb,0.000000000000e+00
1030,13321,AO_TPb,0.000000000000e+00
1030,13321,PO_TPb,0.000000000000e+00
1030,13321,SED_TPb,0.000000000000e+00
1030,13321,SEDWSSD_TPb,0.000000000000e+00
1030,13321,SEDSCRS_TPb,0.000000000000e+00
1030,13321,SO_TZn,0.000000000000e+00
1030,13321,IO_TZn,0.000000000000e+00
1030,13321,AO_TZn,0.000000000000e+00
1030,13321,PO_TZn,0.000000000000e+00
1030,13321,SED_TZn,0.000000000000e+00
1030,13321,SEDWSSD_TZn,0.000000000000e+00
1030,13321,SEDSCRS_TZn,0.000000000000e+00
1030,13322,AREA,0.000000000000e+00
1030,13322,PREC,0.000000000000e+00
1030,13322,SURO,0.000000000000e+00
1030,13322,IFWO,0.000000000000e+00
1030,13322,AGWO,0.000000000000e+00
1030,13322,PERO,0.000000000000e+00
1030,13322,TAET,0.000000000000e+00
1030,13322,SEDLOAD,0.000000000000e+00
1030,13322,SEDWSSD, 0.00000e+00
1030,13322,SEDSCRS, 0.00000e+00
1030,13322,SEDSURO, 0.00000e+00
1030,13322,SEDIFWO, 0.00000e+00
1030,13322,SEDAGWO, 0.00000e+00
1030,13322,SO_TN,0.000000000000e+00
1030,13322,IO_TN,0.000000000000e+00
1030,13322,AO_TN,0.000000000000e+00
1030,13322,PO_TN,0.000000000000e+00
1030,13322,SO_TP,0.000000000000e+00
1030,13322,IO_TP,0.000000000000e+00
1030,13322,AO_TP,0.000000000000e+00
1030,13322,PO_TP,0.000000000000e+00
1030,13322,SED_TP,0.000000000000e+00
1030,13322,SEDWSSD_TP,0.000000000000e+00
1030,13322,SEDSCRS_TP,0.000000000000e+00
1030,13322,SO_TCd,0.000000000000e+00
1030,13322,IO_TCd,0.000000000000e+00
1030,13322,AO_TCd,0.000000000000e+00
1030,13322,PO_TCd,0.000000000000e+00
1030,13322,SED_TCd,0.000000000000e+00
1030,13322,SEDWSSD_TCd,0.000000000000e+00
1030,13322,SEDSCRS_TCd,0.000000000000e+00
1030,13322,SO_TCu,0.000000000000e+00
1030,13322,IO_TCu,0.000000000000e+00
1030,13322,AO_TCu,0.000000000000e+00
1030,13322,PO_TCu,0.000000000000e+00
1030,13322,SED_TCu,0.000000000000e+00
1030,13322,SEDWSSD_TCu,0.000000000000e+00
1030,13322,SEDSCRS_TCu,0.000000000000e+00
1030,13322,SO_TPb,0.000000000000e+00
1030,13322,IO_TPb,0.000000000000e+00
1030,13322,AO_TPb,0.000000000000e+00
1030,13322,PO_TPb,0.000000000000e+00
1030,13322,SED_TPb,0.000000000000e+00
1030,13322,SEDWSSD_TPb,0.000000000000e+00
1030,13322,SEDSCRS_TPb,0.000000000000e+00
1030,13322,SO_TZn,0.000000000000e+00
1030,13322,IO_TZn,0.000000000000e+00
1030,13322,AO_TZn,0.000000000000e+00
1030,13322,PO_TZn,0.000000000000e+00
1030,13322,SED_TZn,0.000000000000e+00
1030,13322,SEDWSSD_TZn,0.000000000000e+00
1030,13322,SEDSCRS_TZn,0.000000000000e+00
1030,13331,AREA,0.000000000000e+00
1030,13331,PREC,0.000000000000e+00
1030,13331,SURO,0.000000000000e+00
1030,13331,IFWO,0.000000000000e+00
1030,13331,AGWO,0.000000000000e+00
1030,13331,PERO,0.000000000000e+00
1030,13331,TAET,0.000000000000e+00
1030,13331,SEDLOAD,0.000000000000e+00
1030,13331,SEDWSSD, 0.00000e+00
1030,13331,SEDSCRS, 0.00000e+00
1030,13331,SEDSURO, 0.00000e+00
1030,13331,SEDIFWO, 0.00000e+00
1030,13331,SEDAGWO, 0.00000e+00
1030,13331,SO_TN,0.000000000000e+00
1030,13331,IO_TN,0.000000000000e+00
1030,13331,AO_TN,0.000000000000e+00
1030,13331,PO_TN,0.000000000000e+00
1030,13331,SO_TP,0.000000000000e+00
1030,13331,IO_TP,0.000000000000e+00
1030,13331,AO_TP,0.000000000000e+00
1030,13331,PO_TP,0.000000000000e+00
1030,13331,SED_TP,0.000000000000e+00
1030,13331,SEDWSSD_TP,0.000000000000e+00
1030,13331,SEDSCRS_TP,0.000000000000e+00
1030,13331,SO_TCd,0.000000000000e+00
1030,13331,IO_TCd,0.000000000000e+00
1030,13331,AO_TCd,0.000000000000e+00
1030,13331,PO_TCd,0.000000000000e+00
1030,13331,SED_TCd,0.000000000000e+00
1030,13331,SEDWSSD_TCd,0.000000000000e+00
1030,13331,SEDSCRS_TCd,0.000000000000e+00
1030,13331,SO_TCu,0.000000000000e+00
1030,13331,IO_TCu,0.000000000000e+00
1030,13331,AO_TCu,0.000000000000e+00
1030,13331,PO_TCu,0.000000000000e+00
1030,13331,SED_TCu,0.000000000000e+00
1030,13331,SEDWSSD_TCu,0.000000000000e+00
1030,13331,SEDSCRS_TCu,0.000000000000e+00
1030,13331,SO_TPb,0.000000000000e+00
1030,13331,IO_TPb,0.000000000000e+00
1030,13331,AO_TPb,0.000000000000e+00
1030,13331,PO_TPb,0.000000000000e+00
1030,13331,SED_TPb,0.000000000000e+00
1030,13331,SEDWSSD_TPb,0.000000000000e+00
1030,13331,SEDSCRS_TPb,0.000000000000e+00
1030,13331,SO_TZn,0.000000000000e+00
1030,13331,IO_TZn,0.000000000000e+00
1030,13331,AO_TZn,0.000000000000e+00
1030,13331,PO_TZn,0.000000000000e+00
1030,13331,SED_TZn,0.000000000000e+00
1030,13331,SEDWSSD_TZn,0.000000000000e+00
1030,13331,SEDSCRS_TZn,0.000000000000e+00
1030,13411,AREA,0.000000000000e+00
1030,13411,PREC,0.000000000000e+00
1030,13411,SURO,0.000000000000e+00
1030,13411,IFWO,0.000000000000e+00
1030,13411,AGWO,0.000000000000e+00
1030,13411,PERO,0.000000000000e+00
1030,13411,TAET,0.000000000000e+00
1030,13411,SEDLOAD,0.000000000000e+00
1030,13411,SEDWSSD, 0.00000e+00
1030,13411,SEDSCRS, 0.00000e+00
1030,13411,SEDSURO, 0.00000e+00
1030,13411,SEDIFWO, 0.00000e+00
1030,13411,SEDAGWO, 0.00000e+00
1030,13411,SO_TN,0.000000000000e+00
1030,13411,IO_TN,0.000000000000e+00
1030,13411,AO_TN,0.000000000000e+00
1030,13411,PO_TN,0.000000000000e+00
1030,13411,SO_TP,0.000000000000e+00
1030,13411,IO_TP,0.000000000000e+00
1030,13411,AO_TP,0.000000000000e+00
1030,13411,PO_TP,0.000000000000e+00
1030,13411,SED_TP,0.000000000000e+00
1030,13411,SEDWSSD_TP,0.000000000000e+00
1030,13411,SEDSCRS_TP,0.000000000000e+00
1030,13411,SO_TCd,0.000000000000e+00
1030,13411,IO_TCd,0.000000000000e+00
1030,13411,AO_TCd,0.000000000000e+00
1030,13411,PO_TCd,0.000000000000e+00
1030,13411,SED_TCd,0.000000000000e+00
1030,13411,SEDWSSD_TCd,0.000000000000e+00
1030,13411,SEDSCRS_TCd,0.000000000000e+00
1030,13411,SO_TCu,0.000000000000e+00
1030,13411,IO_TCu,0.000000000000e+00
1030,13411,AO_TCu,0.000000000000e+00
1030,13411,PO_TCu,0.000000000000e+00
1030,13411,SED_TCu,0.000000000000e+00
1030,13411,SEDWSSD_TCu,0.000000000000e+00
1030,13411,SEDSCRS_TCu,0.000000000000e+00
1030,13411,SO_TPb,0.000000000000e+00
1030,13411,IO_TPb,0.000000000000e+00
1030,13411,AO_TPb,0.000000000000e+00
1030,13411,PO_TPb,0.000000000000e+00
1030,13411,SED_TPb,0.000000000000e+00
1030,13411,SEDWSSD_TPb,0.000000000000e+00
1030,13411,SEDSCRS_TPb,0.000000000000e+00
1030,13411,SO_TZn,0.000000000000e+00
1030,13411,IO_TZn,0.000000000000e+00
1030,13411,AO_TZn,0.000000000000e+00
1030,13411,PO_TZn,0.000000000000e+00
1030,13411,SED_TZn,0.000000000000e+00
1030,13411,SEDWSSD_TZn,0.000000000000e+00
1030,13411,SEDSCRS_TZn,0.000000000000e+00
1030,13412,AREA,0.000000000000e+00
1030,13412,PREC,0.000000000000e+00
1030,13412,SURO,0.000000000000e+00
1030,13412,IFWO,0.000000000000e+00
1030,13412,AGWO,0.000000000000e+00
1030,13412,PERO,0.000000000000e+00
1030,13412,TAET,0.000000000000e+00
1030,13412,SEDLOAD,0.000000000000e+00
1030,13412,SEDWSSD, 0.00000e+00
1030,13412,SEDSCRS, 0.00000e+00
1030,13412,SEDSURO, 0.00000e+00
1030,13412,SEDIFWO, 0.00000e+00
1030,13412,SEDAGWO, 0.00000e+00
1030,13412,SO_TN,0.000000000000e+00
1030,13412,IO_TN,0.000000000000e+00
1030,13412,AO_TN,0.000000000000e+00
1030,13412,PO_TN,0.000000000000e+00
1030,13412,SO_TP,0.000000000000e+00
1030,13412,IO_TP,0.000000000000e+00
1030,13412,AO_TP,0.000000000000e+00
1030,13412,PO_TP,0.000000000000e+00
1030,13412,SED_TP,0.000000000000e+00
1030,13412,SEDWSSD_TP,0.000000000000e+00
1030,13412,SEDSCRS_TP,0.000000000000e+00
1030,13412,SO_TCd,0.000000000000e+00
1030,13412,IO_TCd,0.000000000000e+00
1030,13412,AO_TCd,0.000000000000e+00
1030,13412,PO_TCd,0.000000000000e+00
1030,13412,SED_TCd,0.000000000000e+00
1030,13412,SEDWSSD_TCd,0.000000000000e+00
1030,13412,SEDSCRS_TCd,0.000000000000e+00
1030,13412,SO_TCu,0.000000000000e+00
1030,13412,IO_TCu,0.000000000000e+00
1030,13412,AO_TCu,0.000000000000e+00
1030,13412,PO_TCu,0.000000000000e+00
1030,13412,SED_TCu,0.000000000000e+00
1030,13412,SEDWSSD_TCu,0.000000000000e+00
1030,13412,SEDSCRS_TCu,0.000000000000e+00
1030,13412,SO_TPb,0.000000000000e+00
1030,13412,IO_TPb,0.000000000000e+00
1030,13412,AO_TPb,0.000000000000e+00
1030,13412,PO_TPb,0.000000000000e+00
1030,13412,SED_TPb,0.000000000000e+00
1030,13412,SEDWSSD_TPb,0.000000000000e+00
1030,13412,SEDSCRS_TPb,0.000000000000e+00
1030,13412,SO_TZn,0.000000000000e+00
1030,13412,IO_TZn,0.000000000000e+00
1030,13412,AO_TZn,0.000000000000e+00
1030,13412,PO_TZn,0.000000000000e+00
1030,13412,SED_TZn,0.000000000000e+00
1030,13412,SEDWSSD_TZn,0.000000000000e+00
1030,13412,SEDSCRS_TZn,0.000000000000e+00
1030,13421,AREA,0.000000000000e+00
1030,13421,PREC,0.000000000000e+00
1030,13421,SURO,0.000000000000e+00
1030,13421,IFWO,0.000000000000e+00
1030,13421,AGWO,0.000000000000e+00
1030,13421,PERO,0.000000000000e+00
1030,13421,TAET,0.000000000000e+00
1030,13421,SEDLOAD,0.000000000000e+00
1030,13421,SEDWSSD, 0.00000e+00
1030,13421,SEDSCRS, 0.00000e+00
1030,13421,SEDSURO, 0.00000e+00
1030,13421,SEDIFWO, 0.00000e+00
1030,13421,SEDAGWO, 0.00000e+00
1030,13421,SO_TN,0.000000000000e+00
1030,13421,IO_TN,0.000000000000e+00
1030,13421,AO_TN,0.000000000000e+00
1030,13421,PO_TN,0.000000000000e+00
1030,13421,SO_TP,0.000000000000e+00
1030,13421,IO_TP,0.000000000000e+00
1030,13421,AO_TP,0.000000000000e+00
1030,13421,PO_TP,0.000000000000e+00
1030,13421,SED_TP,0.000000000000e+00
1030,13421,SEDWSSD_TP,0.000000000000e+00
1030,13421,SEDSCRS_TP,0.000000000000e+00
1030,13421,SO_TCd,0.000000000000e+00
1030,13421,IO_TCd,0.000000000000e+00
1030,13421,AO_TCd,0.000000000000e+00
1030,13421,PO_TCd,0.000000000000e+00
1030,13421,SED_TCd,0.000000000000e+00
1030,13421,SEDWSSD_TCd,0.000000000000e+00
1030,13421,SEDSCRS_TCd,0.000000000000e+00
1030,13421,SO_TCu,0.000000000000e+00
1030,13421,IO_TCu,0.000000000000e+00
1030,13421,AO_TCu,0.000000000000e+00
1030,13421,PO_TCu,0.000000000000e+00
1030,13421,SED_TCu,0.000000000000e+00
1030,13421,SEDWSSD_TCu,0.000000000000e+00
1030,13421,SEDSCRS_TCu,0.000000000000e+00
1030,13421,SO_TPb,0.000000000000e+00
1030,13421,IO_TPb,0.000000000000e+00
1030,13421,AO_TPb,0.000000000000e+00
1030,13421,PO_TPb,0.000000000000e+00
1030,13421,SED_TPb,0.000000000000e+00
1030,13421,SEDWSSD_TPb,0.000000000000e+00
1030,13421,SEDSCRS_TPb,0.000000000000e+00
1030,13421,SO_TZn,0.000000000000e+00
1030,13421,IO_TZn,0.000000000000e+00
1030,13421,AO_TZn,0.000000000000e+00
1030,13421,PO_TZn,0.000000000000e+00
1030,13421,SED_TZn,0.000000000000e+00
1030,13421,SEDWSSD_TZn,0.000000000000e+00
1030,13421,SEDSCRS_TZn,0.000000000000e+00
1030,13422,AREA,0.000000000000e+00
1030,13422,PREC,0.000000000000e+00
1030,13422,SURO,0.000000000000e+00
1030,13422,IFWO,0.000000000000e+00
1030,13422,AGWO,0.000000000000e+00
1030,13422,PERO,0.000000000000e+00
1030,13422,TAET,0.000000000000e+00
1030,13422,SEDLOAD,0.000000000000e+00
1030,13422,SEDWSSD, 0.00000e+00
1030,13422,SEDSCRS, 0.00000e+00
1030,13422,SEDSURO, 0.00000e+00
1030,13422,SEDIFWO, 0.00000e+00
1030,13422,SEDAGWO, 0.00000e+00
1030,13422,SO_TN,0.000000000000e+00
1030,13422,IO_TN,0.000000000000e+00
1030,13422,AO_TN,0.000000000000e+00
1030,13422,PO_TN,0.000000000000e+00
1030,13422,SO_TP,0.000000000000e+00
1030,13422,IO_TP,0.000000000000e+00
1030,13422,AO_TP,0.000000000000e+00
1030,13422,PO_TP,0.000000000000e+00
1030,13422,SED_TP,0.000000000000e+00
1030,13422,SEDWSSD_TP,0.000000000000e+00
1030,13422,SEDSCRS_TP,0.000000000000e+00
1030,13422,SO_TCd,0.000000000000e+00
1030,13422,IO_TCd,0.000000000000e+00
1030,13422,AO_TCd,0.000000000000e+00
1030,13422,PO_TCd,0.000000000000e+00
1030,13422,SED_TCd,0.000000000000e+00
1030,13422,SEDWSSD_TCd,0.000000000000e+00
1030,13422,SEDSCRS_TCd,0.000000000000e+00
1030,13422,SO_TCu,0.000000000000e+00
1030,13422,IO_TCu,0.000000000000e+00
1030,13422,AO_TCu,0.000000000000e+00
1030,13422,PO_TCu,0.000000000000e+00
1030,13422,SED_TCu,0.000000000000e+00
1030,13422,SEDWSSD_TCu,0.000000000000e+00
1030,13422,SEDSCRS_TCu,0.000000000000e+00
1030,13422,SO_TPb,0.000000000000e+00
1030,13422,IO_TPb,0.000000000000e+00
1030,13422,AO_TPb,0.000000000000e+00
1030,13422,PO_TPb,0.000000000000e+00
1030,13422,SED_TPb,0.000000000000e+00
1030,13422,SEDWSSD_TPb,0.000000000000e+00
1030,13422,SEDSCRS_TPb,0.000000000000e+00
1030,13422,SO_TZn,0.000000000000e+00
1030,13422,IO_TZn,0.000000000000e+00
1030,13422,AO_TZn,0.000000000000e+00
1030,13422,PO_TZn,0.000000000000e+00
1030,13422,SED_TZn,0.000000000000e+00
1030,13422,SEDWSSD_TZn,0.000000000000e+00
1030,13422,SEDSCRS_TZn,0.000000000000e+00
1030,13431,AREA,0.000000000000e+00
1030,13431,PREC,0.000000000000e+00
1030,13431,SURO,0.000000000000e+00
1030,13431,IFWO,0.000000000000e+00
1030,13431,AGWO,0.000000000000e+00
1030,13431,PERO,0.000000000000e+00
1030,13431,TAET,0.000000000000e+00
1030,13431,SEDLOAD,0.000000000000e+00
1030,13431,SEDWSSD, 0.00000e+00
1030,13431,SEDSCRS, 0.00000e+00
1030,13431,SEDSURO, 0.00000e+00
1030,13431,SEDIFWO, 0.00000e+00
1030,13431,SEDAGWO, 0.00000e+00
1030,13431,SO_TN,0.000000000000e+00
1030,13431,IO_TN,0.000000000000e+00
1030,13431,AO_TN,0.000000000000e+00
1030,13431,PO_TN,0.000000000000e+00
1030,13431,SO_TP,0.000000000000e+00
1030,13431,IO_TP,0.000000000000e+00
1030,13431,AO_TP,0.000000000000e+00
1030,13431,PO_TP,0.000000000000e+00
1030,13431,SED_TP,0.000000000000e+00
1030,13431,SEDWSSD_TP,0.000000000000e+00
1030,13431,SEDSCRS_TP,0.000000000000e+00
1030,13431,SO_TCd,0.000000000000e+00
1030,13431,IO_TCd,0.000000000000e+00
1030,13431,AO_TCd,0.000000000000e+00
1030,13431,PO_TCd,0.000000000000e+00
1030,13431,SED_TCd,0.000000000000e+00
1030,13431,SEDWSSD_TCd,0.000000000000e+00
1030,13431,SEDSCRS_TCd,0.000000000000e+00
1030,13431,SO_TCu,0.000000000000e+00
1030,13431,IO_TCu,0.000000000000e+00
1030,13431,AO_TCu,0.000000000000e+00
1030,13431,PO_TCu,0.000000000000e+00
1030,13431,SED_TCu,0.000000000000e+00
1030,13431,SEDWSSD_TCu,0.000000000000e+00
1030,13431,SEDSCRS_TCu,0.000000000000e+00
1030,13431,SO_TPb,0.000000000000e+00
1030,13431,IO_TPb,0.000000000000e+00
1030,13431,AO_TPb,0.000000000000e+00
1030,13431,PO_TPb,0.000000000000e+00
1030,13431,SED_TPb,0.000000000000e+00
1030,13431,SEDWSSD_TPb,0.000000000000e+00
1030,13431,SEDSCRS_TPb,0.000000000000e+00
1030,13431,SO_TZn,0.000000000000e+00
1030,13431,IO_TZn,0.000000000000e+00
1030,13431,AO_TZn,0.000000000000e+00
1030,13431,PO_TZn,0.000000000000e+00
1030,13431,SED_TZn,0.000000000000e+00
1030,13431,SEDWSSD_TZn,0.000000000000e+00
1030,13431,SEDSCRS_TZn,0.000000000000e+00
1030,13432,AREA,0.000000000000e+00
1030,13432,PREC,0.000000000000e+00
1030,13432,SURO,0.000000000000e+00
1030,13432,IFWO,0.000000000000e+00
1030,13432,AGWO,0.000000000000e+00
1030,13432,PERO,0.000000000000e+00
1030,13432,TAET,0.000000000000e+00
1030,13432,SEDLOAD,0.000000000000e+00
1030,13432,SEDWSSD, 0.00000e+00
1030,13432,SEDSCRS, 0.00000e+00
1030,13432,SEDSURO, 0.00000e+00
1030,13432,SEDIFWO, 0.00000e+00
1030,13432,SEDAGWO, 0.00000e+00
1030,13432,SO_TN,0.000000000000e+00
1030,13432,IO_TN,0.000000000000e+00
1030,13432,AO_TN,0.000000000000e+00
1030,13432,PO_TN,0.000000000000e+00
1030,13432,SO_TP,0.000000000000e+00
1030,13432,IO_TP,0.000000000000e+00
1030,13432,AO_TP,0.000000000000e+00
1030,13432,PO_TP,0.000000000000e+00
1030,13432,SED_TP,0.000000000000e+00
1030,13432,SEDWSSD_TP,0.000000000000e+00
1030,13432,SEDSCRS_TP,0.000000000000e+00
1030,13432,SO_TCd,0.000000000000e+00
1030,13432,IO_TCd,0.000000000000e+00
1030,13432,AO_TCd,0.000000000000e+00
1030,13432,PO_TCd,0.000000000000e+00
1030,13432,SED_TCd,0.000000000000e+00
1030,13432,SEDWSSD_TCd,0.000000000000e+00
1030,13432,SEDSCRS_TCd,0.000000000000e+00
1030,13432,SO_TCu,0.000000000000e+00
1030,13432,IO_TCu,0.000000000000e+00
1030,13432,AO_TCu,0.000000000000e+00
1030,13432,PO_TCu,0.000000000000e+00
1030,13432,SED_TCu,0.000000000000e+00
1030,13432,SEDWSSD_TCu,0.000000000000e+00
1030,13432,SEDSCRS_TCu,0.000000000000e+00
1030,13432,SO_TPb,0.000000000000e+00
1030,13432,IO_TPb,0.000000000000e+00
1030,13432,AO_TPb,0.000000000000e+00
1030,13432,PO_TPb,0.000000000000e+00
1030,13432,SED_TPb,0.000000000000e+00
1030,13432,SEDWSSD_TPb,0.000000000000e+00
1030,13432,SEDSCRS_TPb,0.000000000000e+00
1030,13432,SO_TZn,0.000000000000e+00
1030,13432,IO_TZn,0.000000000000e+00
1030,13432,AO_TZn,0.000000000000e+00
1030,13432,PO_TZn,0.000000000000e+00
1030,13432,SED_TZn,0.000000000000e+00
1030,13432,SEDWSSD_TZn,0.000000000000e+00
1030,13432,SEDSCRS_TZn,0.000000000000e+00
1030,14121,AREA,0.000000000000e+00
1030,14121,PREC,0.000000000000e+00
1030,14121,SURO,0.000000000000e+00
1030,14121,IFWO,0.000000000000e+00
1030,14121,AGWO,0.000000000000e+00
1030,14121,PERO,0.000000000000e+00
1030,14121,TAET,0.000000000000e+00
1030,14121,SEDLOAD,0.000000000000e+00
1030,14121,SEDWSSD, 0.00000e+00
1030,14121,SEDSCRS, 0.00000e+00
1030,14121,SEDSURO, 0.00000e+00
1030,14121,SEDIFWO, 0.00000e+00
1030,14121,SEDAGWO, 0.00000e+00
1030,14121,SO_TN,0.000000000000e+00
1030,14121,IO_TN,0.000000000000e+00
1030,14121,AO_TN,0.000000000000e+00
1030,14121,PO_TN,0.000000000000e+00
1030,14121,SO_TP,0.000000000000e+00
1030,14121,IO_TP,0.000000000000e+00
1030,14121,AO_TP,0.000000000000e+00
1030,14121,PO_TP,0.000000000000e+00
1030,14121,SED_TP,0.000000000000e+00
1030,14121,SEDWSSD_TP,0.000000000000e+00
1030,14121,SEDSCRS_TP,0.000000000000e+00
1030,14121,SO_TCd,0.000000000000e+00
1030,14121,IO_TCd,0.000000000000e+00
1030,14121,AO_TCd,0.000000000000e+00
1030,14121,PO_TCd,0.000000000000e+00
1030,14121,SED_TCd,0.000000000000e+00
1030,14121,SEDWSSD_TCd,0.000000000000e+00
1030,14121,SEDSCRS_TCd,0.000000000000e+00
1030,14121,SO_TCu,0.000000000000e+00
1030,14121,IO_TCu,0.000000000000e+00
1030,14121,AO_TCu,0.000000000000e+00
1030,14121,PO_TCu,0.000000000000e+00
1030,14121,SED_TCu,0.000000000000e+00
1030,14121,SEDWSSD_TCu,0.000000000000e+00
1030,14121,SEDSCRS_TCu,0.000000000000e+00
1030,14121,SO_TPb,0.000000000000e+00
1030,14121,IO_TPb,0.000000000000e+00
1030,14121,AO_TPb,0.000000000000e+00
1030,14121,PO_TPb,0.000000000000e+00
1030,14121,SED_TPb,0.000000000000e+00
1030,14121,SEDWSSD_TPb,0.000000000000e+00
1030,14121,SEDSCRS_TPb,0.000000000000e+00
1030,14121,SO_TZn,0.000000000000e+00
1030,14121,IO_TZn,0.000000000000e+00
1030,14121,AO_TZn,0.000000000000e+00
1030,14121,PO_TZn,0.000000000000e+00
1030,14121,SED_TZn,0.000000000000e+00
1030,14121,SEDWSSD_TZn,0.000000000000e+00
1030,14121,SEDSCRS_TZn,0.000000000000e+00
1030,14122,AREA,0.000000000000e+00
1030,14122,PREC,0.000000000000e+00
1030,14122,SURO,0.000000000000e+00
1030,14122,IFWO,0.000000000000e+00
1030,14122,AGWO,0.000000000000e+00
1030,14122,PERO,0.000000000000e+00
1030,14122,TAET,0.000000000000e+00
1030,14122,SEDLOAD,0.000000000000e+00
1030,14122,SEDWSSD, 0.00000e+00
1030,14122,SEDSCRS, 0.00000e+00
1030,14122,SEDSURO, 0.00000e+00
1030,14122,SEDIFWO, 0.00000e+00
1030,14122,SEDAGWO, 0.00000e+00
1030,14122,SO_TN,0.000000000000e+00
1030,14122,IO_TN,0.000000000000e+00
1030,14122,AO_TN,0.000000000000e+00
1030,14122,PO_TN,0.000000000000e+00
1030,14122,SO_TP,0.000000000000e+00
1030,14122,IO_TP,0.000000000000e+00
1030,14122,AO_TP,0.000000000000e+00
1030,14122,PO_TP,0.000000000000e+00
1030,14122,SED_TP,0.000000000000e+00
1030,14122,SEDWSSD_TP,0.000000000000e+00
1030,14122,SEDSCRS_TP,0.000000000000e+00
1030,14122,SO_TCd,0.000000000000e+00
1030,14122,IO_TCd,0.000000000000e+00
1030,14122,AO_TCd,0.000000000000e+00
1030,14122,PO_TCd,0.000000000000e+00
1030,14122,SED_TCd,0.000000000000e+00
1030,14122,SEDWSSD_TCd,0.000000000000e+00
1030,14122,SEDSCRS_TCd,0.000000000000e+00
1030,14122,SO_TCu,0.000000000000e+00
1030,14122,IO_TCu,0.000000000000e+00
1030,14122,AO_TCu,0.000000000000e+00
1030,14122,PO_TCu,0.000000000000e+00
1030,14122,SED_TCu,0.000000000000e+00
1030,14122,SEDWSSD_TCu,0.000000000000e+00
1030,14122,SEDSCRS_TCu,0.000000000000e+00
1030,14122,SO_TPb,0.000000000000e+00
1030,14122,IO_TPb,0.000000000000e+00
1030,14122,AO_TPb,0.000000000000e+00
1030,14122,PO_TPb,0.000000000000e+00
1030,14122,SED_TPb,0.000000000000e+00
1030,14122,SEDWSSD_TPb,0.000000000000e+00
1030,14122,SEDSCRS_TPb,0.000000000000e+00
1030,14122,SO_TZn,0.000000000000e+00
1030,14122,IO_TZn,0.000000000000e+00
1030,14122,AO_TZn,0.000000000000e+00
1030,14122,PO_TZn,0.000000000000e+00
1030,14122,SED_TZn,0.000000000000e+00
1030,14122,SEDWSSD_TZn,0.000000000000e+00
1030,14122,SEDSCRS_TZn,0.000000000000e+00
1030,14131,AREA,0.000000000000e+00
1030,14131,PREC,0.000000000000e+00
1030,14131,SURO,0.000000000000e+00
1030,14131,IFWO,0.000000000000e+00
1030,14131,AGWO,0.000000000000e+00
1030,14131,PERO,0.000000000000e+00
1030,14131,TAET,0.000000000000e+00
1030,14131,SEDLOAD,0.000000000000e+00
1030,14131,SEDWSSD, 0.00000e+00
1030,14131,SEDSCRS, 0.00000e+00
1030,14131,SEDSURO, 0.00000e+00
1030,14131,SEDIFWO, 0.00000e+00
1030,14131,SEDAGWO, 0.00000e+00
1030,14131,SO_TN,0.000000000000e+00
1030,14131,IO_TN,0.000000000000e+00
1030,14131,AO_TN,0.000000000000e+00
1030,14131,PO_TN,0.000000000000e+00
1030,14131,SO_TP,0.000000000000e+00
1030,14131,IO_TP,0.000000000000e+00
1030,14131,AO_TP,0.000000000000e+00
1030,14131,PO_TP,0.000000000000e+00
1030,14131,SED_TP,0.000000000000e+00
1030,14131,SEDWSSD_TP,0.000000000000e+00
1030,14131,SEDSCRS_TP,0.000000000000e+00
1030,14131,SO_TCd,0.000000000000e+00
1030,14131,IO_TCd,0.000000000000e+00
1030,14131,AO_TCd,0.000000000000e+00
1030,14131,PO_TCd,0.000000000000e+00
1030,14131,SED_TCd,0.000000000000e+00
1030,14131,SEDWSSD_TCd,0.000000000000e+00
1030,14131,SEDSCRS_TCd,0.000000000000e+00
1030,14131,SO_TCu,0.000000000000e+00
1030,14131,IO_TCu,0.000000000000e+00
1030,14131,AO_TCu,0.000000000000e+00
1030,14131,PO_TCu,0.000000000000e+00
1030,14131,SED_TCu,0.000000000000e+00
1030,14131,SEDWSSD_TCu,0.000000000000e+00
1030,14131,SEDSCRS_TCu,0.000000000000e+00
1030,14131,SO_TPb,0.000000000000e+00
1030,14131,IO_TPb,0.000000000000e+00
1030,14131,AO_TPb,0.000000000000e+00
1030,14131,PO_TPb,0.000000000000e+00
1030,14131,SED_TPb,0.000000000000e+00
1030,14131,SEDWSSD_TPb,0.000000000000e+00
1030,14131,SEDSCRS_TPb,0.000000000000e+00
1030,14131,SO_TZn,0.000000000000e+00
1030,14131,IO_TZn,0.000000000000e+00
1030,14131,AO_TZn,0.000000000000e+00
1030,14131,PO_TZn,0.000000000000e+00
1030,14131,SED_TZn,0.000000000000e+00
1030,14131,SEDWSSD_TZn,0.000000000000e+00
1030,14131,SEDSCRS_TZn,0.000000000000e+00
1030,14132,AREA,0.000000000000e+00
1030,14132,PREC,0.000000000000e+00
1030,14132,SURO,0.000000000000e+00
1030,14132,IFWO,0.000000000000e+00
1030,14132,AGWO,0.000000000000e+00
1030,14132,PERO,0.000000000000e+00
1030,14132,TAET,0.000000000000e+00
1030,14132,SEDLOAD,0.000000000000e+00
1030,14132,SEDWSSD, 0.00000e+00
1030,14132,SEDSCRS, 0.00000e+00
1030,14132,SEDSURO, 0.00000e+00
1030,14132,SEDIFWO, 0.00000e+00
1030,14132,SEDAGWO, 0.00000e+00
1030,14132,SO_TN,0.000000000000e+00
1030,14132,IO_TN,0.000000000000e+00
1030,14132,AO_TN,0.000000000000e+00
1030,14132,PO_TN,0.000000000000e+00
1030,14132,SO_TP,0.000000000000e+00
1030,14132,IO_TP,0.000000000000e+00
1030,14132,AO_TP,0.000000000000e+00
1030,14132,PO_TP,0.000000000000e+00
1030,14132,SED_TP,0.000000000000e+00
1030,14132,SEDWSSD_TP,0.000000000000e+00
1030,14132,SEDSCRS_TP,0.000000000000e+00
1030,14132,SO_TCd,0.000000000000e+00
1030,14132,IO_TCd,0.000000000000e+00
1030,14132,AO_TCd,0.000000000000e+00
1030,14132,PO_TCd,0.000000000000e+00
1030,14132,SED_TCd,0.000000000000e+00
1030,14132,SEDWSSD_TCd,0.000000000000e+00
1030,14132,SEDSCRS_TCd,0.000000000000e+00
1030,14132,SO_TCu,0.000000000000e+00
1030,14132,IO_TCu,0.000000000000e+00
1030,14132,AO_TCu,0.000000000000e+00
1030,14132,PO_TCu,0.000000000000e+00
1030,14132,SED_TCu,0.000000000000e+00
1030,14132,SEDWSSD_TCu,0.000000000000e+00
1030,14132,SEDSCRS_TCu,0.000000000000e+00
1030,14132,SO_TPb,0.000000000000e+00
1030,14132,IO_TPb,0.000000000000e+00
1030,14132,AO_TPb,0.000000000000e+00
1030,14132,PO_TPb,0.000000000000e+00
1030,14132,SED_TPb,0.000000000000e+00
1030,14132,SEDWSSD_TPb,0.000000000000e+00
1030,14132,SEDSCRS_TPb,0.000000000000e+00
1030,14132,SO_TZn,0.000000000000e+00
1030,14132,IO_TZn,0.000000000000e+00
1030,14132,AO_TZn,0.000000000000e+00
1030,14132,PO_TZn,0.000000000000e+00
1030,14132,SED_TZn,0.000000000000e+00
1030,14132,SEDWSSD_TZn,0.000000000000e+00
1030,14132,SEDSCRS_TZn,0.000000000000e+00
1030,14221,AREA,1.415208000002e+00
1030,14221,PREC,1.430607752632e+01
1030,14221,SURO,4.078820392475e-04
1030,14221,IFWO,2.137170261661e-03
1030,14221,AGWO,3.831749258413e-01
1030,14221,PERO,3.857199781422e-01
1030,14221,TAET,1.392035750097e+01
1030,14221,SEDLOAD,4.371483650751e-05
1030,14221,SEDWSSD, 5.22219e-08
1030,14221,SEDSCRS, 4.20055e-09
1030,14221,SEDSURO, 0.00000e+00
1030,14221,SEDIFWO, 2.42156e-07
1030,14221,SEDAGWO, 4.34163e-05
1030,14221,SO_TN,2.439212178120e-04
1030,14221,IO_TN,4.843117284575e-04
1030,14221,AO_TN,4.341631407776e-02
1030,14221,PO_TN,4.414454702403e-02
1030,14221,SO_TP,1.128448554835e-07
1030,14221,IO_TP,9.686234569151e-05
1030,14221,AO_TP,1.736652563110e-02
1030,14221,PO_TP,1.746350082165e-02
1030,14221,SED_TP,1.128448554835e-07
1030,14221,SEDWSSD_TP,1.044437589410e-07
1030,14221,SEDSCRS_TP,8.401096542468e-09
1030,14221,SO_TCd,5.642242774176e-11
1030,14221,IO_TCd,0.000000000000e+00
1030,14221,AO_TCd,0.000000000000e+00
1030,14221,PO_TCd,5.642242774176e-11
1030,14221,SED_TCd,5.642242774176e-11
1030,14221,SEDWSSD_TCd,5.222187947052e-11
1030,14221,SEDSCRS_TCd,4.200548271234e-12
1030,14221,SO_TCu,5.642242774176e-09
1030,14221,IO_TCu,0.000000000000e+00
1030,14221,AO_TCu,0.000000000000e+00
1030,14221,PO_TCu,5.642242774176e-09
1030,14221,SED_TCu,5.642242774176e-09
1030,14221,SEDWSSD_TCu,5.222187947052e-09
1030,14221,SEDSCRS_TCu,4.200548271234e-10
1030,14221,SO_TPb,5.642242774176e-10
1030,14221,IO_TPb,0.000000000000e+00
1030,14221,AO_TPb,0.000000000000e+00
1030,14221,PO_TPb,5.642242774176e-10
1030,14221,SED_TPb,5.642242774176e-10
1030,14221,SEDWSSD_TPb,5.222187947052e-10
1030,14221,SEDSCRS_TPb,4.200548271234e-11
1030,14221,SO_TZn,4.062414797407e-08
1030,14221,IO_TZn,0.000000000000e+00
1030,14221,AO_TZn,4.341631407776e-03
1030,14221,PO_TZn,4.341672031924e-03
1030,14221,SED_TZn,4.062414797407e-08
1030,14221,SEDWSSD_TZn,3.759975321878e-08
1030,14221,SEDSCRS_TZn,3.024394755288e-09
1030,14222,AREA,0.000000000000e+00
1030,14222,PREC,0.000000000000e+00
1030,14222,SURO,0.000000000000e+00
1030,14222,IFWO,0.000000000000e+00
1030,14222,AGWO,0.000000000000e+00
1030,14222,PERO,0.000000000000e+00
1030,14222,TAET,0.000000000000e+00
1030,14222,SEDLOAD,0.000000000000e+00
1030,14222,SEDWSSD, 0.00000e+00
1030,14222,SEDSCRS, 0.00000e+00
1030,14222,SEDSURO, 0.00000e+00
1030,14222,SEDIFWO, 0.00000e+00
1030,14222,SEDAGWO, 0.00000e+00
1030,14222,SO_TN,0.000000000000e+00
1030,14222,IO_TN,0.000000000000e+00
1030,14222,AO_TN,0.000000000000e+00
1030,14222,PO_TN,0.000000000000e+00
1030,14222,SO_TP,0.000000000000e+00
1030,14222,IO_TP,0.000000000000e+00
1030,14222,AO_TP,0.000000000000e+00
1030,14222,PO_TP,0.000000000000e+00
1030,14222,SED_TP,0.000000000000e+00
1030,14222,SEDWSSD_TP,0.000000000000e+00
1030,14222,SEDSCRS_TP,0.000000000000e+00
1030,14222,SO_TCd,0.000000000000e+00
1030,14222,IO_TCd,0.000000000000e+00
1030,14222,AO_TCd,0.000000000000e+00
1030,14222,PO_TCd,0.000000000000e+00
1030,14222,SED_TCd,0.000000000000e+00
1030,14222,SEDWSSD_TCd,0.000000000000e+00
1030,14222,SEDSCRS_TCd,0.000000000000e+00
1030,14222,SO_TCu,0.000000000000e+00
1030,14222,IO_TCu,0.000000000000e+00
1030,14222,AO_TCu,0.000000000000e+00
1030,14222,PO_TCu,0.000000000000e+00
1030,14222,SED_TCu,0.000000000000e+00
1030,14222,SEDWSSD_TCu,0.000000000000e+00
1030,14222,SEDSCRS_TCu,0.000000000000e+00
1030,14222,SO_TPb,0.000000000000e+00
1030,14222,IO_TPb,0.000000000000e+00
1030,14222,AO_TPb,0.000000000000e+00
1030,14222,PO_TPb,0.000000000000e+00
1030,14222,SED_TPb,0.000000000000e+00
1030,14222,SEDWSSD_TPb,0.000000000000e+00
1030,14222,SEDSCRS_TPb,0.000000000000e+00
1030,14222,SO_TZn,0.000000000000e+00
1030,14222,IO_TZn,0.000000000000e+00
1030,14222,AO_TZn,0.000000000000e+00
1030,14222,PO_TZn,0.000000000000e+00
1030,14222,SED_TZn,0.000000000000e+00
1030,14222,SEDWSSD_TZn,0.000000000000e+00
1030,14222,SEDSCRS_TZn,0.000000000000e+00
1030,14231,AREA,0.000000000000e+00
1030,14231,PREC,0.000000000000e+00
1030,14231,SURO,0.000000000000e+00
1030,14231,IFWO,0.000000000000e+00
1030,14231,AGWO,0.000000000000e+00
1030,14231,PERO,0.000000000000e+00
1030,14231,TAET,0.000000000000e+00
1030,14231,SEDLOAD,0.000000000000e+00
1030,14231,SEDWSSD, 0.00000e+00
1030,14231,SEDSCRS, 0.00000e+00
1030,14231,SEDSURO, 0.00000e+00
1030,14231,SEDIFWO, 0.00000e+00
1030,14231,SEDAGWO, 0.00000e+00
1030,14231,SO_TN,0.000000000000e+00
1030,14231,IO_TN,0.000000000000e+00
1030,14231,AO_TN,0.000000000000e+00
1030,14231,PO_TN,0.000000000000e+00
1030,14231,SO_TP,0.000000000000e+00
1030,14231,IO_TP,0.000000000000e+00
1030,14231,AO_TP,0.000000000000e+00
1030,14231,PO_TP,0.000000000000e+00
1030,14231,SED_TP,0.000000000000e+00
1030,14231,SEDWSSD_TP,0.000000000000e+00
1030,14231,SEDSCRS_TP,0.000000000000e+00
1030,14231,SO_TCd,0.000000000000e+00
1030,14231,IO_TCd,0.000000000000e+00
1030,14231,AO_TCd,0.000000000000e+00
1030,14231,PO_TCd,0.000000000000e+00
1030,14231,SED_TCd,0.000000000000e+00
1030,14231,SEDWSSD_TCd,0.000000000000e+00
1030,14231,SEDSCRS_TCd,0.000000000000e+00
1030,14231,SO_TCu,0.000000000000e+00
1030,14231,IO_TCu,0.000000000000e+00
1030,14231,AO_TCu,0.000000000000e+00
1030,14231,PO_TCu,0.000000000000e+00
1030,14231,SED_TCu,0.000000000000e+00
1030,14231,SEDWSSD_TCu,0.000000000000e+00
1030,14231,SEDSCRS_TCu,0.000000000000e+00
1030,14231,SO_TPb,0.000000000000e+00
1030,14231,IO_TPb,0.000000000000e+00
1030,14231,AO_TPb,0.000000000000e+00
1030,14231,PO_TPb,0.000000000000e+00
1030,14231,SED_TPb,0.000000000000e+00
1030,14231,SEDWSSD_TPb,0.000000000000e+00
1030,14231,SEDSCRS_TPb,0.000000000000e+00
1030,14231,SO_TZn,0.000000000000e+00
1030,14231,IO_TZn,0.000000000000e+00
1030,14231,AO_TZn,0.000000000000e+00
1030,14231,PO_TZn,0.000000000000e+00
1030,14231,SED_TZn,0.000000000000e+00
1030,14231,SEDWSSD_TZn,0.000000000000e+00
1030,14231,SEDSCRS_TZn,0.000000000000e+00
1030,14232,AREA,0.000000000000e+00
1030,14232,PREC,0.000000000000e+00
1030,14232,SURO,0.000000000000e+00
1030,14232,IFWO,0.000000000000e+00
1030,14232,AGWO,0.000000000000e+00
1030,14232,PERO,0.000000000000e+00
1030,14232,TAET,0.000000000000e+00
1030,14232,SEDLOAD,0.000000000000e+00
1030,14232,SEDWSSD, 0.00000e+00
1030,14232,SEDSCRS, 0.00000e+00
1030,14232,SEDSURO, 0.00000e+00
1030,14232,SEDIFWO, 0.00000e+00
1030,14232,SEDAGWO, 0.00000e+00
1030,14232,SO_TN,0.000000000000e+00
1030,14232,IO_TN,0.000000000000e+00
1030,14232,AO_TN,0.000000000000e+00
1030,14232,PO_TN,0.000000000000e+00
1030,14232,SO_TP,0.000000000000e+00
1030,14232,IO_TP,0.000000000000e+00
1030,14232,AO_TP,0.000000000000e+00
1030,14232,PO_TP,0.000000000000e+00
1030,14232,SED_TP,0.000000000000e+00
1030,14232,SEDWSSD_TP,0.000000000000e+00
1030,14232,SEDSCRS_TP,0.000000000000e+00
1030,14232,SO_TCd,0.000000000000e+00
1030,14232,IO_TCd,0.000000000000e+00
1030,14232,AO_TCd,0.000000000000e+00
1030,14232,PO_TCd,0.000000000000e+00
1030,14232,SED_TCd,0.000000000000e+00
1030,14232,SEDWSSD_TCd,0.000000000000e+00
1030,14232,SEDSCRS_TCd,0.000000000000e+00
1030,14232,SO_TCu,0.000000000000e+00
1030,14232,IO_TCu,0.000000000000e+00
1030,14232,AO_TCu,0.000000000000e+00
1030,14232,PO_TCu,0.000000000000e+00
1030,14232,SED_TCu,0.000000000000e+00
1030,14232,SEDWSSD_TCu,0.000000000000e+00
1030,14232,SEDSCRS_TCu,0.000000000000e+00
1030,14232,SO_TPb,0.000000000000e+00
1030,14232,IO_TPb,0.000000000000e+00
1030,14232,AO_TPb,0.000000000000e+00
1030,14232,PO_TPb,0.000000000000e+00
1030,14232,SED_TPb,0.000000000000e+00
1030,14232,SEDWSSD_TPb,0.000000000000e+00
1030,14232,SEDSCRS_TPb,0.000000000000e+00
1030,14232,SO_TZn,0.000000000000e+00
1030,14232,IO_TZn,0.000000000000e+00
1030,14232,AO_TZn,0.000000000000e+00
1030,14232,PO_TZn,0.000000000000e+00
1030,14232,SED_TZn,0.000000000000e+00
1030,14232,SEDWSSD_TZn,0.000000000000e+00
1030,14232,SEDSCRS_TZn,0.000000000000e+00
1030,14321,AREA,1.427213860000e+02
1030,14321,PREC,1.442744255812e+03
1030,14321,SURO,8.758603461523e-01
1030,14321,IFWO,2.130660151889e+00
1030,14321,AGWO,3.321863162237e+01
1030,14321,PERO,3.622515212042e+01
1030,14321,TAET,1.406519144526e+03
1030,14321,SEDLOAD,1.330542539475e-02
1030,14321,SEDWSSD, 6.77180e-03
1030,14321,SEDSCRS, 2.52832e-03
1030,14321,SEDSURO, 0.00000e+00
1030,14321,SEDIFWO, 2.41418e-04
1030,14321,SEDAGWO, 3.76389e-03
1030,14321,SO_TN,5.686176527393e-01
1030,14321,IO_TN,4.828364494062e-01
1030,14321,AO_TN,3.763895929734e+00
1030,14321,PO_TN,4.815350031880e+00
1030,14321,SO_TP,1.860023273045e-02
1030,14321,IO_TP,9.656728988125e-02
1030,14321,AO_TP,1.505558371894e+00
1030,14321,PO_TP,1.620725894505e+00
1030,14321,SED_TP,1.860023273045e-02
1030,14321,SEDWSSD_TP,1.354359925445e-02
1030,14321,SEDSCRS_TP,5.056633475996e-03
1030,14321,SO_TCd,9.300116365223e-06
1030,14321,IO_TCd,0.000000000000e+00
1030,14321,AO_TCd,0.000000000000e+00
1030,14321,PO_TCd,9.300116365223e-06
1030,14321,SED_TCd,9.300116365223e-06
1030,14321,SEDWSSD_TCd,6.771799627225e-06
1030,14321,SEDSCRS_TCd,2.528316737998e-06
1030,14321,SO_TCu,9.300116365223e-04
1030,14321,IO_TCu,0.000000000000e+00
1030,14321,AO_TCu,0.000000000000e+00
1030,14321,PO_TCu,9.300116365223e-04
1030,14321,SED_TCu,9.300116365223e-04
1030,14321,SEDWSSD_TCu,6.771799627225e-04
1030,14321,SEDSCRS_TCu,2.528316737998e-04
1030,14321,SO_TPb,9.300116365223e-05
1030,14321,IO_TPb,0.000000000000e+00
1030,14321,AO_TPb,0.000000000000e+00
1030,14321,PO_TPb,9.300116365223e-05
1030,14321,SED_TPb,9.300116365223e-05
1030,14321,SEDWSSD_TPb,6.771799627225e-05
1030,14321,SEDSCRS_TPb,2.528316737998e-05
1030,14321,SO_TZn,6.696083782961e-03
1030,14321,IO_TZn,0.000000000000e+00
1030,14321,AO_TZn,3.763895929734e-01
1030,14321,PO_TZn,3.830856767564e-01
1030,14321,SED_TZn,6.696083782961e-03
1030,14321,SEDWSSD_TZn,4.875695731602e-03
1030,14321,SEDSCRS_TZn,1.820388051359e-03
1030,14322,AREA,0.000000000000e+00
1030,14322,PREC,0.000000000000e+00
1030,14322,SURO,0.000000000000e+00
1030,14322,IFWO,0.000000000000e+00
1030,14322,AGWO,0.000000000000e+00
1030,14322,PERO,0.000000000000e+00
1030,14322,TAET,0.000000000000e+00
1030,14322,SEDLOAD,0.000000000000e+00
1030,14322,SEDWSSD, 0.00000e+00
1030,14322,SEDSCRS, 0.00000e+00
1030,14322,SEDSURO, 0.00000e+00
1030,14322,SEDIFWO, 0.00000e+00
1030,14322,SEDAGWO, 0.00000e+00
1030,14322,SO_TN,0.000000000000e+00
1030,14322,IO_TN,0.000000000000e+00
1030,14322,AO_TN,0.000000000000e+00
1030,14322,PO_TN,0.000000000000e+00
1030,14322,SO_TP,0.000000000000e+00
1030,14322,IO_TP,0.000000000000e+00
1030,14322,AO_TP,0.000000000000e+00
1030,14322,PO_TP,0.000000000000e+00
1030,14322,SED_TP,0.000000000000e+00
1030,14322,SEDWSSD_TP,0.000000000000e+00
1030,14322,SEDSCRS_TP,0.000000000000e+00
1030,14322,SO_TCd,0.000000000000e+00
1030,14322,IO_TCd,0.000000000000e+00
1030,14322,AO_TCd,0.000000000000e+00
1030,14322,PO_TCd,0.000000000000e+00
1030,14322,SED_TCd,0.000000000000e+00
1030,14322,SEDWSSD_TCd,0.000000000000e+00
1030,14322,SEDSCRS_TCd,0.000000000000e+00
1030,14322,SO_TCu,0.000000000000e+00
1030,14322,IO_TCu,0.000000000000e+00
1030,14322,AO_TCu,0.000000000000e+00
1030,14322,PO_TCu,0.000000000000e+00
1030,14322,SED_TCu,0.000000000000e+00
1030,14322,SEDWSSD_TCu,0.000000000000e+00
1030,14322,SEDSCRS_TCu,0.000000000000e+00
1030,14322,SO_TPb,0.000000000000e+00
1030,14322,IO_TPb,0.000000000000e+00
1030,14322,AO_TPb,0.000000000000e+00
1030,14322,PO_TPb,0.000000000000e+00
1030,14322,SED_TPb,0.000000000000e+00
1030,14322,SEDWSSD_TPb,0.000000000000e+00
1030,14322,SEDSCRS_TPb,0.000000000000e+00
1030,14322,SO_TZn,0.000000000000e+00
1030,14322,IO_TZn,0.000000000000e+00
1030,14322,AO_TZn,0.000000000000e+00
1030,14322,PO_TZn,0.000000000000e+00
1030,14322,SED_TZn,0.000000000000e+00
1030,14322,SEDWSSD_TZn,0.000000000000e+00
1030,14322,SEDSCRS_TZn,0.000000000000e+00
1030,14331,AREA,0.000000000000e+00
1030,14331,PREC,0.000000000000e+00
1030,14331,SURO,0.000000000000e+00
1030,14331,IFWO,0.000000000000e+00
1030,14331,AGWO,0.000000000000e+00
1030,14331,PERO,0.000000000000e+00
1030,14331,TAET,0.000000000000e+00
1030,14331,SEDLOAD,0.000000000000e+00
1030,14331,SEDWSSD, 0.00000e+00
1030,14331,SEDSCRS, 0.00000e+00
1030,14331,SEDSURO, 0.00000e+00
1030,14331,SEDIFWO, 0.00000e+00
1030,14331,SEDAGWO, 0.00000e+00
1030,14331,SO_TN,0.000000000000e+00
1030,14331,IO_TN,0.000000000000e+00
1030,14331,AO_TN,0.000000000000e+00
1030,14331,PO_TN,0.000000000000e+00
1030,14331,SO_TP,0.000000000000e+00
1030,14331,IO_TP,0.000000000000e+00
1030,14331,AO_TP,0.000000000000e+00
1030,14331,PO_TP,0.000000000000e+00
1030,14331,SED_TP,0.000000000000e+00
1030,14331,SEDWSSD_TP,0.000000000000e+00
1030,14331,SEDSCRS_TP,0.000000000000e+00
1030,14331,SO_TCd,0.000000000000e+00
1030,14331,IO_TCd,0.000000000000e+00
1030,14331,AO_TCd,0.000000000000e+00
1030,14331,PO_TCd,0.000000000000e+00
1030,14331,SED_TCd,0.000000000000e+00
1030,14331,SEDWSSD_TCd,0.000000000000e+00
1030,14331,SEDSCRS_TCd,0.000000000000e+00
1030,14331,SO_TCu,0.000000000000e+00
1030,14331,IO_TCu,0.000000000000e+00
1030,14331,AO_TCu,0.000000000000e+00
1030,14331,PO_TCu,0.000000000000e+00
1030,14331,SED_TCu,0.000000000000e+00
1030,14331,SEDWSSD_TCu,0.000000000000e+00
1030,14331,SEDSCRS_TCu,0.000000000000e+00
1030,14331,SO_TPb,0.000000000000e+00
1030,14331,IO_TPb,0.000000000000e+00
1030,14331,AO_TPb,0.000000000000e+00
1030,14331,PO_TPb,0.000000000000e+00
1030,14331,SED_TPb,0.000000000000e+00
1030,14331,SEDWSSD_TPb,0.000000000000e+00
1030,14331,SEDSCRS_TPb,0.000000000000e+00
1030,14331,SO_TZn,0.000000000000e+00
1030,14331,IO_TZn,0.000000000000e+00
1030,14331,AO_TZn,0.000000000000e+00
1030,14331,PO_TZn,0.000000000000e+00
1030,14331,SED_TZn,0.000000000000e+00
1030,14331,SEDWSSD_TZn,0.000000000000e+00
1030,14331,SEDSCRS_TZn,0.000000000000e+00
1030,14332,AREA,0.000000000000e+00
1030,14332,PREC,0.000000000000e+00
1030,14332,SURO,0.000000000000e+00
1030,14332,IFWO,0.000000000000e+00
1030,14332,AGWO,0.000000000000e+00
1030,14332,PERO,0.000000000000e+00
1030,14332,TAET,0.000000000000e+00
1030,14332,SEDLOAD,0.000000000000e+00
1030,14332,SEDWSSD, 0.00000e+00
1030,14332,SEDSCRS, 0.00000e+00
1030,14332,SEDSURO, 0.00000e+00
1030,14332,SEDIFWO, 0.00000e+00
1030,14332,SEDAGWO, 0.00000e+00
1030,14332,SO_TN,0.000000000000e+00
1030,14332,IO_TN,0.000000000000e+00
1030,14332,AO_TN,0.000000000000e+00
1030,14332,PO_TN,0.000000000000e+00
1030,14332,SO_TP,0.000000000000e+00
1030,14332,IO_TP,0.000000000000e+00
1030,14332,AO_TP,0.000000000000e+00
1030,14332,PO_TP,0.000000000000e+00
1030,14332,SED_TP,0.000000000000e+00
1030,14332,SEDWSSD_TP,0.000000000000e+00
1030,14332,SEDSCRS_TP,0.000000000000e+00
1030,14332,SO_TCd,0.000000000000e+00
1030,14332,IO_TCd,0.000000000000e+00
1030,14332,AO_TCd,0.000000000000e+00
1030,14332,PO_TCd,0.000000000000e+00
1030,14332,SED_TCd,0.000000000000e+00
1030,14332,SEDWSSD_TCd,0.000000000000e+00
1030,14332,SEDSCRS_TCd,0.000000000000e+00
1030,14332,SO_TCu,0.000000000000e+00
1030,14332,IO_TCu,0.000000000000e+00
1030,14332,AO_TCu,0.000000000000e+00
1030,14332,PO_TCu,0.000000000000e+00
1030,14332,SED_TCu,0.000000000000e+00
1030,14332,SEDWSSD_TCu,0.000000000000e+00
1030,14332,SEDSCRS_TCu,0.000000000000e+00
1030,14332,SO_TPb,0.000000000000e+00
1030,14332,IO_TPb,0.000000000000e+00
1030,14332,AO_TPb,0.000000000000e+00
1030,14332,PO_TPb,0.000000000000e+00
1030,14332,SED_TPb,0.000000000000e+00
1030,14332,SEDWSSD_TPb,0.000000000000e+00
1030,14332,SEDSCRS_TPb,0.000000000000e+00
1030,14332,SO_TZn,0.000000000000e+00
1030,14332,IO_TZn,0.000000000000e+00
1030,14332,AO_TZn,0.000000000000e+00
1030,14332,PO_TZn,0.000000000000e+00
1030,14332,SED_TZn,0.000000000000e+00
1030,14332,SEDWSSD_TZn,0.000000000000e+00
1030,14332,SEDSCRS_TZn,0.000000000000e+00
1030,14421,AREA,1.398166359999e+02
1030,14421,PREC,1.413380672018e+03
1030,14421,SURO,1.335288461641e+01
1030,14421,IFWO,6.244953306562e+00
1030,14421,AGWO,2.070091437048e+01
1030,14421,PERO,4.029875229345e+01
1030,14421,TAET,1.373081996697e+03
1030,14421,SEDLOAD,2.215863847736e+00
1030,14421,SEDWSSD, 1.00648e+00
1030,14421,SEDSCRS, 1.20633e+00
1030,14421,SEDSURO, 0.00000e+00
1030,14421,SEDIFWO, 7.07595e-04
1030,14421,SEDAGWO, 2.34555e-03
1030,14421,SO_TN,6.296457070473e+00
1030,14421,IO_TN,1.415191004804e+00
1030,14421,AO_TN,2.345553791215e+00
1030,14421,PO_TN,1.005720186649e+01
1030,14421,SO_TP,4.425621404699e+00
1030,14421,IO_TP,2.830382009609e-01
1030,14421,AO_TP,9.382215164858e-01
1030,14421,PO_TP,5.646881122145e+00
1030,14421,SED_TP,4.425621404699e+00
1030,14421,SEDWSSD_TP,2.012957368950e+00
1030,14421,SEDSCRS_TP,2.412664035749e+00
1030,14421,SO_TCd,2.212810702349e-03
1030,14421,IO_TCd,0.000000000000e+00
1030,14421,AO_TCd,0.000000000000e+00
1030,14421,PO_TCd,2.212810702349e-03
1030,14421,SED_TCd,2.212810702349e-03
1030,14421,SEDWSSD_TCd,1.006478684475e-03
1030,14421,SEDSCRS_TCd,1.206332017874e-03
1030,14421,SO_TCu,2.212810702349e-01
1030,14421,IO_TCu,0.000000000000e+00
1030,14421,AO_TCu,0.000000000000e+00
1030,14421,PO_TCu,2.212810702349e-01
1030,14421,SED_TCu,2.212810702349e-01
1030,14421,SEDWSSD_TCu,1.006478684475e-01
1030,14421,SEDSCRS_TCu,1.206332017874e-01
1030,14421,SO_TPb,2.212810702349e-02
1030,14421,IO_TPb,0.000000000000e+00
1030,14421,AO_TPb,0.000000000000e+00
1030,14421,PO_TPb,2.212810702349e-02
1030,14421,SED_TPb,2.212810702349e-02
1030,14421,SEDWSSD_TPb,1.006478684475e-02
1030,14421,SEDSCRS_TPb,1.206332017874e-02
1030,14421,SO_TZn,1.593223705692e+00
1030,14421,IO_TZn,0.000000000000e+00
1030,14421,AO_TZn,2.345553791215e-01
1030,14421,PO_TZn,1.827779084813e+00
1030,14421,SED_TZn,1.593223705692e+00
1030,14421,SEDWSSD_TZn,7.246646528219e-01
1030,14421,SEDSCRS_TZn,8.685590528696e-01
1030,14422,AREA,0.000000000000e+00
1030,14422,PREC,0.000000000000e+00
1030,14422,SURO,0.000000000000e+00
1030,14422,IFWO,0.000000000000e+00
1030,14422,AGWO,0.000000000000e+00
1030,14422,PERO,0.000000000000e+00
1030,14422,TAET,0.000000000000e+00
1030,14422,SEDLOAD,0.000000000000e+00
1030,14422,SEDWSSD, 0.00000e+00
1030,14422,SEDSCRS, 0.00000e+00
1030,14422,SEDSURO, 0.00000e+00
1030,14422,SEDIFWO, 0.00000e+00
1030,14422,SEDAGWO, 0.00000e+00
1030,14422,SO_TN,0.000000000000e+00
1030,14422,IO_TN,0.000000000000e+00
1030,14422,AO_TN,0.000000000000e+00
1030,14422,PO_TN,0.000000000000e+00
1030,14422,SO_TP,0.000000000000e+00
1030,14422,IO_TP,0.000000000000e+00
1030,14422,AO_TP,0.000000000000e+00
1030,14422,PO_TP,0.000000000000e+00
1030,14422,SED_TP,0.000000000000e+00
1030,14422,SEDWSSD_TP,0.000000000000e+00
1030,14422,SEDSCRS_TP,0.000000000000e+00
1030,14422,SO_TCd,0.000000000000e+00
1030,14422,IO_TCd,0.000000000000e+00
1030,14422,AO_TCd,0.000000000000e+00
1030,14422,PO_TCd,0.000000000000e+00
1030,14422,SED_TCd,0.000000000000e+00
1030,14422,SEDWSSD_TCd,0.000000000000e+00
1030,14422,SEDSCRS_TCd,0.000000000000e+00
1030,14422,SO_TCu,0.000000000000e+00
1030,14422,IO_TCu,0.000000000000e+00
1030,14422,AO_TCu,0.000000000000e+00
1030,14422,PO_TCu,0.000000000000e+00
1030,14422,SED_TCu,0.000000000000e+00
1030,14422,SEDWSSD_TCu,0.000000000000e+00
1030,14422,SEDSCRS_TCu,0.000000000000e+00
1030,14422,SO_TPb,0.000000000000e+00
1030,14422,IO_TPb,0.000000000000e+00
1030,14422,AO_TPb,0.000000000000e+00
1030,14422,PO_TPb,0.000000000000e+00
1030,14422,SED_TPb,0.000000000000e+00
1030,14422,SEDWSSD_TPb,0.000000000000e+00
1030,14422,SEDSCRS_TPb,0.000000000000e+00
1030,14422,SO_TZn,0.000000000000e+00
1030,14422,IO_TZn,0.000000000000e+00
1030,14422,AO_TZn,0.000000000000e+00
1030,14422,PO_TZn,0.000000000000e+00
1030,14422,SED_TZn,0.000000000000e+00
1030,14422,SEDWSSD_TZn,0.000000000000e+00
1030,14422,SEDSCRS_TZn,0.000000000000e+00
1030,14431,AREA,2.123400000003e-02
1030,14431,PREC,2.146506027339e-01
1030,14431,SURO,2.634826746428e-03
1030,14431,IFWO,1.165586240659e-03
1030,14431,AGWO,3.253085146142e-03
1030,14431,PERO,7.053498133229e-03
1030,14431,TAET,2.075970824954e-01
1030,14431,SEDLOAD,6.443207071292e-04
1030,14431,SEDWSSD, 3.38086e-04
1030,14431,SEDSCRS, 3.05734e-04
1030,14431,SEDSURO, 0.00000e+00
1030,14431,SEDIFWO, 1.32069e-07
1030,14431,SEDAGWO, 3.68596e-07
1030,14431,SO_TN,1.126499449749e-03
1030,14431,IO_TN,2.641376295593e-04
1030,14431,AO_TN,3.685965779637e-04
1030,14431,PO_TN,1.759233657272e-03
1030,14431,SO_TP,1.287640084754e-03
1030,14431,IO_TP,5.282752591186e-05
1030,14431,AO_TP,1.474386311855e-04
1030,14431,PO_TP,1.487906241851e-03
1030,14431,SED_TP,1.287640084754e-03
1030,14431,SEDWSSD_TP,6.761715003788e-04
1030,14431,SEDSCRS_TP,6.114685843754e-04
1030,14431,SO_TCd,6.438200423771e-07
1030,14431,IO_TCd,0.000000000000e+00
1030,14431,AO_TCd,0.000000000000e+00
1030,14431,PO_TCd,6.438200423771e-07
1030,14431,SED_TCd,6.438200423771e-07
1030,14431,SEDWSSD_TCd,3.380857501894e-07
1030,14431,SEDSCRS_TCd,3.057342921877e-07
1030,14431,SO_TCu,6.438200423771e-05
1030,14431,IO_TCu,0.000000000000e+00
1030,14431,AO_TCu,0.000000000000e+00
1030,14431,PO_TCu,6.438200423771e-05
1030,14431,SED_TCu,6.438200423771e-05
1030,14431,SEDWSSD_TCu,3.380857501894e-05
1030,14431,SEDSCRS_TCu,3.057342921877e-05
1030,14431,SO_TPb,6.438200423771e-06
1030,14431,IO_TPb,0.000000000000e+00
1030,14431,AO_TPb,0.000000000000e+00
1030,14431,PO_TPb,6.438200423771e-06
1030,14431,SED_TPb,6.438200423771e-06
1030,14431,SEDWSSD_TPb,3.380857501894e-06
1030,14431,SEDSCRS_TPb,3.057342921877e-06
1030,14431,SO_TZn,4.635504305115e-04
1030,14431,IO_TZn,0.000000000000e+00
1030,14431,AO_TZn,3.685965779637e-05
1030,14431,PO_TZn,5.004100883079e-04
1030,14431,SED_TZn,4.635504305115e-04
1030,14431,SEDWSSD_TZn,2.434217401364e-04
1030,14431,SEDSCRS_TZn,2.201286903751e-04
1030,14432,AREA,0.000000000000e+00
1030,14432,PREC,0.000000000000e+00
1030,14432,SURO,0.000000000000e+00
1030,14432,IFWO,0.000000000000e+00
1030,14432,AGWO,0.000000000000e+00
1030,14432,PERO,0.000000000000e+00
1030,14432,TAET,0.000000000000e+00
1030,14432,SEDLOAD,0.000000000000e+00
1030,14432,SEDWSSD, 0.00000e+00
1030,14432,SEDSCRS, 0.00000e+00
1030,14432,SEDSURO, 0.00000e+00
1030,14432,SEDIFWO, 0.00000e+00
1030,14432,SEDAGWO, 0.00000e+00
1030,14432,SO_TN,0.000000000000e+00
1030,14432,IO_TN,0.000000000000e+00
1030,14432,AO_TN,0.000000000000e+00
1030,14432,PO_TN,0.000000000000e+00
1030,14432,SO_TP,0.000000000000e+00
1030,14432,IO_TP,0.000000000000e+00
1030,14432,AO_TP,0.000000000000e+00
1030,14432,PO_TP,0.000000000000e+00
1030,14432,SED_TP,0.000000000000e+00
1030,14432,SEDWSSD_TP,0.000000000000e+00
1030,14432,SEDSCRS_TP,0.000000000000e+00
1030,14432,SO_TCd,0.000000000000e+00
1030,14432,IO_TCd,0.000000000000e+00
1030,14432,AO_TCd,0.000000000000e+00
1030,14432,PO_TCd,0.000000000000e+00
1030,14432,SED_TCd,0.000000000000e+00
1030,14432,SEDWSSD_TCd,0.000000000000e+00
1030,14432,SEDSCRS_TCd,0.000000000000e+00
1030,14432,SO_TCu,0.000000000000e+00
1030,14432,IO_TCu,0.000000000000e+00
1030,14432,AO_TCu,0.000000000000e+00
1030,14432,PO_TCu,0.000000000000e+00
1030,14432,SED_TCu,0.000000000000e+00
1030,14432,SEDWSSD_TCu,0.000000000000e+00
1030,14432,SEDSCRS_TCu,0.000000000000e+00
1030,14432,SO_TPb,0.000000000000e+00
1030,14432,IO_TPb,0.000000000000e+00
1030,14432,AO_TPb,0.000000000000e+00
1030,14432,PO_TPb,0.000000000000e+00
1030,14432,SED_TPb,0.000000000000e+00
1030,14432,SEDWSSD_TPb,0.000000000000e+00
1030,14432,SEDSCRS_TPb,0.000000000000e+00
1030,14432,SO_TZn,0.000000000000e+00
1030,14432,IO_TZn,0.000000000000e+00
1030,14432,AO_TZn,0.000000000000e+00
1030,14432,PO_TZn,0.000000000000e+00
1030,14432,SED_TZn,0.000000000000e+00
1030,14432,SEDWSSD_TZn,0.000000000000e+00
1030,14432,SEDSCRS_TZn,0.000000000000e+00
1030,15121,AREA,0.000000000000e+00
1030,15121,PREC,0.000000000000e+00
1030,15121,SURO,0.000000000000e+00
1030,15121,IFWO,0.000000000000e+00
1030,15121,AGWO,0.000000000000e+00
1030,15121,PERO,0.000000000000e+00
1030,15121,TAET,0.000000000000e+00
1030,15121,SEDLOAD,0.000000000000e+00
1030,15121,SEDWSSD, 0.00000e+00
1030,15121,SEDSCRS, 0.00000e+00
1030,15121,SEDSURO, 0.00000e+00
1030,15121,SEDIFWO, 0.00000e+00
1030,15121,SEDAGWO, 0.00000e+00
1030,15121,SO_TN,0.000000000000e+00
1030,15121,IO_TN,0.000000000000e+00
1030,15121,AO_TN,0.000000000000e+00
1030,15121,PO_TN,0.000000000000e+00
1030,15121,SO_TP,0.000000000000e+00
1030,15121,IO_TP,0.000000000000e+00
1030,15121,AO_TP,0.000000000000e+00
1030,15121,PO_TP,0.000000000000e+00
1030,15121,SED_TP,0.000000000000e+00
1030,15121,SEDWSSD_TP,0.000000000000e+00
1030,15121,SEDSCRS_TP,0.000000000000e+00
1030,15121,SO_TCd,0.000000000000e+00
1030,15121,IO_TCd,0.000000000000e+00
1030,15121,AO_TCd,0.000000000000e+00
1030,15121,PO_TCd,0.000000000000e+00
1030,15121,SED_TCd,0.000000000000e+00
1030,15121,SEDWSSD_TCd,0.000000000000e+00
1030,15121,SEDSCRS_TCd,0.000000000000e+00
1030,15121,SO_TCu,0.000000000000e+00
1030,15121,IO_TCu,0.000000000000e+00
1030,15121,AO_TCu,0.000000000000e+00
1030,15121,PO_TCu,0.000000000000e+00
1030,15121,SED_TCu,0.000000000000e+00
1030,15121,SEDWSSD_TCu,0.000000000000e+00
1030,15121,SEDSCRS_TCu,0.000000000000e+00
1030,15121,SO_TPb,0.000000000000e+00
1030,15121,IO_TPb,0.000000000000e+00
1030,15121,AO_TPb,0.000000000000e+00
1030,15121,PO_TPb,0.000000000000e+00
1030,15121,SED_TPb,0.000000000000e+00
1030,15121,SEDWSSD_TPb,0.000000000000e+00
1030,15121,SEDSCRS_TPb,0.000000000000e+00
1030,15121,SO_TZn,0.000000000000e+00
1030,15121,IO_TZn,0.000000000000e+00
1030,15121,AO_TZn,0.000000000000e+00
1030,15121,PO_TZn,0.000000000000e+00
1030,15121,SED_TZn,0.000000000000e+00
1030,15121,SEDWSSD_TZn,0.000000000000e+00
1030,15121,SEDSCRS_TZn,0.000000000000e+00
1030,15122,AREA,0.000000000000e+00
1030,15122,PREC,0.000000000000e+00
1030,15122,SURO,0.000000000000e+00
1030,15122,IFWO,0.000000000000e+00
1030,15122,AGWO,0.000000000000e+00
1030,15122,PERO,0.000000000000e+00
1030,15122,TAET,0.000000000000e+00
1030,15122,SEDLOAD,0.000000000000e+00
1030,15122,SEDWSSD, 0.00000e+00
1030,15122,SEDSCRS, 0.00000e+00
1030,15122,SEDSURO, 0.00000e+00
1030,15122,SEDIFWO, 0.00000e+00
1030,15122,SEDAGWO, 0.00000e+00
1030,15122,SO_TN,0.000000000000e+00
1030,15122,IO_TN,0.000000000000e+00
1030,15122,AO_TN,0.000000000000e+00
1030,15122,PO_TN,0.000000000000e+00
1030,15122,SO_TP,0.000000000000e+00
1030,15122,IO_TP,0.000000000000e+00
1030,15122,AO_TP,0.000000000000e+00
1030,15122,PO_TP,0.000000000000e+00
1030,15122,SED_TP,0.000000000000e+00
1030,15122,SEDWSSD_TP,0.000000000000e+00
1030,15122,SEDSCRS_TP,0.000000000000e+00
1030,15122,SO_TCd,0.000000000000e+00
1030,15122,IO_TCd,0.000000000000e+00
1030,15122,AO_TCd,0.000000000000e+00
1030,15122,PO_TCd,0.000000000000e+00
1030,15122,SED_TCd,0.000000000000e+00
1030,15122,SEDWSSD_TCd,0.000000000000e+00
1030,15122,SEDSCRS_TCd,0.000000000000e+00
1030,15122,SO_TCu,0.000000000000e+00
1030,15122,IO_TCu,0.000000000000e+00
1030,15122,AO_TCu,0.000000000000e+00
1030,15122,PO_TCu,0.000000000000e+00
1030,15122,SED_TCu,0.000000000000e+00
1030,15122,SEDWSSD_TCu,0.000000000000e+00
1030,15122,SEDSCRS_TCu,0.000000000000e+00
1030,15122,SO_TPb,0.000000000000e+00
1030,15122,IO_TPb,0.000000000000e+00
1030,15122,AO_TPb,0.000000000000e+00
1030,15122,PO_TPb,0.000000000000e+00
1030,15122,SED_TPb,0.000000000000e+00
1030,15122,SEDWSSD_TPb,0.000000000000e+00
1030,15122,SEDSCRS_TPb,0.000000000000e+00
1030,15122,SO_TZn,0.000000000000e+00
1030,15122,IO_TZn,0.000000000000e+00
1030,15122,AO_TZn,0.000000000000e+00
1030,15122,PO_TZn,0.000000000000e+00
1030,15122,SED_TZn,0.000000000000e+00
1030,15122,SEDWSSD_TZn,0.000000000000e+00
1030,15122,SEDSCRS_TZn,0.000000000000e+00
1030,15131,AREA,0.000000000000e+00
1030,15131,PREC,0.000000000000e+00
1030,15131,SURO,0.000000000000e+00
1030,15131,IFWO,0.000000000000e+00
1030,15131,AGWO,0.000000000000e+00
1030,15131,PERO,0.000000000000e+00
1030,15131,TAET,0.000000000000e+00
1030,15131,SEDLOAD,0.000000000000e+00
1030,15131,SEDWSSD, 0.00000e+00
1030,15131,SEDSCRS, 0.00000e+00
1030,15131,SEDSURO, 0.00000e+00
1030,15131,SEDIFWO, 0.00000e+00
1030,15131,SEDAGWO, 0.00000e+00
1030,15131,SO_TN,0.000000000000e+00
1030,15131,IO_TN,0.000000000000e+00
1030,15131,AO_TN,0.000000000000e+00
1030,15131,PO_TN,0.000000000000e+00
1030,15131,SO_TP,0.000000000000e+00
1030,15131,IO_TP,0.000000000000e+00
1030,15131,AO_TP,0.000000000000e+00
1030,15131,PO_TP,0.000000000000e+00
1030,15131,SED_TP,0.000000000000e+00
1030,15131,SEDWSSD_TP,0.000000000000e+00
1030,15131,SEDSCRS_TP,0.000000000000e+00
1030,15131,SO_TCd,0.000000000000e+00
1030,15131,IO_TCd,0.000000000000e+00
1030,15131,AO_TCd,0.000000000000e+00
1030,15131,PO_TCd,0.000000000000e+00
1030,15131,SED_TCd,0.000000000000e+00
1030,15131,SEDWSSD_TCd,0.000000000000e+00
1030,15131,SEDSCRS_TCd,0.000000000000e+00
1030,15131,SO_TCu,0.000000000000e+00
1030,15131,IO_TCu,0.000000000000e+00
1030,15131,AO_TCu,0.000000000000e+00
1030,15131,PO_TCu,0.000000000000e+00
1030,15131,SED_TCu,0.000000000000e+00
1030,15131,SEDWSSD_TCu,0.000000000000e+00
1030,15131,SEDSCRS_TCu,0.000000000000e+00
1030,15131,SO_TPb,0.000000000000e+00
1030,15131,IO_TPb,0.000000000000e+00
1030,15131,AO_TPb,0.000000000000e+00
1030,15131,PO_TPb,0.000000000000e+00
1030,15131,SED_TPb,0.000000000000e+00
1030,15131,SEDWSSD_TPb,0.000000000000e+00
1030,15131,SEDSCRS_TPb,0.000000000000e+00
1030,15131,SO_TZn,0.000000000000e+00
1030,15131,IO_TZn,0.000000000000e+00
1030,15131,AO_TZn,0.000000000000e+00
1030,15131,PO_TZn,0.000000000000e+00
1030,15131,SED_TZn,0.000000000000e+00
1030,15131,SEDWSSD_TZn,0.000000000000e+00
1030,15131,SEDSCRS_TZn,0.000000000000e+00
1030,15132,AREA,0.000000000000e+00
1030,15132,PREC,0.000000000000e+00
1030,15132,SURO,0.000000000000e+00
1030,15132,IFWO,0.000000000000e+00
1030,15132,AGWO,0.000000000000e+00
1030,15132,PERO,0.000000000000e+00
1030,15132,TAET,0.000000000000e+00
1030,15132,SEDLOAD,0.000000000000e+00
1030,15132,SEDWSSD, 0.00000e+00
1030,15132,SEDSCRS, 0.00000e+00
1030,15132,SEDSURO, 0.00000e+00
1030,15132,SEDIFWO, 0.00000e+00
1030,15132,SEDAGWO, 0.00000e+00
1030,15132,SO_TN,0.000000000000e+00
1030,15132,IO_TN,0.000000000000e+00
1030,15132,AO_TN,0.000000000000e+00
1030,15132,PO_TN,0.000000000000e+00
1030,15132,SO_TP,0.000000000000e+00
1030,15132,IO_TP,0.000000000000e+00
1030,15132,AO_TP,0.000000000000e+00
1030,15132,PO_TP,0.000000000000e+00
1030,15132,SED_TP,0.000000000000e+00
1030,15132,SEDWSSD_TP,0.000000000000e+00
1030,15132,SEDSCRS_TP,0.000000000000e+00
1030,15132,SO_TCd,0.000000000000e+00
1030,15132,IO_TCd,0.000000000000e+00
1030,15132,AO_TCd,0.000000000000e+00
1030,15132,PO_TCd,0.000000000000e+00
1030,15132,SED_TCd,0.000000000000e+00
1030,15132,SEDWSSD_TCd,0.000000000000e+00
1030,15132,SEDSCRS_TCd,0.000000000000e+00
1030,15132,SO_TCu,0.000000000000e+00
1030,15132,IO_TCu,0.000000000000e+00
1030,15132,AO_TCu,0.000000000000e+00
1030,15132,PO_TCu,0.000000000000e+00
1030,15132,SED_TCu,0.000000000000e+00
1030,15132,SEDWSSD_TCu,0.000000000000e+00
1030,15132,SEDSCRS_TCu,0.000000000000e+00
1030,15132,SO_TPb,0.000000000000e+00
1030,15132,IO_TPb,0.000000000000e+00
1030,15132,AO_TPb,0.000000000000e+00
1030,15132,PO_TPb,0.000000000000e+00
1030,15132,SED_TPb,0.000000000000e+00
1030,15132,SEDWSSD_TPb,0.000000000000e+00
1030,15132,SEDSCRS_TPb,0.000000000000e+00
1030,15132,SO_TZn,0.000000000000e+00
1030,15132,IO_TZn,0.000000000000e+00
1030,15132,AO_TZn,0.000000000000e+00
1030,15132,PO_TZn,0.000000000000e+00
1030,15132,SED_TZn,0.000000000000e+00
1030,15132,SEDWSSD_TZn,0.000000000000e+00
1030,15132,SEDSCRS_TZn,0.000000000000e+00
1030,15221,AREA,4.312189999990e-01
1030,15221,PREC,4.359113603669e+00
1030,15221,SURO,1.427251094041e-04
1030,15221,IFWO,6.417004962453e-04
1030,15221,AGWO,1.135482401245e-01
1030,15221,PERO,1.143326657302e-01
1030,15221,TAET,4.244780793690e+00
1030,15221,SEDLOAD,1.296673212836e-05
1030,15221,SEDWSSD, 2.70803e-08
1030,15221,SEDSCRS, 1.17477e-09
1030,15221,SEDSURO, 0.00000e+00
1030,15221,SEDIFWO, 7.27089e-08
1030,15221,SEDAGWO, 1.28658e-05
1030,15221,SO_TN,8.699950447598e-05
1030,15221,IO_TN,1.454180240404e-04
1030,15221,AO_TN,1.286578459016e-02
1030,15221,PO_TN,1.309820211867e-02
1030,15221,SO_TP,5.651016268211e-08
1030,15221,IO_TP,2.908360480808e-05
1030,15221,AO_TP,5.146313836063e-03
1030,15221,PO_TP,5.175453951034e-03
1030,15221,SED_TP,5.651016268211e-08
1030,15221,SEDWSSD_TP,5.416062243932e-08
1030,15221,SEDSCRS_TP,2.349540242781e-09
1030,15221,SO_TCd,2.825508134105e-11
1030,15221,IO_TCd,0.000000000000e+00
1030,15221,AO_TCd,0.000000000000e+00
1030,15221,PO_TCd,2.825508134105e-11
1030,15221,SED_TCd,2.825508134105e-11
1030,15221,SEDWSSD_TCd,2.708031121966e-11
1030,15221,SEDSCRS_TCd,1.174770121391e-12
1030,15221,SO_TCu,2.825508134105e-09
1030,15221,IO_TCu,0.000000000000e+00
1030,15221,AO_TCu,0.000000000000e+00
1030,15221,PO_TCu,2.825508134105e-09
1030,15221,SED_TCu,2.825508134105e-09
1030,15221,SEDWSSD_TCu,2.708031121966e-09
1030,15221,SEDSCRS_TCu,1.174770121391e-10
1030,15221,SO_TPb,2.825508134105e-10
1030,15221,IO_TPb,0.000000000000e+00
1030,15221,AO_TPb,0.000000000000e+00
1030,15221,PO_TPb,2.825508134105e-10
1030,15221,SED_TPb,2.825508134105e-10
1030,15221,SEDWSSD_TPb,2.708031121966e-10
1030,15221,SEDSCRS_TPb,1.174770121391e-11
1030,15221,SO_TZn,2.034365856556e-08
1030,15221,IO_TZn,0.000000000000e+00
1030,15221,AO_TZn,1.286578459016e-03
1030,15221,PO_TZn,1.286598802674e-03
1030,15221,SED_TZn,2.034365856556e-08
1030,15221,SEDWSSD_TZn,1.949782407816e-08
1030,15221,SEDSCRS_TZn,8.458344874012e-10
1030,15222,AREA,0.000000000000e+00
1030,15222,PREC,0.000000000000e+00
1030,15222,SURO,0.000000000000e+00
1030,15222,IFWO,0.000000000000e+00
1030,15222,AGWO,0.000000000000e+00
1030,15222,PERO,0.000000000000e+00
1030,15222,TAET,0.000000000000e+00
1030,15222,SEDLOAD,0.000000000000e+00
1030,15222,SEDWSSD, 0.00000e+00
1030,15222,SEDSCRS, 0.00000e+00
1030,15222,SEDSURO, 0.00000e+00
1030,15222,SEDIFWO, 0.00000e+00
1030,15222,SEDAGWO, 0.00000e+00
1030,15222,SO_TN,0.000000000000e+00
1030,15222,IO_TN,0.000000000000e+00
1030,15222,AO_TN,0.000000000000e+00
1030,15222,PO_TN,0.000000000000e+00
1030,15222,SO_TP,0.000000000000e+00
1030,15222,IO_TP,0.000000000000e+00
1030,15222,AO_TP,0.000000000000e+00
1030,15222,PO_TP,0.000000000000e+00
1030,15222,SED_TP,0.000000000000e+00
1030,15222,SEDWSSD_TP,0.000000000000e+00
1030,15222,SEDSCRS_TP,0.000000000000e+00
1030,15222,SO_TCd,0.000000000000e+00
1030,15222,IO_TCd,0.000000000000e+00
1030,15222,AO_TCd,0.000000000000e+00
1030,15222,PO_TCd,0.000000000000e+00
1030,15222,SED_TCd,0.000000000000e+00
1030,15222,SEDWSSD_TCd,0.000000000000e+00
1030,15222,SEDSCRS_TCd,0.000000000000e+00
1030,15222,SO_TCu,0.000000000000e+00
1030,15222,IO_TCu,0.000000000000e+00
1030,15222,AO_TCu,0.000000000000e+00
1030,15222,PO_TCu,0.000000000000e+00
1030,15222,SED_TCu,0.000000000000e+00
1030,15222,SEDWSSD_TCu,0.000000000000e+00
1030,15222,SEDSCRS_TCu,0.000000000000e+00
1030,15222,SO_TPb,0.000000000000e+00
1030,15222,IO_TPb,0.000000000000e+00
1030,15222,AO_TPb,0.000000000000e+00
1030,15222,PO_TPb,0.000000000000e+00
1030,15222,SED_TPb,0.000000000000e+00
1030,15222,SEDWSSD_TPb,0.000000000000e+00
1030,15222,SEDSCRS_TPb,0.000000000000e+00
1030,15222,SO_TZn,0.000000000000e+00
1030,15222,IO_TZn,0.000000000000e+00
1030,15222,AO_TZn,0.000000000000e+00
1030,15222,PO_TZn,0.000000000000e+00
1030,15222,SED_TZn,0.000000000000e+00
1030,15222,SEDWSSD_TZn,0.000000000000e+00
1030,15222,SEDSCRS_TZn,0.000000000000e+00
1030,15231,AREA,0.000000000000e+00
1030,15231,PREC,0.000000000000e+00
1030,15231,SURO,0.000000000000e+00
1030,15231,IFWO,0.000000000000e+00
1030,15231,AGWO,0.000000000000e+00
1030,15231,PERO,0.000000000000e+00
1030,15231,TAET,0.000000000000e+00
1030,15231,SEDLOAD,0.000000000000e+00
1030,15231,SEDWSSD, 0.00000e+00
1030,15231,SEDSCRS, 0.00000e+00
1030,15231,SEDSURO, 0.00000e+00
1030,15231,SEDIFWO, 0.00000e+00
1030,15231,SEDAGWO, 0.00000e+00
1030,15231,SO_TN,0.000000000000e+00
1030,15231,IO_TN,0.000000000000e+00
1030,15231,AO_TN,0.000000000000e+00
1030,15231,PO_TN,0.000000000000e+00
1030,15231,SO_TP,0.000000000000e+00
1030,15231,IO_TP,0.000000000000e+00
1030,15231,AO_TP,0.000000000000e+00
1030,15231,PO_TP,0.000000000000e+00
1030,15231,SED_TP,0.000000000000e+00
1030,15231,SEDWSSD_TP,0.000000000000e+00
1030,15231,SEDSCRS_TP,0.000000000000e+00
1030,15231,SO_TCd,0.000000000000e+00
1030,15231,IO_TCd,0.000000000000e+00
1030,15231,AO_TCd,0.000000000000e+00
1030,15231,PO_TCd,0.000000000000e+00
1030,15231,SED_TCd,0.000000000000e+00
1030,15231,SEDWSSD_TCd,0.000000000000e+00
1030,15231,SEDSCRS_TCd,0.000000000000e+00
1030,15231,SO_TCu,0.000000000000e+00
1030,15231,IO_TCu,0.000000000000e+00
1030,15231,AO_TCu,0.000000000000e+00
1030,15231,PO_TCu,0.000000000000e+00
1030,15231,SED_TCu,0.000000000000e+00
1030,15231,SEDWSSD_TCu,0.000000000000e+00
1030,15231,SEDSCRS_TCu,0.000000000000e+00
1030,15231,SO_TPb,0.000000000000e+00
1030,15231,IO_TPb,0.000000000000e+00
1030,15231,AO_TPb,0.000000000000e+00
1030,15231,PO_TPb,0.000000000000e+00
1030,15231,SED_TPb,0.000000000000e+00
1030,15231,SEDWSSD_TPb,0.000000000000e+00
1030,15231,SEDSCRS_TPb,0.000000000000e+00
1030,15231,SO_TZn,0.000000000000e+00
1030,15231,IO_TZn,0.000000000000e+00
1030,15231,AO_TZn,0.000000000000e+00
1030,15231,PO_TZn,0.000000000000e+00
1030,15231,SED_TZn,0.000000000000e+00
1030,15231,SEDWSSD_TZn,0.000000000000e+00
1030,15231,SEDSCRS_TZn,0.000000000000e+00
1030,15232,AREA,0.000000000000e+00
1030,15232,PREC,0.000000000000e+00
1030,15232,SURO,0.000000000000e+00
1030,15232,IFWO,0.000000000000e+00
1030,15232,AGWO,0.000000000000e+00
1030,15232,PERO,0.000000000000e+00
1030,15232,TAET,0.000000000000e+00
1030,15232,SEDLOAD,0.000000000000e+00
1030,15232,SEDWSSD, 0.00000e+00
1030,15232,SEDSCRS, 0.00000e+00
1030,15232,SEDSURO, 0.00000e+00
1030,15232,SEDIFWO, 0.00000e+00
1030,15232,SEDAGWO, 0.00000e+00
1030,15232,SO_TN,0.000000000000e+00
1030,15232,IO_TN,0.000000000000e+00
1030,15232,AO_TN,0.000000000000e+00
1030,15232,PO_TN,0.000000000000e+00
1030,15232,SO_TP,0.000000000000e+00
1030,15232,IO_TP,0.000000000000e+00
1030,15232,AO_TP,0.000000000000e+00
1030,15232,PO_TP,0.000000000000e+00
1030,15232,SED_TP,0.000000000000e+00
1030,15232,SEDWSSD_TP,0.000000000000e+00
1030,15232,SEDSCRS_TP,0.000000000000e+00
1030,15232,SO_TCd,0.000000000000e+00
1030,15232,IO_TCd,0.000000000000e+00
1030,15232,AO_TCd,0.000000000000e+00
1030,15232,PO_TCd,0.000000000000e+00
1030,15232,SED_TCd,0.000000000000e+00
1030,15232,SEDWSSD_TCd,0.000000000000e+00
1030,15232,SEDSCRS_TCd,0.000000000000e+00
1030,15232,SO_TCu,0.000000000000e+00
1030,15232,IO_TCu,0.000000000000e+00
1030,15232,AO_TCu,0.000000000000e+00
1030,15232,PO_TCu,0.000000000000e+00
1030,15232,SED_TCu,0.000000000000e+00
1030,15232,SEDWSSD_TCu,0.000000000000e+00
1030,15232,SEDSCRS_TCu,0.000000000000e+00
1030,15232,SO_TPb,0.000000000000e+00
1030,15232,IO_TPb,0.000000000000e+00
1030,15232,AO_TPb,0.000000000000e+00
1030,15232,PO_TPb,0.000000000000e+00
1030,15232,SED_TPb,0.000000000000e+00
1030,15232,SEDWSSD_TPb,0.000000000000e+00
1030,15232,SEDSCRS_TPb,0.000000000000e+00
1030,15232,SO_TZn,0.000000000000e+00
1030,15232,IO_TZn,0.000000000000e+00
1030,15232,AO_TZn,0.000000000000e+00
1030,15232,PO_TZn,0.000000000000e+00
1030,15232,SED_TZn,0.000000000000e+00
1030,15232,SEDWSSD_TZn,0.000000000000e+00
1030,15232,SEDSCRS_TZn,0.000000000000e+00
1030,15321,AREA,1.191949270001e+02
1030,15321,PREC,1.204919606451e+03
1030,15321,SURO,6.084829841052e-01
1030,15321,IFWO,1.757640147180e+00
1030,15321,AGWO,2.706434879811e+01
1030,15321,PERO,2.943047192939e+01
1030,15321,TAET,1.175489092050e+03
1030,15321,SEDLOAD,8.377121770146e-03
1030,15321,SEDWSSD, 4.33500e-03
1030,15321,SEDSCRS, 7.76402e-04
1030,15321,SEDSURO, 0.00000e+00
1030,15321,SEDIFWO, 1.99152e-04
1030,15321,SEDAGWO, 3.06657e-03
1030,15321,SO_TN,3.958780127064e-01
1030,15321,IO_TN,3.983050639240e-01
1030,15321,AO_TN,3.066574007024e+00
1030,15321,PO_TN,3.860757083655e+00
1030,15321,SO_TP,1.022279881949e-02
1030,15321,IO_TP,7.966101278479e-02
1030,15321,AO_TP,1.226629602810e+00
1030,15321,PO_TP,1.316513414414e+00
1030,15321,SED_TP,1.022279881949e-02
1030,15321,SEDWSSD_TP,8.669993994073e-03
1030,15321,SEDSCRS_TP,1.552804825421e-03
1030,15321,SO_TCd,5.111399409747e-06
1030,15321,IO_TCd,0.000000000000e+00
1030,15321,AO_TCd,0.000000000000e+00
1030,15321,PO_TCd,5.111399409747e-06
1030,15321,SED_TCd,5.111399409747e-06
1030,15321,SEDWSSD_TCd,4.334996997036e-06
1030,15321,SEDSCRS_TCd,7.764024127105e-07
1030,15321,SO_TCu,5.111399409747e-04
1030,15321,IO_TCu,0.000000000000e+00
1030,15321,AO_TCu,0.000000000000e+00
1030,15321,PO_TCu,5.111399409747e-04
1030,15321,SED_TCu,5.111399409747e-04
1030,15321,SEDWSSD_TCu,4.334996997036e-04
1030,15321,SEDSCRS_TCu,7.764024127105e-05
1030,15321,SO_TPb,5.111399409747e-05
1030,15321,IO_TPb,0.000000000000e+00
1030,15321,AO_TPb,0.000000000000e+00
1030,15321,PO_TPb,5.111399409747e-05
1030,15321,SED_TPb,5.111399409747e-05
1030,15321,SEDWSSD_TPb,4.334996997036e-05
1030,15321,SEDSCRS_TPb,7.764024127105e-06
1030,15321,SO_TZn,3.680207575018e-03
1030,15321,IO_TZn,0.000000000000e+00
1030,15321,AO_TZn,3.066574007025e-01
1030,15321,PO_TZn,3.103376082775e-01
1030,15321,SED_TZn,3.680207575018e-03
1030,15321,SEDWSSD_TZn,3.121197837866e-03
1030,15321,SEDSCRS_TZn,5.590097371515e-04
1030,15322,AREA,0.000000000000e+00
1030,15322,PREC,0.000000000000e+00
1030,15322,SURO,0.000000000000e+00
1030,15322,IFWO,0.000000000000e+00
1030,15322,AGWO,0.000000000000e+00
1030,15322,PERO,0.000000000000e+00
1030,15322,TAET,0.000000000000e+00
1030,15322,SEDLOAD,0.000000000000e+00
1030,15322,SEDWSSD, 0.00000e+00
1030,15322,SEDSCRS, 0.00000e+00
1030,15322,SEDSURO, 0.00000e+00
1030,15322,SEDIFWO, 0.00000e+00
1030,15322,SEDAGWO, 0.00000e+00
1030,15322,SO_TN,0.000000000000e+00
1030,15322,IO_TN,0.000000000000e+00
1030,15322,AO_TN,0.000000000000e+00
1030,15322,PO_TN,0.000000000000e+00
1030,15322,SO_TP,0.000000000000e+00
1030,15322,IO_TP,0.000000000000e+00
1030,15322,AO_TP,0.000000000000e+00
1030,15322,PO_TP,0.000000000000e+00
1030,15322,SED_TP,0.000000000000e+00
1030,15322,SEDWSSD_TP,0.000000000000e+00
1030,15322,SEDSCRS_TP,0.000000000000e+00
1030,15322,SO_TCd,0.000000000000e+00
1030,15322,IO_TCd,0.000000000000e+00
1030,15322,AO_TCd,0.000000000000e+00
1030,15322,PO_TCd,0.000000000000e+00
1030,15322,SED_TCd,0.000000000000e+00
1030,15322,SEDWSSD_TCd,0.000000000000e+00
1030,15322,SEDSCRS_TCd,0.000000000000e+00
1030,15322,SO_TCu,0.000000000000e+00
1030,15322,IO_TCu,0.000000000000e+00
1030,15322,AO_TCu,0.000000000000e+00
1030,15322,PO_TCu,0.000000000000e+00
1030,15322,SED_TCu,0.000000000000e+00
1030,15322,SEDWSSD_TCu,0.000000000000e+00
1030,15322,SEDSCRS_TCu,0.000000000000e+00
1030,15322,SO_TPb,0.000000000000e+00
1030,15322,IO_TPb,0.000000000000e+00
1030,15322,AO_TPb,0.000000000000e+00
1030,15322,PO_TPb,0.000000000000e+00
1030,15322,SED_TPb,0.000000000000e+00
1030,15322,SEDWSSD_TPb,0.000000000000e+00
1030,15322,SEDSCRS_TPb,0.000000000000e+00
1030,15322,SO_TZn,0.000000000000e+00
1030,15322,IO_TZn,0.000000000000e+00
1030,15322,AO_TZn,0.000000000000e+00
1030,15322,PO_TZn,0.000000000000e+00
1030,15322,SED_TZn,0.000000000000e+00
1030,15322,SEDWSSD_TZn,0.000000000000e+00
1030,15322,SEDSCRS_TZn,0.000000000000e+00
1030,15331,AREA,0.000000000000e+00
1030,15331,PREC,0.000000000000e+00
1030,15331,SURO,0.000000000000e+00
1030,15331,IFWO,0.000000000000e+00
1030,15331,AGWO,0.000000000000e+00
1030,15331,PERO,0.000000000000e+00
1030,15331,TAET,0.000000000000e+00
1030,15331,SEDLOAD,0.000000000000e+00
1030,15331,SEDWSSD, 0.00000e+00
1030,15331,SEDSCRS, 0.00000e+00
1030,15331,SEDSURO, 0.00000e+00
1030,15331,SEDIFWO, 0.00000e+00
1030,15331,SEDAGWO, 0.00000e+00
1030,15331,SO_TN,0.000000000000e+00
1030,15331,IO_TN,0.000000000000e+00
1030,15331,AO_TN,0.000000000000e+00
1030,15331,PO_TN,0.000000000000e+00
1030,15331,SO_TP,0.000000000000e+00
1030,15331,IO_TP,0.000000000000e+00
1030,15331,AO_TP,0.000000000000e+00
1030,15331,PO_TP,0.000000000000e+00
1030,15331,SED_TP,0.000000000000e+00
1030,15331,SEDWSSD_TP,0.000000000000e+00
1030,15331,SEDSCRS_TP,0.000000000000e+00
1030,15331,SO_TCd,0.000000000000e+00
1030,15331,IO_TCd,0.000000000000e+00
1030,15331,AO_TCd,0.000000000000e+00
1030,15331,PO_TCd,0.000000000000e+00
1030,15331,SED_TCd,0.000000000000e+00
1030,15331,SEDWSSD_TCd,0.000000000000e+00
1030,15331,SEDSCRS_TCd,0.000000000000e+00
1030,15331,SO_TCu,0.000000000000e+00
1030,15331,IO_TCu,0.000000000000e+00
1030,15331,AO_TCu,0.000000000000e+00
1030,15331,PO_TCu,0.000000000000e+00
1030,15331,SED_TCu,0.000000000000e+00
1030,15331,SEDWSSD_TCu,0.000000000000e+00
1030,15331,SEDSCRS_TCu,0.000000000000e+00
1030,15331,SO_TPb,0.000000000000e+00
1030,15331,IO_TPb,0.000000000000e+00
1030,15331,AO_TPb,0.000000000000e+00
1030,15331,PO_TPb,0.000000000000e+00
1030,15331,SED_TPb,0.000000000000e+00
1030,15331,SEDWSSD_TPb,0.000000000000e+00
1030,15331,SEDSCRS_TPb,0.000000000000e+00
1030,15331,SO_TZn,0.000000000000e+00
1030,15331,IO_TZn,0.000000000000e+00
1030,15331,AO_TZn,0.000000000000e+00
1030,15331,PO_TZn,0.000000000000e+00
1030,15331,SED_TZn,0.000000000000e+00
1030,15331,SEDWSSD_TZn,0.000000000000e+00
1030,15331,SEDSCRS_TZn,0.000000000000e+00
1030,15332,AREA,0.000000000000e+00
1030,15332,PREC,0.000000000000e+00
1030,15332,SURO,0.000000000000e+00
1030,15332,IFWO,0.000000000000e+00
1030,15332,AGWO,0.000000000000e+00
1030,15332,PERO,0.000000000000e+00
1030,15332,TAET,0.000000000000e+00
1030,15332,SEDLOAD,0.000000000000e+00
1030,15332,SEDWSSD, 0.00000e+00
1030,15332,SEDSCRS, 0.00000e+00
1030,15332,SEDSURO, 0.00000e+00
1030,15332,SEDIFWO, 0.00000e+00
1030,15332,SEDAGWO, 0.00000e+00
1030,15332,SO_TN,0.000000000000e+00
1030,15332,IO_TN,0.000000000000e+00
1030,15332,AO_TN,0.000000000000e+00
1030,15332,PO_TN,0.000000000000e+00
1030,15332,SO_TP,0.000000000000e+00
1030,15332,IO_TP,0.000000000000e+00
1030,15332,AO_TP,0.000000000000e+00
1030,15332,PO_TP,0.000000000000e+00
1030,15332,SED_TP,0.000000000000e+00
1030,15332,SEDWSSD_TP,0.000000000000e+00
1030,15332,SEDSCRS_TP,0.000000000000e+00
1030,15332,SO_TCd,0.000000000000e+00
1030,15332,IO_TCd,0.000000000000e+00
1030,15332,AO_TCd,0.000000000000e+00
1030,15332,PO_TCd,0.000000000000e+00
1030,15332,SED_TCd,0.000000000000e+00
1030,15332,SEDWSSD_TCd,0.000000000000e+00
1030,15332,SEDSCRS_TCd,0.000000000000e+00
1030,15332,SO_TCu,0.000000000000e+00
1030,15332,IO_TCu,0.000000000000e+00
1030,15332,AO_TCu,0.000000000000e+00
1030,15332,PO_TCu,0.000000000000e+00
1030,15332,SED_TCu,0.000000000000e+00
1030,15332,SEDWSSD_TCu,0.000000000000e+00
1030,15332,SEDSCRS_TCu,0.000000000000e+00
1030,15332,SO_TPb,0.000000000000e+00
1030,15332,IO_TPb,0.000000000000e+00
1030,15332,AO_TPb,0.000000000000e+00
1030,15332,PO_TPb,0.000000000000e+00
1030,15332,SED_TPb,0.000000000000e+00
1030,15332,SEDWSSD_TPb,0.000000000000e+00
1030,15332,SEDSCRS_TPb,0.000000000000e+00
1030,15332,SO_TZn,0.000000000000e+00
1030,15332,IO_TZn,0.000000000000e+00
1030,15332,AO_TZn,0.000000000000e+00
1030,15332,PO_TZn,0.000000000000e+00
1030,15332,SED_TZn,0.000000000000e+00
1030,15332,SEDWSSD_TZn,0.000000000000e+00
1030,15332,SEDSCRS_TZn,0.000000000000e+00
1030,15421,AREA,1.073339330001e+02
1030,15421,PREC,1.085018998411e+03
1030,15421,SURO,1.008286322331e+01
1030,15421,IFWO,4.735303256173e+00
1030,15421,AGWO,1.554323933718e+01
1030,15421,PERO,3.036140581666e+01
1030,15421,TAET,1.054657536042e+03
1030,15421,SEDLOAD,1.758619343352e-01
1030,15421,SEDWSSD, 8.32875e-02
1030,15421,SEDSCRS, 9.02767e-02
1030,15421,SEDSURO, 0.00000e+00
1030,15421,SEDIFWO, 5.36541e-04
1030,15421,SEDAGWO, 1.76115e-03
1030,15421,SO_TN,4.780319919640e+00
1030,15421,IO_TN,1.073083855746e+00
1030,15421,AO_TN,1.761154280560e+00
1030,15421,PO_TN,7.614558055946e+00
1030,15421,SO_TP,3.471284821336e-01
1030,15421,IO_TP,2.146167711491e-01
1030,15421,AO_TP,7.044617122241e-01
1030,15421,PO_TP,1.266206965507e+00
1030,15421,SED_TP,3.471284821336e-01
1030,15421,SEDWSSD_TP,1.665750378828e-01
1030,15421,SEDSCRS_TP,1.805534442507e-01
1030,15421,SO_TCd,1.735642410668e-04
1030,15421,IO_TCd,0.000000000000e+00
1030,15421,AO_TCd,0.000000000000e+00
1030,15421,PO_TCd,1.735642410668e-04
1030,15421,SED_TCd,1.735642410668e-04
1030,15421,SEDWSSD_TCd,8.328751894141e-05
1030,15421,SEDSCRS_TCd,9.027672212537e-05
1030,15421,SO_TCu,1.735642410668e-02
1030,15421,IO_TCu,0.000000000000e+00
1030,15421,AO_TCu,0.000000000000e+00
1030,15421,PO_TCu,1.735642410668e-02
1030,15421,SED_TCu,1.735642410668e-02
1030,15421,SEDWSSD_TCu,8.328751894141e-03
1030,15421,SEDSCRS_TCu,9.027672212537e-03
1030,15421,SO_TPb,1.735642410668e-03
1030,15421,IO_TPb,0.000000000000e+00
1030,15421,AO_TPb,0.000000000000e+00
1030,15421,PO_TPb,1.735642410668e-03
1030,15421,SED_TPb,1.735642410668e-03
1030,15421,SEDWSSD_TPb,8.328751894141e-04
1030,15421,SEDSCRS_TPb,9.027672212537e-04
1030,15421,SO_TZn,1.249662535681e-01
1030,15421,IO_TZn,0.000000000000e+00
1030,15421,AO_TZn,1.761154280560e-01
1030,15421,PO_TZn,3.010816816241e-01
1030,15421,SED_TZn,1.249662535681e-01
1030,15421,SEDWSSD_TZn,5.996701363782e-02
1030,15421,SEDSCRS_TZn,6.499923993027e-02
1030,15422,AREA,0.000000000000e+00
1030,15422,PREC,0.000000000000e+00
1030,15422,SURO,0.000000000000e+00
1030,15422,IFWO,0.000000000000e+00
1030,15422,AGWO,0.000000000000e+00
1030,15422,PERO,0.000000000000e+00
1030,15422,TAET,0.000000000000e+00
1030,15422,SEDLOAD,0.000000000000e+00
1030,15422,SEDWSSD, 0.00000e+00
1030,15422,SEDSCRS, 0.00000e+00
1030,15422,SEDSURO, 0.00000e+00
1030,15422,SEDIFWO, 0.00000e+00
1030,15422,SEDAGWO, 0.00000e+00
1030,15422,SO_TN,0.000000000000e+00
1030,15422,IO_TN,0.000000000000e+00
1030,15422,AO_TN,0.000000000000e+00
1030,15422,PO_TN,0.000000000000e+00
1030,15422,SO_TP,0.000000000000e+00
1030,15422,IO_TP,0.000000000000e+00
1030,15422,AO_TP,0.000000000000e+00
1030,15422,PO_TP,0.000000000000e+00
1030,15422,SED_TP,0.000000000000e+00
1030,15422,SEDWSSD_TP,0.000000000000e+00
1030,15422,SEDSCRS_TP,0.000000000000e+00
1030,15422,SO_TCd,0.000000000000e+00
1030,15422,IO_TCd,0.000000000000e+00
1030,15422,AO_TCd,0.000000000000e+00
1030,15422,PO_TCd,0.000000000000e+00
1030,15422,SED_TCd,0.000000000000e+00
1030,15422,SEDWSSD_TCd,0.000000000000e+00
1030,15422,SEDSCRS_TCd,0.000000000000e+00
1030,15422,SO_TCu,0.000000000000e+00
1030,15422,IO_TCu,0.000000000000e+00
1030,15422,AO_TCu,0.000000000000e+00
1030,15422,PO_TCu,0.000000000000e+00
1030,15422,SED_TCu,0.000000000000e+00
1030,15422,SEDWSSD_TCu,0.000000000000e+00
1030,15422,SEDSCRS_TCu,0.000000000000e+00
1030,15422,SO_TPb,0.000000000000e+00
1030,15422,IO_TPb,0.000000000000e+00
1030,15422,AO_TPb,0.000000000000e+00
1030,15422,PO_TPb,0.000000000000e+00
1030,15422,SED_TPb,0.000000000000e+00
1030,15422,SEDWSSD_TPb,0.000000000000e+00
1030,15422,SEDSCRS_TPb,0.000000000000e+00
1030,15422,SO_TZn,0.000000000000e+00
1030,15422,IO_TZn,0.000000000000e+00
1030,15422,AO_TZn,0.000000000000e+00
1030,15422,PO_TZn,0.000000000000e+00
1030,15422,SED_TZn,0.000000000000e+00
1030,15422,SEDWSSD_TZn,0.000000000000e+00
1030,15422,SEDSCRS_TZn,0.000000000000e+00
1030,15431,AREA,1.070810000001e-01
1030,15431,PREC,1.082462145208e+00
1030,15431,SURO,1.270209541904e-02
1030,15431,IFWO,5.910743030728e-03
1030,15431,AGWO,1.583642322047e-02
1030,15431,PERO,3.444926167024e-02
1030,15431,TAET,1.048012880484e+00
1030,15431,SEDLOAD,1.909560952337e-04
1030,15431,SEDWSSD, 2.84812e-05
1030,15431,SEDSCRS, 1.60011e-04
1030,15431,SEDSURO, 0.00000e+00
1030,15431,SEDIFWO, 6.69726e-07
1030,15431,SEDAGWO, 1.79437e-06
1030,15431,SO_TN,5.481594698337e-03
1030,15431,IO_TN,1.339454429548e-03
1030,15431,AO_TN,1.794374000070e-03
1030,15431,PO_TN,8.615423127955e-03
1030,15431,SO_TP,3.769839943434e-04
1030,15431,IO_TP,2.678908859097e-04
1030,15431,AO_TP,7.177496000279e-04
1030,15431,PO_TP,1.362624480281e-03
1030,15431,SED_TP,3.769839943434e-04
1030,15431,SEDWSSD_TP,5.696241693997e-05
1030,15431,SEDSCRS_TP,3.200215774035e-04
1030,15431,SO_TCd,1.884919971717e-07
1030,15431,IO_TCd,0.000000000000e+00
1030,15431,AO_TCd,0.000000000000e+00
1030,15431,PO_TCd,1.884919971717e-07
1030,15431,SED_TCd,1.884919971717e-07
1030,15431,SEDWSSD_TCd,2.848120846998e-08
1030,15431,SEDSCRS_TCd,1.600107887017e-07
1030,15431,SO_TCu,1.884919971717e-05
1030,15431,IO_TCu,0.000000000000e+00
1030,15431,AO_TCu,0.000000000000e+00
1030,15431,PO_TCu,1.884919971717e-05
1030,15431,SED_TCu,1.884919971717e-05
1030,15431,SEDWSSD_TCu,2.848120846998e-06
1030,15431,SEDSCRS_TCu,1.600107887017e-05
1030,15431,SO_TPb,1.884919971717e-06
1030,15431,IO_TPb,0.000000000000e+00
1030,15431,AO_TPb,0.000000000000e+00
1030,15431,PO_TPb,1.884919971717e-06
1030,15431,SED_TPb,1.884919971717e-06
1030,15431,SEDWSSD_TPb,2.848120846998e-07
1030,15431,SEDSCRS_TPb,1.600107887017e-06
1030,15431,SO_TZn,1.357142379636e-04
1030,15431,IO_TZn,0.000000000000e+00
1030,15431,AO_TZn,1.794374000070e-04
1030,15431,PO_TZn,3.151516379706e-04
1030,15431,SED_TZn,1.357142379636e-04
1030,15431,SEDWSSD_TZn,2.050647009839e-05
1030,15431,SEDSCRS_TZn,1.152077678652e-04
1030,15432,AREA,0.000000000000e+00
1030,15432,PREC,0.000000000000e+00
1030,15432,SURO,0.000000000000e+00
1030,15432,IFWO,0.000000000000e+00
1030,15432,AGWO,0.000000000000e+00
1030,15432,PERO,0.000000000000e+00
1030,15432,TAET,0.000000000000e+00
1030,15432,SEDLOAD,0.000000000000e+00
1030,15432,SEDWSSD, 0.00000e+00
1030,15432,SEDSCRS, 0.00000e+00
1030,15432,SEDSURO, 0.00000e+00
1030,15432,SEDIFWO, 0.00000e+00
1030,15432,SEDAGWO, 0.00000e+00
1030,15432,SO_TN,0.000000000000e+00
1030,15432,IO_TN,0.000000000000e+00
1030,15432,AO_TN,0.000000000000e+00
1030,15432,PO_TN,0.000000000000e+00
1030,15432,SO_TP,0.000000000000e+00
1030,15432,IO_TP,0.000000000000e+00
1030,15432,AO_TP,0.000000000000e+00
1030,15432,PO_TP,0.000000000000e+00
1030,15432,SED_TP,0.000000000000e+00
1030,15432,SEDWSSD_TP,0.000000000000e+00
1030,15432,SEDSCRS_TP,0.000000000000e+00
1030,15432,SO_TCd,0.000000000000e+00
1030,15432,IO_TCd,0.000000000000e+00
1030,15432,AO_TCd,0.000000000000e+00
1030,15432,PO_TCd,0.000000000000e+00
1030,15432,SED_TCd,0.000000000000e+00
1030,15432,SEDWSSD_TCd,0.000000000000e+00
1030,15432,SEDSCRS_TCd,0.000000000000e+00
1030,15432,SO_TCu,0.000000000000e+00
1030,15432,IO_TCu,0.000000000000e+00
1030,15432,AO_TCu,0.000000000000e+00
1030,15432,PO_TCu,0.000000000000e+00
1030,15432,SED_TCu,0.000000000000e+00
1030,15432,SEDWSSD_TCu,0.000000000000e+00
1030,15432,SEDSCRS_TCu,0.000000000000e+00
1030,15432,SO_TPb,0.000000000000e+00
1030,15432,IO_TPb,0.000000000000e+00
1030,15432,AO_TPb,0.000000000000e+00
1030,15432,PO_TPb,0.000000000000e+00
1030,15432,SED_TPb,0.000000000000e+00
1030,15432,SEDWSSD_TPb,0.000000000000e+00
1030,15432,SEDSCRS_TPb,0.000000000000e+00
1030,15432,SO_TZn,0.000000000000e+00
1030,15432,IO_TZn,0.000000000000e+00
1030,15432,AO_TZn,0.000000000000e+00
1030,15432,PO_TZn,0.000000000000e+00
1030,15432,SED_TZn,0.000000000000e+00
1030,15432,SEDWSSD_TZn,0.000000000000e+00
1030,15432,SEDSCRS_TZn,0.000000000000e+00
1030,16000,AREA,0.000000000000e+00
1030,16000,PREC,0.000000000000e+00
1030,16000,SURO,0.000000000000e+00
1030,16000,IFWO,0.000000000000e+00
1030,16000,AGWO,0.000000000000e+00
1030,16000,PERO,0.000000000000e+00
1030,16000,TAET,0.000000000000e+00
1030,16000,SEDLOAD,0.000000000000e+00
1030,16000,SEDWSSD, 0.00000e+00
1030,16000,SEDSCRS, 0.00000e+00
1030,16000,SEDSURO, 0.00000e+00
1030,16000,SEDIFWO, 0.00000e+00
1030,16000,SEDAGWO, 0.00000e+00
1030,16000,SO_TN,0.000000000000e+00
1030,16000,IO_TN,0.000000000000e+00
1030,16000,AO_TN,0.000000000000e+00
1030,16000,PO_TN,0.000000000000e+00
1030,16000,SO_TP,0.000000000000e+00
1030,16000,IO_TP,0.000000000000e+00
1030,16000,AO_TP,0.000000000000e+00
1030,16000,PO_TP,0.000000000000e+00
1030,16000,SED_TP,0.000000000000e+00
1030,16000,SEDWSSD_TP,0.000000000000e+00
1030,16000,SEDSCRS_TP,0.000000000000e+00
1030,16000,SO_TCd,0.000000000000e+00
1030,16000,IO_TCd,0.000000000000e+00
1030,16000,AO_TCd,0.000000000000e+00
1030,16000,PO_TCd,0.000000000000e+00
1030,16000,SED_TCd,0.000000000000e+00
1030,16000,SEDWSSD_TCd,0.000000000000e+00
1030,16000,SEDSCRS_TCd,0.000000000000e+00
1030,16000,SO_TCu,0.000000000000e+00
1030,16000,IO_TCu,0.000000000000e+00
1030,16000,AO_TCu,0.000000000000e+00
1030,16000,PO_TCu,0.000000000000e+00
1030,16000,SED_TCu,0.000000000000e+00
1030,16000,SEDWSSD_TCu,0.000000000000e+00
1030,16000,SEDSCRS_TCu,0.000000000000e+00
1030,16000,SO_TPb,0.000000000000e+00
1030,16000,IO_TPb,0.000000000000e+00
1030,16000,AO_TPb,0.000000000000e+00
1030,16000,PO_TPb,0.000000000000e+00
1030,16000,SED_TPb,0.000000000000e+00
1030,16000,SEDWSSD_TPb,0.000000000000e+00
1030,16000,SEDSCRS_TPb,0.000000000000e+00
1030,16000,SO_TZn,0.000000000000e+00
1030,16000,IO_TZn,0.000000000000e+00
1030,16000,AO_TZn,0.000000000000e+00
1030,16000,PO_TZn,0.000000000000e+00
1030,16000,SED_TZn,0.000000000000e+00
1030,16000,SEDWSSD_TZn,0.000000000000e+00
1030,16000,SEDSCRS_TZn,0.000000000000e+00
