subbasin,deluid,parmname,value1
5109,1000,AREA,1.641997799999e+01
5109,1000,PREC,1.636962658471e+02
5109,1000,SURO,1.480543022819e+02
5109,1000,IFWO,0.000000000000e+00
5109,1000,AGWO,0.000000000000e+00
5109,1000,PERO,1.480543022819e+02
5109,1000,TAET,1.564196356518e+01
5109,1000,SEDLOAD,1.101069578285e+00
5109,1000,SEDWSSD, 1.10107e+00
5109,1000,SEDSCRS, 0.00000e+00
5109,1000,SEDSURO, 0.00000e+00
5109,1000,SEDIFWO, 0.00000e+00
5109,1000,SEDAGWO, 0.00000e+00
5109,1000,SO_TN,5.268006442003e+00
5109,1000,IO_TN,0.000000000000e+00
5109,1000,AO_TN,0.000000000000e+00
5109,1000,PO_TN,5.268006442003e+00
5109,1000,SO_TP,4.913522993098e+00
5109,1000,IO_TP,0.000000000000e+00
5109,1000,AO_TP,0.000000000000e+00
5109,1000,PO_TP,4.913522993098e+00
5109,1000,SED_TP,4.913522993098e+00
5109,1000,SEDWSSD_TP,4.913522993098e+00
5109,1000,SEDSCRS_TP,0.000000000000e+00
5109,1000,SO_TCd,1.926871761999e-02
5109,1000,IO_TCd,0.000000000000e+00
5109,1000,AO_TCd,0.000000000000e+00
5109,1000,PO_TCd,1.926871761999e-02
5109,1000,SED_TCd,1.926871761999e-02
5109,1000,SEDWSSD_TCd,1.926871761999e-02
5109,1000,SEDSCRS_TCd,0.000000000000e+00
5109,1000,SO_TCu,1.926871761999e+00
5109,1000,IO_TCu,0.000000000000e+00
5109,1000,AO_TCu,0.000000000000e+00
5109,1000,PO_TCu,1.926871761999e+00
5109,1000,SED_TCu,1.926871761999e+00
5109,1000,SEDWSSD_TCu,1.926871761999e+00
5109,1000,SEDSCRS_TCu,0.000000000000e+00
5109,1000,SO_TPb,4.756620578192e-01
5109,1000,IO_TPb,0.000000000000e+00
5109,1000,AO_TPb,0.000000000000e+00
5109,1000,PO_TPb,4.756620578192e-01
5109,1000,SED_TPb,4.756620578192e-01
5109,1000,SEDWSSD_TPb,4.756620578192e-01
5109,1000,SEDSCRS_TPb,0.000000000000e+00
5109,1000,SO_TZn,1.522118585021e+01
5109,1000,IO_TZn,0.000000000000e+00
5109,1000,AO_TZn,0.000000000000e+00
5109,1000,PO_TZn,1.522118585021e+01
5109,1000,SED_TZn,1.522118585021e+01
5109,1000,SEDWSSD_TZn,1.522118585021e+01
5109,1000,SEDSCRS_TZn,0.000000000000e+00
5109,2000,AREA,1.308469299998e+01
5109,2000,PREC,1.304456914531e+02
5109,2000,SURO,1.179809797972e+02
5109,2000,IFWO,0.000000000000e+00
5109,2000,AGWO,0.000000000000e+00
5109,2000,PERO,1.179809797972e+02
5109,2000,TAET,1.246471165598e+01
5109,2000,SEDLOAD,2.667206297836e+00
5109,2000,SEDWSSD, 2.66721e+00
5109,2000,SEDSCRS, 0.00000e+00
5109,2000,SEDSURO, 0.00000e+00
5109,2000,SEDIFWO, 0.00000e+00
5109,2000,SEDAGWO, 0.00000e+00
5109,2000,SO_TN,4.197950022566e+00
5109,2000,IO_TN,0.000000000000e+00
5109,2000,AO_TN,0.000000000000e+00
5109,2000,PO_TN,4.197950022566e+00
5109,2000,SO_TP,1.190240810409e+01
5109,2000,IO_TP,0.000000000000e+00
5109,2000,AO_TP,0.000000000000e+00
5109,2000,PO_TP,1.190240810409e+01
5109,2000,SED_TP,1.190240810409e+01
5109,2000,SEDWSSD_TP,1.190240810409e+01
5109,2000,SEDSCRS_TP,0.000000000000e+00
5109,2000,SO_TCd,4.000809446754e-02
5109,2000,IO_TCd,0.000000000000e+00
5109,2000,AO_TCd,0.000000000000e+00
5109,2000,PO_TCd,4.000809446754e-02
5109,2000,SED_TCd,4.000809446754e-02
5109,2000,SEDWSSD_TCd,4.000809446754e-02
5109,2000,SEDSCRS_TCd,0.000000000000e+00
5109,2000,SO_TCu,4.000809446754e+00
5109,2000,IO_TCu,0.000000000000e+00
5109,2000,AO_TCu,0.000000000000e+00
5109,2000,PO_TCu,4.000809446754e+00
5109,2000,SED_TCu,4.000809446754e+00
5109,2000,SEDWSSD_TCu,4.000809446754e+00
5109,2000,SEDSCRS_TCu,0.000000000000e+00
5109,2000,SO_TPb,8.641748404988e-01
5109,2000,IO_TPb,0.000000000000e+00
5109,2000,AO_TPb,0.000000000000e+00
5109,2000,PO_TPb,8.641748404988e-01
5109,2000,SED_TPb,8.641748404988e-01
5109,2000,SEDWSSD_TPb,8.641748404988e-01
5109,2000,SEDSCRS_TPb,0.000000000000e+00
5109,2000,SO_TZn,1.843572993064e+01
5109,2000,IO_TZn,0.000000000000e+00
5109,2000,AO_TZn,0.000000000000e+00
5109,2000,PO_TZn,1.843572993064e+01
5109,2000,SED_TZn,1.843572993064e+01
5109,2000,SEDWSSD_TZn,1.843572993064e+01
5109,2000,SEDSCRS_TZn,0.000000000000e+00
5109,3000,AREA,1.784960500003e+01
5109,3000,PREC,1.779486967245e+02
5109,3000,SURO,1.609448450103e+02
5109,3000,IFWO,0.000000000000e+00
5109,3000,AGWO,0.000000000000e+00
5109,3000,PERO,1.609448450103e+02
5109,3000,TAET,1.700385171422e+01
5109,3000,SEDLOAD,2.843922413837e+00
5109,3000,SEDWSSD, 2.84392e+00
5109,3000,SEDSCRS, 0.00000e+00
5109,3000,SEDSURO, 0.00000e+00
5109,3000,SEDIFWO, 0.00000e+00
5109,3000,SEDAGWO, 0.00000e+00
5109,3000,SO_TN,5.726672357735e+00
5109,3000,IO_TN,0.000000000000e+00
5109,3000,AO_TN,0.000000000000e+00
5109,3000,PO_TN,5.726672357735e+00
5109,3000,SO_TP,1.269100377175e+01
5109,3000,IO_TP,0.000000000000e+00
5109,3000,AO_TP,0.000000000000e+00
5109,3000,PO_TP,1.269100377175e+01
5109,3000,SED_TP,1.269100377175e+01
5109,3000,SEDWSSD_TP,1.269100377175e+01
5109,3000,SEDSCRS_TP,0.000000000000e+00
5109,3000,SO_TCd,3.412706896604e-02
5109,3000,IO_TCd,0.000000000000e+00
5109,3000,AO_TCd,0.000000000000e+00
5109,3000,PO_TCd,3.412706896604e-02
5109,3000,SED_TCd,3.412706896604e-02
5109,3000,SEDWSSD_TCd,3.412706896604e-02
5109,3000,SEDSCRS_TCd,0.000000000000e+00
5109,3000,SO_TCu,3.412706896604e+00
5109,3000,IO_TCu,0.000000000000e+00
5109,3000,AO_TCu,0.000000000000e+00
5109,3000,PO_TCu,3.412706896604e+00
5109,3000,SED_TCu,3.412706896604e+00
5109,3000,SEDWSSD_TCu,3.412706896604e+00
5109,3000,SEDSCRS_TCu,0.000000000000e+00
5109,3000,SO_TPb,3.071436206944e-01
5109,3000,IO_TPb,0.000000000000e+00
5109,3000,AO_TPb,0.000000000000e+00
5109,3000,PO_TPb,3.071436206944e-01
5109,3000,SED_TPb,3.071436206944e-01
5109,3000,SEDWSSD_TPb,3.071436206944e-01
5109,3000,SEDSCRS_TPb,0.000000000000e+00
5109,3000,SO_TZn,1.474289379333e+01
5109,3000,IO_TZn,0.000000000000e+00
5109,3000,AO_TZn,0.000000000000e+00
5109,3000,PO_TZn,1.474289379333e+01
5109,3000,SED_TZn,1.474289379333e+01
5109,3000,SEDWSSD_TZn,1.474289379333e+01
5109,3000,SEDSCRS_TZn,0.000000000000e+00
5109,4000,AREA,1.499731000003e+00
5109,4000,PREC,1.495132115738e+01
5109,4000,SURO,1.352265068903e+01
5109,4000,IFWO,0.000000000000e+00
5109,4000,AGWO,0.000000000000e+00
5109,4000,PERO,1.352265068903e+01
5109,4000,TAET,1.428670468351e+00
5109,4000,SEDLOAD,3.057077432585e-01
5109,4000,SEDWSSD, 3.05708e-01
5109,4000,SEDSCRS, 0.00000e+00
5109,4000,SEDSURO, 0.00000e+00
5109,4000,SEDIFWO, 0.00000e+00
5109,4000,SEDAGWO, 0.00000e+00
5109,4000,SO_TN,1.016536123995e+01
5109,4000,IO_TN,0.000000000000e+00
5109,4000,AO_TN,0.000000000000e+00
5109,4000,PO_TN,1.016536123995e+01
5109,4000,SO_TP,2.246951912950e+00
5109,4000,IO_TP,0.000000000000e+00
5109,4000,AO_TP,0.000000000000e+00
5109,4000,PO_TP,2.246951912950e+00
5109,4000,SED_TP,2.246951912950e+00
5109,4000,SEDWSSD_TP,2.246951912950e+00
5109,4000,SEDSCRS_TP,0.000000000000e+00
5109,4000,SO_TCd,4.585616148877e-03
5109,4000,IO_TCd,0.000000000000e+00
5109,4000,AO_TCd,0.000000000000e+00
5109,4000,PO_TCd,4.585616148877e-03
5109,4000,SED_TCd,4.585616148877e-03
5109,4000,SEDWSSD_TCd,4.585616148877e-03
5109,4000,SEDSCRS_TCd,0.000000000000e+00
5109,4000,SO_TCu,4.585616148877e-01
5109,4000,IO_TCu,0.000000000000e+00
5109,4000,AO_TCu,0.000000000000e+00
5109,4000,PO_TCu,4.585616148877e-01
5109,4000,SED_TCu,4.585616148877e-01
5109,4000,SEDWSSD_TCu,4.585616148877e-01
5109,4000,SEDSCRS_TCu,0.000000000000e+00
5109,4000,SO_TPb,1.320657450877e-01
5109,4000,IO_TPb,0.000000000000e+00
5109,4000,AO_TPb,0.000000000000e+00
5109,4000,PO_TPb,1.320657450877e-01
5109,4000,SED_TPb,1.320657450877e-01
5109,4000,SEDWSSD_TPb,1.320657450877e-01
5109,4000,SEDSCRS_TPb,0.000000000000e+00
5109,4000,SO_TZn,1.375684844663e+00
5109,4000,IO_TZn,0.000000000000e+00
5109,4000,AO_TZn,0.000000000000e+00
5109,4000,PO_TZn,1.375684844663e+00
5109,4000,SED_TZn,1.375684844663e+00
5109,4000,SEDWSSD_TZn,1.375684844663e+00
5109,4000,SEDSCRS_TZn,0.000000000000e+00
5109,5000,AREA,9.204946099986e+01
5109,5000,PREC,9.176719383508e+02
5109,5000,SURO,8.299839819384e+02
5109,5000,IFWO,0.000000000000e+00
5109,5000,AGWO,0.000000000000e+00
5109,5000,PERO,8.299839819384e+02
5109,5000,TAET,8.768795641238e+01
5109,5000,SEDLOAD,1.197223840151e+01
5109,5000,SEDWSSD, 1.19722e+01
5109,5000,SEDSCRS, 0.00000e+00
5109,5000,SEDSURO, 0.00000e+00
5109,5000,SEDIFWO, 0.00000e+00
5109,5000,SEDAGWO, 0.00000e+00
5109,5000,SO_TN,7.018072402700e+02
5109,5000,IO_TN,0.000000000000e+00
5109,5000,AO_TN,0.000000000000e+00
5109,5000,PO_TN,7.018072402700e+02
5109,5000,SO_TP,8.171052709033e+01
5109,5000,IO_TP,0.000000000000e+00
5109,5000,AO_TP,0.000000000000e+00
5109,5000,PO_TP,8.171052709033e+01
5109,5000,SED_TP,8.171052709033e+01
5109,5000,SEDWSSD_TP,8.171052709033e+01
5109,5000,SEDSCRS_TP,0.000000000000e+00
5109,5000,SO_TCd,8.979178801135e-02
5109,5000,IO_TCd,0.000000000000e+00
5109,5000,AO_TCd,0.000000000000e+00
5109,5000,PO_TCd,8.979178801135e-02
5109,5000,SED_TCd,8.979178801135e-02
5109,5000,SEDWSSD_TCd,8.979178801135e-02
5109,5000,SEDSCRS_TCd,0.000000000000e+00
5109,5000,SO_TCu,8.979178801135e+00
5109,5000,IO_TCu,0.000000000000e+00
5109,5000,AO_TCu,0.000000000000e+00
5109,5000,PO_TCu,8.979178801135e+00
5109,5000,SED_TCu,8.979178801135e+00
5109,5000,SEDWSSD_TCu,8.979178801135e+00
5109,5000,SEDSCRS_TCu,0.000000000000e+00
5109,5000,SO_TPb,4.525506115772e+00
5109,5000,IO_TPb,0.000000000000e+00
5109,5000,AO_TPb,0.000000000000e+00
5109,5000,PO_TPb,4.525506115772e+00
5109,5000,SED_TPb,4.525506115772e+00
5109,5000,SEDWSSD_TPb,4.525506115772e+00
5109,5000,SEDSCRS_TPb,0.000000000000e+00
5109,5000,SO_TZn,3.232504368409e+01
5109,5000,IO_TZn,0.000000000000e+00
5109,5000,AO_TZn,0.000000000000e+00
5109,5000,PO_TZn,3.232504368409e+01
5109,5000,SED_TZn,3.232504368409e+01
5109,5000,SEDWSSD_TZn,3.232504368409e+01
5109,5000,SEDSCRS_TZn,0.000000000000e+00
5109,6000,AREA,5.014621799998e+01
5109,6000,PREC,4.999244598838e+02
5109,6000,SURO,4.521542792607e+02
5109,6000,IFWO,0.000000000000e+00
5109,6000,AGWO,0.000000000000e+00
5109,6000,PERO,4.521542792607e+02
5109,6000,TAET,4.777018062311e+01
5109,6000,SEDLOAD,1.022189121764e+01
5109,6000,SEDWSSD, 1.02219e+01
5109,6000,SEDSCRS, 0.00000e+00
5109,6000,SEDSURO, 0.00000e+00
5109,6000,SEDIFWO, 0.00000e+00
5109,6000,SEDAGWO, 0.00000e+00
5109,6000,SO_TN,2.901682482175e+02
5109,6000,IO_TN,0.000000000000e+00
5109,6000,AO_TN,0.000000000000e+00
5109,6000,PO_TN,2.901682482175e+02
5109,6000,SO_TP,8.049739333893e+01
5109,6000,IO_TP,0.000000000000e+00
5109,6000,AO_TP,0.000000000000e+00
5109,6000,PO_TP,8.049739333893e+01
5109,6000,SED_TP,8.049739333893e+01
5109,6000,SEDWSSD_TP,8.049739333893e+01
5109,6000,SEDSCRS_TP,0.000000000000e+00
5109,6000,SO_TCd,2.044378243529e-01
5109,6000,IO_TCd,0.000000000000e+00
5109,6000,AO_TCd,0.000000000000e+00
5109,6000,PO_TCd,2.044378243529e-01
5109,6000,SED_TCd,2.044378243529e-01
5109,6000,SEDWSSD_TCd,2.044378243529e-01
5109,6000,SEDSCRS_TCd,0.000000000000e+00
5109,6000,SO_TCu,2.044378243529e+01
5109,6000,IO_TCu,0.000000000000e+00
5109,6000,AO_TCu,0.000000000000e+00
5109,6000,PO_TCu,2.044378243529e+01
5109,6000,SED_TCu,2.044378243529e+01
5109,6000,SEDWSSD_TCu,2.044378243529e+01
5109,6000,SEDSCRS_TCu,0.000000000000e+00
5109,6000,SO_TPb,5.299028407226e+00
5109,6000,IO_TPb,0.000000000000e+00
5109,6000,AO_TPb,0.000000000000e+00
5109,6000,PO_TPb,5.299028407226e+00
5109,6000,SED_TPb,5.299028407226e+00
5109,6000,SEDWSSD_TPb,5.299028407226e+00
5109,6000,SEDSCRS_TPb,0.000000000000e+00
5109,6000,SO_TZn,5.887809341362e+01
5109,6000,IO_TZn,0.000000000000e+00
5109,6000,AO_TZn,0.000000000000e+00
5109,6000,PO_TZn,5.887809341362e+01
5109,6000,SED_TZn,5.887809341362e+01
5109,6000,SEDWSSD_TZn,5.887809341362e+01
5109,6000,SEDSCRS_TZn,0.000000000000e+00
5109,7000,AREA,8.434102000001e+00
5109,7000,PREC,8.408239055944e+01
5109,7000,SURO,7.604791474047e+01
5109,7000,IFWO,0.000000000000e+00
5109,7000,AGWO,0.000000000000e+00
5109,7000,PERO,7.604791474047e+01
5109,7000,TAET,8.034475818968e+00
5109,7000,SEDLOAD,2.034517630459e+00
5109,7000,SEDWSSD, 2.03452e+00
5109,7000,SEDSCRS, 0.00000e+00
5109,7000,SEDSURO, 0.00000e+00
5109,7000,SEDIFWO, 0.00000e+00
5109,7000,SEDAGWO, 0.00000e+00
5109,7000,SO_TN,4.144227902429e+01
5109,7000,IO_TN,0.000000000000e+00
5109,7000,AO_TN,0.000000000000e+00
5109,7000,PO_TN,4.144227902429e+01
5109,7000,SO_TP,1.495370458387e+01
5109,7000,IO_TP,0.000000000000e+00
5109,7000,AO_TP,0.000000000000e+00
5109,7000,PO_TP,1.495370458387e+01
5109,7000,SED_TP,1.495370458387e+01
5109,7000,SEDWSSD_TP,1.495370458387e+01
5109,7000,SEDSCRS_TP,0.000000000000e+00
5109,7000,SO_TCd,5.086294076148e-02
5109,7000,IO_TCd,0.000000000000e+00
5109,7000,AO_TCd,0.000000000000e+00
5109,7000,PO_TCd,5.086294076148e-02
5109,7000,SED_TCd,5.086294076148e-02
5109,7000,SEDWSSD_TCd,5.086294076148e-02
5109,7000,SEDSCRS_TCd,0.000000000000e+00
5109,7000,SO_TCu,5.086294076148e+00
5109,7000,IO_TCu,0.000000000000e+00
5109,7000,AO_TCu,0.000000000000e+00
5109,7000,PO_TCu,5.086294076148e+00
5109,7000,SED_TCu,5.086294076148e+00
5109,7000,SEDWSSD_TCu,5.086294076148e+00
5109,7000,SEDSCRS_TCu,0.000000000000e+00
5109,7000,SO_TPb,1.406258586173e+00
5109,7000,IO_TPb,0.000000000000e+00
5109,7000,AO_TPb,0.000000000000e+00
5109,7000,PO_TPb,1.406258586173e+00
5109,7000,SED_TPb,1.406258586173e+00
5109,7000,SEDWSSD_TPb,1.406258586173e+00
5109,7000,SEDSCRS_TPb,0.000000000000e+00
5109,7000,SO_TZn,2.343764310289e+01
5109,7000,IO_TZn,0.000000000000e+00
5109,7000,AO_TZn,0.000000000000e+00
5109,7000,PO_TZn,2.343764310289e+01
5109,7000,SED_TZn,2.343764310289e+01
5109,7000,SEDWSSD_TZn,2.343764310289e+01
5109,7000,SEDSCRS_TZn,0.000000000000e+00
5109,8000,AREA,4.960831899998e+01
5109,8000,PREC,4.945619644101e+02
5109,8000,SURO,4.473041959571e+02
5109,8000,IFWO,0.000000000000e+00
5109,8000,AGWO,0.000000000000e+00
5109,8000,PERO,4.473041959571e+02
5109,8000,TAET,4.725776845302e+01
5109,8000,SEDLOAD,9.094765269619e+00
5109,8000,SEDWSSD, 9.09477e+00
5109,8000,SEDSCRS, 0.00000e+00
5109,8000,SEDSURO, 0.00000e+00
5109,8000,SEDIFWO, 0.00000e+00
5109,8000,SEDAGWO, 0.00000e+00
5109,8000,SO_TN,1.490455744456e+02
5109,8000,IO_TN,0.000000000000e+00
5109,8000,AO_TN,0.000000000000e+00
5109,8000,PO_TN,1.490455744456e+02
5109,8000,SO_TP,9.549503533099e+00
5109,8000,IO_TP,0.000000000000e+00
5109,8000,AO_TP,0.000000000000e+00
5109,8000,PO_TP,9.549503533099e+00
5109,8000,SED_TP,9.549503533099e+00
5109,8000,SEDWSSD_TP,9.549503533099e+00
5109,8000,SEDSCRS_TP,0.000000000000e+00
5109,8000,SO_TCd,1.023161092832e-01
5109,8000,IO_TCd,0.000000000000e+00
5109,8000,AO_TCd,0.000000000000e+00
5109,8000,PO_TCd,1.023161092832e-01
5109,8000,SED_TCd,1.023161092832e-01
5109,8000,SEDWSSD_TCd,1.023161092832e-01
5109,8000,SEDSCRS_TCd,0.000000000000e+00
5109,8000,SO_TCu,1.023161092832e+01
5109,8000,IO_TCu,0.000000000000e+00
5109,8000,AO_TCu,0.000000000000e+00
5109,8000,PO_TCu,1.023161092832e+01
5109,8000,SED_TCu,1.023161092832e+01
5109,8000,SEDWSSD_TCu,1.023161092832e+01
5109,8000,SEDSCRS_TCu,0.000000000000e+00
5109,8000,SO_TPb,2.455586622797e+00
5109,8000,IO_TPb,0.000000000000e+00
5109,8000,AO_TPb,0.000000000000e+00
5109,8000,PO_TPb,2.455586622797e+00
5109,8000,SED_TPb,2.455586622797e+00
5109,8000,SEDWSSD_TPb,2.455586622797e+00
5109,8000,SEDSCRS_TPb,0.000000000000e+00
5109,8000,SO_TZn,3.928938596475e+01
5109,8000,IO_TZn,0.000000000000e+00
5109,8000,AO_TZn,0.000000000000e+00
5109,8000,PO_TZn,3.928938596475e+01
5109,8000,SED_TZn,3.928938596475e+01
5109,8000,SEDWSSD_TZn,3.928938596475e+01
5109,8000,SEDSCRS_TZn,0.000000000000e+00
5109,9000,AREA,7.824176600011e+01
5109,9000,PREC,7.800183975570e+02
5109,9000,SURO,7.307425061122e+02
5109,9000,IFWO,0.000000000000e+00
5109,9000,AGWO,0.000000000000e+00
5109,9000,PERO,7.307425061122e+02
5109,9000,TAET,4.927589144484e+01
5109,9000,SEDLOAD,1.916407724030e+00
5109,9000,SEDWSSD, 1.91641e+00
5109,9000,SEDSCRS, 0.00000e+00
5109,9000,SEDSURO, 0.00000e+00
5109,9000,SEDIFWO, 0.00000e+00
5109,9000,SEDAGWO, 0.00000e+00
5109,9000,SO_TN,2.423682028583e+02
5109,9000,IO_TN,0.000000000000e+00
5109,9000,AO_TN,0.000000000000e+00
5109,9000,PO_TN,2.423682028583e+02
5109,9000,SO_TP,2.012228110231e+00
5109,9000,IO_TP,0.000000000000e+00
5109,9000,AO_TP,0.000000000000e+00
5109,9000,PO_TP,2.012228110231e+00
5109,9000,SED_TP,2.012228110231e+00
5109,9000,SEDWSSD_TP,2.012228110231e+00
5109,9000,SEDSCRS_TP,0.000000000000e+00
5109,9000,SO_TCd,7.186528965112e-03
5109,9000,IO_TCd,0.000000000000e+00
5109,9000,AO_TCd,0.000000000000e+00
5109,9000,PO_TCd,7.186528965112e-03
5109,9000,SED_TCd,7.186528965112e-03
5109,9000,SEDWSSD_TCd,7.186528965112e-03
5109,9000,SEDSCRS_TCd,0.000000000000e+00
5109,9000,SO_TCu,7.186528965112e-01
5109,9000,IO_TCu,0.000000000000e+00
5109,9000,AO_TCu,0.000000000000e+00
5109,9000,PO_TCu,7.186528965112e-01
5109,9000,SED_TCu,7.186528965112e-01
5109,9000,SEDWSSD_TCu,7.186528965112e-01
5109,9000,SEDSCRS_TCu,0.000000000000e+00
5109,9000,SO_TPb,1.724766951627e-01
5109,9000,IO_TPb,0.000000000000e+00
5109,9000,AO_TPb,0.000000000000e+00
5109,9000,PO_TPb,1.724766951627e-01
5109,9000,SED_TPb,1.724766951627e-01
5109,9000,SEDWSSD_TPb,1.724766951627e-01
5109,9000,SEDSCRS_TPb,0.000000000000e+00
5109,9000,SO_TZn,1.034860170976e+01
5109,9000,IO_TZn,0.000000000000e+00
5109,9000,AO_TZn,0.000000000000e+00
5109,9000,PO_TZn,1.034860170976e+01
5109,9000,SED_TZn,1.034860170976e+01
5109,9000,SEDWSSD_TZn,1.034860170976e+01
5109,9000,SEDSCRS_TZn,0.000000000000e+00
5109,10000,AREA,4.112578000000e+00
5109,10000,PREC,4.099966891581e+01
5109,10000,SURO,1.030932299636e+02
5109,10000,IFWO,0.000000000000e+00
5109,10000,AGWO,0.000000000000e+00
5109,10000,PERO,1.030932299636e+02
5109,10000,TAET,5.812911472922e+01
5109,10000,SEDLOAD,1.752171928195e+00
5109,10000,SEDWSSD, 0.00000e+00
5109,10000,SEDSCRS, 0.00000e+00
5109,10000,SEDSURO, 1.75217e+00
5109,10000,SEDIFWO, 0.00000e+00
5109,10000,SEDAGWO, 0.00000e+00
5109,10000,SO_TN,9.344928907466e+01
5109,10000,IO_TN,0.000000000000e+00
5109,10000,AO_TN,0.000000000000e+00
5109,10000,PO_TN,9.344928907466e+01
5109,10000,SO_TP,9.344928907466e+00
5109,10000,IO_TP,0.000000000000e+00
5109,10000,AO_TP,0.000000000000e+00
5109,10000,PO_TP,9.344928907466e+00
5109,10000,SED_TP,0.000000000000e+00
5109,10000,SEDWSSD_TP,0.000000000000e+00
5109,10000,SEDSCRS_TP,0.000000000000e+00
5109,10000,SO_TCd,2.336232226867e-03
5109,10000,IO_TCd,0.000000000000e+00
5109,10000,AO_TCd,0.000000000000e+00
5109,10000,PO_TCd,2.336232226867e-03
5109,10000,SED_TCd,0.000000000000e+00
5109,10000,SEDWSSD_TCd,0.000000000000e+00
5109,10000,SEDSCRS_TCd,0.000000000000e+00
5109,10000,SO_TCu,5.840580567166e-01
5109,10000,IO_TCu,0.000000000000e+00
5109,10000,AO_TCu,0.000000000000e+00
5109,10000,PO_TCu,5.840580567166e-01
5109,10000,SED_TCu,0.000000000000e+00
5109,10000,SEDWSSD_TCu,0.000000000000e+00
5109,10000,SEDSCRS_TCu,0.000000000000e+00
5109,10000,SO_TPb,9.344928907466e-02
5109,10000,IO_TPb,0.000000000000e+00
5109,10000,AO_TPb,0.000000000000e+00
5109,10000,PO_TPb,9.344928907466e-02
5109,10000,SED_TPb,0.000000000000e+00
5109,10000,SEDWSSD_TPb,0.000000000000e+00
5109,10000,SEDSCRS_TPb,0.000000000000e+00
5109,10000,SO_TZn,1.868985781493e+00
5109,10000,IO_TZn,0.000000000000e+00
5109,10000,AO_TZn,0.000000000000e+00
5109,10000,PO_TZn,1.868985781493e+00
5109,10000,SED_TZn,0.000000000000e+00
5109,10000,SEDWSSD_TZn,0.000000000000e+00
5109,10000,SEDSCRS_TZn,0.000000000000e+00
5109,11111,AREA,0.000000000000e+00
5109,11111,PREC,0.000000000000e+00
5109,11111,SURO,0.000000000000e+00
5109,11111,IFWO,0.000000000000e+00
5109,11111,AGWO,0.000000000000e+00
5109,11111,PERO,0.000000000000e+00
5109,11111,TAET,0.000000000000e+00
5109,11111,SEDLOAD,0.000000000000e+00
5109,11111,SEDWSSD, 0.00000e+00
5109,11111,SEDSCRS, 0.00000e+00
5109,11111,SEDSURO, 0.00000e+00
5109,11111,SEDIFWO, 0.00000e+00
5109,11111,SEDAGWO, 0.00000e+00
5109,11111,SO_TN,0.000000000000e+00
5109,11111,IO_TN,0.000000000000e+00
5109,11111,AO_TN,0.000000000000e+00
5109,11111,PO_TN,0.000000000000e+00
5109,11111,SO_TP,0.000000000000e+00
5109,11111,IO_TP,0.000000000000e+00
5109,11111,AO_TP,0.000000000000e+00
5109,11111,PO_TP,0.000000000000e+00
5109,11111,SED_TP,0.000000000000e+00
5109,11111,SEDWSSD_TP,0.000000000000e+00
5109,11111,SEDSCRS_TP,0.000000000000e+00
5109,11111,SO_TCd,0.000000000000e+00
5109,11111,IO_TCd,0.000000000000e+00
5109,11111,AO_TCd,0.000000000000e+00
5109,11111,PO_TCd,0.000000000000e+00
5109,11111,SED_TCd,0.000000000000e+00
5109,11111,SEDWSSD_TCd,0.000000000000e+00
5109,11111,SEDSCRS_TCd,0.000000000000e+00
5109,11111,SO_TCu,0.000000000000e+00
5109,11111,IO_TCu,0.000000000000e+00
5109,11111,AO_TCu,0.000000000000e+00
5109,11111,PO_TCu,0.000000000000e+00
5109,11111,SED_TCu,0.000000000000e+00
5109,11111,SEDWSSD_TCu,0.000000000000e+00
5109,11111,SEDSCRS_TCu,0.000000000000e+00
5109,11111,SO_TPb,0.000000000000e+00
5109,11111,IO_TPb,0.000000000000e+00
5109,11111,AO_TPb,0.000000000000e+00
5109,11111,PO_TPb,0.000000000000e+00
5109,11111,SED_TPb,0.000000000000e+00
5109,11111,SEDWSSD_TPb,0.000000000000e+00
5109,11111,SEDSCRS_TPb,0.000000000000e+00
5109,11111,SO_TZn,0.000000000000e+00
5109,11111,IO_TZn,0.000000000000e+00
5109,11111,AO_TZn,0.000000000000e+00
5109,11111,PO_TZn,0.000000000000e+00
5109,11111,SED_TZn,0.000000000000e+00
5109,11111,SEDWSSD_TZn,0.000000000000e+00
5109,11111,SEDSCRS_TZn,0.000000000000e+00
5109,11112,AREA,0.000000000000e+00
5109,11112,PREC,0.000000000000e+00
5109,11112,SURO,0.000000000000e+00
5109,11112,IFWO,0.000000000000e+00
5109,11112,AGWO,0.000000000000e+00
5109,11112,PERO,0.000000000000e+00
5109,11112,TAET,0.000000000000e+00
5109,11112,SEDLOAD,0.000000000000e+00
5109,11112,SEDWSSD, 0.00000e+00
5109,11112,SEDSCRS, 0.00000e+00
5109,11112,SEDSURO, 0.00000e+00
5109,11112,SEDIFWO, 0.00000e+00
5109,11112,SEDAGWO, 0.00000e+00
5109,11112,SO_TN,0.000000000000e+00
5109,11112,IO_TN,0.000000000000e+00
5109,11112,AO_TN,0.000000000000e+00
5109,11112,PO_TN,0.000000000000e+00
5109,11112,SO_TP,0.000000000000e+00
5109,11112,IO_TP,0.000000000000e+00
5109,11112,AO_TP,0.000000000000e+00
5109,11112,PO_TP,0.000000000000e+00
5109,11112,SED_TP,0.000000000000e+00
5109,11112,SEDWSSD_TP,0.000000000000e+00
5109,11112,SEDSCRS_TP,0.000000000000e+00
5109,11112,SO_TCd,0.000000000000e+00
5109,11112,IO_TCd,0.000000000000e+00
5109,11112,AO_TCd,0.000000000000e+00
5109,11112,PO_TCd,0.000000000000e+00
5109,11112,SED_TCd,0.000000000000e+00
5109,11112,SEDWSSD_TCd,0.000000000000e+00
5109,11112,SEDSCRS_TCd,0.000000000000e+00
5109,11112,SO_TCu,0.000000000000e+00
5109,11112,IO_TCu,0.000000000000e+00
5109,11112,AO_TCu,0.000000000000e+00
5109,11112,PO_TCu,0.000000000000e+00
5109,11112,SED_TCu,0.000000000000e+00
5109,11112,SEDWSSD_TCu,0.000000000000e+00
5109,11112,SEDSCRS_TCu,0.000000000000e+00
5109,11112,SO_TPb,0.000000000000e+00
5109,11112,IO_TPb,0.000000000000e+00
5109,11112,AO_TPb,0.000000000000e+00
5109,11112,PO_TPb,0.000000000000e+00
5109,11112,SED_TPb,0.000000000000e+00
5109,11112,SEDWSSD_TPb,0.000000000000e+00
5109,11112,SEDSCRS_TPb,0.000000000000e+00
5109,11112,SO_TZn,0.000000000000e+00
5109,11112,IO_TZn,0.000000000000e+00
5109,11112,AO_TZn,0.000000000000e+00
5109,11112,PO_TZn,0.000000000000e+00
5109,11112,SED_TZn,0.000000000000e+00
5109,11112,SEDWSSD_TZn,0.000000000000e+00
5109,11112,SEDSCRS_TZn,0.000000000000e+00
5109,11121,AREA,0.000000000000e+00
5109,11121,PREC,0.000000000000e+00
5109,11121,SURO,0.000000000000e+00
5109,11121,IFWO,0.000000000000e+00
5109,11121,AGWO,0.000000000000e+00
5109,11121,PERO,0.000000000000e+00
5109,11121,TAET,0.000000000000e+00
5109,11121,SEDLOAD,0.000000000000e+00
5109,11121,SEDWSSD, 0.00000e+00
5109,11121,SEDSCRS, 0.00000e+00
5109,11121,SEDSURO, 0.00000e+00
5109,11121,SEDIFWO, 0.00000e+00
5109,11121,SEDAGWO, 0.00000e+00
5109,11121,SO_TN,0.000000000000e+00
5109,11121,IO_TN,0.000000000000e+00
5109,11121,AO_TN,0.000000000000e+00
5109,11121,PO_TN,0.000000000000e+00
5109,11121,SO_TP,0.000000000000e+00
5109,11121,IO_TP,0.000000000000e+00
5109,11121,AO_TP,0.000000000000e+00
5109,11121,PO_TP,0.000000000000e+00
5109,11121,SED_TP,0.000000000000e+00
5109,11121,SEDWSSD_TP,0.000000000000e+00
5109,11121,SEDSCRS_TP,0.000000000000e+00
5109,11121,SO_TCd,0.000000000000e+00
5109,11121,IO_TCd,0.000000000000e+00
5109,11121,AO_TCd,0.000000000000e+00
5109,11121,PO_TCd,0.000000000000e+00
5109,11121,SED_TCd,0.000000000000e+00
5109,11121,SEDWSSD_TCd,0.000000000000e+00
5109,11121,SEDSCRS_TCd,0.000000000000e+00
5109,11121,SO_TCu,0.000000000000e+00
5109,11121,IO_TCu,0.000000000000e+00
5109,11121,AO_TCu,0.000000000000e+00
5109,11121,PO_TCu,0.000000000000e+00
5109,11121,SED_TCu,0.000000000000e+00
5109,11121,SEDWSSD_TCu,0.000000000000e+00
5109,11121,SEDSCRS_TCu,0.000000000000e+00
5109,11121,SO_TPb,0.000000000000e+00
5109,11121,IO_TPb,0.000000000000e+00
5109,11121,AO_TPb,0.000000000000e+00
5109,11121,PO_TPb,0.000000000000e+00
5109,11121,SED_TPb,0.000000000000e+00
5109,11121,SEDWSSD_TPb,0.000000000000e+00
5109,11121,SEDSCRS_TPb,0.000000000000e+00
5109,11121,SO_TZn,0.000000000000e+00
5109,11121,IO_TZn,0.000000000000e+00
5109,11121,AO_TZn,0.000000000000e+00
5109,11121,PO_TZn,0.000000000000e+00
5109,11121,SED_TZn,0.000000000000e+00
5109,11121,SEDWSSD_TZn,0.000000000000e+00
5109,11121,SEDSCRS_TZn,0.000000000000e+00
5109,11122,AREA,0.000000000000e+00
5109,11122,PREC,0.000000000000e+00
5109,11122,SURO,0.000000000000e+00
5109,11122,IFWO,0.000000000000e+00
5109,11122,AGWO,0.000000000000e+00
5109,11122,PERO,0.000000000000e+00
5109,11122,TAET,0.000000000000e+00
5109,11122,SEDLOAD,0.000000000000e+00
5109,11122,SEDWSSD, 0.00000e+00
5109,11122,SEDSCRS, 0.00000e+00
5109,11122,SEDSURO, 0.00000e+00
5109,11122,SEDIFWO, 0.00000e+00
5109,11122,SEDAGWO, 0.00000e+00
5109,11122,SO_TN,0.000000000000e+00
5109,11122,IO_TN,0.000000000000e+00
5109,11122,AO_TN,0.000000000000e+00
5109,11122,PO_TN,0.000000000000e+00
5109,11122,SO_TP,0.000000000000e+00
5109,11122,IO_TP,0.000000000000e+00
5109,11122,AO_TP,0.000000000000e+00
5109,11122,PO_TP,0.000000000000e+00
5109,11122,SED_TP,0.000000000000e+00
5109,11122,SEDWSSD_TP,0.000000000000e+00
5109,11122,SEDSCRS_TP,0.000000000000e+00
5109,11122,SO_TCd,0.000000000000e+00
5109,11122,IO_TCd,0.000000000000e+00
5109,11122,AO_TCd,0.000000000000e+00
5109,11122,PO_TCd,0.000000000000e+00
5109,11122,SED_TCd,0.000000000000e+00
5109,11122,SEDWSSD_TCd,0.000000000000e+00
5109,11122,SEDSCRS_TCd,0.000000000000e+00
5109,11122,SO_TCu,0.000000000000e+00
5109,11122,IO_TCu,0.000000000000e+00
5109,11122,AO_TCu,0.000000000000e+00
5109,11122,PO_TCu,0.000000000000e+00
5109,11122,SED_TCu,0.000000000000e+00
5109,11122,SEDWSSD_TCu,0.000000000000e+00
5109,11122,SEDSCRS_TCu,0.000000000000e+00
5109,11122,SO_TPb,0.000000000000e+00
5109,11122,IO_TPb,0.000000000000e+00
5109,11122,AO_TPb,0.000000000000e+00
5109,11122,PO_TPb,0.000000000000e+00
5109,11122,SED_TPb,0.000000000000e+00
5109,11122,SEDWSSD_TPb,0.000000000000e+00
5109,11122,SEDSCRS_TPb,0.000000000000e+00
5109,11122,SO_TZn,0.000000000000e+00
5109,11122,IO_TZn,0.000000000000e+00
5109,11122,AO_TZn,0.000000000000e+00
5109,11122,PO_TZn,0.000000000000e+00
5109,11122,SED_TZn,0.000000000000e+00
5109,11122,SEDWSSD_TZn,0.000000000000e+00
5109,11122,SEDSCRS_TZn,0.000000000000e+00
5109,11211,AREA,0.000000000000e+00
5109,11211,PREC,0.000000000000e+00
5109,11211,SURO,0.000000000000e+00
5109,11211,IFWO,0.000000000000e+00
5109,11211,AGWO,0.000000000000e+00
5109,11211,PERO,0.000000000000e+00
5109,11211,TAET,0.000000000000e+00
5109,11211,SEDLOAD,0.000000000000e+00
5109,11211,SEDWSSD, 0.00000e+00
5109,11211,SEDSCRS, 0.00000e+00
5109,11211,SEDSURO, 0.00000e+00
5109,11211,SEDIFWO, 0.00000e+00
5109,11211,SEDAGWO, 0.00000e+00
5109,11211,SO_TN,0.000000000000e+00
5109,11211,IO_TN,0.000000000000e+00
5109,11211,AO_TN,0.000000000000e+00
5109,11211,PO_TN,0.000000000000e+00
5109,11211,SO_TP,0.000000000000e+00
5109,11211,IO_TP,0.000000000000e+00
5109,11211,AO_TP,0.000000000000e+00
5109,11211,PO_TP,0.000000000000e+00
5109,11211,SED_TP,0.000000000000e+00
5109,11211,SEDWSSD_TP,0.000000000000e+00
5109,11211,SEDSCRS_TP,0.000000000000e+00
5109,11211,SO_TCd,0.000000000000e+00
5109,11211,IO_TCd,0.000000000000e+00
5109,11211,AO_TCd,0.000000000000e+00
5109,11211,PO_TCd,0.000000000000e+00
5109,11211,SED_TCd,0.000000000000e+00
5109,11211,SEDWSSD_TCd,0.000000000000e+00
5109,11211,SEDSCRS_TCd,0.000000000000e+00
5109,11211,SO_TCu,0.000000000000e+00
5109,11211,IO_TCu,0.000000000000e+00
5109,11211,AO_TCu,0.000000000000e+00
5109,11211,PO_TCu,0.000000000000e+00
5109,11211,SED_TCu,0.000000000000e+00
5109,11211,SEDWSSD_TCu,0.000000000000e+00
5109,11211,SEDSCRS_TCu,0.000000000000e+00
5109,11211,SO_TPb,0.000000000000e+00
5109,11211,IO_TPb,0.000000000000e+00
5109,11211,AO_TPb,0.000000000000e+00
5109,11211,PO_TPb,0.000000000000e+00
5109,11211,SED_TPb,0.000000000000e+00
5109,11211,SEDWSSD_TPb,0.000000000000e+00
5109,11211,SEDSCRS_TPb,0.000000000000e+00
5109,11211,SO_TZn,0.000000000000e+00
5109,11211,IO_TZn,0.000000000000e+00
5109,11211,AO_TZn,0.000000000000e+00
5109,11211,PO_TZn,0.000000000000e+00
5109,11211,SED_TZn,0.000000000000e+00
5109,11211,SEDWSSD_TZn,0.000000000000e+00
5109,11211,SEDSCRS_TZn,0.000000000000e+00
5109,11212,AREA,0.000000000000e+00
5109,11212,PREC,0.000000000000e+00
5109,11212,SURO,0.000000000000e+00
5109,11212,IFWO,0.000000000000e+00
5109,11212,AGWO,0.000000000000e+00
5109,11212,PERO,0.000000000000e+00
5109,11212,TAET,0.000000000000e+00
5109,11212,SEDLOAD,0.000000000000e+00
5109,11212,SEDWSSD, 0.00000e+00
5109,11212,SEDSCRS, 0.00000e+00
5109,11212,SEDSURO, 0.00000e+00
5109,11212,SEDIFWO, 0.00000e+00
5109,11212,SEDAGWO, 0.00000e+00
5109,11212,SO_TN,0.000000000000e+00
5109,11212,IO_TN,0.000000000000e+00
5109,11212,AO_TN,0.000000000000e+00
5109,11212,PO_TN,0.000000000000e+00
5109,11212,SO_TP,0.000000000000e+00
5109,11212,IO_TP,0.000000000000e+00
5109,11212,AO_TP,0.000000000000e+00
5109,11212,PO_TP,0.000000000000e+00
5109,11212,SED_TP,0.000000000000e+00
5109,11212,SEDWSSD_TP,0.000000000000e+00
5109,11212,SEDSCRS_TP,0.000000000000e+00
5109,11212,SO_TCd,0.000000000000e+00
5109,11212,IO_TCd,0.000000000000e+00
5109,11212,AO_TCd,0.000000000000e+00
5109,11212,PO_TCd,0.000000000000e+00
5109,11212,SED_TCd,0.000000000000e+00
5109,11212,SEDWSSD_TCd,0.000000000000e+00
5109,11212,SEDSCRS_TCd,0.000000000000e+00
5109,11212,SO_TCu,0.000000000000e+00
5109,11212,IO_TCu,0.000000000000e+00
5109,11212,AO_TCu,0.000000000000e+00
5109,11212,PO_TCu,0.000000000000e+00
5109,11212,SED_TCu,0.000000000000e+00
5109,11212,SEDWSSD_TCu,0.000000000000e+00
5109,11212,SEDSCRS_TCu,0.000000000000e+00
5109,11212,SO_TPb,0.000000000000e+00
5109,11212,IO_TPb,0.000000000000e+00
5109,11212,AO_TPb,0.000000000000e+00
5109,11212,PO_TPb,0.000000000000e+00
5109,11212,SED_TPb,0.000000000000e+00
5109,11212,SEDWSSD_TPb,0.000000000000e+00
5109,11212,SEDSCRS_TPb,0.000000000000e+00
5109,11212,SO_TZn,0.000000000000e+00
5109,11212,IO_TZn,0.000000000000e+00
5109,11212,AO_TZn,0.000000000000e+00
5109,11212,PO_TZn,0.000000000000e+00
5109,11212,SED_TZn,0.000000000000e+00
5109,11212,SEDWSSD_TZn,0.000000000000e+00
5109,11212,SEDSCRS_TZn,0.000000000000e+00
5109,11221,AREA,0.000000000000e+00
5109,11221,PREC,0.000000000000e+00
5109,11221,SURO,0.000000000000e+00
5109,11221,IFWO,0.000000000000e+00
5109,11221,AGWO,0.000000000000e+00
5109,11221,PERO,0.000000000000e+00
5109,11221,TAET,0.000000000000e+00
5109,11221,SEDLOAD,0.000000000000e+00
5109,11221,SEDWSSD, 0.00000e+00
5109,11221,SEDSCRS, 0.00000e+00
5109,11221,SEDSURO, 0.00000e+00
5109,11221,SEDIFWO, 0.00000e+00
5109,11221,SEDAGWO, 0.00000e+00
5109,11221,SO_TN,0.000000000000e+00
5109,11221,IO_TN,0.000000000000e+00
5109,11221,AO_TN,0.000000000000e+00
5109,11221,PO_TN,0.000000000000e+00
5109,11221,SO_TP,0.000000000000e+00
5109,11221,IO_TP,0.000000000000e+00
5109,11221,AO_TP,0.000000000000e+00
5109,11221,PO_TP,0.000000000000e+00
5109,11221,SED_TP,0.000000000000e+00
5109,11221,SEDWSSD_TP,0.000000000000e+00
5109,11221,SEDSCRS_TP,0.000000000000e+00
5109,11221,SO_TCd,0.000000000000e+00
5109,11221,IO_TCd,0.000000000000e+00
5109,11221,AO_TCd,0.000000000000e+00
5109,11221,PO_TCd,0.000000000000e+00
5109,11221,SED_TCd,0.000000000000e+00
5109,11221,SEDWSSD_TCd,0.000000000000e+00
5109,11221,SEDSCRS_TCd,0.000000000000e+00
5109,11221,SO_TCu,0.000000000000e+00
5109,11221,IO_TCu,0.000000000000e+00
5109,11221,AO_TCu,0.000000000000e+00
5109,11221,PO_TCu,0.000000000000e+00
5109,11221,SED_TCu,0.000000000000e+00
5109,11221,SEDWSSD_TCu,0.000000000000e+00
5109,11221,SEDSCRS_TCu,0.000000000000e+00
5109,11221,SO_TPb,0.000000000000e+00
5109,11221,IO_TPb,0.000000000000e+00
5109,11221,AO_TPb,0.000000000000e+00
5109,11221,PO_TPb,0.000000000000e+00
5109,11221,SED_TPb,0.000000000000e+00
5109,11221,SEDWSSD_TPb,0.000000000000e+00
5109,11221,SEDSCRS_TPb,0.000000000000e+00
5109,11221,SO_TZn,0.000000000000e+00
5109,11221,IO_TZn,0.000000000000e+00
5109,11221,AO_TZn,0.000000000000e+00
5109,11221,PO_TZn,0.000000000000e+00
5109,11221,SED_TZn,0.000000000000e+00
5109,11221,SEDWSSD_TZn,0.000000000000e+00
5109,11221,SEDSCRS_TZn,0.000000000000e+00
5109,11222,AREA,0.000000000000e+00
5109,11222,PREC,0.000000000000e+00
5109,11222,SURO,0.000000000000e+00
5109,11222,IFWO,0.000000000000e+00
5109,11222,AGWO,0.000000000000e+00
5109,11222,PERO,0.000000000000e+00
5109,11222,TAET,0.000000000000e+00
5109,11222,SEDLOAD,0.000000000000e+00
5109,11222,SEDWSSD, 0.00000e+00
5109,11222,SEDSCRS, 0.00000e+00
5109,11222,SEDSURO, 0.00000e+00
5109,11222,SEDIFWO, 0.00000e+00
5109,11222,SEDAGWO, 0.00000e+00
5109,11222,SO_TN,0.000000000000e+00
5109,11222,IO_TN,0.000000000000e+00
5109,11222,AO_TN,0.000000000000e+00
5109,11222,PO_TN,0.000000000000e+00
5109,11222,SO_TP,0.000000000000e+00
5109,11222,IO_TP,0.000000000000e+00
5109,11222,AO_TP,0.000000000000e+00
5109,11222,PO_TP,0.000000000000e+00
5109,11222,SED_TP,0.000000000000e+00
5109,11222,SEDWSSD_TP,0.000000000000e+00
5109,11222,SEDSCRS_TP,0.000000000000e+00
5109,11222,SO_TCd,0.000000000000e+00
5109,11222,IO_TCd,0.000000000000e+00
5109,11222,AO_TCd,0.000000000000e+00
5109,11222,PO_TCd,0.000000000000e+00
5109,11222,SED_TCd,0.000000000000e+00
5109,11222,SEDWSSD_TCd,0.000000000000e+00
5109,11222,SEDSCRS_TCd,0.000000000000e+00
5109,11222,SO_TCu,0.000000000000e+00
5109,11222,IO_TCu,0.000000000000e+00
5109,11222,AO_TCu,0.000000000000e+00
5109,11222,PO_TCu,0.000000000000e+00
5109,11222,SED_TCu,0.000000000000e+00
5109,11222,SEDWSSD_TCu,0.000000000000e+00
5109,11222,SEDSCRS_TCu,0.000000000000e+00
5109,11222,SO_TPb,0.000000000000e+00
5109,11222,IO_TPb,0.000000000000e+00
5109,11222,AO_TPb,0.000000000000e+00
5109,11222,PO_TPb,0.000000000000e+00
5109,11222,SED_TPb,0.000000000000e+00
5109,11222,SEDWSSD_TPb,0.000000000000e+00
5109,11222,SEDSCRS_TPb,0.000000000000e+00
5109,11222,SO_TZn,0.000000000000e+00
5109,11222,IO_TZn,0.000000000000e+00
5109,11222,AO_TZn,0.000000000000e+00
5109,11222,PO_TZn,0.000000000000e+00
5109,11222,SED_TZn,0.000000000000e+00
5109,11222,SEDWSSD_TZn,0.000000000000e+00
5109,11222,SEDSCRS_TZn,0.000000000000e+00
5109,11311,AREA,0.000000000000e+00
5109,11311,PREC,0.000000000000e+00
5109,11311,SURO,0.000000000000e+00
5109,11311,IFWO,0.000000000000e+00
5109,11311,AGWO,0.000000000000e+00
5109,11311,PERO,0.000000000000e+00
5109,11311,TAET,0.000000000000e+00
5109,11311,SEDLOAD,0.000000000000e+00
5109,11311,SEDWSSD, 0.00000e+00
5109,11311,SEDSCRS, 0.00000e+00
5109,11311,SEDSURO, 0.00000e+00
5109,11311,SEDIFWO, 0.00000e+00
5109,11311,SEDAGWO, 0.00000e+00
5109,11311,SO_TN,0.000000000000e+00
5109,11311,IO_TN,0.000000000000e+00
5109,11311,AO_TN,0.000000000000e+00
5109,11311,PO_TN,0.000000000000e+00
5109,11311,SO_TP,0.000000000000e+00
5109,11311,IO_TP,0.000000000000e+00
5109,11311,AO_TP,0.000000000000e+00
5109,11311,PO_TP,0.000000000000e+00
5109,11311,SED_TP,0.000000000000e+00
5109,11311,SEDWSSD_TP,0.000000000000e+00
5109,11311,SEDSCRS_TP,0.000000000000e+00
5109,11311,SO_TCd,0.000000000000e+00
5109,11311,IO_TCd,0.000000000000e+00
5109,11311,AO_TCd,0.000000000000e+00
5109,11311,PO_TCd,0.000000000000e+00
5109,11311,SED_TCd,0.000000000000e+00
5109,11311,SEDWSSD_TCd,0.000000000000e+00
5109,11311,SEDSCRS_TCd,0.000000000000e+00
5109,11311,SO_TCu,0.000000000000e+00
5109,11311,IO_TCu,0.000000000000e+00
5109,11311,AO_TCu,0.000000000000e+00
5109,11311,PO_TCu,0.000000000000e+00
5109,11311,SED_TCu,0.000000000000e+00
5109,11311,SEDWSSD_TCu,0.000000000000e+00
5109,11311,SEDSCRS_TCu,0.000000000000e+00
5109,11311,SO_TPb,0.000000000000e+00
5109,11311,IO_TPb,0.000000000000e+00
5109,11311,AO_TPb,0.000000000000e+00
5109,11311,PO_TPb,0.000000000000e+00
5109,11311,SED_TPb,0.000000000000e+00
5109,11311,SEDWSSD_TPb,0.000000000000e+00
5109,11311,SEDSCRS_TPb,0.000000000000e+00
5109,11311,SO_TZn,0.000000000000e+00
5109,11311,IO_TZn,0.000000000000e+00
5109,11311,AO_TZn,0.000000000000e+00
5109,11311,PO_TZn,0.000000000000e+00
5109,11311,SED_TZn,0.000000000000e+00
5109,11311,SEDWSSD_TZn,0.000000000000e+00
5109,11311,SEDSCRS_TZn,0.000000000000e+00
5109,11312,AREA,0.000000000000e+00
5109,11312,PREC,0.000000000000e+00
5109,11312,SURO,0.000000000000e+00
5109,11312,IFWO,0.000000000000e+00
5109,11312,AGWO,0.000000000000e+00
5109,11312,PERO,0.000000000000e+00
5109,11312,TAET,0.000000000000e+00
5109,11312,SEDLOAD,0.000000000000e+00
5109,11312,SEDWSSD, 0.00000e+00
5109,11312,SEDSCRS, 0.00000e+00
5109,11312,SEDSURO, 0.00000e+00
5109,11312,SEDIFWO, 0.00000e+00
5109,11312,SEDAGWO, 0.00000e+00
5109,11312,SO_TN,0.000000000000e+00
5109,11312,IO_TN,0.000000000000e+00
5109,11312,AO_TN,0.000000000000e+00
5109,11312,PO_TN,0.000000000000e+00
5109,11312,SO_TP,0.000000000000e+00
5109,11312,IO_TP,0.000000000000e+00
5109,11312,AO_TP,0.000000000000e+00
5109,11312,PO_TP,0.000000000000e+00
5109,11312,SED_TP,0.000000000000e+00
5109,11312,SEDWSSD_TP,0.000000000000e+00
5109,11312,SEDSCRS_TP,0.000000000000e+00
5109,11312,SO_TCd,0.000000000000e+00
5109,11312,IO_TCd,0.000000000000e+00
5109,11312,AO_TCd,0.000000000000e+00
5109,11312,PO_TCd,0.000000000000e+00
5109,11312,SED_TCd,0.000000000000e+00
5109,11312,SEDWSSD_TCd,0.000000000000e+00
5109,11312,SEDSCRS_TCd,0.000000000000e+00
5109,11312,SO_TCu,0.000000000000e+00
5109,11312,IO_TCu,0.000000000000e+00
5109,11312,AO_TCu,0.000000000000e+00
5109,11312,PO_TCu,0.000000000000e+00
5109,11312,SED_TCu,0.000000000000e+00
5109,11312,SEDWSSD_TCu,0.000000000000e+00
5109,11312,SEDSCRS_TCu,0.000000000000e+00
5109,11312,SO_TPb,0.000000000000e+00
5109,11312,IO_TPb,0.000000000000e+00
5109,11312,AO_TPb,0.000000000000e+00
5109,11312,PO_TPb,0.000000000000e+00
5109,11312,SED_TPb,0.000000000000e+00
5109,11312,SEDWSSD_TPb,0.000000000000e+00
5109,11312,SEDSCRS_TPb,0.000000000000e+00
5109,11312,SO_TZn,0.000000000000e+00
5109,11312,IO_TZn,0.000000000000e+00
5109,11312,AO_TZn,0.000000000000e+00
5109,11312,PO_TZn,0.000000000000e+00
5109,11312,SED_TZn,0.000000000000e+00
5109,11312,SEDWSSD_TZn,0.000000000000e+00
5109,11312,SEDSCRS_TZn,0.000000000000e+00
5109,11321,AREA,0.000000000000e+00
5109,11321,PREC,0.000000000000e+00
5109,11321,SURO,0.000000000000e+00
5109,11321,IFWO,0.000000000000e+00
5109,11321,AGWO,0.000000000000e+00
5109,11321,PERO,0.000000000000e+00
5109,11321,TAET,0.000000000000e+00
5109,11321,SEDLOAD,0.000000000000e+00
5109,11321,SEDWSSD, 0.00000e+00
5109,11321,SEDSCRS, 0.00000e+00
5109,11321,SEDSURO, 0.00000e+00
5109,11321,SEDIFWO, 0.00000e+00
5109,11321,SEDAGWO, 0.00000e+00
5109,11321,SO_TN,0.000000000000e+00
5109,11321,IO_TN,0.000000000000e+00
5109,11321,AO_TN,0.000000000000e+00
5109,11321,PO_TN,0.000000000000e+00
5109,11321,SO_TP,0.000000000000e+00
5109,11321,IO_TP,0.000000000000e+00
5109,11321,AO_TP,0.000000000000e+00
5109,11321,PO_TP,0.000000000000e+00
5109,11321,SED_TP,0.000000000000e+00
5109,11321,SEDWSSD_TP,0.000000000000e+00
5109,11321,SEDSCRS_TP,0.000000000000e+00
5109,11321,SO_TCd,0.000000000000e+00
5109,11321,IO_TCd,0.000000000000e+00
5109,11321,AO_TCd,0.000000000000e+00
5109,11321,PO_TCd,0.000000000000e+00
5109,11321,SED_TCd,0.000000000000e+00
5109,11321,SEDWSSD_TCd,0.000000000000e+00
5109,11321,SEDSCRS_TCd,0.000000000000e+00
5109,11321,SO_TCu,0.000000000000e+00
5109,11321,IO_TCu,0.000000000000e+00
5109,11321,AO_TCu,0.000000000000e+00
5109,11321,PO_TCu,0.000000000000e+00
5109,11321,SED_TCu,0.000000000000e+00
5109,11321,SEDWSSD_TCu,0.000000000000e+00
5109,11321,SEDSCRS_TCu,0.000000000000e+00
5109,11321,SO_TPb,0.000000000000e+00
5109,11321,IO_TPb,0.000000000000e+00
5109,11321,AO_TPb,0.000000000000e+00
5109,11321,PO_TPb,0.000000000000e+00
5109,11321,SED_TPb,0.000000000000e+00
5109,11321,SEDWSSD_TPb,0.000000000000e+00
5109,11321,SEDSCRS_TPb,0.000000000000e+00
5109,11321,SO_TZn,0.000000000000e+00
5109,11321,IO_TZn,0.000000000000e+00
5109,11321,AO_TZn,0.000000000000e+00
5109,11321,PO_TZn,0.000000000000e+00
5109,11321,SED_TZn,0.000000000000e+00
5109,11321,SEDWSSD_TZn,0.000000000000e+00
5109,11321,SEDSCRS_TZn,0.000000000000e+00
5109,11322,AREA,0.000000000000e+00
5109,11322,PREC,0.000000000000e+00
5109,11322,SURO,0.000000000000e+00
5109,11322,IFWO,0.000000000000e+00
5109,11322,AGWO,0.000000000000e+00
5109,11322,PERO,0.000000000000e+00
5109,11322,TAET,0.000000000000e+00
5109,11322,SEDLOAD,0.000000000000e+00
5109,11322,SEDWSSD, 0.00000e+00
5109,11322,SEDSCRS, 0.00000e+00
5109,11322,SEDSURO, 0.00000e+00
5109,11322,SEDIFWO, 0.00000e+00
5109,11322,SEDAGWO, 0.00000e+00
5109,11322,SO_TN,0.000000000000e+00
5109,11322,IO_TN,0.000000000000e+00
5109,11322,AO_TN,0.000000000000e+00
5109,11322,PO_TN,0.000000000000e+00
5109,11322,SO_TP,0.000000000000e+00
5109,11322,IO_TP,0.000000000000e+00
5109,11322,AO_TP,0.000000000000e+00
5109,11322,PO_TP,0.000000000000e+00
5109,11322,SED_TP,0.000000000000e+00
5109,11322,SEDWSSD_TP,0.000000000000e+00
5109,11322,SEDSCRS_TP,0.000000000000e+00
5109,11322,SO_TCd,0.000000000000e+00
5109,11322,IO_TCd,0.000000000000e+00
5109,11322,AO_TCd,0.000000000000e+00
5109,11322,PO_TCd,0.000000000000e+00
5109,11322,SED_TCd,0.000000000000e+00
5109,11322,SEDWSSD_TCd,0.000000000000e+00
5109,11322,SEDSCRS_TCd,0.000000000000e+00
5109,11322,SO_TCu,0.000000000000e+00
5109,11322,IO_TCu,0.000000000000e+00
5109,11322,AO_TCu,0.000000000000e+00
5109,11322,PO_TCu,0.000000000000e+00
5109,11322,SED_TCu,0.000000000000e+00
5109,11322,SEDWSSD_TCu,0.000000000000e+00
5109,11322,SEDSCRS_TCu,0.000000000000e+00
5109,11322,SO_TPb,0.000000000000e+00
5109,11322,IO_TPb,0.000000000000e+00
5109,11322,AO_TPb,0.000000000000e+00
5109,11322,PO_TPb,0.000000000000e+00
5109,11322,SED_TPb,0.000000000000e+00
5109,11322,SEDWSSD_TPb,0.000000000000e+00
5109,11322,SEDSCRS_TPb,0.000000000000e+00
5109,11322,SO_TZn,0.000000000000e+00
5109,11322,IO_TZn,0.000000000000e+00
5109,11322,AO_TZn,0.000000000000e+00
5109,11322,PO_TZn,0.000000000000e+00
5109,11322,SED_TZn,0.000000000000e+00
5109,11322,SEDWSSD_TZn,0.000000000000e+00
5109,11322,SEDSCRS_TZn,0.000000000000e+00
5109,11411,AREA,8.225155699998e+01
5109,11411,PREC,8.199933484082e+02
5109,11411,SURO,2.784209090509e+02
5109,11411,IFWO,6.171066272138e+01
5109,11411,AGWO,7.870286836737e+02
5109,11411,PERO,1.127160255446e+03
5109,11411,TAET,2.082639199277e+03
5109,11411,SEDLOAD,2.264894336099e+00
5109,11411,SEDWSSD, 2.16873e+00
5109,11411,SEDSCRS, 0.00000e+00
5109,11411,SEDSURO, 0.00000e+00
5109,11411,SEDIFWO, 6.99223e-03
5109,11411,SEDAGWO, 8.91756e-02
5109,11411,SO_TN,7.768580415856e+01
5109,11411,IO_TN,2.796894404064e+01
5109,11411,AO_TN,1.337635197954e+02
5109,11411,PO_TN,2.394182679946e+02
5109,11411,SO_TP,4.337453086550e+00
5109,11411,IO_TP,5.593788808127e+00
5109,11411,AO_TP,3.567027194544e+01
5109,11411,PO_TP,4.560151384012e+01
5109,11411,SED_TP,4.337453086550e+00
5109,11411,SEDWSSD_TP,4.337453086550e+00
5109,11411,SEDSCRS_TP,0.000000000000e+00
5109,11411,SO_TCd,1.084363271638e-02
5109,11411,IO_TCd,0.000000000000e+00
5109,11411,AO_TCd,0.000000000000e+00
5109,11411,PO_TCd,1.084363271638e-02
5109,11411,SED_TCd,1.084363271638e-02
5109,11411,SEDWSSD_TCd,1.084363271638e-02
5109,11411,SEDSCRS_TCd,0.000000000000e+00
5109,11411,SO_TCu,1.084363271638e+00
5109,11411,IO_TCu,0.000000000000e+00
5109,11411,AO_TCu,0.000000000000e+00
5109,11411,PO_TCu,1.084363271638e+00
5109,11411,SED_TCu,1.084363271638e+00
5109,11411,SEDWSSD_TCu,1.084363271638e+00
5109,11411,SEDSCRS_TCu,0.000000000000e+00
5109,11411,SO_TPb,2.168726543275e-02
5109,11411,IO_TPb,0.000000000000e+00
5109,11411,AO_TPb,0.000000000000e+00
5109,11411,PO_TPb,2.168726543275e-02
5109,11411,SED_TPb,2.168726543275e-02
5109,11411,SEDWSSD_TPb,2.168726543275e-02
5109,11411,SEDSCRS_TPb,0.000000000000e+00
5109,11411,SO_TZn,7.807415555790e+00
5109,11411,IO_TZn,0.000000000000e+00
5109,11411,AO_TZn,8.917567986360e+00
5109,11411,PO_TZn,1.672498354215e+01
5109,11411,SED_TZn,7.807415555790e+00
5109,11411,SEDWSSD_TZn,7.807415555790e+00
5109,11411,SEDSCRS_TZn,0.000000000000e+00
5109,11412,AREA,0.000000000000e+00
5109,11412,PREC,0.000000000000e+00
5109,11412,SURO,0.000000000000e+00
5109,11412,IFWO,0.000000000000e+00
5109,11412,AGWO,0.000000000000e+00
5109,11412,PERO,0.000000000000e+00
5109,11412,TAET,0.000000000000e+00
5109,11412,SEDLOAD,0.000000000000e+00
5109,11412,SEDWSSD, 0.00000e+00
5109,11412,SEDSCRS, 0.00000e+00
5109,11412,SEDSURO, 0.00000e+00
5109,11412,SEDIFWO, 0.00000e+00
5109,11412,SEDAGWO, 0.00000e+00
5109,11412,SO_TN,0.000000000000e+00
5109,11412,IO_TN,0.000000000000e+00
5109,11412,AO_TN,0.000000000000e+00
5109,11412,PO_TN,0.000000000000e+00
5109,11412,SO_TP,0.000000000000e+00
5109,11412,IO_TP,0.000000000000e+00
5109,11412,AO_TP,0.000000000000e+00
5109,11412,PO_TP,0.000000000000e+00
5109,11412,SED_TP,0.000000000000e+00
5109,11412,SEDWSSD_TP,0.000000000000e+00
5109,11412,SEDSCRS_TP,0.000000000000e+00
5109,11412,SO_TCd,0.000000000000e+00
5109,11412,IO_TCd,0.000000000000e+00
5109,11412,AO_TCd,0.000000000000e+00
5109,11412,PO_TCd,0.000000000000e+00
5109,11412,SED_TCd,0.000000000000e+00
5109,11412,SEDWSSD_TCd,0.000000000000e+00
5109,11412,SEDSCRS_TCd,0.000000000000e+00
5109,11412,SO_TCu,0.000000000000e+00
5109,11412,IO_TCu,0.000000000000e+00
5109,11412,AO_TCu,0.000000000000e+00
5109,11412,PO_TCu,0.000000000000e+00
5109,11412,SED_TCu,0.000000000000e+00
5109,11412,SEDWSSD_TCu,0.000000000000e+00
5109,11412,SEDSCRS_TCu,0.000000000000e+00
5109,11412,SO_TPb,0.000000000000e+00
5109,11412,IO_TPb,0.000000000000e+00
5109,11412,AO_TPb,0.000000000000e+00
5109,11412,PO_TPb,0.000000000000e+00
5109,11412,SED_TPb,0.000000000000e+00
5109,11412,SEDWSSD_TPb,0.000000000000e+00
5109,11412,SEDSCRS_TPb,0.000000000000e+00
5109,11412,SO_TZn,0.000000000000e+00
5109,11412,IO_TZn,0.000000000000e+00
5109,11412,AO_TZn,0.000000000000e+00
5109,11412,PO_TZn,0.000000000000e+00
5109,11412,SED_TZn,0.000000000000e+00
5109,11412,SEDWSSD_TZn,0.000000000000e+00
5109,11412,SEDSCRS_TZn,0.000000000000e+00
5109,11421,AREA,0.000000000000e+00
5109,11421,PREC,0.000000000000e+00
5109,11421,SURO,0.000000000000e+00
5109,11421,IFWO,0.000000000000e+00
5109,11421,AGWO,0.000000000000e+00
5109,11421,PERO,0.000000000000e+00
5109,11421,TAET,0.000000000000e+00
5109,11421,SEDLOAD,0.000000000000e+00
5109,11421,SEDWSSD, 0.00000e+00
5109,11421,SEDSCRS, 0.00000e+00
5109,11421,SEDSURO, 0.00000e+00
5109,11421,SEDIFWO, 0.00000e+00
5109,11421,SEDAGWO, 0.00000e+00
5109,11421,SO_TN,0.000000000000e+00
5109,11421,IO_TN,0.000000000000e+00
5109,11421,AO_TN,0.000000000000e+00
5109,11421,PO_TN,0.000000000000e+00
5109,11421,SO_TP,0.000000000000e+00
5109,11421,IO_TP,0.000000000000e+00
5109,11421,AO_TP,0.000000000000e+00
5109,11421,PO_TP,0.000000000000e+00
5109,11421,SED_TP,0.000000000000e+00
5109,11421,SEDWSSD_TP,0.000000000000e+00
5109,11421,SEDSCRS_TP,0.000000000000e+00
5109,11421,SO_TCd,0.000000000000e+00
5109,11421,IO_TCd,0.000000000000e+00
5109,11421,AO_TCd,0.000000000000e+00
5109,11421,PO_TCd,0.000000000000e+00
5109,11421,SED_TCd,0.000000000000e+00
5109,11421,SEDWSSD_TCd,0.000000000000e+00
5109,11421,SEDSCRS_TCd,0.000000000000e+00
5109,11421,SO_TCu,0.000000000000e+00
5109,11421,IO_TCu,0.000000000000e+00
5109,11421,AO_TCu,0.000000000000e+00
5109,11421,PO_TCu,0.000000000000e+00
5109,11421,SED_TCu,0.000000000000e+00
5109,11421,SEDWSSD_TCu,0.000000000000e+00
5109,11421,SEDSCRS_TCu,0.000000000000e+00
5109,11421,SO_TPb,0.000000000000e+00
5109,11421,IO_TPb,0.000000000000e+00
5109,11421,AO_TPb,0.000000000000e+00
5109,11421,PO_TPb,0.000000000000e+00
5109,11421,SED_TPb,0.000000000000e+00
5109,11421,SEDWSSD_TPb,0.000000000000e+00
5109,11421,SEDSCRS_TPb,0.000000000000e+00
5109,11421,SO_TZn,0.000000000000e+00
5109,11421,IO_TZn,0.000000000000e+00
5109,11421,AO_TZn,0.000000000000e+00
5109,11421,PO_TZn,0.000000000000e+00
5109,11421,SED_TZn,0.000000000000e+00
5109,11421,SEDWSSD_TZn,0.000000000000e+00
5109,11421,SEDSCRS_TZn,0.000000000000e+00
5109,11422,AREA,0.000000000000e+00
5109,11422,PREC,0.000000000000e+00
5109,11422,SURO,0.000000000000e+00
5109,11422,IFWO,0.000000000000e+00
5109,11422,AGWO,0.000000000000e+00
5109,11422,PERO,0.000000000000e+00
5109,11422,TAET,0.000000000000e+00
5109,11422,SEDLOAD,0.000000000000e+00
5109,11422,SEDWSSD, 0.00000e+00
5109,11422,SEDSCRS, 0.00000e+00
5109,11422,SEDSURO, 0.00000e+00
5109,11422,SEDIFWO, 0.00000e+00
5109,11422,SEDAGWO, 0.00000e+00
5109,11422,SO_TN,0.000000000000e+00
5109,11422,IO_TN,0.000000000000e+00
5109,11422,AO_TN,0.000000000000e+00
5109,11422,PO_TN,0.000000000000e+00
5109,11422,SO_TP,0.000000000000e+00
5109,11422,IO_TP,0.000000000000e+00
5109,11422,AO_TP,0.000000000000e+00
5109,11422,PO_TP,0.000000000000e+00
5109,11422,SED_TP,0.000000000000e+00
5109,11422,SEDWSSD_TP,0.000000000000e+00
5109,11422,SEDSCRS_TP,0.000000000000e+00
5109,11422,SO_TCd,0.000000000000e+00
5109,11422,IO_TCd,0.000000000000e+00
5109,11422,AO_TCd,0.000000000000e+00
5109,11422,PO_TCd,0.000000000000e+00
5109,11422,SED_TCd,0.000000000000e+00
5109,11422,SEDWSSD_TCd,0.000000000000e+00
5109,11422,SEDSCRS_TCd,0.000000000000e+00
5109,11422,SO_TCu,0.000000000000e+00
5109,11422,IO_TCu,0.000000000000e+00
5109,11422,AO_TCu,0.000000000000e+00
5109,11422,PO_TCu,0.000000000000e+00
5109,11422,SED_TCu,0.000000000000e+00
5109,11422,SEDWSSD_TCu,0.000000000000e+00
5109,11422,SEDSCRS_TCu,0.000000000000e+00
5109,11422,SO_TPb,0.000000000000e+00
5109,11422,IO_TPb,0.000000000000e+00
5109,11422,AO_TPb,0.000000000000e+00
5109,11422,PO_TPb,0.000000000000e+00
5109,11422,SED_TPb,0.000000000000e+00
5109,11422,SEDWSSD_TPb,0.000000000000e+00
5109,11422,SEDSCRS_TPb,0.000000000000e+00
5109,11422,SO_TZn,0.000000000000e+00
5109,11422,IO_TZn,0.000000000000e+00
5109,11422,AO_TZn,0.000000000000e+00
5109,11422,PO_TZn,0.000000000000e+00
5109,11422,SED_TZn,0.000000000000e+00
5109,11422,SEDWSSD_TZn,0.000000000000e+00
5109,11422,SEDSCRS_TZn,0.000000000000e+00
5109,12111,AREA,0.000000000000e+00
5109,12111,PREC,0.000000000000e+00
5109,12111,SURO,0.000000000000e+00
5109,12111,IFWO,0.000000000000e+00
5109,12111,AGWO,0.000000000000e+00
5109,12111,PERO,0.000000000000e+00
5109,12111,TAET,0.000000000000e+00
5109,12111,SEDLOAD,0.000000000000e+00
5109,12111,SEDWSSD, 0.00000e+00
5109,12111,SEDSCRS, 0.00000e+00
5109,12111,SEDSURO, 0.00000e+00
5109,12111,SEDIFWO, 0.00000e+00
5109,12111,SEDAGWO, 0.00000e+00
5109,12111,SO_TN,0.000000000000e+00
5109,12111,IO_TN,0.000000000000e+00
5109,12111,AO_TN,0.000000000000e+00
5109,12111,PO_TN,0.000000000000e+00
5109,12111,SO_TP,0.000000000000e+00
5109,12111,IO_TP,0.000000000000e+00
5109,12111,AO_TP,0.000000000000e+00
5109,12111,PO_TP,0.000000000000e+00
5109,12111,SED_TP,0.000000000000e+00
5109,12111,SEDWSSD_TP,0.000000000000e+00
5109,12111,SEDSCRS_TP,0.000000000000e+00
5109,12111,SO_TCd,0.000000000000e+00
5109,12111,IO_TCd,0.000000000000e+00
5109,12111,AO_TCd,0.000000000000e+00
5109,12111,PO_TCd,0.000000000000e+00
5109,12111,SED_TCd,0.000000000000e+00
5109,12111,SEDWSSD_TCd,0.000000000000e+00
5109,12111,SEDSCRS_TCd,0.000000000000e+00
5109,12111,SO_TCu,0.000000000000e+00
5109,12111,IO_TCu,0.000000000000e+00
5109,12111,AO_TCu,0.000000000000e+00
5109,12111,PO_TCu,0.000000000000e+00
5109,12111,SED_TCu,0.000000000000e+00
5109,12111,SEDWSSD_TCu,0.000000000000e+00
5109,12111,SEDSCRS_TCu,0.000000000000e+00
5109,12111,SO_TPb,0.000000000000e+00
5109,12111,IO_TPb,0.000000000000e+00
5109,12111,AO_TPb,0.000000000000e+00
5109,12111,PO_TPb,0.000000000000e+00
5109,12111,SED_TPb,0.000000000000e+00
5109,12111,SEDWSSD_TPb,0.000000000000e+00
5109,12111,SEDSCRS_TPb,0.000000000000e+00
5109,12111,SO_TZn,0.000000000000e+00
5109,12111,IO_TZn,0.000000000000e+00
5109,12111,AO_TZn,0.000000000000e+00
5109,12111,PO_TZn,0.000000000000e+00
5109,12111,SED_TZn,0.000000000000e+00
5109,12111,SEDWSSD_TZn,0.000000000000e+00
5109,12111,SEDSCRS_TZn,0.000000000000e+00
5109,12112,AREA,0.000000000000e+00
5109,12112,PREC,0.000000000000e+00
5109,12112,SURO,0.000000000000e+00
5109,12112,IFWO,0.000000000000e+00
5109,12112,AGWO,0.000000000000e+00
5109,12112,PERO,0.000000000000e+00
5109,12112,TAET,0.000000000000e+00
5109,12112,SEDLOAD,0.000000000000e+00
5109,12112,SEDWSSD, 0.00000e+00
5109,12112,SEDSCRS, 0.00000e+00
5109,12112,SEDSURO, 0.00000e+00
5109,12112,SEDIFWO, 0.00000e+00
5109,12112,SEDAGWO, 0.00000e+00
5109,12112,SO_TN,0.000000000000e+00
5109,12112,IO_TN,0.000000000000e+00
5109,12112,AO_TN,0.000000000000e+00
5109,12112,PO_TN,0.000000000000e+00
5109,12112,SO_TP,0.000000000000e+00
5109,12112,IO_TP,0.000000000000e+00
5109,12112,AO_TP,0.000000000000e+00
5109,12112,PO_TP,0.000000000000e+00
5109,12112,SED_TP,0.000000000000e+00
5109,12112,SEDWSSD_TP,0.000000000000e+00
5109,12112,SEDSCRS_TP,0.000000000000e+00
5109,12112,SO_TCd,0.000000000000e+00
5109,12112,IO_TCd,0.000000000000e+00
5109,12112,AO_TCd,0.000000000000e+00
5109,12112,PO_TCd,0.000000000000e+00
5109,12112,SED_TCd,0.000000000000e+00
5109,12112,SEDWSSD_TCd,0.000000000000e+00
5109,12112,SEDSCRS_TCd,0.000000000000e+00
5109,12112,SO_TCu,0.000000000000e+00
5109,12112,IO_TCu,0.000000000000e+00
5109,12112,AO_TCu,0.000000000000e+00
5109,12112,PO_TCu,0.000000000000e+00
5109,12112,SED_TCu,0.000000000000e+00
5109,12112,SEDWSSD_TCu,0.000000000000e+00
5109,12112,SEDSCRS_TCu,0.000000000000e+00
5109,12112,SO_TPb,0.000000000000e+00
5109,12112,IO_TPb,0.000000000000e+00
5109,12112,AO_TPb,0.000000000000e+00
5109,12112,PO_TPb,0.000000000000e+00
5109,12112,SED_TPb,0.000000000000e+00
5109,12112,SEDWSSD_TPb,0.000000000000e+00
5109,12112,SEDSCRS_TPb,0.000000000000e+00
5109,12112,SO_TZn,0.000000000000e+00
5109,12112,IO_TZn,0.000000000000e+00
5109,12112,AO_TZn,0.000000000000e+00
5109,12112,PO_TZn,0.000000000000e+00
5109,12112,SED_TZn,0.000000000000e+00
5109,12112,SEDWSSD_TZn,0.000000000000e+00
5109,12112,SEDSCRS_TZn,0.000000000000e+00
5109,12121,AREA,0.000000000000e+00
5109,12121,PREC,0.000000000000e+00
5109,12121,SURO,0.000000000000e+00
5109,12121,IFWO,0.000000000000e+00
5109,12121,AGWO,0.000000000000e+00
5109,12121,PERO,0.000000000000e+00
5109,12121,TAET,0.000000000000e+00
5109,12121,SEDLOAD,0.000000000000e+00
5109,12121,SEDWSSD, 0.00000e+00
5109,12121,SEDSCRS, 0.00000e+00
5109,12121,SEDSURO, 0.00000e+00
5109,12121,SEDIFWO, 0.00000e+00
5109,12121,SEDAGWO, 0.00000e+00
5109,12121,SO_TN,0.000000000000e+00
5109,12121,IO_TN,0.000000000000e+00
5109,12121,AO_TN,0.000000000000e+00
5109,12121,PO_TN,0.000000000000e+00
5109,12121,SO_TP,0.000000000000e+00
5109,12121,IO_TP,0.000000000000e+00
5109,12121,AO_TP,0.000000000000e+00
5109,12121,PO_TP,0.000000000000e+00
5109,12121,SED_TP,0.000000000000e+00
5109,12121,SEDWSSD_TP,0.000000000000e+00
5109,12121,SEDSCRS_TP,0.000000000000e+00
5109,12121,SO_TCd,0.000000000000e+00
5109,12121,IO_TCd,0.000000000000e+00
5109,12121,AO_TCd,0.000000000000e+00
5109,12121,PO_TCd,0.000000000000e+00
5109,12121,SED_TCd,0.000000000000e+00
5109,12121,SEDWSSD_TCd,0.000000000000e+00
5109,12121,SEDSCRS_TCd,0.000000000000e+00
5109,12121,SO_TCu,0.000000000000e+00
5109,12121,IO_TCu,0.000000000000e+00
5109,12121,AO_TCu,0.000000000000e+00
5109,12121,PO_TCu,0.000000000000e+00
5109,12121,SED_TCu,0.000000000000e+00
5109,12121,SEDWSSD_TCu,0.000000000000e+00
5109,12121,SEDSCRS_TCu,0.000000000000e+00
5109,12121,SO_TPb,0.000000000000e+00
5109,12121,IO_TPb,0.000000000000e+00
5109,12121,AO_TPb,0.000000000000e+00
5109,12121,PO_TPb,0.000000000000e+00
5109,12121,SED_TPb,0.000000000000e+00
5109,12121,SEDWSSD_TPb,0.000000000000e+00
5109,12121,SEDSCRS_TPb,0.000000000000e+00
5109,12121,SO_TZn,0.000000000000e+00
5109,12121,IO_TZn,0.000000000000e+00
5109,12121,AO_TZn,0.000000000000e+00
5109,12121,PO_TZn,0.000000000000e+00
5109,12121,SED_TZn,0.000000000000e+00
5109,12121,SEDWSSD_TZn,0.000000000000e+00
5109,12121,SEDSCRS_TZn,0.000000000000e+00
5109,12122,AREA,0.000000000000e+00
5109,12122,PREC,0.000000000000e+00
5109,12122,SURO,0.000000000000e+00
5109,12122,IFWO,0.000000000000e+00
5109,12122,AGWO,0.000000000000e+00
5109,12122,PERO,0.000000000000e+00
5109,12122,TAET,0.000000000000e+00
5109,12122,SEDLOAD,0.000000000000e+00
5109,12122,SEDWSSD, 0.00000e+00
5109,12122,SEDSCRS, 0.00000e+00
5109,12122,SEDSURO, 0.00000e+00
5109,12122,SEDIFWO, 0.00000e+00
5109,12122,SEDAGWO, 0.00000e+00
5109,12122,SO_TN,0.000000000000e+00
5109,12122,IO_TN,0.000000000000e+00
5109,12122,AO_TN,0.000000000000e+00
5109,12122,PO_TN,0.000000000000e+00
5109,12122,SO_TP,0.000000000000e+00
5109,12122,IO_TP,0.000000000000e+00
5109,12122,AO_TP,0.000000000000e+00
5109,12122,PO_TP,0.000000000000e+00
5109,12122,SED_TP,0.000000000000e+00
5109,12122,SEDWSSD_TP,0.000000000000e+00
5109,12122,SEDSCRS_TP,0.000000000000e+00
5109,12122,SO_TCd,0.000000000000e+00
5109,12122,IO_TCd,0.000000000000e+00
5109,12122,AO_TCd,0.000000000000e+00
5109,12122,PO_TCd,0.000000000000e+00
5109,12122,SED_TCd,0.000000000000e+00
5109,12122,SEDWSSD_TCd,0.000000000000e+00
5109,12122,SEDSCRS_TCd,0.000000000000e+00
5109,12122,SO_TCu,0.000000000000e+00
5109,12122,IO_TCu,0.000000000000e+00
5109,12122,AO_TCu,0.000000000000e+00
5109,12122,PO_TCu,0.000000000000e+00
5109,12122,SED_TCu,0.000000000000e+00
5109,12122,SEDWSSD_TCu,0.000000000000e+00
5109,12122,SEDSCRS_TCu,0.000000000000e+00
5109,12122,SO_TPb,0.000000000000e+00
5109,12122,IO_TPb,0.000000000000e+00
5109,12122,AO_TPb,0.000000000000e+00
5109,12122,PO_TPb,0.000000000000e+00
5109,12122,SED_TPb,0.000000000000e+00
5109,12122,SEDWSSD_TPb,0.000000000000e+00
5109,12122,SEDSCRS_TPb,0.000000000000e+00
5109,12122,SO_TZn,0.000000000000e+00
5109,12122,IO_TZn,0.000000000000e+00
5109,12122,AO_TZn,0.000000000000e+00
5109,12122,PO_TZn,0.000000000000e+00
5109,12122,SED_TZn,0.000000000000e+00
5109,12122,SEDWSSD_TZn,0.000000000000e+00
5109,12122,SEDSCRS_TZn,0.000000000000e+00
5109,12211,AREA,0.000000000000e+00
5109,12211,PREC,0.000000000000e+00
5109,12211,SURO,0.000000000000e+00
5109,12211,IFWO,0.000000000000e+00
5109,12211,AGWO,0.000000000000e+00
5109,12211,PERO,0.000000000000e+00
5109,12211,TAET,0.000000000000e+00
5109,12211,SEDLOAD,0.000000000000e+00
5109,12211,SEDWSSD, 0.00000e+00
5109,12211,SEDSCRS, 0.00000e+00
5109,12211,SEDSURO, 0.00000e+00
5109,12211,SEDIFWO, 0.00000e+00
5109,12211,SEDAGWO, 0.00000e+00
5109,12211,SO_TN,0.000000000000e+00
5109,12211,IO_TN,0.000000000000e+00
5109,12211,AO_TN,0.000000000000e+00
5109,12211,PO_TN,0.000000000000e+00
5109,12211,SO_TP,0.000000000000e+00
5109,12211,IO_TP,0.000000000000e+00
5109,12211,AO_TP,0.000000000000e+00
5109,12211,PO_TP,0.000000000000e+00
5109,12211,SED_TP,0.000000000000e+00
5109,12211,SEDWSSD_TP,0.000000000000e+00
5109,12211,SEDSCRS_TP,0.000000000000e+00
5109,12211,SO_TCd,0.000000000000e+00
5109,12211,IO_TCd,0.000000000000e+00
5109,12211,AO_TCd,0.000000000000e+00
5109,12211,PO_TCd,0.000000000000e+00
5109,12211,SED_TCd,0.000000000000e+00
5109,12211,SEDWSSD_TCd,0.000000000000e+00
5109,12211,SEDSCRS_TCd,0.000000000000e+00
5109,12211,SO_TCu,0.000000000000e+00
5109,12211,IO_TCu,0.000000000000e+00
5109,12211,AO_TCu,0.000000000000e+00
5109,12211,PO_TCu,0.000000000000e+00
5109,12211,SED_TCu,0.000000000000e+00
5109,12211,SEDWSSD_TCu,0.000000000000e+00
5109,12211,SEDSCRS_TCu,0.000000000000e+00
5109,12211,SO_TPb,0.000000000000e+00
5109,12211,IO_TPb,0.000000000000e+00
5109,12211,AO_TPb,0.000000000000e+00
5109,12211,PO_TPb,0.000000000000e+00
5109,12211,SED_TPb,0.000000000000e+00
5109,12211,SEDWSSD_TPb,0.000000000000e+00
5109,12211,SEDSCRS_TPb,0.000000000000e+00
5109,12211,SO_TZn,0.000000000000e+00
5109,12211,IO_TZn,0.000000000000e+00
5109,12211,AO_TZn,0.000000000000e+00
5109,12211,PO_TZn,0.000000000000e+00
5109,12211,SED_TZn,0.000000000000e+00
5109,12211,SEDWSSD_TZn,0.000000000000e+00
5109,12211,SEDSCRS_TZn,0.000000000000e+00
5109,12212,AREA,0.000000000000e+00
5109,12212,PREC,0.000000000000e+00
5109,12212,SURO,0.000000000000e+00
5109,12212,IFWO,0.000000000000e+00
5109,12212,AGWO,0.000000000000e+00
5109,12212,PERO,0.000000000000e+00
5109,12212,TAET,0.000000000000e+00
5109,12212,SEDLOAD,0.000000000000e+00
5109,12212,SEDWSSD, 0.00000e+00
5109,12212,SEDSCRS, 0.00000e+00
5109,12212,SEDSURO, 0.00000e+00
5109,12212,SEDIFWO, 0.00000e+00
5109,12212,SEDAGWO, 0.00000e+00
5109,12212,SO_TN,0.000000000000e+00
5109,12212,IO_TN,0.000000000000e+00
5109,12212,AO_TN,0.000000000000e+00
5109,12212,PO_TN,0.000000000000e+00
5109,12212,SO_TP,0.000000000000e+00
5109,12212,IO_TP,0.000000000000e+00
5109,12212,AO_TP,0.000000000000e+00
5109,12212,PO_TP,0.000000000000e+00
5109,12212,SED_TP,0.000000000000e+00
5109,12212,SEDWSSD_TP,0.000000000000e+00
5109,12212,SEDSCRS_TP,0.000000000000e+00
5109,12212,SO_TCd,0.000000000000e+00
5109,12212,IO_TCd,0.000000000000e+00
5109,12212,AO_TCd,0.000000000000e+00
5109,12212,PO_TCd,0.000000000000e+00
5109,12212,SED_TCd,0.000000000000e+00
5109,12212,SEDWSSD_TCd,0.000000000000e+00
5109,12212,SEDSCRS_TCd,0.000000000000e+00
5109,12212,SO_TCu,0.000000000000e+00
5109,12212,IO_TCu,0.000000000000e+00
5109,12212,AO_TCu,0.000000000000e+00
5109,12212,PO_TCu,0.000000000000e+00
5109,12212,SED_TCu,0.000000000000e+00
5109,12212,SEDWSSD_TCu,0.000000000000e+00
5109,12212,SEDSCRS_TCu,0.000000000000e+00
5109,12212,SO_TPb,0.000000000000e+00
5109,12212,IO_TPb,0.000000000000e+00
5109,12212,AO_TPb,0.000000000000e+00
5109,12212,PO_TPb,0.000000000000e+00
5109,12212,SED_TPb,0.000000000000e+00
5109,12212,SEDWSSD_TPb,0.000000000000e+00
5109,12212,SEDSCRS_TPb,0.000000000000e+00
5109,12212,SO_TZn,0.000000000000e+00
5109,12212,IO_TZn,0.000000000000e+00
5109,12212,AO_TZn,0.000000000000e+00
5109,12212,PO_TZn,0.000000000000e+00
5109,12212,SED_TZn,0.000000000000e+00
5109,12212,SEDWSSD_TZn,0.000000000000e+00
5109,12212,SEDSCRS_TZn,0.000000000000e+00
5109,12221,AREA,0.000000000000e+00
5109,12221,PREC,0.000000000000e+00
5109,12221,SURO,0.000000000000e+00
5109,12221,IFWO,0.000000000000e+00
5109,12221,AGWO,0.000000000000e+00
5109,12221,PERO,0.000000000000e+00
5109,12221,TAET,0.000000000000e+00
5109,12221,SEDLOAD,0.000000000000e+00
5109,12221,SEDWSSD, 0.00000e+00
5109,12221,SEDSCRS, 0.00000e+00
5109,12221,SEDSURO, 0.00000e+00
5109,12221,SEDIFWO, 0.00000e+00
5109,12221,SEDAGWO, 0.00000e+00
5109,12221,SO_TN,0.000000000000e+00
5109,12221,IO_TN,0.000000000000e+00
5109,12221,AO_TN,0.000000000000e+00
5109,12221,PO_TN,0.000000000000e+00
5109,12221,SO_TP,0.000000000000e+00
5109,12221,IO_TP,0.000000000000e+00
5109,12221,AO_TP,0.000000000000e+00
5109,12221,PO_TP,0.000000000000e+00
5109,12221,SED_TP,0.000000000000e+00
5109,12221,SEDWSSD_TP,0.000000000000e+00
5109,12221,SEDSCRS_TP,0.000000000000e+00
5109,12221,SO_TCd,0.000000000000e+00
5109,12221,IO_TCd,0.000000000000e+00
5109,12221,AO_TCd,0.000000000000e+00
5109,12221,PO_TCd,0.000000000000e+00
5109,12221,SED_TCd,0.000000000000e+00
5109,12221,SEDWSSD_TCd,0.000000000000e+00
5109,12221,SEDSCRS_TCd,0.000000000000e+00
5109,12221,SO_TCu,0.000000000000e+00
5109,12221,IO_TCu,0.000000000000e+00
5109,12221,AO_TCu,0.000000000000e+00
5109,12221,PO_TCu,0.000000000000e+00
5109,12221,SED_TCu,0.000000000000e+00
5109,12221,SEDWSSD_TCu,0.000000000000e+00
5109,12221,SEDSCRS_TCu,0.000000000000e+00
5109,12221,SO_TPb,0.000000000000e+00
5109,12221,IO_TPb,0.000000000000e+00
5109,12221,AO_TPb,0.000000000000e+00
5109,12221,PO_TPb,0.000000000000e+00
5109,12221,SED_TPb,0.000000000000e+00
5109,12221,SEDWSSD_TPb,0.000000000000e+00
5109,12221,SEDSCRS_TPb,0.000000000000e+00
5109,12221,SO_TZn,0.000000000000e+00
5109,12221,IO_TZn,0.000000000000e+00
5109,12221,AO_TZn,0.000000000000e+00
5109,12221,PO_TZn,0.000000000000e+00
5109,12221,SED_TZn,0.000000000000e+00
5109,12221,SEDWSSD_TZn,0.000000000000e+00
5109,12221,SEDSCRS_TZn,0.000000000000e+00
5109,12222,AREA,0.000000000000e+00
5109,12222,PREC,0.000000000000e+00
5109,12222,SURO,0.000000000000e+00
5109,12222,IFWO,0.000000000000e+00
5109,12222,AGWO,0.000000000000e+00
5109,12222,PERO,0.000000000000e+00
5109,12222,TAET,0.000000000000e+00
5109,12222,SEDLOAD,0.000000000000e+00
5109,12222,SEDWSSD, 0.00000e+00
5109,12222,SEDSCRS, 0.00000e+00
5109,12222,SEDSURO, 0.00000e+00
5109,12222,SEDIFWO, 0.00000e+00
5109,12222,SEDAGWO, 0.00000e+00
5109,12222,SO_TN,0.000000000000e+00
5109,12222,IO_TN,0.000000000000e+00
5109,12222,AO_TN,0.000000000000e+00
5109,12222,PO_TN,0.000000000000e+00
5109,12222,SO_TP,0.000000000000e+00
5109,12222,IO_TP,0.000000000000e+00
5109,12222,AO_TP,0.000000000000e+00
5109,12222,PO_TP,0.000000000000e+00
5109,12222,SED_TP,0.000000000000e+00
5109,12222,SEDWSSD_TP,0.000000000000e+00
5109,12222,SEDSCRS_TP,0.000000000000e+00
5109,12222,SO_TCd,0.000000000000e+00
5109,12222,IO_TCd,0.000000000000e+00
5109,12222,AO_TCd,0.000000000000e+00
5109,12222,PO_TCd,0.000000000000e+00
5109,12222,SED_TCd,0.000000000000e+00
5109,12222,SEDWSSD_TCd,0.000000000000e+00
5109,12222,SEDSCRS_TCd,0.000000000000e+00
5109,12222,SO_TCu,0.000000000000e+00
5109,12222,IO_TCu,0.000000000000e+00
5109,12222,AO_TCu,0.000000000000e+00
5109,12222,PO_TCu,0.000000000000e+00
5109,12222,SED_TCu,0.000000000000e+00
5109,12222,SEDWSSD_TCu,0.000000000000e+00
5109,12222,SEDSCRS_TCu,0.000000000000e+00
5109,12222,SO_TPb,0.000000000000e+00
5109,12222,IO_TPb,0.000000000000e+00
5109,12222,AO_TPb,0.000000000000e+00
5109,12222,PO_TPb,0.000000000000e+00
5109,12222,SED_TPb,0.000000000000e+00
5109,12222,SEDWSSD_TPb,0.000000000000e+00
5109,12222,SEDSCRS_TPb,0.000000000000e+00
5109,12222,SO_TZn,0.000000000000e+00
5109,12222,IO_TZn,0.000000000000e+00
5109,12222,AO_TZn,0.000000000000e+00
5109,12222,PO_TZn,0.000000000000e+00
5109,12222,SED_TZn,0.000000000000e+00
5109,12222,SEDWSSD_TZn,0.000000000000e+00
5109,12222,SEDSCRS_TZn,0.000000000000e+00
5109,12311,AREA,0.000000000000e+00
5109,12311,PREC,0.000000000000e+00
5109,12311,SURO,0.000000000000e+00
5109,12311,IFWO,0.000000000000e+00
5109,12311,AGWO,0.000000000000e+00
5109,12311,PERO,0.000000000000e+00
5109,12311,TAET,0.000000000000e+00
5109,12311,SEDLOAD,0.000000000000e+00
5109,12311,SEDWSSD, 0.00000e+00
5109,12311,SEDSCRS, 0.00000e+00
5109,12311,SEDSURO, 0.00000e+00
5109,12311,SEDIFWO, 0.00000e+00
5109,12311,SEDAGWO, 0.00000e+00
5109,12311,SO_TN,0.000000000000e+00
5109,12311,IO_TN,0.000000000000e+00
5109,12311,AO_TN,0.000000000000e+00
5109,12311,PO_TN,0.000000000000e+00
5109,12311,SO_TP,0.000000000000e+00
5109,12311,IO_TP,0.000000000000e+00
5109,12311,AO_TP,0.000000000000e+00
5109,12311,PO_TP,0.000000000000e+00
5109,12311,SED_TP,0.000000000000e+00
5109,12311,SEDWSSD_TP,0.000000000000e+00
5109,12311,SEDSCRS_TP,0.000000000000e+00
5109,12311,SO_TCd,0.000000000000e+00
5109,12311,IO_TCd,0.000000000000e+00
5109,12311,AO_TCd,0.000000000000e+00
5109,12311,PO_TCd,0.000000000000e+00
5109,12311,SED_TCd,0.000000000000e+00
5109,12311,SEDWSSD_TCd,0.000000000000e+00
5109,12311,SEDSCRS_TCd,0.000000000000e+00
5109,12311,SO_TCu,0.000000000000e+00
5109,12311,IO_TCu,0.000000000000e+00
5109,12311,AO_TCu,0.000000000000e+00
5109,12311,PO_TCu,0.000000000000e+00
5109,12311,SED_TCu,0.000000000000e+00
5109,12311,SEDWSSD_TCu,0.000000000000e+00
5109,12311,SEDSCRS_TCu,0.000000000000e+00
5109,12311,SO_TPb,0.000000000000e+00
5109,12311,IO_TPb,0.000000000000e+00
5109,12311,AO_TPb,0.000000000000e+00
5109,12311,PO_TPb,0.000000000000e+00
5109,12311,SED_TPb,0.000000000000e+00
5109,12311,SEDWSSD_TPb,0.000000000000e+00
5109,12311,SEDSCRS_TPb,0.000000000000e+00
5109,12311,SO_TZn,0.000000000000e+00
5109,12311,IO_TZn,0.000000000000e+00
5109,12311,AO_TZn,0.000000000000e+00
5109,12311,PO_TZn,0.000000000000e+00
5109,12311,SED_TZn,0.000000000000e+00
5109,12311,SEDWSSD_TZn,0.000000000000e+00
5109,12311,SEDSCRS_TZn,0.000000000000e+00
5109,12312,AREA,0.000000000000e+00
5109,12312,PREC,0.000000000000e+00
5109,12312,SURO,0.000000000000e+00
5109,12312,IFWO,0.000000000000e+00
5109,12312,AGWO,0.000000000000e+00
5109,12312,PERO,0.000000000000e+00
5109,12312,TAET,0.000000000000e+00
5109,12312,SEDLOAD,0.000000000000e+00
5109,12312,SEDWSSD, 0.00000e+00
5109,12312,SEDSCRS, 0.00000e+00
5109,12312,SEDSURO, 0.00000e+00
5109,12312,SEDIFWO, 0.00000e+00
5109,12312,SEDAGWO, 0.00000e+00
5109,12312,SO_TN,0.000000000000e+00
5109,12312,IO_TN,0.000000000000e+00
5109,12312,AO_TN,0.000000000000e+00
5109,12312,PO_TN,0.000000000000e+00
5109,12312,SO_TP,0.000000000000e+00
5109,12312,IO_TP,0.000000000000e+00
5109,12312,AO_TP,0.000000000000e+00
5109,12312,PO_TP,0.000000000000e+00
5109,12312,SED_TP,0.000000000000e+00
5109,12312,SEDWSSD_TP,0.000000000000e+00
5109,12312,SEDSCRS_TP,0.000000000000e+00
5109,12312,SO_TCd,0.000000000000e+00
5109,12312,IO_TCd,0.000000000000e+00
5109,12312,AO_TCd,0.000000000000e+00
5109,12312,PO_TCd,0.000000000000e+00
5109,12312,SED_TCd,0.000000000000e+00
5109,12312,SEDWSSD_TCd,0.000000000000e+00
5109,12312,SEDSCRS_TCd,0.000000000000e+00
5109,12312,SO_TCu,0.000000000000e+00
5109,12312,IO_TCu,0.000000000000e+00
5109,12312,AO_TCu,0.000000000000e+00
5109,12312,PO_TCu,0.000000000000e+00
5109,12312,SED_TCu,0.000000000000e+00
5109,12312,SEDWSSD_TCu,0.000000000000e+00
5109,12312,SEDSCRS_TCu,0.000000000000e+00
5109,12312,SO_TPb,0.000000000000e+00
5109,12312,IO_TPb,0.000000000000e+00
5109,12312,AO_TPb,0.000000000000e+00
5109,12312,PO_TPb,0.000000000000e+00
5109,12312,SED_TPb,0.000000000000e+00
5109,12312,SEDWSSD_TPb,0.000000000000e+00
5109,12312,SEDSCRS_TPb,0.000000000000e+00
5109,12312,SO_TZn,0.000000000000e+00
5109,12312,IO_TZn,0.000000000000e+00
5109,12312,AO_TZn,0.000000000000e+00
5109,12312,PO_TZn,0.000000000000e+00
5109,12312,SED_TZn,0.000000000000e+00
5109,12312,SEDWSSD_TZn,0.000000000000e+00
5109,12312,SEDSCRS_TZn,0.000000000000e+00
5109,12321,AREA,0.000000000000e+00
5109,12321,PREC,0.000000000000e+00
5109,12321,SURO,0.000000000000e+00
5109,12321,IFWO,0.000000000000e+00
5109,12321,AGWO,0.000000000000e+00
5109,12321,PERO,0.000000000000e+00
5109,12321,TAET,0.000000000000e+00
5109,12321,SEDLOAD,0.000000000000e+00
5109,12321,SEDWSSD, 0.00000e+00
5109,12321,SEDSCRS, 0.00000e+00
5109,12321,SEDSURO, 0.00000e+00
5109,12321,SEDIFWO, 0.00000e+00
5109,12321,SEDAGWO, 0.00000e+00
5109,12321,SO_TN,0.000000000000e+00
5109,12321,IO_TN,0.000000000000e+00
5109,12321,AO_TN,0.000000000000e+00
5109,12321,PO_TN,0.000000000000e+00
5109,12321,SO_TP,0.000000000000e+00
5109,12321,IO_TP,0.000000000000e+00
5109,12321,AO_TP,0.000000000000e+00
5109,12321,PO_TP,0.000000000000e+00
5109,12321,SED_TP,0.000000000000e+00
5109,12321,SEDWSSD_TP,0.000000000000e+00
5109,12321,SEDSCRS_TP,0.000000000000e+00
5109,12321,SO_TCd,0.000000000000e+00
5109,12321,IO_TCd,0.000000000000e+00
5109,12321,AO_TCd,0.000000000000e+00
5109,12321,PO_TCd,0.000000000000e+00
5109,12321,SED_TCd,0.000000000000e+00
5109,12321,SEDWSSD_TCd,0.000000000000e+00
5109,12321,SEDSCRS_TCd,0.000000000000e+00
5109,12321,SO_TCu,0.000000000000e+00
5109,12321,IO_TCu,0.000000000000e+00
5109,12321,AO_TCu,0.000000000000e+00
5109,12321,PO_TCu,0.000000000000e+00
5109,12321,SED_TCu,0.000000000000e+00
5109,12321,SEDWSSD_TCu,0.000000000000e+00
5109,12321,SEDSCRS_TCu,0.000000000000e+00
5109,12321,SO_TPb,0.000000000000e+00
5109,12321,IO_TPb,0.000000000000e+00
5109,12321,AO_TPb,0.000000000000e+00
5109,12321,PO_TPb,0.000000000000e+00
5109,12321,SED_TPb,0.000000000000e+00
5109,12321,SEDWSSD_TPb,0.000000000000e+00
5109,12321,SEDSCRS_TPb,0.000000000000e+00
5109,12321,SO_TZn,0.000000000000e+00
5109,12321,IO_TZn,0.000000000000e+00
5109,12321,AO_TZn,0.000000000000e+00
5109,12321,PO_TZn,0.000000000000e+00
5109,12321,SED_TZn,0.000000000000e+00
5109,12321,SEDWSSD_TZn,0.000000000000e+00
5109,12321,SEDSCRS_TZn,0.000000000000e+00
5109,12322,AREA,0.000000000000e+00
5109,12322,PREC,0.000000000000e+00
5109,12322,SURO,0.000000000000e+00
5109,12322,IFWO,0.000000000000e+00
5109,12322,AGWO,0.000000000000e+00
5109,12322,PERO,0.000000000000e+00
5109,12322,TAET,0.000000000000e+00
5109,12322,SEDLOAD,0.000000000000e+00
5109,12322,SEDWSSD, 0.00000e+00
5109,12322,SEDSCRS, 0.00000e+00
5109,12322,SEDSURO, 0.00000e+00
5109,12322,SEDIFWO, 0.00000e+00
5109,12322,SEDAGWO, 0.00000e+00
5109,12322,SO_TN,0.000000000000e+00
5109,12322,IO_TN,0.000000000000e+00
5109,12322,AO_TN,0.000000000000e+00
5109,12322,PO_TN,0.000000000000e+00
5109,12322,SO_TP,0.000000000000e+00
5109,12322,IO_TP,0.000000000000e+00
5109,12322,AO_TP,0.000000000000e+00
5109,12322,PO_TP,0.000000000000e+00
5109,12322,SED_TP,0.000000000000e+00
5109,12322,SEDWSSD_TP,0.000000000000e+00
5109,12322,SEDSCRS_TP,0.000000000000e+00
5109,12322,SO_TCd,0.000000000000e+00
5109,12322,IO_TCd,0.000000000000e+00
5109,12322,AO_TCd,0.000000000000e+00
5109,12322,PO_TCd,0.000000000000e+00
5109,12322,SED_TCd,0.000000000000e+00
5109,12322,SEDWSSD_TCd,0.000000000000e+00
5109,12322,SEDSCRS_TCd,0.000000000000e+00
5109,12322,SO_TCu,0.000000000000e+00
5109,12322,IO_TCu,0.000000000000e+00
5109,12322,AO_TCu,0.000000000000e+00
5109,12322,PO_TCu,0.000000000000e+00
5109,12322,SED_TCu,0.000000000000e+00
5109,12322,SEDWSSD_TCu,0.000000000000e+00
5109,12322,SEDSCRS_TCu,0.000000000000e+00
5109,12322,SO_TPb,0.000000000000e+00
5109,12322,IO_TPb,0.000000000000e+00
5109,12322,AO_TPb,0.000000000000e+00
5109,12322,PO_TPb,0.000000000000e+00
5109,12322,SED_TPb,0.000000000000e+00
5109,12322,SEDWSSD_TPb,0.000000000000e+00
5109,12322,SEDSCRS_TPb,0.000000000000e+00
5109,12322,SO_TZn,0.000000000000e+00
5109,12322,IO_TZn,0.000000000000e+00
5109,12322,AO_TZn,0.000000000000e+00
5109,12322,PO_TZn,0.000000000000e+00
5109,12322,SED_TZn,0.000000000000e+00
5109,12322,SEDWSSD_TZn,0.000000000000e+00
5109,12322,SEDSCRS_TZn,0.000000000000e+00
5109,12411,AREA,1.571003479999e+02
5109,12411,PREC,1.566186040619e+03
5109,12411,SURO,1.301187640003e+02
5109,12411,IFWO,2.024071992239e+00
5109,12411,AGWO,2.002626130240e+02
5109,12411,PERO,3.324054490166e+02
5109,12411,TAET,1.253418938708e+03
5109,12411,SEDLOAD,1.532246814770e+00
5109,12411,SEDWSSD, 1.50933e+00
5109,12411,SEDSCRS, 0.00000e+00
5109,12411,SEDSURO, 0.00000e+00
5109,12411,SEDIFWO, 2.29341e-04
5109,12411,SEDAGWO, 2.26911e-02
5109,12411,SO_TN,4.616196485130e+01
5109,12411,IO_TN,9.173642574665e-01
5109,12411,AO_TN,3.403666544460e+01
5109,12411,PO_TN,8.111599455337e+01
5109,12411,SO_TP,3.018652785473e+00
5109,12411,IO_TP,1.834728514933e-01
5109,12411,AO_TP,9.076444118561e+00
5109,12411,PO_TP,1.227856975553e+01
5109,12411,SED_TP,3.018652785473e+00
5109,12411,SEDWSSD_TP,3.018652785473e+00
5109,12411,SEDSCRS_TP,0.000000000000e+00
5109,12411,SO_TCd,7.546631963682e-03
5109,12411,IO_TCd,0.000000000000e+00
5109,12411,AO_TCd,0.000000000000e+00
5109,12411,PO_TCd,7.546631963682e-03
5109,12411,SED_TCd,7.546631963682e-03
5109,12411,SEDWSSD_TCd,7.546631963682e-03
5109,12411,SEDSCRS_TCd,0.000000000000e+00
5109,12411,SO_TCu,7.546631963682e-01
5109,12411,IO_TCu,0.000000000000e+00
5109,12411,AO_TCu,0.000000000000e+00
5109,12411,PO_TCu,7.546631963682e-01
5109,12411,SED_TCu,7.546631963682e-01
5109,12411,SEDWSSD_TCu,7.546631963682e-01
5109,12411,SEDSCRS_TCu,0.000000000000e+00
5109,12411,SO_TPb,1.509326392736e-02
5109,12411,IO_TPb,0.000000000000e+00
5109,12411,AO_TPb,0.000000000000e+00
5109,12411,PO_TPb,1.509326392736e-02
5109,12411,SED_TPb,1.509326392736e-02
5109,12411,SEDWSSD_TPb,1.509326392736e-02
5109,12411,SEDSCRS_TPb,0.000000000000e+00
5109,12411,SO_TZn,5.433575013851e+00
5109,12411,IO_TZn,0.000000000000e+00
5109,12411,AO_TZn,2.269111029640e+00
5109,12411,PO_TZn,7.702686043491e+00
5109,12411,SED_TZn,5.433575013851e+00
5109,12411,SEDWSSD_TZn,5.433575013851e+00
5109,12411,SEDSCRS_TZn,0.000000000000e+00
5109,12412,AREA,0.000000000000e+00
5109,12412,PREC,0.000000000000e+00
5109,12412,SURO,0.000000000000e+00
5109,12412,IFWO,0.000000000000e+00
5109,12412,AGWO,0.000000000000e+00
5109,12412,PERO,0.000000000000e+00
5109,12412,TAET,0.000000000000e+00
5109,12412,SEDLOAD,0.000000000000e+00
5109,12412,SEDWSSD, 0.00000e+00
5109,12412,SEDSCRS, 0.00000e+00
5109,12412,SEDSURO, 0.00000e+00
5109,12412,SEDIFWO, 0.00000e+00
5109,12412,SEDAGWO, 0.00000e+00
5109,12412,SO_TN,0.000000000000e+00
5109,12412,IO_TN,0.000000000000e+00
5109,12412,AO_TN,0.000000000000e+00
5109,12412,PO_TN,0.000000000000e+00
5109,12412,SO_TP,0.000000000000e+00
5109,12412,IO_TP,0.000000000000e+00
5109,12412,AO_TP,0.000000000000e+00
5109,12412,PO_TP,0.000000000000e+00
5109,12412,SED_TP,0.000000000000e+00
5109,12412,SEDWSSD_TP,0.000000000000e+00
5109,12412,SEDSCRS_TP,0.000000000000e+00
5109,12412,SO_TCd,0.000000000000e+00
5109,12412,IO_TCd,0.000000000000e+00
5109,12412,AO_TCd,0.000000000000e+00
5109,12412,PO_TCd,0.000000000000e+00
5109,12412,SED_TCd,0.000000000000e+00
5109,12412,SEDWSSD_TCd,0.000000000000e+00
5109,12412,SEDSCRS_TCd,0.000000000000e+00
5109,12412,SO_TCu,0.000000000000e+00
5109,12412,IO_TCu,0.000000000000e+00
5109,12412,AO_TCu,0.000000000000e+00
5109,12412,PO_TCu,0.000000000000e+00
5109,12412,SED_TCu,0.000000000000e+00
5109,12412,SEDWSSD_TCu,0.000000000000e+00
5109,12412,SEDSCRS_TCu,0.000000000000e+00
5109,12412,SO_TPb,0.000000000000e+00
5109,12412,IO_TPb,0.000000000000e+00
5109,12412,AO_TPb,0.000000000000e+00
5109,12412,PO_TPb,0.000000000000e+00
5109,12412,SED_TPb,0.000000000000e+00
5109,12412,SEDWSSD_TPb,0.000000000000e+00
5109,12412,SEDSCRS_TPb,0.000000000000e+00
5109,12412,SO_TZn,0.000000000000e+00
5109,12412,IO_TZn,0.000000000000e+00
5109,12412,AO_TZn,0.000000000000e+00
5109,12412,PO_TZn,0.000000000000e+00
5109,12412,SED_TZn,0.000000000000e+00
5109,12412,SEDWSSD_TZn,0.000000000000e+00
5109,12412,SEDSCRS_TZn,0.000000000000e+00
5109,12421,AREA,0.000000000000e+00
5109,12421,PREC,0.000000000000e+00
5109,12421,SURO,0.000000000000e+00
5109,12421,IFWO,0.000000000000e+00
5109,12421,AGWO,0.000000000000e+00
5109,12421,PERO,0.000000000000e+00
5109,12421,TAET,0.000000000000e+00
5109,12421,SEDLOAD,0.000000000000e+00
5109,12421,SEDWSSD, 0.00000e+00
5109,12421,SEDSCRS, 0.00000e+00
5109,12421,SEDSURO, 0.00000e+00
5109,12421,SEDIFWO, 0.00000e+00
5109,12421,SEDAGWO, 0.00000e+00
5109,12421,SO_TN,0.000000000000e+00
5109,12421,IO_TN,0.000000000000e+00
5109,12421,AO_TN,0.000000000000e+00
5109,12421,PO_TN,0.000000000000e+00
5109,12421,SO_TP,0.000000000000e+00
5109,12421,IO_TP,0.000000000000e+00
5109,12421,AO_TP,0.000000000000e+00
5109,12421,PO_TP,0.000000000000e+00
5109,12421,SED_TP,0.000000000000e+00
5109,12421,SEDWSSD_TP,0.000000000000e+00
5109,12421,SEDSCRS_TP,0.000000000000e+00
5109,12421,SO_TCd,0.000000000000e+00
5109,12421,IO_TCd,0.000000000000e+00
5109,12421,AO_TCd,0.000000000000e+00
5109,12421,PO_TCd,0.000000000000e+00
5109,12421,SED_TCd,0.000000000000e+00
5109,12421,SEDWSSD_TCd,0.000000000000e+00
5109,12421,SEDSCRS_TCd,0.000000000000e+00
5109,12421,SO_TCu,0.000000000000e+00
5109,12421,IO_TCu,0.000000000000e+00
5109,12421,AO_TCu,0.000000000000e+00
5109,12421,PO_TCu,0.000000000000e+00
5109,12421,SED_TCu,0.000000000000e+00
5109,12421,SEDWSSD_TCu,0.000000000000e+00
5109,12421,SEDSCRS_TCu,0.000000000000e+00
5109,12421,SO_TPb,0.000000000000e+00
5109,12421,IO_TPb,0.000000000000e+00
5109,12421,AO_TPb,0.000000000000e+00
5109,12421,PO_TPb,0.000000000000e+00
5109,12421,SED_TPb,0.000000000000e+00
5109,12421,SEDWSSD_TPb,0.000000000000e+00
5109,12421,SEDSCRS_TPb,0.000000000000e+00
5109,12421,SO_TZn,0.000000000000e+00
5109,12421,IO_TZn,0.000000000000e+00
5109,12421,AO_TZn,0.000000000000e+00
5109,12421,PO_TZn,0.000000000000e+00
5109,12421,SED_TZn,0.000000000000e+00
5109,12421,SEDWSSD_TZn,0.000000000000e+00
5109,12421,SEDSCRS_TZn,0.000000000000e+00
5109,12422,AREA,0.000000000000e+00
5109,12422,PREC,0.000000000000e+00
5109,12422,SURO,0.000000000000e+00
5109,12422,IFWO,0.000000000000e+00
5109,12422,AGWO,0.000000000000e+00
5109,12422,PERO,0.000000000000e+00
5109,12422,TAET,0.000000000000e+00
5109,12422,SEDLOAD,0.000000000000e+00
5109,12422,SEDWSSD, 0.00000e+00
5109,12422,SEDSCRS, 0.00000e+00
5109,12422,SEDSURO, 0.00000e+00
5109,12422,SEDIFWO, 0.00000e+00
5109,12422,SEDAGWO, 0.00000e+00
5109,12422,SO_TN,0.000000000000e+00
5109,12422,IO_TN,0.000000000000e+00
5109,12422,AO_TN,0.000000000000e+00
5109,12422,PO_TN,0.000000000000e+00
5109,12422,SO_TP,0.000000000000e+00
5109,12422,IO_TP,0.000000000000e+00
5109,12422,AO_TP,0.000000000000e+00
5109,12422,PO_TP,0.000000000000e+00
5109,12422,SED_TP,0.000000000000e+00
5109,12422,SEDWSSD_TP,0.000000000000e+00
5109,12422,SEDSCRS_TP,0.000000000000e+00
5109,12422,SO_TCd,0.000000000000e+00
5109,12422,IO_TCd,0.000000000000e+00
5109,12422,AO_TCd,0.000000000000e+00
5109,12422,PO_TCd,0.000000000000e+00
5109,12422,SED_TCd,0.000000000000e+00
5109,12422,SEDWSSD_TCd,0.000000000000e+00
5109,12422,SEDSCRS_TCd,0.000000000000e+00
5109,12422,SO_TCu,0.000000000000e+00
5109,12422,IO_TCu,0.000000000000e+00
5109,12422,AO_TCu,0.000000000000e+00
5109,12422,PO_TCu,0.000000000000e+00
5109,12422,SED_TCu,0.000000000000e+00
5109,12422,SEDWSSD_TCu,0.000000000000e+00
5109,12422,SEDSCRS_TCu,0.000000000000e+00
5109,12422,SO_TPb,0.000000000000e+00
5109,12422,IO_TPb,0.000000000000e+00
5109,12422,AO_TPb,0.000000000000e+00
5109,12422,PO_TPb,0.000000000000e+00
5109,12422,SED_TPb,0.000000000000e+00
5109,12422,SEDWSSD_TPb,0.000000000000e+00
5109,12422,SEDSCRS_TPb,0.000000000000e+00
5109,12422,SO_TZn,0.000000000000e+00
5109,12422,IO_TZn,0.000000000000e+00
5109,12422,AO_TZn,0.000000000000e+00
5109,12422,PO_TZn,0.000000000000e+00
5109,12422,SED_TZn,0.000000000000e+00
5109,12422,SEDWSSD_TZn,0.000000000000e+00
5109,12422,SEDSCRS_TZn,0.000000000000e+00
5109,13111,AREA,0.000000000000e+00
5109,13111,PREC,0.000000000000e+00
5109,13111,SURO,0.000000000000e+00
5109,13111,IFWO,0.000000000000e+00
5109,13111,AGWO,0.000000000000e+00
5109,13111,PERO,0.000000000000e+00
5109,13111,TAET,0.000000000000e+00
5109,13111,SEDLOAD,0.000000000000e+00
5109,13111,SEDWSSD, 0.00000e+00
5109,13111,SEDSCRS, 0.00000e+00
5109,13111,SEDSURO, 0.00000e+00
5109,13111,SEDIFWO, 0.00000e+00
5109,13111,SEDAGWO, 0.00000e+00
5109,13111,SO_TN,0.000000000000e+00
5109,13111,IO_TN,0.000000000000e+00
5109,13111,AO_TN,0.000000000000e+00
5109,13111,PO_TN,0.000000000000e+00
5109,13111,SO_TP,0.000000000000e+00
5109,13111,IO_TP,0.000000000000e+00
5109,13111,AO_TP,0.000000000000e+00
5109,13111,PO_TP,0.000000000000e+00
5109,13111,SED_TP,0.000000000000e+00
5109,13111,SEDWSSD_TP,0.000000000000e+00
5109,13111,SEDSCRS_TP,0.000000000000e+00
5109,13111,SO_TCd,0.000000000000e+00
5109,13111,IO_TCd,0.000000000000e+00
5109,13111,AO_TCd,0.000000000000e+00
5109,13111,PO_TCd,0.000000000000e+00
5109,13111,SED_TCd,0.000000000000e+00
5109,13111,SEDWSSD_TCd,0.000000000000e+00
5109,13111,SEDSCRS_TCd,0.000000000000e+00
5109,13111,SO_TCu,0.000000000000e+00
5109,13111,IO_TCu,0.000000000000e+00
5109,13111,AO_TCu,0.000000000000e+00
5109,13111,PO_TCu,0.000000000000e+00
5109,13111,SED_TCu,0.000000000000e+00
5109,13111,SEDWSSD_TCu,0.000000000000e+00
5109,13111,SEDSCRS_TCu,0.000000000000e+00
5109,13111,SO_TPb,0.000000000000e+00
5109,13111,IO_TPb,0.000000000000e+00
5109,13111,AO_TPb,0.000000000000e+00
5109,13111,PO_TPb,0.000000000000e+00
5109,13111,SED_TPb,0.000000000000e+00
5109,13111,SEDWSSD_TPb,0.000000000000e+00
5109,13111,SEDSCRS_TPb,0.000000000000e+00
5109,13111,SO_TZn,0.000000000000e+00
5109,13111,IO_TZn,0.000000000000e+00
5109,13111,AO_TZn,0.000000000000e+00
5109,13111,PO_TZn,0.000000000000e+00
5109,13111,SED_TZn,0.000000000000e+00
5109,13111,SEDWSSD_TZn,0.000000000000e+00
5109,13111,SEDSCRS_TZn,0.000000000000e+00
5109,13112,AREA,0.000000000000e+00
5109,13112,PREC,0.000000000000e+00
5109,13112,SURO,0.000000000000e+00
5109,13112,IFWO,0.000000000000e+00
5109,13112,AGWO,0.000000000000e+00
5109,13112,PERO,0.000000000000e+00
5109,13112,TAET,0.000000000000e+00
5109,13112,SEDLOAD,0.000000000000e+00
5109,13112,SEDWSSD, 0.00000e+00
5109,13112,SEDSCRS, 0.00000e+00
5109,13112,SEDSURO, 0.00000e+00
5109,13112,SEDIFWO, 0.00000e+00
5109,13112,SEDAGWO, 0.00000e+00
5109,13112,SO_TN,0.000000000000e+00
5109,13112,IO_TN,0.000000000000e+00
5109,13112,AO_TN,0.000000000000e+00
5109,13112,PO_TN,0.000000000000e+00
5109,13112,SO_TP,0.000000000000e+00
5109,13112,IO_TP,0.000000000000e+00
5109,13112,AO_TP,0.000000000000e+00
5109,13112,PO_TP,0.000000000000e+00
5109,13112,SED_TP,0.000000000000e+00
5109,13112,SEDWSSD_TP,0.000000000000e+00
5109,13112,SEDSCRS_TP,0.000000000000e+00
5109,13112,SO_TCd,0.000000000000e+00
5109,13112,IO_TCd,0.000000000000e+00
5109,13112,AO_TCd,0.000000000000e+00
5109,13112,PO_TCd,0.000000000000e+00
5109,13112,SED_TCd,0.000000000000e+00
5109,13112,SEDWSSD_TCd,0.000000000000e+00
5109,13112,SEDSCRS_TCd,0.000000000000e+00
5109,13112,SO_TCu,0.000000000000e+00
5109,13112,IO_TCu,0.000000000000e+00
5109,13112,AO_TCu,0.000000000000e+00
5109,13112,PO_TCu,0.000000000000e+00
5109,13112,SED_TCu,0.000000000000e+00
5109,13112,SEDWSSD_TCu,0.000000000000e+00
5109,13112,SEDSCRS_TCu,0.000000000000e+00
5109,13112,SO_TPb,0.000000000000e+00
5109,13112,IO_TPb,0.000000000000e+00
5109,13112,AO_TPb,0.000000000000e+00
5109,13112,PO_TPb,0.000000000000e+00
5109,13112,SED_TPb,0.000000000000e+00
5109,13112,SEDWSSD_TPb,0.000000000000e+00
5109,13112,SEDSCRS_TPb,0.000000000000e+00
5109,13112,SO_TZn,0.000000000000e+00
5109,13112,IO_TZn,0.000000000000e+00
5109,13112,AO_TZn,0.000000000000e+00
5109,13112,PO_TZn,0.000000000000e+00
5109,13112,SED_TZn,0.000000000000e+00
5109,13112,SEDWSSD_TZn,0.000000000000e+00
5109,13112,SEDSCRS_TZn,0.000000000000e+00
5109,13121,AREA,0.000000000000e+00
5109,13121,PREC,0.000000000000e+00
5109,13121,SURO,0.000000000000e+00
5109,13121,IFWO,0.000000000000e+00
5109,13121,AGWO,0.000000000000e+00
5109,13121,PERO,0.000000000000e+00
5109,13121,TAET,0.000000000000e+00
5109,13121,SEDLOAD,0.000000000000e+00
5109,13121,SEDWSSD, 0.00000e+00
5109,13121,SEDSCRS, 0.00000e+00
5109,13121,SEDSURO, 0.00000e+00
5109,13121,SEDIFWO, 0.00000e+00
5109,13121,SEDAGWO, 0.00000e+00
5109,13121,SO_TN,0.000000000000e+00
5109,13121,IO_TN,0.000000000000e+00
5109,13121,AO_TN,0.000000000000e+00
5109,13121,PO_TN,0.000000000000e+00
5109,13121,SO_TP,0.000000000000e+00
5109,13121,IO_TP,0.000000000000e+00
5109,13121,AO_TP,0.000000000000e+00
5109,13121,PO_TP,0.000000000000e+00
5109,13121,SED_TP,0.000000000000e+00
5109,13121,SEDWSSD_TP,0.000000000000e+00
5109,13121,SEDSCRS_TP,0.000000000000e+00
5109,13121,SO_TCd,0.000000000000e+00
5109,13121,IO_TCd,0.000000000000e+00
5109,13121,AO_TCd,0.000000000000e+00
5109,13121,PO_TCd,0.000000000000e+00
5109,13121,SED_TCd,0.000000000000e+00
5109,13121,SEDWSSD_TCd,0.000000000000e+00
5109,13121,SEDSCRS_TCd,0.000000000000e+00
5109,13121,SO_TCu,0.000000000000e+00
5109,13121,IO_TCu,0.000000000000e+00
5109,13121,AO_TCu,0.000000000000e+00
5109,13121,PO_TCu,0.000000000000e+00
5109,13121,SED_TCu,0.000000000000e+00
5109,13121,SEDWSSD_TCu,0.000000000000e+00
5109,13121,SEDSCRS_TCu,0.000000000000e+00
5109,13121,SO_TPb,0.000000000000e+00
5109,13121,IO_TPb,0.000000000000e+00
5109,13121,AO_TPb,0.000000000000e+00
5109,13121,PO_TPb,0.000000000000e+00
5109,13121,SED_TPb,0.000000000000e+00
5109,13121,SEDWSSD_TPb,0.000000000000e+00
5109,13121,SEDSCRS_TPb,0.000000000000e+00
5109,13121,SO_TZn,0.000000000000e+00
5109,13121,IO_TZn,0.000000000000e+00
5109,13121,AO_TZn,0.000000000000e+00
5109,13121,PO_TZn,0.000000000000e+00
5109,13121,SED_TZn,0.000000000000e+00
5109,13121,SEDWSSD_TZn,0.000000000000e+00
5109,13121,SEDSCRS_TZn,0.000000000000e+00
5109,13122,AREA,0.000000000000e+00
5109,13122,PREC,0.000000000000e+00
5109,13122,SURO,0.000000000000e+00
5109,13122,IFWO,0.000000000000e+00
5109,13122,AGWO,0.000000000000e+00
5109,13122,PERO,0.000000000000e+00
5109,13122,TAET,0.000000000000e+00
5109,13122,SEDLOAD,0.000000000000e+00
5109,13122,SEDWSSD, 0.00000e+00
5109,13122,SEDSCRS, 0.00000e+00
5109,13122,SEDSURO, 0.00000e+00
5109,13122,SEDIFWO, 0.00000e+00
5109,13122,SEDAGWO, 0.00000e+00
5109,13122,SO_TN,0.000000000000e+00
5109,13122,IO_TN,0.000000000000e+00
5109,13122,AO_TN,0.000000000000e+00
5109,13122,PO_TN,0.000000000000e+00
5109,13122,SO_TP,0.000000000000e+00
5109,13122,IO_TP,0.000000000000e+00
5109,13122,AO_TP,0.000000000000e+00
5109,13122,PO_TP,0.000000000000e+00
5109,13122,SED_TP,0.000000000000e+00
5109,13122,SEDWSSD_TP,0.000000000000e+00
5109,13122,SEDSCRS_TP,0.000000000000e+00
5109,13122,SO_TCd,0.000000000000e+00
5109,13122,IO_TCd,0.000000000000e+00
5109,13122,AO_TCd,0.000000000000e+00
5109,13122,PO_TCd,0.000000000000e+00
5109,13122,SED_TCd,0.000000000000e+00
5109,13122,SEDWSSD_TCd,0.000000000000e+00
5109,13122,SEDSCRS_TCd,0.000000000000e+00
5109,13122,SO_TCu,0.000000000000e+00
5109,13122,IO_TCu,0.000000000000e+00
5109,13122,AO_TCu,0.000000000000e+00
5109,13122,PO_TCu,0.000000000000e+00
5109,13122,SED_TCu,0.000000000000e+00
5109,13122,SEDWSSD_TCu,0.000000000000e+00
5109,13122,SEDSCRS_TCu,0.000000000000e+00
5109,13122,SO_TPb,0.000000000000e+00
5109,13122,IO_TPb,0.000000000000e+00
5109,13122,AO_TPb,0.000000000000e+00
5109,13122,PO_TPb,0.000000000000e+00
5109,13122,SED_TPb,0.000000000000e+00
5109,13122,SEDWSSD_TPb,0.000000000000e+00
5109,13122,SEDSCRS_TPb,0.000000000000e+00
5109,13122,SO_TZn,0.000000000000e+00
5109,13122,IO_TZn,0.000000000000e+00
5109,13122,AO_TZn,0.000000000000e+00
5109,13122,PO_TZn,0.000000000000e+00
5109,13122,SED_TZn,0.000000000000e+00
5109,13122,SEDWSSD_TZn,0.000000000000e+00
5109,13122,SEDSCRS_TZn,0.000000000000e+00
5109,13211,AREA,0.000000000000e+00
5109,13211,PREC,0.000000000000e+00
5109,13211,SURO,0.000000000000e+00
5109,13211,IFWO,0.000000000000e+00
5109,13211,AGWO,0.000000000000e+00
5109,13211,PERO,0.000000000000e+00
5109,13211,TAET,0.000000000000e+00
5109,13211,SEDLOAD,0.000000000000e+00
5109,13211,SEDWSSD, 0.00000e+00
5109,13211,SEDSCRS, 0.00000e+00
5109,13211,SEDSURO, 0.00000e+00
5109,13211,SEDIFWO, 0.00000e+00
5109,13211,SEDAGWO, 0.00000e+00
5109,13211,SO_TN,0.000000000000e+00
5109,13211,IO_TN,0.000000000000e+00
5109,13211,AO_TN,0.000000000000e+00
5109,13211,PO_TN,0.000000000000e+00
5109,13211,SO_TP,0.000000000000e+00
5109,13211,IO_TP,0.000000000000e+00
5109,13211,AO_TP,0.000000000000e+00
5109,13211,PO_TP,0.000000000000e+00
5109,13211,SED_TP,0.000000000000e+00
5109,13211,SEDWSSD_TP,0.000000000000e+00
5109,13211,SEDSCRS_TP,0.000000000000e+00
5109,13211,SO_TCd,0.000000000000e+00
5109,13211,IO_TCd,0.000000000000e+00
5109,13211,AO_TCd,0.000000000000e+00
5109,13211,PO_TCd,0.000000000000e+00
5109,13211,SED_TCd,0.000000000000e+00
5109,13211,SEDWSSD_TCd,0.000000000000e+00
5109,13211,SEDSCRS_TCd,0.000000000000e+00
5109,13211,SO_TCu,0.000000000000e+00
5109,13211,IO_TCu,0.000000000000e+00
5109,13211,AO_TCu,0.000000000000e+00
5109,13211,PO_TCu,0.000000000000e+00
5109,13211,SED_TCu,0.000000000000e+00
5109,13211,SEDWSSD_TCu,0.000000000000e+00
5109,13211,SEDSCRS_TCu,0.000000000000e+00
5109,13211,SO_TPb,0.000000000000e+00
5109,13211,IO_TPb,0.000000000000e+00
5109,13211,AO_TPb,0.000000000000e+00
5109,13211,PO_TPb,0.000000000000e+00
5109,13211,SED_TPb,0.000000000000e+00
5109,13211,SEDWSSD_TPb,0.000000000000e+00
5109,13211,SEDSCRS_TPb,0.000000000000e+00
5109,13211,SO_TZn,0.000000000000e+00
5109,13211,IO_TZn,0.000000000000e+00
5109,13211,AO_TZn,0.000000000000e+00
5109,13211,PO_TZn,0.000000000000e+00
5109,13211,SED_TZn,0.000000000000e+00
5109,13211,SEDWSSD_TZn,0.000000000000e+00
5109,13211,SEDSCRS_TZn,0.000000000000e+00
5109,13212,AREA,0.000000000000e+00
5109,13212,PREC,0.000000000000e+00
5109,13212,SURO,0.000000000000e+00
5109,13212,IFWO,0.000000000000e+00
5109,13212,AGWO,0.000000000000e+00
5109,13212,PERO,0.000000000000e+00
5109,13212,TAET,0.000000000000e+00
5109,13212,SEDLOAD,0.000000000000e+00
5109,13212,SEDWSSD, 0.00000e+00
5109,13212,SEDSCRS, 0.00000e+00
5109,13212,SEDSURO, 0.00000e+00
5109,13212,SEDIFWO, 0.00000e+00
5109,13212,SEDAGWO, 0.00000e+00
5109,13212,SO_TN,0.000000000000e+00
5109,13212,IO_TN,0.000000000000e+00
5109,13212,AO_TN,0.000000000000e+00
5109,13212,PO_TN,0.000000000000e+00
5109,13212,SO_TP,0.000000000000e+00
5109,13212,IO_TP,0.000000000000e+00
5109,13212,AO_TP,0.000000000000e+00
5109,13212,PO_TP,0.000000000000e+00
5109,13212,SED_TP,0.000000000000e+00
5109,13212,SEDWSSD_TP,0.000000000000e+00
5109,13212,SEDSCRS_TP,0.000000000000e+00
5109,13212,SO_TCd,0.000000000000e+00
5109,13212,IO_TCd,0.000000000000e+00
5109,13212,AO_TCd,0.000000000000e+00
5109,13212,PO_TCd,0.000000000000e+00
5109,13212,SED_TCd,0.000000000000e+00
5109,13212,SEDWSSD_TCd,0.000000000000e+00
5109,13212,SEDSCRS_TCd,0.000000000000e+00
5109,13212,SO_TCu,0.000000000000e+00
5109,13212,IO_TCu,0.000000000000e+00
5109,13212,AO_TCu,0.000000000000e+00
5109,13212,PO_TCu,0.000000000000e+00
5109,13212,SED_TCu,0.000000000000e+00
5109,13212,SEDWSSD_TCu,0.000000000000e+00
5109,13212,SEDSCRS_TCu,0.000000000000e+00
5109,13212,SO_TPb,0.000000000000e+00
5109,13212,IO_TPb,0.000000000000e+00
5109,13212,AO_TPb,0.000000000000e+00
5109,13212,PO_TPb,0.000000000000e+00
5109,13212,SED_TPb,0.000000000000e+00
5109,13212,SEDWSSD_TPb,0.000000000000e+00
5109,13212,SEDSCRS_TPb,0.000000000000e+00
5109,13212,SO_TZn,0.000000000000e+00
5109,13212,IO_TZn,0.000000000000e+00
5109,13212,AO_TZn,0.000000000000e+00
5109,13212,PO_TZn,0.000000000000e+00
5109,13212,SED_TZn,0.000000000000e+00
5109,13212,SEDWSSD_TZn,0.000000000000e+00
5109,13212,SEDSCRS_TZn,0.000000000000e+00
5109,13221,AREA,0.000000000000e+00
5109,13221,PREC,0.000000000000e+00
5109,13221,SURO,0.000000000000e+00
5109,13221,IFWO,0.000000000000e+00
5109,13221,AGWO,0.000000000000e+00
5109,13221,PERO,0.000000000000e+00
5109,13221,TAET,0.000000000000e+00
5109,13221,SEDLOAD,0.000000000000e+00
5109,13221,SEDWSSD, 0.00000e+00
5109,13221,SEDSCRS, 0.00000e+00
5109,13221,SEDSURO, 0.00000e+00
5109,13221,SEDIFWO, 0.00000e+00
5109,13221,SEDAGWO, 0.00000e+00
5109,13221,SO_TN,0.000000000000e+00
5109,13221,IO_TN,0.000000000000e+00
5109,13221,AO_TN,0.000000000000e+00
5109,13221,PO_TN,0.000000000000e+00
5109,13221,SO_TP,0.000000000000e+00
5109,13221,IO_TP,0.000000000000e+00
5109,13221,AO_TP,0.000000000000e+00
5109,13221,PO_TP,0.000000000000e+00
5109,13221,SED_TP,0.000000000000e+00
5109,13221,SEDWSSD_TP,0.000000000000e+00
5109,13221,SEDSCRS_TP,0.000000000000e+00
5109,13221,SO_TCd,0.000000000000e+00
5109,13221,IO_TCd,0.000000000000e+00
5109,13221,AO_TCd,0.000000000000e+00
5109,13221,PO_TCd,0.000000000000e+00
5109,13221,SED_TCd,0.000000000000e+00
5109,13221,SEDWSSD_TCd,0.000000000000e+00
5109,13221,SEDSCRS_TCd,0.000000000000e+00
5109,13221,SO_TCu,0.000000000000e+00
5109,13221,IO_TCu,0.000000000000e+00
5109,13221,AO_TCu,0.000000000000e+00
5109,13221,PO_TCu,0.000000000000e+00
5109,13221,SED_TCu,0.000000000000e+00
5109,13221,SEDWSSD_TCu,0.000000000000e+00
5109,13221,SEDSCRS_TCu,0.000000000000e+00
5109,13221,SO_TPb,0.000000000000e+00
5109,13221,IO_TPb,0.000000000000e+00
5109,13221,AO_TPb,0.000000000000e+00
5109,13221,PO_TPb,0.000000000000e+00
5109,13221,SED_TPb,0.000000000000e+00
5109,13221,SEDWSSD_TPb,0.000000000000e+00
5109,13221,SEDSCRS_TPb,0.000000000000e+00
5109,13221,SO_TZn,0.000000000000e+00
5109,13221,IO_TZn,0.000000000000e+00
5109,13221,AO_TZn,0.000000000000e+00
5109,13221,PO_TZn,0.000000000000e+00
5109,13221,SED_TZn,0.000000000000e+00
5109,13221,SEDWSSD_TZn,0.000000000000e+00
5109,13221,SEDSCRS_TZn,0.000000000000e+00
5109,13222,AREA,0.000000000000e+00
5109,13222,PREC,0.000000000000e+00
5109,13222,SURO,0.000000000000e+00
5109,13222,IFWO,0.000000000000e+00
5109,13222,AGWO,0.000000000000e+00
5109,13222,PERO,0.000000000000e+00
5109,13222,TAET,0.000000000000e+00
5109,13222,SEDLOAD,0.000000000000e+00
5109,13222,SEDWSSD, 0.00000e+00
5109,13222,SEDSCRS, 0.00000e+00
5109,13222,SEDSURO, 0.00000e+00
5109,13222,SEDIFWO, 0.00000e+00
5109,13222,SEDAGWO, 0.00000e+00
5109,13222,SO_TN,0.000000000000e+00
5109,13222,IO_TN,0.000000000000e+00
5109,13222,AO_TN,0.000000000000e+00
5109,13222,PO_TN,0.000000000000e+00
5109,13222,SO_TP,0.000000000000e+00
5109,13222,IO_TP,0.000000000000e+00
5109,13222,AO_TP,0.000000000000e+00
5109,13222,PO_TP,0.000000000000e+00
5109,13222,SED_TP,0.000000000000e+00
5109,13222,SEDWSSD_TP,0.000000000000e+00
5109,13222,SEDSCRS_TP,0.000000000000e+00
5109,13222,SO_TCd,0.000000000000e+00
5109,13222,IO_TCd,0.000000000000e+00
5109,13222,AO_TCd,0.000000000000e+00
5109,13222,PO_TCd,0.000000000000e+00
5109,13222,SED_TCd,0.000000000000e+00
5109,13222,SEDWSSD_TCd,0.000000000000e+00
5109,13222,SEDSCRS_TCd,0.000000000000e+00
5109,13222,SO_TCu,0.000000000000e+00
5109,13222,IO_TCu,0.000000000000e+00
5109,13222,AO_TCu,0.000000000000e+00
5109,13222,PO_TCu,0.000000000000e+00
5109,13222,SED_TCu,0.000000000000e+00
5109,13222,SEDWSSD_TCu,0.000000000000e+00
5109,13222,SEDSCRS_TCu,0.000000000000e+00
5109,13222,SO_TPb,0.000000000000e+00
5109,13222,IO_TPb,0.000000000000e+00
5109,13222,AO_TPb,0.000000000000e+00
5109,13222,PO_TPb,0.000000000000e+00
5109,13222,SED_TPb,0.000000000000e+00
5109,13222,SEDWSSD_TPb,0.000000000000e+00
5109,13222,SEDSCRS_TPb,0.000000000000e+00
5109,13222,SO_TZn,0.000000000000e+00
5109,13222,IO_TZn,0.000000000000e+00
5109,13222,AO_TZn,0.000000000000e+00
5109,13222,PO_TZn,0.000000000000e+00
5109,13222,SED_TZn,0.000000000000e+00
5109,13222,SEDWSSD_TZn,0.000000000000e+00
5109,13222,SEDSCRS_TZn,0.000000000000e+00
5109,13231,AREA,0.000000000000e+00
5109,13231,PREC,0.000000000000e+00
5109,13231,SURO,0.000000000000e+00
5109,13231,IFWO,0.000000000000e+00
5109,13231,AGWO,0.000000000000e+00
5109,13231,PERO,0.000000000000e+00
5109,13231,TAET,0.000000000000e+00
5109,13231,SEDLOAD,0.000000000000e+00
5109,13231,SEDWSSD, 0.00000e+00
5109,13231,SEDSCRS, 0.00000e+00
5109,13231,SEDSURO, 0.00000e+00
5109,13231,SEDIFWO, 0.00000e+00
5109,13231,SEDAGWO, 0.00000e+00
5109,13231,SO_TN,0.000000000000e+00
5109,13231,IO_TN,0.000000000000e+00
5109,13231,AO_TN,0.000000000000e+00
5109,13231,PO_TN,0.000000000000e+00
5109,13231,SO_TP,0.000000000000e+00
5109,13231,IO_TP,0.000000000000e+00
5109,13231,AO_TP,0.000000000000e+00
5109,13231,PO_TP,0.000000000000e+00
5109,13231,SED_TP,0.000000000000e+00
5109,13231,SEDWSSD_TP,0.000000000000e+00
5109,13231,SEDSCRS_TP,0.000000000000e+00
5109,13231,SO_TCd,0.000000000000e+00
5109,13231,IO_TCd,0.000000000000e+00
5109,13231,AO_TCd,0.000000000000e+00
5109,13231,PO_TCd,0.000000000000e+00
5109,13231,SED_TCd,0.000000000000e+00
5109,13231,SEDWSSD_TCd,0.000000000000e+00
5109,13231,SEDSCRS_TCd,0.000000000000e+00
5109,13231,SO_TCu,0.000000000000e+00
5109,13231,IO_TCu,0.000000000000e+00
5109,13231,AO_TCu,0.000000000000e+00
5109,13231,PO_TCu,0.000000000000e+00
5109,13231,SED_TCu,0.000000000000e+00
5109,13231,SEDWSSD_TCu,0.000000000000e+00
5109,13231,SEDSCRS_TCu,0.000000000000e+00
5109,13231,SO_TPb,0.000000000000e+00
5109,13231,IO_TPb,0.000000000000e+00
5109,13231,AO_TPb,0.000000000000e+00
5109,13231,PO_TPb,0.000000000000e+00
5109,13231,SED_TPb,0.000000000000e+00
5109,13231,SEDWSSD_TPb,0.000000000000e+00
5109,13231,SEDSCRS_TPb,0.000000000000e+00
5109,13231,SO_TZn,0.000000000000e+00
5109,13231,IO_TZn,0.000000000000e+00
5109,13231,AO_TZn,0.000000000000e+00
5109,13231,PO_TZn,0.000000000000e+00
5109,13231,SED_TZn,0.000000000000e+00
5109,13231,SEDWSSD_TZn,0.000000000000e+00
5109,13231,SEDSCRS_TZn,0.000000000000e+00
5109,13232,AREA,0.000000000000e+00
5109,13232,PREC,0.000000000000e+00
5109,13232,SURO,0.000000000000e+00
5109,13232,IFWO,0.000000000000e+00
5109,13232,AGWO,0.000000000000e+00
5109,13232,PERO,0.000000000000e+00
5109,13232,TAET,0.000000000000e+00
5109,13232,SEDLOAD,0.000000000000e+00
5109,13232,SEDWSSD, 0.00000e+00
5109,13232,SEDSCRS, 0.00000e+00
5109,13232,SEDSURO, 0.00000e+00
5109,13232,SEDIFWO, 0.00000e+00
5109,13232,SEDAGWO, 0.00000e+00
5109,13232,SO_TN,0.000000000000e+00
5109,13232,IO_TN,0.000000000000e+00
5109,13232,AO_TN,0.000000000000e+00
5109,13232,PO_TN,0.000000000000e+00
5109,13232,SO_TP,0.000000000000e+00
5109,13232,IO_TP,0.000000000000e+00
5109,13232,AO_TP,0.000000000000e+00
5109,13232,PO_TP,0.000000000000e+00
5109,13232,SED_TP,0.000000000000e+00
5109,13232,SEDWSSD_TP,0.000000000000e+00
5109,13232,SEDSCRS_TP,0.000000000000e+00
5109,13232,SO_TCd,0.000000000000e+00
5109,13232,IO_TCd,0.000000000000e+00
5109,13232,AO_TCd,0.000000000000e+00
5109,13232,PO_TCd,0.000000000000e+00
5109,13232,SED_TCd,0.000000000000e+00
5109,13232,SEDWSSD_TCd,0.000000000000e+00
5109,13232,SEDSCRS_TCd,0.000000000000e+00
5109,13232,SO_TCu,0.000000000000e+00
5109,13232,IO_TCu,0.000000000000e+00
5109,13232,AO_TCu,0.000000000000e+00
5109,13232,PO_TCu,0.000000000000e+00
5109,13232,SED_TCu,0.000000000000e+00
5109,13232,SEDWSSD_TCu,0.000000000000e+00
5109,13232,SEDSCRS_TCu,0.000000000000e+00
5109,13232,SO_TPb,0.000000000000e+00
5109,13232,IO_TPb,0.000000000000e+00
5109,13232,AO_TPb,0.000000000000e+00
5109,13232,PO_TPb,0.000000000000e+00
5109,13232,SED_TPb,0.000000000000e+00
5109,13232,SEDWSSD_TPb,0.000000000000e+00
5109,13232,SEDSCRS_TPb,0.000000000000e+00
5109,13232,SO_TZn,0.000000000000e+00
5109,13232,IO_TZn,0.000000000000e+00
5109,13232,AO_TZn,0.000000000000e+00
5109,13232,PO_TZn,0.000000000000e+00
5109,13232,SED_TZn,0.000000000000e+00
5109,13232,SEDWSSD_TZn,0.000000000000e+00
5109,13232,SEDSCRS_TZn,0.000000000000e+00
5109,13311,AREA,0.000000000000e+00
5109,13311,PREC,0.000000000000e+00
5109,13311,SURO,0.000000000000e+00
5109,13311,IFWO,0.000000000000e+00
5109,13311,AGWO,0.000000000000e+00
5109,13311,PERO,0.000000000000e+00
5109,13311,TAET,0.000000000000e+00
5109,13311,SEDLOAD,0.000000000000e+00
5109,13311,SEDWSSD, 0.00000e+00
5109,13311,SEDSCRS, 0.00000e+00
5109,13311,SEDSURO, 0.00000e+00
5109,13311,SEDIFWO, 0.00000e+00
5109,13311,SEDAGWO, 0.00000e+00
5109,13311,SO_TN,0.000000000000e+00
5109,13311,IO_TN,0.000000000000e+00
5109,13311,AO_TN,0.000000000000e+00
5109,13311,PO_TN,0.000000000000e+00
5109,13311,SO_TP,0.000000000000e+00
5109,13311,IO_TP,0.000000000000e+00
5109,13311,AO_TP,0.000000000000e+00
5109,13311,PO_TP,0.000000000000e+00
5109,13311,SED_TP,0.000000000000e+00
5109,13311,SEDWSSD_TP,0.000000000000e+00
5109,13311,SEDSCRS_TP,0.000000000000e+00
5109,13311,SO_TCd,0.000000000000e+00
5109,13311,IO_TCd,0.000000000000e+00
5109,13311,AO_TCd,0.000000000000e+00
5109,13311,PO_TCd,0.000000000000e+00
5109,13311,SED_TCd,0.000000000000e+00
5109,13311,SEDWSSD_TCd,0.000000000000e+00
5109,13311,SEDSCRS_TCd,0.000000000000e+00
5109,13311,SO_TCu,0.000000000000e+00
5109,13311,IO_TCu,0.000000000000e+00
5109,13311,AO_TCu,0.000000000000e+00
5109,13311,PO_TCu,0.000000000000e+00
5109,13311,SED_TCu,0.000000000000e+00
5109,13311,SEDWSSD_TCu,0.000000000000e+00
5109,13311,SEDSCRS_TCu,0.000000000000e+00
5109,13311,SO_TPb,0.000000000000e+00
5109,13311,IO_TPb,0.000000000000e+00
5109,13311,AO_TPb,0.000000000000e+00
5109,13311,PO_TPb,0.000000000000e+00
5109,13311,SED_TPb,0.000000000000e+00
5109,13311,SEDWSSD_TPb,0.000000000000e+00
5109,13311,SEDSCRS_TPb,0.000000000000e+00
5109,13311,SO_TZn,0.000000000000e+00
5109,13311,IO_TZn,0.000000000000e+00
5109,13311,AO_TZn,0.000000000000e+00
5109,13311,PO_TZn,0.000000000000e+00
5109,13311,SED_TZn,0.000000000000e+00
5109,13311,SEDWSSD_TZn,0.000000000000e+00
5109,13311,SEDSCRS_TZn,0.000000000000e+00
5109,13312,AREA,0.000000000000e+00
5109,13312,PREC,0.000000000000e+00
5109,13312,SURO,0.000000000000e+00
5109,13312,IFWO,0.000000000000e+00
5109,13312,AGWO,0.000000000000e+00
5109,13312,PERO,0.000000000000e+00
5109,13312,TAET,0.000000000000e+00
5109,13312,SEDLOAD,0.000000000000e+00
5109,13312,SEDWSSD, 0.00000e+00
5109,13312,SEDSCRS, 0.00000e+00
5109,13312,SEDSURO, 0.00000e+00
5109,13312,SEDIFWO, 0.00000e+00
5109,13312,SEDAGWO, 0.00000e+00
5109,13312,SO_TN,0.000000000000e+00
5109,13312,IO_TN,0.000000000000e+00
5109,13312,AO_TN,0.000000000000e+00
5109,13312,PO_TN,0.000000000000e+00
5109,13312,SO_TP,0.000000000000e+00
5109,13312,IO_TP,0.000000000000e+00
5109,13312,AO_TP,0.000000000000e+00
5109,13312,PO_TP,0.000000000000e+00
5109,13312,SED_TP,0.000000000000e+00
5109,13312,SEDWSSD_TP,0.000000000000e+00
5109,13312,SEDSCRS_TP,0.000000000000e+00
5109,13312,SO_TCd,0.000000000000e+00
5109,13312,IO_TCd,0.000000000000e+00
5109,13312,AO_TCd,0.000000000000e+00
5109,13312,PO_TCd,0.000000000000e+00
5109,13312,SED_TCd,0.000000000000e+00
5109,13312,SEDWSSD_TCd,0.000000000000e+00
5109,13312,SEDSCRS_TCd,0.000000000000e+00
5109,13312,SO_TCu,0.000000000000e+00
5109,13312,IO_TCu,0.000000000000e+00
5109,13312,AO_TCu,0.000000000000e+00
5109,13312,PO_TCu,0.000000000000e+00
5109,13312,SED_TCu,0.000000000000e+00
5109,13312,SEDWSSD_TCu,0.000000000000e+00
5109,13312,SEDSCRS_TCu,0.000000000000e+00
5109,13312,SO_TPb,0.000000000000e+00
5109,13312,IO_TPb,0.000000000000e+00
5109,13312,AO_TPb,0.000000000000e+00
5109,13312,PO_TPb,0.000000000000e+00
5109,13312,SED_TPb,0.000000000000e+00
5109,13312,SEDWSSD_TPb,0.000000000000e+00
5109,13312,SEDSCRS_TPb,0.000000000000e+00
5109,13312,SO_TZn,0.000000000000e+00
5109,13312,IO_TZn,0.000000000000e+00
5109,13312,AO_TZn,0.000000000000e+00
5109,13312,PO_TZn,0.000000000000e+00
5109,13312,SED_TZn,0.000000000000e+00
5109,13312,SEDWSSD_TZn,0.000000000000e+00
5109,13312,SEDSCRS_TZn,0.000000000000e+00
5109,13321,AREA,0.000000000000e+00
5109,13321,PREC,0.000000000000e+00
5109,13321,SURO,0.000000000000e+00
5109,13321,IFWO,0.000000000000e+00
5109,13321,AGWO,0.000000000000e+00
5109,13321,PERO,0.000000000000e+00
5109,13321,TAET,0.000000000000e+00
5109,13321,SEDLOAD,0.000000000000e+00
5109,13321,SEDWSSD, 0.00000e+00
5109,13321,SEDSCRS, 0.00000e+00
5109,13321,SEDSURO, 0.00000e+00
5109,13321,SEDIFWO, 0.00000e+00
5109,13321,SEDAGWO, 0.00000e+00
5109,13321,SO_TN,0.000000000000e+00
5109,13321,IO_TN,0.000000000000e+00
5109,13321,AO_TN,0.000000000000e+00
5109,13321,PO_TN,0.000000000000e+00
5109,13321,SO_TP,0.000000000000e+00
5109,13321,IO_TP,0.000000000000e+00
5109,13321,AO_TP,0.000000000000e+00
5109,13321,PO_TP,0.000000000000e+00
5109,13321,SED_TP,0.000000000000e+00
5109,13321,SEDWSSD_TP,0.000000000000e+00
5109,13321,SEDSCRS_TP,0.000000000000e+00
5109,13321,SO_TCd,0.000000000000e+00
5109,13321,IO_TCd,0.000000000000e+00
5109,13321,AO_TCd,0.000000000000e+00
5109,13321,PO_TCd,0.000000000000e+00
5109,13321,SED_TCd,0.000000000000e+00
5109,13321,SEDWSSD_TCd,0.000000000000e+00
5109,13321,SEDSCRS_TCd,0.000000000000e+00
5109,13321,SO_TCu,0.000000000000e+00
5109,13321,IO_TCu,0.000000000000e+00
5109,13321,AO_TCu,0.000000000000e+00
5109,13321,PO_TCu,0.000000000000e+00
5109,13321,SED_TCu,0.000000000000e+00
5109,13321,SEDWSSD_TCu,0.000000000000e+00
5109,13321,SEDSCRS_TCu,0.000000000000e+00
5109,13321,SO_TPb,0.000000000000e+00
5109,13321,IO_TPb,0.000000000000e+00
5109,13321,AO_TPb,0.000000000000e+00
5109,13321,PO_TPb,0.000000000000e+00
5109,13321,SED_TPb,0.000000000000e+00
5109,13321,SEDWSSD_TPb,0.000000000000e+00
5109,13321,SEDSCRS_TPb,0.000000000000e+00
5109,13321,SO_TZn,0.000000000000e+00
5109,13321,IO_TZn,0.000000000000e+00
5109,13321,AO_TZn,0.000000000000e+00
5109,13321,PO_TZn,0.000000000000e+00
5109,13321,SED_TZn,0.000000000000e+00
5109,13321,SEDWSSD_TZn,0.000000000000e+00
5109,13321,SEDSCRS_TZn,0.000000000000e+00
5109,13322,AREA,0.000000000000e+00
5109,13322,PREC,0.000000000000e+00
5109,13322,SURO,0.000000000000e+00
5109,13322,IFWO,0.000000000000e+00
5109,13322,AGWO,0.000000000000e+00
5109,13322,PERO,0.000000000000e+00
5109,13322,TAET,0.000000000000e+00
5109,13322,SEDLOAD,0.000000000000e+00
5109,13322,SEDWSSD, 0.00000e+00
5109,13322,SEDSCRS, 0.00000e+00
5109,13322,SEDSURO, 0.00000e+00
5109,13322,SEDIFWO, 0.00000e+00
5109,13322,SEDAGWO, 0.00000e+00
5109,13322,SO_TN,0.000000000000e+00
5109,13322,IO_TN,0.000000000000e+00
5109,13322,AO_TN,0.000000000000e+00
5109,13322,PO_TN,0.000000000000e+00
5109,13322,SO_TP,0.000000000000e+00
5109,13322,IO_TP,0.000000000000e+00
5109,13322,AO_TP,0.000000000000e+00
5109,13322,PO_TP,0.000000000000e+00
5109,13322,SED_TP,0.000000000000e+00
5109,13322,SEDWSSD_TP,0.000000000000e+00
5109,13322,SEDSCRS_TP,0.000000000000e+00
5109,13322,SO_TCd,0.000000000000e+00
5109,13322,IO_TCd,0.000000000000e+00
5109,13322,AO_TCd,0.000000000000e+00
5109,13322,PO_TCd,0.000000000000e+00
5109,13322,SED_TCd,0.000000000000e+00
5109,13322,SEDWSSD_TCd,0.000000000000e+00
5109,13322,SEDSCRS_TCd,0.000000000000e+00
5109,13322,SO_TCu,0.000000000000e+00
5109,13322,IO_TCu,0.000000000000e+00
5109,13322,AO_TCu,0.000000000000e+00
5109,13322,PO_TCu,0.000000000000e+00
5109,13322,SED_TCu,0.000000000000e+00
5109,13322,SEDWSSD_TCu,0.000000000000e+00
5109,13322,SEDSCRS_TCu,0.000000000000e+00
5109,13322,SO_TPb,0.000000000000e+00
5109,13322,IO_TPb,0.000000000000e+00
5109,13322,AO_TPb,0.000000000000e+00
5109,13322,PO_TPb,0.000000000000e+00
5109,13322,SED_TPb,0.000000000000e+00
5109,13322,SEDWSSD_TPb,0.000000000000e+00
5109,13322,SEDSCRS_TPb,0.000000000000e+00
5109,13322,SO_TZn,0.000000000000e+00
5109,13322,IO_TZn,0.000000000000e+00
5109,13322,AO_TZn,0.000000000000e+00
5109,13322,PO_TZn,0.000000000000e+00
5109,13322,SED_TZn,0.000000000000e+00
5109,13322,SEDWSSD_TZn,0.000000000000e+00
5109,13322,SEDSCRS_TZn,0.000000000000e+00
5109,13331,AREA,0.000000000000e+00
5109,13331,PREC,0.000000000000e+00
5109,13331,SURO,0.000000000000e+00
5109,13331,IFWO,0.000000000000e+00
5109,13331,AGWO,0.000000000000e+00
5109,13331,PERO,0.000000000000e+00
5109,13331,TAET,0.000000000000e+00
5109,13331,SEDLOAD,0.000000000000e+00
5109,13331,SEDWSSD, 0.00000e+00
5109,13331,SEDSCRS, 0.00000e+00
5109,13331,SEDSURO, 0.00000e+00
5109,13331,SEDIFWO, 0.00000e+00
5109,13331,SEDAGWO, 0.00000e+00
5109,13331,SO_TN,0.000000000000e+00
5109,13331,IO_TN,0.000000000000e+00
5109,13331,AO_TN,0.000000000000e+00
5109,13331,PO_TN,0.000000000000e+00
5109,13331,SO_TP,0.000000000000e+00
5109,13331,IO_TP,0.000000000000e+00
5109,13331,AO_TP,0.000000000000e+00
5109,13331,PO_TP,0.000000000000e+00
5109,13331,SED_TP,0.000000000000e+00
5109,13331,SEDWSSD_TP,0.000000000000e+00
5109,13331,SEDSCRS_TP,0.000000000000e+00
5109,13331,SO_TCd,0.000000000000e+00
5109,13331,IO_TCd,0.000000000000e+00
5109,13331,AO_TCd,0.000000000000e+00
5109,13331,PO_TCd,0.000000000000e+00
5109,13331,SED_TCd,0.000000000000e+00
5109,13331,SEDWSSD_TCd,0.000000000000e+00
5109,13331,SEDSCRS_TCd,0.000000000000e+00
5109,13331,SO_TCu,0.000000000000e+00
5109,13331,IO_TCu,0.000000000000e+00
5109,13331,AO_TCu,0.000000000000e+00
5109,13331,PO_TCu,0.000000000000e+00
5109,13331,SED_TCu,0.000000000000e+00
5109,13331,SEDWSSD_TCu,0.000000000000e+00
5109,13331,SEDSCRS_TCu,0.000000000000e+00
5109,13331,SO_TPb,0.000000000000e+00
5109,13331,IO_TPb,0.000000000000e+00
5109,13331,AO_TPb,0.000000000000e+00
5109,13331,PO_TPb,0.000000000000e+00
5109,13331,SED_TPb,0.000000000000e+00
5109,13331,SEDWSSD_TPb,0.000000000000e+00
5109,13331,SEDSCRS_TPb,0.000000000000e+00
5109,13331,SO_TZn,0.000000000000e+00
5109,13331,IO_TZn,0.000000000000e+00
5109,13331,AO_TZn,0.000000000000e+00
5109,13331,PO_TZn,0.000000000000e+00
5109,13331,SED_TZn,0.000000000000e+00
5109,13331,SEDWSSD_TZn,0.000000000000e+00
5109,13331,SEDSCRS_TZn,0.000000000000e+00
5109,13411,AREA,3.468999999997e-03
5109,13411,PREC,3.458362405988e-02
5109,13411,SURO,3.138558323271e-04
5109,13411,IFWO,2.870601852020e-04
5109,13411,AGWO,2.556299822116e-03
5109,13411,PERO,3.157215839645e-03
5109,13411,TAET,3.142640772557e-02
5109,13411,SEDLOAD,9.636311289193e-05
5109,13411,SEDWSSD, 1.78459e-05
5109,13411,SEDSCRS, 7.81951e-05
5109,13411,SEDSURO, 0.00000e+00
5109,13411,SEDIFWO, 3.25258e-08
5109,13411,SEDAGWO, 2.89646e-07
5109,13411,SO_TN,2.339539606090e-03
5109,13411,IO_TN,3.252586304436e-04
5109,13411,AO_TN,1.448230409521e-03
5109,13411,PO_TN,4.113028646055e-03
5109,13411,SO_TP,7.683275308737e-04
5109,13411,IO_TP,7.806207130648e-05
5109,13411,AO_TP,3.475752982851e-04
5109,13411,PO_TP,1.193964900465e-03
5109,13411,SED_TP,7.683275308737e-04
5109,13411,SEDWSSD_TP,1.427670470718e-04
5109,13411,SEDSCRS_TP,6.255604838019e-04
5109,13411,SO_TCd,9.604094135921e-08
5109,13411,IO_TCd,0.000000000000e+00
5109,13411,AO_TCd,0.000000000000e+00
5109,13411,PO_TCd,9.604094135921e-08
5109,13411,SED_TCd,9.604094135921e-08
5109,13411,SEDWSSD_TCd,1.784588088397e-08
5109,13411,SEDSCRS_TCd,7.819506047524e-08
5109,13411,SO_TCu,9.604094135921e-06
5109,13411,IO_TCu,0.000000000000e+00
5109,13411,AO_TCu,0.000000000000e+00
5109,13411,PO_TCu,9.604094135921e-06
5109,13411,SED_TCu,9.604094135921e-06
5109,13411,SEDWSSD_TCu,1.784588088397e-06
5109,13411,SEDSCRS_TCu,7.819506047524e-06
5109,13411,SO_TPb,9.604094135921e-07
5109,13411,IO_TPb,0.000000000000e+00
5109,13411,AO_TPb,0.000000000000e+00
5109,13411,PO_TPb,9.604094135921e-07
5109,13411,SED_TPb,9.604094135921e-07
5109,13411,SEDWSSD_TPb,1.784588088397e-07
5109,13411,SEDSCRS_TPb,7.819506047524e-07
5109,13411,SO_TZn,6.914947777863e-05
5109,13411,IO_TZn,0.000000000000e+00
5109,13411,AO_TZn,2.896460819043e-05
5109,13411,PO_TZn,9.811408596906e-05
5109,13411,SED_TZn,6.914947777863e-05
5109,13411,SEDWSSD_TZn,1.284903423646e-05
5109,13411,SEDSCRS_TZn,5.630044354217e-05
5109,13412,AREA,0.000000000000e+00
5109,13412,PREC,0.000000000000e+00
5109,13412,SURO,0.000000000000e+00
5109,13412,IFWO,0.000000000000e+00
5109,13412,AGWO,0.000000000000e+00
5109,13412,PERO,0.000000000000e+00
5109,13412,TAET,0.000000000000e+00
5109,13412,SEDLOAD,0.000000000000e+00
5109,13412,SEDWSSD, 0.00000e+00
5109,13412,SEDSCRS, 0.00000e+00
5109,13412,SEDSURO, 0.00000e+00
5109,13412,SEDIFWO, 0.00000e+00
5109,13412,SEDAGWO, 0.00000e+00
5109,13412,SO_TN,0.000000000000e+00
5109,13412,IO_TN,0.000000000000e+00
5109,13412,AO_TN,0.000000000000e+00
5109,13412,PO_TN,0.000000000000e+00
5109,13412,SO_TP,0.000000000000e+00
5109,13412,IO_TP,0.000000000000e+00
5109,13412,AO_TP,0.000000000000e+00
5109,13412,PO_TP,0.000000000000e+00
5109,13412,SED_TP,0.000000000000e+00
5109,13412,SEDWSSD_TP,0.000000000000e+00
5109,13412,SEDSCRS_TP,0.000000000000e+00
5109,13412,SO_TCd,0.000000000000e+00
5109,13412,IO_TCd,0.000000000000e+00
5109,13412,AO_TCd,0.000000000000e+00
5109,13412,PO_TCd,0.000000000000e+00
5109,13412,SED_TCd,0.000000000000e+00
5109,13412,SEDWSSD_TCd,0.000000000000e+00
5109,13412,SEDSCRS_TCd,0.000000000000e+00
5109,13412,SO_TCu,0.000000000000e+00
5109,13412,IO_TCu,0.000000000000e+00
5109,13412,AO_TCu,0.000000000000e+00
5109,13412,PO_TCu,0.000000000000e+00
5109,13412,SED_TCu,0.000000000000e+00
5109,13412,SEDWSSD_TCu,0.000000000000e+00
5109,13412,SEDSCRS_TCu,0.000000000000e+00
5109,13412,SO_TPb,0.000000000000e+00
5109,13412,IO_TPb,0.000000000000e+00
5109,13412,AO_TPb,0.000000000000e+00
5109,13412,PO_TPb,0.000000000000e+00
5109,13412,SED_TPb,0.000000000000e+00
5109,13412,SEDWSSD_TPb,0.000000000000e+00
5109,13412,SEDSCRS_TPb,0.000000000000e+00
5109,13412,SO_TZn,0.000000000000e+00
5109,13412,IO_TZn,0.000000000000e+00
5109,13412,AO_TZn,0.000000000000e+00
5109,13412,PO_TZn,0.000000000000e+00
5109,13412,SED_TZn,0.000000000000e+00
5109,13412,SEDWSSD_TZn,0.000000000000e+00
5109,13412,SEDSCRS_TZn,0.000000000000e+00
5109,13421,AREA,0.000000000000e+00
5109,13421,PREC,0.000000000000e+00
5109,13421,SURO,0.000000000000e+00
5109,13421,IFWO,0.000000000000e+00
5109,13421,AGWO,0.000000000000e+00
5109,13421,PERO,0.000000000000e+00
5109,13421,TAET,0.000000000000e+00
5109,13421,SEDLOAD,0.000000000000e+00
5109,13421,SEDWSSD, 0.00000e+00
5109,13421,SEDSCRS, 0.00000e+00
5109,13421,SEDSURO, 0.00000e+00
5109,13421,SEDIFWO, 0.00000e+00
5109,13421,SEDAGWO, 0.00000e+00
5109,13421,SO_TN,0.000000000000e+00
5109,13421,IO_TN,0.000000000000e+00
5109,13421,AO_TN,0.000000000000e+00
5109,13421,PO_TN,0.000000000000e+00
5109,13421,SO_TP,0.000000000000e+00
5109,13421,IO_TP,0.000000000000e+00
5109,13421,AO_TP,0.000000000000e+00
5109,13421,PO_TP,0.000000000000e+00
5109,13421,SED_TP,0.000000000000e+00
5109,13421,SEDWSSD_TP,0.000000000000e+00
5109,13421,SEDSCRS_TP,0.000000000000e+00
5109,13421,SO_TCd,0.000000000000e+00
5109,13421,IO_TCd,0.000000000000e+00
5109,13421,AO_TCd,0.000000000000e+00
5109,13421,PO_TCd,0.000000000000e+00
5109,13421,SED_TCd,0.000000000000e+00
5109,13421,SEDWSSD_TCd,0.000000000000e+00
5109,13421,SEDSCRS_TCd,0.000000000000e+00
5109,13421,SO_TCu,0.000000000000e+00
5109,13421,IO_TCu,0.000000000000e+00
5109,13421,AO_TCu,0.000000000000e+00
5109,13421,PO_TCu,0.000000000000e+00
5109,13421,SED_TCu,0.000000000000e+00
5109,13421,SEDWSSD_TCu,0.000000000000e+00
5109,13421,SEDSCRS_TCu,0.000000000000e+00
5109,13421,SO_TPb,0.000000000000e+00
5109,13421,IO_TPb,0.000000000000e+00
5109,13421,AO_TPb,0.000000000000e+00
5109,13421,PO_TPb,0.000000000000e+00
5109,13421,SED_TPb,0.000000000000e+00
5109,13421,SEDWSSD_TPb,0.000000000000e+00
5109,13421,SEDSCRS_TPb,0.000000000000e+00
5109,13421,SO_TZn,0.000000000000e+00
5109,13421,IO_TZn,0.000000000000e+00
5109,13421,AO_TZn,0.000000000000e+00
5109,13421,PO_TZn,0.000000000000e+00
5109,13421,SED_TZn,0.000000000000e+00
5109,13421,SEDWSSD_TZn,0.000000000000e+00
5109,13421,SEDSCRS_TZn,0.000000000000e+00
5109,13422,AREA,0.000000000000e+00
5109,13422,PREC,0.000000000000e+00
5109,13422,SURO,0.000000000000e+00
5109,13422,IFWO,0.000000000000e+00
5109,13422,AGWO,0.000000000000e+00
5109,13422,PERO,0.000000000000e+00
5109,13422,TAET,0.000000000000e+00
5109,13422,SEDLOAD,0.000000000000e+00
5109,13422,SEDWSSD, 0.00000e+00
5109,13422,SEDSCRS, 0.00000e+00
5109,13422,SEDSURO, 0.00000e+00
5109,13422,SEDIFWO, 0.00000e+00
5109,13422,SEDAGWO, 0.00000e+00
5109,13422,SO_TN,0.000000000000e+00
5109,13422,IO_TN,0.000000000000e+00
5109,13422,AO_TN,0.000000000000e+00
5109,13422,PO_TN,0.000000000000e+00
5109,13422,SO_TP,0.000000000000e+00
5109,13422,IO_TP,0.000000000000e+00
5109,13422,AO_TP,0.000000000000e+00
5109,13422,PO_TP,0.000000000000e+00
5109,13422,SED_TP,0.000000000000e+00
5109,13422,SEDWSSD_TP,0.000000000000e+00
5109,13422,SEDSCRS_TP,0.000000000000e+00
5109,13422,SO_TCd,0.000000000000e+00
5109,13422,IO_TCd,0.000000000000e+00
5109,13422,AO_TCd,0.000000000000e+00
5109,13422,PO_TCd,0.000000000000e+00
5109,13422,SED_TCd,0.000000000000e+00
5109,13422,SEDWSSD_TCd,0.000000000000e+00
5109,13422,SEDSCRS_TCd,0.000000000000e+00
5109,13422,SO_TCu,0.000000000000e+00
5109,13422,IO_TCu,0.000000000000e+00
5109,13422,AO_TCu,0.000000000000e+00
5109,13422,PO_TCu,0.000000000000e+00
5109,13422,SED_TCu,0.000000000000e+00
5109,13422,SEDWSSD_TCu,0.000000000000e+00
5109,13422,SEDSCRS_TCu,0.000000000000e+00
5109,13422,SO_TPb,0.000000000000e+00
5109,13422,IO_TPb,0.000000000000e+00
5109,13422,AO_TPb,0.000000000000e+00
5109,13422,PO_TPb,0.000000000000e+00
5109,13422,SED_TPb,0.000000000000e+00
5109,13422,SEDWSSD_TPb,0.000000000000e+00
5109,13422,SEDSCRS_TPb,0.000000000000e+00
5109,13422,SO_TZn,0.000000000000e+00
5109,13422,IO_TZn,0.000000000000e+00
5109,13422,AO_TZn,0.000000000000e+00
5109,13422,PO_TZn,0.000000000000e+00
5109,13422,SED_TZn,0.000000000000e+00
5109,13422,SEDWSSD_TZn,0.000000000000e+00
5109,13422,SEDSCRS_TZn,0.000000000000e+00
5109,13431,AREA,0.000000000000e+00
5109,13431,PREC,0.000000000000e+00
5109,13431,SURO,0.000000000000e+00
5109,13431,IFWO,0.000000000000e+00
5109,13431,AGWO,0.000000000000e+00
5109,13431,PERO,0.000000000000e+00
5109,13431,TAET,0.000000000000e+00
5109,13431,SEDLOAD,0.000000000000e+00
5109,13431,SEDWSSD, 0.00000e+00
5109,13431,SEDSCRS, 0.00000e+00
5109,13431,SEDSURO, 0.00000e+00
5109,13431,SEDIFWO, 0.00000e+00
5109,13431,SEDAGWO, 0.00000e+00
5109,13431,SO_TN,0.000000000000e+00
5109,13431,IO_TN,0.000000000000e+00
5109,13431,AO_TN,0.000000000000e+00
5109,13431,PO_TN,0.000000000000e+00
5109,13431,SO_TP,0.000000000000e+00
5109,13431,IO_TP,0.000000000000e+00
5109,13431,AO_TP,0.000000000000e+00
5109,13431,PO_TP,0.000000000000e+00
5109,13431,SED_TP,0.000000000000e+00
5109,13431,SEDWSSD_TP,0.000000000000e+00
5109,13431,SEDSCRS_TP,0.000000000000e+00
5109,13431,SO_TCd,0.000000000000e+00
5109,13431,IO_TCd,0.000000000000e+00
5109,13431,AO_TCd,0.000000000000e+00
5109,13431,PO_TCd,0.000000000000e+00
5109,13431,SED_TCd,0.000000000000e+00
5109,13431,SEDWSSD_TCd,0.000000000000e+00
5109,13431,SEDSCRS_TCd,0.000000000000e+00
5109,13431,SO_TCu,0.000000000000e+00
5109,13431,IO_TCu,0.000000000000e+00
5109,13431,AO_TCu,0.000000000000e+00
5109,13431,PO_TCu,0.000000000000e+00
5109,13431,SED_TCu,0.000000000000e+00
5109,13431,SEDWSSD_TCu,0.000000000000e+00
5109,13431,SEDSCRS_TCu,0.000000000000e+00
5109,13431,SO_TPb,0.000000000000e+00
5109,13431,IO_TPb,0.000000000000e+00
5109,13431,AO_TPb,0.000000000000e+00
5109,13431,PO_TPb,0.000000000000e+00
5109,13431,SED_TPb,0.000000000000e+00
5109,13431,SEDWSSD_TPb,0.000000000000e+00
5109,13431,SEDSCRS_TPb,0.000000000000e+00
5109,13431,SO_TZn,0.000000000000e+00
5109,13431,IO_TZn,0.000000000000e+00
5109,13431,AO_TZn,0.000000000000e+00
5109,13431,PO_TZn,0.000000000000e+00
5109,13431,SED_TZn,0.000000000000e+00
5109,13431,SEDWSSD_TZn,0.000000000000e+00
5109,13431,SEDSCRS_TZn,0.000000000000e+00
5109,13432,AREA,0.000000000000e+00
5109,13432,PREC,0.000000000000e+00
5109,13432,SURO,0.000000000000e+00
5109,13432,IFWO,0.000000000000e+00
5109,13432,AGWO,0.000000000000e+00
5109,13432,PERO,0.000000000000e+00
5109,13432,TAET,0.000000000000e+00
5109,13432,SEDLOAD,0.000000000000e+00
5109,13432,SEDWSSD, 0.00000e+00
5109,13432,SEDSCRS, 0.00000e+00
5109,13432,SEDSURO, 0.00000e+00
5109,13432,SEDIFWO, 0.00000e+00
5109,13432,SEDAGWO, 0.00000e+00
5109,13432,SO_TN,0.000000000000e+00
5109,13432,IO_TN,0.000000000000e+00
5109,13432,AO_TN,0.000000000000e+00
5109,13432,PO_TN,0.000000000000e+00
5109,13432,SO_TP,0.000000000000e+00
5109,13432,IO_TP,0.000000000000e+00
5109,13432,AO_TP,0.000000000000e+00
5109,13432,PO_TP,0.000000000000e+00
5109,13432,SED_TP,0.000000000000e+00
5109,13432,SEDWSSD_TP,0.000000000000e+00
5109,13432,SEDSCRS_TP,0.000000000000e+00
5109,13432,SO_TCd,0.000000000000e+00
5109,13432,IO_TCd,0.000000000000e+00
5109,13432,AO_TCd,0.000000000000e+00
5109,13432,PO_TCd,0.000000000000e+00
5109,13432,SED_TCd,0.000000000000e+00
5109,13432,SEDWSSD_TCd,0.000000000000e+00
5109,13432,SEDSCRS_TCd,0.000000000000e+00
5109,13432,SO_TCu,0.000000000000e+00
5109,13432,IO_TCu,0.000000000000e+00
5109,13432,AO_TCu,0.000000000000e+00
5109,13432,PO_TCu,0.000000000000e+00
5109,13432,SED_TCu,0.000000000000e+00
5109,13432,SEDWSSD_TCu,0.000000000000e+00
5109,13432,SEDSCRS_TCu,0.000000000000e+00
5109,13432,SO_TPb,0.000000000000e+00
5109,13432,IO_TPb,0.000000000000e+00
5109,13432,AO_TPb,0.000000000000e+00
5109,13432,PO_TPb,0.000000000000e+00
5109,13432,SED_TPb,0.000000000000e+00
5109,13432,SEDWSSD_TPb,0.000000000000e+00
5109,13432,SEDSCRS_TPb,0.000000000000e+00
5109,13432,SO_TZn,0.000000000000e+00
5109,13432,IO_TZn,0.000000000000e+00
5109,13432,AO_TZn,0.000000000000e+00
5109,13432,PO_TZn,0.000000000000e+00
5109,13432,SED_TZn,0.000000000000e+00
5109,13432,SEDWSSD_TZn,0.000000000000e+00
5109,13432,SEDSCRS_TZn,0.000000000000e+00
5109,14121,AREA,0.000000000000e+00
5109,14121,PREC,0.000000000000e+00
5109,14121,SURO,0.000000000000e+00
5109,14121,IFWO,0.000000000000e+00
5109,14121,AGWO,0.000000000000e+00
5109,14121,PERO,0.000000000000e+00
5109,14121,TAET,0.000000000000e+00
5109,14121,SEDLOAD,0.000000000000e+00
5109,14121,SEDWSSD, 0.00000e+00
5109,14121,SEDSCRS, 0.00000e+00
5109,14121,SEDSURO, 0.00000e+00
5109,14121,SEDIFWO, 0.00000e+00
5109,14121,SEDAGWO, 0.00000e+00
5109,14121,SO_TN,0.000000000000e+00
5109,14121,IO_TN,0.000000000000e+00
5109,14121,AO_TN,0.000000000000e+00
5109,14121,PO_TN,0.000000000000e+00
5109,14121,SO_TP,0.000000000000e+00
5109,14121,IO_TP,0.000000000000e+00
5109,14121,AO_TP,0.000000000000e+00
5109,14121,PO_TP,0.000000000000e+00
5109,14121,SED_TP,0.000000000000e+00
5109,14121,SEDWSSD_TP,0.000000000000e+00
5109,14121,SEDSCRS_TP,0.000000000000e+00
5109,14121,SO_TCd,0.000000000000e+00
5109,14121,IO_TCd,0.000000000000e+00
5109,14121,AO_TCd,0.000000000000e+00
5109,14121,PO_TCd,0.000000000000e+00
5109,14121,SED_TCd,0.000000000000e+00
5109,14121,SEDWSSD_TCd,0.000000000000e+00
5109,14121,SEDSCRS_TCd,0.000000000000e+00
5109,14121,SO_TCu,0.000000000000e+00
5109,14121,IO_TCu,0.000000000000e+00
5109,14121,AO_TCu,0.000000000000e+00
5109,14121,PO_TCu,0.000000000000e+00
5109,14121,SED_TCu,0.000000000000e+00
5109,14121,SEDWSSD_TCu,0.000000000000e+00
5109,14121,SEDSCRS_TCu,0.000000000000e+00
5109,14121,SO_TPb,0.000000000000e+00
5109,14121,IO_TPb,0.000000000000e+00
5109,14121,AO_TPb,0.000000000000e+00
5109,14121,PO_TPb,0.000000000000e+00
5109,14121,SED_TPb,0.000000000000e+00
5109,14121,SEDWSSD_TPb,0.000000000000e+00
5109,14121,SEDSCRS_TPb,0.000000000000e+00
5109,14121,SO_TZn,0.000000000000e+00
5109,14121,IO_TZn,0.000000000000e+00
5109,14121,AO_TZn,0.000000000000e+00
5109,14121,PO_TZn,0.000000000000e+00
5109,14121,SED_TZn,0.000000000000e+00
5109,14121,SEDWSSD_TZn,0.000000000000e+00
5109,14121,SEDSCRS_TZn,0.000000000000e+00
5109,14122,AREA,0.000000000000e+00
5109,14122,PREC,0.000000000000e+00
5109,14122,SURO,0.000000000000e+00
5109,14122,IFWO,0.000000000000e+00
5109,14122,AGWO,0.000000000000e+00
5109,14122,PERO,0.000000000000e+00
5109,14122,TAET,0.000000000000e+00
5109,14122,SEDLOAD,0.000000000000e+00
5109,14122,SEDWSSD, 0.00000e+00
5109,14122,SEDSCRS, 0.00000e+00
5109,14122,SEDSURO, 0.00000e+00
5109,14122,SEDIFWO, 0.00000e+00
5109,14122,SEDAGWO, 0.00000e+00
5109,14122,SO_TN,0.000000000000e+00
5109,14122,IO_TN,0.000000000000e+00
5109,14122,AO_TN,0.000000000000e+00
5109,14122,PO_TN,0.000000000000e+00
5109,14122,SO_TP,0.000000000000e+00
5109,14122,IO_TP,0.000000000000e+00
5109,14122,AO_TP,0.000000000000e+00
5109,14122,PO_TP,0.000000000000e+00
5109,14122,SED_TP,0.000000000000e+00
5109,14122,SEDWSSD_TP,0.000000000000e+00
5109,14122,SEDSCRS_TP,0.000000000000e+00
5109,14122,SO_TCd,0.000000000000e+00
5109,14122,IO_TCd,0.000000000000e+00
5109,14122,AO_TCd,0.000000000000e+00
5109,14122,PO_TCd,0.000000000000e+00
5109,14122,SED_TCd,0.000000000000e+00
5109,14122,SEDWSSD_TCd,0.000000000000e+00
5109,14122,SEDSCRS_TCd,0.000000000000e+00
5109,14122,SO_TCu,0.000000000000e+00
5109,14122,IO_TCu,0.000000000000e+00
5109,14122,AO_TCu,0.000000000000e+00
5109,14122,PO_TCu,0.000000000000e+00
5109,14122,SED_TCu,0.000000000000e+00
5109,14122,SEDWSSD_TCu,0.000000000000e+00
5109,14122,SEDSCRS_TCu,0.000000000000e+00
5109,14122,SO_TPb,0.000000000000e+00
5109,14122,IO_TPb,0.000000000000e+00
5109,14122,AO_TPb,0.000000000000e+00
5109,14122,PO_TPb,0.000000000000e+00
5109,14122,SED_TPb,0.000000000000e+00
5109,14122,SEDWSSD_TPb,0.000000000000e+00
5109,14122,SEDSCRS_TPb,0.000000000000e+00
5109,14122,SO_TZn,0.000000000000e+00
5109,14122,IO_TZn,0.000000000000e+00
5109,14122,AO_TZn,0.000000000000e+00
5109,14122,PO_TZn,0.000000000000e+00
5109,14122,SED_TZn,0.000000000000e+00
5109,14122,SEDWSSD_TZn,0.000000000000e+00
5109,14122,SEDSCRS_TZn,0.000000000000e+00
5109,14131,AREA,0.000000000000e+00
5109,14131,PREC,0.000000000000e+00
5109,14131,SURO,0.000000000000e+00
5109,14131,IFWO,0.000000000000e+00
5109,14131,AGWO,0.000000000000e+00
5109,14131,PERO,0.000000000000e+00
5109,14131,TAET,0.000000000000e+00
5109,14131,SEDLOAD,0.000000000000e+00
5109,14131,SEDWSSD, 0.00000e+00
5109,14131,SEDSCRS, 0.00000e+00
5109,14131,SEDSURO, 0.00000e+00
5109,14131,SEDIFWO, 0.00000e+00
5109,14131,SEDAGWO, 0.00000e+00
5109,14131,SO_TN,0.000000000000e+00
5109,14131,IO_TN,0.000000000000e+00
5109,14131,AO_TN,0.000000000000e+00
5109,14131,PO_TN,0.000000000000e+00
5109,14131,SO_TP,0.000000000000e+00
5109,14131,IO_TP,0.000000000000e+00
5109,14131,AO_TP,0.000000000000e+00
5109,14131,PO_TP,0.000000000000e+00
5109,14131,SED_TP,0.000000000000e+00
5109,14131,SEDWSSD_TP,0.000000000000e+00
5109,14131,SEDSCRS_TP,0.000000000000e+00
5109,14131,SO_TCd,0.000000000000e+00
5109,14131,IO_TCd,0.000000000000e+00
5109,14131,AO_TCd,0.000000000000e+00
5109,14131,PO_TCd,0.000000000000e+00
5109,14131,SED_TCd,0.000000000000e+00
5109,14131,SEDWSSD_TCd,0.000000000000e+00
5109,14131,SEDSCRS_TCd,0.000000000000e+00
5109,14131,SO_TCu,0.000000000000e+00
5109,14131,IO_TCu,0.000000000000e+00
5109,14131,AO_TCu,0.000000000000e+00
5109,14131,PO_TCu,0.000000000000e+00
5109,14131,SED_TCu,0.000000000000e+00
5109,14131,SEDWSSD_TCu,0.000000000000e+00
5109,14131,SEDSCRS_TCu,0.000000000000e+00
5109,14131,SO_TPb,0.000000000000e+00
5109,14131,IO_TPb,0.000000000000e+00
5109,14131,AO_TPb,0.000000000000e+00
5109,14131,PO_TPb,0.000000000000e+00
5109,14131,SED_TPb,0.000000000000e+00
5109,14131,SEDWSSD_TPb,0.000000000000e+00
5109,14131,SEDSCRS_TPb,0.000000000000e+00
5109,14131,SO_TZn,0.000000000000e+00
5109,14131,IO_TZn,0.000000000000e+00
5109,14131,AO_TZn,0.000000000000e+00
5109,14131,PO_TZn,0.000000000000e+00
5109,14131,SED_TZn,0.000000000000e+00
5109,14131,SEDWSSD_TZn,0.000000000000e+00
5109,14131,SEDSCRS_TZn,0.000000000000e+00
5109,14132,AREA,0.000000000000e+00
5109,14132,PREC,0.000000000000e+00
5109,14132,SURO,0.000000000000e+00
5109,14132,IFWO,0.000000000000e+00
5109,14132,AGWO,0.000000000000e+00
5109,14132,PERO,0.000000000000e+00
5109,14132,TAET,0.000000000000e+00
5109,14132,SEDLOAD,0.000000000000e+00
5109,14132,SEDWSSD, 0.00000e+00
5109,14132,SEDSCRS, 0.00000e+00
5109,14132,SEDSURO, 0.00000e+00
5109,14132,SEDIFWO, 0.00000e+00
5109,14132,SEDAGWO, 0.00000e+00
5109,14132,SO_TN,0.000000000000e+00
5109,14132,IO_TN,0.000000000000e+00
5109,14132,AO_TN,0.000000000000e+00
5109,14132,PO_TN,0.000000000000e+00
5109,14132,SO_TP,0.000000000000e+00
5109,14132,IO_TP,0.000000000000e+00
5109,14132,AO_TP,0.000000000000e+00
5109,14132,PO_TP,0.000000000000e+00
5109,14132,SED_TP,0.000000000000e+00
5109,14132,SEDWSSD_TP,0.000000000000e+00
5109,14132,SEDSCRS_TP,0.000000000000e+00
5109,14132,SO_TCd,0.000000000000e+00
5109,14132,IO_TCd,0.000000000000e+00
5109,14132,AO_TCd,0.000000000000e+00
5109,14132,PO_TCd,0.000000000000e+00
5109,14132,SED_TCd,0.000000000000e+00
5109,14132,SEDWSSD_TCd,0.000000000000e+00
5109,14132,SEDSCRS_TCd,0.000000000000e+00
5109,14132,SO_TCu,0.000000000000e+00
5109,14132,IO_TCu,0.000000000000e+00
5109,14132,AO_TCu,0.000000000000e+00
5109,14132,PO_TCu,0.000000000000e+00
5109,14132,SED_TCu,0.000000000000e+00
5109,14132,SEDWSSD_TCu,0.000000000000e+00
5109,14132,SEDSCRS_TCu,0.000000000000e+00
5109,14132,SO_TPb,0.000000000000e+00
5109,14132,IO_TPb,0.000000000000e+00
5109,14132,AO_TPb,0.000000000000e+00
5109,14132,PO_TPb,0.000000000000e+00
5109,14132,SED_TPb,0.000000000000e+00
5109,14132,SEDWSSD_TPb,0.000000000000e+00
5109,14132,SEDSCRS_TPb,0.000000000000e+00
5109,14132,SO_TZn,0.000000000000e+00
5109,14132,IO_TZn,0.000000000000e+00
5109,14132,AO_TZn,0.000000000000e+00
5109,14132,PO_TZn,0.000000000000e+00
5109,14132,SED_TZn,0.000000000000e+00
5109,14132,SEDWSSD_TZn,0.000000000000e+00
5109,14132,SEDSCRS_TZn,0.000000000000e+00
5109,14221,AREA,0.000000000000e+00
5109,14221,PREC,0.000000000000e+00
5109,14221,SURO,0.000000000000e+00
5109,14221,IFWO,0.000000000000e+00
5109,14221,AGWO,0.000000000000e+00
5109,14221,PERO,0.000000000000e+00
5109,14221,TAET,0.000000000000e+00
5109,14221,SEDLOAD,0.000000000000e+00
5109,14221,SEDWSSD, 0.00000e+00
5109,14221,SEDSCRS, 0.00000e+00
5109,14221,SEDSURO, 0.00000e+00
5109,14221,SEDIFWO, 0.00000e+00
5109,14221,SEDAGWO, 0.00000e+00
5109,14221,SO_TN,0.000000000000e+00
5109,14221,IO_TN,0.000000000000e+00
5109,14221,AO_TN,0.000000000000e+00
5109,14221,PO_TN,0.000000000000e+00
5109,14221,SO_TP,0.000000000000e+00
5109,14221,IO_TP,0.000000000000e+00
5109,14221,AO_TP,0.000000000000e+00
5109,14221,PO_TP,0.000000000000e+00
5109,14221,SED_TP,0.000000000000e+00
5109,14221,SEDWSSD_TP,0.000000000000e+00
5109,14221,SEDSCRS_TP,0.000000000000e+00
5109,14221,SO_TCd,0.000000000000e+00
5109,14221,IO_TCd,0.000000000000e+00
5109,14221,AO_TCd,0.000000000000e+00
5109,14221,PO_TCd,0.000000000000e+00
5109,14221,SED_TCd,0.000000000000e+00
5109,14221,SEDWSSD_TCd,0.000000000000e+00
5109,14221,SEDSCRS_TCd,0.000000000000e+00
5109,14221,SO_TCu,0.000000000000e+00
5109,14221,IO_TCu,0.000000000000e+00
5109,14221,AO_TCu,0.000000000000e+00
5109,14221,PO_TCu,0.000000000000e+00
5109,14221,SED_TCu,0.000000000000e+00
5109,14221,SEDWSSD_TCu,0.000000000000e+00
5109,14221,SEDSCRS_TCu,0.000000000000e+00
5109,14221,SO_TPb,0.000000000000e+00
5109,14221,IO_TPb,0.000000000000e+00
5109,14221,AO_TPb,0.000000000000e+00
5109,14221,PO_TPb,0.000000000000e+00
5109,14221,SED_TPb,0.000000000000e+00
5109,14221,SEDWSSD_TPb,0.000000000000e+00
5109,14221,SEDSCRS_TPb,0.000000000000e+00
5109,14221,SO_TZn,0.000000000000e+00
5109,14221,IO_TZn,0.000000000000e+00
5109,14221,AO_TZn,0.000000000000e+00
5109,14221,PO_TZn,0.000000000000e+00
5109,14221,SED_TZn,0.000000000000e+00
5109,14221,SEDWSSD_TZn,0.000000000000e+00
5109,14221,SEDSCRS_TZn,0.000000000000e+00
5109,14222,AREA,0.000000000000e+00
5109,14222,PREC,0.000000000000e+00
5109,14222,SURO,0.000000000000e+00
5109,14222,IFWO,0.000000000000e+00
5109,14222,AGWO,0.000000000000e+00
5109,14222,PERO,0.000000000000e+00
5109,14222,TAET,0.000000000000e+00
5109,14222,SEDLOAD,0.000000000000e+00
5109,14222,SEDWSSD, 0.00000e+00
5109,14222,SEDSCRS, 0.00000e+00
5109,14222,SEDSURO, 0.00000e+00
5109,14222,SEDIFWO, 0.00000e+00
5109,14222,SEDAGWO, 0.00000e+00
5109,14222,SO_TN,0.000000000000e+00
5109,14222,IO_TN,0.000000000000e+00
5109,14222,AO_TN,0.000000000000e+00
5109,14222,PO_TN,0.000000000000e+00
5109,14222,SO_TP,0.000000000000e+00
5109,14222,IO_TP,0.000000000000e+00
5109,14222,AO_TP,0.000000000000e+00
5109,14222,PO_TP,0.000000000000e+00
5109,14222,SED_TP,0.000000000000e+00
5109,14222,SEDWSSD_TP,0.000000000000e+00
5109,14222,SEDSCRS_TP,0.000000000000e+00
5109,14222,SO_TCd,0.000000000000e+00
5109,14222,IO_TCd,0.000000000000e+00
5109,14222,AO_TCd,0.000000000000e+00
5109,14222,PO_TCd,0.000000000000e+00
5109,14222,SED_TCd,0.000000000000e+00
5109,14222,SEDWSSD_TCd,0.000000000000e+00
5109,14222,SEDSCRS_TCd,0.000000000000e+00
5109,14222,SO_TCu,0.000000000000e+00
5109,14222,IO_TCu,0.000000000000e+00
5109,14222,AO_TCu,0.000000000000e+00
5109,14222,PO_TCu,0.000000000000e+00
5109,14222,SED_TCu,0.000000000000e+00
5109,14222,SEDWSSD_TCu,0.000000000000e+00
5109,14222,SEDSCRS_TCu,0.000000000000e+00
5109,14222,SO_TPb,0.000000000000e+00
5109,14222,IO_TPb,0.000000000000e+00
5109,14222,AO_TPb,0.000000000000e+00
5109,14222,PO_TPb,0.000000000000e+00
5109,14222,SED_TPb,0.000000000000e+00
5109,14222,SEDWSSD_TPb,0.000000000000e+00
5109,14222,SEDSCRS_TPb,0.000000000000e+00
5109,14222,SO_TZn,0.000000000000e+00
5109,14222,IO_TZn,0.000000000000e+00
5109,14222,AO_TZn,0.000000000000e+00
5109,14222,PO_TZn,0.000000000000e+00
5109,14222,SED_TZn,0.000000000000e+00
5109,14222,SEDWSSD_TZn,0.000000000000e+00
5109,14222,SEDSCRS_TZn,0.000000000000e+00
5109,14231,AREA,0.000000000000e+00
5109,14231,PREC,0.000000000000e+00
5109,14231,SURO,0.000000000000e+00
5109,14231,IFWO,0.000000000000e+00
5109,14231,AGWO,0.000000000000e+00
5109,14231,PERO,0.000000000000e+00
5109,14231,TAET,0.000000000000e+00
5109,14231,SEDLOAD,0.000000000000e+00
5109,14231,SEDWSSD, 0.00000e+00
5109,14231,SEDSCRS, 0.00000e+00
5109,14231,SEDSURO, 0.00000e+00
5109,14231,SEDIFWO, 0.00000e+00
5109,14231,SEDAGWO, 0.00000e+00
5109,14231,SO_TN,0.000000000000e+00
5109,14231,IO_TN,0.000000000000e+00
5109,14231,AO_TN,0.000000000000e+00
5109,14231,PO_TN,0.000000000000e+00
5109,14231,SO_TP,0.000000000000e+00
5109,14231,IO_TP,0.000000000000e+00
5109,14231,AO_TP,0.000000000000e+00
5109,14231,PO_TP,0.000000000000e+00
5109,14231,SED_TP,0.000000000000e+00
5109,14231,SEDWSSD_TP,0.000000000000e+00
5109,14231,SEDSCRS_TP,0.000000000000e+00
5109,14231,SO_TCd,0.000000000000e+00
5109,14231,IO_TCd,0.000000000000e+00
5109,14231,AO_TCd,0.000000000000e+00
5109,14231,PO_TCd,0.000000000000e+00
5109,14231,SED_TCd,0.000000000000e+00
5109,14231,SEDWSSD_TCd,0.000000000000e+00
5109,14231,SEDSCRS_TCd,0.000000000000e+00
5109,14231,SO_TCu,0.000000000000e+00
5109,14231,IO_TCu,0.000000000000e+00
5109,14231,AO_TCu,0.000000000000e+00
5109,14231,PO_TCu,0.000000000000e+00
5109,14231,SED_TCu,0.000000000000e+00
5109,14231,SEDWSSD_TCu,0.000000000000e+00
5109,14231,SEDSCRS_TCu,0.000000000000e+00
5109,14231,SO_TPb,0.000000000000e+00
5109,14231,IO_TPb,0.000000000000e+00
5109,14231,AO_TPb,0.000000000000e+00
5109,14231,PO_TPb,0.000000000000e+00
5109,14231,SED_TPb,0.000000000000e+00
5109,14231,SEDWSSD_TPb,0.000000000000e+00
5109,14231,SEDSCRS_TPb,0.000000000000e+00
5109,14231,SO_TZn,0.000000000000e+00
5109,14231,IO_TZn,0.000000000000e+00
5109,14231,AO_TZn,0.000000000000e+00
5109,14231,PO_TZn,0.000000000000e+00
5109,14231,SED_TZn,0.000000000000e+00
5109,14231,SEDWSSD_TZn,0.000000000000e+00
5109,14231,SEDSCRS_TZn,0.000000000000e+00
5109,14232,AREA,0.000000000000e+00
5109,14232,PREC,0.000000000000e+00
5109,14232,SURO,0.000000000000e+00
5109,14232,IFWO,0.000000000000e+00
5109,14232,AGWO,0.000000000000e+00
5109,14232,PERO,0.000000000000e+00
5109,14232,TAET,0.000000000000e+00
5109,14232,SEDLOAD,0.000000000000e+00
5109,14232,SEDWSSD, 0.00000e+00
5109,14232,SEDSCRS, 0.00000e+00
5109,14232,SEDSURO, 0.00000e+00
5109,14232,SEDIFWO, 0.00000e+00
5109,14232,SEDAGWO, 0.00000e+00
5109,14232,SO_TN,0.000000000000e+00
5109,14232,IO_TN,0.000000000000e+00
5109,14232,AO_TN,0.000000000000e+00
5109,14232,PO_TN,0.000000000000e+00
5109,14232,SO_TP,0.000000000000e+00
5109,14232,IO_TP,0.000000000000e+00
5109,14232,AO_TP,0.000000000000e+00
5109,14232,PO_TP,0.000000000000e+00
5109,14232,SED_TP,0.000000000000e+00
5109,14232,SEDWSSD_TP,0.000000000000e+00
5109,14232,SEDSCRS_TP,0.000000000000e+00
5109,14232,SO_TCd,0.000000000000e+00
5109,14232,IO_TCd,0.000000000000e+00
5109,14232,AO_TCd,0.000000000000e+00
5109,14232,PO_TCd,0.000000000000e+00
5109,14232,SED_TCd,0.000000000000e+00
5109,14232,SEDWSSD_TCd,0.000000000000e+00
5109,14232,SEDSCRS_TCd,0.000000000000e+00
5109,14232,SO_TCu,0.000000000000e+00
5109,14232,IO_TCu,0.000000000000e+00
5109,14232,AO_TCu,0.000000000000e+00
5109,14232,PO_TCu,0.000000000000e+00
5109,14232,SED_TCu,0.000000000000e+00
5109,14232,SEDWSSD_TCu,0.000000000000e+00
5109,14232,SEDSCRS_TCu,0.000000000000e+00
5109,14232,SO_TPb,0.000000000000e+00
5109,14232,IO_TPb,0.000000000000e+00
5109,14232,AO_TPb,0.000000000000e+00
5109,14232,PO_TPb,0.000000000000e+00
5109,14232,SED_TPb,0.000000000000e+00
5109,14232,SEDWSSD_TPb,0.000000000000e+00
5109,14232,SEDSCRS_TPb,0.000000000000e+00
5109,14232,SO_TZn,0.000000000000e+00
5109,14232,IO_TZn,0.000000000000e+00
5109,14232,AO_TZn,0.000000000000e+00
5109,14232,PO_TZn,0.000000000000e+00
5109,14232,SED_TZn,0.000000000000e+00
5109,14232,SEDWSSD_TZn,0.000000000000e+00
5109,14232,SEDSCRS_TZn,0.000000000000e+00
5109,14321,AREA,0.000000000000e+00
5109,14321,PREC,0.000000000000e+00
5109,14321,SURO,0.000000000000e+00
5109,14321,IFWO,0.000000000000e+00
5109,14321,AGWO,0.000000000000e+00
5109,14321,PERO,0.000000000000e+00
5109,14321,TAET,0.000000000000e+00
5109,14321,SEDLOAD,0.000000000000e+00
5109,14321,SEDWSSD, 0.00000e+00
5109,14321,SEDSCRS, 0.00000e+00
5109,14321,SEDSURO, 0.00000e+00
5109,14321,SEDIFWO, 0.00000e+00
5109,14321,SEDAGWO, 0.00000e+00
5109,14321,SO_TN,0.000000000000e+00
5109,14321,IO_TN,0.000000000000e+00
5109,14321,AO_TN,0.000000000000e+00
5109,14321,PO_TN,0.000000000000e+00
5109,14321,SO_TP,0.000000000000e+00
5109,14321,IO_TP,0.000000000000e+00
5109,14321,AO_TP,0.000000000000e+00
5109,14321,PO_TP,0.000000000000e+00
5109,14321,SED_TP,0.000000000000e+00
5109,14321,SEDWSSD_TP,0.000000000000e+00
5109,14321,SEDSCRS_TP,0.000000000000e+00
5109,14321,SO_TCd,0.000000000000e+00
5109,14321,IO_TCd,0.000000000000e+00
5109,14321,AO_TCd,0.000000000000e+00
5109,14321,PO_TCd,0.000000000000e+00
5109,14321,SED_TCd,0.000000000000e+00
5109,14321,SEDWSSD_TCd,0.000000000000e+00
5109,14321,SEDSCRS_TCd,0.000000000000e+00
5109,14321,SO_TCu,0.000000000000e+00
5109,14321,IO_TCu,0.000000000000e+00
5109,14321,AO_TCu,0.000000000000e+00
5109,14321,PO_TCu,0.000000000000e+00
5109,14321,SED_TCu,0.000000000000e+00
5109,14321,SEDWSSD_TCu,0.000000000000e+00
5109,14321,SEDSCRS_TCu,0.000000000000e+00
5109,14321,SO_TPb,0.000000000000e+00
5109,14321,IO_TPb,0.000000000000e+00
5109,14321,AO_TPb,0.000000000000e+00
5109,14321,PO_TPb,0.000000000000e+00
5109,14321,SED_TPb,0.000000000000e+00
5109,14321,SEDWSSD_TPb,0.000000000000e+00
5109,14321,SEDSCRS_TPb,0.000000000000e+00
5109,14321,SO_TZn,0.000000000000e+00
5109,14321,IO_TZn,0.000000000000e+00
5109,14321,AO_TZn,0.000000000000e+00
5109,14321,PO_TZn,0.000000000000e+00
5109,14321,SED_TZn,0.000000000000e+00
5109,14321,SEDWSSD_TZn,0.000000000000e+00
5109,14321,SEDSCRS_TZn,0.000000000000e+00
5109,14322,AREA,0.000000000000e+00
5109,14322,PREC,0.000000000000e+00
5109,14322,SURO,0.000000000000e+00
5109,14322,IFWO,0.000000000000e+00
5109,14322,AGWO,0.000000000000e+00
5109,14322,PERO,0.000000000000e+00
5109,14322,TAET,0.000000000000e+00
5109,14322,SEDLOAD,0.000000000000e+00
5109,14322,SEDWSSD, 0.00000e+00
5109,14322,SEDSCRS, 0.00000e+00
5109,14322,SEDSURO, 0.00000e+00
5109,14322,SEDIFWO, 0.00000e+00
5109,14322,SEDAGWO, 0.00000e+00
5109,14322,SO_TN,0.000000000000e+00
5109,14322,IO_TN,0.000000000000e+00
5109,14322,AO_TN,0.000000000000e+00
5109,14322,PO_TN,0.000000000000e+00
5109,14322,SO_TP,0.000000000000e+00
5109,14322,IO_TP,0.000000000000e+00
5109,14322,AO_TP,0.000000000000e+00
5109,14322,PO_TP,0.000000000000e+00
5109,14322,SED_TP,0.000000000000e+00
5109,14322,SEDWSSD_TP,0.000000000000e+00
5109,14322,SEDSCRS_TP,0.000000000000e+00
5109,14322,SO_TCd,0.000000000000e+00
5109,14322,IO_TCd,0.000000000000e+00
5109,14322,AO_TCd,0.000000000000e+00
5109,14322,PO_TCd,0.000000000000e+00
5109,14322,SED_TCd,0.000000000000e+00
5109,14322,SEDWSSD_TCd,0.000000000000e+00
5109,14322,SEDSCRS_TCd,0.000000000000e+00
5109,14322,SO_TCu,0.000000000000e+00
5109,14322,IO_TCu,0.000000000000e+00
5109,14322,AO_TCu,0.000000000000e+00
5109,14322,PO_TCu,0.000000000000e+00
5109,14322,SED_TCu,0.000000000000e+00
5109,14322,SEDWSSD_TCu,0.000000000000e+00
5109,14322,SEDSCRS_TCu,0.000000000000e+00
5109,14322,SO_TPb,0.000000000000e+00
5109,14322,IO_TPb,0.000000000000e+00
5109,14322,AO_TPb,0.000000000000e+00
5109,14322,PO_TPb,0.000000000000e+00
5109,14322,SED_TPb,0.000000000000e+00
5109,14322,SEDWSSD_TPb,0.000000000000e+00
5109,14322,SEDSCRS_TPb,0.000000000000e+00
5109,14322,SO_TZn,0.000000000000e+00
5109,14322,IO_TZn,0.000000000000e+00
5109,14322,AO_TZn,0.000000000000e+00
5109,14322,PO_TZn,0.000000000000e+00
5109,14322,SED_TZn,0.000000000000e+00
5109,14322,SEDWSSD_TZn,0.000000000000e+00
5109,14322,SEDSCRS_TZn,0.000000000000e+00
5109,14331,AREA,0.000000000000e+00
5109,14331,PREC,0.000000000000e+00
5109,14331,SURO,0.000000000000e+00
5109,14331,IFWO,0.000000000000e+00
5109,14331,AGWO,0.000000000000e+00
5109,14331,PERO,0.000000000000e+00
5109,14331,TAET,0.000000000000e+00
5109,14331,SEDLOAD,0.000000000000e+00
5109,14331,SEDWSSD, 0.00000e+00
5109,14331,SEDSCRS, 0.00000e+00
5109,14331,SEDSURO, 0.00000e+00
5109,14331,SEDIFWO, 0.00000e+00
5109,14331,SEDAGWO, 0.00000e+00
5109,14331,SO_TN,0.000000000000e+00
5109,14331,IO_TN,0.000000000000e+00
5109,14331,AO_TN,0.000000000000e+00
5109,14331,PO_TN,0.000000000000e+00
5109,14331,SO_TP,0.000000000000e+00
5109,14331,IO_TP,0.000000000000e+00
5109,14331,AO_TP,0.000000000000e+00
5109,14331,PO_TP,0.000000000000e+00
5109,14331,SED_TP,0.000000000000e+00
5109,14331,SEDWSSD_TP,0.000000000000e+00
5109,14331,SEDSCRS_TP,0.000000000000e+00
5109,14331,SO_TCd,0.000000000000e+00
5109,14331,IO_TCd,0.000000000000e+00
5109,14331,AO_TCd,0.000000000000e+00
5109,14331,PO_TCd,0.000000000000e+00
5109,14331,SED_TCd,0.000000000000e+00
5109,14331,SEDWSSD_TCd,0.000000000000e+00
5109,14331,SEDSCRS_TCd,0.000000000000e+00
5109,14331,SO_TCu,0.000000000000e+00
5109,14331,IO_TCu,0.000000000000e+00
5109,14331,AO_TCu,0.000000000000e+00
5109,14331,PO_TCu,0.000000000000e+00
5109,14331,SED_TCu,0.000000000000e+00
5109,14331,SEDWSSD_TCu,0.000000000000e+00
5109,14331,SEDSCRS_TCu,0.000000000000e+00
5109,14331,SO_TPb,0.000000000000e+00
5109,14331,IO_TPb,0.000000000000e+00
5109,14331,AO_TPb,0.000000000000e+00
5109,14331,PO_TPb,0.000000000000e+00
5109,14331,SED_TPb,0.000000000000e+00
5109,14331,SEDWSSD_TPb,0.000000000000e+00
5109,14331,SEDSCRS_TPb,0.000000000000e+00
5109,14331,SO_TZn,0.000000000000e+00
5109,14331,IO_TZn,0.000000000000e+00
5109,14331,AO_TZn,0.000000000000e+00
5109,14331,PO_TZn,0.000000000000e+00
5109,14331,SED_TZn,0.000000000000e+00
5109,14331,SEDWSSD_TZn,0.000000000000e+00
5109,14331,SEDSCRS_TZn,0.000000000000e+00
5109,14332,AREA,0.000000000000e+00
5109,14332,PREC,0.000000000000e+00
5109,14332,SURO,0.000000000000e+00
5109,14332,IFWO,0.000000000000e+00
5109,14332,AGWO,0.000000000000e+00
5109,14332,PERO,0.000000000000e+00
5109,14332,TAET,0.000000000000e+00
5109,14332,SEDLOAD,0.000000000000e+00
5109,14332,SEDWSSD, 0.00000e+00
5109,14332,SEDSCRS, 0.00000e+00
5109,14332,SEDSURO, 0.00000e+00
5109,14332,SEDIFWO, 0.00000e+00
5109,14332,SEDAGWO, 0.00000e+00
5109,14332,SO_TN,0.000000000000e+00
5109,14332,IO_TN,0.000000000000e+00
5109,14332,AO_TN,0.000000000000e+00
5109,14332,PO_TN,0.000000000000e+00
5109,14332,SO_TP,0.000000000000e+00
5109,14332,IO_TP,0.000000000000e+00
5109,14332,AO_TP,0.000000000000e+00
5109,14332,PO_TP,0.000000000000e+00
5109,14332,SED_TP,0.000000000000e+00
5109,14332,SEDWSSD_TP,0.000000000000e+00
5109,14332,SEDSCRS_TP,0.000000000000e+00
5109,14332,SO_TCd,0.000000000000e+00
5109,14332,IO_TCd,0.000000000000e+00
5109,14332,AO_TCd,0.000000000000e+00
5109,14332,PO_TCd,0.000000000000e+00
5109,14332,SED_TCd,0.000000000000e+00
5109,14332,SEDWSSD_TCd,0.000000000000e+00
5109,14332,SEDSCRS_TCd,0.000000000000e+00
5109,14332,SO_TCu,0.000000000000e+00
5109,14332,IO_TCu,0.000000000000e+00
5109,14332,AO_TCu,0.000000000000e+00
5109,14332,PO_TCu,0.000000000000e+00
5109,14332,SED_TCu,0.000000000000e+00
5109,14332,SEDWSSD_TCu,0.000000000000e+00
5109,14332,SEDSCRS_TCu,0.000000000000e+00
5109,14332,SO_TPb,0.000000000000e+00
5109,14332,IO_TPb,0.000000000000e+00
5109,14332,AO_TPb,0.000000000000e+00
5109,14332,PO_TPb,0.000000000000e+00
5109,14332,SED_TPb,0.000000000000e+00
5109,14332,SEDWSSD_TPb,0.000000000000e+00
5109,14332,SEDSCRS_TPb,0.000000000000e+00
5109,14332,SO_TZn,0.000000000000e+00
5109,14332,IO_TZn,0.000000000000e+00
5109,14332,AO_TZn,0.000000000000e+00
5109,14332,PO_TZn,0.000000000000e+00
5109,14332,SED_TZn,0.000000000000e+00
5109,14332,SEDWSSD_TZn,0.000000000000e+00
5109,14332,SEDSCRS_TZn,0.000000000000e+00
5109,14421,AREA,4.283513899996e+01
5109,14421,PREC,4.270378621299e+02
5109,14421,SURO,7.270248668421e+00
5109,14421,IFWO,3.252627394814e+00
5109,14421,AGWO,9.778584439282e+00
5109,14421,PERO,2.030146050252e+01
5109,14421,TAET,4.067364179372e+02
5109,14421,SEDLOAD,1.813828816975e+00
5109,14421,SEDWSSD, 7.81588e-01
5109,14421,SEDSCRS, 1.03076e+00
5109,14421,SEDSURO, 0.00000e+00
5109,14421,SEDIFWO, 3.68544e-04
5109,14421,SEDAGWO, 1.10798e-03
5109,14421,SO_TN,2.907322770264e+00
5109,14421,IO_TN,7.370894232764e-01
5109,14421,AO_TN,1.107979840590e+00
5109,14421,PO_TN,4.752392034130e+00
5109,14421,SO_TP,3.624704588623e+00
5109,14421,IO_TP,1.474178846553e-01
5109,14421,AO_TP,4.431919362360e-01
5109,14421,PO_TP,4.215314409514e+00
5109,14421,SED_TP,3.624704588623e+00
5109,14421,SEDWSSD_TP,1.563175515296e+00
5109,14421,SEDSCRS_TP,2.061529073328e+00
5109,14421,SO_TCd,1.812352294312e-03
5109,14421,IO_TCd,0.000000000000e+00
5109,14421,AO_TCd,0.000000000000e+00
5109,14421,PO_TCd,1.812352294312e-03
5109,14421,SED_TCd,1.812352294312e-03
5109,14421,SEDWSSD_TCd,7.815877576478e-04
5109,14421,SEDSCRS_TCd,1.030764536664e-03
5109,14421,SO_TCu,1.812352294312e-01
5109,14421,IO_TCu,0.000000000000e+00
5109,14421,AO_TCu,0.000000000000e+00
5109,14421,PO_TCu,1.812352294312e-01
5109,14421,SED_TCu,1.812352294312e-01
5109,14421,SEDWSSD_TCu,7.815877576478e-02
5109,14421,SEDSCRS_TCu,1.030764536664e-01
5109,14421,SO_TPb,1.812352294312e-02
5109,14421,IO_TPb,0.000000000000e+00
5109,14421,AO_TPb,0.000000000000e+00
5109,14421,PO_TPb,1.812352294312e-02
5109,14421,SED_TPb,1.812352294312e-02
5109,14421,SEDWSSD_TPb,7.815877576478e-03
5109,14421,SEDSCRS_TPb,1.030764536664e-02
5109,14421,SO_TZn,1.304893651904e+00
5109,14421,IO_TZn,0.000000000000e+00
5109,14421,AO_TZn,1.107979840590e-01
5109,14421,PO_TZn,1.415691635963e+00
5109,14421,SED_TZn,1.304893651904e+00
5109,14421,SEDWSSD_TZn,5.627431855064e-01
5109,14421,SEDSCRS_TZn,7.421504663979e-01
5109,14422,AREA,0.000000000000e+00
5109,14422,PREC,0.000000000000e+00
5109,14422,SURO,0.000000000000e+00
5109,14422,IFWO,0.000000000000e+00
5109,14422,AGWO,0.000000000000e+00
5109,14422,PERO,0.000000000000e+00
5109,14422,TAET,0.000000000000e+00
5109,14422,SEDLOAD,0.000000000000e+00
5109,14422,SEDWSSD, 0.00000e+00
5109,14422,SEDSCRS, 0.00000e+00
5109,14422,SEDSURO, 0.00000e+00
5109,14422,SEDIFWO, 0.00000e+00
5109,14422,SEDAGWO, 0.00000e+00
5109,14422,SO_TN,0.000000000000e+00
5109,14422,IO_TN,0.000000000000e+00
5109,14422,AO_TN,0.000000000000e+00
5109,14422,PO_TN,0.000000000000e+00
5109,14422,SO_TP,0.000000000000e+00
5109,14422,IO_TP,0.000000000000e+00
5109,14422,AO_TP,0.000000000000e+00
5109,14422,PO_TP,0.000000000000e+00
5109,14422,SED_TP,0.000000000000e+00
5109,14422,SEDWSSD_TP,0.000000000000e+00
5109,14422,SEDSCRS_TP,0.000000000000e+00
5109,14422,SO_TCd,0.000000000000e+00
5109,14422,IO_TCd,0.000000000000e+00
5109,14422,AO_TCd,0.000000000000e+00
5109,14422,PO_TCd,0.000000000000e+00
5109,14422,SED_TCd,0.000000000000e+00
5109,14422,SEDWSSD_TCd,0.000000000000e+00
5109,14422,SEDSCRS_TCd,0.000000000000e+00
5109,14422,SO_TCu,0.000000000000e+00
5109,14422,IO_TCu,0.000000000000e+00
5109,14422,AO_TCu,0.000000000000e+00
5109,14422,PO_TCu,0.000000000000e+00
5109,14422,SED_TCu,0.000000000000e+00
5109,14422,SEDWSSD_TCu,0.000000000000e+00
5109,14422,SEDSCRS_TCu,0.000000000000e+00
5109,14422,SO_TPb,0.000000000000e+00
5109,14422,IO_TPb,0.000000000000e+00
5109,14422,AO_TPb,0.000000000000e+00
5109,14422,PO_TPb,0.000000000000e+00
5109,14422,SED_TPb,0.000000000000e+00
5109,14422,SEDWSSD_TPb,0.000000000000e+00
5109,14422,SEDSCRS_TPb,0.000000000000e+00
5109,14422,SO_TZn,0.000000000000e+00
5109,14422,IO_TZn,0.000000000000e+00
5109,14422,AO_TZn,0.000000000000e+00
5109,14422,PO_TZn,0.000000000000e+00
5109,14422,SED_TZn,0.000000000000e+00
5109,14422,SEDWSSD_TZn,0.000000000000e+00
5109,14422,SEDSCRS_TZn,0.000000000000e+00
5109,14431,AREA,0.000000000000e+00
5109,14431,PREC,0.000000000000e+00
5109,14431,SURO,0.000000000000e+00
5109,14431,IFWO,0.000000000000e+00
5109,14431,AGWO,0.000000000000e+00
5109,14431,PERO,0.000000000000e+00
5109,14431,TAET,0.000000000000e+00
5109,14431,SEDLOAD,0.000000000000e+00
5109,14431,SEDWSSD, 0.00000e+00
5109,14431,SEDSCRS, 0.00000e+00
5109,14431,SEDSURO, 0.00000e+00
5109,14431,SEDIFWO, 0.00000e+00
5109,14431,SEDAGWO, 0.00000e+00
5109,14431,SO_TN,0.000000000000e+00
5109,14431,IO_TN,0.000000000000e+00
5109,14431,AO_TN,0.000000000000e+00
5109,14431,PO_TN,0.000000000000e+00
5109,14431,SO_TP,0.000000000000e+00
5109,14431,IO_TP,0.000000000000e+00
5109,14431,AO_TP,0.000000000000e+00
5109,14431,PO_TP,0.000000000000e+00
5109,14431,SED_TP,0.000000000000e+00
5109,14431,SEDWSSD_TP,0.000000000000e+00
5109,14431,SEDSCRS_TP,0.000000000000e+00
5109,14431,SO_TCd,0.000000000000e+00
5109,14431,IO_TCd,0.000000000000e+00
5109,14431,AO_TCd,0.000000000000e+00
5109,14431,PO_TCd,0.000000000000e+00
5109,14431,SED_TCd,0.000000000000e+00
5109,14431,SEDWSSD_TCd,0.000000000000e+00
5109,14431,SEDSCRS_TCd,0.000000000000e+00
5109,14431,SO_TCu,0.000000000000e+00
5109,14431,IO_TCu,0.000000000000e+00
5109,14431,AO_TCu,0.000000000000e+00
5109,14431,PO_TCu,0.000000000000e+00
5109,14431,SED_TCu,0.000000000000e+00
5109,14431,SEDWSSD_TCu,0.000000000000e+00
5109,14431,SEDSCRS_TCu,0.000000000000e+00
5109,14431,SO_TPb,0.000000000000e+00
5109,14431,IO_TPb,0.000000000000e+00
5109,14431,AO_TPb,0.000000000000e+00
5109,14431,PO_TPb,0.000000000000e+00
5109,14431,SED_TPb,0.000000000000e+00
5109,14431,SEDWSSD_TPb,0.000000000000e+00
5109,14431,SEDSCRS_TPb,0.000000000000e+00
5109,14431,SO_TZn,0.000000000000e+00
5109,14431,IO_TZn,0.000000000000e+00
5109,14431,AO_TZn,0.000000000000e+00
5109,14431,PO_TZn,0.000000000000e+00
5109,14431,SED_TZn,0.000000000000e+00
5109,14431,SEDWSSD_TZn,0.000000000000e+00
5109,14431,SEDSCRS_TZn,0.000000000000e+00
5109,14432,AREA,0.000000000000e+00
5109,14432,PREC,0.000000000000e+00
5109,14432,SURO,0.000000000000e+00
5109,14432,IFWO,0.000000000000e+00
5109,14432,AGWO,0.000000000000e+00
5109,14432,PERO,0.000000000000e+00
5109,14432,TAET,0.000000000000e+00
5109,14432,SEDLOAD,0.000000000000e+00
5109,14432,SEDWSSD, 0.00000e+00
5109,14432,SEDSCRS, 0.00000e+00
5109,14432,SEDSURO, 0.00000e+00
5109,14432,SEDIFWO, 0.00000e+00
5109,14432,SEDAGWO, 0.00000e+00
5109,14432,SO_TN,0.000000000000e+00
5109,14432,IO_TN,0.000000000000e+00
5109,14432,AO_TN,0.000000000000e+00
5109,14432,PO_TN,0.000000000000e+00
5109,14432,SO_TP,0.000000000000e+00
5109,14432,IO_TP,0.000000000000e+00
5109,14432,AO_TP,0.000000000000e+00
5109,14432,PO_TP,0.000000000000e+00
5109,14432,SED_TP,0.000000000000e+00
5109,14432,SEDWSSD_TP,0.000000000000e+00
5109,14432,SEDSCRS_TP,0.000000000000e+00
5109,14432,SO_TCd,0.000000000000e+00
5109,14432,IO_TCd,0.000000000000e+00
5109,14432,AO_TCd,0.000000000000e+00
5109,14432,PO_TCd,0.000000000000e+00
5109,14432,SED_TCd,0.000000000000e+00
5109,14432,SEDWSSD_TCd,0.000000000000e+00
5109,14432,SEDSCRS_TCd,0.000000000000e+00
5109,14432,SO_TCu,0.000000000000e+00
5109,14432,IO_TCu,0.000000000000e+00
5109,14432,AO_TCu,0.000000000000e+00
5109,14432,PO_TCu,0.000000000000e+00
5109,14432,SED_TCu,0.000000000000e+00
5109,14432,SEDWSSD_TCu,0.000000000000e+00
5109,14432,SEDSCRS_TCu,0.000000000000e+00
5109,14432,SO_TPb,0.000000000000e+00
5109,14432,IO_TPb,0.000000000000e+00
5109,14432,AO_TPb,0.000000000000e+00
5109,14432,PO_TPb,0.000000000000e+00
5109,14432,SED_TPb,0.000000000000e+00
5109,14432,SEDWSSD_TPb,0.000000000000e+00
5109,14432,SEDSCRS_TPb,0.000000000000e+00
5109,14432,SO_TZn,0.000000000000e+00
5109,14432,IO_TZn,0.000000000000e+00
5109,14432,AO_TZn,0.000000000000e+00
5109,14432,PO_TZn,0.000000000000e+00
5109,14432,SED_TZn,0.000000000000e+00
5109,14432,SEDWSSD_TZn,0.000000000000e+00
5109,14432,SEDSCRS_TZn,0.000000000000e+00
5109,15121,AREA,0.000000000000e+00
5109,15121,PREC,0.000000000000e+00
5109,15121,SURO,0.000000000000e+00
5109,15121,IFWO,0.000000000000e+00
5109,15121,AGWO,0.000000000000e+00
5109,15121,PERO,0.000000000000e+00
5109,15121,TAET,0.000000000000e+00
5109,15121,SEDLOAD,0.000000000000e+00
5109,15121,SEDWSSD, 0.00000e+00
5109,15121,SEDSCRS, 0.00000e+00
5109,15121,SEDSURO, 0.00000e+00
5109,15121,SEDIFWO, 0.00000e+00
5109,15121,SEDAGWO, 0.00000e+00
5109,15121,SO_TN,0.000000000000e+00
5109,15121,IO_TN,0.000000000000e+00
5109,15121,AO_TN,0.000000000000e+00
5109,15121,PO_TN,0.000000000000e+00
5109,15121,SO_TP,0.000000000000e+00
5109,15121,IO_TP,0.000000000000e+00
5109,15121,AO_TP,0.000000000000e+00
5109,15121,PO_TP,0.000000000000e+00
5109,15121,SED_TP,0.000000000000e+00
5109,15121,SEDWSSD_TP,0.000000000000e+00
5109,15121,SEDSCRS_TP,0.000000000000e+00
5109,15121,SO_TCd,0.000000000000e+00
5109,15121,IO_TCd,0.000000000000e+00
5109,15121,AO_TCd,0.000000000000e+00
5109,15121,PO_TCd,0.000000000000e+00
5109,15121,SED_TCd,0.000000000000e+00
5109,15121,SEDWSSD_TCd,0.000000000000e+00
5109,15121,SEDSCRS_TCd,0.000000000000e+00
5109,15121,SO_TCu,0.000000000000e+00
5109,15121,IO_TCu,0.000000000000e+00
5109,15121,AO_TCu,0.000000000000e+00
5109,15121,PO_TCu,0.000000000000e+00
5109,15121,SED_TCu,0.000000000000e+00
5109,15121,SEDWSSD_TCu,0.000000000000e+00
5109,15121,SEDSCRS_TCu,0.000000000000e+00
5109,15121,SO_TPb,0.000000000000e+00
5109,15121,IO_TPb,0.000000000000e+00
5109,15121,AO_TPb,0.000000000000e+00
5109,15121,PO_TPb,0.000000000000e+00
5109,15121,SED_TPb,0.000000000000e+00
5109,15121,SEDWSSD_TPb,0.000000000000e+00
5109,15121,SEDSCRS_TPb,0.000000000000e+00
5109,15121,SO_TZn,0.000000000000e+00
5109,15121,IO_TZn,0.000000000000e+00
5109,15121,AO_TZn,0.000000000000e+00
5109,15121,PO_TZn,0.000000000000e+00
5109,15121,SED_TZn,0.000000000000e+00
5109,15121,SEDWSSD_TZn,0.000000000000e+00
5109,15121,SEDSCRS_TZn,0.000000000000e+00
5109,15122,AREA,0.000000000000e+00
5109,15122,PREC,0.000000000000e+00
5109,15122,SURO,0.000000000000e+00
5109,15122,IFWO,0.000000000000e+00
5109,15122,AGWO,0.000000000000e+00
5109,15122,PERO,0.000000000000e+00
5109,15122,TAET,0.000000000000e+00
5109,15122,SEDLOAD,0.000000000000e+00
5109,15122,SEDWSSD, 0.00000e+00
5109,15122,SEDSCRS, 0.00000e+00
5109,15122,SEDSURO, 0.00000e+00
5109,15122,SEDIFWO, 0.00000e+00
5109,15122,SEDAGWO, 0.00000e+00
5109,15122,SO_TN,0.000000000000e+00
5109,15122,IO_TN,0.000000000000e+00
5109,15122,AO_TN,0.000000000000e+00
5109,15122,PO_TN,0.000000000000e+00
5109,15122,SO_TP,0.000000000000e+00
5109,15122,IO_TP,0.000000000000e+00
5109,15122,AO_TP,0.000000000000e+00
5109,15122,PO_TP,0.000000000000e+00
5109,15122,SED_TP,0.000000000000e+00
5109,15122,SEDWSSD_TP,0.000000000000e+00
5109,15122,SEDSCRS_TP,0.000000000000e+00
5109,15122,SO_TCd,0.000000000000e+00
5109,15122,IO_TCd,0.000000000000e+00
5109,15122,AO_TCd,0.000000000000e+00
5109,15122,PO_TCd,0.000000000000e+00
5109,15122,SED_TCd,0.000000000000e+00
5109,15122,SEDWSSD_TCd,0.000000000000e+00
5109,15122,SEDSCRS_TCd,0.000000000000e+00
5109,15122,SO_TCu,0.000000000000e+00
5109,15122,IO_TCu,0.000000000000e+00
5109,15122,AO_TCu,0.000000000000e+00
5109,15122,PO_TCu,0.000000000000e+00
5109,15122,SED_TCu,0.000000000000e+00
5109,15122,SEDWSSD_TCu,0.000000000000e+00
5109,15122,SEDSCRS_TCu,0.000000000000e+00
5109,15122,SO_TPb,0.000000000000e+00
5109,15122,IO_TPb,0.000000000000e+00
5109,15122,AO_TPb,0.000000000000e+00
5109,15122,PO_TPb,0.000000000000e+00
5109,15122,SED_TPb,0.000000000000e+00
5109,15122,SEDWSSD_TPb,0.000000000000e+00
5109,15122,SEDSCRS_TPb,0.000000000000e+00
5109,15122,SO_TZn,0.000000000000e+00
5109,15122,IO_TZn,0.000000000000e+00
5109,15122,AO_TZn,0.000000000000e+00
5109,15122,PO_TZn,0.000000000000e+00
5109,15122,SED_TZn,0.000000000000e+00
5109,15122,SEDWSSD_TZn,0.000000000000e+00
5109,15122,SEDSCRS_TZn,0.000000000000e+00
5109,15131,AREA,0.000000000000e+00
5109,15131,PREC,0.000000000000e+00
5109,15131,SURO,0.000000000000e+00
5109,15131,IFWO,0.000000000000e+00
5109,15131,AGWO,0.000000000000e+00
5109,15131,PERO,0.000000000000e+00
5109,15131,TAET,0.000000000000e+00
5109,15131,SEDLOAD,0.000000000000e+00
5109,15131,SEDWSSD, 0.00000e+00
5109,15131,SEDSCRS, 0.00000e+00
5109,15131,SEDSURO, 0.00000e+00
5109,15131,SEDIFWO, 0.00000e+00
5109,15131,SEDAGWO, 0.00000e+00
5109,15131,SO_TN,0.000000000000e+00
5109,15131,IO_TN,0.000000000000e+00
5109,15131,AO_TN,0.000000000000e+00
5109,15131,PO_TN,0.000000000000e+00
5109,15131,SO_TP,0.000000000000e+00
5109,15131,IO_TP,0.000000000000e+00
5109,15131,AO_TP,0.000000000000e+00
5109,15131,PO_TP,0.000000000000e+00
5109,15131,SED_TP,0.000000000000e+00
5109,15131,SEDWSSD_TP,0.000000000000e+00
5109,15131,SEDSCRS_TP,0.000000000000e+00
5109,15131,SO_TCd,0.000000000000e+00
5109,15131,IO_TCd,0.000000000000e+00
5109,15131,AO_TCd,0.000000000000e+00
5109,15131,PO_TCd,0.000000000000e+00
5109,15131,SED_TCd,0.000000000000e+00
5109,15131,SEDWSSD_TCd,0.000000000000e+00
5109,15131,SEDSCRS_TCd,0.000000000000e+00
5109,15131,SO_TCu,0.000000000000e+00
5109,15131,IO_TCu,0.000000000000e+00
5109,15131,AO_TCu,0.000000000000e+00
5109,15131,PO_TCu,0.000000000000e+00
5109,15131,SED_TCu,0.000000000000e+00
5109,15131,SEDWSSD_TCu,0.000000000000e+00
5109,15131,SEDSCRS_TCu,0.000000000000e+00
5109,15131,SO_TPb,0.000000000000e+00
5109,15131,IO_TPb,0.000000000000e+00
5109,15131,AO_TPb,0.000000000000e+00
5109,15131,PO_TPb,0.000000000000e+00
5109,15131,SED_TPb,0.000000000000e+00
5109,15131,SEDWSSD_TPb,0.000000000000e+00
5109,15131,SEDSCRS_TPb,0.000000000000e+00
5109,15131,SO_TZn,0.000000000000e+00
5109,15131,IO_TZn,0.000000000000e+00
5109,15131,AO_TZn,0.000000000000e+00
5109,15131,PO_TZn,0.000000000000e+00
5109,15131,SED_TZn,0.000000000000e+00
5109,15131,SEDWSSD_TZn,0.000000000000e+00
5109,15131,SEDSCRS_TZn,0.000000000000e+00
5109,15132,AREA,0.000000000000e+00
5109,15132,PREC,0.000000000000e+00
5109,15132,SURO,0.000000000000e+00
5109,15132,IFWO,0.000000000000e+00
5109,15132,AGWO,0.000000000000e+00
5109,15132,PERO,0.000000000000e+00
5109,15132,TAET,0.000000000000e+00
5109,15132,SEDLOAD,0.000000000000e+00
5109,15132,SEDWSSD, 0.00000e+00
5109,15132,SEDSCRS, 0.00000e+00
5109,15132,SEDSURO, 0.00000e+00
5109,15132,SEDIFWO, 0.00000e+00
5109,15132,SEDAGWO, 0.00000e+00
5109,15132,SO_TN,0.000000000000e+00
5109,15132,IO_TN,0.000000000000e+00
5109,15132,AO_TN,0.000000000000e+00
5109,15132,PO_TN,0.000000000000e+00
5109,15132,SO_TP,0.000000000000e+00
5109,15132,IO_TP,0.000000000000e+00
5109,15132,AO_TP,0.000000000000e+00
5109,15132,PO_TP,0.000000000000e+00
5109,15132,SED_TP,0.000000000000e+00
5109,15132,SEDWSSD_TP,0.000000000000e+00
5109,15132,SEDSCRS_TP,0.000000000000e+00
5109,15132,SO_TCd,0.000000000000e+00
5109,15132,IO_TCd,0.000000000000e+00
5109,15132,AO_TCd,0.000000000000e+00
5109,15132,PO_TCd,0.000000000000e+00
5109,15132,SED_TCd,0.000000000000e+00
5109,15132,SEDWSSD_TCd,0.000000000000e+00
5109,15132,SEDSCRS_TCd,0.000000000000e+00
5109,15132,SO_TCu,0.000000000000e+00
5109,15132,IO_TCu,0.000000000000e+00
5109,15132,AO_TCu,0.000000000000e+00
5109,15132,PO_TCu,0.000000000000e+00
5109,15132,SED_TCu,0.000000000000e+00
5109,15132,SEDWSSD_TCu,0.000000000000e+00
5109,15132,SEDSCRS_TCu,0.000000000000e+00
5109,15132,SO_TPb,0.000000000000e+00
5109,15132,IO_TPb,0.000000000000e+00
5109,15132,AO_TPb,0.000000000000e+00
5109,15132,PO_TPb,0.000000000000e+00
5109,15132,SED_TPb,0.000000000000e+00
5109,15132,SEDWSSD_TPb,0.000000000000e+00
5109,15132,SEDSCRS_TPb,0.000000000000e+00
5109,15132,SO_TZn,0.000000000000e+00
5109,15132,IO_TZn,0.000000000000e+00
5109,15132,AO_TZn,0.000000000000e+00
5109,15132,PO_TZn,0.000000000000e+00
5109,15132,SED_TZn,0.000000000000e+00
5109,15132,SEDWSSD_TZn,0.000000000000e+00
5109,15132,SEDSCRS_TZn,0.000000000000e+00
5109,15221,AREA,0.000000000000e+00
5109,15221,PREC,0.000000000000e+00
5109,15221,SURO,0.000000000000e+00
5109,15221,IFWO,0.000000000000e+00
5109,15221,AGWO,0.000000000000e+00
5109,15221,PERO,0.000000000000e+00
5109,15221,TAET,0.000000000000e+00
5109,15221,SEDLOAD,0.000000000000e+00
5109,15221,SEDWSSD, 0.00000e+00
5109,15221,SEDSCRS, 0.00000e+00
5109,15221,SEDSURO, 0.00000e+00
5109,15221,SEDIFWO, 0.00000e+00
5109,15221,SEDAGWO, 0.00000e+00
5109,15221,SO_TN,0.000000000000e+00
5109,15221,IO_TN,0.000000000000e+00
5109,15221,AO_TN,0.000000000000e+00
5109,15221,PO_TN,0.000000000000e+00
5109,15221,SO_TP,0.000000000000e+00
5109,15221,IO_TP,0.000000000000e+00
5109,15221,AO_TP,0.000000000000e+00
5109,15221,PO_TP,0.000000000000e+00
5109,15221,SED_TP,0.000000000000e+00
5109,15221,SEDWSSD_TP,0.000000000000e+00
5109,15221,SEDSCRS_TP,0.000000000000e+00
5109,15221,SO_TCd,0.000000000000e+00
5109,15221,IO_TCd,0.000000000000e+00
5109,15221,AO_TCd,0.000000000000e+00
5109,15221,PO_TCd,0.000000000000e+00
5109,15221,SED_TCd,0.000000000000e+00
5109,15221,SEDWSSD_TCd,0.000000000000e+00
5109,15221,SEDSCRS_TCd,0.000000000000e+00
5109,15221,SO_TCu,0.000000000000e+00
5109,15221,IO_TCu,0.000000000000e+00
5109,15221,AO_TCu,0.000000000000e+00
5109,15221,PO_TCu,0.000000000000e+00
5109,15221,SED_TCu,0.000000000000e+00
5109,15221,SEDWSSD_TCu,0.000000000000e+00
5109,15221,SEDSCRS_TCu,0.000000000000e+00
5109,15221,SO_TPb,0.000000000000e+00
5109,15221,IO_TPb,0.000000000000e+00
5109,15221,AO_TPb,0.000000000000e+00
5109,15221,PO_TPb,0.000000000000e+00
5109,15221,SED_TPb,0.000000000000e+00
5109,15221,SEDWSSD_TPb,0.000000000000e+00
5109,15221,SEDSCRS_TPb,0.000000000000e+00
5109,15221,SO_TZn,0.000000000000e+00
5109,15221,IO_TZn,0.000000000000e+00
5109,15221,AO_TZn,0.000000000000e+00
5109,15221,PO_TZn,0.000000000000e+00
5109,15221,SED_TZn,0.000000000000e+00
5109,15221,SEDWSSD_TZn,0.000000000000e+00
5109,15221,SEDSCRS_TZn,0.000000000000e+00
5109,15222,AREA,0.000000000000e+00
5109,15222,PREC,0.000000000000e+00
5109,15222,SURO,0.000000000000e+00
5109,15222,IFWO,0.000000000000e+00
5109,15222,AGWO,0.000000000000e+00
5109,15222,PERO,0.000000000000e+00
5109,15222,TAET,0.000000000000e+00
5109,15222,SEDLOAD,0.000000000000e+00
5109,15222,SEDWSSD, 0.00000e+00
5109,15222,SEDSCRS, 0.00000e+00
5109,15222,SEDSURO, 0.00000e+00
5109,15222,SEDIFWO, 0.00000e+00
5109,15222,SEDAGWO, 0.00000e+00
5109,15222,SO_TN,0.000000000000e+00
5109,15222,IO_TN,0.000000000000e+00
5109,15222,AO_TN,0.000000000000e+00
5109,15222,PO_TN,0.000000000000e+00
5109,15222,SO_TP,0.000000000000e+00
5109,15222,IO_TP,0.000000000000e+00
5109,15222,AO_TP,0.000000000000e+00
5109,15222,PO_TP,0.000000000000e+00
5109,15222,SED_TP,0.000000000000e+00
5109,15222,SEDWSSD_TP,0.000000000000e+00
5109,15222,SEDSCRS_TP,0.000000000000e+00
5109,15222,SO_TCd,0.000000000000e+00
5109,15222,IO_TCd,0.000000000000e+00
5109,15222,AO_TCd,0.000000000000e+00
5109,15222,PO_TCd,0.000000000000e+00
5109,15222,SED_TCd,0.000000000000e+00
5109,15222,SEDWSSD_TCd,0.000000000000e+00
5109,15222,SEDSCRS_TCd,0.000000000000e+00
5109,15222,SO_TCu,0.000000000000e+00
5109,15222,IO_TCu,0.000000000000e+00
5109,15222,AO_TCu,0.000000000000e+00
5109,15222,PO_TCu,0.000000000000e+00
5109,15222,SED_TCu,0.000000000000e+00
5109,15222,SEDWSSD_TCu,0.000000000000e+00
5109,15222,SEDSCRS_TCu,0.000000000000e+00
5109,15222,SO_TPb,0.000000000000e+00
5109,15222,IO_TPb,0.000000000000e+00
5109,15222,AO_TPb,0.000000000000e+00
5109,15222,PO_TPb,0.000000000000e+00
5109,15222,SED_TPb,0.000000000000e+00
5109,15222,SEDWSSD_TPb,0.000000000000e+00
5109,15222,SEDSCRS_TPb,0.000000000000e+00
5109,15222,SO_TZn,0.000000000000e+00
5109,15222,IO_TZn,0.000000000000e+00
5109,15222,AO_TZn,0.000000000000e+00
5109,15222,PO_TZn,0.000000000000e+00
5109,15222,SED_TZn,0.000000000000e+00
5109,15222,SEDWSSD_TZn,0.000000000000e+00
5109,15222,SEDSCRS_TZn,0.000000000000e+00
5109,15231,AREA,0.000000000000e+00
5109,15231,PREC,0.000000000000e+00
5109,15231,SURO,0.000000000000e+00
5109,15231,IFWO,0.000000000000e+00
5109,15231,AGWO,0.000000000000e+00
5109,15231,PERO,0.000000000000e+00
5109,15231,TAET,0.000000000000e+00
5109,15231,SEDLOAD,0.000000000000e+00
5109,15231,SEDWSSD, 0.00000e+00
5109,15231,SEDSCRS, 0.00000e+00
5109,15231,SEDSURO, 0.00000e+00
5109,15231,SEDIFWO, 0.00000e+00
5109,15231,SEDAGWO, 0.00000e+00
5109,15231,SO_TN,0.000000000000e+00
5109,15231,IO_TN,0.000000000000e+00
5109,15231,AO_TN,0.000000000000e+00
5109,15231,PO_TN,0.000000000000e+00
5109,15231,SO_TP,0.000000000000e+00
5109,15231,IO_TP,0.000000000000e+00
5109,15231,AO_TP,0.000000000000e+00
5109,15231,PO_TP,0.000000000000e+00
5109,15231,SED_TP,0.000000000000e+00
5109,15231,SEDWSSD_TP,0.000000000000e+00
5109,15231,SEDSCRS_TP,0.000000000000e+00
5109,15231,SO_TCd,0.000000000000e+00
5109,15231,IO_TCd,0.000000000000e+00
5109,15231,AO_TCd,0.000000000000e+00
5109,15231,PO_TCd,0.000000000000e+00
5109,15231,SED_TCd,0.000000000000e+00
5109,15231,SEDWSSD_TCd,0.000000000000e+00
5109,15231,SEDSCRS_TCd,0.000000000000e+00
5109,15231,SO_TCu,0.000000000000e+00
5109,15231,IO_TCu,0.000000000000e+00
5109,15231,AO_TCu,0.000000000000e+00
5109,15231,PO_TCu,0.000000000000e+00
5109,15231,SED_TCu,0.000000000000e+00
5109,15231,SEDWSSD_TCu,0.000000000000e+00
5109,15231,SEDSCRS_TCu,0.000000000000e+00
5109,15231,SO_TPb,0.000000000000e+00
5109,15231,IO_TPb,0.000000000000e+00
5109,15231,AO_TPb,0.000000000000e+00
5109,15231,PO_TPb,0.000000000000e+00
5109,15231,SED_TPb,0.000000000000e+00
5109,15231,SEDWSSD_TPb,0.000000000000e+00
5109,15231,SEDSCRS_TPb,0.000000000000e+00
5109,15231,SO_TZn,0.000000000000e+00
5109,15231,IO_TZn,0.000000000000e+00
5109,15231,AO_TZn,0.000000000000e+00
5109,15231,PO_TZn,0.000000000000e+00
5109,15231,SED_TZn,0.000000000000e+00
5109,15231,SEDWSSD_TZn,0.000000000000e+00
5109,15231,SEDSCRS_TZn,0.000000000000e+00
5109,15232,AREA,0.000000000000e+00
5109,15232,PREC,0.000000000000e+00
5109,15232,SURO,0.000000000000e+00
5109,15232,IFWO,0.000000000000e+00
5109,15232,AGWO,0.000000000000e+00
5109,15232,PERO,0.000000000000e+00
5109,15232,TAET,0.000000000000e+00
5109,15232,SEDLOAD,0.000000000000e+00
5109,15232,SEDWSSD, 0.00000e+00
5109,15232,SEDSCRS, 0.00000e+00
5109,15232,SEDSURO, 0.00000e+00
5109,15232,SEDIFWO, 0.00000e+00
5109,15232,SEDAGWO, 0.00000e+00
5109,15232,SO_TN,0.000000000000e+00
5109,15232,IO_TN,0.000000000000e+00
5109,15232,AO_TN,0.000000000000e+00
5109,15232,PO_TN,0.000000000000e+00
5109,15232,SO_TP,0.000000000000e+00
5109,15232,IO_TP,0.000000000000e+00
5109,15232,AO_TP,0.000000000000e+00
5109,15232,PO_TP,0.000000000000e+00
5109,15232,SED_TP,0.000000000000e+00
5109,15232,SEDWSSD_TP,0.000000000000e+00
5109,15232,SEDSCRS_TP,0.000000000000e+00
5109,15232,SO_TCd,0.000000000000e+00
5109,15232,IO_TCd,0.000000000000e+00
5109,15232,AO_TCd,0.000000000000e+00
5109,15232,PO_TCd,0.000000000000e+00
5109,15232,SED_TCd,0.000000000000e+00
5109,15232,SEDWSSD_TCd,0.000000000000e+00
5109,15232,SEDSCRS_TCd,0.000000000000e+00
5109,15232,SO_TCu,0.000000000000e+00
5109,15232,IO_TCu,0.000000000000e+00
5109,15232,AO_TCu,0.000000000000e+00
5109,15232,PO_TCu,0.000000000000e+00
5109,15232,SED_TCu,0.000000000000e+00
5109,15232,SEDWSSD_TCu,0.000000000000e+00
5109,15232,SEDSCRS_TCu,0.000000000000e+00
5109,15232,SO_TPb,0.000000000000e+00
5109,15232,IO_TPb,0.000000000000e+00
5109,15232,AO_TPb,0.000000000000e+00
5109,15232,PO_TPb,0.000000000000e+00
5109,15232,SED_TPb,0.000000000000e+00
5109,15232,SEDWSSD_TPb,0.000000000000e+00
5109,15232,SEDSCRS_TPb,0.000000000000e+00
5109,15232,SO_TZn,0.000000000000e+00
5109,15232,IO_TZn,0.000000000000e+00
5109,15232,AO_TZn,0.000000000000e+00
5109,15232,PO_TZn,0.000000000000e+00
5109,15232,SED_TZn,0.000000000000e+00
5109,15232,SEDWSSD_TZn,0.000000000000e+00
5109,15232,SEDSCRS_TZn,0.000000000000e+00
5109,15321,AREA,0.000000000000e+00
5109,15321,PREC,0.000000000000e+00
5109,15321,SURO,0.000000000000e+00
5109,15321,IFWO,0.000000000000e+00
5109,15321,AGWO,0.000000000000e+00
5109,15321,PERO,0.000000000000e+00
5109,15321,TAET,0.000000000000e+00
5109,15321,SEDLOAD,0.000000000000e+00
5109,15321,SEDWSSD, 0.00000e+00
5109,15321,SEDSCRS, 0.00000e+00
5109,15321,SEDSURO, 0.00000e+00
5109,15321,SEDIFWO, 0.00000e+00
5109,15321,SEDAGWO, 0.00000e+00
5109,15321,SO_TN,0.000000000000e+00
5109,15321,IO_TN,0.000000000000e+00
5109,15321,AO_TN,0.000000000000e+00
5109,15321,PO_TN,0.000000000000e+00
5109,15321,SO_TP,0.000000000000e+00
5109,15321,IO_TP,0.000000000000e+00
5109,15321,AO_TP,0.000000000000e+00
5109,15321,PO_TP,0.000000000000e+00
5109,15321,SED_TP,0.000000000000e+00
5109,15321,SEDWSSD_TP,0.000000000000e+00
5109,15321,SEDSCRS_TP,0.000000000000e+00
5109,15321,SO_TCd,0.000000000000e+00
5109,15321,IO_TCd,0.000000000000e+00
5109,15321,AO_TCd,0.000000000000e+00
5109,15321,PO_TCd,0.000000000000e+00
5109,15321,SED_TCd,0.000000000000e+00
5109,15321,SEDWSSD_TCd,0.000000000000e+00
5109,15321,SEDSCRS_TCd,0.000000000000e+00
5109,15321,SO_TCu,0.000000000000e+00
5109,15321,IO_TCu,0.000000000000e+00
5109,15321,AO_TCu,0.000000000000e+00
5109,15321,PO_TCu,0.000000000000e+00
5109,15321,SED_TCu,0.000000000000e+00
5109,15321,SEDWSSD_TCu,0.000000000000e+00
5109,15321,SEDSCRS_TCu,0.000000000000e+00
5109,15321,SO_TPb,0.000000000000e+00
5109,15321,IO_TPb,0.000000000000e+00
5109,15321,AO_TPb,0.000000000000e+00
5109,15321,PO_TPb,0.000000000000e+00
5109,15321,SED_TPb,0.000000000000e+00
5109,15321,SEDWSSD_TPb,0.000000000000e+00
5109,15321,SEDSCRS_TPb,0.000000000000e+00
5109,15321,SO_TZn,0.000000000000e+00
5109,15321,IO_TZn,0.000000000000e+00
5109,15321,AO_TZn,0.000000000000e+00
5109,15321,PO_TZn,0.000000000000e+00
5109,15321,SED_TZn,0.000000000000e+00
5109,15321,SEDWSSD_TZn,0.000000000000e+00
5109,15321,SEDSCRS_TZn,0.000000000000e+00
5109,15322,AREA,0.000000000000e+00
5109,15322,PREC,0.000000000000e+00
5109,15322,SURO,0.000000000000e+00
5109,15322,IFWO,0.000000000000e+00
5109,15322,AGWO,0.000000000000e+00
5109,15322,PERO,0.000000000000e+00
5109,15322,TAET,0.000000000000e+00
5109,15322,SEDLOAD,0.000000000000e+00
5109,15322,SEDWSSD, 0.00000e+00
5109,15322,SEDSCRS, 0.00000e+00
5109,15322,SEDSURO, 0.00000e+00
5109,15322,SEDIFWO, 0.00000e+00
5109,15322,SEDAGWO, 0.00000e+00
5109,15322,SO_TN,0.000000000000e+00
5109,15322,IO_TN,0.000000000000e+00
5109,15322,AO_TN,0.000000000000e+00
5109,15322,PO_TN,0.000000000000e+00
5109,15322,SO_TP,0.000000000000e+00
5109,15322,IO_TP,0.000000000000e+00
5109,15322,AO_TP,0.000000000000e+00
5109,15322,PO_TP,0.000000000000e+00
5109,15322,SED_TP,0.000000000000e+00
5109,15322,SEDWSSD_TP,0.000000000000e+00
5109,15322,SEDSCRS_TP,0.000000000000e+00
5109,15322,SO_TCd,0.000000000000e+00
5109,15322,IO_TCd,0.000000000000e+00
5109,15322,AO_TCd,0.000000000000e+00
5109,15322,PO_TCd,0.000000000000e+00
5109,15322,SED_TCd,0.000000000000e+00
5109,15322,SEDWSSD_TCd,0.000000000000e+00
5109,15322,SEDSCRS_TCd,0.000000000000e+00
5109,15322,SO_TCu,0.000000000000e+00
5109,15322,IO_TCu,0.000000000000e+00
5109,15322,AO_TCu,0.000000000000e+00
5109,15322,PO_TCu,0.000000000000e+00
5109,15322,SED_TCu,0.000000000000e+00
5109,15322,SEDWSSD_TCu,0.000000000000e+00
5109,15322,SEDSCRS_TCu,0.000000000000e+00
5109,15322,SO_TPb,0.000000000000e+00
5109,15322,IO_TPb,0.000000000000e+00
5109,15322,AO_TPb,0.000000000000e+00
5109,15322,PO_TPb,0.000000000000e+00
5109,15322,SED_TPb,0.000000000000e+00
5109,15322,SEDWSSD_TPb,0.000000000000e+00
5109,15322,SEDSCRS_TPb,0.000000000000e+00
5109,15322,SO_TZn,0.000000000000e+00
5109,15322,IO_TZn,0.000000000000e+00
5109,15322,AO_TZn,0.000000000000e+00
5109,15322,PO_TZn,0.000000000000e+00
5109,15322,SED_TZn,0.000000000000e+00
5109,15322,SEDWSSD_TZn,0.000000000000e+00
5109,15322,SEDSCRS_TZn,0.000000000000e+00
5109,15331,AREA,0.000000000000e+00
5109,15331,PREC,0.000000000000e+00
5109,15331,SURO,0.000000000000e+00
5109,15331,IFWO,0.000000000000e+00
5109,15331,AGWO,0.000000000000e+00
5109,15331,PERO,0.000000000000e+00
5109,15331,TAET,0.000000000000e+00
5109,15331,SEDLOAD,0.000000000000e+00
5109,15331,SEDWSSD, 0.00000e+00
5109,15331,SEDSCRS, 0.00000e+00
5109,15331,SEDSURO, 0.00000e+00
5109,15331,SEDIFWO, 0.00000e+00
5109,15331,SEDAGWO, 0.00000e+00
5109,15331,SO_TN,0.000000000000e+00
5109,15331,IO_TN,0.000000000000e+00
5109,15331,AO_TN,0.000000000000e+00
5109,15331,PO_TN,0.000000000000e+00
5109,15331,SO_TP,0.000000000000e+00
5109,15331,IO_TP,0.000000000000e+00
5109,15331,AO_TP,0.000000000000e+00
5109,15331,PO_TP,0.000000000000e+00
5109,15331,SED_TP,0.000000000000e+00
5109,15331,SEDWSSD_TP,0.000000000000e+00
5109,15331,SEDSCRS_TP,0.000000000000e+00
5109,15331,SO_TCd,0.000000000000e+00
5109,15331,IO_TCd,0.000000000000e+00
5109,15331,AO_TCd,0.000000000000e+00
5109,15331,PO_TCd,0.000000000000e+00
5109,15331,SED_TCd,0.000000000000e+00
5109,15331,SEDWSSD_TCd,0.000000000000e+00
5109,15331,SEDSCRS_TCd,0.000000000000e+00
5109,15331,SO_TCu,0.000000000000e+00
5109,15331,IO_TCu,0.000000000000e+00
5109,15331,AO_TCu,0.000000000000e+00
5109,15331,PO_TCu,0.000000000000e+00
5109,15331,SED_TCu,0.000000000000e+00
5109,15331,SEDWSSD_TCu,0.000000000000e+00
5109,15331,SEDSCRS_TCu,0.000000000000e+00
5109,15331,SO_TPb,0.000000000000e+00
5109,15331,IO_TPb,0.000000000000e+00
5109,15331,AO_TPb,0.000000000000e+00
5109,15331,PO_TPb,0.000000000000e+00
5109,15331,SED_TPb,0.000000000000e+00
5109,15331,SEDWSSD_TPb,0.000000000000e+00
5109,15331,SEDSCRS_TPb,0.000000000000e+00
5109,15331,SO_TZn,0.000000000000e+00
5109,15331,IO_TZn,0.000000000000e+00
5109,15331,AO_TZn,0.000000000000e+00
5109,15331,PO_TZn,0.000000000000e+00
5109,15331,SED_TZn,0.000000000000e+00
5109,15331,SEDWSSD_TZn,0.000000000000e+00
5109,15331,SEDSCRS_TZn,0.000000000000e+00
5109,15332,AREA,0.000000000000e+00
5109,15332,PREC,0.000000000000e+00
5109,15332,SURO,0.000000000000e+00
5109,15332,IFWO,0.000000000000e+00
5109,15332,AGWO,0.000000000000e+00
5109,15332,PERO,0.000000000000e+00
5109,15332,TAET,0.000000000000e+00
5109,15332,SEDLOAD,0.000000000000e+00
5109,15332,SEDWSSD, 0.00000e+00
5109,15332,SEDSCRS, 0.00000e+00
5109,15332,SEDSURO, 0.00000e+00
5109,15332,SEDIFWO, 0.00000e+00
5109,15332,SEDAGWO, 0.00000e+00
5109,15332,SO_TN,0.000000000000e+00
5109,15332,IO_TN,0.000000000000e+00
5109,15332,AO_TN,0.000000000000e+00
5109,15332,PO_TN,0.000000000000e+00
5109,15332,SO_TP,0.000000000000e+00
5109,15332,IO_TP,0.000000000000e+00
5109,15332,AO_TP,0.000000000000e+00
5109,15332,PO_TP,0.000000000000e+00
5109,15332,SED_TP,0.000000000000e+00
5109,15332,SEDWSSD_TP,0.000000000000e+00
5109,15332,SEDSCRS_TP,0.000000000000e+00
5109,15332,SO_TCd,0.000000000000e+00
5109,15332,IO_TCd,0.000000000000e+00
5109,15332,AO_TCd,0.000000000000e+00
5109,15332,PO_TCd,0.000000000000e+00
5109,15332,SED_TCd,0.000000000000e+00
5109,15332,SEDWSSD_TCd,0.000000000000e+00
5109,15332,SEDSCRS_TCd,0.000000000000e+00
5109,15332,SO_TCu,0.000000000000e+00
5109,15332,IO_TCu,0.000000000000e+00
5109,15332,AO_TCu,0.000000000000e+00
5109,15332,PO_TCu,0.000000000000e+00
5109,15332,SED_TCu,0.000000000000e+00
5109,15332,SEDWSSD_TCu,0.000000000000e+00
5109,15332,SEDSCRS_TCu,0.000000000000e+00
5109,15332,SO_TPb,0.000000000000e+00
5109,15332,IO_TPb,0.000000000000e+00
5109,15332,AO_TPb,0.000000000000e+00
5109,15332,PO_TPb,0.000000000000e+00
5109,15332,SED_TPb,0.000000000000e+00
5109,15332,SEDWSSD_TPb,0.000000000000e+00
5109,15332,SEDSCRS_TPb,0.000000000000e+00
5109,15332,SO_TZn,0.000000000000e+00
5109,15332,IO_TZn,0.000000000000e+00
5109,15332,AO_TZn,0.000000000000e+00
5109,15332,PO_TZn,0.000000000000e+00
5109,15332,SED_TZn,0.000000000000e+00
5109,15332,SEDWSSD_TZn,0.000000000000e+00
5109,15332,SEDSCRS_TZn,0.000000000000e+00
5109,15421,AREA,3.927807899995e+01
5109,15421,PREC,3.915763384060e+02
5109,15421,SURO,6.283066393649e+00
5109,15421,IFWO,2.966317967438e+00
5109,15421,AGWO,8.864486262668e+00
5109,15421,PERO,1.811387062375e+01
5109,15421,TAET,3.734624566214e+02
5109,15421,SEDLOAD,1.444295440179e-01
5109,15421,SEDWSSD, 4.34958e-02
5109,15421,SEDSCRS, 9.95933e-02
5109,15421,SEDSURO, 0.00000e+00
5109,15421,SEDIFWO, 3.36103e-04
5109,15421,SEDAGWO, 1.00441e-03
5109,15421,SO_TN,2.545379410805e+00
5109,15421,IO_TN,6.722078290797e-01
5109,15421,AO_TN,1.004406326622e+00
5109,15421,PO_TN,4.221993566507e+00
5109,15421,SO_TP,2.861780709840e-01
5109,15421,IO_TP,1.344415658159e-01
5109,15421,AO_TP,4.017625306488e-01
5109,15421,PO_TP,8.223821674487e-01
5109,15421,SED_TP,2.861780709840e-01
5109,15421,SEDWSSD_TP,8.699151175817e-02
5109,15421,SEDSCRS_TP,1.991865592258e-01
5109,15421,SO_TCd,1.430890354920e-04
5109,15421,IO_TCd,0.000000000000e+00
5109,15421,AO_TCd,0.000000000000e+00
5109,15421,PO_TCd,1.430890354920e-04
5109,15421,SED_TCd,1.430890354920e-04
5109,15421,SEDWSSD_TCd,4.349575587908e-05
5109,15421,SEDSCRS_TCd,9.959327961289e-05
5109,15421,SO_TCu,1.430890354920e-02
5109,15421,IO_TCu,0.000000000000e+00
5109,15421,AO_TCu,0.000000000000e+00
5109,15421,PO_TCu,1.430890354920e-02
5109,15421,SED_TCu,1.430890354920e-02
5109,15421,SEDWSSD_TCu,4.349575587908e-03
5109,15421,SEDSCRS_TCu,9.959327961289e-03
5109,15421,SO_TPb,1.430890354920e-03
5109,15421,IO_TPb,0.000000000000e+00
5109,15421,AO_TPb,0.000000000000e+00
5109,15421,PO_TPb,1.430890354920e-03
5109,15421,SED_TPb,1.430890354920e-03
5109,15421,SEDWSSD_TPb,4.349575587908e-04
5109,15421,SEDSCRS_TPb,9.959327961289e-04
5109,15421,SO_TZn,1.030241055542e-01
5109,15421,IO_TZn,0.000000000000e+00
5109,15421,AO_TZn,1.004406326622e-01
5109,15421,PO_TZn,2.034647382164e-01
5109,15421,SED_TZn,1.030241055542e-01
5109,15421,SEDWSSD_TZn,3.131694423294e-02
5109,15421,SEDSCRS_TZn,7.170716132128e-02
5109,15422,AREA,0.000000000000e+00
5109,15422,PREC,0.000000000000e+00
5109,15422,SURO,0.000000000000e+00
5109,15422,IFWO,0.000000000000e+00
5109,15422,AGWO,0.000000000000e+00
5109,15422,PERO,0.000000000000e+00
5109,15422,TAET,0.000000000000e+00
5109,15422,SEDLOAD,0.000000000000e+00
5109,15422,SEDWSSD, 0.00000e+00
5109,15422,SEDSCRS, 0.00000e+00
5109,15422,SEDSURO, 0.00000e+00
5109,15422,SEDIFWO, 0.00000e+00
5109,15422,SEDAGWO, 0.00000e+00
5109,15422,SO_TN,0.000000000000e+00
5109,15422,IO_TN,0.000000000000e+00
5109,15422,AO_TN,0.000000000000e+00
5109,15422,PO_TN,0.000000000000e+00
5109,15422,SO_TP,0.000000000000e+00
5109,15422,IO_TP,0.000000000000e+00
5109,15422,AO_TP,0.000000000000e+00
5109,15422,PO_TP,0.000000000000e+00
5109,15422,SED_TP,0.000000000000e+00
5109,15422,SEDWSSD_TP,0.000000000000e+00
5109,15422,SEDSCRS_TP,0.000000000000e+00
5109,15422,SO_TCd,0.000000000000e+00
5109,15422,IO_TCd,0.000000000000e+00
5109,15422,AO_TCd,0.000000000000e+00
5109,15422,PO_TCd,0.000000000000e+00
5109,15422,SED_TCd,0.000000000000e+00
5109,15422,SEDWSSD_TCd,0.000000000000e+00
5109,15422,SEDSCRS_TCd,0.000000000000e+00
5109,15422,SO_TCu,0.000000000000e+00
5109,15422,IO_TCu,0.000000000000e+00
5109,15422,AO_TCu,0.000000000000e+00
5109,15422,PO_TCu,0.000000000000e+00
5109,15422,SED_TCu,0.000000000000e+00
5109,15422,SEDWSSD_TCu,0.000000000000e+00
5109,15422,SEDSCRS_TCu,0.000000000000e+00
5109,15422,SO_TPb,0.000000000000e+00
5109,15422,IO_TPb,0.000000000000e+00
5109,15422,AO_TPb,0.000000000000e+00
5109,15422,PO_TPb,0.000000000000e+00
5109,15422,SED_TPb,0.000000000000e+00
5109,15422,SEDWSSD_TPb,0.000000000000e+00
5109,15422,SEDSCRS_TPb,0.000000000000e+00
5109,15422,SO_TZn,0.000000000000e+00
5109,15422,IO_TZn,0.000000000000e+00
5109,15422,AO_TZn,0.000000000000e+00
5109,15422,PO_TZn,0.000000000000e+00
5109,15422,SED_TZn,0.000000000000e+00
5109,15422,SEDWSSD_TZn,0.000000000000e+00
5109,15422,SEDSCRS_TZn,0.000000000000e+00
5109,15431,AREA,0.000000000000e+00
5109,15431,PREC,0.000000000000e+00
5109,15431,SURO,0.000000000000e+00
5109,15431,IFWO,0.000000000000e+00
5109,15431,AGWO,0.000000000000e+00
5109,15431,PERO,0.000000000000e+00
5109,15431,TAET,0.000000000000e+00
5109,15431,SEDLOAD,0.000000000000e+00
5109,15431,SEDWSSD, 0.00000e+00
5109,15431,SEDSCRS, 0.00000e+00
5109,15431,SEDSURO, 0.00000e+00
5109,15431,SEDIFWO, 0.00000e+00
5109,15431,SEDAGWO, 0.00000e+00
5109,15431,SO_TN,0.000000000000e+00
5109,15431,IO_TN,0.000000000000e+00
5109,15431,AO_TN,0.000000000000e+00
5109,15431,PO_TN,0.000000000000e+00
5109,15431,SO_TP,0.000000000000e+00
5109,15431,IO_TP,0.000000000000e+00
5109,15431,AO_TP,0.000000000000e+00
5109,15431,PO_TP,0.000000000000e+00
5109,15431,SED_TP,0.000000000000e+00
5109,15431,SEDWSSD_TP,0.000000000000e+00
5109,15431,SEDSCRS_TP,0.000000000000e+00
5109,15431,SO_TCd,0.000000000000e+00
5109,15431,IO_TCd,0.000000000000e+00
5109,15431,AO_TCd,0.000000000000e+00
5109,15431,PO_TCd,0.000000000000e+00
5109,15431,SED_TCd,0.000000000000e+00
5109,15431,SEDWSSD_TCd,0.000000000000e+00
5109,15431,SEDSCRS_TCd,0.000000000000e+00
5109,15431,SO_TCu,0.000000000000e+00
5109,15431,IO_TCu,0.000000000000e+00
5109,15431,AO_TCu,0.000000000000e+00
5109,15431,PO_TCu,0.000000000000e+00
5109,15431,SED_TCu,0.000000000000e+00
5109,15431,SEDWSSD_TCu,0.000000000000e+00
5109,15431,SEDSCRS_TCu,0.000000000000e+00
5109,15431,SO_TPb,0.000000000000e+00
5109,15431,IO_TPb,0.000000000000e+00
5109,15431,AO_TPb,0.000000000000e+00
5109,15431,PO_TPb,0.000000000000e+00
5109,15431,SED_TPb,0.000000000000e+00
5109,15431,SEDWSSD_TPb,0.000000000000e+00
5109,15431,SEDSCRS_TPb,0.000000000000e+00
5109,15431,SO_TZn,0.000000000000e+00
5109,15431,IO_TZn,0.000000000000e+00
5109,15431,AO_TZn,0.000000000000e+00
5109,15431,PO_TZn,0.000000000000e+00
5109,15431,SED_TZn,0.000000000000e+00
5109,15431,SEDWSSD_TZn,0.000000000000e+00
5109,15431,SEDSCRS_TZn,0.000000000000e+00
5109,15432,AREA,0.000000000000e+00
5109,15432,PREC,0.000000000000e+00
5109,15432,SURO,0.000000000000e+00
5109,15432,IFWO,0.000000000000e+00
5109,15432,AGWO,0.000000000000e+00
5109,15432,PERO,0.000000000000e+00
5109,15432,TAET,0.000000000000e+00
5109,15432,SEDLOAD,0.000000000000e+00
5109,15432,SEDWSSD, 0.00000e+00
5109,15432,SEDSCRS, 0.00000e+00
5109,15432,SEDSURO, 0.00000e+00
5109,15432,SEDIFWO, 0.00000e+00
5109,15432,SEDAGWO, 0.00000e+00
5109,15432,SO_TN,0.000000000000e+00
5109,15432,IO_TN,0.000000000000e+00
5109,15432,AO_TN,0.000000000000e+00
5109,15432,PO_TN,0.000000000000e+00
5109,15432,SO_TP,0.000000000000e+00
5109,15432,IO_TP,0.000000000000e+00
5109,15432,AO_TP,0.000000000000e+00
5109,15432,PO_TP,0.000000000000e+00
5109,15432,SED_TP,0.000000000000e+00
5109,15432,SEDWSSD_TP,0.000000000000e+00
5109,15432,SEDSCRS_TP,0.000000000000e+00
5109,15432,SO_TCd,0.000000000000e+00
5109,15432,IO_TCd,0.000000000000e+00
5109,15432,AO_TCd,0.000000000000e+00
5109,15432,PO_TCd,0.000000000000e+00
5109,15432,SED_TCd,0.000000000000e+00
5109,15432,SEDWSSD_TCd,0.000000000000e+00
5109,15432,SEDSCRS_TCd,0.000000000000e+00
5109,15432,SO_TCu,0.000000000000e+00
5109,15432,IO_TCu,0.000000000000e+00
5109,15432,AO_TCu,0.000000000000e+00
5109,15432,PO_TCu,0.000000000000e+00
5109,15432,SED_TCu,0.000000000000e+00
5109,15432,SEDWSSD_TCu,0.000000000000e+00
5109,15432,SEDSCRS_TCu,0.000000000000e+00
5109,15432,SO_TPb,0.000000000000e+00
5109,15432,IO_TPb,0.000000000000e+00
5109,15432,AO_TPb,0.000000000000e+00
5109,15432,PO_TPb,0.000000000000e+00
5109,15432,SED_TPb,0.000000000000e+00
5109,15432,SEDWSSD_TPb,0.000000000000e+00
5109,15432,SEDSCRS_TPb,0.000000000000e+00
5109,15432,SO_TZn,0.000000000000e+00
5109,15432,IO_TZn,0.000000000000e+00
5109,15432,AO_TZn,0.000000000000e+00
5109,15432,PO_TZn,0.000000000000e+00
5109,15432,SED_TZn,0.000000000000e+00
5109,15432,SEDWSSD_TZn,0.000000000000e+00
5109,15432,SEDSCRS_TZn,0.000000000000e+00
5109,16000,AREA,0.000000000000e+00
5109,16000,PREC,0.000000000000e+00
5109,16000,SURO,0.000000000000e+00
5109,16000,IFWO,0.000000000000e+00
5109,16000,AGWO,0.000000000000e+00
5109,16000,PERO,0.000000000000e+00
5109,16000,TAET,0.000000000000e+00
5109,16000,SEDLOAD,0.000000000000e+00
5109,16000,SEDWSSD, 0.00000e+00
5109,16000,SEDSCRS, 0.00000e+00
5109,16000,SEDSURO, 0.00000e+00
5109,16000,SEDIFWO, 0.00000e+00
5109,16000,SEDAGWO, 0.00000e+00
5109,16000,SO_TN,0.000000000000e+00
5109,16000,IO_TN,0.000000000000e+00
5109,16000,AO_TN,0.000000000000e+00
5109,16000,PO_TN,0.000000000000e+00
5109,16000,SO_TP,0.000000000000e+00
5109,16000,IO_TP,0.000000000000e+00
5109,16000,AO_TP,0.000000000000e+00
5109,16000,PO_TP,0.000000000000e+00
5109,16000,SED_TP,0.000000000000e+00
5109,16000,SEDWSSD_TP,0.000000000000e+00
5109,16000,SEDSCRS_TP,0.000000000000e+00
5109,16000,SO_TCd,0.000000000000e+00
5109,16000,IO_TCd,0.000000000000e+00
5109,16000,AO_TCd,0.000000000000e+00
5109,16000,PO_TCd,0.000000000000e+00
5109,16000,SED_TCd,0.000000000000e+00
5109,16000,SEDWSSD_TCd,0.000000000000e+00
5109,16000,SEDSCRS_TCd,0.000000000000e+00
5109,16000,SO_TCu,0.000000000000e+00
5109,16000,IO_TCu,0.000000000000e+00
5109,16000,AO_TCu,0.000000000000e+00
5109,16000,PO_TCu,0.000000000000e+00
5109,16000,SED_TCu,0.000000000000e+00
5109,16000,SEDWSSD_TCu,0.000000000000e+00
5109,16000,SEDSCRS_TCu,0.000000000000e+00
5109,16000,SO_TPb,0.000000000000e+00
5109,16000,IO_TPb,0.000000000000e+00
5109,16000,AO_TPb,0.000000000000e+00
5109,16000,PO_TPb,0.000000000000e+00
5109,16000,SED_TPb,0.000000000000e+00
5109,16000,SEDWSSD_TPb,0.000000000000e+00
5109,16000,SEDSCRS_TPb,0.000000000000e+00
5109,16000,SO_TZn,0.000000000000e+00
5109,16000,IO_TZn,0.000000000000e+00
5109,16000,AO_TZn,0.000000000000e+00
5109,16000,PO_TZn,0.000000000000e+00
5109,16000,SED_TZn,0.000000000000e+00
5109,16000,SEDWSSD_TZn,0.000000000000e+00
5109,16000,SEDSCRS_TZn,0.000000000000e+00
