subbasin,deluid,parmname,value1
6682,1000,AREA,3.674765000003e+00
6682,1000,PREC,3.889941201571e+01
6682,1000,SURO,3.536140100066e+01
6682,1000,IFWO,0.000000000000e+00
6682,1000,AGWO,0.000000000000e+00
6682,1000,PERO,3.536140100066e+01
6682,1000,TAET,3.538011015054e+00
6682,1000,SEDLOAD,2.518324636949e-01
6682,1000,SEDWSSD, 2.51832e-01
6682,1000,SEDSCRS, 0.00000e+00
6682,1000,SEDSURO, 0.00000e+00
6682,1000,SEDIFWO, 0.00000e+00
6682,1000,SEDAGWO, 0.00000e+00
6682,1000,SO_TN,1.174297229469e+00
6682,1000,IO_TN,0.000000000000e+00
6682,1000,AO_TN,0.000000000000e+00
6682,1000,PO_TN,1.174297229469e+00
6682,1000,SO_TP,1.123802369239e+00
6682,1000,IO_TP,0.000000000000e+00
6682,1000,AO_TP,0.000000000000e+00
6682,1000,PO_TP,1.123802369239e+00
6682,1000,SED_TP,1.123802369239e+00
6682,1000,SEDWSSD_TP,1.123802369239e+00
6682,1000,SEDSCRS_TP,0.000000000000e+00
6682,1000,SO_TCd,4.407068114662e-03
6682,1000,IO_TCd,0.000000000000e+00
6682,1000,AO_TCd,0.000000000000e+00
6682,1000,PO_TCd,4.407068114662e-03
6682,1000,SED_TCd,4.407068114662e-03
6682,1000,SEDWSSD_TCd,4.407068114662e-03
6682,1000,SEDSCRS_TCd,0.000000000000e+00
6682,1000,SO_TCu,4.407068114662e-01
6682,1000,IO_TCu,0.000000000000e+00
6682,1000,AO_TCu,0.000000000000e+00
6682,1000,PO_TCu,4.407068114662e-01
6682,1000,SED_TCu,4.407068114662e-01
6682,1000,SEDWSSD_TCu,4.407068114662e-01
6682,1000,SEDSCRS_TCu,0.000000000000e+00
6682,1000,SO_TPb,5.094602454957e-01
6682,1000,IO_TPb,0.000000000000e+00
6682,1000,AO_TPb,0.000000000000e+00
6682,1000,PO_TPb,5.094602454957e-01
6682,1000,SED_TPb,1.087916243162e-01
6682,1000,SEDWSSD_TPb,1.087916243162e-01
6682,1000,SEDSCRS_TPb,0.000000000000e+00
6682,1000,SO_TZn,3.481331978119e+00
6682,1000,IO_TZn,0.000000000000e+00
6682,1000,AO_TZn,0.000000000000e+00
6682,1000,PO_TZn,3.481331978119e+00
6682,1000,SED_TZn,3.481331978119e+00
6682,1000,SEDWSSD_TZn,3.481331978119e+00
6682,1000,SEDSCRS_TZn,0.000000000000e+00
6682,2000,AREA,3.724145999995e+00
6682,2000,PREC,3.942213710554e+01
6682,2000,SURO,3.583658277223e+01
6682,2000,IFWO,0.000000000000e+00
6682,2000,AGWO,0.000000000000e+00
6682,2000,PERO,3.583658277223e+01
6682,2000,TAET,3.585554333316e+00
6682,2000,SEDLOAD,7.421135732488e-01
6682,2000,SEDWSSD, 7.42114e-01
6682,2000,SEDSCRS, 0.00000e+00
6682,2000,SEDSURO, 0.00000e+00
6682,2000,SEDIFWO, 0.00000e+00
6682,2000,SEDAGWO, 0.00000e+00
6682,2000,SO_TN,1.190077278394e+00
6682,2000,IO_TN,0.000000000000e+00
6682,2000,AO_TN,0.000000000000e+00
6682,2000,PO_TN,1.190077278394e+00
6682,2000,SO_TP,3.311681820623e+00
6682,2000,IO_TP,0.000000000000e+00
6682,2000,AO_TP,0.000000000000e+00
6682,2000,PO_TP,3.311681820623e+00
6682,2000,SED_TP,3.311681820623e+00
6682,2000,SEDWSSD_TP,3.311681820623e+00
6682,2000,SEDSCRS_TP,0.000000000000e+00
6682,2000,SO_TCd,1.113170359873e-02
6682,2000,IO_TCd,0.000000000000e+00
6682,2000,AO_TCd,0.000000000000e+00
6682,2000,PO_TCd,1.113170359873e-02
6682,2000,SED_TCd,1.113170359873e-02
6682,2000,SEDWSSD_TCd,1.113170359873e-02
6682,2000,SEDSCRS_TCd,0.000000000000e+00
6682,2000,SO_TCu,1.113170359873e+00
6682,2000,IO_TCu,0.000000000000e+00
6682,2000,AO_TCu,0.000000000000e+00
6682,2000,PO_TCu,1.113170359873e+00
6682,2000,SED_TCu,1.113170359873e+00
6682,2000,SEDWSSD_TCu,1.113170359873e+00
6682,2000,SEDSCRS_TCu,0.000000000000e+00
6682,2000,SO_TPb,6.464975501919e-01
6682,2000,IO_TPb,0.000000000000e+00
6682,2000,AO_TPb,0.000000000000e+00
6682,2000,PO_TPb,6.464975501919e-01
6682,2000,SED_TPb,2.404447977326e-01
6682,2000,SEDWSSD_TPb,2.404447977326e-01
6682,2000,SEDSCRS_TPb,0.000000000000e+00
6682,2000,SO_TZn,5.129489018296e+00
6682,2000,IO_TZn,0.000000000000e+00
6682,2000,AO_TZn,0.000000000000e+00
6682,2000,PO_TZn,5.129489018296e+00
6682,2000,SED_TZn,5.129489018296e+00
6682,2000,SEDWSSD_TZn,5.129489018296e+00
6682,2000,SEDSCRS_TZn,0.000000000000e+00
6682,3000,AREA,9.609939999991e-01
6682,3000,PREC,1.017265091798e+01
6682,3000,SURO,9.247419683497e+00
6682,3000,IFWO,0.000000000000e+00
6682,3000,AGWO,0.000000000000e+00
6682,3000,PERO,9.247419683497e+00
6682,3000,TAET,9.252312344873e-01
6682,3000,SEDLOAD,1.455178229686e-01
6682,3000,SEDWSSD, 1.45518e-01
6682,3000,SEDSCRS, 0.00000e+00
6682,3000,SEDSURO, 0.00000e+00
6682,3000,SEDIFWO, 0.00000e+00
6682,3000,SEDAGWO, 0.00000e+00
6682,3000,SO_TN,3.070924523494e-01
6682,3000,IO_TN,0.000000000000e+00
6682,3000,AO_TN,0.000000000000e+00
6682,3000,PO_TN,3.070924523494e-01
6682,3000,SO_TP,6.493732849973e-01
6682,3000,IO_TP,0.000000000000e+00
6682,3000,AO_TP,0.000000000000e+00
6682,3000,PO_TP,6.493732849973e-01
6682,3000,SED_TP,6.493732849973e-01
6682,3000,SEDWSSD_TP,6.493732849973e-01
6682,3000,SEDSCRS_TP,0.000000000000e+00
6682,3000,SO_TCd,1.746213875623e-03
6682,3000,IO_TCd,0.000000000000e+00
6682,3000,AO_TCd,0.000000000000e+00
6682,3000,PO_TCd,1.746213875623e-03
6682,3000,SED_TCd,1.746213875623e-03
6682,3000,SEDWSSD_TCd,1.746213875623e-03
6682,3000,SEDSCRS_TCd,0.000000000000e+00
6682,3000,SO_TCu,1.746213875623e-01
6682,3000,IO_TCu,0.000000000000e+00
6682,3000,AO_TCu,0.000000000000e+00
6682,3000,PO_TCu,1.746213875623e-01
6682,3000,SED_TCu,1.746213875623e-01
6682,3000,SEDWSSD_TCu,1.746213875623e-01
6682,3000,SEDSCRS_TCu,0.000000000000e+00
6682,3000,SO_TPb,1.204954525352e-01
6682,3000,IO_TPb,0.000000000000e+00
6682,3000,AO_TPb,0.000000000000e+00
6682,3000,PO_TPb,1.204954525352e-01
6682,3000,SED_TPb,1.571592488061e-02
6682,3000,SEDWSSD_TPb,1.571592488061e-02
6682,3000,SEDSCRS_TPb,0.000000000000e+00
6682,3000,SO_TZn,7.543643942691e-01
6682,3000,IO_TZn,0.000000000000e+00
6682,3000,AO_TZn,0.000000000000e+00
6682,3000,PO_TZn,7.543643942691e-01
6682,3000,SED_TZn,7.543643942691e-01
6682,3000,SEDWSSD_TZn,7.543643942691e-01
6682,3000,SEDSCRS_TZn,0.000000000000e+00
6682,4000,AREA,1.425200000001e-02
6682,4000,PREC,1.508652716699e-01
6682,4000,SURO,1.371436505631e-01
6682,4000,IFWO,0.000000000000e+00
6682,4000,AGWO,0.000000000000e+00
6682,4000,PERO,1.371436505631e-01
6682,4000,TAET,1.372162110680e-02
6682,4000,SEDLOAD,2.840007520098e-03
6682,4000,SEDWSSD, 2.84001e-03
6682,4000,SEDSCRS, 0.00000e+00
6682,4000,SEDSURO, 0.00000e+00
6682,4000,SEDIFWO, 0.00000e+00
6682,4000,SEDAGWO, 0.00000e+00
6682,4000,SO_TN,9.587314008285e-02
6682,4000,IO_TN,0.000000000000e+00
6682,4000,AO_TN,0.000000000000e+00
6682,4000,PO_TN,9.587314008285e-02
6682,4000,SO_TP,2.087405527272e-02
6682,4000,IO_TP,0.000000000000e+00
6682,4000,AO_TP,0.000000000000e+00
6682,4000,PO_TP,2.087405527272e-02
6682,4000,SED_TP,2.087405527272e-02
6682,4000,SEDWSSD_TP,2.087405527272e-02
6682,4000,SEDSCRS_TP,0.000000000000e+00
6682,4000,SO_TCd,4.260011280147e-05
6682,4000,IO_TCd,0.000000000000e+00
6682,4000,AO_TCd,0.000000000000e+00
6682,4000,PO_TCd,4.260011280147e-05
6682,4000,SED_TCd,4.260011280147e-05
6682,4000,SEDWSSD_TCd,4.260011280147e-05
6682,4000,SEDSCRS_TCd,0.000000000000e+00
6682,4000,SO_TCu,4.260011280147e-03
6682,4000,IO_TCu,0.000000000000e+00
6682,4000,AO_TCu,0.000000000000e+00
6682,4000,PO_TCu,4.260011280147e-03
6682,4000,SED_TCu,4.260011280147e-03
6682,4000,SEDWSSD_TCu,4.260011280147e-03
6682,4000,SEDSCRS_TCu,0.000000000000e+00
6682,4000,SO_TPb,2.780813687513e-03
6682,4000,IO_TPb,0.000000000000e+00
6682,4000,AO_TPb,0.000000000000e+00
6682,4000,PO_TPb,2.780813687513e-03
6682,4000,SED_TPb,1.226883248682e-03
6682,4000,SEDWSSD_TPb,1.226883248682e-03
6682,4000,SEDSCRS_TPb,0.000000000000e+00
6682,4000,SO_TZn,1.278003384044e-02
6682,4000,IO_TZn,0.000000000000e+00
6682,4000,AO_TZn,0.000000000000e+00
6682,4000,PO_TZn,1.278003384044e-02
6682,4000,SED_TZn,1.278003384044e-02
6682,4000,SEDWSSD_TZn,1.278003384044e-02
6682,4000,SEDSCRS_TZn,0.000000000000e+00
6682,5000,AREA,3.677971100003e+01
6682,5000,PREC,3.893335035051e+02
6682,5000,SURO,3.539225254837e+02
6682,5000,IFWO,0.000000000000e+00
6682,5000,AGWO,0.000000000000e+00
6682,5000,PERO,3.539225254837e+02
6682,5000,TAET,3.541097802131e+01
6682,5000,SEDLOAD,4.540102279830e+00
6682,5000,SEDWSSD, 4.54010e+00
6682,5000,SEDSCRS, 0.00000e+00
6682,5000,SEDSURO, 0.00000e+00
6682,5000,SEDIFWO, 0.00000e+00
6682,5000,SEDAGWO, 0.00000e+00
6682,5000,SO_TN,2.794625126367e+02
6682,5000,IO_TN,0.000000000000e+00
6682,5000,AO_TN,0.000000000000e+00
6682,5000,PO_TN,2.794625126367e+02
6682,5000,SO_TP,3.098619805984e+01
6682,5000,IO_TP,0.000000000000e+00
6682,5000,AO_TP,0.000000000000e+00
6682,5000,PO_TP,3.098619805984e+01
6682,5000,SED_TP,3.098619805984e+01
6682,5000,SEDWSSD_TP,3.098619805984e+01
6682,5000,SEDSCRS_TP,0.000000000000e+00
6682,5000,SO_TCd,3.405076709872e-02
6682,5000,IO_TCd,0.000000000000e+00
6682,5000,AO_TCd,0.000000000000e+00
6682,5000,PO_TCd,3.405076709872e-02
6682,5000,SED_TCd,3.405076709872e-02
6682,5000,SEDWSSD_TCd,3.405076709872e-02
6682,5000,SEDSCRS_TCd,0.000000000000e+00
6682,5000,SO_TCu,3.405076709872e+00
6682,5000,IO_TCu,0.000000000000e+00
6682,5000,AO_TCu,0.000000000000e+00
6682,5000,PO_TCu,3.405076709872e+00
6682,5000,SED_TCu,3.405076709872e+00
6682,5000,SEDWSSD_TCu,3.405076709872e+00
6682,5000,SEDSCRS_TCu,0.000000000000e+00
6682,5000,SO_TPb,5.726340562863e+00
6682,5000,IO_TPb,0.000000000000e+00
6682,5000,AO_TPb,0.000000000000e+00
6682,5000,PO_TPb,5.726340562863e+00
6682,5000,SED_TPb,1.716158661776e+00
6682,5000,SEDWSSD_TPb,1.716158661776e+00
6682,5000,SEDSCRS_TPb,0.000000000000e+00
6682,5000,SO_TZn,1.225827615554e+01
6682,5000,IO_TZn,0.000000000000e+00
6682,5000,AO_TZn,0.000000000000e+00
6682,5000,PO_TZn,1.225827615554e+01
6682,5000,SED_TZn,1.225827615554e+01
6682,5000,SEDWSSD_TZn,1.225827615554e+01
6682,5000,SEDSCRS_TZn,0.000000000000e+00
6682,6000,AREA,1.092050000000e-01
6682,6000,PREC,1.155995087897e+00
6682,6000,SURO,1.050854080812e+00
6682,6000,IFWO,0.000000000000e+00
6682,6000,AGWO,0.000000000000e+00
6682,6000,PERO,1.050854080812e+00
6682,6000,TAET,1.051410070845e-01
6682,6000,SEDLOAD,2.176136831548e-02
6682,6000,SEDWSSD, 2.17614e-02
6682,6000,SEDSCRS, 0.00000e+00
6682,6000,SEDSURO, 0.00000e+00
6682,6000,SEDIFWO, 0.00000e+00
6682,6000,SEDAGWO, 0.00000e+00
6682,6000,SO_TN,6.470578740065e-01
6682,6000,IO_TN,0.000000000000e+00
6682,6000,AO_TN,0.000000000000e+00
6682,6000,PO_TN,6.470578740065e-01
6682,6000,SO_TP,1.713707754844e-01
6682,6000,IO_TP,0.000000000000e+00
6682,6000,AO_TP,0.000000000000e+00
6682,6000,PO_TP,1.713707754844e-01
6682,6000,SED_TP,1.713707754844e-01
6682,6000,SEDWSSD_TP,1.713707754844e-01
6682,6000,SEDSCRS_TP,0.000000000000e+00
6682,6000,SO_TCd,4.352273663097e-04
6682,6000,IO_TCd,0.000000000000e+00
6682,6000,AO_TCd,0.000000000000e+00
6682,6000,PO_TCd,4.352273663097e-04
6682,6000,SED_TCd,4.352273663097e-04
6682,6000,SEDWSSD_TCd,4.352273663097e-04
6682,6000,SEDSCRS_TCd,0.000000000000e+00
6682,6000,SO_TCu,4.352273663097e-02
6682,6000,IO_TCu,0.000000000000e+00
6682,6000,AO_TCu,0.000000000000e+00
6682,6000,PO_TCu,4.352273663097e-02
6682,6000,SED_TCu,4.352273663097e-02
6682,6000,SEDWSSD_TCu,4.352273663097e-02
6682,6000,SEDSCRS_TCu,0.000000000000e+00
6682,6000,SO_TPb,2.318798174146e-02
6682,6000,IO_TPb,0.000000000000e+00
6682,6000,AO_TPb,0.000000000000e+00
6682,6000,PO_TPb,2.318798174146e-02
6682,6000,SED_TPb,1.128109333475e-02
6682,6000,SEDWSSD_TPb,1.128109333475e-02
6682,6000,SEDSCRS_TPb,0.000000000000e+00
6682,6000,SO_TZn,1.253454814972e-01
6682,6000,IO_TZn,0.000000000000e+00
6682,6000,AO_TZn,0.000000000000e+00
6682,6000,PO_TZn,1.253454814972e-01
6682,6000,SED_TZn,1.253454814972e-01
6682,6000,SEDWSSD_TZn,1.253454814972e-01
6682,6000,SEDSCRS_TZn,0.000000000000e+00
6682,7000,AREA,0.000000000000e+00
6682,7000,PREC,0.000000000000e+00
6682,7000,SURO,0.000000000000e+00
6682,7000,IFWO,0.000000000000e+00
6682,7000,AGWO,0.000000000000e+00
6682,7000,PERO,0.000000000000e+00
6682,7000,TAET,0.000000000000e+00
6682,7000,SEDLOAD,0.000000000000e+00
6682,7000,SEDWSSD, 0.00000e+00
6682,7000,SEDSCRS, 0.00000e+00
6682,7000,SEDSURO, 0.00000e+00
6682,7000,SEDIFWO, 0.00000e+00
6682,7000,SEDAGWO, 0.00000e+00
6682,7000,SO_TN,0.000000000000e+00
6682,7000,IO_TN,0.000000000000e+00
6682,7000,AO_TN,0.000000000000e+00
6682,7000,PO_TN,0.000000000000e+00
6682,7000,SO_TP,0.000000000000e+00
6682,7000,IO_TP,0.000000000000e+00
6682,7000,AO_TP,0.000000000000e+00
6682,7000,PO_TP,0.000000000000e+00
6682,7000,SED_TP,0.000000000000e+00
6682,7000,SEDWSSD_TP,0.000000000000e+00
6682,7000,SEDSCRS_TP,0.000000000000e+00
6682,7000,SO_TCd,0.000000000000e+00
6682,7000,IO_TCd,0.000000000000e+00
6682,7000,AO_TCd,0.000000000000e+00
6682,7000,PO_TCd,0.000000000000e+00
6682,7000,SED_TCd,0.000000000000e+00
6682,7000,SEDWSSD_TCd,0.000000000000e+00
6682,7000,SEDSCRS_TCd,0.000000000000e+00
6682,7000,SO_TCu,0.000000000000e+00
6682,7000,IO_TCu,0.000000000000e+00
6682,7000,AO_TCu,0.000000000000e+00
6682,7000,PO_TCu,0.000000000000e+00
6682,7000,SED_TCu,0.000000000000e+00
6682,7000,SEDWSSD_TCu,0.000000000000e+00
6682,7000,SEDSCRS_TCu,0.000000000000e+00
6682,7000,SO_TPb,0.000000000000e+00
6682,7000,IO_TPb,0.000000000000e+00
6682,7000,AO_TPb,0.000000000000e+00
6682,7000,PO_TPb,0.000000000000e+00
6682,7000,SED_TPb,0.000000000000e+00
6682,7000,SEDWSSD_TPb,0.000000000000e+00
6682,7000,SEDSCRS_TPb,0.000000000000e+00
6682,7000,SO_TZn,0.000000000000e+00
6682,7000,IO_TZn,0.000000000000e+00
6682,7000,AO_TZn,0.000000000000e+00
6682,7000,PO_TZn,0.000000000000e+00
6682,7000,SED_TZn,0.000000000000e+00
6682,7000,SEDWSSD_TZn,0.000000000000e+00
6682,7000,SEDSCRS_TZn,0.000000000000e+00
6682,8000,AREA,5.326260000002e+00
6682,8000,PREC,5.638139642747e+01
6682,8000,SURO,5.125334972270e+01
6682,8000,IFWO,0.000000000000e+00
6682,8000,AGWO,0.000000000000e+00
6682,8000,PERO,5.125334972270e+01
6682,8000,TAET,5.128046704766e+00
6682,8000,SEDLOAD,9.404357126930e-01
6682,8000,SEDWSSD, 9.40436e-01
6682,8000,SEDSCRS, 0.00000e+00
6682,8000,SEDSURO, 0.00000e+00
6682,8000,SEDIFWO, 0.00000e+00
6682,8000,SEDAGWO, 0.00000e+00
6682,8000,SO_TN,1.580087496520e+01
6682,8000,IO_TN,0.000000000000e+00
6682,8000,AO_TN,0.000000000000e+00
6682,8000,PO_TN,1.580087496520e+01
6682,8000,SO_TP,9.874574983276e-01
6682,8000,IO_TP,0.000000000000e+00
6682,8000,AO_TP,0.000000000000e+00
6682,8000,PO_TP,9.874574983276e-01
6682,8000,SED_TP,9.874574983276e-01
6682,8000,SEDWSSD_TP,9.874574983276e-01
6682,8000,SEDSCRS_TP,0.000000000000e+00
6682,8000,SO_TCd,1.057990176780e-02
6682,8000,IO_TCd,0.000000000000e+00
6682,8000,AO_TCd,0.000000000000e+00
6682,8000,PO_TCd,1.057990176780e-02
6682,8000,SED_TCd,1.057990176780e-02
6682,8000,SEDWSSD_TCd,1.057990176780e-02
6682,8000,SEDSCRS_TCd,0.000000000000e+00
6682,8000,SO_TCu,1.057990176780e+00
6682,8000,IO_TCu,0.000000000000e+00
6682,8000,AO_TCu,0.000000000000e+00
6682,8000,PO_TCu,1.057990176780e+00
6682,8000,SED_TCu,1.057990176780e+00
6682,8000,SEDWSSD_TCu,1.057990176780e+00
6682,8000,SEDSCRS_TCu,0.000000000000e+00
6682,8000,SO_TPb,8.346528051500e-01
6682,8000,IO_TPb,0.000000000000e+00
6682,8000,AO_TPb,0.000000000000e+00
6682,8000,PO_TPb,8.346528051500e-01
6682,8000,SED_TPb,2.539176424271e-01
6682,8000,SEDWSSD_TPb,2.539176424271e-01
6682,8000,SEDSCRS_TPb,0.000000000000e+00
6682,8000,SO_TZn,4.062682278834e+00
6682,8000,IO_TZn,0.000000000000e+00
6682,8000,AO_TZn,0.000000000000e+00
6682,8000,PO_TZn,4.062682278834e+00
6682,8000,SED_TZn,4.062682278834e+00
6682,8000,SEDWSSD_TZn,4.062682278834e+00
6682,8000,SEDSCRS_TZn,0.000000000000e+00
6682,9000,AREA,5.472186999992e+00
6682,9000,PREC,5.792611411614e+01
6682,9000,SURO,5.443948308576e+01
6682,9000,IFWO,0.000000000000e+00
6682,9000,AGWO,0.000000000000e+00
6682,9000,PERO,5.443948308576e+01
6682,9000,TAET,3.486631030386e+00
6682,9000,SEDLOAD,1.314402746692e-01
6682,9000,SEDWSSD, 1.31440e-01
6682,9000,SEDSCRS, 0.00000e+00
6682,9000,SEDSURO, 0.00000e+00
6682,9000,SEDIFWO, 0.00000e+00
6682,9000,SEDAGWO, 0.00000e+00
6682,9000,SO_TN,1.675849778374e+01
6682,9000,IO_TN,0.000000000000e+00
6682,9000,AO_TN,0.000000000000e+00
6682,9000,PO_TN,1.675849778374e+01
6682,9000,SO_TP,1.380122884027e-01
6682,9000,IO_TP,0.000000000000e+00
6682,9000,AO_TP,0.000000000000e+00
6682,9000,PO_TP,1.380122884027e-01
6682,9000,SED_TP,1.380122884027e-01
6682,9000,SEDWSSD_TP,1.380122884027e-01
6682,9000,SEDSCRS_TP,0.000000000000e+00
6682,9000,SO_TCd,4.929010300095e-04
6682,9000,IO_TCd,0.000000000000e+00
6682,9000,AO_TCd,0.000000000000e+00
6682,9000,PO_TCd,4.929010300095e-04
6682,9000,SED_TCd,4.929010300095e-04
6682,9000,SEDWSSD_TCd,4.929010300095e-04
6682,9000,SEDSCRS_TCd,0.000000000000e+00
6682,9000,SO_TCu,4.929010300095e-02
6682,9000,IO_TCu,0.000000000000e+00
6682,9000,AO_TCu,0.000000000000e+00
6682,9000,PO_TCu,4.929010300095e-02
6682,9000,SED_TCu,4.929010300095e-02
6682,9000,SEDWSSD_TCu,4.929010300095e-02
6682,9000,SEDSCRS_TCu,0.000000000000e+00
6682,9000,SO_TPb,1.182962472023e-02
6682,9000,IO_TPb,0.000000000000e+00
6682,9000,AO_TPb,0.000000000000e+00
6682,9000,PO_TPb,1.182962472023e-02
6682,9000,SED_TPb,1.182962472023e-02
6682,9000,SEDWSSD_TPb,1.182962472023e-02
6682,9000,SEDSCRS_TPb,0.000000000000e+00
6682,9000,SO_TZn,7.097774832137e-01
6682,9000,IO_TZn,0.000000000000e+00
6682,9000,AO_TZn,0.000000000000e+00
6682,9000,PO_TZn,7.097774832137e-01
6682,9000,SED_TZn,7.097774832137e-01
6682,9000,SEDWSSD_TZn,7.097774832137e-01
6682,9000,SEDSCRS_TZn,0.000000000000e+00
6682,10000,AREA,8.111859999999e-01
6682,10000,PREC,8.586850706202e+00
6682,10000,SURO,1.888285848937e+01
6682,10000,IFWO,0.000000000000e+00
6682,10000,AGWO,0.000000000000e+00
6682,10000,PERO,1.888285848937e+01
6682,10000,TAET,1.341733590827e+01
6682,10000,SEDLOAD,3.209329514736e-01
6682,10000,SEDWSSD, 0.00000e+00
6682,10000,SEDSCRS, 0.00000e+00
6682,10000,SEDSURO, 3.20933e-01
6682,10000,SEDIFWO, 0.00000e+00
6682,10000,SEDAGWO, 0.00000e+00
6682,10000,SO_TN,1.711644597956e+01
6682,10000,IO_TN,0.000000000000e+00
6682,10000,AO_TN,0.000000000000e+00
6682,10000,PO_TN,1.711644597956e+01
6682,10000,SO_TP,1.711644597956e+00
6682,10000,IO_TP,0.000000000000e+00
6682,10000,AO_TP,0.000000000000e+00
6682,10000,PO_TP,1.711644597956e+00
6682,10000,SED_TP,0.000000000000e+00
6682,10000,SEDWSSD_TP,0.000000000000e+00
6682,10000,SEDSCRS_TP,0.000000000000e+00
6682,10000,SO_TCd,4.279111494889e-04
6682,10000,IO_TCd,0.000000000000e+00
6682,10000,AO_TCd,0.000000000000e+00
6682,10000,PO_TCd,4.279111494889e-04
6682,10000,SED_TCd,0.000000000000e+00
6682,10000,SEDWSSD_TCd,0.000000000000e+00
6682,10000,SEDSCRS_TCd,0.000000000000e+00
6682,10000,SO_TCu,1.069777873722e-01
6682,10000,IO_TCu,0.000000000000e+00
6682,10000,AO_TCu,0.000000000000e+00
6682,10000,PO_TCu,1.069777873722e-01
6682,10000,SED_TCu,0.000000000000e+00
6682,10000,SEDWSSD_TCu,0.000000000000e+00
6682,10000,SEDSCRS_TCu,0.000000000000e+00
6682,10000,SO_TPb,1.711644597956e-02
6682,10000,IO_TPb,0.000000000000e+00
6682,10000,AO_TPb,0.000000000000e+00
6682,10000,PO_TPb,1.711644597956e-02
6682,10000,SED_TPb,0.000000000000e+00
6682,10000,SEDWSSD_TPb,0.000000000000e+00
6682,10000,SEDSCRS_TPb,0.000000000000e+00
6682,10000,SO_TZn,3.423289195911e-01
6682,10000,IO_TZn,0.000000000000e+00
6682,10000,AO_TZn,0.000000000000e+00
6682,10000,PO_TZn,3.423289195911e-01
6682,10000,SED_TZn,0.000000000000e+00
6682,10000,SEDWSSD_TZn,0.000000000000e+00
6682,10000,SEDSCRS_TZn,0.000000000000e+00
6682,11111,AREA,0.000000000000e+00
6682,11111,PREC,0.000000000000e+00
6682,11111,SURO,0.000000000000e+00
6682,11111,IFWO,0.000000000000e+00
6682,11111,AGWO,0.000000000000e+00
6682,11111,PERO,0.000000000000e+00
6682,11111,TAET,0.000000000000e+00
6682,11111,SEDLOAD,0.000000000000e+00
6682,11111,SEDWSSD, 0.00000e+00
6682,11111,SEDSCRS, 0.00000e+00
6682,11111,SEDSURO, 0.00000e+00
6682,11111,SEDIFWO, 0.00000e+00
6682,11111,SEDAGWO, 0.00000e+00
6682,11111,SO_TN,0.000000000000e+00
6682,11111,IO_TN,0.000000000000e+00
6682,11111,AO_TN,0.000000000000e+00
6682,11111,PO_TN,0.000000000000e+00
6682,11111,SO_TP,0.000000000000e+00
6682,11111,IO_TP,0.000000000000e+00
6682,11111,AO_TP,0.000000000000e+00
6682,11111,PO_TP,0.000000000000e+00
6682,11111,SED_TP,0.000000000000e+00
6682,11111,SEDWSSD_TP,0.000000000000e+00
6682,11111,SEDSCRS_TP,0.000000000000e+00
6682,11111,SO_TCd,0.000000000000e+00
6682,11111,IO_TCd,0.000000000000e+00
6682,11111,AO_TCd,0.000000000000e+00
6682,11111,PO_TCd,0.000000000000e+00
6682,11111,SED_TCd,0.000000000000e+00
6682,11111,SEDWSSD_TCd,0.000000000000e+00
6682,11111,SEDSCRS_TCd,0.000000000000e+00
6682,11111,SO_TCu,0.000000000000e+00
6682,11111,IO_TCu,0.000000000000e+00
6682,11111,AO_TCu,0.000000000000e+00
6682,11111,PO_TCu,0.000000000000e+00
6682,11111,SED_TCu,0.000000000000e+00
6682,11111,SEDWSSD_TCu,0.000000000000e+00
6682,11111,SEDSCRS_TCu,0.000000000000e+00
6682,11111,SO_TPb,0.000000000000e+00
6682,11111,IO_TPb,0.000000000000e+00
6682,11111,AO_TPb,0.000000000000e+00
6682,11111,PO_TPb,0.000000000000e+00
6682,11111,SED_TPb,0.000000000000e+00
6682,11111,SEDWSSD_TPb,0.000000000000e+00
6682,11111,SEDSCRS_TPb,0.000000000000e+00
6682,11111,SO_TZn,0.000000000000e+00
6682,11111,IO_TZn,0.000000000000e+00
6682,11111,AO_TZn,0.000000000000e+00
6682,11111,PO_TZn,0.000000000000e+00
6682,11111,SED_TZn,0.000000000000e+00
6682,11111,SEDWSSD_TZn,0.000000000000e+00
6682,11111,SEDSCRS_TZn,0.000000000000e+00
6682,11112,AREA,0.000000000000e+00
6682,11112,PREC,0.000000000000e+00
6682,11112,SURO,0.000000000000e+00
6682,11112,IFWO,0.000000000000e+00
6682,11112,AGWO,0.000000000000e+00
6682,11112,PERO,0.000000000000e+00
6682,11112,TAET,0.000000000000e+00
6682,11112,SEDLOAD,0.000000000000e+00
6682,11112,SEDWSSD, 0.00000e+00
6682,11112,SEDSCRS, 0.00000e+00
6682,11112,SEDSURO, 0.00000e+00
6682,11112,SEDIFWO, 0.00000e+00
6682,11112,SEDAGWO, 0.00000e+00
6682,11112,SO_TN,0.000000000000e+00
6682,11112,IO_TN,0.000000000000e+00
6682,11112,AO_TN,0.000000000000e+00
6682,11112,PO_TN,0.000000000000e+00
6682,11112,SO_TP,0.000000000000e+00
6682,11112,IO_TP,0.000000000000e+00
6682,11112,AO_TP,0.000000000000e+00
6682,11112,PO_TP,0.000000000000e+00
6682,11112,SED_TP,0.000000000000e+00
6682,11112,SEDWSSD_TP,0.000000000000e+00
6682,11112,SEDSCRS_TP,0.000000000000e+00
6682,11112,SO_TCd,0.000000000000e+00
6682,11112,IO_TCd,0.000000000000e+00
6682,11112,AO_TCd,0.000000000000e+00
6682,11112,PO_TCd,0.000000000000e+00
6682,11112,SED_TCd,0.000000000000e+00
6682,11112,SEDWSSD_TCd,0.000000000000e+00
6682,11112,SEDSCRS_TCd,0.000000000000e+00
6682,11112,SO_TCu,0.000000000000e+00
6682,11112,IO_TCu,0.000000000000e+00
6682,11112,AO_TCu,0.000000000000e+00
6682,11112,PO_TCu,0.000000000000e+00
6682,11112,SED_TCu,0.000000000000e+00
6682,11112,SEDWSSD_TCu,0.000000000000e+00
6682,11112,SEDSCRS_TCu,0.000000000000e+00
6682,11112,SO_TPb,0.000000000000e+00
6682,11112,IO_TPb,0.000000000000e+00
6682,11112,AO_TPb,0.000000000000e+00
6682,11112,PO_TPb,0.000000000000e+00
6682,11112,SED_TPb,0.000000000000e+00
6682,11112,SEDWSSD_TPb,0.000000000000e+00
6682,11112,SEDSCRS_TPb,0.000000000000e+00
6682,11112,SO_TZn,0.000000000000e+00
6682,11112,IO_TZn,0.000000000000e+00
6682,11112,AO_TZn,0.000000000000e+00
6682,11112,PO_TZn,0.000000000000e+00
6682,11112,SED_TZn,0.000000000000e+00
6682,11112,SEDWSSD_TZn,0.000000000000e+00
6682,11112,SEDSCRS_TZn,0.000000000000e+00
6682,11121,AREA,0.000000000000e+00
6682,11121,PREC,0.000000000000e+00
6682,11121,SURO,0.000000000000e+00
6682,11121,IFWO,0.000000000000e+00
6682,11121,AGWO,0.000000000000e+00
6682,11121,PERO,0.000000000000e+00
6682,11121,TAET,0.000000000000e+00
6682,11121,SEDLOAD,0.000000000000e+00
6682,11121,SEDWSSD, 0.00000e+00
6682,11121,SEDSCRS, 0.00000e+00
6682,11121,SEDSURO, 0.00000e+00
6682,11121,SEDIFWO, 0.00000e+00
6682,11121,SEDAGWO, 0.00000e+00
6682,11121,SO_TN,0.000000000000e+00
6682,11121,IO_TN,0.000000000000e+00
6682,11121,AO_TN,0.000000000000e+00
6682,11121,PO_TN,0.000000000000e+00
6682,11121,SO_TP,0.000000000000e+00
6682,11121,IO_TP,0.000000000000e+00
6682,11121,AO_TP,0.000000000000e+00
6682,11121,PO_TP,0.000000000000e+00
6682,11121,SED_TP,0.000000000000e+00
6682,11121,SEDWSSD_TP,0.000000000000e+00
6682,11121,SEDSCRS_TP,0.000000000000e+00
6682,11121,SO_TCd,0.000000000000e+00
6682,11121,IO_TCd,0.000000000000e+00
6682,11121,AO_TCd,0.000000000000e+00
6682,11121,PO_TCd,0.000000000000e+00
6682,11121,SED_TCd,0.000000000000e+00
6682,11121,SEDWSSD_TCd,0.000000000000e+00
6682,11121,SEDSCRS_TCd,0.000000000000e+00
6682,11121,SO_TCu,0.000000000000e+00
6682,11121,IO_TCu,0.000000000000e+00
6682,11121,AO_TCu,0.000000000000e+00
6682,11121,PO_TCu,0.000000000000e+00
6682,11121,SED_TCu,0.000000000000e+00
6682,11121,SEDWSSD_TCu,0.000000000000e+00
6682,11121,SEDSCRS_TCu,0.000000000000e+00
6682,11121,SO_TPb,0.000000000000e+00
6682,11121,IO_TPb,0.000000000000e+00
6682,11121,AO_TPb,0.000000000000e+00
6682,11121,PO_TPb,0.000000000000e+00
6682,11121,SED_TPb,0.000000000000e+00
6682,11121,SEDWSSD_TPb,0.000000000000e+00
6682,11121,SEDSCRS_TPb,0.000000000000e+00
6682,11121,SO_TZn,0.000000000000e+00
6682,11121,IO_TZn,0.000000000000e+00
6682,11121,AO_TZn,0.000000000000e+00
6682,11121,PO_TZn,0.000000000000e+00
6682,11121,SED_TZn,0.000000000000e+00
6682,11121,SEDWSSD_TZn,0.000000000000e+00
6682,11121,SEDSCRS_TZn,0.000000000000e+00
6682,11122,AREA,0.000000000000e+00
6682,11122,PREC,0.000000000000e+00
6682,11122,SURO,0.000000000000e+00
6682,11122,IFWO,0.000000000000e+00
6682,11122,AGWO,0.000000000000e+00
6682,11122,PERO,0.000000000000e+00
6682,11122,TAET,0.000000000000e+00
6682,11122,SEDLOAD,0.000000000000e+00
6682,11122,SEDWSSD, 0.00000e+00
6682,11122,SEDSCRS, 0.00000e+00
6682,11122,SEDSURO, 0.00000e+00
6682,11122,SEDIFWO, 0.00000e+00
6682,11122,SEDAGWO, 0.00000e+00
6682,11122,SO_TN,0.000000000000e+00
6682,11122,IO_TN,0.000000000000e+00
6682,11122,AO_TN,0.000000000000e+00
6682,11122,PO_TN,0.000000000000e+00
6682,11122,SO_TP,0.000000000000e+00
6682,11122,IO_TP,0.000000000000e+00
6682,11122,AO_TP,0.000000000000e+00
6682,11122,PO_TP,0.000000000000e+00
6682,11122,SED_TP,0.000000000000e+00
6682,11122,SEDWSSD_TP,0.000000000000e+00
6682,11122,SEDSCRS_TP,0.000000000000e+00
6682,11122,SO_TCd,0.000000000000e+00
6682,11122,IO_TCd,0.000000000000e+00
6682,11122,AO_TCd,0.000000000000e+00
6682,11122,PO_TCd,0.000000000000e+00
6682,11122,SED_TCd,0.000000000000e+00
6682,11122,SEDWSSD_TCd,0.000000000000e+00
6682,11122,SEDSCRS_TCd,0.000000000000e+00
6682,11122,SO_TCu,0.000000000000e+00
6682,11122,IO_TCu,0.000000000000e+00
6682,11122,AO_TCu,0.000000000000e+00
6682,11122,PO_TCu,0.000000000000e+00
6682,11122,SED_TCu,0.000000000000e+00
6682,11122,SEDWSSD_TCu,0.000000000000e+00
6682,11122,SEDSCRS_TCu,0.000000000000e+00
6682,11122,SO_TPb,0.000000000000e+00
6682,11122,IO_TPb,0.000000000000e+00
6682,11122,AO_TPb,0.000000000000e+00
6682,11122,PO_TPb,0.000000000000e+00
6682,11122,SED_TPb,0.000000000000e+00
6682,11122,SEDWSSD_TPb,0.000000000000e+00
6682,11122,SEDSCRS_TPb,0.000000000000e+00
6682,11122,SO_TZn,0.000000000000e+00
6682,11122,IO_TZn,0.000000000000e+00
6682,11122,AO_TZn,0.000000000000e+00
6682,11122,PO_TZn,0.000000000000e+00
6682,11122,SED_TZn,0.000000000000e+00
6682,11122,SEDWSSD_TZn,0.000000000000e+00
6682,11122,SEDSCRS_TZn,0.000000000000e+00
6682,11211,AREA,0.000000000000e+00
6682,11211,PREC,0.000000000000e+00
6682,11211,SURO,0.000000000000e+00
6682,11211,IFWO,0.000000000000e+00
6682,11211,AGWO,0.000000000000e+00
6682,11211,PERO,0.000000000000e+00
6682,11211,TAET,0.000000000000e+00
6682,11211,SEDLOAD,0.000000000000e+00
6682,11211,SEDWSSD, 0.00000e+00
6682,11211,SEDSCRS, 0.00000e+00
6682,11211,SEDSURO, 0.00000e+00
6682,11211,SEDIFWO, 0.00000e+00
6682,11211,SEDAGWO, 0.00000e+00
6682,11211,SO_TN,0.000000000000e+00
6682,11211,IO_TN,0.000000000000e+00
6682,11211,AO_TN,0.000000000000e+00
6682,11211,PO_TN,0.000000000000e+00
6682,11211,SO_TP,0.000000000000e+00
6682,11211,IO_TP,0.000000000000e+00
6682,11211,AO_TP,0.000000000000e+00
6682,11211,PO_TP,0.000000000000e+00
6682,11211,SED_TP,0.000000000000e+00
6682,11211,SEDWSSD_TP,0.000000000000e+00
6682,11211,SEDSCRS_TP,0.000000000000e+00
6682,11211,SO_TCd,0.000000000000e+00
6682,11211,IO_TCd,0.000000000000e+00
6682,11211,AO_TCd,0.000000000000e+00
6682,11211,PO_TCd,0.000000000000e+00
6682,11211,SED_TCd,0.000000000000e+00
6682,11211,SEDWSSD_TCd,0.000000000000e+00
6682,11211,SEDSCRS_TCd,0.000000000000e+00
6682,11211,SO_TCu,0.000000000000e+00
6682,11211,IO_TCu,0.000000000000e+00
6682,11211,AO_TCu,0.000000000000e+00
6682,11211,PO_TCu,0.000000000000e+00
6682,11211,SED_TCu,0.000000000000e+00
6682,11211,SEDWSSD_TCu,0.000000000000e+00
6682,11211,SEDSCRS_TCu,0.000000000000e+00
6682,11211,SO_TPb,0.000000000000e+00
6682,11211,IO_TPb,0.000000000000e+00
6682,11211,AO_TPb,0.000000000000e+00
6682,11211,PO_TPb,0.000000000000e+00
6682,11211,SED_TPb,0.000000000000e+00
6682,11211,SEDWSSD_TPb,0.000000000000e+00
6682,11211,SEDSCRS_TPb,0.000000000000e+00
6682,11211,SO_TZn,0.000000000000e+00
6682,11211,IO_TZn,0.000000000000e+00
6682,11211,AO_TZn,0.000000000000e+00
6682,11211,PO_TZn,0.000000000000e+00
6682,11211,SED_TZn,0.000000000000e+00
6682,11211,SEDWSSD_TZn,0.000000000000e+00
6682,11211,SEDSCRS_TZn,0.000000000000e+00
6682,11212,AREA,3.502857999997e+00
6682,11212,PREC,3.707968171421e+01
6682,11212,SURO,1.976843693970e+00
6682,11212,IFWO,1.279168100663e+00
6682,11212,AGWO,2.315269964224e+01
6682,11212,PERO,2.640871143687e+01
6682,11212,TAET,1.029805366778e+02
6682,11212,SEDLOAD,9.032381505018e-02
6682,11212,SEDWSSD, 8.75555e-02
6682,11212,SEDSCRS, 0.00000e+00
6682,11212,SEDSURO, 0.00000e+00
6682,11212,SEDIFWO, 1.44938e-04
6682,11212,SEDAGWO, 2.62335e-03
6682,11212,SO_TN,1.041743970358e+00
6682,11212,IO_TN,2.898768174598e-01
6682,11212,AO_TN,1.574014600055e+00
6682,11212,PO_TN,2.905635387873e+00
6682,11212,SO_TP,1.751110450336e-01
6682,11212,IO_TP,1.159507269839e-01
6682,11212,AO_TP,1.049343066704e+00
6682,11212,PO_TP,1.340404838721e+00
6682,11212,SED_TP,1.751110450336e-01
6682,11212,SEDWSSD_TP,1.751110450336e-01
6682,11212,SEDSCRS_TP,0.000000000000e+00
6682,11212,SO_TCd,4.377776125840e-04
6682,11212,IO_TCd,0.000000000000e+00
6682,11212,AO_TCd,0.000000000000e+00
6682,11212,PO_TCd,4.377776125840e-04
6682,11212,SED_TCd,4.377776125840e-04
6682,11212,SEDWSSD_TCd,4.377776125840e-04
6682,11212,SEDSCRS_TCd,0.000000000000e+00
6682,11212,SO_TCu,4.377776125840e-02
6682,11212,IO_TCu,0.000000000000e+00
6682,11212,AO_TCu,0.000000000000e+00
6682,11212,PO_TCu,4.377776125840e-02
6682,11212,SED_TCu,4.377776125840e-02
6682,11212,SEDWSSD_TCu,4.377776125840e-02
6682,11212,SEDSCRS_TCu,0.000000000000e+00
6682,11212,SO_TPb,8.755552251680e-04
6682,11212,IO_TPb,0.000000000000e+00
6682,11212,AO_TPb,0.000000000000e+00
6682,11212,PO_TPb,8.755552251680e-04
6682,11212,SED_TPb,8.755552251680e-04
6682,11212,SEDWSSD_TPb,8.755552251680e-04
6682,11212,SEDSCRS_TPb,0.000000000000e+00
6682,11212,SO_TZn,3.151998810605e-01
6682,11212,IO_TZn,0.000000000000e+00
6682,11212,AO_TZn,2.623357666759e-01
6682,11212,PO_TZn,5.775356477363e-01
6682,11212,SED_TZn,3.151998810605e-01
6682,11212,SEDWSSD_TZn,3.151998810605e-01
6682,11212,SEDSCRS_TZn,0.000000000000e+00
6682,11221,AREA,0.000000000000e+00
6682,11221,PREC,0.000000000000e+00
6682,11221,SURO,0.000000000000e+00
6682,11221,IFWO,0.000000000000e+00
6682,11221,AGWO,0.000000000000e+00
6682,11221,PERO,0.000000000000e+00
6682,11221,TAET,0.000000000000e+00
6682,11221,SEDLOAD,0.000000000000e+00
6682,11221,SEDWSSD, 0.00000e+00
6682,11221,SEDSCRS, 0.00000e+00
6682,11221,SEDSURO, 0.00000e+00
6682,11221,SEDIFWO, 0.00000e+00
6682,11221,SEDAGWO, 0.00000e+00
6682,11221,SO_TN,0.000000000000e+00
6682,11221,IO_TN,0.000000000000e+00
6682,11221,AO_TN,0.000000000000e+00
6682,11221,PO_TN,0.000000000000e+00
6682,11221,SO_TP,0.000000000000e+00
6682,11221,IO_TP,0.000000000000e+00
6682,11221,AO_TP,0.000000000000e+00
6682,11221,PO_TP,0.000000000000e+00
6682,11221,SED_TP,0.000000000000e+00
6682,11221,SEDWSSD_TP,0.000000000000e+00
6682,11221,SEDSCRS_TP,0.000000000000e+00
6682,11221,SO_TCd,0.000000000000e+00
6682,11221,IO_TCd,0.000000000000e+00
6682,11221,AO_TCd,0.000000000000e+00
6682,11221,PO_TCd,0.000000000000e+00
6682,11221,SED_TCd,0.000000000000e+00
6682,11221,SEDWSSD_TCd,0.000000000000e+00
6682,11221,SEDSCRS_TCd,0.000000000000e+00
6682,11221,SO_TCu,0.000000000000e+00
6682,11221,IO_TCu,0.000000000000e+00
6682,11221,AO_TCu,0.000000000000e+00
6682,11221,PO_TCu,0.000000000000e+00
6682,11221,SED_TCu,0.000000000000e+00
6682,11221,SEDWSSD_TCu,0.000000000000e+00
6682,11221,SEDSCRS_TCu,0.000000000000e+00
6682,11221,SO_TPb,0.000000000000e+00
6682,11221,IO_TPb,0.000000000000e+00
6682,11221,AO_TPb,0.000000000000e+00
6682,11221,PO_TPb,0.000000000000e+00
6682,11221,SED_TPb,0.000000000000e+00
6682,11221,SEDWSSD_TPb,0.000000000000e+00
6682,11221,SEDSCRS_TPb,0.000000000000e+00
6682,11221,SO_TZn,0.000000000000e+00
6682,11221,IO_TZn,0.000000000000e+00
6682,11221,AO_TZn,0.000000000000e+00
6682,11221,PO_TZn,0.000000000000e+00
6682,11221,SED_TZn,0.000000000000e+00
6682,11221,SEDWSSD_TZn,0.000000000000e+00
6682,11221,SEDSCRS_TZn,0.000000000000e+00
6682,11222,AREA,0.000000000000e+00
6682,11222,PREC,0.000000000000e+00
6682,11222,SURO,0.000000000000e+00
6682,11222,IFWO,0.000000000000e+00
6682,11222,AGWO,0.000000000000e+00
6682,11222,PERO,0.000000000000e+00
6682,11222,TAET,0.000000000000e+00
6682,11222,SEDLOAD,0.000000000000e+00
6682,11222,SEDWSSD, 0.00000e+00
6682,11222,SEDSCRS, 0.00000e+00
6682,11222,SEDSURO, 0.00000e+00
6682,11222,SEDIFWO, 0.00000e+00
6682,11222,SEDAGWO, 0.00000e+00
6682,11222,SO_TN,0.000000000000e+00
6682,11222,IO_TN,0.000000000000e+00
6682,11222,AO_TN,0.000000000000e+00
6682,11222,PO_TN,0.000000000000e+00
6682,11222,SO_TP,0.000000000000e+00
6682,11222,IO_TP,0.000000000000e+00
6682,11222,AO_TP,0.000000000000e+00
6682,11222,PO_TP,0.000000000000e+00
6682,11222,SED_TP,0.000000000000e+00
6682,11222,SEDWSSD_TP,0.000000000000e+00
6682,11222,SEDSCRS_TP,0.000000000000e+00
6682,11222,SO_TCd,0.000000000000e+00
6682,11222,IO_TCd,0.000000000000e+00
6682,11222,AO_TCd,0.000000000000e+00
6682,11222,PO_TCd,0.000000000000e+00
6682,11222,SED_TCd,0.000000000000e+00
6682,11222,SEDWSSD_TCd,0.000000000000e+00
6682,11222,SEDSCRS_TCd,0.000000000000e+00
6682,11222,SO_TCu,0.000000000000e+00
6682,11222,IO_TCu,0.000000000000e+00
6682,11222,AO_TCu,0.000000000000e+00
6682,11222,PO_TCu,0.000000000000e+00
6682,11222,SED_TCu,0.000000000000e+00
6682,11222,SEDWSSD_TCu,0.000000000000e+00
6682,11222,SEDSCRS_TCu,0.000000000000e+00
6682,11222,SO_TPb,0.000000000000e+00
6682,11222,IO_TPb,0.000000000000e+00
6682,11222,AO_TPb,0.000000000000e+00
6682,11222,PO_TPb,0.000000000000e+00
6682,11222,SED_TPb,0.000000000000e+00
6682,11222,SEDWSSD_TPb,0.000000000000e+00
6682,11222,SEDSCRS_TPb,0.000000000000e+00
6682,11222,SO_TZn,0.000000000000e+00
6682,11222,IO_TZn,0.000000000000e+00
6682,11222,AO_TZn,0.000000000000e+00
6682,11222,PO_TZn,0.000000000000e+00
6682,11222,SED_TZn,0.000000000000e+00
6682,11222,SEDWSSD_TZn,0.000000000000e+00
6682,11222,SEDSCRS_TZn,0.000000000000e+00
6682,11311,AREA,0.000000000000e+00
6682,11311,PREC,0.000000000000e+00
6682,11311,SURO,0.000000000000e+00
6682,11311,IFWO,0.000000000000e+00
6682,11311,AGWO,0.000000000000e+00
6682,11311,PERO,0.000000000000e+00
6682,11311,TAET,0.000000000000e+00
6682,11311,SEDLOAD,0.000000000000e+00
6682,11311,SEDWSSD, 0.00000e+00
6682,11311,SEDSCRS, 0.00000e+00
6682,11311,SEDSURO, 0.00000e+00
6682,11311,SEDIFWO, 0.00000e+00
6682,11311,SEDAGWO, 0.00000e+00
6682,11311,SO_TN,0.000000000000e+00
6682,11311,IO_TN,0.000000000000e+00
6682,11311,AO_TN,0.000000000000e+00
6682,11311,PO_TN,0.000000000000e+00
6682,11311,SO_TP,0.000000000000e+00
6682,11311,IO_TP,0.000000000000e+00
6682,11311,AO_TP,0.000000000000e+00
6682,11311,PO_TP,0.000000000000e+00
6682,11311,SED_TP,0.000000000000e+00
6682,11311,SEDWSSD_TP,0.000000000000e+00
6682,11311,SEDSCRS_TP,0.000000000000e+00
6682,11311,SO_TCd,0.000000000000e+00
6682,11311,IO_TCd,0.000000000000e+00
6682,11311,AO_TCd,0.000000000000e+00
6682,11311,PO_TCd,0.000000000000e+00
6682,11311,SED_TCd,0.000000000000e+00
6682,11311,SEDWSSD_TCd,0.000000000000e+00
6682,11311,SEDSCRS_TCd,0.000000000000e+00
6682,11311,SO_TCu,0.000000000000e+00
6682,11311,IO_TCu,0.000000000000e+00
6682,11311,AO_TCu,0.000000000000e+00
6682,11311,PO_TCu,0.000000000000e+00
6682,11311,SED_TCu,0.000000000000e+00
6682,11311,SEDWSSD_TCu,0.000000000000e+00
6682,11311,SEDSCRS_TCu,0.000000000000e+00
6682,11311,SO_TPb,0.000000000000e+00
6682,11311,IO_TPb,0.000000000000e+00
6682,11311,AO_TPb,0.000000000000e+00
6682,11311,PO_TPb,0.000000000000e+00
6682,11311,SED_TPb,0.000000000000e+00
6682,11311,SEDWSSD_TPb,0.000000000000e+00
6682,11311,SEDSCRS_TPb,0.000000000000e+00
6682,11311,SO_TZn,0.000000000000e+00
6682,11311,IO_TZn,0.000000000000e+00
6682,11311,AO_TZn,0.000000000000e+00
6682,11311,PO_TZn,0.000000000000e+00
6682,11311,SED_TZn,0.000000000000e+00
6682,11311,SEDWSSD_TZn,0.000000000000e+00
6682,11311,SEDSCRS_TZn,0.000000000000e+00
6682,11312,AREA,0.000000000000e+00
6682,11312,PREC,0.000000000000e+00
6682,11312,SURO,0.000000000000e+00
6682,11312,IFWO,0.000000000000e+00
6682,11312,AGWO,0.000000000000e+00
6682,11312,PERO,0.000000000000e+00
6682,11312,TAET,0.000000000000e+00
6682,11312,SEDLOAD,0.000000000000e+00
6682,11312,SEDWSSD, 0.00000e+00
6682,11312,SEDSCRS, 0.00000e+00
6682,11312,SEDSURO, 0.00000e+00
6682,11312,SEDIFWO, 0.00000e+00
6682,11312,SEDAGWO, 0.00000e+00
6682,11312,SO_TN,0.000000000000e+00
6682,11312,IO_TN,0.000000000000e+00
6682,11312,AO_TN,0.000000000000e+00
6682,11312,PO_TN,0.000000000000e+00
6682,11312,SO_TP,0.000000000000e+00
6682,11312,IO_TP,0.000000000000e+00
6682,11312,AO_TP,0.000000000000e+00
6682,11312,PO_TP,0.000000000000e+00
6682,11312,SED_TP,0.000000000000e+00
6682,11312,SEDWSSD_TP,0.000000000000e+00
6682,11312,SEDSCRS_TP,0.000000000000e+00
6682,11312,SO_TCd,0.000000000000e+00
6682,11312,IO_TCd,0.000000000000e+00
6682,11312,AO_TCd,0.000000000000e+00
6682,11312,PO_TCd,0.000000000000e+00
6682,11312,SED_TCd,0.000000000000e+00
6682,11312,SEDWSSD_TCd,0.000000000000e+00
6682,11312,SEDSCRS_TCd,0.000000000000e+00
6682,11312,SO_TCu,0.000000000000e+00
6682,11312,IO_TCu,0.000000000000e+00
6682,11312,AO_TCu,0.000000000000e+00
6682,11312,PO_TCu,0.000000000000e+00
6682,11312,SED_TCu,0.000000000000e+00
6682,11312,SEDWSSD_TCu,0.000000000000e+00
6682,11312,SEDSCRS_TCu,0.000000000000e+00
6682,11312,SO_TPb,0.000000000000e+00
6682,11312,IO_TPb,0.000000000000e+00
6682,11312,AO_TPb,0.000000000000e+00
6682,11312,PO_TPb,0.000000000000e+00
6682,11312,SED_TPb,0.000000000000e+00
6682,11312,SEDWSSD_TPb,0.000000000000e+00
6682,11312,SEDSCRS_TPb,0.000000000000e+00
6682,11312,SO_TZn,0.000000000000e+00
6682,11312,IO_TZn,0.000000000000e+00
6682,11312,AO_TZn,0.000000000000e+00
6682,11312,PO_TZn,0.000000000000e+00
6682,11312,SED_TZn,0.000000000000e+00
6682,11312,SEDWSSD_TZn,0.000000000000e+00
6682,11312,SEDSCRS_TZn,0.000000000000e+00
6682,11321,AREA,0.000000000000e+00
6682,11321,PREC,0.000000000000e+00
6682,11321,SURO,0.000000000000e+00
6682,11321,IFWO,0.000000000000e+00
6682,11321,AGWO,0.000000000000e+00
6682,11321,PERO,0.000000000000e+00
6682,11321,TAET,0.000000000000e+00
6682,11321,SEDLOAD,0.000000000000e+00
6682,11321,SEDWSSD, 0.00000e+00
6682,11321,SEDSCRS, 0.00000e+00
6682,11321,SEDSURO, 0.00000e+00
6682,11321,SEDIFWO, 0.00000e+00
6682,11321,SEDAGWO, 0.00000e+00
6682,11321,SO_TN,0.000000000000e+00
6682,11321,IO_TN,0.000000000000e+00
6682,11321,AO_TN,0.000000000000e+00
6682,11321,PO_TN,0.000000000000e+00
6682,11321,SO_TP,0.000000000000e+00
6682,11321,IO_TP,0.000000000000e+00
6682,11321,AO_TP,0.000000000000e+00
6682,11321,PO_TP,0.000000000000e+00
6682,11321,SED_TP,0.000000000000e+00
6682,11321,SEDWSSD_TP,0.000000000000e+00
6682,11321,SEDSCRS_TP,0.000000000000e+00
6682,11321,SO_TCd,0.000000000000e+00
6682,11321,IO_TCd,0.000000000000e+00
6682,11321,AO_TCd,0.000000000000e+00
6682,11321,PO_TCd,0.000000000000e+00
6682,11321,SED_TCd,0.000000000000e+00
6682,11321,SEDWSSD_TCd,0.000000000000e+00
6682,11321,SEDSCRS_TCd,0.000000000000e+00
6682,11321,SO_TCu,0.000000000000e+00
6682,11321,IO_TCu,0.000000000000e+00
6682,11321,AO_TCu,0.000000000000e+00
6682,11321,PO_TCu,0.000000000000e+00
6682,11321,SED_TCu,0.000000000000e+00
6682,11321,SEDWSSD_TCu,0.000000000000e+00
6682,11321,SEDSCRS_TCu,0.000000000000e+00
6682,11321,SO_TPb,0.000000000000e+00
6682,11321,IO_TPb,0.000000000000e+00
6682,11321,AO_TPb,0.000000000000e+00
6682,11321,PO_TPb,0.000000000000e+00
6682,11321,SED_TPb,0.000000000000e+00
6682,11321,SEDWSSD_TPb,0.000000000000e+00
6682,11321,SEDSCRS_TPb,0.000000000000e+00
6682,11321,SO_TZn,0.000000000000e+00
6682,11321,IO_TZn,0.000000000000e+00
6682,11321,AO_TZn,0.000000000000e+00
6682,11321,PO_TZn,0.000000000000e+00
6682,11321,SED_TZn,0.000000000000e+00
6682,11321,SEDWSSD_TZn,0.000000000000e+00
6682,11321,SEDSCRS_TZn,0.000000000000e+00
6682,11322,AREA,0.000000000000e+00
6682,11322,PREC,0.000000000000e+00
6682,11322,SURO,0.000000000000e+00
6682,11322,IFWO,0.000000000000e+00
6682,11322,AGWO,0.000000000000e+00
6682,11322,PERO,0.000000000000e+00
6682,11322,TAET,0.000000000000e+00
6682,11322,SEDLOAD,0.000000000000e+00
6682,11322,SEDWSSD, 0.00000e+00
6682,11322,SEDSCRS, 0.00000e+00
6682,11322,SEDSURO, 0.00000e+00
6682,11322,SEDIFWO, 0.00000e+00
6682,11322,SEDAGWO, 0.00000e+00
6682,11322,SO_TN,0.000000000000e+00
6682,11322,IO_TN,0.000000000000e+00
6682,11322,AO_TN,0.000000000000e+00
6682,11322,PO_TN,0.000000000000e+00
6682,11322,SO_TP,0.000000000000e+00
6682,11322,IO_TP,0.000000000000e+00
6682,11322,AO_TP,0.000000000000e+00
6682,11322,PO_TP,0.000000000000e+00
6682,11322,SED_TP,0.000000000000e+00
6682,11322,SEDWSSD_TP,0.000000000000e+00
6682,11322,SEDSCRS_TP,0.000000000000e+00
6682,11322,SO_TCd,0.000000000000e+00
6682,11322,IO_TCd,0.000000000000e+00
6682,11322,AO_TCd,0.000000000000e+00
6682,11322,PO_TCd,0.000000000000e+00
6682,11322,SED_TCd,0.000000000000e+00
6682,11322,SEDWSSD_TCd,0.000000000000e+00
6682,11322,SEDSCRS_TCd,0.000000000000e+00
6682,11322,SO_TCu,0.000000000000e+00
6682,11322,IO_TCu,0.000000000000e+00
6682,11322,AO_TCu,0.000000000000e+00
6682,11322,PO_TCu,0.000000000000e+00
6682,11322,SED_TCu,0.000000000000e+00
6682,11322,SEDWSSD_TCu,0.000000000000e+00
6682,11322,SEDSCRS_TCu,0.000000000000e+00
6682,11322,SO_TPb,0.000000000000e+00
6682,11322,IO_TPb,0.000000000000e+00
6682,11322,AO_TPb,0.000000000000e+00
6682,11322,PO_TPb,0.000000000000e+00
6682,11322,SED_TPb,0.000000000000e+00
6682,11322,SEDWSSD_TPb,0.000000000000e+00
6682,11322,SEDSCRS_TPb,0.000000000000e+00
6682,11322,SO_TZn,0.000000000000e+00
6682,11322,IO_TZn,0.000000000000e+00
6682,11322,AO_TZn,0.000000000000e+00
6682,11322,PO_TZn,0.000000000000e+00
6682,11322,SED_TZn,0.000000000000e+00
6682,11322,SEDWSSD_TZn,0.000000000000e+00
6682,11322,SEDSCRS_TZn,0.000000000000e+00
6682,11411,AREA,0.000000000000e+00
6682,11411,PREC,0.000000000000e+00
6682,11411,SURO,0.000000000000e+00
6682,11411,IFWO,0.000000000000e+00
6682,11411,AGWO,0.000000000000e+00
6682,11411,PERO,0.000000000000e+00
6682,11411,TAET,0.000000000000e+00
6682,11411,SEDLOAD,0.000000000000e+00
6682,11411,SEDWSSD, 0.00000e+00
6682,11411,SEDSCRS, 0.00000e+00
6682,11411,SEDSURO, 0.00000e+00
6682,11411,SEDIFWO, 0.00000e+00
6682,11411,SEDAGWO, 0.00000e+00
6682,11411,SO_TN,0.000000000000e+00
6682,11411,IO_TN,0.000000000000e+00
6682,11411,AO_TN,0.000000000000e+00
6682,11411,PO_TN,0.000000000000e+00
6682,11411,SO_TP,0.000000000000e+00
6682,11411,IO_TP,0.000000000000e+00
6682,11411,AO_TP,0.000000000000e+00
6682,11411,PO_TP,0.000000000000e+00
6682,11411,SED_TP,0.000000000000e+00
6682,11411,SEDWSSD_TP,0.000000000000e+00
6682,11411,SEDSCRS_TP,0.000000000000e+00
6682,11411,SO_TCd,0.000000000000e+00
6682,11411,IO_TCd,0.000000000000e+00
6682,11411,AO_TCd,0.000000000000e+00
6682,11411,PO_TCd,0.000000000000e+00
6682,11411,SED_TCd,0.000000000000e+00
6682,11411,SEDWSSD_TCd,0.000000000000e+00
6682,11411,SEDSCRS_TCd,0.000000000000e+00
6682,11411,SO_TCu,0.000000000000e+00
6682,11411,IO_TCu,0.000000000000e+00
6682,11411,AO_TCu,0.000000000000e+00
6682,11411,PO_TCu,0.000000000000e+00
6682,11411,SED_TCu,0.000000000000e+00
6682,11411,SEDWSSD_TCu,0.000000000000e+00
6682,11411,SEDSCRS_TCu,0.000000000000e+00
6682,11411,SO_TPb,0.000000000000e+00
6682,11411,IO_TPb,0.000000000000e+00
6682,11411,AO_TPb,0.000000000000e+00
6682,11411,PO_TPb,0.000000000000e+00
6682,11411,SED_TPb,0.000000000000e+00
6682,11411,SEDWSSD_TPb,0.000000000000e+00
6682,11411,SEDSCRS_TPb,0.000000000000e+00
6682,11411,SO_TZn,0.000000000000e+00
6682,11411,IO_TZn,0.000000000000e+00
6682,11411,AO_TZn,0.000000000000e+00
6682,11411,PO_TZn,0.000000000000e+00
6682,11411,SED_TZn,0.000000000000e+00
6682,11411,SEDWSSD_TZn,0.000000000000e+00
6682,11411,SEDSCRS_TZn,0.000000000000e+00
6682,11412,AREA,1.271617200001e+01
6682,11412,PREC,1.346076861760e+02
6682,11412,SURO,3.218398520690e+01
6682,11412,IFWO,5.737058437406e+00
6682,11412,AGWO,5.888737532372e+01
6682,11412,PERO,9.680841896803e+01
6682,11412,TAET,3.833588181830e+02
6682,11412,SEDLOAD,3.098783047852e-01
6682,11412,SEDWSSD, 3.02556e-01
6682,11412,SEDSCRS, 0.00000e+00
6682,11412,SEDSURO, 0.00000e+00
6682,11412,SEDIFWO, 6.50047e-04
6682,11412,SEDAGWO, 6.67233e-03
6682,11412,SO_TN,1.076630562715e+01
6682,11412,IO_TN,1.300095148209e+00
6682,11412,AO_TN,4.003403056694e+00
6682,11412,PO_TN,1.606980383205e+01
6682,11412,SO_TP,6.051118563050e-01
6682,11412,IO_TP,5.200380592837e-01
6682,11412,AO_TP,2.668935371129e+00
6682,11412,PO_TP,3.794085286718e+00
6682,11412,SED_TP,6.051118563050e-01
6682,11412,SEDWSSD_TP,6.051118563050e-01
6682,11412,SEDSCRS_TP,0.000000000000e+00
6682,11412,SO_TCd,1.512779640763e-03
6682,11412,IO_TCd,0.000000000000e+00
6682,11412,AO_TCd,0.000000000000e+00
6682,11412,PO_TCd,1.512779640763e-03
6682,11412,SED_TCd,1.512779640763e-03
6682,11412,SEDWSSD_TCd,1.512779640763e-03
6682,11412,SEDSCRS_TCd,0.000000000000e+00
6682,11412,SO_TCu,1.512779640763e-01
6682,11412,IO_TCu,0.000000000000e+00
6682,11412,AO_TCu,0.000000000000e+00
6682,11412,PO_TCu,1.512779640763e-01
6682,11412,SED_TCu,1.512779640763e-01
6682,11412,SEDWSSD_TCu,1.512779640763e-01
6682,11412,SEDSCRS_TCu,0.000000000000e+00
6682,11412,SO_TPb,3.025559281525e-03
6682,11412,IO_TPb,0.000000000000e+00
6682,11412,AO_TPb,0.000000000000e+00
6682,11412,PO_TPb,3.025559281525e-03
6682,11412,SED_TPb,3.025559281525e-03
6682,11412,SEDWSSD_TPb,3.025559281525e-03
6682,11412,SEDSCRS_TPb,0.000000000000e+00
6682,11412,SO_TZn,1.089201341349e+00
6682,11412,IO_TZn,0.000000000000e+00
6682,11412,AO_TZn,6.672338427823e-01
6682,11412,PO_TZn,1.756435184131e+00
6682,11412,SED_TZn,1.089201341349e+00
6682,11412,SEDWSSD_TZn,1.089201341349e+00
6682,11412,SEDSCRS_TZn,0.000000000000e+00
6682,11421,AREA,0.000000000000e+00
6682,11421,PREC,0.000000000000e+00
6682,11421,SURO,0.000000000000e+00
6682,11421,IFWO,0.000000000000e+00
6682,11421,AGWO,0.000000000000e+00
6682,11421,PERO,0.000000000000e+00
6682,11421,TAET,0.000000000000e+00
6682,11421,SEDLOAD,0.000000000000e+00
6682,11421,SEDWSSD, 0.00000e+00
6682,11421,SEDSCRS, 0.00000e+00
6682,11421,SEDSURO, 0.00000e+00
6682,11421,SEDIFWO, 0.00000e+00
6682,11421,SEDAGWO, 0.00000e+00
6682,11421,SO_TN,0.000000000000e+00
6682,11421,IO_TN,0.000000000000e+00
6682,11421,AO_TN,0.000000000000e+00
6682,11421,PO_TN,0.000000000000e+00
6682,11421,SO_TP,0.000000000000e+00
6682,11421,IO_TP,0.000000000000e+00
6682,11421,AO_TP,0.000000000000e+00
6682,11421,PO_TP,0.000000000000e+00
6682,11421,SED_TP,0.000000000000e+00
6682,11421,SEDWSSD_TP,0.000000000000e+00
6682,11421,SEDSCRS_TP,0.000000000000e+00
6682,11421,SO_TCd,0.000000000000e+00
6682,11421,IO_TCd,0.000000000000e+00
6682,11421,AO_TCd,0.000000000000e+00
6682,11421,PO_TCd,0.000000000000e+00
6682,11421,SED_TCd,0.000000000000e+00
6682,11421,SEDWSSD_TCd,0.000000000000e+00
6682,11421,SEDSCRS_TCd,0.000000000000e+00
6682,11421,SO_TCu,0.000000000000e+00
6682,11421,IO_TCu,0.000000000000e+00
6682,11421,AO_TCu,0.000000000000e+00
6682,11421,PO_TCu,0.000000000000e+00
6682,11421,SED_TCu,0.000000000000e+00
6682,11421,SEDWSSD_TCu,0.000000000000e+00
6682,11421,SEDSCRS_TCu,0.000000000000e+00
6682,11421,SO_TPb,0.000000000000e+00
6682,11421,IO_TPb,0.000000000000e+00
6682,11421,AO_TPb,0.000000000000e+00
6682,11421,PO_TPb,0.000000000000e+00
6682,11421,SED_TPb,0.000000000000e+00
6682,11421,SEDWSSD_TPb,0.000000000000e+00
6682,11421,SEDSCRS_TPb,0.000000000000e+00
6682,11421,SO_TZn,0.000000000000e+00
6682,11421,IO_TZn,0.000000000000e+00
6682,11421,AO_TZn,0.000000000000e+00
6682,11421,PO_TZn,0.000000000000e+00
6682,11421,SED_TZn,0.000000000000e+00
6682,11421,SEDWSSD_TZn,0.000000000000e+00
6682,11421,SEDSCRS_TZn,0.000000000000e+00
6682,11422,AREA,4.695000000009e-03
6682,11422,PREC,4.969916155557e-02
6682,11422,SURO,1.558096744511e-02
6682,11422,IFWO,1.558599087490e-03
6682,11422,AGWO,2.046603746974e-02
6682,11422,PERO,3.760560400235e-02
6682,11422,TAET,1.403367964416e-01
6682,11422,SEDLOAD,9.988324520072e-05
6682,11422,SEDWSSD, 9.73877e-05
6682,11422,SEDSCRS, 0.00000e+00
6682,11422,SEDSURO, 0.00000e+00
6682,11422,SEDIFWO, 1.76600e-07
6682,11422,SEDAGWO, 2.31894e-06
6682,11422,SO_TN,4.711376288326e-03
6682,11422,IO_TN,3.531996638621e-04
6682,11422,AO_TN,1.391364388621e-03
6682,11422,PO_TN,6.455940340809e-03
6682,11422,SO_TP,1.947754158284e-04
6682,11422,IO_TP,1.412798655448e-04
6682,11422,AO_TP,9.275762590807e-04
6682,11422,PO_TP,1.263631540454e-03
6682,11422,SED_TP,1.947754158284e-04
6682,11422,SEDWSSD_TP,1.947754158284e-04
6682,11422,SEDSCRS_TP,0.000000000000e+00
6682,11422,SO_TCd,4.869385395710e-07
6682,11422,IO_TCd,0.000000000000e+00
6682,11422,AO_TCd,0.000000000000e+00
6682,11422,PO_TCd,4.869385395710e-07
6682,11422,SED_TCd,4.869385395710e-07
6682,11422,SEDWSSD_TCd,4.869385395710e-07
6682,11422,SEDSCRS_TCd,0.000000000000e+00
6682,11422,SO_TCu,4.869385395710e-05
6682,11422,IO_TCu,0.000000000000e+00
6682,11422,AO_TCu,0.000000000000e+00
6682,11422,PO_TCu,4.869385395710e-05
6682,11422,SED_TCu,4.869385395710e-05
6682,11422,SEDWSSD_TCu,4.869385395710e-05
6682,11422,SEDSCRS_TCu,0.000000000000e+00
6682,11422,SO_TPb,9.738770791420e-07
6682,11422,IO_TPb,0.000000000000e+00
6682,11422,AO_TPb,0.000000000000e+00
6682,11422,PO_TPb,9.738770791420e-07
6682,11422,SED_TPb,9.738770791420e-07
6682,11422,SEDWSSD_TPb,9.738770791420e-07
6682,11422,SEDSCRS_TPb,0.000000000000e+00
6682,11422,SO_TZn,3.505957484911e-04
6682,11422,IO_TZn,0.000000000000e+00
6682,11422,AO_TZn,2.318940647702e-04
6682,11422,PO_TZn,5.824898132613e-04
6682,11422,SED_TZn,3.505957484911e-04
6682,11422,SEDWSSD_TZn,3.505957484911e-04
6682,11422,SEDSCRS_TZn,0.000000000000e+00
6682,12111,AREA,0.000000000000e+00
6682,12111,PREC,0.000000000000e+00
6682,12111,SURO,0.000000000000e+00
6682,12111,IFWO,0.000000000000e+00
6682,12111,AGWO,0.000000000000e+00
6682,12111,PERO,0.000000000000e+00
6682,12111,TAET,0.000000000000e+00
6682,12111,SEDLOAD,0.000000000000e+00
6682,12111,SEDWSSD, 0.00000e+00
6682,12111,SEDSCRS, 0.00000e+00
6682,12111,SEDSURO, 0.00000e+00
6682,12111,SEDIFWO, 0.00000e+00
6682,12111,SEDAGWO, 0.00000e+00
6682,12111,SO_TN,0.000000000000e+00
6682,12111,IO_TN,0.000000000000e+00
6682,12111,AO_TN,0.000000000000e+00
6682,12111,PO_TN,0.000000000000e+00
6682,12111,SO_TP,0.000000000000e+00
6682,12111,IO_TP,0.000000000000e+00
6682,12111,AO_TP,0.000000000000e+00
6682,12111,PO_TP,0.000000000000e+00
6682,12111,SED_TP,0.000000000000e+00
6682,12111,SEDWSSD_TP,0.000000000000e+00
6682,12111,SEDSCRS_TP,0.000000000000e+00
6682,12111,SO_TCd,0.000000000000e+00
6682,12111,IO_TCd,0.000000000000e+00
6682,12111,AO_TCd,0.000000000000e+00
6682,12111,PO_TCd,0.000000000000e+00
6682,12111,SED_TCd,0.000000000000e+00
6682,12111,SEDWSSD_TCd,0.000000000000e+00
6682,12111,SEDSCRS_TCd,0.000000000000e+00
6682,12111,SO_TCu,0.000000000000e+00
6682,12111,IO_TCu,0.000000000000e+00
6682,12111,AO_TCu,0.000000000000e+00
6682,12111,PO_TCu,0.000000000000e+00
6682,12111,SED_TCu,0.000000000000e+00
6682,12111,SEDWSSD_TCu,0.000000000000e+00
6682,12111,SEDSCRS_TCu,0.000000000000e+00
6682,12111,SO_TPb,0.000000000000e+00
6682,12111,IO_TPb,0.000000000000e+00
6682,12111,AO_TPb,0.000000000000e+00
6682,12111,PO_TPb,0.000000000000e+00
6682,12111,SED_TPb,0.000000000000e+00
6682,12111,SEDWSSD_TPb,0.000000000000e+00
6682,12111,SEDSCRS_TPb,0.000000000000e+00
6682,12111,SO_TZn,0.000000000000e+00
6682,12111,IO_TZn,0.000000000000e+00
6682,12111,AO_TZn,0.000000000000e+00
6682,12111,PO_TZn,0.000000000000e+00
6682,12111,SED_TZn,0.000000000000e+00
6682,12111,SEDWSSD_TZn,0.000000000000e+00
6682,12111,SEDSCRS_TZn,0.000000000000e+00
6682,12112,AREA,0.000000000000e+00
6682,12112,PREC,0.000000000000e+00
6682,12112,SURO,0.000000000000e+00
6682,12112,IFWO,0.000000000000e+00
6682,12112,AGWO,0.000000000000e+00
6682,12112,PERO,0.000000000000e+00
6682,12112,TAET,0.000000000000e+00
6682,12112,SEDLOAD,0.000000000000e+00
6682,12112,SEDWSSD, 0.00000e+00
6682,12112,SEDSCRS, 0.00000e+00
6682,12112,SEDSURO, 0.00000e+00
6682,12112,SEDIFWO, 0.00000e+00
6682,12112,SEDAGWO, 0.00000e+00
6682,12112,SO_TN,0.000000000000e+00
6682,12112,IO_TN,0.000000000000e+00
6682,12112,AO_TN,0.000000000000e+00
6682,12112,PO_TN,0.000000000000e+00
6682,12112,SO_TP,0.000000000000e+00
6682,12112,IO_TP,0.000000000000e+00
6682,12112,AO_TP,0.000000000000e+00
6682,12112,PO_TP,0.000000000000e+00
6682,12112,SED_TP,0.000000000000e+00
6682,12112,SEDWSSD_TP,0.000000000000e+00
6682,12112,SEDSCRS_TP,0.000000000000e+00
6682,12112,SO_TCd,0.000000000000e+00
6682,12112,IO_TCd,0.000000000000e+00
6682,12112,AO_TCd,0.000000000000e+00
6682,12112,PO_TCd,0.000000000000e+00
6682,12112,SED_TCd,0.000000000000e+00
6682,12112,SEDWSSD_TCd,0.000000000000e+00
6682,12112,SEDSCRS_TCd,0.000000000000e+00
6682,12112,SO_TCu,0.000000000000e+00
6682,12112,IO_TCu,0.000000000000e+00
6682,12112,AO_TCu,0.000000000000e+00
6682,12112,PO_TCu,0.000000000000e+00
6682,12112,SED_TCu,0.000000000000e+00
6682,12112,SEDWSSD_TCu,0.000000000000e+00
6682,12112,SEDSCRS_TCu,0.000000000000e+00
6682,12112,SO_TPb,0.000000000000e+00
6682,12112,IO_TPb,0.000000000000e+00
6682,12112,AO_TPb,0.000000000000e+00
6682,12112,PO_TPb,0.000000000000e+00
6682,12112,SED_TPb,0.000000000000e+00
6682,12112,SEDWSSD_TPb,0.000000000000e+00
6682,12112,SEDSCRS_TPb,0.000000000000e+00
6682,12112,SO_TZn,0.000000000000e+00
6682,12112,IO_TZn,0.000000000000e+00
6682,12112,AO_TZn,0.000000000000e+00
6682,12112,PO_TZn,0.000000000000e+00
6682,12112,SED_TZn,0.000000000000e+00
6682,12112,SEDWSSD_TZn,0.000000000000e+00
6682,12112,SEDSCRS_TZn,0.000000000000e+00
6682,12121,AREA,0.000000000000e+00
6682,12121,PREC,0.000000000000e+00
6682,12121,SURO,0.000000000000e+00
6682,12121,IFWO,0.000000000000e+00
6682,12121,AGWO,0.000000000000e+00
6682,12121,PERO,0.000000000000e+00
6682,12121,TAET,0.000000000000e+00
6682,12121,SEDLOAD,0.000000000000e+00
6682,12121,SEDWSSD, 0.00000e+00
6682,12121,SEDSCRS, 0.00000e+00
6682,12121,SEDSURO, 0.00000e+00
6682,12121,SEDIFWO, 0.00000e+00
6682,12121,SEDAGWO, 0.00000e+00
6682,12121,SO_TN,0.000000000000e+00
6682,12121,IO_TN,0.000000000000e+00
6682,12121,AO_TN,0.000000000000e+00
6682,12121,PO_TN,0.000000000000e+00
6682,12121,SO_TP,0.000000000000e+00
6682,12121,IO_TP,0.000000000000e+00
6682,12121,AO_TP,0.000000000000e+00
6682,12121,PO_TP,0.000000000000e+00
6682,12121,SED_TP,0.000000000000e+00
6682,12121,SEDWSSD_TP,0.000000000000e+00
6682,12121,SEDSCRS_TP,0.000000000000e+00
6682,12121,SO_TCd,0.000000000000e+00
6682,12121,IO_TCd,0.000000000000e+00
6682,12121,AO_TCd,0.000000000000e+00
6682,12121,PO_TCd,0.000000000000e+00
6682,12121,SED_TCd,0.000000000000e+00
6682,12121,SEDWSSD_TCd,0.000000000000e+00
6682,12121,SEDSCRS_TCd,0.000000000000e+00
6682,12121,SO_TCu,0.000000000000e+00
6682,12121,IO_TCu,0.000000000000e+00
6682,12121,AO_TCu,0.000000000000e+00
6682,12121,PO_TCu,0.000000000000e+00
6682,12121,SED_TCu,0.000000000000e+00
6682,12121,SEDWSSD_TCu,0.000000000000e+00
6682,12121,SEDSCRS_TCu,0.000000000000e+00
6682,12121,SO_TPb,0.000000000000e+00
6682,12121,IO_TPb,0.000000000000e+00
6682,12121,AO_TPb,0.000000000000e+00
6682,12121,PO_TPb,0.000000000000e+00
6682,12121,SED_TPb,0.000000000000e+00
6682,12121,SEDWSSD_TPb,0.000000000000e+00
6682,12121,SEDSCRS_TPb,0.000000000000e+00
6682,12121,SO_TZn,0.000000000000e+00
6682,12121,IO_TZn,0.000000000000e+00
6682,12121,AO_TZn,0.000000000000e+00
6682,12121,PO_TZn,0.000000000000e+00
6682,12121,SED_TZn,0.000000000000e+00
6682,12121,SEDWSSD_TZn,0.000000000000e+00
6682,12121,SEDSCRS_TZn,0.000000000000e+00
6682,12122,AREA,0.000000000000e+00
6682,12122,PREC,0.000000000000e+00
6682,12122,SURO,0.000000000000e+00
6682,12122,IFWO,0.000000000000e+00
6682,12122,AGWO,0.000000000000e+00
6682,12122,PERO,0.000000000000e+00
6682,12122,TAET,0.000000000000e+00
6682,12122,SEDLOAD,0.000000000000e+00
6682,12122,SEDWSSD, 0.00000e+00
6682,12122,SEDSCRS, 0.00000e+00
6682,12122,SEDSURO, 0.00000e+00
6682,12122,SEDIFWO, 0.00000e+00
6682,12122,SEDAGWO, 0.00000e+00
6682,12122,SO_TN,0.000000000000e+00
6682,12122,IO_TN,0.000000000000e+00
6682,12122,AO_TN,0.000000000000e+00
6682,12122,PO_TN,0.000000000000e+00
6682,12122,SO_TP,0.000000000000e+00
6682,12122,IO_TP,0.000000000000e+00
6682,12122,AO_TP,0.000000000000e+00
6682,12122,PO_TP,0.000000000000e+00
6682,12122,SED_TP,0.000000000000e+00
6682,12122,SEDWSSD_TP,0.000000000000e+00
6682,12122,SEDSCRS_TP,0.000000000000e+00
6682,12122,SO_TCd,0.000000000000e+00
6682,12122,IO_TCd,0.000000000000e+00
6682,12122,AO_TCd,0.000000000000e+00
6682,12122,PO_TCd,0.000000000000e+00
6682,12122,SED_TCd,0.000000000000e+00
6682,12122,SEDWSSD_TCd,0.000000000000e+00
6682,12122,SEDSCRS_TCd,0.000000000000e+00
6682,12122,SO_TCu,0.000000000000e+00
6682,12122,IO_TCu,0.000000000000e+00
6682,12122,AO_TCu,0.000000000000e+00
6682,12122,PO_TCu,0.000000000000e+00
6682,12122,SED_TCu,0.000000000000e+00
6682,12122,SEDWSSD_TCu,0.000000000000e+00
6682,12122,SEDSCRS_TCu,0.000000000000e+00
6682,12122,SO_TPb,0.000000000000e+00
6682,12122,IO_TPb,0.000000000000e+00
6682,12122,AO_TPb,0.000000000000e+00
6682,12122,PO_TPb,0.000000000000e+00
6682,12122,SED_TPb,0.000000000000e+00
6682,12122,SEDWSSD_TPb,0.000000000000e+00
6682,12122,SEDSCRS_TPb,0.000000000000e+00
6682,12122,SO_TZn,0.000000000000e+00
6682,12122,IO_TZn,0.000000000000e+00
6682,12122,AO_TZn,0.000000000000e+00
6682,12122,PO_TZn,0.000000000000e+00
6682,12122,SED_TZn,0.000000000000e+00
6682,12122,SEDWSSD_TZn,0.000000000000e+00
6682,12122,SEDSCRS_TZn,0.000000000000e+00
6682,12211,AREA,0.000000000000e+00
6682,12211,PREC,0.000000000000e+00
6682,12211,SURO,0.000000000000e+00
6682,12211,IFWO,0.000000000000e+00
6682,12211,AGWO,0.000000000000e+00
6682,12211,PERO,0.000000000000e+00
6682,12211,TAET,0.000000000000e+00
6682,12211,SEDLOAD,0.000000000000e+00
6682,12211,SEDWSSD, 0.00000e+00
6682,12211,SEDSCRS, 0.00000e+00
6682,12211,SEDSURO, 0.00000e+00
6682,12211,SEDIFWO, 0.00000e+00
6682,12211,SEDAGWO, 0.00000e+00
6682,12211,SO_TN,0.000000000000e+00
6682,12211,IO_TN,0.000000000000e+00
6682,12211,AO_TN,0.000000000000e+00
6682,12211,PO_TN,0.000000000000e+00
6682,12211,SO_TP,0.000000000000e+00
6682,12211,IO_TP,0.000000000000e+00
6682,12211,AO_TP,0.000000000000e+00
6682,12211,PO_TP,0.000000000000e+00
6682,12211,SED_TP,0.000000000000e+00
6682,12211,SEDWSSD_TP,0.000000000000e+00
6682,12211,SEDSCRS_TP,0.000000000000e+00
6682,12211,SO_TCd,0.000000000000e+00
6682,12211,IO_TCd,0.000000000000e+00
6682,12211,AO_TCd,0.000000000000e+00
6682,12211,PO_TCd,0.000000000000e+00
6682,12211,SED_TCd,0.000000000000e+00
6682,12211,SEDWSSD_TCd,0.000000000000e+00
6682,12211,SEDSCRS_TCd,0.000000000000e+00
6682,12211,SO_TCu,0.000000000000e+00
6682,12211,IO_TCu,0.000000000000e+00
6682,12211,AO_TCu,0.000000000000e+00
6682,12211,PO_TCu,0.000000000000e+00
6682,12211,SED_TCu,0.000000000000e+00
6682,12211,SEDWSSD_TCu,0.000000000000e+00
6682,12211,SEDSCRS_TCu,0.000000000000e+00
6682,12211,SO_TPb,0.000000000000e+00
6682,12211,IO_TPb,0.000000000000e+00
6682,12211,AO_TPb,0.000000000000e+00
6682,12211,PO_TPb,0.000000000000e+00
6682,12211,SED_TPb,0.000000000000e+00
6682,12211,SEDWSSD_TPb,0.000000000000e+00
6682,12211,SEDSCRS_TPb,0.000000000000e+00
6682,12211,SO_TZn,0.000000000000e+00
6682,12211,IO_TZn,0.000000000000e+00
6682,12211,AO_TZn,0.000000000000e+00
6682,12211,PO_TZn,0.000000000000e+00
6682,12211,SED_TZn,0.000000000000e+00
6682,12211,SEDWSSD_TZn,0.000000000000e+00
6682,12211,SEDSCRS_TZn,0.000000000000e+00
6682,12212,AREA,9.028423000009e+00
6682,12212,PREC,9.557083136721e+01
6682,12212,SURO,1.434492795489e+00
6682,12212,IFWO,2.361816179470e-01
6682,12212,AGWO,1.492296686304e+01
6682,12212,PERO,1.659364127648e+01
6682,12212,TAET,7.343286642405e+01
6682,12212,SEDLOAD,6.932681427726e-02
6682,12212,SEDWSSD, 6.76092e-02
6682,12212,SEDSCRS, 0.00000e+00
6682,12212,SEDSURO, 0.00000e+00
6682,12212,SEDIFWO, 2.67609e-05
6682,12212,SEDAGWO, 1.69087e-03
6682,12212,SO_TN,8.734743370590e-01
6682,12212,IO_TN,5.352195361773e-02
6682,12212,AO_TN,1.014523925137e+00
6682,12212,PO_TN,1.941520215814e+00
6682,12212,SO_TP,1.352183645793e-01
6682,12212,IO_TP,2.140878144709e-02
6682,12212,AO_TP,6.763492834248e-01
6682,12212,PO_TP,8.329764294512e-01
6682,12212,SED_TP,1.352183645793e-01
6682,12212,SEDWSSD_TP,1.352183645793e-01
6682,12212,SEDSCRS_TP,0.000000000000e+00
6682,12212,SO_TCd,3.380459114483e-04
6682,12212,IO_TCd,0.000000000000e+00
6682,12212,AO_TCd,0.000000000000e+00
6682,12212,PO_TCd,3.380459114483e-04
6682,12212,SED_TCd,3.380459114483e-04
6682,12212,SEDWSSD_TCd,3.380459114483e-04
6682,12212,SEDSCRS_TCd,0.000000000000e+00
6682,12212,SO_TCu,3.380459114483e-02
6682,12212,IO_TCu,0.000000000000e+00
6682,12212,AO_TCu,0.000000000000e+00
6682,12212,PO_TCu,3.380459114483e-02
6682,12212,SED_TCu,3.380459114483e-02
6682,12212,SEDWSSD_TCu,3.380459114483e-02
6682,12212,SEDSCRS_TCu,0.000000000000e+00
6682,12212,SO_TPb,6.760918228965e-04
6682,12212,IO_TPb,0.000000000000e+00
6682,12212,AO_TPb,0.000000000000e+00
6682,12212,PO_TPb,6.760918228965e-04
6682,12212,SED_TPb,6.760918228965e-04
6682,12212,SEDWSSD_TPb,6.760918228965e-04
6682,12212,SEDSCRS_TPb,0.000000000000e+00
6682,12212,SO_TZn,2.433930562427e-01
6682,12212,IO_TZn,0.000000000000e+00
6682,12212,AO_TZn,1.690873208562e-01
6682,12212,PO_TZn,4.124803770990e-01
6682,12212,SED_TZn,2.433930562427e-01
6682,12212,SEDWSSD_TZn,2.433930562427e-01
6682,12212,SEDSCRS_TZn,0.000000000000e+00
6682,12221,AREA,0.000000000000e+00
6682,12221,PREC,0.000000000000e+00
6682,12221,SURO,0.000000000000e+00
6682,12221,IFWO,0.000000000000e+00
6682,12221,AGWO,0.000000000000e+00
6682,12221,PERO,0.000000000000e+00
6682,12221,TAET,0.000000000000e+00
6682,12221,SEDLOAD,0.000000000000e+00
6682,12221,SEDWSSD, 0.00000e+00
6682,12221,SEDSCRS, 0.00000e+00
6682,12221,SEDSURO, 0.00000e+00
6682,12221,SEDIFWO, 0.00000e+00
6682,12221,SEDAGWO, 0.00000e+00
6682,12221,SO_TN,0.000000000000e+00
6682,12221,IO_TN,0.000000000000e+00
6682,12221,AO_TN,0.000000000000e+00
6682,12221,PO_TN,0.000000000000e+00
6682,12221,SO_TP,0.000000000000e+00
6682,12221,IO_TP,0.000000000000e+00
6682,12221,AO_TP,0.000000000000e+00
6682,12221,PO_TP,0.000000000000e+00
6682,12221,SED_TP,0.000000000000e+00
6682,12221,SEDWSSD_TP,0.000000000000e+00
6682,12221,SEDSCRS_TP,0.000000000000e+00
6682,12221,SO_TCd,0.000000000000e+00
6682,12221,IO_TCd,0.000000000000e+00
6682,12221,AO_TCd,0.000000000000e+00
6682,12221,PO_TCd,0.000000000000e+00
6682,12221,SED_TCd,0.000000000000e+00
6682,12221,SEDWSSD_TCd,0.000000000000e+00
6682,12221,SEDSCRS_TCd,0.000000000000e+00
6682,12221,SO_TCu,0.000000000000e+00
6682,12221,IO_TCu,0.000000000000e+00
6682,12221,AO_TCu,0.000000000000e+00
6682,12221,PO_TCu,0.000000000000e+00
6682,12221,SED_TCu,0.000000000000e+00
6682,12221,SEDWSSD_TCu,0.000000000000e+00
6682,12221,SEDSCRS_TCu,0.000000000000e+00
6682,12221,SO_TPb,0.000000000000e+00
6682,12221,IO_TPb,0.000000000000e+00
6682,12221,AO_TPb,0.000000000000e+00
6682,12221,PO_TPb,0.000000000000e+00
6682,12221,SED_TPb,0.000000000000e+00
6682,12221,SEDWSSD_TPb,0.000000000000e+00
6682,12221,SEDSCRS_TPb,0.000000000000e+00
6682,12221,SO_TZn,0.000000000000e+00
6682,12221,IO_TZn,0.000000000000e+00
6682,12221,AO_TZn,0.000000000000e+00
6682,12221,PO_TZn,0.000000000000e+00
6682,12221,SED_TZn,0.000000000000e+00
6682,12221,SEDWSSD_TZn,0.000000000000e+00
6682,12221,SEDSCRS_TZn,0.000000000000e+00
6682,12222,AREA,0.000000000000e+00
6682,12222,PREC,0.000000000000e+00
6682,12222,SURO,0.000000000000e+00
6682,12222,IFWO,0.000000000000e+00
6682,12222,AGWO,0.000000000000e+00
6682,12222,PERO,0.000000000000e+00
6682,12222,TAET,0.000000000000e+00
6682,12222,SEDLOAD,0.000000000000e+00
6682,12222,SEDWSSD, 0.00000e+00
6682,12222,SEDSCRS, 0.00000e+00
6682,12222,SEDSURO, 0.00000e+00
6682,12222,SEDIFWO, 0.00000e+00
6682,12222,SEDAGWO, 0.00000e+00
6682,12222,SO_TN,0.000000000000e+00
6682,12222,IO_TN,0.000000000000e+00
6682,12222,AO_TN,0.000000000000e+00
6682,12222,PO_TN,0.000000000000e+00
6682,12222,SO_TP,0.000000000000e+00
6682,12222,IO_TP,0.000000000000e+00
6682,12222,AO_TP,0.000000000000e+00
6682,12222,PO_TP,0.000000000000e+00
6682,12222,SED_TP,0.000000000000e+00
6682,12222,SEDWSSD_TP,0.000000000000e+00
6682,12222,SEDSCRS_TP,0.000000000000e+00
6682,12222,SO_TCd,0.000000000000e+00
6682,12222,IO_TCd,0.000000000000e+00
6682,12222,AO_TCd,0.000000000000e+00
6682,12222,PO_TCd,0.000000000000e+00
6682,12222,SED_TCd,0.000000000000e+00
6682,12222,SEDWSSD_TCd,0.000000000000e+00
6682,12222,SEDSCRS_TCd,0.000000000000e+00
6682,12222,SO_TCu,0.000000000000e+00
6682,12222,IO_TCu,0.000000000000e+00
6682,12222,AO_TCu,0.000000000000e+00
6682,12222,PO_TCu,0.000000000000e+00
6682,12222,SED_TCu,0.000000000000e+00
6682,12222,SEDWSSD_TCu,0.000000000000e+00
6682,12222,SEDSCRS_TCu,0.000000000000e+00
6682,12222,SO_TPb,0.000000000000e+00
6682,12222,IO_TPb,0.000000000000e+00
6682,12222,AO_TPb,0.000000000000e+00
6682,12222,PO_TPb,0.000000000000e+00
6682,12222,SED_TPb,0.000000000000e+00
6682,12222,SEDWSSD_TPb,0.000000000000e+00
6682,12222,SEDSCRS_TPb,0.000000000000e+00
6682,12222,SO_TZn,0.000000000000e+00
6682,12222,IO_TZn,0.000000000000e+00
6682,12222,AO_TZn,0.000000000000e+00
6682,12222,PO_TZn,0.000000000000e+00
6682,12222,SED_TZn,0.000000000000e+00
6682,12222,SEDWSSD_TZn,0.000000000000e+00
6682,12222,SEDSCRS_TZn,0.000000000000e+00
6682,12311,AREA,0.000000000000e+00
6682,12311,PREC,0.000000000000e+00
6682,12311,SURO,0.000000000000e+00
6682,12311,IFWO,0.000000000000e+00
6682,12311,AGWO,0.000000000000e+00
6682,12311,PERO,0.000000000000e+00
6682,12311,TAET,0.000000000000e+00
6682,12311,SEDLOAD,0.000000000000e+00
6682,12311,SEDWSSD, 0.00000e+00
6682,12311,SEDSCRS, 0.00000e+00
6682,12311,SEDSURO, 0.00000e+00
6682,12311,SEDIFWO, 0.00000e+00
6682,12311,SEDAGWO, 0.00000e+00
6682,12311,SO_TN,0.000000000000e+00
6682,12311,IO_TN,0.000000000000e+00
6682,12311,AO_TN,0.000000000000e+00
6682,12311,PO_TN,0.000000000000e+00
6682,12311,SO_TP,0.000000000000e+00
6682,12311,IO_TP,0.000000000000e+00
6682,12311,AO_TP,0.000000000000e+00
6682,12311,PO_TP,0.000000000000e+00
6682,12311,SED_TP,0.000000000000e+00
6682,12311,SEDWSSD_TP,0.000000000000e+00
6682,12311,SEDSCRS_TP,0.000000000000e+00
6682,12311,SO_TCd,0.000000000000e+00
6682,12311,IO_TCd,0.000000000000e+00
6682,12311,AO_TCd,0.000000000000e+00
6682,12311,PO_TCd,0.000000000000e+00
6682,12311,SED_TCd,0.000000000000e+00
6682,12311,SEDWSSD_TCd,0.000000000000e+00
6682,12311,SEDSCRS_TCd,0.000000000000e+00
6682,12311,SO_TCu,0.000000000000e+00
6682,12311,IO_TCu,0.000000000000e+00
6682,12311,AO_TCu,0.000000000000e+00
6682,12311,PO_TCu,0.000000000000e+00
6682,12311,SED_TCu,0.000000000000e+00
6682,12311,SEDWSSD_TCu,0.000000000000e+00
6682,12311,SEDSCRS_TCu,0.000000000000e+00
6682,12311,SO_TPb,0.000000000000e+00
6682,12311,IO_TPb,0.000000000000e+00
6682,12311,AO_TPb,0.000000000000e+00
6682,12311,PO_TPb,0.000000000000e+00
6682,12311,SED_TPb,0.000000000000e+00
6682,12311,SEDWSSD_TPb,0.000000000000e+00
6682,12311,SEDSCRS_TPb,0.000000000000e+00
6682,12311,SO_TZn,0.000000000000e+00
6682,12311,IO_TZn,0.000000000000e+00
6682,12311,AO_TZn,0.000000000000e+00
6682,12311,PO_TZn,0.000000000000e+00
6682,12311,SED_TZn,0.000000000000e+00
6682,12311,SEDWSSD_TZn,0.000000000000e+00
6682,12311,SEDSCRS_TZn,0.000000000000e+00
6682,12312,AREA,0.000000000000e+00
6682,12312,PREC,0.000000000000e+00
6682,12312,SURO,0.000000000000e+00
6682,12312,IFWO,0.000000000000e+00
6682,12312,AGWO,0.000000000000e+00
6682,12312,PERO,0.000000000000e+00
6682,12312,TAET,0.000000000000e+00
6682,12312,SEDLOAD,0.000000000000e+00
6682,12312,SEDWSSD, 0.00000e+00
6682,12312,SEDSCRS, 0.00000e+00
6682,12312,SEDSURO, 0.00000e+00
6682,12312,SEDIFWO, 0.00000e+00
6682,12312,SEDAGWO, 0.00000e+00
6682,12312,SO_TN,0.000000000000e+00
6682,12312,IO_TN,0.000000000000e+00
6682,12312,AO_TN,0.000000000000e+00
6682,12312,PO_TN,0.000000000000e+00
6682,12312,SO_TP,0.000000000000e+00
6682,12312,IO_TP,0.000000000000e+00
6682,12312,AO_TP,0.000000000000e+00
6682,12312,PO_TP,0.000000000000e+00
6682,12312,SED_TP,0.000000000000e+00
6682,12312,SEDWSSD_TP,0.000000000000e+00
6682,12312,SEDSCRS_TP,0.000000000000e+00
6682,12312,SO_TCd,0.000000000000e+00
6682,12312,IO_TCd,0.000000000000e+00
6682,12312,AO_TCd,0.000000000000e+00
6682,12312,PO_TCd,0.000000000000e+00
6682,12312,SED_TCd,0.000000000000e+00
6682,12312,SEDWSSD_TCd,0.000000000000e+00
6682,12312,SEDSCRS_TCd,0.000000000000e+00
6682,12312,SO_TCu,0.000000000000e+00
6682,12312,IO_TCu,0.000000000000e+00
6682,12312,AO_TCu,0.000000000000e+00
6682,12312,PO_TCu,0.000000000000e+00
6682,12312,SED_TCu,0.000000000000e+00
6682,12312,SEDWSSD_TCu,0.000000000000e+00
6682,12312,SEDSCRS_TCu,0.000000000000e+00
6682,12312,SO_TPb,0.000000000000e+00
6682,12312,IO_TPb,0.000000000000e+00
6682,12312,AO_TPb,0.000000000000e+00
6682,12312,PO_TPb,0.000000000000e+00
6682,12312,SED_TPb,0.000000000000e+00
6682,12312,SEDWSSD_TPb,0.000000000000e+00
6682,12312,SEDSCRS_TPb,0.000000000000e+00
6682,12312,SO_TZn,0.000000000000e+00
6682,12312,IO_TZn,0.000000000000e+00
6682,12312,AO_TZn,0.000000000000e+00
6682,12312,PO_TZn,0.000000000000e+00
6682,12312,SED_TZn,0.000000000000e+00
6682,12312,SEDWSSD_TZn,0.000000000000e+00
6682,12312,SEDSCRS_TZn,0.000000000000e+00
6682,12321,AREA,0.000000000000e+00
6682,12321,PREC,0.000000000000e+00
6682,12321,SURO,0.000000000000e+00
6682,12321,IFWO,0.000000000000e+00
6682,12321,AGWO,0.000000000000e+00
6682,12321,PERO,0.000000000000e+00
6682,12321,TAET,0.000000000000e+00
6682,12321,SEDLOAD,0.000000000000e+00
6682,12321,SEDWSSD, 0.00000e+00
6682,12321,SEDSCRS, 0.00000e+00
6682,12321,SEDSURO, 0.00000e+00
6682,12321,SEDIFWO, 0.00000e+00
6682,12321,SEDAGWO, 0.00000e+00
6682,12321,SO_TN,0.000000000000e+00
6682,12321,IO_TN,0.000000000000e+00
6682,12321,AO_TN,0.000000000000e+00
6682,12321,PO_TN,0.000000000000e+00
6682,12321,SO_TP,0.000000000000e+00
6682,12321,IO_TP,0.000000000000e+00
6682,12321,AO_TP,0.000000000000e+00
6682,12321,PO_TP,0.000000000000e+00
6682,12321,SED_TP,0.000000000000e+00
6682,12321,SEDWSSD_TP,0.000000000000e+00
6682,12321,SEDSCRS_TP,0.000000000000e+00
6682,12321,SO_TCd,0.000000000000e+00
6682,12321,IO_TCd,0.000000000000e+00
6682,12321,AO_TCd,0.000000000000e+00
6682,12321,PO_TCd,0.000000000000e+00
6682,12321,SED_TCd,0.000000000000e+00
6682,12321,SEDWSSD_TCd,0.000000000000e+00
6682,12321,SEDSCRS_TCd,0.000000000000e+00
6682,12321,SO_TCu,0.000000000000e+00
6682,12321,IO_TCu,0.000000000000e+00
6682,12321,AO_TCu,0.000000000000e+00
6682,12321,PO_TCu,0.000000000000e+00
6682,12321,SED_TCu,0.000000000000e+00
6682,12321,SEDWSSD_TCu,0.000000000000e+00
6682,12321,SEDSCRS_TCu,0.000000000000e+00
6682,12321,SO_TPb,0.000000000000e+00
6682,12321,IO_TPb,0.000000000000e+00
6682,12321,AO_TPb,0.000000000000e+00
6682,12321,PO_TPb,0.000000000000e+00
6682,12321,SED_TPb,0.000000000000e+00
6682,12321,SEDWSSD_TPb,0.000000000000e+00
6682,12321,SEDSCRS_TPb,0.000000000000e+00
6682,12321,SO_TZn,0.000000000000e+00
6682,12321,IO_TZn,0.000000000000e+00
6682,12321,AO_TZn,0.000000000000e+00
6682,12321,PO_TZn,0.000000000000e+00
6682,12321,SED_TZn,0.000000000000e+00
6682,12321,SEDWSSD_TZn,0.000000000000e+00
6682,12321,SEDSCRS_TZn,0.000000000000e+00
6682,12322,AREA,0.000000000000e+00
6682,12322,PREC,0.000000000000e+00
6682,12322,SURO,0.000000000000e+00
6682,12322,IFWO,0.000000000000e+00
6682,12322,AGWO,0.000000000000e+00
6682,12322,PERO,0.000000000000e+00
6682,12322,TAET,0.000000000000e+00
6682,12322,SEDLOAD,0.000000000000e+00
6682,12322,SEDWSSD, 0.00000e+00
6682,12322,SEDSCRS, 0.00000e+00
6682,12322,SEDSURO, 0.00000e+00
6682,12322,SEDIFWO, 0.00000e+00
6682,12322,SEDAGWO, 0.00000e+00
6682,12322,SO_TN,0.000000000000e+00
6682,12322,IO_TN,0.000000000000e+00
6682,12322,AO_TN,0.000000000000e+00
6682,12322,PO_TN,0.000000000000e+00
6682,12322,SO_TP,0.000000000000e+00
6682,12322,IO_TP,0.000000000000e+00
6682,12322,AO_TP,0.000000000000e+00
6682,12322,PO_TP,0.000000000000e+00
6682,12322,SED_TP,0.000000000000e+00
6682,12322,SEDWSSD_TP,0.000000000000e+00
6682,12322,SEDSCRS_TP,0.000000000000e+00
6682,12322,SO_TCd,0.000000000000e+00
6682,12322,IO_TCd,0.000000000000e+00
6682,12322,AO_TCd,0.000000000000e+00
6682,12322,PO_TCd,0.000000000000e+00
6682,12322,SED_TCd,0.000000000000e+00
6682,12322,SEDWSSD_TCd,0.000000000000e+00
6682,12322,SEDSCRS_TCd,0.000000000000e+00
6682,12322,SO_TCu,0.000000000000e+00
6682,12322,IO_TCu,0.000000000000e+00
6682,12322,AO_TCu,0.000000000000e+00
6682,12322,PO_TCu,0.000000000000e+00
6682,12322,SED_TCu,0.000000000000e+00
6682,12322,SEDWSSD_TCu,0.000000000000e+00
6682,12322,SEDSCRS_TCu,0.000000000000e+00
6682,12322,SO_TPb,0.000000000000e+00
6682,12322,IO_TPb,0.000000000000e+00
6682,12322,AO_TPb,0.000000000000e+00
6682,12322,PO_TPb,0.000000000000e+00
6682,12322,SED_TPb,0.000000000000e+00
6682,12322,SEDWSSD_TPb,0.000000000000e+00
6682,12322,SEDSCRS_TPb,0.000000000000e+00
6682,12322,SO_TZn,0.000000000000e+00
6682,12322,IO_TZn,0.000000000000e+00
6682,12322,AO_TZn,0.000000000000e+00
6682,12322,PO_TZn,0.000000000000e+00
6682,12322,SED_TZn,0.000000000000e+00
6682,12322,SEDWSSD_TZn,0.000000000000e+00
6682,12322,SEDSCRS_TZn,0.000000000000e+00
6682,12411,AREA,0.000000000000e+00
6682,12411,PREC,0.000000000000e+00
6682,12411,SURO,0.000000000000e+00
6682,12411,IFWO,0.000000000000e+00
6682,12411,AGWO,0.000000000000e+00
6682,12411,PERO,0.000000000000e+00
6682,12411,TAET,0.000000000000e+00
6682,12411,SEDLOAD,0.000000000000e+00
6682,12411,SEDWSSD, 0.00000e+00
6682,12411,SEDSCRS, 0.00000e+00
6682,12411,SEDSURO, 0.00000e+00
6682,12411,SEDIFWO, 0.00000e+00
6682,12411,SEDAGWO, 0.00000e+00
6682,12411,SO_TN,0.000000000000e+00
6682,12411,IO_TN,0.000000000000e+00
6682,12411,AO_TN,0.000000000000e+00
6682,12411,PO_TN,0.000000000000e+00
6682,12411,SO_TP,0.000000000000e+00
6682,12411,IO_TP,0.000000000000e+00
6682,12411,AO_TP,0.000000000000e+00
6682,12411,PO_TP,0.000000000000e+00
6682,12411,SED_TP,0.000000000000e+00
6682,12411,SEDWSSD_TP,0.000000000000e+00
6682,12411,SEDSCRS_TP,0.000000000000e+00
6682,12411,SO_TCd,0.000000000000e+00
6682,12411,IO_TCd,0.000000000000e+00
6682,12411,AO_TCd,0.000000000000e+00
6682,12411,PO_TCd,0.000000000000e+00
6682,12411,SED_TCd,0.000000000000e+00
6682,12411,SEDWSSD_TCd,0.000000000000e+00
6682,12411,SEDSCRS_TCd,0.000000000000e+00
6682,12411,SO_TCu,0.000000000000e+00
6682,12411,IO_TCu,0.000000000000e+00
6682,12411,AO_TCu,0.000000000000e+00
6682,12411,PO_TCu,0.000000000000e+00
6682,12411,SED_TCu,0.000000000000e+00
6682,12411,SEDWSSD_TCu,0.000000000000e+00
6682,12411,SEDSCRS_TCu,0.000000000000e+00
6682,12411,SO_TPb,0.000000000000e+00
6682,12411,IO_TPb,0.000000000000e+00
6682,12411,AO_TPb,0.000000000000e+00
6682,12411,PO_TPb,0.000000000000e+00
6682,12411,SED_TPb,0.000000000000e+00
6682,12411,SEDWSSD_TPb,0.000000000000e+00
6682,12411,SEDSCRS_TPb,0.000000000000e+00
6682,12411,SO_TZn,0.000000000000e+00
6682,12411,IO_TZn,0.000000000000e+00
6682,12411,AO_TZn,0.000000000000e+00
6682,12411,PO_TZn,0.000000000000e+00
6682,12411,SED_TZn,0.000000000000e+00
6682,12411,SEDWSSD_TZn,0.000000000000e+00
6682,12411,SEDSCRS_TZn,0.000000000000e+00
6682,12412,AREA,3.277523500003e+01
6682,12412,PREC,3.469439189109e+02
6682,12412,SURO,2.443368339242e+01
6682,12412,IFWO,5.074239696282e-01
6682,12412,AGWO,3.190093026712e+01
6682,12412,PERO,5.684203762917e+01
6682,12412,TAET,2.797212459063e+02
6682,12412,SEDLOAD,2.437694957000e-01
6682,12412,SEDWSSD, 2.40097e-01
6682,12412,SEDSCRS, 0.00000e+00
6682,12412,SEDSURO, 0.00000e+00
6682,12412,SEDIFWO, 5.74945e-05
6682,12412,SEDAGWO, 3.61459e-03
6682,12412,SO_TN,9.696428659113e+00
6682,12412,IO_TN,1.149891443841e-01
6682,12412,AO_TN,2.168754865380e+00
6682,12412,PO_TN,1.198017266888e+01
6682,12412,SO_TP,4.801948287681e-01
6682,12412,IO_TP,4.599565775363e-02
6682,12412,AO_TP,1.445836576920e+00
6682,12412,PO_TP,1.972027063442e+00
6682,12412,SED_TP,4.801948287681e-01
6682,12412,SEDWSSD_TP,4.801948287681e-01
6682,12412,SEDSCRS_TP,0.000000000000e+00
6682,12412,SO_TCd,1.200487071920e-03
6682,12412,IO_TCd,0.000000000000e+00
6682,12412,AO_TCd,0.000000000000e+00
6682,12412,PO_TCd,1.200487071920e-03
6682,12412,SED_TCd,1.200487071920e-03
6682,12412,SEDWSSD_TCd,1.200487071920e-03
6682,12412,SEDSCRS_TCd,0.000000000000e+00
6682,12412,SO_TCu,1.200487071920e-01
6682,12412,IO_TCu,0.000000000000e+00
6682,12412,AO_TCu,0.000000000000e+00
6682,12412,PO_TCu,1.200487071920e-01
6682,12412,SED_TCu,1.200487071920e-01
6682,12412,SEDWSSD_TCu,1.200487071920e-01
6682,12412,SEDSCRS_TCu,0.000000000000e+00
6682,12412,SO_TPb,2.400974143840e-03
6682,12412,IO_TPb,0.000000000000e+00
6682,12412,AO_TPb,0.000000000000e+00
6682,12412,PO_TPb,2.400974143840e-03
6682,12412,SED_TPb,2.400974143840e-03
6682,12412,SEDWSSD_TPb,2.400974143840e-03
6682,12412,SEDSCRS_TPb,0.000000000000e+00
6682,12412,SO_TZn,8.643506917825e-01
6682,12412,IO_TZn,0.000000000000e+00
6682,12412,AO_TZn,3.614591442300e-01
6682,12412,PO_TZn,1.225809836013e+00
6682,12412,SED_TZn,8.643506917825e-01
6682,12412,SEDWSSD_TZn,8.643506917825e-01
6682,12412,SEDSCRS_TZn,0.000000000000e+00
6682,12421,AREA,0.000000000000e+00
6682,12421,PREC,0.000000000000e+00
6682,12421,SURO,0.000000000000e+00
6682,12421,IFWO,0.000000000000e+00
6682,12421,AGWO,0.000000000000e+00
6682,12421,PERO,0.000000000000e+00
6682,12421,TAET,0.000000000000e+00
6682,12421,SEDLOAD,0.000000000000e+00
6682,12421,SEDWSSD, 0.00000e+00
6682,12421,SEDSCRS, 0.00000e+00
6682,12421,SEDSURO, 0.00000e+00
6682,12421,SEDIFWO, 0.00000e+00
6682,12421,SEDAGWO, 0.00000e+00
6682,12421,SO_TN,0.000000000000e+00
6682,12421,IO_TN,0.000000000000e+00
6682,12421,AO_TN,0.000000000000e+00
6682,12421,PO_TN,0.000000000000e+00
6682,12421,SO_TP,0.000000000000e+00
6682,12421,IO_TP,0.000000000000e+00
6682,12421,AO_TP,0.000000000000e+00
6682,12421,PO_TP,0.000000000000e+00
6682,12421,SED_TP,0.000000000000e+00
6682,12421,SEDWSSD_TP,0.000000000000e+00
6682,12421,SEDSCRS_TP,0.000000000000e+00
6682,12421,SO_TCd,0.000000000000e+00
6682,12421,IO_TCd,0.000000000000e+00
6682,12421,AO_TCd,0.000000000000e+00
6682,12421,PO_TCd,0.000000000000e+00
6682,12421,SED_TCd,0.000000000000e+00
6682,12421,SEDWSSD_TCd,0.000000000000e+00
6682,12421,SEDSCRS_TCd,0.000000000000e+00
6682,12421,SO_TCu,0.000000000000e+00
6682,12421,IO_TCu,0.000000000000e+00
6682,12421,AO_TCu,0.000000000000e+00
6682,12421,PO_TCu,0.000000000000e+00
6682,12421,SED_TCu,0.000000000000e+00
6682,12421,SEDWSSD_TCu,0.000000000000e+00
6682,12421,SEDSCRS_TCu,0.000000000000e+00
6682,12421,SO_TPb,0.000000000000e+00
6682,12421,IO_TPb,0.000000000000e+00
6682,12421,AO_TPb,0.000000000000e+00
6682,12421,PO_TPb,0.000000000000e+00
6682,12421,SED_TPb,0.000000000000e+00
6682,12421,SEDWSSD_TPb,0.000000000000e+00
6682,12421,SEDSCRS_TPb,0.000000000000e+00
6682,12421,SO_TZn,0.000000000000e+00
6682,12421,IO_TZn,0.000000000000e+00
6682,12421,AO_TZn,0.000000000000e+00
6682,12421,PO_TZn,0.000000000000e+00
6682,12421,SED_TZn,0.000000000000e+00
6682,12421,SEDWSSD_TZn,0.000000000000e+00
6682,12421,SEDSCRS_TZn,0.000000000000e+00
6682,12422,AREA,1.210100000001e-02
6682,12422,PREC,1.280957516473e-01
6682,12422,SURO,1.280935070783e-02
6682,12422,IFWO,1.168244090926e-04
6682,12422,AGWO,1.069365724910e-02
6682,12422,PERO,2.361983236602e-02
6682,12422,TAET,1.009716378509e-01
6682,12422,SEDLOAD,8.822177985975e-05
6682,12422,SEDWSSD, 8.69969e-05
6682,12422,SEDSCRS, 0.00000e+00
6682,12422,SEDSURO, 0.00000e+00
6682,12422,SEDIFWO, 1.32370e-08
6682,12422,SEDAGWO, 1.21166e-06
6682,12422,SO_TN,4.432430741663e-03
6682,12422,IO_TN,2.647399344296e-05
6682,12422,AO_TN,7.269982722601e-04
6682,12422,PO_TN,5.185903007366e-03
6682,12422,SO_TP,1.739937612864e-04
6682,12422,IO_TP,1.058959737718e-05
6682,12422,AO_TP,4.846655148401e-04
6682,12422,PO_TP,6.692488735037e-04
6682,12422,SED_TP,1.739937612864e-04
6682,12422,SEDWSSD_TP,1.739937612864e-04
6682,12422,SEDSCRS_TP,0.000000000000e+00
6682,12422,SO_TCd,4.349844032161e-07
6682,12422,IO_TCd,0.000000000000e+00
6682,12422,AO_TCd,0.000000000000e+00
6682,12422,PO_TCd,4.349844032161e-07
6682,12422,SED_TCd,4.349844032161e-07
6682,12422,SEDWSSD_TCd,4.349844032161e-07
6682,12422,SEDSCRS_TCd,0.000000000000e+00
6682,12422,SO_TCu,4.349844032161e-05
6682,12422,IO_TCu,0.000000000000e+00
6682,12422,AO_TCu,0.000000000000e+00
6682,12422,PO_TCu,4.349844032161e-05
6682,12422,SED_TCu,4.349844032161e-05
6682,12422,SEDWSSD_TCu,4.349844032161e-05
6682,12422,SEDSCRS_TCu,0.000000000000e+00
6682,12422,SO_TPb,8.699688064322e-07
6682,12422,IO_TPb,0.000000000000e+00
6682,12422,AO_TPb,0.000000000000e+00
6682,12422,PO_TPb,8.699688064322e-07
6682,12422,SED_TPb,8.699688064322e-07
6682,12422,SEDWSSD_TPb,8.699688064322e-07
6682,12422,SEDSCRS_TPb,0.000000000000e+00
6682,12422,SO_TZn,3.131887703156e-04
6682,12422,IO_TZn,0.000000000000e+00
6682,12422,AO_TZn,1.211663787100e-04
6682,12422,PO_TZn,4.343551490256e-04
6682,12422,SED_TZn,3.131887703156e-04
6682,12422,SEDWSSD_TZn,3.131887703156e-04
6682,12422,SEDSCRS_TZn,0.000000000000e+00
6682,13111,AREA,0.000000000000e+00
6682,13111,PREC,0.000000000000e+00
6682,13111,SURO,0.000000000000e+00
6682,13111,IFWO,0.000000000000e+00
6682,13111,AGWO,0.000000000000e+00
6682,13111,PERO,0.000000000000e+00
6682,13111,TAET,0.000000000000e+00
6682,13111,SEDLOAD,0.000000000000e+00
6682,13111,SEDWSSD, 0.00000e+00
6682,13111,SEDSCRS, 0.00000e+00
6682,13111,SEDSURO, 0.00000e+00
6682,13111,SEDIFWO, 0.00000e+00
6682,13111,SEDAGWO, 0.00000e+00
6682,13111,SO_TN,0.000000000000e+00
6682,13111,IO_TN,0.000000000000e+00
6682,13111,AO_TN,0.000000000000e+00
6682,13111,PO_TN,0.000000000000e+00
6682,13111,SO_TP,0.000000000000e+00
6682,13111,IO_TP,0.000000000000e+00
6682,13111,AO_TP,0.000000000000e+00
6682,13111,PO_TP,0.000000000000e+00
6682,13111,SED_TP,0.000000000000e+00
6682,13111,SEDWSSD_TP,0.000000000000e+00
6682,13111,SEDSCRS_TP,0.000000000000e+00
6682,13111,SO_TCd,0.000000000000e+00
6682,13111,IO_TCd,0.000000000000e+00
6682,13111,AO_TCd,0.000000000000e+00
6682,13111,PO_TCd,0.000000000000e+00
6682,13111,SED_TCd,0.000000000000e+00
6682,13111,SEDWSSD_TCd,0.000000000000e+00
6682,13111,SEDSCRS_TCd,0.000000000000e+00
6682,13111,SO_TCu,0.000000000000e+00
6682,13111,IO_TCu,0.000000000000e+00
6682,13111,AO_TCu,0.000000000000e+00
6682,13111,PO_TCu,0.000000000000e+00
6682,13111,SED_TCu,0.000000000000e+00
6682,13111,SEDWSSD_TCu,0.000000000000e+00
6682,13111,SEDSCRS_TCu,0.000000000000e+00
6682,13111,SO_TPb,0.000000000000e+00
6682,13111,IO_TPb,0.000000000000e+00
6682,13111,AO_TPb,0.000000000000e+00
6682,13111,PO_TPb,0.000000000000e+00
6682,13111,SED_TPb,0.000000000000e+00
6682,13111,SEDWSSD_TPb,0.000000000000e+00
6682,13111,SEDSCRS_TPb,0.000000000000e+00
6682,13111,SO_TZn,0.000000000000e+00
6682,13111,IO_TZn,0.000000000000e+00
6682,13111,AO_TZn,0.000000000000e+00
6682,13111,PO_TZn,0.000000000000e+00
6682,13111,SED_TZn,0.000000000000e+00
6682,13111,SEDWSSD_TZn,0.000000000000e+00
6682,13111,SEDSCRS_TZn,0.000000000000e+00
6682,13112,AREA,0.000000000000e+00
6682,13112,PREC,0.000000000000e+00
6682,13112,SURO,0.000000000000e+00
6682,13112,IFWO,0.000000000000e+00
6682,13112,AGWO,0.000000000000e+00
6682,13112,PERO,0.000000000000e+00
6682,13112,TAET,0.000000000000e+00
6682,13112,SEDLOAD,0.000000000000e+00
6682,13112,SEDWSSD, 0.00000e+00
6682,13112,SEDSCRS, 0.00000e+00
6682,13112,SEDSURO, 0.00000e+00
6682,13112,SEDIFWO, 0.00000e+00
6682,13112,SEDAGWO, 0.00000e+00
6682,13112,SO_TN,0.000000000000e+00
6682,13112,IO_TN,0.000000000000e+00
6682,13112,AO_TN,0.000000000000e+00
6682,13112,PO_TN,0.000000000000e+00
6682,13112,SO_TP,0.000000000000e+00
6682,13112,IO_TP,0.000000000000e+00
6682,13112,AO_TP,0.000000000000e+00
6682,13112,PO_TP,0.000000000000e+00
6682,13112,SED_TP,0.000000000000e+00
6682,13112,SEDWSSD_TP,0.000000000000e+00
6682,13112,SEDSCRS_TP,0.000000000000e+00
6682,13112,SO_TCd,0.000000000000e+00
6682,13112,IO_TCd,0.000000000000e+00
6682,13112,AO_TCd,0.000000000000e+00
6682,13112,PO_TCd,0.000000000000e+00
6682,13112,SED_TCd,0.000000000000e+00
6682,13112,SEDWSSD_TCd,0.000000000000e+00
6682,13112,SEDSCRS_TCd,0.000000000000e+00
6682,13112,SO_TCu,0.000000000000e+00
6682,13112,IO_TCu,0.000000000000e+00
6682,13112,AO_TCu,0.000000000000e+00
6682,13112,PO_TCu,0.000000000000e+00
6682,13112,SED_TCu,0.000000000000e+00
6682,13112,SEDWSSD_TCu,0.000000000000e+00
6682,13112,SEDSCRS_TCu,0.000000000000e+00
6682,13112,SO_TPb,0.000000000000e+00
6682,13112,IO_TPb,0.000000000000e+00
6682,13112,AO_TPb,0.000000000000e+00
6682,13112,PO_TPb,0.000000000000e+00
6682,13112,SED_TPb,0.000000000000e+00
6682,13112,SEDWSSD_TPb,0.000000000000e+00
6682,13112,SEDSCRS_TPb,0.000000000000e+00
6682,13112,SO_TZn,0.000000000000e+00
6682,13112,IO_TZn,0.000000000000e+00
6682,13112,AO_TZn,0.000000000000e+00
6682,13112,PO_TZn,0.000000000000e+00
6682,13112,SED_TZn,0.000000000000e+00
6682,13112,SEDWSSD_TZn,0.000000000000e+00
6682,13112,SEDSCRS_TZn,0.000000000000e+00
6682,13121,AREA,0.000000000000e+00
6682,13121,PREC,0.000000000000e+00
6682,13121,SURO,0.000000000000e+00
6682,13121,IFWO,0.000000000000e+00
6682,13121,AGWO,0.000000000000e+00
6682,13121,PERO,0.000000000000e+00
6682,13121,TAET,0.000000000000e+00
6682,13121,SEDLOAD,0.000000000000e+00
6682,13121,SEDWSSD, 0.00000e+00
6682,13121,SEDSCRS, 0.00000e+00
6682,13121,SEDSURO, 0.00000e+00
6682,13121,SEDIFWO, 0.00000e+00
6682,13121,SEDAGWO, 0.00000e+00
6682,13121,SO_TN,0.000000000000e+00
6682,13121,IO_TN,0.000000000000e+00
6682,13121,AO_TN,0.000000000000e+00
6682,13121,PO_TN,0.000000000000e+00
6682,13121,SO_TP,0.000000000000e+00
6682,13121,IO_TP,0.000000000000e+00
6682,13121,AO_TP,0.000000000000e+00
6682,13121,PO_TP,0.000000000000e+00
6682,13121,SED_TP,0.000000000000e+00
6682,13121,SEDWSSD_TP,0.000000000000e+00
6682,13121,SEDSCRS_TP,0.000000000000e+00
6682,13121,SO_TCd,0.000000000000e+00
6682,13121,IO_TCd,0.000000000000e+00
6682,13121,AO_TCd,0.000000000000e+00
6682,13121,PO_TCd,0.000000000000e+00
6682,13121,SED_TCd,0.000000000000e+00
6682,13121,SEDWSSD_TCd,0.000000000000e+00
6682,13121,SEDSCRS_TCd,0.000000000000e+00
6682,13121,SO_TCu,0.000000000000e+00
6682,13121,IO_TCu,0.000000000000e+00
6682,13121,AO_TCu,0.000000000000e+00
6682,13121,PO_TCu,0.000000000000e+00
6682,13121,SED_TCu,0.000000000000e+00
6682,13121,SEDWSSD_TCu,0.000000000000e+00
6682,13121,SEDSCRS_TCu,0.000000000000e+00
6682,13121,SO_TPb,0.000000000000e+00
6682,13121,IO_TPb,0.000000000000e+00
6682,13121,AO_TPb,0.000000000000e+00
6682,13121,PO_TPb,0.000000000000e+00
6682,13121,SED_TPb,0.000000000000e+00
6682,13121,SEDWSSD_TPb,0.000000000000e+00
6682,13121,SEDSCRS_TPb,0.000000000000e+00
6682,13121,SO_TZn,0.000000000000e+00
6682,13121,IO_TZn,0.000000000000e+00
6682,13121,AO_TZn,0.000000000000e+00
6682,13121,PO_TZn,0.000000000000e+00
6682,13121,SED_TZn,0.000000000000e+00
6682,13121,SEDWSSD_TZn,0.000000000000e+00
6682,13121,SEDSCRS_TZn,0.000000000000e+00
6682,13122,AREA,0.000000000000e+00
6682,13122,PREC,0.000000000000e+00
6682,13122,SURO,0.000000000000e+00
6682,13122,IFWO,0.000000000000e+00
6682,13122,AGWO,0.000000000000e+00
6682,13122,PERO,0.000000000000e+00
6682,13122,TAET,0.000000000000e+00
6682,13122,SEDLOAD,0.000000000000e+00
6682,13122,SEDWSSD, 0.00000e+00
6682,13122,SEDSCRS, 0.00000e+00
6682,13122,SEDSURO, 0.00000e+00
6682,13122,SEDIFWO, 0.00000e+00
6682,13122,SEDAGWO, 0.00000e+00
6682,13122,SO_TN,0.000000000000e+00
6682,13122,IO_TN,0.000000000000e+00
6682,13122,AO_TN,0.000000000000e+00
6682,13122,PO_TN,0.000000000000e+00
6682,13122,SO_TP,0.000000000000e+00
6682,13122,IO_TP,0.000000000000e+00
6682,13122,AO_TP,0.000000000000e+00
6682,13122,PO_TP,0.000000000000e+00
6682,13122,SED_TP,0.000000000000e+00
6682,13122,SEDWSSD_TP,0.000000000000e+00
6682,13122,SEDSCRS_TP,0.000000000000e+00
6682,13122,SO_TCd,0.000000000000e+00
6682,13122,IO_TCd,0.000000000000e+00
6682,13122,AO_TCd,0.000000000000e+00
6682,13122,PO_TCd,0.000000000000e+00
6682,13122,SED_TCd,0.000000000000e+00
6682,13122,SEDWSSD_TCd,0.000000000000e+00
6682,13122,SEDSCRS_TCd,0.000000000000e+00
6682,13122,SO_TCu,0.000000000000e+00
6682,13122,IO_TCu,0.000000000000e+00
6682,13122,AO_TCu,0.000000000000e+00
6682,13122,PO_TCu,0.000000000000e+00
6682,13122,SED_TCu,0.000000000000e+00
6682,13122,SEDWSSD_TCu,0.000000000000e+00
6682,13122,SEDSCRS_TCu,0.000000000000e+00
6682,13122,SO_TPb,0.000000000000e+00
6682,13122,IO_TPb,0.000000000000e+00
6682,13122,AO_TPb,0.000000000000e+00
6682,13122,PO_TPb,0.000000000000e+00
6682,13122,SED_TPb,0.000000000000e+00
6682,13122,SEDWSSD_TPb,0.000000000000e+00
6682,13122,SEDSCRS_TPb,0.000000000000e+00
6682,13122,SO_TZn,0.000000000000e+00
6682,13122,IO_TZn,0.000000000000e+00
6682,13122,AO_TZn,0.000000000000e+00
6682,13122,PO_TZn,0.000000000000e+00
6682,13122,SED_TZn,0.000000000000e+00
6682,13122,SEDWSSD_TZn,0.000000000000e+00
6682,13122,SEDSCRS_TZn,0.000000000000e+00
6682,13211,AREA,0.000000000000e+00
6682,13211,PREC,0.000000000000e+00
6682,13211,SURO,0.000000000000e+00
6682,13211,IFWO,0.000000000000e+00
6682,13211,AGWO,0.000000000000e+00
6682,13211,PERO,0.000000000000e+00
6682,13211,TAET,0.000000000000e+00
6682,13211,SEDLOAD,0.000000000000e+00
6682,13211,SEDWSSD, 0.00000e+00
6682,13211,SEDSCRS, 0.00000e+00
6682,13211,SEDSURO, 0.00000e+00
6682,13211,SEDIFWO, 0.00000e+00
6682,13211,SEDAGWO, 0.00000e+00
6682,13211,SO_TN,0.000000000000e+00
6682,13211,IO_TN,0.000000000000e+00
6682,13211,AO_TN,0.000000000000e+00
6682,13211,PO_TN,0.000000000000e+00
6682,13211,SO_TP,0.000000000000e+00
6682,13211,IO_TP,0.000000000000e+00
6682,13211,AO_TP,0.000000000000e+00
6682,13211,PO_TP,0.000000000000e+00
6682,13211,SED_TP,0.000000000000e+00
6682,13211,SEDWSSD_TP,0.000000000000e+00
6682,13211,SEDSCRS_TP,0.000000000000e+00
6682,13211,SO_TCd,0.000000000000e+00
6682,13211,IO_TCd,0.000000000000e+00
6682,13211,AO_TCd,0.000000000000e+00
6682,13211,PO_TCd,0.000000000000e+00
6682,13211,SED_TCd,0.000000000000e+00
6682,13211,SEDWSSD_TCd,0.000000000000e+00
6682,13211,SEDSCRS_TCd,0.000000000000e+00
6682,13211,SO_TCu,0.000000000000e+00
6682,13211,IO_TCu,0.000000000000e+00
6682,13211,AO_TCu,0.000000000000e+00
6682,13211,PO_TCu,0.000000000000e+00
6682,13211,SED_TCu,0.000000000000e+00
6682,13211,SEDWSSD_TCu,0.000000000000e+00
6682,13211,SEDSCRS_TCu,0.000000000000e+00
6682,13211,SO_TPb,0.000000000000e+00
6682,13211,IO_TPb,0.000000000000e+00
6682,13211,AO_TPb,0.000000000000e+00
6682,13211,PO_TPb,0.000000000000e+00
6682,13211,SED_TPb,0.000000000000e+00
6682,13211,SEDWSSD_TPb,0.000000000000e+00
6682,13211,SEDSCRS_TPb,0.000000000000e+00
6682,13211,SO_TZn,0.000000000000e+00
6682,13211,IO_TZn,0.000000000000e+00
6682,13211,AO_TZn,0.000000000000e+00
6682,13211,PO_TZn,0.000000000000e+00
6682,13211,SED_TZn,0.000000000000e+00
6682,13211,SEDWSSD_TZn,0.000000000000e+00
6682,13211,SEDSCRS_TZn,0.000000000000e+00
6682,13212,AREA,0.000000000000e+00
6682,13212,PREC,0.000000000000e+00
6682,13212,SURO,0.000000000000e+00
6682,13212,IFWO,0.000000000000e+00
6682,13212,AGWO,0.000000000000e+00
6682,13212,PERO,0.000000000000e+00
6682,13212,TAET,0.000000000000e+00
6682,13212,SEDLOAD,0.000000000000e+00
6682,13212,SEDWSSD, 0.00000e+00
6682,13212,SEDSCRS, 0.00000e+00
6682,13212,SEDSURO, 0.00000e+00
6682,13212,SEDIFWO, 0.00000e+00
6682,13212,SEDAGWO, 0.00000e+00
6682,13212,SO_TN,0.000000000000e+00
6682,13212,IO_TN,0.000000000000e+00
6682,13212,AO_TN,0.000000000000e+00
6682,13212,PO_TN,0.000000000000e+00
6682,13212,SO_TP,0.000000000000e+00
6682,13212,IO_TP,0.000000000000e+00
6682,13212,AO_TP,0.000000000000e+00
6682,13212,PO_TP,0.000000000000e+00
6682,13212,SED_TP,0.000000000000e+00
6682,13212,SEDWSSD_TP,0.000000000000e+00
6682,13212,SEDSCRS_TP,0.000000000000e+00
6682,13212,SO_TCd,0.000000000000e+00
6682,13212,IO_TCd,0.000000000000e+00
6682,13212,AO_TCd,0.000000000000e+00
6682,13212,PO_TCd,0.000000000000e+00
6682,13212,SED_TCd,0.000000000000e+00
6682,13212,SEDWSSD_TCd,0.000000000000e+00
6682,13212,SEDSCRS_TCd,0.000000000000e+00
6682,13212,SO_TCu,0.000000000000e+00
6682,13212,IO_TCu,0.000000000000e+00
6682,13212,AO_TCu,0.000000000000e+00
6682,13212,PO_TCu,0.000000000000e+00
6682,13212,SED_TCu,0.000000000000e+00
6682,13212,SEDWSSD_TCu,0.000000000000e+00
6682,13212,SEDSCRS_TCu,0.000000000000e+00
6682,13212,SO_TPb,0.000000000000e+00
6682,13212,IO_TPb,0.000000000000e+00
6682,13212,AO_TPb,0.000000000000e+00
6682,13212,PO_TPb,0.000000000000e+00
6682,13212,SED_TPb,0.000000000000e+00
6682,13212,SEDWSSD_TPb,0.000000000000e+00
6682,13212,SEDSCRS_TPb,0.000000000000e+00
6682,13212,SO_TZn,0.000000000000e+00
6682,13212,IO_TZn,0.000000000000e+00
6682,13212,AO_TZn,0.000000000000e+00
6682,13212,PO_TZn,0.000000000000e+00
6682,13212,SED_TZn,0.000000000000e+00
6682,13212,SEDWSSD_TZn,0.000000000000e+00
6682,13212,SEDSCRS_TZn,0.000000000000e+00
6682,13221,AREA,0.000000000000e+00
6682,13221,PREC,0.000000000000e+00
6682,13221,SURO,0.000000000000e+00
6682,13221,IFWO,0.000000000000e+00
6682,13221,AGWO,0.000000000000e+00
6682,13221,PERO,0.000000000000e+00
6682,13221,TAET,0.000000000000e+00
6682,13221,SEDLOAD,0.000000000000e+00
6682,13221,SEDWSSD, 0.00000e+00
6682,13221,SEDSCRS, 0.00000e+00
6682,13221,SEDSURO, 0.00000e+00
6682,13221,SEDIFWO, 0.00000e+00
6682,13221,SEDAGWO, 0.00000e+00
6682,13221,SO_TN,0.000000000000e+00
6682,13221,IO_TN,0.000000000000e+00
6682,13221,AO_TN,0.000000000000e+00
6682,13221,PO_TN,0.000000000000e+00
6682,13221,SO_TP,0.000000000000e+00
6682,13221,IO_TP,0.000000000000e+00
6682,13221,AO_TP,0.000000000000e+00
6682,13221,PO_TP,0.000000000000e+00
6682,13221,SED_TP,0.000000000000e+00
6682,13221,SEDWSSD_TP,0.000000000000e+00
6682,13221,SEDSCRS_TP,0.000000000000e+00
6682,13221,SO_TCd,0.000000000000e+00
6682,13221,IO_TCd,0.000000000000e+00
6682,13221,AO_TCd,0.000000000000e+00
6682,13221,PO_TCd,0.000000000000e+00
6682,13221,SED_TCd,0.000000000000e+00
6682,13221,SEDWSSD_TCd,0.000000000000e+00
6682,13221,SEDSCRS_TCd,0.000000000000e+00
6682,13221,SO_TCu,0.000000000000e+00
6682,13221,IO_TCu,0.000000000000e+00
6682,13221,AO_TCu,0.000000000000e+00
6682,13221,PO_TCu,0.000000000000e+00
6682,13221,SED_TCu,0.000000000000e+00
6682,13221,SEDWSSD_TCu,0.000000000000e+00
6682,13221,SEDSCRS_TCu,0.000000000000e+00
6682,13221,SO_TPb,0.000000000000e+00
6682,13221,IO_TPb,0.000000000000e+00
6682,13221,AO_TPb,0.000000000000e+00
6682,13221,PO_TPb,0.000000000000e+00
6682,13221,SED_TPb,0.000000000000e+00
6682,13221,SEDWSSD_TPb,0.000000000000e+00
6682,13221,SEDSCRS_TPb,0.000000000000e+00
6682,13221,SO_TZn,0.000000000000e+00
6682,13221,IO_TZn,0.000000000000e+00
6682,13221,AO_TZn,0.000000000000e+00
6682,13221,PO_TZn,0.000000000000e+00
6682,13221,SED_TZn,0.000000000000e+00
6682,13221,SEDWSSD_TZn,0.000000000000e+00
6682,13221,SEDSCRS_TZn,0.000000000000e+00
6682,13222,AREA,0.000000000000e+00
6682,13222,PREC,0.000000000000e+00
6682,13222,SURO,0.000000000000e+00
6682,13222,IFWO,0.000000000000e+00
6682,13222,AGWO,0.000000000000e+00
6682,13222,PERO,0.000000000000e+00
6682,13222,TAET,0.000000000000e+00
6682,13222,SEDLOAD,0.000000000000e+00
6682,13222,SEDWSSD, 0.00000e+00
6682,13222,SEDSCRS, 0.00000e+00
6682,13222,SEDSURO, 0.00000e+00
6682,13222,SEDIFWO, 0.00000e+00
6682,13222,SEDAGWO, 0.00000e+00
6682,13222,SO_TN,0.000000000000e+00
6682,13222,IO_TN,0.000000000000e+00
6682,13222,AO_TN,0.000000000000e+00
6682,13222,PO_TN,0.000000000000e+00
6682,13222,SO_TP,0.000000000000e+00
6682,13222,IO_TP,0.000000000000e+00
6682,13222,AO_TP,0.000000000000e+00
6682,13222,PO_TP,0.000000000000e+00
6682,13222,SED_TP,0.000000000000e+00
6682,13222,SEDWSSD_TP,0.000000000000e+00
6682,13222,SEDSCRS_TP,0.000000000000e+00
6682,13222,SO_TCd,0.000000000000e+00
6682,13222,IO_TCd,0.000000000000e+00
6682,13222,AO_TCd,0.000000000000e+00
6682,13222,PO_TCd,0.000000000000e+00
6682,13222,SED_TCd,0.000000000000e+00
6682,13222,SEDWSSD_TCd,0.000000000000e+00
6682,13222,SEDSCRS_TCd,0.000000000000e+00
6682,13222,SO_TCu,0.000000000000e+00
6682,13222,IO_TCu,0.000000000000e+00
6682,13222,AO_TCu,0.000000000000e+00
6682,13222,PO_TCu,0.000000000000e+00
6682,13222,SED_TCu,0.000000000000e+00
6682,13222,SEDWSSD_TCu,0.000000000000e+00
6682,13222,SEDSCRS_TCu,0.000000000000e+00
6682,13222,SO_TPb,0.000000000000e+00
6682,13222,IO_TPb,0.000000000000e+00
6682,13222,AO_TPb,0.000000000000e+00
6682,13222,PO_TPb,0.000000000000e+00
6682,13222,SED_TPb,0.000000000000e+00
6682,13222,SEDWSSD_TPb,0.000000000000e+00
6682,13222,SEDSCRS_TPb,0.000000000000e+00
6682,13222,SO_TZn,0.000000000000e+00
6682,13222,IO_TZn,0.000000000000e+00
6682,13222,AO_TZn,0.000000000000e+00
6682,13222,PO_TZn,0.000000000000e+00
6682,13222,SED_TZn,0.000000000000e+00
6682,13222,SEDWSSD_TZn,0.000000000000e+00
6682,13222,SEDSCRS_TZn,0.000000000000e+00
6682,13231,AREA,0.000000000000e+00
6682,13231,PREC,0.000000000000e+00
6682,13231,SURO,0.000000000000e+00
6682,13231,IFWO,0.000000000000e+00
6682,13231,AGWO,0.000000000000e+00
6682,13231,PERO,0.000000000000e+00
6682,13231,TAET,0.000000000000e+00
6682,13231,SEDLOAD,0.000000000000e+00
6682,13231,SEDWSSD, 0.00000e+00
6682,13231,SEDSCRS, 0.00000e+00
6682,13231,SEDSURO, 0.00000e+00
6682,13231,SEDIFWO, 0.00000e+00
6682,13231,SEDAGWO, 0.00000e+00
6682,13231,SO_TN,0.000000000000e+00
6682,13231,IO_TN,0.000000000000e+00
6682,13231,AO_TN,0.000000000000e+00
6682,13231,PO_TN,0.000000000000e+00
6682,13231,SO_TP,0.000000000000e+00
6682,13231,IO_TP,0.000000000000e+00
6682,13231,AO_TP,0.000000000000e+00
6682,13231,PO_TP,0.000000000000e+00
6682,13231,SED_TP,0.000000000000e+00
6682,13231,SEDWSSD_TP,0.000000000000e+00
6682,13231,SEDSCRS_TP,0.000000000000e+00
6682,13231,SO_TCd,0.000000000000e+00
6682,13231,IO_TCd,0.000000000000e+00
6682,13231,AO_TCd,0.000000000000e+00
6682,13231,PO_TCd,0.000000000000e+00
6682,13231,SED_TCd,0.000000000000e+00
6682,13231,SEDWSSD_TCd,0.000000000000e+00
6682,13231,SEDSCRS_TCd,0.000000000000e+00
6682,13231,SO_TCu,0.000000000000e+00
6682,13231,IO_TCu,0.000000000000e+00
6682,13231,AO_TCu,0.000000000000e+00
6682,13231,PO_TCu,0.000000000000e+00
6682,13231,SED_TCu,0.000000000000e+00
6682,13231,SEDWSSD_TCu,0.000000000000e+00
6682,13231,SEDSCRS_TCu,0.000000000000e+00
6682,13231,SO_TPb,0.000000000000e+00
6682,13231,IO_TPb,0.000000000000e+00
6682,13231,AO_TPb,0.000000000000e+00
6682,13231,PO_TPb,0.000000000000e+00
6682,13231,SED_TPb,0.000000000000e+00
6682,13231,SEDWSSD_TPb,0.000000000000e+00
6682,13231,SEDSCRS_TPb,0.000000000000e+00
6682,13231,SO_TZn,0.000000000000e+00
6682,13231,IO_TZn,0.000000000000e+00
6682,13231,AO_TZn,0.000000000000e+00
6682,13231,PO_TZn,0.000000000000e+00
6682,13231,SED_TZn,0.000000000000e+00
6682,13231,SEDWSSD_TZn,0.000000000000e+00
6682,13231,SEDSCRS_TZn,0.000000000000e+00
6682,13232,AREA,0.000000000000e+00
6682,13232,PREC,0.000000000000e+00
6682,13232,SURO,0.000000000000e+00
6682,13232,IFWO,0.000000000000e+00
6682,13232,AGWO,0.000000000000e+00
6682,13232,PERO,0.000000000000e+00
6682,13232,TAET,0.000000000000e+00
6682,13232,SEDLOAD,0.000000000000e+00
6682,13232,SEDWSSD, 0.00000e+00
6682,13232,SEDSCRS, 0.00000e+00
6682,13232,SEDSURO, 0.00000e+00
6682,13232,SEDIFWO, 0.00000e+00
6682,13232,SEDAGWO, 0.00000e+00
6682,13232,SO_TN,0.000000000000e+00
6682,13232,IO_TN,0.000000000000e+00
6682,13232,AO_TN,0.000000000000e+00
6682,13232,PO_TN,0.000000000000e+00
6682,13232,SO_TP,0.000000000000e+00
6682,13232,IO_TP,0.000000000000e+00
6682,13232,AO_TP,0.000000000000e+00
6682,13232,PO_TP,0.000000000000e+00
6682,13232,SED_TP,0.000000000000e+00
6682,13232,SEDWSSD_TP,0.000000000000e+00
6682,13232,SEDSCRS_TP,0.000000000000e+00
6682,13232,SO_TCd,0.000000000000e+00
6682,13232,IO_TCd,0.000000000000e+00
6682,13232,AO_TCd,0.000000000000e+00
6682,13232,PO_TCd,0.000000000000e+00
6682,13232,SED_TCd,0.000000000000e+00
6682,13232,SEDWSSD_TCd,0.000000000000e+00
6682,13232,SEDSCRS_TCd,0.000000000000e+00
6682,13232,SO_TCu,0.000000000000e+00
6682,13232,IO_TCu,0.000000000000e+00
6682,13232,AO_TCu,0.000000000000e+00
6682,13232,PO_TCu,0.000000000000e+00
6682,13232,SED_TCu,0.000000000000e+00
6682,13232,SEDWSSD_TCu,0.000000000000e+00
6682,13232,SEDSCRS_TCu,0.000000000000e+00
6682,13232,SO_TPb,0.000000000000e+00
6682,13232,IO_TPb,0.000000000000e+00
6682,13232,AO_TPb,0.000000000000e+00
6682,13232,PO_TPb,0.000000000000e+00
6682,13232,SED_TPb,0.000000000000e+00
6682,13232,SEDWSSD_TPb,0.000000000000e+00
6682,13232,SEDSCRS_TPb,0.000000000000e+00
6682,13232,SO_TZn,0.000000000000e+00
6682,13232,IO_TZn,0.000000000000e+00
6682,13232,AO_TZn,0.000000000000e+00
6682,13232,PO_TZn,0.000000000000e+00
6682,13232,SED_TZn,0.000000000000e+00
6682,13232,SEDWSSD_TZn,0.000000000000e+00
6682,13232,SEDSCRS_TZn,0.000000000000e+00
6682,13311,AREA,0.000000000000e+00
6682,13311,PREC,0.000000000000e+00
6682,13311,SURO,0.000000000000e+00
6682,13311,IFWO,0.000000000000e+00
6682,13311,AGWO,0.000000000000e+00
6682,13311,PERO,0.000000000000e+00
6682,13311,TAET,0.000000000000e+00
6682,13311,SEDLOAD,0.000000000000e+00
6682,13311,SEDWSSD, 0.00000e+00
6682,13311,SEDSCRS, 0.00000e+00
6682,13311,SEDSURO, 0.00000e+00
6682,13311,SEDIFWO, 0.00000e+00
6682,13311,SEDAGWO, 0.00000e+00
6682,13311,SO_TN,0.000000000000e+00
6682,13311,IO_TN,0.000000000000e+00
6682,13311,AO_TN,0.000000000000e+00
6682,13311,PO_TN,0.000000000000e+00
6682,13311,SO_TP,0.000000000000e+00
6682,13311,IO_TP,0.000000000000e+00
6682,13311,AO_TP,0.000000000000e+00
6682,13311,PO_TP,0.000000000000e+00
6682,13311,SED_TP,0.000000000000e+00
6682,13311,SEDWSSD_TP,0.000000000000e+00
6682,13311,SEDSCRS_TP,0.000000000000e+00
6682,13311,SO_TCd,0.000000000000e+00
6682,13311,IO_TCd,0.000000000000e+00
6682,13311,AO_TCd,0.000000000000e+00
6682,13311,PO_TCd,0.000000000000e+00
6682,13311,SED_TCd,0.000000000000e+00
6682,13311,SEDWSSD_TCd,0.000000000000e+00
6682,13311,SEDSCRS_TCd,0.000000000000e+00
6682,13311,SO_TCu,0.000000000000e+00
6682,13311,IO_TCu,0.000000000000e+00
6682,13311,AO_TCu,0.000000000000e+00
6682,13311,PO_TCu,0.000000000000e+00
6682,13311,SED_TCu,0.000000000000e+00
6682,13311,SEDWSSD_TCu,0.000000000000e+00
6682,13311,SEDSCRS_TCu,0.000000000000e+00
6682,13311,SO_TPb,0.000000000000e+00
6682,13311,IO_TPb,0.000000000000e+00
6682,13311,AO_TPb,0.000000000000e+00
6682,13311,PO_TPb,0.000000000000e+00
6682,13311,SED_TPb,0.000000000000e+00
6682,13311,SEDWSSD_TPb,0.000000000000e+00
6682,13311,SEDSCRS_TPb,0.000000000000e+00
6682,13311,SO_TZn,0.000000000000e+00
6682,13311,IO_TZn,0.000000000000e+00
6682,13311,AO_TZn,0.000000000000e+00
6682,13311,PO_TZn,0.000000000000e+00
6682,13311,SED_TZn,0.000000000000e+00
6682,13311,SEDWSSD_TZn,0.000000000000e+00
6682,13311,SEDSCRS_TZn,0.000000000000e+00
6682,13312,AREA,0.000000000000e+00
6682,13312,PREC,0.000000000000e+00
6682,13312,SURO,0.000000000000e+00
6682,13312,IFWO,0.000000000000e+00
6682,13312,AGWO,0.000000000000e+00
6682,13312,PERO,0.000000000000e+00
6682,13312,TAET,0.000000000000e+00
6682,13312,SEDLOAD,0.000000000000e+00
6682,13312,SEDWSSD, 0.00000e+00
6682,13312,SEDSCRS, 0.00000e+00
6682,13312,SEDSURO, 0.00000e+00
6682,13312,SEDIFWO, 0.00000e+00
6682,13312,SEDAGWO, 0.00000e+00
6682,13312,SO_TN,0.000000000000e+00
6682,13312,IO_TN,0.000000000000e+00
6682,13312,AO_TN,0.000000000000e+00
6682,13312,PO_TN,0.000000000000e+00
6682,13312,SO_TP,0.000000000000e+00
6682,13312,IO_TP,0.000000000000e+00
6682,13312,AO_TP,0.000000000000e+00
6682,13312,PO_TP,0.000000000000e+00
6682,13312,SED_TP,0.000000000000e+00
6682,13312,SEDWSSD_TP,0.000000000000e+00
6682,13312,SEDSCRS_TP,0.000000000000e+00
6682,13312,SO_TCd,0.000000000000e+00
6682,13312,IO_TCd,0.000000000000e+00
6682,13312,AO_TCd,0.000000000000e+00
6682,13312,PO_TCd,0.000000000000e+00
6682,13312,SED_TCd,0.000000000000e+00
6682,13312,SEDWSSD_TCd,0.000000000000e+00
6682,13312,SEDSCRS_TCd,0.000000000000e+00
6682,13312,SO_TCu,0.000000000000e+00
6682,13312,IO_TCu,0.000000000000e+00
6682,13312,AO_TCu,0.000000000000e+00
6682,13312,PO_TCu,0.000000000000e+00
6682,13312,SED_TCu,0.000000000000e+00
6682,13312,SEDWSSD_TCu,0.000000000000e+00
6682,13312,SEDSCRS_TCu,0.000000000000e+00
6682,13312,SO_TPb,0.000000000000e+00
6682,13312,IO_TPb,0.000000000000e+00
6682,13312,AO_TPb,0.000000000000e+00
6682,13312,PO_TPb,0.000000000000e+00
6682,13312,SED_TPb,0.000000000000e+00
6682,13312,SEDWSSD_TPb,0.000000000000e+00
6682,13312,SEDSCRS_TPb,0.000000000000e+00
6682,13312,SO_TZn,0.000000000000e+00
6682,13312,IO_TZn,0.000000000000e+00
6682,13312,AO_TZn,0.000000000000e+00
6682,13312,PO_TZn,0.000000000000e+00
6682,13312,SED_TZn,0.000000000000e+00
6682,13312,SEDWSSD_TZn,0.000000000000e+00
6682,13312,SEDSCRS_TZn,0.000000000000e+00
6682,13321,AREA,0.000000000000e+00
6682,13321,PREC,0.000000000000e+00
6682,13321,SURO,0.000000000000e+00
6682,13321,IFWO,0.000000000000e+00
6682,13321,AGWO,0.000000000000e+00
6682,13321,PERO,0.000000000000e+00
6682,13321,TAET,0.000000000000e+00
6682,13321,SEDLOAD,0.000000000000e+00
6682,13321,SEDWSSD, 0.00000e+00
6682,13321,SEDSCRS, 0.00000e+00
6682,13321,SEDSURO, 0.00000e+00
6682,13321,SEDIFWO, 0.00000e+00
6682,13321,SEDAGWO, 0.00000e+00
6682,13321,SO_TN,0.000000000000e+00
6682,13321,IO_TN,0.000000000000e+00
6682,13321,AO_TN,0.000000000000e+00
6682,13321,PO_TN,0.000000000000e+00
6682,13321,SO_TP,0.000000000000e+00
6682,13321,IO_TP,0.000000000000e+00
6682,13321,AO_TP,0.000000000000e+00
6682,13321,PO_TP,0.000000000000e+00
6682,13321,SED_TP,0.000000000000e+00
6682,13321,SEDWSSD_TP,0.000000000000e+00
6682,13321,SEDSCRS_TP,0.000000000000e+00
6682,13321,SO_TCd,0.000000000000e+00
6682,13321,IO_TCd,0.000000000000e+00
6682,13321,AO_TCd,0.000000000000e+00
6682,13321,PO_TCd,0.000000000000e+00
6682,13321,SED_TCd,0.000000000000e+00
6682,13321,SEDWSSD_TCd,0.000000000000e+00
6682,13321,SEDSCRS_TCd,0.000000000000e+00
6682,13321,SO_TCu,0.000000000000e+00
6682,13321,IO_TCu,0.000000000000e+00
6682,13321,AO_TCu,0.000000000000e+00
6682,13321,PO_TCu,0.000000000000e+00
6682,13321,SED_TCu,0.000000000000e+00
6682,13321,SEDWSSD_TCu,0.000000000000e+00
6682,13321,SEDSCRS_TCu,0.000000000000e+00
6682,13321,SO_TPb,0.000000000000e+00
6682,13321,IO_TPb,0.000000000000e+00
6682,13321,AO_TPb,0.000000000000e+00
6682,13321,PO_TPb,0.000000000000e+00
6682,13321,SED_TPb,0.000000000000e+00
6682,13321,SEDWSSD_TPb,0.000000000000e+00
6682,13321,SEDSCRS_TPb,0.000000000000e+00
6682,13321,SO_TZn,0.000000000000e+00
6682,13321,IO_TZn,0.000000000000e+00
6682,13321,AO_TZn,0.000000000000e+00
6682,13321,PO_TZn,0.000000000000e+00
6682,13321,SED_TZn,0.000000000000e+00
6682,13321,SEDWSSD_TZn,0.000000000000e+00
6682,13321,SEDSCRS_TZn,0.000000000000e+00
6682,13322,AREA,0.000000000000e+00
6682,13322,PREC,0.000000000000e+00
6682,13322,SURO,0.000000000000e+00
6682,13322,IFWO,0.000000000000e+00
6682,13322,AGWO,0.000000000000e+00
6682,13322,PERO,0.000000000000e+00
6682,13322,TAET,0.000000000000e+00
6682,13322,SEDLOAD,0.000000000000e+00
6682,13322,SEDWSSD, 0.00000e+00
6682,13322,SEDSCRS, 0.00000e+00
6682,13322,SEDSURO, 0.00000e+00
6682,13322,SEDIFWO, 0.00000e+00
6682,13322,SEDAGWO, 0.00000e+00
6682,13322,SO_TN,0.000000000000e+00
6682,13322,IO_TN,0.000000000000e+00
6682,13322,AO_TN,0.000000000000e+00
6682,13322,PO_TN,0.000000000000e+00
6682,13322,SO_TP,0.000000000000e+00
6682,13322,IO_TP,0.000000000000e+00
6682,13322,AO_TP,0.000000000000e+00
6682,13322,PO_TP,0.000000000000e+00
6682,13322,SED_TP,0.000000000000e+00
6682,13322,SEDWSSD_TP,0.000000000000e+00
6682,13322,SEDSCRS_TP,0.000000000000e+00
6682,13322,SO_TCd,0.000000000000e+00
6682,13322,IO_TCd,0.000000000000e+00
6682,13322,AO_TCd,0.000000000000e+00
6682,13322,PO_TCd,0.000000000000e+00
6682,13322,SED_TCd,0.000000000000e+00
6682,13322,SEDWSSD_TCd,0.000000000000e+00
6682,13322,SEDSCRS_TCd,0.000000000000e+00
6682,13322,SO_TCu,0.000000000000e+00
6682,13322,IO_TCu,0.000000000000e+00
6682,13322,AO_TCu,0.000000000000e+00
6682,13322,PO_TCu,0.000000000000e+00
6682,13322,SED_TCu,0.000000000000e+00
6682,13322,SEDWSSD_TCu,0.000000000000e+00
6682,13322,SEDSCRS_TCu,0.000000000000e+00
6682,13322,SO_TPb,0.000000000000e+00
6682,13322,IO_TPb,0.000000000000e+00
6682,13322,AO_TPb,0.000000000000e+00
6682,13322,PO_TPb,0.000000000000e+00
6682,13322,SED_TPb,0.000000000000e+00
6682,13322,SEDWSSD_TPb,0.000000000000e+00
6682,13322,SEDSCRS_TPb,0.000000000000e+00
6682,13322,SO_TZn,0.000000000000e+00
6682,13322,IO_TZn,0.000000000000e+00
6682,13322,AO_TZn,0.000000000000e+00
6682,13322,PO_TZn,0.000000000000e+00
6682,13322,SED_TZn,0.000000000000e+00
6682,13322,SEDWSSD_TZn,0.000000000000e+00
6682,13322,SEDSCRS_TZn,0.000000000000e+00
6682,13331,AREA,0.000000000000e+00
6682,13331,PREC,0.000000000000e+00
6682,13331,SURO,0.000000000000e+00
6682,13331,IFWO,0.000000000000e+00
6682,13331,AGWO,0.000000000000e+00
6682,13331,PERO,0.000000000000e+00
6682,13331,TAET,0.000000000000e+00
6682,13331,SEDLOAD,0.000000000000e+00
6682,13331,SEDWSSD, 0.00000e+00
6682,13331,SEDSCRS, 0.00000e+00
6682,13331,SEDSURO, 0.00000e+00
6682,13331,SEDIFWO, 0.00000e+00
6682,13331,SEDAGWO, 0.00000e+00
6682,13331,SO_TN,0.000000000000e+00
6682,13331,IO_TN,0.000000000000e+00
6682,13331,AO_TN,0.000000000000e+00
6682,13331,PO_TN,0.000000000000e+00
6682,13331,SO_TP,0.000000000000e+00
6682,13331,IO_TP,0.000000000000e+00
6682,13331,AO_TP,0.000000000000e+00
6682,13331,PO_TP,0.000000000000e+00
6682,13331,SED_TP,0.000000000000e+00
6682,13331,SEDWSSD_TP,0.000000000000e+00
6682,13331,SEDSCRS_TP,0.000000000000e+00
6682,13331,SO_TCd,0.000000000000e+00
6682,13331,IO_TCd,0.000000000000e+00
6682,13331,AO_TCd,0.000000000000e+00
6682,13331,PO_TCd,0.000000000000e+00
6682,13331,SED_TCd,0.000000000000e+00
6682,13331,SEDWSSD_TCd,0.000000000000e+00
6682,13331,SEDSCRS_TCd,0.000000000000e+00
6682,13331,SO_TCu,0.000000000000e+00
6682,13331,IO_TCu,0.000000000000e+00
6682,13331,AO_TCu,0.000000000000e+00
6682,13331,PO_TCu,0.000000000000e+00
6682,13331,SED_TCu,0.000000000000e+00
6682,13331,SEDWSSD_TCu,0.000000000000e+00
6682,13331,SEDSCRS_TCu,0.000000000000e+00
6682,13331,SO_TPb,0.000000000000e+00
6682,13331,IO_TPb,0.000000000000e+00
6682,13331,AO_TPb,0.000000000000e+00
6682,13331,PO_TPb,0.000000000000e+00
6682,13331,SED_TPb,0.000000000000e+00
6682,13331,SEDWSSD_TPb,0.000000000000e+00
6682,13331,SEDSCRS_TPb,0.000000000000e+00
6682,13331,SO_TZn,0.000000000000e+00
6682,13331,IO_TZn,0.000000000000e+00
6682,13331,AO_TZn,0.000000000000e+00
6682,13331,PO_TZn,0.000000000000e+00
6682,13331,SED_TZn,0.000000000000e+00
6682,13331,SEDWSSD_TZn,0.000000000000e+00
6682,13331,SEDSCRS_TZn,0.000000000000e+00
6682,13411,AREA,0.000000000000e+00
6682,13411,PREC,0.000000000000e+00
6682,13411,SURO,0.000000000000e+00
6682,13411,IFWO,0.000000000000e+00
6682,13411,AGWO,0.000000000000e+00
6682,13411,PERO,0.000000000000e+00
6682,13411,TAET,0.000000000000e+00
6682,13411,SEDLOAD,0.000000000000e+00
6682,13411,SEDWSSD, 0.00000e+00
6682,13411,SEDSCRS, 0.00000e+00
6682,13411,SEDSURO, 0.00000e+00
6682,13411,SEDIFWO, 0.00000e+00
6682,13411,SEDAGWO, 0.00000e+00
6682,13411,SO_TN,0.000000000000e+00
6682,13411,IO_TN,0.000000000000e+00
6682,13411,AO_TN,0.000000000000e+00
6682,13411,PO_TN,0.000000000000e+00
6682,13411,SO_TP,0.000000000000e+00
6682,13411,IO_TP,0.000000000000e+00
6682,13411,AO_TP,0.000000000000e+00
6682,13411,PO_TP,0.000000000000e+00
6682,13411,SED_TP,0.000000000000e+00
6682,13411,SEDWSSD_TP,0.000000000000e+00
6682,13411,SEDSCRS_TP,0.000000000000e+00
6682,13411,SO_TCd,0.000000000000e+00
6682,13411,IO_TCd,0.000000000000e+00
6682,13411,AO_TCd,0.000000000000e+00
6682,13411,PO_TCd,0.000000000000e+00
6682,13411,SED_TCd,0.000000000000e+00
6682,13411,SEDWSSD_TCd,0.000000000000e+00
6682,13411,SEDSCRS_TCd,0.000000000000e+00
6682,13411,SO_TCu,0.000000000000e+00
6682,13411,IO_TCu,0.000000000000e+00
6682,13411,AO_TCu,0.000000000000e+00
6682,13411,PO_TCu,0.000000000000e+00
6682,13411,SED_TCu,0.000000000000e+00
6682,13411,SEDWSSD_TCu,0.000000000000e+00
6682,13411,SEDSCRS_TCu,0.000000000000e+00
6682,13411,SO_TPb,0.000000000000e+00
6682,13411,IO_TPb,0.000000000000e+00
6682,13411,AO_TPb,0.000000000000e+00
6682,13411,PO_TPb,0.000000000000e+00
6682,13411,SED_TPb,0.000000000000e+00
6682,13411,SEDWSSD_TPb,0.000000000000e+00
6682,13411,SEDSCRS_TPb,0.000000000000e+00
6682,13411,SO_TZn,0.000000000000e+00
6682,13411,IO_TZn,0.000000000000e+00
6682,13411,AO_TZn,0.000000000000e+00
6682,13411,PO_TZn,0.000000000000e+00
6682,13411,SED_TZn,0.000000000000e+00
6682,13411,SEDWSSD_TZn,0.000000000000e+00
6682,13411,SEDSCRS_TZn,0.000000000000e+00
6682,13412,AREA,0.000000000000e+00
6682,13412,PREC,0.000000000000e+00
6682,13412,SURO,0.000000000000e+00
6682,13412,IFWO,0.000000000000e+00
6682,13412,AGWO,0.000000000000e+00
6682,13412,PERO,0.000000000000e+00
6682,13412,TAET,0.000000000000e+00
6682,13412,SEDLOAD,0.000000000000e+00
6682,13412,SEDWSSD, 0.00000e+00
6682,13412,SEDSCRS, 0.00000e+00
6682,13412,SEDSURO, 0.00000e+00
6682,13412,SEDIFWO, 0.00000e+00
6682,13412,SEDAGWO, 0.00000e+00
6682,13412,SO_TN,0.000000000000e+00
6682,13412,IO_TN,0.000000000000e+00
6682,13412,AO_TN,0.000000000000e+00
6682,13412,PO_TN,0.000000000000e+00
6682,13412,SO_TP,0.000000000000e+00
6682,13412,IO_TP,0.000000000000e+00
6682,13412,AO_TP,0.000000000000e+00
6682,13412,PO_TP,0.000000000000e+00
6682,13412,SED_TP,0.000000000000e+00
6682,13412,SEDWSSD_TP,0.000000000000e+00
6682,13412,SEDSCRS_TP,0.000000000000e+00
6682,13412,SO_TCd,0.000000000000e+00
6682,13412,IO_TCd,0.000000000000e+00
6682,13412,AO_TCd,0.000000000000e+00
6682,13412,PO_TCd,0.000000000000e+00
6682,13412,SED_TCd,0.000000000000e+00
6682,13412,SEDWSSD_TCd,0.000000000000e+00
6682,13412,SEDSCRS_TCd,0.000000000000e+00
6682,13412,SO_TCu,0.000000000000e+00
6682,13412,IO_TCu,0.000000000000e+00
6682,13412,AO_TCu,0.000000000000e+00
6682,13412,PO_TCu,0.000000000000e+00
6682,13412,SED_TCu,0.000000000000e+00
6682,13412,SEDWSSD_TCu,0.000000000000e+00
6682,13412,SEDSCRS_TCu,0.000000000000e+00
6682,13412,SO_TPb,0.000000000000e+00
6682,13412,IO_TPb,0.000000000000e+00
6682,13412,AO_TPb,0.000000000000e+00
6682,13412,PO_TPb,0.000000000000e+00
6682,13412,SED_TPb,0.000000000000e+00
6682,13412,SEDWSSD_TPb,0.000000000000e+00
6682,13412,SEDSCRS_TPb,0.000000000000e+00
6682,13412,SO_TZn,0.000000000000e+00
6682,13412,IO_TZn,0.000000000000e+00
6682,13412,AO_TZn,0.000000000000e+00
6682,13412,PO_TZn,0.000000000000e+00
6682,13412,SED_TZn,0.000000000000e+00
6682,13412,SEDWSSD_TZn,0.000000000000e+00
6682,13412,SEDSCRS_TZn,0.000000000000e+00
6682,13421,AREA,0.000000000000e+00
6682,13421,PREC,0.000000000000e+00
6682,13421,SURO,0.000000000000e+00
6682,13421,IFWO,0.000000000000e+00
6682,13421,AGWO,0.000000000000e+00
6682,13421,PERO,0.000000000000e+00
6682,13421,TAET,0.000000000000e+00
6682,13421,SEDLOAD,0.000000000000e+00
6682,13421,SEDWSSD, 0.00000e+00
6682,13421,SEDSCRS, 0.00000e+00
6682,13421,SEDSURO, 0.00000e+00
6682,13421,SEDIFWO, 0.00000e+00
6682,13421,SEDAGWO, 0.00000e+00
6682,13421,SO_TN,0.000000000000e+00
6682,13421,IO_TN,0.000000000000e+00
6682,13421,AO_TN,0.000000000000e+00
6682,13421,PO_TN,0.000000000000e+00
6682,13421,SO_TP,0.000000000000e+00
6682,13421,IO_TP,0.000000000000e+00
6682,13421,AO_TP,0.000000000000e+00
6682,13421,PO_TP,0.000000000000e+00
6682,13421,SED_TP,0.000000000000e+00
6682,13421,SEDWSSD_TP,0.000000000000e+00
6682,13421,SEDSCRS_TP,0.000000000000e+00
6682,13421,SO_TCd,0.000000000000e+00
6682,13421,IO_TCd,0.000000000000e+00
6682,13421,AO_TCd,0.000000000000e+00
6682,13421,PO_TCd,0.000000000000e+00
6682,13421,SED_TCd,0.000000000000e+00
6682,13421,SEDWSSD_TCd,0.000000000000e+00
6682,13421,SEDSCRS_TCd,0.000000000000e+00
6682,13421,SO_TCu,0.000000000000e+00
6682,13421,IO_TCu,0.000000000000e+00
6682,13421,AO_TCu,0.000000000000e+00
6682,13421,PO_TCu,0.000000000000e+00
6682,13421,SED_TCu,0.000000000000e+00
6682,13421,SEDWSSD_TCu,0.000000000000e+00
6682,13421,SEDSCRS_TCu,0.000000000000e+00
6682,13421,SO_TPb,0.000000000000e+00
6682,13421,IO_TPb,0.000000000000e+00
6682,13421,AO_TPb,0.000000000000e+00
6682,13421,PO_TPb,0.000000000000e+00
6682,13421,SED_TPb,0.000000000000e+00
6682,13421,SEDWSSD_TPb,0.000000000000e+00
6682,13421,SEDSCRS_TPb,0.000000000000e+00
6682,13421,SO_TZn,0.000000000000e+00
6682,13421,IO_TZn,0.000000000000e+00
6682,13421,AO_TZn,0.000000000000e+00
6682,13421,PO_TZn,0.000000000000e+00
6682,13421,SED_TZn,0.000000000000e+00
6682,13421,SEDWSSD_TZn,0.000000000000e+00
6682,13421,SEDSCRS_TZn,0.000000000000e+00
6682,13422,AREA,0.000000000000e+00
6682,13422,PREC,0.000000000000e+00
6682,13422,SURO,0.000000000000e+00
6682,13422,IFWO,0.000000000000e+00
6682,13422,AGWO,0.000000000000e+00
6682,13422,PERO,0.000000000000e+00
6682,13422,TAET,0.000000000000e+00
6682,13422,SEDLOAD,0.000000000000e+00
6682,13422,SEDWSSD, 0.00000e+00
6682,13422,SEDSCRS, 0.00000e+00
6682,13422,SEDSURO, 0.00000e+00
6682,13422,SEDIFWO, 0.00000e+00
6682,13422,SEDAGWO, 0.00000e+00
6682,13422,SO_TN,0.000000000000e+00
6682,13422,IO_TN,0.000000000000e+00
6682,13422,AO_TN,0.000000000000e+00
6682,13422,PO_TN,0.000000000000e+00
6682,13422,SO_TP,0.000000000000e+00
6682,13422,IO_TP,0.000000000000e+00
6682,13422,AO_TP,0.000000000000e+00
6682,13422,PO_TP,0.000000000000e+00
6682,13422,SED_TP,0.000000000000e+00
6682,13422,SEDWSSD_TP,0.000000000000e+00
6682,13422,SEDSCRS_TP,0.000000000000e+00
6682,13422,SO_TCd,0.000000000000e+00
6682,13422,IO_TCd,0.000000000000e+00
6682,13422,AO_TCd,0.000000000000e+00
6682,13422,PO_TCd,0.000000000000e+00
6682,13422,SED_TCd,0.000000000000e+00
6682,13422,SEDWSSD_TCd,0.000000000000e+00
6682,13422,SEDSCRS_TCd,0.000000000000e+00
6682,13422,SO_TCu,0.000000000000e+00
6682,13422,IO_TCu,0.000000000000e+00
6682,13422,AO_TCu,0.000000000000e+00
6682,13422,PO_TCu,0.000000000000e+00
6682,13422,SED_TCu,0.000000000000e+00
6682,13422,SEDWSSD_TCu,0.000000000000e+00
6682,13422,SEDSCRS_TCu,0.000000000000e+00
6682,13422,SO_TPb,0.000000000000e+00
6682,13422,IO_TPb,0.000000000000e+00
6682,13422,AO_TPb,0.000000000000e+00
6682,13422,PO_TPb,0.000000000000e+00
6682,13422,SED_TPb,0.000000000000e+00
6682,13422,SEDWSSD_TPb,0.000000000000e+00
6682,13422,SEDSCRS_TPb,0.000000000000e+00
6682,13422,SO_TZn,0.000000000000e+00
6682,13422,IO_TZn,0.000000000000e+00
6682,13422,AO_TZn,0.000000000000e+00
6682,13422,PO_TZn,0.000000000000e+00
6682,13422,SED_TZn,0.000000000000e+00
6682,13422,SEDWSSD_TZn,0.000000000000e+00
6682,13422,SEDSCRS_TZn,0.000000000000e+00
6682,13431,AREA,0.000000000000e+00
6682,13431,PREC,0.000000000000e+00
6682,13431,SURO,0.000000000000e+00
6682,13431,IFWO,0.000000000000e+00
6682,13431,AGWO,0.000000000000e+00
6682,13431,PERO,0.000000000000e+00
6682,13431,TAET,0.000000000000e+00
6682,13431,SEDLOAD,0.000000000000e+00
6682,13431,SEDWSSD, 0.00000e+00
6682,13431,SEDSCRS, 0.00000e+00
6682,13431,SEDSURO, 0.00000e+00
6682,13431,SEDIFWO, 0.00000e+00
6682,13431,SEDAGWO, 0.00000e+00
6682,13431,SO_TN,0.000000000000e+00
6682,13431,IO_TN,0.000000000000e+00
6682,13431,AO_TN,0.000000000000e+00
6682,13431,PO_TN,0.000000000000e+00
6682,13431,SO_TP,0.000000000000e+00
6682,13431,IO_TP,0.000000000000e+00
6682,13431,AO_TP,0.000000000000e+00
6682,13431,PO_TP,0.000000000000e+00
6682,13431,SED_TP,0.000000000000e+00
6682,13431,SEDWSSD_TP,0.000000000000e+00
6682,13431,SEDSCRS_TP,0.000000000000e+00
6682,13431,SO_TCd,0.000000000000e+00
6682,13431,IO_TCd,0.000000000000e+00
6682,13431,AO_TCd,0.000000000000e+00
6682,13431,PO_TCd,0.000000000000e+00
6682,13431,SED_TCd,0.000000000000e+00
6682,13431,SEDWSSD_TCd,0.000000000000e+00
6682,13431,SEDSCRS_TCd,0.000000000000e+00
6682,13431,SO_TCu,0.000000000000e+00
6682,13431,IO_TCu,0.000000000000e+00
6682,13431,AO_TCu,0.000000000000e+00
6682,13431,PO_TCu,0.000000000000e+00
6682,13431,SED_TCu,0.000000000000e+00
6682,13431,SEDWSSD_TCu,0.000000000000e+00
6682,13431,SEDSCRS_TCu,0.000000000000e+00
6682,13431,SO_TPb,0.000000000000e+00
6682,13431,IO_TPb,0.000000000000e+00
6682,13431,AO_TPb,0.000000000000e+00
6682,13431,PO_TPb,0.000000000000e+00
6682,13431,SED_TPb,0.000000000000e+00
6682,13431,SEDWSSD_TPb,0.000000000000e+00
6682,13431,SEDSCRS_TPb,0.000000000000e+00
6682,13431,SO_TZn,0.000000000000e+00
6682,13431,IO_TZn,0.000000000000e+00
6682,13431,AO_TZn,0.000000000000e+00
6682,13431,PO_TZn,0.000000000000e+00
6682,13431,SED_TZn,0.000000000000e+00
6682,13431,SEDWSSD_TZn,0.000000000000e+00
6682,13431,SEDSCRS_TZn,0.000000000000e+00
6682,13432,AREA,0.000000000000e+00
6682,13432,PREC,0.000000000000e+00
6682,13432,SURO,0.000000000000e+00
6682,13432,IFWO,0.000000000000e+00
6682,13432,AGWO,0.000000000000e+00
6682,13432,PERO,0.000000000000e+00
6682,13432,TAET,0.000000000000e+00
6682,13432,SEDLOAD,0.000000000000e+00
6682,13432,SEDWSSD, 0.00000e+00
6682,13432,SEDSCRS, 0.00000e+00
6682,13432,SEDSURO, 0.00000e+00
6682,13432,SEDIFWO, 0.00000e+00
6682,13432,SEDAGWO, 0.00000e+00
6682,13432,SO_TN,0.000000000000e+00
6682,13432,IO_TN,0.000000000000e+00
6682,13432,AO_TN,0.000000000000e+00
6682,13432,PO_TN,0.000000000000e+00
6682,13432,SO_TP,0.000000000000e+00
6682,13432,IO_TP,0.000000000000e+00
6682,13432,AO_TP,0.000000000000e+00
6682,13432,PO_TP,0.000000000000e+00
6682,13432,SED_TP,0.000000000000e+00
6682,13432,SEDWSSD_TP,0.000000000000e+00
6682,13432,SEDSCRS_TP,0.000000000000e+00
6682,13432,SO_TCd,0.000000000000e+00
6682,13432,IO_TCd,0.000000000000e+00
6682,13432,AO_TCd,0.000000000000e+00
6682,13432,PO_TCd,0.000000000000e+00
6682,13432,SED_TCd,0.000000000000e+00
6682,13432,SEDWSSD_TCd,0.000000000000e+00
6682,13432,SEDSCRS_TCd,0.000000000000e+00
6682,13432,SO_TCu,0.000000000000e+00
6682,13432,IO_TCu,0.000000000000e+00
6682,13432,AO_TCu,0.000000000000e+00
6682,13432,PO_TCu,0.000000000000e+00
6682,13432,SED_TCu,0.000000000000e+00
6682,13432,SEDWSSD_TCu,0.000000000000e+00
6682,13432,SEDSCRS_TCu,0.000000000000e+00
6682,13432,SO_TPb,0.000000000000e+00
6682,13432,IO_TPb,0.000000000000e+00
6682,13432,AO_TPb,0.000000000000e+00
6682,13432,PO_TPb,0.000000000000e+00
6682,13432,SED_TPb,0.000000000000e+00
6682,13432,SEDWSSD_TPb,0.000000000000e+00
6682,13432,SEDSCRS_TPb,0.000000000000e+00
6682,13432,SO_TZn,0.000000000000e+00
6682,13432,IO_TZn,0.000000000000e+00
6682,13432,AO_TZn,0.000000000000e+00
6682,13432,PO_TZn,0.000000000000e+00
6682,13432,SED_TZn,0.000000000000e+00
6682,13432,SEDWSSD_TZn,0.000000000000e+00
6682,13432,SEDSCRS_TZn,0.000000000000e+00
6682,14121,AREA,0.000000000000e+00
6682,14121,PREC,0.000000000000e+00
6682,14121,SURO,0.000000000000e+00
6682,14121,IFWO,0.000000000000e+00
6682,14121,AGWO,0.000000000000e+00
6682,14121,PERO,0.000000000000e+00
6682,14121,TAET,0.000000000000e+00
6682,14121,SEDLOAD,0.000000000000e+00
6682,14121,SEDWSSD, 0.00000e+00
6682,14121,SEDSCRS, 0.00000e+00
6682,14121,SEDSURO, 0.00000e+00
6682,14121,SEDIFWO, 0.00000e+00
6682,14121,SEDAGWO, 0.00000e+00
6682,14121,SO_TN,0.000000000000e+00
6682,14121,IO_TN,0.000000000000e+00
6682,14121,AO_TN,0.000000000000e+00
6682,14121,PO_TN,0.000000000000e+00
6682,14121,SO_TP,0.000000000000e+00
6682,14121,IO_TP,0.000000000000e+00
6682,14121,AO_TP,0.000000000000e+00
6682,14121,PO_TP,0.000000000000e+00
6682,14121,SED_TP,0.000000000000e+00
6682,14121,SEDWSSD_TP,0.000000000000e+00
6682,14121,SEDSCRS_TP,0.000000000000e+00
6682,14121,SO_TCd,0.000000000000e+00
6682,14121,IO_TCd,0.000000000000e+00
6682,14121,AO_TCd,0.000000000000e+00
6682,14121,PO_TCd,0.000000000000e+00
6682,14121,SED_TCd,0.000000000000e+00
6682,14121,SEDWSSD_TCd,0.000000000000e+00
6682,14121,SEDSCRS_TCd,0.000000000000e+00
6682,14121,SO_TCu,0.000000000000e+00
6682,14121,IO_TCu,0.000000000000e+00
6682,14121,AO_TCu,0.000000000000e+00
6682,14121,PO_TCu,0.000000000000e+00
6682,14121,SED_TCu,0.000000000000e+00
6682,14121,SEDWSSD_TCu,0.000000000000e+00
6682,14121,SEDSCRS_TCu,0.000000000000e+00
6682,14121,SO_TPb,0.000000000000e+00
6682,14121,IO_TPb,0.000000000000e+00
6682,14121,AO_TPb,0.000000000000e+00
6682,14121,PO_TPb,0.000000000000e+00
6682,14121,SED_TPb,0.000000000000e+00
6682,14121,SEDWSSD_TPb,0.000000000000e+00
6682,14121,SEDSCRS_TPb,0.000000000000e+00
6682,14121,SO_TZn,0.000000000000e+00
6682,14121,IO_TZn,0.000000000000e+00
6682,14121,AO_TZn,0.000000000000e+00
6682,14121,PO_TZn,0.000000000000e+00
6682,14121,SED_TZn,0.000000000000e+00
6682,14121,SEDWSSD_TZn,0.000000000000e+00
6682,14121,SEDSCRS_TZn,0.000000000000e+00
6682,14122,AREA,0.000000000000e+00
6682,14122,PREC,0.000000000000e+00
6682,14122,SURO,0.000000000000e+00
6682,14122,IFWO,0.000000000000e+00
6682,14122,AGWO,0.000000000000e+00
6682,14122,PERO,0.000000000000e+00
6682,14122,TAET,0.000000000000e+00
6682,14122,SEDLOAD,0.000000000000e+00
6682,14122,SEDWSSD, 0.00000e+00
6682,14122,SEDSCRS, 0.00000e+00
6682,14122,SEDSURO, 0.00000e+00
6682,14122,SEDIFWO, 0.00000e+00
6682,14122,SEDAGWO, 0.00000e+00
6682,14122,SO_TN,0.000000000000e+00
6682,14122,IO_TN,0.000000000000e+00
6682,14122,AO_TN,0.000000000000e+00
6682,14122,PO_TN,0.000000000000e+00
6682,14122,SO_TP,0.000000000000e+00
6682,14122,IO_TP,0.000000000000e+00
6682,14122,AO_TP,0.000000000000e+00
6682,14122,PO_TP,0.000000000000e+00
6682,14122,SED_TP,0.000000000000e+00
6682,14122,SEDWSSD_TP,0.000000000000e+00
6682,14122,SEDSCRS_TP,0.000000000000e+00
6682,14122,SO_TCd,0.000000000000e+00
6682,14122,IO_TCd,0.000000000000e+00
6682,14122,AO_TCd,0.000000000000e+00
6682,14122,PO_TCd,0.000000000000e+00
6682,14122,SED_TCd,0.000000000000e+00
6682,14122,SEDWSSD_TCd,0.000000000000e+00
6682,14122,SEDSCRS_TCd,0.000000000000e+00
6682,14122,SO_TCu,0.000000000000e+00
6682,14122,IO_TCu,0.000000000000e+00
6682,14122,AO_TCu,0.000000000000e+00
6682,14122,PO_TCu,0.000000000000e+00
6682,14122,SED_TCu,0.000000000000e+00
6682,14122,SEDWSSD_TCu,0.000000000000e+00
6682,14122,SEDSCRS_TCu,0.000000000000e+00
6682,14122,SO_TPb,0.000000000000e+00
6682,14122,IO_TPb,0.000000000000e+00
6682,14122,AO_TPb,0.000000000000e+00
6682,14122,PO_TPb,0.000000000000e+00
6682,14122,SED_TPb,0.000000000000e+00
6682,14122,SEDWSSD_TPb,0.000000000000e+00
6682,14122,SEDSCRS_TPb,0.000000000000e+00
6682,14122,SO_TZn,0.000000000000e+00
6682,14122,IO_TZn,0.000000000000e+00
6682,14122,AO_TZn,0.000000000000e+00
6682,14122,PO_TZn,0.000000000000e+00
6682,14122,SED_TZn,0.000000000000e+00
6682,14122,SEDWSSD_TZn,0.000000000000e+00
6682,14122,SEDSCRS_TZn,0.000000000000e+00
6682,14131,AREA,0.000000000000e+00
6682,14131,PREC,0.000000000000e+00
6682,14131,SURO,0.000000000000e+00
6682,14131,IFWO,0.000000000000e+00
6682,14131,AGWO,0.000000000000e+00
6682,14131,PERO,0.000000000000e+00
6682,14131,TAET,0.000000000000e+00
6682,14131,SEDLOAD,0.000000000000e+00
6682,14131,SEDWSSD, 0.00000e+00
6682,14131,SEDSCRS, 0.00000e+00
6682,14131,SEDSURO, 0.00000e+00
6682,14131,SEDIFWO, 0.00000e+00
6682,14131,SEDAGWO, 0.00000e+00
6682,14131,SO_TN,0.000000000000e+00
6682,14131,IO_TN,0.000000000000e+00
6682,14131,AO_TN,0.000000000000e+00
6682,14131,PO_TN,0.000000000000e+00
6682,14131,SO_TP,0.000000000000e+00
6682,14131,IO_TP,0.000000000000e+00
6682,14131,AO_TP,0.000000000000e+00
6682,14131,PO_TP,0.000000000000e+00
6682,14131,SED_TP,0.000000000000e+00
6682,14131,SEDWSSD_TP,0.000000000000e+00
6682,14131,SEDSCRS_TP,0.000000000000e+00
6682,14131,SO_TCd,0.000000000000e+00
6682,14131,IO_TCd,0.000000000000e+00
6682,14131,AO_TCd,0.000000000000e+00
6682,14131,PO_TCd,0.000000000000e+00
6682,14131,SED_TCd,0.000000000000e+00
6682,14131,SEDWSSD_TCd,0.000000000000e+00
6682,14131,SEDSCRS_TCd,0.000000000000e+00
6682,14131,SO_TCu,0.000000000000e+00
6682,14131,IO_TCu,0.000000000000e+00
6682,14131,AO_TCu,0.000000000000e+00
6682,14131,PO_TCu,0.000000000000e+00
6682,14131,SED_TCu,0.000000000000e+00
6682,14131,SEDWSSD_TCu,0.000000000000e+00
6682,14131,SEDSCRS_TCu,0.000000000000e+00
6682,14131,SO_TPb,0.000000000000e+00
6682,14131,IO_TPb,0.000000000000e+00
6682,14131,AO_TPb,0.000000000000e+00
6682,14131,PO_TPb,0.000000000000e+00
6682,14131,SED_TPb,0.000000000000e+00
6682,14131,SEDWSSD_TPb,0.000000000000e+00
6682,14131,SEDSCRS_TPb,0.000000000000e+00
6682,14131,SO_TZn,0.000000000000e+00
6682,14131,IO_TZn,0.000000000000e+00
6682,14131,AO_TZn,0.000000000000e+00
6682,14131,PO_TZn,0.000000000000e+00
6682,14131,SED_TZn,0.000000000000e+00
6682,14131,SEDWSSD_TZn,0.000000000000e+00
6682,14131,SEDSCRS_TZn,0.000000000000e+00
6682,14132,AREA,0.000000000000e+00
6682,14132,PREC,0.000000000000e+00
6682,14132,SURO,0.000000000000e+00
6682,14132,IFWO,0.000000000000e+00
6682,14132,AGWO,0.000000000000e+00
6682,14132,PERO,0.000000000000e+00
6682,14132,TAET,0.000000000000e+00
6682,14132,SEDLOAD,0.000000000000e+00
6682,14132,SEDWSSD, 0.00000e+00
6682,14132,SEDSCRS, 0.00000e+00
6682,14132,SEDSURO, 0.00000e+00
6682,14132,SEDIFWO, 0.00000e+00
6682,14132,SEDAGWO, 0.00000e+00
6682,14132,SO_TN,0.000000000000e+00
6682,14132,IO_TN,0.000000000000e+00
6682,14132,AO_TN,0.000000000000e+00
6682,14132,PO_TN,0.000000000000e+00
6682,14132,SO_TP,0.000000000000e+00
6682,14132,IO_TP,0.000000000000e+00
6682,14132,AO_TP,0.000000000000e+00
6682,14132,PO_TP,0.000000000000e+00
6682,14132,SED_TP,0.000000000000e+00
6682,14132,SEDWSSD_TP,0.000000000000e+00
6682,14132,SEDSCRS_TP,0.000000000000e+00
6682,14132,SO_TCd,0.000000000000e+00
6682,14132,IO_TCd,0.000000000000e+00
6682,14132,AO_TCd,0.000000000000e+00
6682,14132,PO_TCd,0.000000000000e+00
6682,14132,SED_TCd,0.000000000000e+00
6682,14132,SEDWSSD_TCd,0.000000000000e+00
6682,14132,SEDSCRS_TCd,0.000000000000e+00
6682,14132,SO_TCu,0.000000000000e+00
6682,14132,IO_TCu,0.000000000000e+00
6682,14132,AO_TCu,0.000000000000e+00
6682,14132,PO_TCu,0.000000000000e+00
6682,14132,SED_TCu,0.000000000000e+00
6682,14132,SEDWSSD_TCu,0.000000000000e+00
6682,14132,SEDSCRS_TCu,0.000000000000e+00
6682,14132,SO_TPb,0.000000000000e+00
6682,14132,IO_TPb,0.000000000000e+00
6682,14132,AO_TPb,0.000000000000e+00
6682,14132,PO_TPb,0.000000000000e+00
6682,14132,SED_TPb,0.000000000000e+00
6682,14132,SEDWSSD_TPb,0.000000000000e+00
6682,14132,SEDSCRS_TPb,0.000000000000e+00
6682,14132,SO_TZn,0.000000000000e+00
6682,14132,IO_TZn,0.000000000000e+00
6682,14132,AO_TZn,0.000000000000e+00
6682,14132,PO_TZn,0.000000000000e+00
6682,14132,SED_TZn,0.000000000000e+00
6682,14132,SEDWSSD_TZn,0.000000000000e+00
6682,14132,SEDSCRS_TZn,0.000000000000e+00
6682,14221,AREA,0.000000000000e+00
6682,14221,PREC,0.000000000000e+00
6682,14221,SURO,0.000000000000e+00
6682,14221,IFWO,0.000000000000e+00
6682,14221,AGWO,0.000000000000e+00
6682,14221,PERO,0.000000000000e+00
6682,14221,TAET,0.000000000000e+00
6682,14221,SEDLOAD,0.000000000000e+00
6682,14221,SEDWSSD, 0.00000e+00
6682,14221,SEDSCRS, 0.00000e+00
6682,14221,SEDSURO, 0.00000e+00
6682,14221,SEDIFWO, 0.00000e+00
6682,14221,SEDAGWO, 0.00000e+00
6682,14221,SO_TN,0.000000000000e+00
6682,14221,IO_TN,0.000000000000e+00
6682,14221,AO_TN,0.000000000000e+00
6682,14221,PO_TN,0.000000000000e+00
6682,14221,SO_TP,0.000000000000e+00
6682,14221,IO_TP,0.000000000000e+00
6682,14221,AO_TP,0.000000000000e+00
6682,14221,PO_TP,0.000000000000e+00
6682,14221,SED_TP,0.000000000000e+00
6682,14221,SEDWSSD_TP,0.000000000000e+00
6682,14221,SEDSCRS_TP,0.000000000000e+00
6682,14221,SO_TCd,0.000000000000e+00
6682,14221,IO_TCd,0.000000000000e+00
6682,14221,AO_TCd,0.000000000000e+00
6682,14221,PO_TCd,0.000000000000e+00
6682,14221,SED_TCd,0.000000000000e+00
6682,14221,SEDWSSD_TCd,0.000000000000e+00
6682,14221,SEDSCRS_TCd,0.000000000000e+00
6682,14221,SO_TCu,0.000000000000e+00
6682,14221,IO_TCu,0.000000000000e+00
6682,14221,AO_TCu,0.000000000000e+00
6682,14221,PO_TCu,0.000000000000e+00
6682,14221,SED_TCu,0.000000000000e+00
6682,14221,SEDWSSD_TCu,0.000000000000e+00
6682,14221,SEDSCRS_TCu,0.000000000000e+00
6682,14221,SO_TPb,0.000000000000e+00
6682,14221,IO_TPb,0.000000000000e+00
6682,14221,AO_TPb,0.000000000000e+00
6682,14221,PO_TPb,0.000000000000e+00
6682,14221,SED_TPb,0.000000000000e+00
6682,14221,SEDWSSD_TPb,0.000000000000e+00
6682,14221,SEDSCRS_TPb,0.000000000000e+00
6682,14221,SO_TZn,0.000000000000e+00
6682,14221,IO_TZn,0.000000000000e+00
6682,14221,AO_TZn,0.000000000000e+00
6682,14221,PO_TZn,0.000000000000e+00
6682,14221,SED_TZn,0.000000000000e+00
6682,14221,SEDWSSD_TZn,0.000000000000e+00
6682,14221,SEDSCRS_TZn,0.000000000000e+00
6682,14222,AREA,1.212643309999e+02
6682,14222,PREC,1.283649750223e+03
6682,14222,SURO,3.162356982457e-02
6682,14222,IFWO,7.365902566302e-02
6682,14222,AGWO,1.743048887335e+01
6682,14222,PERO,1.753577146883e+01
6682,14222,TAET,1.248139312367e+03
6682,14222,SEDLOAD,1.985317154663e-03
6682,14222,SEDWSSD, 1.88032e-06
6682,14222,SEDSCRS, 1.00872e-07
6682,14222,SEDSURO, 0.00000e+00
6682,14222,SEDIFWO, 8.34606e-06
6682,14222,SEDAGWO, 1.97499e-03
6682,14222,SO_TN,1.878810086615e-02
6682,14222,IO_TN,1.669213289897e-02
6682,14222,AO_TN,1.184995460430e+00
6682,14222,PO_TN,1.220475694195e+00
6682,14222,SO_TP,3.962383800551e-06
6682,14222,IO_TP,3.338426579793e-03
6682,14222,AO_TP,7.899969736198e-01
6682,14222,PO_TP,7.933393625834e-01
6682,14222,SED_TP,3.962383800551e-06
6682,14222,SEDWSSD_TP,3.760640042576e-06
6682,14222,SEDSCRS_TP,2.017437579745e-07
6682,14222,SO_TCd,1.981191900275e-09
6682,14222,IO_TCd,0.000000000000e+00
6682,14222,AO_TCd,0.000000000000e+00
6682,14222,PO_TCd,1.981191900275e-09
6682,14222,SED_TCd,1.981191900275e-09
6682,14222,SEDWSSD_TCd,1.880320021288e-09
6682,14222,SEDSCRS_TCd,1.008718789872e-10
6682,14222,SO_TCu,1.981191900275e-07
6682,14222,IO_TCu,0.000000000000e+00
6682,14222,AO_TCu,0.000000000000e+00
6682,14222,PO_TCu,1.981191900275e-07
6682,14222,SED_TCu,1.981191900275e-07
6682,14222,SEDWSSD_TCu,1.880320021288e-07
6682,14222,SEDSCRS_TCu,1.008718789872e-08
6682,14222,SO_TPb,1.981191900275e-08
6682,14222,IO_TPb,0.000000000000e+00
6682,14222,AO_TPb,0.000000000000e+00
6682,14222,PO_TPb,1.981191900275e-08
6682,14222,SED_TPb,1.981191900275e-08
6682,14222,SEDWSSD_TPb,1.880320021288e-08
6682,14222,SEDSCRS_TPb,1.008718789872e-09
6682,14222,SO_TZn,1.426458168198e-06
6682,14222,IO_TZn,0.000000000000e+00
6682,14222,AO_TZn,1.974992434049e-01
6682,14222,PO_TZn,1.975006698631e-01
6682,14222,SED_TZn,1.426458168198e-06
6682,14222,SEDWSSD_TZn,1.353830415327e-06
6682,14222,SEDSCRS_TZn,7.262775287082e-08
6682,14231,AREA,0.000000000000e+00
6682,14231,PREC,0.000000000000e+00
6682,14231,SURO,0.000000000000e+00
6682,14231,IFWO,0.000000000000e+00
6682,14231,AGWO,0.000000000000e+00
6682,14231,PERO,0.000000000000e+00
6682,14231,TAET,0.000000000000e+00
6682,14231,SEDLOAD,0.000000000000e+00
6682,14231,SEDWSSD, 0.00000e+00
6682,14231,SEDSCRS, 0.00000e+00
6682,14231,SEDSURO, 0.00000e+00
6682,14231,SEDIFWO, 0.00000e+00
6682,14231,SEDAGWO, 0.00000e+00
6682,14231,SO_TN,0.000000000000e+00
6682,14231,IO_TN,0.000000000000e+00
6682,14231,AO_TN,0.000000000000e+00
6682,14231,PO_TN,0.000000000000e+00
6682,14231,SO_TP,0.000000000000e+00
6682,14231,IO_TP,0.000000000000e+00
6682,14231,AO_TP,0.000000000000e+00
6682,14231,PO_TP,0.000000000000e+00
6682,14231,SED_TP,0.000000000000e+00
6682,14231,SEDWSSD_TP,0.000000000000e+00
6682,14231,SEDSCRS_TP,0.000000000000e+00
6682,14231,SO_TCd,0.000000000000e+00
6682,14231,IO_TCd,0.000000000000e+00
6682,14231,AO_TCd,0.000000000000e+00
6682,14231,PO_TCd,0.000000000000e+00
6682,14231,SED_TCd,0.000000000000e+00
6682,14231,SEDWSSD_TCd,0.000000000000e+00
6682,14231,SEDSCRS_TCd,0.000000000000e+00
6682,14231,SO_TCu,0.000000000000e+00
6682,14231,IO_TCu,0.000000000000e+00
6682,14231,AO_TCu,0.000000000000e+00
6682,14231,PO_TCu,0.000000000000e+00
6682,14231,SED_TCu,0.000000000000e+00
6682,14231,SEDWSSD_TCu,0.000000000000e+00
6682,14231,SEDSCRS_TCu,0.000000000000e+00
6682,14231,SO_TPb,0.000000000000e+00
6682,14231,IO_TPb,0.000000000000e+00
6682,14231,AO_TPb,0.000000000000e+00
6682,14231,PO_TPb,0.000000000000e+00
6682,14231,SED_TPb,0.000000000000e+00
6682,14231,SEDWSSD_TPb,0.000000000000e+00
6682,14231,SEDSCRS_TPb,0.000000000000e+00
6682,14231,SO_TZn,0.000000000000e+00
6682,14231,IO_TZn,0.000000000000e+00
6682,14231,AO_TZn,0.000000000000e+00
6682,14231,PO_TZn,0.000000000000e+00
6682,14231,SED_TZn,0.000000000000e+00
6682,14231,SEDWSSD_TZn,0.000000000000e+00
6682,14231,SEDSCRS_TZn,0.000000000000e+00
6682,14232,AREA,0.000000000000e+00
6682,14232,PREC,0.000000000000e+00
6682,14232,SURO,0.000000000000e+00
6682,14232,IFWO,0.000000000000e+00
6682,14232,AGWO,0.000000000000e+00
6682,14232,PERO,0.000000000000e+00
6682,14232,TAET,0.000000000000e+00
6682,14232,SEDLOAD,0.000000000000e+00
6682,14232,SEDWSSD, 0.00000e+00
6682,14232,SEDSCRS, 0.00000e+00
6682,14232,SEDSURO, 0.00000e+00
6682,14232,SEDIFWO, 0.00000e+00
6682,14232,SEDAGWO, 0.00000e+00
6682,14232,SO_TN,0.000000000000e+00
6682,14232,IO_TN,0.000000000000e+00
6682,14232,AO_TN,0.000000000000e+00
6682,14232,PO_TN,0.000000000000e+00
6682,14232,SO_TP,0.000000000000e+00
6682,14232,IO_TP,0.000000000000e+00
6682,14232,AO_TP,0.000000000000e+00
6682,14232,PO_TP,0.000000000000e+00
6682,14232,SED_TP,0.000000000000e+00
6682,14232,SEDWSSD_TP,0.000000000000e+00
6682,14232,SEDSCRS_TP,0.000000000000e+00
6682,14232,SO_TCd,0.000000000000e+00
6682,14232,IO_TCd,0.000000000000e+00
6682,14232,AO_TCd,0.000000000000e+00
6682,14232,PO_TCd,0.000000000000e+00
6682,14232,SED_TCd,0.000000000000e+00
6682,14232,SEDWSSD_TCd,0.000000000000e+00
6682,14232,SEDSCRS_TCd,0.000000000000e+00
6682,14232,SO_TCu,0.000000000000e+00
6682,14232,IO_TCu,0.000000000000e+00
6682,14232,AO_TCu,0.000000000000e+00
6682,14232,PO_TCu,0.000000000000e+00
6682,14232,SED_TCu,0.000000000000e+00
6682,14232,SEDWSSD_TCu,0.000000000000e+00
6682,14232,SEDSCRS_TCu,0.000000000000e+00
6682,14232,SO_TPb,0.000000000000e+00
6682,14232,IO_TPb,0.000000000000e+00
6682,14232,AO_TPb,0.000000000000e+00
6682,14232,PO_TPb,0.000000000000e+00
6682,14232,SED_TPb,0.000000000000e+00
6682,14232,SEDWSSD_TPb,0.000000000000e+00
6682,14232,SEDSCRS_TPb,0.000000000000e+00
6682,14232,SO_TZn,0.000000000000e+00
6682,14232,IO_TZn,0.000000000000e+00
6682,14232,AO_TZn,0.000000000000e+00
6682,14232,PO_TZn,0.000000000000e+00
6682,14232,SED_TZn,0.000000000000e+00
6682,14232,SEDWSSD_TZn,0.000000000000e+00
6682,14232,SEDSCRS_TZn,0.000000000000e+00
6682,14321,AREA,0.000000000000e+00
6682,14321,PREC,0.000000000000e+00
6682,14321,SURO,0.000000000000e+00
6682,14321,IFWO,0.000000000000e+00
6682,14321,AGWO,0.000000000000e+00
6682,14321,PERO,0.000000000000e+00
6682,14321,TAET,0.000000000000e+00
6682,14321,SEDLOAD,0.000000000000e+00
6682,14321,SEDWSSD, 0.00000e+00
6682,14321,SEDSCRS, 0.00000e+00
6682,14321,SEDSURO, 0.00000e+00
6682,14321,SEDIFWO, 0.00000e+00
6682,14321,SEDAGWO, 0.00000e+00
6682,14321,SO_TN,0.000000000000e+00
6682,14321,IO_TN,0.000000000000e+00
6682,14321,AO_TN,0.000000000000e+00
6682,14321,PO_TN,0.000000000000e+00
6682,14321,SO_TP,0.000000000000e+00
6682,14321,IO_TP,0.000000000000e+00
6682,14321,AO_TP,0.000000000000e+00
6682,14321,PO_TP,0.000000000000e+00
6682,14321,SED_TP,0.000000000000e+00
6682,14321,SEDWSSD_TP,0.000000000000e+00
6682,14321,SEDSCRS_TP,0.000000000000e+00
6682,14321,SO_TCd,0.000000000000e+00
6682,14321,IO_TCd,0.000000000000e+00
6682,14321,AO_TCd,0.000000000000e+00
6682,14321,PO_TCd,0.000000000000e+00
6682,14321,SED_TCd,0.000000000000e+00
6682,14321,SEDWSSD_TCd,0.000000000000e+00
6682,14321,SEDSCRS_TCd,0.000000000000e+00
6682,14321,SO_TCu,0.000000000000e+00
6682,14321,IO_TCu,0.000000000000e+00
6682,14321,AO_TCu,0.000000000000e+00
6682,14321,PO_TCu,0.000000000000e+00
6682,14321,SED_TCu,0.000000000000e+00
6682,14321,SEDWSSD_TCu,0.000000000000e+00
6682,14321,SEDSCRS_TCu,0.000000000000e+00
6682,14321,SO_TPb,0.000000000000e+00
6682,14321,IO_TPb,0.000000000000e+00
6682,14321,AO_TPb,0.000000000000e+00
6682,14321,PO_TPb,0.000000000000e+00
6682,14321,SED_TPb,0.000000000000e+00
6682,14321,SEDWSSD_TPb,0.000000000000e+00
6682,14321,SEDSCRS_TPb,0.000000000000e+00
6682,14321,SO_TZn,0.000000000000e+00
6682,14321,IO_TZn,0.000000000000e+00
6682,14321,AO_TZn,0.000000000000e+00
6682,14321,PO_TZn,0.000000000000e+00
6682,14321,SED_TZn,0.000000000000e+00
6682,14321,SEDWSSD_TZn,0.000000000000e+00
6682,14321,SEDSCRS_TZn,0.000000000000e+00
6682,14322,AREA,0.000000000000e+00
6682,14322,PREC,0.000000000000e+00
6682,14322,SURO,0.000000000000e+00
6682,14322,IFWO,0.000000000000e+00
6682,14322,AGWO,0.000000000000e+00
6682,14322,PERO,0.000000000000e+00
6682,14322,TAET,0.000000000000e+00
6682,14322,SEDLOAD,0.000000000000e+00
6682,14322,SEDWSSD, 0.00000e+00
6682,14322,SEDSCRS, 0.00000e+00
6682,14322,SEDSURO, 0.00000e+00
6682,14322,SEDIFWO, 0.00000e+00
6682,14322,SEDAGWO, 0.00000e+00
6682,14322,SO_TN,0.000000000000e+00
6682,14322,IO_TN,0.000000000000e+00
6682,14322,AO_TN,0.000000000000e+00
6682,14322,PO_TN,0.000000000000e+00
6682,14322,SO_TP,0.000000000000e+00
6682,14322,IO_TP,0.000000000000e+00
6682,14322,AO_TP,0.000000000000e+00
6682,14322,PO_TP,0.000000000000e+00
6682,14322,SED_TP,0.000000000000e+00
6682,14322,SEDWSSD_TP,0.000000000000e+00
6682,14322,SEDSCRS_TP,0.000000000000e+00
6682,14322,SO_TCd,0.000000000000e+00
6682,14322,IO_TCd,0.000000000000e+00
6682,14322,AO_TCd,0.000000000000e+00
6682,14322,PO_TCd,0.000000000000e+00
6682,14322,SED_TCd,0.000000000000e+00
6682,14322,SEDWSSD_TCd,0.000000000000e+00
6682,14322,SEDSCRS_TCd,0.000000000000e+00
6682,14322,SO_TCu,0.000000000000e+00
6682,14322,IO_TCu,0.000000000000e+00
6682,14322,AO_TCu,0.000000000000e+00
6682,14322,PO_TCu,0.000000000000e+00
6682,14322,SED_TCu,0.000000000000e+00
6682,14322,SEDWSSD_TCu,0.000000000000e+00
6682,14322,SEDSCRS_TCu,0.000000000000e+00
6682,14322,SO_TPb,0.000000000000e+00
6682,14322,IO_TPb,0.000000000000e+00
6682,14322,AO_TPb,0.000000000000e+00
6682,14322,PO_TPb,0.000000000000e+00
6682,14322,SED_TPb,0.000000000000e+00
6682,14322,SEDWSSD_TPb,0.000000000000e+00
6682,14322,SEDSCRS_TPb,0.000000000000e+00
6682,14322,SO_TZn,0.000000000000e+00
6682,14322,IO_TZn,0.000000000000e+00
6682,14322,AO_TZn,0.000000000000e+00
6682,14322,PO_TZn,0.000000000000e+00
6682,14322,SED_TZn,0.000000000000e+00
6682,14322,SEDWSSD_TZn,0.000000000000e+00
6682,14322,SEDSCRS_TZn,0.000000000000e+00
6682,14331,AREA,0.000000000000e+00
6682,14331,PREC,0.000000000000e+00
6682,14331,SURO,0.000000000000e+00
6682,14331,IFWO,0.000000000000e+00
6682,14331,AGWO,0.000000000000e+00
6682,14331,PERO,0.000000000000e+00
6682,14331,TAET,0.000000000000e+00
6682,14331,SEDLOAD,0.000000000000e+00
6682,14331,SEDWSSD, 0.00000e+00
6682,14331,SEDSCRS, 0.00000e+00
6682,14331,SEDSURO, 0.00000e+00
6682,14331,SEDIFWO, 0.00000e+00
6682,14331,SEDAGWO, 0.00000e+00
6682,14331,SO_TN,0.000000000000e+00
6682,14331,IO_TN,0.000000000000e+00
6682,14331,AO_TN,0.000000000000e+00
6682,14331,PO_TN,0.000000000000e+00
6682,14331,SO_TP,0.000000000000e+00
6682,14331,IO_TP,0.000000000000e+00
6682,14331,AO_TP,0.000000000000e+00
6682,14331,PO_TP,0.000000000000e+00
6682,14331,SED_TP,0.000000000000e+00
6682,14331,SEDWSSD_TP,0.000000000000e+00
6682,14331,SEDSCRS_TP,0.000000000000e+00
6682,14331,SO_TCd,0.000000000000e+00
6682,14331,IO_TCd,0.000000000000e+00
6682,14331,AO_TCd,0.000000000000e+00
6682,14331,PO_TCd,0.000000000000e+00
6682,14331,SED_TCd,0.000000000000e+00
6682,14331,SEDWSSD_TCd,0.000000000000e+00
6682,14331,SEDSCRS_TCd,0.000000000000e+00
6682,14331,SO_TCu,0.000000000000e+00
6682,14331,IO_TCu,0.000000000000e+00
6682,14331,AO_TCu,0.000000000000e+00
6682,14331,PO_TCu,0.000000000000e+00
6682,14331,SED_TCu,0.000000000000e+00
6682,14331,SEDWSSD_TCu,0.000000000000e+00
6682,14331,SEDSCRS_TCu,0.000000000000e+00
6682,14331,SO_TPb,0.000000000000e+00
6682,14331,IO_TPb,0.000000000000e+00
6682,14331,AO_TPb,0.000000000000e+00
6682,14331,PO_TPb,0.000000000000e+00
6682,14331,SED_TPb,0.000000000000e+00
6682,14331,SEDWSSD_TPb,0.000000000000e+00
6682,14331,SEDSCRS_TPb,0.000000000000e+00
6682,14331,SO_TZn,0.000000000000e+00
6682,14331,IO_TZn,0.000000000000e+00
6682,14331,AO_TZn,0.000000000000e+00
6682,14331,PO_TZn,0.000000000000e+00
6682,14331,SED_TZn,0.000000000000e+00
6682,14331,SEDWSSD_TZn,0.000000000000e+00
6682,14331,SEDSCRS_TZn,0.000000000000e+00
6682,14332,AREA,0.000000000000e+00
6682,14332,PREC,0.000000000000e+00
6682,14332,SURO,0.000000000000e+00
6682,14332,IFWO,0.000000000000e+00
6682,14332,AGWO,0.000000000000e+00
6682,14332,PERO,0.000000000000e+00
6682,14332,TAET,0.000000000000e+00
6682,14332,SEDLOAD,0.000000000000e+00
6682,14332,SEDWSSD, 0.00000e+00
6682,14332,SEDSCRS, 0.00000e+00
6682,14332,SEDSURO, 0.00000e+00
6682,14332,SEDIFWO, 0.00000e+00
6682,14332,SEDAGWO, 0.00000e+00
6682,14332,SO_TN,0.000000000000e+00
6682,14332,IO_TN,0.000000000000e+00
6682,14332,AO_TN,0.000000000000e+00
6682,14332,PO_TN,0.000000000000e+00
6682,14332,SO_TP,0.000000000000e+00
6682,14332,IO_TP,0.000000000000e+00
6682,14332,AO_TP,0.000000000000e+00
6682,14332,PO_TP,0.000000000000e+00
6682,14332,SED_TP,0.000000000000e+00
6682,14332,SEDWSSD_TP,0.000000000000e+00
6682,14332,SEDSCRS_TP,0.000000000000e+00
6682,14332,SO_TCd,0.000000000000e+00
6682,14332,IO_TCd,0.000000000000e+00
6682,14332,AO_TCd,0.000000000000e+00
6682,14332,PO_TCd,0.000000000000e+00
6682,14332,SED_TCd,0.000000000000e+00
6682,14332,SEDWSSD_TCd,0.000000000000e+00
6682,14332,SEDSCRS_TCd,0.000000000000e+00
6682,14332,SO_TCu,0.000000000000e+00
6682,14332,IO_TCu,0.000000000000e+00
6682,14332,AO_TCu,0.000000000000e+00
6682,14332,PO_TCu,0.000000000000e+00
6682,14332,SED_TCu,0.000000000000e+00
6682,14332,SEDWSSD_TCu,0.000000000000e+00
6682,14332,SEDSCRS_TCu,0.000000000000e+00
6682,14332,SO_TPb,0.000000000000e+00
6682,14332,IO_TPb,0.000000000000e+00
6682,14332,AO_TPb,0.000000000000e+00
6682,14332,PO_TPb,0.000000000000e+00
6682,14332,SED_TPb,0.000000000000e+00
6682,14332,SEDWSSD_TPb,0.000000000000e+00
6682,14332,SEDSCRS_TPb,0.000000000000e+00
6682,14332,SO_TZn,0.000000000000e+00
6682,14332,IO_TZn,0.000000000000e+00
6682,14332,AO_TZn,0.000000000000e+00
6682,14332,PO_TZn,0.000000000000e+00
6682,14332,SED_TZn,0.000000000000e+00
6682,14332,SEDWSSD_TZn,0.000000000000e+00
6682,14332,SEDSCRS_TZn,0.000000000000e+00
6682,14421,AREA,0.000000000000e+00
6682,14421,PREC,0.000000000000e+00
6682,14421,SURO,0.000000000000e+00
6682,14421,IFWO,0.000000000000e+00
6682,14421,AGWO,0.000000000000e+00
6682,14421,PERO,0.000000000000e+00
6682,14421,TAET,0.000000000000e+00
6682,14421,SEDLOAD,0.000000000000e+00
6682,14421,SEDWSSD, 0.00000e+00
6682,14421,SEDSCRS, 0.00000e+00
6682,14421,SEDSURO, 0.00000e+00
6682,14421,SEDIFWO, 0.00000e+00
6682,14421,SEDAGWO, 0.00000e+00
6682,14421,SO_TN,0.000000000000e+00
6682,14421,IO_TN,0.000000000000e+00
6682,14421,AO_TN,0.000000000000e+00
6682,14421,PO_TN,0.000000000000e+00
6682,14421,SO_TP,0.000000000000e+00
6682,14421,IO_TP,0.000000000000e+00
6682,14421,AO_TP,0.000000000000e+00
6682,14421,PO_TP,0.000000000000e+00
6682,14421,SED_TP,0.000000000000e+00
6682,14421,SEDWSSD_TP,0.000000000000e+00
6682,14421,SEDSCRS_TP,0.000000000000e+00
6682,14421,SO_TCd,0.000000000000e+00
6682,14421,IO_TCd,0.000000000000e+00
6682,14421,AO_TCd,0.000000000000e+00
6682,14421,PO_TCd,0.000000000000e+00
6682,14421,SED_TCd,0.000000000000e+00
6682,14421,SEDWSSD_TCd,0.000000000000e+00
6682,14421,SEDSCRS_TCd,0.000000000000e+00
6682,14421,SO_TCu,0.000000000000e+00
6682,14421,IO_TCu,0.000000000000e+00
6682,14421,AO_TCu,0.000000000000e+00
6682,14421,PO_TCu,0.000000000000e+00
6682,14421,SED_TCu,0.000000000000e+00
6682,14421,SEDWSSD_TCu,0.000000000000e+00
6682,14421,SEDSCRS_TCu,0.000000000000e+00
6682,14421,SO_TPb,0.000000000000e+00
6682,14421,IO_TPb,0.000000000000e+00
6682,14421,AO_TPb,0.000000000000e+00
6682,14421,PO_TPb,0.000000000000e+00
6682,14421,SED_TPb,0.000000000000e+00
6682,14421,SEDWSSD_TPb,0.000000000000e+00
6682,14421,SEDSCRS_TPb,0.000000000000e+00
6682,14421,SO_TZn,0.000000000000e+00
6682,14421,IO_TZn,0.000000000000e+00
6682,14421,AO_TZn,0.000000000000e+00
6682,14421,PO_TZn,0.000000000000e+00
6682,14421,SED_TZn,0.000000000000e+00
6682,14421,SEDWSSD_TZn,0.000000000000e+00
6682,14421,SEDSCRS_TZn,0.000000000000e+00
6682,14422,AREA,3.121924099996e+01
6682,14422,PREC,3.304728651973e+02
6682,14422,SURO,3.393441858010e+00
6682,14422,IFWO,1.168818034704e+00
6682,14422,AGWO,2.067376193076e+00
6682,14422,PERO,6.629636085790e+00
6682,14422,TAET,3.209930658233e+02
6682,14422,SEDLOAD,3.135897567161e-01
6682,14422,SEDWSSD, 1.66576e-01
6682,14422,SEDSCRS, 1.46648e-01
6682,14422,SEDSURO, 0.00000e+00
6682,14422,SEDIFWO, 1.32435e-04
6682,14422,SEDAGWO, 2.34247e-04
6682,14422,SO_TN,1.494453402799e+00
6682,14422,IO_TN,2.648699978634e-01
6682,14422,AO_TN,1.405486341546e-01
6682,14422,PO_TN,1.899872034817e+00
6682,14422,SO_TP,6.264461489256e-01
6682,14422,IO_TP,5.297399957267e-02
6682,14422,AO_TP,9.369908943640e-02
6682,14422,PO_TP,7.731192379346e-01
6682,14422,SED_TP,6.264461489256e-01
6682,14422,SEDWSSD_TP,3.331511329917e-01
6682,14422,SEDSCRS_TP,2.932950159338e-01
6682,14422,SO_TCd,3.132230744628e-04
6682,14422,IO_TCd,0.000000000000e+00
6682,14422,AO_TCd,0.000000000000e+00
6682,14422,PO_TCd,3.132230744628e-04
6682,14422,SED_TCd,3.132230744628e-04
6682,14422,SEDWSSD_TCd,1.665755664959e-04
6682,14422,SEDSCRS_TCd,1.466475079669e-04
6682,14422,SO_TCu,3.132230744628e-02
6682,14422,IO_TCu,0.000000000000e+00
6682,14422,AO_TCu,0.000000000000e+00
6682,14422,PO_TCu,3.132230744628e-02
6682,14422,SED_TCu,3.132230744628e-02
6682,14422,SEDWSSD_TCu,1.665755664959e-02
6682,14422,SEDSCRS_TCu,1.466475079669e-02
6682,14422,SO_TPb,3.132230744628e-03
6682,14422,IO_TPb,0.000000000000e+00
6682,14422,AO_TPb,0.000000000000e+00
6682,14422,PO_TPb,3.132230744628e-03
6682,14422,SED_TPb,3.132230744628e-03
6682,14422,SEDWSSD_TPb,1.665755664959e-03
6682,14422,SEDSCRS_TPb,1.466475079669e-03
6682,14422,SO_TZn,2.255206136132e-01
6682,14422,IO_TZn,0.000000000000e+00
6682,14422,AO_TZn,2.342477235910e-02
6682,14422,PO_TZn,2.489453859723e-01
6682,14422,SED_TZn,2.255206136132e-01
6682,14422,SEDWSSD_TZn,1.199344078770e-01
6682,14422,SEDSCRS_TZn,1.055862057362e-01
6682,14431,AREA,0.000000000000e+00
6682,14431,PREC,0.000000000000e+00
6682,14431,SURO,0.000000000000e+00
6682,14431,IFWO,0.000000000000e+00
6682,14431,AGWO,0.000000000000e+00
6682,14431,PERO,0.000000000000e+00
6682,14431,TAET,0.000000000000e+00
6682,14431,SEDLOAD,0.000000000000e+00
6682,14431,SEDWSSD, 0.00000e+00
6682,14431,SEDSCRS, 0.00000e+00
6682,14431,SEDSURO, 0.00000e+00
6682,14431,SEDIFWO, 0.00000e+00
6682,14431,SEDAGWO, 0.00000e+00
6682,14431,SO_TN,0.000000000000e+00
6682,14431,IO_TN,0.000000000000e+00
6682,14431,AO_TN,0.000000000000e+00
6682,14431,PO_TN,0.000000000000e+00
6682,14431,SO_TP,0.000000000000e+00
6682,14431,IO_TP,0.000000000000e+00
6682,14431,AO_TP,0.000000000000e+00
6682,14431,PO_TP,0.000000000000e+00
6682,14431,SED_TP,0.000000000000e+00
6682,14431,SEDWSSD_TP,0.000000000000e+00
6682,14431,SEDSCRS_TP,0.000000000000e+00
6682,14431,SO_TCd,0.000000000000e+00
6682,14431,IO_TCd,0.000000000000e+00
6682,14431,AO_TCd,0.000000000000e+00
6682,14431,PO_TCd,0.000000000000e+00
6682,14431,SED_TCd,0.000000000000e+00
6682,14431,SEDWSSD_TCd,0.000000000000e+00
6682,14431,SEDSCRS_TCd,0.000000000000e+00
6682,14431,SO_TCu,0.000000000000e+00
6682,14431,IO_TCu,0.000000000000e+00
6682,14431,AO_TCu,0.000000000000e+00
6682,14431,PO_TCu,0.000000000000e+00
6682,14431,SED_TCu,0.000000000000e+00
6682,14431,SEDWSSD_TCu,0.000000000000e+00
6682,14431,SEDSCRS_TCu,0.000000000000e+00
6682,14431,SO_TPb,0.000000000000e+00
6682,14431,IO_TPb,0.000000000000e+00
6682,14431,AO_TPb,0.000000000000e+00
6682,14431,PO_TPb,0.000000000000e+00
6682,14431,SED_TPb,0.000000000000e+00
6682,14431,SEDWSSD_TPb,0.000000000000e+00
6682,14431,SEDSCRS_TPb,0.000000000000e+00
6682,14431,SO_TZn,0.000000000000e+00
6682,14431,IO_TZn,0.000000000000e+00
6682,14431,AO_TZn,0.000000000000e+00
6682,14431,PO_TZn,0.000000000000e+00
6682,14431,SED_TZn,0.000000000000e+00
6682,14431,SEDWSSD_TZn,0.000000000000e+00
6682,14431,SEDSCRS_TZn,0.000000000000e+00
6682,14432,AREA,0.000000000000e+00
6682,14432,PREC,0.000000000000e+00
6682,14432,SURO,0.000000000000e+00
6682,14432,IFWO,0.000000000000e+00
6682,14432,AGWO,0.000000000000e+00
6682,14432,PERO,0.000000000000e+00
6682,14432,TAET,0.000000000000e+00
6682,14432,SEDLOAD,0.000000000000e+00
6682,14432,SEDWSSD, 0.00000e+00
6682,14432,SEDSCRS, 0.00000e+00
6682,14432,SEDSURO, 0.00000e+00
6682,14432,SEDIFWO, 0.00000e+00
6682,14432,SEDAGWO, 0.00000e+00
6682,14432,SO_TN,0.000000000000e+00
6682,14432,IO_TN,0.000000000000e+00
6682,14432,AO_TN,0.000000000000e+00
6682,14432,PO_TN,0.000000000000e+00
6682,14432,SO_TP,0.000000000000e+00
6682,14432,IO_TP,0.000000000000e+00
6682,14432,AO_TP,0.000000000000e+00
6682,14432,PO_TP,0.000000000000e+00
6682,14432,SED_TP,0.000000000000e+00
6682,14432,SEDWSSD_TP,0.000000000000e+00
6682,14432,SEDSCRS_TP,0.000000000000e+00
6682,14432,SO_TCd,0.000000000000e+00
6682,14432,IO_TCd,0.000000000000e+00
6682,14432,AO_TCd,0.000000000000e+00
6682,14432,PO_TCd,0.000000000000e+00
6682,14432,SED_TCd,0.000000000000e+00
6682,14432,SEDWSSD_TCd,0.000000000000e+00
6682,14432,SEDSCRS_TCd,0.000000000000e+00
6682,14432,SO_TCu,0.000000000000e+00
6682,14432,IO_TCu,0.000000000000e+00
6682,14432,AO_TCu,0.000000000000e+00
6682,14432,PO_TCu,0.000000000000e+00
6682,14432,SED_TCu,0.000000000000e+00
6682,14432,SEDWSSD_TCu,0.000000000000e+00
6682,14432,SEDSCRS_TCu,0.000000000000e+00
6682,14432,SO_TPb,0.000000000000e+00
6682,14432,IO_TPb,0.000000000000e+00
6682,14432,AO_TPb,0.000000000000e+00
6682,14432,PO_TPb,0.000000000000e+00
6682,14432,SED_TPb,0.000000000000e+00
6682,14432,SEDWSSD_TPb,0.000000000000e+00
6682,14432,SEDSCRS_TPb,0.000000000000e+00
6682,14432,SO_TZn,0.000000000000e+00
6682,14432,IO_TZn,0.000000000000e+00
6682,14432,AO_TZn,0.000000000000e+00
6682,14432,PO_TZn,0.000000000000e+00
6682,14432,SED_TZn,0.000000000000e+00
6682,14432,SEDWSSD_TZn,0.000000000000e+00
6682,14432,SEDSCRS_TZn,0.000000000000e+00
6682,15121,AREA,0.000000000000e+00
6682,15121,PREC,0.000000000000e+00
6682,15121,SURO,0.000000000000e+00
6682,15121,IFWO,0.000000000000e+00
6682,15121,AGWO,0.000000000000e+00
6682,15121,PERO,0.000000000000e+00
6682,15121,TAET,0.000000000000e+00
6682,15121,SEDLOAD,0.000000000000e+00
6682,15121,SEDWSSD, 0.00000e+00
6682,15121,SEDSCRS, 0.00000e+00
6682,15121,SEDSURO, 0.00000e+00
6682,15121,SEDIFWO, 0.00000e+00
6682,15121,SEDAGWO, 0.00000e+00
6682,15121,SO_TN,0.000000000000e+00
6682,15121,IO_TN,0.000000000000e+00
6682,15121,AO_TN,0.000000000000e+00
6682,15121,PO_TN,0.000000000000e+00
6682,15121,SO_TP,0.000000000000e+00
6682,15121,IO_TP,0.000000000000e+00
6682,15121,AO_TP,0.000000000000e+00
6682,15121,PO_TP,0.000000000000e+00
6682,15121,SED_TP,0.000000000000e+00
6682,15121,SEDWSSD_TP,0.000000000000e+00
6682,15121,SEDSCRS_TP,0.000000000000e+00
6682,15121,SO_TCd,0.000000000000e+00
6682,15121,IO_TCd,0.000000000000e+00
6682,15121,AO_TCd,0.000000000000e+00
6682,15121,PO_TCd,0.000000000000e+00
6682,15121,SED_TCd,0.000000000000e+00
6682,15121,SEDWSSD_TCd,0.000000000000e+00
6682,15121,SEDSCRS_TCd,0.000000000000e+00
6682,15121,SO_TCu,0.000000000000e+00
6682,15121,IO_TCu,0.000000000000e+00
6682,15121,AO_TCu,0.000000000000e+00
6682,15121,PO_TCu,0.000000000000e+00
6682,15121,SED_TCu,0.000000000000e+00
6682,15121,SEDWSSD_TCu,0.000000000000e+00
6682,15121,SEDSCRS_TCu,0.000000000000e+00
6682,15121,SO_TPb,0.000000000000e+00
6682,15121,IO_TPb,0.000000000000e+00
6682,15121,AO_TPb,0.000000000000e+00
6682,15121,PO_TPb,0.000000000000e+00
6682,15121,SED_TPb,0.000000000000e+00
6682,15121,SEDWSSD_TPb,0.000000000000e+00
6682,15121,SEDSCRS_TPb,0.000000000000e+00
6682,15121,SO_TZn,0.000000000000e+00
6682,15121,IO_TZn,0.000000000000e+00
6682,15121,AO_TZn,0.000000000000e+00
6682,15121,PO_TZn,0.000000000000e+00
6682,15121,SED_TZn,0.000000000000e+00
6682,15121,SEDWSSD_TZn,0.000000000000e+00
6682,15121,SEDSCRS_TZn,0.000000000000e+00
6682,15122,AREA,0.000000000000e+00
6682,15122,PREC,0.000000000000e+00
6682,15122,SURO,0.000000000000e+00
6682,15122,IFWO,0.000000000000e+00
6682,15122,AGWO,0.000000000000e+00
6682,15122,PERO,0.000000000000e+00
6682,15122,TAET,0.000000000000e+00
6682,15122,SEDLOAD,0.000000000000e+00
6682,15122,SEDWSSD, 0.00000e+00
6682,15122,SEDSCRS, 0.00000e+00
6682,15122,SEDSURO, 0.00000e+00
6682,15122,SEDIFWO, 0.00000e+00
6682,15122,SEDAGWO, 0.00000e+00
6682,15122,SO_TN,0.000000000000e+00
6682,15122,IO_TN,0.000000000000e+00
6682,15122,AO_TN,0.000000000000e+00
6682,15122,PO_TN,0.000000000000e+00
6682,15122,SO_TP,0.000000000000e+00
6682,15122,IO_TP,0.000000000000e+00
6682,15122,AO_TP,0.000000000000e+00
6682,15122,PO_TP,0.000000000000e+00
6682,15122,SED_TP,0.000000000000e+00
6682,15122,SEDWSSD_TP,0.000000000000e+00
6682,15122,SEDSCRS_TP,0.000000000000e+00
6682,15122,SO_TCd,0.000000000000e+00
6682,15122,IO_TCd,0.000000000000e+00
6682,15122,AO_TCd,0.000000000000e+00
6682,15122,PO_TCd,0.000000000000e+00
6682,15122,SED_TCd,0.000000000000e+00
6682,15122,SEDWSSD_TCd,0.000000000000e+00
6682,15122,SEDSCRS_TCd,0.000000000000e+00
6682,15122,SO_TCu,0.000000000000e+00
6682,15122,IO_TCu,0.000000000000e+00
6682,15122,AO_TCu,0.000000000000e+00
6682,15122,PO_TCu,0.000000000000e+00
6682,15122,SED_TCu,0.000000000000e+00
6682,15122,SEDWSSD_TCu,0.000000000000e+00
6682,15122,SEDSCRS_TCu,0.000000000000e+00
6682,15122,SO_TPb,0.000000000000e+00
6682,15122,IO_TPb,0.000000000000e+00
6682,15122,AO_TPb,0.000000000000e+00
6682,15122,PO_TPb,0.000000000000e+00
6682,15122,SED_TPb,0.000000000000e+00
6682,15122,SEDWSSD_TPb,0.000000000000e+00
6682,15122,SEDSCRS_TPb,0.000000000000e+00
6682,15122,SO_TZn,0.000000000000e+00
6682,15122,IO_TZn,0.000000000000e+00
6682,15122,AO_TZn,0.000000000000e+00
6682,15122,PO_TZn,0.000000000000e+00
6682,15122,SED_TZn,0.000000000000e+00
6682,15122,SEDWSSD_TZn,0.000000000000e+00
6682,15122,SEDSCRS_TZn,0.000000000000e+00
6682,15131,AREA,0.000000000000e+00
6682,15131,PREC,0.000000000000e+00
6682,15131,SURO,0.000000000000e+00
6682,15131,IFWO,0.000000000000e+00
6682,15131,AGWO,0.000000000000e+00
6682,15131,PERO,0.000000000000e+00
6682,15131,TAET,0.000000000000e+00
6682,15131,SEDLOAD,0.000000000000e+00
6682,15131,SEDWSSD, 0.00000e+00
6682,15131,SEDSCRS, 0.00000e+00
6682,15131,SEDSURO, 0.00000e+00
6682,15131,SEDIFWO, 0.00000e+00
6682,15131,SEDAGWO, 0.00000e+00
6682,15131,SO_TN,0.000000000000e+00
6682,15131,IO_TN,0.000000000000e+00
6682,15131,AO_TN,0.000000000000e+00
6682,15131,PO_TN,0.000000000000e+00
6682,15131,SO_TP,0.000000000000e+00
6682,15131,IO_TP,0.000000000000e+00
6682,15131,AO_TP,0.000000000000e+00
6682,15131,PO_TP,0.000000000000e+00
6682,15131,SED_TP,0.000000000000e+00
6682,15131,SEDWSSD_TP,0.000000000000e+00
6682,15131,SEDSCRS_TP,0.000000000000e+00
6682,15131,SO_TCd,0.000000000000e+00
6682,15131,IO_TCd,0.000000000000e+00
6682,15131,AO_TCd,0.000000000000e+00
6682,15131,PO_TCd,0.000000000000e+00
6682,15131,SED_TCd,0.000000000000e+00
6682,15131,SEDWSSD_TCd,0.000000000000e+00
6682,15131,SEDSCRS_TCd,0.000000000000e+00
6682,15131,SO_TCu,0.000000000000e+00
6682,15131,IO_TCu,0.000000000000e+00
6682,15131,AO_TCu,0.000000000000e+00
6682,15131,PO_TCu,0.000000000000e+00
6682,15131,SED_TCu,0.000000000000e+00
6682,15131,SEDWSSD_TCu,0.000000000000e+00
6682,15131,SEDSCRS_TCu,0.000000000000e+00
6682,15131,SO_TPb,0.000000000000e+00
6682,15131,IO_TPb,0.000000000000e+00
6682,15131,AO_TPb,0.000000000000e+00
6682,15131,PO_TPb,0.000000000000e+00
6682,15131,SED_TPb,0.000000000000e+00
6682,15131,SEDWSSD_TPb,0.000000000000e+00
6682,15131,SEDSCRS_TPb,0.000000000000e+00
6682,15131,SO_TZn,0.000000000000e+00
6682,15131,IO_TZn,0.000000000000e+00
6682,15131,AO_TZn,0.000000000000e+00
6682,15131,PO_TZn,0.000000000000e+00
6682,15131,SED_TZn,0.000000000000e+00
6682,15131,SEDWSSD_TZn,0.000000000000e+00
6682,15131,SEDSCRS_TZn,0.000000000000e+00
6682,15132,AREA,0.000000000000e+00
6682,15132,PREC,0.000000000000e+00
6682,15132,SURO,0.000000000000e+00
6682,15132,IFWO,0.000000000000e+00
6682,15132,AGWO,0.000000000000e+00
6682,15132,PERO,0.000000000000e+00
6682,15132,TAET,0.000000000000e+00
6682,15132,SEDLOAD,0.000000000000e+00
6682,15132,SEDWSSD, 0.00000e+00
6682,15132,SEDSCRS, 0.00000e+00
6682,15132,SEDSURO, 0.00000e+00
6682,15132,SEDIFWO, 0.00000e+00
6682,15132,SEDAGWO, 0.00000e+00
6682,15132,SO_TN,0.000000000000e+00
6682,15132,IO_TN,0.000000000000e+00
6682,15132,AO_TN,0.000000000000e+00
6682,15132,PO_TN,0.000000000000e+00
6682,15132,SO_TP,0.000000000000e+00
6682,15132,IO_TP,0.000000000000e+00
6682,15132,AO_TP,0.000000000000e+00
6682,15132,PO_TP,0.000000000000e+00
6682,15132,SED_TP,0.000000000000e+00
6682,15132,SEDWSSD_TP,0.000000000000e+00
6682,15132,SEDSCRS_TP,0.000000000000e+00
6682,15132,SO_TCd,0.000000000000e+00
6682,15132,IO_TCd,0.000000000000e+00
6682,15132,AO_TCd,0.000000000000e+00
6682,15132,PO_TCd,0.000000000000e+00
6682,15132,SED_TCd,0.000000000000e+00
6682,15132,SEDWSSD_TCd,0.000000000000e+00
6682,15132,SEDSCRS_TCd,0.000000000000e+00
6682,15132,SO_TCu,0.000000000000e+00
6682,15132,IO_TCu,0.000000000000e+00
6682,15132,AO_TCu,0.000000000000e+00
6682,15132,PO_TCu,0.000000000000e+00
6682,15132,SED_TCu,0.000000000000e+00
6682,15132,SEDWSSD_TCu,0.000000000000e+00
6682,15132,SEDSCRS_TCu,0.000000000000e+00
6682,15132,SO_TPb,0.000000000000e+00
6682,15132,IO_TPb,0.000000000000e+00
6682,15132,AO_TPb,0.000000000000e+00
6682,15132,PO_TPb,0.000000000000e+00
6682,15132,SED_TPb,0.000000000000e+00
6682,15132,SEDWSSD_TPb,0.000000000000e+00
6682,15132,SEDSCRS_TPb,0.000000000000e+00
6682,15132,SO_TZn,0.000000000000e+00
6682,15132,IO_TZn,0.000000000000e+00
6682,15132,AO_TZn,0.000000000000e+00
6682,15132,PO_TZn,0.000000000000e+00
6682,15132,SED_TZn,0.000000000000e+00
6682,15132,SEDWSSD_TZn,0.000000000000e+00
6682,15132,SEDSCRS_TZn,0.000000000000e+00
6682,15221,AREA,0.000000000000e+00
6682,15221,PREC,0.000000000000e+00
6682,15221,SURO,0.000000000000e+00
6682,15221,IFWO,0.000000000000e+00
6682,15221,AGWO,0.000000000000e+00
6682,15221,PERO,0.000000000000e+00
6682,15221,TAET,0.000000000000e+00
6682,15221,SEDLOAD,0.000000000000e+00
6682,15221,SEDWSSD, 0.00000e+00
6682,15221,SEDSCRS, 0.00000e+00
6682,15221,SEDSURO, 0.00000e+00
6682,15221,SEDIFWO, 0.00000e+00
6682,15221,SEDAGWO, 0.00000e+00
6682,15221,SO_TN,0.000000000000e+00
6682,15221,IO_TN,0.000000000000e+00
6682,15221,AO_TN,0.000000000000e+00
6682,15221,PO_TN,0.000000000000e+00
6682,15221,SO_TP,0.000000000000e+00
6682,15221,IO_TP,0.000000000000e+00
6682,15221,AO_TP,0.000000000000e+00
6682,15221,PO_TP,0.000000000000e+00
6682,15221,SED_TP,0.000000000000e+00
6682,15221,SEDWSSD_TP,0.000000000000e+00
6682,15221,SEDSCRS_TP,0.000000000000e+00
6682,15221,SO_TCd,0.000000000000e+00
6682,15221,IO_TCd,0.000000000000e+00
6682,15221,AO_TCd,0.000000000000e+00
6682,15221,PO_TCd,0.000000000000e+00
6682,15221,SED_TCd,0.000000000000e+00
6682,15221,SEDWSSD_TCd,0.000000000000e+00
6682,15221,SEDSCRS_TCd,0.000000000000e+00
6682,15221,SO_TCu,0.000000000000e+00
6682,15221,IO_TCu,0.000000000000e+00
6682,15221,AO_TCu,0.000000000000e+00
6682,15221,PO_TCu,0.000000000000e+00
6682,15221,SED_TCu,0.000000000000e+00
6682,15221,SEDWSSD_TCu,0.000000000000e+00
6682,15221,SEDSCRS_TCu,0.000000000000e+00
6682,15221,SO_TPb,0.000000000000e+00
6682,15221,IO_TPb,0.000000000000e+00
6682,15221,AO_TPb,0.000000000000e+00
6682,15221,PO_TPb,0.000000000000e+00
6682,15221,SED_TPb,0.000000000000e+00
6682,15221,SEDWSSD_TPb,0.000000000000e+00
6682,15221,SEDSCRS_TPb,0.000000000000e+00
6682,15221,SO_TZn,0.000000000000e+00
6682,15221,IO_TZn,0.000000000000e+00
6682,15221,AO_TZn,0.000000000000e+00
6682,15221,PO_TZn,0.000000000000e+00
6682,15221,SED_TZn,0.000000000000e+00
6682,15221,SEDWSSD_TZn,0.000000000000e+00
6682,15221,SEDSCRS_TZn,0.000000000000e+00
6682,15222,AREA,3.835826999996e+00
6682,15222,PREC,4.060434201751e+01
6682,15222,SURO,9.169926762301e-04
6682,15222,IFWO,2.208605439145e-03
6682,15222,AGWO,5.250805307076e-01
6682,15222,PERO,5.282061288229e-01
6682,15222,TAET,3.952895400062e+01
6682,15222,SEDLOAD,5.978311756964e-05
6682,15222,SEDWSSD, 3.70666e-08
6682,15222,SEDSCRS, 6.97276e-10
6682,15222,SEDSURO, 0.00000e+00
6682,15222,SEDIFWO, 2.50250e-07
6682,15222,SEDAGWO, 5.94951e-05
6682,15222,SO_TN,5.424422480027e-04
6682,15222,IO_TN,5.004999072382e-04
6682,15222,AO_TN,3.569710808283e-02
6682,15222,PO_TN,3.674005023807e-02
6682,15222,SO_TP,7.552784777936e-08
6682,15222,IO_TP,1.000999814476e-04
6682,15222,AO_TP,2.379807205522e-02
6682,15222,PO_TP,2.389824756452e-02
6682,15222,SED_TP,7.552784777936e-08
6682,15222,SEDWSSD_TP,7.413329664686e-08
6682,15222,SEDSCRS_TP,1.394551132497e-09
6682,15222,SO_TCd,3.776392388968e-11
6682,15222,IO_TCd,0.000000000000e+00
6682,15222,AO_TCd,0.000000000000e+00
6682,15222,PO_TCd,3.776392388968e-11
6682,15222,SED_TCd,3.776392388968e-11
6682,15222,SEDWSSD_TCd,3.706664832343e-11
6682,15222,SEDSCRS_TCd,6.972755662487e-13
6682,15222,SO_TCu,3.776392388968e-09
6682,15222,IO_TCu,0.000000000000e+00
6682,15222,AO_TCu,0.000000000000e+00
6682,15222,PO_TCu,3.776392388968e-09
6682,15222,SED_TCu,3.776392388968e-09
6682,15222,SEDWSSD_TCu,3.706664832343e-09
6682,15222,SEDSCRS_TCu,6.972755662487e-11
6682,15222,SO_TPb,3.776392388968e-10
6682,15222,IO_TPb,0.000000000000e+00
6682,15222,AO_TPb,0.000000000000e+00
6682,15222,PO_TPb,3.776392388968e-10
6682,15222,SED_TPb,3.776392388968e-10
6682,15222,SEDWSSD_TPb,3.706664832343e-10
6682,15222,SEDSCRS_TPb,6.972755662487e-12
6682,15222,SO_TZn,2.719002520057e-08
6682,15222,IO_TZn,0.000000000000e+00
6682,15222,AO_TZn,5.949518013806e-03
6682,15222,PO_TZn,5.949545203831e-03
6682,15222,SED_TZn,2.719002520057e-08
6682,15222,SEDWSSD_TZn,2.668798679287e-08
6682,15222,SEDSCRS_TZn,5.020384076990e-10
6682,15231,AREA,0.000000000000e+00
6682,15231,PREC,0.000000000000e+00
6682,15231,SURO,0.000000000000e+00
6682,15231,IFWO,0.000000000000e+00
6682,15231,AGWO,0.000000000000e+00
6682,15231,PERO,0.000000000000e+00
6682,15231,TAET,0.000000000000e+00
6682,15231,SEDLOAD,0.000000000000e+00
6682,15231,SEDWSSD, 0.00000e+00
6682,15231,SEDSCRS, 0.00000e+00
6682,15231,SEDSURO, 0.00000e+00
6682,15231,SEDIFWO, 0.00000e+00
6682,15231,SEDAGWO, 0.00000e+00
6682,15231,SO_TN,0.000000000000e+00
6682,15231,IO_TN,0.000000000000e+00
6682,15231,AO_TN,0.000000000000e+00
6682,15231,PO_TN,0.000000000000e+00
6682,15231,SO_TP,0.000000000000e+00
6682,15231,IO_TP,0.000000000000e+00
6682,15231,AO_TP,0.000000000000e+00
6682,15231,PO_TP,0.000000000000e+00
6682,15231,SED_TP,0.000000000000e+00
6682,15231,SEDWSSD_TP,0.000000000000e+00
6682,15231,SEDSCRS_TP,0.000000000000e+00
6682,15231,SO_TCd,0.000000000000e+00
6682,15231,IO_TCd,0.000000000000e+00
6682,15231,AO_TCd,0.000000000000e+00
6682,15231,PO_TCd,0.000000000000e+00
6682,15231,SED_TCd,0.000000000000e+00
6682,15231,SEDWSSD_TCd,0.000000000000e+00
6682,15231,SEDSCRS_TCd,0.000000000000e+00
6682,15231,SO_TCu,0.000000000000e+00
6682,15231,IO_TCu,0.000000000000e+00
6682,15231,AO_TCu,0.000000000000e+00
6682,15231,PO_TCu,0.000000000000e+00
6682,15231,SED_TCu,0.000000000000e+00
6682,15231,SEDWSSD_TCu,0.000000000000e+00
6682,15231,SEDSCRS_TCu,0.000000000000e+00
6682,15231,SO_TPb,0.000000000000e+00
6682,15231,IO_TPb,0.000000000000e+00
6682,15231,AO_TPb,0.000000000000e+00
6682,15231,PO_TPb,0.000000000000e+00
6682,15231,SED_TPb,0.000000000000e+00
6682,15231,SEDWSSD_TPb,0.000000000000e+00
6682,15231,SEDSCRS_TPb,0.000000000000e+00
6682,15231,SO_TZn,0.000000000000e+00
6682,15231,IO_TZn,0.000000000000e+00
6682,15231,AO_TZn,0.000000000000e+00
6682,15231,PO_TZn,0.000000000000e+00
6682,15231,SED_TZn,0.000000000000e+00
6682,15231,SEDWSSD_TZn,0.000000000000e+00
6682,15231,SEDSCRS_TZn,0.000000000000e+00
6682,15232,AREA,0.000000000000e+00
6682,15232,PREC,0.000000000000e+00
6682,15232,SURO,0.000000000000e+00
6682,15232,IFWO,0.000000000000e+00
6682,15232,AGWO,0.000000000000e+00
6682,15232,PERO,0.000000000000e+00
6682,15232,TAET,0.000000000000e+00
6682,15232,SEDLOAD,0.000000000000e+00
6682,15232,SEDWSSD, 0.00000e+00
6682,15232,SEDSCRS, 0.00000e+00
6682,15232,SEDSURO, 0.00000e+00
6682,15232,SEDIFWO, 0.00000e+00
6682,15232,SEDAGWO, 0.00000e+00
6682,15232,SO_TN,0.000000000000e+00
6682,15232,IO_TN,0.000000000000e+00
6682,15232,AO_TN,0.000000000000e+00
6682,15232,PO_TN,0.000000000000e+00
6682,15232,SO_TP,0.000000000000e+00
6682,15232,IO_TP,0.000000000000e+00
6682,15232,AO_TP,0.000000000000e+00
6682,15232,PO_TP,0.000000000000e+00
6682,15232,SED_TP,0.000000000000e+00
6682,15232,SEDWSSD_TP,0.000000000000e+00
6682,15232,SEDSCRS_TP,0.000000000000e+00
6682,15232,SO_TCd,0.000000000000e+00
6682,15232,IO_TCd,0.000000000000e+00
6682,15232,AO_TCd,0.000000000000e+00
6682,15232,PO_TCd,0.000000000000e+00
6682,15232,SED_TCd,0.000000000000e+00
6682,15232,SEDWSSD_TCd,0.000000000000e+00
6682,15232,SEDSCRS_TCd,0.000000000000e+00
6682,15232,SO_TCu,0.000000000000e+00
6682,15232,IO_TCu,0.000000000000e+00
6682,15232,AO_TCu,0.000000000000e+00
6682,15232,PO_TCu,0.000000000000e+00
6682,15232,SED_TCu,0.000000000000e+00
6682,15232,SEDWSSD_TCu,0.000000000000e+00
6682,15232,SEDSCRS_TCu,0.000000000000e+00
6682,15232,SO_TPb,0.000000000000e+00
6682,15232,IO_TPb,0.000000000000e+00
6682,15232,AO_TPb,0.000000000000e+00
6682,15232,PO_TPb,0.000000000000e+00
6682,15232,SED_TPb,0.000000000000e+00
6682,15232,SEDWSSD_TPb,0.000000000000e+00
6682,15232,SEDSCRS_TPb,0.000000000000e+00
6682,15232,SO_TZn,0.000000000000e+00
6682,15232,IO_TZn,0.000000000000e+00
6682,15232,AO_TZn,0.000000000000e+00
6682,15232,PO_TZn,0.000000000000e+00
6682,15232,SED_TZn,0.000000000000e+00
6682,15232,SEDWSSD_TZn,0.000000000000e+00
6682,15232,SEDSCRS_TZn,0.000000000000e+00
6682,15321,AREA,0.000000000000e+00
6682,15321,PREC,0.000000000000e+00
6682,15321,SURO,0.000000000000e+00
6682,15321,IFWO,0.000000000000e+00
6682,15321,AGWO,0.000000000000e+00
6682,15321,PERO,0.000000000000e+00
6682,15321,TAET,0.000000000000e+00
6682,15321,SEDLOAD,0.000000000000e+00
6682,15321,SEDWSSD, 0.00000e+00
6682,15321,SEDSCRS, 0.00000e+00
6682,15321,SEDSURO, 0.00000e+00
6682,15321,SEDIFWO, 0.00000e+00
6682,15321,SEDAGWO, 0.00000e+00
6682,15321,SO_TN,0.000000000000e+00
6682,15321,IO_TN,0.000000000000e+00
6682,15321,AO_TN,0.000000000000e+00
6682,15321,PO_TN,0.000000000000e+00
6682,15321,SO_TP,0.000000000000e+00
6682,15321,IO_TP,0.000000000000e+00
6682,15321,AO_TP,0.000000000000e+00
6682,15321,PO_TP,0.000000000000e+00
6682,15321,SED_TP,0.000000000000e+00
6682,15321,SEDWSSD_TP,0.000000000000e+00
6682,15321,SEDSCRS_TP,0.000000000000e+00
6682,15321,SO_TCd,0.000000000000e+00
6682,15321,IO_TCd,0.000000000000e+00
6682,15321,AO_TCd,0.000000000000e+00
6682,15321,PO_TCd,0.000000000000e+00
6682,15321,SED_TCd,0.000000000000e+00
6682,15321,SEDWSSD_TCd,0.000000000000e+00
6682,15321,SEDSCRS_TCd,0.000000000000e+00
6682,15321,SO_TCu,0.000000000000e+00
6682,15321,IO_TCu,0.000000000000e+00
6682,15321,AO_TCu,0.000000000000e+00
6682,15321,PO_TCu,0.000000000000e+00
6682,15321,SED_TCu,0.000000000000e+00
6682,15321,SEDWSSD_TCu,0.000000000000e+00
6682,15321,SEDSCRS_TCu,0.000000000000e+00
6682,15321,SO_TPb,0.000000000000e+00
6682,15321,IO_TPb,0.000000000000e+00
6682,15321,AO_TPb,0.000000000000e+00
6682,15321,PO_TPb,0.000000000000e+00
6682,15321,SED_TPb,0.000000000000e+00
6682,15321,SEDWSSD_TPb,0.000000000000e+00
6682,15321,SEDSCRS_TPb,0.000000000000e+00
6682,15321,SO_TZn,0.000000000000e+00
6682,15321,IO_TZn,0.000000000000e+00
6682,15321,AO_TZn,0.000000000000e+00
6682,15321,PO_TZn,0.000000000000e+00
6682,15321,SED_TZn,0.000000000000e+00
6682,15321,SEDWSSD_TZn,0.000000000000e+00
6682,15321,SEDSCRS_TZn,0.000000000000e+00
6682,15322,AREA,0.000000000000e+00
6682,15322,PREC,0.000000000000e+00
6682,15322,SURO,0.000000000000e+00
6682,15322,IFWO,0.000000000000e+00
6682,15322,AGWO,0.000000000000e+00
6682,15322,PERO,0.000000000000e+00
6682,15322,TAET,0.000000000000e+00
6682,15322,SEDLOAD,0.000000000000e+00
6682,15322,SEDWSSD, 0.00000e+00
6682,15322,SEDSCRS, 0.00000e+00
6682,15322,SEDSURO, 0.00000e+00
6682,15322,SEDIFWO, 0.00000e+00
6682,15322,SEDAGWO, 0.00000e+00
6682,15322,SO_TN,0.000000000000e+00
6682,15322,IO_TN,0.000000000000e+00
6682,15322,AO_TN,0.000000000000e+00
6682,15322,PO_TN,0.000000000000e+00
6682,15322,SO_TP,0.000000000000e+00
6682,15322,IO_TP,0.000000000000e+00
6682,15322,AO_TP,0.000000000000e+00
6682,15322,PO_TP,0.000000000000e+00
6682,15322,SED_TP,0.000000000000e+00
6682,15322,SEDWSSD_TP,0.000000000000e+00
6682,15322,SEDSCRS_TP,0.000000000000e+00
6682,15322,SO_TCd,0.000000000000e+00
6682,15322,IO_TCd,0.000000000000e+00
6682,15322,AO_TCd,0.000000000000e+00
6682,15322,PO_TCd,0.000000000000e+00
6682,15322,SED_TCd,0.000000000000e+00
6682,15322,SEDWSSD_TCd,0.000000000000e+00
6682,15322,SEDSCRS_TCd,0.000000000000e+00
6682,15322,SO_TCu,0.000000000000e+00
6682,15322,IO_TCu,0.000000000000e+00
6682,15322,AO_TCu,0.000000000000e+00
6682,15322,PO_TCu,0.000000000000e+00
6682,15322,SED_TCu,0.000000000000e+00
6682,15322,SEDWSSD_TCu,0.000000000000e+00
6682,15322,SEDSCRS_TCu,0.000000000000e+00
6682,15322,SO_TPb,0.000000000000e+00
6682,15322,IO_TPb,0.000000000000e+00
6682,15322,AO_TPb,0.000000000000e+00
6682,15322,PO_TPb,0.000000000000e+00
6682,15322,SED_TPb,0.000000000000e+00
6682,15322,SEDWSSD_TPb,0.000000000000e+00
6682,15322,SEDSCRS_TPb,0.000000000000e+00
6682,15322,SO_TZn,0.000000000000e+00
6682,15322,IO_TZn,0.000000000000e+00
6682,15322,AO_TZn,0.000000000000e+00
6682,15322,PO_TZn,0.000000000000e+00
6682,15322,SED_TZn,0.000000000000e+00
6682,15322,SEDWSSD_TZn,0.000000000000e+00
6682,15322,SEDSCRS_TZn,0.000000000000e+00
6682,15331,AREA,0.000000000000e+00
6682,15331,PREC,0.000000000000e+00
6682,15331,SURO,0.000000000000e+00
6682,15331,IFWO,0.000000000000e+00
6682,15331,AGWO,0.000000000000e+00
6682,15331,PERO,0.000000000000e+00
6682,15331,TAET,0.000000000000e+00
6682,15331,SEDLOAD,0.000000000000e+00
6682,15331,SEDWSSD, 0.00000e+00
6682,15331,SEDSCRS, 0.00000e+00
6682,15331,SEDSURO, 0.00000e+00
6682,15331,SEDIFWO, 0.00000e+00
6682,15331,SEDAGWO, 0.00000e+00
6682,15331,SO_TN,0.000000000000e+00
6682,15331,IO_TN,0.000000000000e+00
6682,15331,AO_TN,0.000000000000e+00
6682,15331,PO_TN,0.000000000000e+00
6682,15331,SO_TP,0.000000000000e+00
6682,15331,IO_TP,0.000000000000e+00
6682,15331,AO_TP,0.000000000000e+00
6682,15331,PO_TP,0.000000000000e+00
6682,15331,SED_TP,0.000000000000e+00
6682,15331,SEDWSSD_TP,0.000000000000e+00
6682,15331,SEDSCRS_TP,0.000000000000e+00
6682,15331,SO_TCd,0.000000000000e+00
6682,15331,IO_TCd,0.000000000000e+00
6682,15331,AO_TCd,0.000000000000e+00
6682,15331,PO_TCd,0.000000000000e+00
6682,15331,SED_TCd,0.000000000000e+00
6682,15331,SEDWSSD_TCd,0.000000000000e+00
6682,15331,SEDSCRS_TCd,0.000000000000e+00
6682,15331,SO_TCu,0.000000000000e+00
6682,15331,IO_TCu,0.000000000000e+00
6682,15331,AO_TCu,0.000000000000e+00
6682,15331,PO_TCu,0.000000000000e+00
6682,15331,SED_TCu,0.000000000000e+00
6682,15331,SEDWSSD_TCu,0.000000000000e+00
6682,15331,SEDSCRS_TCu,0.000000000000e+00
6682,15331,SO_TPb,0.000000000000e+00
6682,15331,IO_TPb,0.000000000000e+00
6682,15331,AO_TPb,0.000000000000e+00
6682,15331,PO_TPb,0.000000000000e+00
6682,15331,SED_TPb,0.000000000000e+00
6682,15331,SEDWSSD_TPb,0.000000000000e+00
6682,15331,SEDSCRS_TPb,0.000000000000e+00
6682,15331,SO_TZn,0.000000000000e+00
6682,15331,IO_TZn,0.000000000000e+00
6682,15331,AO_TZn,0.000000000000e+00
6682,15331,PO_TZn,0.000000000000e+00
6682,15331,SED_TZn,0.000000000000e+00
6682,15331,SEDWSSD_TZn,0.000000000000e+00
6682,15331,SEDSCRS_TZn,0.000000000000e+00
6682,15332,AREA,0.000000000000e+00
6682,15332,PREC,0.000000000000e+00
6682,15332,SURO,0.000000000000e+00
6682,15332,IFWO,0.000000000000e+00
6682,15332,AGWO,0.000000000000e+00
6682,15332,PERO,0.000000000000e+00
6682,15332,TAET,0.000000000000e+00
6682,15332,SEDLOAD,0.000000000000e+00
6682,15332,SEDWSSD, 0.00000e+00
6682,15332,SEDSCRS, 0.00000e+00
6682,15332,SEDSURO, 0.00000e+00
6682,15332,SEDIFWO, 0.00000e+00
6682,15332,SEDAGWO, 0.00000e+00
6682,15332,SO_TN,0.000000000000e+00
6682,15332,IO_TN,0.000000000000e+00
6682,15332,AO_TN,0.000000000000e+00
6682,15332,PO_TN,0.000000000000e+00
6682,15332,SO_TP,0.000000000000e+00
6682,15332,IO_TP,0.000000000000e+00
6682,15332,AO_TP,0.000000000000e+00
6682,15332,PO_TP,0.000000000000e+00
6682,15332,SED_TP,0.000000000000e+00
6682,15332,SEDWSSD_TP,0.000000000000e+00
6682,15332,SEDSCRS_TP,0.000000000000e+00
6682,15332,SO_TCd,0.000000000000e+00
6682,15332,IO_TCd,0.000000000000e+00
6682,15332,AO_TCd,0.000000000000e+00
6682,15332,PO_TCd,0.000000000000e+00
6682,15332,SED_TCd,0.000000000000e+00
6682,15332,SEDWSSD_TCd,0.000000000000e+00
6682,15332,SEDSCRS_TCd,0.000000000000e+00
6682,15332,SO_TCu,0.000000000000e+00
6682,15332,IO_TCu,0.000000000000e+00
6682,15332,AO_TCu,0.000000000000e+00
6682,15332,PO_TCu,0.000000000000e+00
6682,15332,SED_TCu,0.000000000000e+00
6682,15332,SEDWSSD_TCu,0.000000000000e+00
6682,15332,SEDSCRS_TCu,0.000000000000e+00
6682,15332,SO_TPb,0.000000000000e+00
6682,15332,IO_TPb,0.000000000000e+00
6682,15332,AO_TPb,0.000000000000e+00
6682,15332,PO_TPb,0.000000000000e+00
6682,15332,SED_TPb,0.000000000000e+00
6682,15332,SEDWSSD_TPb,0.000000000000e+00
6682,15332,SEDSCRS_TPb,0.000000000000e+00
6682,15332,SO_TZn,0.000000000000e+00
6682,15332,IO_TZn,0.000000000000e+00
6682,15332,AO_TZn,0.000000000000e+00
6682,15332,PO_TZn,0.000000000000e+00
6682,15332,SED_TZn,0.000000000000e+00
6682,15332,SEDWSSD_TZn,0.000000000000e+00
6682,15332,SEDSCRS_TZn,0.000000000000e+00
6682,15421,AREA,0.000000000000e+00
6682,15421,PREC,0.000000000000e+00
6682,15421,SURO,0.000000000000e+00
6682,15421,IFWO,0.000000000000e+00
6682,15421,AGWO,0.000000000000e+00
6682,15421,PERO,0.000000000000e+00
6682,15421,TAET,0.000000000000e+00
6682,15421,SEDLOAD,0.000000000000e+00
6682,15421,SEDWSSD, 0.00000e+00
6682,15421,SEDSCRS, 0.00000e+00
6682,15421,SEDSURO, 0.00000e+00
6682,15421,SEDIFWO, 0.00000e+00
6682,15421,SEDAGWO, 0.00000e+00
6682,15421,SO_TN,0.000000000000e+00
6682,15421,IO_TN,0.000000000000e+00
6682,15421,AO_TN,0.000000000000e+00
6682,15421,PO_TN,0.000000000000e+00
6682,15421,SO_TP,0.000000000000e+00
6682,15421,IO_TP,0.000000000000e+00
6682,15421,AO_TP,0.000000000000e+00
6682,15421,PO_TP,0.000000000000e+00
6682,15421,SED_TP,0.000000000000e+00
6682,15421,SEDWSSD_TP,0.000000000000e+00
6682,15421,SEDSCRS_TP,0.000000000000e+00
6682,15421,SO_TCd,0.000000000000e+00
6682,15421,IO_TCd,0.000000000000e+00
6682,15421,AO_TCd,0.000000000000e+00
6682,15421,PO_TCd,0.000000000000e+00
6682,15421,SED_TCd,0.000000000000e+00
6682,15421,SEDWSSD_TCd,0.000000000000e+00
6682,15421,SEDSCRS_TCd,0.000000000000e+00
6682,15421,SO_TCu,0.000000000000e+00
6682,15421,IO_TCu,0.000000000000e+00
6682,15421,AO_TCu,0.000000000000e+00
6682,15421,PO_TCu,0.000000000000e+00
6682,15421,SED_TCu,0.000000000000e+00
6682,15421,SEDWSSD_TCu,0.000000000000e+00
6682,15421,SEDSCRS_TCu,0.000000000000e+00
6682,15421,SO_TPb,0.000000000000e+00
6682,15421,IO_TPb,0.000000000000e+00
6682,15421,AO_TPb,0.000000000000e+00
6682,15421,PO_TPb,0.000000000000e+00
6682,15421,SED_TPb,0.000000000000e+00
6682,15421,SEDWSSD_TPb,0.000000000000e+00
6682,15421,SEDSCRS_TPb,0.000000000000e+00
6682,15421,SO_TZn,0.000000000000e+00
6682,15421,IO_TZn,0.000000000000e+00
6682,15421,AO_TZn,0.000000000000e+00
6682,15421,PO_TZn,0.000000000000e+00
6682,15421,SED_TZn,0.000000000000e+00
6682,15421,SEDWSSD_TZn,0.000000000000e+00
6682,15421,SEDSCRS_TZn,0.000000000000e+00
6682,15422,AREA,9.121206999991e+00
6682,15422,PREC,9.655300112349e+01
6682,15422,SURO,7.098518319885e-01
6682,15422,IFWO,3.739210251423e-01
6682,15422,AGWO,5.970277366349e-01
6682,15422,PERO,1.680800593766e+00
6682,15422,TAET,9.405307546196e+01
6682,15422,SEDLOAD,1.364191100421e-02
6682,15422,SEDWSSD, 6.85090e-03
6682,15422,SEDSCRS, 6.68100e-03
6682,15422,SEDSURO, 0.00000e+00
6682,15422,SEDIFWO, 4.23677e-05
6682,15422,SEDAGWO, 6.76472e-05
6682,15422,SO_TN,3.211049862279e-01
6682,15422,IO_TN,8.473556891653e-02
6682,15422,AO_TN,4.058837149110e-02
6682,15422,PO_TN,4.464289266356e-01
6682,15422,SO_TP,2.706379214940e-02
6682,15422,IO_TP,1.694711378331e-02
6682,15422,AO_TP,2.705891432740e-02
6682,15422,PO_TP,7.106982026010e-02
6682,15422,SED_TP,2.706379214940e-02
6682,15422,SEDWSSD_TP,1.370179850137e-02
6682,15422,SEDSCRS_TP,1.336199364803e-02
6682,15422,SO_TCd,1.353189607470e-05
6682,15422,IO_TCd,0.000000000000e+00
6682,15422,AO_TCd,0.000000000000e+00
6682,15422,PO_TCd,1.353189607470e-05
6682,15422,SED_TCd,1.353189607470e-05
6682,15422,SEDWSSD_TCd,6.850899250684e-06
6682,15422,SEDSCRS_TCd,6.680996824014e-06
6682,15422,SO_TCu,1.353189607470e-03
6682,15422,IO_TCu,0.000000000000e+00
6682,15422,AO_TCu,0.000000000000e+00
6682,15422,PO_TCu,1.353189607470e-03
6682,15422,SED_TCu,1.353189607470e-03
6682,15422,SEDWSSD_TCu,6.850899250684e-04
6682,15422,SEDSCRS_TCu,6.680996824014e-04
6682,15422,SO_TPb,1.353189607470e-04
6682,15422,IO_TPb,0.000000000000e+00
6682,15422,AO_TPb,0.000000000000e+00
6682,15422,PO_TPb,1.353189607470e-04
6682,15422,SED_TPb,1.353189607470e-04
6682,15422,SEDWSSD_TPb,6.850899250684e-05
6682,15422,SEDSCRS_TPb,6.680996824014e-05
6682,15422,SO_TZn,9.742965173783e-03
6682,15422,IO_TZn,0.000000000000e+00
6682,15422,AO_TZn,6.764728581850e-03
6682,15422,PO_TZn,1.650769375563e-02
6682,15422,SED_TZn,9.742965173783e-03
6682,15422,SEDWSSD_TZn,4.932647460493e-03
6682,15422,SEDSCRS_TZn,4.810317713290e-03
6682,15431,AREA,0.000000000000e+00
6682,15431,PREC,0.000000000000e+00
6682,15431,SURO,0.000000000000e+00
6682,15431,IFWO,0.000000000000e+00
6682,15431,AGWO,0.000000000000e+00
6682,15431,PERO,0.000000000000e+00
6682,15431,TAET,0.000000000000e+00
6682,15431,SEDLOAD,0.000000000000e+00
6682,15431,SEDWSSD, 0.00000e+00
6682,15431,SEDSCRS, 0.00000e+00
6682,15431,SEDSURO, 0.00000e+00
6682,15431,SEDIFWO, 0.00000e+00
6682,15431,SEDAGWO, 0.00000e+00
6682,15431,SO_TN,0.000000000000e+00
6682,15431,IO_TN,0.000000000000e+00
6682,15431,AO_TN,0.000000000000e+00
6682,15431,PO_TN,0.000000000000e+00
6682,15431,SO_TP,0.000000000000e+00
6682,15431,IO_TP,0.000000000000e+00
6682,15431,AO_TP,0.000000000000e+00
6682,15431,PO_TP,0.000000000000e+00
6682,15431,SED_TP,0.000000000000e+00
6682,15431,SEDWSSD_TP,0.000000000000e+00
6682,15431,SEDSCRS_TP,0.000000000000e+00
6682,15431,SO_TCd,0.000000000000e+00
6682,15431,IO_TCd,0.000000000000e+00
6682,15431,AO_TCd,0.000000000000e+00
6682,15431,PO_TCd,0.000000000000e+00
6682,15431,SED_TCd,0.000000000000e+00
6682,15431,SEDWSSD_TCd,0.000000000000e+00
6682,15431,SEDSCRS_TCd,0.000000000000e+00
6682,15431,SO_TCu,0.000000000000e+00
6682,15431,IO_TCu,0.000000000000e+00
6682,15431,AO_TCu,0.000000000000e+00
6682,15431,PO_TCu,0.000000000000e+00
6682,15431,SED_TCu,0.000000000000e+00
6682,15431,SEDWSSD_TCu,0.000000000000e+00
6682,15431,SEDSCRS_TCu,0.000000000000e+00
6682,15431,SO_TPb,0.000000000000e+00
6682,15431,IO_TPb,0.000000000000e+00
6682,15431,AO_TPb,0.000000000000e+00
6682,15431,PO_TPb,0.000000000000e+00
6682,15431,SED_TPb,0.000000000000e+00
6682,15431,SEDWSSD_TPb,0.000000000000e+00
6682,15431,SEDSCRS_TPb,0.000000000000e+00
6682,15431,SO_TZn,0.000000000000e+00
6682,15431,IO_TZn,0.000000000000e+00
6682,15431,AO_TZn,0.000000000000e+00
6682,15431,PO_TZn,0.000000000000e+00
6682,15431,SED_TZn,0.000000000000e+00
6682,15431,SEDWSSD_TZn,0.000000000000e+00
6682,15431,SEDSCRS_TZn,0.000000000000e+00
6682,15432,AREA,3.260500000000e-02
6682,15432,PREC,3.451418876506e-01
6682,15432,SURO,4.922907982959e-03
6682,15432,IFWO,1.595900313570e-03
6682,15432,AGWO,2.214392187087e-03
6682,15432,PERO,8.733200483616e-03
6682,15432,TAET,3.333965378726e-01
6682,15432,SEDLOAD,4.104163923800e-05
6682,15432,SEDWSSD, 1.48818e-05
6682,15432,SEDSCRS, 2.57281e-05
6682,15432,SEDSURO, 0.00000e+00
6682,15432,SEDIFWO, 1.80826e-07
6682,15432,SEDAGWO, 2.50905e-07
6682,15432,SO_TN,2.008818961128e-03
6682,15432,IO_TN,3.616526269230e-04
6682,15432,AO_TN,1.505433788103e-04
6682,15432,PO_TN,2.521014966861e-03
6682,15432,SO_TP,8.121981569120e-05
6682,15432,IO_TP,7.233052538459e-05
6682,15432,AO_TP,1.003622525402e-04
6682,15432,PO_TP,2.539125936160e-04
6682,15432,SED_TP,8.121981569120e-05
6682,15432,SEDWSSD_TP,2.976360485710e-05
6682,15432,SEDSCRS_TP,5.145621083409e-05
6682,15432,SO_TCd,4.060990784560e-08
6682,15432,IO_TCd,0.000000000000e+00
6682,15432,AO_TCd,0.000000000000e+00
6682,15432,PO_TCd,4.060990784560e-08
6682,15432,SED_TCd,4.060990784560e-08
6682,15432,SEDWSSD_TCd,1.488180242855e-08
6682,15432,SEDSCRS_TCd,2.572810541705e-08
6682,15432,SO_TCu,4.060990784560e-06
6682,15432,IO_TCu,0.000000000000e+00
6682,15432,AO_TCu,0.000000000000e+00
6682,15432,PO_TCu,4.060990784560e-06
6682,15432,SED_TCu,4.060990784560e-06
6682,15432,SEDWSSD_TCu,1.488180242855e-06
6682,15432,SEDSCRS_TCu,2.572810541705e-06
6682,15432,SO_TPb,4.060990784560e-07
6682,15432,IO_TPb,0.000000000000e+00
6682,15432,AO_TPb,0.000000000000e+00
6682,15432,PO_TPb,4.060990784560e-07
6682,15432,SED_TPb,4.060990784560e-07
6682,15432,SEDWSSD_TPb,1.488180242855e-07
6682,15432,SEDSCRS_TPb,2.572810541705e-07
6682,15432,SO_TZn,2.923913364883e-05
6682,15432,IO_TZn,0.000000000000e+00
6682,15432,AO_TZn,2.509056313506e-05
6682,15432,PO_TZn,5.432969678389e-05
6682,15432,SED_TZn,2.923913364883e-05
6682,15432,SEDWSSD_TZn,1.071489774856e-05
6682,15432,SEDSCRS_TZn,1.852423590027e-05
6682,16000,AREA,0.000000000000e+00
6682,16000,PREC,0.000000000000e+00
6682,16000,SURO,0.000000000000e+00
6682,16000,IFWO,0.000000000000e+00
6682,16000,AGWO,0.000000000000e+00
6682,16000,PERO,0.000000000000e+00
6682,16000,TAET,0.000000000000e+00
6682,16000,SEDLOAD,0.000000000000e+00
6682,16000,SEDWSSD, 0.00000e+00
6682,16000,SEDSCRS, 0.00000e+00
6682,16000,SEDSURO, 0.00000e+00
6682,16000,SEDIFWO, 0.00000e+00
6682,16000,SEDAGWO, 0.00000e+00
6682,16000,SO_TN,0.000000000000e+00
6682,16000,IO_TN,0.000000000000e+00
6682,16000,AO_TN,0.000000000000e+00
6682,16000,PO_TN,0.000000000000e+00
6682,16000,SO_TP,0.000000000000e+00
6682,16000,IO_TP,0.000000000000e+00
6682,16000,AO_TP,0.000000000000e+00
6682,16000,PO_TP,0.000000000000e+00
6682,16000,SED_TP,0.000000000000e+00
6682,16000,SEDWSSD_TP,0.000000000000e+00
6682,16000,SEDSCRS_TP,0.000000000000e+00
6682,16000,SO_TCd,0.000000000000e+00
6682,16000,IO_TCd,0.000000000000e+00
6682,16000,AO_TCd,0.000000000000e+00
6682,16000,PO_TCd,0.000000000000e+00
6682,16000,SED_TCd,0.000000000000e+00
6682,16000,SEDWSSD_TCd,0.000000000000e+00
6682,16000,SEDSCRS_TCd,0.000000000000e+00
6682,16000,SO_TCu,0.000000000000e+00
6682,16000,IO_TCu,0.000000000000e+00
6682,16000,AO_TCu,0.000000000000e+00
6682,16000,PO_TCu,0.000000000000e+00
6682,16000,SED_TCu,0.000000000000e+00
6682,16000,SEDWSSD_TCu,0.000000000000e+00
6682,16000,SEDSCRS_TCu,0.000000000000e+00
6682,16000,SO_TPb,0.000000000000e+00
6682,16000,IO_TPb,0.000000000000e+00
6682,16000,AO_TPb,0.000000000000e+00
6682,16000,PO_TPb,0.000000000000e+00
6682,16000,SED_TPb,0.000000000000e+00
6682,16000,SEDWSSD_TPb,0.000000000000e+00
6682,16000,SEDSCRS_TPb,0.000000000000e+00
6682,16000,SO_TZn,0.000000000000e+00
6682,16000,IO_TZn,0.000000000000e+00
6682,16000,AO_TZn,0.000000000000e+00
6682,16000,PO_TZn,0.000000000000e+00
6682,16000,SED_TZn,0.000000000000e+00
6682,16000,SEDWSSD_TZn,0.000000000000e+00
6682,16000,SEDSCRS_TZn,0.000000000000e+00
