subbasin,deluid,parmname,value1
6396,1000,AREA,5.439444800001e+01
6396,1000,PREC,5.505759456991e+02
6396,1000,SURO,5.074417758685e+02
6396,1000,IFWO,0.000000000000e+00
6396,1000,AGWO,0.000000000000e+00
6396,1000,PERO,5.074417758685e+02
6396,1000,TAET,4.313416983056e+01
6396,1000,SEDLOAD,3.717833447226e+00
6396,1000,SEDWSSD, 3.71783e+00
6396,1000,SEDSCRS, 0.00000e+00
6396,1000,SEDSURO, 0.00000e+00
6396,1000,SEDIFWO, 0.00000e+00
6396,1000,SEDAGWO, 0.00000e+00
6396,1000,SO_TN,1.737648191415e+01
6396,1000,IO_TN,0.000000000000e+00
6396,1000,AO_TN,0.000000000000e+00
6396,1000,PO_TN,1.737648191415e+01
6396,1000,SO_TP,1.659083175824e+01
6396,1000,IO_TP,0.000000000000e+00
6396,1000,AO_TP,0.000000000000e+00
6396,1000,PO_TP,1.659083175824e+01
6396,1000,SED_TP,1.659083175824e+01
6396,1000,SEDWSSD_TP,1.659083175824e+01
6396,1000,SEDSCRS_TP,0.000000000000e+00
6396,1000,SO_TCd,6.506208532645e-02
6396,1000,IO_TCd,0.000000000000e+00
6396,1000,AO_TCd,0.000000000000e+00
6396,1000,PO_TCd,6.506208532645e-02
6396,1000,SED_TCd,6.506208532645e-02
6396,1000,SEDWSSD_TCd,6.506208532645e-02
6396,1000,SEDSCRS_TCd,0.000000000000e+00
6396,1000,SO_TCu,6.506208532645e+00
6396,1000,IO_TCu,0.000000000000e+00
6396,1000,AO_TCu,0.000000000000e+00
6396,1000,PO_TCu,6.506208532645e+00
6396,1000,SED_TCu,6.506208532645e+00
6396,1000,SEDWSSD_TCu,6.506208532645e+00
6396,1000,SEDSCRS_TCu,0.000000000000e+00
6396,1000,SO_TPb,7.355763025167e+00
6396,1000,IO_TPb,0.000000000000e+00
6396,1000,AO_TPb,0.000000000000e+00
6396,1000,PO_TPb,7.355763025167e+00
6396,1000,SED_TPb,1.606104049201e+00
6396,1000,SEDWSSD_TPb,1.606104049201e+00
6396,1000,SEDSCRS_TPb,0.000000000000e+00
6396,1000,SO_TZn,5.139532957445e+01
6396,1000,IO_TZn,0.000000000000e+00
6396,1000,AO_TZn,0.000000000000e+00
6396,1000,PO_TZn,5.139532957445e+01
6396,1000,SED_TZn,5.139532957445e+01
6396,1000,SEDWSSD_TZn,5.139532957445e+01
6396,1000,SEDSCRS_TZn,0.000000000000e+00
6396,2000,AREA,1.236572600002e+01
6396,2000,PREC,1.251648198858e+02
6396,2000,SURO,1.153589418049e+02
6396,2000,IFWO,0.000000000000e+00
6396,2000,AGWO,0.000000000000e+00
6396,2000,PERO,1.153589418049e+02
6396,2000,TAET,9.805878080832e+00
6396,2000,SEDLOAD,2.768713016318e+00
6396,2000,SEDWSSD, 2.76871e+00
6396,2000,SEDSCRS, 0.00000e+00
6396,2000,SEDSURO, 0.00000e+00
6396,2000,SEDIFWO, 0.00000e+00
6396,2000,SEDAGWO, 0.00000e+00
6396,2000,SO_TN,3.950271067148e+00
6396,2000,IO_TN,0.000000000000e+00
6396,2000,AO_TN,0.000000000000e+00
6396,2000,PO_TN,3.950271067148e+00
6396,2000,SO_TP,1.235538183532e+01
6396,2000,IO_TP,0.000000000000e+00
6396,2000,AO_TP,0.000000000000e+00
6396,2000,PO_TP,1.235538183532e+01
6396,2000,SED_TP,1.235538183532e+01
6396,2000,SEDWSSD_TP,1.235538183532e+01
6396,2000,SEDSCRS_TP,0.000000000000e+00
6396,2000,SO_TCd,4.153069524477e-02
6396,2000,IO_TCd,0.000000000000e+00
6396,2000,AO_TCd,0.000000000000e+00
6396,2000,PO_TCd,4.153069524477e-02
6396,2000,SED_TCd,4.153069524477e-02
6396,2000,SEDWSSD_TCd,4.153069524477e-02
6396,2000,SEDSCRS_TCd,0.000000000000e+00
6396,2000,SO_TCu,4.153069524477e+00
6396,2000,IO_TCu,0.000000000000e+00
6396,2000,AO_TCu,0.000000000000e+00
6396,2000,PO_TCu,4.153069524477e+00
6396,2000,SED_TCu,4.153069524477e+00
6396,2000,SEDWSSD_TCu,4.153069524477e+00
6396,2000,SEDSCRS_TCu,0.000000000000e+00
6396,2000,SO_TPb,2.204157952605e+00
6396,2000,IO_TPb,0.000000000000e+00
6396,2000,AO_TPb,0.000000000000e+00
6396,2000,PO_TPb,2.204157952605e+00
6396,2000,SED_TPb,8.970630172871e-01
6396,2000,SEDWSSD_TPb,8.970630172871e-01
6396,2000,SEDSCRS_TPb,0.000000000000e+00
6396,2000,SO_TZn,1.913734436879e+01
6396,2000,IO_TZn,0.000000000000e+00
6396,2000,AO_TZn,0.000000000000e+00
6396,2000,PO_TZn,1.913734436879e+01
6396,2000,SED_TZn,1.913734436879e+01
6396,2000,SEDWSSD_TZn,1.913734436879e+01
6396,2000,SEDSCRS_TZn,0.000000000000e+00
6396,3000,AREA,2.886131999999e+01
6396,3000,PREC,2.921318100907e+02
6396,3000,SURO,2.692451162426e+02
6396,3000,IFWO,0.000000000000e+00
6396,3000,AGWO,0.000000000000e+00
6396,3000,PERO,2.692451162426e+02
6396,3000,TAET,2.288669384813e+01
6396,3000,SEDLOAD,4.871129879054e+00
6396,3000,SEDWSSD, 4.87113e+00
6396,3000,SEDSCRS, 0.00000e+00
6396,3000,SEDSURO, 0.00000e+00
6396,3000,SEDIFWO, 0.00000e+00
6396,3000,SEDAGWO, 0.00000e+00
6396,3000,SO_TN,9.219841796312e+00
6396,3000,IO_TN,0.000000000000e+00
6396,3000,AO_TN,0.000000000000e+00
6396,3000,PO_TN,9.219841796312e+00
6396,3000,SO_TP,2.173741708528e+01
6396,3000,IO_TP,0.000000000000e+00
6396,3000,AO_TP,0.000000000000e+00
6396,3000,PO_TP,2.173741708528e+01
6396,3000,SED_TP,2.173741708528e+01
6396,3000,SEDWSSD_TP,2.173741708528e+01
6396,3000,SEDSCRS_TP,0.000000000000e+00
6396,3000,SO_TCd,5.845355854865e-02
6396,3000,IO_TCd,0.000000000000e+00
6396,3000,AO_TCd,0.000000000000e+00
6396,3000,PO_TCd,5.845355854865e-02
6396,3000,SED_TCd,5.845355854865e-02
6396,3000,SEDWSSD_TCd,5.845355854865e-02
6396,3000,SEDSCRS_TCd,0.000000000000e+00
6396,3000,SO_TCu,5.845355854865e+00
6396,3000,IO_TCu,0.000000000000e+00
6396,3000,AO_TCu,0.000000000000e+00
6396,3000,PO_TCu,5.845355854865e+00
6396,3000,SED_TCu,5.845355854865e+00
6396,3000,SEDWSSD_TCu,5.845355854865e+00
6396,3000,SEDSCRS_TCu,0.000000000000e+00
6396,3000,SO_TPb,3.576811535144e+00
6396,3000,IO_TPb,0.000000000000e+00
6396,3000,AO_TPb,0.000000000000e+00
6396,3000,PO_TPb,3.576811535144e+00
6396,3000,SED_TPb,5.260820269378e-01
6396,3000,SEDWSSD_TPb,5.260820269378e-01
6396,3000,SEDSCRS_TPb,0.000000000000e+00
6396,3000,SO_TZn,2.525193729301e+01
6396,3000,IO_TZn,0.000000000000e+00
6396,3000,AO_TZn,0.000000000000e+00
6396,3000,PO_TZn,2.525193729301e+01
6396,3000,SED_TZn,2.525193729301e+01
6396,3000,SEDWSSD_TZn,2.525193729301e+01
6396,3000,SEDSCRS_TZn,0.000000000000e+00
6396,4000,AREA,1.336299000003e+01
6396,4000,PREC,1.352590407134e+02
6396,4000,SURO,1.246623437839e+02
6396,4000,IFWO,0.000000000000e+00
6396,4000,AGWO,0.000000000000e+00
6396,4000,PERO,1.246623437839e+02
6396,4000,TAET,1.059669692951e+01
6396,4000,SEDLOAD,2.992003206204e+00
6396,4000,SEDWSSD, 2.99200e+00
6396,4000,SEDSCRS, 0.00000e+00
6396,4000,SEDSURO, 0.00000e+00
6396,4000,SEDIFWO, 0.00000e+00
6396,4000,SEDAGWO, 0.00000e+00
6396,4000,SO_TN,8.964861018247e+01
6396,4000,IO_TN,0.000000000000e+00
6396,4000,AO_TN,0.000000000000e+00
6396,4000,PO_TN,8.964861018247e+01
6396,4000,SO_TP,2.199122356560e+01
6396,4000,IO_TP,0.000000000000e+00
6396,4000,AO_TP,0.000000000000e+00
6396,4000,PO_TP,2.199122356560e+01
6396,4000,SED_TP,2.199122356560e+01
6396,4000,SEDWSSD_TP,2.199122356560e+01
6396,4000,SEDSCRS_TP,0.000000000000e+00
6396,4000,SO_TCd,4.488004809306e-02
6396,4000,IO_TCd,0.000000000000e+00
6396,4000,AO_TCd,0.000000000000e+00
6396,4000,PO_TCd,4.488004809306e-02
6396,4000,SED_TCd,4.488004809306e-02
6396,4000,SEDWSSD_TCd,4.488004809306e-02
6396,4000,SEDSCRS_TCd,0.000000000000e+00
6396,4000,SO_TCu,4.488004809306e+00
6396,4000,IO_TCu,0.000000000000e+00
6396,4000,AO_TCu,0.000000000000e+00
6396,4000,PO_TCu,4.488004809306e+00
6396,4000,SED_TCu,4.488004809306e+00
6396,4000,SEDWSSD_TCu,4.488004809306e+00
6396,4000,SEDSCRS_TCu,0.000000000000e+00
6396,4000,SO_TPb,2.705054165374e+00
6396,4000,IO_TPb,0.000000000000e+00
6396,4000,AO_TPb,0.000000000000e+00
6396,4000,PO_TPb,2.705054165374e+00
6396,4000,SED_TPb,1.292545385080e+00
6396,4000,SEDWSSD_TPb,1.292545385080e+00
6396,4000,SEDSCRS_TPb,0.000000000000e+00
6396,4000,SO_TZn,1.346401442792e+01
6396,4000,IO_TZn,0.000000000000e+00
6396,4000,AO_TZn,0.000000000000e+00
6396,4000,PO_TZn,1.346401442792e+01
6396,4000,SED_TZn,1.346401442792e+01
6396,4000,SEDWSSD_TZn,1.346401442792e+01
6396,4000,SEDSCRS_TZn,0.000000000000e+00
6396,5000,AREA,1.093182790000e+02
6396,5000,PREC,1.106510260801e+03
6396,5000,SURO,1.019822126528e+03
6396,5000,IFWO,0.000000000000e+00
6396,5000,AGWO,0.000000000000e+00
6396,5000,PERO,1.019822126528e+03
6396,5000,TAET,8.668813427374e+01
6396,5000,SEDLOAD,1.483578736877e+01
6396,5000,SEDWSSD, 1.48358e+01
6396,5000,SEDSCRS, 0.00000e+00
6396,5000,SEDSURO, 0.00000e+00
6396,5000,SEDIFWO, 0.00000e+00
6396,5000,SEDAGWO, 0.00000e+00
6396,5000,SO_TN,8.260718244480e+02
6396,5000,IO_TN,0.000000000000e+00
6396,5000,AO_TN,0.000000000000e+00
6396,5000,PO_TN,8.260718244480e+02
6396,5000,SO_TP,1.012542487918e+02
6396,5000,IO_TP,0.000000000000e+00
6396,5000,AO_TP,0.000000000000e+00
6396,5000,PO_TP,1.012542487918e+02
6396,5000,SED_TP,1.012542487918e+02
6396,5000,SEDWSSD_TP,1.012542487918e+02
6396,5000,SEDSCRS_TP,0.000000000000e+00
6396,5000,SO_TCd,1.112684052658e-01
6396,5000,IO_TCd,0.000000000000e+00
6396,5000,AO_TCd,0.000000000000e+00
6396,5000,PO_TCd,1.112684052658e-01
6396,5000,SED_TCd,1.112684052658e-01
6396,5000,SEDWSSD_TCd,1.112684052658e-01
6396,5000,SEDSCRS_TCd,0.000000000000e+00
6396,5000,SO_TCu,1.112684052658e+01
6396,5000,IO_TCu,0.000000000000e+00
6396,5000,AO_TCu,0.000000000000e+00
6396,5000,PO_TCu,1.112684052658e+01
6396,5000,SED_TCu,1.112684052658e+01
6396,5000,SEDWSSD_TCu,1.112684052658e+01
6396,5000,SEDSCRS_TCu,0.000000000000e+00
6396,5000,SO_TPb,1.716320297426e+01
6396,5000,IO_TPb,0.000000000000e+00
6396,5000,AO_TPb,0.000000000000e+00
6396,5000,PO_TPb,1.716320297426e+01
6396,5000,SED_TPb,5.607927625395e+00
6396,5000,SEDWSSD_TPb,5.607927625395e+00
6396,5000,SEDSCRS_TPb,0.000000000000e+00
6396,5000,SO_TZn,4.005662589568e+01
6396,5000,IO_TZn,0.000000000000e+00
6396,5000,AO_TZn,0.000000000000e+00
6396,5000,PO_TZn,4.005662589568e+01
6396,5000,SED_TZn,4.005662589568e+01
6396,5000,SEDWSSD_TZn,4.005662589568e+01
6396,5000,SEDSCRS_TZn,0.000000000000e+00
6396,6000,AREA,9.734783000013e+01
6396,6000,PREC,9.853464008680e+02
6396,6000,SURO,9.081506945736e+02
6396,6000,IFWO,0.000000000000e+00
6396,6000,AGWO,0.000000000000e+00
6396,6000,PERO,9.081506945736e+02
6396,6000,TAET,7.719570629444e+01
6396,6000,SEDLOAD,2.179639808452e+01
6396,6000,SEDWSSD, 2.17964e+01
6396,6000,SEDSCRS, 0.00000e+00
6396,6000,SEDSURO, 0.00000e+00
6396,6000,SEDIFWO, 0.00000e+00
6396,6000,SEDAGWO, 0.00000e+00
6396,6000,SO_TN,5.660892638079e+02
6396,6000,IO_TN,0.000000000000e+00
6396,6000,AO_TN,0.000000000000e+00
6396,6000,PO_TN,5.660892638079e+02
6396,6000,SO_TP,1.716466349156e+02
6396,6000,IO_TP,0.000000000000e+00
6396,6000,AO_TP,0.000000000000e+00
6396,6000,PO_TP,1.716466349156e+02
6396,6000,SED_TP,1.716466349156e+02
6396,6000,SEDWSSD_TP,1.716466349156e+02
6396,6000,SEDSCRS_TP,0.000000000000e+00
6396,6000,SO_TCd,4.359279616904e-01
6396,6000,IO_TCd,0.000000000000e+00
6396,6000,AO_TCd,0.000000000000e+00
6396,6000,PO_TCd,4.359279616904e-01
6396,6000,SED_TCd,4.359279616904e-01
6396,6000,SEDWSSD_TCd,4.359279616904e-01
6396,6000,SEDSCRS_TCd,0.000000000000e+00
6396,6000,SO_TCu,4.359279616904e+01
6396,6000,IO_TCu,0.000000000000e+00
6396,6000,AO_TCu,0.000000000000e+00
6396,6000,PO_TCu,4.359279616904e+01
6396,6000,SED_TCu,4.359279616904e+01
6396,6000,SEDWSSD_TCu,4.359279616904e+01
6396,6000,SEDSCRS_TCu,0.000000000000e+00
6396,6000,SO_TPb,2.158921516447e+01
6396,6000,IO_TPb,0.000000000000e+00
6396,6000,AO_TPb,0.000000000000e+00
6396,6000,PO_TPb,2.158921516447e+01
6396,6000,SED_TPb,1.129925276701e+01
6396,6000,SEDWSSD_TPb,1.129925276701e+01
6396,6000,SEDSCRS_TPb,0.000000000000e+00
6396,6000,SO_TZn,1.255472529668e+02
6396,6000,IO_TZn,0.000000000000e+00
6396,6000,AO_TZn,0.000000000000e+00
6396,6000,PO_TZn,1.255472529668e+02
6396,6000,SED_TZn,1.255472529668e+02
6396,6000,SEDWSSD_TZn,1.255472529668e+02
6396,6000,SEDSCRS_TZn,0.000000000000e+00
6396,7000,AREA,6.970792999997e+00
6396,7000,PREC,7.055776994460e+01
6396,7000,SURO,6.503001150286e+01
6396,7000,IFWO,0.000000000000e+00
6396,7000,AGWO,0.000000000000e+00
6396,7000,PERO,6.503001150286e+01
6396,7000,TAET,5.527758441738e+00
6396,7000,SEDLOAD,1.847779420312e+00
6396,7000,SEDWSSD, 1.84778e+00
6396,7000,SEDSCRS, 0.00000e+00
6396,7000,SEDSURO, 0.00000e+00
6396,7000,SEDIFWO, 0.00000e+00
6396,7000,SEDAGWO, 0.00000e+00
6396,7000,SO_TN,3.448468589041e+01
6396,7000,IO_TN,0.000000000000e+00
6396,7000,AO_TN,0.000000000000e+00
6396,7000,PO_TN,3.448468589041e+01
6396,7000,SO_TP,1.358117873929e+01
6396,7000,IO_TP,0.000000000000e+00
6396,7000,AO_TP,0.000000000000e+00
6396,7000,PO_TP,1.358117873929e+01
6396,7000,SED_TP,1.358117873929e+01
6396,7000,SEDWSSD_TP,1.358117873929e+01
6396,7000,SEDSCRS_TP,0.000000000000e+00
6396,7000,SO_TCd,4.619448550779e-02
6396,7000,IO_TCd,0.000000000000e+00
6396,7000,AO_TCd,0.000000000000e+00
6396,7000,PO_TCd,4.619448550779e-02
6396,7000,SED_TCd,4.619448550779e-02
6396,7000,SEDWSSD_TCd,4.619448550779e-02
6396,7000,SEDSCRS_TCd,0.000000000000e+00
6396,7000,SO_TCu,4.619448550779e+00
6396,7000,IO_TCu,0.000000000000e+00
6396,7000,AO_TCu,0.000000000000e+00
6396,7000,PO_TCu,4.619448550779e+00
6396,7000,SED_TCu,4.619448550779e+00
6396,7000,SEDWSSD_TCu,4.619448550779e+00
6396,7000,SEDSCRS_TCu,0.000000000000e+00
6396,7000,SO_TPb,2.014019205996e+00
6396,7000,IO_TPb,0.000000000000e+00
6396,7000,AO_TPb,0.000000000000e+00
6396,7000,PO_TPb,2.014019205996e+00
6396,7000,SED_TPb,1.277185135319e+00
6396,7000,SEDWSSD_TPb,1.277185135319e+00
6396,7000,SEDSCRS_TPb,0.000000000000e+00
6396,7000,SO_TZn,2.128641892199e+01
6396,7000,IO_TZn,0.000000000000e+00
6396,7000,AO_TZn,0.000000000000e+00
6396,7000,PO_TZn,2.128641892199e+01
6396,7000,SED_TZn,2.128641892199e+01
6396,7000,SEDWSSD_TZn,2.128641892199e+01
6396,7000,SEDSCRS_TZn,0.000000000000e+00
6396,8000,AREA,5.093780300010e+01
6396,8000,PREC,5.155880809482e+02
6396,8000,SURO,4.751949907307e+02
6396,8000,IFWO,0.000000000000e+00
6396,8000,AGWO,0.000000000000e+00
6396,8000,PERO,4.751949907307e+02
6396,8000,TAET,4.039309021754e+01
6396,8000,SEDLOAD,1.008003170437e+01
6396,8000,SEDWSSD, 1.00800e+01
6396,8000,SEDSCRS, 0.00000e+00
6396,8000,SEDSURO, 0.00000e+00
6396,8000,SEDIFWO, 0.00000e+00
6396,8000,SEDAGWO, 0.00000e+00
6396,8000,SO_TN,1.512726242475e+02
6396,8000,IO_TN,0.000000000000e+00
6396,8000,AO_TN,0.000000000000e+00
6396,8000,PO_TN,1.512726242475e+02
6396,8000,SO_TP,1.058403328958e+01
6396,8000,IO_TP,0.000000000000e+00
6396,8000,AO_TP,0.000000000000e+00
6396,8000,PO_TP,1.058403328958e+01
6396,8000,SED_TP,1.058403328958e+01
6396,8000,SEDWSSD_TP,1.058403328958e+01
6396,8000,SEDSCRS_TP,0.000000000000e+00
6396,8000,SO_TCd,1.134003566741e-01
6396,8000,IO_TCd,0.000000000000e+00
6396,8000,AO_TCd,0.000000000000e+00
6396,8000,PO_TCd,1.134003566741e-01
6396,8000,SED_TCd,1.134003566741e-01
6396,8000,SEDWSSD_TCd,1.134003566741e-01
6396,8000,SEDSCRS_TCd,0.000000000000e+00
6396,8000,SO_TCu,1.134003566741e+01
6396,8000,IO_TCu,0.000000000000e+00
6396,8000,AO_TCu,0.000000000000e+00
6396,8000,PO_TCu,1.134003566741e+01
6396,8000,SED_TCu,1.134003566741e+01
6396,8000,SEDWSSD_TCu,1.134003566741e+01
6396,8000,SEDSCRS_TCu,0.000000000000e+00
6396,8000,SO_TPb,8.105889622005e+00
6396,8000,IO_TPb,0.000000000000e+00
6396,8000,AO_TPb,0.000000000000e+00
6396,8000,PO_TPb,8.105889622005e+00
6396,8000,SED_TPb,2.721608560179e+00
6396,8000,SEDWSSD_TPb,2.721608560179e+00
6396,8000,SEDSCRS_TPb,0.000000000000e+00
6396,8000,SO_TZn,4.354573696286e+01
6396,8000,IO_TZn,0.000000000000e+00
6396,8000,AO_TZn,0.000000000000e+00
6396,8000,PO_TZn,4.354573696286e+01
6396,8000,SED_TZn,4.354573696286e+01
6396,8000,SEDWSSD_TZn,4.354573696286e+01
6396,8000,SEDSCRS_TZn,0.000000000000e+00
6396,9000,AREA,7.191827899992e+01
6396,9000,PREC,7.279506627859e+02
6396,9000,SURO,6.933817877680e+02
6396,9000,IFWO,0.000000000000e+00
6396,9000,AGWO,0.000000000000e+00
6396,9000,PERO,6.933817877680e+02
6396,9000,TAET,3.456887501799e+01
6396,9000,SEDLOAD,1.761588610487e+00
6396,9000,SEDWSSD, 1.76159e+00
6396,9000,SEDSCRS, 0.00000e+00
6396,9000,SEDSURO, 0.00000e+00
6396,9000,SEDIFWO, 0.00000e+00
6396,9000,SEDAGWO, 0.00000e+00
6396,9000,SO_TN,2.199472201410e+02
6396,9000,IO_TN,0.000000000000e+00
6396,9000,AO_TN,0.000000000000e+00
6396,9000,PO_TN,2.199472201410e+02
6396,9000,SO_TP,1.849668041011e+00
6396,9000,IO_TP,0.000000000000e+00
6396,9000,AO_TP,0.000000000000e+00
6396,9000,PO_TP,1.849668041011e+00
6396,9000,SED_TP,1.849668041011e+00
6396,9000,SEDWSSD_TP,1.849668041011e+00
6396,9000,SEDSCRS_TP,0.000000000000e+00
6396,9000,SO_TCd,6.605957289327e-03
6396,9000,IO_TCd,0.000000000000e+00
6396,9000,AO_TCd,0.000000000000e+00
6396,9000,PO_TCd,6.605957289327e-03
6396,9000,SED_TCd,6.605957289327e-03
6396,9000,SEDWSSD_TCd,6.605957289327e-03
6396,9000,SEDSCRS_TCd,0.000000000000e+00
6396,9000,SO_TCu,6.605957289327e-01
6396,9000,IO_TCu,0.000000000000e+00
6396,9000,AO_TCu,0.000000000000e+00
6396,9000,PO_TCu,6.605957289327e-01
6396,9000,SED_TCu,6.605957289327e-01
6396,9000,SEDWSSD_TCu,6.605957289327e-01
6396,9000,SEDSCRS_TCu,0.000000000000e+00
6396,9000,SO_TPb,1.585429749438e-01
6396,9000,IO_TPb,0.000000000000e+00
6396,9000,AO_TPb,0.000000000000e+00
6396,9000,PO_TPb,1.585429749438e-01
6396,9000,SED_TPb,1.585429749438e-01
6396,9000,SEDWSSD_TPb,1.585429749438e-01
6396,9000,SEDSCRS_TPb,0.000000000000e+00
6396,9000,SO_TZn,9.512578496631e+00
6396,9000,IO_TZn,0.000000000000e+00
6396,9000,AO_TZn,0.000000000000e+00
6396,9000,PO_TZn,9.512578496631e+00
6396,9000,SED_TZn,9.512578496631e+00
6396,9000,SEDWSSD_TZn,9.512578496631e+00
6396,9000,SEDSCRS_TZn,0.000000000000e+00
6396,10000,AREA,2.971644000003e+00
6396,10000,PREC,3.007872615200e+01
6396,10000,SURO,7.373090912559e+01
6396,10000,IFWO,0.000000000000e+00
6396,10000,AGWO,0.000000000000e+00
6396,10000,PERO,7.373090912559e+01
6396,10000,TAET,4.321766787787e+01
6396,10000,SEDLOAD,1.253130096475e+00
6396,10000,SEDWSSD, 0.00000e+00
6396,10000,SEDSCRS, 0.00000e+00
6396,10000,SEDSURO, 1.25313e+00
6396,10000,SEDIFWO, 0.00000e+00
6396,10000,SEDAGWO, 0.00000e+00
6396,10000,SO_TN,6.683369066088e+01
6396,10000,IO_TN,0.000000000000e+00
6396,10000,AO_TN,0.000000000000e+00
6396,10000,PO_TN,6.683369066088e+01
6396,10000,SO_TP,6.683369066087e+00
6396,10000,IO_TP,0.000000000000e+00
6396,10000,AO_TP,0.000000000000e+00
6396,10000,PO_TP,6.683369066087e+00
6396,10000,SED_TP,0.000000000000e+00
6396,10000,SEDWSSD_TP,0.000000000000e+00
6396,10000,SEDSCRS_TP,0.000000000000e+00
6396,10000,SO_TCd,1.670842266522e-03
6396,10000,IO_TCd,0.000000000000e+00
6396,10000,AO_TCd,0.000000000000e+00
6396,10000,PO_TCd,1.670842266522e-03
6396,10000,SED_TCd,0.000000000000e+00
6396,10000,SEDWSSD_TCd,0.000000000000e+00
6396,10000,SEDSCRS_TCd,0.000000000000e+00
6396,10000,SO_TCu,4.177105666304e-01
6396,10000,IO_TCu,0.000000000000e+00
6396,10000,AO_TCu,0.000000000000e+00
6396,10000,PO_TCu,4.177105666304e-01
6396,10000,SED_TCu,0.000000000000e+00
6396,10000,SEDWSSD_TCu,0.000000000000e+00
6396,10000,SEDSCRS_TCu,0.000000000000e+00
6396,10000,SO_TPb,6.683369066087e-02
6396,10000,IO_TPb,0.000000000000e+00
6396,10000,AO_TPb,0.000000000000e+00
6396,10000,PO_TPb,6.683369066087e-02
6396,10000,SED_TPb,0.000000000000e+00
6396,10000,SEDWSSD_TPb,0.000000000000e+00
6396,10000,SEDSCRS_TPb,0.000000000000e+00
6396,10000,SO_TZn,1.336673813218e+00
6396,10000,IO_TZn,0.000000000000e+00
6396,10000,AO_TZn,0.000000000000e+00
6396,10000,PO_TZn,1.336673813218e+00
6396,10000,SED_TZn,0.000000000000e+00
6396,10000,SEDWSSD_TZn,0.000000000000e+00
6396,10000,SEDSCRS_TZn,0.000000000000e+00
6396,11111,AREA,0.000000000000e+00
6396,11111,PREC,0.000000000000e+00
6396,11111,SURO,0.000000000000e+00
6396,11111,IFWO,0.000000000000e+00
6396,11111,AGWO,0.000000000000e+00
6396,11111,PERO,0.000000000000e+00
6396,11111,TAET,0.000000000000e+00
6396,11111,SEDLOAD,0.000000000000e+00
6396,11111,SEDWSSD, 0.00000e+00
6396,11111,SEDSCRS, 0.00000e+00
6396,11111,SEDSURO, 0.00000e+00
6396,11111,SEDIFWO, 0.00000e+00
6396,11111,SEDAGWO, 0.00000e+00
6396,11111,SO_TN,0.000000000000e+00
6396,11111,IO_TN,0.000000000000e+00
6396,11111,AO_TN,0.000000000000e+00
6396,11111,PO_TN,0.000000000000e+00
6396,11111,SO_TP,0.000000000000e+00
6396,11111,IO_TP,0.000000000000e+00
6396,11111,AO_TP,0.000000000000e+00
6396,11111,PO_TP,0.000000000000e+00
6396,11111,SED_TP,0.000000000000e+00
6396,11111,SEDWSSD_TP,0.000000000000e+00
6396,11111,SEDSCRS_TP,0.000000000000e+00
6396,11111,SO_TCd,0.000000000000e+00
6396,11111,IO_TCd,0.000000000000e+00
6396,11111,AO_TCd,0.000000000000e+00
6396,11111,PO_TCd,0.000000000000e+00
6396,11111,SED_TCd,0.000000000000e+00
6396,11111,SEDWSSD_TCd,0.000000000000e+00
6396,11111,SEDSCRS_TCd,0.000000000000e+00
6396,11111,SO_TCu,0.000000000000e+00
6396,11111,IO_TCu,0.000000000000e+00
6396,11111,AO_TCu,0.000000000000e+00
6396,11111,PO_TCu,0.000000000000e+00
6396,11111,SED_TCu,0.000000000000e+00
6396,11111,SEDWSSD_TCu,0.000000000000e+00
6396,11111,SEDSCRS_TCu,0.000000000000e+00
6396,11111,SO_TPb,0.000000000000e+00
6396,11111,IO_TPb,0.000000000000e+00
6396,11111,AO_TPb,0.000000000000e+00
6396,11111,PO_TPb,0.000000000000e+00
6396,11111,SED_TPb,0.000000000000e+00
6396,11111,SEDWSSD_TPb,0.000000000000e+00
6396,11111,SEDSCRS_TPb,0.000000000000e+00
6396,11111,SO_TZn,0.000000000000e+00
6396,11111,IO_TZn,0.000000000000e+00
6396,11111,AO_TZn,0.000000000000e+00
6396,11111,PO_TZn,0.000000000000e+00
6396,11111,SED_TZn,0.000000000000e+00
6396,11111,SEDWSSD_TZn,0.000000000000e+00
6396,11111,SEDSCRS_TZn,0.000000000000e+00
6396,11112,AREA,0.000000000000e+00
6396,11112,PREC,0.000000000000e+00
6396,11112,SURO,0.000000000000e+00
6396,11112,IFWO,0.000000000000e+00
6396,11112,AGWO,0.000000000000e+00
6396,11112,PERO,0.000000000000e+00
6396,11112,TAET,0.000000000000e+00
6396,11112,SEDLOAD,0.000000000000e+00
6396,11112,SEDWSSD, 0.00000e+00
6396,11112,SEDSCRS, 0.00000e+00
6396,11112,SEDSURO, 0.00000e+00
6396,11112,SEDIFWO, 0.00000e+00
6396,11112,SEDAGWO, 0.00000e+00
6396,11112,SO_TN,0.000000000000e+00
6396,11112,IO_TN,0.000000000000e+00
6396,11112,AO_TN,0.000000000000e+00
6396,11112,PO_TN,0.000000000000e+00
6396,11112,SO_TP,0.000000000000e+00
6396,11112,IO_TP,0.000000000000e+00
6396,11112,AO_TP,0.000000000000e+00
6396,11112,PO_TP,0.000000000000e+00
6396,11112,SED_TP,0.000000000000e+00
6396,11112,SEDWSSD_TP,0.000000000000e+00
6396,11112,SEDSCRS_TP,0.000000000000e+00
6396,11112,SO_TCd,0.000000000000e+00
6396,11112,IO_TCd,0.000000000000e+00
6396,11112,AO_TCd,0.000000000000e+00
6396,11112,PO_TCd,0.000000000000e+00
6396,11112,SED_TCd,0.000000000000e+00
6396,11112,SEDWSSD_TCd,0.000000000000e+00
6396,11112,SEDSCRS_TCd,0.000000000000e+00
6396,11112,SO_TCu,0.000000000000e+00
6396,11112,IO_TCu,0.000000000000e+00
6396,11112,AO_TCu,0.000000000000e+00
6396,11112,PO_TCu,0.000000000000e+00
6396,11112,SED_TCu,0.000000000000e+00
6396,11112,SEDWSSD_TCu,0.000000000000e+00
6396,11112,SEDSCRS_TCu,0.000000000000e+00
6396,11112,SO_TPb,0.000000000000e+00
6396,11112,IO_TPb,0.000000000000e+00
6396,11112,AO_TPb,0.000000000000e+00
6396,11112,PO_TPb,0.000000000000e+00
6396,11112,SED_TPb,0.000000000000e+00
6396,11112,SEDWSSD_TPb,0.000000000000e+00
6396,11112,SEDSCRS_TPb,0.000000000000e+00
6396,11112,SO_TZn,0.000000000000e+00
6396,11112,IO_TZn,0.000000000000e+00
6396,11112,AO_TZn,0.000000000000e+00
6396,11112,PO_TZn,0.000000000000e+00
6396,11112,SED_TZn,0.000000000000e+00
6396,11112,SEDWSSD_TZn,0.000000000000e+00
6396,11112,SEDSCRS_TZn,0.000000000000e+00
6396,11121,AREA,0.000000000000e+00
6396,11121,PREC,0.000000000000e+00
6396,11121,SURO,0.000000000000e+00
6396,11121,IFWO,0.000000000000e+00
6396,11121,AGWO,0.000000000000e+00
6396,11121,PERO,0.000000000000e+00
6396,11121,TAET,0.000000000000e+00
6396,11121,SEDLOAD,0.000000000000e+00
6396,11121,SEDWSSD, 0.00000e+00
6396,11121,SEDSCRS, 0.00000e+00
6396,11121,SEDSURO, 0.00000e+00
6396,11121,SEDIFWO, 0.00000e+00
6396,11121,SEDAGWO, 0.00000e+00
6396,11121,SO_TN,0.000000000000e+00
6396,11121,IO_TN,0.000000000000e+00
6396,11121,AO_TN,0.000000000000e+00
6396,11121,PO_TN,0.000000000000e+00
6396,11121,SO_TP,0.000000000000e+00
6396,11121,IO_TP,0.000000000000e+00
6396,11121,AO_TP,0.000000000000e+00
6396,11121,PO_TP,0.000000000000e+00
6396,11121,SED_TP,0.000000000000e+00
6396,11121,SEDWSSD_TP,0.000000000000e+00
6396,11121,SEDSCRS_TP,0.000000000000e+00
6396,11121,SO_TCd,0.000000000000e+00
6396,11121,IO_TCd,0.000000000000e+00
6396,11121,AO_TCd,0.000000000000e+00
6396,11121,PO_TCd,0.000000000000e+00
6396,11121,SED_TCd,0.000000000000e+00
6396,11121,SEDWSSD_TCd,0.000000000000e+00
6396,11121,SEDSCRS_TCd,0.000000000000e+00
6396,11121,SO_TCu,0.000000000000e+00
6396,11121,IO_TCu,0.000000000000e+00
6396,11121,AO_TCu,0.000000000000e+00
6396,11121,PO_TCu,0.000000000000e+00
6396,11121,SED_TCu,0.000000000000e+00
6396,11121,SEDWSSD_TCu,0.000000000000e+00
6396,11121,SEDSCRS_TCu,0.000000000000e+00
6396,11121,SO_TPb,0.000000000000e+00
6396,11121,IO_TPb,0.000000000000e+00
6396,11121,AO_TPb,0.000000000000e+00
6396,11121,PO_TPb,0.000000000000e+00
6396,11121,SED_TPb,0.000000000000e+00
6396,11121,SEDWSSD_TPb,0.000000000000e+00
6396,11121,SEDSCRS_TPb,0.000000000000e+00
6396,11121,SO_TZn,0.000000000000e+00
6396,11121,IO_TZn,0.000000000000e+00
6396,11121,AO_TZn,0.000000000000e+00
6396,11121,PO_TZn,0.000000000000e+00
6396,11121,SED_TZn,0.000000000000e+00
6396,11121,SEDWSSD_TZn,0.000000000000e+00
6396,11121,SEDSCRS_TZn,0.000000000000e+00
6396,11122,AREA,0.000000000000e+00
6396,11122,PREC,0.000000000000e+00
6396,11122,SURO,0.000000000000e+00
6396,11122,IFWO,0.000000000000e+00
6396,11122,AGWO,0.000000000000e+00
6396,11122,PERO,0.000000000000e+00
6396,11122,TAET,0.000000000000e+00
6396,11122,SEDLOAD,0.000000000000e+00
6396,11122,SEDWSSD, 0.00000e+00
6396,11122,SEDSCRS, 0.00000e+00
6396,11122,SEDSURO, 0.00000e+00
6396,11122,SEDIFWO, 0.00000e+00
6396,11122,SEDAGWO, 0.00000e+00
6396,11122,SO_TN,0.000000000000e+00
6396,11122,IO_TN,0.000000000000e+00
6396,11122,AO_TN,0.000000000000e+00
6396,11122,PO_TN,0.000000000000e+00
6396,11122,SO_TP,0.000000000000e+00
6396,11122,IO_TP,0.000000000000e+00
6396,11122,AO_TP,0.000000000000e+00
6396,11122,PO_TP,0.000000000000e+00
6396,11122,SED_TP,0.000000000000e+00
6396,11122,SEDWSSD_TP,0.000000000000e+00
6396,11122,SEDSCRS_TP,0.000000000000e+00
6396,11122,SO_TCd,0.000000000000e+00
6396,11122,IO_TCd,0.000000000000e+00
6396,11122,AO_TCd,0.000000000000e+00
6396,11122,PO_TCd,0.000000000000e+00
6396,11122,SED_TCd,0.000000000000e+00
6396,11122,SEDWSSD_TCd,0.000000000000e+00
6396,11122,SEDSCRS_TCd,0.000000000000e+00
6396,11122,SO_TCu,0.000000000000e+00
6396,11122,IO_TCu,0.000000000000e+00
6396,11122,AO_TCu,0.000000000000e+00
6396,11122,PO_TCu,0.000000000000e+00
6396,11122,SED_TCu,0.000000000000e+00
6396,11122,SEDWSSD_TCu,0.000000000000e+00
6396,11122,SEDSCRS_TCu,0.000000000000e+00
6396,11122,SO_TPb,0.000000000000e+00
6396,11122,IO_TPb,0.000000000000e+00
6396,11122,AO_TPb,0.000000000000e+00
6396,11122,PO_TPb,0.000000000000e+00
6396,11122,SED_TPb,0.000000000000e+00
6396,11122,SEDWSSD_TPb,0.000000000000e+00
6396,11122,SEDSCRS_TPb,0.000000000000e+00
6396,11122,SO_TZn,0.000000000000e+00
6396,11122,IO_TZn,0.000000000000e+00
6396,11122,AO_TZn,0.000000000000e+00
6396,11122,PO_TZn,0.000000000000e+00
6396,11122,SED_TZn,0.000000000000e+00
6396,11122,SEDWSSD_TZn,0.000000000000e+00
6396,11122,SEDSCRS_TZn,0.000000000000e+00
6396,11211,AREA,8.177989999997e+00
6396,11211,PREC,8.277691462496e+01
6396,11211,SURO,9.043364211943e+00
6396,11211,IFWO,6.477170850386e+00
6396,11211,AGWO,9.321249713636e+01
6396,11211,PERO,1.087330321987e+02
6396,11211,TAET,2.113947650972e+02
6396,11211,SEDLOAD,2.970774951515e-01
6396,11211,SEDWSSD, 2.85782e-01
6396,11211,SEDSCRS, 0.00000e+00
6396,11211,SEDSURO, 0.00000e+00
6396,11211,SEDIFWO, 7.33906e-04
6396,11211,SEDAGWO, 1.05616e-02
6396,11211,SO_TN,4.203091424259e+00
6396,11211,IO_TN,1.467814645534e+00
6396,11211,AO_TN,6.336964313767e+00
6396,11211,PO_TN,1.200787038356e+01
6396,11211,SO_TP,5.715639901840e-01
6396,11211,IO_TP,5.871258582136e-01
6396,11211,AO_TP,4.224642875845e+00
6396,11211,PO_TP,5.383332724242e+00
6396,11211,SED_TP,5.715639901840e-01
6396,11211,SEDWSSD_TP,5.715639901840e-01
6396,11211,SEDSCRS_TP,0.000000000000e+00
6396,11211,SO_TCd,1.428909975460e-03
6396,11211,IO_TCd,0.000000000000e+00
6396,11211,AO_TCd,0.000000000000e+00
6396,11211,PO_TCd,1.428909975460e-03
6396,11211,SED_TCd,1.428909975460e-03
6396,11211,SEDWSSD_TCd,1.428909975460e-03
6396,11211,SEDSCRS_TCd,0.000000000000e+00
6396,11211,SO_TCu,1.428909975460e-01
6396,11211,IO_TCu,0.000000000000e+00
6396,11211,AO_TCu,0.000000000000e+00
6396,11211,PO_TCu,1.428909975460e-01
6396,11211,SED_TCu,1.428909975460e-01
6396,11211,SEDWSSD_TCu,1.428909975460e-01
6396,11211,SEDSCRS_TCu,0.000000000000e+00
6396,11211,SO_TPb,2.857819950920e-03
6396,11211,IO_TPb,0.000000000000e+00
6396,11211,AO_TPb,0.000000000000e+00
6396,11211,PO_TPb,2.857819950920e-03
6396,11211,SED_TPb,2.857819950920e-03
6396,11211,SEDWSSD_TPb,2.857819950920e-03
6396,11211,SEDSCRS_TPb,0.000000000000e+00
6396,11211,SO_TZn,1.028815182331e+00
6396,11211,IO_TZn,0.000000000000e+00
6396,11211,AO_TZn,1.056160718961e+00
6396,11211,PO_TZn,2.084975901292e+00
6396,11211,SED_TZn,1.028815182331e+00
6396,11211,SEDWSSD_TZn,1.028815182331e+00
6396,11211,SEDSCRS_TZn,0.000000000000e+00
6396,11212,AREA,3.791989999998e-01
6396,11212,PREC,3.838219813043e+00
6396,11212,SURO,4.419600697017e-01
6396,11212,IFWO,2.928242554980e-01
6396,11212,AGWO,3.015588157622e+00
6396,11212,PERO,3.750372482822e+00
6396,11212,TAET,9.801146014406e+00
6396,11212,SEDLOAD,1.329864033052e-02
6396,11212,SEDWSSD, 1.29238e-02
6396,11212,SEDSCRS, 0.00000e+00
6396,11212,SEDSURO, 0.00000e+00
6396,11212,SEDIFWO, 3.31789e-05
6396,11212,SEDAGWO, 3.41686e-04
6396,11212,SO_TN,2.038557022029e-01
6396,11212,IO_TN,6.635794248996e-02
6396,11212,AO_TN,2.050119364565e-01
6396,11212,PO_TN,4.752255811493e-01
6396,11212,SO_TP,2.584755055633e-02
6396,11212,IO_TP,2.654317699598e-02
6396,11212,AO_TP,1.366746243043e-01
6396,11212,PO_TP,1.890653518566e-01
6396,11212,SED_TP,2.584755055633e-02
6396,11212,SEDWSSD_TP,2.584755055633e-02
6396,11212,SEDSCRS_TP,0.000000000000e+00
6396,11212,SO_TCd,6.461887639083e-05
6396,11212,IO_TCd,0.000000000000e+00
6396,11212,AO_TCd,0.000000000000e+00
6396,11212,PO_TCd,6.461887639083e-05
6396,11212,SED_TCd,6.461887639083e-05
6396,11212,SEDWSSD_TCd,6.461887639083e-05
6396,11212,SEDSCRS_TCd,0.000000000000e+00
6396,11212,SO_TCu,6.461887639083e-03
6396,11212,IO_TCu,0.000000000000e+00
6396,11212,AO_TCu,0.000000000000e+00
6396,11212,PO_TCu,6.461887639083e-03
6396,11212,SED_TCu,6.461887639083e-03
6396,11212,SEDWSSD_TCu,6.461887639083e-03
6396,11212,SEDSCRS_TCu,0.000000000000e+00
6396,11212,SO_TPb,1.292377527817e-04
6396,11212,IO_TPb,0.000000000000e+00
6396,11212,AO_TPb,0.000000000000e+00
6396,11212,PO_TPb,1.292377527817e-04
6396,11212,SED_TPb,1.292377527817e-04
6396,11212,SEDWSSD_TPb,1.292377527817e-04
6396,11212,SEDSCRS_TPb,0.000000000000e+00
6396,11212,SO_TZn,4.652559100140e-02
6396,11212,IO_TZn,0.000000000000e+00
6396,11212,AO_TZn,3.416865607608e-02
6396,11212,PO_TZn,8.069424707748e-02
6396,11212,SED_TZn,4.652559100140e-02
6396,11212,SEDWSSD_TZn,4.652559100140e-02
6396,11212,SEDSCRS_TZn,0.000000000000e+00
6396,11221,AREA,1.772410000003e+00
6396,11221,PREC,1.794018227589e+01
6396,11221,SURO,2.149372431294e+00
6396,11221,IFWO,1.419541471880e+00
6396,11221,AGWO,2.022302964678e+01
6396,11221,PERO,2.379194354996e+01
6396,11221,TAET,4.561838748636e+01
6396,11221,SEDLOAD,7.041746707815e-02
6396,11221,SEDWSSD, 6.79652e-02
6396,11221,SEDSCRS, 0.00000e+00
6396,11221,SEDSURO, 0.00000e+00
6396,11221,SEDIFWO, 1.60843e-04
6396,11221,SEDAGWO, 2.29140e-03
6396,11221,SO_TN,9.914452746287e-01
6396,11221,IO_TN,3.216873246819e-01
6396,11221,AO_TN,1.374843729381e+00
6396,11221,PO_TN,2.687976328692e+00
6396,11221,SO_TP,1.359304406758e-01
6396,11221,IO_TP,1.286749298728e-01
6396,11221,AO_TP,9.165624862543e-01
6396,11221,PO_TP,1.181167856803e+00
6396,11221,SED_TP,1.359304406758e-01
6396,11221,SEDWSSD_TP,1.359304406758e-01
6396,11221,SEDSCRS_TP,0.000000000000e+00
6396,11221,SO_TCd,3.398261016895e-04
6396,11221,IO_TCd,0.000000000000e+00
6396,11221,AO_TCd,0.000000000000e+00
6396,11221,PO_TCd,3.398261016895e-04
6396,11221,SED_TCd,3.398261016895e-04
6396,11221,SEDWSSD_TCd,3.398261016895e-04
6396,11221,SEDSCRS_TCd,0.000000000000e+00
6396,11221,SO_TCu,3.398261016895e-02
6396,11221,IO_TCu,0.000000000000e+00
6396,11221,AO_TCu,0.000000000000e+00
6396,11221,PO_TCu,3.398261016895e-02
6396,11221,SED_TCu,3.398261016895e-02
6396,11221,SEDWSSD_TCu,3.398261016895e-02
6396,11221,SEDSCRS_TCu,0.000000000000e+00
6396,11221,SO_TPb,6.796522033789e-04
6396,11221,IO_TPb,0.000000000000e+00
6396,11221,AO_TPb,0.000000000000e+00
6396,11221,PO_TPb,6.796522033789e-04
6396,11221,SED_TPb,6.796522033789e-04
6396,11221,SEDWSSD_TPb,6.796522033789e-04
6396,11221,SEDSCRS_TPb,0.000000000000e+00
6396,11221,SO_TZn,2.446747932164e-01
6396,11221,IO_TZn,0.000000000000e+00
6396,11221,AO_TZn,2.291406215636e-01
6396,11221,PO_TZn,4.738154147800e-01
6396,11221,SED_TZn,2.446747932164e-01
6396,11221,SEDWSSD_TZn,2.446747932164e-01
6396,11221,SEDSCRS_TZn,0.000000000000e+00
6396,11222,AREA,3.225830000002e-01
6396,11222,PREC,3.265157508197e+00
6396,11222,SURO,4.070060730243e-01
6396,11222,IFWO,2.540263791242e-01
6396,11222,AGWO,2.568762479044e+00
6396,11222,PERO,3.229794931193e+00
6396,11222,TAET,8.302199063943e+00
6396,11222,SEDLOAD,1.290705784442e-02
6396,11222,SEDWSSD, 1.25872e-02
6396,11222,SEDSCRS, 0.00000e+00
6396,11222,SEDSURO, 0.00000e+00
6396,11222,SEDIFWO, 2.87829e-05
6396,11222,SEDAGWO, 2.91058e-04
6396,11222,SO_TN,1.873261983019e-01
6396,11222,IO_TN,5.756581820105e-02
6396,11222,AO_TN,1.746349112011e-01
6396,11222,PO_TN,4.195269277041e-01
6396,11222,SO_TP,2.517443431845e-02
6396,11222,IO_TP,2.302632728042e-02
6396,11222,AO_TP,1.164232741341e-01
6396,11222,PO_TP,1.646240357330e-01
6396,11222,SED_TP,2.517443431845e-02
6396,11222,SEDWSSD_TP,2.517443431845e-02
6396,11222,SEDSCRS_TP,0.000000000000e+00
6396,11222,SO_TCd,6.293608579613e-05
6396,11222,IO_TCd,0.000000000000e+00
6396,11222,AO_TCd,0.000000000000e+00
6396,11222,PO_TCd,6.293608579613e-05
6396,11222,SED_TCd,6.293608579613e-05
6396,11222,SEDWSSD_TCd,6.293608579613e-05
6396,11222,SEDSCRS_TCd,0.000000000000e+00
6396,11222,SO_TCu,6.293608579613e-03
6396,11222,IO_TCu,0.000000000000e+00
6396,11222,AO_TCu,0.000000000000e+00
6396,11222,PO_TCu,6.293608579613e-03
6396,11222,SED_TCu,6.293608579613e-03
6396,11222,SEDWSSD_TCu,6.293608579613e-03
6396,11222,SEDSCRS_TCu,0.000000000000e+00
6396,11222,SO_TPb,1.258721715923e-04
6396,11222,IO_TPb,0.000000000000e+00
6396,11222,AO_TPb,0.000000000000e+00
6396,11222,PO_TPb,1.258721715923e-04
6396,11222,SED_TPb,1.258721715923e-04
6396,11222,SEDWSSD_TPb,1.258721715923e-04
6396,11222,SEDSCRS_TPb,0.000000000000e+00
6396,11222,SO_TZn,4.531398177321e-02
6396,11222,IO_TZn,0.000000000000e+00
6396,11222,AO_TZn,2.910581853352e-02
6396,11222,PO_TZn,7.441980030674e-02
6396,11222,SED_TZn,4.531398177321e-02
6396,11222,SEDWSSD_TZn,4.531398177321e-02
6396,11222,SEDSCRS_TZn,0.000000000000e+00
6396,11311,AREA,8.797886000007e+00
6396,11311,PREC,8.905144886483e+01
6396,11311,SURO,2.418012003765e+01
6396,11311,IFWO,7.234738036899e+00
6396,11311,AGWO,8.308816874604e+01
6396,11311,PERO,1.145030268206e+02
6396,11311,TAET,2.295378238259e+02
6396,11311,SEDLOAD,3.509415555410e-01
6396,11311,SEDWSSD, 3.40707e-01
6396,11311,SEDSCRS, 0.00000e+00
6396,11311,SEDSURO, 0.00000e+00
6396,11311,SEDIFWO, 8.19744e-04
6396,11311,SEDAGWO, 9.41444e-03
6396,11311,SO_TN,8.225166167335e+00
6396,11311,IO_TN,1.639489630960e+00
6396,11311,AO_TN,5.648671330730e+00
6396,11311,PO_TN,1.551332712902e+01
6396,11311,SO_TP,6.814147432052e-01
6396,11311,IO_TP,6.557958523839e-01
6396,11311,AO_TP,3.765780887153e+00
6396,11311,PO_TP,5.102991482742e+00
6396,11311,SED_TP,6.814147432052e-01
6396,11311,SEDWSSD_TP,6.814147432052e-01
6396,11311,SEDSCRS_TP,0.000000000000e+00
6396,11311,SO_TCd,1.703536858013e-03
6396,11311,IO_TCd,0.000000000000e+00
6396,11311,AO_TCd,0.000000000000e+00
6396,11311,PO_TCd,1.703536858013e-03
6396,11311,SED_TCd,1.703536858013e-03
6396,11311,SEDWSSD_TCd,1.703536858013e-03
6396,11311,SEDSCRS_TCd,0.000000000000e+00
6396,11311,SO_TCu,1.703536858013e-01
6396,11311,IO_TCu,0.000000000000e+00
6396,11311,AO_TCu,0.000000000000e+00
6396,11311,PO_TCu,1.703536858013e-01
6396,11311,SED_TCu,1.703536858013e-01
6396,11311,SEDWSSD_TCu,1.703536858013e-01
6396,11311,SEDSCRS_TCu,0.000000000000e+00
6396,11311,SO_TPb,3.407073716026e-03
6396,11311,IO_TPb,0.000000000000e+00
6396,11311,AO_TPb,0.000000000000e+00
6396,11311,PO_TPb,3.407073716026e-03
6396,11311,SED_TPb,3.407073716026e-03
6396,11311,SEDWSSD_TPb,3.407073716026e-03
6396,11311,SEDSCRS_TPb,0.000000000000e+00
6396,11311,SO_TZn,1.226546537769e+00
6396,11311,IO_TZn,0.000000000000e+00
6396,11311,AO_TZn,9.414452217883e-01
6396,11311,PO_TZn,2.167991759558e+00
6396,11311,SED_TZn,1.226546537769e+00
6396,11311,SEDWSSD_TZn,1.226546537769e+00
6396,11311,SEDSCRS_TZn,0.000000000000e+00
6396,11312,AREA,0.000000000000e+00
6396,11312,PREC,0.000000000000e+00
6396,11312,SURO,0.000000000000e+00
6396,11312,IFWO,0.000000000000e+00
6396,11312,AGWO,0.000000000000e+00
6396,11312,PERO,0.000000000000e+00
6396,11312,TAET,0.000000000000e+00
6396,11312,SEDLOAD,0.000000000000e+00
6396,11312,SEDWSSD, 0.00000e+00
6396,11312,SEDSCRS, 0.00000e+00
6396,11312,SEDSURO, 0.00000e+00
6396,11312,SEDIFWO, 0.00000e+00
6396,11312,SEDAGWO, 0.00000e+00
6396,11312,SO_TN,0.000000000000e+00
6396,11312,IO_TN,0.000000000000e+00
6396,11312,AO_TN,0.000000000000e+00
6396,11312,PO_TN,0.000000000000e+00
6396,11312,SO_TP,0.000000000000e+00
6396,11312,IO_TP,0.000000000000e+00
6396,11312,AO_TP,0.000000000000e+00
6396,11312,PO_TP,0.000000000000e+00
6396,11312,SED_TP,0.000000000000e+00
6396,11312,SEDWSSD_TP,0.000000000000e+00
6396,11312,SEDSCRS_TP,0.000000000000e+00
6396,11312,SO_TCd,0.000000000000e+00
6396,11312,IO_TCd,0.000000000000e+00
6396,11312,AO_TCd,0.000000000000e+00
6396,11312,PO_TCd,0.000000000000e+00
6396,11312,SED_TCd,0.000000000000e+00
6396,11312,SEDWSSD_TCd,0.000000000000e+00
6396,11312,SEDSCRS_TCd,0.000000000000e+00
6396,11312,SO_TCu,0.000000000000e+00
6396,11312,IO_TCu,0.000000000000e+00
6396,11312,AO_TCu,0.000000000000e+00
6396,11312,PO_TCu,0.000000000000e+00
6396,11312,SED_TCu,0.000000000000e+00
6396,11312,SEDWSSD_TCu,0.000000000000e+00
6396,11312,SEDSCRS_TCu,0.000000000000e+00
6396,11312,SO_TPb,0.000000000000e+00
6396,11312,IO_TPb,0.000000000000e+00
6396,11312,AO_TPb,0.000000000000e+00
6396,11312,PO_TPb,0.000000000000e+00
6396,11312,SED_TPb,0.000000000000e+00
6396,11312,SEDWSSD_TPb,0.000000000000e+00
6396,11312,SEDSCRS_TPb,0.000000000000e+00
6396,11312,SO_TZn,0.000000000000e+00
6396,11312,IO_TZn,0.000000000000e+00
6396,11312,AO_TZn,0.000000000000e+00
6396,11312,PO_TZn,0.000000000000e+00
6396,11312,SED_TZn,0.000000000000e+00
6396,11312,SEDWSSD_TZn,0.000000000000e+00
6396,11312,SEDSCRS_TZn,0.000000000000e+00
6396,11321,AREA,3.760741000004e+00
6396,11321,PREC,3.806589842780e+01
6396,11321,SURO,1.093664934430e+01
6396,11321,IFWO,3.078778324021e+00
6396,11321,AGWO,3.550555798184e+01
6396,11321,PERO,4.952098565016e+01
6396,11321,TAET,9.765095214442e+01
6396,11321,SEDLOAD,1.388437079677e-01
6396,11321,SEDWSSD, 1.34472e-01
6396,11321,SEDSCRS, 0.00000e+00
6396,11321,SEDSURO, 0.00000e+00
6396,11321,SEDIFWO, 3.48846e-04
6396,11321,SEDAGWO, 4.02302e-03
6396,11321,SO_TN,3.689738176421e+00
6396,11321,IO_TN,6.976928691145e-01
6396,11321,AO_TN,2.413812104423e+00
6396,11321,PO_TN,6.801243149959e+00
6396,11321,SO_TP,2.689436939061e-01
6396,11321,IO_TP,2.790771476458e-01
6396,11321,AO_TP,1.609208069616e+00
6396,11321,PO_TP,2.157228911167e+00
6396,11321,SED_TP,2.689436939061e-01
6396,11321,SEDWSSD_TP,2.689436939061e-01
6396,11321,SEDSCRS_TP,0.000000000000e+00
6396,11321,SO_TCd,6.723592347653e-04
6396,11321,IO_TCd,0.000000000000e+00
6396,11321,AO_TCd,0.000000000000e+00
6396,11321,PO_TCd,6.723592347653e-04
6396,11321,SED_TCd,6.723592347653e-04
6396,11321,SEDWSSD_TCd,6.723592347653e-04
6396,11321,SEDSCRS_TCd,0.000000000000e+00
6396,11321,SO_TCu,6.723592347653e-02
6396,11321,IO_TCu,0.000000000000e+00
6396,11321,AO_TCu,0.000000000000e+00
6396,11321,PO_TCu,6.723592347653e-02
6396,11321,SED_TCu,6.723592347653e-02
6396,11321,SEDWSSD_TCu,6.723592347653e-02
6396,11321,SEDSCRS_TCu,0.000000000000e+00
6396,11321,SO_TPb,1.344718469531e-03
6396,11321,IO_TPb,0.000000000000e+00
6396,11321,AO_TPb,0.000000000000e+00
6396,11321,PO_TPb,1.344718469531e-03
6396,11321,SED_TPb,1.344718469531e-03
6396,11321,SEDWSSD_TPb,1.344718469531e-03
6396,11321,SEDSCRS_TPb,0.000000000000e+00
6396,11321,SO_TZn,4.840986490310e-01
6396,11321,IO_TZn,0.000000000000e+00
6396,11321,AO_TZn,4.023020174039e-01
6396,11321,PO_TZn,8.864006664348e-01
6396,11321,SED_TZn,4.840986490310e-01
6396,11321,SEDWSSD_TZn,4.840986490310e-01
6396,11321,SEDSCRS_TZn,0.000000000000e+00
6396,11322,AREA,0.000000000000e+00
6396,11322,PREC,0.000000000000e+00
6396,11322,SURO,0.000000000000e+00
6396,11322,IFWO,0.000000000000e+00
6396,11322,AGWO,0.000000000000e+00
6396,11322,PERO,0.000000000000e+00
6396,11322,TAET,0.000000000000e+00
6396,11322,SEDLOAD,0.000000000000e+00
6396,11322,SEDWSSD, 0.00000e+00
6396,11322,SEDSCRS, 0.00000e+00
6396,11322,SEDSURO, 0.00000e+00
6396,11322,SEDIFWO, 0.00000e+00
6396,11322,SEDAGWO, 0.00000e+00
6396,11322,SO_TN,0.000000000000e+00
6396,11322,IO_TN,0.000000000000e+00
6396,11322,AO_TN,0.000000000000e+00
6396,11322,PO_TN,0.000000000000e+00
6396,11322,SO_TP,0.000000000000e+00
6396,11322,IO_TP,0.000000000000e+00
6396,11322,AO_TP,0.000000000000e+00
6396,11322,PO_TP,0.000000000000e+00
6396,11322,SED_TP,0.000000000000e+00
6396,11322,SEDWSSD_TP,0.000000000000e+00
6396,11322,SEDSCRS_TP,0.000000000000e+00
6396,11322,SO_TCd,0.000000000000e+00
6396,11322,IO_TCd,0.000000000000e+00
6396,11322,AO_TCd,0.000000000000e+00
6396,11322,PO_TCd,0.000000000000e+00
6396,11322,SED_TCd,0.000000000000e+00
6396,11322,SEDWSSD_TCd,0.000000000000e+00
6396,11322,SEDSCRS_TCd,0.000000000000e+00
6396,11322,SO_TCu,0.000000000000e+00
6396,11322,IO_TCu,0.000000000000e+00
6396,11322,AO_TCu,0.000000000000e+00
6396,11322,PO_TCu,0.000000000000e+00
6396,11322,SED_TCu,0.000000000000e+00
6396,11322,SEDWSSD_TCu,0.000000000000e+00
6396,11322,SEDSCRS_TCu,0.000000000000e+00
6396,11322,SO_TPb,0.000000000000e+00
6396,11322,IO_TPb,0.000000000000e+00
6396,11322,AO_TPb,0.000000000000e+00
6396,11322,PO_TPb,0.000000000000e+00
6396,11322,SED_TPb,0.000000000000e+00
6396,11322,SEDWSSD_TPb,0.000000000000e+00
6396,11322,SEDSCRS_TPb,0.000000000000e+00
6396,11322,SO_TZn,0.000000000000e+00
6396,11322,IO_TZn,0.000000000000e+00
6396,11322,AO_TZn,0.000000000000e+00
6396,11322,PO_TZn,0.000000000000e+00
6396,11322,SED_TZn,0.000000000000e+00
6396,11322,SEDWSSD_TZn,0.000000000000e+00
6396,11322,SEDSCRS_TZn,0.000000000000e+00
6396,11411,AREA,1.793296499999e+01
6396,11411,PREC,1.815159364070e+02
6396,11411,SURO,7.204440883130e+01
6396,11411,IFWO,1.277367234216e+01
6396,11411,AGWO,1.460745290159e+02
6396,11411,PERO,2.308926101894e+02
6396,11411,TAET,4.701072377960e+02
6396,11411,SEDLOAD,5.092513313252e-01
6396,11411,SEDWSSD, 4.91253e-01
6396,11411,SEDSCRS, 0.00000e+00
6396,11411,SEDSURO, 0.00000e+00
6396,11411,SEDIFWO, 1.44734e-03
6396,11411,SEDAGWO, 1.65512e-02
6396,11411,SO_TN,2.114076399730e+01
6396,11411,IO_TN,2.894687167307e+00
6396,11411,AO_TN,9.930740039824e+00
6396,11411,PO_TN,3.396619120443e+01
6396,11411,SO_TP,9.825055547430e-01
6396,11411,IO_TP,1.157874866923e+00
6396,11411,AO_TP,6.620493359883e+00
6396,11411,PO_TP,8.760873781549e+00
6396,11411,SED_TP,9.825055547430e-01
6396,11411,SEDWSSD_TP,9.825055547430e-01
6396,11411,SEDSCRS_TP,0.000000000000e+00
6396,11411,SO_TCd,2.456263886858e-03
6396,11411,IO_TCd,0.000000000000e+00
6396,11411,AO_TCd,0.000000000000e+00
6396,11411,PO_TCd,2.456263886858e-03
6396,11411,SED_TCd,2.456263886858e-03
6396,11411,SEDWSSD_TCd,2.456263886858e-03
6396,11411,SEDSCRS_TCd,0.000000000000e+00
6396,11411,SO_TCu,2.456263886858e-01
6396,11411,IO_TCu,0.000000000000e+00
6396,11411,AO_TCu,0.000000000000e+00
6396,11411,PO_TCu,2.456263886858e-01
6396,11411,SED_TCu,2.456263886858e-01
6396,11411,SEDWSSD_TCu,2.456263886858e-01
6396,11411,SEDSCRS_TCu,0.000000000000e+00
6396,11411,SO_TPb,4.912527773715e-03
6396,11411,IO_TPb,0.000000000000e+00
6396,11411,AO_TPb,0.000000000000e+00
6396,11411,PO_TPb,4.912527773715e-03
6396,11411,SED_TPb,4.912527773715e-03
6396,11411,SEDWSSD_TPb,4.912527773715e-03
6396,11411,SEDSCRS_TPb,0.000000000000e+00
6396,11411,SO_TZn,1.768509998537e+00
6396,11411,IO_TZn,0.000000000000e+00
6396,11411,AO_TZn,1.655123339971e+00
6396,11411,PO_TZn,3.423633338508e+00
6396,11411,SED_TZn,1.768509998537e+00
6396,11411,SEDWSSD_TZn,1.768509998537e+00
6396,11411,SEDSCRS_TZn,0.000000000000e+00
6396,11412,AREA,1.619097700000e+01
6396,11412,PREC,1.638836830106e+02
6396,11412,SURO,6.598877442020e+01
6396,11412,IFWO,1.126895032013e+01
6396,11412,AGWO,9.191004356909e+01
6396,11412,PERO,1.691677683094e+02
6396,11412,TAET,4.243708094914e+02
6396,11412,SEDLOAD,4.556238737965e-01
6396,11412,SEDWSSD, 4.43933e-01
6396,11412,SEDSCRS, 0.00000e+00
6396,11412,SEDSURO, 0.00000e+00
6396,11412,SEDIFWO, 1.27685e-03
6396,11412,SEDAGWO, 1.04140e-02
6396,11412,SO_TN,1.924546847185e+01
6396,11412,IO_TN,2.553696776225e+00
6396,11412,AO_TN,6.248418227891e+00
6396,11412,PO_TN,2.804758347597e+01
6396,11412,SO_TP,8.878660199747e-01
6396,11412,IO_TP,1.021478710490e+00
6396,11412,AO_TP,4.165612151927e+00
6396,11412,PO_TP,6.074956882392e+00
6396,11412,SED_TP,8.878660199747e-01
6396,11412,SEDWSSD_TP,8.878660199747e-01
6396,11412,SEDSCRS_TP,0.000000000000e+00
6396,11412,SO_TCd,2.219665049937e-03
6396,11412,IO_TCd,0.000000000000e+00
6396,11412,AO_TCd,0.000000000000e+00
6396,11412,PO_TCd,2.219665049937e-03
6396,11412,SED_TCd,2.219665049937e-03
6396,11412,SEDWSSD_TCd,2.219665049937e-03
6396,11412,SEDSCRS_TCd,0.000000000000e+00
6396,11412,SO_TCu,2.219665049937e-01
6396,11412,IO_TCu,0.000000000000e+00
6396,11412,AO_TCu,0.000000000000e+00
6396,11412,PO_TCu,2.219665049937e-01
6396,11412,SED_TCu,2.219665049937e-01
6396,11412,SEDWSSD_TCu,2.219665049937e-01
6396,11412,SEDSCRS_TCu,0.000000000000e+00
6396,11412,SO_TPb,4.439330099873e-03
6396,11412,IO_TPb,0.000000000000e+00
6396,11412,AO_TPb,0.000000000000e+00
6396,11412,PO_TPb,4.439330099873e-03
6396,11412,SED_TPb,4.439330099873e-03
6396,11412,SEDWSSD_TPb,4.439330099873e-03
6396,11412,SEDSCRS_TPb,0.000000000000e+00
6396,11412,SO_TZn,1.598158835954e+00
6396,11412,IO_TZn,0.000000000000e+00
6396,11412,AO_TZn,1.041403037982e+00
6396,11412,PO_TZn,2.639561873936e+00
6396,11412,SED_TZn,1.598158835954e+00
6396,11412,SEDWSSD_TZn,1.598158835954e+00
6396,11412,SEDSCRS_TZn,0.000000000000e+00
6396,11421,AREA,1.556276000002e+00
6396,11421,PREC,1.575249243211e+01
6396,11421,SURO,6.579360374789e+00
6396,11421,IFWO,1.089415519752e+00
6396,11421,AGWO,1.262248870082e+01
6396,11421,PERO,2.029126459536e+01
6396,11421,TAET,4.059356547838e+01
6396,11421,SEDLOAD,3.580754053348e-02
6396,11421,SEDWSSD, 3.42539e-02
6396,11421,SEDSCRS, 0.00000e+00
6396,11421,SEDSURO, 0.00000e+00
6396,11421,SEDIFWO, 1.23438e-04
6396,11421,SEDAGWO, 1.43021e-03
6396,11421,SO_TN,1.899702908083e+00
6396,11421,IO_TN,2.468763124982e-01
6396,11421,AO_TN,8.581280719366e-01
6396,11421,PO_TN,3.004707292517e+00
6396,11421,SO_TP,6.850778182389e-02
6396,11421,IO_TP,9.875052499928e-02
6396,11421,AO_TP,5.720853812911e-01
6396,11421,PO_TP,7.393436881143e-01
6396,11421,SED_TP,6.850778182389e-02
6396,11421,SEDWSSD_TP,6.850778182389e-02
6396,11421,SEDSCRS_TP,0.000000000000e+00
6396,11421,SO_TCd,1.712694545597e-04
6396,11421,IO_TCd,0.000000000000e+00
6396,11421,AO_TCd,0.000000000000e+00
6396,11421,PO_TCd,1.712694545597e-04
6396,11421,SED_TCd,1.712694545597e-04
6396,11421,SEDWSSD_TCd,1.712694545597e-04
6396,11421,SEDSCRS_TCd,0.000000000000e+00
6396,11421,SO_TCu,1.712694545597e-02
6396,11421,IO_TCu,0.000000000000e+00
6396,11421,AO_TCu,0.000000000000e+00
6396,11421,PO_TCu,1.712694545597e-02
6396,11421,SED_TCu,1.712694545597e-02
6396,11421,SEDWSSD_TCu,1.712694545597e-02
6396,11421,SEDSCRS_TCu,0.000000000000e+00
6396,11421,SO_TPb,3.425389091194e-04
6396,11421,IO_TPb,0.000000000000e+00
6396,11421,AO_TPb,0.000000000000e+00
6396,11421,PO_TPb,3.425389091194e-04
6396,11421,SED_TPb,3.425389091194e-04
6396,11421,SEDWSSD_TPb,3.425389091194e-04
6396,11421,SEDSCRS_TPb,0.000000000000e+00
6396,11421,SO_TZn,1.233140072830e-01
6396,11421,IO_TZn,0.000000000000e+00
6396,11421,AO_TZn,1.430213453228e-01
6396,11421,PO_TZn,2.663353526058e-01
6396,11421,SED_TZn,1.233140072830e-01
6396,11421,SEDWSSD_TZn,1.233140072830e-01
6396,11421,SEDSCRS_TZn,0.000000000000e+00
6396,11422,AREA,5.418429999995e-01
6396,11422,PREC,5.484488456348e+00
6396,11422,SURO,2.358463056641e+00
6396,11422,IFWO,3.598841740065e-01
6396,11422,AGWO,3.047203719060e+00
6396,11422,PERO,5.765550949708e+00
6396,11422,TAET,1.412726803061e+01
6396,11422,SEDLOAD,1.232581644527e-02
6396,11422,SEDWSSD, 1.19398e-02
6396,11422,SEDSCRS, 0.00000e+00
6396,11422,SEDSURO, 0.00000e+00
6396,11422,SEDIFWO, 4.07773e-05
6396,11422,SEDAGWO, 3.45268e-04
6396,11422,SO_TN,6.726945846553e-01
6396,11422,IO_TN,8.155462832530e-02
6396,11422,AO_TN,2.071612907893e-01
6396,11422,PO_TN,9.614105037699e-01
6396,11422,SO_TP,2.387954161417e-02
6396,11422,IO_TP,3.262185133012e-02
6396,11422,AO_TP,1.381075271929e-01
6396,11422,PO_TP,1.946089201372e-01
6396,11422,SED_TP,2.387954161417e-02
6396,11422,SEDWSSD_TP,2.387954161417e-02
6396,11422,SEDSCRS_TP,0.000000000000e+00
6396,11422,SO_TCd,5.969885403543e-05
6396,11422,IO_TCd,0.000000000000e+00
6396,11422,AO_TCd,0.000000000000e+00
6396,11422,PO_TCd,5.969885403543e-05
6396,11422,SED_TCd,5.969885403543e-05
6396,11422,SEDWSSD_TCd,5.969885403543e-05
6396,11422,SEDSCRS_TCd,0.000000000000e+00
6396,11422,SO_TCu,5.969885403543e-03
6396,11422,IO_TCu,0.000000000000e+00
6396,11422,AO_TCu,0.000000000000e+00
6396,11422,PO_TCu,5.969885403543e-03
6396,11422,SED_TCu,5.969885403543e-03
6396,11422,SEDWSSD_TCu,5.969885403543e-03
6396,11422,SEDSCRS_TCu,0.000000000000e+00
6396,11422,SO_TPb,1.193977080709e-04
6396,11422,IO_TPb,0.000000000000e+00
6396,11422,AO_TPb,0.000000000000e+00
6396,11422,PO_TPb,1.193977080709e-04
6396,11422,SED_TPb,1.193977080709e-04
6396,11422,SEDWSSD_TPb,1.193977080709e-04
6396,11422,SEDSCRS_TPb,0.000000000000e+00
6396,11422,SO_TZn,4.298317490551e-02
6396,11422,IO_TZn,0.000000000000e+00
6396,11422,AO_TZn,3.452688179822e-02
6396,11422,PO_TZn,7.751005670372e-02
6396,11422,SED_TZn,4.298317490551e-02
6396,11422,SEDWSSD_TZn,4.298317490551e-02
6396,11422,SEDSCRS_TZn,0.000000000000e+00
6396,12111,AREA,0.000000000000e+00
6396,12111,PREC,0.000000000000e+00
6396,12111,SURO,0.000000000000e+00
6396,12111,IFWO,0.000000000000e+00
6396,12111,AGWO,0.000000000000e+00
6396,12111,PERO,0.000000000000e+00
6396,12111,TAET,0.000000000000e+00
6396,12111,SEDLOAD,0.000000000000e+00
6396,12111,SEDWSSD, 0.00000e+00
6396,12111,SEDSCRS, 0.00000e+00
6396,12111,SEDSURO, 0.00000e+00
6396,12111,SEDIFWO, 0.00000e+00
6396,12111,SEDAGWO, 0.00000e+00
6396,12111,SO_TN,0.000000000000e+00
6396,12111,IO_TN,0.000000000000e+00
6396,12111,AO_TN,0.000000000000e+00
6396,12111,PO_TN,0.000000000000e+00
6396,12111,SO_TP,0.000000000000e+00
6396,12111,IO_TP,0.000000000000e+00
6396,12111,AO_TP,0.000000000000e+00
6396,12111,PO_TP,0.000000000000e+00
6396,12111,SED_TP,0.000000000000e+00
6396,12111,SEDWSSD_TP,0.000000000000e+00
6396,12111,SEDSCRS_TP,0.000000000000e+00
6396,12111,SO_TCd,0.000000000000e+00
6396,12111,IO_TCd,0.000000000000e+00
6396,12111,AO_TCd,0.000000000000e+00
6396,12111,PO_TCd,0.000000000000e+00
6396,12111,SED_TCd,0.000000000000e+00
6396,12111,SEDWSSD_TCd,0.000000000000e+00
6396,12111,SEDSCRS_TCd,0.000000000000e+00
6396,12111,SO_TCu,0.000000000000e+00
6396,12111,IO_TCu,0.000000000000e+00
6396,12111,AO_TCu,0.000000000000e+00
6396,12111,PO_TCu,0.000000000000e+00
6396,12111,SED_TCu,0.000000000000e+00
6396,12111,SEDWSSD_TCu,0.000000000000e+00
6396,12111,SEDSCRS_TCu,0.000000000000e+00
6396,12111,SO_TPb,0.000000000000e+00
6396,12111,IO_TPb,0.000000000000e+00
6396,12111,AO_TPb,0.000000000000e+00
6396,12111,PO_TPb,0.000000000000e+00
6396,12111,SED_TPb,0.000000000000e+00
6396,12111,SEDWSSD_TPb,0.000000000000e+00
6396,12111,SEDSCRS_TPb,0.000000000000e+00
6396,12111,SO_TZn,0.000000000000e+00
6396,12111,IO_TZn,0.000000000000e+00
6396,12111,AO_TZn,0.000000000000e+00
6396,12111,PO_TZn,0.000000000000e+00
6396,12111,SED_TZn,0.000000000000e+00
6396,12111,SEDWSSD_TZn,0.000000000000e+00
6396,12111,SEDSCRS_TZn,0.000000000000e+00
6396,12112,AREA,0.000000000000e+00
6396,12112,PREC,0.000000000000e+00
6396,12112,SURO,0.000000000000e+00
6396,12112,IFWO,0.000000000000e+00
6396,12112,AGWO,0.000000000000e+00
6396,12112,PERO,0.000000000000e+00
6396,12112,TAET,0.000000000000e+00
6396,12112,SEDLOAD,0.000000000000e+00
6396,12112,SEDWSSD, 0.00000e+00
6396,12112,SEDSCRS, 0.00000e+00
6396,12112,SEDSURO, 0.00000e+00
6396,12112,SEDIFWO, 0.00000e+00
6396,12112,SEDAGWO, 0.00000e+00
6396,12112,SO_TN,0.000000000000e+00
6396,12112,IO_TN,0.000000000000e+00
6396,12112,AO_TN,0.000000000000e+00
6396,12112,PO_TN,0.000000000000e+00
6396,12112,SO_TP,0.000000000000e+00
6396,12112,IO_TP,0.000000000000e+00
6396,12112,AO_TP,0.000000000000e+00
6396,12112,PO_TP,0.000000000000e+00
6396,12112,SED_TP,0.000000000000e+00
6396,12112,SEDWSSD_TP,0.000000000000e+00
6396,12112,SEDSCRS_TP,0.000000000000e+00
6396,12112,SO_TCd,0.000000000000e+00
6396,12112,IO_TCd,0.000000000000e+00
6396,12112,AO_TCd,0.000000000000e+00
6396,12112,PO_TCd,0.000000000000e+00
6396,12112,SED_TCd,0.000000000000e+00
6396,12112,SEDWSSD_TCd,0.000000000000e+00
6396,12112,SEDSCRS_TCd,0.000000000000e+00
6396,12112,SO_TCu,0.000000000000e+00
6396,12112,IO_TCu,0.000000000000e+00
6396,12112,AO_TCu,0.000000000000e+00
6396,12112,PO_TCu,0.000000000000e+00
6396,12112,SED_TCu,0.000000000000e+00
6396,12112,SEDWSSD_TCu,0.000000000000e+00
6396,12112,SEDSCRS_TCu,0.000000000000e+00
6396,12112,SO_TPb,0.000000000000e+00
6396,12112,IO_TPb,0.000000000000e+00
6396,12112,AO_TPb,0.000000000000e+00
6396,12112,PO_TPb,0.000000000000e+00
6396,12112,SED_TPb,0.000000000000e+00
6396,12112,SEDWSSD_TPb,0.000000000000e+00
6396,12112,SEDSCRS_TPb,0.000000000000e+00
6396,12112,SO_TZn,0.000000000000e+00
6396,12112,IO_TZn,0.000000000000e+00
6396,12112,AO_TZn,0.000000000000e+00
6396,12112,PO_TZn,0.000000000000e+00
6396,12112,SED_TZn,0.000000000000e+00
6396,12112,SEDWSSD_TZn,0.000000000000e+00
6396,12112,SEDSCRS_TZn,0.000000000000e+00
6396,12121,AREA,0.000000000000e+00
6396,12121,PREC,0.000000000000e+00
6396,12121,SURO,0.000000000000e+00
6396,12121,IFWO,0.000000000000e+00
6396,12121,AGWO,0.000000000000e+00
6396,12121,PERO,0.000000000000e+00
6396,12121,TAET,0.000000000000e+00
6396,12121,SEDLOAD,0.000000000000e+00
6396,12121,SEDWSSD, 0.00000e+00
6396,12121,SEDSCRS, 0.00000e+00
6396,12121,SEDSURO, 0.00000e+00
6396,12121,SEDIFWO, 0.00000e+00
6396,12121,SEDAGWO, 0.00000e+00
6396,12121,SO_TN,0.000000000000e+00
6396,12121,IO_TN,0.000000000000e+00
6396,12121,AO_TN,0.000000000000e+00
6396,12121,PO_TN,0.000000000000e+00
6396,12121,SO_TP,0.000000000000e+00
6396,12121,IO_TP,0.000000000000e+00
6396,12121,AO_TP,0.000000000000e+00
6396,12121,PO_TP,0.000000000000e+00
6396,12121,SED_TP,0.000000000000e+00
6396,12121,SEDWSSD_TP,0.000000000000e+00
6396,12121,SEDSCRS_TP,0.000000000000e+00
6396,12121,SO_TCd,0.000000000000e+00
6396,12121,IO_TCd,0.000000000000e+00
6396,12121,AO_TCd,0.000000000000e+00
6396,12121,PO_TCd,0.000000000000e+00
6396,12121,SED_TCd,0.000000000000e+00
6396,12121,SEDWSSD_TCd,0.000000000000e+00
6396,12121,SEDSCRS_TCd,0.000000000000e+00
6396,12121,SO_TCu,0.000000000000e+00
6396,12121,IO_TCu,0.000000000000e+00
6396,12121,AO_TCu,0.000000000000e+00
6396,12121,PO_TCu,0.000000000000e+00
6396,12121,SED_TCu,0.000000000000e+00
6396,12121,SEDWSSD_TCu,0.000000000000e+00
6396,12121,SEDSCRS_TCu,0.000000000000e+00
6396,12121,SO_TPb,0.000000000000e+00
6396,12121,IO_TPb,0.000000000000e+00
6396,12121,AO_TPb,0.000000000000e+00
6396,12121,PO_TPb,0.000000000000e+00
6396,12121,SED_TPb,0.000000000000e+00
6396,12121,SEDWSSD_TPb,0.000000000000e+00
6396,12121,SEDSCRS_TPb,0.000000000000e+00
6396,12121,SO_TZn,0.000000000000e+00
6396,12121,IO_TZn,0.000000000000e+00
6396,12121,AO_TZn,0.000000000000e+00
6396,12121,PO_TZn,0.000000000000e+00
6396,12121,SED_TZn,0.000000000000e+00
6396,12121,SEDWSSD_TZn,0.000000000000e+00
6396,12121,SEDSCRS_TZn,0.000000000000e+00
6396,12122,AREA,0.000000000000e+00
6396,12122,PREC,0.000000000000e+00
6396,12122,SURO,0.000000000000e+00
6396,12122,IFWO,0.000000000000e+00
6396,12122,AGWO,0.000000000000e+00
6396,12122,PERO,0.000000000000e+00
6396,12122,TAET,0.000000000000e+00
6396,12122,SEDLOAD,0.000000000000e+00
6396,12122,SEDWSSD, 0.00000e+00
6396,12122,SEDSCRS, 0.00000e+00
6396,12122,SEDSURO, 0.00000e+00
6396,12122,SEDIFWO, 0.00000e+00
6396,12122,SEDAGWO, 0.00000e+00
6396,12122,SO_TN,0.000000000000e+00
6396,12122,IO_TN,0.000000000000e+00
6396,12122,AO_TN,0.000000000000e+00
6396,12122,PO_TN,0.000000000000e+00
6396,12122,SO_TP,0.000000000000e+00
6396,12122,IO_TP,0.000000000000e+00
6396,12122,AO_TP,0.000000000000e+00
6396,12122,PO_TP,0.000000000000e+00
6396,12122,SED_TP,0.000000000000e+00
6396,12122,SEDWSSD_TP,0.000000000000e+00
6396,12122,SEDSCRS_TP,0.000000000000e+00
6396,12122,SO_TCd,0.000000000000e+00
6396,12122,IO_TCd,0.000000000000e+00
6396,12122,AO_TCd,0.000000000000e+00
6396,12122,PO_TCd,0.000000000000e+00
6396,12122,SED_TCd,0.000000000000e+00
6396,12122,SEDWSSD_TCd,0.000000000000e+00
6396,12122,SEDSCRS_TCd,0.000000000000e+00
6396,12122,SO_TCu,0.000000000000e+00
6396,12122,IO_TCu,0.000000000000e+00
6396,12122,AO_TCu,0.000000000000e+00
6396,12122,PO_TCu,0.000000000000e+00
6396,12122,SED_TCu,0.000000000000e+00
6396,12122,SEDWSSD_TCu,0.000000000000e+00
6396,12122,SEDSCRS_TCu,0.000000000000e+00
6396,12122,SO_TPb,0.000000000000e+00
6396,12122,IO_TPb,0.000000000000e+00
6396,12122,AO_TPb,0.000000000000e+00
6396,12122,PO_TPb,0.000000000000e+00
6396,12122,SED_TPb,0.000000000000e+00
6396,12122,SEDWSSD_TPb,0.000000000000e+00
6396,12122,SEDSCRS_TPb,0.000000000000e+00
6396,12122,SO_TZn,0.000000000000e+00
6396,12122,IO_TZn,0.000000000000e+00
6396,12122,AO_TZn,0.000000000000e+00
6396,12122,PO_TZn,0.000000000000e+00
6396,12122,SED_TZn,0.000000000000e+00
6396,12122,SEDWSSD_TZn,0.000000000000e+00
6396,12122,SEDSCRS_TZn,0.000000000000e+00
6396,12211,AREA,2.107832000003e+01
6396,12211,PREC,2.133529504288e+02
6396,12211,SURO,2.012256987066e+00
6396,12211,IFWO,6.015943720222e-01
6396,12211,AGWO,5.151297889356e+01
6396,12211,PERO,5.412683025265e+01
6396,12211,TAET,1.612370975838e+02
6396,12211,SEDLOAD,4.935445163023e-02
6396,12211,SEDWSSD, 4.34495e-02
6396,12211,SEDSCRS, 0.00000e+00
6396,12211,SEDSURO, 0.00000e+00
6396,12211,SEDIFWO, 6.81646e-05
6396,12211,SEDAGWO, 5.83676e-03
6396,12211,SO_TN,1.421565537401e+00
6396,12211,IO_TN,1.363294330691e-01
6396,12211,AO_TN,3.502061622347e+00
6396,12211,PO_TN,5.059956592816e+00
6396,12211,SO_TP,8.689905019729e-02
6396,12211,IO_TP,5.453177322766e-02
6396,12211,AO_TP,2.334707748231e+00
6396,12211,PO_TP,2.476138571656e+00
6396,12211,SED_TP,8.689905019729e-02
6396,12211,SEDWSSD_TP,8.689905019729e-02
6396,12211,SEDSCRS_TP,0.000000000000e+00
6396,12211,SO_TCd,2.172476254932e-04
6396,12211,IO_TCd,0.000000000000e+00
6396,12211,AO_TCd,0.000000000000e+00
6396,12211,PO_TCd,2.172476254932e-04
6396,12211,SED_TCd,2.172476254932e-04
6396,12211,SEDWSSD_TCd,2.172476254932e-04
6396,12211,SEDSCRS_TCd,0.000000000000e+00
6396,12211,SO_TCu,2.172476254932e-02
6396,12211,IO_TCu,0.000000000000e+00
6396,12211,AO_TCu,0.000000000000e+00
6396,12211,PO_TCu,2.172476254932e-02
6396,12211,SED_TCu,2.172476254932e-02
6396,12211,SEDWSSD_TCu,2.172476254932e-02
6396,12211,SEDSCRS_TCu,0.000000000000e+00
6396,12211,SO_TPb,4.344952509864e-04
6396,12211,IO_TPb,0.000000000000e+00
6396,12211,AO_TPb,0.000000000000e+00
6396,12211,PO_TPb,4.344952509864e-04
6396,12211,SED_TPb,4.344952509864e-04
6396,12211,SEDWSSD_TPb,4.344952509864e-04
6396,12211,SEDSCRS_TPb,0.000000000000e+00
6396,12211,SO_TZn,1.564182903551e-01
6396,12211,IO_TZn,0.000000000000e+00
6396,12211,AO_TZn,5.836769370578e-01
6396,12211,PO_TZn,7.400952274129e-01
6396,12211,SED_TZn,1.564182903551e-01
6396,12211,SEDWSSD_TZn,1.564182903551e-01
6396,12211,SEDSCRS_TZn,0.000000000000e+00
6396,12212,AREA,9.773649999991e-01
6396,12212,PREC,9.892804853322e+00
6396,12212,SURO,1.018444818253e-01
6396,12212,IFWO,2.682803235343e-02
6396,12212,AGWO,1.667912881725e+00
6396,12212,PERO,1.796585395903e+00
6396,12212,TAET,7.474888189458e+00
6396,12212,SEDLOAD,2.091537240631e-03
6396,12212,SEDWSSD, 1.89951e-03
6396,12212,SEDSCRS, 0.00000e+00
6396,12212,SEDSURO, 0.00000e+00
6396,12212,SEDIFWO, 3.03979e-06
6396,12212,SEDAGWO, 1.88986e-04
6396,12212,SO_TN,6.992437950114e-02
6396,12212,IO_TN,6.079595506869e-03
6396,12212,AO_TN,1.133914950749e-01
6396,12212,PO_TN,1.893954700829e-01
6396,12212,SO_TP,3.799023726910e-03
6396,12212,IO_TP,2.431838202747e-03
6396,12212,AO_TP,7.559433004995e-02
6396,12212,PO_TP,8.182519197961e-02
6396,12212,SED_TP,3.799023726910e-03
6396,12212,SEDWSSD_TP,3.799023726910e-03
6396,12212,SEDSCRS_TP,0.000000000000e+00
6396,12212,SO_TCd,9.497559317275e-06
6396,12212,IO_TCd,0.000000000000e+00
6396,12212,AO_TCd,0.000000000000e+00
6396,12212,PO_TCd,9.497559317275e-06
6396,12212,SED_TCd,9.497559317275e-06
6396,12212,SEDWSSD_TCd,9.497559317275e-06
6396,12212,SEDSCRS_TCd,0.000000000000e+00
6396,12212,SO_TCu,9.497559317275e-04
6396,12212,IO_TCu,0.000000000000e+00
6396,12212,AO_TCu,0.000000000000e+00
6396,12212,PO_TCu,9.497559317275e-04
6396,12212,SED_TCu,9.497559317275e-04
6396,12212,SEDWSSD_TCu,9.497559317275e-04
6396,12212,SEDSCRS_TCu,0.000000000000e+00
6396,12212,SO_TPb,1.899511863455e-05
6396,12212,IO_TPb,0.000000000000e+00
6396,12212,AO_TPb,0.000000000000e+00
6396,12212,PO_TPb,1.899511863455e-05
6396,12212,SED_TPb,1.899511863455e-05
6396,12212,SEDWSSD_TPb,1.899511863455e-05
6396,12212,SEDSCRS_TPb,0.000000000000e+00
6396,12212,SO_TZn,6.838242708438e-03
6396,12212,IO_TZn,0.000000000000e+00
6396,12212,AO_TZn,1.889858251249e-02
6396,12212,PO_TZn,2.573682522093e-02
6396,12212,SED_TZn,6.838242708438e-03
6396,12212,SEDWSSD_TZn,6.838242708438e-03
6396,12212,SEDSCRS_TZn,0.000000000000e+00
6396,12221,AREA,4.568289000003e+00
6396,12221,PREC,4.623983014593e+01
6396,12221,SURO,4.994772434565e-01
6396,12221,IFWO,1.553385369085e-01
6396,12221,AGWO,1.130779511002e+01
6396,12221,PERO,1.196261089039e+01
6396,12221,TAET,3.472235135844e+01
6396,12221,SEDLOAD,2.340550489843e-02
6396,12221,SEDWSSD, 2.21067e-02
6396,12221,SEDSCRS, 0.00000e+00
6396,12221,SEDSURO, 0.00000e+00
6396,12221,SEDIFWO, 1.76009e-05
6396,12221,SEDAGWO, 1.28125e-03
6396,12221,SO_TN,3.385842454694e-01
6396,12221,IO_TN,3.520181646538e-02
6396,12221,AO_TN,7.687498595256e-01
6396,12221,PO_TN,1.142535921460e+00
6396,12221,SO_TP,4.421331177247e-02
6396,12221,IO_TP,1.408072658615e-02
6396,12221,AO_TP,5.124999063504e-01
6396,12221,PO_TP,5.707939447090e-01
6396,12221,SED_TP,4.421331177247e-02
6396,12221,SEDWSSD_TP,4.421331177247e-02
6396,12221,SEDSCRS_TP,0.000000000000e+00
6396,12221,SO_TCd,1.105332794312e-04
6396,12221,IO_TCd,0.000000000000e+00
6396,12221,AO_TCd,0.000000000000e+00
6396,12221,PO_TCd,1.105332794312e-04
6396,12221,SED_TCd,1.105332794312e-04
6396,12221,SEDWSSD_TCd,1.105332794312e-04
6396,12221,SEDSCRS_TCd,0.000000000000e+00
6396,12221,SO_TCu,1.105332794312e-02
6396,12221,IO_TCu,0.000000000000e+00
6396,12221,AO_TCu,0.000000000000e+00
6396,12221,PO_TCu,1.105332794312e-02
6396,12221,SED_TCu,1.105332794312e-02
6396,12221,SEDWSSD_TCu,1.105332794312e-02
6396,12221,SEDSCRS_TCu,0.000000000000e+00
6396,12221,SO_TPb,2.210665588624e-04
6396,12221,IO_TPb,0.000000000000e+00
6396,12221,AO_TPb,0.000000000000e+00
6396,12221,PO_TPb,2.210665588624e-04
6396,12221,SED_TPb,2.210665588624e-04
6396,12221,SEDWSSD_TPb,2.210665588624e-04
6396,12221,SEDSCRS_TPb,0.000000000000e+00
6396,12221,SO_TZn,7.958396119045e-02
6396,12221,IO_TZn,0.000000000000e+00
6396,12221,AO_TZn,1.281249765876e-01
6396,12221,PO_TZn,2.077089377781e-01
6396,12221,SED_TZn,7.958396119045e-02
6396,12221,SEDWSSD_TZn,7.958396119045e-02
6396,12221,SEDSCRS_TZn,0.000000000000e+00
6396,12222,AREA,8.314410000008e-01
6396,12222,PREC,8.415774618542e+00
6396,12222,SURO,1.042730323324e-01
6396,12222,IFWO,2.667839141587e-02
6396,12222,AGWO,1.434106679261e+00
6396,12222,PERO,1.565058103009e+00
6396,12222,TAET,6.317422211355e+00
6396,12222,SEDLOAD,3.809135439403e-03
6396,12222,SEDWSSD, 3.64362e-03
6396,12222,SEDSCRS, 0.00000e+00
6396,12222,SEDSURO, 0.00000e+00
6396,12222,SEDIFWO, 3.02284e-06
6396,12222,SEDAGWO, 1.62494e-04
6396,12222,SO_TN,6.771876270717e-02
6396,12222,IO_TN,6.045684843587e-03
6396,12222,AO_TN,9.749639938642e-02
6396,12222,PO_TN,1.712608469372e-01
6396,12222,SO_TP,7.287237619574e-03
6396,12222,IO_TP,2.418273937435e-03
6396,12222,AO_TP,6.499759959095e-02
6396,12222,PO_TP,7.470311114796e-02
6396,12222,SED_TP,7.287237619574e-03
6396,12222,SEDWSSD_TP,7.287237619574e-03
6396,12222,SEDSCRS_TP,0.000000000000e+00
6396,12222,SO_TCd,1.821809404894e-05
6396,12222,IO_TCd,0.000000000000e+00
6396,12222,AO_TCd,0.000000000000e+00
6396,12222,PO_TCd,1.821809404894e-05
6396,12222,SED_TCd,1.821809404894e-05
6396,12222,SEDWSSD_TCd,1.821809404894e-05
6396,12222,SEDSCRS_TCd,0.000000000000e+00
6396,12222,SO_TCu,1.821809404894e-03
6396,12222,IO_TCu,0.000000000000e+00
6396,12222,AO_TCu,0.000000000000e+00
6396,12222,PO_TCu,1.821809404894e-03
6396,12222,SED_TCu,1.821809404894e-03
6396,12222,SEDWSSD_TCu,1.821809404894e-03
6396,12222,SEDSCRS_TCu,0.000000000000e+00
6396,12222,SO_TPb,3.643618809787e-05
6396,12222,IO_TPb,0.000000000000e+00
6396,12222,AO_TPb,0.000000000000e+00
6396,12222,PO_TPb,3.643618809787e-05
6396,12222,SED_TPb,3.643618809787e-05
6396,12222,SEDWSSD_TPb,3.643618809787e-05
6396,12222,SEDSCRS_TPb,0.000000000000e+00
6396,12222,SO_TZn,1.311702771523e-02
6396,12222,IO_TZn,0.000000000000e+00
6396,12222,AO_TZn,1.624939989774e-02
6396,12222,PO_TZn,2.936642761297e-02
6396,12222,SED_TZn,1.311702771523e-02
6396,12222,SEDWSSD_TZn,1.311702771523e-02
6396,12222,SEDSCRS_TZn,0.000000000000e+00
6396,12311,AREA,2.267606700002e+01
6396,12311,PREC,2.295252087724e+02
6396,12311,SURO,9.031193345467e+00
6396,12311,IFWO,7.154065535068e-01
6396,12311,AGWO,4.268122092474e+01
6396,12311,PERO,5.242782082371e+01
6396,12311,TAET,1.794990802880e+02
6396,12311,SEDLOAD,1.576973824792e-01
6396,12311,SEDWSSD, 1.52780e-01
6396,12311,SEDSCRS, 0.00000e+00
6396,12311,SEDSURO, 0.00000e+00
6396,12311,SEDIFWO, 8.10603e-05
6396,12311,SEDAGWO, 4.83607e-03
6396,12311,SO_TN,4.161993049331e+00
6396,12311,IO_TN,1.621208149366e-01
6396,12311,AO_TN,2.901642828776e+00
6396,12311,PO_TN,7.225756693044e+00
6396,12311,SO_TP,3.055605139642e-01
6396,12311,IO_TP,6.484832597465e-02
6396,12311,AO_TP,1.934428552517e+00
6396,12311,PO_TP,2.304837392456e+00
6396,12311,SED_TP,3.055605139642e-01
6396,12311,SEDWSSD_TP,3.055605139642e-01
6396,12311,SEDSCRS_TP,0.000000000000e+00
6396,12311,SO_TCd,7.639012849104e-04
6396,12311,IO_TCd,0.000000000000e+00
6396,12311,AO_TCd,0.000000000000e+00
6396,12311,PO_TCd,7.639012849104e-04
6396,12311,SED_TCd,7.639012849104e-04
6396,12311,SEDWSSD_TCd,7.639012849104e-04
6396,12311,SEDSCRS_TCd,0.000000000000e+00
6396,12311,SO_TCu,7.639012849104e-02
6396,12311,IO_TCu,0.000000000000e+00
6396,12311,AO_TCu,0.000000000000e+00
6396,12311,PO_TCu,7.639012849104e-02
6396,12311,SED_TCu,7.639012849104e-02
6396,12311,SEDWSSD_TCu,7.639012849104e-02
6396,12311,SEDSCRS_TCu,0.000000000000e+00
6396,12311,SO_TPb,1.527802569821e-03
6396,12311,IO_TPb,0.000000000000e+00
6396,12311,AO_TPb,0.000000000000e+00
6396,12311,PO_TPb,1.527802569821e-03
6396,12311,SED_TPb,1.527802569821e-03
6396,12311,SEDWSSD_TPb,1.527802569821e-03
6396,12311,SEDSCRS_TPb,0.000000000000e+00
6396,12311,SO_TZn,5.500089251355e-01
6396,12311,IO_TZn,0.000000000000e+00
6396,12311,AO_TZn,4.836071381294e-01
6396,12311,PO_TZn,1.033616063265e+00
6396,12311,SED_TZn,5.500089251355e-01
6396,12311,SEDWSSD_TZn,5.500089251355e-01
6396,12311,SEDSCRS_TZn,0.000000000000e+00
6396,12312,AREA,0.000000000000e+00
6396,12312,PREC,0.000000000000e+00
6396,12312,SURO,0.000000000000e+00
6396,12312,IFWO,0.000000000000e+00
6396,12312,AGWO,0.000000000000e+00
6396,12312,PERO,0.000000000000e+00
6396,12312,TAET,0.000000000000e+00
6396,12312,SEDLOAD,0.000000000000e+00
6396,12312,SEDWSSD, 0.00000e+00
6396,12312,SEDSCRS, 0.00000e+00
6396,12312,SEDSURO, 0.00000e+00
6396,12312,SEDIFWO, 0.00000e+00
6396,12312,SEDAGWO, 0.00000e+00
6396,12312,SO_TN,0.000000000000e+00
6396,12312,IO_TN,0.000000000000e+00
6396,12312,AO_TN,0.000000000000e+00
6396,12312,PO_TN,0.000000000000e+00
6396,12312,SO_TP,0.000000000000e+00
6396,12312,IO_TP,0.000000000000e+00
6396,12312,AO_TP,0.000000000000e+00
6396,12312,PO_TP,0.000000000000e+00
6396,12312,SED_TP,0.000000000000e+00
6396,12312,SEDWSSD_TP,0.000000000000e+00
6396,12312,SEDSCRS_TP,0.000000000000e+00
6396,12312,SO_TCd,0.000000000000e+00
6396,12312,IO_TCd,0.000000000000e+00
6396,12312,AO_TCd,0.000000000000e+00
6396,12312,PO_TCd,0.000000000000e+00
6396,12312,SED_TCd,0.000000000000e+00
6396,12312,SEDWSSD_TCd,0.000000000000e+00
6396,12312,SEDSCRS_TCd,0.000000000000e+00
6396,12312,SO_TCu,0.000000000000e+00
6396,12312,IO_TCu,0.000000000000e+00
6396,12312,AO_TCu,0.000000000000e+00
6396,12312,PO_TCu,0.000000000000e+00
6396,12312,SED_TCu,0.000000000000e+00
6396,12312,SEDWSSD_TCu,0.000000000000e+00
6396,12312,SEDSCRS_TCu,0.000000000000e+00
6396,12312,SO_TPb,0.000000000000e+00
6396,12312,IO_TPb,0.000000000000e+00
6396,12312,AO_TPb,0.000000000000e+00
6396,12312,PO_TPb,0.000000000000e+00
6396,12312,SED_TPb,0.000000000000e+00
6396,12312,SEDWSSD_TPb,0.000000000000e+00
6396,12312,SEDSCRS_TPb,0.000000000000e+00
6396,12312,SO_TZn,0.000000000000e+00
6396,12312,IO_TZn,0.000000000000e+00
6396,12312,AO_TZn,0.000000000000e+00
6396,12312,PO_TZn,0.000000000000e+00
6396,12312,SED_TZn,0.000000000000e+00
6396,12312,SEDWSSD_TZn,0.000000000000e+00
6396,12312,SEDSCRS_TZn,0.000000000000e+00
6396,12321,AREA,9.693103000020e+00
6396,12321,PREC,9.811275869522e+01
6396,12321,SURO,4.727198881543e+00
6396,12321,IFWO,3.223549191722e-01
6396,12321,AGWO,1.817966766613e+01
6396,12321,PERO,2.322922146685e+01
6396,12321,TAET,7.590905618536e+01
6396,12321,SEDLOAD,9.110745826563e-02
6396,12321,SEDWSSD, 8.90111e-02
6396,12321,SEDSCRS, 0.00000e+00
6396,12321,SEDSURO, 0.00000e+00
6396,12321,SEDIFWO, 3.65249e-05
6396,12321,SEDAGWO, 2.05988e-03
6396,12321,SO_TN,2.083196320032e+00
6396,12321,IO_TN,7.304999086025e-02
6396,12321,AO_TN,1.235927678967e+00
6396,12321,PO_TN,3.392173989859e+00
6396,12321,SO_TP,1.780221129753e-01
6396,12321,IO_TP,2.921999634410e-02
6396,12321,AO_TP,8.239517859778e-01
6396,12321,PO_TP,1.031193895297e+00
6396,12321,SED_TP,1.780221129753e-01
6396,12321,SEDWSSD_TP,1.780221129753e-01
6396,12321,SEDSCRS_TP,0.000000000000e+00
6396,12321,SO_TCd,4.450552824383e-04
6396,12321,IO_TCd,0.000000000000e+00
6396,12321,AO_TCd,0.000000000000e+00
6396,12321,PO_TCd,4.450552824383e-04
6396,12321,SED_TCd,4.450552824383e-04
6396,12321,SEDWSSD_TCd,4.450552824383e-04
6396,12321,SEDSCRS_TCd,0.000000000000e+00
6396,12321,SO_TCu,4.450552824383e-02
6396,12321,IO_TCu,0.000000000000e+00
6396,12321,AO_TCu,0.000000000000e+00
6396,12321,PO_TCu,4.450552824383e-02
6396,12321,SED_TCu,4.450552824383e-02
6396,12321,SEDWSSD_TCu,4.450552824383e-02
6396,12321,SEDSCRS_TCu,0.000000000000e+00
6396,12321,SO_TPb,8.901105648766e-04
6396,12321,IO_TPb,0.000000000000e+00
6396,12321,AO_TPb,0.000000000000e+00
6396,12321,PO_TPb,8.901105648766e-04
6396,12321,SED_TPb,8.901105648766e-04
6396,12321,SEDWSSD_TPb,8.901105648766e-04
6396,12321,SEDSCRS_TPb,0.000000000000e+00
6396,12321,SO_TZn,3.204398033556e-01
6396,12321,IO_TZn,0.000000000000e+00
6396,12321,AO_TZn,2.059879464944e-01
6396,12321,PO_TZn,5.264277498500e-01
6396,12321,SED_TZn,3.204398033556e-01
6396,12321,SEDWSSD_TZn,3.204398033556e-01
6396,12321,SEDSCRS_TZn,0.000000000000e+00
6396,12322,AREA,0.000000000000e+00
6396,12322,PREC,0.000000000000e+00
6396,12322,SURO,0.000000000000e+00
6396,12322,IFWO,0.000000000000e+00
6396,12322,AGWO,0.000000000000e+00
6396,12322,PERO,0.000000000000e+00
6396,12322,TAET,0.000000000000e+00
6396,12322,SEDLOAD,0.000000000000e+00
6396,12322,SEDWSSD, 0.00000e+00
6396,12322,SEDSCRS, 0.00000e+00
6396,12322,SEDSURO, 0.00000e+00
6396,12322,SEDIFWO, 0.00000e+00
6396,12322,SEDAGWO, 0.00000e+00
6396,12322,SO_TN,0.000000000000e+00
6396,12322,IO_TN,0.000000000000e+00
6396,12322,AO_TN,0.000000000000e+00
6396,12322,PO_TN,0.000000000000e+00
6396,12322,SO_TP,0.000000000000e+00
6396,12322,IO_TP,0.000000000000e+00
6396,12322,AO_TP,0.000000000000e+00
6396,12322,PO_TP,0.000000000000e+00
6396,12322,SED_TP,0.000000000000e+00
6396,12322,SEDWSSD_TP,0.000000000000e+00
6396,12322,SEDSCRS_TP,0.000000000000e+00
6396,12322,SO_TCd,0.000000000000e+00
6396,12322,IO_TCd,0.000000000000e+00
6396,12322,AO_TCd,0.000000000000e+00
6396,12322,PO_TCd,0.000000000000e+00
6396,12322,SED_TCd,0.000000000000e+00
6396,12322,SEDWSSD_TCd,0.000000000000e+00
6396,12322,SEDSCRS_TCd,0.000000000000e+00
6396,12322,SO_TCu,0.000000000000e+00
6396,12322,IO_TCu,0.000000000000e+00
6396,12322,AO_TCu,0.000000000000e+00
6396,12322,PO_TCu,0.000000000000e+00
6396,12322,SED_TCu,0.000000000000e+00
6396,12322,SEDWSSD_TCu,0.000000000000e+00
6396,12322,SEDSCRS_TCu,0.000000000000e+00
6396,12322,SO_TPb,0.000000000000e+00
6396,12322,IO_TPb,0.000000000000e+00
6396,12322,AO_TPb,0.000000000000e+00
6396,12322,PO_TPb,0.000000000000e+00
6396,12322,SED_TPb,0.000000000000e+00
6396,12322,SEDWSSD_TPb,0.000000000000e+00
6396,12322,SEDSCRS_TPb,0.000000000000e+00
6396,12322,SO_TZn,0.000000000000e+00
6396,12322,IO_TZn,0.000000000000e+00
6396,12322,AO_TZn,0.000000000000e+00
6396,12322,PO_TZn,0.000000000000e+00
6396,12322,SED_TZn,0.000000000000e+00
6396,12322,SEDWSSD_TZn,0.000000000000e+00
6396,12322,SEDSCRS_TZn,0.000000000000e+00
6396,12411,AREA,4.622123300004e+01
6396,12411,PREC,4.678473632153e+02
6396,12411,SURO,3.654476987062e+01
6396,12411,IFWO,8.285308070674e-01
6396,12411,AGWO,6.357873241247e+01
6396,12411,PERO,1.009520330901e+02
6396,12411,TAET,3.718774482628e+02
6396,12411,SEDLOAD,3.106442873381e-01
6396,12411,SEDWSSD, 3.03347e-01
6396,12411,SEDSCRS, 0.00000e+00
6396,12411,SEDSURO, 0.00000e+00
6396,12411,SEDIFWO, 9.38780e-05
6396,12411,SEDAGWO, 7.20389e-03
6396,12411,SO_TN,1.307407245113e+01
6396,12411,IO_TN,1.877563030188e-01
6396,12411,AO_TN,4.322340574386e+00
6396,12411,PO_TN,1.758416932854e+01
6396,12411,SO_TP,6.066930351339e-01
6396,12411,IO_TP,7.510252120752e-02
6396,12411,AO_TP,2.881560382924e+00
6396,12411,PO_TP,3.563355939265e+00
6396,12411,SED_TP,6.066930351339e-01
6396,12411,SEDWSSD_TP,6.066930351339e-01
6396,12411,SEDSCRS_TP,0.000000000000e+00
6396,12411,SO_TCd,1.516732587835e-03
6396,12411,IO_TCd,0.000000000000e+00
6396,12411,AO_TCd,0.000000000000e+00
6396,12411,PO_TCd,1.516732587835e-03
6396,12411,SED_TCd,1.516732587835e-03
6396,12411,SEDWSSD_TCd,1.516732587835e-03
6396,12411,SEDSCRS_TCd,0.000000000000e+00
6396,12411,SO_TCu,1.516732587835e-01
6396,12411,IO_TCu,0.000000000000e+00
6396,12411,AO_TCu,0.000000000000e+00
6396,12411,PO_TCu,1.516732587835e-01
6396,12411,SED_TCu,1.516732587835e-01
6396,12411,SEDWSSD_TCu,1.516732587835e-01
6396,12411,SEDSCRS_TCu,0.000000000000e+00
6396,12411,SO_TPb,3.033465175670e-03
6396,12411,IO_TPb,0.000000000000e+00
6396,12411,AO_TPb,0.000000000000e+00
6396,12411,PO_TPb,3.033465175670e-03
6396,12411,SED_TPb,3.033465175670e-03
6396,12411,SEDWSSD_TPb,3.033465175670e-03
6396,12411,SEDSCRS_TPb,0.000000000000e+00
6396,12411,SO_TZn,1.092047463241e+00
6396,12411,IO_TZn,0.000000000000e+00
6396,12411,AO_TZn,7.203900957310e-01
6396,12411,PO_TZn,1.812437558972e+00
6396,12411,SED_TZn,1.092047463241e+00
6396,12411,SEDWSSD_TZn,1.092047463241e+00
6396,12411,SEDSCRS_TZn,0.000000000000e+00
6396,12412,AREA,4.173135499995e+01
6396,12412,PREC,4.224012024983e+02
6396,12412,SURO,3.343537047301e+01
6396,12412,IFWO,7.304786794578e-01
6396,12412,AGWO,3.998990294715e+01
6396,12412,PERO,7.415575209962e+01
6396,12412,TAET,3.356022786666e+02
6396,12412,SEDLOAD,2.794855508461e-01
6396,12412,SEDWSSD, 2.74872e-01
6396,12412,SEDSCRS, 0.00000e+00
6396,12412,SEDSURO, 0.00000e+00
6396,12412,SEDIFWO, 8.27681e-05
6396,12412,SEDAGWO, 4.53112e-03
6396,12412,SO_TN,1.190541686288e+01
6396,12412,IO_TN,1.655363628234e-01
6396,12412,AO_TN,2.718676096794e+00
6396,12412,PO_TN,1.478962932250e+01
6396,12412,SO_TP,5.497433234806e-01
6396,12412,IO_TP,6.621454512935e-02
6396,12412,AO_TP,1.812450731196e+00
6396,12412,PO_TP,2.428408599806e+00
6396,12412,SED_TP,5.497433234806e-01
6396,12412,SEDWSSD_TP,5.497433234806e-01
6396,12412,SEDSCRS_TP,0.000000000000e+00
6396,12412,SO_TCd,1.374358308702e-03
6396,12412,IO_TCd,0.000000000000e+00
6396,12412,AO_TCd,0.000000000000e+00
6396,12412,PO_TCd,1.374358308702e-03
6396,12412,SED_TCd,1.374358308702e-03
6396,12412,SEDWSSD_TCd,1.374358308702e-03
6396,12412,SEDSCRS_TCd,0.000000000000e+00
6396,12412,SO_TCu,1.374358308702e-01
6396,12412,IO_TCu,0.000000000000e+00
6396,12412,AO_TCu,0.000000000000e+00
6396,12412,PO_TCu,1.374358308702e-01
6396,12412,SED_TCu,1.374358308702e-01
6396,12412,SEDWSSD_TCu,1.374358308702e-01
6396,12412,SEDSCRS_TCu,0.000000000000e+00
6396,12412,SO_TPb,2.748716617403e-03
6396,12412,IO_TPb,0.000000000000e+00
6396,12412,AO_TPb,0.000000000000e+00
6396,12412,PO_TPb,2.748716617403e-03
6396,12412,SED_TPb,2.748716617403e-03
6396,12412,SEDWSSD_TPb,2.748716617403e-03
6396,12412,SEDSCRS_TPb,0.000000000000e+00
6396,12412,SO_TZn,9.895379822651e-01
6396,12412,IO_TZn,0.000000000000e+00
6396,12412,AO_TZn,4.531126827990e-01
6396,12412,PO_TZn,1.442650665064e+00
6396,12412,SED_TZn,9.895379822651e-01
6396,12412,SEDWSSD_TZn,9.895379822651e-01
6396,12412,SEDSCRS_TZn,0.000000000000e+00
6396,12421,AREA,4.011215000005e+00
6396,12421,PREC,4.060117481158e+01
6396,12421,SURO,3.684925372217e+00
6396,12421,IFWO,7.359656372990e-02
6396,12421,AGWO,5.437959382230e+00
6396,12421,PERO,9.196481318177e+00
6396,12421,TAET,3.183236566558e+01
6396,12421,SEDLOAD,2.404531460489e-02
6396,12421,SEDWSSD, 2.34208e-02
6396,12421,SEDSCRS, 0.00000e+00
6396,12421,SEDSURO, 0.00000e+00
6396,12421,SEDIFWO, 8.33898e-06
6396,12421,SEDAGWO, 6.16157e-04
6396,12421,SO_TN,1.237960655859e+00
6396,12421,IO_TN,1.667797817890e-02
6396,12421,AO_TN,3.696945753367e-01
6396,12421,PO_TN,1.624333209374e+00
6396,12421,SO_TP,4.684163757860e-02
6396,12421,IO_TP,6.671191271559e-03
6396,12421,AO_TP,2.464630502245e-01
6396,12421,PO_TP,2.999758790747e-01
6396,12421,SED_TP,4.684163757860e-02
6396,12421,SEDWSSD_TP,4.684163757860e-02
6396,12421,SEDSCRS_TP,0.000000000000e+00
6396,12421,SO_TCd,1.171040939465e-04
6396,12421,IO_TCd,0.000000000000e+00
6396,12421,AO_TCd,0.000000000000e+00
6396,12421,PO_TCd,1.171040939465e-04
6396,12421,SED_TCd,1.171040939465e-04
6396,12421,SEDWSSD_TCd,1.171040939465e-04
6396,12421,SEDSCRS_TCd,0.000000000000e+00
6396,12421,SO_TCu,1.171040939465e-02
6396,12421,IO_TCu,0.000000000000e+00
6396,12421,AO_TCu,0.000000000000e+00
6396,12421,PO_TCu,1.171040939465e-02
6396,12421,SED_TCu,1.171040939465e-02
6396,12421,SEDWSSD_TCu,1.171040939465e-02
6396,12421,SEDSCRS_TCu,0.000000000000e+00
6396,12421,SO_TPb,2.342081878930e-04
6396,12421,IO_TPb,0.000000000000e+00
6396,12421,AO_TPb,0.000000000000e+00
6396,12421,PO_TPb,2.342081878930e-04
6396,12421,SED_TPb,2.342081878930e-04
6396,12421,SEDWSSD_TPb,2.342081878930e-04
6396,12421,SEDSCRS_TPb,0.000000000000e+00
6396,12421,SO_TZn,8.431494764149e-02
6396,12421,IO_TZn,0.000000000000e+00
6396,12421,AO_TZn,6.161576255612e-02
6396,12421,PO_TZn,1.459307101976e-01
6396,12421,SED_TZn,8.431494764149e-02
6396,12421,SEDWSSD_TZn,8.431494764149e-02
6396,12421,SEDSCRS_TZn,0.000000000000e+00
6396,12422,AREA,1.396571999999e+00
6396,12422,PREC,1.413598221710e+01
6396,12422,SURO,1.296720854537e+00
6396,12422,IFWO,2.501316672959e-02
6396,12422,AGWO,1.319701359395e+00
6396,12422,PERO,2.641435380662e+00
6396,12422,TAET,1.107733064852e+01
6396,12422,SEDLOAD,8.335438187846e-03
6396,12422,SEDWSSD, 8.18307e-03
6396,12422,SEDSCRS, 0.00000e+00
6396,12422,SEDSURO, 0.00000e+00
6396,12422,SEDIFWO, 2.83416e-06
6396,12422,SEDAGWO, 1.49531e-04
6396,12422,SO_TN,4.353762715285e-01
6396,12422,IO_TN,5.668322374835e-03
6396,12422,AO_TN,8.971866086885e-02
6396,12422,PO_TN,5.307632547721e-01
6396,12422,SO_TP,1.636614624033e-02
6396,12422,IO_TP,2.267328949934e-03
6396,12422,AO_TP,5.981244057923e-02
6396,12422,PO_TP,7.844591576950e-02
6396,12422,SED_TP,1.636614624033e-02
6396,12422,SEDWSSD_TP,1.636614624033e-02
6396,12422,SEDSCRS_TP,0.000000000000e+00
6396,12422,SO_TCd,4.091536560083e-05
6396,12422,IO_TCd,0.000000000000e+00
6396,12422,AO_TCd,0.000000000000e+00
6396,12422,PO_TCd,4.091536560083e-05
6396,12422,SED_TCd,4.091536560083e-05
6396,12422,SEDWSSD_TCd,4.091536560083e-05
6396,12422,SEDSCRS_TCd,0.000000000000e+00
6396,12422,SO_TCu,4.091536560083e-03
6396,12422,IO_TCu,0.000000000000e+00
6396,12422,AO_TCu,0.000000000000e+00
6396,12422,PO_TCu,4.091536560083e-03
6396,12422,SED_TCu,4.091536560083e-03
6396,12422,SEDWSSD_TCu,4.091536560083e-03
6396,12422,SEDSCRS_TCu,0.000000000000e+00
6396,12422,SO_TPb,8.183073120166e-05
6396,12422,IO_TPb,0.000000000000e+00
6396,12422,AO_TPb,0.000000000000e+00
6396,12422,PO_TPb,8.183073120166e-05
6396,12422,SED_TPb,8.183073120166e-05
6396,12422,SEDWSSD_TPb,8.183073120166e-05
6396,12422,SEDSCRS_TPb,0.000000000000e+00
6396,12422,SO_TZn,2.945906323260e-02
6396,12422,IO_TZn,0.000000000000e+00
6396,12422,AO_TZn,1.495311014481e-02
6396,12422,PO_TZn,4.441217337740e-02
6396,12422,SED_TZn,2.945906323260e-02
6396,12422,SEDWSSD_TZn,2.945906323260e-02
6396,12422,SEDSCRS_TZn,0.000000000000e+00
6396,13111,AREA,0.000000000000e+00
6396,13111,PREC,0.000000000000e+00
6396,13111,SURO,0.000000000000e+00
6396,13111,IFWO,0.000000000000e+00
6396,13111,AGWO,0.000000000000e+00
6396,13111,PERO,0.000000000000e+00
6396,13111,TAET,0.000000000000e+00
6396,13111,SEDLOAD,0.000000000000e+00
6396,13111,SEDWSSD, 0.00000e+00
6396,13111,SEDSCRS, 0.00000e+00
6396,13111,SEDSURO, 0.00000e+00
6396,13111,SEDIFWO, 0.00000e+00
6396,13111,SEDAGWO, 0.00000e+00
6396,13111,SO_TN,0.000000000000e+00
6396,13111,IO_TN,0.000000000000e+00
6396,13111,AO_TN,0.000000000000e+00
6396,13111,PO_TN,0.000000000000e+00
6396,13111,SO_TP,0.000000000000e+00
6396,13111,IO_TP,0.000000000000e+00
6396,13111,AO_TP,0.000000000000e+00
6396,13111,PO_TP,0.000000000000e+00
6396,13111,SED_TP,0.000000000000e+00
6396,13111,SEDWSSD_TP,0.000000000000e+00
6396,13111,SEDSCRS_TP,0.000000000000e+00
6396,13111,SO_TCd,0.000000000000e+00
6396,13111,IO_TCd,0.000000000000e+00
6396,13111,AO_TCd,0.000000000000e+00
6396,13111,PO_TCd,0.000000000000e+00
6396,13111,SED_TCd,0.000000000000e+00
6396,13111,SEDWSSD_TCd,0.000000000000e+00
6396,13111,SEDSCRS_TCd,0.000000000000e+00
6396,13111,SO_TCu,0.000000000000e+00
6396,13111,IO_TCu,0.000000000000e+00
6396,13111,AO_TCu,0.000000000000e+00
6396,13111,PO_TCu,0.000000000000e+00
6396,13111,SED_TCu,0.000000000000e+00
6396,13111,SEDWSSD_TCu,0.000000000000e+00
6396,13111,SEDSCRS_TCu,0.000000000000e+00
6396,13111,SO_TPb,0.000000000000e+00
6396,13111,IO_TPb,0.000000000000e+00
6396,13111,AO_TPb,0.000000000000e+00
6396,13111,PO_TPb,0.000000000000e+00
6396,13111,SED_TPb,0.000000000000e+00
6396,13111,SEDWSSD_TPb,0.000000000000e+00
6396,13111,SEDSCRS_TPb,0.000000000000e+00
6396,13111,SO_TZn,0.000000000000e+00
6396,13111,IO_TZn,0.000000000000e+00
6396,13111,AO_TZn,0.000000000000e+00
6396,13111,PO_TZn,0.000000000000e+00
6396,13111,SED_TZn,0.000000000000e+00
6396,13111,SEDWSSD_TZn,0.000000000000e+00
6396,13111,SEDSCRS_TZn,0.000000000000e+00
6396,13112,AREA,0.000000000000e+00
6396,13112,PREC,0.000000000000e+00
6396,13112,SURO,0.000000000000e+00
6396,13112,IFWO,0.000000000000e+00
6396,13112,AGWO,0.000000000000e+00
6396,13112,PERO,0.000000000000e+00
6396,13112,TAET,0.000000000000e+00
6396,13112,SEDLOAD,0.000000000000e+00
6396,13112,SEDWSSD, 0.00000e+00
6396,13112,SEDSCRS, 0.00000e+00
6396,13112,SEDSURO, 0.00000e+00
6396,13112,SEDIFWO, 0.00000e+00
6396,13112,SEDAGWO, 0.00000e+00
6396,13112,SO_TN,0.000000000000e+00
6396,13112,IO_TN,0.000000000000e+00
6396,13112,AO_TN,0.000000000000e+00
6396,13112,PO_TN,0.000000000000e+00
6396,13112,SO_TP,0.000000000000e+00
6396,13112,IO_TP,0.000000000000e+00
6396,13112,AO_TP,0.000000000000e+00
6396,13112,PO_TP,0.000000000000e+00
6396,13112,SED_TP,0.000000000000e+00
6396,13112,SEDWSSD_TP,0.000000000000e+00
6396,13112,SEDSCRS_TP,0.000000000000e+00
6396,13112,SO_TCd,0.000000000000e+00
6396,13112,IO_TCd,0.000000000000e+00
6396,13112,AO_TCd,0.000000000000e+00
6396,13112,PO_TCd,0.000000000000e+00
6396,13112,SED_TCd,0.000000000000e+00
6396,13112,SEDWSSD_TCd,0.000000000000e+00
6396,13112,SEDSCRS_TCd,0.000000000000e+00
6396,13112,SO_TCu,0.000000000000e+00
6396,13112,IO_TCu,0.000000000000e+00
6396,13112,AO_TCu,0.000000000000e+00
6396,13112,PO_TCu,0.000000000000e+00
6396,13112,SED_TCu,0.000000000000e+00
6396,13112,SEDWSSD_TCu,0.000000000000e+00
6396,13112,SEDSCRS_TCu,0.000000000000e+00
6396,13112,SO_TPb,0.000000000000e+00
6396,13112,IO_TPb,0.000000000000e+00
6396,13112,AO_TPb,0.000000000000e+00
6396,13112,PO_TPb,0.000000000000e+00
6396,13112,SED_TPb,0.000000000000e+00
6396,13112,SEDWSSD_TPb,0.000000000000e+00
6396,13112,SEDSCRS_TPb,0.000000000000e+00
6396,13112,SO_TZn,0.000000000000e+00
6396,13112,IO_TZn,0.000000000000e+00
6396,13112,AO_TZn,0.000000000000e+00
6396,13112,PO_TZn,0.000000000000e+00
6396,13112,SED_TZn,0.000000000000e+00
6396,13112,SEDWSSD_TZn,0.000000000000e+00
6396,13112,SEDSCRS_TZn,0.000000000000e+00
6396,13121,AREA,0.000000000000e+00
6396,13121,PREC,0.000000000000e+00
6396,13121,SURO,0.000000000000e+00
6396,13121,IFWO,0.000000000000e+00
6396,13121,AGWO,0.000000000000e+00
6396,13121,PERO,0.000000000000e+00
6396,13121,TAET,0.000000000000e+00
6396,13121,SEDLOAD,0.000000000000e+00
6396,13121,SEDWSSD, 0.00000e+00
6396,13121,SEDSCRS, 0.00000e+00
6396,13121,SEDSURO, 0.00000e+00
6396,13121,SEDIFWO, 0.00000e+00
6396,13121,SEDAGWO, 0.00000e+00
6396,13121,SO_TN,0.000000000000e+00
6396,13121,IO_TN,0.000000000000e+00
6396,13121,AO_TN,0.000000000000e+00
6396,13121,PO_TN,0.000000000000e+00
6396,13121,SO_TP,0.000000000000e+00
6396,13121,IO_TP,0.000000000000e+00
6396,13121,AO_TP,0.000000000000e+00
6396,13121,PO_TP,0.000000000000e+00
6396,13121,SED_TP,0.000000000000e+00
6396,13121,SEDWSSD_TP,0.000000000000e+00
6396,13121,SEDSCRS_TP,0.000000000000e+00
6396,13121,SO_TCd,0.000000000000e+00
6396,13121,IO_TCd,0.000000000000e+00
6396,13121,AO_TCd,0.000000000000e+00
6396,13121,PO_TCd,0.000000000000e+00
6396,13121,SED_TCd,0.000000000000e+00
6396,13121,SEDWSSD_TCd,0.000000000000e+00
6396,13121,SEDSCRS_TCd,0.000000000000e+00
6396,13121,SO_TCu,0.000000000000e+00
6396,13121,IO_TCu,0.000000000000e+00
6396,13121,AO_TCu,0.000000000000e+00
6396,13121,PO_TCu,0.000000000000e+00
6396,13121,SED_TCu,0.000000000000e+00
6396,13121,SEDWSSD_TCu,0.000000000000e+00
6396,13121,SEDSCRS_TCu,0.000000000000e+00
6396,13121,SO_TPb,0.000000000000e+00
6396,13121,IO_TPb,0.000000000000e+00
6396,13121,AO_TPb,0.000000000000e+00
6396,13121,PO_TPb,0.000000000000e+00
6396,13121,SED_TPb,0.000000000000e+00
6396,13121,SEDWSSD_TPb,0.000000000000e+00
6396,13121,SEDSCRS_TPb,0.000000000000e+00
6396,13121,SO_TZn,0.000000000000e+00
6396,13121,IO_TZn,0.000000000000e+00
6396,13121,AO_TZn,0.000000000000e+00
6396,13121,PO_TZn,0.000000000000e+00
6396,13121,SED_TZn,0.000000000000e+00
6396,13121,SEDWSSD_TZn,0.000000000000e+00
6396,13121,SEDSCRS_TZn,0.000000000000e+00
6396,13122,AREA,0.000000000000e+00
6396,13122,PREC,0.000000000000e+00
6396,13122,SURO,0.000000000000e+00
6396,13122,IFWO,0.000000000000e+00
6396,13122,AGWO,0.000000000000e+00
6396,13122,PERO,0.000000000000e+00
6396,13122,TAET,0.000000000000e+00
6396,13122,SEDLOAD,0.000000000000e+00
6396,13122,SEDWSSD, 0.00000e+00
6396,13122,SEDSCRS, 0.00000e+00
6396,13122,SEDSURO, 0.00000e+00
6396,13122,SEDIFWO, 0.00000e+00
6396,13122,SEDAGWO, 0.00000e+00
6396,13122,SO_TN,0.000000000000e+00
6396,13122,IO_TN,0.000000000000e+00
6396,13122,AO_TN,0.000000000000e+00
6396,13122,PO_TN,0.000000000000e+00
6396,13122,SO_TP,0.000000000000e+00
6396,13122,IO_TP,0.000000000000e+00
6396,13122,AO_TP,0.000000000000e+00
6396,13122,PO_TP,0.000000000000e+00
6396,13122,SED_TP,0.000000000000e+00
6396,13122,SEDWSSD_TP,0.000000000000e+00
6396,13122,SEDSCRS_TP,0.000000000000e+00
6396,13122,SO_TCd,0.000000000000e+00
6396,13122,IO_TCd,0.000000000000e+00
6396,13122,AO_TCd,0.000000000000e+00
6396,13122,PO_TCd,0.000000000000e+00
6396,13122,SED_TCd,0.000000000000e+00
6396,13122,SEDWSSD_TCd,0.000000000000e+00
6396,13122,SEDSCRS_TCd,0.000000000000e+00
6396,13122,SO_TCu,0.000000000000e+00
6396,13122,IO_TCu,0.000000000000e+00
6396,13122,AO_TCu,0.000000000000e+00
6396,13122,PO_TCu,0.000000000000e+00
6396,13122,SED_TCu,0.000000000000e+00
6396,13122,SEDWSSD_TCu,0.000000000000e+00
6396,13122,SEDSCRS_TCu,0.000000000000e+00
6396,13122,SO_TPb,0.000000000000e+00
6396,13122,IO_TPb,0.000000000000e+00
6396,13122,AO_TPb,0.000000000000e+00
6396,13122,PO_TPb,0.000000000000e+00
6396,13122,SED_TPb,0.000000000000e+00
6396,13122,SEDWSSD_TPb,0.000000000000e+00
6396,13122,SEDSCRS_TPb,0.000000000000e+00
6396,13122,SO_TZn,0.000000000000e+00
6396,13122,IO_TZn,0.000000000000e+00
6396,13122,AO_TZn,0.000000000000e+00
6396,13122,PO_TZn,0.000000000000e+00
6396,13122,SED_TZn,0.000000000000e+00
6396,13122,SEDWSSD_TZn,0.000000000000e+00
6396,13122,SEDSCRS_TZn,0.000000000000e+00
6396,13211,AREA,0.000000000000e+00
6396,13211,PREC,0.000000000000e+00
6396,13211,SURO,0.000000000000e+00
6396,13211,IFWO,0.000000000000e+00
6396,13211,AGWO,0.000000000000e+00
6396,13211,PERO,0.000000000000e+00
6396,13211,TAET,0.000000000000e+00
6396,13211,SEDLOAD,0.000000000000e+00
6396,13211,SEDWSSD, 0.00000e+00
6396,13211,SEDSCRS, 0.00000e+00
6396,13211,SEDSURO, 0.00000e+00
6396,13211,SEDIFWO, 0.00000e+00
6396,13211,SEDAGWO, 0.00000e+00
6396,13211,SO_TN,0.000000000000e+00
6396,13211,IO_TN,0.000000000000e+00
6396,13211,AO_TN,0.000000000000e+00
6396,13211,PO_TN,0.000000000000e+00
6396,13211,SO_TP,0.000000000000e+00
6396,13211,IO_TP,0.000000000000e+00
6396,13211,AO_TP,0.000000000000e+00
6396,13211,PO_TP,0.000000000000e+00
6396,13211,SED_TP,0.000000000000e+00
6396,13211,SEDWSSD_TP,0.000000000000e+00
6396,13211,SEDSCRS_TP,0.000000000000e+00
6396,13211,SO_TCd,0.000000000000e+00
6396,13211,IO_TCd,0.000000000000e+00
6396,13211,AO_TCd,0.000000000000e+00
6396,13211,PO_TCd,0.000000000000e+00
6396,13211,SED_TCd,0.000000000000e+00
6396,13211,SEDWSSD_TCd,0.000000000000e+00
6396,13211,SEDSCRS_TCd,0.000000000000e+00
6396,13211,SO_TCu,0.000000000000e+00
6396,13211,IO_TCu,0.000000000000e+00
6396,13211,AO_TCu,0.000000000000e+00
6396,13211,PO_TCu,0.000000000000e+00
6396,13211,SED_TCu,0.000000000000e+00
6396,13211,SEDWSSD_TCu,0.000000000000e+00
6396,13211,SEDSCRS_TCu,0.000000000000e+00
6396,13211,SO_TPb,0.000000000000e+00
6396,13211,IO_TPb,0.000000000000e+00
6396,13211,AO_TPb,0.000000000000e+00
6396,13211,PO_TPb,0.000000000000e+00
6396,13211,SED_TPb,0.000000000000e+00
6396,13211,SEDWSSD_TPb,0.000000000000e+00
6396,13211,SEDSCRS_TPb,0.000000000000e+00
6396,13211,SO_TZn,0.000000000000e+00
6396,13211,IO_TZn,0.000000000000e+00
6396,13211,AO_TZn,0.000000000000e+00
6396,13211,PO_TZn,0.000000000000e+00
6396,13211,SED_TZn,0.000000000000e+00
6396,13211,SEDWSSD_TZn,0.000000000000e+00
6396,13211,SEDSCRS_TZn,0.000000000000e+00
6396,13212,AREA,0.000000000000e+00
6396,13212,PREC,0.000000000000e+00
6396,13212,SURO,0.000000000000e+00
6396,13212,IFWO,0.000000000000e+00
6396,13212,AGWO,0.000000000000e+00
6396,13212,PERO,0.000000000000e+00
6396,13212,TAET,0.000000000000e+00
6396,13212,SEDLOAD,0.000000000000e+00
6396,13212,SEDWSSD, 0.00000e+00
6396,13212,SEDSCRS, 0.00000e+00
6396,13212,SEDSURO, 0.00000e+00
6396,13212,SEDIFWO, 0.00000e+00
6396,13212,SEDAGWO, 0.00000e+00
6396,13212,SO_TN,0.000000000000e+00
6396,13212,IO_TN,0.000000000000e+00
6396,13212,AO_TN,0.000000000000e+00
6396,13212,PO_TN,0.000000000000e+00
6396,13212,SO_TP,0.000000000000e+00
6396,13212,IO_TP,0.000000000000e+00
6396,13212,AO_TP,0.000000000000e+00
6396,13212,PO_TP,0.000000000000e+00
6396,13212,SED_TP,0.000000000000e+00
6396,13212,SEDWSSD_TP,0.000000000000e+00
6396,13212,SEDSCRS_TP,0.000000000000e+00
6396,13212,SO_TCd,0.000000000000e+00
6396,13212,IO_TCd,0.000000000000e+00
6396,13212,AO_TCd,0.000000000000e+00
6396,13212,PO_TCd,0.000000000000e+00
6396,13212,SED_TCd,0.000000000000e+00
6396,13212,SEDWSSD_TCd,0.000000000000e+00
6396,13212,SEDSCRS_TCd,0.000000000000e+00
6396,13212,SO_TCu,0.000000000000e+00
6396,13212,IO_TCu,0.000000000000e+00
6396,13212,AO_TCu,0.000000000000e+00
6396,13212,PO_TCu,0.000000000000e+00
6396,13212,SED_TCu,0.000000000000e+00
6396,13212,SEDWSSD_TCu,0.000000000000e+00
6396,13212,SEDSCRS_TCu,0.000000000000e+00
6396,13212,SO_TPb,0.000000000000e+00
6396,13212,IO_TPb,0.000000000000e+00
6396,13212,AO_TPb,0.000000000000e+00
6396,13212,PO_TPb,0.000000000000e+00
6396,13212,SED_TPb,0.000000000000e+00
6396,13212,SEDWSSD_TPb,0.000000000000e+00
6396,13212,SEDSCRS_TPb,0.000000000000e+00
6396,13212,SO_TZn,0.000000000000e+00
6396,13212,IO_TZn,0.000000000000e+00
6396,13212,AO_TZn,0.000000000000e+00
6396,13212,PO_TZn,0.000000000000e+00
6396,13212,SED_TZn,0.000000000000e+00
6396,13212,SEDWSSD_TZn,0.000000000000e+00
6396,13212,SEDSCRS_TZn,0.000000000000e+00
6396,13221,AREA,0.000000000000e+00
6396,13221,PREC,0.000000000000e+00
6396,13221,SURO,0.000000000000e+00
6396,13221,IFWO,0.000000000000e+00
6396,13221,AGWO,0.000000000000e+00
6396,13221,PERO,0.000000000000e+00
6396,13221,TAET,0.000000000000e+00
6396,13221,SEDLOAD,0.000000000000e+00
6396,13221,SEDWSSD, 0.00000e+00
6396,13221,SEDSCRS, 0.00000e+00
6396,13221,SEDSURO, 0.00000e+00
6396,13221,SEDIFWO, 0.00000e+00
6396,13221,SEDAGWO, 0.00000e+00
6396,13221,SO_TN,0.000000000000e+00
6396,13221,IO_TN,0.000000000000e+00
6396,13221,AO_TN,0.000000000000e+00
6396,13221,PO_TN,0.000000000000e+00
6396,13221,SO_TP,0.000000000000e+00
6396,13221,IO_TP,0.000000000000e+00
6396,13221,AO_TP,0.000000000000e+00
6396,13221,PO_TP,0.000000000000e+00
6396,13221,SED_TP,0.000000000000e+00
6396,13221,SEDWSSD_TP,0.000000000000e+00
6396,13221,SEDSCRS_TP,0.000000000000e+00
6396,13221,SO_TCd,0.000000000000e+00
6396,13221,IO_TCd,0.000000000000e+00
6396,13221,AO_TCd,0.000000000000e+00
6396,13221,PO_TCd,0.000000000000e+00
6396,13221,SED_TCd,0.000000000000e+00
6396,13221,SEDWSSD_TCd,0.000000000000e+00
6396,13221,SEDSCRS_TCd,0.000000000000e+00
6396,13221,SO_TCu,0.000000000000e+00
6396,13221,IO_TCu,0.000000000000e+00
6396,13221,AO_TCu,0.000000000000e+00
6396,13221,PO_TCu,0.000000000000e+00
6396,13221,SED_TCu,0.000000000000e+00
6396,13221,SEDWSSD_TCu,0.000000000000e+00
6396,13221,SEDSCRS_TCu,0.000000000000e+00
6396,13221,SO_TPb,0.000000000000e+00
6396,13221,IO_TPb,0.000000000000e+00
6396,13221,AO_TPb,0.000000000000e+00
6396,13221,PO_TPb,0.000000000000e+00
6396,13221,SED_TPb,0.000000000000e+00
6396,13221,SEDWSSD_TPb,0.000000000000e+00
6396,13221,SEDSCRS_TPb,0.000000000000e+00
6396,13221,SO_TZn,0.000000000000e+00
6396,13221,IO_TZn,0.000000000000e+00
6396,13221,AO_TZn,0.000000000000e+00
6396,13221,PO_TZn,0.000000000000e+00
6396,13221,SED_TZn,0.000000000000e+00
6396,13221,SEDWSSD_TZn,0.000000000000e+00
6396,13221,SEDSCRS_TZn,0.000000000000e+00
6396,13222,AREA,0.000000000000e+00
6396,13222,PREC,0.000000000000e+00
6396,13222,SURO,0.000000000000e+00
6396,13222,IFWO,0.000000000000e+00
6396,13222,AGWO,0.000000000000e+00
6396,13222,PERO,0.000000000000e+00
6396,13222,TAET,0.000000000000e+00
6396,13222,SEDLOAD,0.000000000000e+00
6396,13222,SEDWSSD, 0.00000e+00
6396,13222,SEDSCRS, 0.00000e+00
6396,13222,SEDSURO, 0.00000e+00
6396,13222,SEDIFWO, 0.00000e+00
6396,13222,SEDAGWO, 0.00000e+00
6396,13222,SO_TN,0.000000000000e+00
6396,13222,IO_TN,0.000000000000e+00
6396,13222,AO_TN,0.000000000000e+00
6396,13222,PO_TN,0.000000000000e+00
6396,13222,SO_TP,0.000000000000e+00
6396,13222,IO_TP,0.000000000000e+00
6396,13222,AO_TP,0.000000000000e+00
6396,13222,PO_TP,0.000000000000e+00
6396,13222,SED_TP,0.000000000000e+00
6396,13222,SEDWSSD_TP,0.000000000000e+00
6396,13222,SEDSCRS_TP,0.000000000000e+00
6396,13222,SO_TCd,0.000000000000e+00
6396,13222,IO_TCd,0.000000000000e+00
6396,13222,AO_TCd,0.000000000000e+00
6396,13222,PO_TCd,0.000000000000e+00
6396,13222,SED_TCd,0.000000000000e+00
6396,13222,SEDWSSD_TCd,0.000000000000e+00
6396,13222,SEDSCRS_TCd,0.000000000000e+00
6396,13222,SO_TCu,0.000000000000e+00
6396,13222,IO_TCu,0.000000000000e+00
6396,13222,AO_TCu,0.000000000000e+00
6396,13222,PO_TCu,0.000000000000e+00
6396,13222,SED_TCu,0.000000000000e+00
6396,13222,SEDWSSD_TCu,0.000000000000e+00
6396,13222,SEDSCRS_TCu,0.000000000000e+00
6396,13222,SO_TPb,0.000000000000e+00
6396,13222,IO_TPb,0.000000000000e+00
6396,13222,AO_TPb,0.000000000000e+00
6396,13222,PO_TPb,0.000000000000e+00
6396,13222,SED_TPb,0.000000000000e+00
6396,13222,SEDWSSD_TPb,0.000000000000e+00
6396,13222,SEDSCRS_TPb,0.000000000000e+00
6396,13222,SO_TZn,0.000000000000e+00
6396,13222,IO_TZn,0.000000000000e+00
6396,13222,AO_TZn,0.000000000000e+00
6396,13222,PO_TZn,0.000000000000e+00
6396,13222,SED_TZn,0.000000000000e+00
6396,13222,SEDWSSD_TZn,0.000000000000e+00
6396,13222,SEDSCRS_TZn,0.000000000000e+00
6396,13231,AREA,0.000000000000e+00
6396,13231,PREC,0.000000000000e+00
6396,13231,SURO,0.000000000000e+00
6396,13231,IFWO,0.000000000000e+00
6396,13231,AGWO,0.000000000000e+00
6396,13231,PERO,0.000000000000e+00
6396,13231,TAET,0.000000000000e+00
6396,13231,SEDLOAD,0.000000000000e+00
6396,13231,SEDWSSD, 0.00000e+00
6396,13231,SEDSCRS, 0.00000e+00
6396,13231,SEDSURO, 0.00000e+00
6396,13231,SEDIFWO, 0.00000e+00
6396,13231,SEDAGWO, 0.00000e+00
6396,13231,SO_TN,0.000000000000e+00
6396,13231,IO_TN,0.000000000000e+00
6396,13231,AO_TN,0.000000000000e+00
6396,13231,PO_TN,0.000000000000e+00
6396,13231,SO_TP,0.000000000000e+00
6396,13231,IO_TP,0.000000000000e+00
6396,13231,AO_TP,0.000000000000e+00
6396,13231,PO_TP,0.000000000000e+00
6396,13231,SED_TP,0.000000000000e+00
6396,13231,SEDWSSD_TP,0.000000000000e+00
6396,13231,SEDSCRS_TP,0.000000000000e+00
6396,13231,SO_TCd,0.000000000000e+00
6396,13231,IO_TCd,0.000000000000e+00
6396,13231,AO_TCd,0.000000000000e+00
6396,13231,PO_TCd,0.000000000000e+00
6396,13231,SED_TCd,0.000000000000e+00
6396,13231,SEDWSSD_TCd,0.000000000000e+00
6396,13231,SEDSCRS_TCd,0.000000000000e+00
6396,13231,SO_TCu,0.000000000000e+00
6396,13231,IO_TCu,0.000000000000e+00
6396,13231,AO_TCu,0.000000000000e+00
6396,13231,PO_TCu,0.000000000000e+00
6396,13231,SED_TCu,0.000000000000e+00
6396,13231,SEDWSSD_TCu,0.000000000000e+00
6396,13231,SEDSCRS_TCu,0.000000000000e+00
6396,13231,SO_TPb,0.000000000000e+00
6396,13231,IO_TPb,0.000000000000e+00
6396,13231,AO_TPb,0.000000000000e+00
6396,13231,PO_TPb,0.000000000000e+00
6396,13231,SED_TPb,0.000000000000e+00
6396,13231,SEDWSSD_TPb,0.000000000000e+00
6396,13231,SEDSCRS_TPb,0.000000000000e+00
6396,13231,SO_TZn,0.000000000000e+00
6396,13231,IO_TZn,0.000000000000e+00
6396,13231,AO_TZn,0.000000000000e+00
6396,13231,PO_TZn,0.000000000000e+00
6396,13231,SED_TZn,0.000000000000e+00
6396,13231,SEDWSSD_TZn,0.000000000000e+00
6396,13231,SEDSCRS_TZn,0.000000000000e+00
6396,13232,AREA,0.000000000000e+00
6396,13232,PREC,0.000000000000e+00
6396,13232,SURO,0.000000000000e+00
6396,13232,IFWO,0.000000000000e+00
6396,13232,AGWO,0.000000000000e+00
6396,13232,PERO,0.000000000000e+00
6396,13232,TAET,0.000000000000e+00
6396,13232,SEDLOAD,0.000000000000e+00
6396,13232,SEDWSSD, 0.00000e+00
6396,13232,SEDSCRS, 0.00000e+00
6396,13232,SEDSURO, 0.00000e+00
6396,13232,SEDIFWO, 0.00000e+00
6396,13232,SEDAGWO, 0.00000e+00
6396,13232,SO_TN,0.000000000000e+00
6396,13232,IO_TN,0.000000000000e+00
6396,13232,AO_TN,0.000000000000e+00
6396,13232,PO_TN,0.000000000000e+00
6396,13232,SO_TP,0.000000000000e+00
6396,13232,IO_TP,0.000000000000e+00
6396,13232,AO_TP,0.000000000000e+00
6396,13232,PO_TP,0.000000000000e+00
6396,13232,SED_TP,0.000000000000e+00
6396,13232,SEDWSSD_TP,0.000000000000e+00
6396,13232,SEDSCRS_TP,0.000000000000e+00
6396,13232,SO_TCd,0.000000000000e+00
6396,13232,IO_TCd,0.000000000000e+00
6396,13232,AO_TCd,0.000000000000e+00
6396,13232,PO_TCd,0.000000000000e+00
6396,13232,SED_TCd,0.000000000000e+00
6396,13232,SEDWSSD_TCd,0.000000000000e+00
6396,13232,SEDSCRS_TCd,0.000000000000e+00
6396,13232,SO_TCu,0.000000000000e+00
6396,13232,IO_TCu,0.000000000000e+00
6396,13232,AO_TCu,0.000000000000e+00
6396,13232,PO_TCu,0.000000000000e+00
6396,13232,SED_TCu,0.000000000000e+00
6396,13232,SEDWSSD_TCu,0.000000000000e+00
6396,13232,SEDSCRS_TCu,0.000000000000e+00
6396,13232,SO_TPb,0.000000000000e+00
6396,13232,IO_TPb,0.000000000000e+00
6396,13232,AO_TPb,0.000000000000e+00
6396,13232,PO_TPb,0.000000000000e+00
6396,13232,SED_TPb,0.000000000000e+00
6396,13232,SEDWSSD_TPb,0.000000000000e+00
6396,13232,SEDSCRS_TPb,0.000000000000e+00
6396,13232,SO_TZn,0.000000000000e+00
6396,13232,IO_TZn,0.000000000000e+00
6396,13232,AO_TZn,0.000000000000e+00
6396,13232,PO_TZn,0.000000000000e+00
6396,13232,SED_TZn,0.000000000000e+00
6396,13232,SEDWSSD_TZn,0.000000000000e+00
6396,13232,SEDSCRS_TZn,0.000000000000e+00
6396,13311,AREA,0.000000000000e+00
6396,13311,PREC,0.000000000000e+00
6396,13311,SURO,0.000000000000e+00
6396,13311,IFWO,0.000000000000e+00
6396,13311,AGWO,0.000000000000e+00
6396,13311,PERO,0.000000000000e+00
6396,13311,TAET,0.000000000000e+00
6396,13311,SEDLOAD,0.000000000000e+00
6396,13311,SEDWSSD, 0.00000e+00
6396,13311,SEDSCRS, 0.00000e+00
6396,13311,SEDSURO, 0.00000e+00
6396,13311,SEDIFWO, 0.00000e+00
6396,13311,SEDAGWO, 0.00000e+00
6396,13311,SO_TN,0.000000000000e+00
6396,13311,IO_TN,0.000000000000e+00
6396,13311,AO_TN,0.000000000000e+00
6396,13311,PO_TN,0.000000000000e+00
6396,13311,SO_TP,0.000000000000e+00
6396,13311,IO_TP,0.000000000000e+00
6396,13311,AO_TP,0.000000000000e+00
6396,13311,PO_TP,0.000000000000e+00
6396,13311,SED_TP,0.000000000000e+00
6396,13311,SEDWSSD_TP,0.000000000000e+00
6396,13311,SEDSCRS_TP,0.000000000000e+00
6396,13311,SO_TCd,0.000000000000e+00
6396,13311,IO_TCd,0.000000000000e+00
6396,13311,AO_TCd,0.000000000000e+00
6396,13311,PO_TCd,0.000000000000e+00
6396,13311,SED_TCd,0.000000000000e+00
6396,13311,SEDWSSD_TCd,0.000000000000e+00
6396,13311,SEDSCRS_TCd,0.000000000000e+00
6396,13311,SO_TCu,0.000000000000e+00
6396,13311,IO_TCu,0.000000000000e+00
6396,13311,AO_TCu,0.000000000000e+00
6396,13311,PO_TCu,0.000000000000e+00
6396,13311,SED_TCu,0.000000000000e+00
6396,13311,SEDWSSD_TCu,0.000000000000e+00
6396,13311,SEDSCRS_TCu,0.000000000000e+00
6396,13311,SO_TPb,0.000000000000e+00
6396,13311,IO_TPb,0.000000000000e+00
6396,13311,AO_TPb,0.000000000000e+00
6396,13311,PO_TPb,0.000000000000e+00
6396,13311,SED_TPb,0.000000000000e+00
6396,13311,SEDWSSD_TPb,0.000000000000e+00
6396,13311,SEDSCRS_TPb,0.000000000000e+00
6396,13311,SO_TZn,0.000000000000e+00
6396,13311,IO_TZn,0.000000000000e+00
6396,13311,AO_TZn,0.000000000000e+00
6396,13311,PO_TZn,0.000000000000e+00
6396,13311,SED_TZn,0.000000000000e+00
6396,13311,SEDWSSD_TZn,0.000000000000e+00
6396,13311,SEDSCRS_TZn,0.000000000000e+00
6396,13312,AREA,0.000000000000e+00
6396,13312,PREC,0.000000000000e+00
6396,13312,SURO,0.000000000000e+00
6396,13312,IFWO,0.000000000000e+00
6396,13312,AGWO,0.000000000000e+00
6396,13312,PERO,0.000000000000e+00
6396,13312,TAET,0.000000000000e+00
6396,13312,SEDLOAD,0.000000000000e+00
6396,13312,SEDWSSD, 0.00000e+00
6396,13312,SEDSCRS, 0.00000e+00
6396,13312,SEDSURO, 0.00000e+00
6396,13312,SEDIFWO, 0.00000e+00
6396,13312,SEDAGWO, 0.00000e+00
6396,13312,SO_TN,0.000000000000e+00
6396,13312,IO_TN,0.000000000000e+00
6396,13312,AO_TN,0.000000000000e+00
6396,13312,PO_TN,0.000000000000e+00
6396,13312,SO_TP,0.000000000000e+00
6396,13312,IO_TP,0.000000000000e+00
6396,13312,AO_TP,0.000000000000e+00
6396,13312,PO_TP,0.000000000000e+00
6396,13312,SED_TP,0.000000000000e+00
6396,13312,SEDWSSD_TP,0.000000000000e+00
6396,13312,SEDSCRS_TP,0.000000000000e+00
6396,13312,SO_TCd,0.000000000000e+00
6396,13312,IO_TCd,0.000000000000e+00
6396,13312,AO_TCd,0.000000000000e+00
6396,13312,PO_TCd,0.000000000000e+00
6396,13312,SED_TCd,0.000000000000e+00
6396,13312,SEDWSSD_TCd,0.000000000000e+00
6396,13312,SEDSCRS_TCd,0.000000000000e+00
6396,13312,SO_TCu,0.000000000000e+00
6396,13312,IO_TCu,0.000000000000e+00
6396,13312,AO_TCu,0.000000000000e+00
6396,13312,PO_TCu,0.000000000000e+00
6396,13312,SED_TCu,0.000000000000e+00
6396,13312,SEDWSSD_TCu,0.000000000000e+00
6396,13312,SEDSCRS_TCu,0.000000000000e+00
6396,13312,SO_TPb,0.000000000000e+00
6396,13312,IO_TPb,0.000000000000e+00
6396,13312,AO_TPb,0.000000000000e+00
6396,13312,PO_TPb,0.000000000000e+00
6396,13312,SED_TPb,0.000000000000e+00
6396,13312,SEDWSSD_TPb,0.000000000000e+00
6396,13312,SEDSCRS_TPb,0.000000000000e+00
6396,13312,SO_TZn,0.000000000000e+00
6396,13312,IO_TZn,0.000000000000e+00
6396,13312,AO_TZn,0.000000000000e+00
6396,13312,PO_TZn,0.000000000000e+00
6396,13312,SED_TZn,0.000000000000e+00
6396,13312,SEDWSSD_TZn,0.000000000000e+00
6396,13312,SEDSCRS_TZn,0.000000000000e+00
6396,13321,AREA,0.000000000000e+00
6396,13321,PREC,0.000000000000e+00
6396,13321,SURO,0.000000000000e+00
6396,13321,IFWO,0.000000000000e+00
6396,13321,AGWO,0.000000000000e+00
6396,13321,PERO,0.000000000000e+00
6396,13321,TAET,0.000000000000e+00
6396,13321,SEDLOAD,0.000000000000e+00
6396,13321,SEDWSSD, 0.00000e+00
6396,13321,SEDSCRS, 0.00000e+00
6396,13321,SEDSURO, 0.00000e+00
6396,13321,SEDIFWO, 0.00000e+00
6396,13321,SEDAGWO, 0.00000e+00
6396,13321,SO_TN,0.000000000000e+00
6396,13321,IO_TN,0.000000000000e+00
6396,13321,AO_TN,0.000000000000e+00
6396,13321,PO_TN,0.000000000000e+00
6396,13321,SO_TP,0.000000000000e+00
6396,13321,IO_TP,0.000000000000e+00
6396,13321,AO_TP,0.000000000000e+00
6396,13321,PO_TP,0.000000000000e+00
6396,13321,SED_TP,0.000000000000e+00
6396,13321,SEDWSSD_TP,0.000000000000e+00
6396,13321,SEDSCRS_TP,0.000000000000e+00
6396,13321,SO_TCd,0.000000000000e+00
6396,13321,IO_TCd,0.000000000000e+00
6396,13321,AO_TCd,0.000000000000e+00
6396,13321,PO_TCd,0.000000000000e+00
6396,13321,SED_TCd,0.000000000000e+00
6396,13321,SEDWSSD_TCd,0.000000000000e+00
6396,13321,SEDSCRS_TCd,0.000000000000e+00
6396,13321,SO_TCu,0.000000000000e+00
6396,13321,IO_TCu,0.000000000000e+00
6396,13321,AO_TCu,0.000000000000e+00
6396,13321,PO_TCu,0.000000000000e+00
6396,13321,SED_TCu,0.000000000000e+00
6396,13321,SEDWSSD_TCu,0.000000000000e+00
6396,13321,SEDSCRS_TCu,0.000000000000e+00
6396,13321,SO_TPb,0.000000000000e+00
6396,13321,IO_TPb,0.000000000000e+00
6396,13321,AO_TPb,0.000000000000e+00
6396,13321,PO_TPb,0.000000000000e+00
6396,13321,SED_TPb,0.000000000000e+00
6396,13321,SEDWSSD_TPb,0.000000000000e+00
6396,13321,SEDSCRS_TPb,0.000000000000e+00
6396,13321,SO_TZn,0.000000000000e+00
6396,13321,IO_TZn,0.000000000000e+00
6396,13321,AO_TZn,0.000000000000e+00
6396,13321,PO_TZn,0.000000000000e+00
6396,13321,SED_TZn,0.000000000000e+00
6396,13321,SEDWSSD_TZn,0.000000000000e+00
6396,13321,SEDSCRS_TZn,0.000000000000e+00
6396,13322,AREA,0.000000000000e+00
6396,13322,PREC,0.000000000000e+00
6396,13322,SURO,0.000000000000e+00
6396,13322,IFWO,0.000000000000e+00
6396,13322,AGWO,0.000000000000e+00
6396,13322,PERO,0.000000000000e+00
6396,13322,TAET,0.000000000000e+00
6396,13322,SEDLOAD,0.000000000000e+00
6396,13322,SEDWSSD, 0.00000e+00
6396,13322,SEDSCRS, 0.00000e+00
6396,13322,SEDSURO, 0.00000e+00
6396,13322,SEDIFWO, 0.00000e+00
6396,13322,SEDAGWO, 0.00000e+00
6396,13322,SO_TN,0.000000000000e+00
6396,13322,IO_TN,0.000000000000e+00
6396,13322,AO_TN,0.000000000000e+00
6396,13322,PO_TN,0.000000000000e+00
6396,13322,SO_TP,0.000000000000e+00
6396,13322,IO_TP,0.000000000000e+00
6396,13322,AO_TP,0.000000000000e+00
6396,13322,PO_TP,0.000000000000e+00
6396,13322,SED_TP,0.000000000000e+00
6396,13322,SEDWSSD_TP,0.000000000000e+00
6396,13322,SEDSCRS_TP,0.000000000000e+00
6396,13322,SO_TCd,0.000000000000e+00
6396,13322,IO_TCd,0.000000000000e+00
6396,13322,AO_TCd,0.000000000000e+00
6396,13322,PO_TCd,0.000000000000e+00
6396,13322,SED_TCd,0.000000000000e+00
6396,13322,SEDWSSD_TCd,0.000000000000e+00
6396,13322,SEDSCRS_TCd,0.000000000000e+00
6396,13322,SO_TCu,0.000000000000e+00
6396,13322,IO_TCu,0.000000000000e+00
6396,13322,AO_TCu,0.000000000000e+00
6396,13322,PO_TCu,0.000000000000e+00
6396,13322,SED_TCu,0.000000000000e+00
6396,13322,SEDWSSD_TCu,0.000000000000e+00
6396,13322,SEDSCRS_TCu,0.000000000000e+00
6396,13322,SO_TPb,0.000000000000e+00
6396,13322,IO_TPb,0.000000000000e+00
6396,13322,AO_TPb,0.000000000000e+00
6396,13322,PO_TPb,0.000000000000e+00
6396,13322,SED_TPb,0.000000000000e+00
6396,13322,SEDWSSD_TPb,0.000000000000e+00
6396,13322,SEDSCRS_TPb,0.000000000000e+00
6396,13322,SO_TZn,0.000000000000e+00
6396,13322,IO_TZn,0.000000000000e+00
6396,13322,AO_TZn,0.000000000000e+00
6396,13322,PO_TZn,0.000000000000e+00
6396,13322,SED_TZn,0.000000000000e+00
6396,13322,SEDWSSD_TZn,0.000000000000e+00
6396,13322,SEDSCRS_TZn,0.000000000000e+00
6396,13331,AREA,0.000000000000e+00
6396,13331,PREC,0.000000000000e+00
6396,13331,SURO,0.000000000000e+00
6396,13331,IFWO,0.000000000000e+00
6396,13331,AGWO,0.000000000000e+00
6396,13331,PERO,0.000000000000e+00
6396,13331,TAET,0.000000000000e+00
6396,13331,SEDLOAD,0.000000000000e+00
6396,13331,SEDWSSD, 0.00000e+00
6396,13331,SEDSCRS, 0.00000e+00
6396,13331,SEDSURO, 0.00000e+00
6396,13331,SEDIFWO, 0.00000e+00
6396,13331,SEDAGWO, 0.00000e+00
6396,13331,SO_TN,0.000000000000e+00
6396,13331,IO_TN,0.000000000000e+00
6396,13331,AO_TN,0.000000000000e+00
6396,13331,PO_TN,0.000000000000e+00
6396,13331,SO_TP,0.000000000000e+00
6396,13331,IO_TP,0.000000000000e+00
6396,13331,AO_TP,0.000000000000e+00
6396,13331,PO_TP,0.000000000000e+00
6396,13331,SED_TP,0.000000000000e+00
6396,13331,SEDWSSD_TP,0.000000000000e+00
6396,13331,SEDSCRS_TP,0.000000000000e+00
6396,13331,SO_TCd,0.000000000000e+00
6396,13331,IO_TCd,0.000000000000e+00
6396,13331,AO_TCd,0.000000000000e+00
6396,13331,PO_TCd,0.000000000000e+00
6396,13331,SED_TCd,0.000000000000e+00
6396,13331,SEDWSSD_TCd,0.000000000000e+00
6396,13331,SEDSCRS_TCd,0.000000000000e+00
6396,13331,SO_TCu,0.000000000000e+00
6396,13331,IO_TCu,0.000000000000e+00
6396,13331,AO_TCu,0.000000000000e+00
6396,13331,PO_TCu,0.000000000000e+00
6396,13331,SED_TCu,0.000000000000e+00
6396,13331,SEDWSSD_TCu,0.000000000000e+00
6396,13331,SEDSCRS_TCu,0.000000000000e+00
6396,13331,SO_TPb,0.000000000000e+00
6396,13331,IO_TPb,0.000000000000e+00
6396,13331,AO_TPb,0.000000000000e+00
6396,13331,PO_TPb,0.000000000000e+00
6396,13331,SED_TPb,0.000000000000e+00
6396,13331,SEDWSSD_TPb,0.000000000000e+00
6396,13331,SEDSCRS_TPb,0.000000000000e+00
6396,13331,SO_TZn,0.000000000000e+00
6396,13331,IO_TZn,0.000000000000e+00
6396,13331,AO_TZn,0.000000000000e+00
6396,13331,PO_TZn,0.000000000000e+00
6396,13331,SED_TZn,0.000000000000e+00
6396,13331,SEDWSSD_TZn,0.000000000000e+00
6396,13331,SEDSCRS_TZn,0.000000000000e+00
6396,13411,AREA,0.000000000000e+00
6396,13411,PREC,0.000000000000e+00
6396,13411,SURO,0.000000000000e+00
6396,13411,IFWO,0.000000000000e+00
6396,13411,AGWO,0.000000000000e+00
6396,13411,PERO,0.000000000000e+00
6396,13411,TAET,0.000000000000e+00
6396,13411,SEDLOAD,0.000000000000e+00
6396,13411,SEDWSSD, 0.00000e+00
6396,13411,SEDSCRS, 0.00000e+00
6396,13411,SEDSURO, 0.00000e+00
6396,13411,SEDIFWO, 0.00000e+00
6396,13411,SEDAGWO, 0.00000e+00
6396,13411,SO_TN,0.000000000000e+00
6396,13411,IO_TN,0.000000000000e+00
6396,13411,AO_TN,0.000000000000e+00
6396,13411,PO_TN,0.000000000000e+00
6396,13411,SO_TP,0.000000000000e+00
6396,13411,IO_TP,0.000000000000e+00
6396,13411,AO_TP,0.000000000000e+00
6396,13411,PO_TP,0.000000000000e+00
6396,13411,SED_TP,0.000000000000e+00
6396,13411,SEDWSSD_TP,0.000000000000e+00
6396,13411,SEDSCRS_TP,0.000000000000e+00
6396,13411,SO_TCd,0.000000000000e+00
6396,13411,IO_TCd,0.000000000000e+00
6396,13411,AO_TCd,0.000000000000e+00
6396,13411,PO_TCd,0.000000000000e+00
6396,13411,SED_TCd,0.000000000000e+00
6396,13411,SEDWSSD_TCd,0.000000000000e+00
6396,13411,SEDSCRS_TCd,0.000000000000e+00
6396,13411,SO_TCu,0.000000000000e+00
6396,13411,IO_TCu,0.000000000000e+00
6396,13411,AO_TCu,0.000000000000e+00
6396,13411,PO_TCu,0.000000000000e+00
6396,13411,SED_TCu,0.000000000000e+00
6396,13411,SEDWSSD_TCu,0.000000000000e+00
6396,13411,SEDSCRS_TCu,0.000000000000e+00
6396,13411,SO_TPb,0.000000000000e+00
6396,13411,IO_TPb,0.000000000000e+00
6396,13411,AO_TPb,0.000000000000e+00
6396,13411,PO_TPb,0.000000000000e+00
6396,13411,SED_TPb,0.000000000000e+00
6396,13411,SEDWSSD_TPb,0.000000000000e+00
6396,13411,SEDSCRS_TPb,0.000000000000e+00
6396,13411,SO_TZn,0.000000000000e+00
6396,13411,IO_TZn,0.000000000000e+00
6396,13411,AO_TZn,0.000000000000e+00
6396,13411,PO_TZn,0.000000000000e+00
6396,13411,SED_TZn,0.000000000000e+00
6396,13411,SEDWSSD_TZn,0.000000000000e+00
6396,13411,SEDSCRS_TZn,0.000000000000e+00
6396,13412,AREA,0.000000000000e+00
6396,13412,PREC,0.000000000000e+00
6396,13412,SURO,0.000000000000e+00
6396,13412,IFWO,0.000000000000e+00
6396,13412,AGWO,0.000000000000e+00
6396,13412,PERO,0.000000000000e+00
6396,13412,TAET,0.000000000000e+00
6396,13412,SEDLOAD,0.000000000000e+00
6396,13412,SEDWSSD, 0.00000e+00
6396,13412,SEDSCRS, 0.00000e+00
6396,13412,SEDSURO, 0.00000e+00
6396,13412,SEDIFWO, 0.00000e+00
6396,13412,SEDAGWO, 0.00000e+00
6396,13412,SO_TN,0.000000000000e+00
6396,13412,IO_TN,0.000000000000e+00
6396,13412,AO_TN,0.000000000000e+00
6396,13412,PO_TN,0.000000000000e+00
6396,13412,SO_TP,0.000000000000e+00
6396,13412,IO_TP,0.000000000000e+00
6396,13412,AO_TP,0.000000000000e+00
6396,13412,PO_TP,0.000000000000e+00
6396,13412,SED_TP,0.000000000000e+00
6396,13412,SEDWSSD_TP,0.000000000000e+00
6396,13412,SEDSCRS_TP,0.000000000000e+00
6396,13412,SO_TCd,0.000000000000e+00
6396,13412,IO_TCd,0.000000000000e+00
6396,13412,AO_TCd,0.000000000000e+00
6396,13412,PO_TCd,0.000000000000e+00
6396,13412,SED_TCd,0.000000000000e+00
6396,13412,SEDWSSD_TCd,0.000000000000e+00
6396,13412,SEDSCRS_TCd,0.000000000000e+00
6396,13412,SO_TCu,0.000000000000e+00
6396,13412,IO_TCu,0.000000000000e+00
6396,13412,AO_TCu,0.000000000000e+00
6396,13412,PO_TCu,0.000000000000e+00
6396,13412,SED_TCu,0.000000000000e+00
6396,13412,SEDWSSD_TCu,0.000000000000e+00
6396,13412,SEDSCRS_TCu,0.000000000000e+00
6396,13412,SO_TPb,0.000000000000e+00
6396,13412,IO_TPb,0.000000000000e+00
6396,13412,AO_TPb,0.000000000000e+00
6396,13412,PO_TPb,0.000000000000e+00
6396,13412,SED_TPb,0.000000000000e+00
6396,13412,SEDWSSD_TPb,0.000000000000e+00
6396,13412,SEDSCRS_TPb,0.000000000000e+00
6396,13412,SO_TZn,0.000000000000e+00
6396,13412,IO_TZn,0.000000000000e+00
6396,13412,AO_TZn,0.000000000000e+00
6396,13412,PO_TZn,0.000000000000e+00
6396,13412,SED_TZn,0.000000000000e+00
6396,13412,SEDWSSD_TZn,0.000000000000e+00
6396,13412,SEDSCRS_TZn,0.000000000000e+00
6396,13421,AREA,0.000000000000e+00
6396,13421,PREC,0.000000000000e+00
6396,13421,SURO,0.000000000000e+00
6396,13421,IFWO,0.000000000000e+00
6396,13421,AGWO,0.000000000000e+00
6396,13421,PERO,0.000000000000e+00
6396,13421,TAET,0.000000000000e+00
6396,13421,SEDLOAD,0.000000000000e+00
6396,13421,SEDWSSD, 0.00000e+00
6396,13421,SEDSCRS, 0.00000e+00
6396,13421,SEDSURO, 0.00000e+00
6396,13421,SEDIFWO, 0.00000e+00
6396,13421,SEDAGWO, 0.00000e+00
6396,13421,SO_TN,0.000000000000e+00
6396,13421,IO_TN,0.000000000000e+00
6396,13421,AO_TN,0.000000000000e+00
6396,13421,PO_TN,0.000000000000e+00
6396,13421,SO_TP,0.000000000000e+00
6396,13421,IO_TP,0.000000000000e+00
6396,13421,AO_TP,0.000000000000e+00
6396,13421,PO_TP,0.000000000000e+00
6396,13421,SED_TP,0.000000000000e+00
6396,13421,SEDWSSD_TP,0.000000000000e+00
6396,13421,SEDSCRS_TP,0.000000000000e+00
6396,13421,SO_TCd,0.000000000000e+00
6396,13421,IO_TCd,0.000000000000e+00
6396,13421,AO_TCd,0.000000000000e+00
6396,13421,PO_TCd,0.000000000000e+00
6396,13421,SED_TCd,0.000000000000e+00
6396,13421,SEDWSSD_TCd,0.000000000000e+00
6396,13421,SEDSCRS_TCd,0.000000000000e+00
6396,13421,SO_TCu,0.000000000000e+00
6396,13421,IO_TCu,0.000000000000e+00
6396,13421,AO_TCu,0.000000000000e+00
6396,13421,PO_TCu,0.000000000000e+00
6396,13421,SED_TCu,0.000000000000e+00
6396,13421,SEDWSSD_TCu,0.000000000000e+00
6396,13421,SEDSCRS_TCu,0.000000000000e+00
6396,13421,SO_TPb,0.000000000000e+00
6396,13421,IO_TPb,0.000000000000e+00
6396,13421,AO_TPb,0.000000000000e+00
6396,13421,PO_TPb,0.000000000000e+00
6396,13421,SED_TPb,0.000000000000e+00
6396,13421,SEDWSSD_TPb,0.000000000000e+00
6396,13421,SEDSCRS_TPb,0.000000000000e+00
6396,13421,SO_TZn,0.000000000000e+00
6396,13421,IO_TZn,0.000000000000e+00
6396,13421,AO_TZn,0.000000000000e+00
6396,13421,PO_TZn,0.000000000000e+00
6396,13421,SED_TZn,0.000000000000e+00
6396,13421,SEDWSSD_TZn,0.000000000000e+00
6396,13421,SEDSCRS_TZn,0.000000000000e+00
6396,13422,AREA,0.000000000000e+00
6396,13422,PREC,0.000000000000e+00
6396,13422,SURO,0.000000000000e+00
6396,13422,IFWO,0.000000000000e+00
6396,13422,AGWO,0.000000000000e+00
6396,13422,PERO,0.000000000000e+00
6396,13422,TAET,0.000000000000e+00
6396,13422,SEDLOAD,0.000000000000e+00
6396,13422,SEDWSSD, 0.00000e+00
6396,13422,SEDSCRS, 0.00000e+00
6396,13422,SEDSURO, 0.00000e+00
6396,13422,SEDIFWO, 0.00000e+00
6396,13422,SEDAGWO, 0.00000e+00
6396,13422,SO_TN,0.000000000000e+00
6396,13422,IO_TN,0.000000000000e+00
6396,13422,AO_TN,0.000000000000e+00
6396,13422,PO_TN,0.000000000000e+00
6396,13422,SO_TP,0.000000000000e+00
6396,13422,IO_TP,0.000000000000e+00
6396,13422,AO_TP,0.000000000000e+00
6396,13422,PO_TP,0.000000000000e+00
6396,13422,SED_TP,0.000000000000e+00
6396,13422,SEDWSSD_TP,0.000000000000e+00
6396,13422,SEDSCRS_TP,0.000000000000e+00
6396,13422,SO_TCd,0.000000000000e+00
6396,13422,IO_TCd,0.000000000000e+00
6396,13422,AO_TCd,0.000000000000e+00
6396,13422,PO_TCd,0.000000000000e+00
6396,13422,SED_TCd,0.000000000000e+00
6396,13422,SEDWSSD_TCd,0.000000000000e+00
6396,13422,SEDSCRS_TCd,0.000000000000e+00
6396,13422,SO_TCu,0.000000000000e+00
6396,13422,IO_TCu,0.000000000000e+00
6396,13422,AO_TCu,0.000000000000e+00
6396,13422,PO_TCu,0.000000000000e+00
6396,13422,SED_TCu,0.000000000000e+00
6396,13422,SEDWSSD_TCu,0.000000000000e+00
6396,13422,SEDSCRS_TCu,0.000000000000e+00
6396,13422,SO_TPb,0.000000000000e+00
6396,13422,IO_TPb,0.000000000000e+00
6396,13422,AO_TPb,0.000000000000e+00
6396,13422,PO_TPb,0.000000000000e+00
6396,13422,SED_TPb,0.000000000000e+00
6396,13422,SEDWSSD_TPb,0.000000000000e+00
6396,13422,SEDSCRS_TPb,0.000000000000e+00
6396,13422,SO_TZn,0.000000000000e+00
6396,13422,IO_TZn,0.000000000000e+00
6396,13422,AO_TZn,0.000000000000e+00
6396,13422,PO_TZn,0.000000000000e+00
6396,13422,SED_TZn,0.000000000000e+00
6396,13422,SEDWSSD_TZn,0.000000000000e+00
6396,13422,SEDSCRS_TZn,0.000000000000e+00
6396,13431,AREA,0.000000000000e+00
6396,13431,PREC,0.000000000000e+00
6396,13431,SURO,0.000000000000e+00
6396,13431,IFWO,0.000000000000e+00
6396,13431,AGWO,0.000000000000e+00
6396,13431,PERO,0.000000000000e+00
6396,13431,TAET,0.000000000000e+00
6396,13431,SEDLOAD,0.000000000000e+00
6396,13431,SEDWSSD, 0.00000e+00
6396,13431,SEDSCRS, 0.00000e+00
6396,13431,SEDSURO, 0.00000e+00
6396,13431,SEDIFWO, 0.00000e+00
6396,13431,SEDAGWO, 0.00000e+00
6396,13431,SO_TN,0.000000000000e+00
6396,13431,IO_TN,0.000000000000e+00
6396,13431,AO_TN,0.000000000000e+00
6396,13431,PO_TN,0.000000000000e+00
6396,13431,SO_TP,0.000000000000e+00
6396,13431,IO_TP,0.000000000000e+00
6396,13431,AO_TP,0.000000000000e+00
6396,13431,PO_TP,0.000000000000e+00
6396,13431,SED_TP,0.000000000000e+00
6396,13431,SEDWSSD_TP,0.000000000000e+00
6396,13431,SEDSCRS_TP,0.000000000000e+00
6396,13431,SO_TCd,0.000000000000e+00
6396,13431,IO_TCd,0.000000000000e+00
6396,13431,AO_TCd,0.000000000000e+00
6396,13431,PO_TCd,0.000000000000e+00
6396,13431,SED_TCd,0.000000000000e+00
6396,13431,SEDWSSD_TCd,0.000000000000e+00
6396,13431,SEDSCRS_TCd,0.000000000000e+00
6396,13431,SO_TCu,0.000000000000e+00
6396,13431,IO_TCu,0.000000000000e+00
6396,13431,AO_TCu,0.000000000000e+00
6396,13431,PO_TCu,0.000000000000e+00
6396,13431,SED_TCu,0.000000000000e+00
6396,13431,SEDWSSD_TCu,0.000000000000e+00
6396,13431,SEDSCRS_TCu,0.000000000000e+00
6396,13431,SO_TPb,0.000000000000e+00
6396,13431,IO_TPb,0.000000000000e+00
6396,13431,AO_TPb,0.000000000000e+00
6396,13431,PO_TPb,0.000000000000e+00
6396,13431,SED_TPb,0.000000000000e+00
6396,13431,SEDWSSD_TPb,0.000000000000e+00
6396,13431,SEDSCRS_TPb,0.000000000000e+00
6396,13431,SO_TZn,0.000000000000e+00
6396,13431,IO_TZn,0.000000000000e+00
6396,13431,AO_TZn,0.000000000000e+00
6396,13431,PO_TZn,0.000000000000e+00
6396,13431,SED_TZn,0.000000000000e+00
6396,13431,SEDWSSD_TZn,0.000000000000e+00
6396,13431,SEDSCRS_TZn,0.000000000000e+00
6396,13432,AREA,0.000000000000e+00
6396,13432,PREC,0.000000000000e+00
6396,13432,SURO,0.000000000000e+00
6396,13432,IFWO,0.000000000000e+00
6396,13432,AGWO,0.000000000000e+00
6396,13432,PERO,0.000000000000e+00
6396,13432,TAET,0.000000000000e+00
6396,13432,SEDLOAD,0.000000000000e+00
6396,13432,SEDWSSD, 0.00000e+00
6396,13432,SEDSCRS, 0.00000e+00
6396,13432,SEDSURO, 0.00000e+00
6396,13432,SEDIFWO, 0.00000e+00
6396,13432,SEDAGWO, 0.00000e+00
6396,13432,SO_TN,0.000000000000e+00
6396,13432,IO_TN,0.000000000000e+00
6396,13432,AO_TN,0.000000000000e+00
6396,13432,PO_TN,0.000000000000e+00
6396,13432,SO_TP,0.000000000000e+00
6396,13432,IO_TP,0.000000000000e+00
6396,13432,AO_TP,0.000000000000e+00
6396,13432,PO_TP,0.000000000000e+00
6396,13432,SED_TP,0.000000000000e+00
6396,13432,SEDWSSD_TP,0.000000000000e+00
6396,13432,SEDSCRS_TP,0.000000000000e+00
6396,13432,SO_TCd,0.000000000000e+00
6396,13432,IO_TCd,0.000000000000e+00
6396,13432,AO_TCd,0.000000000000e+00
6396,13432,PO_TCd,0.000000000000e+00
6396,13432,SED_TCd,0.000000000000e+00
6396,13432,SEDWSSD_TCd,0.000000000000e+00
6396,13432,SEDSCRS_TCd,0.000000000000e+00
6396,13432,SO_TCu,0.000000000000e+00
6396,13432,IO_TCu,0.000000000000e+00
6396,13432,AO_TCu,0.000000000000e+00
6396,13432,PO_TCu,0.000000000000e+00
6396,13432,SED_TCu,0.000000000000e+00
6396,13432,SEDWSSD_TCu,0.000000000000e+00
6396,13432,SEDSCRS_TCu,0.000000000000e+00
6396,13432,SO_TPb,0.000000000000e+00
6396,13432,IO_TPb,0.000000000000e+00
6396,13432,AO_TPb,0.000000000000e+00
6396,13432,PO_TPb,0.000000000000e+00
6396,13432,SED_TPb,0.000000000000e+00
6396,13432,SEDWSSD_TPb,0.000000000000e+00
6396,13432,SEDSCRS_TPb,0.000000000000e+00
6396,13432,SO_TZn,0.000000000000e+00
6396,13432,IO_TZn,0.000000000000e+00
6396,13432,AO_TZn,0.000000000000e+00
6396,13432,PO_TZn,0.000000000000e+00
6396,13432,SED_TZn,0.000000000000e+00
6396,13432,SEDWSSD_TZn,0.000000000000e+00
6396,13432,SEDSCRS_TZn,0.000000000000e+00
6396,14121,AREA,0.000000000000e+00
6396,14121,PREC,0.000000000000e+00
6396,14121,SURO,0.000000000000e+00
6396,14121,IFWO,0.000000000000e+00
6396,14121,AGWO,0.000000000000e+00
6396,14121,PERO,0.000000000000e+00
6396,14121,TAET,0.000000000000e+00
6396,14121,SEDLOAD,0.000000000000e+00
6396,14121,SEDWSSD, 0.00000e+00
6396,14121,SEDSCRS, 0.00000e+00
6396,14121,SEDSURO, 0.00000e+00
6396,14121,SEDIFWO, 0.00000e+00
6396,14121,SEDAGWO, 0.00000e+00
6396,14121,SO_TN,0.000000000000e+00
6396,14121,IO_TN,0.000000000000e+00
6396,14121,AO_TN,0.000000000000e+00
6396,14121,PO_TN,0.000000000000e+00
6396,14121,SO_TP,0.000000000000e+00
6396,14121,IO_TP,0.000000000000e+00
6396,14121,AO_TP,0.000000000000e+00
6396,14121,PO_TP,0.000000000000e+00
6396,14121,SED_TP,0.000000000000e+00
6396,14121,SEDWSSD_TP,0.000000000000e+00
6396,14121,SEDSCRS_TP,0.000000000000e+00
6396,14121,SO_TCd,0.000000000000e+00
6396,14121,IO_TCd,0.000000000000e+00
6396,14121,AO_TCd,0.000000000000e+00
6396,14121,PO_TCd,0.000000000000e+00
6396,14121,SED_TCd,0.000000000000e+00
6396,14121,SEDWSSD_TCd,0.000000000000e+00
6396,14121,SEDSCRS_TCd,0.000000000000e+00
6396,14121,SO_TCu,0.000000000000e+00
6396,14121,IO_TCu,0.000000000000e+00
6396,14121,AO_TCu,0.000000000000e+00
6396,14121,PO_TCu,0.000000000000e+00
6396,14121,SED_TCu,0.000000000000e+00
6396,14121,SEDWSSD_TCu,0.000000000000e+00
6396,14121,SEDSCRS_TCu,0.000000000000e+00
6396,14121,SO_TPb,0.000000000000e+00
6396,14121,IO_TPb,0.000000000000e+00
6396,14121,AO_TPb,0.000000000000e+00
6396,14121,PO_TPb,0.000000000000e+00
6396,14121,SED_TPb,0.000000000000e+00
6396,14121,SEDWSSD_TPb,0.000000000000e+00
6396,14121,SEDSCRS_TPb,0.000000000000e+00
6396,14121,SO_TZn,0.000000000000e+00
6396,14121,IO_TZn,0.000000000000e+00
6396,14121,AO_TZn,0.000000000000e+00
6396,14121,PO_TZn,0.000000000000e+00
6396,14121,SED_TZn,0.000000000000e+00
6396,14121,SEDWSSD_TZn,0.000000000000e+00
6396,14121,SEDSCRS_TZn,0.000000000000e+00
6396,14122,AREA,0.000000000000e+00
6396,14122,PREC,0.000000000000e+00
6396,14122,SURO,0.000000000000e+00
6396,14122,IFWO,0.000000000000e+00
6396,14122,AGWO,0.000000000000e+00
6396,14122,PERO,0.000000000000e+00
6396,14122,TAET,0.000000000000e+00
6396,14122,SEDLOAD,0.000000000000e+00
6396,14122,SEDWSSD, 0.00000e+00
6396,14122,SEDSCRS, 0.00000e+00
6396,14122,SEDSURO, 0.00000e+00
6396,14122,SEDIFWO, 0.00000e+00
6396,14122,SEDAGWO, 0.00000e+00
6396,14122,SO_TN,0.000000000000e+00
6396,14122,IO_TN,0.000000000000e+00
6396,14122,AO_TN,0.000000000000e+00
6396,14122,PO_TN,0.000000000000e+00
6396,14122,SO_TP,0.000000000000e+00
6396,14122,IO_TP,0.000000000000e+00
6396,14122,AO_TP,0.000000000000e+00
6396,14122,PO_TP,0.000000000000e+00
6396,14122,SED_TP,0.000000000000e+00
6396,14122,SEDWSSD_TP,0.000000000000e+00
6396,14122,SEDSCRS_TP,0.000000000000e+00
6396,14122,SO_TCd,0.000000000000e+00
6396,14122,IO_TCd,0.000000000000e+00
6396,14122,AO_TCd,0.000000000000e+00
6396,14122,PO_TCd,0.000000000000e+00
6396,14122,SED_TCd,0.000000000000e+00
6396,14122,SEDWSSD_TCd,0.000000000000e+00
6396,14122,SEDSCRS_TCd,0.000000000000e+00
6396,14122,SO_TCu,0.000000000000e+00
6396,14122,IO_TCu,0.000000000000e+00
6396,14122,AO_TCu,0.000000000000e+00
6396,14122,PO_TCu,0.000000000000e+00
6396,14122,SED_TCu,0.000000000000e+00
6396,14122,SEDWSSD_TCu,0.000000000000e+00
6396,14122,SEDSCRS_TCu,0.000000000000e+00
6396,14122,SO_TPb,0.000000000000e+00
6396,14122,IO_TPb,0.000000000000e+00
6396,14122,AO_TPb,0.000000000000e+00
6396,14122,PO_TPb,0.000000000000e+00
6396,14122,SED_TPb,0.000000000000e+00
6396,14122,SEDWSSD_TPb,0.000000000000e+00
6396,14122,SEDSCRS_TPb,0.000000000000e+00
6396,14122,SO_TZn,0.000000000000e+00
6396,14122,IO_TZn,0.000000000000e+00
6396,14122,AO_TZn,0.000000000000e+00
6396,14122,PO_TZn,0.000000000000e+00
6396,14122,SED_TZn,0.000000000000e+00
6396,14122,SEDWSSD_TZn,0.000000000000e+00
6396,14122,SEDSCRS_TZn,0.000000000000e+00
6396,14131,AREA,0.000000000000e+00
6396,14131,PREC,0.000000000000e+00
6396,14131,SURO,0.000000000000e+00
6396,14131,IFWO,0.000000000000e+00
6396,14131,AGWO,0.000000000000e+00
6396,14131,PERO,0.000000000000e+00
6396,14131,TAET,0.000000000000e+00
6396,14131,SEDLOAD,0.000000000000e+00
6396,14131,SEDWSSD, 0.00000e+00
6396,14131,SEDSCRS, 0.00000e+00
6396,14131,SEDSURO, 0.00000e+00
6396,14131,SEDIFWO, 0.00000e+00
6396,14131,SEDAGWO, 0.00000e+00
6396,14131,SO_TN,0.000000000000e+00
6396,14131,IO_TN,0.000000000000e+00
6396,14131,AO_TN,0.000000000000e+00
6396,14131,PO_TN,0.000000000000e+00
6396,14131,SO_TP,0.000000000000e+00
6396,14131,IO_TP,0.000000000000e+00
6396,14131,AO_TP,0.000000000000e+00
6396,14131,PO_TP,0.000000000000e+00
6396,14131,SED_TP,0.000000000000e+00
6396,14131,SEDWSSD_TP,0.000000000000e+00
6396,14131,SEDSCRS_TP,0.000000000000e+00
6396,14131,SO_TCd,0.000000000000e+00
6396,14131,IO_TCd,0.000000000000e+00
6396,14131,AO_TCd,0.000000000000e+00
6396,14131,PO_TCd,0.000000000000e+00
6396,14131,SED_TCd,0.000000000000e+00
6396,14131,SEDWSSD_TCd,0.000000000000e+00
6396,14131,SEDSCRS_TCd,0.000000000000e+00
6396,14131,SO_TCu,0.000000000000e+00
6396,14131,IO_TCu,0.000000000000e+00
6396,14131,AO_TCu,0.000000000000e+00
6396,14131,PO_TCu,0.000000000000e+00
6396,14131,SED_TCu,0.000000000000e+00
6396,14131,SEDWSSD_TCu,0.000000000000e+00
6396,14131,SEDSCRS_TCu,0.000000000000e+00
6396,14131,SO_TPb,0.000000000000e+00
6396,14131,IO_TPb,0.000000000000e+00
6396,14131,AO_TPb,0.000000000000e+00
6396,14131,PO_TPb,0.000000000000e+00
6396,14131,SED_TPb,0.000000000000e+00
6396,14131,SEDWSSD_TPb,0.000000000000e+00
6396,14131,SEDSCRS_TPb,0.000000000000e+00
6396,14131,SO_TZn,0.000000000000e+00
6396,14131,IO_TZn,0.000000000000e+00
6396,14131,AO_TZn,0.000000000000e+00
6396,14131,PO_TZn,0.000000000000e+00
6396,14131,SED_TZn,0.000000000000e+00
6396,14131,SEDWSSD_TZn,0.000000000000e+00
6396,14131,SEDSCRS_TZn,0.000000000000e+00
6396,14132,AREA,0.000000000000e+00
6396,14132,PREC,0.000000000000e+00
6396,14132,SURO,0.000000000000e+00
6396,14132,IFWO,0.000000000000e+00
6396,14132,AGWO,0.000000000000e+00
6396,14132,PERO,0.000000000000e+00
6396,14132,TAET,0.000000000000e+00
6396,14132,SEDLOAD,0.000000000000e+00
6396,14132,SEDWSSD, 0.00000e+00
6396,14132,SEDSCRS, 0.00000e+00
6396,14132,SEDSURO, 0.00000e+00
6396,14132,SEDIFWO, 0.00000e+00
6396,14132,SEDAGWO, 0.00000e+00
6396,14132,SO_TN,0.000000000000e+00
6396,14132,IO_TN,0.000000000000e+00
6396,14132,AO_TN,0.000000000000e+00
6396,14132,PO_TN,0.000000000000e+00
6396,14132,SO_TP,0.000000000000e+00
6396,14132,IO_TP,0.000000000000e+00
6396,14132,AO_TP,0.000000000000e+00
6396,14132,PO_TP,0.000000000000e+00
6396,14132,SED_TP,0.000000000000e+00
6396,14132,SEDWSSD_TP,0.000000000000e+00
6396,14132,SEDSCRS_TP,0.000000000000e+00
6396,14132,SO_TCd,0.000000000000e+00
6396,14132,IO_TCd,0.000000000000e+00
6396,14132,AO_TCd,0.000000000000e+00
6396,14132,PO_TCd,0.000000000000e+00
6396,14132,SED_TCd,0.000000000000e+00
6396,14132,SEDWSSD_TCd,0.000000000000e+00
6396,14132,SEDSCRS_TCd,0.000000000000e+00
6396,14132,SO_TCu,0.000000000000e+00
6396,14132,IO_TCu,0.000000000000e+00
6396,14132,AO_TCu,0.000000000000e+00
6396,14132,PO_TCu,0.000000000000e+00
6396,14132,SED_TCu,0.000000000000e+00
6396,14132,SEDWSSD_TCu,0.000000000000e+00
6396,14132,SEDSCRS_TCu,0.000000000000e+00
6396,14132,SO_TPb,0.000000000000e+00
6396,14132,IO_TPb,0.000000000000e+00
6396,14132,AO_TPb,0.000000000000e+00
6396,14132,PO_TPb,0.000000000000e+00
6396,14132,SED_TPb,0.000000000000e+00
6396,14132,SEDWSSD_TPb,0.000000000000e+00
6396,14132,SEDSCRS_TPb,0.000000000000e+00
6396,14132,SO_TZn,0.000000000000e+00
6396,14132,IO_TZn,0.000000000000e+00
6396,14132,AO_TZn,0.000000000000e+00
6396,14132,PO_TZn,0.000000000000e+00
6396,14132,SED_TZn,0.000000000000e+00
6396,14132,SEDWSSD_TZn,0.000000000000e+00
6396,14132,SEDSCRS_TZn,0.000000000000e+00
6396,14221,AREA,1.635763300001e+01
6396,14221,PREC,1.655705607744e+02
6396,14221,SURO,7.684914289343e-03
6396,14221,IFWO,4.689039620437e-02
6396,14221,AGWO,7.596914518168e+00
6396,14221,PERO,7.651489828662e+00
6396,14221,TAET,1.579190723137e+02
6396,14221,SEDLOAD,8.692488231045e-04
6396,14221,SEDWSSD, 2.84444e-06
6396,14221,SEDSCRS, 3.10630e-07
6396,14221,SEDSURO, 0.00000e+00
6396,14221,SEDIFWO, 5.31299e-06
6396,14221,SEDAGWO, 8.60781e-04
6396,14221,SO_TN,4.811031811840e-03
6396,14221,IO_TN,1.062599889264e-02
6396,14221,AO_TN,5.164691181478e-01
6396,14221,PO_TN,5.319061488522e-01
6396,14221,SO_TP,6.310136541698e-06
6396,14221,IO_TP,2.125199778529e-03
6396,14221,AO_TP,3.443127454318e-01
6396,14221,PO_TP,3.464442553469e-01
6396,14221,SED_TP,6.310136541698e-06
6396,14221,SEDWSSD_TP,5.688876698759e-06
6396,14221,SEDSCRS_TP,6.212598429383e-07
6396,14221,SO_TCd,3.155068270849e-09
6396,14221,IO_TCd,0.000000000000e+00
6396,14221,AO_TCd,0.000000000000e+00
6396,14221,PO_TCd,3.155068270849e-09
6396,14221,SED_TCd,3.155068270849e-09
6396,14221,SEDWSSD_TCd,2.844438349380e-09
6396,14221,SEDSCRS_TCd,3.106299214692e-10
6396,14221,SO_TCu,3.155068270849e-07
6396,14221,IO_TCu,0.000000000000e+00
6396,14221,AO_TCu,0.000000000000e+00
6396,14221,PO_TCu,3.155068270849e-07
6396,14221,SED_TCu,3.155068270849e-07
6396,14221,SEDWSSD_TCu,2.844438349380e-07
6396,14221,SEDSCRS_TCu,3.106299214692e-08
6396,14221,SO_TPb,3.155068270849e-08
6396,14221,IO_TPb,0.000000000000e+00
6396,14221,AO_TPb,0.000000000000e+00
6396,14221,PO_TPb,3.155068270849e-08
6396,14221,SED_TPb,3.155068270849e-08
6396,14221,SEDWSSD_TPb,2.844438349380e-08
6396,14221,SEDSCRS_TPb,3.106299214692e-09
6396,14221,SO_TZn,2.271649155011e-06
6396,14221,IO_TZn,0.000000000000e+00
6396,14221,AO_TZn,8.607818635796e-02
6396,14221,PO_TZn,8.608045800711e-02
6396,14221,SED_TZn,2.271649155011e-06
6396,14221,SEDWSSD_TZn,2.047995611553e-06
6396,14221,SEDSCRS_TZn,2.236535434578e-07
6396,14222,AREA,5.158130000001e-01
6396,14222,PREC,5.221015024895e+00
6396,14222,SURO,2.149700943001e-04
6396,14222,IFWO,1.478524893551e-03
6396,14222,AGWO,1.541971014435e-01
6396,14222,PERO,1.558905964313e-01
6396,14222,TAET,4.960420263180e+00
6396,14222,SEDLOAD,1.771502806242e-05
6396,14222,SEDWSSD, 6.85310e-08
6396,14222,SEDSCRS, 7.41693e-09
6396,14222,SEDSURO, 0.00000e+00
6396,14222,SEDIFWO, 1.67527e-07
6396,14222,SEDAGWO, 1.74716e-05
6396,14222,SO_TN,1.331249159948e-04
6396,14222,IO_TN,3.350537669407e-04
6396,14222,AO_TN,1.048294551860e-02
6396,14222,PO_TN,1.095112420154e-02
6396,14222,SO_TP,1.518957686510e-07
6396,14222,IO_TP,6.701075338814e-05
6396,14222,AO_TP,6.988630345736e-03
6396,14222,PO_TP,7.055792994892e-03
6396,14222,SED_TP,1.518957686510e-07
6396,14222,SEDWSSD_TP,1.370619006517e-07
6396,14222,SEDSCRS_TP,1.483386799929e-08
6396,14222,SO_TCd,7.594788432548e-11
6396,14222,IO_TCd,0.000000000000e+00
6396,14222,AO_TCd,0.000000000000e+00
6396,14222,PO_TCd,7.594788432548e-11
6396,14222,SED_TCd,7.594788432548e-11
6396,14222,SEDWSSD_TCd,6.853095032583e-11
6396,14222,SEDSCRS_TCd,7.416933999645e-12
6396,14222,SO_TCu,7.594788432548e-09
6396,14222,IO_TCu,0.000000000000e+00
6396,14222,AO_TCu,0.000000000000e+00
6396,14222,PO_TCu,7.594788432548e-09
6396,14222,SED_TCu,7.594788432548e-09
6396,14222,SEDWSSD_TCu,6.853095032583e-09
6396,14222,SEDSCRS_TCu,7.416933999645e-10
6396,14222,SO_TPb,7.594788432548e-10
6396,14222,IO_TPb,0.000000000000e+00
6396,14222,AO_TPb,0.000000000000e+00
6396,14222,PO_TPb,7.594788432548e-10
6396,14222,SED_TPb,7.594788432548e-10
6396,14222,SEDWSSD_TPb,6.853095032583e-10
6396,14222,SEDSCRS_TPb,7.416933999645e-11
6396,14222,SO_TZn,5.468247671435e-08
6396,14222,IO_TZn,0.000000000000e+00
6396,14222,AO_TZn,1.747157586434e-03
6396,14222,PO_TZn,1.747212268911e-03
6396,14222,SED_TZn,5.468247671435e-08
6396,14222,SEDWSSD_TZn,4.934228423460e-08
6396,14222,SEDSCRS_TZn,5.340192479744e-09
6396,14231,AREA,0.000000000000e+00
6396,14231,PREC,0.000000000000e+00
6396,14231,SURO,0.000000000000e+00
6396,14231,IFWO,0.000000000000e+00
6396,14231,AGWO,0.000000000000e+00
6396,14231,PERO,0.000000000000e+00
6396,14231,TAET,0.000000000000e+00
6396,14231,SEDLOAD,0.000000000000e+00
6396,14231,SEDWSSD, 0.00000e+00
6396,14231,SEDSCRS, 0.00000e+00
6396,14231,SEDSURO, 0.00000e+00
6396,14231,SEDIFWO, 0.00000e+00
6396,14231,SEDAGWO, 0.00000e+00
6396,14231,SO_TN,0.000000000000e+00
6396,14231,IO_TN,0.000000000000e+00
6396,14231,AO_TN,0.000000000000e+00
6396,14231,PO_TN,0.000000000000e+00
6396,14231,SO_TP,0.000000000000e+00
6396,14231,IO_TP,0.000000000000e+00
6396,14231,AO_TP,0.000000000000e+00
6396,14231,PO_TP,0.000000000000e+00
6396,14231,SED_TP,0.000000000000e+00
6396,14231,SEDWSSD_TP,0.000000000000e+00
6396,14231,SEDSCRS_TP,0.000000000000e+00
6396,14231,SO_TCd,0.000000000000e+00
6396,14231,IO_TCd,0.000000000000e+00
6396,14231,AO_TCd,0.000000000000e+00
6396,14231,PO_TCd,0.000000000000e+00
6396,14231,SED_TCd,0.000000000000e+00
6396,14231,SEDWSSD_TCd,0.000000000000e+00
6396,14231,SEDSCRS_TCd,0.000000000000e+00
6396,14231,SO_TCu,0.000000000000e+00
6396,14231,IO_TCu,0.000000000000e+00
6396,14231,AO_TCu,0.000000000000e+00
6396,14231,PO_TCu,0.000000000000e+00
6396,14231,SED_TCu,0.000000000000e+00
6396,14231,SEDWSSD_TCu,0.000000000000e+00
6396,14231,SEDSCRS_TCu,0.000000000000e+00
6396,14231,SO_TPb,0.000000000000e+00
6396,14231,IO_TPb,0.000000000000e+00
6396,14231,AO_TPb,0.000000000000e+00
6396,14231,PO_TPb,0.000000000000e+00
6396,14231,SED_TPb,0.000000000000e+00
6396,14231,SEDWSSD_TPb,0.000000000000e+00
6396,14231,SEDSCRS_TPb,0.000000000000e+00
6396,14231,SO_TZn,0.000000000000e+00
6396,14231,IO_TZn,0.000000000000e+00
6396,14231,AO_TZn,0.000000000000e+00
6396,14231,PO_TZn,0.000000000000e+00
6396,14231,SED_TZn,0.000000000000e+00
6396,14231,SEDWSSD_TZn,0.000000000000e+00
6396,14231,SEDSCRS_TZn,0.000000000000e+00
6396,14232,AREA,0.000000000000e+00
6396,14232,PREC,0.000000000000e+00
6396,14232,SURO,0.000000000000e+00
6396,14232,IFWO,0.000000000000e+00
6396,14232,AGWO,0.000000000000e+00
6396,14232,PERO,0.000000000000e+00
6396,14232,TAET,0.000000000000e+00
6396,14232,SEDLOAD,0.000000000000e+00
6396,14232,SEDWSSD, 0.00000e+00
6396,14232,SEDSCRS, 0.00000e+00
6396,14232,SEDSURO, 0.00000e+00
6396,14232,SEDIFWO, 0.00000e+00
6396,14232,SEDAGWO, 0.00000e+00
6396,14232,SO_TN,0.000000000000e+00
6396,14232,IO_TN,0.000000000000e+00
6396,14232,AO_TN,0.000000000000e+00
6396,14232,PO_TN,0.000000000000e+00
6396,14232,SO_TP,0.000000000000e+00
6396,14232,IO_TP,0.000000000000e+00
6396,14232,AO_TP,0.000000000000e+00
6396,14232,PO_TP,0.000000000000e+00
6396,14232,SED_TP,0.000000000000e+00
6396,14232,SEDWSSD_TP,0.000000000000e+00
6396,14232,SEDSCRS_TP,0.000000000000e+00
6396,14232,SO_TCd,0.000000000000e+00
6396,14232,IO_TCd,0.000000000000e+00
6396,14232,AO_TCd,0.000000000000e+00
6396,14232,PO_TCd,0.000000000000e+00
6396,14232,SED_TCd,0.000000000000e+00
6396,14232,SEDWSSD_TCd,0.000000000000e+00
6396,14232,SEDSCRS_TCd,0.000000000000e+00
6396,14232,SO_TCu,0.000000000000e+00
6396,14232,IO_TCu,0.000000000000e+00
6396,14232,AO_TCu,0.000000000000e+00
6396,14232,PO_TCu,0.000000000000e+00
6396,14232,SED_TCu,0.000000000000e+00
6396,14232,SEDWSSD_TCu,0.000000000000e+00
6396,14232,SEDSCRS_TCu,0.000000000000e+00
6396,14232,SO_TPb,0.000000000000e+00
6396,14232,IO_TPb,0.000000000000e+00
6396,14232,AO_TPb,0.000000000000e+00
6396,14232,PO_TPb,0.000000000000e+00
6396,14232,SED_TPb,0.000000000000e+00
6396,14232,SEDWSSD_TPb,0.000000000000e+00
6396,14232,SEDSCRS_TPb,0.000000000000e+00
6396,14232,SO_TZn,0.000000000000e+00
6396,14232,IO_TZn,0.000000000000e+00
6396,14232,AO_TZn,0.000000000000e+00
6396,14232,PO_TZn,0.000000000000e+00
6396,14232,SED_TZn,0.000000000000e+00
6396,14232,SEDWSSD_TZn,0.000000000000e+00
6396,14232,SEDSCRS_TZn,0.000000000000e+00
6396,14321,AREA,1.141674599997e+01
6396,14321,PREC,1.155593255723e+02
6396,14321,SURO,1.875949014629e-01
6396,14321,IFWO,3.767696527038e-01
6396,14321,AGWO,4.476054647726e+00
6396,14321,PERO,5.040419201893e+00
6396,14321,TAET,1.105189079182e+02
6396,14321,SEDLOAD,3.284485243058e-03
6396,14321,SEDWSSD, 1.93943e-03
6396,14321,SEDSCRS, 7.95199e-04
6396,14321,SEDSURO, 0.00000e+00
6396,14321,SEDIFWO, 4.26905e-05
6396,14321,SEDAGWO, 5.07167e-04
6396,14321,SO_TN,1.181532620827e-01
6396,14321,IO_TN,8.538110650554e-02
6396,14321,AO_TN,3.043003828941e-01
6396,14321,PO_TN,5.078347514823e-01
6396,14321,SO_TP,5.469256177080e-03
6396,14321,IO_TP,1.707622130111e-02
6396,14321,AO_TP,2.028669219294e-01
6396,14321,PO_TP,2.254123994076e-01
6396,14321,SED_TP,5.469256177080e-03
6396,14321,SEDWSSD_TP,3.878857518888e-03
6396,14321,SEDSCRS_TP,1.590398658191e-03
6396,14321,SO_TCd,2.734628088540e-06
6396,14321,IO_TCd,0.000000000000e+00
6396,14321,AO_TCd,0.000000000000e+00
6396,14321,PO_TCd,2.734628088540e-06
6396,14321,SED_TCd,2.734628088540e-06
6396,14321,SEDWSSD_TCd,1.939428759444e-06
6396,14321,SEDSCRS_TCd,7.951993290957e-07
6396,14321,SO_TCu,2.734628088540e-04
6396,14321,IO_TCu,0.000000000000e+00
6396,14321,AO_TCu,0.000000000000e+00
6396,14321,PO_TCu,2.734628088540e-04
6396,14321,SED_TCu,2.734628088540e-04
6396,14321,SEDWSSD_TCu,1.939428759444e-04
6396,14321,SEDSCRS_TCu,7.951993290957e-05
6396,14321,SO_TPb,2.734628088540e-05
6396,14321,IO_TPb,0.000000000000e+00
6396,14321,AO_TPb,0.000000000000e+00
6396,14321,PO_TPb,2.734628088540e-05
6396,14321,SED_TPb,2.734628088540e-05
6396,14321,SEDWSSD_TPb,1.939428759444e-05
6396,14321,SEDSCRS_TPb,7.951993290957e-06
6396,14321,SO_TZn,1.968932223749e-03
6396,14321,IO_TZn,0.000000000000e+00
6396,14321,AO_TZn,5.071673048235e-02
6396,14321,PO_TZn,5.268566270610e-02
6396,14321,SED_TZn,1.968932223749e-03
6396,14321,SEDWSSD_TZn,1.396388706800e-03
6396,14321,SEDSCRS_TZn,5.725435169489e-04
6396,14322,AREA,0.000000000000e+00
6396,14322,PREC,0.000000000000e+00
6396,14322,SURO,0.000000000000e+00
6396,14322,IFWO,0.000000000000e+00
6396,14322,AGWO,0.000000000000e+00
6396,14322,PERO,0.000000000000e+00
6396,14322,TAET,0.000000000000e+00
6396,14322,SEDLOAD,0.000000000000e+00
6396,14322,SEDWSSD, 0.00000e+00
6396,14322,SEDSCRS, 0.00000e+00
6396,14322,SEDSURO, 0.00000e+00
6396,14322,SEDIFWO, 0.00000e+00
6396,14322,SEDAGWO, 0.00000e+00
6396,14322,SO_TN,0.000000000000e+00
6396,14322,IO_TN,0.000000000000e+00
6396,14322,AO_TN,0.000000000000e+00
6396,14322,PO_TN,0.000000000000e+00
6396,14322,SO_TP,0.000000000000e+00
6396,14322,IO_TP,0.000000000000e+00
6396,14322,AO_TP,0.000000000000e+00
6396,14322,PO_TP,0.000000000000e+00
6396,14322,SED_TP,0.000000000000e+00
6396,14322,SEDWSSD_TP,0.000000000000e+00
6396,14322,SEDSCRS_TP,0.000000000000e+00
6396,14322,SO_TCd,0.000000000000e+00
6396,14322,IO_TCd,0.000000000000e+00
6396,14322,AO_TCd,0.000000000000e+00
6396,14322,PO_TCd,0.000000000000e+00
6396,14322,SED_TCd,0.000000000000e+00
6396,14322,SEDWSSD_TCd,0.000000000000e+00
6396,14322,SEDSCRS_TCd,0.000000000000e+00
6396,14322,SO_TCu,0.000000000000e+00
6396,14322,IO_TCu,0.000000000000e+00
6396,14322,AO_TCu,0.000000000000e+00
6396,14322,PO_TCu,0.000000000000e+00
6396,14322,SED_TCu,0.000000000000e+00
6396,14322,SEDWSSD_TCu,0.000000000000e+00
6396,14322,SEDSCRS_TCu,0.000000000000e+00
6396,14322,SO_TPb,0.000000000000e+00
6396,14322,IO_TPb,0.000000000000e+00
6396,14322,AO_TPb,0.000000000000e+00
6396,14322,PO_TPb,0.000000000000e+00
6396,14322,SED_TPb,0.000000000000e+00
6396,14322,SEDWSSD_TPb,0.000000000000e+00
6396,14322,SEDSCRS_TPb,0.000000000000e+00
6396,14322,SO_TZn,0.000000000000e+00
6396,14322,IO_TZn,0.000000000000e+00
6396,14322,AO_TZn,0.000000000000e+00
6396,14322,PO_TZn,0.000000000000e+00
6396,14322,SED_TZn,0.000000000000e+00
6396,14322,SEDWSSD_TZn,0.000000000000e+00
6396,14322,SEDSCRS_TZn,0.000000000000e+00
6396,14331,AREA,0.000000000000e+00
6396,14331,PREC,0.000000000000e+00
6396,14331,SURO,0.000000000000e+00
6396,14331,IFWO,0.000000000000e+00
6396,14331,AGWO,0.000000000000e+00
6396,14331,PERO,0.000000000000e+00
6396,14331,TAET,0.000000000000e+00
6396,14331,SEDLOAD,0.000000000000e+00
6396,14331,SEDWSSD, 0.00000e+00
6396,14331,SEDSCRS, 0.00000e+00
6396,14331,SEDSURO, 0.00000e+00
6396,14331,SEDIFWO, 0.00000e+00
6396,14331,SEDAGWO, 0.00000e+00
6396,14331,SO_TN,0.000000000000e+00
6396,14331,IO_TN,0.000000000000e+00
6396,14331,AO_TN,0.000000000000e+00
6396,14331,PO_TN,0.000000000000e+00
6396,14331,SO_TP,0.000000000000e+00
6396,14331,IO_TP,0.000000000000e+00
6396,14331,AO_TP,0.000000000000e+00
6396,14331,PO_TP,0.000000000000e+00
6396,14331,SED_TP,0.000000000000e+00
6396,14331,SEDWSSD_TP,0.000000000000e+00
6396,14331,SEDSCRS_TP,0.000000000000e+00
6396,14331,SO_TCd,0.000000000000e+00
6396,14331,IO_TCd,0.000000000000e+00
6396,14331,AO_TCd,0.000000000000e+00
6396,14331,PO_TCd,0.000000000000e+00
6396,14331,SED_TCd,0.000000000000e+00
6396,14331,SEDWSSD_TCd,0.000000000000e+00
6396,14331,SEDSCRS_TCd,0.000000000000e+00
6396,14331,SO_TCu,0.000000000000e+00
6396,14331,IO_TCu,0.000000000000e+00
6396,14331,AO_TCu,0.000000000000e+00
6396,14331,PO_TCu,0.000000000000e+00
6396,14331,SED_TCu,0.000000000000e+00
6396,14331,SEDWSSD_TCu,0.000000000000e+00
6396,14331,SEDSCRS_TCu,0.000000000000e+00
6396,14331,SO_TPb,0.000000000000e+00
6396,14331,IO_TPb,0.000000000000e+00
6396,14331,AO_TPb,0.000000000000e+00
6396,14331,PO_TPb,0.000000000000e+00
6396,14331,SED_TPb,0.000000000000e+00
6396,14331,SEDWSSD_TPb,0.000000000000e+00
6396,14331,SEDSCRS_TPb,0.000000000000e+00
6396,14331,SO_TZn,0.000000000000e+00
6396,14331,IO_TZn,0.000000000000e+00
6396,14331,AO_TZn,0.000000000000e+00
6396,14331,PO_TZn,0.000000000000e+00
6396,14331,SED_TZn,0.000000000000e+00
6396,14331,SEDWSSD_TZn,0.000000000000e+00
6396,14331,SEDSCRS_TZn,0.000000000000e+00
6396,14332,AREA,0.000000000000e+00
6396,14332,PREC,0.000000000000e+00
6396,14332,SURO,0.000000000000e+00
6396,14332,IFWO,0.000000000000e+00
6396,14332,AGWO,0.000000000000e+00
6396,14332,PERO,0.000000000000e+00
6396,14332,TAET,0.000000000000e+00
6396,14332,SEDLOAD,0.000000000000e+00
6396,14332,SEDWSSD, 0.00000e+00
6396,14332,SEDSCRS, 0.00000e+00
6396,14332,SEDSURO, 0.00000e+00
6396,14332,SEDIFWO, 0.00000e+00
6396,14332,SEDAGWO, 0.00000e+00
6396,14332,SO_TN,0.000000000000e+00
6396,14332,IO_TN,0.000000000000e+00
6396,14332,AO_TN,0.000000000000e+00
6396,14332,PO_TN,0.000000000000e+00
6396,14332,SO_TP,0.000000000000e+00
6396,14332,IO_TP,0.000000000000e+00
6396,14332,AO_TP,0.000000000000e+00
6396,14332,PO_TP,0.000000000000e+00
6396,14332,SED_TP,0.000000000000e+00
6396,14332,SEDWSSD_TP,0.000000000000e+00
6396,14332,SEDSCRS_TP,0.000000000000e+00
6396,14332,SO_TCd,0.000000000000e+00
6396,14332,IO_TCd,0.000000000000e+00
6396,14332,AO_TCd,0.000000000000e+00
6396,14332,PO_TCd,0.000000000000e+00
6396,14332,SED_TCd,0.000000000000e+00
6396,14332,SEDWSSD_TCd,0.000000000000e+00
6396,14332,SEDSCRS_TCd,0.000000000000e+00
6396,14332,SO_TCu,0.000000000000e+00
6396,14332,IO_TCu,0.000000000000e+00
6396,14332,AO_TCu,0.000000000000e+00
6396,14332,PO_TCu,0.000000000000e+00
6396,14332,SED_TCu,0.000000000000e+00
6396,14332,SEDWSSD_TCu,0.000000000000e+00
6396,14332,SEDSCRS_TCu,0.000000000000e+00
6396,14332,SO_TPb,0.000000000000e+00
6396,14332,IO_TPb,0.000000000000e+00
6396,14332,AO_TPb,0.000000000000e+00
6396,14332,PO_TPb,0.000000000000e+00
6396,14332,SED_TPb,0.000000000000e+00
6396,14332,SEDWSSD_TPb,0.000000000000e+00
6396,14332,SEDSCRS_TPb,0.000000000000e+00
6396,14332,SO_TZn,0.000000000000e+00
6396,14332,IO_TZn,0.000000000000e+00
6396,14332,AO_TZn,0.000000000000e+00
6396,14332,PO_TZn,0.000000000000e+00
6396,14332,SED_TZn,0.000000000000e+00
6396,14332,SEDWSSD_TZn,0.000000000000e+00
6396,14332,SEDSCRS_TZn,0.000000000000e+00
6396,14421,AREA,3.796267500005e+01
6396,14421,PREC,3.842549461922e+02
6396,14421,SURO,5.699577590514e+00
6396,14421,IFWO,2.994189379283e+00
6396,14421,AGWO,9.446728879248e+00
6396,14421,PERO,1.814049584904e+01
6396,14421,TAET,3.661144626144e+02
6396,14421,SEDLOAD,4.305406950785e-01
6396,14421,SEDWSSD, 2.37344e-01
6396,14421,SEDSCRS, 1.91787e-01
6396,14421,SEDSURO, 0.00000e+00
6396,14421,SEDIFWO, 3.39262e-04
6396,14421,SEDAGWO, 1.07038e-03
6396,14421,SO_TN,2.367795599296e+00
6396,14421,IO_TN,6.785238685115e-01
6396,14421,AO_TN,6.422270149253e-01
6396,14421,PO_TN,3.688546482733e+00
6396,14421,SO_TP,8.582621131794e-01
6396,14421,IO_TP,1.357047737023e-01
6396,14421,AO_TP,4.281513432835e-01
6396,14421,PO_TP,1.422118230165e+00
6396,14421,SED_TP,8.582621131794e-01
6396,14421,SEDWSSD_TP,4.746876621622e-01
6396,14421,SEDSCRS_TP,3.835744510172e-01
6396,14421,SO_TCd,4.291310565897e-04
6396,14421,IO_TCd,0.000000000000e+00
6396,14421,AO_TCd,0.000000000000e+00
6396,14421,PO_TCd,4.291310565897e-04
6396,14421,SED_TCd,4.291310565897e-04
6396,14421,SEDWSSD_TCd,2.373438310811e-04
6396,14421,SEDSCRS_TCd,1.917872255086e-04
6396,14421,SO_TCu,4.291310565897e-02
6396,14421,IO_TCu,0.000000000000e+00
6396,14421,AO_TCu,0.000000000000e+00
6396,14421,PO_TCu,4.291310565897e-02
6396,14421,SED_TCu,4.291310565897e-02
6396,14421,SEDWSSD_TCu,2.373438310811e-02
6396,14421,SEDSCRS_TCu,1.917872255086e-02
6396,14421,SO_TPb,4.291310565897e-03
6396,14421,IO_TPb,0.000000000000e+00
6396,14421,AO_TPb,0.000000000000e+00
6396,14421,PO_TPb,4.291310565897e-03
6396,14421,SED_TPb,4.291310565897e-03
6396,14421,SEDWSSD_TPb,2.373438310811e-03
6396,14421,SEDSCRS_TPb,1.917872255086e-03
6396,14421,SO_TZn,3.089743607446e-01
6396,14421,IO_TZn,0.000000000000e+00
6396,14421,AO_TZn,1.070378358209e-01
6396,14421,PO_TZn,4.160121965655e-01
6396,14421,SED_TZn,3.089743607446e-01
6396,14421,SEDWSSD_TZn,1.708875583784e-01
6396,14421,SEDSCRS_TZn,1.380868023662e-01
6396,14422,AREA,2.673962399999e+01
6396,14422,PREC,2.706561848268e+02
6396,14422,SURO,4.181641250600e+00
6396,14422,IFWO,2.082209340235e+00
6396,14422,AGWO,4.167964202498e+00
6396,14422,PERO,1.043181479333e+01
6396,14422,TAET,2.569218784357e+02
6396,14422,SEDLOAD,2.897959896232e-01
6396,14422,SEDWSSD, 1.62023e-01
6396,14422,SEDSCRS, 1.27065e-01
6396,14422,SEDSURO, 0.00000e+00
6396,14422,SEDIFWO, 2.35928e-04
6396,14422,SEDAGWO, 4.72258e-04
6396,14422,SO_TN,1.715945659331e+00
6396,14422,IO_TN,4.718568392375e-01
6396,14422,AO_TN,2.833551425369e-01
6396,14422,PO_TN,2.471157641106e+00
6396,14422,SO_TP,5.781756070776e-01
6396,14422,IO_TP,9.437136784751e-02
6396,14422,AO_TP,1.889034283579e-01
6396,14422,PO_TP,8.614504032830e-01
6396,14422,SED_TP,5.781756070776e-01
6396,14422,SEDWSSD_TP,3.240451128890e-01
6396,14422,SEDSCRS_TP,2.541304941886e-01
6396,14422,SO_TCd,2.890878035388e-04
6396,14422,IO_TCd,0.000000000000e+00
6396,14422,AO_TCd,0.000000000000e+00
6396,14422,PO_TCd,2.890878035388e-04
6396,14422,SED_TCd,2.890878035388e-04
6396,14422,SEDWSSD_TCd,1.620225564445e-04
6396,14422,SEDSCRS_TCd,1.270652470943e-04
6396,14422,SO_TCu,2.890878035388e-02
6396,14422,IO_TCu,0.000000000000e+00
6396,14422,AO_TCu,0.000000000000e+00
6396,14422,PO_TCu,2.890878035388e-02
6396,14422,SED_TCu,2.890878035388e-02
6396,14422,SEDWSSD_TCu,1.620225564445e-02
6396,14422,SEDSCRS_TCu,1.270652470943e-02
6396,14422,SO_TPb,2.890878035388e-03
6396,14422,IO_TPb,0.000000000000e+00
6396,14422,AO_TPb,0.000000000000e+00
6396,14422,PO_TPb,2.890878035388e-03
6396,14422,SED_TPb,2.890878035388e-03
6396,14422,SEDWSSD_TPb,1.620225564445e-03
6396,14422,SEDSCRS_TPb,1.270652470943e-03
6396,14422,SO_TZn,2.081432185479e-01
6396,14422,IO_TZn,0.000000000000e+00
6396,14422,AO_TZn,4.722585708948e-02
6396,14422,PO_TZn,2.553690756374e-01
6396,14422,SED_TZn,2.081432185479e-01
6396,14422,SEDWSSD_TZn,1.166562406400e-01
6396,14422,SEDSCRS_TZn,9.148697790790e-02
6396,14431,AREA,0.000000000000e+00
6396,14431,PREC,0.000000000000e+00
6396,14431,SURO,0.000000000000e+00
6396,14431,IFWO,0.000000000000e+00
6396,14431,AGWO,0.000000000000e+00
6396,14431,PERO,0.000000000000e+00
6396,14431,TAET,0.000000000000e+00
6396,14431,SEDLOAD,0.000000000000e+00
6396,14431,SEDWSSD, 0.00000e+00
6396,14431,SEDSCRS, 0.00000e+00
6396,14431,SEDSURO, 0.00000e+00
6396,14431,SEDIFWO, 0.00000e+00
6396,14431,SEDAGWO, 0.00000e+00
6396,14431,SO_TN,0.000000000000e+00
6396,14431,IO_TN,0.000000000000e+00
6396,14431,AO_TN,0.000000000000e+00
6396,14431,PO_TN,0.000000000000e+00
6396,14431,SO_TP,0.000000000000e+00
6396,14431,IO_TP,0.000000000000e+00
6396,14431,AO_TP,0.000000000000e+00
6396,14431,PO_TP,0.000000000000e+00
6396,14431,SED_TP,0.000000000000e+00
6396,14431,SEDWSSD_TP,0.000000000000e+00
6396,14431,SEDSCRS_TP,0.000000000000e+00
6396,14431,SO_TCd,0.000000000000e+00
6396,14431,IO_TCd,0.000000000000e+00
6396,14431,AO_TCd,0.000000000000e+00
6396,14431,PO_TCd,0.000000000000e+00
6396,14431,SED_TCd,0.000000000000e+00
6396,14431,SEDWSSD_TCd,0.000000000000e+00
6396,14431,SEDSCRS_TCd,0.000000000000e+00
6396,14431,SO_TCu,0.000000000000e+00
6396,14431,IO_TCu,0.000000000000e+00
6396,14431,AO_TCu,0.000000000000e+00
6396,14431,PO_TCu,0.000000000000e+00
6396,14431,SED_TCu,0.000000000000e+00
6396,14431,SEDWSSD_TCu,0.000000000000e+00
6396,14431,SEDSCRS_TCu,0.000000000000e+00
6396,14431,SO_TPb,0.000000000000e+00
6396,14431,IO_TPb,0.000000000000e+00
6396,14431,AO_TPb,0.000000000000e+00
6396,14431,PO_TPb,0.000000000000e+00
6396,14431,SED_TPb,0.000000000000e+00
6396,14431,SEDWSSD_TPb,0.000000000000e+00
6396,14431,SEDSCRS_TPb,0.000000000000e+00
6396,14431,SO_TZn,0.000000000000e+00
6396,14431,IO_TZn,0.000000000000e+00
6396,14431,AO_TZn,0.000000000000e+00
6396,14431,PO_TZn,0.000000000000e+00
6396,14431,SED_TZn,0.000000000000e+00
6396,14431,SEDWSSD_TZn,0.000000000000e+00
6396,14431,SEDSCRS_TZn,0.000000000000e+00
6396,14432,AREA,1.420299999997e-02
6396,14432,PREC,1.437615500164e-01
6396,14432,SURO,2.645399722558e-03
6396,14432,IFWO,1.345968000929e-03
6396,14432,AGWO,2.302749385000e-03
6396,14432,PERO,6.294117108486e-03
6396,14432,TAET,1.356321657475e-01
6396,14432,SEDLOAD,2.625102250329e-04
6396,14432,SEDWSSD, 1.65543e-04
6396,14432,SEDSCRS, 9.65540e-05
6396,14432,SEDSURO, 0.00000e+00
6396,14432,SEDIFWO, 1.52507e-07
6396,14432,SEDAGWO, 2.60917e-07
6396,14432,SO_TN,1.024359329558e-03
6396,14432,IO_TN,3.050145796394e-04
6396,14432,AO_TN,1.565502601539e-04
6396,14432,PO_TN,1.485924169352e-03
6396,14432,SO_TP,5.241936023435e-04
6396,14432,IO_TP,6.100291592789e-05
6396,14432,AO_TP,1.043668401026e-04
6396,14432,PO_TP,6.895633583740e-04
6396,14432,SED_TP,5.241936023435e-04
6396,14432,SEDWSSD_TP,3.310856557412e-04
6396,14432,SEDSCRS_TP,1.931079466023e-04
6396,14432,SO_TCd,2.620968011718e-07
6396,14432,IO_TCd,0.000000000000e+00
6396,14432,AO_TCd,0.000000000000e+00
6396,14432,PO_TCd,2.620968011718e-07
6396,14432,SED_TCd,2.620968011718e-07
6396,14432,SEDWSSD_TCd,1.655428278706e-07
6396,14432,SEDSCRS_TCd,9.655397330116e-08
6396,14432,SO_TCu,2.620968011718e-05
6396,14432,IO_TCu,0.000000000000e+00
6396,14432,AO_TCu,0.000000000000e+00
6396,14432,PO_TCu,2.620968011718e-05
6396,14432,SED_TCu,2.620968011718e-05
6396,14432,SEDWSSD_TCu,1.655428278706e-05
6396,14432,SEDSCRS_TCu,9.655397330116e-06
6396,14432,SO_TPb,2.620968011718e-06
6396,14432,IO_TPb,0.000000000000e+00
6396,14432,AO_TPb,0.000000000000e+00
6396,14432,PO_TPb,2.620968011718e-06
6396,14432,SED_TPb,2.620968011718e-06
6396,14432,SEDWSSD_TPb,1.655428278706e-06
6396,14432,SEDSCRS_TPb,9.655397330116e-07
6396,14432,SO_TZn,1.887096968437e-04
6396,14432,IO_TZn,0.000000000000e+00
6396,14432,AO_TZn,2.609171002565e-05
6396,14432,PO_TZn,2.148014068693e-04
6396,14432,SED_TZn,1.887096968437e-04
6396,14432,SEDWSSD_TZn,1.191908360668e-04
6396,14432,SEDSCRS_TZn,6.951886077684e-05
6396,15121,AREA,0.000000000000e+00
6396,15121,PREC,0.000000000000e+00
6396,15121,SURO,0.000000000000e+00
6396,15121,IFWO,0.000000000000e+00
6396,15121,AGWO,0.000000000000e+00
6396,15121,PERO,0.000000000000e+00
6396,15121,TAET,0.000000000000e+00
6396,15121,SEDLOAD,0.000000000000e+00
6396,15121,SEDWSSD, 0.00000e+00
6396,15121,SEDSCRS, 0.00000e+00
6396,15121,SEDSURO, 0.00000e+00
6396,15121,SEDIFWO, 0.00000e+00
6396,15121,SEDAGWO, 0.00000e+00
6396,15121,SO_TN,0.000000000000e+00
6396,15121,IO_TN,0.000000000000e+00
6396,15121,AO_TN,0.000000000000e+00
6396,15121,PO_TN,0.000000000000e+00
6396,15121,SO_TP,0.000000000000e+00
6396,15121,IO_TP,0.000000000000e+00
6396,15121,AO_TP,0.000000000000e+00
6396,15121,PO_TP,0.000000000000e+00
6396,15121,SED_TP,0.000000000000e+00
6396,15121,SEDWSSD_TP,0.000000000000e+00
6396,15121,SEDSCRS_TP,0.000000000000e+00
6396,15121,SO_TCd,0.000000000000e+00
6396,15121,IO_TCd,0.000000000000e+00
6396,15121,AO_TCd,0.000000000000e+00
6396,15121,PO_TCd,0.000000000000e+00
6396,15121,SED_TCd,0.000000000000e+00
6396,15121,SEDWSSD_TCd,0.000000000000e+00
6396,15121,SEDSCRS_TCd,0.000000000000e+00
6396,15121,SO_TCu,0.000000000000e+00
6396,15121,IO_TCu,0.000000000000e+00
6396,15121,AO_TCu,0.000000000000e+00
6396,15121,PO_TCu,0.000000000000e+00
6396,15121,SED_TCu,0.000000000000e+00
6396,15121,SEDWSSD_TCu,0.000000000000e+00
6396,15121,SEDSCRS_TCu,0.000000000000e+00
6396,15121,SO_TPb,0.000000000000e+00
6396,15121,IO_TPb,0.000000000000e+00
6396,15121,AO_TPb,0.000000000000e+00
6396,15121,PO_TPb,0.000000000000e+00
6396,15121,SED_TPb,0.000000000000e+00
6396,15121,SEDWSSD_TPb,0.000000000000e+00
6396,15121,SEDSCRS_TPb,0.000000000000e+00
6396,15121,SO_TZn,0.000000000000e+00
6396,15121,IO_TZn,0.000000000000e+00
6396,15121,AO_TZn,0.000000000000e+00
6396,15121,PO_TZn,0.000000000000e+00
6396,15121,SED_TZn,0.000000000000e+00
6396,15121,SEDWSSD_TZn,0.000000000000e+00
6396,15121,SEDSCRS_TZn,0.000000000000e+00
6396,15122,AREA,0.000000000000e+00
6396,15122,PREC,0.000000000000e+00
6396,15122,SURO,0.000000000000e+00
6396,15122,IFWO,0.000000000000e+00
6396,15122,AGWO,0.000000000000e+00
6396,15122,PERO,0.000000000000e+00
6396,15122,TAET,0.000000000000e+00
6396,15122,SEDLOAD,0.000000000000e+00
6396,15122,SEDWSSD, 0.00000e+00
6396,15122,SEDSCRS, 0.00000e+00
6396,15122,SEDSURO, 0.00000e+00
6396,15122,SEDIFWO, 0.00000e+00
6396,15122,SEDAGWO, 0.00000e+00
6396,15122,SO_TN,0.000000000000e+00
6396,15122,IO_TN,0.000000000000e+00
6396,15122,AO_TN,0.000000000000e+00
6396,15122,PO_TN,0.000000000000e+00
6396,15122,SO_TP,0.000000000000e+00
6396,15122,IO_TP,0.000000000000e+00
6396,15122,AO_TP,0.000000000000e+00
6396,15122,PO_TP,0.000000000000e+00
6396,15122,SED_TP,0.000000000000e+00
6396,15122,SEDWSSD_TP,0.000000000000e+00
6396,15122,SEDSCRS_TP,0.000000000000e+00
6396,15122,SO_TCd,0.000000000000e+00
6396,15122,IO_TCd,0.000000000000e+00
6396,15122,AO_TCd,0.000000000000e+00
6396,15122,PO_TCd,0.000000000000e+00
6396,15122,SED_TCd,0.000000000000e+00
6396,15122,SEDWSSD_TCd,0.000000000000e+00
6396,15122,SEDSCRS_TCd,0.000000000000e+00
6396,15122,SO_TCu,0.000000000000e+00
6396,15122,IO_TCu,0.000000000000e+00
6396,15122,AO_TCu,0.000000000000e+00
6396,15122,PO_TCu,0.000000000000e+00
6396,15122,SED_TCu,0.000000000000e+00
6396,15122,SEDWSSD_TCu,0.000000000000e+00
6396,15122,SEDSCRS_TCu,0.000000000000e+00
6396,15122,SO_TPb,0.000000000000e+00
6396,15122,IO_TPb,0.000000000000e+00
6396,15122,AO_TPb,0.000000000000e+00
6396,15122,PO_TPb,0.000000000000e+00
6396,15122,SED_TPb,0.000000000000e+00
6396,15122,SEDWSSD_TPb,0.000000000000e+00
6396,15122,SEDSCRS_TPb,0.000000000000e+00
6396,15122,SO_TZn,0.000000000000e+00
6396,15122,IO_TZn,0.000000000000e+00
6396,15122,AO_TZn,0.000000000000e+00
6396,15122,PO_TZn,0.000000000000e+00
6396,15122,SED_TZn,0.000000000000e+00
6396,15122,SEDWSSD_TZn,0.000000000000e+00
6396,15122,SEDSCRS_TZn,0.000000000000e+00
6396,15131,AREA,0.000000000000e+00
6396,15131,PREC,0.000000000000e+00
6396,15131,SURO,0.000000000000e+00
6396,15131,IFWO,0.000000000000e+00
6396,15131,AGWO,0.000000000000e+00
6396,15131,PERO,0.000000000000e+00
6396,15131,TAET,0.000000000000e+00
6396,15131,SEDLOAD,0.000000000000e+00
6396,15131,SEDWSSD, 0.00000e+00
6396,15131,SEDSCRS, 0.00000e+00
6396,15131,SEDSURO, 0.00000e+00
6396,15131,SEDIFWO, 0.00000e+00
6396,15131,SEDAGWO, 0.00000e+00
6396,15131,SO_TN,0.000000000000e+00
6396,15131,IO_TN,0.000000000000e+00
6396,15131,AO_TN,0.000000000000e+00
6396,15131,PO_TN,0.000000000000e+00
6396,15131,SO_TP,0.000000000000e+00
6396,15131,IO_TP,0.000000000000e+00
6396,15131,AO_TP,0.000000000000e+00
6396,15131,PO_TP,0.000000000000e+00
6396,15131,SED_TP,0.000000000000e+00
6396,15131,SEDWSSD_TP,0.000000000000e+00
6396,15131,SEDSCRS_TP,0.000000000000e+00
6396,15131,SO_TCd,0.000000000000e+00
6396,15131,IO_TCd,0.000000000000e+00
6396,15131,AO_TCd,0.000000000000e+00
6396,15131,PO_TCd,0.000000000000e+00
6396,15131,SED_TCd,0.000000000000e+00
6396,15131,SEDWSSD_TCd,0.000000000000e+00
6396,15131,SEDSCRS_TCd,0.000000000000e+00
6396,15131,SO_TCu,0.000000000000e+00
6396,15131,IO_TCu,0.000000000000e+00
6396,15131,AO_TCu,0.000000000000e+00
6396,15131,PO_TCu,0.000000000000e+00
6396,15131,SED_TCu,0.000000000000e+00
6396,15131,SEDWSSD_TCu,0.000000000000e+00
6396,15131,SEDSCRS_TCu,0.000000000000e+00
6396,15131,SO_TPb,0.000000000000e+00
6396,15131,IO_TPb,0.000000000000e+00
6396,15131,AO_TPb,0.000000000000e+00
6396,15131,PO_TPb,0.000000000000e+00
6396,15131,SED_TPb,0.000000000000e+00
6396,15131,SEDWSSD_TPb,0.000000000000e+00
6396,15131,SEDSCRS_TPb,0.000000000000e+00
6396,15131,SO_TZn,0.000000000000e+00
6396,15131,IO_TZn,0.000000000000e+00
6396,15131,AO_TZn,0.000000000000e+00
6396,15131,PO_TZn,0.000000000000e+00
6396,15131,SED_TZn,0.000000000000e+00
6396,15131,SEDWSSD_TZn,0.000000000000e+00
6396,15131,SEDSCRS_TZn,0.000000000000e+00
6396,15132,AREA,0.000000000000e+00
6396,15132,PREC,0.000000000000e+00
6396,15132,SURO,0.000000000000e+00
6396,15132,IFWO,0.000000000000e+00
6396,15132,AGWO,0.000000000000e+00
6396,15132,PERO,0.000000000000e+00
6396,15132,TAET,0.000000000000e+00
6396,15132,SEDLOAD,0.000000000000e+00
6396,15132,SEDWSSD, 0.00000e+00
6396,15132,SEDSCRS, 0.00000e+00
6396,15132,SEDSURO, 0.00000e+00
6396,15132,SEDIFWO, 0.00000e+00
6396,15132,SEDAGWO, 0.00000e+00
6396,15132,SO_TN,0.000000000000e+00
6396,15132,IO_TN,0.000000000000e+00
6396,15132,AO_TN,0.000000000000e+00
6396,15132,PO_TN,0.000000000000e+00
6396,15132,SO_TP,0.000000000000e+00
6396,15132,IO_TP,0.000000000000e+00
6396,15132,AO_TP,0.000000000000e+00
6396,15132,PO_TP,0.000000000000e+00
6396,15132,SED_TP,0.000000000000e+00
6396,15132,SEDWSSD_TP,0.000000000000e+00
6396,15132,SEDSCRS_TP,0.000000000000e+00
6396,15132,SO_TCd,0.000000000000e+00
6396,15132,IO_TCd,0.000000000000e+00
6396,15132,AO_TCd,0.000000000000e+00
6396,15132,PO_TCd,0.000000000000e+00
6396,15132,SED_TCd,0.000000000000e+00
6396,15132,SEDWSSD_TCd,0.000000000000e+00
6396,15132,SEDSCRS_TCd,0.000000000000e+00
6396,15132,SO_TCu,0.000000000000e+00
6396,15132,IO_TCu,0.000000000000e+00
6396,15132,AO_TCu,0.000000000000e+00
6396,15132,PO_TCu,0.000000000000e+00
6396,15132,SED_TCu,0.000000000000e+00
6396,15132,SEDWSSD_TCu,0.000000000000e+00
6396,15132,SEDSCRS_TCu,0.000000000000e+00
6396,15132,SO_TPb,0.000000000000e+00
6396,15132,IO_TPb,0.000000000000e+00
6396,15132,AO_TPb,0.000000000000e+00
6396,15132,PO_TPb,0.000000000000e+00
6396,15132,SED_TPb,0.000000000000e+00
6396,15132,SEDWSSD_TPb,0.000000000000e+00
6396,15132,SEDSCRS_TPb,0.000000000000e+00
6396,15132,SO_TZn,0.000000000000e+00
6396,15132,IO_TZn,0.000000000000e+00
6396,15132,AO_TZn,0.000000000000e+00
6396,15132,PO_TZn,0.000000000000e+00
6396,15132,SED_TZn,0.000000000000e+00
6396,15132,SEDWSSD_TZn,0.000000000000e+00
6396,15132,SEDSCRS_TZn,0.000000000000e+00
6396,15221,AREA,8.049181999990e+00
6396,15221,PREC,8.147313107680e+01
6396,15221,SURO,3.114344043247e-03
6396,15221,IFWO,2.287382748258e-02
6396,15221,AGWO,3.650177541501e+00
6396,15221,PERO,3.676165713027e+00
6396,15221,TAET,7.779697226858e+01
6396,15221,SEDLOAD,4.171983745783e-04
6396,15221,SEDWSSD, 9.64907e-07
6396,15221,SEDSCRS, 5.24053e-08
6396,15221,SEDSURO, 0.00000e+00
6396,15221,SEDIFWO, 2.59176e-06
6396,15221,SEDAGWO, 4.13589e-04
6396,15221,SO_TN,1.908253986992e-03
6396,15221,IO_TN,5.183519124919e-03
6396,15221,AO_TN,2.481539013547e-01
6396,15221,PO_TN,2.552456744666e-01
6396,15221,SO_TP,2.034623880848e-06
6396,15221,IO_TP,1.036703824984e-03
6396,15221,AO_TP,1.654359342365e-01
6396,15221,PO_TP,1.664746726853e-01
6396,15221,SED_TP,2.034623880848e-06
6396,15221,SEDWSSD_TP,1.929813214389e-06
6396,15221,SEDSCRS_TP,1.048106664596e-07
6396,15221,SO_TCd,1.017311940424e-09
6396,15221,IO_TCd,0.000000000000e+00
6396,15221,AO_TCd,0.000000000000e+00
6396,15221,PO_TCd,1.017311940424e-09
6396,15221,SED_TCd,1.017311940424e-09
6396,15221,SEDWSSD_TCd,9.649066071944e-10
6396,15221,SEDSCRS_TCd,5.240533322979e-11
6396,15221,SO_TCu,1.017311940424e-07
6396,15221,IO_TCu,0.000000000000e+00
6396,15221,AO_TCu,0.000000000000e+00
6396,15221,PO_TCu,1.017311940424e-07
6396,15221,SED_TCu,1.017311940424e-07
6396,15221,SEDWSSD_TCu,9.649066071944e-08
6396,15221,SEDSCRS_TCu,5.240533322979e-09
6396,15221,SO_TPb,1.017311940424e-08
6396,15221,IO_TPb,0.000000000000e+00
6396,15221,AO_TPb,0.000000000000e+00
6396,15221,PO_TPb,1.017311940424e-08
6396,15221,SED_TPb,1.017311940424e-08
6396,15221,SEDWSSD_TPb,9.649066071944e-09
6396,15221,SEDSCRS_TPb,5.240533322979e-10
6396,15221,SO_TZn,7.324645971054e-07
6396,15221,IO_TZn,0.000000000000e+00
6396,15221,AO_TZn,4.135898355912e-02
6396,15221,PO_TZn,4.135971602372e-02
6396,15221,SED_TZn,7.324645971054e-07
6396,15221,SEDWSSD_TZn,6.947327571800e-07
6396,15221,SEDSCRS_TZn,3.773183992545e-08
6396,15222,AREA,4.896880000008e-01
6396,15222,PREC,4.956580011576e+00
6396,15222,SURO,2.189746919526e-04
6396,15222,IFWO,1.390283173222e-03
6396,15222,AGWO,1.429562700515e-01
6396,15222,PERO,1.445655279167e-01
6396,15222,TAET,4.715052368284e+00
6396,15222,SEDLOAD,1.644158100318e-05
6396,15222,SEDWSSD, 8.16758e-08
6396,15222,SEDSCRS, 4.48406e-09
6396,15222,SEDSURO, 0.00000e+00
6396,15222,SEDIFWO, 1.57528e-07
6396,15222,SEDAGWO, 1.61979e-05
6396,15222,SO_TN,1.362721744054e-04
6396,15222,IO_TN,3.150569979134e-04
6396,15222,AO_TN,9.718748124734e-03
6396,15222,PO_TN,1.017007729705e-02
6396,15222,SO_TP,1.723197804876e-07
6396,15222,IO_TP,6.301139958268e-05
6396,15222,AO_TP,6.479165416489e-03
6396,15222,PO_TP,6.542349135852e-03
6396,15222,SED_TP,1.723197804876e-07
6396,15222,SEDWSSD_TP,1.633516590830e-07
6396,15222,SEDSCRS_TP,8.968121404652e-09
6396,15222,SO_TCd,8.615989024382e-11
6396,15222,IO_TCd,0.000000000000e+00
6396,15222,AO_TCd,0.000000000000e+00
6396,15222,PO_TCd,8.615989024382e-11
6396,15222,SED_TCd,8.615989024382e-11
6396,15222,SEDWSSD_TCd,8.167582954150e-11
6396,15222,SEDSCRS_TCd,4.484060702326e-12
6396,15222,SO_TCu,8.615989024382e-09
6396,15222,IO_TCu,0.000000000000e+00
6396,15222,AO_TCu,0.000000000000e+00
6396,15222,PO_TCu,8.615989024382e-09
6396,15222,SED_TCu,8.615989024382e-09
6396,15222,SEDWSSD_TCu,8.167582954150e-09
6396,15222,SEDSCRS_TCu,4.484060702326e-10
6396,15222,SO_TPb,8.615989024382e-10
6396,15222,IO_TPb,0.000000000000e+00
6396,15222,AO_TPb,0.000000000000e+00
6396,15222,PO_TPb,8.615989024382e-10
6396,15222,SED_TPb,8.615989024382e-10
6396,15222,SEDWSSD_TPb,8.167582954150e-10
6396,15222,SEDSCRS_TPb,4.484060702326e-11
6396,15222,SO_TZn,6.203512097555e-08
6396,15222,IO_TZn,0.000000000000e+00
6396,15222,AO_TZn,1.619791354122e-03
6396,15222,PO_TZn,1.619853389243e-03
6396,15222,SED_TZn,6.203512097555e-08
6396,15222,SEDWSSD_TZn,5.880659726988e-08
6396,15222,SEDSCRS_TZn,3.228523705675e-09
6396,15231,AREA,0.000000000000e+00
6396,15231,PREC,0.000000000000e+00
6396,15231,SURO,0.000000000000e+00
6396,15231,IFWO,0.000000000000e+00
6396,15231,AGWO,0.000000000000e+00
6396,15231,PERO,0.000000000000e+00
6396,15231,TAET,0.000000000000e+00
6396,15231,SEDLOAD,0.000000000000e+00
6396,15231,SEDWSSD, 0.00000e+00
6396,15231,SEDSCRS, 0.00000e+00
6396,15231,SEDSURO, 0.00000e+00
6396,15231,SEDIFWO, 0.00000e+00
6396,15231,SEDAGWO, 0.00000e+00
6396,15231,SO_TN,0.000000000000e+00
6396,15231,IO_TN,0.000000000000e+00
6396,15231,AO_TN,0.000000000000e+00
6396,15231,PO_TN,0.000000000000e+00
6396,15231,SO_TP,0.000000000000e+00
6396,15231,IO_TP,0.000000000000e+00
6396,15231,AO_TP,0.000000000000e+00
6396,15231,PO_TP,0.000000000000e+00
6396,15231,SED_TP,0.000000000000e+00
6396,15231,SEDWSSD_TP,0.000000000000e+00
6396,15231,SEDSCRS_TP,0.000000000000e+00
6396,15231,SO_TCd,0.000000000000e+00
6396,15231,IO_TCd,0.000000000000e+00
6396,15231,AO_TCd,0.000000000000e+00
6396,15231,PO_TCd,0.000000000000e+00
6396,15231,SED_TCd,0.000000000000e+00
6396,15231,SEDWSSD_TCd,0.000000000000e+00
6396,15231,SEDSCRS_TCd,0.000000000000e+00
6396,15231,SO_TCu,0.000000000000e+00
6396,15231,IO_TCu,0.000000000000e+00
6396,15231,AO_TCu,0.000000000000e+00
6396,15231,PO_TCu,0.000000000000e+00
6396,15231,SED_TCu,0.000000000000e+00
6396,15231,SEDWSSD_TCu,0.000000000000e+00
6396,15231,SEDSCRS_TCu,0.000000000000e+00
6396,15231,SO_TPb,0.000000000000e+00
6396,15231,IO_TPb,0.000000000000e+00
6396,15231,AO_TPb,0.000000000000e+00
6396,15231,PO_TPb,0.000000000000e+00
6396,15231,SED_TPb,0.000000000000e+00
6396,15231,SEDWSSD_TPb,0.000000000000e+00
6396,15231,SEDSCRS_TPb,0.000000000000e+00
6396,15231,SO_TZn,0.000000000000e+00
6396,15231,IO_TZn,0.000000000000e+00
6396,15231,AO_TZn,0.000000000000e+00
6396,15231,PO_TZn,0.000000000000e+00
6396,15231,SED_TZn,0.000000000000e+00
6396,15231,SEDWSSD_TZn,0.000000000000e+00
6396,15231,SEDSCRS_TZn,0.000000000000e+00
6396,15232,AREA,0.000000000000e+00
6396,15232,PREC,0.000000000000e+00
6396,15232,SURO,0.000000000000e+00
6396,15232,IFWO,0.000000000000e+00
6396,15232,AGWO,0.000000000000e+00
6396,15232,PERO,0.000000000000e+00
6396,15232,TAET,0.000000000000e+00
6396,15232,SEDLOAD,0.000000000000e+00
6396,15232,SEDWSSD, 0.00000e+00
6396,15232,SEDSCRS, 0.00000e+00
6396,15232,SEDSURO, 0.00000e+00
6396,15232,SEDIFWO, 0.00000e+00
6396,15232,SEDAGWO, 0.00000e+00
6396,15232,SO_TN,0.000000000000e+00
6396,15232,IO_TN,0.000000000000e+00
6396,15232,AO_TN,0.000000000000e+00
6396,15232,PO_TN,0.000000000000e+00
6396,15232,SO_TP,0.000000000000e+00
6396,15232,IO_TP,0.000000000000e+00
6396,15232,AO_TP,0.000000000000e+00
6396,15232,PO_TP,0.000000000000e+00
6396,15232,SED_TP,0.000000000000e+00
6396,15232,SEDWSSD_TP,0.000000000000e+00
6396,15232,SEDSCRS_TP,0.000000000000e+00
6396,15232,SO_TCd,0.000000000000e+00
6396,15232,IO_TCd,0.000000000000e+00
6396,15232,AO_TCd,0.000000000000e+00
6396,15232,PO_TCd,0.000000000000e+00
6396,15232,SED_TCd,0.000000000000e+00
6396,15232,SEDWSSD_TCd,0.000000000000e+00
6396,15232,SEDSCRS_TCd,0.000000000000e+00
6396,15232,SO_TCu,0.000000000000e+00
6396,15232,IO_TCu,0.000000000000e+00
6396,15232,AO_TCu,0.000000000000e+00
6396,15232,PO_TCu,0.000000000000e+00
6396,15232,SED_TCu,0.000000000000e+00
6396,15232,SEDWSSD_TCu,0.000000000000e+00
6396,15232,SEDSCRS_TCu,0.000000000000e+00
6396,15232,SO_TPb,0.000000000000e+00
6396,15232,IO_TPb,0.000000000000e+00
6396,15232,AO_TPb,0.000000000000e+00
6396,15232,PO_TPb,0.000000000000e+00
6396,15232,SED_TPb,0.000000000000e+00
6396,15232,SEDWSSD_TPb,0.000000000000e+00
6396,15232,SEDSCRS_TPb,0.000000000000e+00
6396,15232,SO_TZn,0.000000000000e+00
6396,15232,IO_TZn,0.000000000000e+00
6396,15232,AO_TZn,0.000000000000e+00
6396,15232,PO_TZn,0.000000000000e+00
6396,15232,SED_TZn,0.000000000000e+00
6396,15232,SEDWSSD_TZn,0.000000000000e+00
6396,15232,SEDSCRS_TZn,0.000000000000e+00
6396,15321,AREA,1.068545500002e+01
6396,15321,PREC,1.081572606794e+02
6396,15321,SURO,1.570583695762e-01
6396,15321,IFWO,3.502512702231e-01
6396,15321,AGWO,4.104340050432e+00
6396,15321,PERO,4.611649690231e+00
6396,15321,TAET,1.035456117424e+02
6396,15321,SEDLOAD,2.457402392102e-03
6396,15321,SEDWSSD, 1.62077e-03
6396,15321,SEDSCRS, 3.31896e-04
6396,15321,SEDSURO, 0.00000e+00
6396,15321,SEDIFWO, 3.96858e-05
6396,15321,SEDAGWO, 4.65049e-04
6396,15321,SO_TN,9.947619240648e-02
6396,15321,IO_TN,7.937168185394e-02
6396,15321,AO_TN,2.790297141498e-01
6396,15321,PO_TN,4.578775884103e-01
6396,15321,SO_TP,3.905335346829e-03
6396,15321,IO_TP,1.587433637079e-02
6396,15321,AO_TP,1.860198094332e-01
6396,15321,PO_TP,2.057994811508e-01
6396,15321,SED_TP,3.905335346829e-03
6396,15321,SEDWSSD_TP,3.241544336617e-03
6396,15321,SEDSCRS_TP,6.637910102113e-04
6396,15321,SO_TCd,1.952667673414e-06
6396,15321,IO_TCd,0.000000000000e+00
6396,15321,AO_TCd,0.000000000000e+00
6396,15321,PO_TCd,1.952667673414e-06
6396,15321,SED_TCd,1.952667673414e-06
6396,15321,SEDWSSD_TCd,1.620772168309e-06
6396,15321,SEDSCRS_TCd,3.318955051057e-07
6396,15321,SO_TCu,1.952667673414e-04
6396,15321,IO_TCu,0.000000000000e+00
6396,15321,AO_TCu,0.000000000000e+00
6396,15321,PO_TCu,1.952667673414e-04
6396,15321,SED_TCu,1.952667673414e-04
6396,15321,SEDWSSD_TCu,1.620772168309e-04
6396,15321,SEDSCRS_TCu,3.318955051057e-05
6396,15321,SO_TPb,1.952667673414e-05
6396,15321,IO_TPb,0.000000000000e+00
6396,15321,AO_TPb,0.000000000000e+00
6396,15321,PO_TPb,1.952667673414e-05
6396,15321,SED_TPb,1.952667673414e-05
6396,15321,SEDWSSD_TPb,1.620772168309e-05
6396,15321,SEDSCRS_TPb,3.318955051057e-06
6396,15321,SO_TZn,1.405920724858e-03
6396,15321,IO_TZn,0.000000000000e+00
6396,15321,AO_TZn,4.650495235831e-02
6396,15321,PO_TZn,4.791087308316e-02
6396,15321,SED_TZn,1.405920724858e-03
6396,15321,SEDWSSD_TZn,1.166955961182e-03
6396,15321,SEDSCRS_TZn,2.389647636761e-04
6396,15322,AREA,0.000000000000e+00
6396,15322,PREC,0.000000000000e+00
6396,15322,SURO,0.000000000000e+00
6396,15322,IFWO,0.000000000000e+00
6396,15322,AGWO,0.000000000000e+00
6396,15322,PERO,0.000000000000e+00
6396,15322,TAET,0.000000000000e+00
6396,15322,SEDLOAD,0.000000000000e+00
6396,15322,SEDWSSD, 0.00000e+00
6396,15322,SEDSCRS, 0.00000e+00
6396,15322,SEDSURO, 0.00000e+00
6396,15322,SEDIFWO, 0.00000e+00
6396,15322,SEDAGWO, 0.00000e+00
6396,15322,SO_TN,0.000000000000e+00
6396,15322,IO_TN,0.000000000000e+00
6396,15322,AO_TN,0.000000000000e+00
6396,15322,PO_TN,0.000000000000e+00
6396,15322,SO_TP,0.000000000000e+00
6396,15322,IO_TP,0.000000000000e+00
6396,15322,AO_TP,0.000000000000e+00
6396,15322,PO_TP,0.000000000000e+00
6396,15322,SED_TP,0.000000000000e+00
6396,15322,SEDWSSD_TP,0.000000000000e+00
6396,15322,SEDSCRS_TP,0.000000000000e+00
6396,15322,SO_TCd,0.000000000000e+00
6396,15322,IO_TCd,0.000000000000e+00
6396,15322,AO_TCd,0.000000000000e+00
6396,15322,PO_TCd,0.000000000000e+00
6396,15322,SED_TCd,0.000000000000e+00
6396,15322,SEDWSSD_TCd,0.000000000000e+00
6396,15322,SEDSCRS_TCd,0.000000000000e+00
6396,15322,SO_TCu,0.000000000000e+00
6396,15322,IO_TCu,0.000000000000e+00
6396,15322,AO_TCu,0.000000000000e+00
6396,15322,PO_TCu,0.000000000000e+00
6396,15322,SED_TCu,0.000000000000e+00
6396,15322,SEDWSSD_TCu,0.000000000000e+00
6396,15322,SEDSCRS_TCu,0.000000000000e+00
6396,15322,SO_TPb,0.000000000000e+00
6396,15322,IO_TPb,0.000000000000e+00
6396,15322,AO_TPb,0.000000000000e+00
6396,15322,PO_TPb,0.000000000000e+00
6396,15322,SED_TPb,0.000000000000e+00
6396,15322,SEDWSSD_TPb,0.000000000000e+00
6396,15322,SEDSCRS_TPb,0.000000000000e+00
6396,15322,SO_TZn,0.000000000000e+00
6396,15322,IO_TZn,0.000000000000e+00
6396,15322,AO_TZn,0.000000000000e+00
6396,15322,PO_TZn,0.000000000000e+00
6396,15322,SED_TZn,0.000000000000e+00
6396,15322,SEDWSSD_TZn,0.000000000000e+00
6396,15322,SEDSCRS_TZn,0.000000000000e+00
6396,15331,AREA,0.000000000000e+00
6396,15331,PREC,0.000000000000e+00
6396,15331,SURO,0.000000000000e+00
6396,15331,IFWO,0.000000000000e+00
6396,15331,AGWO,0.000000000000e+00
6396,15331,PERO,0.000000000000e+00
6396,15331,TAET,0.000000000000e+00
6396,15331,SEDLOAD,0.000000000000e+00
6396,15331,SEDWSSD, 0.00000e+00
6396,15331,SEDSCRS, 0.00000e+00
6396,15331,SEDSURO, 0.00000e+00
6396,15331,SEDIFWO, 0.00000e+00
6396,15331,SEDAGWO, 0.00000e+00
6396,15331,SO_TN,0.000000000000e+00
6396,15331,IO_TN,0.000000000000e+00
6396,15331,AO_TN,0.000000000000e+00
6396,15331,PO_TN,0.000000000000e+00
6396,15331,SO_TP,0.000000000000e+00
6396,15331,IO_TP,0.000000000000e+00
6396,15331,AO_TP,0.000000000000e+00
6396,15331,PO_TP,0.000000000000e+00
6396,15331,SED_TP,0.000000000000e+00
6396,15331,SEDWSSD_TP,0.000000000000e+00
6396,15331,SEDSCRS_TP,0.000000000000e+00
6396,15331,SO_TCd,0.000000000000e+00
6396,15331,IO_TCd,0.000000000000e+00
6396,15331,AO_TCd,0.000000000000e+00
6396,15331,PO_TCd,0.000000000000e+00
6396,15331,SED_TCd,0.000000000000e+00
6396,15331,SEDWSSD_TCd,0.000000000000e+00
6396,15331,SEDSCRS_TCd,0.000000000000e+00
6396,15331,SO_TCu,0.000000000000e+00
6396,15331,IO_TCu,0.000000000000e+00
6396,15331,AO_TCu,0.000000000000e+00
6396,15331,PO_TCu,0.000000000000e+00
6396,15331,SED_TCu,0.000000000000e+00
6396,15331,SEDWSSD_TCu,0.000000000000e+00
6396,15331,SEDSCRS_TCu,0.000000000000e+00
6396,15331,SO_TPb,0.000000000000e+00
6396,15331,IO_TPb,0.000000000000e+00
6396,15331,AO_TPb,0.000000000000e+00
6396,15331,PO_TPb,0.000000000000e+00
6396,15331,SED_TPb,0.000000000000e+00
6396,15331,SEDWSSD_TPb,0.000000000000e+00
6396,15331,SEDSCRS_TPb,0.000000000000e+00
6396,15331,SO_TZn,0.000000000000e+00
6396,15331,IO_TZn,0.000000000000e+00
6396,15331,AO_TZn,0.000000000000e+00
6396,15331,PO_TZn,0.000000000000e+00
6396,15331,SED_TZn,0.000000000000e+00
6396,15331,SEDWSSD_TZn,0.000000000000e+00
6396,15331,SEDSCRS_TZn,0.000000000000e+00
6396,15332,AREA,0.000000000000e+00
6396,15332,PREC,0.000000000000e+00
6396,15332,SURO,0.000000000000e+00
6396,15332,IFWO,0.000000000000e+00
6396,15332,AGWO,0.000000000000e+00
6396,15332,PERO,0.000000000000e+00
6396,15332,TAET,0.000000000000e+00
6396,15332,SEDLOAD,0.000000000000e+00
6396,15332,SEDWSSD, 0.00000e+00
6396,15332,SEDSCRS, 0.00000e+00
6396,15332,SEDSURO, 0.00000e+00
6396,15332,SEDIFWO, 0.00000e+00
6396,15332,SEDAGWO, 0.00000e+00
6396,15332,SO_TN,0.000000000000e+00
6396,15332,IO_TN,0.000000000000e+00
6396,15332,AO_TN,0.000000000000e+00
6396,15332,PO_TN,0.000000000000e+00
6396,15332,SO_TP,0.000000000000e+00
6396,15332,IO_TP,0.000000000000e+00
6396,15332,AO_TP,0.000000000000e+00
6396,15332,PO_TP,0.000000000000e+00
6396,15332,SED_TP,0.000000000000e+00
6396,15332,SEDWSSD_TP,0.000000000000e+00
6396,15332,SEDSCRS_TP,0.000000000000e+00
6396,15332,SO_TCd,0.000000000000e+00
6396,15332,IO_TCd,0.000000000000e+00
6396,15332,AO_TCd,0.000000000000e+00
6396,15332,PO_TCd,0.000000000000e+00
6396,15332,SED_TCd,0.000000000000e+00
6396,15332,SEDWSSD_TCd,0.000000000000e+00
6396,15332,SEDSCRS_TCd,0.000000000000e+00
6396,15332,SO_TCu,0.000000000000e+00
6396,15332,IO_TCu,0.000000000000e+00
6396,15332,AO_TCu,0.000000000000e+00
6396,15332,PO_TCu,0.000000000000e+00
6396,15332,SED_TCu,0.000000000000e+00
6396,15332,SEDWSSD_TCu,0.000000000000e+00
6396,15332,SEDSCRS_TCu,0.000000000000e+00
6396,15332,SO_TPb,0.000000000000e+00
6396,15332,IO_TPb,0.000000000000e+00
6396,15332,AO_TPb,0.000000000000e+00
6396,15332,PO_TPb,0.000000000000e+00
6396,15332,SED_TPb,0.000000000000e+00
6396,15332,SEDWSSD_TPb,0.000000000000e+00
6396,15332,SEDSCRS_TPb,0.000000000000e+00
6396,15332,SO_TZn,0.000000000000e+00
6396,15332,IO_TZn,0.000000000000e+00
6396,15332,AO_TZn,0.000000000000e+00
6396,15332,PO_TZn,0.000000000000e+00
6396,15332,SED_TZn,0.000000000000e+00
6396,15332,SEDWSSD_TZn,0.000000000000e+00
6396,15332,SEDSCRS_TZn,0.000000000000e+00
6396,15421,AREA,1.020264899999e+01
6396,15421,PREC,1.032703396827e+02
6396,15421,SURO,1.474133663757e+00
6396,15421,IFWO,7.817484948596e-01
6396,15421,AGWO,2.507635077127e+00
6396,15421,PERO,4.763517235743e+00
6396,15421,TAET,9.850682113648e+01
6396,15421,SEDLOAD,1.280223059176e-02
6396,15421,SEDWSSD, 6.93835e-03
6396,15421,SEDSCRS, 5.49117e-03
6396,15421,SEDSURO, 0.00000e+00
6396,15421,SEDIFWO, 8.85773e-05
6396,15421,SEDAGWO, 2.84132e-04
6396,15421,SO_TN,6.190016531175e-01
6396,15421,IO_TN,1.771547974237e-01
6396,15421,AO_TN,1.704792220345e-01
6396,15421,PO_TN,9.666356725758e-01
6396,15421,SO_TP,2.485904326643e-02
6396,15421,IO_TP,3.543095948475e-02
6396,15421,AO_TP,1.136528146897e-01
6396,15421,PO_TP,1.739428174409e-01
6396,15421,SED_TP,2.485904326643e-02
6396,15421,SEDWSSD_TP,1.387670492309e-02
6396,15421,SEDSCRS_TP,1.098233834333e-02
6396,15421,SO_TCd,1.242952163321e-05
6396,15421,IO_TCd,0.000000000000e+00
6396,15421,AO_TCd,0.000000000000e+00
6396,15421,PO_TCd,1.242952163321e-05
6396,15421,SED_TCd,1.242952163321e-05
6396,15421,SEDWSSD_TCd,6.938352461546e-06
6396,15421,SEDSCRS_TCd,5.491169171667e-06
6396,15421,SO_TCu,1.242952163321e-03
6396,15421,IO_TCu,0.000000000000e+00
6396,15421,AO_TCu,0.000000000000e+00
6396,15421,PO_TCu,1.242952163321e-03
6396,15421,SED_TCu,1.242952163321e-03
6396,15421,SEDWSSD_TCu,6.938352461546e-04
6396,15421,SEDSCRS_TCu,5.491169171667e-04
6396,15421,SO_TPb,1.242952163321e-04
6396,15421,IO_TPb,0.000000000000e+00
6396,15421,AO_TPb,0.000000000000e+00
6396,15421,PO_TPb,1.242952163321e-04
6396,15421,SED_TPb,1.242952163321e-04
6396,15421,SEDWSSD_TPb,6.938352461546e-05
6396,15421,SEDSCRS_TPb,5.491169171667e-05
6396,15421,SO_TZn,8.949255575913e-03
6396,15421,IO_TZn,0.000000000000e+00
6396,15421,AO_TZn,2.841320367242e-02
6396,15421,PO_TZn,3.736245924834e-02
6396,15421,SED_TZn,8.949255575913e-03
6396,15421,SEDWSSD_TZn,4.995613772313e-03
6396,15421,SEDSCRS_TZn,3.953641803600e-03
6396,15422,AREA,2.705505999999e+00
6396,15422,PREC,2.738490010129e+01
6396,15422,SURO,3.972225869982e-01
6396,15422,IFWO,2.080906053510e-01
6396,15422,AGWO,4.188330254552e-01
6396,15422,PERO,1.024146217804e+00
6396,15422,TAET,2.603126998227e+01
6396,15422,SEDLOAD,3.301602440594e-03
6396,15422,SEDWSSD, 1.84954e-03
6396,15422,SEDSCRS, 1.38103e-03
6396,15422,SEDSURO, 0.00000e+00
6396,15422,SEDIFWO, 2.35780e-05
6396,15422,SEDAGWO, 4.74566e-05
6396,15422,SO_TN,1.659752563198e-01
6396,15422,IO_TN,4.715614968131e-02
6396,15422,AO_TN,2.847397095106e-02
6396,15422,PO_TN,2.416053769521e-01
6396,15422,SO_TP,6.461135676785e-03
6396,15422,IO_TP,9.431229936262e-03
6396,15422,AO_TP,1.898264730070e-02
6396,15422,PO_TP,3.487501291375e-02
6396,15422,SED_TP,6.461135676785e-03
6396,15422,SEDWSSD_TP,3.699072582892e-03
6396,15422,SEDSCRS_TP,2.762063093893e-03
6396,15422,SO_TCd,3.230567838392e-06
6396,15422,IO_TCd,0.000000000000e+00
6396,15422,AO_TCd,0.000000000000e+00
6396,15422,PO_TCd,3.230567838392e-06
6396,15422,SED_TCd,3.230567838392e-06
6396,15422,SEDWSSD_TCd,1.849536291446e-06
6396,15422,SEDSCRS_TCd,1.381031546946e-06
6396,15422,SO_TCu,3.230567838392e-04
6396,15422,IO_TCu,0.000000000000e+00
6396,15422,AO_TCu,0.000000000000e+00
6396,15422,PO_TCu,3.230567838392e-04
6396,15422,SED_TCu,3.230567838392e-04
6396,15422,SEDWSSD_TCu,1.849536291446e-04
6396,15422,SEDSCRS_TCu,1.381031546946e-04
6396,15422,SO_TPb,3.230567838392e-05
6396,15422,IO_TPb,0.000000000000e+00
6396,15422,AO_TPb,0.000000000000e+00
6396,15422,PO_TPb,3.230567838392e-05
6396,15422,SED_TPb,3.230567838392e-05
6396,15422,SEDWSSD_TPb,1.849536291446e-05
6396,15422,SEDSCRS_TPb,1.381031546946e-05
6396,15422,SO_TZn,2.326008843643e-03
6396,15422,IO_TZn,0.000000000000e+00
6396,15422,AO_TZn,4.745661825176e-03
6396,15422,PO_TZn,7.071670668819e-03
6396,15422,SED_TZn,2.326008843643e-03
6396,15422,SEDWSSD_TZn,1.331666129841e-03
6396,15422,SEDSCRS_TZn,9.943427138014e-04
6396,15431,AREA,0.000000000000e+00
6396,15431,PREC,0.000000000000e+00
6396,15431,SURO,0.000000000000e+00
6396,15431,IFWO,0.000000000000e+00
6396,15431,AGWO,0.000000000000e+00
6396,15431,PERO,0.000000000000e+00
6396,15431,TAET,0.000000000000e+00
6396,15431,SEDLOAD,0.000000000000e+00
6396,15431,SEDWSSD, 0.00000e+00
6396,15431,SEDSCRS, 0.00000e+00
6396,15431,SEDSURO, 0.00000e+00
6396,15431,SEDIFWO, 0.00000e+00
6396,15431,SEDAGWO, 0.00000e+00
6396,15431,SO_TN,0.000000000000e+00
6396,15431,IO_TN,0.000000000000e+00
6396,15431,AO_TN,0.000000000000e+00
6396,15431,PO_TN,0.000000000000e+00
6396,15431,SO_TP,0.000000000000e+00
6396,15431,IO_TP,0.000000000000e+00
6396,15431,AO_TP,0.000000000000e+00
6396,15431,PO_TP,0.000000000000e+00
6396,15431,SED_TP,0.000000000000e+00
6396,15431,SEDWSSD_TP,0.000000000000e+00
6396,15431,SEDSCRS_TP,0.000000000000e+00
6396,15431,SO_TCd,0.000000000000e+00
6396,15431,IO_TCd,0.000000000000e+00
6396,15431,AO_TCd,0.000000000000e+00
6396,15431,PO_TCd,0.000000000000e+00
6396,15431,SED_TCd,0.000000000000e+00
6396,15431,SEDWSSD_TCd,0.000000000000e+00
6396,15431,SEDSCRS_TCd,0.000000000000e+00
6396,15431,SO_TCu,0.000000000000e+00
6396,15431,IO_TCu,0.000000000000e+00
6396,15431,AO_TCu,0.000000000000e+00
6396,15431,PO_TCu,0.000000000000e+00
6396,15431,SED_TCu,0.000000000000e+00
6396,15431,SEDWSSD_TCu,0.000000000000e+00
6396,15431,SEDSCRS_TCu,0.000000000000e+00
6396,15431,SO_TPb,0.000000000000e+00
6396,15431,IO_TPb,0.000000000000e+00
6396,15431,AO_TPb,0.000000000000e+00
6396,15431,PO_TPb,0.000000000000e+00
6396,15431,SED_TPb,0.000000000000e+00
6396,15431,SEDWSSD_TPb,0.000000000000e+00
6396,15431,SEDSCRS_TPb,0.000000000000e+00
6396,15431,SO_TZn,0.000000000000e+00
6396,15431,IO_TZn,0.000000000000e+00
6396,15431,AO_TZn,0.000000000000e+00
6396,15431,PO_TZn,0.000000000000e+00
6396,15431,SED_TZn,0.000000000000e+00
6396,15431,SEDWSSD_TZn,0.000000000000e+00
6396,15431,SEDSCRS_TZn,0.000000000000e+00
6396,15432,AREA,0.000000000000e+00
6396,15432,PREC,0.000000000000e+00
6396,15432,SURO,0.000000000000e+00
6396,15432,IFWO,0.000000000000e+00
6396,15432,AGWO,0.000000000000e+00
6396,15432,PERO,0.000000000000e+00
6396,15432,TAET,0.000000000000e+00
6396,15432,SEDLOAD,0.000000000000e+00
6396,15432,SEDWSSD, 0.00000e+00
6396,15432,SEDSCRS, 0.00000e+00
6396,15432,SEDSURO, 0.00000e+00
6396,15432,SEDIFWO, 0.00000e+00
6396,15432,SEDAGWO, 0.00000e+00
6396,15432,SO_TN,0.000000000000e+00
6396,15432,IO_TN,0.000000000000e+00
6396,15432,AO_TN,0.000000000000e+00
6396,15432,PO_TN,0.000000000000e+00
6396,15432,SO_TP,0.000000000000e+00
6396,15432,IO_TP,0.000000000000e+00
6396,15432,AO_TP,0.000000000000e+00
6396,15432,PO_TP,0.000000000000e+00
6396,15432,SED_TP,0.000000000000e+00
6396,15432,SEDWSSD_TP,0.000000000000e+00
6396,15432,SEDSCRS_TP,0.000000000000e+00
6396,15432,SO_TCd,0.000000000000e+00
6396,15432,IO_TCd,0.000000000000e+00
6396,15432,AO_TCd,0.000000000000e+00
6396,15432,PO_TCd,0.000000000000e+00
6396,15432,SED_TCd,0.000000000000e+00
6396,15432,SEDWSSD_TCd,0.000000000000e+00
6396,15432,SEDSCRS_TCd,0.000000000000e+00
6396,15432,SO_TCu,0.000000000000e+00
6396,15432,IO_TCu,0.000000000000e+00
6396,15432,AO_TCu,0.000000000000e+00
6396,15432,PO_TCu,0.000000000000e+00
6396,15432,SED_TCu,0.000000000000e+00
6396,15432,SEDWSSD_TCu,0.000000000000e+00
6396,15432,SEDSCRS_TCu,0.000000000000e+00
6396,15432,SO_TPb,0.000000000000e+00
6396,15432,IO_TPb,0.000000000000e+00
6396,15432,AO_TPb,0.000000000000e+00
6396,15432,PO_TPb,0.000000000000e+00
6396,15432,SED_TPb,0.000000000000e+00
6396,15432,SEDWSSD_TPb,0.000000000000e+00
6396,15432,SEDSCRS_TPb,0.000000000000e+00
6396,15432,SO_TZn,0.000000000000e+00
6396,15432,IO_TZn,0.000000000000e+00
6396,15432,AO_TZn,0.000000000000e+00
6396,15432,PO_TZn,0.000000000000e+00
6396,15432,SED_TZn,0.000000000000e+00
6396,15432,SEDWSSD_TZn,0.000000000000e+00
6396,15432,SEDSCRS_TZn,0.000000000000e+00
6396,16000,AREA,0.000000000000e+00
6396,16000,PREC,0.000000000000e+00
6396,16000,SURO,0.000000000000e+00
6396,16000,IFWO,0.000000000000e+00
6396,16000,AGWO,0.000000000000e+00
6396,16000,PERO,0.000000000000e+00
6396,16000,TAET,0.000000000000e+00
6396,16000,SEDLOAD,0.000000000000e+00
6396,16000,SEDWSSD, 0.00000e+00
6396,16000,SEDSCRS, 0.00000e+00
6396,16000,SEDSURO, 0.00000e+00
6396,16000,SEDIFWO, 0.00000e+00
6396,16000,SEDAGWO, 0.00000e+00
6396,16000,SO_TN,0.000000000000e+00
6396,16000,IO_TN,0.000000000000e+00
6396,16000,AO_TN,0.000000000000e+00
6396,16000,PO_TN,0.000000000000e+00
6396,16000,SO_TP,0.000000000000e+00
6396,16000,IO_TP,0.000000000000e+00
6396,16000,AO_TP,0.000000000000e+00
6396,16000,PO_TP,0.000000000000e+00
6396,16000,SED_TP,0.000000000000e+00
6396,16000,SEDWSSD_TP,0.000000000000e+00
6396,16000,SEDSCRS_TP,0.000000000000e+00
6396,16000,SO_TCd,0.000000000000e+00
6396,16000,IO_TCd,0.000000000000e+00
6396,16000,AO_TCd,0.000000000000e+00
6396,16000,PO_TCd,0.000000000000e+00
6396,16000,SED_TCd,0.000000000000e+00
6396,16000,SEDWSSD_TCd,0.000000000000e+00
6396,16000,SEDSCRS_TCd,0.000000000000e+00
6396,16000,SO_TCu,0.000000000000e+00
6396,16000,IO_TCu,0.000000000000e+00
6396,16000,AO_TCu,0.000000000000e+00
6396,16000,PO_TCu,0.000000000000e+00
6396,16000,SED_TCu,0.000000000000e+00
6396,16000,SEDWSSD_TCu,0.000000000000e+00
6396,16000,SEDSCRS_TCu,0.000000000000e+00
6396,16000,SO_TPb,0.000000000000e+00
6396,16000,IO_TPb,0.000000000000e+00
6396,16000,AO_TPb,0.000000000000e+00
6396,16000,PO_TPb,0.000000000000e+00
6396,16000,SED_TPb,0.000000000000e+00
6396,16000,SEDWSSD_TPb,0.000000000000e+00
6396,16000,SEDSCRS_TPb,0.000000000000e+00
6396,16000,SO_TZn,0.000000000000e+00
6396,16000,IO_TZn,0.000000000000e+00
6396,16000,AO_TZn,0.000000000000e+00
6396,16000,PO_TZn,0.000000000000e+00
6396,16000,SED_TZn,0.000000000000e+00
6396,16000,SEDWSSD_TZn,0.000000000000e+00
6396,16000,SEDSCRS_TZn,0.000000000000e+00
6397,1000,AREA,5.026828899990e+01
6397,1000,PREC,6.011364989960e+02
6397,1000,SURO,5.607594082692e+02
6397,1000,IFWO,0.000000000000e+00
6397,1000,AGWO,0.000000000000e+00
6397,1000,PERO,5.607594082692e+02
6397,1000,TAET,4.037709072672e+01
6397,1000,SEDLOAD,1.548904704436e+01
6397,1000,SEDWSSD, 1.54890e+01
6397,1000,SEDSCRS, 0.00000e+00
6397,1000,SEDSURO, 0.00000e+00
6397,1000,SEDIFWO, 0.00000e+00
6397,1000,SEDAGWO, 0.00000e+00
6397,1000,SO_TN,1.614423776257e+01
6397,1000,IO_TN,0.000000000000e+00
6397,1000,AO_TN,0.000000000000e+00
6397,1000,PO_TN,1.614423776257e+01
6397,1000,SO_TP,6.911987243547e+01
6397,1000,IO_TP,0.000000000000e+00
6397,1000,AO_TP,0.000000000000e+00
6397,1000,PO_TP,6.911987243547e+01
6397,1000,SED_TP,6.911987243547e+01
6397,1000,SEDWSSD_TP,6.911987243547e+01
6397,1000,SEDSCRS_TP,0.000000000000e+00
6397,1000,SO_TCd,2.710583232763e-01
6397,1000,IO_TCd,0.000000000000e+00
6397,1000,AO_TCd,0.000000000000e+00
6397,1000,PO_TCd,2.710583232763e-01
6397,1000,SED_TCd,2.710583232763e-01
6397,1000,SEDWSSD_TCd,2.710583232763e-01
6397,1000,SEDSCRS_TCd,0.000000000000e+00
6397,1000,SO_TCu,2.710583232763e+01
6397,1000,IO_TCu,0.000000000000e+00
6397,1000,AO_TCu,0.000000000000e+00
6397,1000,PO_TCu,2.710583232763e+01
6397,1000,SED_TCu,2.710583232763e+01
6397,1000,SEDWSSD_TCu,2.710583232763e+01
6397,1000,SEDSCRS_TCu,0.000000000000e+00
6397,1000,SO_TPb,6.691268323165e+00
6397,1000,IO_TPb,0.000000000000e+00
6397,1000,AO_TPb,0.000000000000e+00
6397,1000,PO_TPb,6.691268323165e+00
6397,1000,SED_TPb,6.691268323165e+00
6397,1000,SEDWSSD_TPb,6.691268323165e+00
6397,1000,SEDSCRS_TPb,0.000000000000e+00
6397,1000,SO_TZn,2.141205863413e+02
6397,1000,IO_TZn,0.000000000000e+00
6397,1000,AO_TZn,0.000000000000e+00
6397,1000,PO_TZn,2.141205863413e+02
6397,1000,SED_TZn,2.141205863413e+02
6397,1000,SEDWSSD_TZn,2.141205863413e+02
6397,1000,SEDSCRS_TZn,0.000000000000e+00
6397,2000,AREA,1.731236599999e+01
6397,2000,PREC,2.070310188313e+02
6397,2000,SURO,1.931251750761e+02
6397,2000,IFWO,0.000000000000e+00
6397,2000,AGWO,0.000000000000e+00
6397,2000,PERO,1.931251750761e+02
6397,2000,TAET,1.390584375522e+01
6397,2000,SEDLOAD,4.378684885529e+00
6397,2000,SEDWSSD, 4.37868e+00
6397,2000,SEDSCRS, 0.00000e+00
6397,2000,SEDSURO, 0.00000e+00
6397,2000,SEDIFWO, 0.00000e+00
6397,2000,SEDAGWO, 0.00000e+00
6397,2000,SO_TN,5.560064973301e+00
6397,2000,IO_TN,0.000000000000e+00
6397,2000,AO_TN,0.000000000000e+00
6397,2000,PO_TN,5.560064973301e+00
6397,2000,SO_TP,1.953988130167e+01
6397,2000,IO_TP,0.000000000000e+00
6397,2000,AO_TP,0.000000000000e+00
6397,2000,PO_TP,1.953988130167e+01
6397,2000,SED_TP,1.953988130167e+01
6397,2000,SEDWSSD_TP,1.953988130167e+01
6397,2000,SEDSCRS_TP,0.000000000000e+00
6397,2000,SO_TCd,6.568027328293e-02
6397,2000,IO_TCd,0.000000000000e+00
6397,2000,AO_TCd,0.000000000000e+00
6397,2000,PO_TCd,6.568027328293e-02
6397,2000,SED_TCd,6.568027328293e-02
6397,2000,SEDWSSD_TCd,6.568027328293e-02
6397,2000,SEDSCRS_TCd,0.000000000000e+00
6397,2000,SO_TCu,6.568027328293e+00
6397,2000,IO_TCu,0.000000000000e+00
6397,2000,AO_TCu,0.000000000000e+00
6397,2000,PO_TCu,6.568027328293e+00
6397,2000,SED_TCu,6.568027328293e+00
6397,2000,SEDWSSD_TCu,6.568027328293e+00
6397,2000,SEDSCRS_TCu,0.000000000000e+00
6397,2000,SO_TPb,1.418693902911e+00
6397,2000,IO_TPb,0.000000000000e+00
6397,2000,AO_TPb,0.000000000000e+00
6397,2000,PO_TPb,1.418693902911e+00
6397,2000,SED_TPb,1.418693902911e+00
6397,2000,SEDWSSD_TPb,1.418693902911e+00
6397,2000,SEDSCRS_TPb,0.000000000000e+00
6397,2000,SO_TZn,3.026546992877e+01
6397,2000,IO_TZn,0.000000000000e+00
6397,2000,AO_TZn,0.000000000000e+00
6397,2000,PO_TZn,3.026546992877e+01
6397,2000,SED_TZn,3.026546992877e+01
6397,2000,SEDWSSD_TZn,3.026546992877e+01
6397,2000,SEDSCRS_TZn,0.000000000000e+00
6397,3000,AREA,4.819892700007e+01
6397,3000,PREC,5.763899032279e+02
6397,3000,SURO,5.376749899670e+02
6397,3000,IFWO,0.000000000000e+00
6397,3000,AGWO,0.000000000000e+00
6397,3000,PERO,5.376749899670e+02
6397,3000,TAET,3.871491326092e+01
6397,3000,SEDLOAD,8.966286340838e+00
6397,3000,SEDWSSD, 8.96629e+00
6397,3000,SEDSCRS, 0.00000e+00
6397,3000,SEDSURO, 0.00000e+00
6397,3000,SEDIFWO, 0.00000e+00
6397,3000,SEDAGWO, 0.00000e+00
6397,3000,SO_TN,1.547963841357e+01
6397,3000,IO_TN,0.000000000000e+00
6397,3000,AO_TN,0.000000000000e+00
6397,3000,PO_TN,1.547963841357e+01
6397,3000,SO_TP,4.001205279599e+01
6397,3000,IO_TP,0.000000000000e+00
6397,3000,AO_TP,0.000000000000e+00
6397,3000,PO_TP,4.001205279599e+01
6397,3000,SED_TP,4.001205279599e+01
6397,3000,SEDWSSD_TP,4.001205279599e+01
6397,3000,SEDSCRS_TP,0.000000000000e+00
6397,3000,SO_TCd,1.075954360901e-01
6397,3000,IO_TCd,0.000000000000e+00
6397,3000,AO_TCd,0.000000000000e+00
6397,3000,PO_TCd,1.075954360901e-01
6397,3000,SED_TCd,1.075954360901e-01
6397,3000,SEDWSSD_TCd,1.075954360901e-01
6397,3000,SEDSCRS_TCd,0.000000000000e+00
6397,3000,SO_TCu,1.075954360901e+01
6397,3000,IO_TCu,0.000000000000e+00
6397,3000,AO_TCu,0.000000000000e+00
6397,3000,PO_TCu,1.075954360901e+01
6397,3000,SED_TCu,1.075954360901e+01
6397,3000,SEDWSSD_TCu,1.075954360901e+01
6397,3000,SEDSCRS_TCu,0.000000000000e+00
6397,3000,SO_TPb,9.683589248105e-01
6397,3000,IO_TPb,0.000000000000e+00
6397,3000,AO_TPb,0.000000000000e+00
6397,3000,PO_TPb,9.683589248105e-01
6397,3000,SED_TPb,9.683589248105e-01
6397,3000,SEDWSSD_TPb,9.683589248105e-01
6397,3000,SEDSCRS_TPb,0.000000000000e+00
6397,3000,SO_TZn,4.648122839091e+01
6397,3000,IO_TZn,0.000000000000e+00
6397,3000,AO_TZn,0.000000000000e+00
6397,3000,PO_TZn,4.648122839091e+01
6397,3000,SED_TZn,4.648122839091e+01
6397,3000,SEDWSSD_TZn,4.648122839091e+01
6397,3000,SEDSCRS_TZn,0.000000000000e+00
6397,4000,AREA,1.407106100000e+01
6397,4000,PREC,1.682696689099e+02
6397,4000,SURO,1.569673445635e+02
6397,4000,IFWO,0.000000000000e+00
6397,4000,AGWO,0.000000000000e+00
6397,4000,PERO,1.569673445635e+02
6397,4000,TAET,1.130232434643e+01
6397,4000,SEDLOAD,3.558886296885e+00
6397,4000,SEDWSSD, 3.55889e+00
6397,4000,SEDSCRS, 0.00000e+00
6397,4000,SEDSURO, 0.00000e+00
6397,4000,SEDIFWO, 0.00000e+00
6397,4000,SEDAGWO, 0.00000e+00
6397,4000,SO_TN,1.008680930003e+02
6397,4000,IO_TN,0.000000000000e+00
6397,4000,AO_TN,0.000000000000e+00
6397,4000,PO_TN,1.008680930003e+02
6397,4000,SO_TP,2.615781428210e+01
6397,4000,IO_TP,0.000000000000e+00
6397,4000,AO_TP,0.000000000000e+00
6397,4000,PO_TP,2.615781428210e+01
6397,4000,SED_TP,2.615781428210e+01
6397,4000,SEDWSSD_TP,2.615781428210e+01
6397,4000,SEDSCRS_TP,0.000000000000e+00
6397,4000,SO_TCd,5.338329445327e-02
6397,4000,IO_TCd,0.000000000000e+00
6397,4000,AO_TCd,0.000000000000e+00
6397,4000,PO_TCd,5.338329445327e-02
6397,4000,SED_TCd,5.338329445327e-02
6397,4000,SEDWSSD_TCd,5.338329445327e-02
6397,4000,SEDSCRS_TCd,0.000000000000e+00
6397,4000,SO_TCu,5.338329445327e+00
6397,4000,IO_TCu,0.000000000000e+00
6397,4000,AO_TCu,0.000000000000e+00
6397,4000,PO_TCu,5.338329445327e+00
6397,4000,SED_TCu,5.338329445327e+00
6397,4000,SEDWSSD_TCu,5.338329445327e+00
6397,4000,SEDSCRS_TCu,0.000000000000e+00
6397,4000,SO_TPb,1.537438880254e+00
6397,4000,IO_TPb,0.000000000000e+00
6397,4000,AO_TPb,0.000000000000e+00
6397,4000,PO_TPb,1.537438880254e+00
6397,4000,SED_TPb,1.537438880254e+00
6397,4000,SEDWSSD_TPb,1.537438880254e+00
6397,4000,SEDSCRS_TPb,0.000000000000e+00
6397,4000,SO_TZn,1.601498833598e+01
6397,4000,IO_TZn,0.000000000000e+00
6397,4000,AO_TZn,0.000000000000e+00
6397,4000,PO_TZn,1.601498833598e+01
6397,4000,SED_TZn,1.601498833598e+01
6397,4000,SEDWSSD_TZn,1.601498833598e+01
6397,4000,SEDSCRS_TZn,0.000000000000e+00
6397,5000,AREA,8.578883299996e+01
6397,5000,PREC,1.025911160863e+03
6397,5000,SURO,9.570028378962e+02
6397,5000,IFWO,0.000000000000e+00
6397,5000,AGWO,0.000000000000e+00
6397,5000,PERO,9.570028378962e+02
6397,5000,TAET,6.890832296641e+01
6397,5000,SEDLOAD,1.266500101232e+01
6397,5000,SEDWSSD, 1.26650e+01
6397,5000,SEDSCRS, 0.00000e+00
6397,5000,SEDSURO, 0.00000e+00
6397,5000,SEDIFWO, 0.00000e+00
6397,5000,SEDAGWO, 0.00000e+00
6397,5000,SO_TN,6.959616269850e+02
6397,5000,IO_TN,0.000000000000e+00
6397,5000,AO_TN,0.000000000000e+00
6397,5000,PO_TN,6.959616269850e+02
6397,5000,SO_TP,8.643863190909e+01
6397,5000,IO_TP,0.000000000000e+00
6397,5000,AO_TP,0.000000000000e+00
6397,5000,PO_TP,8.643863190909e+01
6397,5000,SED_TP,8.643863190909e+01
6397,5000,SEDWSSD_TP,8.643863190909e+01
6397,5000,SEDSCRS_TP,0.000000000000e+00
6397,5000,SO_TCd,9.498750759241e-02
6397,5000,IO_TCd,0.000000000000e+00
6397,5000,AO_TCd,0.000000000000e+00
6397,5000,PO_TCd,9.498750759241e-02
6397,5000,SED_TCd,9.498750759241e-02
6397,5000,SEDWSSD_TCd,9.498750759241e-02
6397,5000,SEDSCRS_TCd,0.000000000000e+00
6397,5000,SO_TCu,9.498750759241e+00
6397,5000,IO_TCu,0.000000000000e+00
6397,5000,AO_TCu,0.000000000000e+00
6397,5000,PO_TCu,9.498750759241e+00
6397,5000,SED_TCu,9.498750759241e+00
6397,5000,SEDWSSD_TCu,9.498750759241e+00
6397,5000,SEDSCRS_TCu,0.000000000000e+00
6397,5000,SO_TPb,4.787370382657e+00
6397,5000,IO_TPb,0.000000000000e+00
6397,5000,AO_TPb,0.000000000000e+00
6397,5000,PO_TPb,4.787370382657e+00
6397,5000,SED_TPb,4.787370382657e+00
6397,5000,SEDWSSD_TPb,4.787370382657e+00
6397,5000,SEDSCRS_TPb,0.000000000000e+00
6397,5000,SO_TZn,3.419550273327e+01
6397,5000,IO_TZn,0.000000000000e+00
6397,5000,AO_TZn,0.000000000000e+00
6397,5000,PO_TZn,3.419550273327e+01
6397,5000,SED_TZn,3.419550273327e+01
6397,5000,SEDWSSD_TZn,3.419550273327e+01
6397,5000,SEDSCRS_TZn,0.000000000000e+00
6397,6000,AREA,5.608836999992e+00
6397,6000,PREC,6.707363040781e+01
6397,6000,SURO,6.256843389276e+01
6397,6000,IFWO,0.000000000000e+00
6397,6000,AGWO,0.000000000000e+00
6397,6000,PERO,6.256843389276e+01
6397,6000,TAET,4.505196515052e+00
6397,6000,SEDLOAD,1.418600426845e+00
6397,6000,SEDWSSD, 1.41860e+00
6397,6000,SEDSCRS, 0.00000e+00
6397,6000,SEDSURO, 0.00000e+00
6397,6000,SEDIFWO, 0.00000e+00
6397,6000,SEDAGWO, 0.00000e+00
6397,6000,SO_TN,3.596401072056e+01
6397,6000,IO_TN,0.000000000000e+00
6397,6000,AO_TN,0.000000000000e+00
6397,6000,PO_TN,3.596401072056e+01
6397,6000,SO_TP,1.117147836140e+01
6397,6000,IO_TP,0.000000000000e+00
6397,6000,AO_TP,0.000000000000e+00
6397,6000,PO_TP,1.117147836140e+01
6397,6000,SED_TP,1.117147836140e+01
6397,6000,SEDWSSD_TP,1.117147836140e+01
6397,6000,SEDSCRS_TP,0.000000000000e+00
6397,6000,SO_TCd,2.837200853690e-02
6397,6000,IO_TCd,0.000000000000e+00
6397,6000,AO_TCd,0.000000000000e+00
6397,6000,PO_TCd,2.837200853690e-02
6397,6000,SED_TCd,2.837200853690e-02
6397,6000,SEDWSSD_TCd,2.837200853690e-02
6397,6000,SEDSCRS_TCd,0.000000000000e+00
6397,6000,SO_TCu,2.837200853690e+00
6397,6000,IO_TCu,0.000000000000e+00
6397,6000,AO_TCu,0.000000000000e+00
6397,6000,PO_TCu,2.837200853690e+00
6397,6000,SED_TCu,2.837200853690e+00
6397,6000,SEDWSSD_TCu,2.837200853690e+00
6397,6000,SEDSCRS_TCu,0.000000000000e+00
6397,6000,SO_TPb,7.354024612764e-01
6397,6000,IO_TPb,0.000000000000e+00
6397,6000,AO_TPb,0.000000000000e+00
6397,6000,PO_TPb,7.354024612764e-01
6397,6000,SED_TPb,7.354024612764e-01
6397,6000,SEDWSSD_TPb,7.354024612764e-01
6397,6000,SEDSCRS_TPb,0.000000000000e+00
6397,6000,SO_TZn,8.171138458626e+00
6397,6000,IO_TZn,0.000000000000e+00
6397,6000,AO_TZn,0.000000000000e+00
6397,6000,PO_TZn,8.171138458626e+00
6397,6000,SED_TZn,8.171138458626e+00
6397,6000,SEDWSSD_TZn,8.171138458626e+00
6397,6000,SEDSCRS_TZn,0.000000000000e+00
6397,7000,AREA,3.246963499999e+01
6397,7000,PREC,3.882901744990e+02
6397,7000,SURO,3.622095295370e+02
6397,7000,IFWO,0.000000000000e+00
6397,7000,AGWO,0.000000000000e+00
6397,7000,PERO,3.622095295370e+02
6397,7000,TAET,2.608064496205e+01
6397,7000,SEDLOAD,1.000482774105e+01
6397,7000,SEDWSSD, 1.00048e+01
6397,7000,SEDSCRS, 0.00000e+00
6397,7000,SEDSURO, 0.00000e+00
6397,7000,SEDIFWO, 0.00000e+00
6397,7000,SEDAGWO, 0.00000e+00
6397,7000,SO_TN,1.755905606828e+02
6397,7000,IO_TN,0.000000000000e+00
6397,7000,AO_TN,0.000000000000e+00
6397,7000,PO_TN,1.755905606828e+02
6397,7000,SO_TP,7.353548389674e+01
6397,7000,IO_TP,0.000000000000e+00
6397,7000,AO_TP,0.000000000000e+00
6397,7000,PO_TP,7.353548389674e+01
6397,7000,SED_TP,7.353548389674e+01
6397,7000,SEDWSSD_TP,7.353548389674e+01
6397,7000,SEDSCRS_TP,0.000000000000e+00
6397,7000,SO_TCd,2.501206935263e-01
6397,7000,IO_TCd,0.000000000000e+00
6397,7000,AO_TCd,0.000000000000e+00
6397,7000,PO_TCd,2.501206935263e-01
6397,7000,SED_TCd,2.501206935263e-01
6397,7000,SEDWSSD_TCd,2.501206935263e-01
6397,7000,SEDSCRS_TCd,0.000000000000e+00
6397,7000,SO_TCu,2.501206935263e+01
6397,7000,IO_TCu,0.000000000000e+00
6397,7000,AO_TCu,0.000000000000e+00
6397,7000,PO_TCu,2.501206935263e+01
6397,7000,SED_TCu,2.501206935263e+01
6397,7000,SEDWSSD_TCu,2.501206935263e+01
6397,7000,SEDSCRS_TCu,0.000000000000e+00
6397,7000,SO_TPb,6.915336934616e+00
6397,7000,IO_TPb,0.000000000000e+00
6397,7000,AO_TPb,0.000000000000e+00
6397,7000,PO_TPb,6.915336934616e+00
6397,7000,SED_TPb,6.915336934616e+00
6397,7000,SEDWSSD_TPb,6.915336934616e+00
6397,7000,SEDSCRS_TPb,0.000000000000e+00
6397,7000,SO_TZn,1.152556155769e+02
6397,7000,IO_TZn,0.000000000000e+00
6397,7000,AO_TZn,0.000000000000e+00
6397,7000,PO_TZn,1.152556155769e+02
6397,7000,SED_TZn,1.152556155769e+02
6397,7000,SEDWSSD_TZn,1.152556155769e+02
6397,7000,SEDSCRS_TZn,0.000000000000e+00
6397,8000,AREA,1.480507100001e+01
6397,8000,PREC,1.770473737096e+02
6397,8000,SURO,1.651554691536e+02
6397,8000,IFWO,0.000000000000e+00
6397,8000,AGWO,0.000000000000e+00
6397,8000,PERO,1.651554691536e+02
6397,8000,TAET,1.189190455602e+01
6397,8000,SEDLOAD,3.266102753157e+00
6397,8000,SEDWSSD, 3.26610e+00
6397,8000,SEDSCRS, 0.00000e+00
6397,8000,SEDSURO, 0.00000e+00
6397,8000,SEDIFWO, 0.00000e+00
6397,8000,SEDAGWO, 0.00000e+00
6397,8000,SO_TN,4.651694426598e+01
6397,8000,IO_TN,0.000000000000e+00
6397,8000,AO_TN,0.000000000000e+00
6397,8000,PO_TN,4.651694426598e+01
6397,8000,SO_TP,3.429407890815e+00
6397,8000,IO_TP,0.000000000000e+00
6397,8000,AO_TP,0.000000000000e+00
6397,8000,PO_TP,3.429407890815e+00
6397,8000,SED_TP,3.429407890815e+00
6397,8000,SEDWSSD_TP,3.429407890815e+00
6397,8000,SEDSCRS_TP,0.000000000000e+00
6397,8000,SO_TCd,3.674365597302e-02
6397,8000,IO_TCd,0.000000000000e+00
6397,8000,AO_TCd,0.000000000000e+00
6397,8000,PO_TCd,3.674365597302e-02
6397,8000,SED_TCd,3.674365597302e-02
6397,8000,SEDWSSD_TCd,3.674365597302e-02
6397,8000,SEDSCRS_TCd,0.000000000000e+00
6397,8000,SO_TCu,3.674365597302e+00
6397,8000,IO_TCu,0.000000000000e+00
6397,8000,AO_TCu,0.000000000000e+00
6397,8000,PO_TCu,3.674365597302e+00
6397,8000,SED_TCu,3.674365597302e+00
6397,8000,SEDWSSD_TCu,3.674365597302e+00
6397,8000,SEDSCRS_TCu,0.000000000000e+00
6397,8000,SO_TPb,8.818477433525e-01
6397,8000,IO_TPb,0.000000000000e+00
6397,8000,AO_TPb,0.000000000000e+00
6397,8000,PO_TPb,8.818477433525e-01
6397,8000,SED_TPb,8.818477433525e-01
6397,8000,SEDWSSD_TPb,8.818477433525e-01
6397,8000,SEDSCRS_TPb,0.000000000000e+00
6397,8000,SO_TZn,1.410956389364e+01
6397,8000,IO_TZn,0.000000000000e+00
6397,8000,AO_TZn,0.000000000000e+00
6397,8000,PO_TZn,1.410956389364e+01
6397,8000,SED_TZn,1.410956389364e+01
6397,8000,SEDWSSD_TZn,1.410956389364e+01
6397,8000,SEDSCRS_TZn,0.000000000000e+00
6397,9000,AREA,7.889690299990e+01
6397,9000,PREC,9.434935820283e+02
6397,9000,SURO,9.054127996401e+02
6397,9000,IFWO,0.000000000000e+00
6397,9000,AGWO,0.000000000000e+00
6397,9000,PERO,9.054127996401e+02
6397,9000,TAET,3.808078238819e+01
6397,9000,SEDLOAD,2.029637171978e+00
6397,9000,SEDWSSD, 2.02964e+00
6397,9000,SEDSCRS, 0.00000e+00
6397,9000,SEDSURO, 0.00000e+00
6397,9000,SEDIFWO, 0.00000e+00
6397,9000,SEDAGWO, 0.00000e+00
6397,9000,SO_TN,2.543478715431e+02
6397,9000,IO_TN,0.000000000000e+00
6397,9000,AO_TN,0.000000000000e+00
6397,9000,PO_TN,2.543478715431e+02
6397,9000,SO_TP,2.131119030577e+00
6397,9000,IO_TP,0.000000000000e+00
6397,9000,AO_TP,0.000000000000e+00
6397,9000,PO_TP,2.131119030577e+00
6397,9000,SED_TP,2.131119030577e+00
6397,9000,SEDWSSD_TP,2.131119030577e+00
6397,9000,SEDSCRS_TP,0.000000000000e+00
6397,9000,SO_TCd,7.611139394918e-03
6397,9000,IO_TCd,0.000000000000e+00
6397,9000,AO_TCd,0.000000000000e+00
6397,9000,PO_TCd,7.611139394918e-03
6397,9000,SED_TCd,7.611139394918e-03
6397,9000,SEDWSSD_TCd,7.611139394918e-03
6397,9000,SEDSCRS_TCd,0.000000000000e+00
6397,9000,SO_TCu,7.611139394918e-01
6397,9000,IO_TCu,0.000000000000e+00
6397,9000,AO_TCu,0.000000000000e+00
6397,9000,PO_TCu,7.611139394918e-01
6397,9000,SED_TCu,7.611139394918e-01
6397,9000,SEDWSSD_TCu,7.611139394918e-01
6397,9000,SEDSCRS_TCu,0.000000000000e+00
6397,9000,SO_TPb,1.826673454780e-01
6397,9000,IO_TPb,0.000000000000e+00
6397,9000,AO_TPb,0.000000000000e+00
6397,9000,PO_TPb,1.826673454780e-01
6397,9000,SED_TPb,1.826673454780e-01
6397,9000,SEDWSSD_TPb,1.826673454780e-01
6397,9000,SEDSCRS_TPb,0.000000000000e+00
6397,9000,SO_TZn,1.096004072868e+01
6397,9000,IO_TZn,0.000000000000e+00
6397,9000,AO_TZn,0.000000000000e+00
6397,9000,PO_TZn,1.096004072868e+01
6397,9000,SED_TZn,1.096004072868e+01
6397,9000,SEDWSSD_TZn,1.096004072868e+01
6397,9000,SEDSCRS_TZn,0.000000000000e+00
6397,10000,AREA,2.285671999999e+00
6397,10000,PREC,2.733335252236e+01
6397,10000,SURO,6.090473129464e+01
6397,10000,IFWO,0.000000000000e+00
6397,10000,AGWO,0.000000000000e+00
6397,10000,PERO,6.090473129464e+01
6397,10000,TAET,3.324550297242e+01
6397,10000,SEDLOAD,1.035136453736e+00
6397,10000,SEDWSSD, 0.00000e+00
6397,10000,SEDSCRS, 0.00000e+00
6397,10000,SEDSURO, 1.03514e+00
6397,10000,SEDIFWO, 0.00000e+00
6397,10000,SEDAGWO, 0.00000e+00
6397,10000,SO_TN,5.520734817193e+01
6397,10000,IO_TN,0.000000000000e+00
6397,10000,AO_TN,0.000000000000e+00
6397,10000,PO_TN,5.520734817193e+01
6397,10000,SO_TP,5.520734817193e+00
6397,10000,IO_TP,0.000000000000e+00
6397,10000,AO_TP,0.000000000000e+00
6397,10000,PO_TP,5.520734817193e+00
6397,10000,SED_TP,0.000000000000e+00
6397,10000,SEDWSSD_TP,0.000000000000e+00
6397,10000,SEDSCRS_TP,0.000000000000e+00
6397,10000,SO_TCd,1.380183704298e-03
6397,10000,IO_TCd,0.000000000000e+00
6397,10000,AO_TCd,0.000000000000e+00
6397,10000,PO_TCd,1.380183704298e-03
6397,10000,SED_TCd,0.000000000000e+00
6397,10000,SEDWSSD_TCd,0.000000000000e+00
6397,10000,SEDSCRS_TCd,0.000000000000e+00
6397,10000,SO_TCu,3.450459260746e-01
6397,10000,IO_TCu,0.000000000000e+00
6397,10000,AO_TCu,0.000000000000e+00
6397,10000,PO_TCu,3.450459260746e-01
6397,10000,SED_TCu,0.000000000000e+00
6397,10000,SEDWSSD_TCu,0.000000000000e+00
6397,10000,SEDSCRS_TCu,0.000000000000e+00
6397,10000,SO_TPb,5.520734817194e-02
6397,10000,IO_TPb,0.000000000000e+00
6397,10000,AO_TPb,0.000000000000e+00
6397,10000,PO_TPb,5.520734817194e-02
6397,10000,SED_TPb,0.000000000000e+00
6397,10000,SEDWSSD_TPb,0.000000000000e+00
6397,10000,SEDSCRS_TPb,0.000000000000e+00
6397,10000,SO_TZn,1.104146963439e+00
6397,10000,IO_TZn,0.000000000000e+00
6397,10000,AO_TZn,0.000000000000e+00
6397,10000,PO_TZn,1.104146963439e+00
6397,10000,SED_TZn,0.000000000000e+00
6397,10000,SEDWSSD_TZn,0.000000000000e+00
6397,10000,SEDSCRS_TZn,0.000000000000e+00
6397,11111,AREA,0.000000000000e+00
6397,11111,PREC,0.000000000000e+00
6397,11111,SURO,0.000000000000e+00
6397,11111,IFWO,0.000000000000e+00
6397,11111,AGWO,0.000000000000e+00
6397,11111,PERO,0.000000000000e+00
6397,11111,TAET,0.000000000000e+00
6397,11111,SEDLOAD,0.000000000000e+00
6397,11111,SEDWSSD, 0.00000e+00
6397,11111,SEDSCRS, 0.00000e+00
6397,11111,SEDSURO, 0.00000e+00
6397,11111,SEDIFWO, 0.00000e+00
6397,11111,SEDAGWO, 0.00000e+00
6397,11111,SO_TN,0.000000000000e+00
6397,11111,IO_TN,0.000000000000e+00
6397,11111,AO_TN,0.000000000000e+00
6397,11111,PO_TN,0.000000000000e+00
6397,11111,SO_TP,0.000000000000e+00
6397,11111,IO_TP,0.000000000000e+00
6397,11111,AO_TP,0.000000000000e+00
6397,11111,PO_TP,0.000000000000e+00
6397,11111,SED_TP,0.000000000000e+00
6397,11111,SEDWSSD_TP,0.000000000000e+00
6397,11111,SEDSCRS_TP,0.000000000000e+00
6397,11111,SO_TCd,0.000000000000e+00
6397,11111,IO_TCd,0.000000000000e+00
6397,11111,AO_TCd,0.000000000000e+00
6397,11111,PO_TCd,0.000000000000e+00
6397,11111,SED_TCd,0.000000000000e+00
6397,11111,SEDWSSD_TCd,0.000000000000e+00
6397,11111,SEDSCRS_TCd,0.000000000000e+00
6397,11111,SO_TCu,0.000000000000e+00
6397,11111,IO_TCu,0.000000000000e+00
6397,11111,AO_TCu,0.000000000000e+00
6397,11111,PO_TCu,0.000000000000e+00
6397,11111,SED_TCu,0.000000000000e+00
6397,11111,SEDWSSD_TCu,0.000000000000e+00
6397,11111,SEDSCRS_TCu,0.000000000000e+00
6397,11111,SO_TPb,0.000000000000e+00
6397,11111,IO_TPb,0.000000000000e+00
6397,11111,AO_TPb,0.000000000000e+00
6397,11111,PO_TPb,0.000000000000e+00
6397,11111,SED_TPb,0.000000000000e+00
6397,11111,SEDWSSD_TPb,0.000000000000e+00
6397,11111,SEDSCRS_TPb,0.000000000000e+00
6397,11111,SO_TZn,0.000000000000e+00
6397,11111,IO_TZn,0.000000000000e+00
6397,11111,AO_TZn,0.000000000000e+00
6397,11111,PO_TZn,0.000000000000e+00
6397,11111,SED_TZn,0.000000000000e+00
6397,11111,SEDWSSD_TZn,0.000000000000e+00
6397,11111,SEDSCRS_TZn,0.000000000000e+00
6397,11112,AREA,0.000000000000e+00
6397,11112,PREC,0.000000000000e+00
6397,11112,SURO,0.000000000000e+00
6397,11112,IFWO,0.000000000000e+00
6397,11112,AGWO,0.000000000000e+00
6397,11112,PERO,0.000000000000e+00
6397,11112,TAET,0.000000000000e+00
6397,11112,SEDLOAD,0.000000000000e+00
6397,11112,SEDWSSD, 0.00000e+00
6397,11112,SEDSCRS, 0.00000e+00
6397,11112,SEDSURO, 0.00000e+00
6397,11112,SEDIFWO, 0.00000e+00
6397,11112,SEDAGWO, 0.00000e+00
6397,11112,SO_TN,0.000000000000e+00
6397,11112,IO_TN,0.000000000000e+00
6397,11112,AO_TN,0.000000000000e+00
6397,11112,PO_TN,0.000000000000e+00
6397,11112,SO_TP,0.000000000000e+00
6397,11112,IO_TP,0.000000000000e+00
6397,11112,AO_TP,0.000000000000e+00
6397,11112,PO_TP,0.000000000000e+00
6397,11112,SED_TP,0.000000000000e+00
6397,11112,SEDWSSD_TP,0.000000000000e+00
6397,11112,SEDSCRS_TP,0.000000000000e+00
6397,11112,SO_TCd,0.000000000000e+00
6397,11112,IO_TCd,0.000000000000e+00
6397,11112,AO_TCd,0.000000000000e+00
6397,11112,PO_TCd,0.000000000000e+00
6397,11112,SED_TCd,0.000000000000e+00
6397,11112,SEDWSSD_TCd,0.000000000000e+00
6397,11112,SEDSCRS_TCd,0.000000000000e+00
6397,11112,SO_TCu,0.000000000000e+00
6397,11112,IO_TCu,0.000000000000e+00
6397,11112,AO_TCu,0.000000000000e+00
6397,11112,PO_TCu,0.000000000000e+00
6397,11112,SED_TCu,0.000000000000e+00
6397,11112,SEDWSSD_TCu,0.000000000000e+00
6397,11112,SEDSCRS_TCu,0.000000000000e+00
6397,11112,SO_TPb,0.000000000000e+00
6397,11112,IO_TPb,0.000000000000e+00
6397,11112,AO_TPb,0.000000000000e+00
6397,11112,PO_TPb,0.000000000000e+00
6397,11112,SED_TPb,0.000000000000e+00
6397,11112,SEDWSSD_TPb,0.000000000000e+00
6397,11112,SEDSCRS_TPb,0.000000000000e+00
6397,11112,SO_TZn,0.000000000000e+00
6397,11112,IO_TZn,0.000000000000e+00
6397,11112,AO_TZn,0.000000000000e+00
6397,11112,PO_TZn,0.000000000000e+00
6397,11112,SED_TZn,0.000000000000e+00
6397,11112,SEDWSSD_TZn,0.000000000000e+00
6397,11112,SEDSCRS_TZn,0.000000000000e+00
6397,11121,AREA,0.000000000000e+00
6397,11121,PREC,0.000000000000e+00
6397,11121,SURO,0.000000000000e+00
6397,11121,IFWO,0.000000000000e+00
6397,11121,AGWO,0.000000000000e+00
6397,11121,PERO,0.000000000000e+00
6397,11121,TAET,0.000000000000e+00
6397,11121,SEDLOAD,0.000000000000e+00
6397,11121,SEDWSSD, 0.00000e+00
6397,11121,SEDSCRS, 0.00000e+00
6397,11121,SEDSURO, 0.00000e+00
6397,11121,SEDIFWO, 0.00000e+00
6397,11121,SEDAGWO, 0.00000e+00
6397,11121,SO_TN,0.000000000000e+00
6397,11121,IO_TN,0.000000000000e+00
6397,11121,AO_TN,0.000000000000e+00
6397,11121,PO_TN,0.000000000000e+00
6397,11121,SO_TP,0.000000000000e+00
6397,11121,IO_TP,0.000000000000e+00
6397,11121,AO_TP,0.000000000000e+00
6397,11121,PO_TP,0.000000000000e+00
6397,11121,SED_TP,0.000000000000e+00
6397,11121,SEDWSSD_TP,0.000000000000e+00
6397,11121,SEDSCRS_TP,0.000000000000e+00
6397,11121,SO_TCd,0.000000000000e+00
6397,11121,IO_TCd,0.000000000000e+00
6397,11121,AO_TCd,0.000000000000e+00
6397,11121,PO_TCd,0.000000000000e+00
6397,11121,SED_TCd,0.000000000000e+00
6397,11121,SEDWSSD_TCd,0.000000000000e+00
6397,11121,SEDSCRS_TCd,0.000000000000e+00
6397,11121,SO_TCu,0.000000000000e+00
6397,11121,IO_TCu,0.000000000000e+00
6397,11121,AO_TCu,0.000000000000e+00
6397,11121,PO_TCu,0.000000000000e+00
6397,11121,SED_TCu,0.000000000000e+00
6397,11121,SEDWSSD_TCu,0.000000000000e+00
6397,11121,SEDSCRS_TCu,0.000000000000e+00
6397,11121,SO_TPb,0.000000000000e+00
6397,11121,IO_TPb,0.000000000000e+00
6397,11121,AO_TPb,0.000000000000e+00
6397,11121,PO_TPb,0.000000000000e+00
6397,11121,SED_TPb,0.000000000000e+00
6397,11121,SEDWSSD_TPb,0.000000000000e+00
6397,11121,SEDSCRS_TPb,0.000000000000e+00
6397,11121,SO_TZn,0.000000000000e+00
6397,11121,IO_TZn,0.000000000000e+00
6397,11121,AO_TZn,0.000000000000e+00
6397,11121,PO_TZn,0.000000000000e+00
6397,11121,SED_TZn,0.000000000000e+00
6397,11121,SEDWSSD_TZn,0.000000000000e+00
6397,11121,SEDSCRS_TZn,0.000000000000e+00
6397,11122,AREA,0.000000000000e+00
6397,11122,PREC,0.000000000000e+00
6397,11122,SURO,0.000000000000e+00
6397,11122,IFWO,0.000000000000e+00
6397,11122,AGWO,0.000000000000e+00
6397,11122,PERO,0.000000000000e+00
6397,11122,TAET,0.000000000000e+00
6397,11122,SEDLOAD,0.000000000000e+00
6397,11122,SEDWSSD, 0.00000e+00
6397,11122,SEDSCRS, 0.00000e+00
6397,11122,SEDSURO, 0.00000e+00
6397,11122,SEDIFWO, 0.00000e+00
6397,11122,SEDAGWO, 0.00000e+00
6397,11122,SO_TN,0.000000000000e+00
6397,11122,IO_TN,0.000000000000e+00
6397,11122,AO_TN,0.000000000000e+00
6397,11122,PO_TN,0.000000000000e+00
6397,11122,SO_TP,0.000000000000e+00
6397,11122,IO_TP,0.000000000000e+00
6397,11122,AO_TP,0.000000000000e+00
6397,11122,PO_TP,0.000000000000e+00
6397,11122,SED_TP,0.000000000000e+00
6397,11122,SEDWSSD_TP,0.000000000000e+00
6397,11122,SEDSCRS_TP,0.000000000000e+00
6397,11122,SO_TCd,0.000000000000e+00
6397,11122,IO_TCd,0.000000000000e+00
6397,11122,AO_TCd,0.000000000000e+00
6397,11122,PO_TCd,0.000000000000e+00
6397,11122,SED_TCd,0.000000000000e+00
6397,11122,SEDWSSD_TCd,0.000000000000e+00
6397,11122,SEDSCRS_TCd,0.000000000000e+00
6397,11122,SO_TCu,0.000000000000e+00
6397,11122,IO_TCu,0.000000000000e+00
6397,11122,AO_TCu,0.000000000000e+00
6397,11122,PO_TCu,0.000000000000e+00
6397,11122,SED_TCu,0.000000000000e+00
6397,11122,SEDWSSD_TCu,0.000000000000e+00
6397,11122,SEDSCRS_TCu,0.000000000000e+00
6397,11122,SO_TPb,0.000000000000e+00
6397,11122,IO_TPb,0.000000000000e+00
6397,11122,AO_TPb,0.000000000000e+00
6397,11122,PO_TPb,0.000000000000e+00
6397,11122,SED_TPb,0.000000000000e+00
6397,11122,SEDWSSD_TPb,0.000000000000e+00
6397,11122,SEDSCRS_TPb,0.000000000000e+00
6397,11122,SO_TZn,0.000000000000e+00
6397,11122,IO_TZn,0.000000000000e+00
6397,11122,AO_TZn,0.000000000000e+00
6397,11122,PO_TZn,0.000000000000e+00
6397,11122,SED_TZn,0.000000000000e+00
6397,11122,SEDWSSD_TZn,0.000000000000e+00
6397,11122,SEDSCRS_TZn,0.000000000000e+00
6397,11211,AREA,4.785464000001e+00
6397,11211,PREC,5.722727254614e+01
6397,11211,SURO,8.794119461166e+00
6397,11211,IFWO,5.423095019504e+00
6397,11211,AGWO,5.721286914924e+01
6397,11211,PERO,7.143008362991e+01
6397,11211,TAET,1.246018341172e+02
6397,11211,SEDLOAD,2.782904023790e-01
6397,11211,SEDWSSD, 2.71193e-01
6397,11211,SEDSCRS, 0.00000e+00
6397,11211,SEDSURO, 0.00000e+00
6397,11211,SEDIFWO, 6.14473e-04
6397,11211,SEDAGWO, 6.48260e-03
6397,11211,SO_TN,3.477721516661e+00
6397,11211,IO_TN,1.228946785196e+00
6397,11211,AO_TN,3.889563322787e+00
6397,11211,PO_TN,8.596231624645e+00
6397,11211,SO_TP,5.423866650586e-01
6397,11211,IO_TP,4.915787140786e-01
6397,11211,AO_TP,2.593042215191e+00
6397,11211,PO_TP,3.627007594328e+00
6397,11211,SED_TP,5.423866650586e-01
6397,11211,SEDWSSD_TP,5.423866650586e-01
6397,11211,SEDSCRS_TP,0.000000000000e+00
6397,11211,SO_TCd,1.355966662646e-03
6397,11211,IO_TCd,0.000000000000e+00
6397,11211,AO_TCd,0.000000000000e+00
6397,11211,PO_TCd,1.355966662646e-03
6397,11211,SED_TCd,1.355966662646e-03
6397,11211,SEDWSSD_TCd,1.355966662646e-03
6397,11211,SEDSCRS_TCd,0.000000000000e+00
6397,11211,SO_TCu,1.355966662646e-01
6397,11211,IO_TCu,0.000000000000e+00
6397,11211,AO_TCu,0.000000000000e+00
6397,11211,PO_TCu,1.355966662646e-01
6397,11211,SED_TCu,1.355966662646e-01
6397,11211,SEDWSSD_TCu,1.355966662646e-01
6397,11211,SEDSCRS_TCu,0.000000000000e+00
6397,11211,SO_TPb,2.711933325293e-03
6397,11211,IO_TPb,0.000000000000e+00
6397,11211,AO_TPb,0.000000000000e+00
6397,11211,PO_TPb,2.711933325293e-03
6397,11211,SED_TPb,2.711933325293e-03
6397,11211,SEDWSSD_TPb,2.711933325293e-03
6397,11211,SEDSCRS_TPb,0.000000000000e+00
6397,11211,SO_TZn,9.762959971055e-01
6397,11211,IO_TZn,0.000000000000e+00
6397,11211,AO_TZn,6.482605537978e-01
6397,11211,PO_TZn,1.624556550903e+00
6397,11211,SED_TZn,9.762959971055e-01
6397,11211,SEDWSSD_TZn,9.762959971055e-01
6397,11211,SEDSCRS_TZn,0.000000000000e+00
6397,11212,AREA,0.000000000000e+00
6397,11212,PREC,0.000000000000e+00
6397,11212,SURO,0.000000000000e+00
6397,11212,IFWO,0.000000000000e+00
6397,11212,AGWO,0.000000000000e+00
6397,11212,PERO,0.000000000000e+00
6397,11212,TAET,0.000000000000e+00
6397,11212,SEDLOAD,0.000000000000e+00
6397,11212,SEDWSSD, 0.00000e+00
6397,11212,SEDSCRS, 0.00000e+00
6397,11212,SEDSURO, 0.00000e+00
6397,11212,SEDIFWO, 0.00000e+00
6397,11212,SEDAGWO, 0.00000e+00
6397,11212,SO_TN,0.000000000000e+00
6397,11212,IO_TN,0.000000000000e+00
6397,11212,AO_TN,0.000000000000e+00
6397,11212,PO_TN,0.000000000000e+00
6397,11212,SO_TP,0.000000000000e+00
6397,11212,IO_TP,0.000000000000e+00
6397,11212,AO_TP,0.000000000000e+00
6397,11212,PO_TP,0.000000000000e+00
6397,11212,SED_TP,0.000000000000e+00
6397,11212,SEDWSSD_TP,0.000000000000e+00
6397,11212,SEDSCRS_TP,0.000000000000e+00
6397,11212,SO_TCd,0.000000000000e+00
6397,11212,IO_TCd,0.000000000000e+00
6397,11212,AO_TCd,0.000000000000e+00
6397,11212,PO_TCd,0.000000000000e+00
6397,11212,SED_TCd,0.000000000000e+00
6397,11212,SEDWSSD_TCd,0.000000000000e+00
6397,11212,SEDSCRS_TCd,0.000000000000e+00
6397,11212,SO_TCu,0.000000000000e+00
6397,11212,IO_TCu,0.000000000000e+00
6397,11212,AO_TCu,0.000000000000e+00
6397,11212,PO_TCu,0.000000000000e+00
6397,11212,SED_TCu,0.000000000000e+00
6397,11212,SEDWSSD_TCu,0.000000000000e+00
6397,11212,SEDSCRS_TCu,0.000000000000e+00
6397,11212,SO_TPb,0.000000000000e+00
6397,11212,IO_TPb,0.000000000000e+00
6397,11212,AO_TPb,0.000000000000e+00
6397,11212,PO_TPb,0.000000000000e+00
6397,11212,SED_TPb,0.000000000000e+00
6397,11212,SEDWSSD_TPb,0.000000000000e+00
6397,11212,SEDSCRS_TPb,0.000000000000e+00
6397,11212,SO_TZn,0.000000000000e+00
6397,11212,IO_TZn,0.000000000000e+00
6397,11212,AO_TZn,0.000000000000e+00
6397,11212,PO_TZn,0.000000000000e+00
6397,11212,SED_TZn,0.000000000000e+00
6397,11212,SEDWSSD_TZn,0.000000000000e+00
6397,11212,SEDSCRS_TZn,0.000000000000e+00
6397,11221,AREA,0.000000000000e+00
6397,11221,PREC,0.000000000000e+00
6397,11221,SURO,0.000000000000e+00
6397,11221,IFWO,0.000000000000e+00
6397,11221,AGWO,0.000000000000e+00
6397,11221,PERO,0.000000000000e+00
6397,11221,TAET,0.000000000000e+00
6397,11221,SEDLOAD,0.000000000000e+00
6397,11221,SEDWSSD, 0.00000e+00
6397,11221,SEDSCRS, 0.00000e+00
6397,11221,SEDSURO, 0.00000e+00
6397,11221,SEDIFWO, 0.00000e+00
6397,11221,SEDAGWO, 0.00000e+00
6397,11221,SO_TN,0.000000000000e+00
6397,11221,IO_TN,0.000000000000e+00
6397,11221,AO_TN,0.000000000000e+00
6397,11221,PO_TN,0.000000000000e+00
6397,11221,SO_TP,0.000000000000e+00
6397,11221,IO_TP,0.000000000000e+00
6397,11221,AO_TP,0.000000000000e+00
6397,11221,PO_TP,0.000000000000e+00
6397,11221,SED_TP,0.000000000000e+00
6397,11221,SEDWSSD_TP,0.000000000000e+00
6397,11221,SEDSCRS_TP,0.000000000000e+00
6397,11221,SO_TCd,0.000000000000e+00
6397,11221,IO_TCd,0.000000000000e+00
6397,11221,AO_TCd,0.000000000000e+00
6397,11221,PO_TCd,0.000000000000e+00
6397,11221,SED_TCd,0.000000000000e+00
6397,11221,SEDWSSD_TCd,0.000000000000e+00
6397,11221,SEDSCRS_TCd,0.000000000000e+00
6397,11221,SO_TCu,0.000000000000e+00
6397,11221,IO_TCu,0.000000000000e+00
6397,11221,AO_TCu,0.000000000000e+00
6397,11221,PO_TCu,0.000000000000e+00
6397,11221,SED_TCu,0.000000000000e+00
6397,11221,SEDWSSD_TCu,0.000000000000e+00
6397,11221,SEDSCRS_TCu,0.000000000000e+00
6397,11221,SO_TPb,0.000000000000e+00
6397,11221,IO_TPb,0.000000000000e+00
6397,11221,AO_TPb,0.000000000000e+00
6397,11221,PO_TPb,0.000000000000e+00
6397,11221,SED_TPb,0.000000000000e+00
6397,11221,SEDWSSD_TPb,0.000000000000e+00
6397,11221,SEDSCRS_TPb,0.000000000000e+00
6397,11221,SO_TZn,0.000000000000e+00
6397,11221,IO_TZn,0.000000000000e+00
6397,11221,AO_TZn,0.000000000000e+00
6397,11221,PO_TZn,0.000000000000e+00
6397,11221,SED_TZn,0.000000000000e+00
6397,11221,SEDWSSD_TZn,0.000000000000e+00
6397,11221,SEDSCRS_TZn,0.000000000000e+00
6397,11222,AREA,0.000000000000e+00
6397,11222,PREC,0.000000000000e+00
6397,11222,SURO,0.000000000000e+00
6397,11222,IFWO,0.000000000000e+00
6397,11222,AGWO,0.000000000000e+00
6397,11222,PERO,0.000000000000e+00
6397,11222,TAET,0.000000000000e+00
6397,11222,SEDLOAD,0.000000000000e+00
6397,11222,SEDWSSD, 0.00000e+00
6397,11222,SEDSCRS, 0.00000e+00
6397,11222,SEDSURO, 0.00000e+00
6397,11222,SEDIFWO, 0.00000e+00
6397,11222,SEDAGWO, 0.00000e+00
6397,11222,SO_TN,0.000000000000e+00
6397,11222,IO_TN,0.000000000000e+00
6397,11222,AO_TN,0.000000000000e+00
6397,11222,PO_TN,0.000000000000e+00
6397,11222,SO_TP,0.000000000000e+00
6397,11222,IO_TP,0.000000000000e+00
6397,11222,AO_TP,0.000000000000e+00
6397,11222,PO_TP,0.000000000000e+00
6397,11222,SED_TP,0.000000000000e+00
6397,11222,SEDWSSD_TP,0.000000000000e+00
6397,11222,SEDSCRS_TP,0.000000000000e+00
6397,11222,SO_TCd,0.000000000000e+00
6397,11222,IO_TCd,0.000000000000e+00
6397,11222,AO_TCd,0.000000000000e+00
6397,11222,PO_TCd,0.000000000000e+00
6397,11222,SED_TCd,0.000000000000e+00
6397,11222,SEDWSSD_TCd,0.000000000000e+00
6397,11222,SEDSCRS_TCd,0.000000000000e+00
6397,11222,SO_TCu,0.000000000000e+00
6397,11222,IO_TCu,0.000000000000e+00
6397,11222,AO_TCu,0.000000000000e+00
6397,11222,PO_TCu,0.000000000000e+00
6397,11222,SED_TCu,0.000000000000e+00
6397,11222,SEDWSSD_TCu,0.000000000000e+00
6397,11222,SEDSCRS_TCu,0.000000000000e+00
6397,11222,SO_TPb,0.000000000000e+00
6397,11222,IO_TPb,0.000000000000e+00
6397,11222,AO_TPb,0.000000000000e+00
6397,11222,PO_TPb,0.000000000000e+00
6397,11222,SED_TPb,0.000000000000e+00
6397,11222,SEDWSSD_TPb,0.000000000000e+00
6397,11222,SEDSCRS_TPb,0.000000000000e+00
6397,11222,SO_TZn,0.000000000000e+00
6397,11222,IO_TZn,0.000000000000e+00
6397,11222,AO_TZn,0.000000000000e+00
6397,11222,PO_TZn,0.000000000000e+00
6397,11222,SED_TZn,0.000000000000e+00
6397,11222,SEDWSSD_TZn,0.000000000000e+00
6397,11222,SEDSCRS_TZn,0.000000000000e+00
6397,11311,AREA,1.408608299999e+01
6397,11311,PREC,1.684493104427e+02
6397,11311,SURO,5.568922794925e+01
6397,11311,IFWO,1.485737001952e+01
6397,11311,AGWO,1.365520990653e+02
6397,11311,PERO,2.070986970341e+02
6397,11311,TAET,3.695699378034e+02
6397,11311,SEDLOAD,8.102056720239e-01
6397,11311,SEDWSSD, 7.93050e-01
6397,11311,SEDSCRS, 0.00000e+00
6397,11311,SEDSURO, 0.00000e+00
6397,11311,SEDIFWO, 1.68344e-03
6397,11311,SEDAGWO, 1.54723e-02
6397,11311,SO_TN,1.596696527848e+01
6397,11311,IO_TN,3.366881283897e+00
6397,11311,AO_TN,9.283366558466e+00
6397,11311,PO_TN,2.861721312084e+01
6397,11311,SO_TP,1.586099951471e+00
6397,11311,IO_TP,1.346752513559e+00
6397,11311,AO_TP,6.188911038977e+00
6397,11311,PO_TP,9.121763504007e+00
6397,11311,SED_TP,1.586099951471e+00
6397,11311,SEDWSSD_TP,1.586099951471e+00
6397,11311,SEDSCRS_TP,0.000000000000e+00
6397,11311,SO_TCd,3.965249878678e-03
6397,11311,IO_TCd,0.000000000000e+00
6397,11311,AO_TCd,0.000000000000e+00
6397,11311,PO_TCd,3.965249878678e-03
6397,11311,SED_TCd,3.965249878678e-03
6397,11311,SEDWSSD_TCd,3.965249878678e-03
6397,11311,SEDSCRS_TCd,0.000000000000e+00
6397,11311,SO_TCu,3.965249878678e-01
6397,11311,IO_TCu,0.000000000000e+00
6397,11311,AO_TCu,0.000000000000e+00
6397,11311,PO_TCu,3.965249878678e-01
6397,11311,SED_TCu,3.965249878678e-01
6397,11311,SEDWSSD_TCu,3.965249878678e-01
6397,11311,SEDSCRS_TCu,0.000000000000e+00
6397,11311,SO_TPb,7.930499757357e-03
6397,11311,IO_TPb,0.000000000000e+00
6397,11311,AO_TPb,0.000000000000e+00
6397,11311,PO_TPb,7.930499757357e-03
6397,11311,SED_TPb,7.930499757357e-03
6397,11311,SEDWSSD_TPb,7.930499757357e-03
6397,11311,SEDSCRS_TPb,0.000000000000e+00
6397,11311,SO_TZn,2.854979912648e+00
6397,11311,IO_TZn,0.000000000000e+00
6397,11311,AO_TZn,1.547227759744e+00
6397,11311,PO_TZn,4.402207672393e+00
6397,11311,SED_TZn,2.854979912648e+00
6397,11311,SEDWSSD_TZn,2.854979912648e+00
6397,11311,SEDSCRS_TZn,0.000000000000e+00
6397,11312,AREA,0.000000000000e+00
6397,11312,PREC,0.000000000000e+00
6397,11312,SURO,0.000000000000e+00
6397,11312,IFWO,0.000000000000e+00
6397,11312,AGWO,0.000000000000e+00
6397,11312,PERO,0.000000000000e+00
6397,11312,TAET,0.000000000000e+00
6397,11312,SEDLOAD,0.000000000000e+00
6397,11312,SEDWSSD, 0.00000e+00
6397,11312,SEDSCRS, 0.00000e+00
6397,11312,SEDSURO, 0.00000e+00
6397,11312,SEDIFWO, 0.00000e+00
6397,11312,SEDAGWO, 0.00000e+00
6397,11312,SO_TN,0.000000000000e+00
6397,11312,IO_TN,0.000000000000e+00
6397,11312,AO_TN,0.000000000000e+00
6397,11312,PO_TN,0.000000000000e+00
6397,11312,SO_TP,0.000000000000e+00
6397,11312,IO_TP,0.000000000000e+00
6397,11312,AO_TP,0.000000000000e+00
6397,11312,PO_TP,0.000000000000e+00
6397,11312,SED_TP,0.000000000000e+00
6397,11312,SEDWSSD_TP,0.000000000000e+00
6397,11312,SEDSCRS_TP,0.000000000000e+00
6397,11312,SO_TCd,0.000000000000e+00
6397,11312,IO_TCd,0.000000000000e+00
6397,11312,AO_TCd,0.000000000000e+00
6397,11312,PO_TCd,0.000000000000e+00
6397,11312,SED_TCd,0.000000000000e+00
6397,11312,SEDWSSD_TCd,0.000000000000e+00
6397,11312,SEDSCRS_TCd,0.000000000000e+00
6397,11312,SO_TCu,0.000000000000e+00
6397,11312,IO_TCu,0.000000000000e+00
6397,11312,AO_TCu,0.000000000000e+00
6397,11312,PO_TCu,0.000000000000e+00
6397,11312,SED_TCu,0.000000000000e+00
6397,11312,SEDWSSD_TCu,0.000000000000e+00
6397,11312,SEDSCRS_TCu,0.000000000000e+00
6397,11312,SO_TPb,0.000000000000e+00
6397,11312,IO_TPb,0.000000000000e+00
6397,11312,AO_TPb,0.000000000000e+00
6397,11312,PO_TPb,0.000000000000e+00
6397,11312,SED_TPb,0.000000000000e+00
6397,11312,SEDWSSD_TPb,0.000000000000e+00
6397,11312,SEDSCRS_TPb,0.000000000000e+00
6397,11312,SO_TZn,0.000000000000e+00
6397,11312,IO_TZn,0.000000000000e+00
6397,11312,AO_TZn,0.000000000000e+00
6397,11312,PO_TZn,0.000000000000e+00
6397,11312,SED_TZn,0.000000000000e+00
6397,11312,SEDWSSD_TZn,0.000000000000e+00
6397,11312,SEDSCRS_TZn,0.000000000000e+00
6397,11321,AREA,2.683067600005e+01
6397,11321,PREC,3.208563282577e+02
6397,11321,SURO,1.157805390760e+02
6397,11321,IFWO,2.617679197587e+01
6397,11321,AGWO,2.570251232657e+02
6397,11321,PERO,3.989824543175e+02
6397,11321,TAET,7.003495326134e+02
6397,11321,SEDLOAD,1.305691641798e+00
6397,11321,SEDWSSD, 1.27360e+00
6397,11321,SEDSCRS, 0.00000e+00
6397,11321,SEDSURO, 0.00000e+00
6397,11321,SEDIFWO, 2.96600e-03
6397,11321,SEDAGWO, 2.91226e-02
6397,11321,SO_TN,3.206586482342e+01
6397,11321,IO_TN,5.932015616507e+00
6397,11321,AO_TN,1.747361227211e+01
6397,11321,PO_TN,5.547149271204e+01
6397,11321,SO_TP,2.547205975855e+00
6397,11321,IO_TP,2.372806246603e+00
6397,11321,AO_TP,1.164907484807e+01
6397,11321,PO_TP,1.656908707053e+01
6397,11321,SED_TP,2.547205975855e+00
6397,11321,SEDWSSD_TP,2.547205975855e+00
6397,11321,SEDSCRS_TP,0.000000000000e+00
6397,11321,SO_TCd,6.368014939638e-03
6397,11321,IO_TCd,0.000000000000e+00
6397,11321,AO_TCd,0.000000000000e+00
6397,11321,PO_TCd,6.368014939638e-03
6397,11321,SED_TCd,6.368014939638e-03
6397,11321,SEDWSSD_TCd,6.368014939638e-03
6397,11321,SEDSCRS_TCd,0.000000000000e+00
6397,11321,SO_TCu,6.368014939638e-01
6397,11321,IO_TCu,0.000000000000e+00
6397,11321,AO_TCu,0.000000000000e+00
6397,11321,PO_TCu,6.368014939638e-01
6397,11321,SED_TCu,6.368014939638e-01
6397,11321,SEDWSSD_TCu,6.368014939638e-01
6397,11321,SEDSCRS_TCu,0.000000000000e+00
6397,11321,SO_TPb,1.273602987928e-02
6397,11321,IO_TPb,0.000000000000e+00
6397,11321,AO_TPb,0.000000000000e+00
6397,11321,PO_TPb,1.273602987928e-02
6397,11321,SED_TPb,1.273602987928e-02
6397,11321,SEDWSSD_TPb,1.273602987928e-02
6397,11321,SEDSCRS_TPb,0.000000000000e+00
6397,11321,SO_TZn,4.584970756539e+00
6397,11321,IO_TZn,0.000000000000e+00
6397,11321,AO_TZn,2.912268712018e+00
6397,11321,PO_TZn,7.497239468558e+00
6397,11321,SED_TZn,4.584970756539e+00
6397,11321,SEDWSSD_TZn,4.584970756539e+00
6397,11321,SEDSCRS_TZn,0.000000000000e+00
6397,11322,AREA,0.000000000000e+00
6397,11322,PREC,0.000000000000e+00
6397,11322,SURO,0.000000000000e+00
6397,11322,IFWO,0.000000000000e+00
6397,11322,AGWO,0.000000000000e+00
6397,11322,PERO,0.000000000000e+00
6397,11322,TAET,0.000000000000e+00
6397,11322,SEDLOAD,0.000000000000e+00
6397,11322,SEDWSSD, 0.00000e+00
6397,11322,SEDSCRS, 0.00000e+00
6397,11322,SEDSURO, 0.00000e+00
6397,11322,SEDIFWO, 0.00000e+00
6397,11322,SEDAGWO, 0.00000e+00
6397,11322,SO_TN,0.000000000000e+00
6397,11322,IO_TN,0.000000000000e+00
6397,11322,AO_TN,0.000000000000e+00
6397,11322,PO_TN,0.000000000000e+00
6397,11322,SO_TP,0.000000000000e+00
6397,11322,IO_TP,0.000000000000e+00
6397,11322,AO_TP,0.000000000000e+00
6397,11322,PO_TP,0.000000000000e+00
6397,11322,SED_TP,0.000000000000e+00
6397,11322,SEDWSSD_TP,0.000000000000e+00
6397,11322,SEDSCRS_TP,0.000000000000e+00
6397,11322,SO_TCd,0.000000000000e+00
6397,11322,IO_TCd,0.000000000000e+00
6397,11322,AO_TCd,0.000000000000e+00
6397,11322,PO_TCd,0.000000000000e+00
6397,11322,SED_TCd,0.000000000000e+00
6397,11322,SEDWSSD_TCd,0.000000000000e+00
6397,11322,SEDSCRS_TCd,0.000000000000e+00
6397,11322,SO_TCu,0.000000000000e+00
6397,11322,IO_TCu,0.000000000000e+00
6397,11322,AO_TCu,0.000000000000e+00
6397,11322,PO_TCu,0.000000000000e+00
6397,11322,SED_TCu,0.000000000000e+00
6397,11322,SEDWSSD_TCu,0.000000000000e+00
6397,11322,SEDSCRS_TCu,0.000000000000e+00
6397,11322,SO_TPb,0.000000000000e+00
6397,11322,IO_TPb,0.000000000000e+00
6397,11322,AO_TPb,0.000000000000e+00
6397,11322,PO_TPb,0.000000000000e+00
6397,11322,SED_TPb,0.000000000000e+00
6397,11322,SEDWSSD_TPb,0.000000000000e+00
6397,11322,SEDSCRS_TPb,0.000000000000e+00
6397,11322,SO_TZn,0.000000000000e+00
6397,11322,IO_TZn,0.000000000000e+00
6397,11322,AO_TZn,0.000000000000e+00
6397,11322,PO_TZn,0.000000000000e+00
6397,11322,SED_TZn,0.000000000000e+00
6397,11322,SEDWSSD_TZn,0.000000000000e+00
6397,11322,SEDSCRS_TZn,0.000000000000e+00
6397,11411,AREA,0.000000000000e+00
6397,11411,PREC,0.000000000000e+00
6397,11411,SURO,0.000000000000e+00
6397,11411,IFWO,0.000000000000e+00
6397,11411,AGWO,0.000000000000e+00
6397,11411,PERO,0.000000000000e+00
6397,11411,TAET,0.000000000000e+00
6397,11411,SEDLOAD,0.000000000000e+00
6397,11411,SEDWSSD, 0.00000e+00
6397,11411,SEDSCRS, 0.00000e+00
6397,11411,SEDSURO, 0.00000e+00
6397,11411,SEDIFWO, 0.00000e+00
6397,11411,SEDAGWO, 0.00000e+00
6397,11411,SO_TN,0.000000000000e+00
6397,11411,IO_TN,0.000000000000e+00
6397,11411,AO_TN,0.000000000000e+00
6397,11411,PO_TN,0.000000000000e+00
6397,11411,SO_TP,0.000000000000e+00
6397,11411,IO_TP,0.000000000000e+00
6397,11411,AO_TP,0.000000000000e+00
6397,11411,PO_TP,0.000000000000e+00
6397,11411,SED_TP,0.000000000000e+00
6397,11411,SEDWSSD_TP,0.000000000000e+00
6397,11411,SEDSCRS_TP,0.000000000000e+00
6397,11411,SO_TCd,0.000000000000e+00
6397,11411,IO_TCd,0.000000000000e+00
6397,11411,AO_TCd,0.000000000000e+00
6397,11411,PO_TCd,0.000000000000e+00
6397,11411,SED_TCd,0.000000000000e+00
6397,11411,SEDWSSD_TCd,0.000000000000e+00
6397,11411,SEDSCRS_TCd,0.000000000000e+00
6397,11411,SO_TCu,0.000000000000e+00
6397,11411,IO_TCu,0.000000000000e+00
6397,11411,AO_TCu,0.000000000000e+00
6397,11411,PO_TCu,0.000000000000e+00
6397,11411,SED_TCu,0.000000000000e+00
6397,11411,SEDWSSD_TCu,0.000000000000e+00
6397,11411,SEDSCRS_TCu,0.000000000000e+00
6397,11411,SO_TPb,0.000000000000e+00
6397,11411,IO_TPb,0.000000000000e+00
6397,11411,AO_TPb,0.000000000000e+00
6397,11411,PO_TPb,0.000000000000e+00
6397,11411,SED_TPb,0.000000000000e+00
6397,11411,SEDWSSD_TPb,0.000000000000e+00
6397,11411,SEDSCRS_TPb,0.000000000000e+00
6397,11411,SO_TZn,0.000000000000e+00
6397,11411,IO_TZn,0.000000000000e+00
6397,11411,AO_TZn,0.000000000000e+00
6397,11411,PO_TZn,0.000000000000e+00
6397,11411,SED_TZn,0.000000000000e+00
6397,11411,SEDWSSD_TZn,0.000000000000e+00
6397,11411,SEDSCRS_TZn,0.000000000000e+00
6397,11412,AREA,0.000000000000e+00
6397,11412,PREC,0.000000000000e+00
6397,11412,SURO,0.000000000000e+00
6397,11412,IFWO,0.000000000000e+00
6397,11412,AGWO,0.000000000000e+00
6397,11412,PERO,0.000000000000e+00
6397,11412,TAET,0.000000000000e+00
6397,11412,SEDLOAD,0.000000000000e+00
6397,11412,SEDWSSD, 0.00000e+00
6397,11412,SEDSCRS, 0.00000e+00
6397,11412,SEDSURO, 0.00000e+00
6397,11412,SEDIFWO, 0.00000e+00
6397,11412,SEDAGWO, 0.00000e+00
6397,11412,SO_TN,0.000000000000e+00
6397,11412,IO_TN,0.000000000000e+00
6397,11412,AO_TN,0.000000000000e+00
6397,11412,PO_TN,0.000000000000e+00
6397,11412,SO_TP,0.000000000000e+00
6397,11412,IO_TP,0.000000000000e+00
6397,11412,AO_TP,0.000000000000e+00
6397,11412,PO_TP,0.000000000000e+00
6397,11412,SED_TP,0.000000000000e+00
6397,11412,SEDWSSD_TP,0.000000000000e+00
6397,11412,SEDSCRS_TP,0.000000000000e+00
6397,11412,SO_TCd,0.000000000000e+00
6397,11412,IO_TCd,0.000000000000e+00
6397,11412,AO_TCd,0.000000000000e+00
6397,11412,PO_TCd,0.000000000000e+00
6397,11412,SED_TCd,0.000000000000e+00
6397,11412,SEDWSSD_TCd,0.000000000000e+00
6397,11412,SEDSCRS_TCd,0.000000000000e+00
6397,11412,SO_TCu,0.000000000000e+00
6397,11412,IO_TCu,0.000000000000e+00
6397,11412,AO_TCu,0.000000000000e+00
6397,11412,PO_TCu,0.000000000000e+00
6397,11412,SED_TCu,0.000000000000e+00
6397,11412,SEDWSSD_TCu,0.000000000000e+00
6397,11412,SEDSCRS_TCu,0.000000000000e+00
6397,11412,SO_TPb,0.000000000000e+00
6397,11412,IO_TPb,0.000000000000e+00
6397,11412,AO_TPb,0.000000000000e+00
6397,11412,PO_TPb,0.000000000000e+00
6397,11412,SED_TPb,0.000000000000e+00
6397,11412,SEDWSSD_TPb,0.000000000000e+00
6397,11412,SEDSCRS_TPb,0.000000000000e+00
6397,11412,SO_TZn,0.000000000000e+00
6397,11412,IO_TZn,0.000000000000e+00
6397,11412,AO_TZn,0.000000000000e+00
6397,11412,PO_TZn,0.000000000000e+00
6397,11412,SED_TZn,0.000000000000e+00
6397,11412,SEDWSSD_TZn,0.000000000000e+00
6397,11412,SEDSCRS_TZn,0.000000000000e+00
6397,11421,AREA,1.121300000000e-02
6397,11421,PREC,1.340913664923e-01
6397,11421,SURO,6.428025933748e-02
6397,11421,IFWO,9.116013610485e-03
6397,11421,AGWO,9.215819667149e-02
6397,11421,PERO,1.655544696195e-01
6397,11421,TAET,2.937783585218e-01
6397,11421,SEDLOAD,3.385016973875e-04
6397,11421,SEDWSSD, 3.27027e-04
6397,11421,SEDSCRS, 0.00000e+00
6397,11421,SEDSURO, 0.00000e+00
6397,11421,SEDIFWO, 1.03290e-06
6397,11421,SEDAGWO, 1.04421e-05
6397,11421,SO_TN,1.552640653155e-02
6397,11421,IO_TN,2.065812157102e-03
6397,11421,AO_TN,6.265288684134e-03
6397,11421,PO_TN,2.385750737279e-02
6397,11421,SO_TP,6.540533163693e-04
6397,11421,IO_TP,8.263248628410e-04
6397,11421,AO_TP,4.176859122756e-03
6397,11421,PO_TP,5.657237301966e-03
6397,11421,SED_TP,6.540533163693e-04
6397,11421,SEDWSSD_TP,6.540533163693e-04
6397,11421,SEDSCRS_TP,0.000000000000e+00
6397,11421,SO_TCd,1.635133290923e-06
6397,11421,IO_TCd,0.000000000000e+00
6397,11421,AO_TCd,0.000000000000e+00
6397,11421,PO_TCd,1.635133290923e-06
6397,11421,SED_TCd,1.635133290923e-06
6397,11421,SEDWSSD_TCd,1.635133290923e-06
6397,11421,SEDSCRS_TCd,0.000000000000e+00
6397,11421,SO_TCu,1.635133290923e-04
6397,11421,IO_TCu,0.000000000000e+00
6397,11421,AO_TCu,0.000000000000e+00
6397,11421,PO_TCu,1.635133290923e-04
6397,11421,SED_TCu,1.635133290923e-04
6397,11421,SEDWSSD_TCu,1.635133290923e-04
6397,11421,SEDSCRS_TCu,0.000000000000e+00
6397,11421,SO_TPb,3.270266581847e-06
6397,11421,IO_TPb,0.000000000000e+00
6397,11421,AO_TPb,0.000000000000e+00
6397,11421,PO_TPb,3.270266581847e-06
6397,11421,SED_TPb,3.270266581847e-06
6397,11421,SEDWSSD_TPb,3.270266581847e-06
6397,11421,SEDSCRS_TPb,0.000000000000e+00
6397,11421,SO_TZn,1.177295969465e-03
6397,11421,IO_TZn,0.000000000000e+00
6397,11421,AO_TZn,1.044214780689e-03
6397,11421,PO_TZn,2.221510750154e-03
6397,11421,SED_TZn,1.177295969465e-03
6397,11421,SEDWSSD_TZn,1.177295969465e-03
6397,11421,SEDSCRS_TZn,0.000000000000e+00
6397,11422,AREA,0.000000000000e+00
6397,11422,PREC,0.000000000000e+00
6397,11422,SURO,0.000000000000e+00
6397,11422,IFWO,0.000000000000e+00
6397,11422,AGWO,0.000000000000e+00
6397,11422,PERO,0.000000000000e+00
6397,11422,TAET,0.000000000000e+00
6397,11422,SEDLOAD,0.000000000000e+00
6397,11422,SEDWSSD, 0.00000e+00
6397,11422,SEDSCRS, 0.00000e+00
6397,11422,SEDSURO, 0.00000e+00
6397,11422,SEDIFWO, 0.00000e+00
6397,11422,SEDAGWO, 0.00000e+00
6397,11422,SO_TN,0.000000000000e+00
6397,11422,IO_TN,0.000000000000e+00
6397,11422,AO_TN,0.000000000000e+00
6397,11422,PO_TN,0.000000000000e+00
6397,11422,SO_TP,0.000000000000e+00
6397,11422,IO_TP,0.000000000000e+00
6397,11422,AO_TP,0.000000000000e+00
6397,11422,PO_TP,0.000000000000e+00
6397,11422,SED_TP,0.000000000000e+00
6397,11422,SEDWSSD_TP,0.000000000000e+00
6397,11422,SEDSCRS_TP,0.000000000000e+00
6397,11422,SO_TCd,0.000000000000e+00
6397,11422,IO_TCd,0.000000000000e+00
6397,11422,AO_TCd,0.000000000000e+00
6397,11422,PO_TCd,0.000000000000e+00
6397,11422,SED_TCd,0.000000000000e+00
6397,11422,SEDWSSD_TCd,0.000000000000e+00
6397,11422,SEDSCRS_TCd,0.000000000000e+00
6397,11422,SO_TCu,0.000000000000e+00
6397,11422,IO_TCu,0.000000000000e+00
6397,11422,AO_TCu,0.000000000000e+00
6397,11422,PO_TCu,0.000000000000e+00
6397,11422,SED_TCu,0.000000000000e+00
6397,11422,SEDWSSD_TCu,0.000000000000e+00
6397,11422,SEDSCRS_TCu,0.000000000000e+00
6397,11422,SO_TPb,0.000000000000e+00
6397,11422,IO_TPb,0.000000000000e+00
6397,11422,AO_TPb,0.000000000000e+00
6397,11422,PO_TPb,0.000000000000e+00
6397,11422,SED_TPb,0.000000000000e+00
6397,11422,SEDWSSD_TPb,0.000000000000e+00
6397,11422,SEDSCRS_TPb,0.000000000000e+00
6397,11422,SO_TZn,0.000000000000e+00
6397,11422,IO_TZn,0.000000000000e+00
6397,11422,AO_TZn,0.000000000000e+00
6397,11422,PO_TZn,0.000000000000e+00
6397,11422,SED_TZn,0.000000000000e+00
6397,11422,SEDWSSD_TZn,0.000000000000e+00
6397,11422,SEDSCRS_TZn,0.000000000000e+00
6397,12111,AREA,0.000000000000e+00
6397,12111,PREC,0.000000000000e+00
6397,12111,SURO,0.000000000000e+00
6397,12111,IFWO,0.000000000000e+00
6397,12111,AGWO,0.000000000000e+00
6397,12111,PERO,0.000000000000e+00
6397,12111,TAET,0.000000000000e+00
6397,12111,SEDLOAD,0.000000000000e+00
6397,12111,SEDWSSD, 0.00000e+00
6397,12111,SEDSCRS, 0.00000e+00
6397,12111,SEDSURO, 0.00000e+00
6397,12111,SEDIFWO, 0.00000e+00
6397,12111,SEDAGWO, 0.00000e+00
6397,12111,SO_TN,0.000000000000e+00
6397,12111,IO_TN,0.000000000000e+00
6397,12111,AO_TN,0.000000000000e+00
6397,12111,PO_TN,0.000000000000e+00
6397,12111,SO_TP,0.000000000000e+00
6397,12111,IO_TP,0.000000000000e+00
6397,12111,AO_TP,0.000000000000e+00
6397,12111,PO_TP,0.000000000000e+00
6397,12111,SED_TP,0.000000000000e+00
6397,12111,SEDWSSD_TP,0.000000000000e+00
6397,12111,SEDSCRS_TP,0.000000000000e+00
6397,12111,SO_TCd,0.000000000000e+00
6397,12111,IO_TCd,0.000000000000e+00
6397,12111,AO_TCd,0.000000000000e+00
6397,12111,PO_TCd,0.000000000000e+00
6397,12111,SED_TCd,0.000000000000e+00
6397,12111,SEDWSSD_TCd,0.000000000000e+00
6397,12111,SEDSCRS_TCd,0.000000000000e+00
6397,12111,SO_TCu,0.000000000000e+00
6397,12111,IO_TCu,0.000000000000e+00
6397,12111,AO_TCu,0.000000000000e+00
6397,12111,PO_TCu,0.000000000000e+00
6397,12111,SED_TCu,0.000000000000e+00
6397,12111,SEDWSSD_TCu,0.000000000000e+00
6397,12111,SEDSCRS_TCu,0.000000000000e+00
6397,12111,SO_TPb,0.000000000000e+00
6397,12111,IO_TPb,0.000000000000e+00
6397,12111,AO_TPb,0.000000000000e+00
6397,12111,PO_TPb,0.000000000000e+00
6397,12111,SED_TPb,0.000000000000e+00
6397,12111,SEDWSSD_TPb,0.000000000000e+00
6397,12111,SEDSCRS_TPb,0.000000000000e+00
6397,12111,SO_TZn,0.000000000000e+00
6397,12111,IO_TZn,0.000000000000e+00
6397,12111,AO_TZn,0.000000000000e+00
6397,12111,PO_TZn,0.000000000000e+00
6397,12111,SED_TZn,0.000000000000e+00
6397,12111,SEDWSSD_TZn,0.000000000000e+00
6397,12111,SEDSCRS_TZn,0.000000000000e+00
6397,12112,AREA,0.000000000000e+00
6397,12112,PREC,0.000000000000e+00
6397,12112,SURO,0.000000000000e+00
6397,12112,IFWO,0.000000000000e+00
6397,12112,AGWO,0.000000000000e+00
6397,12112,PERO,0.000000000000e+00
6397,12112,TAET,0.000000000000e+00
6397,12112,SEDLOAD,0.000000000000e+00
6397,12112,SEDWSSD, 0.00000e+00
6397,12112,SEDSCRS, 0.00000e+00
6397,12112,SEDSURO, 0.00000e+00
6397,12112,SEDIFWO, 0.00000e+00
6397,12112,SEDAGWO, 0.00000e+00
6397,12112,SO_TN,0.000000000000e+00
6397,12112,IO_TN,0.000000000000e+00
6397,12112,AO_TN,0.000000000000e+00
6397,12112,PO_TN,0.000000000000e+00
6397,12112,SO_TP,0.000000000000e+00
6397,12112,IO_TP,0.000000000000e+00
6397,12112,AO_TP,0.000000000000e+00
6397,12112,PO_TP,0.000000000000e+00
6397,12112,SED_TP,0.000000000000e+00
6397,12112,SEDWSSD_TP,0.000000000000e+00
6397,12112,SEDSCRS_TP,0.000000000000e+00
6397,12112,SO_TCd,0.000000000000e+00
6397,12112,IO_TCd,0.000000000000e+00
6397,12112,AO_TCd,0.000000000000e+00
6397,12112,PO_TCd,0.000000000000e+00
6397,12112,SED_TCd,0.000000000000e+00
6397,12112,SEDWSSD_TCd,0.000000000000e+00
6397,12112,SEDSCRS_TCd,0.000000000000e+00
6397,12112,SO_TCu,0.000000000000e+00
6397,12112,IO_TCu,0.000000000000e+00
6397,12112,AO_TCu,0.000000000000e+00
6397,12112,PO_TCu,0.000000000000e+00
6397,12112,SED_TCu,0.000000000000e+00
6397,12112,SEDWSSD_TCu,0.000000000000e+00
6397,12112,SEDSCRS_TCu,0.000000000000e+00
6397,12112,SO_TPb,0.000000000000e+00
6397,12112,IO_TPb,0.000000000000e+00
6397,12112,AO_TPb,0.000000000000e+00
6397,12112,PO_TPb,0.000000000000e+00
6397,12112,SED_TPb,0.000000000000e+00
6397,12112,SEDWSSD_TPb,0.000000000000e+00
6397,12112,SEDSCRS_TPb,0.000000000000e+00
6397,12112,SO_TZn,0.000000000000e+00
6397,12112,IO_TZn,0.000000000000e+00
6397,12112,AO_TZn,0.000000000000e+00
6397,12112,PO_TZn,0.000000000000e+00
6397,12112,SED_TZn,0.000000000000e+00
6397,12112,SEDWSSD_TZn,0.000000000000e+00
6397,12112,SEDSCRS_TZn,0.000000000000e+00
6397,12121,AREA,0.000000000000e+00
6397,12121,PREC,0.000000000000e+00
6397,12121,SURO,0.000000000000e+00
6397,12121,IFWO,0.000000000000e+00
6397,12121,AGWO,0.000000000000e+00
6397,12121,PERO,0.000000000000e+00
6397,12121,TAET,0.000000000000e+00
6397,12121,SEDLOAD,0.000000000000e+00
6397,12121,SEDWSSD, 0.00000e+00
6397,12121,SEDSCRS, 0.00000e+00
6397,12121,SEDSURO, 0.00000e+00
6397,12121,SEDIFWO, 0.00000e+00
6397,12121,SEDAGWO, 0.00000e+00
6397,12121,SO_TN,0.000000000000e+00
6397,12121,IO_TN,0.000000000000e+00
6397,12121,AO_TN,0.000000000000e+00
6397,12121,PO_TN,0.000000000000e+00
6397,12121,SO_TP,0.000000000000e+00
6397,12121,IO_TP,0.000000000000e+00
6397,12121,AO_TP,0.000000000000e+00
6397,12121,PO_TP,0.000000000000e+00
6397,12121,SED_TP,0.000000000000e+00
6397,12121,SEDWSSD_TP,0.000000000000e+00
6397,12121,SEDSCRS_TP,0.000000000000e+00
6397,12121,SO_TCd,0.000000000000e+00
6397,12121,IO_TCd,0.000000000000e+00
6397,12121,AO_TCd,0.000000000000e+00
6397,12121,PO_TCd,0.000000000000e+00
6397,12121,SED_TCd,0.000000000000e+00
6397,12121,SEDWSSD_TCd,0.000000000000e+00
6397,12121,SEDSCRS_TCd,0.000000000000e+00
6397,12121,SO_TCu,0.000000000000e+00
6397,12121,IO_TCu,0.000000000000e+00
6397,12121,AO_TCu,0.000000000000e+00
6397,12121,PO_TCu,0.000000000000e+00
6397,12121,SED_TCu,0.000000000000e+00
6397,12121,SEDWSSD_TCu,0.000000000000e+00
6397,12121,SEDSCRS_TCu,0.000000000000e+00
6397,12121,SO_TPb,0.000000000000e+00
6397,12121,IO_TPb,0.000000000000e+00
6397,12121,AO_TPb,0.000000000000e+00
6397,12121,PO_TPb,0.000000000000e+00
6397,12121,SED_TPb,0.000000000000e+00
6397,12121,SEDWSSD_TPb,0.000000000000e+00
6397,12121,SEDSCRS_TPb,0.000000000000e+00
6397,12121,SO_TZn,0.000000000000e+00
6397,12121,IO_TZn,0.000000000000e+00
6397,12121,AO_TZn,0.000000000000e+00
6397,12121,PO_TZn,0.000000000000e+00
6397,12121,SED_TZn,0.000000000000e+00
6397,12121,SEDWSSD_TZn,0.000000000000e+00
6397,12121,SEDSCRS_TZn,0.000000000000e+00
6397,12122,AREA,0.000000000000e+00
6397,12122,PREC,0.000000000000e+00
6397,12122,SURO,0.000000000000e+00
6397,12122,IFWO,0.000000000000e+00
6397,12122,AGWO,0.000000000000e+00
6397,12122,PERO,0.000000000000e+00
6397,12122,TAET,0.000000000000e+00
6397,12122,SEDLOAD,0.000000000000e+00
6397,12122,SEDWSSD, 0.00000e+00
6397,12122,SEDSCRS, 0.00000e+00
6397,12122,SEDSURO, 0.00000e+00
6397,12122,SEDIFWO, 0.00000e+00
6397,12122,SEDAGWO, 0.00000e+00
6397,12122,SO_TN,0.000000000000e+00
6397,12122,IO_TN,0.000000000000e+00
6397,12122,AO_TN,0.000000000000e+00
6397,12122,PO_TN,0.000000000000e+00
6397,12122,SO_TP,0.000000000000e+00
6397,12122,IO_TP,0.000000000000e+00
6397,12122,AO_TP,0.000000000000e+00
6397,12122,PO_TP,0.000000000000e+00
6397,12122,SED_TP,0.000000000000e+00
6397,12122,SEDWSSD_TP,0.000000000000e+00
6397,12122,SEDSCRS_TP,0.000000000000e+00
6397,12122,SO_TCd,0.000000000000e+00
6397,12122,IO_TCd,0.000000000000e+00
6397,12122,AO_TCd,0.000000000000e+00
6397,12122,PO_TCd,0.000000000000e+00
6397,12122,SED_TCd,0.000000000000e+00
6397,12122,SEDWSSD_TCd,0.000000000000e+00
6397,12122,SEDSCRS_TCd,0.000000000000e+00
6397,12122,SO_TCu,0.000000000000e+00
6397,12122,IO_TCu,0.000000000000e+00
6397,12122,AO_TCu,0.000000000000e+00
6397,12122,PO_TCu,0.000000000000e+00
6397,12122,SED_TCu,0.000000000000e+00
6397,12122,SEDWSSD_TCu,0.000000000000e+00
6397,12122,SEDSCRS_TCu,0.000000000000e+00
6397,12122,SO_TPb,0.000000000000e+00
6397,12122,IO_TPb,0.000000000000e+00
6397,12122,AO_TPb,0.000000000000e+00
6397,12122,PO_TPb,0.000000000000e+00
6397,12122,SED_TPb,0.000000000000e+00
6397,12122,SEDWSSD_TPb,0.000000000000e+00
6397,12122,SEDSCRS_TPb,0.000000000000e+00
6397,12122,SO_TZn,0.000000000000e+00
6397,12122,IO_TZn,0.000000000000e+00
6397,12122,AO_TZn,0.000000000000e+00
6397,12122,PO_TZn,0.000000000000e+00
6397,12122,SED_TZn,0.000000000000e+00
6397,12122,SEDWSSD_TZn,0.000000000000e+00
6397,12122,SEDSCRS_TZn,0.000000000000e+00
6397,12211,AREA,1.387248599997e+01
6397,12211,PREC,1.658949972698e+02
6397,12211,SURO,3.391528897696e+00
6397,12211,IFWO,9.957652958426e-01
6397,12211,AGWO,4.800012977451e+01
6397,12211,PERO,5.238742396805e+01
6397,12211,TAET,1.150131858716e+02
6397,12211,SEDLOAD,8.681872362667e-02
6397,12211,SEDWSSD, 8.12672e-02
6397,12211,SEDSCRS, 0.00000e+00
6397,12211,SEDSURO, 0.00000e+00
6397,12211,SEDIFWO, 1.12827e-04
6397,12211,SEDAGWO, 5.43873e-03
6397,12211,SO_TN,2.427725563087e+00
6397,12211,IO_TN,2.256539033034e-01
6397,12211,AO_TN,3.263243865168e+00
6397,12211,PO_TN,5.916623331558e+00
6397,12211,SO_TP,1.625343280062e-01
6397,12211,IO_TP,9.026156132134e-02
6397,12211,AO_TP,2.175495910112e+00
6397,12211,PO_TP,2.428291799440e+00
6397,12211,SED_TP,1.625343280062e-01
6397,12211,SEDWSSD_TP,1.625343280062e-01
6397,12211,SEDSCRS_TP,0.000000000000e+00
6397,12211,SO_TCd,4.063358200156e-04
6397,12211,IO_TCd,0.000000000000e+00
6397,12211,AO_TCd,0.000000000000e+00
6397,12211,PO_TCd,4.063358200156e-04
6397,12211,SED_TCd,4.063358200156e-04
6397,12211,SEDWSSD_TCd,4.063358200156e-04
6397,12211,SEDSCRS_TCd,0.000000000000e+00
6397,12211,SO_TCu,4.063358200156e-02
6397,12211,IO_TCu,0.000000000000e+00
6397,12211,AO_TCu,0.000000000000e+00
6397,12211,PO_TCu,4.063358200156e-02
6397,12211,SED_TCu,4.063358200156e-02
6397,12211,SEDWSSD_TCu,4.063358200156e-02
6397,12211,SEDSCRS_TCu,0.000000000000e+00
6397,12211,SO_TPb,8.126716400312e-04
6397,12211,IO_TPb,0.000000000000e+00
6397,12211,AO_TPb,0.000000000000e+00
6397,12211,PO_TPb,8.126716400312e-04
6397,12211,SED_TPb,8.126716400312e-04
6397,12211,SEDWSSD_TPb,8.126716400312e-04
6397,12211,SEDSCRS_TPb,0.000000000000e+00
6397,12211,SO_TZn,2.925617904112e-01
6397,12211,IO_TZn,0.000000000000e+00
6397,12211,AO_TZn,5.438739775280e-01
6397,12211,PO_TZn,8.364357679393e-01
6397,12211,SED_TZn,2.925617904112e-01
6397,12211,SEDWSSD_TZn,2.925617904112e-01
6397,12211,SEDSCRS_TZn,0.000000000000e+00
6397,12212,AREA,0.000000000000e+00
6397,12212,PREC,0.000000000000e+00
6397,12212,SURO,0.000000000000e+00
6397,12212,IFWO,0.000000000000e+00
6397,12212,AGWO,0.000000000000e+00
6397,12212,PERO,0.000000000000e+00
6397,12212,TAET,0.000000000000e+00
6397,12212,SEDLOAD,0.000000000000e+00
6397,12212,SEDWSSD, 0.00000e+00
6397,12212,SEDSCRS, 0.00000e+00
6397,12212,SEDSURO, 0.00000e+00
6397,12212,SEDIFWO, 0.00000e+00
6397,12212,SEDAGWO, 0.00000e+00
6397,12212,SO_TN,0.000000000000e+00
6397,12212,IO_TN,0.000000000000e+00
6397,12212,AO_TN,0.000000000000e+00
6397,12212,PO_TN,0.000000000000e+00
6397,12212,SO_TP,0.000000000000e+00
6397,12212,IO_TP,0.000000000000e+00
6397,12212,AO_TP,0.000000000000e+00
6397,12212,PO_TP,0.000000000000e+00
6397,12212,SED_TP,0.000000000000e+00
6397,12212,SEDWSSD_TP,0.000000000000e+00
6397,12212,SEDSCRS_TP,0.000000000000e+00
6397,12212,SO_TCd,0.000000000000e+00
6397,12212,IO_TCd,0.000000000000e+00
6397,12212,AO_TCd,0.000000000000e+00
6397,12212,PO_TCd,0.000000000000e+00
6397,12212,SED_TCd,0.000000000000e+00
6397,12212,SEDWSSD_TCd,0.000000000000e+00
6397,12212,SEDSCRS_TCd,0.000000000000e+00
6397,12212,SO_TCu,0.000000000000e+00
6397,12212,IO_TCu,0.000000000000e+00
6397,12212,AO_TCu,0.000000000000e+00
6397,12212,PO_TCu,0.000000000000e+00
6397,12212,SED_TCu,0.000000000000e+00
6397,12212,SEDWSSD_TCu,0.000000000000e+00
6397,12212,SEDSCRS_TCu,0.000000000000e+00
6397,12212,SO_TPb,0.000000000000e+00
6397,12212,IO_TPb,0.000000000000e+00
6397,12212,AO_TPb,0.000000000000e+00
6397,12212,PO_TPb,0.000000000000e+00
6397,12212,SED_TPb,0.000000000000e+00
6397,12212,SEDWSSD_TPb,0.000000000000e+00
6397,12212,SEDSCRS_TPb,0.000000000000e+00
6397,12212,SO_TZn,0.000000000000e+00
6397,12212,IO_TZn,0.000000000000e+00
6397,12212,AO_TZn,0.000000000000e+00
6397,12212,PO_TZn,0.000000000000e+00
6397,12212,SED_TZn,0.000000000000e+00
6397,12212,SEDWSSD_TZn,0.000000000000e+00
6397,12212,SEDSCRS_TZn,0.000000000000e+00
6397,12221,AREA,0.000000000000e+00
6397,12221,PREC,0.000000000000e+00
6397,12221,SURO,0.000000000000e+00
6397,12221,IFWO,0.000000000000e+00
6397,12221,AGWO,0.000000000000e+00
6397,12221,PERO,0.000000000000e+00
6397,12221,TAET,0.000000000000e+00
6397,12221,SEDLOAD,0.000000000000e+00
6397,12221,SEDWSSD, 0.00000e+00
6397,12221,SEDSCRS, 0.00000e+00
6397,12221,SEDSURO, 0.00000e+00
6397,12221,SEDIFWO, 0.00000e+00
6397,12221,SEDAGWO, 0.00000e+00
6397,12221,SO_TN,0.000000000000e+00
6397,12221,IO_TN,0.000000000000e+00
6397,12221,AO_TN,0.000000000000e+00
6397,12221,PO_TN,0.000000000000e+00
6397,12221,SO_TP,0.000000000000e+00
6397,12221,IO_TP,0.000000000000e+00
6397,12221,AO_TP,0.000000000000e+00
6397,12221,PO_TP,0.000000000000e+00
6397,12221,SED_TP,0.000000000000e+00
6397,12221,SEDWSSD_TP,0.000000000000e+00
6397,12221,SEDSCRS_TP,0.000000000000e+00
6397,12221,SO_TCd,0.000000000000e+00
6397,12221,IO_TCd,0.000000000000e+00
6397,12221,AO_TCd,0.000000000000e+00
6397,12221,PO_TCd,0.000000000000e+00
6397,12221,SED_TCd,0.000000000000e+00
6397,12221,SEDWSSD_TCd,0.000000000000e+00
6397,12221,SEDSCRS_TCd,0.000000000000e+00
6397,12221,SO_TCu,0.000000000000e+00
6397,12221,IO_TCu,0.000000000000e+00
6397,12221,AO_TCu,0.000000000000e+00
6397,12221,PO_TCu,0.000000000000e+00
6397,12221,SED_TCu,0.000000000000e+00
6397,12221,SEDWSSD_TCu,0.000000000000e+00
6397,12221,SEDSCRS_TCu,0.000000000000e+00
6397,12221,SO_TPb,0.000000000000e+00
6397,12221,IO_TPb,0.000000000000e+00
6397,12221,AO_TPb,0.000000000000e+00
6397,12221,PO_TPb,0.000000000000e+00
6397,12221,SED_TPb,0.000000000000e+00
6397,12221,SEDWSSD_TPb,0.000000000000e+00
6397,12221,SEDSCRS_TPb,0.000000000000e+00
6397,12221,SO_TZn,0.000000000000e+00
6397,12221,IO_TZn,0.000000000000e+00
6397,12221,AO_TZn,0.000000000000e+00
6397,12221,PO_TZn,0.000000000000e+00
6397,12221,SED_TZn,0.000000000000e+00
6397,12221,SEDWSSD_TZn,0.000000000000e+00
6397,12221,SEDSCRS_TZn,0.000000000000e+00
6397,12222,AREA,0.000000000000e+00
6397,12222,PREC,0.000000000000e+00
6397,12222,SURO,0.000000000000e+00
6397,12222,IFWO,0.000000000000e+00
6397,12222,AGWO,0.000000000000e+00
6397,12222,PERO,0.000000000000e+00
6397,12222,TAET,0.000000000000e+00
6397,12222,SEDLOAD,0.000000000000e+00
6397,12222,SEDWSSD, 0.00000e+00
6397,12222,SEDSCRS, 0.00000e+00
6397,12222,SEDSURO, 0.00000e+00
6397,12222,SEDIFWO, 0.00000e+00
6397,12222,SEDAGWO, 0.00000e+00
6397,12222,SO_TN,0.000000000000e+00
6397,12222,IO_TN,0.000000000000e+00
6397,12222,AO_TN,0.000000000000e+00
6397,12222,PO_TN,0.000000000000e+00
6397,12222,SO_TP,0.000000000000e+00
6397,12222,IO_TP,0.000000000000e+00
6397,12222,AO_TP,0.000000000000e+00
6397,12222,PO_TP,0.000000000000e+00
6397,12222,SED_TP,0.000000000000e+00
6397,12222,SEDWSSD_TP,0.000000000000e+00
6397,12222,SEDSCRS_TP,0.000000000000e+00
6397,12222,SO_TCd,0.000000000000e+00
6397,12222,IO_TCd,0.000000000000e+00
6397,12222,AO_TCd,0.000000000000e+00
6397,12222,PO_TCd,0.000000000000e+00
6397,12222,SED_TCd,0.000000000000e+00
6397,12222,SEDWSSD_TCd,0.000000000000e+00
6397,12222,SEDSCRS_TCd,0.000000000000e+00
6397,12222,SO_TCu,0.000000000000e+00
6397,12222,IO_TCu,0.000000000000e+00
6397,12222,AO_TCu,0.000000000000e+00
6397,12222,PO_TCu,0.000000000000e+00
6397,12222,SED_TCu,0.000000000000e+00
6397,12222,SEDWSSD_TCu,0.000000000000e+00
6397,12222,SEDSCRS_TCu,0.000000000000e+00
6397,12222,SO_TPb,0.000000000000e+00
6397,12222,IO_TPb,0.000000000000e+00
6397,12222,AO_TPb,0.000000000000e+00
6397,12222,PO_TPb,0.000000000000e+00
6397,12222,SED_TPb,0.000000000000e+00
6397,12222,SEDWSSD_TPb,0.000000000000e+00
6397,12222,SEDSCRS_TPb,0.000000000000e+00
6397,12222,SO_TZn,0.000000000000e+00
6397,12222,IO_TZn,0.000000000000e+00
6397,12222,AO_TZn,0.000000000000e+00
6397,12222,PO_TZn,0.000000000000e+00
6397,12222,SED_TZn,0.000000000000e+00
6397,12222,SEDWSSD_TZn,0.000000000000e+00
6397,12222,SEDSCRS_TZn,0.000000000000e+00
6397,12311,AREA,4.083386499996e+01
6397,12311,PREC,4.883143455822e+02
6397,12311,SURO,3.946230715458e+01
6397,12311,IFWO,2.687490726710e+00
6397,12311,AGWO,1.009024021719e+02
6397,12311,PERO,1.430522000532e+02
6397,12311,TAET,3.498892974483e+02
6397,12311,SEDLOAD,8.891960185861e-01
6397,12311,SEDWSSD, 8.77459e-01
6397,12311,SEDSCRS, 0.00000e+00
6397,12311,SEDSURO, 0.00000e+00
6397,12311,SEDIFWO, 3.04511e-04
6397,12311,SEDAGWO, 1.14329e-02
6397,12311,SO_TN,1.444917187157e+01
6397,12311,IO_TN,6.090217997210e-01
6397,12311,AO_TN,6.859755305139e+00
6397,12311,PO_TN,2.191794897643e+01
6397,12311,SO_TP,1.754917194392e+00
6397,12311,IO_TP,2.436087198884e-01
6397,12311,AO_TP,4.573170203426e+00
6397,12311,PO_TP,6.571696117707e+00
6397,12311,SED_TP,1.754917194392e+00
6397,12311,SEDWSSD_TP,1.754917194392e+00
6397,12311,SEDSCRS_TP,0.000000000000e+00
6397,12311,SO_TCd,4.387292985980e-03
6397,12311,IO_TCd,0.000000000000e+00
6397,12311,AO_TCd,0.000000000000e+00
6397,12311,PO_TCd,4.387292985980e-03
6397,12311,SED_TCd,4.387292985980e-03
6397,12311,SEDWSSD_TCd,4.387292985980e-03
6397,12311,SEDSCRS_TCd,0.000000000000e+00
6397,12311,SO_TCu,4.387292985980e-01
6397,12311,IO_TCu,0.000000000000e+00
6397,12311,AO_TCu,0.000000000000e+00
6397,12311,PO_TCu,4.387292985980e-01
6397,12311,SED_TCu,4.387292985980e-01
6397,12311,SEDWSSD_TCu,4.387292985980e-01
6397,12311,SEDSCRS_TCu,0.000000000000e+00
6397,12311,SO_TPb,8.774585971960e-03
6397,12311,IO_TPb,0.000000000000e+00
6397,12311,AO_TPb,0.000000000000e+00
6397,12311,PO_TPb,8.774585971960e-03
6397,12311,SED_TPb,8.774585971960e-03
6397,12311,SEDWSSD_TPb,8.774585971960e-03
6397,12311,SEDSCRS_TPb,0.000000000000e+00
6397,12311,SO_TZn,3.158850949906e+00
6397,12311,IO_TZn,0.000000000000e+00
6397,12311,AO_TZn,1.143292550857e+00
6397,12311,PO_TZn,4.302143500762e+00
6397,12311,SED_TZn,3.158850949906e+00
6397,12311,SEDWSSD_TZn,3.158850949906e+00
6397,12311,SEDSCRS_TZn,0.000000000000e+00
6397,12312,AREA,0.000000000000e+00
6397,12312,PREC,0.000000000000e+00
6397,12312,SURO,0.000000000000e+00
6397,12312,IFWO,0.000000000000e+00
6397,12312,AGWO,0.000000000000e+00
6397,12312,PERO,0.000000000000e+00
6397,12312,TAET,0.000000000000e+00
6397,12312,SEDLOAD,0.000000000000e+00
6397,12312,SEDWSSD, 0.00000e+00
6397,12312,SEDSCRS, 0.00000e+00
6397,12312,SEDSURO, 0.00000e+00
6397,12312,SEDIFWO, 0.00000e+00
6397,12312,SEDAGWO, 0.00000e+00
6397,12312,SO_TN,0.000000000000e+00
6397,12312,IO_TN,0.000000000000e+00
6397,12312,AO_TN,0.000000000000e+00
6397,12312,PO_TN,0.000000000000e+00
6397,12312,SO_TP,0.000000000000e+00
6397,12312,IO_TP,0.000000000000e+00
6397,12312,AO_TP,0.000000000000e+00
6397,12312,PO_TP,0.000000000000e+00
6397,12312,SED_TP,0.000000000000e+00
6397,12312,SEDWSSD_TP,0.000000000000e+00
6397,12312,SEDSCRS_TP,0.000000000000e+00
6397,12312,SO_TCd,0.000000000000e+00
6397,12312,IO_TCd,0.000000000000e+00
6397,12312,AO_TCd,0.000000000000e+00
6397,12312,PO_TCd,0.000000000000e+00
6397,12312,SED_TCd,0.000000000000e+00
6397,12312,SEDWSSD_TCd,0.000000000000e+00
6397,12312,SEDSCRS_TCd,0.000000000000e+00
6397,12312,SO_TCu,0.000000000000e+00
6397,12312,IO_TCu,0.000000000000e+00
6397,12312,AO_TCu,0.000000000000e+00
6397,12312,PO_TCu,0.000000000000e+00
6397,12312,SED_TCu,0.000000000000e+00
6397,12312,SEDWSSD_TCu,0.000000000000e+00
6397,12312,SEDSCRS_TCu,0.000000000000e+00
6397,12312,SO_TPb,0.000000000000e+00
6397,12312,IO_TPb,0.000000000000e+00
6397,12312,AO_TPb,0.000000000000e+00
6397,12312,PO_TPb,0.000000000000e+00
6397,12312,SED_TPb,0.000000000000e+00
6397,12312,SEDWSSD_TPb,0.000000000000e+00
6397,12312,SEDSCRS_TPb,0.000000000000e+00
6397,12312,SO_TZn,0.000000000000e+00
6397,12312,IO_TZn,0.000000000000e+00
6397,12312,AO_TZn,0.000000000000e+00
6397,12312,PO_TZn,0.000000000000e+00
6397,12312,SED_TZn,0.000000000000e+00
6397,12312,SEDWSSD_TZn,0.000000000000e+00
6397,12312,SEDSCRS_TZn,0.000000000000e+00
6397,12321,AREA,7.777891299990e+01
6397,12321,PREC,9.301240282225e+02
6397,12321,SURO,8.710786047055e+01
6397,12321,IFWO,5.120854155836e+00
6397,12321,AGWO,1.885328164548e+02
6397,12321,PERO,2.807615310811e+02
6397,12321,TAET,6.580148679299e+02
6397,12321,SEDLOAD,1.452582207348e+00
6397,12321,SEDWSSD, 1.43064e+00
6397,12321,SEDSCRS, 0.00000e+00
6397,12321,SEDSURO, 0.00000e+00
6397,12321,SEDIFWO, 5.80227e-04
6397,12321,SEDAGWO, 2.13620e-02
6397,12321,SO_TN,2.891498194803e+01
6397,12321,IO_TN,1.160454911751e+00
6397,12321,AO_TN,1.281722694436e+01
6397,12321,PO_TN,4.289266380414e+01
6397,12321,SO_TP,2.861279926121e+00
6397,12321,IO_TP,4.641819647003e-01
6397,12321,AO_TP,8.544817962910e+00
6397,12321,PO_TP,1.187027985373e+01
6397,12321,SED_TP,2.861279926121e+00
6397,12321,SEDWSSD_TP,2.861279926121e+00
6397,12321,SEDSCRS_TP,0.000000000000e+00
6397,12321,SO_TCd,7.153199815303e-03
6397,12321,IO_TCd,0.000000000000e+00
6397,12321,AO_TCd,0.000000000000e+00
6397,12321,PO_TCd,7.153199815303e-03
6397,12321,SED_TCd,7.153199815303e-03
6397,12321,SEDWSSD_TCd,7.153199815303e-03
6397,12321,SEDSCRS_TCd,0.000000000000e+00
6397,12321,SO_TCu,7.153199815303e-01
6397,12321,IO_TCu,0.000000000000e+00
6397,12321,AO_TCu,0.000000000000e+00
6397,12321,PO_TCu,7.153199815303e-01
6397,12321,SED_TCu,7.153199815303e-01
6397,12321,SEDWSSD_TCu,7.153199815303e-01
6397,12321,SEDSCRS_TCu,0.000000000000e+00
6397,12321,SO_TPb,1.430639963061e-02
6397,12321,IO_TPb,0.000000000000e+00
6397,12321,AO_TPb,0.000000000000e+00
6397,12321,PO_TPb,1.430639963061e-02
6397,12321,SED_TPb,1.430639963061e-02
6397,12321,SEDWSSD_TPb,1.430639963061e-02
6397,12321,SEDSCRS_TPb,0.000000000000e+00
6397,12321,SO_TZn,5.150303867018e+00
6397,12321,IO_TZn,0.000000000000e+00
6397,12321,AO_TZn,2.136204490727e+00
6397,12321,PO_TZn,7.286508357746e+00
6397,12321,SED_TZn,5.150303867018e+00
6397,12321,SEDWSSD_TZn,5.150303867018e+00
6397,12321,SEDSCRS_TZn,0.000000000000e+00
6397,12322,AREA,0.000000000000e+00
6397,12322,PREC,0.000000000000e+00
6397,12322,SURO,0.000000000000e+00
6397,12322,IFWO,0.000000000000e+00
6397,12322,AGWO,0.000000000000e+00
6397,12322,PERO,0.000000000000e+00
6397,12322,TAET,0.000000000000e+00
6397,12322,SEDLOAD,0.000000000000e+00
6397,12322,SEDWSSD, 0.00000e+00
6397,12322,SEDSCRS, 0.00000e+00
6397,12322,SEDSURO, 0.00000e+00
6397,12322,SEDIFWO, 0.00000e+00
6397,12322,SEDAGWO, 0.00000e+00
6397,12322,SO_TN,0.000000000000e+00
6397,12322,IO_TN,0.000000000000e+00
6397,12322,AO_TN,0.000000000000e+00
6397,12322,PO_TN,0.000000000000e+00
6397,12322,SO_TP,0.000000000000e+00
6397,12322,IO_TP,0.000000000000e+00
6397,12322,AO_TP,0.000000000000e+00
6397,12322,PO_TP,0.000000000000e+00
6397,12322,SED_TP,0.000000000000e+00
6397,12322,SEDWSSD_TP,0.000000000000e+00
6397,12322,SEDSCRS_TP,0.000000000000e+00
6397,12322,SO_TCd,0.000000000000e+00
6397,12322,IO_TCd,0.000000000000e+00
6397,12322,AO_TCd,0.000000000000e+00
6397,12322,PO_TCd,0.000000000000e+00
6397,12322,SED_TCd,0.000000000000e+00
6397,12322,SEDWSSD_TCd,0.000000000000e+00
6397,12322,SEDSCRS_TCd,0.000000000000e+00
6397,12322,SO_TCu,0.000000000000e+00
6397,12322,IO_TCu,0.000000000000e+00
6397,12322,AO_TCu,0.000000000000e+00
6397,12322,PO_TCu,0.000000000000e+00
6397,12322,SED_TCu,0.000000000000e+00
6397,12322,SEDWSSD_TCu,0.000000000000e+00
6397,12322,SEDSCRS_TCu,0.000000000000e+00
6397,12322,SO_TPb,0.000000000000e+00
6397,12322,IO_TPb,0.000000000000e+00
6397,12322,AO_TPb,0.000000000000e+00
6397,12322,PO_TPb,0.000000000000e+00
6397,12322,SED_TPb,0.000000000000e+00
6397,12322,SEDWSSD_TPb,0.000000000000e+00
6397,12322,SEDSCRS_TPb,0.000000000000e+00
6397,12322,SO_TZn,0.000000000000e+00
6397,12322,IO_TZn,0.000000000000e+00
6397,12322,AO_TZn,0.000000000000e+00
6397,12322,PO_TZn,0.000000000000e+00
6397,12322,SED_TZn,0.000000000000e+00
6397,12322,SEDWSSD_TZn,0.000000000000e+00
6397,12322,SEDSCRS_TZn,0.000000000000e+00
6397,12411,AREA,0.000000000000e+00
6397,12411,PREC,0.000000000000e+00
6397,12411,SURO,0.000000000000e+00
6397,12411,IFWO,0.000000000000e+00
6397,12411,AGWO,0.000000000000e+00
6397,12411,PERO,0.000000000000e+00
6397,12411,TAET,0.000000000000e+00
6397,12411,SEDLOAD,0.000000000000e+00
6397,12411,SEDWSSD, 0.00000e+00
6397,12411,SEDSCRS, 0.00000e+00
6397,12411,SEDSURO, 0.00000e+00
6397,12411,SEDIFWO, 0.00000e+00
6397,12411,SEDAGWO, 0.00000e+00
6397,12411,SO_TN,0.000000000000e+00
6397,12411,IO_TN,0.000000000000e+00
6397,12411,AO_TN,0.000000000000e+00
6397,12411,PO_TN,0.000000000000e+00
6397,12411,SO_TP,0.000000000000e+00
6397,12411,IO_TP,0.000000000000e+00
6397,12411,AO_TP,0.000000000000e+00
6397,12411,PO_TP,0.000000000000e+00
6397,12411,SED_TP,0.000000000000e+00
6397,12411,SEDWSSD_TP,0.000000000000e+00
6397,12411,SEDSCRS_TP,0.000000000000e+00
6397,12411,SO_TCd,0.000000000000e+00
6397,12411,IO_TCd,0.000000000000e+00
6397,12411,AO_TCd,0.000000000000e+00
6397,12411,PO_TCd,0.000000000000e+00
6397,12411,SED_TCd,0.000000000000e+00
6397,12411,SEDWSSD_TCd,0.000000000000e+00
6397,12411,SEDSCRS_TCd,0.000000000000e+00
6397,12411,SO_TCu,0.000000000000e+00
6397,12411,IO_TCu,0.000000000000e+00
6397,12411,AO_TCu,0.000000000000e+00
6397,12411,PO_TCu,0.000000000000e+00
6397,12411,SED_TCu,0.000000000000e+00
6397,12411,SEDWSSD_TCu,0.000000000000e+00
6397,12411,SEDSCRS_TCu,0.000000000000e+00
6397,12411,SO_TPb,0.000000000000e+00
6397,12411,IO_TPb,0.000000000000e+00
6397,12411,AO_TPb,0.000000000000e+00
6397,12411,PO_TPb,0.000000000000e+00
6397,12411,SED_TPb,0.000000000000e+00
6397,12411,SEDWSSD_TPb,0.000000000000e+00
6397,12411,SEDSCRS_TPb,0.000000000000e+00
6397,12411,SO_TZn,0.000000000000e+00
6397,12411,IO_TZn,0.000000000000e+00
6397,12411,AO_TZn,0.000000000000e+00
6397,12411,PO_TZn,0.000000000000e+00
6397,12411,SED_TZn,0.000000000000e+00
6397,12411,SEDWSSD_TZn,0.000000000000e+00
6397,12411,SEDSCRS_TZn,0.000000000000e+00
6397,12412,AREA,0.000000000000e+00
6397,12412,PREC,0.000000000000e+00
6397,12412,SURO,0.000000000000e+00
6397,12412,IFWO,0.000000000000e+00
6397,12412,AGWO,0.000000000000e+00
6397,12412,PERO,0.000000000000e+00
6397,12412,TAET,0.000000000000e+00
6397,12412,SEDLOAD,0.000000000000e+00
6397,12412,SEDWSSD, 0.00000e+00
6397,12412,SEDSCRS, 0.00000e+00
6397,12412,SEDSURO, 0.00000e+00
6397,12412,SEDIFWO, 0.00000e+00
6397,12412,SEDAGWO, 0.00000e+00
6397,12412,SO_TN,0.000000000000e+00
6397,12412,IO_TN,0.000000000000e+00
6397,12412,AO_TN,0.000000000000e+00
6397,12412,PO_TN,0.000000000000e+00
6397,12412,SO_TP,0.000000000000e+00
6397,12412,IO_TP,0.000000000000e+00
6397,12412,AO_TP,0.000000000000e+00
6397,12412,PO_TP,0.000000000000e+00
6397,12412,SED_TP,0.000000000000e+00
6397,12412,SEDWSSD_TP,0.000000000000e+00
6397,12412,SEDSCRS_TP,0.000000000000e+00
6397,12412,SO_TCd,0.000000000000e+00
6397,12412,IO_TCd,0.000000000000e+00
6397,12412,AO_TCd,0.000000000000e+00
6397,12412,PO_TCd,0.000000000000e+00
6397,12412,SED_TCd,0.000000000000e+00
6397,12412,SEDWSSD_TCd,0.000000000000e+00
6397,12412,SEDSCRS_TCd,0.000000000000e+00
6397,12412,SO_TCu,0.000000000000e+00
6397,12412,IO_TCu,0.000000000000e+00
6397,12412,AO_TCu,0.000000000000e+00
6397,12412,PO_TCu,0.000000000000e+00
6397,12412,SED_TCu,0.000000000000e+00
6397,12412,SEDWSSD_TCu,0.000000000000e+00
6397,12412,SEDSCRS_TCu,0.000000000000e+00
6397,12412,SO_TPb,0.000000000000e+00
6397,12412,IO_TPb,0.000000000000e+00
6397,12412,AO_TPb,0.000000000000e+00
6397,12412,PO_TPb,0.000000000000e+00
6397,12412,SED_TPb,0.000000000000e+00
6397,12412,SEDWSSD_TPb,0.000000000000e+00
6397,12412,SEDSCRS_TPb,0.000000000000e+00
6397,12412,SO_TZn,0.000000000000e+00
6397,12412,IO_TZn,0.000000000000e+00
6397,12412,AO_TZn,0.000000000000e+00
6397,12412,PO_TZn,0.000000000000e+00
6397,12412,SED_TZn,0.000000000000e+00
6397,12412,SEDWSSD_TZn,0.000000000000e+00
6397,12412,SEDSCRS_TZn,0.000000000000e+00
6397,12421,AREA,3.250399999995e-02
6397,12421,PREC,3.887011305152e-01
6397,12421,SURO,5.891658440709e-02
6397,12421,IFWO,9.269879121810e-04
6397,12421,AGWO,5.426577811353e-02
6397,12421,PERO,1.141093504328e-01
6397,12421,TAET,2.779573677961e-01
6397,12421,SEDLOAD,3.222869502709e-04
6397,12421,SEDWSSD, 3.16033e-04
6397,12421,SEDSCRS, 0.00000e+00
6397,12421,SEDSURO, 0.00000e+00
6397,12421,SEDIFWO, 1.05034e-07
6397,12421,SEDAGWO, 6.14867e-06
6397,12421,SO_TN,1.417177473952e-02
6397,12421,IO_TN,2.100680166019e-04
6397,12421,AO_TN,3.689208099008e-03
6397,12421,PO_TN,1.807105085513e-02
6397,12421,SO_TP,6.320664881987e-04
6397,12421,IO_TP,8.402720664076e-05
6397,12421,AO_TP,2.459472066005e-03
6397,12421,PO_TP,3.175565760845e-03
6397,12421,SED_TP,6.320664881987e-04
6397,12421,SEDWSSD_TP,6.320664881987e-04
6397,12421,SEDSCRS_TP,0.000000000000e+00
6397,12421,SO_TCd,1.580166220497e-06
6397,12421,IO_TCd,0.000000000000e+00
6397,12421,AO_TCd,0.000000000000e+00
6397,12421,PO_TCd,1.580166220497e-06
6397,12421,SED_TCd,1.580166220497e-06
6397,12421,SEDWSSD_TCd,1.580166220497e-06
6397,12421,SEDSCRS_TCd,0.000000000000e+00
6397,12421,SO_TCu,1.580166220497e-04
6397,12421,IO_TCu,0.000000000000e+00
6397,12421,AO_TCu,0.000000000000e+00
6397,12421,PO_TCu,1.580166220497e-04
6397,12421,SED_TCu,1.580166220497e-04
6397,12421,SEDWSSD_TCu,1.580166220497e-04
6397,12421,SEDSCRS_TCu,0.000000000000e+00
6397,12421,SO_TPb,3.160332440993e-06
6397,12421,IO_TPb,0.000000000000e+00
6397,12421,AO_TPb,0.000000000000e+00
6397,12421,PO_TPb,3.160332440993e-06
6397,12421,SED_TPb,3.160332440993e-06
6397,12421,SEDWSSD_TPb,3.160332440993e-06
6397,12421,SEDSCRS_TPb,0.000000000000e+00
6397,12421,SO_TZn,1.137719678758e-03
6397,12421,IO_TZn,0.000000000000e+00
6397,12421,AO_TZn,6.148680165013e-04
6397,12421,PO_TZn,1.752587695259e-03
6397,12421,SED_TZn,1.137719678758e-03
6397,12421,SEDWSSD_TZn,1.137719678758e-03
6397,12421,SEDSCRS_TZn,0.000000000000e+00
6397,12422,AREA,0.000000000000e+00
6397,12422,PREC,0.000000000000e+00
6397,12422,SURO,0.000000000000e+00
6397,12422,IFWO,0.000000000000e+00
6397,12422,AGWO,0.000000000000e+00
6397,12422,PERO,0.000000000000e+00
6397,12422,TAET,0.000000000000e+00
6397,12422,SEDLOAD,0.000000000000e+00
6397,12422,SEDWSSD, 0.00000e+00
6397,12422,SEDSCRS, 0.00000e+00
6397,12422,SEDSURO, 0.00000e+00
6397,12422,SEDIFWO, 0.00000e+00
6397,12422,SEDAGWO, 0.00000e+00
6397,12422,SO_TN,0.000000000000e+00
6397,12422,IO_TN,0.000000000000e+00
6397,12422,AO_TN,0.000000000000e+00
6397,12422,PO_TN,0.000000000000e+00
6397,12422,SO_TP,0.000000000000e+00
6397,12422,IO_TP,0.000000000000e+00
6397,12422,AO_TP,0.000000000000e+00
6397,12422,PO_TP,0.000000000000e+00
6397,12422,SED_TP,0.000000000000e+00
6397,12422,SEDWSSD_TP,0.000000000000e+00
6397,12422,SEDSCRS_TP,0.000000000000e+00
6397,12422,SO_TCd,0.000000000000e+00
6397,12422,IO_TCd,0.000000000000e+00
6397,12422,AO_TCd,0.000000000000e+00
6397,12422,PO_TCd,0.000000000000e+00
6397,12422,SED_TCd,0.000000000000e+00
6397,12422,SEDWSSD_TCd,0.000000000000e+00
6397,12422,SEDSCRS_TCd,0.000000000000e+00
6397,12422,SO_TCu,0.000000000000e+00
6397,12422,IO_TCu,0.000000000000e+00
6397,12422,AO_TCu,0.000000000000e+00
6397,12422,PO_TCu,0.000000000000e+00
6397,12422,SED_TCu,0.000000000000e+00
6397,12422,SEDWSSD_TCu,0.000000000000e+00
6397,12422,SEDSCRS_TCu,0.000000000000e+00
6397,12422,SO_TPb,0.000000000000e+00
6397,12422,IO_TPb,0.000000000000e+00
6397,12422,AO_TPb,0.000000000000e+00
6397,12422,PO_TPb,0.000000000000e+00
6397,12422,SED_TPb,0.000000000000e+00
6397,12422,SEDWSSD_TPb,0.000000000000e+00
6397,12422,SEDSCRS_TPb,0.000000000000e+00
6397,12422,SO_TZn,0.000000000000e+00
6397,12422,IO_TZn,0.000000000000e+00
6397,12422,AO_TZn,0.000000000000e+00
6397,12422,PO_TZn,0.000000000000e+00
6397,12422,SED_TZn,0.000000000000e+00
6397,12422,SEDWSSD_TZn,0.000000000000e+00
6397,12422,SEDSCRS_TZn,0.000000000000e+00
6397,13111,AREA,0.000000000000e+00
6397,13111,PREC,0.000000000000e+00
6397,13111,SURO,0.000000000000e+00
6397,13111,IFWO,0.000000000000e+00
6397,13111,AGWO,0.000000000000e+00
6397,13111,PERO,0.000000000000e+00
6397,13111,TAET,0.000000000000e+00
6397,13111,SEDLOAD,0.000000000000e+00
6397,13111,SEDWSSD, 0.00000e+00
6397,13111,SEDSCRS, 0.00000e+00
6397,13111,SEDSURO, 0.00000e+00
6397,13111,SEDIFWO, 0.00000e+00
6397,13111,SEDAGWO, 0.00000e+00
6397,13111,SO_TN,0.000000000000e+00
6397,13111,IO_TN,0.000000000000e+00
6397,13111,AO_TN,0.000000000000e+00
6397,13111,PO_TN,0.000000000000e+00
6397,13111,SO_TP,0.000000000000e+00
6397,13111,IO_TP,0.000000000000e+00
6397,13111,AO_TP,0.000000000000e+00
6397,13111,PO_TP,0.000000000000e+00
6397,13111,SED_TP,0.000000000000e+00
6397,13111,SEDWSSD_TP,0.000000000000e+00
6397,13111,SEDSCRS_TP,0.000000000000e+00
6397,13111,SO_TCd,0.000000000000e+00
6397,13111,IO_TCd,0.000000000000e+00
6397,13111,AO_TCd,0.000000000000e+00
6397,13111,PO_TCd,0.000000000000e+00
6397,13111,SED_TCd,0.000000000000e+00
6397,13111,SEDWSSD_TCd,0.000000000000e+00
6397,13111,SEDSCRS_TCd,0.000000000000e+00
6397,13111,SO_TCu,0.000000000000e+00
6397,13111,IO_TCu,0.000000000000e+00
6397,13111,AO_TCu,0.000000000000e+00
6397,13111,PO_TCu,0.000000000000e+00
6397,13111,SED_TCu,0.000000000000e+00
6397,13111,SEDWSSD_TCu,0.000000000000e+00
6397,13111,SEDSCRS_TCu,0.000000000000e+00
6397,13111,SO_TPb,0.000000000000e+00
6397,13111,IO_TPb,0.000000000000e+00
6397,13111,AO_TPb,0.000000000000e+00
6397,13111,PO_TPb,0.000000000000e+00
6397,13111,SED_TPb,0.000000000000e+00
6397,13111,SEDWSSD_TPb,0.000000000000e+00
6397,13111,SEDSCRS_TPb,0.000000000000e+00
6397,13111,SO_TZn,0.000000000000e+00
6397,13111,IO_TZn,0.000000000000e+00
6397,13111,AO_TZn,0.000000000000e+00
6397,13111,PO_TZn,0.000000000000e+00
6397,13111,SED_TZn,0.000000000000e+00
6397,13111,SEDWSSD_TZn,0.000000000000e+00
6397,13111,SEDSCRS_TZn,0.000000000000e+00
6397,13112,AREA,0.000000000000e+00
6397,13112,PREC,0.000000000000e+00
6397,13112,SURO,0.000000000000e+00
6397,13112,IFWO,0.000000000000e+00
6397,13112,AGWO,0.000000000000e+00
6397,13112,PERO,0.000000000000e+00
6397,13112,TAET,0.000000000000e+00
6397,13112,SEDLOAD,0.000000000000e+00
6397,13112,SEDWSSD, 0.00000e+00
6397,13112,SEDSCRS, 0.00000e+00
6397,13112,SEDSURO, 0.00000e+00
6397,13112,SEDIFWO, 0.00000e+00
6397,13112,SEDAGWO, 0.00000e+00
6397,13112,SO_TN,0.000000000000e+00
6397,13112,IO_TN,0.000000000000e+00
6397,13112,AO_TN,0.000000000000e+00
6397,13112,PO_TN,0.000000000000e+00
6397,13112,SO_TP,0.000000000000e+00
6397,13112,IO_TP,0.000000000000e+00
6397,13112,AO_TP,0.000000000000e+00
6397,13112,PO_TP,0.000000000000e+00
6397,13112,SED_TP,0.000000000000e+00
6397,13112,SEDWSSD_TP,0.000000000000e+00
6397,13112,SEDSCRS_TP,0.000000000000e+00
6397,13112,SO_TCd,0.000000000000e+00
6397,13112,IO_TCd,0.000000000000e+00
6397,13112,AO_TCd,0.000000000000e+00
6397,13112,PO_TCd,0.000000000000e+00
6397,13112,SED_TCd,0.000000000000e+00
6397,13112,SEDWSSD_TCd,0.000000000000e+00
6397,13112,SEDSCRS_TCd,0.000000000000e+00
6397,13112,SO_TCu,0.000000000000e+00
6397,13112,IO_TCu,0.000000000000e+00
6397,13112,AO_TCu,0.000000000000e+00
6397,13112,PO_TCu,0.000000000000e+00
6397,13112,SED_TCu,0.000000000000e+00
6397,13112,SEDWSSD_TCu,0.000000000000e+00
6397,13112,SEDSCRS_TCu,0.000000000000e+00
6397,13112,SO_TPb,0.000000000000e+00
6397,13112,IO_TPb,0.000000000000e+00
6397,13112,AO_TPb,0.000000000000e+00
6397,13112,PO_TPb,0.000000000000e+00
6397,13112,SED_TPb,0.000000000000e+00
6397,13112,SEDWSSD_TPb,0.000000000000e+00
6397,13112,SEDSCRS_TPb,0.000000000000e+00
6397,13112,SO_TZn,0.000000000000e+00
6397,13112,IO_TZn,0.000000000000e+00
6397,13112,AO_TZn,0.000000000000e+00
6397,13112,PO_TZn,0.000000000000e+00
6397,13112,SED_TZn,0.000000000000e+00
6397,13112,SEDWSSD_TZn,0.000000000000e+00
6397,13112,SEDSCRS_TZn,0.000000000000e+00
6397,13121,AREA,0.000000000000e+00
6397,13121,PREC,0.000000000000e+00
6397,13121,SURO,0.000000000000e+00
6397,13121,IFWO,0.000000000000e+00
6397,13121,AGWO,0.000000000000e+00
6397,13121,PERO,0.000000000000e+00
6397,13121,TAET,0.000000000000e+00
6397,13121,SEDLOAD,0.000000000000e+00
6397,13121,SEDWSSD, 0.00000e+00
6397,13121,SEDSCRS, 0.00000e+00
6397,13121,SEDSURO, 0.00000e+00
6397,13121,SEDIFWO, 0.00000e+00
6397,13121,SEDAGWO, 0.00000e+00
6397,13121,SO_TN,0.000000000000e+00
6397,13121,IO_TN,0.000000000000e+00
6397,13121,AO_TN,0.000000000000e+00
6397,13121,PO_TN,0.000000000000e+00
6397,13121,SO_TP,0.000000000000e+00
6397,13121,IO_TP,0.000000000000e+00
6397,13121,AO_TP,0.000000000000e+00
6397,13121,PO_TP,0.000000000000e+00
6397,13121,SED_TP,0.000000000000e+00
6397,13121,SEDWSSD_TP,0.000000000000e+00
6397,13121,SEDSCRS_TP,0.000000000000e+00
6397,13121,SO_TCd,0.000000000000e+00
6397,13121,IO_TCd,0.000000000000e+00
6397,13121,AO_TCd,0.000000000000e+00
6397,13121,PO_TCd,0.000000000000e+00
6397,13121,SED_TCd,0.000000000000e+00
6397,13121,SEDWSSD_TCd,0.000000000000e+00
6397,13121,SEDSCRS_TCd,0.000000000000e+00
6397,13121,SO_TCu,0.000000000000e+00
6397,13121,IO_TCu,0.000000000000e+00
6397,13121,AO_TCu,0.000000000000e+00
6397,13121,PO_TCu,0.000000000000e+00
6397,13121,SED_TCu,0.000000000000e+00
6397,13121,SEDWSSD_TCu,0.000000000000e+00
6397,13121,SEDSCRS_TCu,0.000000000000e+00
6397,13121,SO_TPb,0.000000000000e+00
6397,13121,IO_TPb,0.000000000000e+00
6397,13121,AO_TPb,0.000000000000e+00
6397,13121,PO_TPb,0.000000000000e+00
6397,13121,SED_TPb,0.000000000000e+00
6397,13121,SEDWSSD_TPb,0.000000000000e+00
6397,13121,SEDSCRS_TPb,0.000000000000e+00
6397,13121,SO_TZn,0.000000000000e+00
6397,13121,IO_TZn,0.000000000000e+00
6397,13121,AO_TZn,0.000000000000e+00
6397,13121,PO_TZn,0.000000000000e+00
6397,13121,SED_TZn,0.000000000000e+00
6397,13121,SEDWSSD_TZn,0.000000000000e+00
6397,13121,SEDSCRS_TZn,0.000000000000e+00
6397,13122,AREA,0.000000000000e+00
6397,13122,PREC,0.000000000000e+00
6397,13122,SURO,0.000000000000e+00
6397,13122,IFWO,0.000000000000e+00
6397,13122,AGWO,0.000000000000e+00
6397,13122,PERO,0.000000000000e+00
6397,13122,TAET,0.000000000000e+00
6397,13122,SEDLOAD,0.000000000000e+00
6397,13122,SEDWSSD, 0.00000e+00
6397,13122,SEDSCRS, 0.00000e+00
6397,13122,SEDSURO, 0.00000e+00
6397,13122,SEDIFWO, 0.00000e+00
6397,13122,SEDAGWO, 0.00000e+00
6397,13122,SO_TN,0.000000000000e+00
6397,13122,IO_TN,0.000000000000e+00
6397,13122,AO_TN,0.000000000000e+00
6397,13122,PO_TN,0.000000000000e+00
6397,13122,SO_TP,0.000000000000e+00
6397,13122,IO_TP,0.000000000000e+00
6397,13122,AO_TP,0.000000000000e+00
6397,13122,PO_TP,0.000000000000e+00
6397,13122,SED_TP,0.000000000000e+00
6397,13122,SEDWSSD_TP,0.000000000000e+00
6397,13122,SEDSCRS_TP,0.000000000000e+00
6397,13122,SO_TCd,0.000000000000e+00
6397,13122,IO_TCd,0.000000000000e+00
6397,13122,AO_TCd,0.000000000000e+00
6397,13122,PO_TCd,0.000000000000e+00
6397,13122,SED_TCd,0.000000000000e+00
6397,13122,SEDWSSD_TCd,0.000000000000e+00
6397,13122,SEDSCRS_TCd,0.000000000000e+00
6397,13122,SO_TCu,0.000000000000e+00
6397,13122,IO_TCu,0.000000000000e+00
6397,13122,AO_TCu,0.000000000000e+00
6397,13122,PO_TCu,0.000000000000e+00
6397,13122,SED_TCu,0.000000000000e+00
6397,13122,SEDWSSD_TCu,0.000000000000e+00
6397,13122,SEDSCRS_TCu,0.000000000000e+00
6397,13122,SO_TPb,0.000000000000e+00
6397,13122,IO_TPb,0.000000000000e+00
6397,13122,AO_TPb,0.000000000000e+00
6397,13122,PO_TPb,0.000000000000e+00
6397,13122,SED_TPb,0.000000000000e+00
6397,13122,SEDWSSD_TPb,0.000000000000e+00
6397,13122,SEDSCRS_TPb,0.000000000000e+00
6397,13122,SO_TZn,0.000000000000e+00
6397,13122,IO_TZn,0.000000000000e+00
6397,13122,AO_TZn,0.000000000000e+00
6397,13122,PO_TZn,0.000000000000e+00
6397,13122,SED_TZn,0.000000000000e+00
6397,13122,SEDWSSD_TZn,0.000000000000e+00
6397,13122,SEDSCRS_TZn,0.000000000000e+00
6397,13211,AREA,0.000000000000e+00
6397,13211,PREC,0.000000000000e+00
6397,13211,SURO,0.000000000000e+00
6397,13211,IFWO,0.000000000000e+00
6397,13211,AGWO,0.000000000000e+00
6397,13211,PERO,0.000000000000e+00
6397,13211,TAET,0.000000000000e+00
6397,13211,SEDLOAD,0.000000000000e+00
6397,13211,SEDWSSD, 0.00000e+00
6397,13211,SEDSCRS, 0.00000e+00
6397,13211,SEDSURO, 0.00000e+00
6397,13211,SEDIFWO, 0.00000e+00
6397,13211,SEDAGWO, 0.00000e+00
6397,13211,SO_TN,0.000000000000e+00
6397,13211,IO_TN,0.000000000000e+00
6397,13211,AO_TN,0.000000000000e+00
6397,13211,PO_TN,0.000000000000e+00
6397,13211,SO_TP,0.000000000000e+00
6397,13211,IO_TP,0.000000000000e+00
6397,13211,AO_TP,0.000000000000e+00
6397,13211,PO_TP,0.000000000000e+00
6397,13211,SED_TP,0.000000000000e+00
6397,13211,SEDWSSD_TP,0.000000000000e+00
6397,13211,SEDSCRS_TP,0.000000000000e+00
6397,13211,SO_TCd,0.000000000000e+00
6397,13211,IO_TCd,0.000000000000e+00
6397,13211,AO_TCd,0.000000000000e+00
6397,13211,PO_TCd,0.000000000000e+00
6397,13211,SED_TCd,0.000000000000e+00
6397,13211,SEDWSSD_TCd,0.000000000000e+00
6397,13211,SEDSCRS_TCd,0.000000000000e+00
6397,13211,SO_TCu,0.000000000000e+00
6397,13211,IO_TCu,0.000000000000e+00
6397,13211,AO_TCu,0.000000000000e+00
6397,13211,PO_TCu,0.000000000000e+00
6397,13211,SED_TCu,0.000000000000e+00
6397,13211,SEDWSSD_TCu,0.000000000000e+00
6397,13211,SEDSCRS_TCu,0.000000000000e+00
6397,13211,SO_TPb,0.000000000000e+00
6397,13211,IO_TPb,0.000000000000e+00
6397,13211,AO_TPb,0.000000000000e+00
6397,13211,PO_TPb,0.000000000000e+00
6397,13211,SED_TPb,0.000000000000e+00
6397,13211,SEDWSSD_TPb,0.000000000000e+00
6397,13211,SEDSCRS_TPb,0.000000000000e+00
6397,13211,SO_TZn,0.000000000000e+00
6397,13211,IO_TZn,0.000000000000e+00
6397,13211,AO_TZn,0.000000000000e+00
6397,13211,PO_TZn,0.000000000000e+00
6397,13211,SED_TZn,0.000000000000e+00
6397,13211,SEDWSSD_TZn,0.000000000000e+00
6397,13211,SEDSCRS_TZn,0.000000000000e+00
6397,13212,AREA,0.000000000000e+00
6397,13212,PREC,0.000000000000e+00
6397,13212,SURO,0.000000000000e+00
6397,13212,IFWO,0.000000000000e+00
6397,13212,AGWO,0.000000000000e+00
6397,13212,PERO,0.000000000000e+00
6397,13212,TAET,0.000000000000e+00
6397,13212,SEDLOAD,0.000000000000e+00
6397,13212,SEDWSSD, 0.00000e+00
6397,13212,SEDSCRS, 0.00000e+00
6397,13212,SEDSURO, 0.00000e+00
6397,13212,SEDIFWO, 0.00000e+00
6397,13212,SEDAGWO, 0.00000e+00
6397,13212,SO_TN,0.000000000000e+00
6397,13212,IO_TN,0.000000000000e+00
6397,13212,AO_TN,0.000000000000e+00
6397,13212,PO_TN,0.000000000000e+00
6397,13212,SO_TP,0.000000000000e+00
6397,13212,IO_TP,0.000000000000e+00
6397,13212,AO_TP,0.000000000000e+00
6397,13212,PO_TP,0.000000000000e+00
6397,13212,SED_TP,0.000000000000e+00
6397,13212,SEDWSSD_TP,0.000000000000e+00
6397,13212,SEDSCRS_TP,0.000000000000e+00
6397,13212,SO_TCd,0.000000000000e+00
6397,13212,IO_TCd,0.000000000000e+00
6397,13212,AO_TCd,0.000000000000e+00
6397,13212,PO_TCd,0.000000000000e+00
6397,13212,SED_TCd,0.000000000000e+00
6397,13212,SEDWSSD_TCd,0.000000000000e+00
6397,13212,SEDSCRS_TCd,0.000000000000e+00
6397,13212,SO_TCu,0.000000000000e+00
6397,13212,IO_TCu,0.000000000000e+00
6397,13212,AO_TCu,0.000000000000e+00
6397,13212,PO_TCu,0.000000000000e+00
6397,13212,SED_TCu,0.000000000000e+00
6397,13212,SEDWSSD_TCu,0.000000000000e+00
6397,13212,SEDSCRS_TCu,0.000000000000e+00
6397,13212,SO_TPb,0.000000000000e+00
6397,13212,IO_TPb,0.000000000000e+00
6397,13212,AO_TPb,0.000000000000e+00
6397,13212,PO_TPb,0.000000000000e+00
6397,13212,SED_TPb,0.000000000000e+00
6397,13212,SEDWSSD_TPb,0.000000000000e+00
6397,13212,SEDSCRS_TPb,0.000000000000e+00
6397,13212,SO_TZn,0.000000000000e+00
6397,13212,IO_TZn,0.000000000000e+00
6397,13212,AO_TZn,0.000000000000e+00
6397,13212,PO_TZn,0.000000000000e+00
6397,13212,SED_TZn,0.000000000000e+00
6397,13212,SEDWSSD_TZn,0.000000000000e+00
6397,13212,SEDSCRS_TZn,0.000000000000e+00
6397,13221,AREA,0.000000000000e+00
6397,13221,PREC,0.000000000000e+00
6397,13221,SURO,0.000000000000e+00
6397,13221,IFWO,0.000000000000e+00
6397,13221,AGWO,0.000000000000e+00
6397,13221,PERO,0.000000000000e+00
6397,13221,TAET,0.000000000000e+00
6397,13221,SEDLOAD,0.000000000000e+00
6397,13221,SEDWSSD, 0.00000e+00
6397,13221,SEDSCRS, 0.00000e+00
6397,13221,SEDSURO, 0.00000e+00
6397,13221,SEDIFWO, 0.00000e+00
6397,13221,SEDAGWO, 0.00000e+00
6397,13221,SO_TN,0.000000000000e+00
6397,13221,IO_TN,0.000000000000e+00
6397,13221,AO_TN,0.000000000000e+00
6397,13221,PO_TN,0.000000000000e+00
6397,13221,SO_TP,0.000000000000e+00
6397,13221,IO_TP,0.000000000000e+00
6397,13221,AO_TP,0.000000000000e+00
6397,13221,PO_TP,0.000000000000e+00
6397,13221,SED_TP,0.000000000000e+00
6397,13221,SEDWSSD_TP,0.000000000000e+00
6397,13221,SEDSCRS_TP,0.000000000000e+00
6397,13221,SO_TCd,0.000000000000e+00
6397,13221,IO_TCd,0.000000000000e+00
6397,13221,AO_TCd,0.000000000000e+00
6397,13221,PO_TCd,0.000000000000e+00
6397,13221,SED_TCd,0.000000000000e+00
6397,13221,SEDWSSD_TCd,0.000000000000e+00
6397,13221,SEDSCRS_TCd,0.000000000000e+00
6397,13221,SO_TCu,0.000000000000e+00
6397,13221,IO_TCu,0.000000000000e+00
6397,13221,AO_TCu,0.000000000000e+00
6397,13221,PO_TCu,0.000000000000e+00
6397,13221,SED_TCu,0.000000000000e+00
6397,13221,SEDWSSD_TCu,0.000000000000e+00
6397,13221,SEDSCRS_TCu,0.000000000000e+00
6397,13221,SO_TPb,0.000000000000e+00
6397,13221,IO_TPb,0.000000000000e+00
6397,13221,AO_TPb,0.000000000000e+00
6397,13221,PO_TPb,0.000000000000e+00
6397,13221,SED_TPb,0.000000000000e+00
6397,13221,SEDWSSD_TPb,0.000000000000e+00
6397,13221,SEDSCRS_TPb,0.000000000000e+00
6397,13221,SO_TZn,0.000000000000e+00
6397,13221,IO_TZn,0.000000000000e+00
6397,13221,AO_TZn,0.000000000000e+00
6397,13221,PO_TZn,0.000000000000e+00
6397,13221,SED_TZn,0.000000000000e+00
6397,13221,SEDWSSD_TZn,0.000000000000e+00
6397,13221,SEDSCRS_TZn,0.000000000000e+00
6397,13222,AREA,0.000000000000e+00
6397,13222,PREC,0.000000000000e+00
6397,13222,SURO,0.000000000000e+00
6397,13222,IFWO,0.000000000000e+00
6397,13222,AGWO,0.000000000000e+00
6397,13222,PERO,0.000000000000e+00
6397,13222,TAET,0.000000000000e+00
6397,13222,SEDLOAD,0.000000000000e+00
6397,13222,SEDWSSD, 0.00000e+00
6397,13222,SEDSCRS, 0.00000e+00
6397,13222,SEDSURO, 0.00000e+00
6397,13222,SEDIFWO, 0.00000e+00
6397,13222,SEDAGWO, 0.00000e+00
6397,13222,SO_TN,0.000000000000e+00
6397,13222,IO_TN,0.000000000000e+00
6397,13222,AO_TN,0.000000000000e+00
6397,13222,PO_TN,0.000000000000e+00
6397,13222,SO_TP,0.000000000000e+00
6397,13222,IO_TP,0.000000000000e+00
6397,13222,AO_TP,0.000000000000e+00
6397,13222,PO_TP,0.000000000000e+00
6397,13222,SED_TP,0.000000000000e+00
6397,13222,SEDWSSD_TP,0.000000000000e+00
6397,13222,SEDSCRS_TP,0.000000000000e+00
6397,13222,SO_TCd,0.000000000000e+00
6397,13222,IO_TCd,0.000000000000e+00
6397,13222,AO_TCd,0.000000000000e+00
6397,13222,PO_TCd,0.000000000000e+00
6397,13222,SED_TCd,0.000000000000e+00
6397,13222,SEDWSSD_TCd,0.000000000000e+00
6397,13222,SEDSCRS_TCd,0.000000000000e+00
6397,13222,SO_TCu,0.000000000000e+00
6397,13222,IO_TCu,0.000000000000e+00
6397,13222,AO_TCu,0.000000000000e+00
6397,13222,PO_TCu,0.000000000000e+00
6397,13222,SED_TCu,0.000000000000e+00
6397,13222,SEDWSSD_TCu,0.000000000000e+00
6397,13222,SEDSCRS_TCu,0.000000000000e+00
6397,13222,SO_TPb,0.000000000000e+00
6397,13222,IO_TPb,0.000000000000e+00
6397,13222,AO_TPb,0.000000000000e+00
6397,13222,PO_TPb,0.000000000000e+00
6397,13222,SED_TPb,0.000000000000e+00
6397,13222,SEDWSSD_TPb,0.000000000000e+00
6397,13222,SEDSCRS_TPb,0.000000000000e+00
6397,13222,SO_TZn,0.000000000000e+00
6397,13222,IO_TZn,0.000000000000e+00
6397,13222,AO_TZn,0.000000000000e+00
6397,13222,PO_TZn,0.000000000000e+00
6397,13222,SED_TZn,0.000000000000e+00
6397,13222,SEDWSSD_TZn,0.000000000000e+00
6397,13222,SEDSCRS_TZn,0.000000000000e+00
6397,13231,AREA,0.000000000000e+00
6397,13231,PREC,0.000000000000e+00
6397,13231,SURO,0.000000000000e+00
6397,13231,IFWO,0.000000000000e+00
6397,13231,AGWO,0.000000000000e+00
6397,13231,PERO,0.000000000000e+00
6397,13231,TAET,0.000000000000e+00
6397,13231,SEDLOAD,0.000000000000e+00
6397,13231,SEDWSSD, 0.00000e+00
6397,13231,SEDSCRS, 0.00000e+00
6397,13231,SEDSURO, 0.00000e+00
6397,13231,SEDIFWO, 0.00000e+00
6397,13231,SEDAGWO, 0.00000e+00
6397,13231,SO_TN,0.000000000000e+00
6397,13231,IO_TN,0.000000000000e+00
6397,13231,AO_TN,0.000000000000e+00
6397,13231,PO_TN,0.000000000000e+00
6397,13231,SO_TP,0.000000000000e+00
6397,13231,IO_TP,0.000000000000e+00
6397,13231,AO_TP,0.000000000000e+00
6397,13231,PO_TP,0.000000000000e+00
6397,13231,SED_TP,0.000000000000e+00
6397,13231,SEDWSSD_TP,0.000000000000e+00
6397,13231,SEDSCRS_TP,0.000000000000e+00
6397,13231,SO_TCd,0.000000000000e+00
6397,13231,IO_TCd,0.000000000000e+00
6397,13231,AO_TCd,0.000000000000e+00
6397,13231,PO_TCd,0.000000000000e+00
6397,13231,SED_TCd,0.000000000000e+00
6397,13231,SEDWSSD_TCd,0.000000000000e+00
6397,13231,SEDSCRS_TCd,0.000000000000e+00
6397,13231,SO_TCu,0.000000000000e+00
6397,13231,IO_TCu,0.000000000000e+00
6397,13231,AO_TCu,0.000000000000e+00
6397,13231,PO_TCu,0.000000000000e+00
6397,13231,SED_TCu,0.000000000000e+00
6397,13231,SEDWSSD_TCu,0.000000000000e+00
6397,13231,SEDSCRS_TCu,0.000000000000e+00
6397,13231,SO_TPb,0.000000000000e+00
6397,13231,IO_TPb,0.000000000000e+00
6397,13231,AO_TPb,0.000000000000e+00
6397,13231,PO_TPb,0.000000000000e+00
6397,13231,SED_TPb,0.000000000000e+00
6397,13231,SEDWSSD_TPb,0.000000000000e+00
6397,13231,SEDSCRS_TPb,0.000000000000e+00
6397,13231,SO_TZn,0.000000000000e+00
6397,13231,IO_TZn,0.000000000000e+00
6397,13231,AO_TZn,0.000000000000e+00
6397,13231,PO_TZn,0.000000000000e+00
6397,13231,SED_TZn,0.000000000000e+00
6397,13231,SEDWSSD_TZn,0.000000000000e+00
6397,13231,SEDSCRS_TZn,0.000000000000e+00
6397,13232,AREA,0.000000000000e+00
6397,13232,PREC,0.000000000000e+00
6397,13232,SURO,0.000000000000e+00
6397,13232,IFWO,0.000000000000e+00
6397,13232,AGWO,0.000000000000e+00
6397,13232,PERO,0.000000000000e+00
6397,13232,TAET,0.000000000000e+00
6397,13232,SEDLOAD,0.000000000000e+00
6397,13232,SEDWSSD, 0.00000e+00
6397,13232,SEDSCRS, 0.00000e+00
6397,13232,SEDSURO, 0.00000e+00
6397,13232,SEDIFWO, 0.00000e+00
6397,13232,SEDAGWO, 0.00000e+00
6397,13232,SO_TN,0.000000000000e+00
6397,13232,IO_TN,0.000000000000e+00
6397,13232,AO_TN,0.000000000000e+00
6397,13232,PO_TN,0.000000000000e+00
6397,13232,SO_TP,0.000000000000e+00
6397,13232,IO_TP,0.000000000000e+00
6397,13232,AO_TP,0.000000000000e+00
6397,13232,PO_TP,0.000000000000e+00
6397,13232,SED_TP,0.000000000000e+00
6397,13232,SEDWSSD_TP,0.000000000000e+00
6397,13232,SEDSCRS_TP,0.000000000000e+00
6397,13232,SO_TCd,0.000000000000e+00
6397,13232,IO_TCd,0.000000000000e+00
6397,13232,AO_TCd,0.000000000000e+00
6397,13232,PO_TCd,0.000000000000e+00
6397,13232,SED_TCd,0.000000000000e+00
6397,13232,SEDWSSD_TCd,0.000000000000e+00
6397,13232,SEDSCRS_TCd,0.000000000000e+00
6397,13232,SO_TCu,0.000000000000e+00
6397,13232,IO_TCu,0.000000000000e+00
6397,13232,AO_TCu,0.000000000000e+00
6397,13232,PO_TCu,0.000000000000e+00
6397,13232,SED_TCu,0.000000000000e+00
6397,13232,SEDWSSD_TCu,0.000000000000e+00
6397,13232,SEDSCRS_TCu,0.000000000000e+00
6397,13232,SO_TPb,0.000000000000e+00
6397,13232,IO_TPb,0.000000000000e+00
6397,13232,AO_TPb,0.000000000000e+00
6397,13232,PO_TPb,0.000000000000e+00
6397,13232,SED_TPb,0.000000000000e+00
6397,13232,SEDWSSD_TPb,0.000000000000e+00
6397,13232,SEDSCRS_TPb,0.000000000000e+00
6397,13232,SO_TZn,0.000000000000e+00
6397,13232,IO_TZn,0.000000000000e+00
6397,13232,AO_TZn,0.000000000000e+00
6397,13232,PO_TZn,0.000000000000e+00
6397,13232,SED_TZn,0.000000000000e+00
6397,13232,SEDWSSD_TZn,0.000000000000e+00
6397,13232,SEDSCRS_TZn,0.000000000000e+00
6397,13311,AREA,0.000000000000e+00
6397,13311,PREC,0.000000000000e+00
6397,13311,SURO,0.000000000000e+00
6397,13311,IFWO,0.000000000000e+00
6397,13311,AGWO,0.000000000000e+00
6397,13311,PERO,0.000000000000e+00
6397,13311,TAET,0.000000000000e+00
6397,13311,SEDLOAD,0.000000000000e+00
6397,13311,SEDWSSD, 0.00000e+00
6397,13311,SEDSCRS, 0.00000e+00
6397,13311,SEDSURO, 0.00000e+00
6397,13311,SEDIFWO, 0.00000e+00
6397,13311,SEDAGWO, 0.00000e+00
6397,13311,SO_TN,0.000000000000e+00
6397,13311,IO_TN,0.000000000000e+00
6397,13311,AO_TN,0.000000000000e+00
6397,13311,PO_TN,0.000000000000e+00
6397,13311,SO_TP,0.000000000000e+00
6397,13311,IO_TP,0.000000000000e+00
6397,13311,AO_TP,0.000000000000e+00
6397,13311,PO_TP,0.000000000000e+00
6397,13311,SED_TP,0.000000000000e+00
6397,13311,SEDWSSD_TP,0.000000000000e+00
6397,13311,SEDSCRS_TP,0.000000000000e+00
6397,13311,SO_TCd,0.000000000000e+00
6397,13311,IO_TCd,0.000000000000e+00
6397,13311,AO_TCd,0.000000000000e+00
6397,13311,PO_TCd,0.000000000000e+00
6397,13311,SED_TCd,0.000000000000e+00
6397,13311,SEDWSSD_TCd,0.000000000000e+00
6397,13311,SEDSCRS_TCd,0.000000000000e+00
6397,13311,SO_TCu,0.000000000000e+00
6397,13311,IO_TCu,0.000000000000e+00
6397,13311,AO_TCu,0.000000000000e+00
6397,13311,PO_TCu,0.000000000000e+00
6397,13311,SED_TCu,0.000000000000e+00
6397,13311,SEDWSSD_TCu,0.000000000000e+00
6397,13311,SEDSCRS_TCu,0.000000000000e+00
6397,13311,SO_TPb,0.000000000000e+00
6397,13311,IO_TPb,0.000000000000e+00
6397,13311,AO_TPb,0.000000000000e+00
6397,13311,PO_TPb,0.000000000000e+00
6397,13311,SED_TPb,0.000000000000e+00
6397,13311,SEDWSSD_TPb,0.000000000000e+00
6397,13311,SEDSCRS_TPb,0.000000000000e+00
6397,13311,SO_TZn,0.000000000000e+00
6397,13311,IO_TZn,0.000000000000e+00
6397,13311,AO_TZn,0.000000000000e+00
6397,13311,PO_TZn,0.000000000000e+00
6397,13311,SED_TZn,0.000000000000e+00
6397,13311,SEDWSSD_TZn,0.000000000000e+00
6397,13311,SEDSCRS_TZn,0.000000000000e+00
6397,13312,AREA,0.000000000000e+00
6397,13312,PREC,0.000000000000e+00
6397,13312,SURO,0.000000000000e+00
6397,13312,IFWO,0.000000000000e+00
6397,13312,AGWO,0.000000000000e+00
6397,13312,PERO,0.000000000000e+00
6397,13312,TAET,0.000000000000e+00
6397,13312,SEDLOAD,0.000000000000e+00
6397,13312,SEDWSSD, 0.00000e+00
6397,13312,SEDSCRS, 0.00000e+00
6397,13312,SEDSURO, 0.00000e+00
6397,13312,SEDIFWO, 0.00000e+00
6397,13312,SEDAGWO, 0.00000e+00
6397,13312,SO_TN,0.000000000000e+00
6397,13312,IO_TN,0.000000000000e+00
6397,13312,AO_TN,0.000000000000e+00
6397,13312,PO_TN,0.000000000000e+00
6397,13312,SO_TP,0.000000000000e+00
6397,13312,IO_TP,0.000000000000e+00
6397,13312,AO_TP,0.000000000000e+00
6397,13312,PO_TP,0.000000000000e+00
6397,13312,SED_TP,0.000000000000e+00
6397,13312,SEDWSSD_TP,0.000000000000e+00
6397,13312,SEDSCRS_TP,0.000000000000e+00
6397,13312,SO_TCd,0.000000000000e+00
6397,13312,IO_TCd,0.000000000000e+00
6397,13312,AO_TCd,0.000000000000e+00
6397,13312,PO_TCd,0.000000000000e+00
6397,13312,SED_TCd,0.000000000000e+00
6397,13312,SEDWSSD_TCd,0.000000000000e+00
6397,13312,SEDSCRS_TCd,0.000000000000e+00
6397,13312,SO_TCu,0.000000000000e+00
6397,13312,IO_TCu,0.000000000000e+00
6397,13312,AO_TCu,0.000000000000e+00
6397,13312,PO_TCu,0.000000000000e+00
6397,13312,SED_TCu,0.000000000000e+00
6397,13312,SEDWSSD_TCu,0.000000000000e+00
6397,13312,SEDSCRS_TCu,0.000000000000e+00
6397,13312,SO_TPb,0.000000000000e+00
6397,13312,IO_TPb,0.000000000000e+00
6397,13312,AO_TPb,0.000000000000e+00
6397,13312,PO_TPb,0.000000000000e+00
6397,13312,SED_TPb,0.000000000000e+00
6397,13312,SEDWSSD_TPb,0.000000000000e+00
6397,13312,SEDSCRS_TPb,0.000000000000e+00
6397,13312,SO_TZn,0.000000000000e+00
6397,13312,IO_TZn,0.000000000000e+00
6397,13312,AO_TZn,0.000000000000e+00
6397,13312,PO_TZn,0.000000000000e+00
6397,13312,SED_TZn,0.000000000000e+00
6397,13312,SEDWSSD_TZn,0.000000000000e+00
6397,13312,SEDSCRS_TZn,0.000000000000e+00
6397,13321,AREA,0.000000000000e+00
6397,13321,PREC,0.000000000000e+00
6397,13321,SURO,0.000000000000e+00
6397,13321,IFWO,0.000000000000e+00
6397,13321,AGWO,0.000000000000e+00
6397,13321,PERO,0.000000000000e+00
6397,13321,TAET,0.000000000000e+00
6397,13321,SEDLOAD,0.000000000000e+00
6397,13321,SEDWSSD, 0.00000e+00
6397,13321,SEDSCRS, 0.00000e+00
6397,13321,SEDSURO, 0.00000e+00
6397,13321,SEDIFWO, 0.00000e+00
6397,13321,SEDAGWO, 0.00000e+00
6397,13321,SO_TN,0.000000000000e+00
6397,13321,IO_TN,0.000000000000e+00
6397,13321,AO_TN,0.000000000000e+00
6397,13321,PO_TN,0.000000000000e+00
6397,13321,SO_TP,0.000000000000e+00
6397,13321,IO_TP,0.000000000000e+00
6397,13321,AO_TP,0.000000000000e+00
6397,13321,PO_TP,0.000000000000e+00
6397,13321,SED_TP,0.000000000000e+00
6397,13321,SEDWSSD_TP,0.000000000000e+00
6397,13321,SEDSCRS_TP,0.000000000000e+00
6397,13321,SO_TCd,0.000000000000e+00
6397,13321,IO_TCd,0.000000000000e+00
6397,13321,AO_TCd,0.000000000000e+00
6397,13321,PO_TCd,0.000000000000e+00
6397,13321,SED_TCd,0.000000000000e+00
6397,13321,SEDWSSD_TCd,0.000000000000e+00
6397,13321,SEDSCRS_TCd,0.000000000000e+00
6397,13321,SO_TCu,0.000000000000e+00
6397,13321,IO_TCu,0.000000000000e+00
6397,13321,AO_TCu,0.000000000000e+00
6397,13321,PO_TCu,0.000000000000e+00
6397,13321,SED_TCu,0.000000000000e+00
6397,13321,SEDWSSD_TCu,0.000000000000e+00
6397,13321,SEDSCRS_TCu,0.000000000000e+00
6397,13321,SO_TPb,0.000000000000e+00
6397,13321,IO_TPb,0.000000000000e+00
6397,13321,AO_TPb,0.000000000000e+00
6397,13321,PO_TPb,0.000000000000e+00
6397,13321,SED_TPb,0.000000000000e+00
6397,13321,SEDWSSD_TPb,0.000000000000e+00
6397,13321,SEDSCRS_TPb,0.000000000000e+00
6397,13321,SO_TZn,0.000000000000e+00
6397,13321,IO_TZn,0.000000000000e+00
6397,13321,AO_TZn,0.000000000000e+00
6397,13321,PO_TZn,0.000000000000e+00
6397,13321,SED_TZn,0.000000000000e+00
6397,13321,SEDWSSD_TZn,0.000000000000e+00
6397,13321,SEDSCRS_TZn,0.000000000000e+00
6397,13322,AREA,0.000000000000e+00
6397,13322,PREC,0.000000000000e+00
6397,13322,SURO,0.000000000000e+00
6397,13322,IFWO,0.000000000000e+00
6397,13322,AGWO,0.000000000000e+00
6397,13322,PERO,0.000000000000e+00
6397,13322,TAET,0.000000000000e+00
6397,13322,SEDLOAD,0.000000000000e+00
6397,13322,SEDWSSD, 0.00000e+00
6397,13322,SEDSCRS, 0.00000e+00
6397,13322,SEDSURO, 0.00000e+00
6397,13322,SEDIFWO, 0.00000e+00
6397,13322,SEDAGWO, 0.00000e+00
6397,13322,SO_TN,0.000000000000e+00
6397,13322,IO_TN,0.000000000000e+00
6397,13322,AO_TN,0.000000000000e+00
6397,13322,PO_TN,0.000000000000e+00
6397,13322,SO_TP,0.000000000000e+00
6397,13322,IO_TP,0.000000000000e+00
6397,13322,AO_TP,0.000000000000e+00
6397,13322,PO_TP,0.000000000000e+00
6397,13322,SED_TP,0.000000000000e+00
6397,13322,SEDWSSD_TP,0.000000000000e+00
6397,13322,SEDSCRS_TP,0.000000000000e+00
6397,13322,SO_TCd,0.000000000000e+00
6397,13322,IO_TCd,0.000000000000e+00
6397,13322,AO_TCd,0.000000000000e+00
6397,13322,PO_TCd,0.000000000000e+00
6397,13322,SED_TCd,0.000000000000e+00
6397,13322,SEDWSSD_TCd,0.000000000000e+00
6397,13322,SEDSCRS_TCd,0.000000000000e+00
6397,13322,SO_TCu,0.000000000000e+00
6397,13322,IO_TCu,0.000000000000e+00
6397,13322,AO_TCu,0.000000000000e+00
6397,13322,PO_TCu,0.000000000000e+00
6397,13322,SED_TCu,0.000000000000e+00
6397,13322,SEDWSSD_TCu,0.000000000000e+00
6397,13322,SEDSCRS_TCu,0.000000000000e+00
6397,13322,SO_TPb,0.000000000000e+00
6397,13322,IO_TPb,0.000000000000e+00
6397,13322,AO_TPb,0.000000000000e+00
6397,13322,PO_TPb,0.000000000000e+00
6397,13322,SED_TPb,0.000000000000e+00
6397,13322,SEDWSSD_TPb,0.000000000000e+00
6397,13322,SEDSCRS_TPb,0.000000000000e+00
6397,13322,SO_TZn,0.000000000000e+00
6397,13322,IO_TZn,0.000000000000e+00
6397,13322,AO_TZn,0.000000000000e+00
6397,13322,PO_TZn,0.000000000000e+00
6397,13322,SED_TZn,0.000000000000e+00
6397,13322,SEDWSSD_TZn,0.000000000000e+00
6397,13322,SEDSCRS_TZn,0.000000000000e+00
6397,13331,AREA,0.000000000000e+00
6397,13331,PREC,0.000000000000e+00
6397,13331,SURO,0.000000000000e+00
6397,13331,IFWO,0.000000000000e+00
6397,13331,AGWO,0.000000000000e+00
6397,13331,PERO,0.000000000000e+00
6397,13331,TAET,0.000000000000e+00
6397,13331,SEDLOAD,0.000000000000e+00
6397,13331,SEDWSSD, 0.00000e+00
6397,13331,SEDSCRS, 0.00000e+00
6397,13331,SEDSURO, 0.00000e+00
6397,13331,SEDIFWO, 0.00000e+00
6397,13331,SEDAGWO, 0.00000e+00
6397,13331,SO_TN,0.000000000000e+00
6397,13331,IO_TN,0.000000000000e+00
6397,13331,AO_TN,0.000000000000e+00
6397,13331,PO_TN,0.000000000000e+00
6397,13331,SO_TP,0.000000000000e+00
6397,13331,IO_TP,0.000000000000e+00
6397,13331,AO_TP,0.000000000000e+00
6397,13331,PO_TP,0.000000000000e+00
6397,13331,SED_TP,0.000000000000e+00
6397,13331,SEDWSSD_TP,0.000000000000e+00
6397,13331,SEDSCRS_TP,0.000000000000e+00
6397,13331,SO_TCd,0.000000000000e+00
6397,13331,IO_TCd,0.000000000000e+00
6397,13331,AO_TCd,0.000000000000e+00
6397,13331,PO_TCd,0.000000000000e+00
6397,13331,SED_TCd,0.000000000000e+00
6397,13331,SEDWSSD_TCd,0.000000000000e+00
6397,13331,SEDSCRS_TCd,0.000000000000e+00
6397,13331,SO_TCu,0.000000000000e+00
6397,13331,IO_TCu,0.000000000000e+00
6397,13331,AO_TCu,0.000000000000e+00
6397,13331,PO_TCu,0.000000000000e+00
6397,13331,SED_TCu,0.000000000000e+00
6397,13331,SEDWSSD_TCu,0.000000000000e+00
6397,13331,SEDSCRS_TCu,0.000000000000e+00
6397,13331,SO_TPb,0.000000000000e+00
6397,13331,IO_TPb,0.000000000000e+00
6397,13331,AO_TPb,0.000000000000e+00
6397,13331,PO_TPb,0.000000000000e+00
6397,13331,SED_TPb,0.000000000000e+00
6397,13331,SEDWSSD_TPb,0.000000000000e+00
6397,13331,SEDSCRS_TPb,0.000000000000e+00
6397,13331,SO_TZn,0.000000000000e+00
6397,13331,IO_TZn,0.000000000000e+00
6397,13331,AO_TZn,0.000000000000e+00
6397,13331,PO_TZn,0.000000000000e+00
6397,13331,SED_TZn,0.000000000000e+00
6397,13331,SEDWSSD_TZn,0.000000000000e+00
6397,13331,SEDSCRS_TZn,0.000000000000e+00
6397,13411,AREA,0.000000000000e+00
6397,13411,PREC,0.000000000000e+00
6397,13411,SURO,0.000000000000e+00
6397,13411,IFWO,0.000000000000e+00
6397,13411,AGWO,0.000000000000e+00
6397,13411,PERO,0.000000000000e+00
6397,13411,TAET,0.000000000000e+00
6397,13411,SEDLOAD,0.000000000000e+00
6397,13411,SEDWSSD, 0.00000e+00
6397,13411,SEDSCRS, 0.00000e+00
6397,13411,SEDSURO, 0.00000e+00
6397,13411,SEDIFWO, 0.00000e+00
6397,13411,SEDAGWO, 0.00000e+00
6397,13411,SO_TN,0.000000000000e+00
6397,13411,IO_TN,0.000000000000e+00
6397,13411,AO_TN,0.000000000000e+00
6397,13411,PO_TN,0.000000000000e+00
6397,13411,SO_TP,0.000000000000e+00
6397,13411,IO_TP,0.000000000000e+00
6397,13411,AO_TP,0.000000000000e+00
6397,13411,PO_TP,0.000000000000e+00
6397,13411,SED_TP,0.000000000000e+00
6397,13411,SEDWSSD_TP,0.000000000000e+00
6397,13411,SEDSCRS_TP,0.000000000000e+00
6397,13411,SO_TCd,0.000000000000e+00
6397,13411,IO_TCd,0.000000000000e+00
6397,13411,AO_TCd,0.000000000000e+00
6397,13411,PO_TCd,0.000000000000e+00
6397,13411,SED_TCd,0.000000000000e+00
6397,13411,SEDWSSD_TCd,0.000000000000e+00
6397,13411,SEDSCRS_TCd,0.000000000000e+00
6397,13411,SO_TCu,0.000000000000e+00
6397,13411,IO_TCu,0.000000000000e+00
6397,13411,AO_TCu,0.000000000000e+00
6397,13411,PO_TCu,0.000000000000e+00
6397,13411,SED_TCu,0.000000000000e+00
6397,13411,SEDWSSD_TCu,0.000000000000e+00
6397,13411,SEDSCRS_TCu,0.000000000000e+00
6397,13411,SO_TPb,0.000000000000e+00
6397,13411,IO_TPb,0.000000000000e+00
6397,13411,AO_TPb,0.000000000000e+00
6397,13411,PO_TPb,0.000000000000e+00
6397,13411,SED_TPb,0.000000000000e+00
6397,13411,SEDWSSD_TPb,0.000000000000e+00
6397,13411,SEDSCRS_TPb,0.000000000000e+00
6397,13411,SO_TZn,0.000000000000e+00
6397,13411,IO_TZn,0.000000000000e+00
6397,13411,AO_TZn,0.000000000000e+00
6397,13411,PO_TZn,0.000000000000e+00
6397,13411,SED_TZn,0.000000000000e+00
6397,13411,SEDWSSD_TZn,0.000000000000e+00
6397,13411,SEDSCRS_TZn,0.000000000000e+00
6397,13412,AREA,0.000000000000e+00
6397,13412,PREC,0.000000000000e+00
6397,13412,SURO,0.000000000000e+00
6397,13412,IFWO,0.000000000000e+00
6397,13412,AGWO,0.000000000000e+00
6397,13412,PERO,0.000000000000e+00
6397,13412,TAET,0.000000000000e+00
6397,13412,SEDLOAD,0.000000000000e+00
6397,13412,SEDWSSD, 0.00000e+00
6397,13412,SEDSCRS, 0.00000e+00
6397,13412,SEDSURO, 0.00000e+00
6397,13412,SEDIFWO, 0.00000e+00
6397,13412,SEDAGWO, 0.00000e+00
6397,13412,SO_TN,0.000000000000e+00
6397,13412,IO_TN,0.000000000000e+00
6397,13412,AO_TN,0.000000000000e+00
6397,13412,PO_TN,0.000000000000e+00
6397,13412,SO_TP,0.000000000000e+00
6397,13412,IO_TP,0.000000000000e+00
6397,13412,AO_TP,0.000000000000e+00
6397,13412,PO_TP,0.000000000000e+00
6397,13412,SED_TP,0.000000000000e+00
6397,13412,SEDWSSD_TP,0.000000000000e+00
6397,13412,SEDSCRS_TP,0.000000000000e+00
6397,13412,SO_TCd,0.000000000000e+00
6397,13412,IO_TCd,0.000000000000e+00
6397,13412,AO_TCd,0.000000000000e+00
6397,13412,PO_TCd,0.000000000000e+00
6397,13412,SED_TCd,0.000000000000e+00
6397,13412,SEDWSSD_TCd,0.000000000000e+00
6397,13412,SEDSCRS_TCd,0.000000000000e+00
6397,13412,SO_TCu,0.000000000000e+00
6397,13412,IO_TCu,0.000000000000e+00
6397,13412,AO_TCu,0.000000000000e+00
6397,13412,PO_TCu,0.000000000000e+00
6397,13412,SED_TCu,0.000000000000e+00
6397,13412,SEDWSSD_TCu,0.000000000000e+00
6397,13412,SEDSCRS_TCu,0.000000000000e+00
6397,13412,SO_TPb,0.000000000000e+00
6397,13412,IO_TPb,0.000000000000e+00
6397,13412,AO_TPb,0.000000000000e+00
6397,13412,PO_TPb,0.000000000000e+00
6397,13412,SED_TPb,0.000000000000e+00
6397,13412,SEDWSSD_TPb,0.000000000000e+00
6397,13412,SEDSCRS_TPb,0.000000000000e+00
6397,13412,SO_TZn,0.000000000000e+00
6397,13412,IO_TZn,0.000000000000e+00
6397,13412,AO_TZn,0.000000000000e+00
6397,13412,PO_TZn,0.000000000000e+00
6397,13412,SED_TZn,0.000000000000e+00
6397,13412,SEDWSSD_TZn,0.000000000000e+00
6397,13412,SEDSCRS_TZn,0.000000000000e+00
6397,13421,AREA,0.000000000000e+00
6397,13421,PREC,0.000000000000e+00
6397,13421,SURO,0.000000000000e+00
6397,13421,IFWO,0.000000000000e+00
6397,13421,AGWO,0.000000000000e+00
6397,13421,PERO,0.000000000000e+00
6397,13421,TAET,0.000000000000e+00
6397,13421,SEDLOAD,0.000000000000e+00
6397,13421,SEDWSSD, 0.00000e+00
6397,13421,SEDSCRS, 0.00000e+00
6397,13421,SEDSURO, 0.00000e+00
6397,13421,SEDIFWO, 0.00000e+00
6397,13421,SEDAGWO, 0.00000e+00
6397,13421,SO_TN,0.000000000000e+00
6397,13421,IO_TN,0.000000000000e+00
6397,13421,AO_TN,0.000000000000e+00
6397,13421,PO_TN,0.000000000000e+00
6397,13421,SO_TP,0.000000000000e+00
6397,13421,IO_TP,0.000000000000e+00
6397,13421,AO_TP,0.000000000000e+00
6397,13421,PO_TP,0.000000000000e+00
6397,13421,SED_TP,0.000000000000e+00
6397,13421,SEDWSSD_TP,0.000000000000e+00
6397,13421,SEDSCRS_TP,0.000000000000e+00
6397,13421,SO_TCd,0.000000000000e+00
6397,13421,IO_TCd,0.000000000000e+00
6397,13421,AO_TCd,0.000000000000e+00
6397,13421,PO_TCd,0.000000000000e+00
6397,13421,SED_TCd,0.000000000000e+00
6397,13421,SEDWSSD_TCd,0.000000000000e+00
6397,13421,SEDSCRS_TCd,0.000000000000e+00
6397,13421,SO_TCu,0.000000000000e+00
6397,13421,IO_TCu,0.000000000000e+00
6397,13421,AO_TCu,0.000000000000e+00
6397,13421,PO_TCu,0.000000000000e+00
6397,13421,SED_TCu,0.000000000000e+00
6397,13421,SEDWSSD_TCu,0.000000000000e+00
6397,13421,SEDSCRS_TCu,0.000000000000e+00
6397,13421,SO_TPb,0.000000000000e+00
6397,13421,IO_TPb,0.000000000000e+00
6397,13421,AO_TPb,0.000000000000e+00
6397,13421,PO_TPb,0.000000000000e+00
6397,13421,SED_TPb,0.000000000000e+00
6397,13421,SEDWSSD_TPb,0.000000000000e+00
6397,13421,SEDSCRS_TPb,0.000000000000e+00
6397,13421,SO_TZn,0.000000000000e+00
6397,13421,IO_TZn,0.000000000000e+00
6397,13421,AO_TZn,0.000000000000e+00
6397,13421,PO_TZn,0.000000000000e+00
6397,13421,SED_TZn,0.000000000000e+00
6397,13421,SEDWSSD_TZn,0.000000000000e+00
6397,13421,SEDSCRS_TZn,0.000000000000e+00
6397,13422,AREA,0.000000000000e+00
6397,13422,PREC,0.000000000000e+00
6397,13422,SURO,0.000000000000e+00
6397,13422,IFWO,0.000000000000e+00
6397,13422,AGWO,0.000000000000e+00
6397,13422,PERO,0.000000000000e+00
6397,13422,TAET,0.000000000000e+00
6397,13422,SEDLOAD,0.000000000000e+00
6397,13422,SEDWSSD, 0.00000e+00
6397,13422,SEDSCRS, 0.00000e+00
6397,13422,SEDSURO, 0.00000e+00
6397,13422,SEDIFWO, 0.00000e+00
6397,13422,SEDAGWO, 0.00000e+00
6397,13422,SO_TN,0.000000000000e+00
6397,13422,IO_TN,0.000000000000e+00
6397,13422,AO_TN,0.000000000000e+00
6397,13422,PO_TN,0.000000000000e+00
6397,13422,SO_TP,0.000000000000e+00
6397,13422,IO_TP,0.000000000000e+00
6397,13422,AO_TP,0.000000000000e+00
6397,13422,PO_TP,0.000000000000e+00
6397,13422,SED_TP,0.000000000000e+00
6397,13422,SEDWSSD_TP,0.000000000000e+00
6397,13422,SEDSCRS_TP,0.000000000000e+00
6397,13422,SO_TCd,0.000000000000e+00
6397,13422,IO_TCd,0.000000000000e+00
6397,13422,AO_TCd,0.000000000000e+00
6397,13422,PO_TCd,0.000000000000e+00
6397,13422,SED_TCd,0.000000000000e+00
6397,13422,SEDWSSD_TCd,0.000000000000e+00
6397,13422,SEDSCRS_TCd,0.000000000000e+00
6397,13422,SO_TCu,0.000000000000e+00
6397,13422,IO_TCu,0.000000000000e+00
6397,13422,AO_TCu,0.000000000000e+00
6397,13422,PO_TCu,0.000000000000e+00
6397,13422,SED_TCu,0.000000000000e+00
6397,13422,SEDWSSD_TCu,0.000000000000e+00
6397,13422,SEDSCRS_TCu,0.000000000000e+00
6397,13422,SO_TPb,0.000000000000e+00
6397,13422,IO_TPb,0.000000000000e+00
6397,13422,AO_TPb,0.000000000000e+00
6397,13422,PO_TPb,0.000000000000e+00
6397,13422,SED_TPb,0.000000000000e+00
6397,13422,SEDWSSD_TPb,0.000000000000e+00
6397,13422,SEDSCRS_TPb,0.000000000000e+00
6397,13422,SO_TZn,0.000000000000e+00
6397,13422,IO_TZn,0.000000000000e+00
6397,13422,AO_TZn,0.000000000000e+00
6397,13422,PO_TZn,0.000000000000e+00
6397,13422,SED_TZn,0.000000000000e+00
6397,13422,SEDWSSD_TZn,0.000000000000e+00
6397,13422,SEDSCRS_TZn,0.000000000000e+00
6397,13431,AREA,0.000000000000e+00
6397,13431,PREC,0.000000000000e+00
6397,13431,SURO,0.000000000000e+00
6397,13431,IFWO,0.000000000000e+00
6397,13431,AGWO,0.000000000000e+00
6397,13431,PERO,0.000000000000e+00
6397,13431,TAET,0.000000000000e+00
6397,13431,SEDLOAD,0.000000000000e+00
6397,13431,SEDWSSD, 0.00000e+00
6397,13431,SEDSCRS, 0.00000e+00
6397,13431,SEDSURO, 0.00000e+00
6397,13431,SEDIFWO, 0.00000e+00
6397,13431,SEDAGWO, 0.00000e+00
6397,13431,SO_TN,0.000000000000e+00
6397,13431,IO_TN,0.000000000000e+00
6397,13431,AO_TN,0.000000000000e+00
6397,13431,PO_TN,0.000000000000e+00
6397,13431,SO_TP,0.000000000000e+00
6397,13431,IO_TP,0.000000000000e+00
6397,13431,AO_TP,0.000000000000e+00
6397,13431,PO_TP,0.000000000000e+00
6397,13431,SED_TP,0.000000000000e+00
6397,13431,SEDWSSD_TP,0.000000000000e+00
6397,13431,SEDSCRS_TP,0.000000000000e+00
6397,13431,SO_TCd,0.000000000000e+00
6397,13431,IO_TCd,0.000000000000e+00
6397,13431,AO_TCd,0.000000000000e+00
6397,13431,PO_TCd,0.000000000000e+00
6397,13431,SED_TCd,0.000000000000e+00
6397,13431,SEDWSSD_TCd,0.000000000000e+00
6397,13431,SEDSCRS_TCd,0.000000000000e+00
6397,13431,SO_TCu,0.000000000000e+00
6397,13431,IO_TCu,0.000000000000e+00
6397,13431,AO_TCu,0.000000000000e+00
6397,13431,PO_TCu,0.000000000000e+00
6397,13431,SED_TCu,0.000000000000e+00
6397,13431,SEDWSSD_TCu,0.000000000000e+00
6397,13431,SEDSCRS_TCu,0.000000000000e+00
6397,13431,SO_TPb,0.000000000000e+00
6397,13431,IO_TPb,0.000000000000e+00
6397,13431,AO_TPb,0.000000000000e+00
6397,13431,PO_TPb,0.000000000000e+00
6397,13431,SED_TPb,0.000000000000e+00
6397,13431,SEDWSSD_TPb,0.000000000000e+00
6397,13431,SEDSCRS_TPb,0.000000000000e+00
6397,13431,SO_TZn,0.000000000000e+00
6397,13431,IO_TZn,0.000000000000e+00
6397,13431,AO_TZn,0.000000000000e+00
6397,13431,PO_TZn,0.000000000000e+00
6397,13431,SED_TZn,0.000000000000e+00
6397,13431,SEDWSSD_TZn,0.000000000000e+00
6397,13431,SEDSCRS_TZn,0.000000000000e+00
6397,13432,AREA,0.000000000000e+00
6397,13432,PREC,0.000000000000e+00
6397,13432,SURO,0.000000000000e+00
6397,13432,IFWO,0.000000000000e+00
6397,13432,AGWO,0.000000000000e+00
6397,13432,PERO,0.000000000000e+00
6397,13432,TAET,0.000000000000e+00
6397,13432,SEDLOAD,0.000000000000e+00
6397,13432,SEDWSSD, 0.00000e+00
6397,13432,SEDSCRS, 0.00000e+00
6397,13432,SEDSURO, 0.00000e+00
6397,13432,SEDIFWO, 0.00000e+00
6397,13432,SEDAGWO, 0.00000e+00
6397,13432,SO_TN,0.000000000000e+00
6397,13432,IO_TN,0.000000000000e+00
6397,13432,AO_TN,0.000000000000e+00
6397,13432,PO_TN,0.000000000000e+00
6397,13432,SO_TP,0.000000000000e+00
6397,13432,IO_TP,0.000000000000e+00
6397,13432,AO_TP,0.000000000000e+00
6397,13432,PO_TP,0.000000000000e+00
6397,13432,SED_TP,0.000000000000e+00
6397,13432,SEDWSSD_TP,0.000000000000e+00
6397,13432,SEDSCRS_TP,0.000000000000e+00
6397,13432,SO_TCd,0.000000000000e+00
6397,13432,IO_TCd,0.000000000000e+00
6397,13432,AO_TCd,0.000000000000e+00
6397,13432,PO_TCd,0.000000000000e+00
6397,13432,SED_TCd,0.000000000000e+00
6397,13432,SEDWSSD_TCd,0.000000000000e+00
6397,13432,SEDSCRS_TCd,0.000000000000e+00
6397,13432,SO_TCu,0.000000000000e+00
6397,13432,IO_TCu,0.000000000000e+00
6397,13432,AO_TCu,0.000000000000e+00
6397,13432,PO_TCu,0.000000000000e+00
6397,13432,SED_TCu,0.000000000000e+00
6397,13432,SEDWSSD_TCu,0.000000000000e+00
6397,13432,SEDSCRS_TCu,0.000000000000e+00
6397,13432,SO_TPb,0.000000000000e+00
6397,13432,IO_TPb,0.000000000000e+00
6397,13432,AO_TPb,0.000000000000e+00
6397,13432,PO_TPb,0.000000000000e+00
6397,13432,SED_TPb,0.000000000000e+00
6397,13432,SEDWSSD_TPb,0.000000000000e+00
6397,13432,SEDSCRS_TPb,0.000000000000e+00
6397,13432,SO_TZn,0.000000000000e+00
6397,13432,IO_TZn,0.000000000000e+00
6397,13432,AO_TZn,0.000000000000e+00
6397,13432,PO_TZn,0.000000000000e+00
6397,13432,SED_TZn,0.000000000000e+00
6397,13432,SEDWSSD_TZn,0.000000000000e+00
6397,13432,SEDSCRS_TZn,0.000000000000e+00
6397,14121,AREA,0.000000000000e+00
6397,14121,PREC,0.000000000000e+00
6397,14121,SURO,0.000000000000e+00
6397,14121,IFWO,0.000000000000e+00
6397,14121,AGWO,0.000000000000e+00
6397,14121,PERO,0.000000000000e+00
6397,14121,TAET,0.000000000000e+00
6397,14121,SEDLOAD,0.000000000000e+00
6397,14121,SEDWSSD, 0.00000e+00
6397,14121,SEDSCRS, 0.00000e+00
6397,14121,SEDSURO, 0.00000e+00
6397,14121,SEDIFWO, 0.00000e+00
6397,14121,SEDAGWO, 0.00000e+00
6397,14121,SO_TN,0.000000000000e+00
6397,14121,IO_TN,0.000000000000e+00
6397,14121,AO_TN,0.000000000000e+00
6397,14121,PO_TN,0.000000000000e+00
6397,14121,SO_TP,0.000000000000e+00
6397,14121,IO_TP,0.000000000000e+00
6397,14121,AO_TP,0.000000000000e+00
6397,14121,PO_TP,0.000000000000e+00
6397,14121,SED_TP,0.000000000000e+00
6397,14121,SEDWSSD_TP,0.000000000000e+00
6397,14121,SEDSCRS_TP,0.000000000000e+00
6397,14121,SO_TCd,0.000000000000e+00
6397,14121,IO_TCd,0.000000000000e+00
6397,14121,AO_TCd,0.000000000000e+00
6397,14121,PO_TCd,0.000000000000e+00
6397,14121,SED_TCd,0.000000000000e+00
6397,14121,SEDWSSD_TCd,0.000000000000e+00
6397,14121,SEDSCRS_TCd,0.000000000000e+00
6397,14121,SO_TCu,0.000000000000e+00
6397,14121,IO_TCu,0.000000000000e+00
6397,14121,AO_TCu,0.000000000000e+00
6397,14121,PO_TCu,0.000000000000e+00
6397,14121,SED_TCu,0.000000000000e+00
6397,14121,SEDWSSD_TCu,0.000000000000e+00
6397,14121,SEDSCRS_TCu,0.000000000000e+00
6397,14121,SO_TPb,0.000000000000e+00
6397,14121,IO_TPb,0.000000000000e+00
6397,14121,AO_TPb,0.000000000000e+00
6397,14121,PO_TPb,0.000000000000e+00
6397,14121,SED_TPb,0.000000000000e+00
6397,14121,SEDWSSD_TPb,0.000000000000e+00
6397,14121,SEDSCRS_TPb,0.000000000000e+00
6397,14121,SO_TZn,0.000000000000e+00
6397,14121,IO_TZn,0.000000000000e+00
6397,14121,AO_TZn,0.000000000000e+00
6397,14121,PO_TZn,0.000000000000e+00
6397,14121,SED_TZn,0.000000000000e+00
6397,14121,SEDWSSD_TZn,0.000000000000e+00
6397,14121,SEDSCRS_TZn,0.000000000000e+00
6397,14122,AREA,0.000000000000e+00
6397,14122,PREC,0.000000000000e+00
6397,14122,SURO,0.000000000000e+00
6397,14122,IFWO,0.000000000000e+00
6397,14122,AGWO,0.000000000000e+00
6397,14122,PERO,0.000000000000e+00
6397,14122,TAET,0.000000000000e+00
6397,14122,SEDLOAD,0.000000000000e+00
6397,14122,SEDWSSD, 0.00000e+00
6397,14122,SEDSCRS, 0.00000e+00
6397,14122,SEDSURO, 0.00000e+00
6397,14122,SEDIFWO, 0.00000e+00
6397,14122,SEDAGWO, 0.00000e+00
6397,14122,SO_TN,0.000000000000e+00
6397,14122,IO_TN,0.000000000000e+00
6397,14122,AO_TN,0.000000000000e+00
6397,14122,PO_TN,0.000000000000e+00
6397,14122,SO_TP,0.000000000000e+00
6397,14122,IO_TP,0.000000000000e+00
6397,14122,AO_TP,0.000000000000e+00
6397,14122,PO_TP,0.000000000000e+00
6397,14122,SED_TP,0.000000000000e+00
6397,14122,SEDWSSD_TP,0.000000000000e+00
6397,14122,SEDSCRS_TP,0.000000000000e+00
6397,14122,SO_TCd,0.000000000000e+00
6397,14122,IO_TCd,0.000000000000e+00
6397,14122,AO_TCd,0.000000000000e+00
6397,14122,PO_TCd,0.000000000000e+00
6397,14122,SED_TCd,0.000000000000e+00
6397,14122,SEDWSSD_TCd,0.000000000000e+00
6397,14122,SEDSCRS_TCd,0.000000000000e+00
6397,14122,SO_TCu,0.000000000000e+00
6397,14122,IO_TCu,0.000000000000e+00
6397,14122,AO_TCu,0.000000000000e+00
6397,14122,PO_TCu,0.000000000000e+00
6397,14122,SED_TCu,0.000000000000e+00
6397,14122,SEDWSSD_TCu,0.000000000000e+00
6397,14122,SEDSCRS_TCu,0.000000000000e+00
6397,14122,SO_TPb,0.000000000000e+00
6397,14122,IO_TPb,0.000000000000e+00
6397,14122,AO_TPb,0.000000000000e+00
6397,14122,PO_TPb,0.000000000000e+00
6397,14122,SED_TPb,0.000000000000e+00
6397,14122,SEDWSSD_TPb,0.000000000000e+00
6397,14122,SEDSCRS_TPb,0.000000000000e+00
6397,14122,SO_TZn,0.000000000000e+00
6397,14122,IO_TZn,0.000000000000e+00
6397,14122,AO_TZn,0.000000000000e+00
6397,14122,PO_TZn,0.000000000000e+00
6397,14122,SED_TZn,0.000000000000e+00
6397,14122,SEDWSSD_TZn,0.000000000000e+00
6397,14122,SEDSCRS_TZn,0.000000000000e+00
6397,14131,AREA,0.000000000000e+00
6397,14131,PREC,0.000000000000e+00
6397,14131,SURO,0.000000000000e+00
6397,14131,IFWO,0.000000000000e+00
6397,14131,AGWO,0.000000000000e+00
6397,14131,PERO,0.000000000000e+00
6397,14131,TAET,0.000000000000e+00
6397,14131,SEDLOAD,0.000000000000e+00
6397,14131,SEDWSSD, 0.00000e+00
6397,14131,SEDSCRS, 0.00000e+00
6397,14131,SEDSURO, 0.00000e+00
6397,14131,SEDIFWO, 0.00000e+00
6397,14131,SEDAGWO, 0.00000e+00
6397,14131,SO_TN,0.000000000000e+00
6397,14131,IO_TN,0.000000000000e+00
6397,14131,AO_TN,0.000000000000e+00
6397,14131,PO_TN,0.000000000000e+00
6397,14131,SO_TP,0.000000000000e+00
6397,14131,IO_TP,0.000000000000e+00
6397,14131,AO_TP,0.000000000000e+00
6397,14131,PO_TP,0.000000000000e+00
6397,14131,SED_TP,0.000000000000e+00
6397,14131,SEDWSSD_TP,0.000000000000e+00
6397,14131,SEDSCRS_TP,0.000000000000e+00
6397,14131,SO_TCd,0.000000000000e+00
6397,14131,IO_TCd,0.000000000000e+00
6397,14131,AO_TCd,0.000000000000e+00
6397,14131,PO_TCd,0.000000000000e+00
6397,14131,SED_TCd,0.000000000000e+00
6397,14131,SEDWSSD_TCd,0.000000000000e+00
6397,14131,SEDSCRS_TCd,0.000000000000e+00
6397,14131,SO_TCu,0.000000000000e+00
6397,14131,IO_TCu,0.000000000000e+00
6397,14131,AO_TCu,0.000000000000e+00
6397,14131,PO_TCu,0.000000000000e+00
6397,14131,SED_TCu,0.000000000000e+00
6397,14131,SEDWSSD_TCu,0.000000000000e+00
6397,14131,SEDSCRS_TCu,0.000000000000e+00
6397,14131,SO_TPb,0.000000000000e+00
6397,14131,IO_TPb,0.000000000000e+00
6397,14131,AO_TPb,0.000000000000e+00
6397,14131,PO_TPb,0.000000000000e+00
6397,14131,SED_TPb,0.000000000000e+00
6397,14131,SEDWSSD_TPb,0.000000000000e+00
6397,14131,SEDSCRS_TPb,0.000000000000e+00
6397,14131,SO_TZn,0.000000000000e+00
6397,14131,IO_TZn,0.000000000000e+00
6397,14131,AO_TZn,0.000000000000e+00
6397,14131,PO_TZn,0.000000000000e+00
6397,14131,SED_TZn,0.000000000000e+00
6397,14131,SEDWSSD_TZn,0.000000000000e+00
6397,14131,SEDSCRS_TZn,0.000000000000e+00
6397,14132,AREA,0.000000000000e+00
6397,14132,PREC,0.000000000000e+00
6397,14132,SURO,0.000000000000e+00
6397,14132,IFWO,0.000000000000e+00
6397,14132,AGWO,0.000000000000e+00
6397,14132,PERO,0.000000000000e+00
6397,14132,TAET,0.000000000000e+00
6397,14132,SEDLOAD,0.000000000000e+00
6397,14132,SEDWSSD, 0.00000e+00
6397,14132,SEDSCRS, 0.00000e+00
6397,14132,SEDSURO, 0.00000e+00
6397,14132,SEDIFWO, 0.00000e+00
6397,14132,SEDAGWO, 0.00000e+00
6397,14132,SO_TN,0.000000000000e+00
6397,14132,IO_TN,0.000000000000e+00
6397,14132,AO_TN,0.000000000000e+00
6397,14132,PO_TN,0.000000000000e+00
6397,14132,SO_TP,0.000000000000e+00
6397,14132,IO_TP,0.000000000000e+00
6397,14132,AO_TP,0.000000000000e+00
6397,14132,PO_TP,0.000000000000e+00
6397,14132,SED_TP,0.000000000000e+00
6397,14132,SEDWSSD_TP,0.000000000000e+00
6397,14132,SEDSCRS_TP,0.000000000000e+00
6397,14132,SO_TCd,0.000000000000e+00
6397,14132,IO_TCd,0.000000000000e+00
6397,14132,AO_TCd,0.000000000000e+00
6397,14132,PO_TCd,0.000000000000e+00
6397,14132,SED_TCd,0.000000000000e+00
6397,14132,SEDWSSD_TCd,0.000000000000e+00
6397,14132,SEDSCRS_TCd,0.000000000000e+00
6397,14132,SO_TCu,0.000000000000e+00
6397,14132,IO_TCu,0.000000000000e+00
6397,14132,AO_TCu,0.000000000000e+00
6397,14132,PO_TCu,0.000000000000e+00
6397,14132,SED_TCu,0.000000000000e+00
6397,14132,SEDWSSD_TCu,0.000000000000e+00
6397,14132,SEDSCRS_TCu,0.000000000000e+00
6397,14132,SO_TPb,0.000000000000e+00
6397,14132,IO_TPb,0.000000000000e+00
6397,14132,AO_TPb,0.000000000000e+00
6397,14132,PO_TPb,0.000000000000e+00
6397,14132,SED_TPb,0.000000000000e+00
6397,14132,SEDWSSD_TPb,0.000000000000e+00
6397,14132,SEDSCRS_TPb,0.000000000000e+00
6397,14132,SO_TZn,0.000000000000e+00
6397,14132,IO_TZn,0.000000000000e+00
6397,14132,AO_TZn,0.000000000000e+00
6397,14132,PO_TZn,0.000000000000e+00
6397,14132,SED_TZn,0.000000000000e+00
6397,14132,SEDWSSD_TZn,0.000000000000e+00
6397,14132,SEDSCRS_TZn,0.000000000000e+00
6397,14221,AREA,3.530084000003e+00
6397,14221,PREC,4.221473177497e+01
6397,14221,SURO,3.560250601427e-03
6397,14221,IFWO,1.618677699581e-02
6397,14221,AGWO,2.930268921241e+00
6397,14221,PERO,2.950015948838e+00
6397,14221,TAET,3.926471562204e+01
6397,14221,SEDLOAD,3.352152390213e-04
6397,14221,SEDWSSD, 1.21503e-06
6397,14221,SEDSCRS, 1.47250e-07
6397,14221,SEDSURO, 0.00000e+00
6397,14221,SEDIFWO, 1.83407e-06
6397,14221,SEDAGWO, 3.32019e-04
6397,14221,SO_TN,2.257131986022e-03
6397,14221,IO_TN,3.668142911040e-03
6397,14221,AO_TN,1.992115880822e-01
6397,14221,PO_TN,2.051368629793e-01
6397,14221,SO_TP,2.724562539986e-06
6397,14221,IO_TP,7.336285822081e-04
6397,14221,AO_TP,1.328077253881e-01
6397,14221,PO_TP,1.335440785329e-01
6397,14221,SED_TP,2.724562539986e-06
6397,14221,SEDWSSD_TP,2.430062978039e-06
6397,14221,SEDSCRS_TP,2.944995619470e-07
6397,14221,SO_TCd,1.362281269993e-09
6397,14221,IO_TCd,0.000000000000e+00
6397,14221,AO_TCd,0.000000000000e+00
6397,14221,PO_TCd,1.362281269993e-09
6397,14221,SED_TCd,1.362281269993e-09
6397,14221,SEDWSSD_TCd,1.215031489019e-09
6397,14221,SEDSCRS_TCd,1.472497809735e-10
6397,14221,SO_TCu,1.362281269993e-07
6397,14221,IO_TCu,0.000000000000e+00
6397,14221,AO_TCu,0.000000000000e+00
6397,14221,PO_TCu,1.362281269993e-07
6397,14221,SED_TCu,1.362281269993e-07
6397,14221,SEDWSSD_TCu,1.215031489019e-07
6397,14221,SEDSCRS_TCu,1.472497809735e-08
6397,14221,SO_TPb,1.362281269993e-08
6397,14221,IO_TPb,0.000000000000e+00
6397,14221,AO_TPb,0.000000000000e+00
6397,14221,PO_TPb,1.362281269993e-08
6397,14221,SED_TPb,1.362281269993e-08
6397,14221,SEDWSSD_TPb,1.215031489019e-08
6397,14221,SEDSCRS_TPb,1.472497809735e-09
6397,14221,SO_TZn,9.808425143949e-07
6397,14221,IO_TZn,0.000000000000e+00
6397,14221,AO_TZn,3.320193134704e-02
6397,14221,PO_TZn,3.320291218955e-02
6397,14221,SED_TZn,9.808425143949e-07
6397,14221,SEDWSSD_TZn,8.748226720940e-07
6397,14221,SEDSCRS_TZn,1.060198423009e-07
6397,14222,AREA,0.000000000000e+00
6397,14222,PREC,0.000000000000e+00
6397,14222,SURO,0.000000000000e+00
6397,14222,IFWO,0.000000000000e+00
6397,14222,AGWO,0.000000000000e+00
6397,14222,PERO,0.000000000000e+00
6397,14222,TAET,0.000000000000e+00
6397,14222,SEDLOAD,0.000000000000e+00
6397,14222,SEDWSSD, 0.00000e+00
6397,14222,SEDSCRS, 0.00000e+00
6397,14222,SEDSURO, 0.00000e+00
6397,14222,SEDIFWO, 0.00000e+00
6397,14222,SEDAGWO, 0.00000e+00
6397,14222,SO_TN,0.000000000000e+00
6397,14222,IO_TN,0.000000000000e+00
6397,14222,AO_TN,0.000000000000e+00
6397,14222,PO_TN,0.000000000000e+00
6397,14222,SO_TP,0.000000000000e+00
6397,14222,IO_TP,0.000000000000e+00
6397,14222,AO_TP,0.000000000000e+00
6397,14222,PO_TP,0.000000000000e+00
6397,14222,SED_TP,0.000000000000e+00
6397,14222,SEDWSSD_TP,0.000000000000e+00
6397,14222,SEDSCRS_TP,0.000000000000e+00
6397,14222,SO_TCd,0.000000000000e+00
6397,14222,IO_TCd,0.000000000000e+00
6397,14222,AO_TCd,0.000000000000e+00
6397,14222,PO_TCd,0.000000000000e+00
6397,14222,SED_TCd,0.000000000000e+00
6397,14222,SEDWSSD_TCd,0.000000000000e+00
6397,14222,SEDSCRS_TCd,0.000000000000e+00
6397,14222,SO_TCu,0.000000000000e+00
6397,14222,IO_TCu,0.000000000000e+00
6397,14222,AO_TCu,0.000000000000e+00
6397,14222,PO_TCu,0.000000000000e+00
6397,14222,SED_TCu,0.000000000000e+00
6397,14222,SEDWSSD_TCu,0.000000000000e+00
6397,14222,SEDSCRS_TCu,0.000000000000e+00
6397,14222,SO_TPb,0.000000000000e+00
6397,14222,IO_TPb,0.000000000000e+00
6397,14222,AO_TPb,0.000000000000e+00
6397,14222,PO_TPb,0.000000000000e+00
6397,14222,SED_TPb,0.000000000000e+00
6397,14222,SEDWSSD_TPb,0.000000000000e+00
6397,14222,SEDSCRS_TPb,0.000000000000e+00
6397,14222,SO_TZn,0.000000000000e+00
6397,14222,IO_TZn,0.000000000000e+00
6397,14222,AO_TZn,0.000000000000e+00
6397,14222,PO_TZn,0.000000000000e+00
6397,14222,SED_TZn,0.000000000000e+00
6397,14222,SEDWSSD_TZn,0.000000000000e+00
6397,14222,SEDSCRS_TZn,0.000000000000e+00
6397,14231,AREA,0.000000000000e+00
6397,14231,PREC,0.000000000000e+00
6397,14231,SURO,0.000000000000e+00
6397,14231,IFWO,0.000000000000e+00
6397,14231,AGWO,0.000000000000e+00
6397,14231,PERO,0.000000000000e+00
6397,14231,TAET,0.000000000000e+00
6397,14231,SEDLOAD,0.000000000000e+00
6397,14231,SEDWSSD, 0.00000e+00
6397,14231,SEDSCRS, 0.00000e+00
6397,14231,SEDSURO, 0.00000e+00
6397,14231,SEDIFWO, 0.00000e+00
6397,14231,SEDAGWO, 0.00000e+00
6397,14231,SO_TN,0.000000000000e+00
6397,14231,IO_TN,0.000000000000e+00
6397,14231,AO_TN,0.000000000000e+00
6397,14231,PO_TN,0.000000000000e+00
6397,14231,SO_TP,0.000000000000e+00
6397,14231,IO_TP,0.000000000000e+00
6397,14231,AO_TP,0.000000000000e+00
6397,14231,PO_TP,0.000000000000e+00
6397,14231,SED_TP,0.000000000000e+00
6397,14231,SEDWSSD_TP,0.000000000000e+00
6397,14231,SEDSCRS_TP,0.000000000000e+00
6397,14231,SO_TCd,0.000000000000e+00
6397,14231,IO_TCd,0.000000000000e+00
6397,14231,AO_TCd,0.000000000000e+00
6397,14231,PO_TCd,0.000000000000e+00
6397,14231,SED_TCd,0.000000000000e+00
6397,14231,SEDWSSD_TCd,0.000000000000e+00
6397,14231,SEDSCRS_TCd,0.000000000000e+00
6397,14231,SO_TCu,0.000000000000e+00
6397,14231,IO_TCu,0.000000000000e+00
6397,14231,AO_TCu,0.000000000000e+00
6397,14231,PO_TCu,0.000000000000e+00
6397,14231,SED_TCu,0.000000000000e+00
6397,14231,SEDWSSD_TCu,0.000000000000e+00
6397,14231,SEDSCRS_TCu,0.000000000000e+00
6397,14231,SO_TPb,0.000000000000e+00
6397,14231,IO_TPb,0.000000000000e+00
6397,14231,AO_TPb,0.000000000000e+00
6397,14231,PO_TPb,0.000000000000e+00
6397,14231,SED_TPb,0.000000000000e+00
6397,14231,SEDWSSD_TPb,0.000000000000e+00
6397,14231,SEDSCRS_TPb,0.000000000000e+00
6397,14231,SO_TZn,0.000000000000e+00
6397,14231,IO_TZn,0.000000000000e+00
6397,14231,AO_TZn,0.000000000000e+00
6397,14231,PO_TZn,0.000000000000e+00
6397,14231,SED_TZn,0.000000000000e+00
6397,14231,SEDWSSD_TZn,0.000000000000e+00
6397,14231,SEDSCRS_TZn,0.000000000000e+00
6397,14232,AREA,0.000000000000e+00
6397,14232,PREC,0.000000000000e+00
6397,14232,SURO,0.000000000000e+00
6397,14232,IFWO,0.000000000000e+00
6397,14232,AGWO,0.000000000000e+00
6397,14232,PERO,0.000000000000e+00
6397,14232,TAET,0.000000000000e+00
6397,14232,SEDLOAD,0.000000000000e+00
6397,14232,SEDWSSD, 0.00000e+00
6397,14232,SEDSCRS, 0.00000e+00
6397,14232,SEDSURO, 0.00000e+00
6397,14232,SEDIFWO, 0.00000e+00
6397,14232,SEDAGWO, 0.00000e+00
6397,14232,SO_TN,0.000000000000e+00
6397,14232,IO_TN,0.000000000000e+00
6397,14232,AO_TN,0.000000000000e+00
6397,14232,PO_TN,0.000000000000e+00
6397,14232,SO_TP,0.000000000000e+00
6397,14232,IO_TP,0.000000000000e+00
6397,14232,AO_TP,0.000000000000e+00
6397,14232,PO_TP,0.000000000000e+00
6397,14232,SED_TP,0.000000000000e+00
6397,14232,SEDWSSD_TP,0.000000000000e+00
6397,14232,SEDSCRS_TP,0.000000000000e+00
6397,14232,SO_TCd,0.000000000000e+00
6397,14232,IO_TCd,0.000000000000e+00
6397,14232,AO_TCd,0.000000000000e+00
6397,14232,PO_TCd,0.000000000000e+00
6397,14232,SED_TCd,0.000000000000e+00
6397,14232,SEDWSSD_TCd,0.000000000000e+00
6397,14232,SEDSCRS_TCd,0.000000000000e+00
6397,14232,SO_TCu,0.000000000000e+00
6397,14232,IO_TCu,0.000000000000e+00
6397,14232,AO_TCu,0.000000000000e+00
6397,14232,PO_TCu,0.000000000000e+00
6397,14232,SED_TCu,0.000000000000e+00
6397,14232,SEDWSSD_TCu,0.000000000000e+00
6397,14232,SEDSCRS_TCu,0.000000000000e+00
6397,14232,SO_TPb,0.000000000000e+00
6397,14232,IO_TPb,0.000000000000e+00
6397,14232,AO_TPb,0.000000000000e+00
6397,14232,PO_TPb,0.000000000000e+00
6397,14232,SED_TPb,0.000000000000e+00
6397,14232,SEDWSSD_TPb,0.000000000000e+00
6397,14232,SEDSCRS_TPb,0.000000000000e+00
6397,14232,SO_TZn,0.000000000000e+00
6397,14232,IO_TZn,0.000000000000e+00
6397,14232,AO_TZn,0.000000000000e+00
6397,14232,PO_TZn,0.000000000000e+00
6397,14232,SED_TZn,0.000000000000e+00
6397,14232,SEDWSSD_TZn,0.000000000000e+00
6397,14232,SEDSCRS_TZn,0.000000000000e+00
6397,14321,AREA,5.471962200004e+01
6397,14321,PREC,6.543680449411e+02
6397,14321,SURO,1.476218719381e+00
6397,14321,IFWO,2.960636245732e+00
6397,14321,AGWO,3.771548125874e+01
6397,14321,PERO,4.215233622385e+01
6397,14321,TAET,6.122157522855e+02
6397,14321,SEDLOAD,2.636311246462e-02
6397,14321,SEDWSSD, 1.53435e-02
6397,14321,SEDSCRS, 6.41070e-03
6397,14321,SEDSURO, 0.00000e+00
6397,14321,SEDIFWO, 3.35460e-04
6397,14321,SEDAGWO, 4.27341e-03
6397,14321,SO_TN,9.255648957247e-01
6397,14321,IO_TN,6.709202739844e-01
6397,14321,AO_TN,2.564051668560e+00
6397,14321,PO_TN,4.160536838269e+00
6397,14321,SO_TP,4.350847755444e-02
6397,14321,IO_TP,1.341840547969e-01
6397,14321,AO_TP,1.709367779040e+00
6397,14321,PO_TP,1.887060311391e+00
6397,14321,SED_TP,4.350847755444e-02
6397,14321,SEDWSSD_TP,3.068707187879e-02
6397,14321,SEDSCRS_TP,1.282140567565e-02
6397,14321,SO_TCd,2.175423877722e-05
6397,14321,IO_TCd,0.000000000000e+00
6397,14321,AO_TCd,0.000000000000e+00
6397,14321,PO_TCd,2.175423877722e-05
6397,14321,SED_TCd,2.175423877722e-05
6397,14321,SEDWSSD_TCd,1.534353593940e-05
6397,14321,SEDSCRS_TCd,6.410702837825e-06
6397,14321,SO_TCu,2.175423877722e-03
6397,14321,IO_TCu,0.000000000000e+00
6397,14321,AO_TCu,0.000000000000e+00
6397,14321,PO_TCu,2.175423877722e-03
6397,14321,SED_TCu,2.175423877722e-03
6397,14321,SEDWSSD_TCu,1.534353593940e-03
6397,14321,SEDSCRS_TCu,6.410702837825e-04
6397,14321,SO_TPb,2.175423877722e-04
6397,14321,IO_TPb,0.000000000000e+00
6397,14321,AO_TPb,0.000000000000e+00
6397,14321,PO_TPb,2.175423877722e-04
6397,14321,SED_TPb,2.175423877722e-04
6397,14321,SEDWSSD_TPb,1.534353593940e-04
6397,14321,SEDSCRS_TPb,6.410702837825e-05
6397,14321,SO_TZn,1.566305191960e-02
6397,14321,IO_TZn,0.000000000000e+00
6397,14321,AO_TZn,4.273419447600e-01
6397,14321,PO_TZn,4.430049966796e-01
6397,14321,SED_TZn,1.566305191960e-02
6397,14321,SEDWSSD_TZn,1.104734587637e-02
6397,14321,SEDSCRS_TZn,4.615706043234e-03
6397,14322,AREA,0.000000000000e+00
6397,14322,PREC,0.000000000000e+00
6397,14322,SURO,0.000000000000e+00
6397,14322,IFWO,0.000000000000e+00
6397,14322,AGWO,0.000000000000e+00
6397,14322,PERO,0.000000000000e+00
6397,14322,TAET,0.000000000000e+00
6397,14322,SEDLOAD,0.000000000000e+00
6397,14322,SEDWSSD, 0.00000e+00
6397,14322,SEDSCRS, 0.00000e+00
6397,14322,SEDSURO, 0.00000e+00
6397,14322,SEDIFWO, 0.00000e+00
6397,14322,SEDAGWO, 0.00000e+00
6397,14322,SO_TN,0.000000000000e+00
6397,14322,IO_TN,0.000000000000e+00
6397,14322,AO_TN,0.000000000000e+00
6397,14322,PO_TN,0.000000000000e+00
6397,14322,SO_TP,0.000000000000e+00
6397,14322,IO_TP,0.000000000000e+00
6397,14322,AO_TP,0.000000000000e+00
6397,14322,PO_TP,0.000000000000e+00
6397,14322,SED_TP,0.000000000000e+00
6397,14322,SEDWSSD_TP,0.000000000000e+00
6397,14322,SEDSCRS_TP,0.000000000000e+00
6397,14322,SO_TCd,0.000000000000e+00
6397,14322,IO_TCd,0.000000000000e+00
6397,14322,AO_TCd,0.000000000000e+00
6397,14322,PO_TCd,0.000000000000e+00
6397,14322,SED_TCd,0.000000000000e+00
6397,14322,SEDWSSD_TCd,0.000000000000e+00
6397,14322,SEDSCRS_TCd,0.000000000000e+00
6397,14322,SO_TCu,0.000000000000e+00
6397,14322,IO_TCu,0.000000000000e+00
6397,14322,AO_TCu,0.000000000000e+00
6397,14322,PO_TCu,0.000000000000e+00
6397,14322,SED_TCu,0.000000000000e+00
6397,14322,SEDWSSD_TCu,0.000000000000e+00
6397,14322,SEDSCRS_TCu,0.000000000000e+00
6397,14322,SO_TPb,0.000000000000e+00
6397,14322,IO_TPb,0.000000000000e+00
6397,14322,AO_TPb,0.000000000000e+00
6397,14322,PO_TPb,0.000000000000e+00
6397,14322,SED_TPb,0.000000000000e+00
6397,14322,SEDWSSD_TPb,0.000000000000e+00
6397,14322,SEDSCRS_TPb,0.000000000000e+00
6397,14322,SO_TZn,0.000000000000e+00
6397,14322,IO_TZn,0.000000000000e+00
6397,14322,AO_TZn,0.000000000000e+00
6397,14322,PO_TZn,0.000000000000e+00
6397,14322,SED_TZn,0.000000000000e+00
6397,14322,SEDWSSD_TZn,0.000000000000e+00
6397,14322,SEDSCRS_TZn,0.000000000000e+00
6397,14331,AREA,5.967400000007e-01
6397,14331,PREC,7.136152861914e+00
6397,14331,SURO,2.228521663146e-02
6397,14331,IFWO,4.583400853040e-02
6397,14331,AGWO,4.376546389173e-01
6397,14331,PERO,5.057738640792e-01
6397,14331,TAET,6.630378952086e+00
6397,14331,SEDLOAD,7.023297281748e-04
6397,14331,SEDWSSD, 4.79474e-04
6397,14331,SEDSCRS, 1.68073e-04
6397,14331,SEDSURO, 0.00000e+00
6397,14331,SEDIFWO, 5.19330e-06
6397,14331,SEDAGWO, 4.95892e-05
6397,14331,SO_TN,1.374007447935e-02
6397,14331,IO_TN,1.038660713735e-02
6397,14331,AO_TN,2.975354071371e-02
6397,14331,PO_TN,5.388022233041e-02
6397,14331,SO_TP,1.295094520358e-03
6397,14331,IO_TP,2.077321427470e-03
6397,14331,AO_TP,1.983569380914e-02
6397,14331,PO_TP,2.320810975697e-02
6397,14331,SED_TP,1.295094520358e-03
6397,14331,SEDWSSD_TP,9.589482172118e-04
6397,14331,SEDSCRS_TP,3.361463031461e-04
6397,14331,SO_TCd,6.475472601790e-07
6397,14331,IO_TCd,0.000000000000e+00
6397,14331,AO_TCd,0.000000000000e+00
6397,14331,PO_TCd,6.475472601790e-07
6397,14331,SED_TCd,6.475472601790e-07
6397,14331,SEDWSSD_TCd,4.794741086059e-07
6397,14331,SEDSCRS_TCd,1.680731515731e-07
6397,14331,SO_TCu,6.475472601790e-05
6397,14331,IO_TCu,0.000000000000e+00
6397,14331,AO_TCu,0.000000000000e+00
6397,14331,PO_TCu,6.475472601790e-05
6397,14331,SED_TCu,6.475472601790e-05
6397,14331,SEDWSSD_TCu,4.794741086059e-05
6397,14331,SEDSCRS_TCu,1.680731515731e-05
6397,14331,SO_TPb,6.475472601790e-06
6397,14331,IO_TPb,0.000000000000e+00
6397,14331,AO_TPb,0.000000000000e+00
6397,14331,PO_TPb,6.475472601790e-06
6397,14331,SED_TPb,6.475472601790e-06
6397,14331,SEDWSSD_TPb,4.794741086059e-06
6397,14331,SEDSCRS_TPb,1.680731515731e-06
6397,14331,SO_TZn,4.662340273289e-04
6397,14331,IO_TZn,0.000000000000e+00
6397,14331,AO_TZn,4.958923452285e-03
6397,14331,PO_TZn,5.425157479614e-03
6397,14331,SED_TZn,4.662340273289e-04
6397,14331,SEDWSSD_TZn,3.452213581963e-04
6397,14331,SEDSCRS_TZn,1.210126691326e-04
6397,14332,AREA,0.000000000000e+00
6397,14332,PREC,0.000000000000e+00
6397,14332,SURO,0.000000000000e+00
6397,14332,IFWO,0.000000000000e+00
6397,14332,AGWO,0.000000000000e+00
6397,14332,PERO,0.000000000000e+00
6397,14332,TAET,0.000000000000e+00
6397,14332,SEDLOAD,0.000000000000e+00
6397,14332,SEDWSSD, 0.00000e+00
6397,14332,SEDSCRS, 0.00000e+00
6397,14332,SEDSURO, 0.00000e+00
6397,14332,SEDIFWO, 0.00000e+00
6397,14332,SEDAGWO, 0.00000e+00
6397,14332,SO_TN,0.000000000000e+00
6397,14332,IO_TN,0.000000000000e+00
6397,14332,AO_TN,0.000000000000e+00
6397,14332,PO_TN,0.000000000000e+00
6397,14332,SO_TP,0.000000000000e+00
6397,14332,IO_TP,0.000000000000e+00
6397,14332,AO_TP,0.000000000000e+00
6397,14332,PO_TP,0.000000000000e+00
6397,14332,SED_TP,0.000000000000e+00
6397,14332,SEDWSSD_TP,0.000000000000e+00
6397,14332,SEDSCRS_TP,0.000000000000e+00
6397,14332,SO_TCd,0.000000000000e+00
6397,14332,IO_TCd,0.000000000000e+00
6397,14332,AO_TCd,0.000000000000e+00
6397,14332,PO_TCd,0.000000000000e+00
6397,14332,SED_TCd,0.000000000000e+00
6397,14332,SEDWSSD_TCd,0.000000000000e+00
6397,14332,SEDSCRS_TCd,0.000000000000e+00
6397,14332,SO_TCu,0.000000000000e+00
6397,14332,IO_TCu,0.000000000000e+00
6397,14332,AO_TCu,0.000000000000e+00
6397,14332,PO_TCu,0.000000000000e+00
6397,14332,SED_TCu,0.000000000000e+00
6397,14332,SEDWSSD_TCu,0.000000000000e+00
6397,14332,SEDSCRS_TCu,0.000000000000e+00
6397,14332,SO_TPb,0.000000000000e+00
6397,14332,IO_TPb,0.000000000000e+00
6397,14332,AO_TPb,0.000000000000e+00
6397,14332,PO_TPb,0.000000000000e+00
6397,14332,SED_TPb,0.000000000000e+00
6397,14332,SEDWSSD_TPb,0.000000000000e+00
6397,14332,SEDSCRS_TPb,0.000000000000e+00
6397,14332,SO_TZn,0.000000000000e+00
6397,14332,IO_TZn,0.000000000000e+00
6397,14332,AO_TZn,0.000000000000e+00
6397,14332,PO_TZn,0.000000000000e+00
6397,14332,SED_TZn,0.000000000000e+00
6397,14332,SEDWSSD_TZn,0.000000000000e+00
6397,14332,SEDSCRS_TZn,0.000000000000e+00
6397,14421,AREA,3.157200000000e-02
6397,14421,PREC,3.775557498347e-01
6397,14421,SURO,9.061457411531e-03
6397,14421,IFWO,5.010471910422e-03
6397,14421,AGWO,1.370648049207e-02
6397,14421,PERO,2.777840981403e-02
6397,14421,TAET,3.497773344497e-01
6397,14421,SEDLOAD,6.674702046478e-04
6397,14421,SEDWSSD, 3.68488e-04
6397,14421,SEDSCRS, 2.96862e-04
6397,14421,SEDSURO, 0.00000e+00
6397,14421,SEDIFWO, 5.67720e-07
6397,14421,SEDAGWO, 1.55304e-06
6397,14421,SO_TN,4.089873960367e-03
6397,14421,IO_TN,1.135440799854e-03
6397,14421,AO_TN,9.318222385841e-04
6397,14421,PO_TN,6.157136998806e-03
6397,14421,SO_TP,1.330698899794e-03
6397,14421,IO_TP,2.270881599708e-04
6397,14421,AO_TP,6.212148257227e-04
6397,14421,PO_TP,2.179001885488e-03
6397,14421,SED_TP,1.330698899794e-03
6397,14421,SEDWSSD_TP,7.369755472783e-04
6397,14421,SEDSCRS_TP,5.937233525159e-04
6397,14421,SO_TCd,6.653494498971e-07
6397,14421,IO_TCd,0.000000000000e+00
6397,14421,AO_TCd,0.000000000000e+00
6397,14421,PO_TCd,6.653494498971e-07
6397,14421,SED_TCd,6.653494498971e-07
6397,14421,SEDWSSD_TCd,3.684877736391e-07
6397,14421,SEDSCRS_TCd,2.968616762580e-07
6397,14421,SO_TCu,6.653494498971e-05
6397,14421,IO_TCu,0.000000000000e+00
6397,14421,AO_TCu,0.000000000000e+00
6397,14421,PO_TCu,6.653494498971e-05
6397,14421,SED_TCu,6.653494498971e-05
6397,14421,SEDWSSD_TCu,3.684877736391e-05
6397,14421,SEDSCRS_TCu,2.968616762580e-05
6397,14421,SO_TPb,6.653494498971e-06
6397,14421,IO_TPb,0.000000000000e+00
6397,14421,AO_TPb,0.000000000000e+00
6397,14421,PO_TPb,6.653494498971e-06
6397,14421,SED_TPb,6.653494498971e-06
6397,14421,SEDWSSD_TPb,3.684877736391e-06
6397,14421,SEDSCRS_TPb,2.968616762580e-06
6397,14421,SO_TZn,4.790516039259e-04
6397,14421,IO_TZn,0.000000000000e+00
6397,14421,AO_TZn,1.553037064307e-04
6397,14421,PO_TZn,6.343553103566e-04
6397,14421,SED_TZn,4.790516039259e-04
6397,14421,SEDWSSD_TZn,2.653111970202e-04
6397,14421,SEDSCRS_TZn,2.137404069057e-04
6397,14422,AREA,0.000000000000e+00
6397,14422,PREC,0.000000000000e+00
6397,14422,SURO,0.000000000000e+00
6397,14422,IFWO,0.000000000000e+00
6397,14422,AGWO,0.000000000000e+00
6397,14422,PERO,0.000000000000e+00
6397,14422,TAET,0.000000000000e+00
6397,14422,SEDLOAD,0.000000000000e+00
6397,14422,SEDWSSD, 0.00000e+00
6397,14422,SEDSCRS, 0.00000e+00
6397,14422,SEDSURO, 0.00000e+00
6397,14422,SEDIFWO, 0.00000e+00
6397,14422,SEDAGWO, 0.00000e+00
6397,14422,SO_TN,0.000000000000e+00
6397,14422,IO_TN,0.000000000000e+00
6397,14422,AO_TN,0.000000000000e+00
6397,14422,PO_TN,0.000000000000e+00
6397,14422,SO_TP,0.000000000000e+00
6397,14422,IO_TP,0.000000000000e+00
6397,14422,AO_TP,0.000000000000e+00
6397,14422,PO_TP,0.000000000000e+00
6397,14422,SED_TP,0.000000000000e+00
6397,14422,SEDWSSD_TP,0.000000000000e+00
6397,14422,SEDSCRS_TP,0.000000000000e+00
6397,14422,SO_TCd,0.000000000000e+00
6397,14422,IO_TCd,0.000000000000e+00
6397,14422,AO_TCd,0.000000000000e+00
6397,14422,PO_TCd,0.000000000000e+00
6397,14422,SED_TCd,0.000000000000e+00
6397,14422,SEDWSSD_TCd,0.000000000000e+00
6397,14422,SEDSCRS_TCd,0.000000000000e+00
6397,14422,SO_TCu,0.000000000000e+00
6397,14422,IO_TCu,0.000000000000e+00
6397,14422,AO_TCu,0.000000000000e+00
6397,14422,PO_TCu,0.000000000000e+00
6397,14422,SED_TCu,0.000000000000e+00
6397,14422,SEDWSSD_TCu,0.000000000000e+00
6397,14422,SEDSCRS_TCu,0.000000000000e+00
6397,14422,SO_TPb,0.000000000000e+00
6397,14422,IO_TPb,0.000000000000e+00
6397,14422,AO_TPb,0.000000000000e+00
6397,14422,PO_TPb,0.000000000000e+00
6397,14422,SED_TPb,0.000000000000e+00
6397,14422,SEDWSSD_TPb,0.000000000000e+00
6397,14422,SEDSCRS_TPb,0.000000000000e+00
6397,14422,SO_TZn,0.000000000000e+00
6397,14422,IO_TZn,0.000000000000e+00
6397,14422,AO_TZn,0.000000000000e+00
6397,14422,PO_TZn,0.000000000000e+00
6397,14422,SED_TZn,0.000000000000e+00
6397,14422,SEDWSSD_TZn,0.000000000000e+00
6397,14422,SEDSCRS_TZn,0.000000000000e+00
6397,14431,AREA,0.000000000000e+00
6397,14431,PREC,0.000000000000e+00
6397,14431,SURO,0.000000000000e+00
6397,14431,IFWO,0.000000000000e+00
6397,14431,AGWO,0.000000000000e+00
6397,14431,PERO,0.000000000000e+00
6397,14431,TAET,0.000000000000e+00
6397,14431,SEDLOAD,0.000000000000e+00
6397,14431,SEDWSSD, 0.00000e+00
6397,14431,SEDSCRS, 0.00000e+00
6397,14431,SEDSURO, 0.00000e+00
6397,14431,SEDIFWO, 0.00000e+00
6397,14431,SEDAGWO, 0.00000e+00
6397,14431,SO_TN,0.000000000000e+00
6397,14431,IO_TN,0.000000000000e+00
6397,14431,AO_TN,0.000000000000e+00
6397,14431,PO_TN,0.000000000000e+00
6397,14431,SO_TP,0.000000000000e+00
6397,14431,IO_TP,0.000000000000e+00
6397,14431,AO_TP,0.000000000000e+00
6397,14431,PO_TP,0.000000000000e+00
6397,14431,SED_TP,0.000000000000e+00
6397,14431,SEDWSSD_TP,0.000000000000e+00
6397,14431,SEDSCRS_TP,0.000000000000e+00
6397,14431,SO_TCd,0.000000000000e+00
6397,14431,IO_TCd,0.000000000000e+00
6397,14431,AO_TCd,0.000000000000e+00
6397,14431,PO_TCd,0.000000000000e+00
6397,14431,SED_TCd,0.000000000000e+00
6397,14431,SEDWSSD_TCd,0.000000000000e+00
6397,14431,SEDSCRS_TCd,0.000000000000e+00
6397,14431,SO_TCu,0.000000000000e+00
6397,14431,IO_TCu,0.000000000000e+00
6397,14431,AO_TCu,0.000000000000e+00
6397,14431,PO_TCu,0.000000000000e+00
6397,14431,SED_TCu,0.000000000000e+00
6397,14431,SEDWSSD_TCu,0.000000000000e+00
6397,14431,SEDSCRS_TCu,0.000000000000e+00
6397,14431,SO_TPb,0.000000000000e+00
6397,14431,IO_TPb,0.000000000000e+00
6397,14431,AO_TPb,0.000000000000e+00
6397,14431,PO_TPb,0.000000000000e+00
6397,14431,SED_TPb,0.000000000000e+00
6397,14431,SEDWSSD_TPb,0.000000000000e+00
6397,14431,SEDSCRS_TPb,0.000000000000e+00
6397,14431,SO_TZn,0.000000000000e+00
6397,14431,IO_TZn,0.000000000000e+00
6397,14431,AO_TZn,0.000000000000e+00
6397,14431,PO_TZn,0.000000000000e+00
6397,14431,SED_TZn,0.000000000000e+00
6397,14431,SEDWSSD_TZn,0.000000000000e+00
6397,14431,SEDSCRS_TZn,0.000000000000e+00
6397,14432,AREA,0.000000000000e+00
6397,14432,PREC,0.000000000000e+00
6397,14432,SURO,0.000000000000e+00
6397,14432,IFWO,0.000000000000e+00
6397,14432,AGWO,0.000000000000e+00
6397,14432,PERO,0.000000000000e+00
6397,14432,TAET,0.000000000000e+00
6397,14432,SEDLOAD,0.000000000000e+00
6397,14432,SEDWSSD, 0.00000e+00
6397,14432,SEDSCRS, 0.00000e+00
6397,14432,SEDSURO, 0.00000e+00
6397,14432,SEDIFWO, 0.00000e+00
6397,14432,SEDAGWO, 0.00000e+00
6397,14432,SO_TN,0.000000000000e+00
6397,14432,IO_TN,0.000000000000e+00
6397,14432,AO_TN,0.000000000000e+00
6397,14432,PO_TN,0.000000000000e+00
6397,14432,SO_TP,0.000000000000e+00
6397,14432,IO_TP,0.000000000000e+00
6397,14432,AO_TP,0.000000000000e+00
6397,14432,PO_TP,0.000000000000e+00
6397,14432,SED_TP,0.000000000000e+00
6397,14432,SEDWSSD_TP,0.000000000000e+00
6397,14432,SEDSCRS_TP,0.000000000000e+00
6397,14432,SO_TCd,0.000000000000e+00
6397,14432,IO_TCd,0.000000000000e+00
6397,14432,AO_TCd,0.000000000000e+00
6397,14432,PO_TCd,0.000000000000e+00
6397,14432,SED_TCd,0.000000000000e+00
6397,14432,SEDWSSD_TCd,0.000000000000e+00
6397,14432,SEDSCRS_TCd,0.000000000000e+00
6397,14432,SO_TCu,0.000000000000e+00
6397,14432,IO_TCu,0.000000000000e+00
6397,14432,AO_TCu,0.000000000000e+00
6397,14432,PO_TCu,0.000000000000e+00
6397,14432,SED_TCu,0.000000000000e+00
6397,14432,SEDWSSD_TCu,0.000000000000e+00
6397,14432,SEDSCRS_TCu,0.000000000000e+00
6397,14432,SO_TPb,0.000000000000e+00
6397,14432,IO_TPb,0.000000000000e+00
6397,14432,AO_TPb,0.000000000000e+00
6397,14432,PO_TPb,0.000000000000e+00
6397,14432,SED_TPb,0.000000000000e+00
6397,14432,SEDWSSD_TPb,0.000000000000e+00
6397,14432,SEDSCRS_TPb,0.000000000000e+00
6397,14432,SO_TZn,0.000000000000e+00
6397,14432,IO_TZn,0.000000000000e+00
6397,14432,AO_TZn,0.000000000000e+00
6397,14432,PO_TZn,0.000000000000e+00
6397,14432,SED_TZn,0.000000000000e+00
6397,14432,SEDWSSD_TZn,0.000000000000e+00
6397,14432,SEDSCRS_TZn,0.000000000000e+00
6397,15121,AREA,0.000000000000e+00
6397,15121,PREC,0.000000000000e+00
6397,15121,SURO,0.000000000000e+00
6397,15121,IFWO,0.000000000000e+00
6397,15121,AGWO,0.000000000000e+00
6397,15121,PERO,0.000000000000e+00
6397,15121,TAET,0.000000000000e+00
6397,15121,SEDLOAD,0.000000000000e+00
6397,15121,SEDWSSD, 0.00000e+00
6397,15121,SEDSCRS, 0.00000e+00
6397,15121,SEDSURO, 0.00000e+00
6397,15121,SEDIFWO, 0.00000e+00
6397,15121,SEDAGWO, 0.00000e+00
6397,15121,SO_TN,0.000000000000e+00
6397,15121,IO_TN,0.000000000000e+00
6397,15121,AO_TN,0.000000000000e+00
6397,15121,PO_TN,0.000000000000e+00
6397,15121,SO_TP,0.000000000000e+00
6397,15121,IO_TP,0.000000000000e+00
6397,15121,AO_TP,0.000000000000e+00
6397,15121,PO_TP,0.000000000000e+00
6397,15121,SED_TP,0.000000000000e+00
6397,15121,SEDWSSD_TP,0.000000000000e+00
6397,15121,SEDSCRS_TP,0.000000000000e+00
6397,15121,SO_TCd,0.000000000000e+00
6397,15121,IO_TCd,0.000000000000e+00
6397,15121,AO_TCd,0.000000000000e+00
6397,15121,PO_TCd,0.000000000000e+00
6397,15121,SED_TCd,0.000000000000e+00
6397,15121,SEDWSSD_TCd,0.000000000000e+00
6397,15121,SEDSCRS_TCd,0.000000000000e+00
6397,15121,SO_TCu,0.000000000000e+00
6397,15121,IO_TCu,0.000000000000e+00
6397,15121,AO_TCu,0.000000000000e+00
6397,15121,PO_TCu,0.000000000000e+00
6397,15121,SED_TCu,0.000000000000e+00
6397,15121,SEDWSSD_TCu,0.000000000000e+00
6397,15121,SEDSCRS_TCu,0.000000000000e+00
6397,15121,SO_TPb,0.000000000000e+00
6397,15121,IO_TPb,0.000000000000e+00
6397,15121,AO_TPb,0.000000000000e+00
6397,15121,PO_TPb,0.000000000000e+00
6397,15121,SED_TPb,0.000000000000e+00
6397,15121,SEDWSSD_TPb,0.000000000000e+00
6397,15121,SEDSCRS_TPb,0.000000000000e+00
6397,15121,SO_TZn,0.000000000000e+00
6397,15121,IO_TZn,0.000000000000e+00
6397,15121,AO_TZn,0.000000000000e+00
6397,15121,PO_TZn,0.000000000000e+00
6397,15121,SED_TZn,0.000000000000e+00
6397,15121,SEDWSSD_TZn,0.000000000000e+00
6397,15121,SEDSCRS_TZn,0.000000000000e+00
6397,15122,AREA,0.000000000000e+00
6397,15122,PREC,0.000000000000e+00
6397,15122,SURO,0.000000000000e+00
6397,15122,IFWO,0.000000000000e+00
6397,15122,AGWO,0.000000000000e+00
6397,15122,PERO,0.000000000000e+00
6397,15122,TAET,0.000000000000e+00
6397,15122,SEDLOAD,0.000000000000e+00
6397,15122,SEDWSSD, 0.00000e+00
6397,15122,SEDSCRS, 0.00000e+00
6397,15122,SEDSURO, 0.00000e+00
6397,15122,SEDIFWO, 0.00000e+00
6397,15122,SEDAGWO, 0.00000e+00
6397,15122,SO_TN,0.000000000000e+00
6397,15122,IO_TN,0.000000000000e+00
6397,15122,AO_TN,0.000000000000e+00
6397,15122,PO_TN,0.000000000000e+00
6397,15122,SO_TP,0.000000000000e+00
6397,15122,IO_TP,0.000000000000e+00
6397,15122,AO_TP,0.000000000000e+00
6397,15122,PO_TP,0.000000000000e+00
6397,15122,SED_TP,0.000000000000e+00
6397,15122,SEDWSSD_TP,0.000000000000e+00
6397,15122,SEDSCRS_TP,0.000000000000e+00
6397,15122,SO_TCd,0.000000000000e+00
6397,15122,IO_TCd,0.000000000000e+00
6397,15122,AO_TCd,0.000000000000e+00
6397,15122,PO_TCd,0.000000000000e+00
6397,15122,SED_TCd,0.000000000000e+00
6397,15122,SEDWSSD_TCd,0.000000000000e+00
6397,15122,SEDSCRS_TCd,0.000000000000e+00
6397,15122,SO_TCu,0.000000000000e+00
6397,15122,IO_TCu,0.000000000000e+00
6397,15122,AO_TCu,0.000000000000e+00
6397,15122,PO_TCu,0.000000000000e+00
6397,15122,SED_TCu,0.000000000000e+00
6397,15122,SEDWSSD_TCu,0.000000000000e+00
6397,15122,SEDSCRS_TCu,0.000000000000e+00
6397,15122,SO_TPb,0.000000000000e+00
6397,15122,IO_TPb,0.000000000000e+00
6397,15122,AO_TPb,0.000000000000e+00
6397,15122,PO_TPb,0.000000000000e+00
6397,15122,SED_TPb,0.000000000000e+00
6397,15122,SEDWSSD_TPb,0.000000000000e+00
6397,15122,SEDSCRS_TPb,0.000000000000e+00
6397,15122,SO_TZn,0.000000000000e+00
6397,15122,IO_TZn,0.000000000000e+00
6397,15122,AO_TZn,0.000000000000e+00
6397,15122,PO_TZn,0.000000000000e+00
6397,15122,SED_TZn,0.000000000000e+00
6397,15122,SEDWSSD_TZn,0.000000000000e+00
6397,15122,SEDSCRS_TZn,0.000000000000e+00
6397,15131,AREA,0.000000000000e+00
6397,15131,PREC,0.000000000000e+00
6397,15131,SURO,0.000000000000e+00
6397,15131,IFWO,0.000000000000e+00
6397,15131,AGWO,0.000000000000e+00
6397,15131,PERO,0.000000000000e+00
6397,15131,TAET,0.000000000000e+00
6397,15131,SEDLOAD,0.000000000000e+00
6397,15131,SEDWSSD, 0.00000e+00
6397,15131,SEDSCRS, 0.00000e+00
6397,15131,SEDSURO, 0.00000e+00
6397,15131,SEDIFWO, 0.00000e+00
6397,15131,SEDAGWO, 0.00000e+00
6397,15131,SO_TN,0.000000000000e+00
6397,15131,IO_TN,0.000000000000e+00
6397,15131,AO_TN,0.000000000000e+00
6397,15131,PO_TN,0.000000000000e+00
6397,15131,SO_TP,0.000000000000e+00
6397,15131,IO_TP,0.000000000000e+00
6397,15131,AO_TP,0.000000000000e+00
6397,15131,PO_TP,0.000000000000e+00
6397,15131,SED_TP,0.000000000000e+00
6397,15131,SEDWSSD_TP,0.000000000000e+00
6397,15131,SEDSCRS_TP,0.000000000000e+00
6397,15131,SO_TCd,0.000000000000e+00
6397,15131,IO_TCd,0.000000000000e+00
6397,15131,AO_TCd,0.000000000000e+00
6397,15131,PO_TCd,0.000000000000e+00
6397,15131,SED_TCd,0.000000000000e+00
6397,15131,SEDWSSD_TCd,0.000000000000e+00
6397,15131,SEDSCRS_TCd,0.000000000000e+00
6397,15131,SO_TCu,0.000000000000e+00
6397,15131,IO_TCu,0.000000000000e+00
6397,15131,AO_TCu,0.000000000000e+00
6397,15131,PO_TCu,0.000000000000e+00
6397,15131,SED_TCu,0.000000000000e+00
6397,15131,SEDWSSD_TCu,0.000000000000e+00
6397,15131,SEDSCRS_TCu,0.000000000000e+00
6397,15131,SO_TPb,0.000000000000e+00
6397,15131,IO_TPb,0.000000000000e+00
6397,15131,AO_TPb,0.000000000000e+00
6397,15131,PO_TPb,0.000000000000e+00
6397,15131,SED_TPb,0.000000000000e+00
6397,15131,SEDWSSD_TPb,0.000000000000e+00
6397,15131,SEDSCRS_TPb,0.000000000000e+00
6397,15131,SO_TZn,0.000000000000e+00
6397,15131,IO_TZn,0.000000000000e+00
6397,15131,AO_TZn,0.000000000000e+00
6397,15131,PO_TZn,0.000000000000e+00
6397,15131,SED_TZn,0.000000000000e+00
6397,15131,SEDWSSD_TZn,0.000000000000e+00
6397,15131,SEDSCRS_TZn,0.000000000000e+00
6397,15132,AREA,0.000000000000e+00
6397,15132,PREC,0.000000000000e+00
6397,15132,SURO,0.000000000000e+00
6397,15132,IFWO,0.000000000000e+00
6397,15132,AGWO,0.000000000000e+00
6397,15132,PERO,0.000000000000e+00
6397,15132,TAET,0.000000000000e+00
6397,15132,SEDLOAD,0.000000000000e+00
6397,15132,SEDWSSD, 0.00000e+00
6397,15132,SEDSCRS, 0.00000e+00
6397,15132,SEDSURO, 0.00000e+00
6397,15132,SEDIFWO, 0.00000e+00
6397,15132,SEDAGWO, 0.00000e+00
6397,15132,SO_TN,0.000000000000e+00
6397,15132,IO_TN,0.000000000000e+00
6397,15132,AO_TN,0.000000000000e+00
6397,15132,PO_TN,0.000000000000e+00
6397,15132,SO_TP,0.000000000000e+00
6397,15132,IO_TP,0.000000000000e+00
6397,15132,AO_TP,0.000000000000e+00
6397,15132,PO_TP,0.000000000000e+00
6397,15132,SED_TP,0.000000000000e+00
6397,15132,SEDWSSD_TP,0.000000000000e+00
6397,15132,SEDSCRS_TP,0.000000000000e+00
6397,15132,SO_TCd,0.000000000000e+00
6397,15132,IO_TCd,0.000000000000e+00
6397,15132,AO_TCd,0.000000000000e+00
6397,15132,PO_TCd,0.000000000000e+00
6397,15132,SED_TCd,0.000000000000e+00
6397,15132,SEDWSSD_TCd,0.000000000000e+00
6397,15132,SEDSCRS_TCd,0.000000000000e+00
6397,15132,SO_TCu,0.000000000000e+00
6397,15132,IO_TCu,0.000000000000e+00
6397,15132,AO_TCu,0.000000000000e+00
6397,15132,PO_TCu,0.000000000000e+00
6397,15132,SED_TCu,0.000000000000e+00
6397,15132,SEDWSSD_TCu,0.000000000000e+00
6397,15132,SEDSCRS_TCu,0.000000000000e+00
6397,15132,SO_TPb,0.000000000000e+00
6397,15132,IO_TPb,0.000000000000e+00
6397,15132,AO_TPb,0.000000000000e+00
6397,15132,PO_TPb,0.000000000000e+00
6397,15132,SED_TPb,0.000000000000e+00
6397,15132,SEDWSSD_TPb,0.000000000000e+00
6397,15132,SEDSCRS_TPb,0.000000000000e+00
6397,15132,SO_TZn,0.000000000000e+00
6397,15132,IO_TZn,0.000000000000e+00
6397,15132,AO_TZn,0.000000000000e+00
6397,15132,PO_TZn,0.000000000000e+00
6397,15132,SED_TZn,0.000000000000e+00
6397,15132,SEDWSSD_TZn,0.000000000000e+00
6397,15132,SEDSCRS_TZn,0.000000000000e+00
6397,15221,AREA,3.699668999996e+00
6397,15221,PREC,4.424272467487e+01
6397,15221,SURO,3.049685580642e-03
6397,15221,IFWO,1.664553759406e-02
6397,15221,AGWO,3.007230289781e+00
6397,15221,PERO,3.026925512956e+00
6397,15221,TAET,4.121580017981e+01
6397,15221,SEDLOAD,3.433227066307e-04
6397,15221,SEDWSSD, 6.59305e-07
6397,15221,SEDSCRS, 3.82305e-08
6397,15221,SEDSURO, 0.00000e+00
6397,15221,SEDIFWO, 1.88605e-06
6397,15221,SEDAGWO, 3.40739e-04
6397,15221,SO_TN,1.911261909307e-03
6397,15221,IO_TN,3.772104276343e-03
6397,15221,AO_TN,2.044437346394e-01
6397,15221,PO_TN,2.101271008250e-01
6397,15221,SO_TP,1.395070318306e-06
6397,15221,IO_TP,7.544208552686e-04
6397,15221,AO_TP,1.362958230929e-01
6397,15221,PO_TP,1.370516390185e-01
6397,15221,SED_TP,1.395070318306e-06
6397,15221,SEDWSSD_TP,1.318609300058e-06
6397,15221,SEDSCRS_TP,7.646101824808e-08
6397,15221,SO_TCd,6.975351591532e-10
6397,15221,IO_TCd,0.000000000000e+00
6397,15221,AO_TCd,0.000000000000e+00
6397,15221,PO_TCd,6.975351591532e-10
6397,15221,SED_TCd,6.975351591532e-10
6397,15221,SEDWSSD_TCd,6.593046500292e-10
6397,15221,SEDSCRS_TCd,3.823050912404e-11
6397,15221,SO_TCu,6.975351591532e-08
6397,15221,IO_TCu,0.000000000000e+00
6397,15221,AO_TCu,0.000000000000e+00
6397,15221,PO_TCu,6.975351591532e-08
6397,15221,SED_TCu,6.975351591532e-08
6397,15221,SEDWSSD_TCu,6.593046500292e-08
6397,15221,SEDSCRS_TCu,3.823050912404e-09
6397,15221,SO_TPb,6.975351591532e-09
6397,15221,IO_TPb,0.000000000000e+00
6397,15221,AO_TPb,0.000000000000e+00
6397,15221,PO_TPb,6.975351591532e-09
6397,15221,SED_TPb,6.975351591532e-09
6397,15221,SEDWSSD_TPb,6.593046500292e-09
6397,15221,SEDSCRS_TPb,3.823050912404e-10
6397,15221,SO_TZn,5.022253145903e-07
6397,15221,IO_TZn,0.000000000000e+00
6397,15221,AO_TZn,3.407395577323e-02
6397,15221,PO_TZn,3.407445799854e-02
6397,15221,SED_TZn,5.022253145903e-07
6397,15221,SEDWSSD_TZn,4.746993480210e-07
6397,15221,SEDSCRS_TZn,2.752596656931e-08
6397,15222,AREA,0.000000000000e+00
6397,15222,PREC,0.000000000000e+00
6397,15222,SURO,0.000000000000e+00
6397,15222,IFWO,0.000000000000e+00
6397,15222,AGWO,0.000000000000e+00
6397,15222,PERO,0.000000000000e+00
6397,15222,TAET,0.000000000000e+00
6397,15222,SEDLOAD,0.000000000000e+00
6397,15222,SEDWSSD, 0.00000e+00
6397,15222,SEDSCRS, 0.00000e+00
6397,15222,SEDSURO, 0.00000e+00
6397,15222,SEDIFWO, 0.00000e+00
6397,15222,SEDAGWO, 0.00000e+00
6397,15222,SO_TN,0.000000000000e+00
6397,15222,IO_TN,0.000000000000e+00
6397,15222,AO_TN,0.000000000000e+00
6397,15222,PO_TN,0.000000000000e+00
6397,15222,SO_TP,0.000000000000e+00
6397,15222,IO_TP,0.000000000000e+00
6397,15222,AO_TP,0.000000000000e+00
6397,15222,PO_TP,0.000000000000e+00
6397,15222,SED_TP,0.000000000000e+00
6397,15222,SEDWSSD_TP,0.000000000000e+00
6397,15222,SEDSCRS_TP,0.000000000000e+00
6397,15222,SO_TCd,0.000000000000e+00
6397,15222,IO_TCd,0.000000000000e+00
6397,15222,AO_TCd,0.000000000000e+00
6397,15222,PO_TCd,0.000000000000e+00
6397,15222,SED_TCd,0.000000000000e+00
6397,15222,SEDWSSD_TCd,0.000000000000e+00
6397,15222,SEDSCRS_TCd,0.000000000000e+00
6397,15222,SO_TCu,0.000000000000e+00
6397,15222,IO_TCu,0.000000000000e+00
6397,15222,AO_TCu,0.000000000000e+00
6397,15222,PO_TCu,0.000000000000e+00
6397,15222,SED_TCu,0.000000000000e+00
6397,15222,SEDWSSD_TCu,0.000000000000e+00
6397,15222,SEDSCRS_TCu,0.000000000000e+00
6397,15222,SO_TPb,0.000000000000e+00
6397,15222,IO_TPb,0.000000000000e+00
6397,15222,AO_TPb,0.000000000000e+00
6397,15222,PO_TPb,0.000000000000e+00
6397,15222,SED_TPb,0.000000000000e+00
6397,15222,SEDWSSD_TPb,0.000000000000e+00
6397,15222,SEDSCRS_TPb,0.000000000000e+00
6397,15222,SO_TZn,0.000000000000e+00
6397,15222,IO_TZn,0.000000000000e+00
6397,15222,AO_TZn,0.000000000000e+00
6397,15222,PO_TZn,0.000000000000e+00
6397,15222,SED_TZn,0.000000000000e+00
6397,15222,SEDWSSD_TZn,0.000000000000e+00
6397,15222,SEDSCRS_TZn,0.000000000000e+00
6397,15231,AREA,0.000000000000e+00
6397,15231,PREC,0.000000000000e+00
6397,15231,SURO,0.000000000000e+00
6397,15231,IFWO,0.000000000000e+00
6397,15231,AGWO,0.000000000000e+00
6397,15231,PERO,0.000000000000e+00
6397,15231,TAET,0.000000000000e+00
6397,15231,SEDLOAD,0.000000000000e+00
6397,15231,SEDWSSD, 0.00000e+00
6397,15231,SEDSCRS, 0.00000e+00
6397,15231,SEDSURO, 0.00000e+00
6397,15231,SEDIFWO, 0.00000e+00
6397,15231,SEDAGWO, 0.00000e+00
6397,15231,SO_TN,0.000000000000e+00
6397,15231,IO_TN,0.000000000000e+00
6397,15231,AO_TN,0.000000000000e+00
6397,15231,PO_TN,0.000000000000e+00
6397,15231,SO_TP,0.000000000000e+00
6397,15231,IO_TP,0.000000000000e+00
6397,15231,AO_TP,0.000000000000e+00
6397,15231,PO_TP,0.000000000000e+00
6397,15231,SED_TP,0.000000000000e+00
6397,15231,SEDWSSD_TP,0.000000000000e+00
6397,15231,SEDSCRS_TP,0.000000000000e+00
6397,15231,SO_TCd,0.000000000000e+00
6397,15231,IO_TCd,0.000000000000e+00
6397,15231,AO_TCd,0.000000000000e+00
6397,15231,PO_TCd,0.000000000000e+00
6397,15231,SED_TCd,0.000000000000e+00
6397,15231,SEDWSSD_TCd,0.000000000000e+00
6397,15231,SEDSCRS_TCd,0.000000000000e+00
6397,15231,SO_TCu,0.000000000000e+00
6397,15231,IO_TCu,0.000000000000e+00
6397,15231,AO_TCu,0.000000000000e+00
6397,15231,PO_TCu,0.000000000000e+00
6397,15231,SED_TCu,0.000000000000e+00
6397,15231,SEDWSSD_TCu,0.000000000000e+00
6397,15231,SEDSCRS_TCu,0.000000000000e+00
6397,15231,SO_TPb,0.000000000000e+00
6397,15231,IO_TPb,0.000000000000e+00
6397,15231,AO_TPb,0.000000000000e+00
6397,15231,PO_TPb,0.000000000000e+00
6397,15231,SED_TPb,0.000000000000e+00
6397,15231,SEDWSSD_TPb,0.000000000000e+00
6397,15231,SEDSCRS_TPb,0.000000000000e+00
6397,15231,SO_TZn,0.000000000000e+00
6397,15231,IO_TZn,0.000000000000e+00
6397,15231,AO_TZn,0.000000000000e+00
6397,15231,PO_TZn,0.000000000000e+00
6397,15231,SED_TZn,0.000000000000e+00
6397,15231,SEDWSSD_TZn,0.000000000000e+00
6397,15231,SEDSCRS_TZn,0.000000000000e+00
6397,15232,AREA,0.000000000000e+00
6397,15232,PREC,0.000000000000e+00
6397,15232,SURO,0.000000000000e+00
6397,15232,IFWO,0.000000000000e+00
6397,15232,AGWO,0.000000000000e+00
6397,15232,PERO,0.000000000000e+00
6397,15232,TAET,0.000000000000e+00
6397,15232,SEDLOAD,0.000000000000e+00
6397,15232,SEDWSSD, 0.00000e+00
6397,15232,SEDSCRS, 0.00000e+00
6397,15232,SEDSURO, 0.00000e+00
6397,15232,SEDIFWO, 0.00000e+00
6397,15232,SEDAGWO, 0.00000e+00
6397,15232,SO_TN,0.000000000000e+00
6397,15232,IO_TN,0.000000000000e+00
6397,15232,AO_TN,0.000000000000e+00
6397,15232,PO_TN,0.000000000000e+00
6397,15232,SO_TP,0.000000000000e+00
6397,15232,IO_TP,0.000000000000e+00
6397,15232,AO_TP,0.000000000000e+00
6397,15232,PO_TP,0.000000000000e+00
6397,15232,SED_TP,0.000000000000e+00
6397,15232,SEDWSSD_TP,0.000000000000e+00
6397,15232,SEDSCRS_TP,0.000000000000e+00
6397,15232,SO_TCd,0.000000000000e+00
6397,15232,IO_TCd,0.000000000000e+00
6397,15232,AO_TCd,0.000000000000e+00
6397,15232,PO_TCd,0.000000000000e+00
6397,15232,SED_TCd,0.000000000000e+00
6397,15232,SEDWSSD_TCd,0.000000000000e+00
6397,15232,SEDSCRS_TCd,0.000000000000e+00
6397,15232,SO_TCu,0.000000000000e+00
6397,15232,IO_TCu,0.000000000000e+00
6397,15232,AO_TCu,0.000000000000e+00
6397,15232,PO_TCu,0.000000000000e+00
6397,15232,SED_TCu,0.000000000000e+00
6397,15232,SEDWSSD_TCu,0.000000000000e+00
6397,15232,SEDSCRS_TCu,0.000000000000e+00
6397,15232,SO_TPb,0.000000000000e+00
6397,15232,IO_TPb,0.000000000000e+00
6397,15232,AO_TPb,0.000000000000e+00
6397,15232,PO_TPb,0.000000000000e+00
6397,15232,SED_TPb,0.000000000000e+00
6397,15232,SEDWSSD_TPb,0.000000000000e+00
6397,15232,SEDSCRS_TPb,0.000000000000e+00
6397,15232,SO_TZn,0.000000000000e+00
6397,15232,IO_TZn,0.000000000000e+00
6397,15232,AO_TZn,0.000000000000e+00
6397,15232,PO_TZn,0.000000000000e+00
6397,15232,SED_TZn,0.000000000000e+00
6397,15232,SEDWSSD_TZn,0.000000000000e+00
6397,15232,SEDSCRS_TZn,0.000000000000e+00
6397,15321,AREA,3.049730700004e+01
6397,15321,PREC,3.647039659294e+02
6397,15321,SURO,7.809690099466e-01
6397,15321,IFWO,1.622334465890e+00
6397,15321,AGWO,2.060418795669e+01
6397,15321,PERO,2.300749143253e+01
6397,15321,TAET,3.416964668858e+02
6397,15321,SEDLOAD,1.227219521987e-02
6397,15321,SEDWSSD, 8.07241e-03
6397,15321,SEDSCRS, 1.68137e-03
6397,15321,SEDSURO, 0.00000e+00
6397,15321,SEDIFWO, 1.83821e-04
6397,15321,SEDAGWO, 2.33459e-03
6397,15321,SO_TN,4.908692849569e-01
6397,15321,IO_TN,3.676429638793e-01
6397,15321,AO_TN,1.400756420083e+00
6397,15321,PO_TN,2.259268668919e+00
6397,15321,SO_TP,1.950756585369e-02
6397,15321,IO_TP,7.352859277587e-02
6397,15321,AO_TP,9.338376133886e-01
6397,15321,PO_TP,1.026873772018e+00
6397,15321,SED_TP,1.950756585369e-02
6397,15321,SEDWSSD_TP,1.614482404442e-02
6397,15321,SEDSCRS_TP,3.362741809272e-03
6397,15321,SO_TCd,9.753782926846e-06
6397,15321,IO_TCd,0.000000000000e+00
6397,15321,AO_TCd,0.000000000000e+00
6397,15321,PO_TCd,9.753782926846e-06
6397,15321,SED_TCd,9.753782926846e-06
6397,15321,SEDWSSD_TCd,8.072412022209e-06
6397,15321,SEDSCRS_TCd,1.681370904636e-06
6397,15321,SO_TCu,9.753782926846e-04
6397,15321,IO_TCu,0.000000000000e+00
6397,15321,AO_TCu,0.000000000000e+00
6397,15321,PO_TCu,9.753782926846e-04
6397,15321,SED_TCu,9.753782926846e-04
6397,15321,SEDWSSD_TCu,8.072412022209e-04
6397,15321,SEDSCRS_TCu,1.681370904636e-04
6397,15321,SO_TPb,9.753782926846e-05
6397,15321,IO_TPb,0.000000000000e+00
6397,15321,AO_TPb,0.000000000000e+00
6397,15321,PO_TPb,9.753782926846e-05
6397,15321,SED_TPb,9.753782926846e-05
6397,15321,SEDWSSD_TPb,8.072412022209e-05
6397,15321,SEDSCRS_TPb,1.681370904636e-05
6397,15321,SO_TZn,7.022723707329e-03
6397,15321,IO_TZn,0.000000000000e+00
6397,15321,AO_TZn,2.334594033471e-01
6397,15321,PO_TZn,2.404821270545e-01
6397,15321,SED_TZn,7.022723707329e-03
6397,15321,SEDWSSD_TZn,5.812136655991e-03
6397,15321,SEDSCRS_TZn,1.210587051338e-03
6397,15322,AREA,0.000000000000e+00
6397,15322,PREC,0.000000000000e+00
6397,15322,SURO,0.000000000000e+00
6397,15322,IFWO,0.000000000000e+00
6397,15322,AGWO,0.000000000000e+00
6397,15322,PERO,0.000000000000e+00
6397,15322,TAET,0.000000000000e+00
6397,15322,SEDLOAD,0.000000000000e+00
6397,15322,SEDWSSD, 0.00000e+00
6397,15322,SEDSCRS, 0.00000e+00
6397,15322,SEDSURO, 0.00000e+00
6397,15322,SEDIFWO, 0.00000e+00
6397,15322,SEDAGWO, 0.00000e+00
6397,15322,SO_TN,0.000000000000e+00
6397,15322,IO_TN,0.000000000000e+00
6397,15322,AO_TN,0.000000000000e+00
6397,15322,PO_TN,0.000000000000e+00
6397,15322,SO_TP,0.000000000000e+00
6397,15322,IO_TP,0.000000000000e+00
6397,15322,AO_TP,0.000000000000e+00
6397,15322,PO_TP,0.000000000000e+00
6397,15322,SED_TP,0.000000000000e+00
6397,15322,SEDWSSD_TP,0.000000000000e+00
6397,15322,SEDSCRS_TP,0.000000000000e+00
6397,15322,SO_TCd,0.000000000000e+00
6397,15322,IO_TCd,0.000000000000e+00
6397,15322,AO_TCd,0.000000000000e+00
6397,15322,PO_TCd,0.000000000000e+00
6397,15322,SED_TCd,0.000000000000e+00
6397,15322,SEDWSSD_TCd,0.000000000000e+00
6397,15322,SEDSCRS_TCd,0.000000000000e+00
6397,15322,SO_TCu,0.000000000000e+00
6397,15322,IO_TCu,0.000000000000e+00
6397,15322,AO_TCu,0.000000000000e+00
6397,15322,PO_TCu,0.000000000000e+00
6397,15322,SED_TCu,0.000000000000e+00
6397,15322,SEDWSSD_TCu,0.000000000000e+00
6397,15322,SEDSCRS_TCu,0.000000000000e+00
6397,15322,SO_TPb,0.000000000000e+00
6397,15322,IO_TPb,0.000000000000e+00
6397,15322,AO_TPb,0.000000000000e+00
6397,15322,PO_TPb,0.000000000000e+00
6397,15322,SED_TPb,0.000000000000e+00
6397,15322,SEDWSSD_TPb,0.000000000000e+00
6397,15322,SEDSCRS_TPb,0.000000000000e+00
6397,15322,SO_TZn,0.000000000000e+00
6397,15322,IO_TZn,0.000000000000e+00
6397,15322,AO_TZn,0.000000000000e+00
6397,15322,PO_TZn,0.000000000000e+00
6397,15322,SED_TZn,0.000000000000e+00
6397,15322,SEDWSSD_TZn,0.000000000000e+00
6397,15322,SEDSCRS_TZn,0.000000000000e+00
6397,15331,AREA,7.968799999987e-02
6397,15331,PREC,9.529539653118e-01
6397,15331,SURO,3.120878326219e-03
6397,15331,IFWO,5.930462824057e-03
6397,15331,AGWO,5.641998653905e-02
6397,15331,PERO,6.547132768932e-02
6397,15331,TAET,8.874826579010e-01
6397,15331,SEDLOAD,8.323233406957e-05
6397,15331,SEDWSSD, 6.49928e-05
6397,15331,SEDSCRS, 1.11748e-05
6397,15331,SEDSURO, 0.00000e+00
6397,15331,SEDIFWO, 6.71961e-07
6397,15331,SEDAGWO, 6.39276e-06
6397,15331,SO_TN,1.914417787303e-03
6397,15331,IO_TN,1.343923201814e-03
6397,15331,AO_TN,3.835659941157e-03
6397,15331,PO_TN,7.094000930273e-03
6397,15331,SO_TP,1.523352298792e-04
6397,15331,IO_TP,2.687846403628e-04
6397,15331,AO_TP,2.557106627438e-03
6397,15331,PO_TP,2.978226497680e-03
6397,15331,SED_TP,1.523352298792e-04
6397,15331,SEDWSSD_TP,1.299856673691e-04
6397,15331,SEDSCRS_TP,2.234956251008e-05
6397,15331,SO_TCd,7.616761493958e-08
6397,15331,IO_TCd,0.000000000000e+00
6397,15331,AO_TCd,0.000000000000e+00
6397,15331,PO_TCd,7.616761493958e-08
6397,15331,SED_TCd,7.616761493958e-08
6397,15331,SEDWSSD_TCd,6.499283368454e-08
6397,15331,SEDSCRS_TCd,1.117478125504e-08
6397,15331,SO_TCu,7.616761493958e-06
6397,15331,IO_TCu,0.000000000000e+00
6397,15331,AO_TCu,0.000000000000e+00
6397,15331,PO_TCu,7.616761493958e-06
6397,15331,SED_TCu,7.616761493958e-06
6397,15331,SEDWSSD_TCu,6.499283368454e-06
6397,15331,SEDSCRS_TCu,1.117478125504e-06
6397,15331,SO_TPb,7.616761493958e-07
6397,15331,IO_TPb,0.000000000000e+00
6397,15331,AO_TPb,0.000000000000e+00
6397,15331,PO_TPb,7.616761493958e-07
6397,15331,SED_TPb,7.616761493958e-07
6397,15331,SEDWSSD_TPb,6.499283368454e-07
6397,15331,SEDSCRS_TPb,1.117478125504e-07
6397,15331,SO_TZn,5.484068275650e-05
6397,15331,IO_TZn,0.000000000000e+00
6397,15331,AO_TZn,6.392766568595e-04
6397,15331,PO_TZn,6.941173396160e-04
6397,15331,SED_TZn,5.484068275650e-05
6397,15331,SEDWSSD_TZn,4.679484025287e-05
6397,15331,SEDSCRS_TZn,8.045842503628e-06
6397,15332,AREA,0.000000000000e+00
6397,15332,PREC,0.000000000000e+00
6397,15332,SURO,0.000000000000e+00
6397,15332,IFWO,0.000000000000e+00
6397,15332,AGWO,0.000000000000e+00
6397,15332,PERO,0.000000000000e+00
6397,15332,TAET,0.000000000000e+00
6397,15332,SEDLOAD,0.000000000000e+00
6397,15332,SEDWSSD, 0.00000e+00
6397,15332,SEDSCRS, 0.00000e+00
6397,15332,SEDSURO, 0.00000e+00
6397,15332,SEDIFWO, 0.00000e+00
6397,15332,SEDAGWO, 0.00000e+00
6397,15332,SO_TN,0.000000000000e+00
6397,15332,IO_TN,0.000000000000e+00
6397,15332,AO_TN,0.000000000000e+00
6397,15332,PO_TN,0.000000000000e+00
6397,15332,SO_TP,0.000000000000e+00
6397,15332,IO_TP,0.000000000000e+00
6397,15332,AO_TP,0.000000000000e+00
6397,15332,PO_TP,0.000000000000e+00
6397,15332,SED_TP,0.000000000000e+00
6397,15332,SEDWSSD_TP,0.000000000000e+00
6397,15332,SEDSCRS_TP,0.000000000000e+00
6397,15332,SO_TCd,0.000000000000e+00
6397,15332,IO_TCd,0.000000000000e+00
6397,15332,AO_TCd,0.000000000000e+00
6397,15332,PO_TCd,0.000000000000e+00
6397,15332,SED_TCd,0.000000000000e+00
6397,15332,SEDWSSD_TCd,0.000000000000e+00
6397,15332,SEDSCRS_TCd,0.000000000000e+00
6397,15332,SO_TCu,0.000000000000e+00
6397,15332,IO_TCu,0.000000000000e+00
6397,15332,AO_TCu,0.000000000000e+00
6397,15332,PO_TCu,0.000000000000e+00
6397,15332,SED_TCu,0.000000000000e+00
6397,15332,SEDWSSD_TCu,0.000000000000e+00
6397,15332,SEDSCRS_TCu,0.000000000000e+00
6397,15332,SO_TPb,0.000000000000e+00
6397,15332,IO_TPb,0.000000000000e+00
6397,15332,AO_TPb,0.000000000000e+00
6397,15332,PO_TPb,0.000000000000e+00
6397,15332,SED_TPb,0.000000000000e+00
6397,15332,SEDWSSD_TPb,0.000000000000e+00
6397,15332,SEDSCRS_TPb,0.000000000000e+00
6397,15332,SO_TZn,0.000000000000e+00
6397,15332,IO_TZn,0.000000000000e+00
6397,15332,AO_TZn,0.000000000000e+00
6397,15332,PO_TZn,0.000000000000e+00
6397,15332,SED_TZn,0.000000000000e+00
6397,15332,SEDWSSD_TZn,0.000000000000e+00
6397,15332,SEDSCRS_TZn,0.000000000000e+00
6397,15421,AREA,2.518300000000e-02
6397,15421,PREC,3.011524910708e-01
6397,15421,SURO,6.999270513806e-03
6397,15421,IFWO,3.911034663095e-03
6397,15421,AGWO,1.081795846220e-02
6397,15421,PERO,2.172826363911e-02
6397,15421,TAET,2.794242310757e-01
6397,15421,SEDLOAD,7.632389618084e-05
6397,15421,SEDWSSD, 5.08248e-05
6397,15421,SEDSCRS, 2.38302e-05
6397,15421,SEDSURO, 0.00000e+00
6397,15421,SEDIFWO, 4.43146e-07
6397,15421,SEDAGWO, 1.22575e-06
6397,15421,SO_TN,3.175917544518e-03
6397,15421,IO_TN,8.862934281471e-04
6397,15421,AO_TN,7.354487738110e-04
6397,15421,PO_TN,4.797659746476e-03
6397,15421,SO_TP,1.493100072916e-04
6397,15421,IO_TP,1.772586856294e-04
6397,15421,AO_TP,4.902991825407e-04
6397,15421,PO_TP,8.168678754617e-04
6397,15421,SED_TP,1.493100072916e-04
6397,15421,SEDWSSD_TP,1.016496943366e-04
6397,15421,SEDSCRS_TP,4.766031295503e-05
6397,15421,SO_TCd,7.465500364581e-08
6397,15421,IO_TCd,0.000000000000e+00
6397,15421,AO_TCd,0.000000000000e+00
6397,15421,PO_TCd,7.465500364581e-08
6397,15421,SED_TCd,7.465500364581e-08
6397,15421,SEDWSSD_TCd,5.082484716830e-08
6397,15421,SEDSCRS_TCd,2.383015647752e-08
6397,15421,SO_TCu,7.465500364581e-06
6397,15421,IO_TCu,0.000000000000e+00
6397,15421,AO_TCu,0.000000000000e+00
6397,15421,PO_TCu,7.465500364581e-06
6397,15421,SED_TCu,7.465500364581e-06
6397,15421,SEDWSSD_TCu,5.082484716830e-06
6397,15421,SEDSCRS_TCu,2.383015647752e-06
6397,15421,SO_TPb,7.465500364581e-07
6397,15421,IO_TPb,0.000000000000e+00
6397,15421,AO_TPb,0.000000000000e+00
6397,15421,PO_TPb,7.465500364581e-07
6397,15421,SED_TPb,7.465500364581e-07
6397,15421,SEDWSSD_TPb,5.082484716830e-07
6397,15421,SEDSCRS_TPb,2.383015647752e-07
6397,15421,SO_TZn,5.375160262499e-05
6397,15421,IO_TZn,0.000000000000e+00
6397,15421,AO_TZn,1.225747956352e-04
6397,15421,PO_TZn,1.763263982602e-04
6397,15421,SED_TZn,5.375160262499e-05
6397,15421,SEDWSSD_TZn,3.659388996118e-05
6397,15421,SEDSCRS_TZn,1.715771266381e-05
6397,15422,AREA,0.000000000000e+00
6397,15422,PREC,0.000000000000e+00
6397,15422,SURO,0.000000000000e+00
6397,15422,IFWO,0.000000000000e+00
6397,15422,AGWO,0.000000000000e+00
6397,15422,PERO,0.000000000000e+00
6397,15422,TAET,0.000000000000e+00
6397,15422,SEDLOAD,0.000000000000e+00
6397,15422,SEDWSSD, 0.00000e+00
6397,15422,SEDSCRS, 0.00000e+00
6397,15422,SEDSURO, 0.00000e+00
6397,15422,SEDIFWO, 0.00000e+00
6397,15422,SEDAGWO, 0.00000e+00
6397,15422,SO_TN,0.000000000000e+00
6397,15422,IO_TN,0.000000000000e+00
6397,15422,AO_TN,0.000000000000e+00
6397,15422,PO_TN,0.000000000000e+00
6397,15422,SO_TP,0.000000000000e+00
6397,15422,IO_TP,0.000000000000e+00
6397,15422,AO_TP,0.000000000000e+00
6397,15422,PO_TP,0.000000000000e+00
6397,15422,SED_TP,0.000000000000e+00
6397,15422,SEDWSSD_TP,0.000000000000e+00
6397,15422,SEDSCRS_TP,0.000000000000e+00
6397,15422,SO_TCd,0.000000000000e+00
6397,15422,IO_TCd,0.000000000000e+00
6397,15422,AO_TCd,0.000000000000e+00
6397,15422,PO_TCd,0.000000000000e+00
6397,15422,SED_TCd,0.000000000000e+00
6397,15422,SEDWSSD_TCd,0.000000000000e+00
6397,15422,SEDSCRS_TCd,0.000000000000e+00
6397,15422,SO_TCu,0.000000000000e+00
6397,15422,IO_TCu,0.000000000000e+00
6397,15422,AO_TCu,0.000000000000e+00
6397,15422,PO_TCu,0.000000000000e+00
6397,15422,SED_TCu,0.000000000000e+00
6397,15422,SEDWSSD_TCu,0.000000000000e+00
6397,15422,SEDSCRS_TCu,0.000000000000e+00
6397,15422,SO_TPb,0.000000000000e+00
6397,15422,IO_TPb,0.000000000000e+00
6397,15422,AO_TPb,0.000000000000e+00
6397,15422,PO_TPb,0.000000000000e+00
6397,15422,SED_TPb,0.000000000000e+00
6397,15422,SEDWSSD_TPb,0.000000000000e+00
6397,15422,SEDSCRS_TPb,0.000000000000e+00
6397,15422,SO_TZn,0.000000000000e+00
6397,15422,IO_TZn,0.000000000000e+00
6397,15422,AO_TZn,0.000000000000e+00
6397,15422,PO_TZn,0.000000000000e+00
6397,15422,SED_TZn,0.000000000000e+00
6397,15422,SEDWSSD_TZn,0.000000000000e+00
6397,15422,SEDSCRS_TZn,0.000000000000e+00
6397,15431,AREA,0.000000000000e+00
6397,15431,PREC,0.000000000000e+00
6397,15431,SURO,0.000000000000e+00
6397,15431,IFWO,0.000000000000e+00
6397,15431,AGWO,0.000000000000e+00
6397,15431,PERO,0.000000000000e+00
6397,15431,TAET,0.000000000000e+00
6397,15431,SEDLOAD,0.000000000000e+00
6397,15431,SEDWSSD, 0.00000e+00
6397,15431,SEDSCRS, 0.00000e+00
6397,15431,SEDSURO, 0.00000e+00
6397,15431,SEDIFWO, 0.00000e+00
6397,15431,SEDAGWO, 0.00000e+00
6397,15431,SO_TN,0.000000000000e+00
6397,15431,IO_TN,0.000000000000e+00
6397,15431,AO_TN,0.000000000000e+00
6397,15431,PO_TN,0.000000000000e+00
6397,15431,SO_TP,0.000000000000e+00
6397,15431,IO_TP,0.000000000000e+00
6397,15431,AO_TP,0.000000000000e+00
6397,15431,PO_TP,0.000000000000e+00
6397,15431,SED_TP,0.000000000000e+00
6397,15431,SEDWSSD_TP,0.000000000000e+00
6397,15431,SEDSCRS_TP,0.000000000000e+00
6397,15431,SO_TCd,0.000000000000e+00
6397,15431,IO_TCd,0.000000000000e+00
6397,15431,AO_TCd,0.000000000000e+00
6397,15431,PO_TCd,0.000000000000e+00
6397,15431,SED_TCd,0.000000000000e+00
6397,15431,SEDWSSD_TCd,0.000000000000e+00
6397,15431,SEDSCRS_TCd,0.000000000000e+00
6397,15431,SO_TCu,0.000000000000e+00
6397,15431,IO_TCu,0.000000000000e+00
6397,15431,AO_TCu,0.000000000000e+00
6397,15431,PO_TCu,0.000000000000e+00
6397,15431,SED_TCu,0.000000000000e+00
6397,15431,SEDWSSD_TCu,0.000000000000e+00
6397,15431,SEDSCRS_TCu,0.000000000000e+00
6397,15431,SO_TPb,0.000000000000e+00
6397,15431,IO_TPb,0.000000000000e+00
6397,15431,AO_TPb,0.000000000000e+00
6397,15431,PO_TPb,0.000000000000e+00
6397,15431,SED_TPb,0.000000000000e+00
6397,15431,SEDWSSD_TPb,0.000000000000e+00
6397,15431,SEDSCRS_TPb,0.000000000000e+00
6397,15431,SO_TZn,0.000000000000e+00
6397,15431,IO_TZn,0.000000000000e+00
6397,15431,AO_TZn,0.000000000000e+00
6397,15431,PO_TZn,0.000000000000e+00
6397,15431,SED_TZn,0.000000000000e+00
6397,15431,SEDWSSD_TZn,0.000000000000e+00
6397,15431,SEDSCRS_TZn,0.000000000000e+00
6397,15432,AREA,0.000000000000e+00
6397,15432,PREC,0.000000000000e+00
6397,15432,SURO,0.000000000000e+00
6397,15432,IFWO,0.000000000000e+00
6397,15432,AGWO,0.000000000000e+00
6397,15432,PERO,0.000000000000e+00
6397,15432,TAET,0.000000000000e+00
6397,15432,SEDLOAD,0.000000000000e+00
6397,15432,SEDWSSD, 0.00000e+00
6397,15432,SEDSCRS, 0.00000e+00
6397,15432,SEDSURO, 0.00000e+00
6397,15432,SEDIFWO, 0.00000e+00
6397,15432,SEDAGWO, 0.00000e+00
6397,15432,SO_TN,0.000000000000e+00
6397,15432,IO_TN,0.000000000000e+00
6397,15432,AO_TN,0.000000000000e+00
6397,15432,PO_TN,0.000000000000e+00
6397,15432,SO_TP,0.000000000000e+00
6397,15432,IO_TP,0.000000000000e+00
6397,15432,AO_TP,0.000000000000e+00
6397,15432,PO_TP,0.000000000000e+00
6397,15432,SED_TP,0.000000000000e+00
6397,15432,SEDWSSD_TP,0.000000000000e+00
6397,15432,SEDSCRS_TP,0.000000000000e+00
6397,15432,SO_TCd,0.000000000000e+00
6397,15432,IO_TCd,0.000000000000e+00
6397,15432,AO_TCd,0.000000000000e+00
6397,15432,PO_TCd,0.000000000000e+00
6397,15432,SED_TCd,0.000000000000e+00
6397,15432,SEDWSSD_TCd,0.000000000000e+00
6397,15432,SEDSCRS_TCd,0.000000000000e+00
6397,15432,SO_TCu,0.000000000000e+00
6397,15432,IO_TCu,0.000000000000e+00
6397,15432,AO_TCu,0.000000000000e+00
6397,15432,PO_TCu,0.000000000000e+00
6397,15432,SED_TCu,0.000000000000e+00
6397,15432,SEDWSSD_TCu,0.000000000000e+00
6397,15432,SEDSCRS_TCu,0.000000000000e+00
6397,15432,SO_TPb,0.000000000000e+00
6397,15432,IO_TPb,0.000000000000e+00
6397,15432,AO_TPb,0.000000000000e+00
6397,15432,PO_TPb,0.000000000000e+00
6397,15432,SED_TPb,0.000000000000e+00
6397,15432,SEDWSSD_TPb,0.000000000000e+00
6397,15432,SEDSCRS_TPb,0.000000000000e+00
6397,15432,SO_TZn,0.000000000000e+00
6397,15432,IO_TZn,0.000000000000e+00
6397,15432,AO_TZn,0.000000000000e+00
6397,15432,PO_TZn,0.000000000000e+00
6397,15432,SED_TZn,0.000000000000e+00
6397,15432,SEDWSSD_TZn,0.000000000000e+00
6397,15432,SEDSCRS_TZn,0.000000000000e+00
6397,16000,AREA,0.000000000000e+00
6397,16000,PREC,0.000000000000e+00
6397,16000,SURO,0.000000000000e+00
6397,16000,IFWO,0.000000000000e+00
6397,16000,AGWO,0.000000000000e+00
6397,16000,PERO,0.000000000000e+00
6397,16000,TAET,0.000000000000e+00
6397,16000,SEDLOAD,0.000000000000e+00
6397,16000,SEDWSSD, 0.00000e+00
6397,16000,SEDSCRS, 0.00000e+00
6397,16000,SEDSURO, 0.00000e+00
6397,16000,SEDIFWO, 0.00000e+00
6397,16000,SEDAGWO, 0.00000e+00
6397,16000,SO_TN,0.000000000000e+00
6397,16000,IO_TN,0.000000000000e+00
6397,16000,AO_TN,0.000000000000e+00
6397,16000,PO_TN,0.000000000000e+00
6397,16000,SO_TP,0.000000000000e+00
6397,16000,IO_TP,0.000000000000e+00
6397,16000,AO_TP,0.000000000000e+00
6397,16000,PO_TP,0.000000000000e+00
6397,16000,SED_TP,0.000000000000e+00
6397,16000,SEDWSSD_TP,0.000000000000e+00
6397,16000,SEDSCRS_TP,0.000000000000e+00
6397,16000,SO_TCd,0.000000000000e+00
6397,16000,IO_TCd,0.000000000000e+00
6397,16000,AO_TCd,0.000000000000e+00
6397,16000,PO_TCd,0.000000000000e+00
6397,16000,SED_TCd,0.000000000000e+00
6397,16000,SEDWSSD_TCd,0.000000000000e+00
6397,16000,SEDSCRS_TCd,0.000000000000e+00
6397,16000,SO_TCu,0.000000000000e+00
6397,16000,IO_TCu,0.000000000000e+00
6397,16000,AO_TCu,0.000000000000e+00
6397,16000,PO_TCu,0.000000000000e+00
6397,16000,SED_TCu,0.000000000000e+00
6397,16000,SEDWSSD_TCu,0.000000000000e+00
6397,16000,SEDSCRS_TCu,0.000000000000e+00
6397,16000,SO_TPb,0.000000000000e+00
6397,16000,IO_TPb,0.000000000000e+00
6397,16000,AO_TPb,0.000000000000e+00
6397,16000,PO_TPb,0.000000000000e+00
6397,16000,SED_TPb,0.000000000000e+00
6397,16000,SEDWSSD_TPb,0.000000000000e+00
6397,16000,SEDSCRS_TPb,0.000000000000e+00
6397,16000,SO_TZn,0.000000000000e+00
6397,16000,IO_TZn,0.000000000000e+00
6397,16000,AO_TZn,0.000000000000e+00
6397,16000,PO_TZn,0.000000000000e+00
6397,16000,SED_TZn,0.000000000000e+00
6397,16000,SEDWSSD_TZn,0.000000000000e+00
6397,16000,SEDSCRS_TZn,0.000000000000e+00
6398,1000,AREA,0.000000000000e+00
6398,1000,PREC,0.000000000000e+00
6398,1000,SURO,0.000000000000e+00
6398,1000,IFWO,0.000000000000e+00
6398,1000,AGWO,0.000000000000e+00
6398,1000,PERO,0.000000000000e+00
6398,1000,TAET,0.000000000000e+00
6398,1000,SEDLOAD,0.000000000000e+00
6398,1000,SEDWSSD, 0.00000e+00
6398,1000,SEDSCRS, 0.00000e+00
6398,1000,SEDSURO, 0.00000e+00
6398,1000,SEDIFWO, 0.00000e+00
6398,1000,SEDAGWO, 0.00000e+00
6398,1000,SO_TN,0.000000000000e+00
6398,1000,IO_TN,0.000000000000e+00
6398,1000,AO_TN,0.000000000000e+00
6398,1000,PO_TN,0.000000000000e+00
6398,1000,SO_TP,0.000000000000e+00
6398,1000,IO_TP,0.000000000000e+00
6398,1000,AO_TP,0.000000000000e+00
6398,1000,PO_TP,0.000000000000e+00
6398,1000,SED_TP,0.000000000000e+00
6398,1000,SEDWSSD_TP,0.000000000000e+00
6398,1000,SEDSCRS_TP,0.000000000000e+00
6398,1000,SO_TCd,0.000000000000e+00
6398,1000,IO_TCd,0.000000000000e+00
6398,1000,AO_TCd,0.000000000000e+00
6398,1000,PO_TCd,0.000000000000e+00
6398,1000,SED_TCd,0.000000000000e+00
6398,1000,SEDWSSD_TCd,0.000000000000e+00
6398,1000,SEDSCRS_TCd,0.000000000000e+00
6398,1000,SO_TCu,0.000000000000e+00
6398,1000,IO_TCu,0.000000000000e+00
6398,1000,AO_TCu,0.000000000000e+00
6398,1000,PO_TCu,0.000000000000e+00
6398,1000,SED_TCu,0.000000000000e+00
6398,1000,SEDWSSD_TCu,0.000000000000e+00
6398,1000,SEDSCRS_TCu,0.000000000000e+00
6398,1000,SO_TPb,0.000000000000e+00
6398,1000,IO_TPb,0.000000000000e+00
6398,1000,AO_TPb,0.000000000000e+00
6398,1000,PO_TPb,0.000000000000e+00
6398,1000,SED_TPb,0.000000000000e+00
6398,1000,SEDWSSD_TPb,0.000000000000e+00
6398,1000,SEDSCRS_TPb,0.000000000000e+00
6398,1000,SO_TZn,0.000000000000e+00
6398,1000,IO_TZn,0.000000000000e+00
6398,1000,AO_TZn,0.000000000000e+00
6398,1000,PO_TZn,0.000000000000e+00
6398,1000,SED_TZn,0.000000000000e+00
6398,1000,SEDWSSD_TZn,0.000000000000e+00
6398,1000,SEDSCRS_TZn,0.000000000000e+00
6398,2000,AREA,2.089046199998e+01
6398,2000,PREC,2.581874787500e+02
6398,2000,SURO,2.401823704720e+02
6398,2000,IFWO,0.000000000000e+00
6398,2000,AGWO,0.000000000000e+00
6398,2000,PERO,2.401823704720e+02
6398,2000,TAET,1.800510827805e+01
6398,2000,SEDLOAD,5.006623174924e+00
6398,2000,SEDWSSD, 5.00662e+00
6398,2000,SEDSCRS, 0.00000e+00
6398,2000,SEDSURO, 0.00000e+00
6398,2000,SEDIFWO, 0.00000e+00
6398,2000,SEDAGWO, 0.00000e+00
6398,2000,SO_TN,6.720672757829e+00
6398,2000,IO_TN,0.000000000000e+00
6398,2000,AO_TN,0.000000000000e+00
6398,2000,PO_TN,6.720672757829e+00
6398,2000,SO_TP,2.234205591810e+01
6398,2000,IO_TP,0.000000000000e+00
6398,2000,AO_TP,0.000000000000e+00
6398,2000,PO_TP,2.234205591810e+01
6398,2000,SED_TP,2.234205591810e+01
6398,2000,SEDWSSD_TP,2.234205591810e+01
6398,2000,SEDSCRS_TP,0.000000000000e+00
6398,2000,SO_TCd,7.509934762386e-02
6398,2000,IO_TCd,0.000000000000e+00
6398,2000,AO_TCd,0.000000000000e+00
6398,2000,PO_TCd,7.509934762386e-02
6398,2000,SED_TCd,7.509934762386e-02
6398,2000,SEDWSSD_TCd,7.509934762386e-02
6398,2000,SEDSCRS_TCd,0.000000000000e+00
6398,2000,SO_TCu,7.509934762386e+00
6398,2000,IO_TCu,0.000000000000e+00
6398,2000,AO_TCu,0.000000000000e+00
6398,2000,PO_TCu,7.509934762386e+00
6398,2000,SED_TCu,7.509934762386e+00
6398,2000,SEDWSSD_TCu,7.509934762386e+00
6398,2000,SEDSCRS_TCu,0.000000000000e+00
6398,2000,SO_TPb,1.622145908675e+00
6398,2000,IO_TPb,0.000000000000e+00
6398,2000,AO_TPb,0.000000000000e+00
6398,2000,PO_TPb,1.622145908675e+00
6398,2000,SED_TPb,1.622145908675e+00
6398,2000,SEDWSSD_TPb,1.622145908675e+00
6398,2000,SEDSCRS_TPb,0.000000000000e+00
6398,2000,SO_TZn,3.460577938507e+01
6398,2000,IO_TZn,0.000000000000e+00
6398,2000,AO_TZn,0.000000000000e+00
6398,2000,PO_TZn,3.460577938507e+01
6398,2000,SED_TZn,3.460577938507e+01
6398,2000,SEDWSSD_TZn,3.460577938507e+01
6398,2000,SEDSCRS_TZn,0.000000000000e+00
6398,3000,AREA,3.977068400007e+01
6398,3000,PREC,4.915301839721e+02
6398,3000,SURO,4.572525566170e+02
6398,3000,IFWO,0.000000000000e+00
6398,3000,AGWO,0.000000000000e+00
6398,3000,PERO,4.572525566170e+02
6398,3000,TAET,3.427762735510e+01
6398,3000,SEDLOAD,7.133035082335e+00
6398,3000,SEDWSSD, 7.13304e+00
6398,3000,SEDSCRS, 0.00000e+00
6398,3000,SEDSURO, 0.00000e+00
6398,3000,SEDIFWO, 0.00000e+00
6398,3000,SEDAGWO, 0.00000e+00
6398,3000,SO_TN,1.279463099339e+01
6398,3000,IO_TN,0.000000000000e+00
6398,3000,AO_TN,0.000000000000e+00
6398,3000,PO_TN,1.279463099339e+01
6398,3000,SO_TP,3.183116905492e+01
6398,3000,IO_TP,0.000000000000e+00
6398,3000,AO_TP,0.000000000000e+00
6398,3000,PO_TP,3.183116905492e+01
6398,3000,SED_TP,3.183116905492e+01
6398,3000,SEDWSSD_TP,3.183116905492e+01
6398,3000,SEDSCRS_TP,0.000000000000e+00
6398,3000,SO_TCd,8.559642098802e-02
6398,3000,IO_TCd,0.000000000000e+00
6398,3000,AO_TCd,0.000000000000e+00
6398,3000,PO_TCd,8.559642098802e-02
6398,3000,SED_TCd,8.559642098802e-02
6398,3000,SEDWSSD_TCd,8.559642098802e-02
6398,3000,SEDSCRS_TCd,0.000000000000e+00
6398,3000,SO_TCu,8.559642098802e+00
6398,3000,IO_TCu,0.000000000000e+00
6398,3000,AO_TCu,0.000000000000e+00
6398,3000,PO_TCu,8.559642098802e+00
6398,3000,SED_TCu,8.559642098802e+00
6398,3000,SEDWSSD_TCu,8.559642098802e+00
6398,3000,SEDSCRS_TCu,0.000000000000e+00
6398,3000,SO_TPb,7.703677888922e-01
6398,3000,IO_TPb,0.000000000000e+00
6398,3000,AO_TPb,0.000000000000e+00
6398,3000,PO_TPb,7.703677888922e-01
6398,3000,SED_TPb,7.703677888922e-01
6398,3000,SEDWSSD_TPb,7.703677888922e-01
6398,3000,SEDSCRS_TPb,0.000000000000e+00
6398,3000,SO_TZn,3.697765386683e+01
6398,3000,IO_TZn,0.000000000000e+00
6398,3000,AO_TZn,0.000000000000e+00
6398,3000,PO_TZn,3.697765386683e+01
6398,3000,SED_TZn,3.697765386683e+01
6398,3000,SEDWSSD_TZn,3.697765386683e+01
6398,3000,SEDSCRS_TZn,0.000000000000e+00
6398,4000,AREA,1.843080099998e+01
6398,4000,PREC,2.277882624871e+02
6398,4000,SURO,2.119030911751e+02
6398,4000,IFWO,0.000000000000e+00
6398,4000,AGWO,0.000000000000e+00
6398,4000,PERO,2.119030911751e+02
6398,4000,TAET,1.588517131197e+01
6398,4000,SEDLOAD,4.417139175961e+00
6398,4000,SEDWSSD, 4.41714e+00
6398,4000,SEDSCRS, 0.00000e+00
6398,4000,SEDSURO, 0.00000e+00
6398,4000,SEDIFWO, 0.00000e+00
6398,4000,SEDAGWO, 0.00000e+00
6398,4000,SO_TN,1.321772323405e+02
6398,4000,IO_TN,0.000000000000e+00
6398,4000,AO_TN,0.000000000000e+00
6398,4000,PO_TN,1.321772323405e+02
6398,4000,SO_TP,3.246597294331e+01
6398,4000,IO_TP,0.000000000000e+00
6398,4000,AO_TP,0.000000000000e+00
6398,4000,PO_TP,3.246597294331e+01
6398,4000,SED_TP,3.246597294331e+01
6398,4000,SEDWSSD_TP,3.246597294331e+01
6398,4000,SEDSCRS_TP,0.000000000000e+00
6398,4000,SO_TCd,6.625708763941e-02
6398,4000,IO_TCd,0.000000000000e+00
6398,4000,AO_TCd,0.000000000000e+00
6398,4000,PO_TCd,6.625708763941e-02
6398,4000,SED_TCd,6.625708763941e-02
6398,4000,SEDWSSD_TCd,6.625708763941e-02
6398,4000,SEDSCRS_TCd,0.000000000000e+00
6398,4000,SO_TCu,6.625708763941e+00
6398,4000,IO_TCu,0.000000000000e+00
6398,4000,AO_TCu,0.000000000000e+00
6398,4000,PO_TCu,6.625708763941e+00
6398,4000,SED_TCu,6.625708763941e+00
6398,4000,SEDWSSD_TCu,6.625708763941e+00
6398,4000,SEDSCRS_TCu,0.000000000000e+00
6398,4000,SO_TPb,1.908204124015e+00
6398,4000,IO_TPb,0.000000000000e+00
6398,4000,AO_TPb,0.000000000000e+00
6398,4000,PO_TPb,1.908204124015e+00
6398,4000,SED_TPb,1.908204124015e+00
6398,4000,SEDWSSD_TPb,1.908204124015e+00
6398,4000,SEDSCRS_TPb,0.000000000000e+00
6398,4000,SO_TZn,1.987712629182e+01
6398,4000,IO_TZn,0.000000000000e+00
6398,4000,AO_TZn,0.000000000000e+00
6398,4000,PO_TZn,1.987712629182e+01
6398,4000,SED_TZn,1.987712629182e+01
6398,4000,SEDWSSD_TZn,1.987712629182e+01
6398,4000,SEDSCRS_TZn,0.000000000000e+00
6398,5000,AREA,1.622997440002e+02
6398,5000,PREC,2.005880085617e+03
6398,5000,SURO,1.865996895660e+03
6398,5000,IFWO,0.000000000000e+00
6398,5000,AGWO,0.000000000000e+00
6398,5000,PERO,1.865996895660e+03
6398,5000,TAET,1.398831899562e+02
6398,5000,SEDLOAD,2.312595875098e+01
6398,5000,SEDWSSD, 2.31260e+01
6398,5000,SEDSCRS, 0.00000e+00
6398,5000,SEDSURO, 0.00000e+00
6398,5000,SEDIFWO, 0.00000e+00
6398,5000,SEDAGWO, 0.00000e+00
6398,5000,SO_TN,1.317046980953e+03
6398,5000,IO_TN,0.000000000000e+00
6398,5000,AO_TN,0.000000000000e+00
6398,5000,PO_TN,1.317046980953e+03
6398,5000,SO_TP,1.578346684754e+02
6398,5000,IO_TP,0.000000000000e+00
6398,5000,AO_TP,0.000000000000e+00
6398,5000,PO_TP,1.578346684754e+02
6398,5000,SED_TP,1.578346684754e+02
6398,5000,SEDWSSD_TP,1.578346684754e+02
6398,5000,SEDSCRS_TP,0.000000000000e+00
6398,5000,SO_TCd,1.734446906324e-01
6398,5000,IO_TCd,0.000000000000e+00
6398,5000,AO_TCd,0.000000000000e+00
6398,5000,PO_TCd,1.734446906324e-01
6398,5000,SED_TCd,1.734446906324e-01
6398,5000,SEDWSSD_TCd,1.734446906324e-01
6398,5000,SEDSCRS_TCd,0.000000000000e+00
6398,5000,SO_TCu,1.734446906324e+01
6398,5000,IO_TCu,0.000000000000e+00
6398,5000,AO_TCu,0.000000000000e+00
6398,5000,PO_TCu,1.734446906324e+01
6398,5000,SED_TCu,1.734446906324e+01
6398,5000,SEDWSSD_TCu,1.734446906324e+01
6398,5000,SEDSCRS_TCu,0.000000000000e+00
6398,5000,SO_TPb,8.741612407871e+00
6398,5000,IO_TPb,0.000000000000e+00
6398,5000,AO_TPb,0.000000000000e+00
6398,5000,PO_TPb,8.741612407871e+00
6398,5000,SED_TPb,8.741612407871e+00
6398,5000,SEDWSSD_TPb,8.741612407871e+00
6398,5000,SEDSCRS_TPb,0.000000000000e+00
6398,5000,SO_TZn,6.244008862765e+01
6398,5000,IO_TZn,0.000000000000e+00
6398,5000,AO_TZn,0.000000000000e+00
6398,5000,PO_TZn,6.244008862765e+01
6398,5000,SED_TZn,6.244008862765e+01
6398,5000,SEDWSSD_TZn,6.244008862765e+01
6398,5000,SEDSCRS_TZn,0.000000000000e+00
6398,6000,AREA,1.217359100002e+01
6398,6000,PREC,1.504547275031e+02
6398,6000,SURO,1.399625313952e+02
6398,6000,IFWO,0.000000000000e+00
6398,6000,AGWO,0.000000000000e+00
6398,6000,PERO,1.399625313952e+02
6398,6000,TAET,1.049219610785e+01
6398,6000,SEDLOAD,2.917531420783e+00
6398,6000,SEDWSSD, 2.91753e+00
6398,6000,SEDSCRS, 0.00000e+00
6398,6000,SEDSURO, 0.00000e+00
6398,6000,SEDIFWO, 0.00000e+00
6398,6000,SEDAGWO, 0.00000e+00
6398,6000,SO_TN,7.775687301802e+01
6398,6000,IO_TN,0.000000000000e+00
6398,6000,AO_TN,0.000000000000e+00
6398,6000,PO_TN,7.775687301802e+01
6398,6000,SO_TP,2.297555993867e+01
6398,6000,IO_TP,0.000000000000e+00
6398,6000,AO_TP,0.000000000000e+00
6398,6000,PO_TP,2.297555993867e+01
6398,6000,SED_TP,2.297555993867e+01
6398,6000,SEDWSSD_TP,2.297555993867e+01
6398,6000,SEDSCRS_TP,0.000000000000e+00
6398,6000,SO_TCd,5.835062841567e-02
6398,6000,IO_TCd,0.000000000000e+00
6398,6000,AO_TCd,0.000000000000e+00
6398,6000,PO_TCd,5.835062841567e-02
6398,6000,SED_TCd,5.835062841567e-02
6398,6000,SEDWSSD_TCd,5.835062841567e-02
6398,6000,SEDSCRS_TCd,0.000000000000e+00
6398,6000,SO_TCu,5.835062841567e+00
6398,6000,IO_TCu,0.000000000000e+00
6398,6000,AO_TCu,0.000000000000e+00
6398,6000,PO_TCu,5.835062841567e+00
6398,6000,SED_TCu,5.835062841567e+00
6398,6000,SEDWSSD_TCu,5.835062841567e+00
6398,6000,SEDSCRS_TCu,0.000000000000e+00
6398,6000,SO_TPb,1.512448288534e+00
6398,6000,IO_TPb,0.000000000000e+00
6398,6000,AO_TPb,0.000000000000e+00
6398,6000,PO_TPb,1.512448288534e+00
6398,6000,SED_TPb,1.512448288534e+00
6398,6000,SEDWSSD_TPb,1.512448288534e+00
6398,6000,SEDSCRS_TPb,0.000000000000e+00
6398,6000,SO_TZn,1.680498098371e+01
6398,6000,IO_TZn,0.000000000000e+00
6398,6000,AO_TZn,0.000000000000e+00
6398,6000,PO_TZn,1.680498098371e+01
6398,6000,SED_TZn,1.680498098371e+01
6398,6000,SEDWSSD_TZn,1.680498098371e+01
6398,6000,SEDSCRS_TZn,0.000000000000e+00
6398,7000,AREA,1.180133599998e+01
6398,7000,PREC,1.458539877060e+02
6398,7000,SURO,1.356826313949e+02
6398,7000,IFWO,0.000000000000e+00
6398,7000,AGWO,0.000000000000e+00
6398,7000,PERO,1.356826313949e+02
6398,7000,TAET,1.017135631111e+01
6398,7000,SEDLOAD,3.424046925622e+00
6398,7000,SEDWSSD, 3.42405e+00
6398,7000,SEDSCRS, 0.00000e+00
6398,7000,SEDSURO, 0.00000e+00
6398,7000,SEDIFWO, 0.00000e+00
6398,7000,SEDAGWO, 0.00000e+00
6398,7000,SO_TN,6.371092715889e+01
6398,7000,IO_TN,0.000000000000e+00
6398,7000,AO_TN,0.000000000000e+00
6398,7000,PO_TN,6.371092715889e+01
6398,7000,SO_TP,2.516674490332e+01
6398,7000,IO_TP,0.000000000000e+00
6398,7000,AO_TP,0.000000000000e+00
6398,7000,PO_TP,2.516674490332e+01
6398,7000,SED_TP,2.516674490332e+01
6398,7000,SEDWSSD_TP,2.516674490332e+01
6398,7000,SEDSCRS_TP,0.000000000000e+00
6398,7000,SO_TCd,8.560117314055e-02
6398,7000,IO_TCd,0.000000000000e+00
6398,7000,AO_TCd,0.000000000000e+00
6398,7000,PO_TCd,8.560117314055e-02
6398,7000,SED_TCd,8.560117314055e-02
6398,7000,SEDWSSD_TCd,8.560117314055e-02
6398,7000,SEDSCRS_TCd,0.000000000000e+00
6398,7000,SO_TCu,8.560117314055e+00
6398,7000,IO_TCu,0.000000000000e+00
6398,7000,AO_TCu,0.000000000000e+00
6398,7000,PO_TCu,8.560117314055e+00
6398,7000,SED_TCu,8.560117314055e+00
6398,7000,SEDWSSD_TCu,8.560117314055e+00
6398,7000,SEDSCRS_TCu,0.000000000000e+00
6398,7000,SO_TPb,2.366701234990e+00
6398,7000,IO_TPb,0.000000000000e+00
6398,7000,AO_TPb,0.000000000000e+00
6398,7000,PO_TPb,2.366701234990e+00
6398,7000,SED_TPb,2.366701234990e+00
6398,7000,SEDWSSD_TPb,2.366701234990e+00
6398,7000,SEDSCRS_TPb,0.000000000000e+00
6398,7000,SO_TZn,3.944502058316e+01
6398,7000,IO_TZn,0.000000000000e+00
6398,7000,AO_TZn,0.000000000000e+00
6398,7000,PO_TZn,3.944502058316e+01
6398,7000,SED_TZn,3.944502058316e+01
6398,7000,SEDWSSD_TZn,3.944502058316e+01
6398,7000,SEDSCRS_TZn,0.000000000000e+00
6398,8000,AREA,1.291397500000e+01
6398,8000,PREC,1.596052134170e+02
6398,8000,SURO,1.484748938399e+02
6398,8000,IFWO,0.000000000000e+00
6398,8000,AGWO,0.000000000000e+00
6398,8000,PERO,1.484748938399e+02
6398,8000,TAET,1.113031957718e+01
6398,8000,SEDLOAD,2.730174945924e+00
6398,8000,SEDWSSD, 2.73017e+00
6398,8000,SEDSCRS, 0.00000e+00
6398,8000,SEDSURO, 0.00000e+00
6398,8000,SEDIFWO, 0.00000e+00
6398,8000,SEDAGWO, 0.00000e+00
6398,8000,SO_TN,4.058823488983e+01
6398,8000,IO_TN,0.000000000000e+00
6398,8000,AO_TN,0.000000000000e+00
6398,8000,PO_TN,4.058823488983e+01
6398,8000,SO_TP,2.866683693220e+00
6398,8000,IO_TP,0.000000000000e+00
6398,8000,AO_TP,0.000000000000e+00
6398,8000,PO_TP,2.866683693220e+00
6398,8000,SED_TP,2.866683693220e+00
6398,8000,SEDWSSD_TP,2.866683693220e+00
6398,8000,SEDSCRS_TP,0.000000000000e+00
6398,8000,SO_TCd,3.071446814164e-02
6398,8000,IO_TCd,0.000000000000e+00
6398,8000,AO_TCd,0.000000000000e+00
6398,8000,PO_TCd,3.071446814164e-02
6398,8000,SED_TCd,3.071446814164e-02
6398,8000,SEDWSSD_TCd,3.071446814164e-02
6398,8000,SEDSCRS_TCd,0.000000000000e+00
6398,8000,SO_TCu,3.071446814164e+00
6398,8000,IO_TCu,0.000000000000e+00
6398,8000,AO_TCu,0.000000000000e+00
6398,8000,PO_TCu,3.071446814164e+00
6398,8000,SED_TCu,3.071446814164e+00
6398,8000,SEDWSSD_TCu,3.071446814164e+00
6398,8000,SEDSCRS_TCu,0.000000000000e+00
6398,8000,SO_TPb,7.371472353995e-01
6398,8000,IO_TPb,0.000000000000e+00
6398,8000,AO_TPb,0.000000000000e+00
6398,8000,PO_TPb,7.371472353995e-01
6398,8000,SED_TPb,7.371472353995e-01
6398,8000,SEDWSSD_TPb,7.371472353995e-01
6398,8000,SEDSCRS_TPb,0.000000000000e+00
6398,8000,SO_TZn,1.179435576639e+01
6398,8000,IO_TZn,0.000000000000e+00
6398,8000,AO_TZn,0.000000000000e+00
6398,8000,PO_TZn,1.179435576639e+01
6398,8000,SED_TZn,1.179435576639e+01
6398,8000,SEDWSSD_TZn,1.179435576639e+01
6398,8000,SEDSCRS_TZn,0.000000000000e+00
6398,9000,AREA,7.730662100011e+01
6398,9000,PREC,9.554408881274e+02
6398,9000,SURO,9.134659864485e+02
6398,9000,IFWO,0.000000000000e+00
6398,9000,AGWO,0.000000000000e+00
6398,9000,PERO,9.134659864485e+02
6398,9000,TAET,4.197490167896e+01
6398,9000,SEDLOAD,1.986948288243e+00
6398,9000,SEDWSSD, 1.98695e+00
6398,9000,SEDSCRS, 0.00000e+00
6398,9000,SEDSURO, 0.00000e+00
6398,9000,SEDIFWO, 0.00000e+00
6398,9000,SEDAGWO, 0.00000e+00
6398,9000,SO_TN,2.492800123190e+02
6398,9000,IO_TN,0.000000000000e+00
6398,9000,AO_TN,0.000000000000e+00
6398,9000,PO_TN,2.492800123190e+02
6398,9000,SO_TP,2.086295702655e+00
6398,9000,IO_TP,0.000000000000e+00
6398,9000,AO_TP,0.000000000000e+00
6398,9000,PO_TP,2.086295702655e+00
6398,9000,SED_TP,2.086295702655e+00
6398,9000,SEDWSSD_TP,2.086295702655e+00
6398,9000,SEDSCRS_TP,0.000000000000e+00
6398,9000,SO_TCd,7.451056080910e-03
6398,9000,IO_TCd,0.000000000000e+00
6398,9000,AO_TCd,0.000000000000e+00
6398,9000,PO_TCd,7.451056080910e-03
6398,9000,SED_TCd,7.451056080910e-03
6398,9000,SEDWSSD_TCd,7.451056080910e-03
6398,9000,SEDSCRS_TCd,0.000000000000e+00
6398,9000,SO_TCu,7.451056080910e-01
6398,9000,IO_TCu,0.000000000000e+00
6398,9000,AO_TCu,0.000000000000e+00
6398,9000,PO_TCu,7.451056080910e-01
6398,9000,SED_TCu,7.451056080910e-01
6398,9000,SEDWSSD_TCu,7.451056080910e-01
6398,9000,SEDSCRS_TCu,0.000000000000e+00
6398,9000,SO_TPb,1.788253459418e-01
6398,9000,IO_TPb,0.000000000000e+00
6398,9000,AO_TPb,0.000000000000e+00
6398,9000,PO_TPb,1.788253459418e-01
6398,9000,SED_TPb,1.788253459418e-01
6398,9000,SEDWSSD_TPb,1.788253459418e-01
6398,9000,SEDSCRS_TPb,0.000000000000e+00
6398,9000,SO_TZn,1.072952075651e+01
6398,9000,IO_TZn,0.000000000000e+00
6398,9000,AO_TZn,0.000000000000e+00
6398,9000,PO_TZn,1.072952075651e+01
6398,9000,SED_TZn,1.072952075651e+01
6398,9000,SEDWSSD_TZn,1.072952075651e+01
6398,9000,SEDSCRS_TZn,0.000000000000e+00
6398,10000,AREA,5.584609000009e+00
6398,10000,PREC,6.902078649647e+01
6398,10000,SURO,1.508830573668e+02
6398,10000,IFWO,0.000000000000e+00
6398,10000,AGWO,0.000000000000e+00
6398,10000,PERO,1.508830573668e+02
6398,10000,TAET,8.139219396246e+01
6398,10000,SEDLOAD,2.564407552774e+00
6398,10000,SEDWSSD, 0.00000e+00
6398,10000,SEDSCRS, 0.00000e+00
6398,10000,SEDSURO, 2.56441e+00
6398,10000,SEDIFWO, 0.00000e+00
6398,10000,SEDAGWO, 0.00000e+00
6398,10000,SO_TN,1.367685778138e+02
6398,10000,IO_TN,0.000000000000e+00
6398,10000,AO_TN,0.000000000000e+00
6398,10000,PO_TN,1.367685778138e+02
6398,10000,SO_TP,1.367685778138e+01
6398,10000,IO_TP,0.000000000000e+00
6398,10000,AO_TP,0.000000000000e+00
6398,10000,PO_TP,1.367685778138e+01
6398,10000,SED_TP,0.000000000000e+00
6398,10000,SEDWSSD_TP,0.000000000000e+00
6398,10000,SEDSCRS_TP,0.000000000000e+00
6398,10000,SO_TCd,3.419214445344e-03
6398,10000,IO_TCd,0.000000000000e+00
6398,10000,AO_TCd,0.000000000000e+00
6398,10000,PO_TCd,3.419214445344e-03
6398,10000,SED_TCd,0.000000000000e+00
6398,10000,SEDWSSD_TCd,0.000000000000e+00
6398,10000,SEDSCRS_TCd,0.000000000000e+00
6398,10000,SO_TCu,8.548036113360e-01
6398,10000,IO_TCu,0.000000000000e+00
6398,10000,AO_TCu,0.000000000000e+00
6398,10000,PO_TCu,8.548036113360e-01
6398,10000,SED_TCu,0.000000000000e+00
6398,10000,SEDWSSD_TCu,0.000000000000e+00
6398,10000,SEDSCRS_TCu,0.000000000000e+00
6398,10000,SO_TPb,1.367685778138e-01
6398,10000,IO_TPb,0.000000000000e+00
6398,10000,AO_TPb,0.000000000000e+00
6398,10000,PO_TPb,1.367685778138e-01
6398,10000,SED_TPb,0.000000000000e+00
6398,10000,SEDWSSD_TPb,0.000000000000e+00
6398,10000,SEDSCRS_TPb,0.000000000000e+00
6398,10000,SO_TZn,2.735371556275e+00
6398,10000,IO_TZn,0.000000000000e+00
6398,10000,AO_TZn,0.000000000000e+00
6398,10000,PO_TZn,2.735371556275e+00
6398,10000,SED_TZn,0.000000000000e+00
6398,10000,SEDWSSD_TZn,0.000000000000e+00
6398,10000,SEDSCRS_TZn,0.000000000000e+00
6398,11111,AREA,0.000000000000e+00
6398,11111,PREC,0.000000000000e+00
6398,11111,SURO,0.000000000000e+00
6398,11111,IFWO,0.000000000000e+00
6398,11111,AGWO,0.000000000000e+00
6398,11111,PERO,0.000000000000e+00
6398,11111,TAET,0.000000000000e+00
6398,11111,SEDLOAD,0.000000000000e+00
6398,11111,SEDWSSD, 0.00000e+00
6398,11111,SEDSCRS, 0.00000e+00
6398,11111,SEDSURO, 0.00000e+00
6398,11111,SEDIFWO, 0.00000e+00
6398,11111,SEDAGWO, 0.00000e+00
6398,11111,SO_TN,0.000000000000e+00
6398,11111,IO_TN,0.000000000000e+00
6398,11111,AO_TN,0.000000000000e+00
6398,11111,PO_TN,0.000000000000e+00
6398,11111,SO_TP,0.000000000000e+00
6398,11111,IO_TP,0.000000000000e+00
6398,11111,AO_TP,0.000000000000e+00
6398,11111,PO_TP,0.000000000000e+00
6398,11111,SED_TP,0.000000000000e+00
6398,11111,SEDWSSD_TP,0.000000000000e+00
6398,11111,SEDSCRS_TP,0.000000000000e+00
6398,11111,SO_TCd,0.000000000000e+00
6398,11111,IO_TCd,0.000000000000e+00
6398,11111,AO_TCd,0.000000000000e+00
6398,11111,PO_TCd,0.000000000000e+00
6398,11111,SED_TCd,0.000000000000e+00
6398,11111,SEDWSSD_TCd,0.000000000000e+00
6398,11111,SEDSCRS_TCd,0.000000000000e+00
6398,11111,SO_TCu,0.000000000000e+00
6398,11111,IO_TCu,0.000000000000e+00
6398,11111,AO_TCu,0.000000000000e+00
6398,11111,PO_TCu,0.000000000000e+00
6398,11111,SED_TCu,0.000000000000e+00
6398,11111,SEDWSSD_TCu,0.000000000000e+00
6398,11111,SEDSCRS_TCu,0.000000000000e+00
6398,11111,SO_TPb,0.000000000000e+00
6398,11111,IO_TPb,0.000000000000e+00
6398,11111,AO_TPb,0.000000000000e+00
6398,11111,PO_TPb,0.000000000000e+00
6398,11111,SED_TPb,0.000000000000e+00
6398,11111,SEDWSSD_TPb,0.000000000000e+00
6398,11111,SEDSCRS_TPb,0.000000000000e+00
6398,11111,SO_TZn,0.000000000000e+00
6398,11111,IO_TZn,0.000000000000e+00
6398,11111,AO_TZn,0.000000000000e+00
6398,11111,PO_TZn,0.000000000000e+00
6398,11111,SED_TZn,0.000000000000e+00
6398,11111,SEDWSSD_TZn,0.000000000000e+00
6398,11111,SEDSCRS_TZn,0.000000000000e+00
6398,11112,AREA,0.000000000000e+00
6398,11112,PREC,0.000000000000e+00
6398,11112,SURO,0.000000000000e+00
6398,11112,IFWO,0.000000000000e+00
6398,11112,AGWO,0.000000000000e+00
6398,11112,PERO,0.000000000000e+00
6398,11112,TAET,0.000000000000e+00
6398,11112,SEDLOAD,0.000000000000e+00
6398,11112,SEDWSSD, 0.00000e+00
6398,11112,SEDSCRS, 0.00000e+00
6398,11112,SEDSURO, 0.00000e+00
6398,11112,SEDIFWO, 0.00000e+00
6398,11112,SEDAGWO, 0.00000e+00
6398,11112,SO_TN,0.000000000000e+00
6398,11112,IO_TN,0.000000000000e+00
6398,11112,AO_TN,0.000000000000e+00
6398,11112,PO_TN,0.000000000000e+00
6398,11112,SO_TP,0.000000000000e+00
6398,11112,IO_TP,0.000000000000e+00
6398,11112,AO_TP,0.000000000000e+00
6398,11112,PO_TP,0.000000000000e+00
6398,11112,SED_TP,0.000000000000e+00
6398,11112,SEDWSSD_TP,0.000000000000e+00
6398,11112,SEDSCRS_TP,0.000000000000e+00
6398,11112,SO_TCd,0.000000000000e+00
6398,11112,IO_TCd,0.000000000000e+00
6398,11112,AO_TCd,0.000000000000e+00
6398,11112,PO_TCd,0.000000000000e+00
6398,11112,SED_TCd,0.000000000000e+00
6398,11112,SEDWSSD_TCd,0.000000000000e+00
6398,11112,SEDSCRS_TCd,0.000000000000e+00
6398,11112,SO_TCu,0.000000000000e+00
6398,11112,IO_TCu,0.000000000000e+00
6398,11112,AO_TCu,0.000000000000e+00
6398,11112,PO_TCu,0.000000000000e+00
6398,11112,SED_TCu,0.000000000000e+00
6398,11112,SEDWSSD_TCu,0.000000000000e+00
6398,11112,SEDSCRS_TCu,0.000000000000e+00
6398,11112,SO_TPb,0.000000000000e+00
6398,11112,IO_TPb,0.000000000000e+00
6398,11112,AO_TPb,0.000000000000e+00
6398,11112,PO_TPb,0.000000000000e+00
6398,11112,SED_TPb,0.000000000000e+00
6398,11112,SEDWSSD_TPb,0.000000000000e+00
6398,11112,SEDSCRS_TPb,0.000000000000e+00
6398,11112,SO_TZn,0.000000000000e+00
6398,11112,IO_TZn,0.000000000000e+00
6398,11112,AO_TZn,0.000000000000e+00
6398,11112,PO_TZn,0.000000000000e+00
6398,11112,SED_TZn,0.000000000000e+00
6398,11112,SEDWSSD_TZn,0.000000000000e+00
6398,11112,SEDSCRS_TZn,0.000000000000e+00
6398,11121,AREA,0.000000000000e+00
6398,11121,PREC,0.000000000000e+00
6398,11121,SURO,0.000000000000e+00
6398,11121,IFWO,0.000000000000e+00
6398,11121,AGWO,0.000000000000e+00
6398,11121,PERO,0.000000000000e+00
6398,11121,TAET,0.000000000000e+00
6398,11121,SEDLOAD,0.000000000000e+00
6398,11121,SEDWSSD, 0.00000e+00
6398,11121,SEDSCRS, 0.00000e+00
6398,11121,SEDSURO, 0.00000e+00
6398,11121,SEDIFWO, 0.00000e+00
6398,11121,SEDAGWO, 0.00000e+00
6398,11121,SO_TN,0.000000000000e+00
6398,11121,IO_TN,0.000000000000e+00
6398,11121,AO_TN,0.000000000000e+00
6398,11121,PO_TN,0.000000000000e+00
6398,11121,SO_TP,0.000000000000e+00
6398,11121,IO_TP,0.000000000000e+00
6398,11121,AO_TP,0.000000000000e+00
6398,11121,PO_TP,0.000000000000e+00
6398,11121,SED_TP,0.000000000000e+00
6398,11121,SEDWSSD_TP,0.000000000000e+00
6398,11121,SEDSCRS_TP,0.000000000000e+00
6398,11121,SO_TCd,0.000000000000e+00
6398,11121,IO_TCd,0.000000000000e+00
6398,11121,AO_TCd,0.000000000000e+00
6398,11121,PO_TCd,0.000000000000e+00
6398,11121,SED_TCd,0.000000000000e+00
6398,11121,SEDWSSD_TCd,0.000000000000e+00
6398,11121,SEDSCRS_TCd,0.000000000000e+00
6398,11121,SO_TCu,0.000000000000e+00
6398,11121,IO_TCu,0.000000000000e+00
6398,11121,AO_TCu,0.000000000000e+00
6398,11121,PO_TCu,0.000000000000e+00
6398,11121,SED_TCu,0.000000000000e+00
6398,11121,SEDWSSD_TCu,0.000000000000e+00
6398,11121,SEDSCRS_TCu,0.000000000000e+00
6398,11121,SO_TPb,0.000000000000e+00
6398,11121,IO_TPb,0.000000000000e+00
6398,11121,AO_TPb,0.000000000000e+00
6398,11121,PO_TPb,0.000000000000e+00
6398,11121,SED_TPb,0.000000000000e+00
6398,11121,SEDWSSD_TPb,0.000000000000e+00
6398,11121,SEDSCRS_TPb,0.000000000000e+00
6398,11121,SO_TZn,0.000000000000e+00
6398,11121,IO_TZn,0.000000000000e+00
6398,11121,AO_TZn,0.000000000000e+00
6398,11121,PO_TZn,0.000000000000e+00
6398,11121,SED_TZn,0.000000000000e+00
6398,11121,SEDWSSD_TZn,0.000000000000e+00
6398,11121,SEDSCRS_TZn,0.000000000000e+00
6398,11122,AREA,0.000000000000e+00
6398,11122,PREC,0.000000000000e+00
6398,11122,SURO,0.000000000000e+00
6398,11122,IFWO,0.000000000000e+00
6398,11122,AGWO,0.000000000000e+00
6398,11122,PERO,0.000000000000e+00
6398,11122,TAET,0.000000000000e+00
6398,11122,SEDLOAD,0.000000000000e+00
6398,11122,SEDWSSD, 0.00000e+00
6398,11122,SEDSCRS, 0.00000e+00
6398,11122,SEDSURO, 0.00000e+00
6398,11122,SEDIFWO, 0.00000e+00
6398,11122,SEDAGWO, 0.00000e+00
6398,11122,SO_TN,0.000000000000e+00
6398,11122,IO_TN,0.000000000000e+00
6398,11122,AO_TN,0.000000000000e+00
6398,11122,PO_TN,0.000000000000e+00
6398,11122,SO_TP,0.000000000000e+00
6398,11122,IO_TP,0.000000000000e+00
6398,11122,AO_TP,0.000000000000e+00
6398,11122,PO_TP,0.000000000000e+00
6398,11122,SED_TP,0.000000000000e+00
6398,11122,SEDWSSD_TP,0.000000000000e+00
6398,11122,SEDSCRS_TP,0.000000000000e+00
6398,11122,SO_TCd,0.000000000000e+00
6398,11122,IO_TCd,0.000000000000e+00
6398,11122,AO_TCd,0.000000000000e+00
6398,11122,PO_TCd,0.000000000000e+00
6398,11122,SED_TCd,0.000000000000e+00
6398,11122,SEDWSSD_TCd,0.000000000000e+00
6398,11122,SEDSCRS_TCd,0.000000000000e+00
6398,11122,SO_TCu,0.000000000000e+00
6398,11122,IO_TCu,0.000000000000e+00
6398,11122,AO_TCu,0.000000000000e+00
6398,11122,PO_TCu,0.000000000000e+00
6398,11122,SED_TCu,0.000000000000e+00
6398,11122,SEDWSSD_TCu,0.000000000000e+00
6398,11122,SEDSCRS_TCu,0.000000000000e+00
6398,11122,SO_TPb,0.000000000000e+00
6398,11122,IO_TPb,0.000000000000e+00
6398,11122,AO_TPb,0.000000000000e+00
6398,11122,PO_TPb,0.000000000000e+00
6398,11122,SED_TPb,0.000000000000e+00
6398,11122,SEDWSSD_TPb,0.000000000000e+00
6398,11122,SEDSCRS_TPb,0.000000000000e+00
6398,11122,SO_TZn,0.000000000000e+00
6398,11122,IO_TZn,0.000000000000e+00
6398,11122,AO_TZn,0.000000000000e+00
6398,11122,PO_TZn,0.000000000000e+00
6398,11122,SED_TZn,0.000000000000e+00
6398,11122,SEDWSSD_TZn,0.000000000000e+00
6398,11122,SEDSCRS_TZn,0.000000000000e+00
6398,11211,AREA,0.000000000000e+00
6398,11211,PREC,0.000000000000e+00
6398,11211,SURO,0.000000000000e+00
6398,11211,IFWO,0.000000000000e+00
6398,11211,AGWO,0.000000000000e+00
6398,11211,PERO,0.000000000000e+00
6398,11211,TAET,0.000000000000e+00
6398,11211,SEDLOAD,0.000000000000e+00
6398,11211,SEDWSSD, 0.00000e+00
6398,11211,SEDSCRS, 0.00000e+00
6398,11211,SEDSURO, 0.00000e+00
6398,11211,SEDIFWO, 0.00000e+00
6398,11211,SEDAGWO, 0.00000e+00
6398,11211,SO_TN,0.000000000000e+00
6398,11211,IO_TN,0.000000000000e+00
6398,11211,AO_TN,0.000000000000e+00
6398,11211,PO_TN,0.000000000000e+00
6398,11211,SO_TP,0.000000000000e+00
6398,11211,IO_TP,0.000000000000e+00
6398,11211,AO_TP,0.000000000000e+00
6398,11211,PO_TP,0.000000000000e+00
6398,11211,SED_TP,0.000000000000e+00
6398,11211,SEDWSSD_TP,0.000000000000e+00
6398,11211,SEDSCRS_TP,0.000000000000e+00
6398,11211,SO_TCd,0.000000000000e+00
6398,11211,IO_TCd,0.000000000000e+00
6398,11211,AO_TCd,0.000000000000e+00
6398,11211,PO_TCd,0.000000000000e+00
6398,11211,SED_TCd,0.000000000000e+00
6398,11211,SEDWSSD_TCd,0.000000000000e+00
6398,11211,SEDSCRS_TCd,0.000000000000e+00
6398,11211,SO_TCu,0.000000000000e+00
6398,11211,IO_TCu,0.000000000000e+00
6398,11211,AO_TCu,0.000000000000e+00
6398,11211,PO_TCu,0.000000000000e+00
6398,11211,SED_TCu,0.000000000000e+00
6398,11211,SEDWSSD_TCu,0.000000000000e+00
6398,11211,SEDSCRS_TCu,0.000000000000e+00
6398,11211,SO_TPb,0.000000000000e+00
6398,11211,IO_TPb,0.000000000000e+00
6398,11211,AO_TPb,0.000000000000e+00
6398,11211,PO_TPb,0.000000000000e+00
6398,11211,SED_TPb,0.000000000000e+00
6398,11211,SEDWSSD_TPb,0.000000000000e+00
6398,11211,SEDSCRS_TPb,0.000000000000e+00
6398,11211,SO_TZn,0.000000000000e+00
6398,11211,IO_TZn,0.000000000000e+00
6398,11211,AO_TZn,0.000000000000e+00
6398,11211,PO_TZn,0.000000000000e+00
6398,11211,SED_TZn,0.000000000000e+00
6398,11211,SEDWSSD_TZn,0.000000000000e+00
6398,11211,SEDSCRS_TZn,0.000000000000e+00
6398,11212,AREA,0.000000000000e+00
6398,11212,PREC,0.000000000000e+00
6398,11212,SURO,0.000000000000e+00
6398,11212,IFWO,0.000000000000e+00
6398,11212,AGWO,0.000000000000e+00
6398,11212,PERO,0.000000000000e+00
6398,11212,TAET,0.000000000000e+00
6398,11212,SEDLOAD,0.000000000000e+00
6398,11212,SEDWSSD, 0.00000e+00
6398,11212,SEDSCRS, 0.00000e+00
6398,11212,SEDSURO, 0.00000e+00
6398,11212,SEDIFWO, 0.00000e+00
6398,11212,SEDAGWO, 0.00000e+00
6398,11212,SO_TN,0.000000000000e+00
6398,11212,IO_TN,0.000000000000e+00
6398,11212,AO_TN,0.000000000000e+00
6398,11212,PO_TN,0.000000000000e+00
6398,11212,SO_TP,0.000000000000e+00
6398,11212,IO_TP,0.000000000000e+00
6398,11212,AO_TP,0.000000000000e+00
6398,11212,PO_TP,0.000000000000e+00
6398,11212,SED_TP,0.000000000000e+00
6398,11212,SEDWSSD_TP,0.000000000000e+00
6398,11212,SEDSCRS_TP,0.000000000000e+00
6398,11212,SO_TCd,0.000000000000e+00
6398,11212,IO_TCd,0.000000000000e+00
6398,11212,AO_TCd,0.000000000000e+00
6398,11212,PO_TCd,0.000000000000e+00
6398,11212,SED_TCd,0.000000000000e+00
6398,11212,SEDWSSD_TCd,0.000000000000e+00
6398,11212,SEDSCRS_TCd,0.000000000000e+00
6398,11212,SO_TCu,0.000000000000e+00
6398,11212,IO_TCu,0.000000000000e+00
6398,11212,AO_TCu,0.000000000000e+00
6398,11212,PO_TCu,0.000000000000e+00
6398,11212,SED_TCu,0.000000000000e+00
6398,11212,SEDWSSD_TCu,0.000000000000e+00
6398,11212,SEDSCRS_TCu,0.000000000000e+00
6398,11212,SO_TPb,0.000000000000e+00
6398,11212,IO_TPb,0.000000000000e+00
6398,11212,AO_TPb,0.000000000000e+00
6398,11212,PO_TPb,0.000000000000e+00
6398,11212,SED_TPb,0.000000000000e+00
6398,11212,SEDWSSD_TPb,0.000000000000e+00
6398,11212,SEDSCRS_TPb,0.000000000000e+00
6398,11212,SO_TZn,0.000000000000e+00
6398,11212,IO_TZn,0.000000000000e+00
6398,11212,AO_TZn,0.000000000000e+00
6398,11212,PO_TZn,0.000000000000e+00
6398,11212,SED_TZn,0.000000000000e+00
6398,11212,SEDWSSD_TZn,0.000000000000e+00
6398,11212,SEDSCRS_TZn,0.000000000000e+00
6398,11221,AREA,0.000000000000e+00
6398,11221,PREC,0.000000000000e+00
6398,11221,SURO,0.000000000000e+00
6398,11221,IFWO,0.000000000000e+00
6398,11221,AGWO,0.000000000000e+00
6398,11221,PERO,0.000000000000e+00
6398,11221,TAET,0.000000000000e+00
6398,11221,SEDLOAD,0.000000000000e+00
6398,11221,SEDWSSD, 0.00000e+00
6398,11221,SEDSCRS, 0.00000e+00
6398,11221,SEDSURO, 0.00000e+00
6398,11221,SEDIFWO, 0.00000e+00
6398,11221,SEDAGWO, 0.00000e+00
6398,11221,SO_TN,0.000000000000e+00
6398,11221,IO_TN,0.000000000000e+00
6398,11221,AO_TN,0.000000000000e+00
6398,11221,PO_TN,0.000000000000e+00
6398,11221,SO_TP,0.000000000000e+00
6398,11221,IO_TP,0.000000000000e+00
6398,11221,AO_TP,0.000000000000e+00
6398,11221,PO_TP,0.000000000000e+00
6398,11221,SED_TP,0.000000000000e+00
6398,11221,SEDWSSD_TP,0.000000000000e+00
6398,11221,SEDSCRS_TP,0.000000000000e+00
6398,11221,SO_TCd,0.000000000000e+00
6398,11221,IO_TCd,0.000000000000e+00
6398,11221,AO_TCd,0.000000000000e+00
6398,11221,PO_TCd,0.000000000000e+00
6398,11221,SED_TCd,0.000000000000e+00
6398,11221,SEDWSSD_TCd,0.000000000000e+00
6398,11221,SEDSCRS_TCd,0.000000000000e+00
6398,11221,SO_TCu,0.000000000000e+00
6398,11221,IO_TCu,0.000000000000e+00
6398,11221,AO_TCu,0.000000000000e+00
6398,11221,PO_TCu,0.000000000000e+00
6398,11221,SED_TCu,0.000000000000e+00
6398,11221,SEDWSSD_TCu,0.000000000000e+00
6398,11221,SEDSCRS_TCu,0.000000000000e+00
6398,11221,SO_TPb,0.000000000000e+00
6398,11221,IO_TPb,0.000000000000e+00
6398,11221,AO_TPb,0.000000000000e+00
6398,11221,PO_TPb,0.000000000000e+00
6398,11221,SED_TPb,0.000000000000e+00
6398,11221,SEDWSSD_TPb,0.000000000000e+00
6398,11221,SEDSCRS_TPb,0.000000000000e+00
6398,11221,SO_TZn,0.000000000000e+00
6398,11221,IO_TZn,0.000000000000e+00
6398,11221,AO_TZn,0.000000000000e+00
6398,11221,PO_TZn,0.000000000000e+00
6398,11221,SED_TZn,0.000000000000e+00
6398,11221,SEDWSSD_TZn,0.000000000000e+00
6398,11221,SEDSCRS_TZn,0.000000000000e+00
6398,11222,AREA,0.000000000000e+00
6398,11222,PREC,0.000000000000e+00
6398,11222,SURO,0.000000000000e+00
6398,11222,IFWO,0.000000000000e+00
6398,11222,AGWO,0.000000000000e+00
6398,11222,PERO,0.000000000000e+00
6398,11222,TAET,0.000000000000e+00
6398,11222,SEDLOAD,0.000000000000e+00
6398,11222,SEDWSSD, 0.00000e+00
6398,11222,SEDSCRS, 0.00000e+00
6398,11222,SEDSURO, 0.00000e+00
6398,11222,SEDIFWO, 0.00000e+00
6398,11222,SEDAGWO, 0.00000e+00
6398,11222,SO_TN,0.000000000000e+00
6398,11222,IO_TN,0.000000000000e+00
6398,11222,AO_TN,0.000000000000e+00
6398,11222,PO_TN,0.000000000000e+00
6398,11222,SO_TP,0.000000000000e+00
6398,11222,IO_TP,0.000000000000e+00
6398,11222,AO_TP,0.000000000000e+00
6398,11222,PO_TP,0.000000000000e+00
6398,11222,SED_TP,0.000000000000e+00
6398,11222,SEDWSSD_TP,0.000000000000e+00
6398,11222,SEDSCRS_TP,0.000000000000e+00
6398,11222,SO_TCd,0.000000000000e+00
6398,11222,IO_TCd,0.000000000000e+00
6398,11222,AO_TCd,0.000000000000e+00
6398,11222,PO_TCd,0.000000000000e+00
6398,11222,SED_TCd,0.000000000000e+00
6398,11222,SEDWSSD_TCd,0.000000000000e+00
6398,11222,SEDSCRS_TCd,0.000000000000e+00
6398,11222,SO_TCu,0.000000000000e+00
6398,11222,IO_TCu,0.000000000000e+00
6398,11222,AO_TCu,0.000000000000e+00
6398,11222,PO_TCu,0.000000000000e+00
6398,11222,SED_TCu,0.000000000000e+00
6398,11222,SEDWSSD_TCu,0.000000000000e+00
6398,11222,SEDSCRS_TCu,0.000000000000e+00
6398,11222,SO_TPb,0.000000000000e+00
6398,11222,IO_TPb,0.000000000000e+00
6398,11222,AO_TPb,0.000000000000e+00
6398,11222,PO_TPb,0.000000000000e+00
6398,11222,SED_TPb,0.000000000000e+00
6398,11222,SEDWSSD_TPb,0.000000000000e+00
6398,11222,SEDSCRS_TPb,0.000000000000e+00
6398,11222,SO_TZn,0.000000000000e+00
6398,11222,IO_TZn,0.000000000000e+00
6398,11222,AO_TZn,0.000000000000e+00
6398,11222,PO_TZn,0.000000000000e+00
6398,11222,SED_TZn,0.000000000000e+00
6398,11222,SEDWSSD_TZn,0.000000000000e+00
6398,11222,SEDSCRS_TZn,0.000000000000e+00
6398,11311,AREA,2.445987599996e+01
6398,11311,PREC,3.023022523378e+02
6398,11311,SURO,1.015254431522e+02
6398,11311,IFWO,2.633037609293e+01
6398,11311,AGWO,2.419405912158e+02
6398,11311,PERO,3.697964104610e+02
6398,11311,TAET,6.412799244815e+02
6398,11311,SEDLOAD,1.416760551603e+00
6398,11311,SEDWSSD, 1.38636e+00
6398,11311,SEDSCRS, 0.00000e+00
6398,11311,SEDSURO, 0.00000e+00
6398,11311,SEDIFWO, 2.98341e-03
6398,11311,SEDAGWO, 2.74135e-02
6398,11311,SO_TN,2.733856550976e+01
6398,11311,IO_TN,5.966819857673e+00
6398,11311,AO_TN,1.644810448907e+01
6398,11311,PO_TN,4.975348985650e+01
6398,11311,SO_TP,2.772727346171e+00
6398,11311,IO_TP,2.386727943069e+00
6398,11311,AO_TP,1.096540299272e+01
6398,11311,PO_TP,1.612485828196e+01
6398,11311,SED_TP,2.772727346171e+00
6398,11311,SEDWSSD_TP,2.772727346171e+00
6398,11311,SEDSCRS_TP,0.000000000000e+00
6398,11311,SO_TCd,6.931818365428e-03
6398,11311,IO_TCd,0.000000000000e+00
6398,11311,AO_TCd,0.000000000000e+00
6398,11311,PO_TCd,6.931818365428e-03
6398,11311,SED_TCd,6.931818365428e-03
6398,11311,SEDWSSD_TCd,6.931818365428e-03
6398,11311,SEDSCRS_TCd,0.000000000000e+00
6398,11311,SO_TCu,6.931818365428e-01
6398,11311,IO_TCu,0.000000000000e+00
6398,11311,AO_TCu,0.000000000000e+00
6398,11311,PO_TCu,6.931818365428e-01
6398,11311,SED_TCu,6.931818365428e-01
6398,11311,SEDWSSD_TCu,6.931818365428e-01
6398,11311,SEDSCRS_TCu,0.000000000000e+00
6398,11311,SO_TPb,1.386363673086e-02
6398,11311,IO_TPb,0.000000000000e+00
6398,11311,AO_TPb,0.000000000000e+00
6398,11311,PO_TPb,1.386363673086e-02
6398,11311,SED_TPb,1.386363673086e-02
6398,11311,SEDWSSD_TPb,1.386363673086e-02
6398,11311,SEDSCRS_TPb,0.000000000000e+00
6398,11311,SO_TZn,4.990909223108e+00
6398,11311,IO_TZn,0.000000000000e+00
6398,11311,AO_TZn,2.741350748179e+00
6398,11311,PO_TZn,7.732259971287e+00
6398,11311,SED_TZn,4.990909223108e+00
6398,11311,SEDWSSD_TZn,4.990909223108e+00
6398,11311,SEDSCRS_TZn,0.000000000000e+00
6398,11312,AREA,3.965946000006e+00
6398,11312,PREC,4.901555545295e+01
6398,11312,SURO,1.613283640455e+01
6398,11312,IFWO,4.395018873782e+00
6398,11312,AGWO,2.758636453706e+01
6398,11312,PERO,4.811421981539e+01
6398,11312,TAET,1.039946451982e+02
6398,11312,SEDLOAD,2.279858219278e-01
6398,11312,SEDWSSD, 2.24362e-01
6398,11312,SEDSCRS, 0.00000e+00
6398,11312,SEDSURO, 0.00000e+00
6398,11312,SEDIFWO, 4.97985e-04
6398,11312,SEDAGWO, 3.12572e-03
6398,11312,SO_TN,4.378394309225e+00
6398,11312,IO_TN,9.959708056722e-01
6398,11312,AO_TN,1.875433155300e+00
6398,11312,PO_TN,7.249798270197e+00
6398,11312,SO_TP,4.487242384723e-01
6398,11312,IO_TP,3.983883222689e-01
6398,11312,AO_TP,1.250288770200e+00
6398,11312,PO_TP,2.097401330941e+00
6398,11312,SED_TP,4.487242384723e-01
6398,11312,SEDWSSD_TP,4.487242384723e-01
6398,11312,SEDSCRS_TP,0.000000000000e+00
6398,11312,SO_TCd,1.121810596181e-03
6398,11312,IO_TCd,0.000000000000e+00
6398,11312,AO_TCd,0.000000000000e+00
6398,11312,PO_TCd,1.121810596181e-03
6398,11312,SED_TCd,1.121810596181e-03
6398,11312,SEDWSSD_TCd,1.121810596181e-03
6398,11312,SEDSCRS_TCd,0.000000000000e+00
6398,11312,SO_TCu,1.121810596181e-01
6398,11312,IO_TCu,0.000000000000e+00
6398,11312,AO_TCu,0.000000000000e+00
6398,11312,PO_TCu,1.121810596181e-01
6398,11312,SED_TCu,1.121810596181e-01
6398,11312,SEDWSSD_TCu,1.121810596181e-01
6398,11312,SEDSCRS_TCu,0.000000000000e+00
6398,11312,SO_TPb,2.243621192361e-03
6398,11312,IO_TPb,0.000000000000e+00
6398,11312,AO_TPb,0.000000000000e+00
6398,11312,PO_TPb,2.243621192361e-03
6398,11312,SED_TPb,2.243621192361e-03
6398,11312,SEDWSSD_TPb,2.243621192361e-03
6398,11312,SEDSCRS_TPb,0.000000000000e+00
6398,11312,SO_TZn,8.077036292501e-01
6398,11312,IO_TZn,0.000000000000e+00
6398,11312,AO_TZn,3.125721925501e-01
6398,11312,PO_TZn,1.120275821800e+00
6398,11312,SED_TZn,8.077036292501e-01
6398,11312,SEDWSSD_TZn,8.077036292501e-01
6398,11312,SEDSCRS_TZn,0.000000000000e+00
6398,11321,AREA,8.244500999992e+01
6398,11321,PREC,1.018946793394e+03
6398,11321,SURO,3.673645540799e+02
6398,11321,IFWO,8.282617110397e+01
6398,11321,AGWO,8.095979529172e+02
6398,11321,PERO,1.259788678101e+03
6398,11321,TAET,2.150844644154e+03
6398,11321,SEDLOAD,4.171857516156e+00
6398,11321,SEDWSSD, 4.07074e+00
6398,11321,SEDSCRS, 0.00000e+00
6398,11321,SEDSURO, 0.00000e+00
6398,11321,SEDIFWO, 9.38475e-03
6398,11321,SEDAGWO, 9.17328e-02
6398,11321,SO_TN,9.674401371485e+01
6398,11321,IO_TN,1.876953222141e+01
6398,11321,AO_TN,5.503975854900e+01
6398,11321,PO_TN,1.705533044853e+02
6398,11321,SO_TP,8.141479897027e+00
6398,11321,IO_TP,7.507812888565e+00
6398,11321,AO_TP,3.669317236600e+01
6398,11321,PO_TP,5.234246515159e+01
6398,11321,SED_TP,8.141479897027e+00
6398,11321,SEDWSSD_TP,8.141479897027e+00
6398,11321,SEDSCRS_TP,0.000000000000e+00
6398,11321,SO_TCd,2.035369974257e-02
6398,11321,IO_TCd,0.000000000000e+00
6398,11321,AO_TCd,0.000000000000e+00
6398,11321,PO_TCd,2.035369974257e-02
6398,11321,SED_TCd,2.035369974257e-02
6398,11321,SEDWSSD_TCd,2.035369974257e-02
6398,11321,SEDSCRS_TCd,0.000000000000e+00
6398,11321,SO_TCu,2.035369974257e+00
6398,11321,IO_TCu,0.000000000000e+00
6398,11321,AO_TCu,0.000000000000e+00
6398,11321,PO_TCu,2.035369974257e+00
6398,11321,SED_TCu,2.035369974257e+00
6398,11321,SEDWSSD_TCu,2.035369974257e+00
6398,11321,SEDSCRS_TCu,0.000000000000e+00
6398,11321,SO_TPb,4.070739948513e-02
6398,11321,IO_TPb,0.000000000000e+00
6398,11321,AO_TPb,0.000000000000e+00
6398,11321,PO_TPb,4.070739948513e-02
6398,11321,SED_TPb,4.070739948513e-02
6398,11321,SEDWSSD_TPb,4.070739948513e-02
6398,11321,SEDSCRS_TPb,0.000000000000e+00
6398,11321,SO_TZn,1.465466381465e+01
6398,11321,IO_TZn,0.000000000000e+00
6398,11321,AO_TZn,9.173293091500e+00
6398,11321,PO_TZn,2.382795690615e+01
6398,11321,SED_TZn,1.465466381465e+01
6398,11321,SEDWSSD_TZn,1.465466381465e+01
6398,11321,SEDSCRS_TZn,0.000000000000e+00
6398,11322,AREA,8.213549999994e-01
6398,11322,PREC,1.015121525837e+01
6398,11322,SURO,3.717958429555e+00
6398,11322,IFWO,8.042049055441e-01
6398,11322,AGWO,5.622727198149e+00
6398,11322,PERO,1.014489053325e+01
6398,11322,TAET,2.142423245082e+01
6398,11322,SEDLOAD,4.132829099188e-02
6398,11322,SEDWSSD, 4.06001e-02
6398,11322,SEDSCRS, 0.00000e+00
6398,11322,SEDSURO, 0.00000e+00
6398,11322,SEDIFWO, 9.11217e-05
6398,11322,SEDAGWO, 6.37092e-04
6398,11322,SO_TN,9.730694870147e-01
6398,11322,IO_TN,1.822437242485e-01
6398,11322,AO_TN,3.822558422460e-01
6398,11322,PO_TN,1.537569053509e+00
6398,11322,SO_TP,8.120015398222e-02
6398,11322,IO_TP,7.289748969938e-02
6398,11322,AO_TP,2.548372281640e-01
6398,11322,PO_TP,4.089348718456e-01
6398,11322,SED_TP,8.120015398222e-02
6398,11322,SEDWSSD_TP,8.120015398222e-02
6398,11322,SEDSCRS_TP,0.000000000000e+00
6398,11322,SO_TCd,2.030003849556e-04
6398,11322,IO_TCd,0.000000000000e+00
6398,11322,AO_TCd,0.000000000000e+00
6398,11322,PO_TCd,2.030003849556e-04
6398,11322,SED_TCd,2.030003849556e-04
6398,11322,SEDWSSD_TCd,2.030003849556e-04
6398,11322,SEDSCRS_TCd,0.000000000000e+00
6398,11322,SO_TCu,2.030003849556e-02
6398,11322,IO_TCu,0.000000000000e+00
6398,11322,AO_TCu,0.000000000000e+00
6398,11322,PO_TCu,2.030003849556e-02
6398,11322,SED_TCu,2.030003849556e-02
6398,11322,SEDWSSD_TCu,2.030003849556e-02
6398,11322,SEDSCRS_TCu,0.000000000000e+00
6398,11322,SO_TPb,4.060007699111e-04
6398,11322,IO_TPb,0.000000000000e+00
6398,11322,AO_TPb,0.000000000000e+00
6398,11322,PO_TPb,4.060007699111e-04
6398,11322,SED_TPb,4.060007699111e-04
6398,11322,SEDWSSD_TPb,4.060007699111e-04
6398,11322,SEDSCRS_TPb,0.000000000000e+00
6398,11322,SO_TZn,1.461602771680e-01
6398,11322,IO_TZn,0.000000000000e+00
6398,11322,AO_TZn,6.370930704100e-02
6398,11322,PO_TZn,2.098695842090e-01
6398,11322,SED_TZn,1.461602771680e-01
6398,11322,SEDWSSD_TZn,1.461602771680e-01
6398,11322,SEDSCRS_TZn,0.000000000000e+00
6398,11411,AREA,0.000000000000e+00
6398,11411,PREC,0.000000000000e+00
6398,11411,SURO,0.000000000000e+00
6398,11411,IFWO,0.000000000000e+00
6398,11411,AGWO,0.000000000000e+00
6398,11411,PERO,0.000000000000e+00
6398,11411,TAET,0.000000000000e+00
6398,11411,SEDLOAD,0.000000000000e+00
6398,11411,SEDWSSD, 0.00000e+00
6398,11411,SEDSCRS, 0.00000e+00
6398,11411,SEDSURO, 0.00000e+00
6398,11411,SEDIFWO, 0.00000e+00
6398,11411,SEDAGWO, 0.00000e+00
6398,11411,SO_TN,0.000000000000e+00
6398,11411,IO_TN,0.000000000000e+00
6398,11411,AO_TN,0.000000000000e+00
6398,11411,PO_TN,0.000000000000e+00
6398,11411,SO_TP,0.000000000000e+00
6398,11411,IO_TP,0.000000000000e+00
6398,11411,AO_TP,0.000000000000e+00
6398,11411,PO_TP,0.000000000000e+00
6398,11411,SED_TP,0.000000000000e+00
6398,11411,SEDWSSD_TP,0.000000000000e+00
6398,11411,SEDSCRS_TP,0.000000000000e+00
6398,11411,SO_TCd,0.000000000000e+00
6398,11411,IO_TCd,0.000000000000e+00
6398,11411,AO_TCd,0.000000000000e+00
6398,11411,PO_TCd,0.000000000000e+00
6398,11411,SED_TCd,0.000000000000e+00
6398,11411,SEDWSSD_TCd,0.000000000000e+00
6398,11411,SEDSCRS_TCd,0.000000000000e+00
6398,11411,SO_TCu,0.000000000000e+00
6398,11411,IO_TCu,0.000000000000e+00
6398,11411,AO_TCu,0.000000000000e+00
6398,11411,PO_TCu,0.000000000000e+00
6398,11411,SED_TCu,0.000000000000e+00
6398,11411,SEDWSSD_TCu,0.000000000000e+00
6398,11411,SEDSCRS_TCu,0.000000000000e+00
6398,11411,SO_TPb,0.000000000000e+00
6398,11411,IO_TPb,0.000000000000e+00
6398,11411,AO_TPb,0.000000000000e+00
6398,11411,PO_TPb,0.000000000000e+00
6398,11411,SED_TPb,0.000000000000e+00
6398,11411,SEDWSSD_TPb,0.000000000000e+00
6398,11411,SEDSCRS_TPb,0.000000000000e+00
6398,11411,SO_TZn,0.000000000000e+00
6398,11411,IO_TZn,0.000000000000e+00
6398,11411,AO_TZn,0.000000000000e+00
6398,11411,PO_TZn,0.000000000000e+00
6398,11411,SED_TZn,0.000000000000e+00
6398,11411,SEDWSSD_TZn,0.000000000000e+00
6398,11411,SEDSCRS_TZn,0.000000000000e+00
6398,11412,AREA,0.000000000000e+00
6398,11412,PREC,0.000000000000e+00
6398,11412,SURO,0.000000000000e+00
6398,11412,IFWO,0.000000000000e+00
6398,11412,AGWO,0.000000000000e+00
6398,11412,PERO,0.000000000000e+00
6398,11412,TAET,0.000000000000e+00
6398,11412,SEDLOAD,0.000000000000e+00
6398,11412,SEDWSSD, 0.00000e+00
6398,11412,SEDSCRS, 0.00000e+00
6398,11412,SEDSURO, 0.00000e+00
6398,11412,SEDIFWO, 0.00000e+00
6398,11412,SEDAGWO, 0.00000e+00
6398,11412,SO_TN,0.000000000000e+00
6398,11412,IO_TN,0.000000000000e+00
6398,11412,AO_TN,0.000000000000e+00
6398,11412,PO_TN,0.000000000000e+00
6398,11412,SO_TP,0.000000000000e+00
6398,11412,IO_TP,0.000000000000e+00
6398,11412,AO_TP,0.000000000000e+00
6398,11412,PO_TP,0.000000000000e+00
6398,11412,SED_TP,0.000000000000e+00
6398,11412,SEDWSSD_TP,0.000000000000e+00
6398,11412,SEDSCRS_TP,0.000000000000e+00
6398,11412,SO_TCd,0.000000000000e+00
6398,11412,IO_TCd,0.000000000000e+00
6398,11412,AO_TCd,0.000000000000e+00
6398,11412,PO_TCd,0.000000000000e+00
6398,11412,SED_TCd,0.000000000000e+00
6398,11412,SEDWSSD_TCd,0.000000000000e+00
6398,11412,SEDSCRS_TCd,0.000000000000e+00
6398,11412,SO_TCu,0.000000000000e+00
6398,11412,IO_TCu,0.000000000000e+00
6398,11412,AO_TCu,0.000000000000e+00
6398,11412,PO_TCu,0.000000000000e+00
6398,11412,SED_TCu,0.000000000000e+00
6398,11412,SEDWSSD_TCu,0.000000000000e+00
6398,11412,SEDSCRS_TCu,0.000000000000e+00
6398,11412,SO_TPb,0.000000000000e+00
6398,11412,IO_TPb,0.000000000000e+00
6398,11412,AO_TPb,0.000000000000e+00
6398,11412,PO_TPb,0.000000000000e+00
6398,11412,SED_TPb,0.000000000000e+00
6398,11412,SEDWSSD_TPb,0.000000000000e+00
6398,11412,SEDSCRS_TPb,0.000000000000e+00
6398,11412,SO_TZn,0.000000000000e+00
6398,11412,IO_TZn,0.000000000000e+00
6398,11412,AO_TZn,0.000000000000e+00
6398,11412,PO_TZn,0.000000000000e+00
6398,11412,SED_TZn,0.000000000000e+00
6398,11412,SEDWSSD_TZn,0.000000000000e+00
6398,11412,SEDSCRS_TZn,0.000000000000e+00
6398,11421,AREA,0.000000000000e+00
6398,11421,PREC,0.000000000000e+00
6398,11421,SURO,0.000000000000e+00
6398,11421,IFWO,0.000000000000e+00
6398,11421,AGWO,0.000000000000e+00
6398,11421,PERO,0.000000000000e+00
6398,11421,TAET,0.000000000000e+00
6398,11421,SEDLOAD,0.000000000000e+00
6398,11421,SEDWSSD, 0.00000e+00
6398,11421,SEDSCRS, 0.00000e+00
6398,11421,SEDSURO, 0.00000e+00
6398,11421,SEDIFWO, 0.00000e+00
6398,11421,SEDAGWO, 0.00000e+00
6398,11421,SO_TN,0.000000000000e+00
6398,11421,IO_TN,0.000000000000e+00
6398,11421,AO_TN,0.000000000000e+00
6398,11421,PO_TN,0.000000000000e+00
6398,11421,SO_TP,0.000000000000e+00
6398,11421,IO_TP,0.000000000000e+00
6398,11421,AO_TP,0.000000000000e+00
6398,11421,PO_TP,0.000000000000e+00
6398,11421,SED_TP,0.000000000000e+00
6398,11421,SEDWSSD_TP,0.000000000000e+00
6398,11421,SEDSCRS_TP,0.000000000000e+00
6398,11421,SO_TCd,0.000000000000e+00
6398,11421,IO_TCd,0.000000000000e+00
6398,11421,AO_TCd,0.000000000000e+00
6398,11421,PO_TCd,0.000000000000e+00
6398,11421,SED_TCd,0.000000000000e+00
6398,11421,SEDWSSD_TCd,0.000000000000e+00
6398,11421,SEDSCRS_TCd,0.000000000000e+00
6398,11421,SO_TCu,0.000000000000e+00
6398,11421,IO_TCu,0.000000000000e+00
6398,11421,AO_TCu,0.000000000000e+00
6398,11421,PO_TCu,0.000000000000e+00
6398,11421,SED_TCu,0.000000000000e+00
6398,11421,SEDWSSD_TCu,0.000000000000e+00
6398,11421,SEDSCRS_TCu,0.000000000000e+00
6398,11421,SO_TPb,0.000000000000e+00
6398,11421,IO_TPb,0.000000000000e+00
6398,11421,AO_TPb,0.000000000000e+00
6398,11421,PO_TPb,0.000000000000e+00
6398,11421,SED_TPb,0.000000000000e+00
6398,11421,SEDWSSD_TPb,0.000000000000e+00
6398,11421,SEDSCRS_TPb,0.000000000000e+00
6398,11421,SO_TZn,0.000000000000e+00
6398,11421,IO_TZn,0.000000000000e+00
6398,11421,AO_TZn,0.000000000000e+00
6398,11421,PO_TZn,0.000000000000e+00
6398,11421,SED_TZn,0.000000000000e+00
6398,11421,SEDWSSD_TZn,0.000000000000e+00
6398,11421,SEDSCRS_TZn,0.000000000000e+00
6398,11422,AREA,0.000000000000e+00
6398,11422,PREC,0.000000000000e+00
6398,11422,SURO,0.000000000000e+00
6398,11422,IFWO,0.000000000000e+00
6398,11422,AGWO,0.000000000000e+00
6398,11422,PERO,0.000000000000e+00
6398,11422,TAET,0.000000000000e+00
6398,11422,SEDLOAD,0.000000000000e+00
6398,11422,SEDWSSD, 0.00000e+00
6398,11422,SEDSCRS, 0.00000e+00
6398,11422,SEDSURO, 0.00000e+00
6398,11422,SEDIFWO, 0.00000e+00
6398,11422,SEDAGWO, 0.00000e+00
6398,11422,SO_TN,0.000000000000e+00
6398,11422,IO_TN,0.000000000000e+00
6398,11422,AO_TN,0.000000000000e+00
6398,11422,PO_TN,0.000000000000e+00
6398,11422,SO_TP,0.000000000000e+00
6398,11422,IO_TP,0.000000000000e+00
6398,11422,AO_TP,0.000000000000e+00
6398,11422,PO_TP,0.000000000000e+00
6398,11422,SED_TP,0.000000000000e+00
6398,11422,SEDWSSD_TP,0.000000000000e+00
6398,11422,SEDSCRS_TP,0.000000000000e+00
6398,11422,SO_TCd,0.000000000000e+00
6398,11422,IO_TCd,0.000000000000e+00
6398,11422,AO_TCd,0.000000000000e+00
6398,11422,PO_TCd,0.000000000000e+00
6398,11422,SED_TCd,0.000000000000e+00
6398,11422,SEDWSSD_TCd,0.000000000000e+00
6398,11422,SEDSCRS_TCd,0.000000000000e+00
6398,11422,SO_TCu,0.000000000000e+00
6398,11422,IO_TCu,0.000000000000e+00
6398,11422,AO_TCu,0.000000000000e+00
6398,11422,PO_TCu,0.000000000000e+00
6398,11422,SED_TCu,0.000000000000e+00
6398,11422,SEDWSSD_TCu,0.000000000000e+00
6398,11422,SEDSCRS_TCu,0.000000000000e+00
6398,11422,SO_TPb,0.000000000000e+00
6398,11422,IO_TPb,0.000000000000e+00
6398,11422,AO_TPb,0.000000000000e+00
6398,11422,PO_TPb,0.000000000000e+00
6398,11422,SED_TPb,0.000000000000e+00
6398,11422,SEDWSSD_TPb,0.000000000000e+00
6398,11422,SEDSCRS_TPb,0.000000000000e+00
6398,11422,SO_TZn,0.000000000000e+00
6398,11422,IO_TZn,0.000000000000e+00
6398,11422,AO_TZn,0.000000000000e+00
6398,11422,PO_TZn,0.000000000000e+00
6398,11422,SED_TZn,0.000000000000e+00
6398,11422,SEDWSSD_TZn,0.000000000000e+00
6398,11422,SEDSCRS_TZn,0.000000000000e+00
6398,12111,AREA,0.000000000000e+00
6398,12111,PREC,0.000000000000e+00
6398,12111,SURO,0.000000000000e+00
6398,12111,IFWO,0.000000000000e+00
6398,12111,AGWO,0.000000000000e+00
6398,12111,PERO,0.000000000000e+00
6398,12111,TAET,0.000000000000e+00
6398,12111,SEDLOAD,0.000000000000e+00
6398,12111,SEDWSSD, 0.00000e+00
6398,12111,SEDSCRS, 0.00000e+00
6398,12111,SEDSURO, 0.00000e+00
6398,12111,SEDIFWO, 0.00000e+00
6398,12111,SEDAGWO, 0.00000e+00
6398,12111,SO_TN,0.000000000000e+00
6398,12111,IO_TN,0.000000000000e+00
6398,12111,AO_TN,0.000000000000e+00
6398,12111,PO_TN,0.000000000000e+00
6398,12111,SO_TP,0.000000000000e+00
6398,12111,IO_TP,0.000000000000e+00
6398,12111,AO_TP,0.000000000000e+00
6398,12111,PO_TP,0.000000000000e+00
6398,12111,SED_TP,0.000000000000e+00
6398,12111,SEDWSSD_TP,0.000000000000e+00
6398,12111,SEDSCRS_TP,0.000000000000e+00
6398,12111,SO_TCd,0.000000000000e+00
6398,12111,IO_TCd,0.000000000000e+00
6398,12111,AO_TCd,0.000000000000e+00
6398,12111,PO_TCd,0.000000000000e+00
6398,12111,SED_TCd,0.000000000000e+00
6398,12111,SEDWSSD_TCd,0.000000000000e+00
6398,12111,SEDSCRS_TCd,0.000000000000e+00
6398,12111,SO_TCu,0.000000000000e+00
6398,12111,IO_TCu,0.000000000000e+00
6398,12111,AO_TCu,0.000000000000e+00
6398,12111,PO_TCu,0.000000000000e+00
6398,12111,SED_TCu,0.000000000000e+00
6398,12111,SEDWSSD_TCu,0.000000000000e+00
6398,12111,SEDSCRS_TCu,0.000000000000e+00
6398,12111,SO_TPb,0.000000000000e+00
6398,12111,IO_TPb,0.000000000000e+00
6398,12111,AO_TPb,0.000000000000e+00
6398,12111,PO_TPb,0.000000000000e+00
6398,12111,SED_TPb,0.000000000000e+00
6398,12111,SEDWSSD_TPb,0.000000000000e+00
6398,12111,SEDSCRS_TPb,0.000000000000e+00
6398,12111,SO_TZn,0.000000000000e+00
6398,12111,IO_TZn,0.000000000000e+00
6398,12111,AO_TZn,0.000000000000e+00
6398,12111,PO_TZn,0.000000000000e+00
6398,12111,SED_TZn,0.000000000000e+00
6398,12111,SEDWSSD_TZn,0.000000000000e+00
6398,12111,SEDSCRS_TZn,0.000000000000e+00
6398,12112,AREA,0.000000000000e+00
6398,12112,PREC,0.000000000000e+00
6398,12112,SURO,0.000000000000e+00
6398,12112,IFWO,0.000000000000e+00
6398,12112,AGWO,0.000000000000e+00
6398,12112,PERO,0.000000000000e+00
6398,12112,TAET,0.000000000000e+00
6398,12112,SEDLOAD,0.000000000000e+00
6398,12112,SEDWSSD, 0.00000e+00
6398,12112,SEDSCRS, 0.00000e+00
6398,12112,SEDSURO, 0.00000e+00
6398,12112,SEDIFWO, 0.00000e+00
6398,12112,SEDAGWO, 0.00000e+00
6398,12112,SO_TN,0.000000000000e+00
6398,12112,IO_TN,0.000000000000e+00
6398,12112,AO_TN,0.000000000000e+00
6398,12112,PO_TN,0.000000000000e+00
6398,12112,SO_TP,0.000000000000e+00
6398,12112,IO_TP,0.000000000000e+00
6398,12112,AO_TP,0.000000000000e+00
6398,12112,PO_TP,0.000000000000e+00
6398,12112,SED_TP,0.000000000000e+00
6398,12112,SEDWSSD_TP,0.000000000000e+00
6398,12112,SEDSCRS_TP,0.000000000000e+00
6398,12112,SO_TCd,0.000000000000e+00
6398,12112,IO_TCd,0.000000000000e+00
6398,12112,AO_TCd,0.000000000000e+00
6398,12112,PO_TCd,0.000000000000e+00
6398,12112,SED_TCd,0.000000000000e+00
6398,12112,SEDWSSD_TCd,0.000000000000e+00
6398,12112,SEDSCRS_TCd,0.000000000000e+00
6398,12112,SO_TCu,0.000000000000e+00
6398,12112,IO_TCu,0.000000000000e+00
6398,12112,AO_TCu,0.000000000000e+00
6398,12112,PO_TCu,0.000000000000e+00
6398,12112,SED_TCu,0.000000000000e+00
6398,12112,SEDWSSD_TCu,0.000000000000e+00
6398,12112,SEDSCRS_TCu,0.000000000000e+00
6398,12112,SO_TPb,0.000000000000e+00
6398,12112,IO_TPb,0.000000000000e+00
6398,12112,AO_TPb,0.000000000000e+00
6398,12112,PO_TPb,0.000000000000e+00
6398,12112,SED_TPb,0.000000000000e+00
6398,12112,SEDWSSD_TPb,0.000000000000e+00
6398,12112,SEDSCRS_TPb,0.000000000000e+00
6398,12112,SO_TZn,0.000000000000e+00
6398,12112,IO_TZn,0.000000000000e+00
6398,12112,AO_TZn,0.000000000000e+00
6398,12112,PO_TZn,0.000000000000e+00
6398,12112,SED_TZn,0.000000000000e+00
6398,12112,SEDWSSD_TZn,0.000000000000e+00
6398,12112,SEDSCRS_TZn,0.000000000000e+00
6398,12121,AREA,0.000000000000e+00
6398,12121,PREC,0.000000000000e+00
6398,12121,SURO,0.000000000000e+00
6398,12121,IFWO,0.000000000000e+00
6398,12121,AGWO,0.000000000000e+00
6398,12121,PERO,0.000000000000e+00
6398,12121,TAET,0.000000000000e+00
6398,12121,SEDLOAD,0.000000000000e+00
6398,12121,SEDWSSD, 0.00000e+00
6398,12121,SEDSCRS, 0.00000e+00
6398,12121,SEDSURO, 0.00000e+00
6398,12121,SEDIFWO, 0.00000e+00
6398,12121,SEDAGWO, 0.00000e+00
6398,12121,SO_TN,0.000000000000e+00
6398,12121,IO_TN,0.000000000000e+00
6398,12121,AO_TN,0.000000000000e+00
6398,12121,PO_TN,0.000000000000e+00
6398,12121,SO_TP,0.000000000000e+00
6398,12121,IO_TP,0.000000000000e+00
6398,12121,AO_TP,0.000000000000e+00
6398,12121,PO_TP,0.000000000000e+00
6398,12121,SED_TP,0.000000000000e+00
6398,12121,SEDWSSD_TP,0.000000000000e+00
6398,12121,SEDSCRS_TP,0.000000000000e+00
6398,12121,SO_TCd,0.000000000000e+00
6398,12121,IO_TCd,0.000000000000e+00
6398,12121,AO_TCd,0.000000000000e+00
6398,12121,PO_TCd,0.000000000000e+00
6398,12121,SED_TCd,0.000000000000e+00
6398,12121,SEDWSSD_TCd,0.000000000000e+00
6398,12121,SEDSCRS_TCd,0.000000000000e+00
6398,12121,SO_TCu,0.000000000000e+00
6398,12121,IO_TCu,0.000000000000e+00
6398,12121,AO_TCu,0.000000000000e+00
6398,12121,PO_TCu,0.000000000000e+00
6398,12121,SED_TCu,0.000000000000e+00
6398,12121,SEDWSSD_TCu,0.000000000000e+00
6398,12121,SEDSCRS_TCu,0.000000000000e+00
6398,12121,SO_TPb,0.000000000000e+00
6398,12121,IO_TPb,0.000000000000e+00
6398,12121,AO_TPb,0.000000000000e+00
6398,12121,PO_TPb,0.000000000000e+00
6398,12121,SED_TPb,0.000000000000e+00
6398,12121,SEDWSSD_TPb,0.000000000000e+00
6398,12121,SEDSCRS_TPb,0.000000000000e+00
6398,12121,SO_TZn,0.000000000000e+00
6398,12121,IO_TZn,0.000000000000e+00
6398,12121,AO_TZn,0.000000000000e+00
6398,12121,PO_TZn,0.000000000000e+00
6398,12121,SED_TZn,0.000000000000e+00
6398,12121,SEDWSSD_TZn,0.000000000000e+00
6398,12121,SEDSCRS_TZn,0.000000000000e+00
6398,12122,AREA,0.000000000000e+00
6398,12122,PREC,0.000000000000e+00
6398,12122,SURO,0.000000000000e+00
6398,12122,IFWO,0.000000000000e+00
6398,12122,AGWO,0.000000000000e+00
6398,12122,PERO,0.000000000000e+00
6398,12122,TAET,0.000000000000e+00
6398,12122,SEDLOAD,0.000000000000e+00
6398,12122,SEDWSSD, 0.00000e+00
6398,12122,SEDSCRS, 0.00000e+00
6398,12122,SEDSURO, 0.00000e+00
6398,12122,SEDIFWO, 0.00000e+00
6398,12122,SEDAGWO, 0.00000e+00
6398,12122,SO_TN,0.000000000000e+00
6398,12122,IO_TN,0.000000000000e+00
6398,12122,AO_TN,0.000000000000e+00
6398,12122,PO_TN,0.000000000000e+00
6398,12122,SO_TP,0.000000000000e+00
6398,12122,IO_TP,0.000000000000e+00
6398,12122,AO_TP,0.000000000000e+00
6398,12122,PO_TP,0.000000000000e+00
6398,12122,SED_TP,0.000000000000e+00
6398,12122,SEDWSSD_TP,0.000000000000e+00
6398,12122,SEDSCRS_TP,0.000000000000e+00
6398,12122,SO_TCd,0.000000000000e+00
6398,12122,IO_TCd,0.000000000000e+00
6398,12122,AO_TCd,0.000000000000e+00
6398,12122,PO_TCd,0.000000000000e+00
6398,12122,SED_TCd,0.000000000000e+00
6398,12122,SEDWSSD_TCd,0.000000000000e+00
6398,12122,SEDSCRS_TCd,0.000000000000e+00
6398,12122,SO_TCu,0.000000000000e+00
6398,12122,IO_TCu,0.000000000000e+00
6398,12122,AO_TCu,0.000000000000e+00
6398,12122,PO_TCu,0.000000000000e+00
6398,12122,SED_TCu,0.000000000000e+00
6398,12122,SEDWSSD_TCu,0.000000000000e+00
6398,12122,SEDSCRS_TCu,0.000000000000e+00
6398,12122,SO_TPb,0.000000000000e+00
6398,12122,IO_TPb,0.000000000000e+00
6398,12122,AO_TPb,0.000000000000e+00
6398,12122,PO_TPb,0.000000000000e+00
6398,12122,SED_TPb,0.000000000000e+00
6398,12122,SEDWSSD_TPb,0.000000000000e+00
6398,12122,SEDSCRS_TPb,0.000000000000e+00
6398,12122,SO_TZn,0.000000000000e+00
6398,12122,IO_TZn,0.000000000000e+00
6398,12122,AO_TZn,0.000000000000e+00
6398,12122,PO_TZn,0.000000000000e+00
6398,12122,SED_TZn,0.000000000000e+00
6398,12122,SEDWSSD_TZn,0.000000000000e+00
6398,12122,SEDSCRS_TZn,0.000000000000e+00
6398,12211,AREA,0.000000000000e+00
6398,12211,PREC,0.000000000000e+00
6398,12211,SURO,0.000000000000e+00
6398,12211,IFWO,0.000000000000e+00
6398,12211,AGWO,0.000000000000e+00
6398,12211,PERO,0.000000000000e+00
6398,12211,TAET,0.000000000000e+00
6398,12211,SEDLOAD,0.000000000000e+00
6398,12211,SEDWSSD, 0.00000e+00
6398,12211,SEDSCRS, 0.00000e+00
6398,12211,SEDSURO, 0.00000e+00
6398,12211,SEDIFWO, 0.00000e+00
6398,12211,SEDAGWO, 0.00000e+00
6398,12211,SO_TN,0.000000000000e+00
6398,12211,IO_TN,0.000000000000e+00
6398,12211,AO_TN,0.000000000000e+00
6398,12211,PO_TN,0.000000000000e+00
6398,12211,SO_TP,0.000000000000e+00
6398,12211,IO_TP,0.000000000000e+00
6398,12211,AO_TP,0.000000000000e+00
6398,12211,PO_TP,0.000000000000e+00
6398,12211,SED_TP,0.000000000000e+00
6398,12211,SEDWSSD_TP,0.000000000000e+00
6398,12211,SEDSCRS_TP,0.000000000000e+00
6398,12211,SO_TCd,0.000000000000e+00
6398,12211,IO_TCd,0.000000000000e+00
6398,12211,AO_TCd,0.000000000000e+00
6398,12211,PO_TCd,0.000000000000e+00
6398,12211,SED_TCd,0.000000000000e+00
6398,12211,SEDWSSD_TCd,0.000000000000e+00
6398,12211,SEDSCRS_TCd,0.000000000000e+00
6398,12211,SO_TCu,0.000000000000e+00
6398,12211,IO_TCu,0.000000000000e+00
6398,12211,AO_TCu,0.000000000000e+00
6398,12211,PO_TCu,0.000000000000e+00
6398,12211,SED_TCu,0.000000000000e+00
6398,12211,SEDWSSD_TCu,0.000000000000e+00
6398,12211,SEDSCRS_TCu,0.000000000000e+00
6398,12211,SO_TPb,0.000000000000e+00
6398,12211,IO_TPb,0.000000000000e+00
6398,12211,AO_TPb,0.000000000000e+00
6398,12211,PO_TPb,0.000000000000e+00
6398,12211,SED_TPb,0.000000000000e+00
6398,12211,SEDWSSD_TPb,0.000000000000e+00
6398,12211,SEDSCRS_TPb,0.000000000000e+00
6398,12211,SO_TZn,0.000000000000e+00
6398,12211,IO_TZn,0.000000000000e+00
6398,12211,AO_TZn,0.000000000000e+00
6398,12211,PO_TZn,0.000000000000e+00
6398,12211,SED_TZn,0.000000000000e+00
6398,12211,SEDWSSD_TZn,0.000000000000e+00
6398,12211,SEDSCRS_TZn,0.000000000000e+00
6398,12212,AREA,0.000000000000e+00
6398,12212,PREC,0.000000000000e+00
6398,12212,SURO,0.000000000000e+00
6398,12212,IFWO,0.000000000000e+00
6398,12212,AGWO,0.000000000000e+00
6398,12212,PERO,0.000000000000e+00
6398,12212,TAET,0.000000000000e+00
6398,12212,SEDLOAD,0.000000000000e+00
6398,12212,SEDWSSD, 0.00000e+00
6398,12212,SEDSCRS, 0.00000e+00
6398,12212,SEDSURO, 0.00000e+00
6398,12212,SEDIFWO, 0.00000e+00
6398,12212,SEDAGWO, 0.00000e+00
6398,12212,SO_TN,0.000000000000e+00
6398,12212,IO_TN,0.000000000000e+00
6398,12212,AO_TN,0.000000000000e+00
6398,12212,PO_TN,0.000000000000e+00
6398,12212,SO_TP,0.000000000000e+00
6398,12212,IO_TP,0.000000000000e+00
6398,12212,AO_TP,0.000000000000e+00
6398,12212,PO_TP,0.000000000000e+00
6398,12212,SED_TP,0.000000000000e+00
6398,12212,SEDWSSD_TP,0.000000000000e+00
6398,12212,SEDSCRS_TP,0.000000000000e+00
6398,12212,SO_TCd,0.000000000000e+00
6398,12212,IO_TCd,0.000000000000e+00
6398,12212,AO_TCd,0.000000000000e+00
6398,12212,PO_TCd,0.000000000000e+00
6398,12212,SED_TCd,0.000000000000e+00
6398,12212,SEDWSSD_TCd,0.000000000000e+00
6398,12212,SEDSCRS_TCd,0.000000000000e+00
6398,12212,SO_TCu,0.000000000000e+00
6398,12212,IO_TCu,0.000000000000e+00
6398,12212,AO_TCu,0.000000000000e+00
6398,12212,PO_TCu,0.000000000000e+00
6398,12212,SED_TCu,0.000000000000e+00
6398,12212,SEDWSSD_TCu,0.000000000000e+00
6398,12212,SEDSCRS_TCu,0.000000000000e+00
6398,12212,SO_TPb,0.000000000000e+00
6398,12212,IO_TPb,0.000000000000e+00
6398,12212,AO_TPb,0.000000000000e+00
6398,12212,PO_TPb,0.000000000000e+00
6398,12212,SED_TPb,0.000000000000e+00
6398,12212,SEDWSSD_TPb,0.000000000000e+00
6398,12212,SEDSCRS_TPb,0.000000000000e+00
6398,12212,SO_TZn,0.000000000000e+00
6398,12212,IO_TZn,0.000000000000e+00
6398,12212,AO_TZn,0.000000000000e+00
6398,12212,PO_TZn,0.000000000000e+00
6398,12212,SED_TZn,0.000000000000e+00
6398,12212,SEDWSSD_TZn,0.000000000000e+00
6398,12212,SEDSCRS_TZn,0.000000000000e+00
6398,12221,AREA,0.000000000000e+00
6398,12221,PREC,0.000000000000e+00
6398,12221,SURO,0.000000000000e+00
6398,12221,IFWO,0.000000000000e+00
6398,12221,AGWO,0.000000000000e+00
6398,12221,PERO,0.000000000000e+00
6398,12221,TAET,0.000000000000e+00
6398,12221,SEDLOAD,0.000000000000e+00
6398,12221,SEDWSSD, 0.00000e+00
6398,12221,SEDSCRS, 0.00000e+00
6398,12221,SEDSURO, 0.00000e+00
6398,12221,SEDIFWO, 0.00000e+00
6398,12221,SEDAGWO, 0.00000e+00
6398,12221,SO_TN,0.000000000000e+00
6398,12221,IO_TN,0.000000000000e+00
6398,12221,AO_TN,0.000000000000e+00
6398,12221,PO_TN,0.000000000000e+00
6398,12221,SO_TP,0.000000000000e+00
6398,12221,IO_TP,0.000000000000e+00
6398,12221,AO_TP,0.000000000000e+00
6398,12221,PO_TP,0.000000000000e+00
6398,12221,SED_TP,0.000000000000e+00
6398,12221,SEDWSSD_TP,0.000000000000e+00
6398,12221,SEDSCRS_TP,0.000000000000e+00
6398,12221,SO_TCd,0.000000000000e+00
6398,12221,IO_TCd,0.000000000000e+00
6398,12221,AO_TCd,0.000000000000e+00
6398,12221,PO_TCd,0.000000000000e+00
6398,12221,SED_TCd,0.000000000000e+00
6398,12221,SEDWSSD_TCd,0.000000000000e+00
6398,12221,SEDSCRS_TCd,0.000000000000e+00
6398,12221,SO_TCu,0.000000000000e+00
6398,12221,IO_TCu,0.000000000000e+00
6398,12221,AO_TCu,0.000000000000e+00
6398,12221,PO_TCu,0.000000000000e+00
6398,12221,SED_TCu,0.000000000000e+00
6398,12221,SEDWSSD_TCu,0.000000000000e+00
6398,12221,SEDSCRS_TCu,0.000000000000e+00
6398,12221,SO_TPb,0.000000000000e+00
6398,12221,IO_TPb,0.000000000000e+00
6398,12221,AO_TPb,0.000000000000e+00
6398,12221,PO_TPb,0.000000000000e+00
6398,12221,SED_TPb,0.000000000000e+00
6398,12221,SEDWSSD_TPb,0.000000000000e+00
6398,12221,SEDSCRS_TPb,0.000000000000e+00
6398,12221,SO_TZn,0.000000000000e+00
6398,12221,IO_TZn,0.000000000000e+00
6398,12221,AO_TZn,0.000000000000e+00
6398,12221,PO_TZn,0.000000000000e+00
6398,12221,SED_TZn,0.000000000000e+00
6398,12221,SEDWSSD_TZn,0.000000000000e+00
6398,12221,SEDSCRS_TZn,0.000000000000e+00
6398,12222,AREA,0.000000000000e+00
6398,12222,PREC,0.000000000000e+00
6398,12222,SURO,0.000000000000e+00
6398,12222,IFWO,0.000000000000e+00
6398,12222,AGWO,0.000000000000e+00
6398,12222,PERO,0.000000000000e+00
6398,12222,TAET,0.000000000000e+00
6398,12222,SEDLOAD,0.000000000000e+00
6398,12222,SEDWSSD, 0.00000e+00
6398,12222,SEDSCRS, 0.00000e+00
6398,12222,SEDSURO, 0.00000e+00
6398,12222,SEDIFWO, 0.00000e+00
6398,12222,SEDAGWO, 0.00000e+00
6398,12222,SO_TN,0.000000000000e+00
6398,12222,IO_TN,0.000000000000e+00
6398,12222,AO_TN,0.000000000000e+00
6398,12222,PO_TN,0.000000000000e+00
6398,12222,SO_TP,0.000000000000e+00
6398,12222,IO_TP,0.000000000000e+00
6398,12222,AO_TP,0.000000000000e+00
6398,12222,PO_TP,0.000000000000e+00
6398,12222,SED_TP,0.000000000000e+00
6398,12222,SEDWSSD_TP,0.000000000000e+00
6398,12222,SEDSCRS_TP,0.000000000000e+00
6398,12222,SO_TCd,0.000000000000e+00
6398,12222,IO_TCd,0.000000000000e+00
6398,12222,AO_TCd,0.000000000000e+00
6398,12222,PO_TCd,0.000000000000e+00
6398,12222,SED_TCd,0.000000000000e+00
6398,12222,SEDWSSD_TCd,0.000000000000e+00
6398,12222,SEDSCRS_TCd,0.000000000000e+00
6398,12222,SO_TCu,0.000000000000e+00
6398,12222,IO_TCu,0.000000000000e+00
6398,12222,AO_TCu,0.000000000000e+00
6398,12222,PO_TCu,0.000000000000e+00
6398,12222,SED_TCu,0.000000000000e+00
6398,12222,SEDWSSD_TCu,0.000000000000e+00
6398,12222,SEDSCRS_TCu,0.000000000000e+00
6398,12222,SO_TPb,0.000000000000e+00
6398,12222,IO_TPb,0.000000000000e+00
6398,12222,AO_TPb,0.000000000000e+00
6398,12222,PO_TPb,0.000000000000e+00
6398,12222,SED_TPb,0.000000000000e+00
6398,12222,SEDWSSD_TPb,0.000000000000e+00
6398,12222,SEDSCRS_TPb,0.000000000000e+00
6398,12222,SO_TZn,0.000000000000e+00
6398,12222,IO_TZn,0.000000000000e+00
6398,12222,AO_TZn,0.000000000000e+00
6398,12222,PO_TZn,0.000000000000e+00
6398,12222,SED_TZn,0.000000000000e+00
6398,12222,SEDWSSD_TZn,0.000000000000e+00
6398,12222,SEDSCRS_TZn,0.000000000000e+00
6398,12311,AREA,6.318407699998e+01
6398,12311,PREC,7.808988397565e+02
6398,12311,SURO,6.441242899476e+01
6398,12311,IFWO,4.528128389652e+00
6398,12311,AGWO,1.651880093957e+02
6398,12311,PERO,2.341285667801e+02
6398,12311,TAET,5.545218917414e+02
6398,12311,SEDLOAD,1.342441235539e+00
6398,12311,SEDWSSD, 1.32321e+00
6398,12311,SEDSCRS, 0.00000e+00
6398,12311,SEDSURO, 0.00000e+00
6398,12311,SEDIFWO, 5.13067e-04
6398,12311,SEDAGWO, 1.87169e-02
6398,12311,SO_TN,2.209022228306e+01
6398,12311,IO_TN,1.026135224886e+00
6398,12311,AO_TN,1.123015210151e+01
6398,12311,PO_TN,3.434650960945e+01
6398,12311,SO_TP,2.646422544725e+00
6398,12311,IO_TP,4.104540899546e-01
6398,12311,AO_TP,7.486768067670e+00
6398,12311,PO_TP,1.054364470235e+01
6398,12311,SED_TP,2.646422544725e+00
6398,12311,SEDWSSD_TP,2.646422544725e+00
6398,12311,SEDSCRS_TP,0.000000000000e+00
6398,12311,SO_TCd,6.616056361814e-03
6398,12311,IO_TCd,0.000000000000e+00
6398,12311,AO_TCd,0.000000000000e+00
6398,12311,PO_TCd,6.616056361814e-03
6398,12311,SED_TCd,6.616056361814e-03
6398,12311,SEDWSSD_TCd,6.616056361814e-03
6398,12311,SEDSCRS_TCd,0.000000000000e+00
6398,12311,SO_TCu,6.616056361814e-01
6398,12311,IO_TCu,0.000000000000e+00
6398,12311,AO_TCu,0.000000000000e+00
6398,12311,PO_TCu,6.616056361814e-01
6398,12311,SED_TCu,6.616056361814e-01
6398,12311,SEDWSSD_TCu,6.616056361814e-01
6398,12311,SEDSCRS_TCu,0.000000000000e+00
6398,12311,SO_TPb,1.323211272363e-02
6398,12311,IO_TPb,0.000000000000e+00
6398,12311,AO_TPb,0.000000000000e+00
6398,12311,PO_TPb,1.323211272363e-02
6398,12311,SED_TPb,1.323211272363e-02
6398,12311,SEDWSSD_TPb,1.323211272363e-02
6398,12311,SEDSCRS_TPb,0.000000000000e+00
6398,12311,SO_TZn,4.763560580506e+00
6398,12311,IO_TZn,0.000000000000e+00
6398,12311,AO_TZn,1.871692016918e+00
6398,12311,PO_TZn,6.635252597423e+00
6398,12311,SED_TZn,4.763560580506e+00
6398,12311,SEDWSSD_TZn,4.763560580506e+00
6398,12311,SEDSCRS_TZn,0.000000000000e+00
6398,12312,AREA,1.024472399999e+01
6398,12312,PREC,1.266156516811e+02
6398,12312,SURO,1.020616523194e+01
6398,12312,IFWO,7.602222298700e-01
6398,12312,AGWO,1.886360015823e+01
6398,12312,PERO,2.982998762004e+01
6398,12312,TAET,8.996109316715e+01
6398,12312,SEDLOAD,2.153365815978e-01
6398,12312,SEDWSSD, 2.13113e-01
6398,12312,SEDSCRS, 0.00000e+00
6398,12312,SEDSURO, 0.00000e+00
6398,12312,SEDIFWO, 8.61382e-05
6398,12312,SEDAGWO, 2.13737e-03
6398,12312,SO_TN,3.542083167420e+00
6398,12312,IO_TN,1.722766542120e-01
6398,12312,AO_TN,1.282424188861e+00
6398,12312,PO_TN,4.996784010493e+00
6398,12312,SO_TP,4.262261449352e-01
6398,12312,IO_TP,6.891066168478e-02
6398,12312,AO_TP,8.549494592410e-01
6398,12312,PO_TP,1.350086265861e+00
6398,12312,SED_TP,4.262261449352e-01
6398,12312,SEDWSSD_TP,4.262261449352e-01
6398,12312,SEDSCRS_TP,0.000000000000e+00
6398,12312,SO_TCd,1.065565362338e-03
6398,12312,IO_TCd,0.000000000000e+00
6398,12312,AO_TCd,0.000000000000e+00
6398,12312,PO_TCd,1.065565362338e-03
6398,12312,SED_TCd,1.065565362338e-03
6398,12312,SEDWSSD_TCd,1.065565362338e-03
6398,12312,SEDSCRS_TCd,0.000000000000e+00
6398,12312,SO_TCu,1.065565362338e-01
6398,12312,IO_TCu,0.000000000000e+00
6398,12312,AO_TCu,0.000000000000e+00
6398,12312,PO_TCu,1.065565362338e-01
6398,12312,SED_TCu,1.065565362338e-01
6398,12312,SEDWSSD_TCu,1.065565362338e-01
6398,12312,SEDSCRS_TCu,0.000000000000e+00
6398,12312,SO_TPb,2.131130724676e-03
6398,12312,IO_TPb,0.000000000000e+00
6398,12312,AO_TPb,0.000000000000e+00
6398,12312,PO_TPb,2.131130724676e-03
6398,12312,SED_TPb,2.131130724676e-03
6398,12312,SEDWSSD_TPb,2.131130724676e-03
6398,12312,SEDSCRS_TPb,0.000000000000e+00
6398,12312,SO_TZn,7.672070608833e-01
6398,12312,IO_TZn,0.000000000000e+00
6398,12312,AO_TZn,2.137373648102e-01
6398,12312,PO_TZn,9.809444256936e-01
6398,12312,SED_TZn,7.672070608833e-01
6398,12312,SEDWSSD_TZn,7.672070608833e-01
6398,12312,SEDSCRS_TZn,0.000000000000e+00
6398,12321,AREA,2.129696759995e+02
6398,12321,PREC,2.632115254160e+03
6398,12321,SURO,2.591945686567e+02
6398,12321,IFWO,1.482615012889e+01
6398,12321,AGWO,5.432927560843e+02
6398,12321,PERO,8.173134748699e+02
6398,12321,TAET,1.840067734714e+03
6398,12321,SEDLOAD,4.709430306464e+00
6398,12321,SEDWSSD, 4.64619e+00
6398,12321,SEDSCRS, 0.00000e+00
6398,12321,SEDSURO, 0.00000e+00
6398,12321,SEDIFWO, 1.67990e-03
6398,12321,SEDAGWO, 6.15587e-02
6398,12321,SO_TN,8.263138303356e+01
6398,12321,IO_TN,3.359806433820e+00
6398,12321,AO_TN,3.693524916726e+01
6398,12321,PO_TN,1.229264386346e+02
6398,12321,SO_TP,9.292383471101e+00
6398,12321,IO_TP,1.343922573528e+00
6398,12321,AO_TP,2.462349944484e+01
6398,12321,PO_TP,3.525980548947e+01
6398,12321,SED_TP,9.292383471101e+00
6398,12321,SEDWSSD_TP,9.292383471101e+00
6398,12321,SEDSCRS_TP,0.000000000000e+00
6398,12321,SO_TCd,2.323095867775e-02
6398,12321,IO_TCd,0.000000000000e+00
6398,12321,AO_TCd,0.000000000000e+00
6398,12321,PO_TCd,2.323095867775e-02
6398,12321,SED_TCd,2.323095867775e-02
6398,12321,SEDWSSD_TCd,2.323095867775e-02
6398,12321,SEDSCRS_TCd,0.000000000000e+00
6398,12321,SO_TCu,2.323095867775e+00
6398,12321,IO_TCu,0.000000000000e+00
6398,12321,AO_TCu,0.000000000000e+00
6398,12321,PO_TCu,2.323095867775e+00
6398,12321,SED_TCu,2.323095867775e+00
6398,12321,SEDWSSD_TCu,2.323095867775e+00
6398,12321,SEDSCRS_TCu,0.000000000000e+00
6398,12321,SO_TPb,4.646191735551e-02
6398,12321,IO_TPb,0.000000000000e+00
6398,12321,AO_TPb,0.000000000000e+00
6398,12321,PO_TPb,4.646191735551e-02
6398,12321,SED_TPb,4.646191735551e-02
6398,12321,SEDWSSD_TPb,4.646191735551e-02
6398,12321,SEDSCRS_TPb,0.000000000000e+00
6398,12321,SO_TZn,1.672629024798e+01
6398,12321,IO_TZn,0.000000000000e+00
6398,12321,AO_TZn,6.155874861210e+00
6398,12321,PO_TZn,2.288216510919e+01
6398,12321,SED_TZn,1.672629024798e+01
6398,12321,SEDWSSD_TZn,1.672629024798e+01
6398,12321,SEDSCRS_TZn,0.000000000000e+00
6398,12322,AREA,2.121700999997e+00
6398,12322,PREC,2.622233207917e+01
6398,12322,SURO,2.474871993330e+00
6398,12322,IFWO,1.576561909656e-01
6398,12322,AGWO,3.841486397075e+00
6398,12322,PERO,6.474014581371e+00
6398,12322,TAET,1.835496272918e+01
6398,12322,SEDLOAD,4.590164735992e-02
6398,12322,SEDWSSD, 4.54485e-02
6398,12322,SEDSCRS, 0.00000e+00
6398,12322,SEDSURO, 0.00000e+00
6398,12322,SEDIFWO, 1.78635e-05
6398,12322,SEDAGWO, 4.35266e-04
6398,12322,SO_TN,8.055571906383e-01
6398,12322,IO_TN,3.572702826646e-02
6398,12322,AO_TN,2.611598547186e-01
6398,12322,PO_TN,1.102444073623e+00
6398,12322,SO_TP,9.089703600210e-02
6398,12322,IO_TP,1.429081130658e-02
6398,12322,AO_TP,1.741065698124e-01
6398,12322,PO_TP,2.792944171211e-01
6398,12322,SED_TP,9.089703600210e-02
6398,12322,SEDWSSD_TP,9.089703600210e-02
6398,12322,SEDSCRS_TP,0.000000000000e+00
6398,12322,SO_TCd,2.272425900053e-04
6398,12322,IO_TCd,0.000000000000e+00
6398,12322,AO_TCd,0.000000000000e+00
6398,12322,PO_TCd,2.272425900053e-04
6398,12322,SED_TCd,2.272425900053e-04
6398,12322,SEDWSSD_TCd,2.272425900053e-04
6398,12322,SEDSCRS_TCd,0.000000000000e+00
6398,12322,SO_TCu,2.272425900053e-02
6398,12322,IO_TCu,0.000000000000e+00
6398,12322,AO_TCu,0.000000000000e+00
6398,12322,PO_TCu,2.272425900053e-02
6398,12322,SED_TCu,2.272425900053e-02
6398,12322,SEDWSSD_TCu,2.272425900053e-02
6398,12322,SEDSCRS_TCu,0.000000000000e+00
6398,12322,SO_TPb,4.544851800105e-04
6398,12322,IO_TPb,0.000000000000e+00
6398,12322,AO_TPb,0.000000000000e+00
6398,12322,PO_TPb,4.544851800105e-04
6398,12322,SED_TPb,4.544851800105e-04
6398,12322,SEDWSSD_TPb,4.544851800105e-04
6398,12322,SEDSCRS_TPb,0.000000000000e+00
6398,12322,SO_TZn,1.636146648038e-01
6398,12322,IO_TZn,0.000000000000e+00
6398,12322,AO_TZn,4.352664245309e-02
6398,12322,PO_TZn,2.071413072569e-01
6398,12322,SED_TZn,1.636146648038e-01
6398,12322,SEDWSSD_TZn,1.636146648038e-01
6398,12322,SEDSCRS_TZn,0.000000000000e+00
6398,12411,AREA,0.000000000000e+00
6398,12411,PREC,0.000000000000e+00
6398,12411,SURO,0.000000000000e+00
6398,12411,IFWO,0.000000000000e+00
6398,12411,AGWO,0.000000000000e+00
6398,12411,PERO,0.000000000000e+00
6398,12411,TAET,0.000000000000e+00
6398,12411,SEDLOAD,0.000000000000e+00
6398,12411,SEDWSSD, 0.00000e+00
6398,12411,SEDSCRS, 0.00000e+00
6398,12411,SEDSURO, 0.00000e+00
6398,12411,SEDIFWO, 0.00000e+00
6398,12411,SEDAGWO, 0.00000e+00
6398,12411,SO_TN,0.000000000000e+00
6398,12411,IO_TN,0.000000000000e+00
6398,12411,AO_TN,0.000000000000e+00
6398,12411,PO_TN,0.000000000000e+00
6398,12411,SO_TP,0.000000000000e+00
6398,12411,IO_TP,0.000000000000e+00
6398,12411,AO_TP,0.000000000000e+00
6398,12411,PO_TP,0.000000000000e+00
6398,12411,SED_TP,0.000000000000e+00
6398,12411,SEDWSSD_TP,0.000000000000e+00
6398,12411,SEDSCRS_TP,0.000000000000e+00
6398,12411,SO_TCd,0.000000000000e+00
6398,12411,IO_TCd,0.000000000000e+00
6398,12411,AO_TCd,0.000000000000e+00
6398,12411,PO_TCd,0.000000000000e+00
6398,12411,SED_TCd,0.000000000000e+00
6398,12411,SEDWSSD_TCd,0.000000000000e+00
6398,12411,SEDSCRS_TCd,0.000000000000e+00
6398,12411,SO_TCu,0.000000000000e+00
6398,12411,IO_TCu,0.000000000000e+00
6398,12411,AO_TCu,0.000000000000e+00
6398,12411,PO_TCu,0.000000000000e+00
6398,12411,SED_TCu,0.000000000000e+00
6398,12411,SEDWSSD_TCu,0.000000000000e+00
6398,12411,SEDSCRS_TCu,0.000000000000e+00
6398,12411,SO_TPb,0.000000000000e+00
6398,12411,IO_TPb,0.000000000000e+00
6398,12411,AO_TPb,0.000000000000e+00
6398,12411,PO_TPb,0.000000000000e+00
6398,12411,SED_TPb,0.000000000000e+00
6398,12411,SEDWSSD_TPb,0.000000000000e+00
6398,12411,SEDSCRS_TPb,0.000000000000e+00
6398,12411,SO_TZn,0.000000000000e+00
6398,12411,IO_TZn,0.000000000000e+00
6398,12411,AO_TZn,0.000000000000e+00
6398,12411,PO_TZn,0.000000000000e+00
6398,12411,SED_TZn,0.000000000000e+00
6398,12411,SEDWSSD_TZn,0.000000000000e+00
6398,12411,SEDSCRS_TZn,0.000000000000e+00
6398,12412,AREA,0.000000000000e+00
6398,12412,PREC,0.000000000000e+00
6398,12412,SURO,0.000000000000e+00
6398,12412,IFWO,0.000000000000e+00
6398,12412,AGWO,0.000000000000e+00
6398,12412,PERO,0.000000000000e+00
6398,12412,TAET,0.000000000000e+00
6398,12412,SEDLOAD,0.000000000000e+00
6398,12412,SEDWSSD, 0.00000e+00
6398,12412,SEDSCRS, 0.00000e+00
6398,12412,SEDSURO, 0.00000e+00
6398,12412,SEDIFWO, 0.00000e+00
6398,12412,SEDAGWO, 0.00000e+00
6398,12412,SO_TN,0.000000000000e+00
6398,12412,IO_TN,0.000000000000e+00
6398,12412,AO_TN,0.000000000000e+00
6398,12412,PO_TN,0.000000000000e+00
6398,12412,SO_TP,0.000000000000e+00
6398,12412,IO_TP,0.000000000000e+00
6398,12412,AO_TP,0.000000000000e+00
6398,12412,PO_TP,0.000000000000e+00
6398,12412,SED_TP,0.000000000000e+00
6398,12412,SEDWSSD_TP,0.000000000000e+00
6398,12412,SEDSCRS_TP,0.000000000000e+00
6398,12412,SO_TCd,0.000000000000e+00
6398,12412,IO_TCd,0.000000000000e+00
6398,12412,AO_TCd,0.000000000000e+00
6398,12412,PO_TCd,0.000000000000e+00
6398,12412,SED_TCd,0.000000000000e+00
6398,12412,SEDWSSD_TCd,0.000000000000e+00
6398,12412,SEDSCRS_TCd,0.000000000000e+00
6398,12412,SO_TCu,0.000000000000e+00
6398,12412,IO_TCu,0.000000000000e+00
6398,12412,AO_TCu,0.000000000000e+00
6398,12412,PO_TCu,0.000000000000e+00
6398,12412,SED_TCu,0.000000000000e+00
6398,12412,SEDWSSD_TCu,0.000000000000e+00
6398,12412,SEDSCRS_TCu,0.000000000000e+00
6398,12412,SO_TPb,0.000000000000e+00
6398,12412,IO_TPb,0.000000000000e+00
6398,12412,AO_TPb,0.000000000000e+00
6398,12412,PO_TPb,0.000000000000e+00
6398,12412,SED_TPb,0.000000000000e+00
6398,12412,SEDWSSD_TPb,0.000000000000e+00
6398,12412,SEDSCRS_TPb,0.000000000000e+00
6398,12412,SO_TZn,0.000000000000e+00
6398,12412,IO_TZn,0.000000000000e+00
6398,12412,AO_TZn,0.000000000000e+00
6398,12412,PO_TZn,0.000000000000e+00
6398,12412,SED_TZn,0.000000000000e+00
6398,12412,SEDWSSD_TZn,0.000000000000e+00
6398,12412,SEDSCRS_TZn,0.000000000000e+00
6398,12421,AREA,0.000000000000e+00
6398,12421,PREC,0.000000000000e+00
6398,12421,SURO,0.000000000000e+00
6398,12421,IFWO,0.000000000000e+00
6398,12421,AGWO,0.000000000000e+00
6398,12421,PERO,0.000000000000e+00
6398,12421,TAET,0.000000000000e+00
6398,12421,SEDLOAD,0.000000000000e+00
6398,12421,SEDWSSD, 0.00000e+00
6398,12421,SEDSCRS, 0.00000e+00
6398,12421,SEDSURO, 0.00000e+00
6398,12421,SEDIFWO, 0.00000e+00
6398,12421,SEDAGWO, 0.00000e+00
6398,12421,SO_TN,0.000000000000e+00
6398,12421,IO_TN,0.000000000000e+00
6398,12421,AO_TN,0.000000000000e+00
6398,12421,PO_TN,0.000000000000e+00
6398,12421,SO_TP,0.000000000000e+00
6398,12421,IO_TP,0.000000000000e+00
6398,12421,AO_TP,0.000000000000e+00
6398,12421,PO_TP,0.000000000000e+00
6398,12421,SED_TP,0.000000000000e+00
6398,12421,SEDWSSD_TP,0.000000000000e+00
6398,12421,SEDSCRS_TP,0.000000000000e+00
6398,12421,SO_TCd,0.000000000000e+00
6398,12421,IO_TCd,0.000000000000e+00
6398,12421,AO_TCd,0.000000000000e+00
6398,12421,PO_TCd,0.000000000000e+00
6398,12421,SED_TCd,0.000000000000e+00
6398,12421,SEDWSSD_TCd,0.000000000000e+00
6398,12421,SEDSCRS_TCd,0.000000000000e+00
6398,12421,SO_TCu,0.000000000000e+00
6398,12421,IO_TCu,0.000000000000e+00
6398,12421,AO_TCu,0.000000000000e+00
6398,12421,PO_TCu,0.000000000000e+00
6398,12421,SED_TCu,0.000000000000e+00
6398,12421,SEDWSSD_TCu,0.000000000000e+00
6398,12421,SEDSCRS_TCu,0.000000000000e+00
6398,12421,SO_TPb,0.000000000000e+00
6398,12421,IO_TPb,0.000000000000e+00
6398,12421,AO_TPb,0.000000000000e+00
6398,12421,PO_TPb,0.000000000000e+00
6398,12421,SED_TPb,0.000000000000e+00
6398,12421,SEDWSSD_TPb,0.000000000000e+00
6398,12421,SEDSCRS_TPb,0.000000000000e+00
6398,12421,SO_TZn,0.000000000000e+00
6398,12421,IO_TZn,0.000000000000e+00
6398,12421,AO_TZn,0.000000000000e+00
6398,12421,PO_TZn,0.000000000000e+00
6398,12421,SED_TZn,0.000000000000e+00
6398,12421,SEDWSSD_TZn,0.000000000000e+00
6398,12421,SEDSCRS_TZn,0.000000000000e+00
6398,12422,AREA,0.000000000000e+00
6398,12422,PREC,0.000000000000e+00
6398,12422,SURO,0.000000000000e+00
6398,12422,IFWO,0.000000000000e+00
6398,12422,AGWO,0.000000000000e+00
6398,12422,PERO,0.000000000000e+00
6398,12422,TAET,0.000000000000e+00
6398,12422,SEDLOAD,0.000000000000e+00
6398,12422,SEDWSSD, 0.00000e+00
6398,12422,SEDSCRS, 0.00000e+00
6398,12422,SEDSURO, 0.00000e+00
6398,12422,SEDIFWO, 0.00000e+00
6398,12422,SEDAGWO, 0.00000e+00
6398,12422,SO_TN,0.000000000000e+00
6398,12422,IO_TN,0.000000000000e+00
6398,12422,AO_TN,0.000000000000e+00
6398,12422,PO_TN,0.000000000000e+00
6398,12422,SO_TP,0.000000000000e+00
6398,12422,IO_TP,0.000000000000e+00
6398,12422,AO_TP,0.000000000000e+00
6398,12422,PO_TP,0.000000000000e+00
6398,12422,SED_TP,0.000000000000e+00
6398,12422,SEDWSSD_TP,0.000000000000e+00
6398,12422,SEDSCRS_TP,0.000000000000e+00
6398,12422,SO_TCd,0.000000000000e+00
6398,12422,IO_TCd,0.000000000000e+00
6398,12422,AO_TCd,0.000000000000e+00
6398,12422,PO_TCd,0.000000000000e+00
6398,12422,SED_TCd,0.000000000000e+00
6398,12422,SEDWSSD_TCd,0.000000000000e+00
6398,12422,SEDSCRS_TCd,0.000000000000e+00
6398,12422,SO_TCu,0.000000000000e+00
6398,12422,IO_TCu,0.000000000000e+00
6398,12422,AO_TCu,0.000000000000e+00
6398,12422,PO_TCu,0.000000000000e+00
6398,12422,SED_TCu,0.000000000000e+00
6398,12422,SEDWSSD_TCu,0.000000000000e+00
6398,12422,SEDSCRS_TCu,0.000000000000e+00
6398,12422,SO_TPb,0.000000000000e+00
6398,12422,IO_TPb,0.000000000000e+00
6398,12422,AO_TPb,0.000000000000e+00
6398,12422,PO_TPb,0.000000000000e+00
6398,12422,SED_TPb,0.000000000000e+00
6398,12422,SEDWSSD_TPb,0.000000000000e+00
6398,12422,SEDSCRS_TPb,0.000000000000e+00
6398,12422,SO_TZn,0.000000000000e+00
6398,12422,IO_TZn,0.000000000000e+00
6398,12422,AO_TZn,0.000000000000e+00
6398,12422,PO_TZn,0.000000000000e+00
6398,12422,SED_TZn,0.000000000000e+00
6398,12422,SEDWSSD_TZn,0.000000000000e+00
6398,12422,SEDSCRS_TZn,0.000000000000e+00
6398,13111,AREA,0.000000000000e+00
6398,13111,PREC,0.000000000000e+00
6398,13111,SURO,0.000000000000e+00
6398,13111,IFWO,0.000000000000e+00
6398,13111,AGWO,0.000000000000e+00
6398,13111,PERO,0.000000000000e+00
6398,13111,TAET,0.000000000000e+00
6398,13111,SEDLOAD,0.000000000000e+00
6398,13111,SEDWSSD, 0.00000e+00
6398,13111,SEDSCRS, 0.00000e+00
6398,13111,SEDSURO, 0.00000e+00
6398,13111,SEDIFWO, 0.00000e+00
6398,13111,SEDAGWO, 0.00000e+00
6398,13111,SO_TN,0.000000000000e+00
6398,13111,IO_TN,0.000000000000e+00
6398,13111,AO_TN,0.000000000000e+00
6398,13111,PO_TN,0.000000000000e+00
6398,13111,SO_TP,0.000000000000e+00
6398,13111,IO_TP,0.000000000000e+00
6398,13111,AO_TP,0.000000000000e+00
6398,13111,PO_TP,0.000000000000e+00
6398,13111,SED_TP,0.000000000000e+00
6398,13111,SEDWSSD_TP,0.000000000000e+00
6398,13111,SEDSCRS_TP,0.000000000000e+00
6398,13111,SO_TCd,0.000000000000e+00
6398,13111,IO_TCd,0.000000000000e+00
6398,13111,AO_TCd,0.000000000000e+00
6398,13111,PO_TCd,0.000000000000e+00
6398,13111,SED_TCd,0.000000000000e+00
6398,13111,SEDWSSD_TCd,0.000000000000e+00
6398,13111,SEDSCRS_TCd,0.000000000000e+00
6398,13111,SO_TCu,0.000000000000e+00
6398,13111,IO_TCu,0.000000000000e+00
6398,13111,AO_TCu,0.000000000000e+00
6398,13111,PO_TCu,0.000000000000e+00
6398,13111,SED_TCu,0.000000000000e+00
6398,13111,SEDWSSD_TCu,0.000000000000e+00
6398,13111,SEDSCRS_TCu,0.000000000000e+00
6398,13111,SO_TPb,0.000000000000e+00
6398,13111,IO_TPb,0.000000000000e+00
6398,13111,AO_TPb,0.000000000000e+00
6398,13111,PO_TPb,0.000000000000e+00
6398,13111,SED_TPb,0.000000000000e+00
6398,13111,SEDWSSD_TPb,0.000000000000e+00
6398,13111,SEDSCRS_TPb,0.000000000000e+00
6398,13111,SO_TZn,0.000000000000e+00
6398,13111,IO_TZn,0.000000000000e+00
6398,13111,AO_TZn,0.000000000000e+00
6398,13111,PO_TZn,0.000000000000e+00
6398,13111,SED_TZn,0.000000000000e+00
6398,13111,SEDWSSD_TZn,0.000000000000e+00
6398,13111,SEDSCRS_TZn,0.000000000000e+00
6398,13112,AREA,0.000000000000e+00
6398,13112,PREC,0.000000000000e+00
6398,13112,SURO,0.000000000000e+00
6398,13112,IFWO,0.000000000000e+00
6398,13112,AGWO,0.000000000000e+00
6398,13112,PERO,0.000000000000e+00
6398,13112,TAET,0.000000000000e+00
6398,13112,SEDLOAD,0.000000000000e+00
6398,13112,SEDWSSD, 0.00000e+00
6398,13112,SEDSCRS, 0.00000e+00
6398,13112,SEDSURO, 0.00000e+00
6398,13112,SEDIFWO, 0.00000e+00
6398,13112,SEDAGWO, 0.00000e+00
6398,13112,SO_TN,0.000000000000e+00
6398,13112,IO_TN,0.000000000000e+00
6398,13112,AO_TN,0.000000000000e+00
6398,13112,PO_TN,0.000000000000e+00
6398,13112,SO_TP,0.000000000000e+00
6398,13112,IO_TP,0.000000000000e+00
6398,13112,AO_TP,0.000000000000e+00
6398,13112,PO_TP,0.000000000000e+00
6398,13112,SED_TP,0.000000000000e+00
6398,13112,SEDWSSD_TP,0.000000000000e+00
6398,13112,SEDSCRS_TP,0.000000000000e+00
6398,13112,SO_TCd,0.000000000000e+00
6398,13112,IO_TCd,0.000000000000e+00
6398,13112,AO_TCd,0.000000000000e+00
6398,13112,PO_TCd,0.000000000000e+00
6398,13112,SED_TCd,0.000000000000e+00
6398,13112,SEDWSSD_TCd,0.000000000000e+00
6398,13112,SEDSCRS_TCd,0.000000000000e+00
6398,13112,SO_TCu,0.000000000000e+00
6398,13112,IO_TCu,0.000000000000e+00
6398,13112,AO_TCu,0.000000000000e+00
6398,13112,PO_TCu,0.000000000000e+00
6398,13112,SED_TCu,0.000000000000e+00
6398,13112,SEDWSSD_TCu,0.000000000000e+00
6398,13112,SEDSCRS_TCu,0.000000000000e+00
6398,13112,SO_TPb,0.000000000000e+00
6398,13112,IO_TPb,0.000000000000e+00
6398,13112,AO_TPb,0.000000000000e+00
6398,13112,PO_TPb,0.000000000000e+00
6398,13112,SED_TPb,0.000000000000e+00
6398,13112,SEDWSSD_TPb,0.000000000000e+00
6398,13112,SEDSCRS_TPb,0.000000000000e+00
6398,13112,SO_TZn,0.000000000000e+00
6398,13112,IO_TZn,0.000000000000e+00
6398,13112,AO_TZn,0.000000000000e+00
6398,13112,PO_TZn,0.000000000000e+00
6398,13112,SED_TZn,0.000000000000e+00
6398,13112,SEDWSSD_TZn,0.000000000000e+00
6398,13112,SEDSCRS_TZn,0.000000000000e+00
6398,13121,AREA,0.000000000000e+00
6398,13121,PREC,0.000000000000e+00
6398,13121,SURO,0.000000000000e+00
6398,13121,IFWO,0.000000000000e+00
6398,13121,AGWO,0.000000000000e+00
6398,13121,PERO,0.000000000000e+00
6398,13121,TAET,0.000000000000e+00
6398,13121,SEDLOAD,0.000000000000e+00
6398,13121,SEDWSSD, 0.00000e+00
6398,13121,SEDSCRS, 0.00000e+00
6398,13121,SEDSURO, 0.00000e+00
6398,13121,SEDIFWO, 0.00000e+00
6398,13121,SEDAGWO, 0.00000e+00
6398,13121,SO_TN,0.000000000000e+00
6398,13121,IO_TN,0.000000000000e+00
6398,13121,AO_TN,0.000000000000e+00
6398,13121,PO_TN,0.000000000000e+00
6398,13121,SO_TP,0.000000000000e+00
6398,13121,IO_TP,0.000000000000e+00
6398,13121,AO_TP,0.000000000000e+00
6398,13121,PO_TP,0.000000000000e+00
6398,13121,SED_TP,0.000000000000e+00
6398,13121,SEDWSSD_TP,0.000000000000e+00
6398,13121,SEDSCRS_TP,0.000000000000e+00
6398,13121,SO_TCd,0.000000000000e+00
6398,13121,IO_TCd,0.000000000000e+00
6398,13121,AO_TCd,0.000000000000e+00
6398,13121,PO_TCd,0.000000000000e+00
6398,13121,SED_TCd,0.000000000000e+00
6398,13121,SEDWSSD_TCd,0.000000000000e+00
6398,13121,SEDSCRS_TCd,0.000000000000e+00
6398,13121,SO_TCu,0.000000000000e+00
6398,13121,IO_TCu,0.000000000000e+00
6398,13121,AO_TCu,0.000000000000e+00
6398,13121,PO_TCu,0.000000000000e+00
6398,13121,SED_TCu,0.000000000000e+00
6398,13121,SEDWSSD_TCu,0.000000000000e+00
6398,13121,SEDSCRS_TCu,0.000000000000e+00
6398,13121,SO_TPb,0.000000000000e+00
6398,13121,IO_TPb,0.000000000000e+00
6398,13121,AO_TPb,0.000000000000e+00
6398,13121,PO_TPb,0.000000000000e+00
6398,13121,SED_TPb,0.000000000000e+00
6398,13121,SEDWSSD_TPb,0.000000000000e+00
6398,13121,SEDSCRS_TPb,0.000000000000e+00
6398,13121,SO_TZn,0.000000000000e+00
6398,13121,IO_TZn,0.000000000000e+00
6398,13121,AO_TZn,0.000000000000e+00
6398,13121,PO_TZn,0.000000000000e+00
6398,13121,SED_TZn,0.000000000000e+00
6398,13121,SEDWSSD_TZn,0.000000000000e+00
6398,13121,SEDSCRS_TZn,0.000000000000e+00
6398,13122,AREA,0.000000000000e+00
6398,13122,PREC,0.000000000000e+00
6398,13122,SURO,0.000000000000e+00
6398,13122,IFWO,0.000000000000e+00
6398,13122,AGWO,0.000000000000e+00
6398,13122,PERO,0.000000000000e+00
6398,13122,TAET,0.000000000000e+00
6398,13122,SEDLOAD,0.000000000000e+00
6398,13122,SEDWSSD, 0.00000e+00
6398,13122,SEDSCRS, 0.00000e+00
6398,13122,SEDSURO, 0.00000e+00
6398,13122,SEDIFWO, 0.00000e+00
6398,13122,SEDAGWO, 0.00000e+00
6398,13122,SO_TN,0.000000000000e+00
6398,13122,IO_TN,0.000000000000e+00
6398,13122,AO_TN,0.000000000000e+00
6398,13122,PO_TN,0.000000000000e+00
6398,13122,SO_TP,0.000000000000e+00
6398,13122,IO_TP,0.000000000000e+00
6398,13122,AO_TP,0.000000000000e+00
6398,13122,PO_TP,0.000000000000e+00
6398,13122,SED_TP,0.000000000000e+00
6398,13122,SEDWSSD_TP,0.000000000000e+00
6398,13122,SEDSCRS_TP,0.000000000000e+00
6398,13122,SO_TCd,0.000000000000e+00
6398,13122,IO_TCd,0.000000000000e+00
6398,13122,AO_TCd,0.000000000000e+00
6398,13122,PO_TCd,0.000000000000e+00
6398,13122,SED_TCd,0.000000000000e+00
6398,13122,SEDWSSD_TCd,0.000000000000e+00
6398,13122,SEDSCRS_TCd,0.000000000000e+00
6398,13122,SO_TCu,0.000000000000e+00
6398,13122,IO_TCu,0.000000000000e+00
6398,13122,AO_TCu,0.000000000000e+00
6398,13122,PO_TCu,0.000000000000e+00
6398,13122,SED_TCu,0.000000000000e+00
6398,13122,SEDWSSD_TCu,0.000000000000e+00
6398,13122,SEDSCRS_TCu,0.000000000000e+00
6398,13122,SO_TPb,0.000000000000e+00
6398,13122,IO_TPb,0.000000000000e+00
6398,13122,AO_TPb,0.000000000000e+00
6398,13122,PO_TPb,0.000000000000e+00
6398,13122,SED_TPb,0.000000000000e+00
6398,13122,SEDWSSD_TPb,0.000000000000e+00
6398,13122,SEDSCRS_TPb,0.000000000000e+00
6398,13122,SO_TZn,0.000000000000e+00
6398,13122,IO_TZn,0.000000000000e+00
6398,13122,AO_TZn,0.000000000000e+00
6398,13122,PO_TZn,0.000000000000e+00
6398,13122,SED_TZn,0.000000000000e+00
6398,13122,SEDWSSD_TZn,0.000000000000e+00
6398,13122,SEDSCRS_TZn,0.000000000000e+00
6398,13211,AREA,0.000000000000e+00
6398,13211,PREC,0.000000000000e+00
6398,13211,SURO,0.000000000000e+00
6398,13211,IFWO,0.000000000000e+00
6398,13211,AGWO,0.000000000000e+00
6398,13211,PERO,0.000000000000e+00
6398,13211,TAET,0.000000000000e+00
6398,13211,SEDLOAD,0.000000000000e+00
6398,13211,SEDWSSD, 0.00000e+00
6398,13211,SEDSCRS, 0.00000e+00
6398,13211,SEDSURO, 0.00000e+00
6398,13211,SEDIFWO, 0.00000e+00
6398,13211,SEDAGWO, 0.00000e+00
6398,13211,SO_TN,0.000000000000e+00
6398,13211,IO_TN,0.000000000000e+00
6398,13211,AO_TN,0.000000000000e+00
6398,13211,PO_TN,0.000000000000e+00
6398,13211,SO_TP,0.000000000000e+00
6398,13211,IO_TP,0.000000000000e+00
6398,13211,AO_TP,0.000000000000e+00
6398,13211,PO_TP,0.000000000000e+00
6398,13211,SED_TP,0.000000000000e+00
6398,13211,SEDWSSD_TP,0.000000000000e+00
6398,13211,SEDSCRS_TP,0.000000000000e+00
6398,13211,SO_TCd,0.000000000000e+00
6398,13211,IO_TCd,0.000000000000e+00
6398,13211,AO_TCd,0.000000000000e+00
6398,13211,PO_TCd,0.000000000000e+00
6398,13211,SED_TCd,0.000000000000e+00
6398,13211,SEDWSSD_TCd,0.000000000000e+00
6398,13211,SEDSCRS_TCd,0.000000000000e+00
6398,13211,SO_TCu,0.000000000000e+00
6398,13211,IO_TCu,0.000000000000e+00
6398,13211,AO_TCu,0.000000000000e+00
6398,13211,PO_TCu,0.000000000000e+00
6398,13211,SED_TCu,0.000000000000e+00
6398,13211,SEDWSSD_TCu,0.000000000000e+00
6398,13211,SEDSCRS_TCu,0.000000000000e+00
6398,13211,SO_TPb,0.000000000000e+00
6398,13211,IO_TPb,0.000000000000e+00
6398,13211,AO_TPb,0.000000000000e+00
6398,13211,PO_TPb,0.000000000000e+00
6398,13211,SED_TPb,0.000000000000e+00
6398,13211,SEDWSSD_TPb,0.000000000000e+00
6398,13211,SEDSCRS_TPb,0.000000000000e+00
6398,13211,SO_TZn,0.000000000000e+00
6398,13211,IO_TZn,0.000000000000e+00
6398,13211,AO_TZn,0.000000000000e+00
6398,13211,PO_TZn,0.000000000000e+00
6398,13211,SED_TZn,0.000000000000e+00
6398,13211,SEDWSSD_TZn,0.000000000000e+00
6398,13211,SEDSCRS_TZn,0.000000000000e+00
6398,13212,AREA,0.000000000000e+00
6398,13212,PREC,0.000000000000e+00
6398,13212,SURO,0.000000000000e+00
6398,13212,IFWO,0.000000000000e+00
6398,13212,AGWO,0.000000000000e+00
6398,13212,PERO,0.000000000000e+00
6398,13212,TAET,0.000000000000e+00
6398,13212,SEDLOAD,0.000000000000e+00
6398,13212,SEDWSSD, 0.00000e+00
6398,13212,SEDSCRS, 0.00000e+00
6398,13212,SEDSURO, 0.00000e+00
6398,13212,SEDIFWO, 0.00000e+00
6398,13212,SEDAGWO, 0.00000e+00
6398,13212,SO_TN,0.000000000000e+00
6398,13212,IO_TN,0.000000000000e+00
6398,13212,AO_TN,0.000000000000e+00
6398,13212,PO_TN,0.000000000000e+00
6398,13212,SO_TP,0.000000000000e+00
6398,13212,IO_TP,0.000000000000e+00
6398,13212,AO_TP,0.000000000000e+00
6398,13212,PO_TP,0.000000000000e+00
6398,13212,SED_TP,0.000000000000e+00
6398,13212,SEDWSSD_TP,0.000000000000e+00
6398,13212,SEDSCRS_TP,0.000000000000e+00
6398,13212,SO_TCd,0.000000000000e+00
6398,13212,IO_TCd,0.000000000000e+00
6398,13212,AO_TCd,0.000000000000e+00
6398,13212,PO_TCd,0.000000000000e+00
6398,13212,SED_TCd,0.000000000000e+00
6398,13212,SEDWSSD_TCd,0.000000000000e+00
6398,13212,SEDSCRS_TCd,0.000000000000e+00
6398,13212,SO_TCu,0.000000000000e+00
6398,13212,IO_TCu,0.000000000000e+00
6398,13212,AO_TCu,0.000000000000e+00
6398,13212,PO_TCu,0.000000000000e+00
6398,13212,SED_TCu,0.000000000000e+00
6398,13212,SEDWSSD_TCu,0.000000000000e+00
6398,13212,SEDSCRS_TCu,0.000000000000e+00
6398,13212,SO_TPb,0.000000000000e+00
6398,13212,IO_TPb,0.000000000000e+00
6398,13212,AO_TPb,0.000000000000e+00
6398,13212,PO_TPb,0.000000000000e+00
6398,13212,SED_TPb,0.000000000000e+00
6398,13212,SEDWSSD_TPb,0.000000000000e+00
6398,13212,SEDSCRS_TPb,0.000000000000e+00
6398,13212,SO_TZn,0.000000000000e+00
6398,13212,IO_TZn,0.000000000000e+00
6398,13212,AO_TZn,0.000000000000e+00
6398,13212,PO_TZn,0.000000000000e+00
6398,13212,SED_TZn,0.000000000000e+00
6398,13212,SEDWSSD_TZn,0.000000000000e+00
6398,13212,SEDSCRS_TZn,0.000000000000e+00
6398,13221,AREA,0.000000000000e+00
6398,13221,PREC,0.000000000000e+00
6398,13221,SURO,0.000000000000e+00
6398,13221,IFWO,0.000000000000e+00
6398,13221,AGWO,0.000000000000e+00
6398,13221,PERO,0.000000000000e+00
6398,13221,TAET,0.000000000000e+00
6398,13221,SEDLOAD,0.000000000000e+00
6398,13221,SEDWSSD, 0.00000e+00
6398,13221,SEDSCRS, 0.00000e+00
6398,13221,SEDSURO, 0.00000e+00
6398,13221,SEDIFWO, 0.00000e+00
6398,13221,SEDAGWO, 0.00000e+00
6398,13221,SO_TN,0.000000000000e+00
6398,13221,IO_TN,0.000000000000e+00
6398,13221,AO_TN,0.000000000000e+00
6398,13221,PO_TN,0.000000000000e+00
6398,13221,SO_TP,0.000000000000e+00
6398,13221,IO_TP,0.000000000000e+00
6398,13221,AO_TP,0.000000000000e+00
6398,13221,PO_TP,0.000000000000e+00
6398,13221,SED_TP,0.000000000000e+00
6398,13221,SEDWSSD_TP,0.000000000000e+00
6398,13221,SEDSCRS_TP,0.000000000000e+00
6398,13221,SO_TCd,0.000000000000e+00
6398,13221,IO_TCd,0.000000000000e+00
6398,13221,AO_TCd,0.000000000000e+00
6398,13221,PO_TCd,0.000000000000e+00
6398,13221,SED_TCd,0.000000000000e+00
6398,13221,SEDWSSD_TCd,0.000000000000e+00
6398,13221,SEDSCRS_TCd,0.000000000000e+00
6398,13221,SO_TCu,0.000000000000e+00
6398,13221,IO_TCu,0.000000000000e+00
6398,13221,AO_TCu,0.000000000000e+00
6398,13221,PO_TCu,0.000000000000e+00
6398,13221,SED_TCu,0.000000000000e+00
6398,13221,SEDWSSD_TCu,0.000000000000e+00
6398,13221,SEDSCRS_TCu,0.000000000000e+00
6398,13221,SO_TPb,0.000000000000e+00
6398,13221,IO_TPb,0.000000000000e+00
6398,13221,AO_TPb,0.000000000000e+00
6398,13221,PO_TPb,0.000000000000e+00
6398,13221,SED_TPb,0.000000000000e+00
6398,13221,SEDWSSD_TPb,0.000000000000e+00
6398,13221,SEDSCRS_TPb,0.000000000000e+00
6398,13221,SO_TZn,0.000000000000e+00
6398,13221,IO_TZn,0.000000000000e+00
6398,13221,AO_TZn,0.000000000000e+00
6398,13221,PO_TZn,0.000000000000e+00
6398,13221,SED_TZn,0.000000000000e+00
6398,13221,SEDWSSD_TZn,0.000000000000e+00
6398,13221,SEDSCRS_TZn,0.000000000000e+00
6398,13222,AREA,0.000000000000e+00
6398,13222,PREC,0.000000000000e+00
6398,13222,SURO,0.000000000000e+00
6398,13222,IFWO,0.000000000000e+00
6398,13222,AGWO,0.000000000000e+00
6398,13222,PERO,0.000000000000e+00
6398,13222,TAET,0.000000000000e+00
6398,13222,SEDLOAD,0.000000000000e+00
6398,13222,SEDWSSD, 0.00000e+00
6398,13222,SEDSCRS, 0.00000e+00
6398,13222,SEDSURO, 0.00000e+00
6398,13222,SEDIFWO, 0.00000e+00
6398,13222,SEDAGWO, 0.00000e+00
6398,13222,SO_TN,0.000000000000e+00
6398,13222,IO_TN,0.000000000000e+00
6398,13222,AO_TN,0.000000000000e+00
6398,13222,PO_TN,0.000000000000e+00
6398,13222,SO_TP,0.000000000000e+00
6398,13222,IO_TP,0.000000000000e+00
6398,13222,AO_TP,0.000000000000e+00
6398,13222,PO_TP,0.000000000000e+00
6398,13222,SED_TP,0.000000000000e+00
6398,13222,SEDWSSD_TP,0.000000000000e+00
6398,13222,SEDSCRS_TP,0.000000000000e+00
6398,13222,SO_TCd,0.000000000000e+00
6398,13222,IO_TCd,0.000000000000e+00
6398,13222,AO_TCd,0.000000000000e+00
6398,13222,PO_TCd,0.000000000000e+00
6398,13222,SED_TCd,0.000000000000e+00
6398,13222,SEDWSSD_TCd,0.000000000000e+00
6398,13222,SEDSCRS_TCd,0.000000000000e+00
6398,13222,SO_TCu,0.000000000000e+00
6398,13222,IO_TCu,0.000000000000e+00
6398,13222,AO_TCu,0.000000000000e+00
6398,13222,PO_TCu,0.000000000000e+00
6398,13222,SED_TCu,0.000000000000e+00
6398,13222,SEDWSSD_TCu,0.000000000000e+00
6398,13222,SEDSCRS_TCu,0.000000000000e+00
6398,13222,SO_TPb,0.000000000000e+00
6398,13222,IO_TPb,0.000000000000e+00
6398,13222,AO_TPb,0.000000000000e+00
6398,13222,PO_TPb,0.000000000000e+00
6398,13222,SED_TPb,0.000000000000e+00
6398,13222,SEDWSSD_TPb,0.000000000000e+00
6398,13222,SEDSCRS_TPb,0.000000000000e+00
6398,13222,SO_TZn,0.000000000000e+00
6398,13222,IO_TZn,0.000000000000e+00
6398,13222,AO_TZn,0.000000000000e+00
6398,13222,PO_TZn,0.000000000000e+00
6398,13222,SED_TZn,0.000000000000e+00
6398,13222,SEDWSSD_TZn,0.000000000000e+00
6398,13222,SEDSCRS_TZn,0.000000000000e+00
6398,13231,AREA,0.000000000000e+00
6398,13231,PREC,0.000000000000e+00
6398,13231,SURO,0.000000000000e+00
6398,13231,IFWO,0.000000000000e+00
6398,13231,AGWO,0.000000000000e+00
6398,13231,PERO,0.000000000000e+00
6398,13231,TAET,0.000000000000e+00
6398,13231,SEDLOAD,0.000000000000e+00
6398,13231,SEDWSSD, 0.00000e+00
6398,13231,SEDSCRS, 0.00000e+00
6398,13231,SEDSURO, 0.00000e+00
6398,13231,SEDIFWO, 0.00000e+00
6398,13231,SEDAGWO, 0.00000e+00
6398,13231,SO_TN,0.000000000000e+00
6398,13231,IO_TN,0.000000000000e+00
6398,13231,AO_TN,0.000000000000e+00
6398,13231,PO_TN,0.000000000000e+00
6398,13231,SO_TP,0.000000000000e+00
6398,13231,IO_TP,0.000000000000e+00
6398,13231,AO_TP,0.000000000000e+00
6398,13231,PO_TP,0.000000000000e+00
6398,13231,SED_TP,0.000000000000e+00
6398,13231,SEDWSSD_TP,0.000000000000e+00
6398,13231,SEDSCRS_TP,0.000000000000e+00
6398,13231,SO_TCd,0.000000000000e+00
6398,13231,IO_TCd,0.000000000000e+00
6398,13231,AO_TCd,0.000000000000e+00
6398,13231,PO_TCd,0.000000000000e+00
6398,13231,SED_TCd,0.000000000000e+00
6398,13231,SEDWSSD_TCd,0.000000000000e+00
6398,13231,SEDSCRS_TCd,0.000000000000e+00
6398,13231,SO_TCu,0.000000000000e+00
6398,13231,IO_TCu,0.000000000000e+00
6398,13231,AO_TCu,0.000000000000e+00
6398,13231,PO_TCu,0.000000000000e+00
6398,13231,SED_TCu,0.000000000000e+00
6398,13231,SEDWSSD_TCu,0.000000000000e+00
6398,13231,SEDSCRS_TCu,0.000000000000e+00
6398,13231,SO_TPb,0.000000000000e+00
6398,13231,IO_TPb,0.000000000000e+00
6398,13231,AO_TPb,0.000000000000e+00
6398,13231,PO_TPb,0.000000000000e+00
6398,13231,SED_TPb,0.000000000000e+00
6398,13231,SEDWSSD_TPb,0.000000000000e+00
6398,13231,SEDSCRS_TPb,0.000000000000e+00
6398,13231,SO_TZn,0.000000000000e+00
6398,13231,IO_TZn,0.000000000000e+00
6398,13231,AO_TZn,0.000000000000e+00
6398,13231,PO_TZn,0.000000000000e+00
6398,13231,SED_TZn,0.000000000000e+00
6398,13231,SEDWSSD_TZn,0.000000000000e+00
6398,13231,SEDSCRS_TZn,0.000000000000e+00
6398,13232,AREA,0.000000000000e+00
6398,13232,PREC,0.000000000000e+00
6398,13232,SURO,0.000000000000e+00
6398,13232,IFWO,0.000000000000e+00
6398,13232,AGWO,0.000000000000e+00
6398,13232,PERO,0.000000000000e+00
6398,13232,TAET,0.000000000000e+00
6398,13232,SEDLOAD,0.000000000000e+00
6398,13232,SEDWSSD, 0.00000e+00
6398,13232,SEDSCRS, 0.00000e+00
6398,13232,SEDSURO, 0.00000e+00
6398,13232,SEDIFWO, 0.00000e+00
6398,13232,SEDAGWO, 0.00000e+00
6398,13232,SO_TN,0.000000000000e+00
6398,13232,IO_TN,0.000000000000e+00
6398,13232,AO_TN,0.000000000000e+00
6398,13232,PO_TN,0.000000000000e+00
6398,13232,SO_TP,0.000000000000e+00
6398,13232,IO_TP,0.000000000000e+00
6398,13232,AO_TP,0.000000000000e+00
6398,13232,PO_TP,0.000000000000e+00
6398,13232,SED_TP,0.000000000000e+00
6398,13232,SEDWSSD_TP,0.000000000000e+00
6398,13232,SEDSCRS_TP,0.000000000000e+00
6398,13232,SO_TCd,0.000000000000e+00
6398,13232,IO_TCd,0.000000000000e+00
6398,13232,AO_TCd,0.000000000000e+00
6398,13232,PO_TCd,0.000000000000e+00
6398,13232,SED_TCd,0.000000000000e+00
6398,13232,SEDWSSD_TCd,0.000000000000e+00
6398,13232,SEDSCRS_TCd,0.000000000000e+00
6398,13232,SO_TCu,0.000000000000e+00
6398,13232,IO_TCu,0.000000000000e+00
6398,13232,AO_TCu,0.000000000000e+00
6398,13232,PO_TCu,0.000000000000e+00
6398,13232,SED_TCu,0.000000000000e+00
6398,13232,SEDWSSD_TCu,0.000000000000e+00
6398,13232,SEDSCRS_TCu,0.000000000000e+00
6398,13232,SO_TPb,0.000000000000e+00
6398,13232,IO_TPb,0.000000000000e+00
6398,13232,AO_TPb,0.000000000000e+00
6398,13232,PO_TPb,0.000000000000e+00
6398,13232,SED_TPb,0.000000000000e+00
6398,13232,SEDWSSD_TPb,0.000000000000e+00
6398,13232,SEDSCRS_TPb,0.000000000000e+00
6398,13232,SO_TZn,0.000000000000e+00
6398,13232,IO_TZn,0.000000000000e+00
6398,13232,AO_TZn,0.000000000000e+00
6398,13232,PO_TZn,0.000000000000e+00
6398,13232,SED_TZn,0.000000000000e+00
6398,13232,SEDWSSD_TZn,0.000000000000e+00
6398,13232,SEDSCRS_TZn,0.000000000000e+00
6398,13311,AREA,0.000000000000e+00
6398,13311,PREC,0.000000000000e+00
6398,13311,SURO,0.000000000000e+00
6398,13311,IFWO,0.000000000000e+00
6398,13311,AGWO,0.000000000000e+00
6398,13311,PERO,0.000000000000e+00
6398,13311,TAET,0.000000000000e+00
6398,13311,SEDLOAD,0.000000000000e+00
6398,13311,SEDWSSD, 0.00000e+00
6398,13311,SEDSCRS, 0.00000e+00
6398,13311,SEDSURO, 0.00000e+00
6398,13311,SEDIFWO, 0.00000e+00
6398,13311,SEDAGWO, 0.00000e+00
6398,13311,SO_TN,0.000000000000e+00
6398,13311,IO_TN,0.000000000000e+00
6398,13311,AO_TN,0.000000000000e+00
6398,13311,PO_TN,0.000000000000e+00
6398,13311,SO_TP,0.000000000000e+00
6398,13311,IO_TP,0.000000000000e+00
6398,13311,AO_TP,0.000000000000e+00
6398,13311,PO_TP,0.000000000000e+00
6398,13311,SED_TP,0.000000000000e+00
6398,13311,SEDWSSD_TP,0.000000000000e+00
6398,13311,SEDSCRS_TP,0.000000000000e+00
6398,13311,SO_TCd,0.000000000000e+00
6398,13311,IO_TCd,0.000000000000e+00
6398,13311,AO_TCd,0.000000000000e+00
6398,13311,PO_TCd,0.000000000000e+00
6398,13311,SED_TCd,0.000000000000e+00
6398,13311,SEDWSSD_TCd,0.000000000000e+00
6398,13311,SEDSCRS_TCd,0.000000000000e+00
6398,13311,SO_TCu,0.000000000000e+00
6398,13311,IO_TCu,0.000000000000e+00
6398,13311,AO_TCu,0.000000000000e+00
6398,13311,PO_TCu,0.000000000000e+00
6398,13311,SED_TCu,0.000000000000e+00
6398,13311,SEDWSSD_TCu,0.000000000000e+00
6398,13311,SEDSCRS_TCu,0.000000000000e+00
6398,13311,SO_TPb,0.000000000000e+00
6398,13311,IO_TPb,0.000000000000e+00
6398,13311,AO_TPb,0.000000000000e+00
6398,13311,PO_TPb,0.000000000000e+00
6398,13311,SED_TPb,0.000000000000e+00
6398,13311,SEDWSSD_TPb,0.000000000000e+00
6398,13311,SEDSCRS_TPb,0.000000000000e+00
6398,13311,SO_TZn,0.000000000000e+00
6398,13311,IO_TZn,0.000000000000e+00
6398,13311,AO_TZn,0.000000000000e+00
6398,13311,PO_TZn,0.000000000000e+00
6398,13311,SED_TZn,0.000000000000e+00
6398,13311,SEDWSSD_TZn,0.000000000000e+00
6398,13311,SEDSCRS_TZn,0.000000000000e+00
6398,13312,AREA,0.000000000000e+00
6398,13312,PREC,0.000000000000e+00
6398,13312,SURO,0.000000000000e+00
6398,13312,IFWO,0.000000000000e+00
6398,13312,AGWO,0.000000000000e+00
6398,13312,PERO,0.000000000000e+00
6398,13312,TAET,0.000000000000e+00
6398,13312,SEDLOAD,0.000000000000e+00
6398,13312,SEDWSSD, 0.00000e+00
6398,13312,SEDSCRS, 0.00000e+00
6398,13312,SEDSURO, 0.00000e+00
6398,13312,SEDIFWO, 0.00000e+00
6398,13312,SEDAGWO, 0.00000e+00
6398,13312,SO_TN,0.000000000000e+00
6398,13312,IO_TN,0.000000000000e+00
6398,13312,AO_TN,0.000000000000e+00
6398,13312,PO_TN,0.000000000000e+00
6398,13312,SO_TP,0.000000000000e+00
6398,13312,IO_TP,0.000000000000e+00
6398,13312,AO_TP,0.000000000000e+00
6398,13312,PO_TP,0.000000000000e+00
6398,13312,SED_TP,0.000000000000e+00
6398,13312,SEDWSSD_TP,0.000000000000e+00
6398,13312,SEDSCRS_TP,0.000000000000e+00
6398,13312,SO_TCd,0.000000000000e+00
6398,13312,IO_TCd,0.000000000000e+00
6398,13312,AO_TCd,0.000000000000e+00
6398,13312,PO_TCd,0.000000000000e+00
6398,13312,SED_TCd,0.000000000000e+00
6398,13312,SEDWSSD_TCd,0.000000000000e+00
6398,13312,SEDSCRS_TCd,0.000000000000e+00
6398,13312,SO_TCu,0.000000000000e+00
6398,13312,IO_TCu,0.000000000000e+00
6398,13312,AO_TCu,0.000000000000e+00
6398,13312,PO_TCu,0.000000000000e+00
6398,13312,SED_TCu,0.000000000000e+00
6398,13312,SEDWSSD_TCu,0.000000000000e+00
6398,13312,SEDSCRS_TCu,0.000000000000e+00
6398,13312,SO_TPb,0.000000000000e+00
6398,13312,IO_TPb,0.000000000000e+00
6398,13312,AO_TPb,0.000000000000e+00
6398,13312,PO_TPb,0.000000000000e+00
6398,13312,SED_TPb,0.000000000000e+00
6398,13312,SEDWSSD_TPb,0.000000000000e+00
6398,13312,SEDSCRS_TPb,0.000000000000e+00
6398,13312,SO_TZn,0.000000000000e+00
6398,13312,IO_TZn,0.000000000000e+00
6398,13312,AO_TZn,0.000000000000e+00
6398,13312,PO_TZn,0.000000000000e+00
6398,13312,SED_TZn,0.000000000000e+00
6398,13312,SEDWSSD_TZn,0.000000000000e+00
6398,13312,SEDSCRS_TZn,0.000000000000e+00
6398,13321,AREA,0.000000000000e+00
6398,13321,PREC,0.000000000000e+00
6398,13321,SURO,0.000000000000e+00
6398,13321,IFWO,0.000000000000e+00
6398,13321,AGWO,0.000000000000e+00
6398,13321,PERO,0.000000000000e+00
6398,13321,TAET,0.000000000000e+00
6398,13321,SEDLOAD,0.000000000000e+00
6398,13321,SEDWSSD, 0.00000e+00
6398,13321,SEDSCRS, 0.00000e+00
6398,13321,SEDSURO, 0.00000e+00
6398,13321,SEDIFWO, 0.00000e+00
6398,13321,SEDAGWO, 0.00000e+00
6398,13321,SO_TN,0.000000000000e+00
6398,13321,IO_TN,0.000000000000e+00
6398,13321,AO_TN,0.000000000000e+00
6398,13321,PO_TN,0.000000000000e+00
6398,13321,SO_TP,0.000000000000e+00
6398,13321,IO_TP,0.000000000000e+00
6398,13321,AO_TP,0.000000000000e+00
6398,13321,PO_TP,0.000000000000e+00
6398,13321,SED_TP,0.000000000000e+00
6398,13321,SEDWSSD_TP,0.000000000000e+00
6398,13321,SEDSCRS_TP,0.000000000000e+00
6398,13321,SO_TCd,0.000000000000e+00
6398,13321,IO_TCd,0.000000000000e+00
6398,13321,AO_TCd,0.000000000000e+00
6398,13321,PO_TCd,0.000000000000e+00
6398,13321,SED_TCd,0.000000000000e+00
6398,13321,SEDWSSD_TCd,0.000000000000e+00
6398,13321,SEDSCRS_TCd,0.000000000000e+00
6398,13321,SO_TCu,0.000000000000e+00
6398,13321,IO_TCu,0.000000000000e+00
6398,13321,AO_TCu,0.000000000000e+00
6398,13321,PO_TCu,0.000000000000e+00
6398,13321,SED_TCu,0.000000000000e+00
6398,13321,SEDWSSD_TCu,0.000000000000e+00
6398,13321,SEDSCRS_TCu,0.000000000000e+00
6398,13321,SO_TPb,0.000000000000e+00
6398,13321,IO_TPb,0.000000000000e+00
6398,13321,AO_TPb,0.000000000000e+00
6398,13321,PO_TPb,0.000000000000e+00
6398,13321,SED_TPb,0.000000000000e+00
6398,13321,SEDWSSD_TPb,0.000000000000e+00
6398,13321,SEDSCRS_TPb,0.000000000000e+00
6398,13321,SO_TZn,0.000000000000e+00
6398,13321,IO_TZn,0.000000000000e+00
6398,13321,AO_TZn,0.000000000000e+00
6398,13321,PO_TZn,0.000000000000e+00
6398,13321,SED_TZn,0.000000000000e+00
6398,13321,SEDWSSD_TZn,0.000000000000e+00
6398,13321,SEDSCRS_TZn,0.000000000000e+00
6398,13322,AREA,0.000000000000e+00
6398,13322,PREC,0.000000000000e+00
6398,13322,SURO,0.000000000000e+00
6398,13322,IFWO,0.000000000000e+00
6398,13322,AGWO,0.000000000000e+00
6398,13322,PERO,0.000000000000e+00
6398,13322,TAET,0.000000000000e+00
6398,13322,SEDLOAD,0.000000000000e+00
6398,13322,SEDWSSD, 0.00000e+00
6398,13322,SEDSCRS, 0.00000e+00
6398,13322,SEDSURO, 0.00000e+00
6398,13322,SEDIFWO, 0.00000e+00
6398,13322,SEDAGWO, 0.00000e+00
6398,13322,SO_TN,0.000000000000e+00
6398,13322,IO_TN,0.000000000000e+00
6398,13322,AO_TN,0.000000000000e+00
6398,13322,PO_TN,0.000000000000e+00
6398,13322,SO_TP,0.000000000000e+00
6398,13322,IO_TP,0.000000000000e+00
6398,13322,AO_TP,0.000000000000e+00
6398,13322,PO_TP,0.000000000000e+00
6398,13322,SED_TP,0.000000000000e+00
6398,13322,SEDWSSD_TP,0.000000000000e+00
6398,13322,SEDSCRS_TP,0.000000000000e+00
6398,13322,SO_TCd,0.000000000000e+00
6398,13322,IO_TCd,0.000000000000e+00
6398,13322,AO_TCd,0.000000000000e+00
6398,13322,PO_TCd,0.000000000000e+00
6398,13322,SED_TCd,0.000000000000e+00
6398,13322,SEDWSSD_TCd,0.000000000000e+00
6398,13322,SEDSCRS_TCd,0.000000000000e+00
6398,13322,SO_TCu,0.000000000000e+00
6398,13322,IO_TCu,0.000000000000e+00
6398,13322,AO_TCu,0.000000000000e+00
6398,13322,PO_TCu,0.000000000000e+00
6398,13322,SED_TCu,0.000000000000e+00
6398,13322,SEDWSSD_TCu,0.000000000000e+00
6398,13322,SEDSCRS_TCu,0.000000000000e+00
6398,13322,SO_TPb,0.000000000000e+00
6398,13322,IO_TPb,0.000000000000e+00
6398,13322,AO_TPb,0.000000000000e+00
6398,13322,PO_TPb,0.000000000000e+00
6398,13322,SED_TPb,0.000000000000e+00
6398,13322,SEDWSSD_TPb,0.000000000000e+00
6398,13322,SEDSCRS_TPb,0.000000000000e+00
6398,13322,SO_TZn,0.000000000000e+00
6398,13322,IO_TZn,0.000000000000e+00
6398,13322,AO_TZn,0.000000000000e+00
6398,13322,PO_TZn,0.000000000000e+00
6398,13322,SED_TZn,0.000000000000e+00
6398,13322,SEDWSSD_TZn,0.000000000000e+00
6398,13322,SEDSCRS_TZn,0.000000000000e+00
6398,13331,AREA,0.000000000000e+00
6398,13331,PREC,0.000000000000e+00
6398,13331,SURO,0.000000000000e+00
6398,13331,IFWO,0.000000000000e+00
6398,13331,AGWO,0.000000000000e+00
6398,13331,PERO,0.000000000000e+00
6398,13331,TAET,0.000000000000e+00
6398,13331,SEDLOAD,0.000000000000e+00
6398,13331,SEDWSSD, 0.00000e+00
6398,13331,SEDSCRS, 0.00000e+00
6398,13331,SEDSURO, 0.00000e+00
6398,13331,SEDIFWO, 0.00000e+00
6398,13331,SEDAGWO, 0.00000e+00
6398,13331,SO_TN,0.000000000000e+00
6398,13331,IO_TN,0.000000000000e+00
6398,13331,AO_TN,0.000000000000e+00
6398,13331,PO_TN,0.000000000000e+00
6398,13331,SO_TP,0.000000000000e+00
6398,13331,IO_TP,0.000000000000e+00
6398,13331,AO_TP,0.000000000000e+00
6398,13331,PO_TP,0.000000000000e+00
6398,13331,SED_TP,0.000000000000e+00
6398,13331,SEDWSSD_TP,0.000000000000e+00
6398,13331,SEDSCRS_TP,0.000000000000e+00
6398,13331,SO_TCd,0.000000000000e+00
6398,13331,IO_TCd,0.000000000000e+00
6398,13331,AO_TCd,0.000000000000e+00
6398,13331,PO_TCd,0.000000000000e+00
6398,13331,SED_TCd,0.000000000000e+00
6398,13331,SEDWSSD_TCd,0.000000000000e+00
6398,13331,SEDSCRS_TCd,0.000000000000e+00
6398,13331,SO_TCu,0.000000000000e+00
6398,13331,IO_TCu,0.000000000000e+00
6398,13331,AO_TCu,0.000000000000e+00
6398,13331,PO_TCu,0.000000000000e+00
6398,13331,SED_TCu,0.000000000000e+00
6398,13331,SEDWSSD_TCu,0.000000000000e+00
6398,13331,SEDSCRS_TCu,0.000000000000e+00
6398,13331,SO_TPb,0.000000000000e+00
6398,13331,IO_TPb,0.000000000000e+00
6398,13331,AO_TPb,0.000000000000e+00
6398,13331,PO_TPb,0.000000000000e+00
6398,13331,SED_TPb,0.000000000000e+00
6398,13331,SEDWSSD_TPb,0.000000000000e+00
6398,13331,SEDSCRS_TPb,0.000000000000e+00
6398,13331,SO_TZn,0.000000000000e+00
6398,13331,IO_TZn,0.000000000000e+00
6398,13331,AO_TZn,0.000000000000e+00
6398,13331,PO_TZn,0.000000000000e+00
6398,13331,SED_TZn,0.000000000000e+00
6398,13331,SEDWSSD_TZn,0.000000000000e+00
6398,13331,SEDSCRS_TZn,0.000000000000e+00
6398,13411,AREA,0.000000000000e+00
6398,13411,PREC,0.000000000000e+00
6398,13411,SURO,0.000000000000e+00
6398,13411,IFWO,0.000000000000e+00
6398,13411,AGWO,0.000000000000e+00
6398,13411,PERO,0.000000000000e+00
6398,13411,TAET,0.000000000000e+00
6398,13411,SEDLOAD,0.000000000000e+00
6398,13411,SEDWSSD, 0.00000e+00
6398,13411,SEDSCRS, 0.00000e+00
6398,13411,SEDSURO, 0.00000e+00
6398,13411,SEDIFWO, 0.00000e+00
6398,13411,SEDAGWO, 0.00000e+00
6398,13411,SO_TN,0.000000000000e+00
6398,13411,IO_TN,0.000000000000e+00
6398,13411,AO_TN,0.000000000000e+00
6398,13411,PO_TN,0.000000000000e+00
6398,13411,SO_TP,0.000000000000e+00
6398,13411,IO_TP,0.000000000000e+00
6398,13411,AO_TP,0.000000000000e+00
6398,13411,PO_TP,0.000000000000e+00
6398,13411,SED_TP,0.000000000000e+00
6398,13411,SEDWSSD_TP,0.000000000000e+00
6398,13411,SEDSCRS_TP,0.000000000000e+00
6398,13411,SO_TCd,0.000000000000e+00
6398,13411,IO_TCd,0.000000000000e+00
6398,13411,AO_TCd,0.000000000000e+00
6398,13411,PO_TCd,0.000000000000e+00
6398,13411,SED_TCd,0.000000000000e+00
6398,13411,SEDWSSD_TCd,0.000000000000e+00
6398,13411,SEDSCRS_TCd,0.000000000000e+00
6398,13411,SO_TCu,0.000000000000e+00
6398,13411,IO_TCu,0.000000000000e+00
6398,13411,AO_TCu,0.000000000000e+00
6398,13411,PO_TCu,0.000000000000e+00
6398,13411,SED_TCu,0.000000000000e+00
6398,13411,SEDWSSD_TCu,0.000000000000e+00
6398,13411,SEDSCRS_TCu,0.000000000000e+00
6398,13411,SO_TPb,0.000000000000e+00
6398,13411,IO_TPb,0.000000000000e+00
6398,13411,AO_TPb,0.000000000000e+00
6398,13411,PO_TPb,0.000000000000e+00
6398,13411,SED_TPb,0.000000000000e+00
6398,13411,SEDWSSD_TPb,0.000000000000e+00
6398,13411,SEDSCRS_TPb,0.000000000000e+00
6398,13411,SO_TZn,0.000000000000e+00
6398,13411,IO_TZn,0.000000000000e+00
6398,13411,AO_TZn,0.000000000000e+00
6398,13411,PO_TZn,0.000000000000e+00
6398,13411,SED_TZn,0.000000000000e+00
6398,13411,SEDWSSD_TZn,0.000000000000e+00
6398,13411,SEDSCRS_TZn,0.000000000000e+00
6398,13412,AREA,0.000000000000e+00
6398,13412,PREC,0.000000000000e+00
6398,13412,SURO,0.000000000000e+00
6398,13412,IFWO,0.000000000000e+00
6398,13412,AGWO,0.000000000000e+00
6398,13412,PERO,0.000000000000e+00
6398,13412,TAET,0.000000000000e+00
6398,13412,SEDLOAD,0.000000000000e+00
6398,13412,SEDWSSD, 0.00000e+00
6398,13412,SEDSCRS, 0.00000e+00
6398,13412,SEDSURO, 0.00000e+00
6398,13412,SEDIFWO, 0.00000e+00
6398,13412,SEDAGWO, 0.00000e+00
6398,13412,SO_TN,0.000000000000e+00
6398,13412,IO_TN,0.000000000000e+00
6398,13412,AO_TN,0.000000000000e+00
6398,13412,PO_TN,0.000000000000e+00
6398,13412,SO_TP,0.000000000000e+00
6398,13412,IO_TP,0.000000000000e+00
6398,13412,AO_TP,0.000000000000e+00
6398,13412,PO_TP,0.000000000000e+00
6398,13412,SED_TP,0.000000000000e+00
6398,13412,SEDWSSD_TP,0.000000000000e+00
6398,13412,SEDSCRS_TP,0.000000000000e+00
6398,13412,SO_TCd,0.000000000000e+00
6398,13412,IO_TCd,0.000000000000e+00
6398,13412,AO_TCd,0.000000000000e+00
6398,13412,PO_TCd,0.000000000000e+00
6398,13412,SED_TCd,0.000000000000e+00
6398,13412,SEDWSSD_TCd,0.000000000000e+00
6398,13412,SEDSCRS_TCd,0.000000000000e+00
6398,13412,SO_TCu,0.000000000000e+00
6398,13412,IO_TCu,0.000000000000e+00
6398,13412,AO_TCu,0.000000000000e+00
6398,13412,PO_TCu,0.000000000000e+00
6398,13412,SED_TCu,0.000000000000e+00
6398,13412,SEDWSSD_TCu,0.000000000000e+00
6398,13412,SEDSCRS_TCu,0.000000000000e+00
6398,13412,SO_TPb,0.000000000000e+00
6398,13412,IO_TPb,0.000000000000e+00
6398,13412,AO_TPb,0.000000000000e+00
6398,13412,PO_TPb,0.000000000000e+00
6398,13412,SED_TPb,0.000000000000e+00
6398,13412,SEDWSSD_TPb,0.000000000000e+00
6398,13412,SEDSCRS_TPb,0.000000000000e+00
6398,13412,SO_TZn,0.000000000000e+00
6398,13412,IO_TZn,0.000000000000e+00
6398,13412,AO_TZn,0.000000000000e+00
6398,13412,PO_TZn,0.000000000000e+00
6398,13412,SED_TZn,0.000000000000e+00
6398,13412,SEDWSSD_TZn,0.000000000000e+00
6398,13412,SEDSCRS_TZn,0.000000000000e+00
6398,13421,AREA,0.000000000000e+00
6398,13421,PREC,0.000000000000e+00
6398,13421,SURO,0.000000000000e+00
6398,13421,IFWO,0.000000000000e+00
6398,13421,AGWO,0.000000000000e+00
6398,13421,PERO,0.000000000000e+00
6398,13421,TAET,0.000000000000e+00
6398,13421,SEDLOAD,0.000000000000e+00
6398,13421,SEDWSSD, 0.00000e+00
6398,13421,SEDSCRS, 0.00000e+00
6398,13421,SEDSURO, 0.00000e+00
6398,13421,SEDIFWO, 0.00000e+00
6398,13421,SEDAGWO, 0.00000e+00
6398,13421,SO_TN,0.000000000000e+00
6398,13421,IO_TN,0.000000000000e+00
6398,13421,AO_TN,0.000000000000e+00
6398,13421,PO_TN,0.000000000000e+00
6398,13421,SO_TP,0.000000000000e+00
6398,13421,IO_TP,0.000000000000e+00
6398,13421,AO_TP,0.000000000000e+00
6398,13421,PO_TP,0.000000000000e+00
6398,13421,SED_TP,0.000000000000e+00
6398,13421,SEDWSSD_TP,0.000000000000e+00
6398,13421,SEDSCRS_TP,0.000000000000e+00
6398,13421,SO_TCd,0.000000000000e+00
6398,13421,IO_TCd,0.000000000000e+00
6398,13421,AO_TCd,0.000000000000e+00
6398,13421,PO_TCd,0.000000000000e+00
6398,13421,SED_TCd,0.000000000000e+00
6398,13421,SEDWSSD_TCd,0.000000000000e+00
6398,13421,SEDSCRS_TCd,0.000000000000e+00
6398,13421,SO_TCu,0.000000000000e+00
6398,13421,IO_TCu,0.000000000000e+00
6398,13421,AO_TCu,0.000000000000e+00
6398,13421,PO_TCu,0.000000000000e+00
6398,13421,SED_TCu,0.000000000000e+00
6398,13421,SEDWSSD_TCu,0.000000000000e+00
6398,13421,SEDSCRS_TCu,0.000000000000e+00
6398,13421,SO_TPb,0.000000000000e+00
6398,13421,IO_TPb,0.000000000000e+00
6398,13421,AO_TPb,0.000000000000e+00
6398,13421,PO_TPb,0.000000000000e+00
6398,13421,SED_TPb,0.000000000000e+00
6398,13421,SEDWSSD_TPb,0.000000000000e+00
6398,13421,SEDSCRS_TPb,0.000000000000e+00
6398,13421,SO_TZn,0.000000000000e+00
6398,13421,IO_TZn,0.000000000000e+00
6398,13421,AO_TZn,0.000000000000e+00
6398,13421,PO_TZn,0.000000000000e+00
6398,13421,SED_TZn,0.000000000000e+00
6398,13421,SEDWSSD_TZn,0.000000000000e+00
6398,13421,SEDSCRS_TZn,0.000000000000e+00
6398,13422,AREA,0.000000000000e+00
6398,13422,PREC,0.000000000000e+00
6398,13422,SURO,0.000000000000e+00
6398,13422,IFWO,0.000000000000e+00
6398,13422,AGWO,0.000000000000e+00
6398,13422,PERO,0.000000000000e+00
6398,13422,TAET,0.000000000000e+00
6398,13422,SEDLOAD,0.000000000000e+00
6398,13422,SEDWSSD, 0.00000e+00
6398,13422,SEDSCRS, 0.00000e+00
6398,13422,SEDSURO, 0.00000e+00
6398,13422,SEDIFWO, 0.00000e+00
6398,13422,SEDAGWO, 0.00000e+00
6398,13422,SO_TN,0.000000000000e+00
6398,13422,IO_TN,0.000000000000e+00
6398,13422,AO_TN,0.000000000000e+00
6398,13422,PO_TN,0.000000000000e+00
6398,13422,SO_TP,0.000000000000e+00
6398,13422,IO_TP,0.000000000000e+00
6398,13422,AO_TP,0.000000000000e+00
6398,13422,PO_TP,0.000000000000e+00
6398,13422,SED_TP,0.000000000000e+00
6398,13422,SEDWSSD_TP,0.000000000000e+00
6398,13422,SEDSCRS_TP,0.000000000000e+00
6398,13422,SO_TCd,0.000000000000e+00
6398,13422,IO_TCd,0.000000000000e+00
6398,13422,AO_TCd,0.000000000000e+00
6398,13422,PO_TCd,0.000000000000e+00
6398,13422,SED_TCd,0.000000000000e+00
6398,13422,SEDWSSD_TCd,0.000000000000e+00
6398,13422,SEDSCRS_TCd,0.000000000000e+00
6398,13422,SO_TCu,0.000000000000e+00
6398,13422,IO_TCu,0.000000000000e+00
6398,13422,AO_TCu,0.000000000000e+00
6398,13422,PO_TCu,0.000000000000e+00
6398,13422,SED_TCu,0.000000000000e+00
6398,13422,SEDWSSD_TCu,0.000000000000e+00
6398,13422,SEDSCRS_TCu,0.000000000000e+00
6398,13422,SO_TPb,0.000000000000e+00
6398,13422,IO_TPb,0.000000000000e+00
6398,13422,AO_TPb,0.000000000000e+00
6398,13422,PO_TPb,0.000000000000e+00
6398,13422,SED_TPb,0.000000000000e+00
6398,13422,SEDWSSD_TPb,0.000000000000e+00
6398,13422,SEDSCRS_TPb,0.000000000000e+00
6398,13422,SO_TZn,0.000000000000e+00
6398,13422,IO_TZn,0.000000000000e+00
6398,13422,AO_TZn,0.000000000000e+00
6398,13422,PO_TZn,0.000000000000e+00
6398,13422,SED_TZn,0.000000000000e+00
6398,13422,SEDWSSD_TZn,0.000000000000e+00
6398,13422,SEDSCRS_TZn,0.000000000000e+00
6398,13431,AREA,0.000000000000e+00
6398,13431,PREC,0.000000000000e+00
6398,13431,SURO,0.000000000000e+00
6398,13431,IFWO,0.000000000000e+00
6398,13431,AGWO,0.000000000000e+00
6398,13431,PERO,0.000000000000e+00
6398,13431,TAET,0.000000000000e+00
6398,13431,SEDLOAD,0.000000000000e+00
6398,13431,SEDWSSD, 0.00000e+00
6398,13431,SEDSCRS, 0.00000e+00
6398,13431,SEDSURO, 0.00000e+00
6398,13431,SEDIFWO, 0.00000e+00
6398,13431,SEDAGWO, 0.00000e+00
6398,13431,SO_TN,0.000000000000e+00
6398,13431,IO_TN,0.000000000000e+00
6398,13431,AO_TN,0.000000000000e+00
6398,13431,PO_TN,0.000000000000e+00
6398,13431,SO_TP,0.000000000000e+00
6398,13431,IO_TP,0.000000000000e+00
6398,13431,AO_TP,0.000000000000e+00
6398,13431,PO_TP,0.000000000000e+00
6398,13431,SED_TP,0.000000000000e+00
6398,13431,SEDWSSD_TP,0.000000000000e+00
6398,13431,SEDSCRS_TP,0.000000000000e+00
6398,13431,SO_TCd,0.000000000000e+00
6398,13431,IO_TCd,0.000000000000e+00
6398,13431,AO_TCd,0.000000000000e+00
6398,13431,PO_TCd,0.000000000000e+00
6398,13431,SED_TCd,0.000000000000e+00
6398,13431,SEDWSSD_TCd,0.000000000000e+00
6398,13431,SEDSCRS_TCd,0.000000000000e+00
6398,13431,SO_TCu,0.000000000000e+00
6398,13431,IO_TCu,0.000000000000e+00
6398,13431,AO_TCu,0.000000000000e+00
6398,13431,PO_TCu,0.000000000000e+00
6398,13431,SED_TCu,0.000000000000e+00
6398,13431,SEDWSSD_TCu,0.000000000000e+00
6398,13431,SEDSCRS_TCu,0.000000000000e+00
6398,13431,SO_TPb,0.000000000000e+00
6398,13431,IO_TPb,0.000000000000e+00
6398,13431,AO_TPb,0.000000000000e+00
6398,13431,PO_TPb,0.000000000000e+00
6398,13431,SED_TPb,0.000000000000e+00
6398,13431,SEDWSSD_TPb,0.000000000000e+00
6398,13431,SEDSCRS_TPb,0.000000000000e+00
6398,13431,SO_TZn,0.000000000000e+00
6398,13431,IO_TZn,0.000000000000e+00
6398,13431,AO_TZn,0.000000000000e+00
6398,13431,PO_TZn,0.000000000000e+00
6398,13431,SED_TZn,0.000000000000e+00
6398,13431,SEDWSSD_TZn,0.000000000000e+00
6398,13431,SEDSCRS_TZn,0.000000000000e+00
6398,13432,AREA,0.000000000000e+00
6398,13432,PREC,0.000000000000e+00
6398,13432,SURO,0.000000000000e+00
6398,13432,IFWO,0.000000000000e+00
6398,13432,AGWO,0.000000000000e+00
6398,13432,PERO,0.000000000000e+00
6398,13432,TAET,0.000000000000e+00
6398,13432,SEDLOAD,0.000000000000e+00
6398,13432,SEDWSSD, 0.00000e+00
6398,13432,SEDSCRS, 0.00000e+00
6398,13432,SEDSURO, 0.00000e+00
6398,13432,SEDIFWO, 0.00000e+00
6398,13432,SEDAGWO, 0.00000e+00
6398,13432,SO_TN,0.000000000000e+00
6398,13432,IO_TN,0.000000000000e+00
6398,13432,AO_TN,0.000000000000e+00
6398,13432,PO_TN,0.000000000000e+00
6398,13432,SO_TP,0.000000000000e+00
6398,13432,IO_TP,0.000000000000e+00
6398,13432,AO_TP,0.000000000000e+00
6398,13432,PO_TP,0.000000000000e+00
6398,13432,SED_TP,0.000000000000e+00
6398,13432,SEDWSSD_TP,0.000000000000e+00
6398,13432,SEDSCRS_TP,0.000000000000e+00
6398,13432,SO_TCd,0.000000000000e+00
6398,13432,IO_TCd,0.000000000000e+00
6398,13432,AO_TCd,0.000000000000e+00
6398,13432,PO_TCd,0.000000000000e+00
6398,13432,SED_TCd,0.000000000000e+00
6398,13432,SEDWSSD_TCd,0.000000000000e+00
6398,13432,SEDSCRS_TCd,0.000000000000e+00
6398,13432,SO_TCu,0.000000000000e+00
6398,13432,IO_TCu,0.000000000000e+00
6398,13432,AO_TCu,0.000000000000e+00
6398,13432,PO_TCu,0.000000000000e+00
6398,13432,SED_TCu,0.000000000000e+00
6398,13432,SEDWSSD_TCu,0.000000000000e+00
6398,13432,SEDSCRS_TCu,0.000000000000e+00
6398,13432,SO_TPb,0.000000000000e+00
6398,13432,IO_TPb,0.000000000000e+00
6398,13432,AO_TPb,0.000000000000e+00
6398,13432,PO_TPb,0.000000000000e+00
6398,13432,SED_TPb,0.000000000000e+00
6398,13432,SEDWSSD_TPb,0.000000000000e+00
6398,13432,SEDSCRS_TPb,0.000000000000e+00
6398,13432,SO_TZn,0.000000000000e+00
6398,13432,IO_TZn,0.000000000000e+00
6398,13432,AO_TZn,0.000000000000e+00
6398,13432,PO_TZn,0.000000000000e+00
6398,13432,SED_TZn,0.000000000000e+00
6398,13432,SEDWSSD_TZn,0.000000000000e+00
6398,13432,SEDSCRS_TZn,0.000000000000e+00
6398,14121,AREA,0.000000000000e+00
6398,14121,PREC,0.000000000000e+00
6398,14121,SURO,0.000000000000e+00
6398,14121,IFWO,0.000000000000e+00
6398,14121,AGWO,0.000000000000e+00
6398,14121,PERO,0.000000000000e+00
6398,14121,TAET,0.000000000000e+00
6398,14121,SEDLOAD,0.000000000000e+00
6398,14121,SEDWSSD, 0.00000e+00
6398,14121,SEDSCRS, 0.00000e+00
6398,14121,SEDSURO, 0.00000e+00
6398,14121,SEDIFWO, 0.00000e+00
6398,14121,SEDAGWO, 0.00000e+00
6398,14121,SO_TN,0.000000000000e+00
6398,14121,IO_TN,0.000000000000e+00
6398,14121,AO_TN,0.000000000000e+00
6398,14121,PO_TN,0.000000000000e+00
6398,14121,SO_TP,0.000000000000e+00
6398,14121,IO_TP,0.000000000000e+00
6398,14121,AO_TP,0.000000000000e+00
6398,14121,PO_TP,0.000000000000e+00
6398,14121,SED_TP,0.000000000000e+00
6398,14121,SEDWSSD_TP,0.000000000000e+00
6398,14121,SEDSCRS_TP,0.000000000000e+00
6398,14121,SO_TCd,0.000000000000e+00
6398,14121,IO_TCd,0.000000000000e+00
6398,14121,AO_TCd,0.000000000000e+00
6398,14121,PO_TCd,0.000000000000e+00
6398,14121,SED_TCd,0.000000000000e+00
6398,14121,SEDWSSD_TCd,0.000000000000e+00
6398,14121,SEDSCRS_TCd,0.000000000000e+00
6398,14121,SO_TCu,0.000000000000e+00
6398,14121,IO_TCu,0.000000000000e+00
6398,14121,AO_TCu,0.000000000000e+00
6398,14121,PO_TCu,0.000000000000e+00
6398,14121,SED_TCu,0.000000000000e+00
6398,14121,SEDWSSD_TCu,0.000000000000e+00
6398,14121,SEDSCRS_TCu,0.000000000000e+00
6398,14121,SO_TPb,0.000000000000e+00
6398,14121,IO_TPb,0.000000000000e+00
6398,14121,AO_TPb,0.000000000000e+00
6398,14121,PO_TPb,0.000000000000e+00
6398,14121,SED_TPb,0.000000000000e+00
6398,14121,SEDWSSD_TPb,0.000000000000e+00
6398,14121,SEDSCRS_TPb,0.000000000000e+00
6398,14121,SO_TZn,0.000000000000e+00
6398,14121,IO_TZn,0.000000000000e+00
6398,14121,AO_TZn,0.000000000000e+00
6398,14121,PO_TZn,0.000000000000e+00
6398,14121,SED_TZn,0.000000000000e+00
6398,14121,SEDWSSD_TZn,0.000000000000e+00
6398,14121,SEDSCRS_TZn,0.000000000000e+00
6398,14122,AREA,0.000000000000e+00
6398,14122,PREC,0.000000000000e+00
6398,14122,SURO,0.000000000000e+00
6398,14122,IFWO,0.000000000000e+00
6398,14122,AGWO,0.000000000000e+00
6398,14122,PERO,0.000000000000e+00
6398,14122,TAET,0.000000000000e+00
6398,14122,SEDLOAD,0.000000000000e+00
6398,14122,SEDWSSD, 0.00000e+00
6398,14122,SEDSCRS, 0.00000e+00
6398,14122,SEDSURO, 0.00000e+00
6398,14122,SEDIFWO, 0.00000e+00
6398,14122,SEDAGWO, 0.00000e+00
6398,14122,SO_TN,0.000000000000e+00
6398,14122,IO_TN,0.000000000000e+00
6398,14122,AO_TN,0.000000000000e+00
6398,14122,PO_TN,0.000000000000e+00
6398,14122,SO_TP,0.000000000000e+00
6398,14122,IO_TP,0.000000000000e+00
6398,14122,AO_TP,0.000000000000e+00
6398,14122,PO_TP,0.000000000000e+00
6398,14122,SED_TP,0.000000000000e+00
6398,14122,SEDWSSD_TP,0.000000000000e+00
6398,14122,SEDSCRS_TP,0.000000000000e+00
6398,14122,SO_TCd,0.000000000000e+00
6398,14122,IO_TCd,0.000000000000e+00
6398,14122,AO_TCd,0.000000000000e+00
6398,14122,PO_TCd,0.000000000000e+00
6398,14122,SED_TCd,0.000000000000e+00
6398,14122,SEDWSSD_TCd,0.000000000000e+00
6398,14122,SEDSCRS_TCd,0.000000000000e+00
6398,14122,SO_TCu,0.000000000000e+00
6398,14122,IO_TCu,0.000000000000e+00
6398,14122,AO_TCu,0.000000000000e+00
6398,14122,PO_TCu,0.000000000000e+00
6398,14122,SED_TCu,0.000000000000e+00
6398,14122,SEDWSSD_TCu,0.000000000000e+00
6398,14122,SEDSCRS_TCu,0.000000000000e+00
6398,14122,SO_TPb,0.000000000000e+00
6398,14122,IO_TPb,0.000000000000e+00
6398,14122,AO_TPb,0.000000000000e+00
6398,14122,PO_TPb,0.000000000000e+00
6398,14122,SED_TPb,0.000000000000e+00
6398,14122,SEDWSSD_TPb,0.000000000000e+00
6398,14122,SEDSCRS_TPb,0.000000000000e+00
6398,14122,SO_TZn,0.000000000000e+00
6398,14122,IO_TZn,0.000000000000e+00
6398,14122,AO_TZn,0.000000000000e+00
6398,14122,PO_TZn,0.000000000000e+00
6398,14122,SED_TZn,0.000000000000e+00
6398,14122,SEDWSSD_TZn,0.000000000000e+00
6398,14122,SEDSCRS_TZn,0.000000000000e+00
6398,14131,AREA,0.000000000000e+00
6398,14131,PREC,0.000000000000e+00
6398,14131,SURO,0.000000000000e+00
6398,14131,IFWO,0.000000000000e+00
6398,14131,AGWO,0.000000000000e+00
6398,14131,PERO,0.000000000000e+00
6398,14131,TAET,0.000000000000e+00
6398,14131,SEDLOAD,0.000000000000e+00
6398,14131,SEDWSSD, 0.00000e+00
6398,14131,SEDSCRS, 0.00000e+00
6398,14131,SEDSURO, 0.00000e+00
6398,14131,SEDIFWO, 0.00000e+00
6398,14131,SEDAGWO, 0.00000e+00
6398,14131,SO_TN,0.000000000000e+00
6398,14131,IO_TN,0.000000000000e+00
6398,14131,AO_TN,0.000000000000e+00
6398,14131,PO_TN,0.000000000000e+00
6398,14131,SO_TP,0.000000000000e+00
6398,14131,IO_TP,0.000000000000e+00
6398,14131,AO_TP,0.000000000000e+00
6398,14131,PO_TP,0.000000000000e+00
6398,14131,SED_TP,0.000000000000e+00
6398,14131,SEDWSSD_TP,0.000000000000e+00
6398,14131,SEDSCRS_TP,0.000000000000e+00
6398,14131,SO_TCd,0.000000000000e+00
6398,14131,IO_TCd,0.000000000000e+00
6398,14131,AO_TCd,0.000000000000e+00
6398,14131,PO_TCd,0.000000000000e+00
6398,14131,SED_TCd,0.000000000000e+00
6398,14131,SEDWSSD_TCd,0.000000000000e+00
6398,14131,SEDSCRS_TCd,0.000000000000e+00
6398,14131,SO_TCu,0.000000000000e+00
6398,14131,IO_TCu,0.000000000000e+00
6398,14131,AO_TCu,0.000000000000e+00
6398,14131,PO_TCu,0.000000000000e+00
6398,14131,SED_TCu,0.000000000000e+00
6398,14131,SEDWSSD_TCu,0.000000000000e+00
6398,14131,SEDSCRS_TCu,0.000000000000e+00
6398,14131,SO_TPb,0.000000000000e+00
6398,14131,IO_TPb,0.000000000000e+00
6398,14131,AO_TPb,0.000000000000e+00
6398,14131,PO_TPb,0.000000000000e+00
6398,14131,SED_TPb,0.000000000000e+00
6398,14131,SEDWSSD_TPb,0.000000000000e+00
6398,14131,SEDSCRS_TPb,0.000000000000e+00
6398,14131,SO_TZn,0.000000000000e+00
6398,14131,IO_TZn,0.000000000000e+00
6398,14131,AO_TZn,0.000000000000e+00
6398,14131,PO_TZn,0.000000000000e+00
6398,14131,SED_TZn,0.000000000000e+00
6398,14131,SEDWSSD_TZn,0.000000000000e+00
6398,14131,SEDSCRS_TZn,0.000000000000e+00
6398,14132,AREA,0.000000000000e+00
6398,14132,PREC,0.000000000000e+00
6398,14132,SURO,0.000000000000e+00
6398,14132,IFWO,0.000000000000e+00
6398,14132,AGWO,0.000000000000e+00
6398,14132,PERO,0.000000000000e+00
6398,14132,TAET,0.000000000000e+00
6398,14132,SEDLOAD,0.000000000000e+00
6398,14132,SEDWSSD, 0.00000e+00
6398,14132,SEDSCRS, 0.00000e+00
6398,14132,SEDSURO, 0.00000e+00
6398,14132,SEDIFWO, 0.00000e+00
6398,14132,SEDAGWO, 0.00000e+00
6398,14132,SO_TN,0.000000000000e+00
6398,14132,IO_TN,0.000000000000e+00
6398,14132,AO_TN,0.000000000000e+00
6398,14132,PO_TN,0.000000000000e+00
6398,14132,SO_TP,0.000000000000e+00
6398,14132,IO_TP,0.000000000000e+00
6398,14132,AO_TP,0.000000000000e+00
6398,14132,PO_TP,0.000000000000e+00
6398,14132,SED_TP,0.000000000000e+00
6398,14132,SEDWSSD_TP,0.000000000000e+00
6398,14132,SEDSCRS_TP,0.000000000000e+00
6398,14132,SO_TCd,0.000000000000e+00
6398,14132,IO_TCd,0.000000000000e+00
6398,14132,AO_TCd,0.000000000000e+00
6398,14132,PO_TCd,0.000000000000e+00
6398,14132,SED_TCd,0.000000000000e+00
6398,14132,SEDWSSD_TCd,0.000000000000e+00
6398,14132,SEDSCRS_TCd,0.000000000000e+00
6398,14132,SO_TCu,0.000000000000e+00
6398,14132,IO_TCu,0.000000000000e+00
6398,14132,AO_TCu,0.000000000000e+00
6398,14132,PO_TCu,0.000000000000e+00
6398,14132,SED_TCu,0.000000000000e+00
6398,14132,SEDWSSD_TCu,0.000000000000e+00
6398,14132,SEDSCRS_TCu,0.000000000000e+00
6398,14132,SO_TPb,0.000000000000e+00
6398,14132,IO_TPb,0.000000000000e+00
6398,14132,AO_TPb,0.000000000000e+00
6398,14132,PO_TPb,0.000000000000e+00
6398,14132,SED_TPb,0.000000000000e+00
6398,14132,SEDWSSD_TPb,0.000000000000e+00
6398,14132,SEDSCRS_TPb,0.000000000000e+00
6398,14132,SO_TZn,0.000000000000e+00
6398,14132,IO_TZn,0.000000000000e+00
6398,14132,AO_TZn,0.000000000000e+00
6398,14132,PO_TZn,0.000000000000e+00
6398,14132,SED_TZn,0.000000000000e+00
6398,14132,SEDWSSD_TZn,0.000000000000e+00
6398,14132,SEDSCRS_TZn,0.000000000000e+00
6398,14221,AREA,0.000000000000e+00
6398,14221,PREC,0.000000000000e+00
6398,14221,SURO,0.000000000000e+00
6398,14221,IFWO,0.000000000000e+00
6398,14221,AGWO,0.000000000000e+00
6398,14221,PERO,0.000000000000e+00
6398,14221,TAET,0.000000000000e+00
6398,14221,SEDLOAD,0.000000000000e+00
6398,14221,SEDWSSD, 0.00000e+00
6398,14221,SEDSCRS, 0.00000e+00
6398,14221,SEDSURO, 0.00000e+00
6398,14221,SEDIFWO, 0.00000e+00
6398,14221,SEDAGWO, 0.00000e+00
6398,14221,SO_TN,0.000000000000e+00
6398,14221,IO_TN,0.000000000000e+00
6398,14221,AO_TN,0.000000000000e+00
6398,14221,PO_TN,0.000000000000e+00
6398,14221,SO_TP,0.000000000000e+00
6398,14221,IO_TP,0.000000000000e+00
6398,14221,AO_TP,0.000000000000e+00
6398,14221,PO_TP,0.000000000000e+00
6398,14221,SED_TP,0.000000000000e+00
6398,14221,SEDWSSD_TP,0.000000000000e+00
6398,14221,SEDSCRS_TP,0.000000000000e+00
6398,14221,SO_TCd,0.000000000000e+00
6398,14221,IO_TCd,0.000000000000e+00
6398,14221,AO_TCd,0.000000000000e+00
6398,14221,PO_TCd,0.000000000000e+00
6398,14221,SED_TCd,0.000000000000e+00
6398,14221,SEDWSSD_TCd,0.000000000000e+00
6398,14221,SEDSCRS_TCd,0.000000000000e+00
6398,14221,SO_TCu,0.000000000000e+00
6398,14221,IO_TCu,0.000000000000e+00
6398,14221,AO_TCu,0.000000000000e+00
6398,14221,PO_TCu,0.000000000000e+00
6398,14221,SED_TCu,0.000000000000e+00
6398,14221,SEDWSSD_TCu,0.000000000000e+00
6398,14221,SEDSCRS_TCu,0.000000000000e+00
6398,14221,SO_TPb,0.000000000000e+00
6398,14221,IO_TPb,0.000000000000e+00
6398,14221,AO_TPb,0.000000000000e+00
6398,14221,PO_TPb,0.000000000000e+00
6398,14221,SED_TPb,0.000000000000e+00
6398,14221,SEDWSSD_TPb,0.000000000000e+00
6398,14221,SEDSCRS_TPb,0.000000000000e+00
6398,14221,SO_TZn,0.000000000000e+00
6398,14221,IO_TZn,0.000000000000e+00
6398,14221,AO_TZn,0.000000000000e+00
6398,14221,PO_TZn,0.000000000000e+00
6398,14221,SED_TZn,0.000000000000e+00
6398,14221,SEDWSSD_TZn,0.000000000000e+00
6398,14221,SEDSCRS_TZn,0.000000000000e+00
6398,14222,AREA,0.000000000000e+00
6398,14222,PREC,0.000000000000e+00
6398,14222,SURO,0.000000000000e+00
6398,14222,IFWO,0.000000000000e+00
6398,14222,AGWO,0.000000000000e+00
6398,14222,PERO,0.000000000000e+00
6398,14222,TAET,0.000000000000e+00
6398,14222,SEDLOAD,0.000000000000e+00
6398,14222,SEDWSSD, 0.00000e+00
6398,14222,SEDSCRS, 0.00000e+00
6398,14222,SEDSURO, 0.00000e+00
6398,14222,SEDIFWO, 0.00000e+00
6398,14222,SEDAGWO, 0.00000e+00
6398,14222,SO_TN,0.000000000000e+00
6398,14222,IO_TN,0.000000000000e+00
6398,14222,AO_TN,0.000000000000e+00
6398,14222,PO_TN,0.000000000000e+00
6398,14222,SO_TP,0.000000000000e+00
6398,14222,IO_TP,0.000000000000e+00
6398,14222,AO_TP,0.000000000000e+00
6398,14222,PO_TP,0.000000000000e+00
6398,14222,SED_TP,0.000000000000e+00
6398,14222,SEDWSSD_TP,0.000000000000e+00
6398,14222,SEDSCRS_TP,0.000000000000e+00
6398,14222,SO_TCd,0.000000000000e+00
6398,14222,IO_TCd,0.000000000000e+00
6398,14222,AO_TCd,0.000000000000e+00
6398,14222,PO_TCd,0.000000000000e+00
6398,14222,SED_TCd,0.000000000000e+00
6398,14222,SEDWSSD_TCd,0.000000000000e+00
6398,14222,SEDSCRS_TCd,0.000000000000e+00
6398,14222,SO_TCu,0.000000000000e+00
6398,14222,IO_TCu,0.000000000000e+00
6398,14222,AO_TCu,0.000000000000e+00
6398,14222,PO_TCu,0.000000000000e+00
6398,14222,SED_TCu,0.000000000000e+00
6398,14222,SEDWSSD_TCu,0.000000000000e+00
6398,14222,SEDSCRS_TCu,0.000000000000e+00
6398,14222,SO_TPb,0.000000000000e+00
6398,14222,IO_TPb,0.000000000000e+00
6398,14222,AO_TPb,0.000000000000e+00
6398,14222,PO_TPb,0.000000000000e+00
6398,14222,SED_TPb,0.000000000000e+00
6398,14222,SEDWSSD_TPb,0.000000000000e+00
6398,14222,SEDSCRS_TPb,0.000000000000e+00
6398,14222,SO_TZn,0.000000000000e+00
6398,14222,IO_TZn,0.000000000000e+00
6398,14222,AO_TZn,0.000000000000e+00
6398,14222,PO_TZn,0.000000000000e+00
6398,14222,SED_TZn,0.000000000000e+00
6398,14222,SEDWSSD_TZn,0.000000000000e+00
6398,14222,SEDSCRS_TZn,0.000000000000e+00
6398,14231,AREA,0.000000000000e+00
6398,14231,PREC,0.000000000000e+00
6398,14231,SURO,0.000000000000e+00
6398,14231,IFWO,0.000000000000e+00
6398,14231,AGWO,0.000000000000e+00
6398,14231,PERO,0.000000000000e+00
6398,14231,TAET,0.000000000000e+00
6398,14231,SEDLOAD,0.000000000000e+00
6398,14231,SEDWSSD, 0.00000e+00
6398,14231,SEDSCRS, 0.00000e+00
6398,14231,SEDSURO, 0.00000e+00
6398,14231,SEDIFWO, 0.00000e+00
6398,14231,SEDAGWO, 0.00000e+00
6398,14231,SO_TN,0.000000000000e+00
6398,14231,IO_TN,0.000000000000e+00
6398,14231,AO_TN,0.000000000000e+00
6398,14231,PO_TN,0.000000000000e+00
6398,14231,SO_TP,0.000000000000e+00
6398,14231,IO_TP,0.000000000000e+00
6398,14231,AO_TP,0.000000000000e+00
6398,14231,PO_TP,0.000000000000e+00
6398,14231,SED_TP,0.000000000000e+00
6398,14231,SEDWSSD_TP,0.000000000000e+00
6398,14231,SEDSCRS_TP,0.000000000000e+00
6398,14231,SO_TCd,0.000000000000e+00
6398,14231,IO_TCd,0.000000000000e+00
6398,14231,AO_TCd,0.000000000000e+00
6398,14231,PO_TCd,0.000000000000e+00
6398,14231,SED_TCd,0.000000000000e+00
6398,14231,SEDWSSD_TCd,0.000000000000e+00
6398,14231,SEDSCRS_TCd,0.000000000000e+00
6398,14231,SO_TCu,0.000000000000e+00
6398,14231,IO_TCu,0.000000000000e+00
6398,14231,AO_TCu,0.000000000000e+00
6398,14231,PO_TCu,0.000000000000e+00
6398,14231,SED_TCu,0.000000000000e+00
6398,14231,SEDWSSD_TCu,0.000000000000e+00
6398,14231,SEDSCRS_TCu,0.000000000000e+00
6398,14231,SO_TPb,0.000000000000e+00
6398,14231,IO_TPb,0.000000000000e+00
6398,14231,AO_TPb,0.000000000000e+00
6398,14231,PO_TPb,0.000000000000e+00
6398,14231,SED_TPb,0.000000000000e+00
6398,14231,SEDWSSD_TPb,0.000000000000e+00
6398,14231,SEDSCRS_TPb,0.000000000000e+00
6398,14231,SO_TZn,0.000000000000e+00
6398,14231,IO_TZn,0.000000000000e+00
6398,14231,AO_TZn,0.000000000000e+00
6398,14231,PO_TZn,0.000000000000e+00
6398,14231,SED_TZn,0.000000000000e+00
6398,14231,SEDWSSD_TZn,0.000000000000e+00
6398,14231,SEDSCRS_TZn,0.000000000000e+00
6398,14232,AREA,0.000000000000e+00
6398,14232,PREC,0.000000000000e+00
6398,14232,SURO,0.000000000000e+00
6398,14232,IFWO,0.000000000000e+00
6398,14232,AGWO,0.000000000000e+00
6398,14232,PERO,0.000000000000e+00
6398,14232,TAET,0.000000000000e+00
6398,14232,SEDLOAD,0.000000000000e+00
6398,14232,SEDWSSD, 0.00000e+00
6398,14232,SEDSCRS, 0.00000e+00
6398,14232,SEDSURO, 0.00000e+00
6398,14232,SEDIFWO, 0.00000e+00
6398,14232,SEDAGWO, 0.00000e+00
6398,14232,SO_TN,0.000000000000e+00
6398,14232,IO_TN,0.000000000000e+00
6398,14232,AO_TN,0.000000000000e+00
6398,14232,PO_TN,0.000000000000e+00
6398,14232,SO_TP,0.000000000000e+00
6398,14232,IO_TP,0.000000000000e+00
6398,14232,AO_TP,0.000000000000e+00
6398,14232,PO_TP,0.000000000000e+00
6398,14232,SED_TP,0.000000000000e+00
6398,14232,SEDWSSD_TP,0.000000000000e+00
6398,14232,SEDSCRS_TP,0.000000000000e+00
6398,14232,SO_TCd,0.000000000000e+00
6398,14232,IO_TCd,0.000000000000e+00
6398,14232,AO_TCd,0.000000000000e+00
6398,14232,PO_TCd,0.000000000000e+00
6398,14232,SED_TCd,0.000000000000e+00
6398,14232,SEDWSSD_TCd,0.000000000000e+00
6398,14232,SEDSCRS_TCd,0.000000000000e+00
6398,14232,SO_TCu,0.000000000000e+00
6398,14232,IO_TCu,0.000000000000e+00
6398,14232,AO_TCu,0.000000000000e+00
6398,14232,PO_TCu,0.000000000000e+00
6398,14232,SED_TCu,0.000000000000e+00
6398,14232,SEDWSSD_TCu,0.000000000000e+00
6398,14232,SEDSCRS_TCu,0.000000000000e+00
6398,14232,SO_TPb,0.000000000000e+00
6398,14232,IO_TPb,0.000000000000e+00
6398,14232,AO_TPb,0.000000000000e+00
6398,14232,PO_TPb,0.000000000000e+00
6398,14232,SED_TPb,0.000000000000e+00
6398,14232,SEDWSSD_TPb,0.000000000000e+00
6398,14232,SEDSCRS_TPb,0.000000000000e+00
6398,14232,SO_TZn,0.000000000000e+00
6398,14232,IO_TZn,0.000000000000e+00
6398,14232,AO_TZn,0.000000000000e+00
6398,14232,PO_TZn,0.000000000000e+00
6398,14232,SED_TZn,0.000000000000e+00
6398,14232,SEDWSSD_TZn,0.000000000000e+00
6398,14232,SEDSCRS_TZn,0.000000000000e+00
6398,14321,AREA,1.233245299999e+02
6398,14321,PREC,1.524181201389e+03
6398,14321,SURO,7.352483925630e+00
6398,14321,IFWO,9.996294363540e+00
6398,14321,AGWO,9.508692073540e+01
6398,14321,PERO,1.124356990246e+02
6398,14321,TAET,1.411745502228e+03
6398,14321,SEDLOAD,3.894424879568e-01
6398,14321,SEDWSSD, 2.17349e-01
6398,14321,SEDSCRS, 1.60187e-01
6398,14321,SEDSURO, 0.00000e+00
6398,14321,SEDIFWO, 1.13265e-03
6398,14321,SEDAGWO, 1.07740e-02
6398,14321,SO_TN,4.196575601069e+00
6398,14321,IO_TN,2.265295698816e+00
6398,14321,AO_TN,6.464395246537e+00
6398,14321,PO_TN,1.292626654642e+01
6398,14321,SO_TP,7.550717265293e-01
6398,14321,IO_TP,4.530591397631e-01
6398,14321,AO_TP,4.309596831025e+00
6398,14321,PO_TP,5.517727697317e+00
6398,14321,SED_TP,7.550717265293e-01
6398,14321,SEDWSSD_TP,4.346980107110e-01
6398,14321,SEDSCRS_TP,3.203737158183e-01
6398,14321,SO_TCd,3.775358632647e-04
6398,14321,IO_TCd,0.000000000000e+00
6398,14321,AO_TCd,0.000000000000e+00
6398,14321,PO_TCd,3.775358632647e-04
6398,14321,SED_TCd,3.775358632647e-04
6398,14321,SEDWSSD_TCd,2.173490053555e-04
6398,14321,SEDSCRS_TCd,1.601868579092e-04
6398,14321,SO_TCu,3.775358632647e-02
6398,14321,IO_TCu,0.000000000000e+00
6398,14321,AO_TCu,0.000000000000e+00
6398,14321,PO_TCu,3.775358632647e-02
6398,14321,SED_TCu,3.775358632647e-02
6398,14321,SEDWSSD_TCu,2.173490053555e-02
6398,14321,SEDSCRS_TCu,1.601868579092e-02
6398,14321,SO_TPb,3.775358632647e-03
6398,14321,IO_TPb,0.000000000000e+00
6398,14321,AO_TPb,0.000000000000e+00
6398,14321,PO_TPb,3.775358632647e-03
6398,14321,SED_TPb,3.775358632647e-03
6398,14321,SEDWSSD_TPb,2.173490053555e-03
6398,14321,SEDSCRS_TPb,1.601868579092e-03
6398,14321,SO_TZn,2.718258215506e-01
6398,14321,IO_TZn,0.000000000000e+00
6398,14321,AO_TZn,1.077399207756e+00
6398,14321,PO_TZn,1.349225029307e+00
6398,14321,SED_TZn,2.718258215506e-01
6398,14321,SEDWSSD_TZn,1.564912838560e-01
6398,14321,SEDSCRS_TZn,1.153345376946e-01
6398,14322,AREA,3.912348000000e+00
6398,14322,PREC,4.835313197538e+01
6398,14322,SURO,2.251392513565e-01
6398,14322,IFWO,3.200434177135e-01
6398,14322,AGWO,1.979718109072e+00
6398,14322,PERO,2.524900778142e+00
6398,14322,TAET,4.460485062661e+01
6398,14322,SEDLOAD,1.207259668082e-02
6398,14322,SEDWSSD, 6.78398e-03
6398,14322,SEDSCRS, 5.02804e-03
6398,14322,SEDSURO, 0.00000e+00
6398,14322,SEDIFWO, 3.62630e-05
6398,14322,SEDAGWO, 2.24315e-04
6398,14322,SO_TN,1.289851863041e-01
6398,14322,IO_TN,7.252617332127e-02
6398,14322,AO_TN,1.345892814153e-01
6398,14322,PO_TN,3.361006410407e-01
6398,14322,SO_TP,2.362403691710e-02
6398,14322,IO_TP,1.450523466425e-02
6398,14322,AO_TP,8.972618761020e-02
6398,14322,PO_TP,1.278554591916e-01
6398,14322,SED_TP,2.362403691710e-02
6398,14322,SEDWSSD_TP,1.356795980096e-02
6398,14322,SEDSCRS_TP,1.005607711615e-02
6398,14322,SO_TCd,1.181201845855e-05
6398,14322,IO_TCd,0.000000000000e+00
6398,14322,AO_TCd,0.000000000000e+00
6398,14322,PO_TCd,1.181201845855e-05
6398,14322,SED_TCd,1.181201845855e-05
6398,14322,SEDWSSD_TCd,6.783979900478e-06
6398,14322,SEDSCRS_TCd,5.028038558073e-06
6398,14322,SO_TCu,1.181201845855e-03
6398,14322,IO_TCu,0.000000000000e+00
6398,14322,AO_TCu,0.000000000000e+00
6398,14322,PO_TCu,1.181201845855e-03
6398,14322,SED_TCu,1.181201845855e-03
6398,14322,SEDWSSD_TCu,6.783979900478e-04
6398,14322,SEDSCRS_TCu,5.028038558073e-04
6398,14322,SO_TPb,1.181201845855e-04
6398,14322,IO_TPb,0.000000000000e+00
6398,14322,AO_TPb,0.000000000000e+00
6398,14322,PO_TPb,1.181201845855e-04
6398,14322,SED_TPb,1.181201845855e-04
6398,14322,SEDWSSD_TPb,6.783979900478e-05
6398,14322,SEDSCRS_TPb,5.028038558073e-05
6398,14322,SO_TZn,8.504653290156e-03
6398,14322,IO_TZn,0.000000000000e+00
6398,14322,AO_TZn,2.243154690255e-02
6398,14322,PO_TZn,3.093620019271e-02
6398,14322,SED_TZn,8.504653290156e-03
6398,14322,SEDWSSD_TZn,4.884465528344e-03
6398,14322,SEDSCRS_TZn,3.620187761812e-03
6398,14331,AREA,6.982292600000e+01
6398,14331,PREC,8.629490924082e+02
6398,14331,SURO,6.406445975816e+00
6398,14331,IFWO,7.091026931988e+00
6398,14331,AGWO,5.556771547307e+01
6398,14331,PERO,6.906518838087e+01
6398,14331,TAET,7.938839477815e+02
6398,14331,SEDLOAD,6.556897475932e-01
6398,14331,SEDWSSD, 3.92020e-01
6398,14331,SEDSCRS, 2.56570e-01
6398,14331,SEDSURO, 0.00000e+00
6398,14331,SEDIFWO, 8.03460e-04
6398,14331,SEDAGWO, 6.29619e-03
6398,14331,SO_TN,3.374437295359e+00
6398,14331,IO_TN,1.606922748074e+00
6398,14331,AO_TN,3.777719090984e+00
6398,14331,PO_TN,8.759079134418e+00
6398,14331,SO_TP,1.297180193637e+00
6398,14331,IO_TP,3.213845496148e-01
6398,14331,AO_TP,2.518479393990e+00
6398,14331,PO_TP,4.137044137241e+00
6398,14331,SED_TP,1.297180193637e+00
6398,14331,SEDWSSD_TP,7.840396831397e-01
6398,14331,SEDSCRS_TP,5.131405104971e-01
6398,14331,SO_TCd,6.485900968184e-04
6398,14331,IO_TCd,0.000000000000e+00
6398,14331,AO_TCd,0.000000000000e+00
6398,14331,PO_TCd,6.485900968184e-04
6398,14331,SED_TCd,6.485900968184e-04
6398,14331,SEDWSSD_TCd,3.920198415699e-04
6398,14331,SEDSCRS_TCd,2.565702552485e-04
6398,14331,SO_TCu,6.485900968184e-02
6398,14331,IO_TCu,0.000000000000e+00
6398,14331,AO_TCu,0.000000000000e+00
6398,14331,PO_TCu,6.485900968184e-02
6398,14331,SED_TCu,6.485900968184e-02
6398,14331,SEDWSSD_TCu,3.920198415699e-02
6398,14331,SEDSCRS_TCu,2.565702552485e-02
6398,14331,SO_TPb,6.485900968184e-03
6398,14331,IO_TPb,0.000000000000e+00
6398,14331,AO_TPb,0.000000000000e+00
6398,14331,PO_TPb,6.485900968184e-03
6398,14331,SED_TPb,6.485900968184e-03
6398,14331,SEDWSSD_TPb,3.920198415699e-03
6398,14331,SEDSCRS_TPb,2.565702552485e-03
6398,14331,SO_TZn,4.669848697093e-01
6398,14331,IO_TZn,0.000000000000e+00
6398,14331,AO_TZn,6.296198484974e-01
6398,14331,PO_TZn,1.096604718207e+00
6398,14331,SED_TZn,4.669848697093e-01
6398,14331,SEDWSSD_TZn,2.822542859303e-01
6398,14331,SEDSCRS_TZn,1.847305837790e-01
6398,14332,AREA,1.976167999996e+00
6398,14332,PREC,2.442367399565e+01
6398,14332,SURO,1.902258976117e-01
6398,14332,IFWO,1.976258770561e-01
6398,14332,AGWO,1.027630576698e+00
6398,14332,PERO,1.415482351366e+00
6398,14332,TAET,2.236964524082e+01
6398,14332,SEDLOAD,1.859085800592e-02
6398,14332,SEDWSSD, 1.12025e-02
6398,14332,SEDSCRS, 7.24952e-03
6398,14332,SEDSURO, 0.00000e+00
6398,14332,SEDIFWO, 2.23923e-05
6398,14332,SEDAGWO, 1.16437e-04
6398,14332,SO_TN,9.953652359994e-02
6398,14332,IO_TN,4.478470050890e-02
6398,14332,AO_TN,6.986250226453e-02
6398,14332,PO_TN,2.141837263734e-01
6398,14332,SO_TP,3.690405665905e-02
6398,14332,IO_TP,8.956940101780e-03
6398,14332,AO_TP,4.657500150969e-02
6398,14332,PO_TP,9.243599827052e-02
6398,14332,SED_TP,3.690405665905e-02
6398,14332,SEDWSSD_TP,2.240502234328e-02
6398,14332,SEDSCRS_TP,1.449903431577e-02
6398,14332,SO_TCd,1.845202832952e-05
6398,14332,IO_TCd,0.000000000000e+00
6398,14332,AO_TCd,0.000000000000e+00
6398,14332,PO_TCd,1.845202832952e-05
6398,14332,SED_TCd,1.845202832952e-05
6398,14332,SEDWSSD_TCd,1.120251117164e-05
6398,14332,SEDSCRS_TCd,7.249517157884e-06
6398,14332,SO_TCu,1.845202832952e-03
6398,14332,IO_TCu,0.000000000000e+00
6398,14332,AO_TCu,0.000000000000e+00
6398,14332,PO_TCu,1.845202832952e-03
6398,14332,SED_TCu,1.845202832952e-03
6398,14332,SEDWSSD_TCu,1.120251117164e-03
6398,14332,SEDSCRS_TCu,7.249517157884e-04
6398,14332,SO_TPb,1.845202832952e-04
6398,14332,IO_TPb,0.000000000000e+00
6398,14332,AO_TPb,0.000000000000e+00
6398,14332,PO_TPb,1.845202832952e-04
6398,14332,SED_TPb,1.845202832952e-04
6398,14332,SEDWSSD_TPb,1.120251117164e-04
6398,14332,SEDSCRS_TPb,7.249517157884e-05
6398,14332,SO_TZn,1.328546039726e-02
6398,14332,IO_TZn,0.000000000000e+00
6398,14332,AO_TZn,1.164375037742e-02
6398,14332,PO_TZn,2.492921077468e-02
6398,14332,SED_TZn,1.328546039726e-02
6398,14332,SEDWSSD_TZn,8.065808043581e-03
6398,14332,SEDSCRS_TZn,5.219652353676e-03
6398,14421,AREA,0.000000000000e+00
6398,14421,PREC,0.000000000000e+00
6398,14421,SURO,0.000000000000e+00
6398,14421,IFWO,0.000000000000e+00
6398,14421,AGWO,0.000000000000e+00
6398,14421,PERO,0.000000000000e+00
6398,14421,TAET,0.000000000000e+00
6398,14421,SEDLOAD,0.000000000000e+00
6398,14421,SEDWSSD, 0.00000e+00
6398,14421,SEDSCRS, 0.00000e+00
6398,14421,SEDSURO, 0.00000e+00
6398,14421,SEDIFWO, 0.00000e+00
6398,14421,SEDAGWO, 0.00000e+00
6398,14421,SO_TN,0.000000000000e+00
6398,14421,IO_TN,0.000000000000e+00
6398,14421,AO_TN,0.000000000000e+00
6398,14421,PO_TN,0.000000000000e+00
6398,14421,SO_TP,0.000000000000e+00
6398,14421,IO_TP,0.000000000000e+00
6398,14421,AO_TP,0.000000000000e+00
6398,14421,PO_TP,0.000000000000e+00
6398,14421,SED_TP,0.000000000000e+00
6398,14421,SEDWSSD_TP,0.000000000000e+00
6398,14421,SEDSCRS_TP,0.000000000000e+00
6398,14421,SO_TCd,0.000000000000e+00
6398,14421,IO_TCd,0.000000000000e+00
6398,14421,AO_TCd,0.000000000000e+00
6398,14421,PO_TCd,0.000000000000e+00
6398,14421,SED_TCd,0.000000000000e+00
6398,14421,SEDWSSD_TCd,0.000000000000e+00
6398,14421,SEDSCRS_TCd,0.000000000000e+00
6398,14421,SO_TCu,0.000000000000e+00
6398,14421,IO_TCu,0.000000000000e+00
6398,14421,AO_TCu,0.000000000000e+00
6398,14421,PO_TCu,0.000000000000e+00
6398,14421,SED_TCu,0.000000000000e+00
6398,14421,SEDWSSD_TCu,0.000000000000e+00
6398,14421,SEDSCRS_TCu,0.000000000000e+00
6398,14421,SO_TPb,0.000000000000e+00
6398,14421,IO_TPb,0.000000000000e+00
6398,14421,AO_TPb,0.000000000000e+00
6398,14421,PO_TPb,0.000000000000e+00
6398,14421,SED_TPb,0.000000000000e+00
6398,14421,SEDWSSD_TPb,0.000000000000e+00
6398,14421,SEDSCRS_TPb,0.000000000000e+00
6398,14421,SO_TZn,0.000000000000e+00
6398,14421,IO_TZn,0.000000000000e+00
6398,14421,AO_TZn,0.000000000000e+00
6398,14421,PO_TZn,0.000000000000e+00
6398,14421,SED_TZn,0.000000000000e+00
6398,14421,SEDWSSD_TZn,0.000000000000e+00
6398,14421,SEDSCRS_TZn,0.000000000000e+00
6398,14422,AREA,0.000000000000e+00
6398,14422,PREC,0.000000000000e+00
6398,14422,SURO,0.000000000000e+00
6398,14422,IFWO,0.000000000000e+00
6398,14422,AGWO,0.000000000000e+00
6398,14422,PERO,0.000000000000e+00
6398,14422,TAET,0.000000000000e+00
6398,14422,SEDLOAD,0.000000000000e+00
6398,14422,SEDWSSD, 0.00000e+00
6398,14422,SEDSCRS, 0.00000e+00
6398,14422,SEDSURO, 0.00000e+00
6398,14422,SEDIFWO, 0.00000e+00
6398,14422,SEDAGWO, 0.00000e+00
6398,14422,SO_TN,0.000000000000e+00
6398,14422,IO_TN,0.000000000000e+00
6398,14422,AO_TN,0.000000000000e+00
6398,14422,PO_TN,0.000000000000e+00
6398,14422,SO_TP,0.000000000000e+00
6398,14422,IO_TP,0.000000000000e+00
6398,14422,AO_TP,0.000000000000e+00
6398,14422,PO_TP,0.000000000000e+00
6398,14422,SED_TP,0.000000000000e+00
6398,14422,SEDWSSD_TP,0.000000000000e+00
6398,14422,SEDSCRS_TP,0.000000000000e+00
6398,14422,SO_TCd,0.000000000000e+00
6398,14422,IO_TCd,0.000000000000e+00
6398,14422,AO_TCd,0.000000000000e+00
6398,14422,PO_TCd,0.000000000000e+00
6398,14422,SED_TCd,0.000000000000e+00
6398,14422,SEDWSSD_TCd,0.000000000000e+00
6398,14422,SEDSCRS_TCd,0.000000000000e+00
6398,14422,SO_TCu,0.000000000000e+00
6398,14422,IO_TCu,0.000000000000e+00
6398,14422,AO_TCu,0.000000000000e+00
6398,14422,PO_TCu,0.000000000000e+00
6398,14422,SED_TCu,0.000000000000e+00
6398,14422,SEDWSSD_TCu,0.000000000000e+00
6398,14422,SEDSCRS_TCu,0.000000000000e+00
6398,14422,SO_TPb,0.000000000000e+00
6398,14422,IO_TPb,0.000000000000e+00
6398,14422,AO_TPb,0.000000000000e+00
6398,14422,PO_TPb,0.000000000000e+00
6398,14422,SED_TPb,0.000000000000e+00
6398,14422,SEDWSSD_TPb,0.000000000000e+00
6398,14422,SEDSCRS_TPb,0.000000000000e+00
6398,14422,SO_TZn,0.000000000000e+00
6398,14422,IO_TZn,0.000000000000e+00
6398,14422,AO_TZn,0.000000000000e+00
6398,14422,PO_TZn,0.000000000000e+00
6398,14422,SED_TZn,0.000000000000e+00
6398,14422,SEDWSSD_TZn,0.000000000000e+00
6398,14422,SEDSCRS_TZn,0.000000000000e+00
6398,14431,AREA,0.000000000000e+00
6398,14431,PREC,0.000000000000e+00
6398,14431,SURO,0.000000000000e+00
6398,14431,IFWO,0.000000000000e+00
6398,14431,AGWO,0.000000000000e+00
6398,14431,PERO,0.000000000000e+00
6398,14431,TAET,0.000000000000e+00
6398,14431,SEDLOAD,0.000000000000e+00
6398,14431,SEDWSSD, 0.00000e+00
6398,14431,SEDSCRS, 0.00000e+00
6398,14431,SEDSURO, 0.00000e+00
6398,14431,SEDIFWO, 0.00000e+00
6398,14431,SEDAGWO, 0.00000e+00
6398,14431,SO_TN,0.000000000000e+00
6398,14431,IO_TN,0.000000000000e+00
6398,14431,AO_TN,0.000000000000e+00
6398,14431,PO_TN,0.000000000000e+00
6398,14431,SO_TP,0.000000000000e+00
6398,14431,IO_TP,0.000000000000e+00
6398,14431,AO_TP,0.000000000000e+00
6398,14431,PO_TP,0.000000000000e+00
6398,14431,SED_TP,0.000000000000e+00
6398,14431,SEDWSSD_TP,0.000000000000e+00
6398,14431,SEDSCRS_TP,0.000000000000e+00
6398,14431,SO_TCd,0.000000000000e+00
6398,14431,IO_TCd,0.000000000000e+00
6398,14431,AO_TCd,0.000000000000e+00
6398,14431,PO_TCd,0.000000000000e+00
6398,14431,SED_TCd,0.000000000000e+00
6398,14431,SEDWSSD_TCd,0.000000000000e+00
6398,14431,SEDSCRS_TCd,0.000000000000e+00
6398,14431,SO_TCu,0.000000000000e+00
6398,14431,IO_TCu,0.000000000000e+00
6398,14431,AO_TCu,0.000000000000e+00
6398,14431,PO_TCu,0.000000000000e+00
6398,14431,SED_TCu,0.000000000000e+00
6398,14431,SEDWSSD_TCu,0.000000000000e+00
6398,14431,SEDSCRS_TCu,0.000000000000e+00
6398,14431,SO_TPb,0.000000000000e+00
6398,14431,IO_TPb,0.000000000000e+00
6398,14431,AO_TPb,0.000000000000e+00
6398,14431,PO_TPb,0.000000000000e+00
6398,14431,SED_TPb,0.000000000000e+00
6398,14431,SEDWSSD_TPb,0.000000000000e+00
6398,14431,SEDSCRS_TPb,0.000000000000e+00
6398,14431,SO_TZn,0.000000000000e+00
6398,14431,IO_TZn,0.000000000000e+00
6398,14431,AO_TZn,0.000000000000e+00
6398,14431,PO_TZn,0.000000000000e+00
6398,14431,SED_TZn,0.000000000000e+00
6398,14431,SEDWSSD_TZn,0.000000000000e+00
6398,14431,SEDSCRS_TZn,0.000000000000e+00
6398,14432,AREA,0.000000000000e+00
6398,14432,PREC,0.000000000000e+00
6398,14432,SURO,0.000000000000e+00
6398,14432,IFWO,0.000000000000e+00
6398,14432,AGWO,0.000000000000e+00
6398,14432,PERO,0.000000000000e+00
6398,14432,TAET,0.000000000000e+00
6398,14432,SEDLOAD,0.000000000000e+00
6398,14432,SEDWSSD, 0.00000e+00
6398,14432,SEDSCRS, 0.00000e+00
6398,14432,SEDSURO, 0.00000e+00
6398,14432,SEDIFWO, 0.00000e+00
6398,14432,SEDAGWO, 0.00000e+00
6398,14432,SO_TN,0.000000000000e+00
6398,14432,IO_TN,0.000000000000e+00
6398,14432,AO_TN,0.000000000000e+00
6398,14432,PO_TN,0.000000000000e+00
6398,14432,SO_TP,0.000000000000e+00
6398,14432,IO_TP,0.000000000000e+00
6398,14432,AO_TP,0.000000000000e+00
6398,14432,PO_TP,0.000000000000e+00
6398,14432,SED_TP,0.000000000000e+00
6398,14432,SEDWSSD_TP,0.000000000000e+00
6398,14432,SEDSCRS_TP,0.000000000000e+00
6398,14432,SO_TCd,0.000000000000e+00
6398,14432,IO_TCd,0.000000000000e+00
6398,14432,AO_TCd,0.000000000000e+00
6398,14432,PO_TCd,0.000000000000e+00
6398,14432,SED_TCd,0.000000000000e+00
6398,14432,SEDWSSD_TCd,0.000000000000e+00
6398,14432,SEDSCRS_TCd,0.000000000000e+00
6398,14432,SO_TCu,0.000000000000e+00
6398,14432,IO_TCu,0.000000000000e+00
6398,14432,AO_TCu,0.000000000000e+00
6398,14432,PO_TCu,0.000000000000e+00
6398,14432,SED_TCu,0.000000000000e+00
6398,14432,SEDWSSD_TCu,0.000000000000e+00
6398,14432,SEDSCRS_TCu,0.000000000000e+00
6398,14432,SO_TPb,0.000000000000e+00
6398,14432,IO_TPb,0.000000000000e+00
6398,14432,AO_TPb,0.000000000000e+00
6398,14432,PO_TPb,0.000000000000e+00
6398,14432,SED_TPb,0.000000000000e+00
6398,14432,SEDWSSD_TPb,0.000000000000e+00
6398,14432,SEDSCRS_TPb,0.000000000000e+00
6398,14432,SO_TZn,0.000000000000e+00
6398,14432,IO_TZn,0.000000000000e+00
6398,14432,AO_TZn,0.000000000000e+00
6398,14432,PO_TZn,0.000000000000e+00
6398,14432,SED_TZn,0.000000000000e+00
6398,14432,SEDWSSD_TZn,0.000000000000e+00
6398,14432,SEDSCRS_TZn,0.000000000000e+00
6398,15121,AREA,0.000000000000e+00
6398,15121,PREC,0.000000000000e+00
6398,15121,SURO,0.000000000000e+00
6398,15121,IFWO,0.000000000000e+00
6398,15121,AGWO,0.000000000000e+00
6398,15121,PERO,0.000000000000e+00
6398,15121,TAET,0.000000000000e+00
6398,15121,SEDLOAD,0.000000000000e+00
6398,15121,SEDWSSD, 0.00000e+00
6398,15121,SEDSCRS, 0.00000e+00
6398,15121,SEDSURO, 0.00000e+00
6398,15121,SEDIFWO, 0.00000e+00
6398,15121,SEDAGWO, 0.00000e+00
6398,15121,SO_TN,0.000000000000e+00
6398,15121,IO_TN,0.000000000000e+00
6398,15121,AO_TN,0.000000000000e+00
6398,15121,PO_TN,0.000000000000e+00
6398,15121,SO_TP,0.000000000000e+00
6398,15121,IO_TP,0.000000000000e+00
6398,15121,AO_TP,0.000000000000e+00
6398,15121,PO_TP,0.000000000000e+00
6398,15121,SED_TP,0.000000000000e+00
6398,15121,SEDWSSD_TP,0.000000000000e+00
6398,15121,SEDSCRS_TP,0.000000000000e+00
6398,15121,SO_TCd,0.000000000000e+00
6398,15121,IO_TCd,0.000000000000e+00
6398,15121,AO_TCd,0.000000000000e+00
6398,15121,PO_TCd,0.000000000000e+00
6398,15121,SED_TCd,0.000000000000e+00
6398,15121,SEDWSSD_TCd,0.000000000000e+00
6398,15121,SEDSCRS_TCd,0.000000000000e+00
6398,15121,SO_TCu,0.000000000000e+00
6398,15121,IO_TCu,0.000000000000e+00
6398,15121,AO_TCu,0.000000000000e+00
6398,15121,PO_TCu,0.000000000000e+00
6398,15121,SED_TCu,0.000000000000e+00
6398,15121,SEDWSSD_TCu,0.000000000000e+00
6398,15121,SEDSCRS_TCu,0.000000000000e+00
6398,15121,SO_TPb,0.000000000000e+00
6398,15121,IO_TPb,0.000000000000e+00
6398,15121,AO_TPb,0.000000000000e+00
6398,15121,PO_TPb,0.000000000000e+00
6398,15121,SED_TPb,0.000000000000e+00
6398,15121,SEDWSSD_TPb,0.000000000000e+00
6398,15121,SEDSCRS_TPb,0.000000000000e+00
6398,15121,SO_TZn,0.000000000000e+00
6398,15121,IO_TZn,0.000000000000e+00
6398,15121,AO_TZn,0.000000000000e+00
6398,15121,PO_TZn,0.000000000000e+00
6398,15121,SED_TZn,0.000000000000e+00
6398,15121,SEDWSSD_TZn,0.000000000000e+00
6398,15121,SEDSCRS_TZn,0.000000000000e+00
6398,15122,AREA,0.000000000000e+00
6398,15122,PREC,0.000000000000e+00
6398,15122,SURO,0.000000000000e+00
6398,15122,IFWO,0.000000000000e+00
6398,15122,AGWO,0.000000000000e+00
6398,15122,PERO,0.000000000000e+00
6398,15122,TAET,0.000000000000e+00
6398,15122,SEDLOAD,0.000000000000e+00
6398,15122,SEDWSSD, 0.00000e+00
6398,15122,SEDSCRS, 0.00000e+00
6398,15122,SEDSURO, 0.00000e+00
6398,15122,SEDIFWO, 0.00000e+00
6398,15122,SEDAGWO, 0.00000e+00
6398,15122,SO_TN,0.000000000000e+00
6398,15122,IO_TN,0.000000000000e+00
6398,15122,AO_TN,0.000000000000e+00
6398,15122,PO_TN,0.000000000000e+00
6398,15122,SO_TP,0.000000000000e+00
6398,15122,IO_TP,0.000000000000e+00
6398,15122,AO_TP,0.000000000000e+00
6398,15122,PO_TP,0.000000000000e+00
6398,15122,SED_TP,0.000000000000e+00
6398,15122,SEDWSSD_TP,0.000000000000e+00
6398,15122,SEDSCRS_TP,0.000000000000e+00
6398,15122,SO_TCd,0.000000000000e+00
6398,15122,IO_TCd,0.000000000000e+00
6398,15122,AO_TCd,0.000000000000e+00
6398,15122,PO_TCd,0.000000000000e+00
6398,15122,SED_TCd,0.000000000000e+00
6398,15122,SEDWSSD_TCd,0.000000000000e+00
6398,15122,SEDSCRS_TCd,0.000000000000e+00
6398,15122,SO_TCu,0.000000000000e+00
6398,15122,IO_TCu,0.000000000000e+00
6398,15122,AO_TCu,0.000000000000e+00
6398,15122,PO_TCu,0.000000000000e+00
6398,15122,SED_TCu,0.000000000000e+00
6398,15122,SEDWSSD_TCu,0.000000000000e+00
6398,15122,SEDSCRS_TCu,0.000000000000e+00
6398,15122,SO_TPb,0.000000000000e+00
6398,15122,IO_TPb,0.000000000000e+00
6398,15122,AO_TPb,0.000000000000e+00
6398,15122,PO_TPb,0.000000000000e+00
6398,15122,SED_TPb,0.000000000000e+00
6398,15122,SEDWSSD_TPb,0.000000000000e+00
6398,15122,SEDSCRS_TPb,0.000000000000e+00
6398,15122,SO_TZn,0.000000000000e+00
6398,15122,IO_TZn,0.000000000000e+00
6398,15122,AO_TZn,0.000000000000e+00
6398,15122,PO_TZn,0.000000000000e+00
6398,15122,SED_TZn,0.000000000000e+00
6398,15122,SEDWSSD_TZn,0.000000000000e+00
6398,15122,SEDSCRS_TZn,0.000000000000e+00
6398,15131,AREA,0.000000000000e+00
6398,15131,PREC,0.000000000000e+00
6398,15131,SURO,0.000000000000e+00
6398,15131,IFWO,0.000000000000e+00
6398,15131,AGWO,0.000000000000e+00
6398,15131,PERO,0.000000000000e+00
6398,15131,TAET,0.000000000000e+00
6398,15131,SEDLOAD,0.000000000000e+00
6398,15131,SEDWSSD, 0.00000e+00
6398,15131,SEDSCRS, 0.00000e+00
6398,15131,SEDSURO, 0.00000e+00
6398,15131,SEDIFWO, 0.00000e+00
6398,15131,SEDAGWO, 0.00000e+00
6398,15131,SO_TN,0.000000000000e+00
6398,15131,IO_TN,0.000000000000e+00
6398,15131,AO_TN,0.000000000000e+00
6398,15131,PO_TN,0.000000000000e+00
6398,15131,SO_TP,0.000000000000e+00
6398,15131,IO_TP,0.000000000000e+00
6398,15131,AO_TP,0.000000000000e+00
6398,15131,PO_TP,0.000000000000e+00
6398,15131,SED_TP,0.000000000000e+00
6398,15131,SEDWSSD_TP,0.000000000000e+00
6398,15131,SEDSCRS_TP,0.000000000000e+00
6398,15131,SO_TCd,0.000000000000e+00
6398,15131,IO_TCd,0.000000000000e+00
6398,15131,AO_TCd,0.000000000000e+00
6398,15131,PO_TCd,0.000000000000e+00
6398,15131,SED_TCd,0.000000000000e+00
6398,15131,SEDWSSD_TCd,0.000000000000e+00
6398,15131,SEDSCRS_TCd,0.000000000000e+00
6398,15131,SO_TCu,0.000000000000e+00
6398,15131,IO_TCu,0.000000000000e+00
6398,15131,AO_TCu,0.000000000000e+00
6398,15131,PO_TCu,0.000000000000e+00
6398,15131,SED_TCu,0.000000000000e+00
6398,15131,SEDWSSD_TCu,0.000000000000e+00
6398,15131,SEDSCRS_TCu,0.000000000000e+00
6398,15131,SO_TPb,0.000000000000e+00
6398,15131,IO_TPb,0.000000000000e+00
6398,15131,AO_TPb,0.000000000000e+00
6398,15131,PO_TPb,0.000000000000e+00
6398,15131,SED_TPb,0.000000000000e+00
6398,15131,SEDWSSD_TPb,0.000000000000e+00
6398,15131,SEDSCRS_TPb,0.000000000000e+00
6398,15131,SO_TZn,0.000000000000e+00
6398,15131,IO_TZn,0.000000000000e+00
6398,15131,AO_TZn,0.000000000000e+00
6398,15131,PO_TZn,0.000000000000e+00
6398,15131,SED_TZn,0.000000000000e+00
6398,15131,SEDWSSD_TZn,0.000000000000e+00
6398,15131,SEDSCRS_TZn,0.000000000000e+00
6398,15132,AREA,0.000000000000e+00
6398,15132,PREC,0.000000000000e+00
6398,15132,SURO,0.000000000000e+00
6398,15132,IFWO,0.000000000000e+00
6398,15132,AGWO,0.000000000000e+00
6398,15132,PERO,0.000000000000e+00
6398,15132,TAET,0.000000000000e+00
6398,15132,SEDLOAD,0.000000000000e+00
6398,15132,SEDWSSD, 0.00000e+00
6398,15132,SEDSCRS, 0.00000e+00
6398,15132,SEDSURO, 0.00000e+00
6398,15132,SEDIFWO, 0.00000e+00
6398,15132,SEDAGWO, 0.00000e+00
6398,15132,SO_TN,0.000000000000e+00
6398,15132,IO_TN,0.000000000000e+00
6398,15132,AO_TN,0.000000000000e+00
6398,15132,PO_TN,0.000000000000e+00
6398,15132,SO_TP,0.000000000000e+00
6398,15132,IO_TP,0.000000000000e+00
6398,15132,AO_TP,0.000000000000e+00
6398,15132,PO_TP,0.000000000000e+00
6398,15132,SED_TP,0.000000000000e+00
6398,15132,SEDWSSD_TP,0.000000000000e+00
6398,15132,SEDSCRS_TP,0.000000000000e+00
6398,15132,SO_TCd,0.000000000000e+00
6398,15132,IO_TCd,0.000000000000e+00
6398,15132,AO_TCd,0.000000000000e+00
6398,15132,PO_TCd,0.000000000000e+00
6398,15132,SED_TCd,0.000000000000e+00
6398,15132,SEDWSSD_TCd,0.000000000000e+00
6398,15132,SEDSCRS_TCd,0.000000000000e+00
6398,15132,SO_TCu,0.000000000000e+00
6398,15132,IO_TCu,0.000000000000e+00
6398,15132,AO_TCu,0.000000000000e+00
6398,15132,PO_TCu,0.000000000000e+00
6398,15132,SED_TCu,0.000000000000e+00
6398,15132,SEDWSSD_TCu,0.000000000000e+00
6398,15132,SEDSCRS_TCu,0.000000000000e+00
6398,15132,SO_TPb,0.000000000000e+00
6398,15132,IO_TPb,0.000000000000e+00
6398,15132,AO_TPb,0.000000000000e+00
6398,15132,PO_TPb,0.000000000000e+00
6398,15132,SED_TPb,0.000000000000e+00
6398,15132,SEDWSSD_TPb,0.000000000000e+00
6398,15132,SEDSCRS_TPb,0.000000000000e+00
6398,15132,SO_TZn,0.000000000000e+00
6398,15132,IO_TZn,0.000000000000e+00
6398,15132,AO_TZn,0.000000000000e+00
6398,15132,PO_TZn,0.000000000000e+00
6398,15132,SED_TZn,0.000000000000e+00
6398,15132,SEDWSSD_TZn,0.000000000000e+00
6398,15132,SEDSCRS_TZn,0.000000000000e+00
6398,15221,AREA,0.000000000000e+00
6398,15221,PREC,0.000000000000e+00
6398,15221,SURO,0.000000000000e+00
6398,15221,IFWO,0.000000000000e+00
6398,15221,AGWO,0.000000000000e+00
6398,15221,PERO,0.000000000000e+00
6398,15221,TAET,0.000000000000e+00
6398,15221,SEDLOAD,0.000000000000e+00
6398,15221,SEDWSSD, 0.00000e+00
6398,15221,SEDSCRS, 0.00000e+00
6398,15221,SEDSURO, 0.00000e+00
6398,15221,SEDIFWO, 0.00000e+00
6398,15221,SEDAGWO, 0.00000e+00
6398,15221,SO_TN,0.000000000000e+00
6398,15221,IO_TN,0.000000000000e+00
6398,15221,AO_TN,0.000000000000e+00
6398,15221,PO_TN,0.000000000000e+00
6398,15221,SO_TP,0.000000000000e+00
6398,15221,IO_TP,0.000000000000e+00
6398,15221,AO_TP,0.000000000000e+00
6398,15221,PO_TP,0.000000000000e+00
6398,15221,SED_TP,0.000000000000e+00
6398,15221,SEDWSSD_TP,0.000000000000e+00
6398,15221,SEDSCRS_TP,0.000000000000e+00
6398,15221,SO_TCd,0.000000000000e+00
6398,15221,IO_TCd,0.000000000000e+00
6398,15221,AO_TCd,0.000000000000e+00
6398,15221,PO_TCd,0.000000000000e+00
6398,15221,SED_TCd,0.000000000000e+00
6398,15221,SEDWSSD_TCd,0.000000000000e+00
6398,15221,SEDSCRS_TCd,0.000000000000e+00
6398,15221,SO_TCu,0.000000000000e+00
6398,15221,IO_TCu,0.000000000000e+00
6398,15221,AO_TCu,0.000000000000e+00
6398,15221,PO_TCu,0.000000000000e+00
6398,15221,SED_TCu,0.000000000000e+00
6398,15221,SEDWSSD_TCu,0.000000000000e+00
6398,15221,SEDSCRS_TCu,0.000000000000e+00
6398,15221,SO_TPb,0.000000000000e+00
6398,15221,IO_TPb,0.000000000000e+00
6398,15221,AO_TPb,0.000000000000e+00
6398,15221,PO_TPb,0.000000000000e+00
6398,15221,SED_TPb,0.000000000000e+00
6398,15221,SEDWSSD_TPb,0.000000000000e+00
6398,15221,SEDSCRS_TPb,0.000000000000e+00
6398,15221,SO_TZn,0.000000000000e+00
6398,15221,IO_TZn,0.000000000000e+00
6398,15221,AO_TZn,0.000000000000e+00
6398,15221,PO_TZn,0.000000000000e+00
6398,15221,SED_TZn,0.000000000000e+00
6398,15221,SEDWSSD_TZn,0.000000000000e+00
6398,15221,SEDSCRS_TZn,0.000000000000e+00
6398,15222,AREA,0.000000000000e+00
6398,15222,PREC,0.000000000000e+00
6398,15222,SURO,0.000000000000e+00
6398,15222,IFWO,0.000000000000e+00
6398,15222,AGWO,0.000000000000e+00
6398,15222,PERO,0.000000000000e+00
6398,15222,TAET,0.000000000000e+00
6398,15222,SEDLOAD,0.000000000000e+00
6398,15222,SEDWSSD, 0.00000e+00
6398,15222,SEDSCRS, 0.00000e+00
6398,15222,SEDSURO, 0.00000e+00
6398,15222,SEDIFWO, 0.00000e+00
6398,15222,SEDAGWO, 0.00000e+00
6398,15222,SO_TN,0.000000000000e+00
6398,15222,IO_TN,0.000000000000e+00
6398,15222,AO_TN,0.000000000000e+00
6398,15222,PO_TN,0.000000000000e+00
6398,15222,SO_TP,0.000000000000e+00
6398,15222,IO_TP,0.000000000000e+00
6398,15222,AO_TP,0.000000000000e+00
6398,15222,PO_TP,0.000000000000e+00
6398,15222,SED_TP,0.000000000000e+00
6398,15222,SEDWSSD_TP,0.000000000000e+00
6398,15222,SEDSCRS_TP,0.000000000000e+00
6398,15222,SO_TCd,0.000000000000e+00
6398,15222,IO_TCd,0.000000000000e+00
6398,15222,AO_TCd,0.000000000000e+00
6398,15222,PO_TCd,0.000000000000e+00
6398,15222,SED_TCd,0.000000000000e+00
6398,15222,SEDWSSD_TCd,0.000000000000e+00
6398,15222,SEDSCRS_TCd,0.000000000000e+00
6398,15222,SO_TCu,0.000000000000e+00
6398,15222,IO_TCu,0.000000000000e+00
6398,15222,AO_TCu,0.000000000000e+00
6398,15222,PO_TCu,0.000000000000e+00
6398,15222,SED_TCu,0.000000000000e+00
6398,15222,SEDWSSD_TCu,0.000000000000e+00
6398,15222,SEDSCRS_TCu,0.000000000000e+00
6398,15222,SO_TPb,0.000000000000e+00
6398,15222,IO_TPb,0.000000000000e+00
6398,15222,AO_TPb,0.000000000000e+00
6398,15222,PO_TPb,0.000000000000e+00
6398,15222,SED_TPb,0.000000000000e+00
6398,15222,SEDWSSD_TPb,0.000000000000e+00
6398,15222,SEDSCRS_TPb,0.000000000000e+00
6398,15222,SO_TZn,0.000000000000e+00
6398,15222,IO_TZn,0.000000000000e+00
6398,15222,AO_TZn,0.000000000000e+00
6398,15222,PO_TZn,0.000000000000e+00
6398,15222,SED_TZn,0.000000000000e+00
6398,15222,SEDWSSD_TZn,0.000000000000e+00
6398,15222,SEDSCRS_TZn,0.000000000000e+00
6398,15231,AREA,0.000000000000e+00
6398,15231,PREC,0.000000000000e+00
6398,15231,SURO,0.000000000000e+00
6398,15231,IFWO,0.000000000000e+00
6398,15231,AGWO,0.000000000000e+00
6398,15231,PERO,0.000000000000e+00
6398,15231,TAET,0.000000000000e+00
6398,15231,SEDLOAD,0.000000000000e+00
6398,15231,SEDWSSD, 0.00000e+00
6398,15231,SEDSCRS, 0.00000e+00
6398,15231,SEDSURO, 0.00000e+00
6398,15231,SEDIFWO, 0.00000e+00
6398,15231,SEDAGWO, 0.00000e+00
6398,15231,SO_TN,0.000000000000e+00
6398,15231,IO_TN,0.000000000000e+00
6398,15231,AO_TN,0.000000000000e+00
6398,15231,PO_TN,0.000000000000e+00
6398,15231,SO_TP,0.000000000000e+00
6398,15231,IO_TP,0.000000000000e+00
6398,15231,AO_TP,0.000000000000e+00
6398,15231,PO_TP,0.000000000000e+00
6398,15231,SED_TP,0.000000000000e+00
6398,15231,SEDWSSD_TP,0.000000000000e+00
6398,15231,SEDSCRS_TP,0.000000000000e+00
6398,15231,SO_TCd,0.000000000000e+00
6398,15231,IO_TCd,0.000000000000e+00
6398,15231,AO_TCd,0.000000000000e+00
6398,15231,PO_TCd,0.000000000000e+00
6398,15231,SED_TCd,0.000000000000e+00
6398,15231,SEDWSSD_TCd,0.000000000000e+00
6398,15231,SEDSCRS_TCd,0.000000000000e+00
6398,15231,SO_TCu,0.000000000000e+00
6398,15231,IO_TCu,0.000000000000e+00
6398,15231,AO_TCu,0.000000000000e+00
6398,15231,PO_TCu,0.000000000000e+00
6398,15231,SED_TCu,0.000000000000e+00
6398,15231,SEDWSSD_TCu,0.000000000000e+00
6398,15231,SEDSCRS_TCu,0.000000000000e+00
6398,15231,SO_TPb,0.000000000000e+00
6398,15231,IO_TPb,0.000000000000e+00
6398,15231,AO_TPb,0.000000000000e+00
6398,15231,PO_TPb,0.000000000000e+00
6398,15231,SED_TPb,0.000000000000e+00
6398,15231,SEDWSSD_TPb,0.000000000000e+00
6398,15231,SEDSCRS_TPb,0.000000000000e+00
6398,15231,SO_TZn,0.000000000000e+00
6398,15231,IO_TZn,0.000000000000e+00
6398,15231,AO_TZn,0.000000000000e+00
6398,15231,PO_TZn,0.000000000000e+00
6398,15231,SED_TZn,0.000000000000e+00
6398,15231,SEDWSSD_TZn,0.000000000000e+00
6398,15231,SEDSCRS_TZn,0.000000000000e+00
6398,15232,AREA,0.000000000000e+00
6398,15232,PREC,0.000000000000e+00
6398,15232,SURO,0.000000000000e+00
6398,15232,IFWO,0.000000000000e+00
6398,15232,AGWO,0.000000000000e+00
6398,15232,PERO,0.000000000000e+00
6398,15232,TAET,0.000000000000e+00
6398,15232,SEDLOAD,0.000000000000e+00
6398,15232,SEDWSSD, 0.00000e+00
6398,15232,SEDSCRS, 0.00000e+00
6398,15232,SEDSURO, 0.00000e+00
6398,15232,SEDIFWO, 0.00000e+00
6398,15232,SEDAGWO, 0.00000e+00
6398,15232,SO_TN,0.000000000000e+00
6398,15232,IO_TN,0.000000000000e+00
6398,15232,AO_TN,0.000000000000e+00
6398,15232,PO_TN,0.000000000000e+00
6398,15232,SO_TP,0.000000000000e+00
6398,15232,IO_TP,0.000000000000e+00
6398,15232,AO_TP,0.000000000000e+00
6398,15232,PO_TP,0.000000000000e+00
6398,15232,SED_TP,0.000000000000e+00
6398,15232,SEDWSSD_TP,0.000000000000e+00
6398,15232,SEDSCRS_TP,0.000000000000e+00
6398,15232,SO_TCd,0.000000000000e+00
6398,15232,IO_TCd,0.000000000000e+00
6398,15232,AO_TCd,0.000000000000e+00
6398,15232,PO_TCd,0.000000000000e+00
6398,15232,SED_TCd,0.000000000000e+00
6398,15232,SEDWSSD_TCd,0.000000000000e+00
6398,15232,SEDSCRS_TCd,0.000000000000e+00
6398,15232,SO_TCu,0.000000000000e+00
6398,15232,IO_TCu,0.000000000000e+00
6398,15232,AO_TCu,0.000000000000e+00
6398,15232,PO_TCu,0.000000000000e+00
6398,15232,SED_TCu,0.000000000000e+00
6398,15232,SEDWSSD_TCu,0.000000000000e+00
6398,15232,SEDSCRS_TCu,0.000000000000e+00
6398,15232,SO_TPb,0.000000000000e+00
6398,15232,IO_TPb,0.000000000000e+00
6398,15232,AO_TPb,0.000000000000e+00
6398,15232,PO_TPb,0.000000000000e+00
6398,15232,SED_TPb,0.000000000000e+00
6398,15232,SEDWSSD_TPb,0.000000000000e+00
6398,15232,SEDSCRS_TPb,0.000000000000e+00
6398,15232,SO_TZn,0.000000000000e+00
6398,15232,IO_TZn,0.000000000000e+00
6398,15232,AO_TZn,0.000000000000e+00
6398,15232,PO_TZn,0.000000000000e+00
6398,15232,SED_TZn,0.000000000000e+00
6398,15232,SEDWSSD_TZn,0.000000000000e+00
6398,15232,SEDSCRS_TZn,0.000000000000e+00
6398,15321,AREA,1.126108010001e+02
6398,15321,PREC,1.391769066199e+03
6398,15321,SURO,6.481959980498e+00
6398,15321,IFWO,9.018095592977e+00
6398,15321,AGWO,8.539408331224e+01
6398,15321,PERO,1.008941388857e+02
6398,15321,TAET,1.290875040799e+03
6398,15321,SEDLOAD,2.653093317064e-01
6398,15321,SEDWSSD, 1.86953e-01
6398,15321,SEDSCRS, 6.76587e-02
6398,15321,SEDSURO, 0.00000e+00
6398,15321,SEDIFWO, 1.02181e-03
6398,15321,SEDAGWO, 9.67572e-03
6398,15321,SO_TN,3.720533958344e+00
6398,15321,IO_TN,2.043622608073e+00
6398,15321,AO_TN,5.805436772763e+00
6398,15321,PO_TN,1.156959333918e+01
6398,15321,SO_TP,5.092236122710e-01
6398,15321,IO_TP,4.087245216145e-01
6398,15321,AO_TP,3.870291181842e+00
6398,15321,PO_TP,4.788239315728e+00
6398,15321,SED_TP,5.092236122710e-01
6398,15321,SEDWSSD_TP,3.739062644545e-01
6398,15321,SEDSCRS_TP,1.353173478165e-01
6398,15321,SO_TCd,2.546118061355e-04
6398,15321,IO_TCd,0.000000000000e+00
6398,15321,AO_TCd,0.000000000000e+00
6398,15321,PO_TCd,2.546118061355e-04
6398,15321,SED_TCd,2.546118061355e-04
6398,15321,SEDWSSD_TCd,1.869531322273e-04
6398,15321,SEDSCRS_TCd,6.765867390827e-05
6398,15321,SO_TCu,2.546118061355e-02
6398,15321,IO_TCu,0.000000000000e+00
6398,15321,AO_TCu,0.000000000000e+00
6398,15321,PO_TCu,2.546118061355e-02
6398,15321,SED_TCu,2.546118061355e-02
6398,15321,SEDWSSD_TCu,1.869531322273e-02
6398,15321,SEDSCRS_TCu,6.765867390827e-03
6398,15321,SO_TPb,2.546118061355e-03
6398,15321,IO_TPb,0.000000000000e+00
6398,15321,AO_TPb,0.000000000000e+00
6398,15321,PO_TPb,2.546118061355e-03
6398,15321,SED_TPb,2.546118061355e-03
6398,15321,SEDWSSD_TPb,1.869531322273e-03
6398,15321,SEDSCRS_TPb,6.765867390827e-04
6398,15321,SO_TZn,1.833205004176e-01
6398,15321,IO_TZn,0.000000000000e+00
6398,15321,AO_TZn,9.675727954605e-01
6398,15321,PO_TZn,1.150893295878e+00
6398,15321,SED_TZn,1.833205004176e-01
6398,15321,SEDWSSD_TZn,1.346062552036e-01
6398,15321,SEDSCRS_TZn,4.871424521395e-02
6398,15322,AREA,3.549794999999e+00
6398,15322,PREC,4.387230024541e+01
6398,15322,SURO,1.836210688518e-01
6398,15322,IFWO,2.916611260384e-01
6398,15322,AGWO,1.770367036732e+00
6398,15322,PERO,2.245649231622e+00
6398,15322,TAET,4.053502092952e+01
6398,15322,SEDLOAD,7.809823437579e-03
6398,15322,SEDWSSD, 5.55228e-03
6398,15322,SEDSCRS, 2.02390e-03
6398,15322,SEDSURO, 0.00000e+00
6398,15322,SEDIFWO, 3.30471e-05
6398,15322,SEDAGWO, 2.00594e-04
6398,15322,SO_TN,1.064634871268e-01
6398,15322,IO_TN,6.609436160026e-02
6398,15322,AO_TN,1.203567448432e-01
6398,15322,PO_TN,2.929145935702e-01
6398,15322,SO_TP,1.515236396198e-02
6398,15322,IO_TP,1.321887232005e-02
6398,15322,AO_TP,8.023782989548e-02
6398,15322,PO_TP,1.086090661775e-01
6398,15322,SED_TP,1.515236396198e-02
6398,15322,SEDWSSD_TP,1.110455700855e-02
6398,15322,SEDSCRS_TP,4.047806953435e-03
6398,15322,SO_TCd,7.576181980991e-06
6398,15322,IO_TCd,0.000000000000e+00
6398,15322,AO_TCd,0.000000000000e+00
6398,15322,PO_TCd,7.576181980991e-06
6398,15322,SED_TCd,7.576181980991e-06
6398,15322,SEDWSSD_TCd,5.552278504274e-06
6398,15322,SEDSCRS_TCd,2.023903476717e-06
6398,15322,SO_TCu,7.576181980991e-04
6398,15322,IO_TCu,0.000000000000e+00
6398,15322,AO_TCu,0.000000000000e+00
6398,15322,PO_TCu,7.576181980991e-04
6398,15322,SED_TCu,7.576181980991e-04
6398,15322,SEDWSSD_TCu,5.552278504274e-04
6398,15322,SEDSCRS_TCu,2.023903476717e-04
6398,15322,SO_TPb,7.576181980991e-05
6398,15322,IO_TPb,0.000000000000e+00
6398,15322,AO_TPb,0.000000000000e+00
6398,15322,PO_TPb,7.576181980991e-05
6398,15322,SED_TPb,7.576181980991e-05
6398,15322,SEDWSSD_TPb,5.552278504274e-05
6398,15322,SEDSCRS_TPb,2.023903476717e-05
6398,15322,SO_TZn,5.454851026314e-03
6398,15322,IO_TZn,0.000000000000e+00
6398,15322,AO_TZn,2.005945747387e-02
6398,15322,PO_TZn,2.551430850018e-02
6398,15322,SED_TZn,5.454851026314e-03
6398,15322,SEDWSSD_TZn,3.997640523077e-03
6398,15322,SEDSCRS_TZn,1.457210503237e-03
6398,15331,AREA,5.911436000010e+00
6398,15331,PREC,7.306007672937e+01
6398,15331,SURO,4.827283012918e-01
6398,15331,IFWO,6.127992065179e-01
6398,15331,AGWO,4.595508120743e+00
6398,15331,PERO,5.691035628553e+00
6398,15331,TAET,6.736903975844e+01
6398,15331,SEDLOAD,4.113036331125e-02
6398,15331,SEDWSSD, 3.05726e-02
6398,15331,SEDSCRS, 9.96758e-03
6398,15331,SEDSURO, 0.00000e+00
6398,15331,SEDIFWO, 6.94342e-05
6398,15331,SEDAGWO, 5.20702e-04
6398,15331,SO_TN,2.597713490780e-01
6398,15331,IO_TN,1.388686003311e-01
6398,15331,AO_TN,3.124213153755e-01
6398,15331,PO_TN,7.110612647846e-01
6398,15331,SO_TP,8.108045514778e-02
6398,15331,IO_TP,2.777372006622e-02
6398,15331,AO_TP,2.082808769170e-01
6398,15331,PO_TP,3.171350521310e-01
6398,15331,SED_TP,8.108045514778e-02
6398,15331,SEDWSSD_TP,6.114528596656e-02
6398,15331,SEDSCRS_TP,1.993516918122e-02
6398,15331,SO_TCd,4.054022757389e-05
6398,15331,IO_TCd,0.000000000000e+00
6398,15331,AO_TCd,0.000000000000e+00
6398,15331,PO_TCd,4.054022757389e-05
6398,15331,SED_TCd,4.054022757389e-05
6398,15331,SEDWSSD_TCd,3.057264298328e-05
6398,15331,SEDSCRS_TCd,9.967584590608e-06
6398,15331,SO_TCu,4.054022757389e-03
6398,15331,IO_TCu,0.000000000000e+00
6398,15331,AO_TCu,0.000000000000e+00
6398,15331,PO_TCu,4.054022757389e-03
6398,15331,SED_TCu,4.054022757389e-03
6398,15331,SEDWSSD_TCu,3.057264298328e-03
6398,15331,SEDSCRS_TCu,9.967584590608e-04
6398,15331,SO_TPb,4.054022757389e-04
6398,15331,IO_TPb,0.000000000000e+00
6398,15331,AO_TPb,0.000000000000e+00
6398,15331,PO_TPb,4.054022757389e-04
6398,15331,SED_TPb,4.054022757389e-04
6398,15331,SEDWSSD_TPb,3.057264298328e-04
6398,15331,SEDSCRS_TPb,9.967584590608e-05
6398,15331,SO_TZn,2.918896385320e-02
6398,15331,IO_TZn,0.000000000000e+00
6398,15331,AO_TZn,5.207021922924e-02
6398,15331,PO_TZn,8.125918308244e-02
6398,15331,SED_TZn,2.918896385320e-02
6398,15331,SEDWSSD_TZn,2.201230294796e-02
6398,15331,SEDSCRS_TZn,7.176660905238e-03
6398,15332,AREA,0.000000000000e+00
6398,15332,PREC,0.000000000000e+00
6398,15332,SURO,0.000000000000e+00
6398,15332,IFWO,0.000000000000e+00
6398,15332,AGWO,0.000000000000e+00
6398,15332,PERO,0.000000000000e+00
6398,15332,TAET,0.000000000000e+00
6398,15332,SEDLOAD,0.000000000000e+00
6398,15332,SEDWSSD, 0.00000e+00
6398,15332,SEDSCRS, 0.00000e+00
6398,15332,SEDSURO, 0.00000e+00
6398,15332,SEDIFWO, 0.00000e+00
6398,15332,SEDAGWO, 0.00000e+00
6398,15332,SO_TN,0.000000000000e+00
6398,15332,IO_TN,0.000000000000e+00
6398,15332,AO_TN,0.000000000000e+00
6398,15332,PO_TN,0.000000000000e+00
6398,15332,SO_TP,0.000000000000e+00
6398,15332,IO_TP,0.000000000000e+00
6398,15332,AO_TP,0.000000000000e+00
6398,15332,PO_TP,0.000000000000e+00
6398,15332,SED_TP,0.000000000000e+00
6398,15332,SEDWSSD_TP,0.000000000000e+00
6398,15332,SEDSCRS_TP,0.000000000000e+00
6398,15332,SO_TCd,0.000000000000e+00
6398,15332,IO_TCd,0.000000000000e+00
6398,15332,AO_TCd,0.000000000000e+00
6398,15332,PO_TCd,0.000000000000e+00
6398,15332,SED_TCd,0.000000000000e+00
6398,15332,SEDWSSD_TCd,0.000000000000e+00
6398,15332,SEDSCRS_TCd,0.000000000000e+00
6398,15332,SO_TCu,0.000000000000e+00
6398,15332,IO_TCu,0.000000000000e+00
6398,15332,AO_TCu,0.000000000000e+00
6398,15332,PO_TCu,0.000000000000e+00
6398,15332,SED_TCu,0.000000000000e+00
6398,15332,SEDWSSD_TCu,0.000000000000e+00
6398,15332,SEDSCRS_TCu,0.000000000000e+00
6398,15332,SO_TPb,0.000000000000e+00
6398,15332,IO_TPb,0.000000000000e+00
6398,15332,AO_TPb,0.000000000000e+00
6398,15332,PO_TPb,0.000000000000e+00
6398,15332,SED_TPb,0.000000000000e+00
6398,15332,SEDWSSD_TPb,0.000000000000e+00
6398,15332,SEDSCRS_TPb,0.000000000000e+00
6398,15332,SO_TZn,0.000000000000e+00
6398,15332,IO_TZn,0.000000000000e+00
6398,15332,AO_TZn,0.000000000000e+00
6398,15332,PO_TZn,0.000000000000e+00
6398,15332,SED_TZn,0.000000000000e+00
6398,15332,SEDWSSD_TZn,0.000000000000e+00
6398,15332,SEDSCRS_TZn,0.000000000000e+00
6398,15421,AREA,0.000000000000e+00
6398,15421,PREC,0.000000000000e+00
6398,15421,SURO,0.000000000000e+00
6398,15421,IFWO,0.000000000000e+00
6398,15421,AGWO,0.000000000000e+00
6398,15421,PERO,0.000000000000e+00
6398,15421,TAET,0.000000000000e+00
6398,15421,SEDLOAD,0.000000000000e+00
6398,15421,SEDWSSD, 0.00000e+00
6398,15421,SEDSCRS, 0.00000e+00
6398,15421,SEDSURO, 0.00000e+00
6398,15421,SEDIFWO, 0.00000e+00
6398,15421,SEDAGWO, 0.00000e+00
6398,15421,SO_TN,0.000000000000e+00
6398,15421,IO_TN,0.000000000000e+00
6398,15421,AO_TN,0.000000000000e+00
6398,15421,PO_TN,0.000000000000e+00
6398,15421,SO_TP,0.000000000000e+00
6398,15421,IO_TP,0.000000000000e+00
6398,15421,AO_TP,0.000000000000e+00
6398,15421,PO_TP,0.000000000000e+00
6398,15421,SED_TP,0.000000000000e+00
6398,15421,SEDWSSD_TP,0.000000000000e+00
6398,15421,SEDSCRS_TP,0.000000000000e+00
6398,15421,SO_TCd,0.000000000000e+00
6398,15421,IO_TCd,0.000000000000e+00
6398,15421,AO_TCd,0.000000000000e+00
6398,15421,PO_TCd,0.000000000000e+00
6398,15421,SED_TCd,0.000000000000e+00
6398,15421,SEDWSSD_TCd,0.000000000000e+00
6398,15421,SEDSCRS_TCd,0.000000000000e+00
6398,15421,SO_TCu,0.000000000000e+00
6398,15421,IO_TCu,0.000000000000e+00
6398,15421,AO_TCu,0.000000000000e+00
6398,15421,PO_TCu,0.000000000000e+00
6398,15421,SED_TCu,0.000000000000e+00
6398,15421,SEDWSSD_TCu,0.000000000000e+00
6398,15421,SEDSCRS_TCu,0.000000000000e+00
6398,15421,SO_TPb,0.000000000000e+00
6398,15421,IO_TPb,0.000000000000e+00
6398,15421,AO_TPb,0.000000000000e+00
6398,15421,PO_TPb,0.000000000000e+00
6398,15421,SED_TPb,0.000000000000e+00
6398,15421,SEDWSSD_TPb,0.000000000000e+00
6398,15421,SEDSCRS_TPb,0.000000000000e+00
6398,15421,SO_TZn,0.000000000000e+00
6398,15421,IO_TZn,0.000000000000e+00
6398,15421,AO_TZn,0.000000000000e+00
6398,15421,PO_TZn,0.000000000000e+00
6398,15421,SED_TZn,0.000000000000e+00
6398,15421,SEDWSSD_TZn,0.000000000000e+00
6398,15421,SEDSCRS_TZn,0.000000000000e+00
6398,15422,AREA,0.000000000000e+00
6398,15422,PREC,0.000000000000e+00
6398,15422,SURO,0.000000000000e+00
6398,15422,IFWO,0.000000000000e+00
6398,15422,AGWO,0.000000000000e+00
6398,15422,PERO,0.000000000000e+00
6398,15422,TAET,0.000000000000e+00
6398,15422,SEDLOAD,0.000000000000e+00
6398,15422,SEDWSSD, 0.00000e+00
6398,15422,SEDSCRS, 0.00000e+00
6398,15422,SEDSURO, 0.00000e+00
6398,15422,SEDIFWO, 0.00000e+00
6398,15422,SEDAGWO, 0.00000e+00
6398,15422,SO_TN,0.000000000000e+00
6398,15422,IO_TN,0.000000000000e+00
6398,15422,AO_TN,0.000000000000e+00
6398,15422,PO_TN,0.000000000000e+00
6398,15422,SO_TP,0.000000000000e+00
6398,15422,IO_TP,0.000000000000e+00
6398,15422,AO_TP,0.000000000000e+00
6398,15422,PO_TP,0.000000000000e+00
6398,15422,SED_TP,0.000000000000e+00
6398,15422,SEDWSSD_TP,0.000000000000e+00
6398,15422,SEDSCRS_TP,0.000000000000e+00
6398,15422,SO_TCd,0.000000000000e+00
6398,15422,IO_TCd,0.000000000000e+00
6398,15422,AO_TCd,0.000000000000e+00
6398,15422,PO_TCd,0.000000000000e+00
6398,15422,SED_TCd,0.000000000000e+00
6398,15422,SEDWSSD_TCd,0.000000000000e+00
6398,15422,SEDSCRS_TCd,0.000000000000e+00
6398,15422,SO_TCu,0.000000000000e+00
6398,15422,IO_TCu,0.000000000000e+00
6398,15422,AO_TCu,0.000000000000e+00
6398,15422,PO_TCu,0.000000000000e+00
6398,15422,SED_TCu,0.000000000000e+00
6398,15422,SEDWSSD_TCu,0.000000000000e+00
6398,15422,SEDSCRS_TCu,0.000000000000e+00
6398,15422,SO_TPb,0.000000000000e+00
6398,15422,IO_TPb,0.000000000000e+00
6398,15422,AO_TPb,0.000000000000e+00
6398,15422,PO_TPb,0.000000000000e+00
6398,15422,SED_TPb,0.000000000000e+00
6398,15422,SEDWSSD_TPb,0.000000000000e+00
6398,15422,SEDSCRS_TPb,0.000000000000e+00
6398,15422,SO_TZn,0.000000000000e+00
6398,15422,IO_TZn,0.000000000000e+00
6398,15422,AO_TZn,0.000000000000e+00
6398,15422,PO_TZn,0.000000000000e+00
6398,15422,SED_TZn,0.000000000000e+00
6398,15422,SEDWSSD_TZn,0.000000000000e+00
6398,15422,SEDSCRS_TZn,0.000000000000e+00
6398,15431,AREA,0.000000000000e+00
6398,15431,PREC,0.000000000000e+00
6398,15431,SURO,0.000000000000e+00
6398,15431,IFWO,0.000000000000e+00
6398,15431,AGWO,0.000000000000e+00
6398,15431,PERO,0.000000000000e+00
6398,15431,TAET,0.000000000000e+00
6398,15431,SEDLOAD,0.000000000000e+00
6398,15431,SEDWSSD, 0.00000e+00
6398,15431,SEDSCRS, 0.00000e+00
6398,15431,SEDSURO, 0.00000e+00
6398,15431,SEDIFWO, 0.00000e+00
6398,15431,SEDAGWO, 0.00000e+00
6398,15431,SO_TN,0.000000000000e+00
6398,15431,IO_TN,0.000000000000e+00
6398,15431,AO_TN,0.000000000000e+00
6398,15431,PO_TN,0.000000000000e+00
6398,15431,SO_TP,0.000000000000e+00
6398,15431,IO_TP,0.000000000000e+00
6398,15431,AO_TP,0.000000000000e+00
6398,15431,PO_TP,0.000000000000e+00
6398,15431,SED_TP,0.000000000000e+00
6398,15431,SEDWSSD_TP,0.000000000000e+00
6398,15431,SEDSCRS_TP,0.000000000000e+00
6398,15431,SO_TCd,0.000000000000e+00
6398,15431,IO_TCd,0.000000000000e+00
6398,15431,AO_TCd,0.000000000000e+00
6398,15431,PO_TCd,0.000000000000e+00
6398,15431,SED_TCd,0.000000000000e+00
6398,15431,SEDWSSD_TCd,0.000000000000e+00
6398,15431,SEDSCRS_TCd,0.000000000000e+00
6398,15431,SO_TCu,0.000000000000e+00
6398,15431,IO_TCu,0.000000000000e+00
6398,15431,AO_TCu,0.000000000000e+00
6398,15431,PO_TCu,0.000000000000e+00
6398,15431,SED_TCu,0.000000000000e+00
6398,15431,SEDWSSD_TCu,0.000000000000e+00
6398,15431,SEDSCRS_TCu,0.000000000000e+00
6398,15431,SO_TPb,0.000000000000e+00
6398,15431,IO_TPb,0.000000000000e+00
6398,15431,AO_TPb,0.000000000000e+00
6398,15431,PO_TPb,0.000000000000e+00
6398,15431,SED_TPb,0.000000000000e+00
6398,15431,SEDWSSD_TPb,0.000000000000e+00
6398,15431,SEDSCRS_TPb,0.000000000000e+00
6398,15431,SO_TZn,0.000000000000e+00
6398,15431,IO_TZn,0.000000000000e+00
6398,15431,AO_TZn,0.000000000000e+00
6398,15431,PO_TZn,0.000000000000e+00
6398,15431,SED_TZn,0.000000000000e+00
6398,15431,SEDWSSD_TZn,0.000000000000e+00
6398,15431,SEDSCRS_TZn,0.000000000000e+00
6398,15432,AREA,0.000000000000e+00
6398,15432,PREC,0.000000000000e+00
6398,15432,SURO,0.000000000000e+00
6398,15432,IFWO,0.000000000000e+00
6398,15432,AGWO,0.000000000000e+00
6398,15432,PERO,0.000000000000e+00
6398,15432,TAET,0.000000000000e+00
6398,15432,SEDLOAD,0.000000000000e+00
6398,15432,SEDWSSD, 0.00000e+00
6398,15432,SEDSCRS, 0.00000e+00
6398,15432,SEDSURO, 0.00000e+00
6398,15432,SEDIFWO, 0.00000e+00
6398,15432,SEDAGWO, 0.00000e+00
6398,15432,SO_TN,0.000000000000e+00
6398,15432,IO_TN,0.000000000000e+00
6398,15432,AO_TN,0.000000000000e+00
6398,15432,PO_TN,0.000000000000e+00
6398,15432,SO_TP,0.000000000000e+00
6398,15432,IO_TP,0.000000000000e+00
6398,15432,AO_TP,0.000000000000e+00
6398,15432,PO_TP,0.000000000000e+00
6398,15432,SED_TP,0.000000000000e+00
6398,15432,SEDWSSD_TP,0.000000000000e+00
6398,15432,SEDSCRS_TP,0.000000000000e+00
6398,15432,SO_TCd,0.000000000000e+00
6398,15432,IO_TCd,0.000000000000e+00
6398,15432,AO_TCd,0.000000000000e+00
6398,15432,PO_TCd,0.000000000000e+00
6398,15432,SED_TCd,0.000000000000e+00
6398,15432,SEDWSSD_TCd,0.000000000000e+00
6398,15432,SEDSCRS_TCd,0.000000000000e+00
6398,15432,SO_TCu,0.000000000000e+00
6398,15432,IO_TCu,0.000000000000e+00
6398,15432,AO_TCu,0.000000000000e+00
6398,15432,PO_TCu,0.000000000000e+00
6398,15432,SED_TCu,0.000000000000e+00
6398,15432,SEDWSSD_TCu,0.000000000000e+00
6398,15432,SEDSCRS_TCu,0.000000000000e+00
6398,15432,SO_TPb,0.000000000000e+00
6398,15432,IO_TPb,0.000000000000e+00
6398,15432,AO_TPb,0.000000000000e+00
6398,15432,PO_TPb,0.000000000000e+00
6398,15432,SED_TPb,0.000000000000e+00
6398,15432,SEDWSSD_TPb,0.000000000000e+00
6398,15432,SEDSCRS_TPb,0.000000000000e+00
6398,15432,SO_TZn,0.000000000000e+00
6398,15432,IO_TZn,0.000000000000e+00
6398,15432,AO_TZn,0.000000000000e+00
6398,15432,PO_TZn,0.000000000000e+00
6398,15432,SED_TZn,0.000000000000e+00
6398,15432,SEDWSSD_TZn,0.000000000000e+00
6398,15432,SEDSCRS_TZn,0.000000000000e+00
6398,16000,AREA,0.000000000000e+00
6398,16000,PREC,0.000000000000e+00
6398,16000,SURO,0.000000000000e+00
6398,16000,IFWO,0.000000000000e+00
6398,16000,AGWO,0.000000000000e+00
6398,16000,PERO,0.000000000000e+00
6398,16000,TAET,0.000000000000e+00
6398,16000,SEDLOAD,0.000000000000e+00
6398,16000,SEDWSSD, 0.00000e+00
6398,16000,SEDSCRS, 0.00000e+00
6398,16000,SEDSURO, 0.00000e+00
6398,16000,SEDIFWO, 0.00000e+00
6398,16000,SEDAGWO, 0.00000e+00
6398,16000,SO_TN,0.000000000000e+00
6398,16000,IO_TN,0.000000000000e+00
6398,16000,AO_TN,0.000000000000e+00
6398,16000,PO_TN,0.000000000000e+00
6398,16000,SO_TP,0.000000000000e+00
6398,16000,IO_TP,0.000000000000e+00
6398,16000,AO_TP,0.000000000000e+00
6398,16000,PO_TP,0.000000000000e+00
6398,16000,SED_TP,0.000000000000e+00
6398,16000,SEDWSSD_TP,0.000000000000e+00
6398,16000,SEDSCRS_TP,0.000000000000e+00
6398,16000,SO_TCd,0.000000000000e+00
6398,16000,IO_TCd,0.000000000000e+00
6398,16000,AO_TCd,0.000000000000e+00
6398,16000,PO_TCd,0.000000000000e+00
6398,16000,SED_TCd,0.000000000000e+00
6398,16000,SEDWSSD_TCd,0.000000000000e+00
6398,16000,SEDSCRS_TCd,0.000000000000e+00
6398,16000,SO_TCu,0.000000000000e+00
6398,16000,IO_TCu,0.000000000000e+00
6398,16000,AO_TCu,0.000000000000e+00
6398,16000,PO_TCu,0.000000000000e+00
6398,16000,SED_TCu,0.000000000000e+00
6398,16000,SEDWSSD_TCu,0.000000000000e+00
6398,16000,SEDSCRS_TCu,0.000000000000e+00
6398,16000,SO_TPb,0.000000000000e+00
6398,16000,IO_TPb,0.000000000000e+00
6398,16000,AO_TPb,0.000000000000e+00
6398,16000,PO_TPb,0.000000000000e+00
6398,16000,SED_TPb,0.000000000000e+00
6398,16000,SEDWSSD_TPb,0.000000000000e+00
6398,16000,SEDSCRS_TPb,0.000000000000e+00
6398,16000,SO_TZn,0.000000000000e+00
6398,16000,IO_TZn,0.000000000000e+00
6398,16000,AO_TZn,0.000000000000e+00
6398,16000,PO_TZn,0.000000000000e+00
6398,16000,SED_TZn,0.000000000000e+00
6398,16000,SEDWSSD_TZn,0.000000000000e+00
6398,16000,SEDSCRS_TZn,0.000000000000e+00
