subbasin,deluid,parmname,value1
2074,1000,AREA,0.000000000000e+00
2074,1000,PREC,0.000000000000e+00
2074,1000,SURO,0.000000000000e+00
2074,1000,IFWO,0.000000000000e+00
2074,1000,AGWO,0.000000000000e+00
2074,1000,PERO,0.000000000000e+00
2074,1000,TAET,0.000000000000e+00
2074,1000,SEDLOAD,0.000000000000e+00
2074,1000,SEDWSSD, 0.00000e+00
2074,1000,SEDSCRS, 0.00000e+00
2074,1000,SEDSURO, 0.00000e+00
2074,1000,SEDIFWO, 0.00000e+00
2074,1000,SEDAGWO, 0.00000e+00
2074,1000,SO_TN,0.000000000000e+00
2074,1000,IO_TN,0.000000000000e+00
2074,1000,AO_TN,0.000000000000e+00
2074,1000,PO_TN,0.000000000000e+00
2074,1000,SO_TP,0.000000000000e+00
2074,1000,IO_TP,0.000000000000e+00
2074,1000,AO_TP,0.000000000000e+00
2074,1000,PO_TP,0.000000000000e+00
2074,1000,SED_TP,0.000000000000e+00
2074,1000,SEDWSSD_TP,0.000000000000e+00
2074,1000,SEDSCRS_TP,0.000000000000e+00
2074,1000,SO_TCd,0.000000000000e+00
2074,1000,IO_TCd,0.000000000000e+00
2074,1000,AO_TCd,0.000000000000e+00
2074,1000,PO_TCd,0.000000000000e+00
2074,1000,SED_TCd,0.000000000000e+00
2074,1000,SEDWSSD_TCd,0.000000000000e+00
2074,1000,SEDSCRS_TCd,0.000000000000e+00
2074,1000,SO_TCu,0.000000000000e+00
2074,1000,IO_TCu,0.000000000000e+00
2074,1000,AO_TCu,0.000000000000e+00
2074,1000,PO_TCu,0.000000000000e+00
2074,1000,SED_TCu,0.000000000000e+00
2074,1000,SEDWSSD_TCu,0.000000000000e+00
2074,1000,SEDSCRS_TCu,0.000000000000e+00
2074,1000,SO_TPb,0.000000000000e+00
2074,1000,IO_TPb,0.000000000000e+00
2074,1000,AO_TPb,0.000000000000e+00
2074,1000,PO_TPb,0.000000000000e+00
2074,1000,SED_TPb,0.000000000000e+00
2074,1000,SEDWSSD_TPb,0.000000000000e+00
2074,1000,SEDSCRS_TPb,0.000000000000e+00
2074,1000,SO_TZn,0.000000000000e+00
2074,1000,IO_TZn,0.000000000000e+00
2074,1000,AO_TZn,0.000000000000e+00
2074,1000,PO_TZn,0.000000000000e+00
2074,1000,SED_TZn,0.000000000000e+00
2074,1000,SEDWSSD_TZn,0.000000000000e+00
2074,1000,SEDSCRS_TZn,0.000000000000e+00
2074,2000,AREA,1.224869399998e+01
2074,2000,PREC,1.295293556192e+02
2074,2000,SURO,1.179370028968e+02
2074,2000,IFWO,0.000000000000e+00
2074,2000,AGWO,0.000000000000e+00
2074,2000,PERO,1.179370028968e+02
2074,2000,TAET,1.159235272242e+01
2074,2000,SEDLOAD,2.729989728831e+00
2074,2000,SEDWSSD, 2.72999e+00
2074,2000,SEDSCRS, 0.00000e+00
2074,2000,SEDSURO, 0.00000e+00
2074,2000,SEDIFWO, 0.00000e+00
2074,2000,SEDAGWO, 0.00000e+00
2074,2000,SO_TN,3.942090481042e+00
2074,2000,IO_TN,0.000000000000e+00
2074,2000,AO_TN,0.000000000000e+00
2074,2000,PO_TN,3.942090481042e+00
2074,2000,SO_TP,1.218257916491e+01
2074,2000,IO_TP,0.000000000000e+00
2074,2000,AO_TP,0.000000000000e+00
2074,2000,PO_TP,1.218257916491e+01
2074,2000,SED_TP,1.218257916491e+01
2074,2000,SEDWSSD_TP,1.218257916491e+01
2074,2000,SEDSCRS_TP,0.000000000000e+00
2074,2000,SO_TCd,4.094984593246e-02
2074,2000,IO_TCd,0.000000000000e+00
2074,2000,AO_TCd,0.000000000000e+00
2074,2000,PO_TCd,4.094984593246e-02
2074,2000,SED_TCd,4.094984593246e-02
2074,2000,SEDWSSD_TCd,4.094984593246e-02
2074,2000,SEDSCRS_TCd,0.000000000000e+00
2074,2000,SO_TCu,4.094984593246e+00
2074,2000,IO_TCu,0.000000000000e+00
2074,2000,AO_TCu,0.000000000000e+00
2074,2000,PO_TCu,4.094984593246e+00
2074,2000,SED_TCu,4.094984593246e+00
2074,2000,SEDWSSD_TCu,4.094984593246e+00
2074,2000,SEDSCRS_TCu,0.000000000000e+00
2074,2000,SO_TPb,8.845166721412e-01
2074,2000,IO_TPb,0.000000000000e+00
2074,2000,AO_TPb,0.000000000000e+00
2074,2000,PO_TPb,8.845166721412e-01
2074,2000,SED_TPb,8.845166721412e-01
2074,2000,SEDWSSD_TPb,8.845166721412e-01
2074,2000,SEDSCRS_TPb,0.000000000000e+00
2074,2000,SO_TZn,1.886968900568e+01
2074,2000,IO_TZn,0.000000000000e+00
2074,2000,AO_TZn,0.000000000000e+00
2074,2000,PO_TZn,1.886968900568e+01
2074,2000,SED_TZn,1.886968900568e+01
2074,2000,SEDWSSD_TZn,1.886968900568e+01
2074,2000,SEDSCRS_TZn,0.000000000000e+00
2074,3000,AREA,3.087240500002e+01
2074,3000,PREC,3.264742123580e+02
2074,3000,SURO,2.972560926018e+02
2074,3000,IFWO,0.000000000000e+00
2074,3000,AGWO,0.000000000000e+00
2074,3000,PERO,2.972560926018e+02
2074,3000,TAET,2.921811975622e+01
2074,3000,SEDLOAD,5.186336943345e+00
2074,3000,SEDWSSD, 5.18634e+00
2074,3000,SEDSCRS, 0.00000e+00
2074,3000,SEDSURO, 0.00000e+00
2074,3000,SEDIFWO, 0.00000e+00
2074,3000,SEDAGWO, 0.00000e+00
2074,3000,SO_TN,9.935901237908e+00
2074,3000,IO_TN,0.000000000000e+00
2074,3000,AO_TN,0.000000000000e+00
2074,3000,PO_TN,9.935901237908e+00
2074,3000,SO_TP,2.314402860968e+01
2074,3000,IO_TP,0.000000000000e+00
2074,3000,AO_TP,0.000000000000e+00
2074,3000,PO_TP,2.314402860968e+01
2074,3000,SED_TP,2.314402860968e+01
2074,3000,SEDWSSD_TP,2.314402860968e+01
2074,3000,SEDSCRS_TP,0.000000000000e+00
2074,3000,SO_TCd,6.223604332014e-02
2074,3000,IO_TCd,0.000000000000e+00
2074,3000,AO_TCd,0.000000000000e+00
2074,3000,PO_TCd,6.223604332014e-02
2074,3000,SED_TCd,6.223604332014e-02
2074,3000,SEDWSSD_TCd,6.223604332014e-02
2074,3000,SEDSCRS_TCd,0.000000000000e+00
2074,3000,SO_TCu,6.223604332014e+00
2074,3000,IO_TCu,0.000000000000e+00
2074,3000,AO_TCu,0.000000000000e+00
2074,3000,PO_TCu,6.223604332014e+00
2074,3000,SED_TCu,6.223604332014e+00
2074,3000,SEDWSSD_TCu,6.223604332014e+00
2074,3000,SEDSCRS_TCu,0.000000000000e+00
2074,3000,SO_TPb,5.601243898813e-01
2074,3000,IO_TPb,0.000000000000e+00
2074,3000,AO_TPb,0.000000000000e+00
2074,3000,PO_TPb,5.601243898813e-01
2074,3000,SED_TPb,5.601243898813e-01
2074,3000,SEDWSSD_TPb,5.601243898813e-01
2074,3000,SEDSCRS_TPb,0.000000000000e+00
2074,3000,SO_TZn,2.688597071430e+01
2074,3000,IO_TZn,0.000000000000e+00
2074,3000,AO_TZn,0.000000000000e+00
2074,3000,PO_TZn,2.688597071430e+01
2074,3000,SED_TZn,2.688597071430e+01
2074,3000,SEDWSSD_TZn,2.688597071430e+01
2074,3000,SEDSCRS_TZn,0.000000000000e+00
2074,4000,AREA,5.118507999998e+00
2074,4000,PREC,5.412797829480e+01
2074,4000,SURO,4.928374346058e+01
2074,4000,IFWO,0.000000000000e+00
2074,4000,AGWO,0.000000000000e+00
2074,4000,PERO,4.928374346058e+01
2074,4000,TAET,4.844234834220e+00
2074,4000,SEDLOAD,1.140813401571e+00
2074,4000,SEDWSSD, 1.14081e+00
2074,4000,SEDSCRS, 0.00000e+00
2074,4000,SEDSURO, 0.00000e+00
2074,4000,SEDIFWO, 0.00000e+00
2074,4000,SEDAGWO, 0.00000e+00
2074,4000,SO_TN,3.551617177419e+01
2074,4000,IO_TN,0.000000000000e+00
2074,4000,AO_TN,0.000000000000e+00
2074,4000,PO_TN,3.551617177419e+01
2074,4000,SO_TP,8.384978501545e+00
2074,4000,IO_TP,0.000000000000e+00
2074,4000,AO_TP,0.000000000000e+00
2074,4000,PO_TP,8.384978501545e+00
2074,4000,SED_TP,8.384978501545e+00
2074,4000,SEDWSSD_TP,8.384978501545e+00
2074,4000,SEDSCRS_TP,0.000000000000e+00
2074,4000,SO_TCd,1.711220102356e-02
2074,4000,IO_TCd,0.000000000000e+00
2074,4000,AO_TCd,0.000000000000e+00
2074,4000,PO_TCd,1.711220102356e-02
2074,4000,SED_TCd,1.711220102356e-02
2074,4000,SEDWSSD_TCd,1.711220102356e-02
2074,4000,SEDSCRS_TCd,0.000000000000e+00
2074,4000,SO_TCu,1.711220102356e+00
2074,4000,IO_TCu,0.000000000000e+00
2074,4000,AO_TCu,0.000000000000e+00
2074,4000,PO_TCu,1.711220102356e+00
2074,4000,SED_TCu,1.711220102356e+00
2074,4000,SEDWSSD_TCu,1.711220102356e+00
2074,4000,SEDSCRS_TCu,0.000000000000e+00
2074,4000,SO_TPb,4.928313894785e-01
2074,4000,IO_TPb,0.000000000000e+00
2074,4000,AO_TPb,0.000000000000e+00
2074,4000,PO_TPb,4.928313894785e-01
2074,4000,SED_TPb,4.928313894785e-01
2074,4000,SEDWSSD_TPb,4.928313894785e-01
2074,4000,SEDSCRS_TPb,0.000000000000e+00
2074,4000,SO_TZn,5.133660307068e+00
2074,4000,IO_TZn,0.000000000000e+00
2074,4000,AO_TZn,0.000000000000e+00
2074,4000,PO_TZn,5.133660307068e+00
2074,4000,SED_TZn,5.133660307068e+00
2074,4000,SEDWSSD_TZn,5.133660307068e+00
2074,4000,SEDSCRS_TZn,0.000000000000e+00
2074,5000,AREA,7.384699200001e+01
2074,5000,PREC,7.809284229139e+02
2074,5000,SURO,7.110384918933e+02
2074,5000,IFWO,0.000000000000e+00
2074,5000,AGWO,0.000000000000e+00
2074,5000,PERO,7.110384918933e+02
2074,5000,TAET,6.988993102068e+01
2074,5000,SEDLOAD,9.907181303769e+00
2074,5000,SEDWSSD, 9.90718e+00
2074,5000,SEDSCRS, 0.00000e+00
2074,5000,SEDSURO, 0.00000e+00
2074,5000,SEDIFWO, 0.00000e+00
2074,5000,SEDAGWO, 0.00000e+00
2074,5000,SO_TN,5.778464478765e+02
2074,5000,IO_TN,0.000000000000e+00
2074,5000,AO_TN,0.000000000000e+00
2074,5000,PO_TN,5.778464478765e+02
2074,5000,SO_TP,6.761651239822e+01
2074,5000,IO_TP,0.000000000000e+00
2074,5000,AO_TP,0.000000000000e+00
2074,5000,PO_TP,6.761651239822e+01
2074,5000,SED_TP,6.761651239822e+01
2074,5000,SEDWSSD_TP,6.761651239822e+01
2074,5000,SEDSCRS_TP,0.000000000000e+00
2074,5000,SO_TCd,7.430385977827e-02
2074,5000,IO_TCd,0.000000000000e+00
2074,5000,AO_TCd,0.000000000000e+00
2074,5000,PO_TCd,7.430385977827e-02
2074,5000,SED_TCd,7.430385977827e-02
2074,5000,SEDWSSD_TCd,7.430385977827e-02
2074,5000,SEDSCRS_TCd,0.000000000000e+00
2074,5000,SO_TCu,7.430385977827e+00
2074,5000,IO_TCu,0.000000000000e+00
2074,5000,AO_TCu,0.000000000000e+00
2074,5000,PO_TCu,7.430385977827e+00
2074,5000,SED_TCu,7.430385977827e+00
2074,5000,SEDWSSD_TCu,7.430385977827e+00
2074,5000,SEDSCRS_TCu,0.000000000000e+00
2074,5000,SO_TPb,3.744914532825e+00
2074,5000,IO_TPb,0.000000000000e+00
2074,5000,AO_TPb,0.000000000000e+00
2074,5000,PO_TPb,3.744914532825e+00
2074,5000,SED_TPb,3.744914532825e+00
2074,5000,SEDWSSD_TPb,3.744914532825e+00
2074,5000,SEDSCRS_TPb,0.000000000000e+00
2074,5000,SO_TZn,2.674938952018e+01
2074,5000,IO_TZn,0.000000000000e+00
2074,5000,AO_TZn,0.000000000000e+00
2074,5000,PO_TZn,2.674938952018e+01
2074,5000,SED_TZn,2.674938952018e+01
2074,5000,SEDWSSD_TZn,2.674938952018e+01
2074,5000,SEDSCRS_TZn,0.000000000000e+00
2074,6000,AREA,2.402410000002e+00
2074,6000,PREC,2.540537131821e+01
2074,6000,SURO,2.313169347926e+01
2074,6000,IFWO,0.000000000000e+00
2074,6000,AGWO,0.000000000000e+00
2074,6000,PERO,2.313169347926e+01
2074,6000,TAET,2.273677838948e+00
2074,6000,SEDLOAD,5.354492996919e-01
2074,6000,SEDWSSD, 5.35449e-01
2074,6000,SEDSCRS, 0.00000e+00
2074,6000,SEDSURO, 0.00000e+00
2074,6000,SEDIFWO, 0.00000e+00
2074,6000,SEDAGWO, 0.00000e+00
2074,6000,SO_TN,1.446473328628e+01
2074,6000,IO_TN,0.000000000000e+00
2074,6000,AO_TN,0.000000000000e+00
2074,6000,PO_TN,1.446473328628e+01
2074,6000,SO_TP,4.216663235074e+00
2074,6000,IO_TP,0.000000000000e+00
2074,6000,AO_TP,0.000000000000e+00
2074,6000,PO_TP,4.216663235074e+00
2074,6000,SED_TP,4.216663235074e+00
2074,6000,SEDWSSD_TP,4.216663235074e+00
2074,6000,SEDSCRS_TP,0.000000000000e+00
2074,6000,SO_TCd,1.070898599384e-02
2074,6000,IO_TCd,0.000000000000e+00
2074,6000,AO_TCd,0.000000000000e+00
2074,6000,PO_TCd,1.070898599384e-02
2074,6000,SED_TCd,1.070898599384e-02
2074,6000,SEDWSSD_TCd,1.070898599384e-02
2074,6000,SEDSCRS_TCd,0.000000000000e+00
2074,6000,SO_TCu,1.070898599384e+00
2074,6000,IO_TCu,0.000000000000e+00
2074,6000,AO_TCu,0.000000000000e+00
2074,6000,PO_TCu,1.070898599384e+00
2074,6000,SED_TCu,1.070898599384e+00
2074,6000,SEDWSSD_TCu,1.070898599384e+00
2074,6000,SEDSCRS_TCu,0.000000000000e+00
2074,6000,SO_TPb,2.775769169603e-01
2074,6000,IO_TPb,0.000000000000e+00
2074,6000,AO_TPb,0.000000000000e+00
2074,6000,PO_TPb,2.775769169603e-01
2074,6000,SED_TPb,2.775769169603e-01
2074,6000,SEDWSSD_TPb,2.775769169603e-01
2074,6000,SEDSCRS_TPb,0.000000000000e+00
2074,6000,SO_TZn,3.084187966225e+00
2074,6000,IO_TZn,0.000000000000e+00
2074,6000,AO_TZn,0.000000000000e+00
2074,6000,PO_TZn,3.084187966225e+00
2074,6000,SED_TZn,3.084187966225e+00
2074,6000,SEDWSSD_TZn,3.084187966225e+00
2074,6000,SEDSCRS_TZn,0.000000000000e+00
2074,7000,AREA,0.000000000000e+00
2074,7000,PREC,0.000000000000e+00
2074,7000,SURO,0.000000000000e+00
2074,7000,IFWO,0.000000000000e+00
2074,7000,AGWO,0.000000000000e+00
2074,7000,PERO,0.000000000000e+00
2074,7000,TAET,0.000000000000e+00
2074,7000,SEDLOAD,0.000000000000e+00
2074,7000,SEDWSSD, 0.00000e+00
2074,7000,SEDSCRS, 0.00000e+00
2074,7000,SEDSURO, 0.00000e+00
2074,7000,SEDIFWO, 0.00000e+00
2074,7000,SEDAGWO, 0.00000e+00
2074,7000,SO_TN,0.000000000000e+00
2074,7000,IO_TN,0.000000000000e+00
2074,7000,AO_TN,0.000000000000e+00
2074,7000,PO_TN,0.000000000000e+00
2074,7000,SO_TP,0.000000000000e+00
2074,7000,IO_TP,0.000000000000e+00
2074,7000,AO_TP,0.000000000000e+00
2074,7000,PO_TP,0.000000000000e+00
2074,7000,SED_TP,0.000000000000e+00
2074,7000,SEDWSSD_TP,0.000000000000e+00
2074,7000,SEDSCRS_TP,0.000000000000e+00
2074,7000,SO_TCd,0.000000000000e+00
2074,7000,IO_TCd,0.000000000000e+00
2074,7000,AO_TCd,0.000000000000e+00
2074,7000,PO_TCd,0.000000000000e+00
2074,7000,SED_TCd,0.000000000000e+00
2074,7000,SEDWSSD_TCd,0.000000000000e+00
2074,7000,SEDSCRS_TCd,0.000000000000e+00
2074,7000,SO_TCu,0.000000000000e+00
2074,7000,IO_TCu,0.000000000000e+00
2074,7000,AO_TCu,0.000000000000e+00
2074,7000,PO_TCu,0.000000000000e+00
2074,7000,SED_TCu,0.000000000000e+00
2074,7000,SEDWSSD_TCu,0.000000000000e+00
2074,7000,SEDSCRS_TCu,0.000000000000e+00
2074,7000,SO_TPb,0.000000000000e+00
2074,7000,IO_TPb,0.000000000000e+00
2074,7000,AO_TPb,0.000000000000e+00
2074,7000,PO_TPb,0.000000000000e+00
2074,7000,SED_TPb,0.000000000000e+00
2074,7000,SEDWSSD_TPb,0.000000000000e+00
2074,7000,SEDSCRS_TPb,0.000000000000e+00
2074,7000,SO_TZn,0.000000000000e+00
2074,7000,IO_TZn,0.000000000000e+00
2074,7000,AO_TZn,0.000000000000e+00
2074,7000,PO_TZn,0.000000000000e+00
2074,7000,SED_TZn,0.000000000000e+00
2074,7000,SEDWSSD_TZn,0.000000000000e+00
2074,7000,SEDSCRS_TZn,0.000000000000e+00
2074,8000,AREA,9.414939000009e+00
2074,8000,PREC,9.956253147184e+01
2074,8000,SURO,9.065208814229e+01
2074,8000,IFWO,0.000000000000e+00
2074,8000,AGWO,0.000000000000e+00
2074,8000,PERO,9.065208814229e+01
2074,8000,TAET,8.910443329552e+00
2074,8000,SEDLOAD,1.860828925459e+00
2074,8000,SEDWSSD, 1.86083e+00
2074,8000,SEDSCRS, 0.00000e+00
2074,8000,SEDSURO, 0.00000e+00
2074,8000,SEDIFWO, 0.00000e+00
2074,8000,SEDAGWO, 0.00000e+00
2074,8000,SO_TN,2.883386462436e+01
2074,8000,IO_TN,0.000000000000e+00
2074,8000,AO_TN,0.000000000000e+00
2074,8000,PO_TN,2.883386462436e+01
2074,8000,SO_TP,1.953870371732e+00
2074,8000,IO_TP,0.000000000000e+00
2074,8000,AO_TP,0.000000000000e+00
2074,8000,PO_TP,1.953870371732e+00
2074,8000,SED_TP,1.953870371732e+00
2074,8000,SEDWSSD_TP,1.953870371732e+00
2074,8000,SEDSCRS_TP,0.000000000000e+00
2074,8000,SO_TCd,2.093432541141e-02
2074,8000,IO_TCd,0.000000000000e+00
2074,8000,AO_TCd,0.000000000000e+00
2074,8000,PO_TCd,2.093432541141e-02
2074,8000,SED_TCd,2.093432541141e-02
2074,8000,SEDWSSD_TCd,2.093432541141e-02
2074,8000,SEDSCRS_TCd,0.000000000000e+00
2074,8000,SO_TCu,2.093432541141e+00
2074,8000,IO_TCu,0.000000000000e+00
2074,8000,AO_TCu,0.000000000000e+00
2074,8000,PO_TCu,2.093432541141e+00
2074,8000,SED_TCu,2.093432541141e+00
2074,8000,SEDWSSD_TCu,2.093432541141e+00
2074,8000,SEDSCRS_TCu,0.000000000000e+00
2074,8000,SO_TPb,5.024238098739e-01
2074,8000,IO_TPb,0.000000000000e+00
2074,8000,AO_TPb,0.000000000000e+00
2074,8000,PO_TPb,5.024238098739e-01
2074,8000,SED_TPb,5.024238098739e-01
2074,8000,SEDWSSD_TPb,5.024238098739e-01
2074,8000,SEDSCRS_TPb,0.000000000000e+00
2074,8000,SO_TZn,8.038780957982e+00
2074,8000,IO_TZn,0.000000000000e+00
2074,8000,AO_TZn,0.000000000000e+00
2074,8000,PO_TZn,8.038780957982e+00
2074,8000,SED_TZn,8.038780957982e+00
2074,8000,SEDWSSD_TZn,8.038780957982e+00
2074,8000,SEDSCRS_TZn,0.000000000000e+00
2074,9000,AREA,6.360580100000e+01
2074,9000,PREC,6.726283158982e+02
2074,9000,SURO,6.336263268618e+02
2074,9000,IFWO,0.000000000000e+00
2074,9000,AGWO,0.000000000000e+00
2074,9000,PERO,6.336263268618e+02
2074,9000,TAET,3.900198903643e+01
2074,9000,SEDLOAD,1.621291526587e+00
2074,9000,SEDWSSD, 1.62129e+00
2074,9000,SEDSCRS, 0.00000e+00
2074,9000,SEDSURO, 0.00000e+00
2074,9000,SEDIFWO, 0.00000e+00
2074,9000,SEDAGWO, 0.00000e+00
2074,9000,SO_TN,2.019423100080e+02
2074,9000,IO_TN,0.000000000000e+00
2074,9000,AO_TN,0.000000000000e+00
2074,9000,PO_TN,2.019423100080e+02
2074,9000,SO_TP,1.702356102917e+00
2074,9000,IO_TP,0.000000000000e+00
2074,9000,AO_TP,0.000000000000e+00
2074,9000,PO_TP,1.702356102917e+00
2074,9000,SED_TP,1.702356102917e+00
2074,9000,SEDWSSD_TP,1.702356102917e+00
2074,9000,SEDSCRS_TP,0.000000000000e+00
2074,9000,SO_TCd,6.079843224703e-03
2074,9000,IO_TCd,0.000000000000e+00
2074,9000,AO_TCd,0.000000000000e+00
2074,9000,PO_TCd,6.079843224703e-03
2074,9000,SED_TCd,6.079843224703e-03
2074,9000,SEDWSSD_TCd,6.079843224703e-03
2074,9000,SEDSCRS_TCd,0.000000000000e+00
2074,9000,SO_TCu,6.079843224703e-01
2074,9000,IO_TCu,0.000000000000e+00
2074,9000,AO_TCu,0.000000000000e+00
2074,9000,PO_TCu,6.079843224703e-01
2074,9000,SED_TCu,6.079843224703e-01
2074,9000,SEDWSSD_TCu,6.079843224703e-01
2074,9000,SEDSCRS_TCu,0.000000000000e+00
2074,9000,SO_TPb,1.459162373929e-01
2074,9000,IO_TPb,0.000000000000e+00
2074,9000,AO_TPb,0.000000000000e+00
2074,9000,PO_TPb,1.459162373929e-01
2074,9000,SED_TPb,1.459162373929e-01
2074,9000,SEDWSSD_TPb,1.459162373929e-01
2074,9000,SEDSCRS_TPb,0.000000000000e+00
2074,9000,SO_TZn,8.754974243572e+00
2074,9000,IO_TZn,0.000000000000e+00
2074,9000,AO_TZn,0.000000000000e+00
2074,9000,PO_TZn,8.754974243572e+00
2074,9000,SED_TZn,8.754974243572e+00
2074,9000,SEDWSSD_TZn,8.754974243572e+00
2074,9000,SEDSCRS_TZn,0.000000000000e+00
2074,10000,AREA,3.704285000003e+00
2074,10000,PREC,3.917263743219e+01
2074,10000,SURO,1.086926214228e+02
2074,10000,IFWO,0.000000000000e+00
2074,10000,AGWO,0.000000000000e+00
2074,10000,PERO,1.086926214228e+02
2074,10000,TAET,3.876711076044e+01
2074,10000,SEDLOAD,1.847339152399e+00
2074,10000,SEDWSSD, 0.00000e+00
2074,10000,SEDSCRS, 0.00000e+00
2074,10000,SEDSURO, 1.84734e+00
2074,10000,SEDIFWO, 0.00000e+00
2074,10000,SEDAGWO, 0.00000e+00
2074,10000,SO_TN,9.852488085991e+01
2074,10000,IO_TN,0.000000000000e+00
2074,10000,AO_TN,0.000000000000e+00
2074,10000,PO_TN,9.852488085991e+01
2074,10000,SO_TP,9.852488085989e+00
2074,10000,IO_TP,0.000000000000e+00
2074,10000,AO_TP,0.000000000000e+00
2074,10000,PO_TP,9.852488085989e+00
2074,10000,SED_TP,0.000000000000e+00
2074,10000,SEDWSSD_TP,0.000000000000e+00
2074,10000,SEDSCRS_TP,0.000000000000e+00
2074,10000,SO_TCd,2.463122021498e-03
2074,10000,IO_TCd,0.000000000000e+00
2074,10000,AO_TCd,0.000000000000e+00
2074,10000,PO_TCd,2.463122021498e-03
2074,10000,SED_TCd,0.000000000000e+00
2074,10000,SEDWSSD_TCd,0.000000000000e+00
2074,10000,SEDSCRS_TCd,0.000000000000e+00
2074,10000,SO_TCu,6.157805053743e-01
2074,10000,IO_TCu,0.000000000000e+00
2074,10000,AO_TCu,0.000000000000e+00
2074,10000,PO_TCu,6.157805053743e-01
2074,10000,SED_TCu,0.000000000000e+00
2074,10000,SEDWSSD_TCu,0.000000000000e+00
2074,10000,SEDSCRS_TCu,0.000000000000e+00
2074,10000,SO_TPb,9.852488085990e-02
2074,10000,IO_TPb,0.000000000000e+00
2074,10000,AO_TPb,0.000000000000e+00
2074,10000,PO_TPb,9.852488085990e-02
2074,10000,SED_TPb,0.000000000000e+00
2074,10000,SEDWSSD_TPb,0.000000000000e+00
2074,10000,SEDSCRS_TPb,0.000000000000e+00
2074,10000,SO_TZn,1.970497617198e+00
2074,10000,IO_TZn,0.000000000000e+00
2074,10000,AO_TZn,0.000000000000e+00
2074,10000,PO_TZn,1.970497617198e+00
2074,10000,SED_TZn,0.000000000000e+00
2074,10000,SEDWSSD_TZn,0.000000000000e+00
2074,10000,SEDSCRS_TZn,0.000000000000e+00
2074,11111,AREA,0.000000000000e+00
2074,11111,PREC,0.000000000000e+00
2074,11111,SURO,0.000000000000e+00
2074,11111,IFWO,0.000000000000e+00
2074,11111,AGWO,0.000000000000e+00
2074,11111,PERO,0.000000000000e+00
2074,11111,TAET,0.000000000000e+00
2074,11111,SEDLOAD,0.000000000000e+00
2074,11111,SEDWSSD, 0.00000e+00
2074,11111,SEDSCRS, 0.00000e+00
2074,11111,SEDSURO, 0.00000e+00
2074,11111,SEDIFWO, 0.00000e+00
2074,11111,SEDAGWO, 0.00000e+00
2074,11111,SO_TN,0.000000000000e+00
2074,11111,IO_TN,0.000000000000e+00
2074,11111,AO_TN,0.000000000000e+00
2074,11111,PO_TN,0.000000000000e+00
2074,11111,SO_TP,0.000000000000e+00
2074,11111,IO_TP,0.000000000000e+00
2074,11111,AO_TP,0.000000000000e+00
2074,11111,PO_TP,0.000000000000e+00
2074,11111,SED_TP,0.000000000000e+00
2074,11111,SEDWSSD_TP,0.000000000000e+00
2074,11111,SEDSCRS_TP,0.000000000000e+00
2074,11111,SO_TCd,0.000000000000e+00
2074,11111,IO_TCd,0.000000000000e+00
2074,11111,AO_TCd,0.000000000000e+00
2074,11111,PO_TCd,0.000000000000e+00
2074,11111,SED_TCd,0.000000000000e+00
2074,11111,SEDWSSD_TCd,0.000000000000e+00
2074,11111,SEDSCRS_TCd,0.000000000000e+00
2074,11111,SO_TCu,0.000000000000e+00
2074,11111,IO_TCu,0.000000000000e+00
2074,11111,AO_TCu,0.000000000000e+00
2074,11111,PO_TCu,0.000000000000e+00
2074,11111,SED_TCu,0.000000000000e+00
2074,11111,SEDWSSD_TCu,0.000000000000e+00
2074,11111,SEDSCRS_TCu,0.000000000000e+00
2074,11111,SO_TPb,0.000000000000e+00
2074,11111,IO_TPb,0.000000000000e+00
2074,11111,AO_TPb,0.000000000000e+00
2074,11111,PO_TPb,0.000000000000e+00
2074,11111,SED_TPb,0.000000000000e+00
2074,11111,SEDWSSD_TPb,0.000000000000e+00
2074,11111,SEDSCRS_TPb,0.000000000000e+00
2074,11111,SO_TZn,0.000000000000e+00
2074,11111,IO_TZn,0.000000000000e+00
2074,11111,AO_TZn,0.000000000000e+00
2074,11111,PO_TZn,0.000000000000e+00
2074,11111,SED_TZn,0.000000000000e+00
2074,11111,SEDWSSD_TZn,0.000000000000e+00
2074,11111,SEDSCRS_TZn,0.000000000000e+00
2074,11112,AREA,0.000000000000e+00
2074,11112,PREC,0.000000000000e+00
2074,11112,SURO,0.000000000000e+00
2074,11112,IFWO,0.000000000000e+00
2074,11112,AGWO,0.000000000000e+00
2074,11112,PERO,0.000000000000e+00
2074,11112,TAET,0.000000000000e+00
2074,11112,SEDLOAD,0.000000000000e+00
2074,11112,SEDWSSD, 0.00000e+00
2074,11112,SEDSCRS, 0.00000e+00
2074,11112,SEDSURO, 0.00000e+00
2074,11112,SEDIFWO, 0.00000e+00
2074,11112,SEDAGWO, 0.00000e+00
2074,11112,SO_TN,0.000000000000e+00
2074,11112,IO_TN,0.000000000000e+00
2074,11112,AO_TN,0.000000000000e+00
2074,11112,PO_TN,0.000000000000e+00
2074,11112,SO_TP,0.000000000000e+00
2074,11112,IO_TP,0.000000000000e+00
2074,11112,AO_TP,0.000000000000e+00
2074,11112,PO_TP,0.000000000000e+00
2074,11112,SED_TP,0.000000000000e+00
2074,11112,SEDWSSD_TP,0.000000000000e+00
2074,11112,SEDSCRS_TP,0.000000000000e+00
2074,11112,SO_TCd,0.000000000000e+00
2074,11112,IO_TCd,0.000000000000e+00
2074,11112,AO_TCd,0.000000000000e+00
2074,11112,PO_TCd,0.000000000000e+00
2074,11112,SED_TCd,0.000000000000e+00
2074,11112,SEDWSSD_TCd,0.000000000000e+00
2074,11112,SEDSCRS_TCd,0.000000000000e+00
2074,11112,SO_TCu,0.000000000000e+00
2074,11112,IO_TCu,0.000000000000e+00
2074,11112,AO_TCu,0.000000000000e+00
2074,11112,PO_TCu,0.000000000000e+00
2074,11112,SED_TCu,0.000000000000e+00
2074,11112,SEDWSSD_TCu,0.000000000000e+00
2074,11112,SEDSCRS_TCu,0.000000000000e+00
2074,11112,SO_TPb,0.000000000000e+00
2074,11112,IO_TPb,0.000000000000e+00
2074,11112,AO_TPb,0.000000000000e+00
2074,11112,PO_TPb,0.000000000000e+00
2074,11112,SED_TPb,0.000000000000e+00
2074,11112,SEDWSSD_TPb,0.000000000000e+00
2074,11112,SEDSCRS_TPb,0.000000000000e+00
2074,11112,SO_TZn,0.000000000000e+00
2074,11112,IO_TZn,0.000000000000e+00
2074,11112,AO_TZn,0.000000000000e+00
2074,11112,PO_TZn,0.000000000000e+00
2074,11112,SED_TZn,0.000000000000e+00
2074,11112,SEDWSSD_TZn,0.000000000000e+00
2074,11112,SEDSCRS_TZn,0.000000000000e+00
2074,11121,AREA,0.000000000000e+00
2074,11121,PREC,0.000000000000e+00
2074,11121,SURO,0.000000000000e+00
2074,11121,IFWO,0.000000000000e+00
2074,11121,AGWO,0.000000000000e+00
2074,11121,PERO,0.000000000000e+00
2074,11121,TAET,0.000000000000e+00
2074,11121,SEDLOAD,0.000000000000e+00
2074,11121,SEDWSSD, 0.00000e+00
2074,11121,SEDSCRS, 0.00000e+00
2074,11121,SEDSURO, 0.00000e+00
2074,11121,SEDIFWO, 0.00000e+00
2074,11121,SEDAGWO, 0.00000e+00
2074,11121,SO_TN,0.000000000000e+00
2074,11121,IO_TN,0.000000000000e+00
2074,11121,AO_TN,0.000000000000e+00
2074,11121,PO_TN,0.000000000000e+00
2074,11121,SO_TP,0.000000000000e+00
2074,11121,IO_TP,0.000000000000e+00
2074,11121,AO_TP,0.000000000000e+00
2074,11121,PO_TP,0.000000000000e+00
2074,11121,SED_TP,0.000000000000e+00
2074,11121,SEDWSSD_TP,0.000000000000e+00
2074,11121,SEDSCRS_TP,0.000000000000e+00
2074,11121,SO_TCd,0.000000000000e+00
2074,11121,IO_TCd,0.000000000000e+00
2074,11121,AO_TCd,0.000000000000e+00
2074,11121,PO_TCd,0.000000000000e+00
2074,11121,SED_TCd,0.000000000000e+00
2074,11121,SEDWSSD_TCd,0.000000000000e+00
2074,11121,SEDSCRS_TCd,0.000000000000e+00
2074,11121,SO_TCu,0.000000000000e+00
2074,11121,IO_TCu,0.000000000000e+00
2074,11121,AO_TCu,0.000000000000e+00
2074,11121,PO_TCu,0.000000000000e+00
2074,11121,SED_TCu,0.000000000000e+00
2074,11121,SEDWSSD_TCu,0.000000000000e+00
2074,11121,SEDSCRS_TCu,0.000000000000e+00
2074,11121,SO_TPb,0.000000000000e+00
2074,11121,IO_TPb,0.000000000000e+00
2074,11121,AO_TPb,0.000000000000e+00
2074,11121,PO_TPb,0.000000000000e+00
2074,11121,SED_TPb,0.000000000000e+00
2074,11121,SEDWSSD_TPb,0.000000000000e+00
2074,11121,SEDSCRS_TPb,0.000000000000e+00
2074,11121,SO_TZn,0.000000000000e+00
2074,11121,IO_TZn,0.000000000000e+00
2074,11121,AO_TZn,0.000000000000e+00
2074,11121,PO_TZn,0.000000000000e+00
2074,11121,SED_TZn,0.000000000000e+00
2074,11121,SEDWSSD_TZn,0.000000000000e+00
2074,11121,SEDSCRS_TZn,0.000000000000e+00
2074,11122,AREA,0.000000000000e+00
2074,11122,PREC,0.000000000000e+00
2074,11122,SURO,0.000000000000e+00
2074,11122,IFWO,0.000000000000e+00
2074,11122,AGWO,0.000000000000e+00
2074,11122,PERO,0.000000000000e+00
2074,11122,TAET,0.000000000000e+00
2074,11122,SEDLOAD,0.000000000000e+00
2074,11122,SEDWSSD, 0.00000e+00
2074,11122,SEDSCRS, 0.00000e+00
2074,11122,SEDSURO, 0.00000e+00
2074,11122,SEDIFWO, 0.00000e+00
2074,11122,SEDAGWO, 0.00000e+00
2074,11122,SO_TN,0.000000000000e+00
2074,11122,IO_TN,0.000000000000e+00
2074,11122,AO_TN,0.000000000000e+00
2074,11122,PO_TN,0.000000000000e+00
2074,11122,SO_TP,0.000000000000e+00
2074,11122,IO_TP,0.000000000000e+00
2074,11122,AO_TP,0.000000000000e+00
2074,11122,PO_TP,0.000000000000e+00
2074,11122,SED_TP,0.000000000000e+00
2074,11122,SEDWSSD_TP,0.000000000000e+00
2074,11122,SEDSCRS_TP,0.000000000000e+00
2074,11122,SO_TCd,0.000000000000e+00
2074,11122,IO_TCd,0.000000000000e+00
2074,11122,AO_TCd,0.000000000000e+00
2074,11122,PO_TCd,0.000000000000e+00
2074,11122,SED_TCd,0.000000000000e+00
2074,11122,SEDWSSD_TCd,0.000000000000e+00
2074,11122,SEDSCRS_TCd,0.000000000000e+00
2074,11122,SO_TCu,0.000000000000e+00
2074,11122,IO_TCu,0.000000000000e+00
2074,11122,AO_TCu,0.000000000000e+00
2074,11122,PO_TCu,0.000000000000e+00
2074,11122,SED_TCu,0.000000000000e+00
2074,11122,SEDWSSD_TCu,0.000000000000e+00
2074,11122,SEDSCRS_TCu,0.000000000000e+00
2074,11122,SO_TPb,0.000000000000e+00
2074,11122,IO_TPb,0.000000000000e+00
2074,11122,AO_TPb,0.000000000000e+00
2074,11122,PO_TPb,0.000000000000e+00
2074,11122,SED_TPb,0.000000000000e+00
2074,11122,SEDWSSD_TPb,0.000000000000e+00
2074,11122,SEDSCRS_TPb,0.000000000000e+00
2074,11122,SO_TZn,0.000000000000e+00
2074,11122,IO_TZn,0.000000000000e+00
2074,11122,AO_TZn,0.000000000000e+00
2074,11122,PO_TZn,0.000000000000e+00
2074,11122,SED_TZn,0.000000000000e+00
2074,11122,SEDWSSD_TZn,0.000000000000e+00
2074,11122,SEDSCRS_TZn,0.000000000000e+00
2074,11211,AREA,0.000000000000e+00
2074,11211,PREC,0.000000000000e+00
2074,11211,SURO,0.000000000000e+00
2074,11211,IFWO,0.000000000000e+00
2074,11211,AGWO,0.000000000000e+00
2074,11211,PERO,0.000000000000e+00
2074,11211,TAET,0.000000000000e+00
2074,11211,SEDLOAD,0.000000000000e+00
2074,11211,SEDWSSD, 0.00000e+00
2074,11211,SEDSCRS, 0.00000e+00
2074,11211,SEDSURO, 0.00000e+00
2074,11211,SEDIFWO, 0.00000e+00
2074,11211,SEDAGWO, 0.00000e+00
2074,11211,SO_TN,0.000000000000e+00
2074,11211,IO_TN,0.000000000000e+00
2074,11211,AO_TN,0.000000000000e+00
2074,11211,PO_TN,0.000000000000e+00
2074,11211,SO_TP,0.000000000000e+00
2074,11211,IO_TP,0.000000000000e+00
2074,11211,AO_TP,0.000000000000e+00
2074,11211,PO_TP,0.000000000000e+00
2074,11211,SED_TP,0.000000000000e+00
2074,11211,SEDWSSD_TP,0.000000000000e+00
2074,11211,SEDSCRS_TP,0.000000000000e+00
2074,11211,SO_TCd,0.000000000000e+00
2074,11211,IO_TCd,0.000000000000e+00
2074,11211,AO_TCd,0.000000000000e+00
2074,11211,PO_TCd,0.000000000000e+00
2074,11211,SED_TCd,0.000000000000e+00
2074,11211,SEDWSSD_TCd,0.000000000000e+00
2074,11211,SEDSCRS_TCd,0.000000000000e+00
2074,11211,SO_TCu,0.000000000000e+00
2074,11211,IO_TCu,0.000000000000e+00
2074,11211,AO_TCu,0.000000000000e+00
2074,11211,PO_TCu,0.000000000000e+00
2074,11211,SED_TCu,0.000000000000e+00
2074,11211,SEDWSSD_TCu,0.000000000000e+00
2074,11211,SEDSCRS_TCu,0.000000000000e+00
2074,11211,SO_TPb,0.000000000000e+00
2074,11211,IO_TPb,0.000000000000e+00
2074,11211,AO_TPb,0.000000000000e+00
2074,11211,PO_TPb,0.000000000000e+00
2074,11211,SED_TPb,0.000000000000e+00
2074,11211,SEDWSSD_TPb,0.000000000000e+00
2074,11211,SEDSCRS_TPb,0.000000000000e+00
2074,11211,SO_TZn,0.000000000000e+00
2074,11211,IO_TZn,0.000000000000e+00
2074,11211,AO_TZn,0.000000000000e+00
2074,11211,PO_TZn,0.000000000000e+00
2074,11211,SED_TZn,0.000000000000e+00
2074,11211,SEDWSSD_TZn,0.000000000000e+00
2074,11211,SEDSCRS_TZn,0.000000000000e+00
2074,11212,AREA,0.000000000000e+00
2074,11212,PREC,0.000000000000e+00
2074,11212,SURO,0.000000000000e+00
2074,11212,IFWO,0.000000000000e+00
2074,11212,AGWO,0.000000000000e+00
2074,11212,PERO,0.000000000000e+00
2074,11212,TAET,0.000000000000e+00
2074,11212,SEDLOAD,0.000000000000e+00
2074,11212,SEDWSSD, 0.00000e+00
2074,11212,SEDSCRS, 0.00000e+00
2074,11212,SEDSURO, 0.00000e+00
2074,11212,SEDIFWO, 0.00000e+00
2074,11212,SEDAGWO, 0.00000e+00
2074,11212,SO_TN,0.000000000000e+00
2074,11212,IO_TN,0.000000000000e+00
2074,11212,AO_TN,0.000000000000e+00
2074,11212,PO_TN,0.000000000000e+00
2074,11212,SO_TP,0.000000000000e+00
2074,11212,IO_TP,0.000000000000e+00
2074,11212,AO_TP,0.000000000000e+00
2074,11212,PO_TP,0.000000000000e+00
2074,11212,SED_TP,0.000000000000e+00
2074,11212,SEDWSSD_TP,0.000000000000e+00
2074,11212,SEDSCRS_TP,0.000000000000e+00
2074,11212,SO_TCd,0.000000000000e+00
2074,11212,IO_TCd,0.000000000000e+00
2074,11212,AO_TCd,0.000000000000e+00
2074,11212,PO_TCd,0.000000000000e+00
2074,11212,SED_TCd,0.000000000000e+00
2074,11212,SEDWSSD_TCd,0.000000000000e+00
2074,11212,SEDSCRS_TCd,0.000000000000e+00
2074,11212,SO_TCu,0.000000000000e+00
2074,11212,IO_TCu,0.000000000000e+00
2074,11212,AO_TCu,0.000000000000e+00
2074,11212,PO_TCu,0.000000000000e+00
2074,11212,SED_TCu,0.000000000000e+00
2074,11212,SEDWSSD_TCu,0.000000000000e+00
2074,11212,SEDSCRS_TCu,0.000000000000e+00
2074,11212,SO_TPb,0.000000000000e+00
2074,11212,IO_TPb,0.000000000000e+00
2074,11212,AO_TPb,0.000000000000e+00
2074,11212,PO_TPb,0.000000000000e+00
2074,11212,SED_TPb,0.000000000000e+00
2074,11212,SEDWSSD_TPb,0.000000000000e+00
2074,11212,SEDSCRS_TPb,0.000000000000e+00
2074,11212,SO_TZn,0.000000000000e+00
2074,11212,IO_TZn,0.000000000000e+00
2074,11212,AO_TZn,0.000000000000e+00
2074,11212,PO_TZn,0.000000000000e+00
2074,11212,SED_TZn,0.000000000000e+00
2074,11212,SEDWSSD_TZn,0.000000000000e+00
2074,11212,SEDSCRS_TZn,0.000000000000e+00
2074,11221,AREA,0.000000000000e+00
2074,11221,PREC,0.000000000000e+00
2074,11221,SURO,0.000000000000e+00
2074,11221,IFWO,0.000000000000e+00
2074,11221,AGWO,0.000000000000e+00
2074,11221,PERO,0.000000000000e+00
2074,11221,TAET,0.000000000000e+00
2074,11221,SEDLOAD,0.000000000000e+00
2074,11221,SEDWSSD, 0.00000e+00
2074,11221,SEDSCRS, 0.00000e+00
2074,11221,SEDSURO, 0.00000e+00
2074,11221,SEDIFWO, 0.00000e+00
2074,11221,SEDAGWO, 0.00000e+00
2074,11221,SO_TN,0.000000000000e+00
2074,11221,IO_TN,0.000000000000e+00
2074,11221,AO_TN,0.000000000000e+00
2074,11221,PO_TN,0.000000000000e+00
2074,11221,SO_TP,0.000000000000e+00
2074,11221,IO_TP,0.000000000000e+00
2074,11221,AO_TP,0.000000000000e+00
2074,11221,PO_TP,0.000000000000e+00
2074,11221,SED_TP,0.000000000000e+00
2074,11221,SEDWSSD_TP,0.000000000000e+00
2074,11221,SEDSCRS_TP,0.000000000000e+00
2074,11221,SO_TCd,0.000000000000e+00
2074,11221,IO_TCd,0.000000000000e+00
2074,11221,AO_TCd,0.000000000000e+00
2074,11221,PO_TCd,0.000000000000e+00
2074,11221,SED_TCd,0.000000000000e+00
2074,11221,SEDWSSD_TCd,0.000000000000e+00
2074,11221,SEDSCRS_TCd,0.000000000000e+00
2074,11221,SO_TCu,0.000000000000e+00
2074,11221,IO_TCu,0.000000000000e+00
2074,11221,AO_TCu,0.000000000000e+00
2074,11221,PO_TCu,0.000000000000e+00
2074,11221,SED_TCu,0.000000000000e+00
2074,11221,SEDWSSD_TCu,0.000000000000e+00
2074,11221,SEDSCRS_TCu,0.000000000000e+00
2074,11221,SO_TPb,0.000000000000e+00
2074,11221,IO_TPb,0.000000000000e+00
2074,11221,AO_TPb,0.000000000000e+00
2074,11221,PO_TPb,0.000000000000e+00
2074,11221,SED_TPb,0.000000000000e+00
2074,11221,SEDWSSD_TPb,0.000000000000e+00
2074,11221,SEDSCRS_TPb,0.000000000000e+00
2074,11221,SO_TZn,0.000000000000e+00
2074,11221,IO_TZn,0.000000000000e+00
2074,11221,AO_TZn,0.000000000000e+00
2074,11221,PO_TZn,0.000000000000e+00
2074,11221,SED_TZn,0.000000000000e+00
2074,11221,SEDWSSD_TZn,0.000000000000e+00
2074,11221,SEDSCRS_TZn,0.000000000000e+00
2074,11222,AREA,0.000000000000e+00
2074,11222,PREC,0.000000000000e+00
2074,11222,SURO,0.000000000000e+00
2074,11222,IFWO,0.000000000000e+00
2074,11222,AGWO,0.000000000000e+00
2074,11222,PERO,0.000000000000e+00
2074,11222,TAET,0.000000000000e+00
2074,11222,SEDLOAD,0.000000000000e+00
2074,11222,SEDWSSD, 0.00000e+00
2074,11222,SEDSCRS, 0.00000e+00
2074,11222,SEDSURO, 0.00000e+00
2074,11222,SEDIFWO, 0.00000e+00
2074,11222,SEDAGWO, 0.00000e+00
2074,11222,SO_TN,0.000000000000e+00
2074,11222,IO_TN,0.000000000000e+00
2074,11222,AO_TN,0.000000000000e+00
2074,11222,PO_TN,0.000000000000e+00
2074,11222,SO_TP,0.000000000000e+00
2074,11222,IO_TP,0.000000000000e+00
2074,11222,AO_TP,0.000000000000e+00
2074,11222,PO_TP,0.000000000000e+00
2074,11222,SED_TP,0.000000000000e+00
2074,11222,SEDWSSD_TP,0.000000000000e+00
2074,11222,SEDSCRS_TP,0.000000000000e+00
2074,11222,SO_TCd,0.000000000000e+00
2074,11222,IO_TCd,0.000000000000e+00
2074,11222,AO_TCd,0.000000000000e+00
2074,11222,PO_TCd,0.000000000000e+00
2074,11222,SED_TCd,0.000000000000e+00
2074,11222,SEDWSSD_TCd,0.000000000000e+00
2074,11222,SEDSCRS_TCd,0.000000000000e+00
2074,11222,SO_TCu,0.000000000000e+00
2074,11222,IO_TCu,0.000000000000e+00
2074,11222,AO_TCu,0.000000000000e+00
2074,11222,PO_TCu,0.000000000000e+00
2074,11222,SED_TCu,0.000000000000e+00
2074,11222,SEDWSSD_TCu,0.000000000000e+00
2074,11222,SEDSCRS_TCu,0.000000000000e+00
2074,11222,SO_TPb,0.000000000000e+00
2074,11222,IO_TPb,0.000000000000e+00
2074,11222,AO_TPb,0.000000000000e+00
2074,11222,PO_TPb,0.000000000000e+00
2074,11222,SED_TPb,0.000000000000e+00
2074,11222,SEDWSSD_TPb,0.000000000000e+00
2074,11222,SEDSCRS_TPb,0.000000000000e+00
2074,11222,SO_TZn,0.000000000000e+00
2074,11222,IO_TZn,0.000000000000e+00
2074,11222,AO_TZn,0.000000000000e+00
2074,11222,PO_TZn,0.000000000000e+00
2074,11222,SED_TZn,0.000000000000e+00
2074,11222,SEDWSSD_TZn,0.000000000000e+00
2074,11222,SEDSCRS_TZn,0.000000000000e+00
2074,11311,AREA,3.611327299999e+01
2074,11311,PREC,3.818961418246e+02
2074,11311,SURO,1.341885396775e+02
2074,11311,IFWO,5.545814918710e+01
2074,11311,AGWO,5.406294657273e+02
2074,11311,PERO,7.302761545918e+02
2074,11311,TAET,6.946335226599e+02
2074,11311,SEDLOAD,1.853604998288e+00
2074,11311,SEDWSSD, 1.78606e+00
2074,11311,SEDSCRS, 0.00000e+00
2074,11311,SEDSURO, 0.00000e+00
2074,11311,SEDIFWO, 6.28378e-03
2074,11311,SEDAGWO, 6.12569e-02
2074,11311,SO_TN,4.380760764623e+01
2074,11311,IO_TN,2.513513553103e+01
2074,11311,AO_TN,9.188546966702e+01
2074,11311,PO_TN,1.608282128443e+02
2074,11311,SO_TP,3.572128642095e+00
2074,11311,IO_TP,5.027027106205e+00
2074,11311,AO_TP,2.450279191121e+01
2074,11311,PO_TP,3.310194765951e+01
2074,11311,SED_TP,3.572128642095e+00
2074,11311,SEDWSSD_TP,3.572128642095e+00
2074,11311,SEDSCRS_TP,0.000000000000e+00
2074,11311,SO_TCd,8.930321605239e-03
2074,11311,IO_TCd,0.000000000000e+00
2074,11311,AO_TCd,0.000000000000e+00
2074,11311,PO_TCd,8.930321605239e-03
2074,11311,SED_TCd,8.930321605239e-03
2074,11311,SEDWSSD_TCd,8.930321605239e-03
2074,11311,SEDSCRS_TCd,0.000000000000e+00
2074,11311,SO_TCu,8.930321605239e-01
2074,11311,IO_TCu,0.000000000000e+00
2074,11311,AO_TCu,0.000000000000e+00
2074,11311,PO_TCu,8.930321605239e-01
2074,11311,SED_TCu,8.930321605239e-01
2074,11311,SEDWSSD_TCu,8.930321605239e-01
2074,11311,SEDSCRS_TCu,0.000000000000e+00
2074,11311,SO_TPb,1.786064321048e-02
2074,11311,IO_TPb,0.000000000000e+00
2074,11311,AO_TPb,0.000000000000e+00
2074,11311,PO_TPb,1.786064321048e-02
2074,11311,SED_TPb,1.786064321048e-02
2074,11311,SEDWSSD_TPb,1.786064321048e-02
2074,11311,SEDSCRS_TPb,0.000000000000e+00
2074,11311,SO_TZn,6.429831555772e+00
2074,11311,IO_TZn,0.000000000000e+00
2074,11311,AO_TZn,6.125697977802e+00
2074,11311,PO_TZn,1.255552953357e+01
2074,11311,SED_TZn,6.429831555772e+00
2074,11311,SEDWSSD_TZn,6.429831555772e+00
2074,11311,SEDSCRS_TZn,0.000000000000e+00
2074,11312,AREA,0.000000000000e+00
2074,11312,PREC,0.000000000000e+00
2074,11312,SURO,0.000000000000e+00
2074,11312,IFWO,0.000000000000e+00
2074,11312,AGWO,0.000000000000e+00
2074,11312,PERO,0.000000000000e+00
2074,11312,TAET,0.000000000000e+00
2074,11312,SEDLOAD,0.000000000000e+00
2074,11312,SEDWSSD, 0.00000e+00
2074,11312,SEDSCRS, 0.00000e+00
2074,11312,SEDSURO, 0.00000e+00
2074,11312,SEDIFWO, 0.00000e+00
2074,11312,SEDAGWO, 0.00000e+00
2074,11312,SO_TN,0.000000000000e+00
2074,11312,IO_TN,0.000000000000e+00
2074,11312,AO_TN,0.000000000000e+00
2074,11312,PO_TN,0.000000000000e+00
2074,11312,SO_TP,0.000000000000e+00
2074,11312,IO_TP,0.000000000000e+00
2074,11312,AO_TP,0.000000000000e+00
2074,11312,PO_TP,0.000000000000e+00
2074,11312,SED_TP,0.000000000000e+00
2074,11312,SEDWSSD_TP,0.000000000000e+00
2074,11312,SEDSCRS_TP,0.000000000000e+00
2074,11312,SO_TCd,0.000000000000e+00
2074,11312,IO_TCd,0.000000000000e+00
2074,11312,AO_TCd,0.000000000000e+00
2074,11312,PO_TCd,0.000000000000e+00
2074,11312,SED_TCd,0.000000000000e+00
2074,11312,SEDWSSD_TCd,0.000000000000e+00
2074,11312,SEDSCRS_TCd,0.000000000000e+00
2074,11312,SO_TCu,0.000000000000e+00
2074,11312,IO_TCu,0.000000000000e+00
2074,11312,AO_TCu,0.000000000000e+00
2074,11312,PO_TCu,0.000000000000e+00
2074,11312,SED_TCu,0.000000000000e+00
2074,11312,SEDWSSD_TCu,0.000000000000e+00
2074,11312,SEDSCRS_TCu,0.000000000000e+00
2074,11312,SO_TPb,0.000000000000e+00
2074,11312,IO_TPb,0.000000000000e+00
2074,11312,AO_TPb,0.000000000000e+00
2074,11312,PO_TPb,0.000000000000e+00
2074,11312,SED_TPb,0.000000000000e+00
2074,11312,SEDWSSD_TPb,0.000000000000e+00
2074,11312,SEDSCRS_TPb,0.000000000000e+00
2074,11312,SO_TZn,0.000000000000e+00
2074,11312,IO_TZn,0.000000000000e+00
2074,11312,AO_TZn,0.000000000000e+00
2074,11312,PO_TZn,0.000000000000e+00
2074,11312,SED_TZn,0.000000000000e+00
2074,11312,SEDWSSD_TZn,0.000000000000e+00
2074,11312,SEDSCRS_TZn,0.000000000000e+00
2074,11321,AREA,0.000000000000e+00
2074,11321,PREC,0.000000000000e+00
2074,11321,SURO,0.000000000000e+00
2074,11321,IFWO,0.000000000000e+00
2074,11321,AGWO,0.000000000000e+00
2074,11321,PERO,0.000000000000e+00
2074,11321,TAET,0.000000000000e+00
2074,11321,SEDLOAD,0.000000000000e+00
2074,11321,SEDWSSD, 0.00000e+00
2074,11321,SEDSCRS, 0.00000e+00
2074,11321,SEDSURO, 0.00000e+00
2074,11321,SEDIFWO, 0.00000e+00
2074,11321,SEDAGWO, 0.00000e+00
2074,11321,SO_TN,0.000000000000e+00
2074,11321,IO_TN,0.000000000000e+00
2074,11321,AO_TN,0.000000000000e+00
2074,11321,PO_TN,0.000000000000e+00
2074,11321,SO_TP,0.000000000000e+00
2074,11321,IO_TP,0.000000000000e+00
2074,11321,AO_TP,0.000000000000e+00
2074,11321,PO_TP,0.000000000000e+00
2074,11321,SED_TP,0.000000000000e+00
2074,11321,SEDWSSD_TP,0.000000000000e+00
2074,11321,SEDSCRS_TP,0.000000000000e+00
2074,11321,SO_TCd,0.000000000000e+00
2074,11321,IO_TCd,0.000000000000e+00
2074,11321,AO_TCd,0.000000000000e+00
2074,11321,PO_TCd,0.000000000000e+00
2074,11321,SED_TCd,0.000000000000e+00
2074,11321,SEDWSSD_TCd,0.000000000000e+00
2074,11321,SEDSCRS_TCd,0.000000000000e+00
2074,11321,SO_TCu,0.000000000000e+00
2074,11321,IO_TCu,0.000000000000e+00
2074,11321,AO_TCu,0.000000000000e+00
2074,11321,PO_TCu,0.000000000000e+00
2074,11321,SED_TCu,0.000000000000e+00
2074,11321,SEDWSSD_TCu,0.000000000000e+00
2074,11321,SEDSCRS_TCu,0.000000000000e+00
2074,11321,SO_TPb,0.000000000000e+00
2074,11321,IO_TPb,0.000000000000e+00
2074,11321,AO_TPb,0.000000000000e+00
2074,11321,PO_TPb,0.000000000000e+00
2074,11321,SED_TPb,0.000000000000e+00
2074,11321,SEDWSSD_TPb,0.000000000000e+00
2074,11321,SEDSCRS_TPb,0.000000000000e+00
2074,11321,SO_TZn,0.000000000000e+00
2074,11321,IO_TZn,0.000000000000e+00
2074,11321,AO_TZn,0.000000000000e+00
2074,11321,PO_TZn,0.000000000000e+00
2074,11321,SED_TZn,0.000000000000e+00
2074,11321,SEDWSSD_TZn,0.000000000000e+00
2074,11321,SEDSCRS_TZn,0.000000000000e+00
2074,11322,AREA,0.000000000000e+00
2074,11322,PREC,0.000000000000e+00
2074,11322,SURO,0.000000000000e+00
2074,11322,IFWO,0.000000000000e+00
2074,11322,AGWO,0.000000000000e+00
2074,11322,PERO,0.000000000000e+00
2074,11322,TAET,0.000000000000e+00
2074,11322,SEDLOAD,0.000000000000e+00
2074,11322,SEDWSSD, 0.00000e+00
2074,11322,SEDSCRS, 0.00000e+00
2074,11322,SEDSURO, 0.00000e+00
2074,11322,SEDIFWO, 0.00000e+00
2074,11322,SEDAGWO, 0.00000e+00
2074,11322,SO_TN,0.000000000000e+00
2074,11322,IO_TN,0.000000000000e+00
2074,11322,AO_TN,0.000000000000e+00
2074,11322,PO_TN,0.000000000000e+00
2074,11322,SO_TP,0.000000000000e+00
2074,11322,IO_TP,0.000000000000e+00
2074,11322,AO_TP,0.000000000000e+00
2074,11322,PO_TP,0.000000000000e+00
2074,11322,SED_TP,0.000000000000e+00
2074,11322,SEDWSSD_TP,0.000000000000e+00
2074,11322,SEDSCRS_TP,0.000000000000e+00
2074,11322,SO_TCd,0.000000000000e+00
2074,11322,IO_TCd,0.000000000000e+00
2074,11322,AO_TCd,0.000000000000e+00
2074,11322,PO_TCd,0.000000000000e+00
2074,11322,SED_TCd,0.000000000000e+00
2074,11322,SEDWSSD_TCd,0.000000000000e+00
2074,11322,SEDSCRS_TCd,0.000000000000e+00
2074,11322,SO_TCu,0.000000000000e+00
2074,11322,IO_TCu,0.000000000000e+00
2074,11322,AO_TCu,0.000000000000e+00
2074,11322,PO_TCu,0.000000000000e+00
2074,11322,SED_TCu,0.000000000000e+00
2074,11322,SEDWSSD_TCu,0.000000000000e+00
2074,11322,SEDSCRS_TCu,0.000000000000e+00
2074,11322,SO_TPb,0.000000000000e+00
2074,11322,IO_TPb,0.000000000000e+00
2074,11322,AO_TPb,0.000000000000e+00
2074,11322,PO_TPb,0.000000000000e+00
2074,11322,SED_TPb,0.000000000000e+00
2074,11322,SEDWSSD_TPb,0.000000000000e+00
2074,11322,SEDSCRS_TPb,0.000000000000e+00
2074,11322,SO_TZn,0.000000000000e+00
2074,11322,IO_TZn,0.000000000000e+00
2074,11322,AO_TZn,0.000000000000e+00
2074,11322,PO_TZn,0.000000000000e+00
2074,11322,SED_TZn,0.000000000000e+00
2074,11322,SEDWSSD_TZn,0.000000000000e+00
2074,11322,SEDSCRS_TZn,0.000000000000e+00
2074,11411,AREA,3.755592299998e+01
2074,11411,PREC,3.971520968581e+02
2074,11411,SURO,1.940739274114e+02
2074,11411,IFWO,5.890046446804e+01
2074,11411,AGWO,5.057299502399e+02
2074,11411,PERO,7.587043421193e+02
2074,11411,TAET,7.236516183202e+02
2074,11411,SEDLOAD,1.242045776030e+00
2074,11411,SEDWSSD, 1.17807e+00
2074,11411,SEDSCRS, 0.00000e+00
2074,11411,SEDSURO, 0.00000e+00
2074,11411,SEDIFWO, 6.67381e-03
2074,11411,SEDAGWO, 5.73026e-02
2074,11411,SO_TN,5.314175662921e+01
2074,11411,IO_TN,2.669528606608e+01
2074,11411,AO_TN,8.595394248437e+01
2074,11411,PO_TN,1.657909851797e+02
2074,11411,SO_TP,2.356138816100e+00
2074,11411,IO_TP,5.339057213215e+00
2074,11411,AO_TP,2.292105132917e+01
2074,11411,PO_TP,3.061624735848e+01
2074,11411,SED_TP,2.356138816100e+00
2074,11411,SEDWSSD_TP,2.356138816100e+00
2074,11411,SEDSCRS_TP,0.000000000000e+00
2074,11411,SO_TCd,5.890347040251e-03
2074,11411,IO_TCd,0.000000000000e+00
2074,11411,AO_TCd,0.000000000000e+00
2074,11411,PO_TCd,5.890347040251e-03
2074,11411,SED_TCd,5.890347040251e-03
2074,11411,SEDWSSD_TCd,5.890347040251e-03
2074,11411,SEDSCRS_TCd,0.000000000000e+00
2074,11411,SO_TCu,5.890347040251e-01
2074,11411,IO_TCu,0.000000000000e+00
2074,11411,AO_TCu,0.000000000000e+00
2074,11411,PO_TCu,5.890347040251e-01
2074,11411,SED_TCu,5.890347040251e-01
2074,11411,SEDWSSD_TCu,5.890347040251e-01
2074,11411,SEDSCRS_TCu,0.000000000000e+00
2074,11411,SO_TPb,1.178069408050e-02
2074,11411,IO_TPb,0.000000000000e+00
2074,11411,AO_TPb,0.000000000000e+00
2074,11411,PO_TPb,1.178069408050e-02
2074,11411,SED_TPb,1.178069408050e-02
2074,11411,SEDWSSD_TPb,1.178069408050e-02
2074,11411,SEDSCRS_TPb,0.000000000000e+00
2074,11411,SO_TZn,4.241049868980e+00
2074,11411,IO_TZn,0.000000000000e+00
2074,11411,AO_TZn,5.730262832291e+00
2074,11411,PO_TZn,9.971312701272e+00
2074,11411,SED_TZn,4.241049868980e+00
2074,11411,SEDWSSD_TZn,4.241049868980e+00
2074,11411,SEDSCRS_TZn,0.000000000000e+00
2074,11412,AREA,0.000000000000e+00
2074,11412,PREC,0.000000000000e+00
2074,11412,SURO,0.000000000000e+00
2074,11412,IFWO,0.000000000000e+00
2074,11412,AGWO,0.000000000000e+00
2074,11412,PERO,0.000000000000e+00
2074,11412,TAET,0.000000000000e+00
2074,11412,SEDLOAD,0.000000000000e+00
2074,11412,SEDWSSD, 0.00000e+00
2074,11412,SEDSCRS, 0.00000e+00
2074,11412,SEDSURO, 0.00000e+00
2074,11412,SEDIFWO, 0.00000e+00
2074,11412,SEDAGWO, 0.00000e+00
2074,11412,SO_TN,0.000000000000e+00
2074,11412,IO_TN,0.000000000000e+00
2074,11412,AO_TN,0.000000000000e+00
2074,11412,PO_TN,0.000000000000e+00
2074,11412,SO_TP,0.000000000000e+00
2074,11412,IO_TP,0.000000000000e+00
2074,11412,AO_TP,0.000000000000e+00
2074,11412,PO_TP,0.000000000000e+00
2074,11412,SED_TP,0.000000000000e+00
2074,11412,SEDWSSD_TP,0.000000000000e+00
2074,11412,SEDSCRS_TP,0.000000000000e+00
2074,11412,SO_TCd,0.000000000000e+00
2074,11412,IO_TCd,0.000000000000e+00
2074,11412,AO_TCd,0.000000000000e+00
2074,11412,PO_TCd,0.000000000000e+00
2074,11412,SED_TCd,0.000000000000e+00
2074,11412,SEDWSSD_TCd,0.000000000000e+00
2074,11412,SEDSCRS_TCd,0.000000000000e+00
2074,11412,SO_TCu,0.000000000000e+00
2074,11412,IO_TCu,0.000000000000e+00
2074,11412,AO_TCu,0.000000000000e+00
2074,11412,PO_TCu,0.000000000000e+00
2074,11412,SED_TCu,0.000000000000e+00
2074,11412,SEDWSSD_TCu,0.000000000000e+00
2074,11412,SEDSCRS_TCu,0.000000000000e+00
2074,11412,SO_TPb,0.000000000000e+00
2074,11412,IO_TPb,0.000000000000e+00
2074,11412,AO_TPb,0.000000000000e+00
2074,11412,PO_TPb,0.000000000000e+00
2074,11412,SED_TPb,0.000000000000e+00
2074,11412,SEDWSSD_TPb,0.000000000000e+00
2074,11412,SEDSCRS_TPb,0.000000000000e+00
2074,11412,SO_TZn,0.000000000000e+00
2074,11412,IO_TZn,0.000000000000e+00
2074,11412,AO_TZn,0.000000000000e+00
2074,11412,PO_TZn,0.000000000000e+00
2074,11412,SED_TZn,0.000000000000e+00
2074,11412,SEDWSSD_TZn,0.000000000000e+00
2074,11412,SEDSCRS_TZn,0.000000000000e+00
2074,11421,AREA,4.164989999996e-01
2074,11421,PREC,4.404457086285e+00
2074,11421,SURO,2.171213829078e+00
2074,11421,IFWO,6.550730017858e-01
2074,11421,AGWO,5.634651998940e+00
2074,11421,PERO,8.460938829803e+00
2074,11421,TAET,7.992234504913e+00
2074,11421,SEDLOAD,1.130425927561e-02
2074,11421,SEDWSSD, 1.05916e-02
2074,11421,SEDSCRS, 0.00000e+00
2074,11421,SEDSURO, 0.00000e+00
2074,11421,SEDIFWO, 7.42241e-05
2074,11421,SEDAGWO, 6.38443e-04
2074,11421,SO_TN,5.902836101342e-01
2074,11421,IO_TN,2.968968298429e-01
2074,11421,AO_TN,9.576663466471e-01
2074,11421,PO_TN,1.844846786624e+00
2074,11421,SO_TP,2.118318349785e-02
2074,11421,IO_TP,5.937936596857e-02
2074,11421,AO_TP,2.553776924392e-01
2074,11421,PO_TP,3.359402419057e-01
2074,11421,SED_TP,2.118318349785e-02
2074,11421,SEDWSSD_TP,2.118318349785e-02
2074,11421,SEDSCRS_TP,0.000000000000e+00
2074,11421,SO_TCd,5.295795874463e-05
2074,11421,IO_TCd,0.000000000000e+00
2074,11421,AO_TCd,0.000000000000e+00
2074,11421,PO_TCd,5.295795874463e-05
2074,11421,SED_TCd,5.295795874463e-05
2074,11421,SEDWSSD_TCd,5.295795874463e-05
2074,11421,SEDSCRS_TCd,0.000000000000e+00
2074,11421,SO_TCu,5.295795874463e-03
2074,11421,IO_TCu,0.000000000000e+00
2074,11421,AO_TCu,0.000000000000e+00
2074,11421,PO_TCu,5.295795874463e-03
2074,11421,SED_TCu,5.295795874463e-03
2074,11421,SEDWSSD_TCu,5.295795874463e-03
2074,11421,SEDSCRS_TCu,0.000000000000e+00
2074,11421,SO_TPb,1.059159174893e-04
2074,11421,IO_TPb,0.000000000000e+00
2074,11421,AO_TPb,0.000000000000e+00
2074,11421,PO_TPb,1.059159174893e-04
2074,11421,SED_TPb,1.059159174893e-04
2074,11421,SEDWSSD_TPb,1.059159174893e-04
2074,11421,SEDSCRS_TPb,0.000000000000e+00
2074,11421,SO_TZn,3.812973029614e-02
2074,11421,IO_TZn,0.000000000000e+00
2074,11421,AO_TZn,6.384442310981e-02
2074,11421,PO_TZn,1.019741534059e-01
2074,11421,SED_TZn,3.812973029614e-02
2074,11421,SEDWSSD_TZn,3.812973029614e-02
2074,11421,SEDSCRS_TZn,0.000000000000e+00
2074,11422,AREA,0.000000000000e+00
2074,11422,PREC,0.000000000000e+00
2074,11422,SURO,0.000000000000e+00
2074,11422,IFWO,0.000000000000e+00
2074,11422,AGWO,0.000000000000e+00
2074,11422,PERO,0.000000000000e+00
2074,11422,TAET,0.000000000000e+00
2074,11422,SEDLOAD,0.000000000000e+00
2074,11422,SEDWSSD, 0.00000e+00
2074,11422,SEDSCRS, 0.00000e+00
2074,11422,SEDSURO, 0.00000e+00
2074,11422,SEDIFWO, 0.00000e+00
2074,11422,SEDAGWO, 0.00000e+00
2074,11422,SO_TN,0.000000000000e+00
2074,11422,IO_TN,0.000000000000e+00
2074,11422,AO_TN,0.000000000000e+00
2074,11422,PO_TN,0.000000000000e+00
2074,11422,SO_TP,0.000000000000e+00
2074,11422,IO_TP,0.000000000000e+00
2074,11422,AO_TP,0.000000000000e+00
2074,11422,PO_TP,0.000000000000e+00
2074,11422,SED_TP,0.000000000000e+00
2074,11422,SEDWSSD_TP,0.000000000000e+00
2074,11422,SEDSCRS_TP,0.000000000000e+00
2074,11422,SO_TCd,0.000000000000e+00
2074,11422,IO_TCd,0.000000000000e+00
2074,11422,AO_TCd,0.000000000000e+00
2074,11422,PO_TCd,0.000000000000e+00
2074,11422,SED_TCd,0.000000000000e+00
2074,11422,SEDWSSD_TCd,0.000000000000e+00
2074,11422,SEDSCRS_TCd,0.000000000000e+00
2074,11422,SO_TCu,0.000000000000e+00
2074,11422,IO_TCu,0.000000000000e+00
2074,11422,AO_TCu,0.000000000000e+00
2074,11422,PO_TCu,0.000000000000e+00
2074,11422,SED_TCu,0.000000000000e+00
2074,11422,SEDWSSD_TCu,0.000000000000e+00
2074,11422,SEDSCRS_TCu,0.000000000000e+00
2074,11422,SO_TPb,0.000000000000e+00
2074,11422,IO_TPb,0.000000000000e+00
2074,11422,AO_TPb,0.000000000000e+00
2074,11422,PO_TPb,0.000000000000e+00
2074,11422,SED_TPb,0.000000000000e+00
2074,11422,SEDWSSD_TPb,0.000000000000e+00
2074,11422,SEDSCRS_TPb,0.000000000000e+00
2074,11422,SO_TZn,0.000000000000e+00
2074,11422,IO_TZn,0.000000000000e+00
2074,11422,AO_TZn,0.000000000000e+00
2074,11422,PO_TZn,0.000000000000e+00
2074,11422,SED_TZn,0.000000000000e+00
2074,11422,SEDWSSD_TZn,0.000000000000e+00
2074,11422,SEDSCRS_TZn,0.000000000000e+00
2074,12111,AREA,0.000000000000e+00
2074,12111,PREC,0.000000000000e+00
2074,12111,SURO,0.000000000000e+00
2074,12111,IFWO,0.000000000000e+00
2074,12111,AGWO,0.000000000000e+00
2074,12111,PERO,0.000000000000e+00
2074,12111,TAET,0.000000000000e+00
2074,12111,SEDLOAD,0.000000000000e+00
2074,12111,SEDWSSD, 0.00000e+00
2074,12111,SEDSCRS, 0.00000e+00
2074,12111,SEDSURO, 0.00000e+00
2074,12111,SEDIFWO, 0.00000e+00
2074,12111,SEDAGWO, 0.00000e+00
2074,12111,SO_TN,0.000000000000e+00
2074,12111,IO_TN,0.000000000000e+00
2074,12111,AO_TN,0.000000000000e+00
2074,12111,PO_TN,0.000000000000e+00
2074,12111,SO_TP,0.000000000000e+00
2074,12111,IO_TP,0.000000000000e+00
2074,12111,AO_TP,0.000000000000e+00
2074,12111,PO_TP,0.000000000000e+00
2074,12111,SED_TP,0.000000000000e+00
2074,12111,SEDWSSD_TP,0.000000000000e+00
2074,12111,SEDSCRS_TP,0.000000000000e+00
2074,12111,SO_TCd,0.000000000000e+00
2074,12111,IO_TCd,0.000000000000e+00
2074,12111,AO_TCd,0.000000000000e+00
2074,12111,PO_TCd,0.000000000000e+00
2074,12111,SED_TCd,0.000000000000e+00
2074,12111,SEDWSSD_TCd,0.000000000000e+00
2074,12111,SEDSCRS_TCd,0.000000000000e+00
2074,12111,SO_TCu,0.000000000000e+00
2074,12111,IO_TCu,0.000000000000e+00
2074,12111,AO_TCu,0.000000000000e+00
2074,12111,PO_TCu,0.000000000000e+00
2074,12111,SED_TCu,0.000000000000e+00
2074,12111,SEDWSSD_TCu,0.000000000000e+00
2074,12111,SEDSCRS_TCu,0.000000000000e+00
2074,12111,SO_TPb,0.000000000000e+00
2074,12111,IO_TPb,0.000000000000e+00
2074,12111,AO_TPb,0.000000000000e+00
2074,12111,PO_TPb,0.000000000000e+00
2074,12111,SED_TPb,0.000000000000e+00
2074,12111,SEDWSSD_TPb,0.000000000000e+00
2074,12111,SEDSCRS_TPb,0.000000000000e+00
2074,12111,SO_TZn,0.000000000000e+00
2074,12111,IO_TZn,0.000000000000e+00
2074,12111,AO_TZn,0.000000000000e+00
2074,12111,PO_TZn,0.000000000000e+00
2074,12111,SED_TZn,0.000000000000e+00
2074,12111,SEDWSSD_TZn,0.000000000000e+00
2074,12111,SEDSCRS_TZn,0.000000000000e+00
2074,12112,AREA,0.000000000000e+00
2074,12112,PREC,0.000000000000e+00
2074,12112,SURO,0.000000000000e+00
2074,12112,IFWO,0.000000000000e+00
2074,12112,AGWO,0.000000000000e+00
2074,12112,PERO,0.000000000000e+00
2074,12112,TAET,0.000000000000e+00
2074,12112,SEDLOAD,0.000000000000e+00
2074,12112,SEDWSSD, 0.00000e+00
2074,12112,SEDSCRS, 0.00000e+00
2074,12112,SEDSURO, 0.00000e+00
2074,12112,SEDIFWO, 0.00000e+00
2074,12112,SEDAGWO, 0.00000e+00
2074,12112,SO_TN,0.000000000000e+00
2074,12112,IO_TN,0.000000000000e+00
2074,12112,AO_TN,0.000000000000e+00
2074,12112,PO_TN,0.000000000000e+00
2074,12112,SO_TP,0.000000000000e+00
2074,12112,IO_TP,0.000000000000e+00
2074,12112,AO_TP,0.000000000000e+00
2074,12112,PO_TP,0.000000000000e+00
2074,12112,SED_TP,0.000000000000e+00
2074,12112,SEDWSSD_TP,0.000000000000e+00
2074,12112,SEDSCRS_TP,0.000000000000e+00
2074,12112,SO_TCd,0.000000000000e+00
2074,12112,IO_TCd,0.000000000000e+00
2074,12112,AO_TCd,0.000000000000e+00
2074,12112,PO_TCd,0.000000000000e+00
2074,12112,SED_TCd,0.000000000000e+00
2074,12112,SEDWSSD_TCd,0.000000000000e+00
2074,12112,SEDSCRS_TCd,0.000000000000e+00
2074,12112,SO_TCu,0.000000000000e+00
2074,12112,IO_TCu,0.000000000000e+00
2074,12112,AO_TCu,0.000000000000e+00
2074,12112,PO_TCu,0.000000000000e+00
2074,12112,SED_TCu,0.000000000000e+00
2074,12112,SEDWSSD_TCu,0.000000000000e+00
2074,12112,SEDSCRS_TCu,0.000000000000e+00
2074,12112,SO_TPb,0.000000000000e+00
2074,12112,IO_TPb,0.000000000000e+00
2074,12112,AO_TPb,0.000000000000e+00
2074,12112,PO_TPb,0.000000000000e+00
2074,12112,SED_TPb,0.000000000000e+00
2074,12112,SEDWSSD_TPb,0.000000000000e+00
2074,12112,SEDSCRS_TPb,0.000000000000e+00
2074,12112,SO_TZn,0.000000000000e+00
2074,12112,IO_TZn,0.000000000000e+00
2074,12112,AO_TZn,0.000000000000e+00
2074,12112,PO_TZn,0.000000000000e+00
2074,12112,SED_TZn,0.000000000000e+00
2074,12112,SEDWSSD_TZn,0.000000000000e+00
2074,12112,SEDSCRS_TZn,0.000000000000e+00
2074,12121,AREA,0.000000000000e+00
2074,12121,PREC,0.000000000000e+00
2074,12121,SURO,0.000000000000e+00
2074,12121,IFWO,0.000000000000e+00
2074,12121,AGWO,0.000000000000e+00
2074,12121,PERO,0.000000000000e+00
2074,12121,TAET,0.000000000000e+00
2074,12121,SEDLOAD,0.000000000000e+00
2074,12121,SEDWSSD, 0.00000e+00
2074,12121,SEDSCRS, 0.00000e+00
2074,12121,SEDSURO, 0.00000e+00
2074,12121,SEDIFWO, 0.00000e+00
2074,12121,SEDAGWO, 0.00000e+00
2074,12121,SO_TN,0.000000000000e+00
2074,12121,IO_TN,0.000000000000e+00
2074,12121,AO_TN,0.000000000000e+00
2074,12121,PO_TN,0.000000000000e+00
2074,12121,SO_TP,0.000000000000e+00
2074,12121,IO_TP,0.000000000000e+00
2074,12121,AO_TP,0.000000000000e+00
2074,12121,PO_TP,0.000000000000e+00
2074,12121,SED_TP,0.000000000000e+00
2074,12121,SEDWSSD_TP,0.000000000000e+00
2074,12121,SEDSCRS_TP,0.000000000000e+00
2074,12121,SO_TCd,0.000000000000e+00
2074,12121,IO_TCd,0.000000000000e+00
2074,12121,AO_TCd,0.000000000000e+00
2074,12121,PO_TCd,0.000000000000e+00
2074,12121,SED_TCd,0.000000000000e+00
2074,12121,SEDWSSD_TCd,0.000000000000e+00
2074,12121,SEDSCRS_TCd,0.000000000000e+00
2074,12121,SO_TCu,0.000000000000e+00
2074,12121,IO_TCu,0.000000000000e+00
2074,12121,AO_TCu,0.000000000000e+00
2074,12121,PO_TCu,0.000000000000e+00
2074,12121,SED_TCu,0.000000000000e+00
2074,12121,SEDWSSD_TCu,0.000000000000e+00
2074,12121,SEDSCRS_TCu,0.000000000000e+00
2074,12121,SO_TPb,0.000000000000e+00
2074,12121,IO_TPb,0.000000000000e+00
2074,12121,AO_TPb,0.000000000000e+00
2074,12121,PO_TPb,0.000000000000e+00
2074,12121,SED_TPb,0.000000000000e+00
2074,12121,SEDWSSD_TPb,0.000000000000e+00
2074,12121,SEDSCRS_TPb,0.000000000000e+00
2074,12121,SO_TZn,0.000000000000e+00
2074,12121,IO_TZn,0.000000000000e+00
2074,12121,AO_TZn,0.000000000000e+00
2074,12121,PO_TZn,0.000000000000e+00
2074,12121,SED_TZn,0.000000000000e+00
2074,12121,SEDWSSD_TZn,0.000000000000e+00
2074,12121,SEDSCRS_TZn,0.000000000000e+00
2074,12122,AREA,0.000000000000e+00
2074,12122,PREC,0.000000000000e+00
2074,12122,SURO,0.000000000000e+00
2074,12122,IFWO,0.000000000000e+00
2074,12122,AGWO,0.000000000000e+00
2074,12122,PERO,0.000000000000e+00
2074,12122,TAET,0.000000000000e+00
2074,12122,SEDLOAD,0.000000000000e+00
2074,12122,SEDWSSD, 0.00000e+00
2074,12122,SEDSCRS, 0.00000e+00
2074,12122,SEDSURO, 0.00000e+00
2074,12122,SEDIFWO, 0.00000e+00
2074,12122,SEDAGWO, 0.00000e+00
2074,12122,SO_TN,0.000000000000e+00
2074,12122,IO_TN,0.000000000000e+00
2074,12122,AO_TN,0.000000000000e+00
2074,12122,PO_TN,0.000000000000e+00
2074,12122,SO_TP,0.000000000000e+00
2074,12122,IO_TP,0.000000000000e+00
2074,12122,AO_TP,0.000000000000e+00
2074,12122,PO_TP,0.000000000000e+00
2074,12122,SED_TP,0.000000000000e+00
2074,12122,SEDWSSD_TP,0.000000000000e+00
2074,12122,SEDSCRS_TP,0.000000000000e+00
2074,12122,SO_TCd,0.000000000000e+00
2074,12122,IO_TCd,0.000000000000e+00
2074,12122,AO_TCd,0.000000000000e+00
2074,12122,PO_TCd,0.000000000000e+00
2074,12122,SED_TCd,0.000000000000e+00
2074,12122,SEDWSSD_TCd,0.000000000000e+00
2074,12122,SEDSCRS_TCd,0.000000000000e+00
2074,12122,SO_TCu,0.000000000000e+00
2074,12122,IO_TCu,0.000000000000e+00
2074,12122,AO_TCu,0.000000000000e+00
2074,12122,PO_TCu,0.000000000000e+00
2074,12122,SED_TCu,0.000000000000e+00
2074,12122,SEDWSSD_TCu,0.000000000000e+00
2074,12122,SEDSCRS_TCu,0.000000000000e+00
2074,12122,SO_TPb,0.000000000000e+00
2074,12122,IO_TPb,0.000000000000e+00
2074,12122,AO_TPb,0.000000000000e+00
2074,12122,PO_TPb,0.000000000000e+00
2074,12122,SED_TPb,0.000000000000e+00
2074,12122,SEDWSSD_TPb,0.000000000000e+00
2074,12122,SEDSCRS_TPb,0.000000000000e+00
2074,12122,SO_TZn,0.000000000000e+00
2074,12122,IO_TZn,0.000000000000e+00
2074,12122,AO_TZn,0.000000000000e+00
2074,12122,PO_TZn,0.000000000000e+00
2074,12122,SED_TZn,0.000000000000e+00
2074,12122,SEDWSSD_TZn,0.000000000000e+00
2074,12122,SEDSCRS_TZn,0.000000000000e+00
2074,12211,AREA,0.000000000000e+00
2074,12211,PREC,0.000000000000e+00
2074,12211,SURO,0.000000000000e+00
2074,12211,IFWO,0.000000000000e+00
2074,12211,AGWO,0.000000000000e+00
2074,12211,PERO,0.000000000000e+00
2074,12211,TAET,0.000000000000e+00
2074,12211,SEDLOAD,0.000000000000e+00
2074,12211,SEDWSSD, 0.00000e+00
2074,12211,SEDSCRS, 0.00000e+00
2074,12211,SEDSURO, 0.00000e+00
2074,12211,SEDIFWO, 0.00000e+00
2074,12211,SEDAGWO, 0.00000e+00
2074,12211,SO_TN,0.000000000000e+00
2074,12211,IO_TN,0.000000000000e+00
2074,12211,AO_TN,0.000000000000e+00
2074,12211,PO_TN,0.000000000000e+00
2074,12211,SO_TP,0.000000000000e+00
2074,12211,IO_TP,0.000000000000e+00
2074,12211,AO_TP,0.000000000000e+00
2074,12211,PO_TP,0.000000000000e+00
2074,12211,SED_TP,0.000000000000e+00
2074,12211,SEDWSSD_TP,0.000000000000e+00
2074,12211,SEDSCRS_TP,0.000000000000e+00
2074,12211,SO_TCd,0.000000000000e+00
2074,12211,IO_TCd,0.000000000000e+00
2074,12211,AO_TCd,0.000000000000e+00
2074,12211,PO_TCd,0.000000000000e+00
2074,12211,SED_TCd,0.000000000000e+00
2074,12211,SEDWSSD_TCd,0.000000000000e+00
2074,12211,SEDSCRS_TCd,0.000000000000e+00
2074,12211,SO_TCu,0.000000000000e+00
2074,12211,IO_TCu,0.000000000000e+00
2074,12211,AO_TCu,0.000000000000e+00
2074,12211,PO_TCu,0.000000000000e+00
2074,12211,SED_TCu,0.000000000000e+00
2074,12211,SEDWSSD_TCu,0.000000000000e+00
2074,12211,SEDSCRS_TCu,0.000000000000e+00
2074,12211,SO_TPb,0.000000000000e+00
2074,12211,IO_TPb,0.000000000000e+00
2074,12211,AO_TPb,0.000000000000e+00
2074,12211,PO_TPb,0.000000000000e+00
2074,12211,SED_TPb,0.000000000000e+00
2074,12211,SEDWSSD_TPb,0.000000000000e+00
2074,12211,SEDSCRS_TPb,0.000000000000e+00
2074,12211,SO_TZn,0.000000000000e+00
2074,12211,IO_TZn,0.000000000000e+00
2074,12211,AO_TZn,0.000000000000e+00
2074,12211,PO_TZn,0.000000000000e+00
2074,12211,SED_TZn,0.000000000000e+00
2074,12211,SEDWSSD_TZn,0.000000000000e+00
2074,12211,SEDSCRS_TZn,0.000000000000e+00
2074,12212,AREA,0.000000000000e+00
2074,12212,PREC,0.000000000000e+00
2074,12212,SURO,0.000000000000e+00
2074,12212,IFWO,0.000000000000e+00
2074,12212,AGWO,0.000000000000e+00
2074,12212,PERO,0.000000000000e+00
2074,12212,TAET,0.000000000000e+00
2074,12212,SEDLOAD,0.000000000000e+00
2074,12212,SEDWSSD, 0.00000e+00
2074,12212,SEDSCRS, 0.00000e+00
2074,12212,SEDSURO, 0.00000e+00
2074,12212,SEDIFWO, 0.00000e+00
2074,12212,SEDAGWO, 0.00000e+00
2074,12212,SO_TN,0.000000000000e+00
2074,12212,IO_TN,0.000000000000e+00
2074,12212,AO_TN,0.000000000000e+00
2074,12212,PO_TN,0.000000000000e+00
2074,12212,SO_TP,0.000000000000e+00
2074,12212,IO_TP,0.000000000000e+00
2074,12212,AO_TP,0.000000000000e+00
2074,12212,PO_TP,0.000000000000e+00
2074,12212,SED_TP,0.000000000000e+00
2074,12212,SEDWSSD_TP,0.000000000000e+00
2074,12212,SEDSCRS_TP,0.000000000000e+00
2074,12212,SO_TCd,0.000000000000e+00
2074,12212,IO_TCd,0.000000000000e+00
2074,12212,AO_TCd,0.000000000000e+00
2074,12212,PO_TCd,0.000000000000e+00
2074,12212,SED_TCd,0.000000000000e+00
2074,12212,SEDWSSD_TCd,0.000000000000e+00
2074,12212,SEDSCRS_TCd,0.000000000000e+00
2074,12212,SO_TCu,0.000000000000e+00
2074,12212,IO_TCu,0.000000000000e+00
2074,12212,AO_TCu,0.000000000000e+00
2074,12212,PO_TCu,0.000000000000e+00
2074,12212,SED_TCu,0.000000000000e+00
2074,12212,SEDWSSD_TCu,0.000000000000e+00
2074,12212,SEDSCRS_TCu,0.000000000000e+00
2074,12212,SO_TPb,0.000000000000e+00
2074,12212,IO_TPb,0.000000000000e+00
2074,12212,AO_TPb,0.000000000000e+00
2074,12212,PO_TPb,0.000000000000e+00
2074,12212,SED_TPb,0.000000000000e+00
2074,12212,SEDWSSD_TPb,0.000000000000e+00
2074,12212,SEDSCRS_TPb,0.000000000000e+00
2074,12212,SO_TZn,0.000000000000e+00
2074,12212,IO_TZn,0.000000000000e+00
2074,12212,AO_TZn,0.000000000000e+00
2074,12212,PO_TZn,0.000000000000e+00
2074,12212,SED_TZn,0.000000000000e+00
2074,12212,SEDWSSD_TZn,0.000000000000e+00
2074,12212,SEDSCRS_TZn,0.000000000000e+00
2074,12221,AREA,0.000000000000e+00
2074,12221,PREC,0.000000000000e+00
2074,12221,SURO,0.000000000000e+00
2074,12221,IFWO,0.000000000000e+00
2074,12221,AGWO,0.000000000000e+00
2074,12221,PERO,0.000000000000e+00
2074,12221,TAET,0.000000000000e+00
2074,12221,SEDLOAD,0.000000000000e+00
2074,12221,SEDWSSD, 0.00000e+00
2074,12221,SEDSCRS, 0.00000e+00
2074,12221,SEDSURO, 0.00000e+00
2074,12221,SEDIFWO, 0.00000e+00
2074,12221,SEDAGWO, 0.00000e+00
2074,12221,SO_TN,0.000000000000e+00
2074,12221,IO_TN,0.000000000000e+00
2074,12221,AO_TN,0.000000000000e+00
2074,12221,PO_TN,0.000000000000e+00
2074,12221,SO_TP,0.000000000000e+00
2074,12221,IO_TP,0.000000000000e+00
2074,12221,AO_TP,0.000000000000e+00
2074,12221,PO_TP,0.000000000000e+00
2074,12221,SED_TP,0.000000000000e+00
2074,12221,SEDWSSD_TP,0.000000000000e+00
2074,12221,SEDSCRS_TP,0.000000000000e+00
2074,12221,SO_TCd,0.000000000000e+00
2074,12221,IO_TCd,0.000000000000e+00
2074,12221,AO_TCd,0.000000000000e+00
2074,12221,PO_TCd,0.000000000000e+00
2074,12221,SED_TCd,0.000000000000e+00
2074,12221,SEDWSSD_TCd,0.000000000000e+00
2074,12221,SEDSCRS_TCd,0.000000000000e+00
2074,12221,SO_TCu,0.000000000000e+00
2074,12221,IO_TCu,0.000000000000e+00
2074,12221,AO_TCu,0.000000000000e+00
2074,12221,PO_TCu,0.000000000000e+00
2074,12221,SED_TCu,0.000000000000e+00
2074,12221,SEDWSSD_TCu,0.000000000000e+00
2074,12221,SEDSCRS_TCu,0.000000000000e+00
2074,12221,SO_TPb,0.000000000000e+00
2074,12221,IO_TPb,0.000000000000e+00
2074,12221,AO_TPb,0.000000000000e+00
2074,12221,PO_TPb,0.000000000000e+00
2074,12221,SED_TPb,0.000000000000e+00
2074,12221,SEDWSSD_TPb,0.000000000000e+00
2074,12221,SEDSCRS_TPb,0.000000000000e+00
2074,12221,SO_TZn,0.000000000000e+00
2074,12221,IO_TZn,0.000000000000e+00
2074,12221,AO_TZn,0.000000000000e+00
2074,12221,PO_TZn,0.000000000000e+00
2074,12221,SED_TZn,0.000000000000e+00
2074,12221,SEDWSSD_TZn,0.000000000000e+00
2074,12221,SEDSCRS_TZn,0.000000000000e+00
2074,12222,AREA,0.000000000000e+00
2074,12222,PREC,0.000000000000e+00
2074,12222,SURO,0.000000000000e+00
2074,12222,IFWO,0.000000000000e+00
2074,12222,AGWO,0.000000000000e+00
2074,12222,PERO,0.000000000000e+00
2074,12222,TAET,0.000000000000e+00
2074,12222,SEDLOAD,0.000000000000e+00
2074,12222,SEDWSSD, 0.00000e+00
2074,12222,SEDSCRS, 0.00000e+00
2074,12222,SEDSURO, 0.00000e+00
2074,12222,SEDIFWO, 0.00000e+00
2074,12222,SEDAGWO, 0.00000e+00
2074,12222,SO_TN,0.000000000000e+00
2074,12222,IO_TN,0.000000000000e+00
2074,12222,AO_TN,0.000000000000e+00
2074,12222,PO_TN,0.000000000000e+00
2074,12222,SO_TP,0.000000000000e+00
2074,12222,IO_TP,0.000000000000e+00
2074,12222,AO_TP,0.000000000000e+00
2074,12222,PO_TP,0.000000000000e+00
2074,12222,SED_TP,0.000000000000e+00
2074,12222,SEDWSSD_TP,0.000000000000e+00
2074,12222,SEDSCRS_TP,0.000000000000e+00
2074,12222,SO_TCd,0.000000000000e+00
2074,12222,IO_TCd,0.000000000000e+00
2074,12222,AO_TCd,0.000000000000e+00
2074,12222,PO_TCd,0.000000000000e+00
2074,12222,SED_TCd,0.000000000000e+00
2074,12222,SEDWSSD_TCd,0.000000000000e+00
2074,12222,SEDSCRS_TCd,0.000000000000e+00
2074,12222,SO_TCu,0.000000000000e+00
2074,12222,IO_TCu,0.000000000000e+00
2074,12222,AO_TCu,0.000000000000e+00
2074,12222,PO_TCu,0.000000000000e+00
2074,12222,SED_TCu,0.000000000000e+00
2074,12222,SEDWSSD_TCu,0.000000000000e+00
2074,12222,SEDSCRS_TCu,0.000000000000e+00
2074,12222,SO_TPb,0.000000000000e+00
2074,12222,IO_TPb,0.000000000000e+00
2074,12222,AO_TPb,0.000000000000e+00
2074,12222,PO_TPb,0.000000000000e+00
2074,12222,SED_TPb,0.000000000000e+00
2074,12222,SEDWSSD_TPb,0.000000000000e+00
2074,12222,SEDSCRS_TPb,0.000000000000e+00
2074,12222,SO_TZn,0.000000000000e+00
2074,12222,IO_TZn,0.000000000000e+00
2074,12222,AO_TZn,0.000000000000e+00
2074,12222,PO_TZn,0.000000000000e+00
2074,12222,SED_TZn,0.000000000000e+00
2074,12222,SEDWSSD_TZn,0.000000000000e+00
2074,12222,SEDSCRS_TZn,0.000000000000e+00
2074,12311,AREA,1.172068820000e+02
2074,12311,PREC,1.239457194342e+03
2074,12311,SURO,7.431295136113e+01
2074,12311,IFWO,5.562824259706e+00
2074,12311,AGWO,2.510389584574e+02
2074,12311,PERO,3.309147340782e+02
2074,12311,TAET,9.226584537744e+02
2074,12311,SEDLOAD,1.855395344302e+00
2074,12311,SEDWSSD, 1.82632e+00
2074,12311,SEDSCRS, 0.00000e+00
2074,12311,SEDSURO, 0.00000e+00
2074,12311,SEDIFWO, 6.30305e-04
2074,12311,SEDAGWO, 2.84444e-02
2074,12311,SO_TN,3.298598381406e+01
2074,12311,IO_TN,2.521222647213e+00
2074,12311,AO_TN,4.266662116084e+01
2074,12311,PO_TN,7.817382762211e+01
2074,12311,SO_TP,3.652641323471e+00
2074,12311,IO_TP,5.042445294425e-01
2074,12311,AO_TP,1.137776564289e+01
2074,12311,PO_TP,1.553465149581e+01
2074,12311,SED_TP,3.652641323471e+00
2074,12311,SEDWSSD_TP,3.652641323471e+00
2074,12311,SEDSCRS_TP,0.000000000000e+00
2074,12311,SO_TCd,9.131603308677e-03
2074,12311,IO_TCd,0.000000000000e+00
2074,12311,AO_TCd,0.000000000000e+00
2074,12311,PO_TCd,9.131603308677e-03
2074,12311,SED_TCd,9.131603308677e-03
2074,12311,SEDWSSD_TCd,9.131603308677e-03
2074,12311,SEDSCRS_TCd,0.000000000000e+00
2074,12311,SO_TCu,9.131603308677e-01
2074,12311,IO_TCu,0.000000000000e+00
2074,12311,AO_TCu,0.000000000000e+00
2074,12311,PO_TCu,9.131603308677e-01
2074,12311,SED_TCu,9.131603308677e-01
2074,12311,SEDWSSD_TCu,9.131603308677e-01
2074,12311,SEDSCRS_TCu,0.000000000000e+00
2074,12311,SO_TPb,1.826320661735e-02
2074,12311,IO_TPb,0.000000000000e+00
2074,12311,AO_TPb,0.000000000000e+00
2074,12311,PO_TPb,1.826320661735e-02
2074,12311,SED_TPb,1.826320661735e-02
2074,12311,SEDWSSD_TPb,1.826320661735e-02
2074,12311,SEDSCRS_TPb,0.000000000000e+00
2074,12311,SO_TZn,6.574754382247e+00
2074,12311,IO_TZn,0.000000000000e+00
2074,12311,AO_TZn,2.844441410723e+00
2074,12311,PO_TZn,9.419195792970e+00
2074,12311,SED_TZn,6.574754382247e+00
2074,12311,SEDWSSD_TZn,6.574754382247e+00
2074,12311,SEDSCRS_TZn,0.000000000000e+00
2074,12312,AREA,0.000000000000e+00
2074,12312,PREC,0.000000000000e+00
2074,12312,SURO,0.000000000000e+00
2074,12312,IFWO,0.000000000000e+00
2074,12312,AGWO,0.000000000000e+00
2074,12312,PERO,0.000000000000e+00
2074,12312,TAET,0.000000000000e+00
2074,12312,SEDLOAD,0.000000000000e+00
2074,12312,SEDWSSD, 0.00000e+00
2074,12312,SEDSCRS, 0.00000e+00
2074,12312,SEDSURO, 0.00000e+00
2074,12312,SEDIFWO, 0.00000e+00
2074,12312,SEDAGWO, 0.00000e+00
2074,12312,SO_TN,0.000000000000e+00
2074,12312,IO_TN,0.000000000000e+00
2074,12312,AO_TN,0.000000000000e+00
2074,12312,PO_TN,0.000000000000e+00
2074,12312,SO_TP,0.000000000000e+00
2074,12312,IO_TP,0.000000000000e+00
2074,12312,AO_TP,0.000000000000e+00
2074,12312,PO_TP,0.000000000000e+00
2074,12312,SED_TP,0.000000000000e+00
2074,12312,SEDWSSD_TP,0.000000000000e+00
2074,12312,SEDSCRS_TP,0.000000000000e+00
2074,12312,SO_TCd,0.000000000000e+00
2074,12312,IO_TCd,0.000000000000e+00
2074,12312,AO_TCd,0.000000000000e+00
2074,12312,PO_TCd,0.000000000000e+00
2074,12312,SED_TCd,0.000000000000e+00
2074,12312,SEDWSSD_TCd,0.000000000000e+00
2074,12312,SEDSCRS_TCd,0.000000000000e+00
2074,12312,SO_TCu,0.000000000000e+00
2074,12312,IO_TCu,0.000000000000e+00
2074,12312,AO_TCu,0.000000000000e+00
2074,12312,PO_TCu,0.000000000000e+00
2074,12312,SED_TCu,0.000000000000e+00
2074,12312,SEDWSSD_TCu,0.000000000000e+00
2074,12312,SEDSCRS_TCu,0.000000000000e+00
2074,12312,SO_TPb,0.000000000000e+00
2074,12312,IO_TPb,0.000000000000e+00
2074,12312,AO_TPb,0.000000000000e+00
2074,12312,PO_TPb,0.000000000000e+00
2074,12312,SED_TPb,0.000000000000e+00
2074,12312,SEDWSSD_TPb,0.000000000000e+00
2074,12312,SEDSCRS_TPb,0.000000000000e+00
2074,12312,SO_TZn,0.000000000000e+00
2074,12312,IO_TZn,0.000000000000e+00
2074,12312,AO_TZn,0.000000000000e+00
2074,12312,PO_TZn,0.000000000000e+00
2074,12312,SED_TZn,0.000000000000e+00
2074,12312,SEDWSSD_TZn,0.000000000000e+00
2074,12312,SEDSCRS_TZn,0.000000000000e+00
2074,12321,AREA,0.000000000000e+00
2074,12321,PREC,0.000000000000e+00
2074,12321,SURO,0.000000000000e+00
2074,12321,IFWO,0.000000000000e+00
2074,12321,AGWO,0.000000000000e+00
2074,12321,PERO,0.000000000000e+00
2074,12321,TAET,0.000000000000e+00
2074,12321,SEDLOAD,0.000000000000e+00
2074,12321,SEDWSSD, 0.00000e+00
2074,12321,SEDSCRS, 0.00000e+00
2074,12321,SEDSURO, 0.00000e+00
2074,12321,SEDIFWO, 0.00000e+00
2074,12321,SEDAGWO, 0.00000e+00
2074,12321,SO_TN,0.000000000000e+00
2074,12321,IO_TN,0.000000000000e+00
2074,12321,AO_TN,0.000000000000e+00
2074,12321,PO_TN,0.000000000000e+00
2074,12321,SO_TP,0.000000000000e+00
2074,12321,IO_TP,0.000000000000e+00
2074,12321,AO_TP,0.000000000000e+00
2074,12321,PO_TP,0.000000000000e+00
2074,12321,SED_TP,0.000000000000e+00
2074,12321,SEDWSSD_TP,0.000000000000e+00
2074,12321,SEDSCRS_TP,0.000000000000e+00
2074,12321,SO_TCd,0.000000000000e+00
2074,12321,IO_TCd,0.000000000000e+00
2074,12321,AO_TCd,0.000000000000e+00
2074,12321,PO_TCd,0.000000000000e+00
2074,12321,SED_TCd,0.000000000000e+00
2074,12321,SEDWSSD_TCd,0.000000000000e+00
2074,12321,SEDSCRS_TCd,0.000000000000e+00
2074,12321,SO_TCu,0.000000000000e+00
2074,12321,IO_TCu,0.000000000000e+00
2074,12321,AO_TCu,0.000000000000e+00
2074,12321,PO_TCu,0.000000000000e+00
2074,12321,SED_TCu,0.000000000000e+00
2074,12321,SEDWSSD_TCu,0.000000000000e+00
2074,12321,SEDSCRS_TCu,0.000000000000e+00
2074,12321,SO_TPb,0.000000000000e+00
2074,12321,IO_TPb,0.000000000000e+00
2074,12321,AO_TPb,0.000000000000e+00
2074,12321,PO_TPb,0.000000000000e+00
2074,12321,SED_TPb,0.000000000000e+00
2074,12321,SEDWSSD_TPb,0.000000000000e+00
2074,12321,SEDSCRS_TPb,0.000000000000e+00
2074,12321,SO_TZn,0.000000000000e+00
2074,12321,IO_TZn,0.000000000000e+00
2074,12321,AO_TZn,0.000000000000e+00
2074,12321,PO_TZn,0.000000000000e+00
2074,12321,SED_TZn,0.000000000000e+00
2074,12321,SEDWSSD_TZn,0.000000000000e+00
2074,12321,SEDSCRS_TZn,0.000000000000e+00
2074,12322,AREA,0.000000000000e+00
2074,12322,PREC,0.000000000000e+00
2074,12322,SURO,0.000000000000e+00
2074,12322,IFWO,0.000000000000e+00
2074,12322,AGWO,0.000000000000e+00
2074,12322,PERO,0.000000000000e+00
2074,12322,TAET,0.000000000000e+00
2074,12322,SEDLOAD,0.000000000000e+00
2074,12322,SEDWSSD, 0.00000e+00
2074,12322,SEDSCRS, 0.00000e+00
2074,12322,SEDSURO, 0.00000e+00
2074,12322,SEDIFWO, 0.00000e+00
2074,12322,SEDAGWO, 0.00000e+00
2074,12322,SO_TN,0.000000000000e+00
2074,12322,IO_TN,0.000000000000e+00
2074,12322,AO_TN,0.000000000000e+00
2074,12322,PO_TN,0.000000000000e+00
2074,12322,SO_TP,0.000000000000e+00
2074,12322,IO_TP,0.000000000000e+00
2074,12322,AO_TP,0.000000000000e+00
2074,12322,PO_TP,0.000000000000e+00
2074,12322,SED_TP,0.000000000000e+00
2074,12322,SEDWSSD_TP,0.000000000000e+00
2074,12322,SEDSCRS_TP,0.000000000000e+00
2074,12322,SO_TCd,0.000000000000e+00
2074,12322,IO_TCd,0.000000000000e+00
2074,12322,AO_TCd,0.000000000000e+00
2074,12322,PO_TCd,0.000000000000e+00
2074,12322,SED_TCd,0.000000000000e+00
2074,12322,SEDWSSD_TCd,0.000000000000e+00
2074,12322,SEDSCRS_TCd,0.000000000000e+00
2074,12322,SO_TCu,0.000000000000e+00
2074,12322,IO_TCu,0.000000000000e+00
2074,12322,AO_TCu,0.000000000000e+00
2074,12322,PO_TCu,0.000000000000e+00
2074,12322,SED_TCu,0.000000000000e+00
2074,12322,SEDWSSD_TCu,0.000000000000e+00
2074,12322,SEDSCRS_TCu,0.000000000000e+00
2074,12322,SO_TPb,0.000000000000e+00
2074,12322,IO_TPb,0.000000000000e+00
2074,12322,AO_TPb,0.000000000000e+00
2074,12322,PO_TPb,0.000000000000e+00
2074,12322,SED_TPb,0.000000000000e+00
2074,12322,SEDWSSD_TPb,0.000000000000e+00
2074,12322,SEDSCRS_TPb,0.000000000000e+00
2074,12322,SO_TZn,0.000000000000e+00
2074,12322,IO_TZn,0.000000000000e+00
2074,12322,AO_TZn,0.000000000000e+00
2074,12322,PO_TZn,0.000000000000e+00
2074,12322,SED_TZn,0.000000000000e+00
2074,12322,SEDWSSD_TZn,0.000000000000e+00
2074,12322,SEDSCRS_TZn,0.000000000000e+00
2074,12411,AREA,1.218890509998e+02
2074,12411,PREC,1.288970908496e+03
2074,12411,SURO,1.407602162557e+02
2074,12411,IFWO,2.698010733910e+00
2074,12411,AGWO,1.836987070911e+02
2074,12411,PERO,3.271569340807e+02
2074,12411,TAET,9.773112567618e+02
2074,12411,SEDLOAD,1.130954243768e+00
2074,12411,SEDWSSD, 1.10983e+00
2074,12411,SEDSCRS, 0.00000e+00
2074,12411,SEDSURO, 0.00000e+00
2074,12411,SEDIFWO, 3.05702e-04
2074,12411,SEDAGWO, 2.08143e-02
2074,12411,SO_TN,4.250043267069e+01
2074,12411,IO_TN,1.222811551684e+00
2074,12411,AO_TN,3.122146136741e+01
2074,12411,PO_TN,7.494470558979e+01
2074,12411,SO_TP,2.219668520651e+00
2074,12411,IO_TP,2.445623103368e-01
2074,12411,AO_TP,8.325723031310e+00
2074,12411,PO_TP,1.078995386230e+01
2074,12411,SED_TP,2.219668520651e+00
2074,12411,SEDWSSD_TP,2.219668520651e+00
2074,12411,SEDSCRS_TP,0.000000000000e+00
2074,12411,SO_TCd,5.549171301628e-03
2074,12411,IO_TCd,0.000000000000e+00
2074,12411,AO_TCd,0.000000000000e+00
2074,12411,PO_TCd,5.549171301628e-03
2074,12411,SED_TCd,5.549171301628e-03
2074,12411,SEDWSSD_TCd,5.549171301628e-03
2074,12411,SEDSCRS_TCd,0.000000000000e+00
2074,12411,SO_TCu,5.549171301628e-01
2074,12411,IO_TCu,0.000000000000e+00
2074,12411,AO_TCu,0.000000000000e+00
2074,12411,PO_TCu,5.549171301628e-01
2074,12411,SED_TCu,5.549171301628e-01
2074,12411,SEDWSSD_TCu,5.549171301628e-01
2074,12411,SEDSCRS_TCu,0.000000000000e+00
2074,12411,SO_TPb,1.109834260326e-02
2074,12411,IO_TPb,0.000000000000e+00
2074,12411,AO_TPb,0.000000000000e+00
2074,12411,PO_TPb,1.109834260326e-02
2074,12411,SED_TPb,1.109834260326e-02
2074,12411,SEDWSSD_TPb,1.109834260326e-02
2074,12411,SEDSCRS_TPb,0.000000000000e+00
2074,12411,SO_TZn,3.995403337172e+00
2074,12411,IO_TZn,0.000000000000e+00
2074,12411,AO_TZn,2.081430757828e+00
2074,12411,PO_TZn,6.076834095000e+00
2074,12411,SED_TZn,3.995403337172e+00
2074,12411,SEDWSSD_TZn,3.995403337172e+00
2074,12411,SEDSCRS_TZn,0.000000000000e+00
2074,12412,AREA,0.000000000000e+00
2074,12412,PREC,0.000000000000e+00
2074,12412,SURO,0.000000000000e+00
2074,12412,IFWO,0.000000000000e+00
2074,12412,AGWO,0.000000000000e+00
2074,12412,PERO,0.000000000000e+00
2074,12412,TAET,0.000000000000e+00
2074,12412,SEDLOAD,0.000000000000e+00
2074,12412,SEDWSSD, 0.00000e+00
2074,12412,SEDSCRS, 0.00000e+00
2074,12412,SEDSURO, 0.00000e+00
2074,12412,SEDIFWO, 0.00000e+00
2074,12412,SEDAGWO, 0.00000e+00
2074,12412,SO_TN,0.000000000000e+00
2074,12412,IO_TN,0.000000000000e+00
2074,12412,AO_TN,0.000000000000e+00
2074,12412,PO_TN,0.000000000000e+00
2074,12412,SO_TP,0.000000000000e+00
2074,12412,IO_TP,0.000000000000e+00
2074,12412,AO_TP,0.000000000000e+00
2074,12412,PO_TP,0.000000000000e+00
2074,12412,SED_TP,0.000000000000e+00
2074,12412,SEDWSSD_TP,0.000000000000e+00
2074,12412,SEDSCRS_TP,0.000000000000e+00
2074,12412,SO_TCd,0.000000000000e+00
2074,12412,IO_TCd,0.000000000000e+00
2074,12412,AO_TCd,0.000000000000e+00
2074,12412,PO_TCd,0.000000000000e+00
2074,12412,SED_TCd,0.000000000000e+00
2074,12412,SEDWSSD_TCd,0.000000000000e+00
2074,12412,SEDSCRS_TCd,0.000000000000e+00
2074,12412,SO_TCu,0.000000000000e+00
2074,12412,IO_TCu,0.000000000000e+00
2074,12412,AO_TCu,0.000000000000e+00
2074,12412,PO_TCu,0.000000000000e+00
2074,12412,SED_TCu,0.000000000000e+00
2074,12412,SEDWSSD_TCu,0.000000000000e+00
2074,12412,SEDSCRS_TCu,0.000000000000e+00
2074,12412,SO_TPb,0.000000000000e+00
2074,12412,IO_TPb,0.000000000000e+00
2074,12412,AO_TPb,0.000000000000e+00
2074,12412,PO_TPb,0.000000000000e+00
2074,12412,SED_TPb,0.000000000000e+00
2074,12412,SEDWSSD_TPb,0.000000000000e+00
2074,12412,SEDSCRS_TPb,0.000000000000e+00
2074,12412,SO_TZn,0.000000000000e+00
2074,12412,IO_TZn,0.000000000000e+00
2074,12412,AO_TZn,0.000000000000e+00
2074,12412,PO_TZn,0.000000000000e+00
2074,12412,SED_TZn,0.000000000000e+00
2074,12412,SEDWSSD_TZn,0.000000000000e+00
2074,12412,SEDSCRS_TZn,0.000000000000e+00
2074,12421,AREA,1.351760999999e+00
2074,12421,PREC,1.429480818781e+01
2074,12421,SURO,1.733060866543e+00
2074,12421,IFWO,3.035018272272e-02
2074,12421,AGWO,2.002265665702e+00
2074,12421,PERO,3.765676714968e+00
2074,12421,TAET,1.069712018473e+01
2074,12421,SEDLOAD,1.073447041532e-02
2074,12421,SEDWSSD, 1.05042e-02
2074,12421,SEDSCRS, 0.00000e+00
2074,12421,SEDSURO, 0.00000e+00
2074,12421,SEDIFWO, 3.43888e-06
2074,12421,SEDAGWO, 2.26870e-04
2074,12421,SO_TN,4.929591507664e-01
2074,12421,IO_TN,1.375552497349e-02
2074,12421,AO_TN,3.403053898361e-01
2074,12421,PO_TN,8.470200655761e-01
2074,12421,SO_TP,2.100832313775e-02
2074,12421,IO_TP,2.751104994699e-03
2074,12421,AO_TP,9.074810395630e-02
2074,12421,PO_TP,1.145075320887e-01
2074,12421,SED_TP,2.100832313775e-02
2074,12421,SEDWSSD_TP,2.100832313775e-02
2074,12421,SEDSCRS_TP,0.000000000000e+00
2074,12421,SO_TCd,5.252080784437e-05
2074,12421,IO_TCd,0.000000000000e+00
2074,12421,AO_TCd,0.000000000000e+00
2074,12421,PO_TCd,5.252080784437e-05
2074,12421,SED_TCd,5.252080784437e-05
2074,12421,SEDWSSD_TCd,5.252080784437e-05
2074,12421,SEDSCRS_TCd,0.000000000000e+00
2074,12421,SO_TCu,5.252080784437e-03
2074,12421,IO_TCu,0.000000000000e+00
2074,12421,AO_TCu,0.000000000000e+00
2074,12421,PO_TCu,5.252080784437e-03
2074,12421,SED_TCu,5.252080784437e-03
2074,12421,SEDWSSD_TCu,5.252080784437e-03
2074,12421,SEDSCRS_TCu,0.000000000000e+00
2074,12421,SO_TPb,1.050416156887e-04
2074,12421,IO_TPb,0.000000000000e+00
2074,12421,AO_TPb,0.000000000000e+00
2074,12421,PO_TPb,1.050416156887e-04
2074,12421,SED_TPb,1.050416156887e-04
2074,12421,SEDWSSD_TPb,1.050416156887e-04
2074,12421,SEDSCRS_TPb,0.000000000000e+00
2074,12421,SO_TZn,3.781498164795e-02
2074,12421,IO_TZn,0.000000000000e+00
2074,12421,AO_TZn,2.268702598907e-02
2074,12421,PO_TZn,6.050200763702e-02
2074,12421,SED_TZn,3.781498164795e-02
2074,12421,SEDWSSD_TZn,3.781498164795e-02
2074,12421,SEDSCRS_TZn,0.000000000000e+00
2074,12422,AREA,0.000000000000e+00
2074,12422,PREC,0.000000000000e+00
2074,12422,SURO,0.000000000000e+00
2074,12422,IFWO,0.000000000000e+00
2074,12422,AGWO,0.000000000000e+00
2074,12422,PERO,0.000000000000e+00
2074,12422,TAET,0.000000000000e+00
2074,12422,SEDLOAD,0.000000000000e+00
2074,12422,SEDWSSD, 0.00000e+00
2074,12422,SEDSCRS, 0.00000e+00
2074,12422,SEDSURO, 0.00000e+00
2074,12422,SEDIFWO, 0.00000e+00
2074,12422,SEDAGWO, 0.00000e+00
2074,12422,SO_TN,0.000000000000e+00
2074,12422,IO_TN,0.000000000000e+00
2074,12422,AO_TN,0.000000000000e+00
2074,12422,PO_TN,0.000000000000e+00
2074,12422,SO_TP,0.000000000000e+00
2074,12422,IO_TP,0.000000000000e+00
2074,12422,AO_TP,0.000000000000e+00
2074,12422,PO_TP,0.000000000000e+00
2074,12422,SED_TP,0.000000000000e+00
2074,12422,SEDWSSD_TP,0.000000000000e+00
2074,12422,SEDSCRS_TP,0.000000000000e+00
2074,12422,SO_TCd,0.000000000000e+00
2074,12422,IO_TCd,0.000000000000e+00
2074,12422,AO_TCd,0.000000000000e+00
2074,12422,PO_TCd,0.000000000000e+00
2074,12422,SED_TCd,0.000000000000e+00
2074,12422,SEDWSSD_TCd,0.000000000000e+00
2074,12422,SEDSCRS_TCd,0.000000000000e+00
2074,12422,SO_TCu,0.000000000000e+00
2074,12422,IO_TCu,0.000000000000e+00
2074,12422,AO_TCu,0.000000000000e+00
2074,12422,PO_TCu,0.000000000000e+00
2074,12422,SED_TCu,0.000000000000e+00
2074,12422,SEDWSSD_TCu,0.000000000000e+00
2074,12422,SEDSCRS_TCu,0.000000000000e+00
2074,12422,SO_TPb,0.000000000000e+00
2074,12422,IO_TPb,0.000000000000e+00
2074,12422,AO_TPb,0.000000000000e+00
2074,12422,PO_TPb,0.000000000000e+00
2074,12422,SED_TPb,0.000000000000e+00
2074,12422,SEDWSSD_TPb,0.000000000000e+00
2074,12422,SEDSCRS_TPb,0.000000000000e+00
2074,12422,SO_TZn,0.000000000000e+00
2074,12422,IO_TZn,0.000000000000e+00
2074,12422,AO_TZn,0.000000000000e+00
2074,12422,PO_TZn,0.000000000000e+00
2074,12422,SED_TZn,0.000000000000e+00
2074,12422,SEDWSSD_TZn,0.000000000000e+00
2074,12422,SEDSCRS_TZn,0.000000000000e+00
2074,13111,AREA,0.000000000000e+00
2074,13111,PREC,0.000000000000e+00
2074,13111,SURO,0.000000000000e+00
2074,13111,IFWO,0.000000000000e+00
2074,13111,AGWO,0.000000000000e+00
2074,13111,PERO,0.000000000000e+00
2074,13111,TAET,0.000000000000e+00
2074,13111,SEDLOAD,0.000000000000e+00
2074,13111,SEDWSSD, 0.00000e+00
2074,13111,SEDSCRS, 0.00000e+00
2074,13111,SEDSURO, 0.00000e+00
2074,13111,SEDIFWO, 0.00000e+00
2074,13111,SEDAGWO, 0.00000e+00
2074,13111,SO_TN,0.000000000000e+00
2074,13111,IO_TN,0.000000000000e+00
2074,13111,AO_TN,0.000000000000e+00
2074,13111,PO_TN,0.000000000000e+00
2074,13111,SO_TP,0.000000000000e+00
2074,13111,IO_TP,0.000000000000e+00
2074,13111,AO_TP,0.000000000000e+00
2074,13111,PO_TP,0.000000000000e+00
2074,13111,SED_TP,0.000000000000e+00
2074,13111,SEDWSSD_TP,0.000000000000e+00
2074,13111,SEDSCRS_TP,0.000000000000e+00
2074,13111,SO_TCd,0.000000000000e+00
2074,13111,IO_TCd,0.000000000000e+00
2074,13111,AO_TCd,0.000000000000e+00
2074,13111,PO_TCd,0.000000000000e+00
2074,13111,SED_TCd,0.000000000000e+00
2074,13111,SEDWSSD_TCd,0.000000000000e+00
2074,13111,SEDSCRS_TCd,0.000000000000e+00
2074,13111,SO_TCu,0.000000000000e+00
2074,13111,IO_TCu,0.000000000000e+00
2074,13111,AO_TCu,0.000000000000e+00
2074,13111,PO_TCu,0.000000000000e+00
2074,13111,SED_TCu,0.000000000000e+00
2074,13111,SEDWSSD_TCu,0.000000000000e+00
2074,13111,SEDSCRS_TCu,0.000000000000e+00
2074,13111,SO_TPb,0.000000000000e+00
2074,13111,IO_TPb,0.000000000000e+00
2074,13111,AO_TPb,0.000000000000e+00
2074,13111,PO_TPb,0.000000000000e+00
2074,13111,SED_TPb,0.000000000000e+00
2074,13111,SEDWSSD_TPb,0.000000000000e+00
2074,13111,SEDSCRS_TPb,0.000000000000e+00
2074,13111,SO_TZn,0.000000000000e+00
2074,13111,IO_TZn,0.000000000000e+00
2074,13111,AO_TZn,0.000000000000e+00
2074,13111,PO_TZn,0.000000000000e+00
2074,13111,SED_TZn,0.000000000000e+00
2074,13111,SEDWSSD_TZn,0.000000000000e+00
2074,13111,SEDSCRS_TZn,0.000000000000e+00
2074,13112,AREA,0.000000000000e+00
2074,13112,PREC,0.000000000000e+00
2074,13112,SURO,0.000000000000e+00
2074,13112,IFWO,0.000000000000e+00
2074,13112,AGWO,0.000000000000e+00
2074,13112,PERO,0.000000000000e+00
2074,13112,TAET,0.000000000000e+00
2074,13112,SEDLOAD,0.000000000000e+00
2074,13112,SEDWSSD, 0.00000e+00
2074,13112,SEDSCRS, 0.00000e+00
2074,13112,SEDSURO, 0.00000e+00
2074,13112,SEDIFWO, 0.00000e+00
2074,13112,SEDAGWO, 0.00000e+00
2074,13112,SO_TN,0.000000000000e+00
2074,13112,IO_TN,0.000000000000e+00
2074,13112,AO_TN,0.000000000000e+00
2074,13112,PO_TN,0.000000000000e+00
2074,13112,SO_TP,0.000000000000e+00
2074,13112,IO_TP,0.000000000000e+00
2074,13112,AO_TP,0.000000000000e+00
2074,13112,PO_TP,0.000000000000e+00
2074,13112,SED_TP,0.000000000000e+00
2074,13112,SEDWSSD_TP,0.000000000000e+00
2074,13112,SEDSCRS_TP,0.000000000000e+00
2074,13112,SO_TCd,0.000000000000e+00
2074,13112,IO_TCd,0.000000000000e+00
2074,13112,AO_TCd,0.000000000000e+00
2074,13112,PO_TCd,0.000000000000e+00
2074,13112,SED_TCd,0.000000000000e+00
2074,13112,SEDWSSD_TCd,0.000000000000e+00
2074,13112,SEDSCRS_TCd,0.000000000000e+00
2074,13112,SO_TCu,0.000000000000e+00
2074,13112,IO_TCu,0.000000000000e+00
2074,13112,AO_TCu,0.000000000000e+00
2074,13112,PO_TCu,0.000000000000e+00
2074,13112,SED_TCu,0.000000000000e+00
2074,13112,SEDWSSD_TCu,0.000000000000e+00
2074,13112,SEDSCRS_TCu,0.000000000000e+00
2074,13112,SO_TPb,0.000000000000e+00
2074,13112,IO_TPb,0.000000000000e+00
2074,13112,AO_TPb,0.000000000000e+00
2074,13112,PO_TPb,0.000000000000e+00
2074,13112,SED_TPb,0.000000000000e+00
2074,13112,SEDWSSD_TPb,0.000000000000e+00
2074,13112,SEDSCRS_TPb,0.000000000000e+00
2074,13112,SO_TZn,0.000000000000e+00
2074,13112,IO_TZn,0.000000000000e+00
2074,13112,AO_TZn,0.000000000000e+00
2074,13112,PO_TZn,0.000000000000e+00
2074,13112,SED_TZn,0.000000000000e+00
2074,13112,SEDWSSD_TZn,0.000000000000e+00
2074,13112,SEDSCRS_TZn,0.000000000000e+00
2074,13121,AREA,0.000000000000e+00
2074,13121,PREC,0.000000000000e+00
2074,13121,SURO,0.000000000000e+00
2074,13121,IFWO,0.000000000000e+00
2074,13121,AGWO,0.000000000000e+00
2074,13121,PERO,0.000000000000e+00
2074,13121,TAET,0.000000000000e+00
2074,13121,SEDLOAD,0.000000000000e+00
2074,13121,SEDWSSD, 0.00000e+00
2074,13121,SEDSCRS, 0.00000e+00
2074,13121,SEDSURO, 0.00000e+00
2074,13121,SEDIFWO, 0.00000e+00
2074,13121,SEDAGWO, 0.00000e+00
2074,13121,SO_TN,0.000000000000e+00
2074,13121,IO_TN,0.000000000000e+00
2074,13121,AO_TN,0.000000000000e+00
2074,13121,PO_TN,0.000000000000e+00
2074,13121,SO_TP,0.000000000000e+00
2074,13121,IO_TP,0.000000000000e+00
2074,13121,AO_TP,0.000000000000e+00
2074,13121,PO_TP,0.000000000000e+00
2074,13121,SED_TP,0.000000000000e+00
2074,13121,SEDWSSD_TP,0.000000000000e+00
2074,13121,SEDSCRS_TP,0.000000000000e+00
2074,13121,SO_TCd,0.000000000000e+00
2074,13121,IO_TCd,0.000000000000e+00
2074,13121,AO_TCd,0.000000000000e+00
2074,13121,PO_TCd,0.000000000000e+00
2074,13121,SED_TCd,0.000000000000e+00
2074,13121,SEDWSSD_TCd,0.000000000000e+00
2074,13121,SEDSCRS_TCd,0.000000000000e+00
2074,13121,SO_TCu,0.000000000000e+00
2074,13121,IO_TCu,0.000000000000e+00
2074,13121,AO_TCu,0.000000000000e+00
2074,13121,PO_TCu,0.000000000000e+00
2074,13121,SED_TCu,0.000000000000e+00
2074,13121,SEDWSSD_TCu,0.000000000000e+00
2074,13121,SEDSCRS_TCu,0.000000000000e+00
2074,13121,SO_TPb,0.000000000000e+00
2074,13121,IO_TPb,0.000000000000e+00
2074,13121,AO_TPb,0.000000000000e+00
2074,13121,PO_TPb,0.000000000000e+00
2074,13121,SED_TPb,0.000000000000e+00
2074,13121,SEDWSSD_TPb,0.000000000000e+00
2074,13121,SEDSCRS_TPb,0.000000000000e+00
2074,13121,SO_TZn,0.000000000000e+00
2074,13121,IO_TZn,0.000000000000e+00
2074,13121,AO_TZn,0.000000000000e+00
2074,13121,PO_TZn,0.000000000000e+00
2074,13121,SED_TZn,0.000000000000e+00
2074,13121,SEDWSSD_TZn,0.000000000000e+00
2074,13121,SEDSCRS_TZn,0.000000000000e+00
2074,13122,AREA,0.000000000000e+00
2074,13122,PREC,0.000000000000e+00
2074,13122,SURO,0.000000000000e+00
2074,13122,IFWO,0.000000000000e+00
2074,13122,AGWO,0.000000000000e+00
2074,13122,PERO,0.000000000000e+00
2074,13122,TAET,0.000000000000e+00
2074,13122,SEDLOAD,0.000000000000e+00
2074,13122,SEDWSSD, 0.00000e+00
2074,13122,SEDSCRS, 0.00000e+00
2074,13122,SEDSURO, 0.00000e+00
2074,13122,SEDIFWO, 0.00000e+00
2074,13122,SEDAGWO, 0.00000e+00
2074,13122,SO_TN,0.000000000000e+00
2074,13122,IO_TN,0.000000000000e+00
2074,13122,AO_TN,0.000000000000e+00
2074,13122,PO_TN,0.000000000000e+00
2074,13122,SO_TP,0.000000000000e+00
2074,13122,IO_TP,0.000000000000e+00
2074,13122,AO_TP,0.000000000000e+00
2074,13122,PO_TP,0.000000000000e+00
2074,13122,SED_TP,0.000000000000e+00
2074,13122,SEDWSSD_TP,0.000000000000e+00
2074,13122,SEDSCRS_TP,0.000000000000e+00
2074,13122,SO_TCd,0.000000000000e+00
2074,13122,IO_TCd,0.000000000000e+00
2074,13122,AO_TCd,0.000000000000e+00
2074,13122,PO_TCd,0.000000000000e+00
2074,13122,SED_TCd,0.000000000000e+00
2074,13122,SEDWSSD_TCd,0.000000000000e+00
2074,13122,SEDSCRS_TCd,0.000000000000e+00
2074,13122,SO_TCu,0.000000000000e+00
2074,13122,IO_TCu,0.000000000000e+00
2074,13122,AO_TCu,0.000000000000e+00
2074,13122,PO_TCu,0.000000000000e+00
2074,13122,SED_TCu,0.000000000000e+00
2074,13122,SEDWSSD_TCu,0.000000000000e+00
2074,13122,SEDSCRS_TCu,0.000000000000e+00
2074,13122,SO_TPb,0.000000000000e+00
2074,13122,IO_TPb,0.000000000000e+00
2074,13122,AO_TPb,0.000000000000e+00
2074,13122,PO_TPb,0.000000000000e+00
2074,13122,SED_TPb,0.000000000000e+00
2074,13122,SEDWSSD_TPb,0.000000000000e+00
2074,13122,SEDSCRS_TPb,0.000000000000e+00
2074,13122,SO_TZn,0.000000000000e+00
2074,13122,IO_TZn,0.000000000000e+00
2074,13122,AO_TZn,0.000000000000e+00
2074,13122,PO_TZn,0.000000000000e+00
2074,13122,SED_TZn,0.000000000000e+00
2074,13122,SEDWSSD_TZn,0.000000000000e+00
2074,13122,SEDSCRS_TZn,0.000000000000e+00
2074,13211,AREA,0.000000000000e+00
2074,13211,PREC,0.000000000000e+00
2074,13211,SURO,0.000000000000e+00
2074,13211,IFWO,0.000000000000e+00
2074,13211,AGWO,0.000000000000e+00
2074,13211,PERO,0.000000000000e+00
2074,13211,TAET,0.000000000000e+00
2074,13211,SEDLOAD,0.000000000000e+00
2074,13211,SEDWSSD, 0.00000e+00
2074,13211,SEDSCRS, 0.00000e+00
2074,13211,SEDSURO, 0.00000e+00
2074,13211,SEDIFWO, 0.00000e+00
2074,13211,SEDAGWO, 0.00000e+00
2074,13211,SO_TN,0.000000000000e+00
2074,13211,IO_TN,0.000000000000e+00
2074,13211,AO_TN,0.000000000000e+00
2074,13211,PO_TN,0.000000000000e+00
2074,13211,SO_TP,0.000000000000e+00
2074,13211,IO_TP,0.000000000000e+00
2074,13211,AO_TP,0.000000000000e+00
2074,13211,PO_TP,0.000000000000e+00
2074,13211,SED_TP,0.000000000000e+00
2074,13211,SEDWSSD_TP,0.000000000000e+00
2074,13211,SEDSCRS_TP,0.000000000000e+00
2074,13211,SO_TCd,0.000000000000e+00
2074,13211,IO_TCd,0.000000000000e+00
2074,13211,AO_TCd,0.000000000000e+00
2074,13211,PO_TCd,0.000000000000e+00
2074,13211,SED_TCd,0.000000000000e+00
2074,13211,SEDWSSD_TCd,0.000000000000e+00
2074,13211,SEDSCRS_TCd,0.000000000000e+00
2074,13211,SO_TCu,0.000000000000e+00
2074,13211,IO_TCu,0.000000000000e+00
2074,13211,AO_TCu,0.000000000000e+00
2074,13211,PO_TCu,0.000000000000e+00
2074,13211,SED_TCu,0.000000000000e+00
2074,13211,SEDWSSD_TCu,0.000000000000e+00
2074,13211,SEDSCRS_TCu,0.000000000000e+00
2074,13211,SO_TPb,0.000000000000e+00
2074,13211,IO_TPb,0.000000000000e+00
2074,13211,AO_TPb,0.000000000000e+00
2074,13211,PO_TPb,0.000000000000e+00
2074,13211,SED_TPb,0.000000000000e+00
2074,13211,SEDWSSD_TPb,0.000000000000e+00
2074,13211,SEDSCRS_TPb,0.000000000000e+00
2074,13211,SO_TZn,0.000000000000e+00
2074,13211,IO_TZn,0.000000000000e+00
2074,13211,AO_TZn,0.000000000000e+00
2074,13211,PO_TZn,0.000000000000e+00
2074,13211,SED_TZn,0.000000000000e+00
2074,13211,SEDWSSD_TZn,0.000000000000e+00
2074,13211,SEDSCRS_TZn,0.000000000000e+00
2074,13212,AREA,0.000000000000e+00
2074,13212,PREC,0.000000000000e+00
2074,13212,SURO,0.000000000000e+00
2074,13212,IFWO,0.000000000000e+00
2074,13212,AGWO,0.000000000000e+00
2074,13212,PERO,0.000000000000e+00
2074,13212,TAET,0.000000000000e+00
2074,13212,SEDLOAD,0.000000000000e+00
2074,13212,SEDWSSD, 0.00000e+00
2074,13212,SEDSCRS, 0.00000e+00
2074,13212,SEDSURO, 0.00000e+00
2074,13212,SEDIFWO, 0.00000e+00
2074,13212,SEDAGWO, 0.00000e+00
2074,13212,SO_TN,0.000000000000e+00
2074,13212,IO_TN,0.000000000000e+00
2074,13212,AO_TN,0.000000000000e+00
2074,13212,PO_TN,0.000000000000e+00
2074,13212,SO_TP,0.000000000000e+00
2074,13212,IO_TP,0.000000000000e+00
2074,13212,AO_TP,0.000000000000e+00
2074,13212,PO_TP,0.000000000000e+00
2074,13212,SED_TP,0.000000000000e+00
2074,13212,SEDWSSD_TP,0.000000000000e+00
2074,13212,SEDSCRS_TP,0.000000000000e+00
2074,13212,SO_TCd,0.000000000000e+00
2074,13212,IO_TCd,0.000000000000e+00
2074,13212,AO_TCd,0.000000000000e+00
2074,13212,PO_TCd,0.000000000000e+00
2074,13212,SED_TCd,0.000000000000e+00
2074,13212,SEDWSSD_TCd,0.000000000000e+00
2074,13212,SEDSCRS_TCd,0.000000000000e+00
2074,13212,SO_TCu,0.000000000000e+00
2074,13212,IO_TCu,0.000000000000e+00
2074,13212,AO_TCu,0.000000000000e+00
2074,13212,PO_TCu,0.000000000000e+00
2074,13212,SED_TCu,0.000000000000e+00
2074,13212,SEDWSSD_TCu,0.000000000000e+00
2074,13212,SEDSCRS_TCu,0.000000000000e+00
2074,13212,SO_TPb,0.000000000000e+00
2074,13212,IO_TPb,0.000000000000e+00
2074,13212,AO_TPb,0.000000000000e+00
2074,13212,PO_TPb,0.000000000000e+00
2074,13212,SED_TPb,0.000000000000e+00
2074,13212,SEDWSSD_TPb,0.000000000000e+00
2074,13212,SEDSCRS_TPb,0.000000000000e+00
2074,13212,SO_TZn,0.000000000000e+00
2074,13212,IO_TZn,0.000000000000e+00
2074,13212,AO_TZn,0.000000000000e+00
2074,13212,PO_TZn,0.000000000000e+00
2074,13212,SED_TZn,0.000000000000e+00
2074,13212,SEDWSSD_TZn,0.000000000000e+00
2074,13212,SEDSCRS_TZn,0.000000000000e+00
2074,13221,AREA,0.000000000000e+00
2074,13221,PREC,0.000000000000e+00
2074,13221,SURO,0.000000000000e+00
2074,13221,IFWO,0.000000000000e+00
2074,13221,AGWO,0.000000000000e+00
2074,13221,PERO,0.000000000000e+00
2074,13221,TAET,0.000000000000e+00
2074,13221,SEDLOAD,0.000000000000e+00
2074,13221,SEDWSSD, 0.00000e+00
2074,13221,SEDSCRS, 0.00000e+00
2074,13221,SEDSURO, 0.00000e+00
2074,13221,SEDIFWO, 0.00000e+00
2074,13221,SEDAGWO, 0.00000e+00
2074,13221,SO_TN,0.000000000000e+00
2074,13221,IO_TN,0.000000000000e+00
2074,13221,AO_TN,0.000000000000e+00
2074,13221,PO_TN,0.000000000000e+00
2074,13221,SO_TP,0.000000000000e+00
2074,13221,IO_TP,0.000000000000e+00
2074,13221,AO_TP,0.000000000000e+00
2074,13221,PO_TP,0.000000000000e+00
2074,13221,SED_TP,0.000000000000e+00
2074,13221,SEDWSSD_TP,0.000000000000e+00
2074,13221,SEDSCRS_TP,0.000000000000e+00
2074,13221,SO_TCd,0.000000000000e+00
2074,13221,IO_TCd,0.000000000000e+00
2074,13221,AO_TCd,0.000000000000e+00
2074,13221,PO_TCd,0.000000000000e+00
2074,13221,SED_TCd,0.000000000000e+00
2074,13221,SEDWSSD_TCd,0.000000000000e+00
2074,13221,SEDSCRS_TCd,0.000000000000e+00
2074,13221,SO_TCu,0.000000000000e+00
2074,13221,IO_TCu,0.000000000000e+00
2074,13221,AO_TCu,0.000000000000e+00
2074,13221,PO_TCu,0.000000000000e+00
2074,13221,SED_TCu,0.000000000000e+00
2074,13221,SEDWSSD_TCu,0.000000000000e+00
2074,13221,SEDSCRS_TCu,0.000000000000e+00
2074,13221,SO_TPb,0.000000000000e+00
2074,13221,IO_TPb,0.000000000000e+00
2074,13221,AO_TPb,0.000000000000e+00
2074,13221,PO_TPb,0.000000000000e+00
2074,13221,SED_TPb,0.000000000000e+00
2074,13221,SEDWSSD_TPb,0.000000000000e+00
2074,13221,SEDSCRS_TPb,0.000000000000e+00
2074,13221,SO_TZn,0.000000000000e+00
2074,13221,IO_TZn,0.000000000000e+00
2074,13221,AO_TZn,0.000000000000e+00
2074,13221,PO_TZn,0.000000000000e+00
2074,13221,SED_TZn,0.000000000000e+00
2074,13221,SEDWSSD_TZn,0.000000000000e+00
2074,13221,SEDSCRS_TZn,0.000000000000e+00
2074,13222,AREA,0.000000000000e+00
2074,13222,PREC,0.000000000000e+00
2074,13222,SURO,0.000000000000e+00
2074,13222,IFWO,0.000000000000e+00
2074,13222,AGWO,0.000000000000e+00
2074,13222,PERO,0.000000000000e+00
2074,13222,TAET,0.000000000000e+00
2074,13222,SEDLOAD,0.000000000000e+00
2074,13222,SEDWSSD, 0.00000e+00
2074,13222,SEDSCRS, 0.00000e+00
2074,13222,SEDSURO, 0.00000e+00
2074,13222,SEDIFWO, 0.00000e+00
2074,13222,SEDAGWO, 0.00000e+00
2074,13222,SO_TN,0.000000000000e+00
2074,13222,IO_TN,0.000000000000e+00
2074,13222,AO_TN,0.000000000000e+00
2074,13222,PO_TN,0.000000000000e+00
2074,13222,SO_TP,0.000000000000e+00
2074,13222,IO_TP,0.000000000000e+00
2074,13222,AO_TP,0.000000000000e+00
2074,13222,PO_TP,0.000000000000e+00
2074,13222,SED_TP,0.000000000000e+00
2074,13222,SEDWSSD_TP,0.000000000000e+00
2074,13222,SEDSCRS_TP,0.000000000000e+00
2074,13222,SO_TCd,0.000000000000e+00
2074,13222,IO_TCd,0.000000000000e+00
2074,13222,AO_TCd,0.000000000000e+00
2074,13222,PO_TCd,0.000000000000e+00
2074,13222,SED_TCd,0.000000000000e+00
2074,13222,SEDWSSD_TCd,0.000000000000e+00
2074,13222,SEDSCRS_TCd,0.000000000000e+00
2074,13222,SO_TCu,0.000000000000e+00
2074,13222,IO_TCu,0.000000000000e+00
2074,13222,AO_TCu,0.000000000000e+00
2074,13222,PO_TCu,0.000000000000e+00
2074,13222,SED_TCu,0.000000000000e+00
2074,13222,SEDWSSD_TCu,0.000000000000e+00
2074,13222,SEDSCRS_TCu,0.000000000000e+00
2074,13222,SO_TPb,0.000000000000e+00
2074,13222,IO_TPb,0.000000000000e+00
2074,13222,AO_TPb,0.000000000000e+00
2074,13222,PO_TPb,0.000000000000e+00
2074,13222,SED_TPb,0.000000000000e+00
2074,13222,SEDWSSD_TPb,0.000000000000e+00
2074,13222,SEDSCRS_TPb,0.000000000000e+00
2074,13222,SO_TZn,0.000000000000e+00
2074,13222,IO_TZn,0.000000000000e+00
2074,13222,AO_TZn,0.000000000000e+00
2074,13222,PO_TZn,0.000000000000e+00
2074,13222,SED_TZn,0.000000000000e+00
2074,13222,SEDWSSD_TZn,0.000000000000e+00
2074,13222,SEDSCRS_TZn,0.000000000000e+00
2074,13231,AREA,0.000000000000e+00
2074,13231,PREC,0.000000000000e+00
2074,13231,SURO,0.000000000000e+00
2074,13231,IFWO,0.000000000000e+00
2074,13231,AGWO,0.000000000000e+00
2074,13231,PERO,0.000000000000e+00
2074,13231,TAET,0.000000000000e+00
2074,13231,SEDLOAD,0.000000000000e+00
2074,13231,SEDWSSD, 0.00000e+00
2074,13231,SEDSCRS, 0.00000e+00
2074,13231,SEDSURO, 0.00000e+00
2074,13231,SEDIFWO, 0.00000e+00
2074,13231,SEDAGWO, 0.00000e+00
2074,13231,SO_TN,0.000000000000e+00
2074,13231,IO_TN,0.000000000000e+00
2074,13231,AO_TN,0.000000000000e+00
2074,13231,PO_TN,0.000000000000e+00
2074,13231,SO_TP,0.000000000000e+00
2074,13231,IO_TP,0.000000000000e+00
2074,13231,AO_TP,0.000000000000e+00
2074,13231,PO_TP,0.000000000000e+00
2074,13231,SED_TP,0.000000000000e+00
2074,13231,SEDWSSD_TP,0.000000000000e+00
2074,13231,SEDSCRS_TP,0.000000000000e+00
2074,13231,SO_TCd,0.000000000000e+00
2074,13231,IO_TCd,0.000000000000e+00
2074,13231,AO_TCd,0.000000000000e+00
2074,13231,PO_TCd,0.000000000000e+00
2074,13231,SED_TCd,0.000000000000e+00
2074,13231,SEDWSSD_TCd,0.000000000000e+00
2074,13231,SEDSCRS_TCd,0.000000000000e+00
2074,13231,SO_TCu,0.000000000000e+00
2074,13231,IO_TCu,0.000000000000e+00
2074,13231,AO_TCu,0.000000000000e+00
2074,13231,PO_TCu,0.000000000000e+00
2074,13231,SED_TCu,0.000000000000e+00
2074,13231,SEDWSSD_TCu,0.000000000000e+00
2074,13231,SEDSCRS_TCu,0.000000000000e+00
2074,13231,SO_TPb,0.000000000000e+00
2074,13231,IO_TPb,0.000000000000e+00
2074,13231,AO_TPb,0.000000000000e+00
2074,13231,PO_TPb,0.000000000000e+00
2074,13231,SED_TPb,0.000000000000e+00
2074,13231,SEDWSSD_TPb,0.000000000000e+00
2074,13231,SEDSCRS_TPb,0.000000000000e+00
2074,13231,SO_TZn,0.000000000000e+00
2074,13231,IO_TZn,0.000000000000e+00
2074,13231,AO_TZn,0.000000000000e+00
2074,13231,PO_TZn,0.000000000000e+00
2074,13231,SED_TZn,0.000000000000e+00
2074,13231,SEDWSSD_TZn,0.000000000000e+00
2074,13231,SEDSCRS_TZn,0.000000000000e+00
2074,13232,AREA,0.000000000000e+00
2074,13232,PREC,0.000000000000e+00
2074,13232,SURO,0.000000000000e+00
2074,13232,IFWO,0.000000000000e+00
2074,13232,AGWO,0.000000000000e+00
2074,13232,PERO,0.000000000000e+00
2074,13232,TAET,0.000000000000e+00
2074,13232,SEDLOAD,0.000000000000e+00
2074,13232,SEDWSSD, 0.00000e+00
2074,13232,SEDSCRS, 0.00000e+00
2074,13232,SEDSURO, 0.00000e+00
2074,13232,SEDIFWO, 0.00000e+00
2074,13232,SEDAGWO, 0.00000e+00
2074,13232,SO_TN,0.000000000000e+00
2074,13232,IO_TN,0.000000000000e+00
2074,13232,AO_TN,0.000000000000e+00
2074,13232,PO_TN,0.000000000000e+00
2074,13232,SO_TP,0.000000000000e+00
2074,13232,IO_TP,0.000000000000e+00
2074,13232,AO_TP,0.000000000000e+00
2074,13232,PO_TP,0.000000000000e+00
2074,13232,SED_TP,0.000000000000e+00
2074,13232,SEDWSSD_TP,0.000000000000e+00
2074,13232,SEDSCRS_TP,0.000000000000e+00
2074,13232,SO_TCd,0.000000000000e+00
2074,13232,IO_TCd,0.000000000000e+00
2074,13232,AO_TCd,0.000000000000e+00
2074,13232,PO_TCd,0.000000000000e+00
2074,13232,SED_TCd,0.000000000000e+00
2074,13232,SEDWSSD_TCd,0.000000000000e+00
2074,13232,SEDSCRS_TCd,0.000000000000e+00
2074,13232,SO_TCu,0.000000000000e+00
2074,13232,IO_TCu,0.000000000000e+00
2074,13232,AO_TCu,0.000000000000e+00
2074,13232,PO_TCu,0.000000000000e+00
2074,13232,SED_TCu,0.000000000000e+00
2074,13232,SEDWSSD_TCu,0.000000000000e+00
2074,13232,SEDSCRS_TCu,0.000000000000e+00
2074,13232,SO_TPb,0.000000000000e+00
2074,13232,IO_TPb,0.000000000000e+00
2074,13232,AO_TPb,0.000000000000e+00
2074,13232,PO_TPb,0.000000000000e+00
2074,13232,SED_TPb,0.000000000000e+00
2074,13232,SEDWSSD_TPb,0.000000000000e+00
2074,13232,SEDSCRS_TPb,0.000000000000e+00
2074,13232,SO_TZn,0.000000000000e+00
2074,13232,IO_TZn,0.000000000000e+00
2074,13232,AO_TZn,0.000000000000e+00
2074,13232,PO_TZn,0.000000000000e+00
2074,13232,SED_TZn,0.000000000000e+00
2074,13232,SEDWSSD_TZn,0.000000000000e+00
2074,13232,SEDSCRS_TZn,0.000000000000e+00
2074,13311,AREA,0.000000000000e+00
2074,13311,PREC,0.000000000000e+00
2074,13311,SURO,0.000000000000e+00
2074,13311,IFWO,0.000000000000e+00
2074,13311,AGWO,0.000000000000e+00
2074,13311,PERO,0.000000000000e+00
2074,13311,TAET,0.000000000000e+00
2074,13311,SEDLOAD,0.000000000000e+00
2074,13311,SEDWSSD, 0.00000e+00
2074,13311,SEDSCRS, 0.00000e+00
2074,13311,SEDSURO, 0.00000e+00
2074,13311,SEDIFWO, 0.00000e+00
2074,13311,SEDAGWO, 0.00000e+00
2074,13311,SO_TN,0.000000000000e+00
2074,13311,IO_TN,0.000000000000e+00
2074,13311,AO_TN,0.000000000000e+00
2074,13311,PO_TN,0.000000000000e+00
2074,13311,SO_TP,0.000000000000e+00
2074,13311,IO_TP,0.000000000000e+00
2074,13311,AO_TP,0.000000000000e+00
2074,13311,PO_TP,0.000000000000e+00
2074,13311,SED_TP,0.000000000000e+00
2074,13311,SEDWSSD_TP,0.000000000000e+00
2074,13311,SEDSCRS_TP,0.000000000000e+00
2074,13311,SO_TCd,0.000000000000e+00
2074,13311,IO_TCd,0.000000000000e+00
2074,13311,AO_TCd,0.000000000000e+00
2074,13311,PO_TCd,0.000000000000e+00
2074,13311,SED_TCd,0.000000000000e+00
2074,13311,SEDWSSD_TCd,0.000000000000e+00
2074,13311,SEDSCRS_TCd,0.000000000000e+00
2074,13311,SO_TCu,0.000000000000e+00
2074,13311,IO_TCu,0.000000000000e+00
2074,13311,AO_TCu,0.000000000000e+00
2074,13311,PO_TCu,0.000000000000e+00
2074,13311,SED_TCu,0.000000000000e+00
2074,13311,SEDWSSD_TCu,0.000000000000e+00
2074,13311,SEDSCRS_TCu,0.000000000000e+00
2074,13311,SO_TPb,0.000000000000e+00
2074,13311,IO_TPb,0.000000000000e+00
2074,13311,AO_TPb,0.000000000000e+00
2074,13311,PO_TPb,0.000000000000e+00
2074,13311,SED_TPb,0.000000000000e+00
2074,13311,SEDWSSD_TPb,0.000000000000e+00
2074,13311,SEDSCRS_TPb,0.000000000000e+00
2074,13311,SO_TZn,0.000000000000e+00
2074,13311,IO_TZn,0.000000000000e+00
2074,13311,AO_TZn,0.000000000000e+00
2074,13311,PO_TZn,0.000000000000e+00
2074,13311,SED_TZn,0.000000000000e+00
2074,13311,SEDWSSD_TZn,0.000000000000e+00
2074,13311,SEDSCRS_TZn,0.000000000000e+00
2074,13312,AREA,0.000000000000e+00
2074,13312,PREC,0.000000000000e+00
2074,13312,SURO,0.000000000000e+00
2074,13312,IFWO,0.000000000000e+00
2074,13312,AGWO,0.000000000000e+00
2074,13312,PERO,0.000000000000e+00
2074,13312,TAET,0.000000000000e+00
2074,13312,SEDLOAD,0.000000000000e+00
2074,13312,SEDWSSD, 0.00000e+00
2074,13312,SEDSCRS, 0.00000e+00
2074,13312,SEDSURO, 0.00000e+00
2074,13312,SEDIFWO, 0.00000e+00
2074,13312,SEDAGWO, 0.00000e+00
2074,13312,SO_TN,0.000000000000e+00
2074,13312,IO_TN,0.000000000000e+00
2074,13312,AO_TN,0.000000000000e+00
2074,13312,PO_TN,0.000000000000e+00
2074,13312,SO_TP,0.000000000000e+00
2074,13312,IO_TP,0.000000000000e+00
2074,13312,AO_TP,0.000000000000e+00
2074,13312,PO_TP,0.000000000000e+00
2074,13312,SED_TP,0.000000000000e+00
2074,13312,SEDWSSD_TP,0.000000000000e+00
2074,13312,SEDSCRS_TP,0.000000000000e+00
2074,13312,SO_TCd,0.000000000000e+00
2074,13312,IO_TCd,0.000000000000e+00
2074,13312,AO_TCd,0.000000000000e+00
2074,13312,PO_TCd,0.000000000000e+00
2074,13312,SED_TCd,0.000000000000e+00
2074,13312,SEDWSSD_TCd,0.000000000000e+00
2074,13312,SEDSCRS_TCd,0.000000000000e+00
2074,13312,SO_TCu,0.000000000000e+00
2074,13312,IO_TCu,0.000000000000e+00
2074,13312,AO_TCu,0.000000000000e+00
2074,13312,PO_TCu,0.000000000000e+00
2074,13312,SED_TCu,0.000000000000e+00
2074,13312,SEDWSSD_TCu,0.000000000000e+00
2074,13312,SEDSCRS_TCu,0.000000000000e+00
2074,13312,SO_TPb,0.000000000000e+00
2074,13312,IO_TPb,0.000000000000e+00
2074,13312,AO_TPb,0.000000000000e+00
2074,13312,PO_TPb,0.000000000000e+00
2074,13312,SED_TPb,0.000000000000e+00
2074,13312,SEDWSSD_TPb,0.000000000000e+00
2074,13312,SEDSCRS_TPb,0.000000000000e+00
2074,13312,SO_TZn,0.000000000000e+00
2074,13312,IO_TZn,0.000000000000e+00
2074,13312,AO_TZn,0.000000000000e+00
2074,13312,PO_TZn,0.000000000000e+00
2074,13312,SED_TZn,0.000000000000e+00
2074,13312,SEDWSSD_TZn,0.000000000000e+00
2074,13312,SEDSCRS_TZn,0.000000000000e+00
2074,13321,AREA,0.000000000000e+00
2074,13321,PREC,0.000000000000e+00
2074,13321,SURO,0.000000000000e+00
2074,13321,IFWO,0.000000000000e+00
2074,13321,AGWO,0.000000000000e+00
2074,13321,PERO,0.000000000000e+00
2074,13321,TAET,0.000000000000e+00
2074,13321,SEDLOAD,0.000000000000e+00
2074,13321,SEDWSSD, 0.00000e+00
2074,13321,SEDSCRS, 0.00000e+00
2074,13321,SEDSURO, 0.00000e+00
2074,13321,SEDIFWO, 0.00000e+00
2074,13321,SEDAGWO, 0.00000e+00
2074,13321,SO_TN,0.000000000000e+00
2074,13321,IO_TN,0.000000000000e+00
2074,13321,AO_TN,0.000000000000e+00
2074,13321,PO_TN,0.000000000000e+00
2074,13321,SO_TP,0.000000000000e+00
2074,13321,IO_TP,0.000000000000e+00
2074,13321,AO_TP,0.000000000000e+00
2074,13321,PO_TP,0.000000000000e+00
2074,13321,SED_TP,0.000000000000e+00
2074,13321,SEDWSSD_TP,0.000000000000e+00
2074,13321,SEDSCRS_TP,0.000000000000e+00
2074,13321,SO_TCd,0.000000000000e+00
2074,13321,IO_TCd,0.000000000000e+00
2074,13321,AO_TCd,0.000000000000e+00
2074,13321,PO_TCd,0.000000000000e+00
2074,13321,SED_TCd,0.000000000000e+00
2074,13321,SEDWSSD_TCd,0.000000000000e+00
2074,13321,SEDSCRS_TCd,0.000000000000e+00
2074,13321,SO_TCu,0.000000000000e+00
2074,13321,IO_TCu,0.000000000000e+00
2074,13321,AO_TCu,0.000000000000e+00
2074,13321,PO_TCu,0.000000000000e+00
2074,13321,SED_TCu,0.000000000000e+00
2074,13321,SEDWSSD_TCu,0.000000000000e+00
2074,13321,SEDSCRS_TCu,0.000000000000e+00
2074,13321,SO_TPb,0.000000000000e+00
2074,13321,IO_TPb,0.000000000000e+00
2074,13321,AO_TPb,0.000000000000e+00
2074,13321,PO_TPb,0.000000000000e+00
2074,13321,SED_TPb,0.000000000000e+00
2074,13321,SEDWSSD_TPb,0.000000000000e+00
2074,13321,SEDSCRS_TPb,0.000000000000e+00
2074,13321,SO_TZn,0.000000000000e+00
2074,13321,IO_TZn,0.000000000000e+00
2074,13321,AO_TZn,0.000000000000e+00
2074,13321,PO_TZn,0.000000000000e+00
2074,13321,SED_TZn,0.000000000000e+00
2074,13321,SEDWSSD_TZn,0.000000000000e+00
2074,13321,SEDSCRS_TZn,0.000000000000e+00
2074,13322,AREA,0.000000000000e+00
2074,13322,PREC,0.000000000000e+00
2074,13322,SURO,0.000000000000e+00
2074,13322,IFWO,0.000000000000e+00
2074,13322,AGWO,0.000000000000e+00
2074,13322,PERO,0.000000000000e+00
2074,13322,TAET,0.000000000000e+00
2074,13322,SEDLOAD,0.000000000000e+00
2074,13322,SEDWSSD, 0.00000e+00
2074,13322,SEDSCRS, 0.00000e+00
2074,13322,SEDSURO, 0.00000e+00
2074,13322,SEDIFWO, 0.00000e+00
2074,13322,SEDAGWO, 0.00000e+00
2074,13322,SO_TN,0.000000000000e+00
2074,13322,IO_TN,0.000000000000e+00
2074,13322,AO_TN,0.000000000000e+00
2074,13322,PO_TN,0.000000000000e+00
2074,13322,SO_TP,0.000000000000e+00
2074,13322,IO_TP,0.000000000000e+00
2074,13322,AO_TP,0.000000000000e+00
2074,13322,PO_TP,0.000000000000e+00
2074,13322,SED_TP,0.000000000000e+00
2074,13322,SEDWSSD_TP,0.000000000000e+00
2074,13322,SEDSCRS_TP,0.000000000000e+00
2074,13322,SO_TCd,0.000000000000e+00
2074,13322,IO_TCd,0.000000000000e+00
2074,13322,AO_TCd,0.000000000000e+00
2074,13322,PO_TCd,0.000000000000e+00
2074,13322,SED_TCd,0.000000000000e+00
2074,13322,SEDWSSD_TCd,0.000000000000e+00
2074,13322,SEDSCRS_TCd,0.000000000000e+00
2074,13322,SO_TCu,0.000000000000e+00
2074,13322,IO_TCu,0.000000000000e+00
2074,13322,AO_TCu,0.000000000000e+00
2074,13322,PO_TCu,0.000000000000e+00
2074,13322,SED_TCu,0.000000000000e+00
2074,13322,SEDWSSD_TCu,0.000000000000e+00
2074,13322,SEDSCRS_TCu,0.000000000000e+00
2074,13322,SO_TPb,0.000000000000e+00
2074,13322,IO_TPb,0.000000000000e+00
2074,13322,AO_TPb,0.000000000000e+00
2074,13322,PO_TPb,0.000000000000e+00
2074,13322,SED_TPb,0.000000000000e+00
2074,13322,SEDWSSD_TPb,0.000000000000e+00
2074,13322,SEDSCRS_TPb,0.000000000000e+00
2074,13322,SO_TZn,0.000000000000e+00
2074,13322,IO_TZn,0.000000000000e+00
2074,13322,AO_TZn,0.000000000000e+00
2074,13322,PO_TZn,0.000000000000e+00
2074,13322,SED_TZn,0.000000000000e+00
2074,13322,SEDWSSD_TZn,0.000000000000e+00
2074,13322,SEDSCRS_TZn,0.000000000000e+00
2074,13331,AREA,0.000000000000e+00
2074,13331,PREC,0.000000000000e+00
2074,13331,SURO,0.000000000000e+00
2074,13331,IFWO,0.000000000000e+00
2074,13331,AGWO,0.000000000000e+00
2074,13331,PERO,0.000000000000e+00
2074,13331,TAET,0.000000000000e+00
2074,13331,SEDLOAD,0.000000000000e+00
2074,13331,SEDWSSD, 0.00000e+00
2074,13331,SEDSCRS, 0.00000e+00
2074,13331,SEDSURO, 0.00000e+00
2074,13331,SEDIFWO, 0.00000e+00
2074,13331,SEDAGWO, 0.00000e+00
2074,13331,SO_TN,0.000000000000e+00
2074,13331,IO_TN,0.000000000000e+00
2074,13331,AO_TN,0.000000000000e+00
2074,13331,PO_TN,0.000000000000e+00
2074,13331,SO_TP,0.000000000000e+00
2074,13331,IO_TP,0.000000000000e+00
2074,13331,AO_TP,0.000000000000e+00
2074,13331,PO_TP,0.000000000000e+00
2074,13331,SED_TP,0.000000000000e+00
2074,13331,SEDWSSD_TP,0.000000000000e+00
2074,13331,SEDSCRS_TP,0.000000000000e+00
2074,13331,SO_TCd,0.000000000000e+00
2074,13331,IO_TCd,0.000000000000e+00
2074,13331,AO_TCd,0.000000000000e+00
2074,13331,PO_TCd,0.000000000000e+00
2074,13331,SED_TCd,0.000000000000e+00
2074,13331,SEDWSSD_TCd,0.000000000000e+00
2074,13331,SEDSCRS_TCd,0.000000000000e+00
2074,13331,SO_TCu,0.000000000000e+00
2074,13331,IO_TCu,0.000000000000e+00
2074,13331,AO_TCu,0.000000000000e+00
2074,13331,PO_TCu,0.000000000000e+00
2074,13331,SED_TCu,0.000000000000e+00
2074,13331,SEDWSSD_TCu,0.000000000000e+00
2074,13331,SEDSCRS_TCu,0.000000000000e+00
2074,13331,SO_TPb,0.000000000000e+00
2074,13331,IO_TPb,0.000000000000e+00
2074,13331,AO_TPb,0.000000000000e+00
2074,13331,PO_TPb,0.000000000000e+00
2074,13331,SED_TPb,0.000000000000e+00
2074,13331,SEDWSSD_TPb,0.000000000000e+00
2074,13331,SEDSCRS_TPb,0.000000000000e+00
2074,13331,SO_TZn,0.000000000000e+00
2074,13331,IO_TZn,0.000000000000e+00
2074,13331,AO_TZn,0.000000000000e+00
2074,13331,PO_TZn,0.000000000000e+00
2074,13331,SED_TZn,0.000000000000e+00
2074,13331,SEDWSSD_TZn,0.000000000000e+00
2074,13331,SEDSCRS_TZn,0.000000000000e+00
2074,13411,AREA,0.000000000000e+00
2074,13411,PREC,0.000000000000e+00
2074,13411,SURO,0.000000000000e+00
2074,13411,IFWO,0.000000000000e+00
2074,13411,AGWO,0.000000000000e+00
2074,13411,PERO,0.000000000000e+00
2074,13411,TAET,0.000000000000e+00
2074,13411,SEDLOAD,0.000000000000e+00
2074,13411,SEDWSSD, 0.00000e+00
2074,13411,SEDSCRS, 0.00000e+00
2074,13411,SEDSURO, 0.00000e+00
2074,13411,SEDIFWO, 0.00000e+00
2074,13411,SEDAGWO, 0.00000e+00
2074,13411,SO_TN,0.000000000000e+00
2074,13411,IO_TN,0.000000000000e+00
2074,13411,AO_TN,0.000000000000e+00
2074,13411,PO_TN,0.000000000000e+00
2074,13411,SO_TP,0.000000000000e+00
2074,13411,IO_TP,0.000000000000e+00
2074,13411,AO_TP,0.000000000000e+00
2074,13411,PO_TP,0.000000000000e+00
2074,13411,SED_TP,0.000000000000e+00
2074,13411,SEDWSSD_TP,0.000000000000e+00
2074,13411,SEDSCRS_TP,0.000000000000e+00
2074,13411,SO_TCd,0.000000000000e+00
2074,13411,IO_TCd,0.000000000000e+00
2074,13411,AO_TCd,0.000000000000e+00
2074,13411,PO_TCd,0.000000000000e+00
2074,13411,SED_TCd,0.000000000000e+00
2074,13411,SEDWSSD_TCd,0.000000000000e+00
2074,13411,SEDSCRS_TCd,0.000000000000e+00
2074,13411,SO_TCu,0.000000000000e+00
2074,13411,IO_TCu,0.000000000000e+00
2074,13411,AO_TCu,0.000000000000e+00
2074,13411,PO_TCu,0.000000000000e+00
2074,13411,SED_TCu,0.000000000000e+00
2074,13411,SEDWSSD_TCu,0.000000000000e+00
2074,13411,SEDSCRS_TCu,0.000000000000e+00
2074,13411,SO_TPb,0.000000000000e+00
2074,13411,IO_TPb,0.000000000000e+00
2074,13411,AO_TPb,0.000000000000e+00
2074,13411,PO_TPb,0.000000000000e+00
2074,13411,SED_TPb,0.000000000000e+00
2074,13411,SEDWSSD_TPb,0.000000000000e+00
2074,13411,SEDSCRS_TPb,0.000000000000e+00
2074,13411,SO_TZn,0.000000000000e+00
2074,13411,IO_TZn,0.000000000000e+00
2074,13411,AO_TZn,0.000000000000e+00
2074,13411,PO_TZn,0.000000000000e+00
2074,13411,SED_TZn,0.000000000000e+00
2074,13411,SEDWSSD_TZn,0.000000000000e+00
2074,13411,SEDSCRS_TZn,0.000000000000e+00
2074,13412,AREA,0.000000000000e+00
2074,13412,PREC,0.000000000000e+00
2074,13412,SURO,0.000000000000e+00
2074,13412,IFWO,0.000000000000e+00
2074,13412,AGWO,0.000000000000e+00
2074,13412,PERO,0.000000000000e+00
2074,13412,TAET,0.000000000000e+00
2074,13412,SEDLOAD,0.000000000000e+00
2074,13412,SEDWSSD, 0.00000e+00
2074,13412,SEDSCRS, 0.00000e+00
2074,13412,SEDSURO, 0.00000e+00
2074,13412,SEDIFWO, 0.00000e+00
2074,13412,SEDAGWO, 0.00000e+00
2074,13412,SO_TN,0.000000000000e+00
2074,13412,IO_TN,0.000000000000e+00
2074,13412,AO_TN,0.000000000000e+00
2074,13412,PO_TN,0.000000000000e+00
2074,13412,SO_TP,0.000000000000e+00
2074,13412,IO_TP,0.000000000000e+00
2074,13412,AO_TP,0.000000000000e+00
2074,13412,PO_TP,0.000000000000e+00
2074,13412,SED_TP,0.000000000000e+00
2074,13412,SEDWSSD_TP,0.000000000000e+00
2074,13412,SEDSCRS_TP,0.000000000000e+00
2074,13412,SO_TCd,0.000000000000e+00
2074,13412,IO_TCd,0.000000000000e+00
2074,13412,AO_TCd,0.000000000000e+00
2074,13412,PO_TCd,0.000000000000e+00
2074,13412,SED_TCd,0.000000000000e+00
2074,13412,SEDWSSD_TCd,0.000000000000e+00
2074,13412,SEDSCRS_TCd,0.000000000000e+00
2074,13412,SO_TCu,0.000000000000e+00
2074,13412,IO_TCu,0.000000000000e+00
2074,13412,AO_TCu,0.000000000000e+00
2074,13412,PO_TCu,0.000000000000e+00
2074,13412,SED_TCu,0.000000000000e+00
2074,13412,SEDWSSD_TCu,0.000000000000e+00
2074,13412,SEDSCRS_TCu,0.000000000000e+00
2074,13412,SO_TPb,0.000000000000e+00
2074,13412,IO_TPb,0.000000000000e+00
2074,13412,AO_TPb,0.000000000000e+00
2074,13412,PO_TPb,0.000000000000e+00
2074,13412,SED_TPb,0.000000000000e+00
2074,13412,SEDWSSD_TPb,0.000000000000e+00
2074,13412,SEDSCRS_TPb,0.000000000000e+00
2074,13412,SO_TZn,0.000000000000e+00
2074,13412,IO_TZn,0.000000000000e+00
2074,13412,AO_TZn,0.000000000000e+00
2074,13412,PO_TZn,0.000000000000e+00
2074,13412,SED_TZn,0.000000000000e+00
2074,13412,SEDWSSD_TZn,0.000000000000e+00
2074,13412,SEDSCRS_TZn,0.000000000000e+00
2074,13421,AREA,0.000000000000e+00
2074,13421,PREC,0.000000000000e+00
2074,13421,SURO,0.000000000000e+00
2074,13421,IFWO,0.000000000000e+00
2074,13421,AGWO,0.000000000000e+00
2074,13421,PERO,0.000000000000e+00
2074,13421,TAET,0.000000000000e+00
2074,13421,SEDLOAD,0.000000000000e+00
2074,13421,SEDWSSD, 0.00000e+00
2074,13421,SEDSCRS, 0.00000e+00
2074,13421,SEDSURO, 0.00000e+00
2074,13421,SEDIFWO, 0.00000e+00
2074,13421,SEDAGWO, 0.00000e+00
2074,13421,SO_TN,0.000000000000e+00
2074,13421,IO_TN,0.000000000000e+00
2074,13421,AO_TN,0.000000000000e+00
2074,13421,PO_TN,0.000000000000e+00
2074,13421,SO_TP,0.000000000000e+00
2074,13421,IO_TP,0.000000000000e+00
2074,13421,AO_TP,0.000000000000e+00
2074,13421,PO_TP,0.000000000000e+00
2074,13421,SED_TP,0.000000000000e+00
2074,13421,SEDWSSD_TP,0.000000000000e+00
2074,13421,SEDSCRS_TP,0.000000000000e+00
2074,13421,SO_TCd,0.000000000000e+00
2074,13421,IO_TCd,0.000000000000e+00
2074,13421,AO_TCd,0.000000000000e+00
2074,13421,PO_TCd,0.000000000000e+00
2074,13421,SED_TCd,0.000000000000e+00
2074,13421,SEDWSSD_TCd,0.000000000000e+00
2074,13421,SEDSCRS_TCd,0.000000000000e+00
2074,13421,SO_TCu,0.000000000000e+00
2074,13421,IO_TCu,0.000000000000e+00
2074,13421,AO_TCu,0.000000000000e+00
2074,13421,PO_TCu,0.000000000000e+00
2074,13421,SED_TCu,0.000000000000e+00
2074,13421,SEDWSSD_TCu,0.000000000000e+00
2074,13421,SEDSCRS_TCu,0.000000000000e+00
2074,13421,SO_TPb,0.000000000000e+00
2074,13421,IO_TPb,0.000000000000e+00
2074,13421,AO_TPb,0.000000000000e+00
2074,13421,PO_TPb,0.000000000000e+00
2074,13421,SED_TPb,0.000000000000e+00
2074,13421,SEDWSSD_TPb,0.000000000000e+00
2074,13421,SEDSCRS_TPb,0.000000000000e+00
2074,13421,SO_TZn,0.000000000000e+00
2074,13421,IO_TZn,0.000000000000e+00
2074,13421,AO_TZn,0.000000000000e+00
2074,13421,PO_TZn,0.000000000000e+00
2074,13421,SED_TZn,0.000000000000e+00
2074,13421,SEDWSSD_TZn,0.000000000000e+00
2074,13421,SEDSCRS_TZn,0.000000000000e+00
2074,13422,AREA,0.000000000000e+00
2074,13422,PREC,0.000000000000e+00
2074,13422,SURO,0.000000000000e+00
2074,13422,IFWO,0.000000000000e+00
2074,13422,AGWO,0.000000000000e+00
2074,13422,PERO,0.000000000000e+00
2074,13422,TAET,0.000000000000e+00
2074,13422,SEDLOAD,0.000000000000e+00
2074,13422,SEDWSSD, 0.00000e+00
2074,13422,SEDSCRS, 0.00000e+00
2074,13422,SEDSURO, 0.00000e+00
2074,13422,SEDIFWO, 0.00000e+00
2074,13422,SEDAGWO, 0.00000e+00
2074,13422,SO_TN,0.000000000000e+00
2074,13422,IO_TN,0.000000000000e+00
2074,13422,AO_TN,0.000000000000e+00
2074,13422,PO_TN,0.000000000000e+00
2074,13422,SO_TP,0.000000000000e+00
2074,13422,IO_TP,0.000000000000e+00
2074,13422,AO_TP,0.000000000000e+00
2074,13422,PO_TP,0.000000000000e+00
2074,13422,SED_TP,0.000000000000e+00
2074,13422,SEDWSSD_TP,0.000000000000e+00
2074,13422,SEDSCRS_TP,0.000000000000e+00
2074,13422,SO_TCd,0.000000000000e+00
2074,13422,IO_TCd,0.000000000000e+00
2074,13422,AO_TCd,0.000000000000e+00
2074,13422,PO_TCd,0.000000000000e+00
2074,13422,SED_TCd,0.000000000000e+00
2074,13422,SEDWSSD_TCd,0.000000000000e+00
2074,13422,SEDSCRS_TCd,0.000000000000e+00
2074,13422,SO_TCu,0.000000000000e+00
2074,13422,IO_TCu,0.000000000000e+00
2074,13422,AO_TCu,0.000000000000e+00
2074,13422,PO_TCu,0.000000000000e+00
2074,13422,SED_TCu,0.000000000000e+00
2074,13422,SEDWSSD_TCu,0.000000000000e+00
2074,13422,SEDSCRS_TCu,0.000000000000e+00
2074,13422,SO_TPb,0.000000000000e+00
2074,13422,IO_TPb,0.000000000000e+00
2074,13422,AO_TPb,0.000000000000e+00
2074,13422,PO_TPb,0.000000000000e+00
2074,13422,SED_TPb,0.000000000000e+00
2074,13422,SEDWSSD_TPb,0.000000000000e+00
2074,13422,SEDSCRS_TPb,0.000000000000e+00
2074,13422,SO_TZn,0.000000000000e+00
2074,13422,IO_TZn,0.000000000000e+00
2074,13422,AO_TZn,0.000000000000e+00
2074,13422,PO_TZn,0.000000000000e+00
2074,13422,SED_TZn,0.000000000000e+00
2074,13422,SEDWSSD_TZn,0.000000000000e+00
2074,13422,SEDSCRS_TZn,0.000000000000e+00
2074,13431,AREA,0.000000000000e+00
2074,13431,PREC,0.000000000000e+00
2074,13431,SURO,0.000000000000e+00
2074,13431,IFWO,0.000000000000e+00
2074,13431,AGWO,0.000000000000e+00
2074,13431,PERO,0.000000000000e+00
2074,13431,TAET,0.000000000000e+00
2074,13431,SEDLOAD,0.000000000000e+00
2074,13431,SEDWSSD, 0.00000e+00
2074,13431,SEDSCRS, 0.00000e+00
2074,13431,SEDSURO, 0.00000e+00
2074,13431,SEDIFWO, 0.00000e+00
2074,13431,SEDAGWO, 0.00000e+00
2074,13431,SO_TN,0.000000000000e+00
2074,13431,IO_TN,0.000000000000e+00
2074,13431,AO_TN,0.000000000000e+00
2074,13431,PO_TN,0.000000000000e+00
2074,13431,SO_TP,0.000000000000e+00
2074,13431,IO_TP,0.000000000000e+00
2074,13431,AO_TP,0.000000000000e+00
2074,13431,PO_TP,0.000000000000e+00
2074,13431,SED_TP,0.000000000000e+00
2074,13431,SEDWSSD_TP,0.000000000000e+00
2074,13431,SEDSCRS_TP,0.000000000000e+00
2074,13431,SO_TCd,0.000000000000e+00
2074,13431,IO_TCd,0.000000000000e+00
2074,13431,AO_TCd,0.000000000000e+00
2074,13431,PO_TCd,0.000000000000e+00
2074,13431,SED_TCd,0.000000000000e+00
2074,13431,SEDWSSD_TCd,0.000000000000e+00
2074,13431,SEDSCRS_TCd,0.000000000000e+00
2074,13431,SO_TCu,0.000000000000e+00
2074,13431,IO_TCu,0.000000000000e+00
2074,13431,AO_TCu,0.000000000000e+00
2074,13431,PO_TCu,0.000000000000e+00
2074,13431,SED_TCu,0.000000000000e+00
2074,13431,SEDWSSD_TCu,0.000000000000e+00
2074,13431,SEDSCRS_TCu,0.000000000000e+00
2074,13431,SO_TPb,0.000000000000e+00
2074,13431,IO_TPb,0.000000000000e+00
2074,13431,AO_TPb,0.000000000000e+00
2074,13431,PO_TPb,0.000000000000e+00
2074,13431,SED_TPb,0.000000000000e+00
2074,13431,SEDWSSD_TPb,0.000000000000e+00
2074,13431,SEDSCRS_TPb,0.000000000000e+00
2074,13431,SO_TZn,0.000000000000e+00
2074,13431,IO_TZn,0.000000000000e+00
2074,13431,AO_TZn,0.000000000000e+00
2074,13431,PO_TZn,0.000000000000e+00
2074,13431,SED_TZn,0.000000000000e+00
2074,13431,SEDWSSD_TZn,0.000000000000e+00
2074,13431,SEDSCRS_TZn,0.000000000000e+00
2074,13432,AREA,0.000000000000e+00
2074,13432,PREC,0.000000000000e+00
2074,13432,SURO,0.000000000000e+00
2074,13432,IFWO,0.000000000000e+00
2074,13432,AGWO,0.000000000000e+00
2074,13432,PERO,0.000000000000e+00
2074,13432,TAET,0.000000000000e+00
2074,13432,SEDLOAD,0.000000000000e+00
2074,13432,SEDWSSD, 0.00000e+00
2074,13432,SEDSCRS, 0.00000e+00
2074,13432,SEDSURO, 0.00000e+00
2074,13432,SEDIFWO, 0.00000e+00
2074,13432,SEDAGWO, 0.00000e+00
2074,13432,SO_TN,0.000000000000e+00
2074,13432,IO_TN,0.000000000000e+00
2074,13432,AO_TN,0.000000000000e+00
2074,13432,PO_TN,0.000000000000e+00
2074,13432,SO_TP,0.000000000000e+00
2074,13432,IO_TP,0.000000000000e+00
2074,13432,AO_TP,0.000000000000e+00
2074,13432,PO_TP,0.000000000000e+00
2074,13432,SED_TP,0.000000000000e+00
2074,13432,SEDWSSD_TP,0.000000000000e+00
2074,13432,SEDSCRS_TP,0.000000000000e+00
2074,13432,SO_TCd,0.000000000000e+00
2074,13432,IO_TCd,0.000000000000e+00
2074,13432,AO_TCd,0.000000000000e+00
2074,13432,PO_TCd,0.000000000000e+00
2074,13432,SED_TCd,0.000000000000e+00
2074,13432,SEDWSSD_TCd,0.000000000000e+00
2074,13432,SEDSCRS_TCd,0.000000000000e+00
2074,13432,SO_TCu,0.000000000000e+00
2074,13432,IO_TCu,0.000000000000e+00
2074,13432,AO_TCu,0.000000000000e+00
2074,13432,PO_TCu,0.000000000000e+00
2074,13432,SED_TCu,0.000000000000e+00
2074,13432,SEDWSSD_TCu,0.000000000000e+00
2074,13432,SEDSCRS_TCu,0.000000000000e+00
2074,13432,SO_TPb,0.000000000000e+00
2074,13432,IO_TPb,0.000000000000e+00
2074,13432,AO_TPb,0.000000000000e+00
2074,13432,PO_TPb,0.000000000000e+00
2074,13432,SED_TPb,0.000000000000e+00
2074,13432,SEDWSSD_TPb,0.000000000000e+00
2074,13432,SEDSCRS_TPb,0.000000000000e+00
2074,13432,SO_TZn,0.000000000000e+00
2074,13432,IO_TZn,0.000000000000e+00
2074,13432,AO_TZn,0.000000000000e+00
2074,13432,PO_TZn,0.000000000000e+00
2074,13432,SED_TZn,0.000000000000e+00
2074,13432,SEDWSSD_TZn,0.000000000000e+00
2074,13432,SEDSCRS_TZn,0.000000000000e+00
2074,14121,AREA,0.000000000000e+00
2074,14121,PREC,0.000000000000e+00
2074,14121,SURO,0.000000000000e+00
2074,14121,IFWO,0.000000000000e+00
2074,14121,AGWO,0.000000000000e+00
2074,14121,PERO,0.000000000000e+00
2074,14121,TAET,0.000000000000e+00
2074,14121,SEDLOAD,0.000000000000e+00
2074,14121,SEDWSSD, 0.00000e+00
2074,14121,SEDSCRS, 0.00000e+00
2074,14121,SEDSURO, 0.00000e+00
2074,14121,SEDIFWO, 0.00000e+00
2074,14121,SEDAGWO, 0.00000e+00
2074,14121,SO_TN,0.000000000000e+00
2074,14121,IO_TN,0.000000000000e+00
2074,14121,AO_TN,0.000000000000e+00
2074,14121,PO_TN,0.000000000000e+00
2074,14121,SO_TP,0.000000000000e+00
2074,14121,IO_TP,0.000000000000e+00
2074,14121,AO_TP,0.000000000000e+00
2074,14121,PO_TP,0.000000000000e+00
2074,14121,SED_TP,0.000000000000e+00
2074,14121,SEDWSSD_TP,0.000000000000e+00
2074,14121,SEDSCRS_TP,0.000000000000e+00
2074,14121,SO_TCd,0.000000000000e+00
2074,14121,IO_TCd,0.000000000000e+00
2074,14121,AO_TCd,0.000000000000e+00
2074,14121,PO_TCd,0.000000000000e+00
2074,14121,SED_TCd,0.000000000000e+00
2074,14121,SEDWSSD_TCd,0.000000000000e+00
2074,14121,SEDSCRS_TCd,0.000000000000e+00
2074,14121,SO_TCu,0.000000000000e+00
2074,14121,IO_TCu,0.000000000000e+00
2074,14121,AO_TCu,0.000000000000e+00
2074,14121,PO_TCu,0.000000000000e+00
2074,14121,SED_TCu,0.000000000000e+00
2074,14121,SEDWSSD_TCu,0.000000000000e+00
2074,14121,SEDSCRS_TCu,0.000000000000e+00
2074,14121,SO_TPb,0.000000000000e+00
2074,14121,IO_TPb,0.000000000000e+00
2074,14121,AO_TPb,0.000000000000e+00
2074,14121,PO_TPb,0.000000000000e+00
2074,14121,SED_TPb,0.000000000000e+00
2074,14121,SEDWSSD_TPb,0.000000000000e+00
2074,14121,SEDSCRS_TPb,0.000000000000e+00
2074,14121,SO_TZn,0.000000000000e+00
2074,14121,IO_TZn,0.000000000000e+00
2074,14121,AO_TZn,0.000000000000e+00
2074,14121,PO_TZn,0.000000000000e+00
2074,14121,SED_TZn,0.000000000000e+00
2074,14121,SEDWSSD_TZn,0.000000000000e+00
2074,14121,SEDSCRS_TZn,0.000000000000e+00
2074,14122,AREA,0.000000000000e+00
2074,14122,PREC,0.000000000000e+00
2074,14122,SURO,0.000000000000e+00
2074,14122,IFWO,0.000000000000e+00
2074,14122,AGWO,0.000000000000e+00
2074,14122,PERO,0.000000000000e+00
2074,14122,TAET,0.000000000000e+00
2074,14122,SEDLOAD,0.000000000000e+00
2074,14122,SEDWSSD, 0.00000e+00
2074,14122,SEDSCRS, 0.00000e+00
2074,14122,SEDSURO, 0.00000e+00
2074,14122,SEDIFWO, 0.00000e+00
2074,14122,SEDAGWO, 0.00000e+00
2074,14122,SO_TN,0.000000000000e+00
2074,14122,IO_TN,0.000000000000e+00
2074,14122,AO_TN,0.000000000000e+00
2074,14122,PO_TN,0.000000000000e+00
2074,14122,SO_TP,0.000000000000e+00
2074,14122,IO_TP,0.000000000000e+00
2074,14122,AO_TP,0.000000000000e+00
2074,14122,PO_TP,0.000000000000e+00
2074,14122,SED_TP,0.000000000000e+00
2074,14122,SEDWSSD_TP,0.000000000000e+00
2074,14122,SEDSCRS_TP,0.000000000000e+00
2074,14122,SO_TCd,0.000000000000e+00
2074,14122,IO_TCd,0.000000000000e+00
2074,14122,AO_TCd,0.000000000000e+00
2074,14122,PO_TCd,0.000000000000e+00
2074,14122,SED_TCd,0.000000000000e+00
2074,14122,SEDWSSD_TCd,0.000000000000e+00
2074,14122,SEDSCRS_TCd,0.000000000000e+00
2074,14122,SO_TCu,0.000000000000e+00
2074,14122,IO_TCu,0.000000000000e+00
2074,14122,AO_TCu,0.000000000000e+00
2074,14122,PO_TCu,0.000000000000e+00
2074,14122,SED_TCu,0.000000000000e+00
2074,14122,SEDWSSD_TCu,0.000000000000e+00
2074,14122,SEDSCRS_TCu,0.000000000000e+00
2074,14122,SO_TPb,0.000000000000e+00
2074,14122,IO_TPb,0.000000000000e+00
2074,14122,AO_TPb,0.000000000000e+00
2074,14122,PO_TPb,0.000000000000e+00
2074,14122,SED_TPb,0.000000000000e+00
2074,14122,SEDWSSD_TPb,0.000000000000e+00
2074,14122,SEDSCRS_TPb,0.000000000000e+00
2074,14122,SO_TZn,0.000000000000e+00
2074,14122,IO_TZn,0.000000000000e+00
2074,14122,AO_TZn,0.000000000000e+00
2074,14122,PO_TZn,0.000000000000e+00
2074,14122,SED_TZn,0.000000000000e+00
2074,14122,SEDWSSD_TZn,0.000000000000e+00
2074,14122,SEDSCRS_TZn,0.000000000000e+00
2074,14131,AREA,0.000000000000e+00
2074,14131,PREC,0.000000000000e+00
2074,14131,SURO,0.000000000000e+00
2074,14131,IFWO,0.000000000000e+00
2074,14131,AGWO,0.000000000000e+00
2074,14131,PERO,0.000000000000e+00
2074,14131,TAET,0.000000000000e+00
2074,14131,SEDLOAD,0.000000000000e+00
2074,14131,SEDWSSD, 0.00000e+00
2074,14131,SEDSCRS, 0.00000e+00
2074,14131,SEDSURO, 0.00000e+00
2074,14131,SEDIFWO, 0.00000e+00
2074,14131,SEDAGWO, 0.00000e+00
2074,14131,SO_TN,0.000000000000e+00
2074,14131,IO_TN,0.000000000000e+00
2074,14131,AO_TN,0.000000000000e+00
2074,14131,PO_TN,0.000000000000e+00
2074,14131,SO_TP,0.000000000000e+00
2074,14131,IO_TP,0.000000000000e+00
2074,14131,AO_TP,0.000000000000e+00
2074,14131,PO_TP,0.000000000000e+00
2074,14131,SED_TP,0.000000000000e+00
2074,14131,SEDWSSD_TP,0.000000000000e+00
2074,14131,SEDSCRS_TP,0.000000000000e+00
2074,14131,SO_TCd,0.000000000000e+00
2074,14131,IO_TCd,0.000000000000e+00
2074,14131,AO_TCd,0.000000000000e+00
2074,14131,PO_TCd,0.000000000000e+00
2074,14131,SED_TCd,0.000000000000e+00
2074,14131,SEDWSSD_TCd,0.000000000000e+00
2074,14131,SEDSCRS_TCd,0.000000000000e+00
2074,14131,SO_TCu,0.000000000000e+00
2074,14131,IO_TCu,0.000000000000e+00
2074,14131,AO_TCu,0.000000000000e+00
2074,14131,PO_TCu,0.000000000000e+00
2074,14131,SED_TCu,0.000000000000e+00
2074,14131,SEDWSSD_TCu,0.000000000000e+00
2074,14131,SEDSCRS_TCu,0.000000000000e+00
2074,14131,SO_TPb,0.000000000000e+00
2074,14131,IO_TPb,0.000000000000e+00
2074,14131,AO_TPb,0.000000000000e+00
2074,14131,PO_TPb,0.000000000000e+00
2074,14131,SED_TPb,0.000000000000e+00
2074,14131,SEDWSSD_TPb,0.000000000000e+00
2074,14131,SEDSCRS_TPb,0.000000000000e+00
2074,14131,SO_TZn,0.000000000000e+00
2074,14131,IO_TZn,0.000000000000e+00
2074,14131,AO_TZn,0.000000000000e+00
2074,14131,PO_TZn,0.000000000000e+00
2074,14131,SED_TZn,0.000000000000e+00
2074,14131,SEDWSSD_TZn,0.000000000000e+00
2074,14131,SEDSCRS_TZn,0.000000000000e+00
2074,14132,AREA,0.000000000000e+00
2074,14132,PREC,0.000000000000e+00
2074,14132,SURO,0.000000000000e+00
2074,14132,IFWO,0.000000000000e+00
2074,14132,AGWO,0.000000000000e+00
2074,14132,PERO,0.000000000000e+00
2074,14132,TAET,0.000000000000e+00
2074,14132,SEDLOAD,0.000000000000e+00
2074,14132,SEDWSSD, 0.00000e+00
2074,14132,SEDSCRS, 0.00000e+00
2074,14132,SEDSURO, 0.00000e+00
2074,14132,SEDIFWO, 0.00000e+00
2074,14132,SEDAGWO, 0.00000e+00
2074,14132,SO_TN,0.000000000000e+00
2074,14132,IO_TN,0.000000000000e+00
2074,14132,AO_TN,0.000000000000e+00
2074,14132,PO_TN,0.000000000000e+00
2074,14132,SO_TP,0.000000000000e+00
2074,14132,IO_TP,0.000000000000e+00
2074,14132,AO_TP,0.000000000000e+00
2074,14132,PO_TP,0.000000000000e+00
2074,14132,SED_TP,0.000000000000e+00
2074,14132,SEDWSSD_TP,0.000000000000e+00
2074,14132,SEDSCRS_TP,0.000000000000e+00
2074,14132,SO_TCd,0.000000000000e+00
2074,14132,IO_TCd,0.000000000000e+00
2074,14132,AO_TCd,0.000000000000e+00
2074,14132,PO_TCd,0.000000000000e+00
2074,14132,SED_TCd,0.000000000000e+00
2074,14132,SEDWSSD_TCd,0.000000000000e+00
2074,14132,SEDSCRS_TCd,0.000000000000e+00
2074,14132,SO_TCu,0.000000000000e+00
2074,14132,IO_TCu,0.000000000000e+00
2074,14132,AO_TCu,0.000000000000e+00
2074,14132,PO_TCu,0.000000000000e+00
2074,14132,SED_TCu,0.000000000000e+00
2074,14132,SEDWSSD_TCu,0.000000000000e+00
2074,14132,SEDSCRS_TCu,0.000000000000e+00
2074,14132,SO_TPb,0.000000000000e+00
2074,14132,IO_TPb,0.000000000000e+00
2074,14132,AO_TPb,0.000000000000e+00
2074,14132,PO_TPb,0.000000000000e+00
2074,14132,SED_TPb,0.000000000000e+00
2074,14132,SEDWSSD_TPb,0.000000000000e+00
2074,14132,SEDSCRS_TPb,0.000000000000e+00
2074,14132,SO_TZn,0.000000000000e+00
2074,14132,IO_TZn,0.000000000000e+00
2074,14132,AO_TZn,0.000000000000e+00
2074,14132,PO_TZn,0.000000000000e+00
2074,14132,SED_TZn,0.000000000000e+00
2074,14132,SEDWSSD_TZn,0.000000000000e+00
2074,14132,SEDSCRS_TZn,0.000000000000e+00
2074,14221,AREA,0.000000000000e+00
2074,14221,PREC,0.000000000000e+00
2074,14221,SURO,0.000000000000e+00
2074,14221,IFWO,0.000000000000e+00
2074,14221,AGWO,0.000000000000e+00
2074,14221,PERO,0.000000000000e+00
2074,14221,TAET,0.000000000000e+00
2074,14221,SEDLOAD,0.000000000000e+00
2074,14221,SEDWSSD, 0.00000e+00
2074,14221,SEDSCRS, 0.00000e+00
2074,14221,SEDSURO, 0.00000e+00
2074,14221,SEDIFWO, 0.00000e+00
2074,14221,SEDAGWO, 0.00000e+00
2074,14221,SO_TN,0.000000000000e+00
2074,14221,IO_TN,0.000000000000e+00
2074,14221,AO_TN,0.000000000000e+00
2074,14221,PO_TN,0.000000000000e+00
2074,14221,SO_TP,0.000000000000e+00
2074,14221,IO_TP,0.000000000000e+00
2074,14221,AO_TP,0.000000000000e+00
2074,14221,PO_TP,0.000000000000e+00
2074,14221,SED_TP,0.000000000000e+00
2074,14221,SEDWSSD_TP,0.000000000000e+00
2074,14221,SEDSCRS_TP,0.000000000000e+00
2074,14221,SO_TCd,0.000000000000e+00
2074,14221,IO_TCd,0.000000000000e+00
2074,14221,AO_TCd,0.000000000000e+00
2074,14221,PO_TCd,0.000000000000e+00
2074,14221,SED_TCd,0.000000000000e+00
2074,14221,SEDWSSD_TCd,0.000000000000e+00
2074,14221,SEDSCRS_TCd,0.000000000000e+00
2074,14221,SO_TCu,0.000000000000e+00
2074,14221,IO_TCu,0.000000000000e+00
2074,14221,AO_TCu,0.000000000000e+00
2074,14221,PO_TCu,0.000000000000e+00
2074,14221,SED_TCu,0.000000000000e+00
2074,14221,SEDWSSD_TCu,0.000000000000e+00
2074,14221,SEDSCRS_TCu,0.000000000000e+00
2074,14221,SO_TPb,0.000000000000e+00
2074,14221,IO_TPb,0.000000000000e+00
2074,14221,AO_TPb,0.000000000000e+00
2074,14221,PO_TPb,0.000000000000e+00
2074,14221,SED_TPb,0.000000000000e+00
2074,14221,SEDWSSD_TPb,0.000000000000e+00
2074,14221,SEDSCRS_TPb,0.000000000000e+00
2074,14221,SO_TZn,0.000000000000e+00
2074,14221,IO_TZn,0.000000000000e+00
2074,14221,AO_TZn,0.000000000000e+00
2074,14221,PO_TZn,0.000000000000e+00
2074,14221,SED_TZn,0.000000000000e+00
2074,14221,SEDWSSD_TZn,0.000000000000e+00
2074,14221,SEDSCRS_TZn,0.000000000000e+00
2074,14222,AREA,0.000000000000e+00
2074,14222,PREC,0.000000000000e+00
2074,14222,SURO,0.000000000000e+00
2074,14222,IFWO,0.000000000000e+00
2074,14222,AGWO,0.000000000000e+00
2074,14222,PERO,0.000000000000e+00
2074,14222,TAET,0.000000000000e+00
2074,14222,SEDLOAD,0.000000000000e+00
2074,14222,SEDWSSD, 0.00000e+00
2074,14222,SEDSCRS, 0.00000e+00
2074,14222,SEDSURO, 0.00000e+00
2074,14222,SEDIFWO, 0.00000e+00
2074,14222,SEDAGWO, 0.00000e+00
2074,14222,SO_TN,0.000000000000e+00
2074,14222,IO_TN,0.000000000000e+00
2074,14222,AO_TN,0.000000000000e+00
2074,14222,PO_TN,0.000000000000e+00
2074,14222,SO_TP,0.000000000000e+00
2074,14222,IO_TP,0.000000000000e+00
2074,14222,AO_TP,0.000000000000e+00
2074,14222,PO_TP,0.000000000000e+00
2074,14222,SED_TP,0.000000000000e+00
2074,14222,SEDWSSD_TP,0.000000000000e+00
2074,14222,SEDSCRS_TP,0.000000000000e+00
2074,14222,SO_TCd,0.000000000000e+00
2074,14222,IO_TCd,0.000000000000e+00
2074,14222,AO_TCd,0.000000000000e+00
2074,14222,PO_TCd,0.000000000000e+00
2074,14222,SED_TCd,0.000000000000e+00
2074,14222,SEDWSSD_TCd,0.000000000000e+00
2074,14222,SEDSCRS_TCd,0.000000000000e+00
2074,14222,SO_TCu,0.000000000000e+00
2074,14222,IO_TCu,0.000000000000e+00
2074,14222,AO_TCu,0.000000000000e+00
2074,14222,PO_TCu,0.000000000000e+00
2074,14222,SED_TCu,0.000000000000e+00
2074,14222,SEDWSSD_TCu,0.000000000000e+00
2074,14222,SEDSCRS_TCu,0.000000000000e+00
2074,14222,SO_TPb,0.000000000000e+00
2074,14222,IO_TPb,0.000000000000e+00
2074,14222,AO_TPb,0.000000000000e+00
2074,14222,PO_TPb,0.000000000000e+00
2074,14222,SED_TPb,0.000000000000e+00
2074,14222,SEDWSSD_TPb,0.000000000000e+00
2074,14222,SEDSCRS_TPb,0.000000000000e+00
2074,14222,SO_TZn,0.000000000000e+00
2074,14222,IO_TZn,0.000000000000e+00
2074,14222,AO_TZn,0.000000000000e+00
2074,14222,PO_TZn,0.000000000000e+00
2074,14222,SED_TZn,0.000000000000e+00
2074,14222,SEDWSSD_TZn,0.000000000000e+00
2074,14222,SEDSCRS_TZn,0.000000000000e+00
2074,14231,AREA,0.000000000000e+00
2074,14231,PREC,0.000000000000e+00
2074,14231,SURO,0.000000000000e+00
2074,14231,IFWO,0.000000000000e+00
2074,14231,AGWO,0.000000000000e+00
2074,14231,PERO,0.000000000000e+00
2074,14231,TAET,0.000000000000e+00
2074,14231,SEDLOAD,0.000000000000e+00
2074,14231,SEDWSSD, 0.00000e+00
2074,14231,SEDSCRS, 0.00000e+00
2074,14231,SEDSURO, 0.00000e+00
2074,14231,SEDIFWO, 0.00000e+00
2074,14231,SEDAGWO, 0.00000e+00
2074,14231,SO_TN,0.000000000000e+00
2074,14231,IO_TN,0.000000000000e+00
2074,14231,AO_TN,0.000000000000e+00
2074,14231,PO_TN,0.000000000000e+00
2074,14231,SO_TP,0.000000000000e+00
2074,14231,IO_TP,0.000000000000e+00
2074,14231,AO_TP,0.000000000000e+00
2074,14231,PO_TP,0.000000000000e+00
2074,14231,SED_TP,0.000000000000e+00
2074,14231,SEDWSSD_TP,0.000000000000e+00
2074,14231,SEDSCRS_TP,0.000000000000e+00
2074,14231,SO_TCd,0.000000000000e+00
2074,14231,IO_TCd,0.000000000000e+00
2074,14231,AO_TCd,0.000000000000e+00
2074,14231,PO_TCd,0.000000000000e+00
2074,14231,SED_TCd,0.000000000000e+00
2074,14231,SEDWSSD_TCd,0.000000000000e+00
2074,14231,SEDSCRS_TCd,0.000000000000e+00
2074,14231,SO_TCu,0.000000000000e+00
2074,14231,IO_TCu,0.000000000000e+00
2074,14231,AO_TCu,0.000000000000e+00
2074,14231,PO_TCu,0.000000000000e+00
2074,14231,SED_TCu,0.000000000000e+00
2074,14231,SEDWSSD_TCu,0.000000000000e+00
2074,14231,SEDSCRS_TCu,0.000000000000e+00
2074,14231,SO_TPb,0.000000000000e+00
2074,14231,IO_TPb,0.000000000000e+00
2074,14231,AO_TPb,0.000000000000e+00
2074,14231,PO_TPb,0.000000000000e+00
2074,14231,SED_TPb,0.000000000000e+00
2074,14231,SEDWSSD_TPb,0.000000000000e+00
2074,14231,SEDSCRS_TPb,0.000000000000e+00
2074,14231,SO_TZn,0.000000000000e+00
2074,14231,IO_TZn,0.000000000000e+00
2074,14231,AO_TZn,0.000000000000e+00
2074,14231,PO_TZn,0.000000000000e+00
2074,14231,SED_TZn,0.000000000000e+00
2074,14231,SEDWSSD_TZn,0.000000000000e+00
2074,14231,SEDSCRS_TZn,0.000000000000e+00
2074,14232,AREA,0.000000000000e+00
2074,14232,PREC,0.000000000000e+00
2074,14232,SURO,0.000000000000e+00
2074,14232,IFWO,0.000000000000e+00
2074,14232,AGWO,0.000000000000e+00
2074,14232,PERO,0.000000000000e+00
2074,14232,TAET,0.000000000000e+00
2074,14232,SEDLOAD,0.000000000000e+00
2074,14232,SEDWSSD, 0.00000e+00
2074,14232,SEDSCRS, 0.00000e+00
2074,14232,SEDSURO, 0.00000e+00
2074,14232,SEDIFWO, 0.00000e+00
2074,14232,SEDAGWO, 0.00000e+00
2074,14232,SO_TN,0.000000000000e+00
2074,14232,IO_TN,0.000000000000e+00
2074,14232,AO_TN,0.000000000000e+00
2074,14232,PO_TN,0.000000000000e+00
2074,14232,SO_TP,0.000000000000e+00
2074,14232,IO_TP,0.000000000000e+00
2074,14232,AO_TP,0.000000000000e+00
2074,14232,PO_TP,0.000000000000e+00
2074,14232,SED_TP,0.000000000000e+00
2074,14232,SEDWSSD_TP,0.000000000000e+00
2074,14232,SEDSCRS_TP,0.000000000000e+00
2074,14232,SO_TCd,0.000000000000e+00
2074,14232,IO_TCd,0.000000000000e+00
2074,14232,AO_TCd,0.000000000000e+00
2074,14232,PO_TCd,0.000000000000e+00
2074,14232,SED_TCd,0.000000000000e+00
2074,14232,SEDWSSD_TCd,0.000000000000e+00
2074,14232,SEDSCRS_TCd,0.000000000000e+00
2074,14232,SO_TCu,0.000000000000e+00
2074,14232,IO_TCu,0.000000000000e+00
2074,14232,AO_TCu,0.000000000000e+00
2074,14232,PO_TCu,0.000000000000e+00
2074,14232,SED_TCu,0.000000000000e+00
2074,14232,SEDWSSD_TCu,0.000000000000e+00
2074,14232,SEDSCRS_TCu,0.000000000000e+00
2074,14232,SO_TPb,0.000000000000e+00
2074,14232,IO_TPb,0.000000000000e+00
2074,14232,AO_TPb,0.000000000000e+00
2074,14232,PO_TPb,0.000000000000e+00
2074,14232,SED_TPb,0.000000000000e+00
2074,14232,SEDWSSD_TPb,0.000000000000e+00
2074,14232,SEDSCRS_TPb,0.000000000000e+00
2074,14232,SO_TZn,0.000000000000e+00
2074,14232,IO_TZn,0.000000000000e+00
2074,14232,AO_TZn,0.000000000000e+00
2074,14232,PO_TZn,0.000000000000e+00
2074,14232,SED_TZn,0.000000000000e+00
2074,14232,SEDWSSD_TZn,0.000000000000e+00
2074,14232,SEDSCRS_TZn,0.000000000000e+00
2074,14321,AREA,3.009777099998e+01
2074,14321,PREC,3.182824947055e+02
2074,14321,SURO,3.059439069175e-01
2074,14321,IFWO,9.288565401762e-01
2074,14321,AGWO,1.246518239968e+01
2074,14321,PERO,1.369998284677e+01
2074,14321,TAET,3.045824992411e+02
2074,14321,SEDLOAD,7.887011067824e-03
2074,14321,SEDWSSD, 4.26661e-03
2074,14321,SEDSCRS, 2.10277e-03
2074,14321,SEDSURO, 0.00000e+00
2074,14321,SEDIFWO, 1.05246e-04
2074,14321,SEDAGWO, 1.41239e-03
2074,14321,SO_TN,1.969599452169e-01
2074,14321,IO_TN,2.104914730155e-01
2074,14321,AO_TN,1.412389583981e+00
2074,14321,PO_TN,1.819841002214e+00
2074,14321,SO_TP,1.273875537838e-02
2074,14321,IO_TP,4.209829460310e-02
2074,14321,AO_TP,5.649558335925e-01
2074,14321,PO_TP,6.197928835740e-01
2074,14321,SED_TP,1.273875537838e-02
2074,14321,SEDWSSD_TP,8.533218656684e-03
2074,14321,SEDSCRS_TP,4.205536721698e-03
2074,14321,SO_TCd,6.369377689191e-06
2074,14321,IO_TCd,0.000000000000e+00
2074,14321,AO_TCd,0.000000000000e+00
2074,14321,PO_TCd,6.369377689191e-06
2074,14321,SED_TCd,6.369377689191e-06
2074,14321,SEDWSSD_TCd,4.266609328342e-06
2074,14321,SEDSCRS_TCd,2.102768360849e-06
2074,14321,SO_TCu,6.369377689191e-04
2074,14321,IO_TCu,0.000000000000e+00
2074,14321,AO_TCu,0.000000000000e+00
2074,14321,PO_TCu,6.369377689191e-04
2074,14321,SED_TCu,6.369377689191e-04
2074,14321,SEDWSSD_TCu,4.266609328342e-04
2074,14321,SEDSCRS_TCu,2.102768360849e-04
2074,14321,SO_TPb,6.369377689191e-05
2074,14321,IO_TPb,0.000000000000e+00
2074,14321,AO_TPb,0.000000000000e+00
2074,14321,PO_TPb,6.369377689191e-05
2074,14321,SED_TPb,6.369377689191e-05
2074,14321,SEDWSSD_TPb,4.266609328342e-05
2074,14321,SEDSCRS_TPb,2.102768360849e-05
2074,14321,SO_TZn,4.585951936218e-03
2074,14321,IO_TZn,0.000000000000e+00
2074,14321,AO_TZn,1.412389583981e-01
2074,14321,PO_TZn,1.458249103343e-01
2074,14321,SED_TZn,4.585951936218e-03
2074,14321,SEDWSSD_TZn,3.071958716406e-03
2074,14321,SEDSCRS_TZn,1.513993219811e-03
2074,14322,AREA,0.000000000000e+00
2074,14322,PREC,0.000000000000e+00
2074,14322,SURO,0.000000000000e+00
2074,14322,IFWO,0.000000000000e+00
2074,14322,AGWO,0.000000000000e+00
2074,14322,PERO,0.000000000000e+00
2074,14322,TAET,0.000000000000e+00
2074,14322,SEDLOAD,0.000000000000e+00
2074,14322,SEDWSSD, 0.00000e+00
2074,14322,SEDSCRS, 0.00000e+00
2074,14322,SEDSURO, 0.00000e+00
2074,14322,SEDIFWO, 0.00000e+00
2074,14322,SEDAGWO, 0.00000e+00
2074,14322,SO_TN,0.000000000000e+00
2074,14322,IO_TN,0.000000000000e+00
2074,14322,AO_TN,0.000000000000e+00
2074,14322,PO_TN,0.000000000000e+00
2074,14322,SO_TP,0.000000000000e+00
2074,14322,IO_TP,0.000000000000e+00
2074,14322,AO_TP,0.000000000000e+00
2074,14322,PO_TP,0.000000000000e+00
2074,14322,SED_TP,0.000000000000e+00
2074,14322,SEDWSSD_TP,0.000000000000e+00
2074,14322,SEDSCRS_TP,0.000000000000e+00
2074,14322,SO_TCd,0.000000000000e+00
2074,14322,IO_TCd,0.000000000000e+00
2074,14322,AO_TCd,0.000000000000e+00
2074,14322,PO_TCd,0.000000000000e+00
2074,14322,SED_TCd,0.000000000000e+00
2074,14322,SEDWSSD_TCd,0.000000000000e+00
2074,14322,SEDSCRS_TCd,0.000000000000e+00
2074,14322,SO_TCu,0.000000000000e+00
2074,14322,IO_TCu,0.000000000000e+00
2074,14322,AO_TCu,0.000000000000e+00
2074,14322,PO_TCu,0.000000000000e+00
2074,14322,SED_TCu,0.000000000000e+00
2074,14322,SEDWSSD_TCu,0.000000000000e+00
2074,14322,SEDSCRS_TCu,0.000000000000e+00
2074,14322,SO_TPb,0.000000000000e+00
2074,14322,IO_TPb,0.000000000000e+00
2074,14322,AO_TPb,0.000000000000e+00
2074,14322,PO_TPb,0.000000000000e+00
2074,14322,SED_TPb,0.000000000000e+00
2074,14322,SEDWSSD_TPb,0.000000000000e+00
2074,14322,SEDSCRS_TPb,0.000000000000e+00
2074,14322,SO_TZn,0.000000000000e+00
2074,14322,IO_TZn,0.000000000000e+00
2074,14322,AO_TZn,0.000000000000e+00
2074,14322,PO_TZn,0.000000000000e+00
2074,14322,SED_TZn,0.000000000000e+00
2074,14322,SEDWSSD_TZn,0.000000000000e+00
2074,14322,SEDSCRS_TZn,0.000000000000e+00
2074,14331,AREA,0.000000000000e+00
2074,14331,PREC,0.000000000000e+00
2074,14331,SURO,0.000000000000e+00
2074,14331,IFWO,0.000000000000e+00
2074,14331,AGWO,0.000000000000e+00
2074,14331,PERO,0.000000000000e+00
2074,14331,TAET,0.000000000000e+00
2074,14331,SEDLOAD,0.000000000000e+00
2074,14331,SEDWSSD, 0.00000e+00
2074,14331,SEDSCRS, 0.00000e+00
2074,14331,SEDSURO, 0.00000e+00
2074,14331,SEDIFWO, 0.00000e+00
2074,14331,SEDAGWO, 0.00000e+00
2074,14331,SO_TN,0.000000000000e+00
2074,14331,IO_TN,0.000000000000e+00
2074,14331,AO_TN,0.000000000000e+00
2074,14331,PO_TN,0.000000000000e+00
2074,14331,SO_TP,0.000000000000e+00
2074,14331,IO_TP,0.000000000000e+00
2074,14331,AO_TP,0.000000000000e+00
2074,14331,PO_TP,0.000000000000e+00
2074,14331,SED_TP,0.000000000000e+00
2074,14331,SEDWSSD_TP,0.000000000000e+00
2074,14331,SEDSCRS_TP,0.000000000000e+00
2074,14331,SO_TCd,0.000000000000e+00
2074,14331,IO_TCd,0.000000000000e+00
2074,14331,AO_TCd,0.000000000000e+00
2074,14331,PO_TCd,0.000000000000e+00
2074,14331,SED_TCd,0.000000000000e+00
2074,14331,SEDWSSD_TCd,0.000000000000e+00
2074,14331,SEDSCRS_TCd,0.000000000000e+00
2074,14331,SO_TCu,0.000000000000e+00
2074,14331,IO_TCu,0.000000000000e+00
2074,14331,AO_TCu,0.000000000000e+00
2074,14331,PO_TCu,0.000000000000e+00
2074,14331,SED_TCu,0.000000000000e+00
2074,14331,SEDWSSD_TCu,0.000000000000e+00
2074,14331,SEDSCRS_TCu,0.000000000000e+00
2074,14331,SO_TPb,0.000000000000e+00
2074,14331,IO_TPb,0.000000000000e+00
2074,14331,AO_TPb,0.000000000000e+00
2074,14331,PO_TPb,0.000000000000e+00
2074,14331,SED_TPb,0.000000000000e+00
2074,14331,SEDWSSD_TPb,0.000000000000e+00
2074,14331,SEDSCRS_TPb,0.000000000000e+00
2074,14331,SO_TZn,0.000000000000e+00
2074,14331,IO_TZn,0.000000000000e+00
2074,14331,AO_TZn,0.000000000000e+00
2074,14331,PO_TZn,0.000000000000e+00
2074,14331,SED_TZn,0.000000000000e+00
2074,14331,SEDWSSD_TZn,0.000000000000e+00
2074,14331,SEDSCRS_TZn,0.000000000000e+00
2074,14332,AREA,0.000000000000e+00
2074,14332,PREC,0.000000000000e+00
2074,14332,SURO,0.000000000000e+00
2074,14332,IFWO,0.000000000000e+00
2074,14332,AGWO,0.000000000000e+00
2074,14332,PERO,0.000000000000e+00
2074,14332,TAET,0.000000000000e+00
2074,14332,SEDLOAD,0.000000000000e+00
2074,14332,SEDWSSD, 0.00000e+00
2074,14332,SEDSCRS, 0.00000e+00
2074,14332,SEDSURO, 0.00000e+00
2074,14332,SEDIFWO, 0.00000e+00
2074,14332,SEDAGWO, 0.00000e+00
2074,14332,SO_TN,0.000000000000e+00
2074,14332,IO_TN,0.000000000000e+00
2074,14332,AO_TN,0.000000000000e+00
2074,14332,PO_TN,0.000000000000e+00
2074,14332,SO_TP,0.000000000000e+00
2074,14332,IO_TP,0.000000000000e+00
2074,14332,AO_TP,0.000000000000e+00
2074,14332,PO_TP,0.000000000000e+00
2074,14332,SED_TP,0.000000000000e+00
2074,14332,SEDWSSD_TP,0.000000000000e+00
2074,14332,SEDSCRS_TP,0.000000000000e+00
2074,14332,SO_TCd,0.000000000000e+00
2074,14332,IO_TCd,0.000000000000e+00
2074,14332,AO_TCd,0.000000000000e+00
2074,14332,PO_TCd,0.000000000000e+00
2074,14332,SED_TCd,0.000000000000e+00
2074,14332,SEDWSSD_TCd,0.000000000000e+00
2074,14332,SEDSCRS_TCd,0.000000000000e+00
2074,14332,SO_TCu,0.000000000000e+00
2074,14332,IO_TCu,0.000000000000e+00
2074,14332,AO_TCu,0.000000000000e+00
2074,14332,PO_TCu,0.000000000000e+00
2074,14332,SED_TCu,0.000000000000e+00
2074,14332,SEDWSSD_TCu,0.000000000000e+00
2074,14332,SEDSCRS_TCu,0.000000000000e+00
2074,14332,SO_TPb,0.000000000000e+00
2074,14332,IO_TPb,0.000000000000e+00
2074,14332,AO_TPb,0.000000000000e+00
2074,14332,PO_TPb,0.000000000000e+00
2074,14332,SED_TPb,0.000000000000e+00
2074,14332,SEDWSSD_TPb,0.000000000000e+00
2074,14332,SEDSCRS_TPb,0.000000000000e+00
2074,14332,SO_TZn,0.000000000000e+00
2074,14332,IO_TZn,0.000000000000e+00
2074,14332,AO_TZn,0.000000000000e+00
2074,14332,PO_TZn,0.000000000000e+00
2074,14332,SED_TZn,0.000000000000e+00
2074,14332,SEDWSSD_TZn,0.000000000000e+00
2074,14332,SEDSCRS_TZn,0.000000000000e+00
2074,14421,AREA,3.405503100004e+01
2074,14421,PREC,3.601303307129e+02
2074,14421,SURO,5.838051027556e+00
2074,14421,IFWO,3.065658305190e+00
2074,14421,AGWO,9.111919738051e+00
2074,14421,PERO,1.801562907080e+01
2074,14421,TAET,3.421147110345e+02
2074,14421,SEDLOAD,9.174192273491e-01
2074,14421,SEDWSSD, 4.12866e-01
2074,14421,SEDSCRS, 5.03173e-01
2074,14421,SEDSURO, 0.00000e+00
2074,14421,SEDIFWO, 3.47359e-04
2074,14421,SEDAGWO, 1.03244e-03
2074,14421,SO_TN,2.672695529523e+00
2074,14421,IO_TN,6.947196951418e-01
2074,14421,AO_TN,1.032442215079e+00
2074,14421,PO_TN,4.399857439744e+00
2074,14421,SO_TP,1.832078854104e+00
2074,14421,IO_TP,1.389439390284e-01
2074,14421,AO_TP,4.129768860318e-01
2074,14421,PO_TP,2.383999679164e+00
2074,14421,SED_TP,1.832078854104e+00
2074,14421,SEDWSSD_TP,8.257318769433e-01
2074,14421,SEDSCRS_TP,1.006346977161e+00
2074,14421,SO_TCd,9.160394270520e-04
2074,14421,IO_TCd,0.000000000000e+00
2074,14421,AO_TCd,0.000000000000e+00
2074,14421,PO_TCd,9.160394270520e-04
2074,14421,SED_TCd,9.160394270520e-04
2074,14421,SEDWSSD_TCd,4.128659384716e-04
2074,14421,SEDSCRS_TCd,5.031734885803e-04
2074,14421,SO_TCu,9.160394270520e-02
2074,14421,IO_TCu,0.000000000000e+00
2074,14421,AO_TCu,0.000000000000e+00
2074,14421,PO_TCu,9.160394270520e-02
2074,14421,SED_TCu,9.160394270520e-02
2074,14421,SEDWSSD_TCu,4.128659384716e-02
2074,14421,SEDSCRS_TCu,5.031734885803e-02
2074,14421,SO_TPb,9.160394270520e-03
2074,14421,IO_TPb,0.000000000000e+00
2074,14421,AO_TPb,0.000000000000e+00
2074,14421,PO_TPb,9.160394270520e-03
2074,14421,SED_TPb,9.160394270520e-03
2074,14421,SEDWSSD_TPb,4.128659384716e-03
2074,14421,SEDSCRS_TPb,5.031734885803e-03
2074,14421,SO_TZn,6.595483874774e-01
2074,14421,IO_TZn,0.000000000000e+00
2074,14421,AO_TZn,1.032442215079e-01
2074,14421,PO_TZn,7.627926089854e-01
2074,14421,SED_TZn,6.595483874774e-01
2074,14421,SEDWSSD_TZn,2.972634756996e-01
2074,14421,SEDSCRS_TZn,3.622849117778e-01
2074,14422,AREA,0.000000000000e+00
2074,14422,PREC,0.000000000000e+00
2074,14422,SURO,0.000000000000e+00
2074,14422,IFWO,0.000000000000e+00
2074,14422,AGWO,0.000000000000e+00
2074,14422,PERO,0.000000000000e+00
2074,14422,TAET,0.000000000000e+00
2074,14422,SEDLOAD,0.000000000000e+00
2074,14422,SEDWSSD, 0.00000e+00
2074,14422,SEDSCRS, 0.00000e+00
2074,14422,SEDSURO, 0.00000e+00
2074,14422,SEDIFWO, 0.00000e+00
2074,14422,SEDAGWO, 0.00000e+00
2074,14422,SO_TN,0.000000000000e+00
2074,14422,IO_TN,0.000000000000e+00
2074,14422,AO_TN,0.000000000000e+00
2074,14422,PO_TN,0.000000000000e+00
2074,14422,SO_TP,0.000000000000e+00
2074,14422,IO_TP,0.000000000000e+00
2074,14422,AO_TP,0.000000000000e+00
2074,14422,PO_TP,0.000000000000e+00
2074,14422,SED_TP,0.000000000000e+00
2074,14422,SEDWSSD_TP,0.000000000000e+00
2074,14422,SEDSCRS_TP,0.000000000000e+00
2074,14422,SO_TCd,0.000000000000e+00
2074,14422,IO_TCd,0.000000000000e+00
2074,14422,AO_TCd,0.000000000000e+00
2074,14422,PO_TCd,0.000000000000e+00
2074,14422,SED_TCd,0.000000000000e+00
2074,14422,SEDWSSD_TCd,0.000000000000e+00
2074,14422,SEDSCRS_TCd,0.000000000000e+00
2074,14422,SO_TCu,0.000000000000e+00
2074,14422,IO_TCu,0.000000000000e+00
2074,14422,AO_TCu,0.000000000000e+00
2074,14422,PO_TCu,0.000000000000e+00
2074,14422,SED_TCu,0.000000000000e+00
2074,14422,SEDWSSD_TCu,0.000000000000e+00
2074,14422,SEDSCRS_TCu,0.000000000000e+00
2074,14422,SO_TPb,0.000000000000e+00
2074,14422,IO_TPb,0.000000000000e+00
2074,14422,AO_TPb,0.000000000000e+00
2074,14422,PO_TPb,0.000000000000e+00
2074,14422,SED_TPb,0.000000000000e+00
2074,14422,SEDWSSD_TPb,0.000000000000e+00
2074,14422,SEDSCRS_TPb,0.000000000000e+00
2074,14422,SO_TZn,0.000000000000e+00
2074,14422,IO_TZn,0.000000000000e+00
2074,14422,AO_TZn,0.000000000000e+00
2074,14422,PO_TZn,0.000000000000e+00
2074,14422,SED_TZn,0.000000000000e+00
2074,14422,SEDWSSD_TZn,0.000000000000e+00
2074,14422,SEDSCRS_TZn,0.000000000000e+00
2074,14431,AREA,0.000000000000e+00
2074,14431,PREC,0.000000000000e+00
2074,14431,SURO,0.000000000000e+00
2074,14431,IFWO,0.000000000000e+00
2074,14431,AGWO,0.000000000000e+00
2074,14431,PERO,0.000000000000e+00
2074,14431,TAET,0.000000000000e+00
2074,14431,SEDLOAD,0.000000000000e+00
2074,14431,SEDWSSD, 0.00000e+00
2074,14431,SEDSCRS, 0.00000e+00
2074,14431,SEDSURO, 0.00000e+00
2074,14431,SEDIFWO, 0.00000e+00
2074,14431,SEDAGWO, 0.00000e+00
2074,14431,SO_TN,0.000000000000e+00
2074,14431,IO_TN,0.000000000000e+00
2074,14431,AO_TN,0.000000000000e+00
2074,14431,PO_TN,0.000000000000e+00
2074,14431,SO_TP,0.000000000000e+00
2074,14431,IO_TP,0.000000000000e+00
2074,14431,AO_TP,0.000000000000e+00
2074,14431,PO_TP,0.000000000000e+00
2074,14431,SED_TP,0.000000000000e+00
2074,14431,SEDWSSD_TP,0.000000000000e+00
2074,14431,SEDSCRS_TP,0.000000000000e+00
2074,14431,SO_TCd,0.000000000000e+00
2074,14431,IO_TCd,0.000000000000e+00
2074,14431,AO_TCd,0.000000000000e+00
2074,14431,PO_TCd,0.000000000000e+00
2074,14431,SED_TCd,0.000000000000e+00
2074,14431,SEDWSSD_TCd,0.000000000000e+00
2074,14431,SEDSCRS_TCd,0.000000000000e+00
2074,14431,SO_TCu,0.000000000000e+00
2074,14431,IO_TCu,0.000000000000e+00
2074,14431,AO_TCu,0.000000000000e+00
2074,14431,PO_TCu,0.000000000000e+00
2074,14431,SED_TCu,0.000000000000e+00
2074,14431,SEDWSSD_TCu,0.000000000000e+00
2074,14431,SEDSCRS_TCu,0.000000000000e+00
2074,14431,SO_TPb,0.000000000000e+00
2074,14431,IO_TPb,0.000000000000e+00
2074,14431,AO_TPb,0.000000000000e+00
2074,14431,PO_TPb,0.000000000000e+00
2074,14431,SED_TPb,0.000000000000e+00
2074,14431,SEDWSSD_TPb,0.000000000000e+00
2074,14431,SEDSCRS_TPb,0.000000000000e+00
2074,14431,SO_TZn,0.000000000000e+00
2074,14431,IO_TZn,0.000000000000e+00
2074,14431,AO_TZn,0.000000000000e+00
2074,14431,PO_TZn,0.000000000000e+00
2074,14431,SED_TZn,0.000000000000e+00
2074,14431,SEDWSSD_TZn,0.000000000000e+00
2074,14431,SEDSCRS_TZn,0.000000000000e+00
2074,14432,AREA,0.000000000000e+00
2074,14432,PREC,0.000000000000e+00
2074,14432,SURO,0.000000000000e+00
2074,14432,IFWO,0.000000000000e+00
2074,14432,AGWO,0.000000000000e+00
2074,14432,PERO,0.000000000000e+00
2074,14432,TAET,0.000000000000e+00
2074,14432,SEDLOAD,0.000000000000e+00
2074,14432,SEDWSSD, 0.00000e+00
2074,14432,SEDSCRS, 0.00000e+00
2074,14432,SEDSURO, 0.00000e+00
2074,14432,SEDIFWO, 0.00000e+00
2074,14432,SEDAGWO, 0.00000e+00
2074,14432,SO_TN,0.000000000000e+00
2074,14432,IO_TN,0.000000000000e+00
2074,14432,AO_TN,0.000000000000e+00
2074,14432,PO_TN,0.000000000000e+00
2074,14432,SO_TP,0.000000000000e+00
2074,14432,IO_TP,0.000000000000e+00
2074,14432,AO_TP,0.000000000000e+00
2074,14432,PO_TP,0.000000000000e+00
2074,14432,SED_TP,0.000000000000e+00
2074,14432,SEDWSSD_TP,0.000000000000e+00
2074,14432,SEDSCRS_TP,0.000000000000e+00
2074,14432,SO_TCd,0.000000000000e+00
2074,14432,IO_TCd,0.000000000000e+00
2074,14432,AO_TCd,0.000000000000e+00
2074,14432,PO_TCd,0.000000000000e+00
2074,14432,SED_TCd,0.000000000000e+00
2074,14432,SEDWSSD_TCd,0.000000000000e+00
2074,14432,SEDSCRS_TCd,0.000000000000e+00
2074,14432,SO_TCu,0.000000000000e+00
2074,14432,IO_TCu,0.000000000000e+00
2074,14432,AO_TCu,0.000000000000e+00
2074,14432,PO_TCu,0.000000000000e+00
2074,14432,SED_TCu,0.000000000000e+00
2074,14432,SEDWSSD_TCu,0.000000000000e+00
2074,14432,SEDSCRS_TCu,0.000000000000e+00
2074,14432,SO_TPb,0.000000000000e+00
2074,14432,IO_TPb,0.000000000000e+00
2074,14432,AO_TPb,0.000000000000e+00
2074,14432,PO_TPb,0.000000000000e+00
2074,14432,SED_TPb,0.000000000000e+00
2074,14432,SEDWSSD_TPb,0.000000000000e+00
2074,14432,SEDSCRS_TPb,0.000000000000e+00
2074,14432,SO_TZn,0.000000000000e+00
2074,14432,IO_TZn,0.000000000000e+00
2074,14432,AO_TZn,0.000000000000e+00
2074,14432,PO_TZn,0.000000000000e+00
2074,14432,SED_TZn,0.000000000000e+00
2074,14432,SEDWSSD_TZn,0.000000000000e+00
2074,14432,SEDSCRS_TZn,0.000000000000e+00
2074,15121,AREA,0.000000000000e+00
2074,15121,PREC,0.000000000000e+00
2074,15121,SURO,0.000000000000e+00
2074,15121,IFWO,0.000000000000e+00
2074,15121,AGWO,0.000000000000e+00
2074,15121,PERO,0.000000000000e+00
2074,15121,TAET,0.000000000000e+00
2074,15121,SEDLOAD,0.000000000000e+00
2074,15121,SEDWSSD, 0.00000e+00
2074,15121,SEDSCRS, 0.00000e+00
2074,15121,SEDSURO, 0.00000e+00
2074,15121,SEDIFWO, 0.00000e+00
2074,15121,SEDAGWO, 0.00000e+00
2074,15121,SO_TN,0.000000000000e+00
2074,15121,IO_TN,0.000000000000e+00
2074,15121,AO_TN,0.000000000000e+00
2074,15121,PO_TN,0.000000000000e+00
2074,15121,SO_TP,0.000000000000e+00
2074,15121,IO_TP,0.000000000000e+00
2074,15121,AO_TP,0.000000000000e+00
2074,15121,PO_TP,0.000000000000e+00
2074,15121,SED_TP,0.000000000000e+00
2074,15121,SEDWSSD_TP,0.000000000000e+00
2074,15121,SEDSCRS_TP,0.000000000000e+00
2074,15121,SO_TCd,0.000000000000e+00
2074,15121,IO_TCd,0.000000000000e+00
2074,15121,AO_TCd,0.000000000000e+00
2074,15121,PO_TCd,0.000000000000e+00
2074,15121,SED_TCd,0.000000000000e+00
2074,15121,SEDWSSD_TCd,0.000000000000e+00
2074,15121,SEDSCRS_TCd,0.000000000000e+00
2074,15121,SO_TCu,0.000000000000e+00
2074,15121,IO_TCu,0.000000000000e+00
2074,15121,AO_TCu,0.000000000000e+00
2074,15121,PO_TCu,0.000000000000e+00
2074,15121,SED_TCu,0.000000000000e+00
2074,15121,SEDWSSD_TCu,0.000000000000e+00
2074,15121,SEDSCRS_TCu,0.000000000000e+00
2074,15121,SO_TPb,0.000000000000e+00
2074,15121,IO_TPb,0.000000000000e+00
2074,15121,AO_TPb,0.000000000000e+00
2074,15121,PO_TPb,0.000000000000e+00
2074,15121,SED_TPb,0.000000000000e+00
2074,15121,SEDWSSD_TPb,0.000000000000e+00
2074,15121,SEDSCRS_TPb,0.000000000000e+00
2074,15121,SO_TZn,0.000000000000e+00
2074,15121,IO_TZn,0.000000000000e+00
2074,15121,AO_TZn,0.000000000000e+00
2074,15121,PO_TZn,0.000000000000e+00
2074,15121,SED_TZn,0.000000000000e+00
2074,15121,SEDWSSD_TZn,0.000000000000e+00
2074,15121,SEDSCRS_TZn,0.000000000000e+00
2074,15122,AREA,0.000000000000e+00
2074,15122,PREC,0.000000000000e+00
2074,15122,SURO,0.000000000000e+00
2074,15122,IFWO,0.000000000000e+00
2074,15122,AGWO,0.000000000000e+00
2074,15122,PERO,0.000000000000e+00
2074,15122,TAET,0.000000000000e+00
2074,15122,SEDLOAD,0.000000000000e+00
2074,15122,SEDWSSD, 0.00000e+00
2074,15122,SEDSCRS, 0.00000e+00
2074,15122,SEDSURO, 0.00000e+00
2074,15122,SEDIFWO, 0.00000e+00
2074,15122,SEDAGWO, 0.00000e+00
2074,15122,SO_TN,0.000000000000e+00
2074,15122,IO_TN,0.000000000000e+00
2074,15122,AO_TN,0.000000000000e+00
2074,15122,PO_TN,0.000000000000e+00
2074,15122,SO_TP,0.000000000000e+00
2074,15122,IO_TP,0.000000000000e+00
2074,15122,AO_TP,0.000000000000e+00
2074,15122,PO_TP,0.000000000000e+00
2074,15122,SED_TP,0.000000000000e+00
2074,15122,SEDWSSD_TP,0.000000000000e+00
2074,15122,SEDSCRS_TP,0.000000000000e+00
2074,15122,SO_TCd,0.000000000000e+00
2074,15122,IO_TCd,0.000000000000e+00
2074,15122,AO_TCd,0.000000000000e+00
2074,15122,PO_TCd,0.000000000000e+00
2074,15122,SED_TCd,0.000000000000e+00
2074,15122,SEDWSSD_TCd,0.000000000000e+00
2074,15122,SEDSCRS_TCd,0.000000000000e+00
2074,15122,SO_TCu,0.000000000000e+00
2074,15122,IO_TCu,0.000000000000e+00
2074,15122,AO_TCu,0.000000000000e+00
2074,15122,PO_TCu,0.000000000000e+00
2074,15122,SED_TCu,0.000000000000e+00
2074,15122,SEDWSSD_TCu,0.000000000000e+00
2074,15122,SEDSCRS_TCu,0.000000000000e+00
2074,15122,SO_TPb,0.000000000000e+00
2074,15122,IO_TPb,0.000000000000e+00
2074,15122,AO_TPb,0.000000000000e+00
2074,15122,PO_TPb,0.000000000000e+00
2074,15122,SED_TPb,0.000000000000e+00
2074,15122,SEDWSSD_TPb,0.000000000000e+00
2074,15122,SEDSCRS_TPb,0.000000000000e+00
2074,15122,SO_TZn,0.000000000000e+00
2074,15122,IO_TZn,0.000000000000e+00
2074,15122,AO_TZn,0.000000000000e+00
2074,15122,PO_TZn,0.000000000000e+00
2074,15122,SED_TZn,0.000000000000e+00
2074,15122,SEDWSSD_TZn,0.000000000000e+00
2074,15122,SEDSCRS_TZn,0.000000000000e+00
2074,15131,AREA,0.000000000000e+00
2074,15131,PREC,0.000000000000e+00
2074,15131,SURO,0.000000000000e+00
2074,15131,IFWO,0.000000000000e+00
2074,15131,AGWO,0.000000000000e+00
2074,15131,PERO,0.000000000000e+00
2074,15131,TAET,0.000000000000e+00
2074,15131,SEDLOAD,0.000000000000e+00
2074,15131,SEDWSSD, 0.00000e+00
2074,15131,SEDSCRS, 0.00000e+00
2074,15131,SEDSURO, 0.00000e+00
2074,15131,SEDIFWO, 0.00000e+00
2074,15131,SEDAGWO, 0.00000e+00
2074,15131,SO_TN,0.000000000000e+00
2074,15131,IO_TN,0.000000000000e+00
2074,15131,AO_TN,0.000000000000e+00
2074,15131,PO_TN,0.000000000000e+00
2074,15131,SO_TP,0.000000000000e+00
2074,15131,IO_TP,0.000000000000e+00
2074,15131,AO_TP,0.000000000000e+00
2074,15131,PO_TP,0.000000000000e+00
2074,15131,SED_TP,0.000000000000e+00
2074,15131,SEDWSSD_TP,0.000000000000e+00
2074,15131,SEDSCRS_TP,0.000000000000e+00
2074,15131,SO_TCd,0.000000000000e+00
2074,15131,IO_TCd,0.000000000000e+00
2074,15131,AO_TCd,0.000000000000e+00
2074,15131,PO_TCd,0.000000000000e+00
2074,15131,SED_TCd,0.000000000000e+00
2074,15131,SEDWSSD_TCd,0.000000000000e+00
2074,15131,SEDSCRS_TCd,0.000000000000e+00
2074,15131,SO_TCu,0.000000000000e+00
2074,15131,IO_TCu,0.000000000000e+00
2074,15131,AO_TCu,0.000000000000e+00
2074,15131,PO_TCu,0.000000000000e+00
2074,15131,SED_TCu,0.000000000000e+00
2074,15131,SEDWSSD_TCu,0.000000000000e+00
2074,15131,SEDSCRS_TCu,0.000000000000e+00
2074,15131,SO_TPb,0.000000000000e+00
2074,15131,IO_TPb,0.000000000000e+00
2074,15131,AO_TPb,0.000000000000e+00
2074,15131,PO_TPb,0.000000000000e+00
2074,15131,SED_TPb,0.000000000000e+00
2074,15131,SEDWSSD_TPb,0.000000000000e+00
2074,15131,SEDSCRS_TPb,0.000000000000e+00
2074,15131,SO_TZn,0.000000000000e+00
2074,15131,IO_TZn,0.000000000000e+00
2074,15131,AO_TZn,0.000000000000e+00
2074,15131,PO_TZn,0.000000000000e+00
2074,15131,SED_TZn,0.000000000000e+00
2074,15131,SEDWSSD_TZn,0.000000000000e+00
2074,15131,SEDSCRS_TZn,0.000000000000e+00
2074,15132,AREA,0.000000000000e+00
2074,15132,PREC,0.000000000000e+00
2074,15132,SURO,0.000000000000e+00
2074,15132,IFWO,0.000000000000e+00
2074,15132,AGWO,0.000000000000e+00
2074,15132,PERO,0.000000000000e+00
2074,15132,TAET,0.000000000000e+00
2074,15132,SEDLOAD,0.000000000000e+00
2074,15132,SEDWSSD, 0.00000e+00
2074,15132,SEDSCRS, 0.00000e+00
2074,15132,SEDSURO, 0.00000e+00
2074,15132,SEDIFWO, 0.00000e+00
2074,15132,SEDAGWO, 0.00000e+00
2074,15132,SO_TN,0.000000000000e+00
2074,15132,IO_TN,0.000000000000e+00
2074,15132,AO_TN,0.000000000000e+00
2074,15132,PO_TN,0.000000000000e+00
2074,15132,SO_TP,0.000000000000e+00
2074,15132,IO_TP,0.000000000000e+00
2074,15132,AO_TP,0.000000000000e+00
2074,15132,PO_TP,0.000000000000e+00
2074,15132,SED_TP,0.000000000000e+00
2074,15132,SEDWSSD_TP,0.000000000000e+00
2074,15132,SEDSCRS_TP,0.000000000000e+00
2074,15132,SO_TCd,0.000000000000e+00
2074,15132,IO_TCd,0.000000000000e+00
2074,15132,AO_TCd,0.000000000000e+00
2074,15132,PO_TCd,0.000000000000e+00
2074,15132,SED_TCd,0.000000000000e+00
2074,15132,SEDWSSD_TCd,0.000000000000e+00
2074,15132,SEDSCRS_TCd,0.000000000000e+00
2074,15132,SO_TCu,0.000000000000e+00
2074,15132,IO_TCu,0.000000000000e+00
2074,15132,AO_TCu,0.000000000000e+00
2074,15132,PO_TCu,0.000000000000e+00
2074,15132,SED_TCu,0.000000000000e+00
2074,15132,SEDWSSD_TCu,0.000000000000e+00
2074,15132,SEDSCRS_TCu,0.000000000000e+00
2074,15132,SO_TPb,0.000000000000e+00
2074,15132,IO_TPb,0.000000000000e+00
2074,15132,AO_TPb,0.000000000000e+00
2074,15132,PO_TPb,0.000000000000e+00
2074,15132,SED_TPb,0.000000000000e+00
2074,15132,SEDWSSD_TPb,0.000000000000e+00
2074,15132,SEDSCRS_TPb,0.000000000000e+00
2074,15132,SO_TZn,0.000000000000e+00
2074,15132,IO_TZn,0.000000000000e+00
2074,15132,AO_TZn,0.000000000000e+00
2074,15132,PO_TZn,0.000000000000e+00
2074,15132,SED_TZn,0.000000000000e+00
2074,15132,SEDWSSD_TZn,0.000000000000e+00
2074,15132,SEDSCRS_TZn,0.000000000000e+00
2074,15221,AREA,0.000000000000e+00
2074,15221,PREC,0.000000000000e+00
2074,15221,SURO,0.000000000000e+00
2074,15221,IFWO,0.000000000000e+00
2074,15221,AGWO,0.000000000000e+00
2074,15221,PERO,0.000000000000e+00
2074,15221,TAET,0.000000000000e+00
2074,15221,SEDLOAD,0.000000000000e+00
2074,15221,SEDWSSD, 0.00000e+00
2074,15221,SEDSCRS, 0.00000e+00
2074,15221,SEDSURO, 0.00000e+00
2074,15221,SEDIFWO, 0.00000e+00
2074,15221,SEDAGWO, 0.00000e+00
2074,15221,SO_TN,0.000000000000e+00
2074,15221,IO_TN,0.000000000000e+00
2074,15221,AO_TN,0.000000000000e+00
2074,15221,PO_TN,0.000000000000e+00
2074,15221,SO_TP,0.000000000000e+00
2074,15221,IO_TP,0.000000000000e+00
2074,15221,AO_TP,0.000000000000e+00
2074,15221,PO_TP,0.000000000000e+00
2074,15221,SED_TP,0.000000000000e+00
2074,15221,SEDWSSD_TP,0.000000000000e+00
2074,15221,SEDSCRS_TP,0.000000000000e+00
2074,15221,SO_TCd,0.000000000000e+00
2074,15221,IO_TCd,0.000000000000e+00
2074,15221,AO_TCd,0.000000000000e+00
2074,15221,PO_TCd,0.000000000000e+00
2074,15221,SED_TCd,0.000000000000e+00
2074,15221,SEDWSSD_TCd,0.000000000000e+00
2074,15221,SEDSCRS_TCd,0.000000000000e+00
2074,15221,SO_TCu,0.000000000000e+00
2074,15221,IO_TCu,0.000000000000e+00
2074,15221,AO_TCu,0.000000000000e+00
2074,15221,PO_TCu,0.000000000000e+00
2074,15221,SED_TCu,0.000000000000e+00
2074,15221,SEDWSSD_TCu,0.000000000000e+00
2074,15221,SEDSCRS_TCu,0.000000000000e+00
2074,15221,SO_TPb,0.000000000000e+00
2074,15221,IO_TPb,0.000000000000e+00
2074,15221,AO_TPb,0.000000000000e+00
2074,15221,PO_TPb,0.000000000000e+00
2074,15221,SED_TPb,0.000000000000e+00
2074,15221,SEDWSSD_TPb,0.000000000000e+00
2074,15221,SEDSCRS_TPb,0.000000000000e+00
2074,15221,SO_TZn,0.000000000000e+00
2074,15221,IO_TZn,0.000000000000e+00
2074,15221,AO_TZn,0.000000000000e+00
2074,15221,PO_TZn,0.000000000000e+00
2074,15221,SED_TZn,0.000000000000e+00
2074,15221,SEDWSSD_TZn,0.000000000000e+00
2074,15221,SEDSCRS_TZn,0.000000000000e+00
2074,15222,AREA,0.000000000000e+00
2074,15222,PREC,0.000000000000e+00
2074,15222,SURO,0.000000000000e+00
2074,15222,IFWO,0.000000000000e+00
2074,15222,AGWO,0.000000000000e+00
2074,15222,PERO,0.000000000000e+00
2074,15222,TAET,0.000000000000e+00
2074,15222,SEDLOAD,0.000000000000e+00
2074,15222,SEDWSSD, 0.00000e+00
2074,15222,SEDSCRS, 0.00000e+00
2074,15222,SEDSURO, 0.00000e+00
2074,15222,SEDIFWO, 0.00000e+00
2074,15222,SEDAGWO, 0.00000e+00
2074,15222,SO_TN,0.000000000000e+00
2074,15222,IO_TN,0.000000000000e+00
2074,15222,AO_TN,0.000000000000e+00
2074,15222,PO_TN,0.000000000000e+00
2074,15222,SO_TP,0.000000000000e+00
2074,15222,IO_TP,0.000000000000e+00
2074,15222,AO_TP,0.000000000000e+00
2074,15222,PO_TP,0.000000000000e+00
2074,15222,SED_TP,0.000000000000e+00
2074,15222,SEDWSSD_TP,0.000000000000e+00
2074,15222,SEDSCRS_TP,0.000000000000e+00
2074,15222,SO_TCd,0.000000000000e+00
2074,15222,IO_TCd,0.000000000000e+00
2074,15222,AO_TCd,0.000000000000e+00
2074,15222,PO_TCd,0.000000000000e+00
2074,15222,SED_TCd,0.000000000000e+00
2074,15222,SEDWSSD_TCd,0.000000000000e+00
2074,15222,SEDSCRS_TCd,0.000000000000e+00
2074,15222,SO_TCu,0.000000000000e+00
2074,15222,IO_TCu,0.000000000000e+00
2074,15222,AO_TCu,0.000000000000e+00
2074,15222,PO_TCu,0.000000000000e+00
2074,15222,SED_TCu,0.000000000000e+00
2074,15222,SEDWSSD_TCu,0.000000000000e+00
2074,15222,SEDSCRS_TCu,0.000000000000e+00
2074,15222,SO_TPb,0.000000000000e+00
2074,15222,IO_TPb,0.000000000000e+00
2074,15222,AO_TPb,0.000000000000e+00
2074,15222,PO_TPb,0.000000000000e+00
2074,15222,SED_TPb,0.000000000000e+00
2074,15222,SEDWSSD_TPb,0.000000000000e+00
2074,15222,SEDSCRS_TPb,0.000000000000e+00
2074,15222,SO_TZn,0.000000000000e+00
2074,15222,IO_TZn,0.000000000000e+00
2074,15222,AO_TZn,0.000000000000e+00
2074,15222,PO_TZn,0.000000000000e+00
2074,15222,SED_TZn,0.000000000000e+00
2074,15222,SEDWSSD_TZn,0.000000000000e+00
2074,15222,SEDSCRS_TZn,0.000000000000e+00
2074,15231,AREA,0.000000000000e+00
2074,15231,PREC,0.000000000000e+00
2074,15231,SURO,0.000000000000e+00
2074,15231,IFWO,0.000000000000e+00
2074,15231,AGWO,0.000000000000e+00
2074,15231,PERO,0.000000000000e+00
2074,15231,TAET,0.000000000000e+00
2074,15231,SEDLOAD,0.000000000000e+00
2074,15231,SEDWSSD, 0.00000e+00
2074,15231,SEDSCRS, 0.00000e+00
2074,15231,SEDSURO, 0.00000e+00
2074,15231,SEDIFWO, 0.00000e+00
2074,15231,SEDAGWO, 0.00000e+00
2074,15231,SO_TN,0.000000000000e+00
2074,15231,IO_TN,0.000000000000e+00
2074,15231,AO_TN,0.000000000000e+00
2074,15231,PO_TN,0.000000000000e+00
2074,15231,SO_TP,0.000000000000e+00
2074,15231,IO_TP,0.000000000000e+00
2074,15231,AO_TP,0.000000000000e+00
2074,15231,PO_TP,0.000000000000e+00
2074,15231,SED_TP,0.000000000000e+00
2074,15231,SEDWSSD_TP,0.000000000000e+00
2074,15231,SEDSCRS_TP,0.000000000000e+00
2074,15231,SO_TCd,0.000000000000e+00
2074,15231,IO_TCd,0.000000000000e+00
2074,15231,AO_TCd,0.000000000000e+00
2074,15231,PO_TCd,0.000000000000e+00
2074,15231,SED_TCd,0.000000000000e+00
2074,15231,SEDWSSD_TCd,0.000000000000e+00
2074,15231,SEDSCRS_TCd,0.000000000000e+00
2074,15231,SO_TCu,0.000000000000e+00
2074,15231,IO_TCu,0.000000000000e+00
2074,15231,AO_TCu,0.000000000000e+00
2074,15231,PO_TCu,0.000000000000e+00
2074,15231,SED_TCu,0.000000000000e+00
2074,15231,SEDWSSD_TCu,0.000000000000e+00
2074,15231,SEDSCRS_TCu,0.000000000000e+00
2074,15231,SO_TPb,0.000000000000e+00
2074,15231,IO_TPb,0.000000000000e+00
2074,15231,AO_TPb,0.000000000000e+00
2074,15231,PO_TPb,0.000000000000e+00
2074,15231,SED_TPb,0.000000000000e+00
2074,15231,SEDWSSD_TPb,0.000000000000e+00
2074,15231,SEDSCRS_TPb,0.000000000000e+00
2074,15231,SO_TZn,0.000000000000e+00
2074,15231,IO_TZn,0.000000000000e+00
2074,15231,AO_TZn,0.000000000000e+00
2074,15231,PO_TZn,0.000000000000e+00
2074,15231,SED_TZn,0.000000000000e+00
2074,15231,SEDWSSD_TZn,0.000000000000e+00
2074,15231,SEDSCRS_TZn,0.000000000000e+00
2074,15232,AREA,0.000000000000e+00
2074,15232,PREC,0.000000000000e+00
2074,15232,SURO,0.000000000000e+00
2074,15232,IFWO,0.000000000000e+00
2074,15232,AGWO,0.000000000000e+00
2074,15232,PERO,0.000000000000e+00
2074,15232,TAET,0.000000000000e+00
2074,15232,SEDLOAD,0.000000000000e+00
2074,15232,SEDWSSD, 0.00000e+00
2074,15232,SEDSCRS, 0.00000e+00
2074,15232,SEDSURO, 0.00000e+00
2074,15232,SEDIFWO, 0.00000e+00
2074,15232,SEDAGWO, 0.00000e+00
2074,15232,SO_TN,0.000000000000e+00
2074,15232,IO_TN,0.000000000000e+00
2074,15232,AO_TN,0.000000000000e+00
2074,15232,PO_TN,0.000000000000e+00
2074,15232,SO_TP,0.000000000000e+00
2074,15232,IO_TP,0.000000000000e+00
2074,15232,AO_TP,0.000000000000e+00
2074,15232,PO_TP,0.000000000000e+00
2074,15232,SED_TP,0.000000000000e+00
2074,15232,SEDWSSD_TP,0.000000000000e+00
2074,15232,SEDSCRS_TP,0.000000000000e+00
2074,15232,SO_TCd,0.000000000000e+00
2074,15232,IO_TCd,0.000000000000e+00
2074,15232,AO_TCd,0.000000000000e+00
2074,15232,PO_TCd,0.000000000000e+00
2074,15232,SED_TCd,0.000000000000e+00
2074,15232,SEDWSSD_TCd,0.000000000000e+00
2074,15232,SEDSCRS_TCd,0.000000000000e+00
2074,15232,SO_TCu,0.000000000000e+00
2074,15232,IO_TCu,0.000000000000e+00
2074,15232,AO_TCu,0.000000000000e+00
2074,15232,PO_TCu,0.000000000000e+00
2074,15232,SED_TCu,0.000000000000e+00
2074,15232,SEDWSSD_TCu,0.000000000000e+00
2074,15232,SEDSCRS_TCu,0.000000000000e+00
2074,15232,SO_TPb,0.000000000000e+00
2074,15232,IO_TPb,0.000000000000e+00
2074,15232,AO_TPb,0.000000000000e+00
2074,15232,PO_TPb,0.000000000000e+00
2074,15232,SED_TPb,0.000000000000e+00
2074,15232,SEDWSSD_TPb,0.000000000000e+00
2074,15232,SEDSCRS_TPb,0.000000000000e+00
2074,15232,SO_TZn,0.000000000000e+00
2074,15232,IO_TZn,0.000000000000e+00
2074,15232,AO_TZn,0.000000000000e+00
2074,15232,PO_TZn,0.000000000000e+00
2074,15232,SED_TZn,0.000000000000e+00
2074,15232,SEDWSSD_TZn,0.000000000000e+00
2074,15232,SEDSCRS_TZn,0.000000000000e+00
2074,15321,AREA,2.393316500004e+01
2074,15321,PREC,2.530920798885e+02
2074,15321,SURO,2.013231242969e-01
2074,15321,IFWO,7.375122987580e-01
2074,15321,AGWO,9.703013967676e+00
2074,15321,PERO,1.064184939073e+01
2074,15321,TAET,2.424502322597e+02
2074,15321,SEDLOAD,4.512683795630e-03
2074,15321,SEDWSSD, 2.68200e-03
2074,15321,SEDSCRS, 6.47701e-04
2074,15321,SEDSURO, 0.00000e+00
2074,15321,SEDIFWO, 8.35650e-05
2074,15321,SEDAGWO, 1.09942e-03
2074,15321,SO_TN,1.302819713560e-01
2074,15321,IO_TN,1.671302762245e-01
2074,15321,AO_TN,1.099417194370e+00
2074,15321,PO_TN,1.396829441951e+00
2074,15321,SO_TP,6.659405953613e-03
2074,15321,IO_TP,3.342605524490e-02
2074,15321,AO_TP,4.397668777481e-01
2074,15321,PO_TP,4.798523389466e-01
2074,15321,SED_TP,6.659405953613e-03
2074,15321,SEDWSSD_TP,5.364004323529e-03
2074,15321,SEDSCRS_TP,1.295401630083e-03
2074,15321,SO_TCd,3.329702976806e-06
2074,15321,IO_TCd,0.000000000000e+00
2074,15321,AO_TCd,0.000000000000e+00
2074,15321,PO_TCd,3.329702976806e-06
2074,15321,SED_TCd,3.329702976806e-06
2074,15321,SEDWSSD_TCd,2.682002161765e-06
2074,15321,SEDSCRS_TCd,6.477008150417e-07
2074,15321,SO_TCu,3.329702976806e-04
2074,15321,IO_TCu,0.000000000000e+00
2074,15321,AO_TCu,0.000000000000e+00
2074,15321,PO_TCu,3.329702976806e-04
2074,15321,SED_TCu,3.329702976806e-04
2074,15321,SEDWSSD_TCu,2.682002161765e-04
2074,15321,SEDSCRS_TCu,6.477008150417e-05
2074,15321,SO_TPb,3.329702976806e-05
2074,15321,IO_TPb,0.000000000000e+00
2074,15321,AO_TPb,0.000000000000e+00
2074,15321,PO_TPb,3.329702976806e-05
2074,15321,SED_TPb,3.329702976806e-05
2074,15321,SEDWSSD_TPb,2.682002161765e-05
2074,15321,SEDSCRS_TPb,6.477008150417e-06
2074,15321,SO_TZn,2.397386143301e-03
2074,15321,IO_TZn,0.000000000000e+00
2074,15321,AO_TZn,1.099417194370e-01
2074,15321,PO_TZn,1.123391055803e-01
2074,15321,SED_TZn,2.397386143301e-03
2074,15321,SEDWSSD_TZn,1.931041556471e-03
2074,15321,SEDSCRS_TZn,4.663445868300e-04
2074,15322,AREA,0.000000000000e+00
2074,15322,PREC,0.000000000000e+00
2074,15322,SURO,0.000000000000e+00
2074,15322,IFWO,0.000000000000e+00
2074,15322,AGWO,0.000000000000e+00
2074,15322,PERO,0.000000000000e+00
2074,15322,TAET,0.000000000000e+00
2074,15322,SEDLOAD,0.000000000000e+00
2074,15322,SEDWSSD, 0.00000e+00
2074,15322,SEDSCRS, 0.00000e+00
2074,15322,SEDSURO, 0.00000e+00
2074,15322,SEDIFWO, 0.00000e+00
2074,15322,SEDAGWO, 0.00000e+00
2074,15322,SO_TN,0.000000000000e+00
2074,15322,IO_TN,0.000000000000e+00
2074,15322,AO_TN,0.000000000000e+00
2074,15322,PO_TN,0.000000000000e+00
2074,15322,SO_TP,0.000000000000e+00
2074,15322,IO_TP,0.000000000000e+00
2074,15322,AO_TP,0.000000000000e+00
2074,15322,PO_TP,0.000000000000e+00
2074,15322,SED_TP,0.000000000000e+00
2074,15322,SEDWSSD_TP,0.000000000000e+00
2074,15322,SEDSCRS_TP,0.000000000000e+00
2074,15322,SO_TCd,0.000000000000e+00
2074,15322,IO_TCd,0.000000000000e+00
2074,15322,AO_TCd,0.000000000000e+00
2074,15322,PO_TCd,0.000000000000e+00
2074,15322,SED_TCd,0.000000000000e+00
2074,15322,SEDWSSD_TCd,0.000000000000e+00
2074,15322,SEDSCRS_TCd,0.000000000000e+00
2074,15322,SO_TCu,0.000000000000e+00
2074,15322,IO_TCu,0.000000000000e+00
2074,15322,AO_TCu,0.000000000000e+00
2074,15322,PO_TCu,0.000000000000e+00
2074,15322,SED_TCu,0.000000000000e+00
2074,15322,SEDWSSD_TCu,0.000000000000e+00
2074,15322,SEDSCRS_TCu,0.000000000000e+00
2074,15322,SO_TPb,0.000000000000e+00
2074,15322,IO_TPb,0.000000000000e+00
2074,15322,AO_TPb,0.000000000000e+00
2074,15322,PO_TPb,0.000000000000e+00
2074,15322,SED_TPb,0.000000000000e+00
2074,15322,SEDWSSD_TPb,0.000000000000e+00
2074,15322,SEDSCRS_TPb,0.000000000000e+00
2074,15322,SO_TZn,0.000000000000e+00
2074,15322,IO_TZn,0.000000000000e+00
2074,15322,AO_TZn,0.000000000000e+00
2074,15322,PO_TZn,0.000000000000e+00
2074,15322,SED_TZn,0.000000000000e+00
2074,15322,SEDWSSD_TZn,0.000000000000e+00
2074,15322,SEDSCRS_TZn,0.000000000000e+00
2074,15331,AREA,0.000000000000e+00
2074,15331,PREC,0.000000000000e+00
2074,15331,SURO,0.000000000000e+00
2074,15331,IFWO,0.000000000000e+00
2074,15331,AGWO,0.000000000000e+00
2074,15331,PERO,0.000000000000e+00
2074,15331,TAET,0.000000000000e+00
2074,15331,SEDLOAD,0.000000000000e+00
2074,15331,SEDWSSD, 0.00000e+00
2074,15331,SEDSCRS, 0.00000e+00
2074,15331,SEDSURO, 0.00000e+00
2074,15331,SEDIFWO, 0.00000e+00
2074,15331,SEDAGWO, 0.00000e+00
2074,15331,SO_TN,0.000000000000e+00
2074,15331,IO_TN,0.000000000000e+00
2074,15331,AO_TN,0.000000000000e+00
2074,15331,PO_TN,0.000000000000e+00
2074,15331,SO_TP,0.000000000000e+00
2074,15331,IO_TP,0.000000000000e+00
2074,15331,AO_TP,0.000000000000e+00
2074,15331,PO_TP,0.000000000000e+00
2074,15331,SED_TP,0.000000000000e+00
2074,15331,SEDWSSD_TP,0.000000000000e+00
2074,15331,SEDSCRS_TP,0.000000000000e+00
2074,15331,SO_TCd,0.000000000000e+00
2074,15331,IO_TCd,0.000000000000e+00
2074,15331,AO_TCd,0.000000000000e+00
2074,15331,PO_TCd,0.000000000000e+00
2074,15331,SED_TCd,0.000000000000e+00
2074,15331,SEDWSSD_TCd,0.000000000000e+00
2074,15331,SEDSCRS_TCd,0.000000000000e+00
2074,15331,SO_TCu,0.000000000000e+00
2074,15331,IO_TCu,0.000000000000e+00
2074,15331,AO_TCu,0.000000000000e+00
2074,15331,PO_TCu,0.000000000000e+00
2074,15331,SED_TCu,0.000000000000e+00
2074,15331,SEDWSSD_TCu,0.000000000000e+00
2074,15331,SEDSCRS_TCu,0.000000000000e+00
2074,15331,SO_TPb,0.000000000000e+00
2074,15331,IO_TPb,0.000000000000e+00
2074,15331,AO_TPb,0.000000000000e+00
2074,15331,PO_TPb,0.000000000000e+00
2074,15331,SED_TPb,0.000000000000e+00
2074,15331,SEDWSSD_TPb,0.000000000000e+00
2074,15331,SEDSCRS_TPb,0.000000000000e+00
2074,15331,SO_TZn,0.000000000000e+00
2074,15331,IO_TZn,0.000000000000e+00
2074,15331,AO_TZn,0.000000000000e+00
2074,15331,PO_TZn,0.000000000000e+00
2074,15331,SED_TZn,0.000000000000e+00
2074,15331,SEDWSSD_TZn,0.000000000000e+00
2074,15331,SEDSCRS_TZn,0.000000000000e+00
2074,15332,AREA,0.000000000000e+00
2074,15332,PREC,0.000000000000e+00
2074,15332,SURO,0.000000000000e+00
2074,15332,IFWO,0.000000000000e+00
2074,15332,AGWO,0.000000000000e+00
2074,15332,PERO,0.000000000000e+00
2074,15332,TAET,0.000000000000e+00
2074,15332,SEDLOAD,0.000000000000e+00
2074,15332,SEDWSSD, 0.00000e+00
2074,15332,SEDSCRS, 0.00000e+00
2074,15332,SEDSURO, 0.00000e+00
2074,15332,SEDIFWO, 0.00000e+00
2074,15332,SEDAGWO, 0.00000e+00
2074,15332,SO_TN,0.000000000000e+00
2074,15332,IO_TN,0.000000000000e+00
2074,15332,AO_TN,0.000000000000e+00
2074,15332,PO_TN,0.000000000000e+00
2074,15332,SO_TP,0.000000000000e+00
2074,15332,IO_TP,0.000000000000e+00
2074,15332,AO_TP,0.000000000000e+00
2074,15332,PO_TP,0.000000000000e+00
2074,15332,SED_TP,0.000000000000e+00
2074,15332,SEDWSSD_TP,0.000000000000e+00
2074,15332,SEDSCRS_TP,0.000000000000e+00
2074,15332,SO_TCd,0.000000000000e+00
2074,15332,IO_TCd,0.000000000000e+00
2074,15332,AO_TCd,0.000000000000e+00
2074,15332,PO_TCd,0.000000000000e+00
2074,15332,SED_TCd,0.000000000000e+00
2074,15332,SEDWSSD_TCd,0.000000000000e+00
2074,15332,SEDSCRS_TCd,0.000000000000e+00
2074,15332,SO_TCu,0.000000000000e+00
2074,15332,IO_TCu,0.000000000000e+00
2074,15332,AO_TCu,0.000000000000e+00
2074,15332,PO_TCu,0.000000000000e+00
2074,15332,SED_TCu,0.000000000000e+00
2074,15332,SEDWSSD_TCu,0.000000000000e+00
2074,15332,SEDSCRS_TCu,0.000000000000e+00
2074,15332,SO_TPb,0.000000000000e+00
2074,15332,IO_TPb,0.000000000000e+00
2074,15332,AO_TPb,0.000000000000e+00
2074,15332,PO_TPb,0.000000000000e+00
2074,15332,SED_TPb,0.000000000000e+00
2074,15332,SEDWSSD_TPb,0.000000000000e+00
2074,15332,SEDSCRS_TPb,0.000000000000e+00
2074,15332,SO_TZn,0.000000000000e+00
2074,15332,IO_TZn,0.000000000000e+00
2074,15332,AO_TZn,0.000000000000e+00
2074,15332,PO_TZn,0.000000000000e+00
2074,15332,SED_TZn,0.000000000000e+00
2074,15332,SEDWSSD_TZn,0.000000000000e+00
2074,15332,SEDSCRS_TZn,0.000000000000e+00
2074,15421,AREA,2.743827300003e+01
2074,15421,PREC,2.901584300329e+02
2074,15421,SURO,4.255937291697e+00
2074,15421,IFWO,2.537863547473e+00
2074,15421,AGWO,7.279980838235e+00
2074,15421,PERO,1.407378167740e+01
2074,15421,TAET,2.760846499571e+02
2074,15421,SEDLOAD,7.866397004247e-02
2074,15421,SEDWSSD, 3.38976e-02
2074,15421,SEDSCRS, 4.36540e-02
2074,15421,SEDSURO, 0.00000e+00
2074,15421,SEDIFWO, 2.87557e-04
2074,15421,SEDAGWO, 8.24870e-04
2074,15421,SO_TN,1.967776144812e+00
2074,15421,IO_TN,5.751142542620e-01
2074,15421,AO_TN,8.248711312696e-01
2074,15421,PO_TN,3.367761530344e+00
2074,15421,SO_TP,1.551030864149e-01
2074,15421,IO_TP,1.150228508524e-01
2074,15421,AO_TP,3.299484525078e-01
2074,15421,PO_TP,6.000743897751e-01
2074,15421,SED_TP,1.551030864149e-01
2074,15421,SEDWSSD_TP,6.779514409518e-02
2074,15421,SEDSCRS_TP,8.730794231971e-02
2074,15421,SO_TCd,7.755154320745e-05
2074,15421,IO_TCd,0.000000000000e+00
2074,15421,AO_TCd,0.000000000000e+00
2074,15421,PO_TCd,7.755154320745e-05
2074,15421,SED_TCd,7.755154320745e-05
2074,15421,SEDWSSD_TCd,3.389757204759e-05
2074,15421,SEDSCRS_TCd,4.365397115986e-05
2074,15421,SO_TCu,7.755154320745e-03
2074,15421,IO_TCu,0.000000000000e+00
2074,15421,AO_TCu,0.000000000000e+00
2074,15421,PO_TCu,7.755154320745e-03
2074,15421,SED_TCu,7.755154320745e-03
2074,15421,SEDWSSD_TCu,3.389757204759e-03
2074,15421,SEDSCRS_TCu,4.365397115986e-03
2074,15421,SO_TPb,7.755154320745e-04
2074,15421,IO_TPb,0.000000000000e+00
2074,15421,AO_TPb,0.000000000000e+00
2074,15421,PO_TPb,7.755154320745e-04
2074,15421,SED_TPb,7.755154320745e-04
2074,15421,SEDWSSD_TPb,3.389757204759e-04
2074,15421,SEDSCRS_TPb,4.365397115986e-04
2074,15421,SO_TZn,5.583711110936e-02
2074,15421,IO_TZn,0.000000000000e+00
2074,15421,AO_TZn,8.248711312696e-02
2074,15421,PO_TZn,1.383242242363e-01
2074,15421,SED_TZn,5.583711110936e-02
2074,15421,SEDWSSD_TZn,2.440625187427e-02
2074,15421,SEDSCRS_TZn,3.143085923510e-02
2074,15422,AREA,0.000000000000e+00
2074,15422,PREC,0.000000000000e+00
2074,15422,SURO,0.000000000000e+00
2074,15422,IFWO,0.000000000000e+00
2074,15422,AGWO,0.000000000000e+00
2074,15422,PERO,0.000000000000e+00
2074,15422,TAET,0.000000000000e+00
2074,15422,SEDLOAD,0.000000000000e+00
2074,15422,SEDWSSD, 0.00000e+00
2074,15422,SEDSCRS, 0.00000e+00
2074,15422,SEDSURO, 0.00000e+00
2074,15422,SEDIFWO, 0.00000e+00
2074,15422,SEDAGWO, 0.00000e+00
2074,15422,SO_TN,0.000000000000e+00
2074,15422,IO_TN,0.000000000000e+00
2074,15422,AO_TN,0.000000000000e+00
2074,15422,PO_TN,0.000000000000e+00
2074,15422,SO_TP,0.000000000000e+00
2074,15422,IO_TP,0.000000000000e+00
2074,15422,AO_TP,0.000000000000e+00
2074,15422,PO_TP,0.000000000000e+00
2074,15422,SED_TP,0.000000000000e+00
2074,15422,SEDWSSD_TP,0.000000000000e+00
2074,15422,SEDSCRS_TP,0.000000000000e+00
2074,15422,SO_TCd,0.000000000000e+00
2074,15422,IO_TCd,0.000000000000e+00
2074,15422,AO_TCd,0.000000000000e+00
2074,15422,PO_TCd,0.000000000000e+00
2074,15422,SED_TCd,0.000000000000e+00
2074,15422,SEDWSSD_TCd,0.000000000000e+00
2074,15422,SEDSCRS_TCd,0.000000000000e+00
2074,15422,SO_TCu,0.000000000000e+00
2074,15422,IO_TCu,0.000000000000e+00
2074,15422,AO_TCu,0.000000000000e+00
2074,15422,PO_TCu,0.000000000000e+00
2074,15422,SED_TCu,0.000000000000e+00
2074,15422,SEDWSSD_TCu,0.000000000000e+00
2074,15422,SEDSCRS_TCu,0.000000000000e+00
2074,15422,SO_TPb,0.000000000000e+00
2074,15422,IO_TPb,0.000000000000e+00
2074,15422,AO_TPb,0.000000000000e+00
2074,15422,PO_TPb,0.000000000000e+00
2074,15422,SED_TPb,0.000000000000e+00
2074,15422,SEDWSSD_TPb,0.000000000000e+00
2074,15422,SEDSCRS_TPb,0.000000000000e+00
2074,15422,SO_TZn,0.000000000000e+00
2074,15422,IO_TZn,0.000000000000e+00
2074,15422,AO_TZn,0.000000000000e+00
2074,15422,PO_TZn,0.000000000000e+00
2074,15422,SED_TZn,0.000000000000e+00
2074,15422,SEDWSSD_TZn,0.000000000000e+00
2074,15422,SEDSCRS_TZn,0.000000000000e+00
2074,15431,AREA,0.000000000000e+00
2074,15431,PREC,0.000000000000e+00
2074,15431,SURO,0.000000000000e+00
2074,15431,IFWO,0.000000000000e+00
2074,15431,AGWO,0.000000000000e+00
2074,15431,PERO,0.000000000000e+00
2074,15431,TAET,0.000000000000e+00
2074,15431,SEDLOAD,0.000000000000e+00
2074,15431,SEDWSSD, 0.00000e+00
2074,15431,SEDSCRS, 0.00000e+00
2074,15431,SEDSURO, 0.00000e+00
2074,15431,SEDIFWO, 0.00000e+00
2074,15431,SEDAGWO, 0.00000e+00
2074,15431,SO_TN,0.000000000000e+00
2074,15431,IO_TN,0.000000000000e+00
2074,15431,AO_TN,0.000000000000e+00
2074,15431,PO_TN,0.000000000000e+00
2074,15431,SO_TP,0.000000000000e+00
2074,15431,IO_TP,0.000000000000e+00
2074,15431,AO_TP,0.000000000000e+00
2074,15431,PO_TP,0.000000000000e+00
2074,15431,SED_TP,0.000000000000e+00
2074,15431,SEDWSSD_TP,0.000000000000e+00
2074,15431,SEDSCRS_TP,0.000000000000e+00
2074,15431,SO_TCd,0.000000000000e+00
2074,15431,IO_TCd,0.000000000000e+00
2074,15431,AO_TCd,0.000000000000e+00
2074,15431,PO_TCd,0.000000000000e+00
2074,15431,SED_TCd,0.000000000000e+00
2074,15431,SEDWSSD_TCd,0.000000000000e+00
2074,15431,SEDSCRS_TCd,0.000000000000e+00
2074,15431,SO_TCu,0.000000000000e+00
2074,15431,IO_TCu,0.000000000000e+00
2074,15431,AO_TCu,0.000000000000e+00
2074,15431,PO_TCu,0.000000000000e+00
2074,15431,SED_TCu,0.000000000000e+00
2074,15431,SEDWSSD_TCu,0.000000000000e+00
2074,15431,SEDSCRS_TCu,0.000000000000e+00
2074,15431,SO_TPb,0.000000000000e+00
2074,15431,IO_TPb,0.000000000000e+00
2074,15431,AO_TPb,0.000000000000e+00
2074,15431,PO_TPb,0.000000000000e+00
2074,15431,SED_TPb,0.000000000000e+00
2074,15431,SEDWSSD_TPb,0.000000000000e+00
2074,15431,SEDSCRS_TPb,0.000000000000e+00
2074,15431,SO_TZn,0.000000000000e+00
2074,15431,IO_TZn,0.000000000000e+00
2074,15431,AO_TZn,0.000000000000e+00
2074,15431,PO_TZn,0.000000000000e+00
2074,15431,SED_TZn,0.000000000000e+00
2074,15431,SEDWSSD_TZn,0.000000000000e+00
2074,15431,SEDSCRS_TZn,0.000000000000e+00
2074,15432,AREA,0.000000000000e+00
2074,15432,PREC,0.000000000000e+00
2074,15432,SURO,0.000000000000e+00
2074,15432,IFWO,0.000000000000e+00
2074,15432,AGWO,0.000000000000e+00
2074,15432,PERO,0.000000000000e+00
2074,15432,TAET,0.000000000000e+00
2074,15432,SEDLOAD,0.000000000000e+00
2074,15432,SEDWSSD, 0.00000e+00
2074,15432,SEDSCRS, 0.00000e+00
2074,15432,SEDSURO, 0.00000e+00
2074,15432,SEDIFWO, 0.00000e+00
2074,15432,SEDAGWO, 0.00000e+00
2074,15432,SO_TN,0.000000000000e+00
2074,15432,IO_TN,0.000000000000e+00
2074,15432,AO_TN,0.000000000000e+00
2074,15432,PO_TN,0.000000000000e+00
2074,15432,SO_TP,0.000000000000e+00
2074,15432,IO_TP,0.000000000000e+00
2074,15432,AO_TP,0.000000000000e+00
2074,15432,PO_TP,0.000000000000e+00
2074,15432,SED_TP,0.000000000000e+00
2074,15432,SEDWSSD_TP,0.000000000000e+00
2074,15432,SEDSCRS_TP,0.000000000000e+00
2074,15432,SO_TCd,0.000000000000e+00
2074,15432,IO_TCd,0.000000000000e+00
2074,15432,AO_TCd,0.000000000000e+00
2074,15432,PO_TCd,0.000000000000e+00
2074,15432,SED_TCd,0.000000000000e+00
2074,15432,SEDWSSD_TCd,0.000000000000e+00
2074,15432,SEDSCRS_TCd,0.000000000000e+00
2074,15432,SO_TCu,0.000000000000e+00
2074,15432,IO_TCu,0.000000000000e+00
2074,15432,AO_TCu,0.000000000000e+00
2074,15432,PO_TCu,0.000000000000e+00
2074,15432,SED_TCu,0.000000000000e+00
2074,15432,SEDWSSD_TCu,0.000000000000e+00
2074,15432,SEDSCRS_TCu,0.000000000000e+00
2074,15432,SO_TPb,0.000000000000e+00
2074,15432,IO_TPb,0.000000000000e+00
2074,15432,AO_TPb,0.000000000000e+00
2074,15432,PO_TPb,0.000000000000e+00
2074,15432,SED_TPb,0.000000000000e+00
2074,15432,SEDWSSD_TPb,0.000000000000e+00
2074,15432,SEDSCRS_TPb,0.000000000000e+00
2074,15432,SO_TZn,0.000000000000e+00
2074,15432,IO_TZn,0.000000000000e+00
2074,15432,AO_TZn,0.000000000000e+00
2074,15432,PO_TZn,0.000000000000e+00
2074,15432,SED_TZn,0.000000000000e+00
2074,15432,SEDWSSD_TZn,0.000000000000e+00
2074,15432,SEDSCRS_TZn,0.000000000000e+00
2074,16000,AREA,0.000000000000e+00
2074,16000,PREC,0.000000000000e+00
2074,16000,SURO,0.000000000000e+00
2074,16000,IFWO,0.000000000000e+00
2074,16000,AGWO,0.000000000000e+00
2074,16000,PERO,0.000000000000e+00
2074,16000,TAET,0.000000000000e+00
2074,16000,SEDLOAD,0.000000000000e+00
2074,16000,SEDWSSD, 0.00000e+00
2074,16000,SEDSCRS, 0.00000e+00
2074,16000,SEDSURO, 0.00000e+00
2074,16000,SEDIFWO, 0.00000e+00
2074,16000,SEDAGWO, 0.00000e+00
2074,16000,SO_TN,0.000000000000e+00
2074,16000,IO_TN,0.000000000000e+00
2074,16000,AO_TN,0.000000000000e+00
2074,16000,PO_TN,0.000000000000e+00
2074,16000,SO_TP,0.000000000000e+00
2074,16000,IO_TP,0.000000000000e+00
2074,16000,AO_TP,0.000000000000e+00
2074,16000,PO_TP,0.000000000000e+00
2074,16000,SED_TP,0.000000000000e+00
2074,16000,SEDWSSD_TP,0.000000000000e+00
2074,16000,SEDSCRS_TP,0.000000000000e+00
2074,16000,SO_TCd,0.000000000000e+00
2074,16000,IO_TCd,0.000000000000e+00
2074,16000,AO_TCd,0.000000000000e+00
2074,16000,PO_TCd,0.000000000000e+00
2074,16000,SED_TCd,0.000000000000e+00
2074,16000,SEDWSSD_TCd,0.000000000000e+00
2074,16000,SEDSCRS_TCd,0.000000000000e+00
2074,16000,SO_TCu,0.000000000000e+00
2074,16000,IO_TCu,0.000000000000e+00
2074,16000,AO_TCu,0.000000000000e+00
2074,16000,PO_TCu,0.000000000000e+00
2074,16000,SED_TCu,0.000000000000e+00
2074,16000,SEDWSSD_TCu,0.000000000000e+00
2074,16000,SEDSCRS_TCu,0.000000000000e+00
2074,16000,SO_TPb,0.000000000000e+00
2074,16000,IO_TPb,0.000000000000e+00
2074,16000,AO_TPb,0.000000000000e+00
2074,16000,PO_TPb,0.000000000000e+00
2074,16000,SED_TPb,0.000000000000e+00
2074,16000,SEDWSSD_TPb,0.000000000000e+00
2074,16000,SEDSCRS_TPb,0.000000000000e+00
2074,16000,SO_TZn,0.000000000000e+00
2074,16000,IO_TZn,0.000000000000e+00
2074,16000,AO_TZn,0.000000000000e+00
2074,16000,PO_TZn,0.000000000000e+00
2074,16000,SED_TZn,0.000000000000e+00
2074,16000,SEDWSSD_TZn,0.000000000000e+00
2074,16000,SEDSCRS_TZn,0.000000000000e+00
