rchid,type,parmname,value1
1062,0,DRAT_IVOL,1.246999774908e+07
1062,0,DRAT_OVOL,1.246999774908e+07
1062,-1,USLINK,0.000000000000e+00
1062,-1,PCP,0.000000000000e+00
1062,-1,EVAP,0.000000000000e+00
1062,-1,INFILT,0.000000000000e+00
1062,-1,USIF,0.000000000000e+00
1062,-2,LUIF,1.246999774908e+07
1062,-1,USBP,0.000000000000e+00
1062,-2,LUBP,0.000000000000e+00
1062,-5,IRWD,0.000000000000e+00
1062,0,IVOL,1.246999774908e+07
1062,1,RO,1.246999774908e+07
1062,1,BP,0.000000000000e+00
1062,0,DRAT_ISED_1,6.058884908548e+00
1062,0,DRAT_OSED_1,6.058884908548e+00
1062,-1,USSED_1,0.000000000000e+00
1062,-2,LUSED_1,6.058884908548e+00
1062,-1,USSBP_1,0.000000000000e+00
1062,-2,LUSBP_1,0.000000000000e+00
1062,-5,IRWDSED_1,0.000000000000e+00
1062,0,ISED_1,6.058884908548e+00
1062,0,DEPSCR_1,0.000000000000e+00
1062,0,DEPMASS_1,0.000000000000e+00
1062,0,SCRMASS_1,0.000000000000e+00
1062,0,BEDSED_1,0.000000000000e+00
1062,1,ROSED_1,6.058884908548e+00
1062,1,BPSED_1,0.000000000000e+00
1062,0,DRAT_ISED_2,2.215430608206e+01
1062,0,DRAT_OSED_2,2.215430608206e+01
1062,-1,USSED_2,0.000000000000e+00
1062,-2,LUSED_2,2.215430608206e+01
1062,-1,USSBP_2,0.000000000000e+00
1062,-2,LUSBP_2,0.000000000000e+00
1062,-5,IRWDSED_2,0.000000000000e+00
1062,0,ISED_2,2.215430608206e+01
1062,0,DEPSCR_2,0.000000000000e+00
1062,0,DEPMASS_2,0.000000000000e+00
1062,0,SCRMASS_2,0.000000000000e+00
1062,0,BEDSED_2,0.000000000000e+00
1062,1,ROSED_2,2.215430608206e+01
1062,1,BPSED_2,0.000000000000e+00
1062,0,DRAT_ISED_3,7.571074730634e+00
1062,0,DRAT_OSED_3,7.571074730634e+00
1062,-1,USSED_3,0.000000000000e+00
1062,-2,LUSED_3,7.571074730634e+00
1062,-1,USSBP_3,0.000000000000e+00
1062,-2,LUSBP_3,0.000000000000e+00
1062,-5,IRWDSED_3,0.000000000000e+00
1062,0,ISED_3,7.571074730634e+00
1062,0,DEPSCR_3,0.000000000000e+00
1062,0,DEPMASS_3,0.000000000000e+00
1062,0,SCRMASS_3,0.000000000000e+00
1062,0,BEDSED_3,0.000000000000e+00
1062,1,ROSED_3,7.571074730634e+00
1062,1,BPSED_3,0.000000000000e+00
1062,0,DRAT_IGQL_TN,1.168773570202e+03
1062,0,DRAT_OGQL_TN,1.168773570202e+03
1062,-1,USQUAL_TN,0.000000000000e+00
1062,-2,LUQUAL_TN,1.168773570202e+03
1062,-1,USQUBP_TN,0.000000000000e+00
1062,-2,LUQUBP_TN,0.000000000000e+00
1062,-5,IRWDQUAL_TN,0.000000000000e+00
1062,-7,INFILTQUAL_TN,0.000000000000e+00
1062,-8,INFILTQUALTARGET_TN,0.000000000000e+00
1062,0,ADTOT_TN,0.000000000000e+00
1062,0,IQUAL_TN,1.168773570202e+03
1062,0,ADQAL_TN,0.000000000000e+00
1062,0,DSQAL_TN,0.000000000000e+00
1062,0,DEPQAL_TN,0.000000000000e+00
1062,0,SCRQAL_TN,0.000000000000e+00
1062,1,QUAL_TN,1.168773570202e+03
1062,1,QUBP_TN,0.000000000000e+00
1062,0,DRAT_IGQL_TP,1.890344197959e+02
1062,0,DRAT_OGQL_TP,1.890344197959e+02
1062,-1,USQUAL_TP,0.000000000000e+00
1062,-2,LUQUAL_TP,1.890344197959e+02
1062,-1,USQUBP_TP,0.000000000000e+00
1062,-2,LUQUBP_TP,0.000000000000e+00
1062,-5,IRWDQUAL_TP,0.000000000000e+00
1062,-7,INFILTQUAL_TP,0.000000000000e+00
1062,-8,INFILTQUALTARGET_TP,0.000000000000e+00
1062,0,ADTOT_TP,0.000000000000e+00
1062,0,IQUAL_TP,1.890344197959e+02
1062,0,ADQAL_TP,0.000000000000e+00
1062,0,DSQAL_TP,0.000000000000e+00
1062,0,DEPQAL_TP,0.000000000000e+00
1062,0,SCRQAL_TP,0.000000000000e+00
1062,1,QUAL_TP,1.890344197959e+02
1062,1,QUBP_TP,0.000000000000e+00
1062,0,DRAT_IGQL_TCd,3.966970481520e-01
1062,0,DRAT_OGQL_TCd,3.966970481520e-01
1062,-1,USQUAL_TCd,0.000000000000e+00
1062,-2,LUQUAL_TCd,3.966970481520e-01
1062,-1,USQUBP_TCd,0.000000000000e+00
1062,-2,LUQUBP_TCd,0.000000000000e+00
1062,-5,IRWDQUAL_TCd,0.000000000000e+00
1062,-7,INFILTQUAL_TCd,0.000000000000e+00
1062,-8,INFILTQUALTARGET_TCd,0.000000000000e+00
1062,0,ADTOT_TCd,0.000000000000e+00
1062,0,IQUAL_TCd,3.966970481520e-01
1062,0,ADQAL_TCd,0.000000000000e+00
1062,0,DSQAL_TCd,0.000000000000e+00
1062,0,DEPQAL_TCd,0.000000000000e+00
1062,0,SCRQAL_TCd,0.000000000000e+00
1062,1,QUAL_TCd,3.966970481520e-01
1062,1,QUBP_TCd,0.000000000000e+00
1062,0,DRAT_IGQL_TCu,3.983707141933e+01
1062,0,DRAT_OGQL_TCu,3.983707141933e+01
1062,-1,USQUAL_TCu,0.000000000000e+00
1062,-2,LUQUAL_TCu,3.983707141933e+01
1062,-1,USQUBP_TCu,0.000000000000e+00
1062,-2,LUQUBP_TCu,0.000000000000e+00
1062,-5,IRWDQUAL_TCu,0.000000000000e+00
1062,-7,INFILTQUAL_TCu,0.000000000000e+00
1062,-8,INFILTQUALTARGET_TCu,0.000000000000e+00
1062,0,ADTOT_TCu,0.000000000000e+00
1062,0,IQUAL_TCu,3.983707141933e+01
1062,0,ADQAL_TCu,0.000000000000e+00
1062,0,DSQAL_TCu,0.000000000000e+00
1062,0,DEPQAL_TCu,0.000000000000e+00
1062,0,SCRQAL_TCu,0.000000000000e+00
1062,1,QUAL_TCu,3.983707141933e+01
1062,1,QUBP_TCu,0.000000000000e+00
1062,0,DRAT_IGQL_TPb,3.127889084170e+01
1062,0,DRAT_OGQL_TPb,3.127889084170e+01
1062,-1,USQUAL_TPb,0.000000000000e+00
1062,-2,LUQUAL_TPb,3.127889084170e+01
1062,-1,USQUBP_TPb,0.000000000000e+00
1062,-2,LUQUBP_TPb,0.000000000000e+00
1062,-5,IRWDQUAL_TPb,0.000000000000e+00
1062,-7,INFILTQUAL_TPb,0.000000000000e+00
1062,-8,INFILTQUALTARGET_TPb,0.000000000000e+00
1062,0,ADTOT_TPb,0.000000000000e+00
1062,0,IQUAL_TPb,3.127889084170e+01
1062,0,ADQAL_TPb,0.000000000000e+00
1062,0,DSQAL_TPb,0.000000000000e+00
1062,0,DEPQAL_TPb,0.000000000000e+00
1062,0,SCRQAL_TPb,0.000000000000e+00
1062,1,QUAL_TPb,3.127889084170e+01
1062,1,QUBP_TPb,0.000000000000e+00
1062,0,DRAT_IGQL_TZn,1.834132287752e+02
1062,0,DRAT_OGQL_TZn,1.834132287752e+02
1062,-1,USQUAL_TZn,0.000000000000e+00
1062,-2,LUQUAL_TZn,1.834132287752e+02
1062,-1,USQUBP_TZn,0.000000000000e+00
1062,-2,LUQUBP_TZn,0.000000000000e+00
1062,-5,IRWDQUAL_TZn,0.000000000000e+00
1062,-7,INFILTQUAL_TZn,0.000000000000e+00
1062,-8,INFILTQUALTARGET_TZn,0.000000000000e+00
1062,0,ADTOT_TZn,0.000000000000e+00
1062,0,IQUAL_TZn,1.834132287752e+02
1062,0,ADQAL_TZn,0.000000000000e+00
1062,0,DSQAL_TZn,0.000000000000e+00
1062,0,DEPQAL_TZn,0.000000000000e+00
1062,0,SCRQAL_TZn,0.000000000000e+00
1062,1,QUAL_TZn,1.834132287752e+02
1062,1,QUBP_TZn,0.000000000000e+00
1063,0,DRAT_IVOL,4.111296796998e+06
1063,0,DRAT_OVOL,4.080067894000e+06
1063,-1,USLINK,0.000000000000e+00
1063,-1,PCP,5.938479722759e+04
1063,-1,EVAP,3.123006995876e+04
1063,-1,INFILT,0.000000000000e+00
1063,-1,USIF,0.000000000000e+00
1063,-2,LUIF,4.051911999771e+06
1063,-1,USBP,0.000000000000e+00
1063,-2,LUBP,0.000000000000e+00
1063,-5,IRWD,0.000000000000e+00
1063,0,IVOL,4.051911999771e+06
1063,1,RO,4.080067894000e+06
1063,1,BP,0.000000000000e+00
1063,0,DRAT_ISED_1,1.535094565565e+00
1063,0,DRAT_OSED_1,2.300747905257e-01
1063,-1,USSED_1,0.000000000000e+00
1063,-2,LUSED_1,1.514042750542e+00
1063,-1,USSBP_1,0.000000000000e+00
1063,-2,LUSBP_1,0.000000000000e+00
1063,-5,IRWDSED_1,0.000000000000e+00
1063,0,ISED_1,1.514042750542e+00
1063,0,DEPSCR_1,1.283967960016e+00
1063,0,DEPMASS_1,1.305019775039e+00
1063,0,SCRMASS_1,2.105181502312e-02
1063,0,BEDSED_1,1.014939522159e+06
1063,1,ROSED_1,2.300747905257e-01
1063,1,BPSED_1,0.000000000000e+00
1063,0,DRAT_ISED_2,8.809506131294e+00
1063,0,DRAT_OSED_2,8.704750583176e+00
1063,-1,USSED_2,0.000000000000e+00
1063,-2,LUSED_2,8.809506131294e+00
1063,-1,USSBP_2,0.000000000000e+00
1063,-2,LUSBP_2,0.000000000000e+00
1063,-5,IRWDSED_2,0.000000000000e+00
1063,0,ISED_2,8.809506131294e+00
1063,0,DEPSCR_2,1.047605408025e-01
1063,0,DEPMASS_2,1.047605408025e-01
1063,0,SCRMASS_2,0.000000000000e+00
1063,0,BEDSED_2,6.468750363823e+06
1063,1,ROSED_2,8.704750583176e+00
1063,1,BPSED_2,0.000000000000e+00
1063,0,DRAT_ISED_3,2.567378651693e+00
1063,0,DRAT_OSED_3,2.567380076621e+00
1063,-1,USSED_3,0.000000000000e+00
1063,-2,LUSED_3,2.563273147064e+00
1063,-1,USSBP_3,0.000000000000e+00
1063,-2,LUSBP_3,0.000000000000e+00
1063,-5,IRWDSED_3,0.000000000000e+00
1063,0,ISED_3,2.563273147064e+00
1063,0,DEPSCR_3,-4.105504628967e-03
1063,0,DEPMASS_3,0.000000000000e+00
1063,0,SCRMASS_3,4.105504628967e-03
1063,0,BEDSED_3,1.845850350954e+06
1063,1,ROSED_3,2.567380076621e+00
1063,1,BPSED_3,0.000000000000e+00
1063,0,DRAT_IGQL_TN,3.857762592239e+02
1063,0,DRAT_OGQL_TN,3.846017554906e+02
1063,-1,USQUAL_TN,0.000000000000e+00
1063,-2,LUQUAL_TN,3.857762592239e+02
1063,-1,USQUBP_TN,0.000000000000e+00
1063,-2,LUQUBP_TN,0.000000000000e+00
1063,-5,IRWDQUAL_TN,0.000000000000e+00
1063,-7,INFILTQUAL_TN,0.000000000000e+00
1063,-8,INFILTQUALTARGET_TN,0.000000000000e+00
1063,0,ADTOT_TN,0.000000000000e+00
1063,0,IQUAL_TN,3.857762592239e+02
1063,0,ADQAL_TN,0.000000000000e+00
1063,0,DSQAL_TN,0.000000000000e+00
1063,0,DEPQAL_TN,0.000000000000e+00
1063,0,SCRQAL_TN,0.000000000000e+00
1063,1,QUAL_TN,3.846017554906e+02
1063,1,QUBP_TN,0.000000000000e+00
1063,0,DRAT_IGQL_TP,7.191620497244e+01
1063,0,DRAT_OGQL_TP,7.172286398916e+01
1063,-1,USQUAL_TP,0.000000000000e+00
1063,-2,LUQUAL_TP,7.191620497244e+01
1063,-1,USQUBP_TP,0.000000000000e+00
1063,-2,LUQUBP_TP,0.000000000000e+00
1063,-5,IRWDQUAL_TP,0.000000000000e+00
1063,-7,INFILTQUAL_TP,0.000000000000e+00
1063,-8,INFILTQUALTARGET_TP,0.000000000000e+00
1063,0,ADTOT_TP,0.000000000000e+00
1063,0,IQUAL_TP,7.191620497244e+01
1063,0,ADQAL_TP,0.000000000000e+00
1063,0,DSQAL_TP,0.000000000000e+00
1063,0,DEPQAL_TP,0.000000000000e+00
1063,0,SCRQAL_TP,0.000000000000e+00
1063,1,QUAL_TP,7.172286398916e+01
1063,1,QUBP_TP,0.000000000000e+00
1063,0,DRAT_IGQL_TCd,1.526364373090e-01
1063,0,DRAT_OGQL_TCd,1.522166222954e-01
1063,-1,USQUAL_TCd,0.000000000000e+00
1063,-2,LUQUAL_TCd,1.526364373090e-01
1063,-1,USQUBP_TCd,0.000000000000e+00
1063,-2,LUQUBP_TCd,0.000000000000e+00
1063,-5,IRWDQUAL_TCd,0.000000000000e+00
1063,-7,INFILTQUAL_TCd,0.000000000000e+00
1063,-8,INFILTQUALTARGET_TCd,0.000000000000e+00
1063,0,ADTOT_TCd,0.000000000000e+00
1063,0,IQUAL_TCd,1.526364373090e-01
1063,0,ADQAL_TCd,0.000000000000e+00
1063,0,DSQAL_TCd,0.000000000000e+00
1063,0,DEPQAL_TCd,0.000000000000e+00
1063,0,SCRQAL_TCd,0.000000000000e+00
1063,1,QUAL_TCd,1.522166222954e-01
1063,1,QUBP_TCd,0.000000000000e+00
1063,0,DRAT_IGQL_TCu,1.530582241105e+01
1063,0,DRAT_OGQL_TCu,1.526379253377e+01
1063,-1,USQUAL_TCu,0.000000000000e+00
1063,-2,LUQUAL_TCu,1.530582241105e+01
1063,-1,USQUBP_TCu,0.000000000000e+00
1063,-2,LUQUBP_TCu,0.000000000000e+00
1063,-5,IRWDQUAL_TCu,0.000000000000e+00
1063,-7,INFILTQUAL_TCu,0.000000000000e+00
1063,-8,INFILTQUALTARGET_TCu,0.000000000000e+00
1063,0,ADTOT_TCu,0.000000000000e+00
1063,0,IQUAL_TCu,1.530582241105e+01
1063,0,ADQAL_TCu,0.000000000000e+00
1063,0,DSQAL_TCu,0.000000000000e+00
1063,0,DEPQAL_TCu,0.000000000000e+00
1063,0,SCRQAL_TCu,0.000000000000e+00
1063,1,QUAL_TCu,1.526379253377e+01
1063,1,QUBP_TCu,0.000000000000e+00
1063,0,DRAT_IGQL_TPb,1.207271731224e+01
1063,0,DRAT_OGQL_TPb,1.204167892224e+01
1063,-1,USQUAL_TPb,0.000000000000e+00
1063,-2,LUQUAL_TPb,1.207271731224e+01
1063,-1,USQUBP_TPb,0.000000000000e+00
1063,-2,LUQUBP_TPb,0.000000000000e+00
1063,-5,IRWDQUAL_TPb,0.000000000000e+00
1063,-7,INFILTQUAL_TPb,0.000000000000e+00
1063,-8,INFILTQUALTARGET_TPb,0.000000000000e+00
1063,0,ADTOT_TPb,0.000000000000e+00
1063,0,IQUAL_TPb,1.207271731224e+01
1063,0,ADQAL_TPb,0.000000000000e+00
1063,0,DSQAL_TPb,0.000000000000e+00
1063,0,DEPQAL_TPb,0.000000000000e+00
1063,0,SCRQAL_TPb,0.000000000000e+00
1063,1,QUAL_TPb,1.204167892224e+01
1063,1,QUBP_TPb,0.000000000000e+00
1063,0,DRAT_IGQL_TZn,6.536877441856e+01
1063,0,DRAT_OGQL_TZn,6.519034501242e+01
1063,-1,USQUAL_TZn,0.000000000000e+00
1063,-2,LUQUAL_TZn,6.536877441856e+01
1063,-1,USQUBP_TZn,0.000000000000e+00
1063,-2,LUQUBP_TZn,0.000000000000e+00
1063,-5,IRWDQUAL_TZn,0.000000000000e+00
1063,-7,INFILTQUAL_TZn,0.000000000000e+00
1063,-8,INFILTQUALTARGET_TZn,0.000000000000e+00
1063,0,ADTOT_TZn,0.000000000000e+00
1063,0,IQUAL_TZn,6.536877441856e+01
1063,0,ADQAL_TZn,0.000000000000e+00
1063,0,DSQAL_TZn,0.000000000000e+00
1063,0,DEPQAL_TZn,0.000000000000e+00
1063,0,SCRQAL_TZn,0.000000000000e+00
1063,1,QUAL_TZn,6.519034501242e+01
1063,1,QUBP_TZn,0.000000000000e+00
1064,0,DRAT_IVOL,2.836587534704e+06
1064,0,DRAT_OVOL,2.836587534704e+06
1064,-1,USLINK,0.000000000000e+00
1064,-1,PCP,0.000000000000e+00
1064,-1,EVAP,0.000000000000e+00
1064,-1,INFILT,0.000000000000e+00
1064,-1,USIF,0.000000000000e+00
1064,-2,LUIF,2.836587534704e+06
1064,-1,USBP,0.000000000000e+00
1064,-2,LUBP,0.000000000000e+00
1064,-5,IRWD,0.000000000000e+00
1064,0,IVOL,2.836587534704e+06
1064,1,RO,2.836587534704e+06
1064,1,BP,0.000000000000e+00
1064,0,DRAT_ISED_1,1.159068140018e+00
1064,0,DRAT_OSED_1,1.159068140018e+00
1064,-1,USSED_1,0.000000000000e+00
1064,-2,LUSED_1,1.159068140018e+00
1064,-1,USSBP_1,0.000000000000e+00
1064,-2,LUSBP_1,0.000000000000e+00
1064,-5,IRWDSED_1,0.000000000000e+00
1064,0,ISED_1,1.159068140018e+00
1064,0,DEPSCR_1,0.000000000000e+00
1064,0,DEPMASS_1,0.000000000000e+00
1064,0,SCRMASS_1,0.000000000000e+00
1064,0,BEDSED_1,0.000000000000e+00
1064,1,ROSED_1,1.159068140018e+00
1064,1,BPSED_1,0.000000000000e+00
1064,0,DRAT_ISED_2,5.279766142965e+00
1064,0,DRAT_OSED_2,5.279766142965e+00
1064,-1,USSED_2,0.000000000000e+00
1064,-2,LUSED_2,5.279766142965e+00
1064,-1,USSBP_2,0.000000000000e+00
1064,-2,LUSBP_2,0.000000000000e+00
1064,-5,IRWDSED_2,0.000000000000e+00
1064,0,ISED_2,5.279766142965e+00
1064,0,DEPSCR_2,0.000000000000e+00
1064,0,DEPMASS_2,0.000000000000e+00
1064,0,SCRMASS_2,0.000000000000e+00
1064,0,BEDSED_2,0.000000000000e+00
1064,1,ROSED_2,5.279766142965e+00
1064,1,BPSED_2,0.000000000000e+00
1064,0,DRAT_ISED_3,1.657526619843e+00
1064,0,DRAT_OSED_3,1.657526619843e+00
1064,-1,USSED_3,0.000000000000e+00
1064,-2,LUSED_3,1.657526619843e+00
1064,-1,USSBP_3,0.000000000000e+00
1064,-2,LUSBP_3,0.000000000000e+00
1064,-5,IRWDSED_3,0.000000000000e+00
1064,0,ISED_3,1.657526619843e+00
1064,0,DEPSCR_3,0.000000000000e+00
1064,0,DEPMASS_3,0.000000000000e+00
1064,0,SCRMASS_3,0.000000000000e+00
1064,0,BEDSED_3,0.000000000000e+00
1064,1,ROSED_3,1.657526619843e+00
1064,1,BPSED_3,0.000000000000e+00
1064,0,DRAT_IGQL_TN,2.744964696212e+02
1064,0,DRAT_OGQL_TN,2.744964696212e+02
1064,-1,USQUAL_TN,0.000000000000e+00
1064,-2,LUQUAL_TN,2.744964696212e+02
1064,-1,USQUBP_TN,0.000000000000e+00
1064,-2,LUQUBP_TN,0.000000000000e+00
1064,-5,IRWDQUAL_TN,0.000000000000e+00
1064,-7,INFILTQUAL_TN,0.000000000000e+00
1064,-8,INFILTQUALTARGET_TN,0.000000000000e+00
1064,0,ADTOT_TN,0.000000000000e+00
1064,0,IQUAL_TN,2.744964696212e+02
1064,0,ADQAL_TN,0.000000000000e+00
1064,0,DSQAL_TN,0.000000000000e+00
1064,0,DEPQAL_TN,0.000000000000e+00
1064,0,SCRQAL_TN,0.000000000000e+00
1064,1,QUAL_TN,2.744964696212e+02
1064,1,QUBP_TN,0.000000000000e+00
1064,0,DRAT_IGQL_TP,4.335047783687e+01
1064,0,DRAT_OGQL_TP,4.335047783687e+01
1064,-1,USQUAL_TP,0.000000000000e+00
1064,-2,LUQUAL_TP,4.335047783687e+01
1064,-1,USQUBP_TP,0.000000000000e+00
1064,-2,LUQUBP_TP,0.000000000000e+00
1064,-5,IRWDQUAL_TP,0.000000000000e+00
1064,-7,INFILTQUAL_TP,0.000000000000e+00
1064,-8,INFILTQUALTARGET_TP,0.000000000000e+00
1064,0,ADTOT_TP,0.000000000000e+00
1064,0,IQUAL_TP,4.335047783687e+01
1064,0,ADQAL_TP,0.000000000000e+00
1064,0,DSQAL_TP,0.000000000000e+00
1064,0,DEPQAL_TP,0.000000000000e+00
1064,0,SCRQAL_TP,0.000000000000e+00
1064,1,QUAL_TP,4.335047783687e+01
1064,1,QUBP_TP,0.000000000000e+00
1064,0,DRAT_IGQL_TCd,8.903002650853e-02
1064,0,DRAT_OGQL_TCd,8.903002650853e-02
1064,-1,USQUAL_TCd,0.000000000000e+00
1064,-2,LUQUAL_TCd,8.903002650853e-02
1064,-1,USQUBP_TCd,0.000000000000e+00
1064,-2,LUQUBP_TCd,0.000000000000e+00
1064,-5,IRWDQUAL_TCd,0.000000000000e+00
1064,-7,INFILTQUAL_TCd,0.000000000000e+00
1064,-8,INFILTQUALTARGET_TCd,0.000000000000e+00
1064,0,ADTOT_TCd,0.000000000000e+00
1064,0,IQUAL_TCd,8.903002650853e-02
1064,0,ADQAL_TCd,0.000000000000e+00
1064,0,DSQAL_TCd,0.000000000000e+00
1064,0,DEPQAL_TCd,0.000000000000e+00
1064,0,SCRQAL_TCd,0.000000000000e+00
1064,1,QUAL_TCd,8.903002650853e-02
1064,1,QUBP_TCd,0.000000000000e+00
1064,0,DRAT_IGQL_TCu,8.932099258141e+00
1064,0,DRAT_OGQL_TCu,8.932099258141e+00
1064,-1,USQUAL_TCu,0.000000000000e+00
1064,-2,LUQUAL_TCu,8.932099258141e+00
1064,-1,USQUBP_TCu,0.000000000000e+00
1064,-2,LUQUBP_TCu,0.000000000000e+00
1064,-5,IRWDQUAL_TCu,0.000000000000e+00
1064,-7,INFILTQUAL_TCu,0.000000000000e+00
1064,-8,INFILTQUALTARGET_TCu,0.000000000000e+00
1064,0,ADTOT_TCu,0.000000000000e+00
1064,0,IQUAL_TCu,8.932099258141e+00
1064,0,ADQAL_TCu,0.000000000000e+00
1064,0,DSQAL_TCu,0.000000000000e+00
1064,0,DEPQAL_TCu,0.000000000000e+00
1064,0,SCRQAL_TCu,0.000000000000e+00
1064,1,QUAL_TCu,8.932099258141e+00
1064,1,QUBP_TCu,0.000000000000e+00
1064,0,DRAT_IGQL_TPb,7.134973412895e+00
1064,0,DRAT_OGQL_TPb,7.134973412895e+00
1064,-1,USQUAL_TPb,0.000000000000e+00
1064,-2,LUQUAL_TPb,7.134973412895e+00
1064,-1,USQUBP_TPb,0.000000000000e+00
1064,-2,LUQUBP_TPb,0.000000000000e+00
1064,-5,IRWDQUAL_TPb,0.000000000000e+00
1064,-7,INFILTQUAL_TPb,0.000000000000e+00
1064,-8,INFILTQUALTARGET_TPb,0.000000000000e+00
1064,0,ADTOT_TPb,0.000000000000e+00
1064,0,IQUAL_TPb,7.134973412895e+00
1064,0,ADQAL_TPb,0.000000000000e+00
1064,0,DSQAL_TPb,0.000000000000e+00
1064,0,DEPQAL_TPb,0.000000000000e+00
1064,0,SCRQAL_TPb,0.000000000000e+00
1064,1,QUAL_TPb,7.134973412895e+00
1064,1,QUBP_TPb,0.000000000000e+00
1064,0,DRAT_IGQL_TZn,3.939547699405e+01
1064,0,DRAT_OGQL_TZn,3.939547699405e+01
1064,-1,USQUAL_TZn,0.000000000000e+00
1064,-2,LUQUAL_TZn,3.939547699405e+01
1064,-1,USQUBP_TZn,0.000000000000e+00
1064,-2,LUQUBP_TZn,0.000000000000e+00
1064,-5,IRWDQUAL_TZn,0.000000000000e+00
1064,-7,INFILTQUAL_TZn,0.000000000000e+00
1064,-8,INFILTQUALTARGET_TZn,0.000000000000e+00
1064,0,ADTOT_TZn,0.000000000000e+00
1064,0,IQUAL_TZn,3.939547699405e+01
1064,0,ADQAL_TZn,0.000000000000e+00
1064,0,DSQAL_TZn,0.000000000000e+00
1064,0,DEPQAL_TZn,0.000000000000e+00
1064,0,SCRQAL_TZn,0.000000000000e+00
1064,1,QUAL_TZn,3.939547699405e+01
1064,1,QUBP_TZn,0.000000000000e+00
1065,0,DRAT_IVOL,1.688274440527e+06
1065,0,DRAT_OVOL,1.688274440527e+06
1065,-1,USLINK,0.000000000000e+00
1065,-1,PCP,0.000000000000e+00
1065,-1,EVAP,0.000000000000e+00
1065,-1,INFILT,0.000000000000e+00
1065,-1,USIF,0.000000000000e+00
1065,-2,LUIF,1.688274440527e+06
1065,-1,USBP,0.000000000000e+00
1065,-2,LUBP,0.000000000000e+00
1065,-5,IRWD,0.000000000000e+00
1065,0,IVOL,1.688274440527e+06
1065,1,RO,1.688274440527e+06
1065,1,BP,0.000000000000e+00
1065,0,DRAT_ISED_1,6.709450021318e-01
1065,0,DRAT_OSED_1,6.709450021318e-01
1065,-1,USSED_1,0.000000000000e+00
1065,-2,LUSED_1,6.709450021318e-01
1065,-1,USSBP_1,0.000000000000e+00
1065,-2,LUSBP_1,0.000000000000e+00
1065,-5,IRWDSED_1,0.000000000000e+00
1065,0,ISED_1,6.709450021318e-01
1065,0,DEPSCR_1,0.000000000000e+00
1065,0,DEPMASS_1,0.000000000000e+00
1065,0,SCRMASS_1,0.000000000000e+00
1065,0,BEDSED_1,0.000000000000e+00
1065,1,ROSED_1,6.709450021318e-01
1065,1,BPSED_1,0.000000000000e+00
1065,0,DRAT_ISED_2,4.329919553853e+00
1065,0,DRAT_OSED_2,4.329919553853e+00
1065,-1,USSED_2,0.000000000000e+00
1065,-2,LUSED_2,4.329919553853e+00
1065,-1,USSBP_2,0.000000000000e+00
1065,-2,LUSBP_2,0.000000000000e+00
1065,-5,IRWDSED_2,0.000000000000e+00
1065,0,ISED_2,4.329919553853e+00
1065,0,DEPSCR_2,0.000000000000e+00
1065,0,DEPMASS_2,0.000000000000e+00
1065,0,SCRMASS_2,0.000000000000e+00
1065,0,BEDSED_2,0.000000000000e+00
1065,1,ROSED_2,4.329919553853e+00
1065,1,BPSED_2,0.000000000000e+00
1065,0,DRAT_ISED_3,1.262099945323e+00
1065,0,DRAT_OSED_3,1.262099945323e+00
1065,-1,USSED_3,0.000000000000e+00
1065,-2,LUSED_3,1.262099945323e+00
1065,-1,USSBP_3,0.000000000000e+00
1065,-2,LUSBP_3,0.000000000000e+00
1065,-5,IRWDSED_3,0.000000000000e+00
1065,0,ISED_3,1.262099945323e+00
1065,0,DEPSCR_3,0.000000000000e+00
1065,0,DEPMASS_3,0.000000000000e+00
1065,0,SCRMASS_3,0.000000000000e+00
1065,0,BEDSED_3,0.000000000000e+00
1065,1,ROSED_3,1.262099945323e+00
1065,1,BPSED_3,0.000000000000e+00
1065,0,DRAT_IGQL_TN,2.145407029713e+02
1065,0,DRAT_OGQL_TN,2.145407029713e+02
1065,-1,USQUAL_TN,0.000000000000e+00
1065,-2,LUQUAL_TN,2.145407029713e+02
1065,-1,USQUBP_TN,0.000000000000e+00
1065,-2,LUQUBP_TN,0.000000000000e+00
1065,-5,IRWDQUAL_TN,0.000000000000e+00
1065,-7,INFILTQUAL_TN,0.000000000000e+00
1065,-8,INFILTQUALTARGET_TN,0.000000000000e+00
1065,0,ADTOT_TN,0.000000000000e+00
1065,0,IQUAL_TN,2.145407029713e+02
1065,0,ADQAL_TN,0.000000000000e+00
1065,0,DSQAL_TN,0.000000000000e+00
1065,0,DEPQAL_TN,0.000000000000e+00
1065,0,SCRQAL_TN,0.000000000000e+00
1065,1,QUAL_TN,2.145407029713e+02
1065,1,QUBP_TN,0.000000000000e+00
1065,0,DRAT_IGQL_TP,3.745737232715e+01
1065,0,DRAT_OGQL_TP,3.745737232715e+01
1065,-1,USQUAL_TP,0.000000000000e+00
1065,-2,LUQUAL_TP,3.745737232715e+01
1065,-1,USQUBP_TP,0.000000000000e+00
1065,-2,LUQUBP_TP,0.000000000000e+00
1065,-5,IRWDQUAL_TP,0.000000000000e+00
1065,-7,INFILTQUAL_TP,0.000000000000e+00
1065,-8,INFILTQUALTARGET_TP,0.000000000000e+00
1065,0,ADTOT_TP,0.000000000000e+00
1065,0,IQUAL_TP,3.745737232715e+01
1065,0,ADQAL_TP,0.000000000000e+00
1065,0,DSQAL_TP,0.000000000000e+00
1065,0,DEPQAL_TP,0.000000000000e+00
1065,0,SCRQAL_TP,0.000000000000e+00
1065,1,QUAL_TP,3.745737232715e+01
1065,1,QUBP_TP,0.000000000000e+00
1065,0,DRAT_IGQL_TCd,9.422190733957e-02
1065,0,DRAT_OGQL_TCd,9.422190733957e-02
1065,-1,USQUAL_TCd,0.000000000000e+00
1065,-2,LUQUAL_TCd,9.422190733957e-02
1065,-1,USQUBP_TCd,0.000000000000e+00
1065,-2,LUQUBP_TCd,0.000000000000e+00
1065,-5,IRWDQUAL_TCd,0.000000000000e+00
1065,-7,INFILTQUAL_TCd,0.000000000000e+00
1065,-8,INFILTQUALTARGET_TCd,0.000000000000e+00
1065,0,ADTOT_TCd,0.000000000000e+00
1065,0,IQUAL_TCd,9.422190733957e-02
1065,0,ADQAL_TCd,0.000000000000e+00
1065,0,DSQAL_TCd,0.000000000000e+00
1065,0,DEPQAL_TCd,0.000000000000e+00
1065,0,SCRQAL_TCd,0.000000000000e+00
1065,1,QUAL_TCd,9.422190733957e-02
1065,1,QUBP_TCd,0.000000000000e+00
1065,0,DRAT_IGQL_TCu,9.433831892811e+00
1065,0,DRAT_OGQL_TCu,9.433831892811e+00
1065,-1,USQUAL_TCu,0.000000000000e+00
1065,-2,LUQUAL_TCu,9.433831892811e+00
1065,-1,USQUBP_TCu,0.000000000000e+00
1065,-2,LUQUBP_TCu,0.000000000000e+00
1065,-5,IRWDQUAL_TCu,0.000000000000e+00
1065,-7,INFILTQUAL_TCu,0.000000000000e+00
1065,-8,INFILTQUALTARGET_TCu,0.000000000000e+00
1065,0,ADTOT_TCu,0.000000000000e+00
1065,0,IQUAL_TCu,9.433831892811e+00
1065,0,ADQAL_TCu,0.000000000000e+00
1065,0,DSQAL_TCu,0.000000000000e+00
1065,0,DEPQAL_TCu,0.000000000000e+00
1065,0,SCRQAL_TCu,0.000000000000e+00
1065,1,QUAL_TCu,9.433831892811e+00
1065,1,QUBP_TCu,0.000000000000e+00
1065,0,DRAT_IGQL_TPb,5.257583244227e+00
1065,0,DRAT_OGQL_TPb,5.257583244227e+00
1065,-1,USQUAL_TPb,0.000000000000e+00
1065,-2,LUQUAL_TPb,5.257583244227e+00
1065,-1,USQUBP_TPb,0.000000000000e+00
1065,-2,LUQUBP_TPb,0.000000000000e+00
1065,-5,IRWDQUAL_TPb,0.000000000000e+00
1065,-7,INFILTQUAL_TPb,0.000000000000e+00
1065,-8,INFILTQUALTARGET_TPb,0.000000000000e+00
1065,0,ADTOT_TPb,0.000000000000e+00
1065,0,IQUAL_TPb,5.257583244227e+00
1065,0,ADQAL_TPb,0.000000000000e+00
1065,0,DSQAL_TPb,0.000000000000e+00
1065,0,DEPQAL_TPb,0.000000000000e+00
1065,0,SCRQAL_TPb,0.000000000000e+00
1065,1,QUAL_TPb,5.257583244227e+00
1065,1,QUBP_TPb,0.000000000000e+00
1065,0,DRAT_IGQL_TZn,4.080748335862e+01
1065,0,DRAT_OGQL_TZn,4.080748335862e+01
1065,-1,USQUAL_TZn,0.000000000000e+00
1065,-2,LUQUAL_TZn,4.080748335862e+01
1065,-1,USQUBP_TZn,0.000000000000e+00
1065,-2,LUQUBP_TZn,0.000000000000e+00
1065,-5,IRWDQUAL_TZn,0.000000000000e+00
1065,-7,INFILTQUAL_TZn,0.000000000000e+00
1065,-8,INFILTQUALTARGET_TZn,0.000000000000e+00
1065,0,ADTOT_TZn,0.000000000000e+00
1065,0,IQUAL_TZn,4.080748335862e+01
1065,0,ADQAL_TZn,0.000000000000e+00
1065,0,DSQAL_TZn,0.000000000000e+00
1065,0,DEPQAL_TZn,0.000000000000e+00
1065,0,SCRQAL_TZn,0.000000000000e+00
1065,1,QUAL_TZn,4.080748335862e+01
1065,1,QUBP_TZn,0.000000000000e+00
1066,0,DRAT_IVOL,4.690544645773e+05
1066,0,DRAT_OVOL,4.690544645773e+05
1066,-1,USLINK,0.000000000000e+00
1066,-1,PCP,0.000000000000e+00
1066,-1,EVAP,0.000000000000e+00
1066,-1,INFILT,0.000000000000e+00
1066,-1,USIF,0.000000000000e+00
1066,-2,LUIF,4.690544645773e+05
1066,-1,USBP,0.000000000000e+00
1066,-2,LUBP,0.000000000000e+00
1066,-5,IRWD,0.000000000000e+00
1066,0,IVOL,4.690544645773e+05
1066,1,RO,4.690544645773e+05
1066,1,BP,0.000000000000e+00
1066,0,DRAT_ISED_1,2.365950741233e-01
1066,0,DRAT_OSED_1,2.365950741233e-01
1066,-1,USSED_1,0.000000000000e+00
1066,-2,LUSED_1,2.365950741233e-01
1066,-1,USSBP_1,0.000000000000e+00
1066,-2,LUSBP_1,0.000000000000e+00
1066,-5,IRWDSED_1,0.000000000000e+00
1066,0,ISED_1,2.365950741233e-01
1066,0,DEPSCR_1,0.000000000000e+00
1066,0,DEPMASS_1,0.000000000000e+00
1066,0,SCRMASS_1,0.000000000000e+00
1066,0,BEDSED_1,0.000000000000e+00
1066,1,ROSED_1,2.365950741233e-01
1066,1,BPSED_1,0.000000000000e+00
1066,0,DRAT_ISED_2,1.546545528514e+00
1066,0,DRAT_OSED_2,1.546545528514e+00
1066,-1,USSED_2,0.000000000000e+00
1066,-2,LUSED_2,1.546545528514e+00
1066,-1,USSBP_2,0.000000000000e+00
1066,-2,LUSBP_2,0.000000000000e+00
1066,-5,IRWDSED_2,0.000000000000e+00
1066,0,ISED_2,1.546545528514e+00
1066,0,DEPSCR_2,0.000000000000e+00
1066,0,DEPMASS_2,0.000000000000e+00
1066,0,SCRMASS_2,0.000000000000e+00
1066,0,BEDSED_2,0.000000000000e+00
1066,1,ROSED_2,1.546545528514e+00
1066,1,BPSED_2,0.000000000000e+00
1066,0,DRAT_ISED_3,4.500385863543e-01
1066,0,DRAT_OSED_3,4.500385863543e-01
1066,-1,USSED_3,0.000000000000e+00
1066,-2,LUSED_3,4.500385863543e-01
1066,-1,USSBP_3,0.000000000000e+00
1066,-2,LUSBP_3,0.000000000000e+00
1066,-5,IRWDSED_3,0.000000000000e+00
1066,0,ISED_3,4.500385863543e-01
1066,0,DEPSCR_3,0.000000000000e+00
1066,0,DEPMASS_3,0.000000000000e+00
1066,0,SCRMASS_3,0.000000000000e+00
1066,0,BEDSED_3,0.000000000000e+00
1066,1,ROSED_3,4.500385863543e-01
1066,1,BPSED_3,0.000000000000e+00
1066,0,DRAT_IGQL_TN,6.664204050750e+01
1066,0,DRAT_OGQL_TN,6.664204050750e+01
1066,-1,USQUAL_TN,0.000000000000e+00
1066,-2,LUQUAL_TN,6.664204050750e+01
1066,-1,USQUBP_TN,0.000000000000e+00
1066,-2,LUQUBP_TN,0.000000000000e+00
1066,-5,IRWDQUAL_TN,0.000000000000e+00
1066,-7,INFILTQUAL_TN,0.000000000000e+00
1066,-8,INFILTQUALTARGET_TN,0.000000000000e+00
1066,0,ADTOT_TN,0.000000000000e+00
1066,0,IQUAL_TN,6.664204050750e+01
1066,0,ADQAL_TN,0.000000000000e+00
1066,0,DSQAL_TN,0.000000000000e+00
1066,0,DEPQAL_TN,0.000000000000e+00
1066,0,SCRQAL_TN,0.000000000000e+00
1066,1,QUAL_TN,6.664204050750e+01
1066,1,QUBP_TN,0.000000000000e+00
1066,0,DRAT_IGQL_TP,1.498029318578e+01
1066,0,DRAT_OGQL_TP,1.498029318578e+01
1066,-1,USQUAL_TP,0.000000000000e+00
1066,-2,LUQUAL_TP,1.498029318578e+01
1066,-1,USQUBP_TP,0.000000000000e+00
1066,-2,LUQUBP_TP,0.000000000000e+00
1066,-5,IRWDQUAL_TP,0.000000000000e+00
1066,-7,INFILTQUAL_TP,0.000000000000e+00
1066,-8,INFILTQUALTARGET_TP,0.000000000000e+00
1066,0,ADTOT_TP,0.000000000000e+00
1066,0,IQUAL_TP,1.498029318578e+01
1066,0,ADQAL_TP,0.000000000000e+00
1066,0,DSQAL_TP,0.000000000000e+00
1066,0,DEPQAL_TP,0.000000000000e+00
1066,0,SCRQAL_TP,0.000000000000e+00
1066,1,QUAL_TP,1.498029318578e+01
1066,1,QUBP_TP,0.000000000000e+00
1066,0,DRAT_IGQL_TCd,4.552097735047e-02
1066,0,DRAT_OGQL_TCd,4.552097735047e-02
1066,-1,USQUAL_TCd,0.000000000000e+00
1066,-2,LUQUAL_TCd,4.552097735047e-02
1066,-1,USQUBP_TCd,0.000000000000e+00
1066,-2,LUQUBP_TCd,0.000000000000e+00
1066,-5,IRWDQUAL_TCd,0.000000000000e+00
1066,-7,INFILTQUAL_TCd,0.000000000000e+00
1066,-8,INFILTQUALTARGET_TCd,0.000000000000e+00
1066,0,ADTOT_TCd,0.000000000000e+00
1066,0,IQUAL_TCd,4.552097735047e-02
1066,0,ADQAL_TCd,0.000000000000e+00
1066,0,DSQAL_TCd,0.000000000000e+00
1066,0,DEPQAL_TCd,0.000000000000e+00
1066,0,SCRQAL_TCd,0.000000000000e+00
1066,1,QUAL_TCd,4.552097735047e-02
1066,1,QUBP_TCd,0.000000000000e+00
1066,0,DRAT_IGQL_TCu,4.555302985142e+00
1066,0,DRAT_OGQL_TCu,4.555302985142e+00
1066,-1,USQUAL_TCu,0.000000000000e+00
1066,-2,LUQUAL_TCu,4.555302985142e+00
1066,-1,USQUBP_TCu,0.000000000000e+00
1066,-2,LUQUBP_TCu,0.000000000000e+00
1066,-5,IRWDQUAL_TCu,0.000000000000e+00
1066,-7,INFILTQUAL_TCu,0.000000000000e+00
1066,-8,INFILTQUALTARGET_TCu,0.000000000000e+00
1066,0,ADTOT_TCu,0.000000000000e+00
1066,0,IQUAL_TCu,4.555302985142e+00
1066,0,ADQAL_TCu,0.000000000000e+00
1066,0,DSQAL_TCu,0.000000000000e+00
1066,0,DEPQAL_TCu,0.000000000000e+00
1066,0,SCRQAL_TCu,0.000000000000e+00
1066,1,QUAL_TCu,4.555302985142e+00
1066,1,QUBP_TCu,0.000000000000e+00
1066,0,DRAT_IGQL_TPb,2.141513820395e+00
1066,0,DRAT_OGQL_TPb,2.141513820395e+00
1066,-1,USQUAL_TPb,0.000000000000e+00
1066,-2,LUQUAL_TPb,2.141513820395e+00
1066,-1,USQUBP_TPb,0.000000000000e+00
1066,-2,LUQUBP_TPb,0.000000000000e+00
1066,-5,IRWDQUAL_TPb,0.000000000000e+00
1066,-7,INFILTQUAL_TPb,0.000000000000e+00
1066,-8,INFILTQUALTARGET_TPb,0.000000000000e+00
1066,0,ADTOT_TPb,0.000000000000e+00
1066,0,IQUAL_TPb,2.141513820395e+00
1066,0,ADQAL_TPb,0.000000000000e+00
1066,0,DSQAL_TPb,0.000000000000e+00
1066,0,DEPQAL_TPb,0.000000000000e+00
1066,0,SCRQAL_TPb,0.000000000000e+00
1066,1,QUAL_TPb,2.141513820395e+00
1066,1,QUBP_TPb,0.000000000000e+00
1066,0,DRAT_IGQL_TZn,2.119616899190e+01
1066,0,DRAT_OGQL_TZn,2.119616899190e+01
1066,-1,USQUAL_TZn,0.000000000000e+00
1066,-2,LUQUAL_TZn,2.119616899190e+01
1066,-1,USQUBP_TZn,0.000000000000e+00
1066,-2,LUQUBP_TZn,0.000000000000e+00
1066,-5,IRWDQUAL_TZn,0.000000000000e+00
1066,-7,INFILTQUAL_TZn,0.000000000000e+00
1066,-8,INFILTQUALTARGET_TZn,0.000000000000e+00
1066,0,ADTOT_TZn,0.000000000000e+00
1066,0,IQUAL_TZn,2.119616899190e+01
1066,0,ADQAL_TZn,0.000000000000e+00
1066,0,DSQAL_TZn,0.000000000000e+00
1066,0,DEPQAL_TZn,0.000000000000e+00
1066,0,SCRQAL_TZn,0.000000000000e+00
1066,1,QUAL_TZn,2.119616899190e+01
1066,1,QUBP_TZn,0.000000000000e+00
1067,0,DRAT_IVOL,2.952459147677e+07
1067,0,DRAT_OVOL,2.952459147677e+07
1067,-1,USLINK,0.000000000000e+00
1067,-1,PCP,0.000000000000e+00
1067,-1,EVAP,0.000000000000e+00
1067,-1,INFILT,0.000000000000e+00
1067,-1,USIF,0.000000000000e+00
1067,-2,LUIF,2.952459147677e+07
1067,-1,USBP,0.000000000000e+00
1067,-2,LUBP,0.000000000000e+00
1067,-5,IRWD,0.000000000000e+00
1067,0,IVOL,2.952459147677e+07
1067,1,RO,2.952459147677e+07
1067,1,BP,0.000000000000e+00
1067,0,DRAT_ISED_1,1.414824058845e+01
1067,0,DRAT_OSED_1,1.414824058845e+01
1067,-1,USSED_1,0.000000000000e+00
1067,-2,LUSED_1,1.414824058845e+01
1067,-1,USSBP_1,0.000000000000e+00
1067,-2,LUSBP_1,0.000000000000e+00
1067,-5,IRWDSED_1,0.000000000000e+00
1067,0,ISED_1,1.414824058845e+01
1067,0,DEPSCR_1,0.000000000000e+00
1067,0,DEPMASS_1,0.000000000000e+00
1067,0,SCRMASS_1,0.000000000000e+00
1067,0,BEDSED_1,0.000000000000e+00
1067,1,ROSED_1,1.414824058845e+01
1067,1,BPSED_1,0.000000000000e+00
1067,0,DRAT_ISED_2,6.848775834964e+01
1067,0,DRAT_OSED_2,6.848775834964e+01
1067,-1,USSED_2,0.000000000000e+00
1067,-2,LUSED_2,6.848775834964e+01
1067,-1,USSBP_2,0.000000000000e+00
1067,-2,LUSBP_2,0.000000000000e+00
1067,-5,IRWDSED_2,0.000000000000e+00
1067,0,ISED_2,6.848775834964e+01
1067,0,DEPSCR_2,0.000000000000e+00
1067,0,DEPMASS_2,0.000000000000e+00
1067,0,SCRMASS_2,0.000000000000e+00
1067,0,BEDSED_2,0.000000000000e+00
1067,1,ROSED_2,6.848775834964e+01
1067,1,BPSED_2,0.000000000000e+00
1067,0,DRAT_ISED_3,2.094220597693e+01
1067,0,DRAT_OSED_3,2.094220597693e+01
1067,-1,USSED_3,0.000000000000e+00
1067,-2,LUSED_3,2.094220597693e+01
1067,-1,USSBP_3,0.000000000000e+00
1067,-2,LUSBP_3,0.000000000000e+00
1067,-5,IRWDSED_3,0.000000000000e+00
1067,0,ISED_3,2.094220597693e+01
1067,0,DEPSCR_3,0.000000000000e+00
1067,0,DEPMASS_3,0.000000000000e+00
1067,0,SCRMASS_3,0.000000000000e+00
1067,0,BEDSED_3,0.000000000000e+00
1067,1,ROSED_3,2.094220597693e+01
1067,1,BPSED_3,0.000000000000e+00
1067,0,DRAT_IGQL_TN,4.136699448507e+03
1067,0,DRAT_OGQL_TN,4.136699448507e+03
1067,-1,USQUAL_TN,0.000000000000e+00
1067,-2,LUQUAL_TN,4.136699448507e+03
1067,-1,USQUBP_TN,0.000000000000e+00
1067,-2,LUQUBP_TN,0.000000000000e+00
1067,-5,IRWDQUAL_TN,0.000000000000e+00
1067,-7,INFILTQUAL_TN,0.000000000000e+00
1067,-8,INFILTQUALTARGET_TN,0.000000000000e+00
1067,0,ADTOT_TN,0.000000000000e+00
1067,0,IQUAL_TN,4.136699448507e+03
1067,0,ADQAL_TN,0.000000000000e+00
1067,0,DSQAL_TN,0.000000000000e+00
1067,0,DEPQAL_TN,0.000000000000e+00
1067,0,SCRQAL_TN,0.000000000000e+00
1067,1,QUAL_TN,4.136699448507e+03
1067,1,QUBP_TN,0.000000000000e+00
1067,0,DRAT_IGQL_TP,5.910433192304e+02
1067,0,DRAT_OGQL_TP,5.910433192304e+02
1067,-1,USQUAL_TP,0.000000000000e+00
1067,-2,LUQUAL_TP,5.910433192304e+02
1067,-1,USQUBP_TP,0.000000000000e+00
1067,-2,LUQUBP_TP,0.000000000000e+00
1067,-5,IRWDQUAL_TP,0.000000000000e+00
1067,-7,INFILTQUAL_TP,0.000000000000e+00
1067,-8,INFILTQUALTARGET_TP,0.000000000000e+00
1067,0,ADTOT_TP,0.000000000000e+00
1067,0,IQUAL_TP,5.910433192304e+02
1067,0,ADQAL_TP,0.000000000000e+00
1067,0,DSQAL_TP,0.000000000000e+00
1067,0,DEPQAL_TP,0.000000000000e+00
1067,0,SCRQAL_TP,0.000000000000e+00
1067,1,QUAL_TP,5.910433192304e+02
1067,1,QUBP_TP,0.000000000000e+00
1067,0,DRAT_IGQL_TCd,9.629302736548e-01
1067,0,DRAT_OGQL_TCd,9.629302736548e-01
1067,-1,USQUAL_TCd,0.000000000000e+00
1067,-2,LUQUAL_TCd,9.629302736548e-01
1067,-1,USQUBP_TCd,0.000000000000e+00
1067,-2,LUQUBP_TCd,0.000000000000e+00
1067,-5,IRWDQUAL_TCd,0.000000000000e+00
1067,-7,INFILTQUAL_TCd,0.000000000000e+00
1067,-8,INFILTQUALTARGET_TCd,0.000000000000e+00
1067,0,ADTOT_TCd,0.000000000000e+00
1067,0,IQUAL_TCd,9.629302736548e-01
1067,0,ADQAL_TCd,0.000000000000e+00
1067,0,DSQAL_TCd,0.000000000000e+00
1067,0,DEPQAL_TCd,0.000000000000e+00
1067,0,SCRQAL_TCd,0.000000000000e+00
1067,1,QUAL_TCd,9.629302736548e-01
1067,1,QUBP_TCd,0.000000000000e+00
1067,0,DRAT_IGQL_TCu,9.785825349103e+01
1067,0,DRAT_OGQL_TCu,9.785825349103e+01
1067,-1,USQUAL_TCu,0.000000000000e+00
1067,-2,LUQUAL_TCu,9.785825349103e+01
1067,-1,USQUBP_TCu,0.000000000000e+00
1067,-2,LUQUBP_TCu,0.000000000000e+00
1067,-5,IRWDQUAL_TCu,0.000000000000e+00
1067,-7,INFILTQUAL_TCu,0.000000000000e+00
1067,-8,INFILTQUALTARGET_TCu,0.000000000000e+00
1067,0,ADTOT_TCu,0.000000000000e+00
1067,0,IQUAL_TCu,9.785825349103e+01
1067,0,ADQAL_TCu,0.000000000000e+00
1067,0,DSQAL_TCu,0.000000000000e+00
1067,0,DEPQAL_TCu,0.000000000000e+00
1067,0,SCRQAL_TCu,0.000000000000e+00
1067,1,QUAL_TCu,9.785825349103e+01
1067,1,QUBP_TCu,0.000000000000e+00
1067,0,DRAT_IGQL_TPb,7.129105718785e+01
1067,0,DRAT_OGQL_TPb,7.129105718785e+01
1067,-1,USQUAL_TPb,0.000000000000e+00
1067,-2,LUQUAL_TPb,7.129105718785e+01
1067,-1,USQUBP_TPb,0.000000000000e+00
1067,-2,LUQUBP_TPb,0.000000000000e+00
1067,-5,IRWDQUAL_TPb,0.000000000000e+00
1067,-7,INFILTQUAL_TPb,0.000000000000e+00
1067,-8,INFILTQUALTARGET_TPb,0.000000000000e+00
1067,0,ADTOT_TPb,0.000000000000e+00
1067,0,IQUAL_TPb,7.129105718785e+01
1067,0,ADQAL_TPb,0.000000000000e+00
1067,0,DSQAL_TPb,0.000000000000e+00
1067,0,DEPQAL_TPb,0.000000000000e+00
1067,0,SCRQAL_TPb,0.000000000000e+00
1067,1,QUAL_TPb,7.129105718785e+01
1067,1,QUBP_TPb,0.000000000000e+00
1067,0,DRAT_IGQL_TZn,4.208542189251e+02
1067,0,DRAT_OGQL_TZn,4.208542189251e+02
1067,-1,USQUAL_TZn,0.000000000000e+00
1067,-2,LUQUAL_TZn,4.208542189251e+02
1067,-1,USQUBP_TZn,0.000000000000e+00
1067,-2,LUQUBP_TZn,0.000000000000e+00
1067,-5,IRWDQUAL_TZn,0.000000000000e+00
1067,-7,INFILTQUAL_TZn,0.000000000000e+00
1067,-8,INFILTQUALTARGET_TZn,0.000000000000e+00
1067,0,ADTOT_TZn,0.000000000000e+00
1067,0,IQUAL_TZn,4.208542189251e+02
1067,0,ADQAL_TZn,0.000000000000e+00
1067,0,DSQAL_TZn,0.000000000000e+00
1067,0,DEPQAL_TZn,0.000000000000e+00
1067,0,SCRQAL_TZn,0.000000000000e+00
1067,1,QUAL_TZn,4.208542189251e+02
1067,1,QUBP_TZn,0.000000000000e+00
1068,0,DRAT_IVOL,7.945453398568e+05
1068,0,DRAT_OVOL,7.945453398568e+05
1068,-1,USLINK,0.000000000000e+00
1068,-1,PCP,0.000000000000e+00
1068,-1,EVAP,0.000000000000e+00
1068,-1,INFILT,0.000000000000e+00
1068,-1,USIF,0.000000000000e+00
1068,-2,LUIF,7.945453398568e+05
1068,-1,USBP,0.000000000000e+00
1068,-2,LUBP,0.000000000000e+00
1068,-5,IRWD,0.000000000000e+00
1068,0,IVOL,7.945453398568e+05
1068,1,RO,7.945453398568e+05
1068,1,BP,0.000000000000e+00
1068,0,DRAT_ISED_1,3.287392230287e-01
1068,0,DRAT_OSED_1,3.287392230287e-01
1068,-1,USSED_1,0.000000000000e+00
1068,-2,LUSED_1,3.287392230287e-01
1068,-1,USSBP_1,0.000000000000e+00
1068,-2,LUSBP_1,0.000000000000e+00
1068,-5,IRWDSED_1,0.000000000000e+00
1068,0,ISED_1,3.287392230287e-01
1068,0,DEPSCR_1,0.000000000000e+00
1068,0,DEPMASS_1,0.000000000000e+00
1068,0,SCRMASS_1,0.000000000000e+00
1068,0,BEDSED_1,0.000000000000e+00
1068,1,ROSED_1,3.287392230287e-01
1068,1,BPSED_1,0.000000000000e+00
1068,0,DRAT_ISED_2,1.548807099716e+00
1068,0,DRAT_OSED_2,1.548807099716e+00
1068,-1,USSED_2,0.000000000000e+00
1068,-2,LUSED_2,1.548807099716e+00
1068,-1,USSBP_2,0.000000000000e+00
1068,-2,LUSBP_2,0.000000000000e+00
1068,-5,IRWDSED_2,0.000000000000e+00
1068,0,ISED_2,1.548807099716e+00
1068,0,DEPSCR_2,0.000000000000e+00
1068,0,DEPMASS_2,0.000000000000e+00
1068,0,SCRMASS_2,0.000000000000e+00
1068,0,BEDSED_2,0.000000000000e+00
1068,1,ROSED_2,1.548807099716e+00
1068,1,BPSED_2,0.000000000000e+00
1068,0,DRAT_ISED_3,4.722785190022e-01
1068,0,DRAT_OSED_3,4.722785190022e-01
1068,-1,USSED_3,0.000000000000e+00
1068,-2,LUSED_3,4.722785190022e-01
1068,-1,USSBP_3,0.000000000000e+00
1068,-2,LUSBP_3,0.000000000000e+00
1068,-5,IRWDSED_3,0.000000000000e+00
1068,0,ISED_3,4.722785190022e-01
1068,0,DEPSCR_3,0.000000000000e+00
1068,0,DEPMASS_3,0.000000000000e+00
1068,0,SCRMASS_3,0.000000000000e+00
1068,0,BEDSED_3,0.000000000000e+00
1068,1,ROSED_3,4.722785190022e-01
1068,1,BPSED_3,0.000000000000e+00
1068,0,DRAT_IGQL_TN,1.223029694885e+02
1068,0,DRAT_OGQL_TN,1.223029694885e+02
1068,-1,USQUAL_TN,0.000000000000e+00
1068,-2,LUQUAL_TN,1.223029694885e+02
1068,-1,USQUBP_TN,0.000000000000e+00
1068,-2,LUQUBP_TN,0.000000000000e+00
1068,-5,IRWDQUAL_TN,0.000000000000e+00
1068,-7,INFILTQUAL_TN,0.000000000000e+00
1068,-8,INFILTQUALTARGET_TN,0.000000000000e+00
1068,0,ADTOT_TN,0.000000000000e+00
1068,0,IQUAL_TN,1.223029694885e+02
1068,0,ADQAL_TN,0.000000000000e+00
1068,0,DSQAL_TN,0.000000000000e+00
1068,0,DEPQAL_TN,0.000000000000e+00
1068,0,SCRQAL_TN,0.000000000000e+00
1068,1,QUAL_TN,1.223029694885e+02
1068,1,QUBP_TN,0.000000000000e+00
1068,0,DRAT_IGQL_TP,1.432109825975e+01
1068,0,DRAT_OGQL_TP,1.432109825975e+01
1068,-1,USQUAL_TP,0.000000000000e+00
1068,-2,LUQUAL_TP,1.432109825975e+01
1068,-1,USQUBP_TP,0.000000000000e+00
1068,-2,LUQUBP_TP,0.000000000000e+00
1068,-5,IRWDQUAL_TP,0.000000000000e+00
1068,-7,INFILTQUAL_TP,0.000000000000e+00
1068,-8,INFILTQUALTARGET_TP,0.000000000000e+00
1068,0,ADTOT_TP,0.000000000000e+00
1068,0,IQUAL_TP,1.432109825975e+01
1068,0,ADQAL_TP,0.000000000000e+00
1068,0,DSQAL_TP,0.000000000000e+00
1068,0,DEPQAL_TP,0.000000000000e+00
1068,0,SCRQAL_TP,0.000000000000e+00
1068,1,QUAL_TP,1.432109825975e+01
1068,1,QUBP_TP,0.000000000000e+00
1068,0,DRAT_IGQL_TCd,2.159089090795e-02
1068,0,DRAT_OGQL_TCd,2.159089090795e-02
1068,-1,USQUAL_TCd,0.000000000000e+00
1068,-2,LUQUAL_TCd,2.159089090795e-02
1068,-1,USQUBP_TCd,0.000000000000e+00
1068,-2,LUQUBP_TCd,0.000000000000e+00
1068,-5,IRWDQUAL_TCd,0.000000000000e+00
1068,-7,INFILTQUAL_TCd,0.000000000000e+00
1068,-8,INFILTQUALTARGET_TCd,0.000000000000e+00
1068,0,ADTOT_TCd,0.000000000000e+00
1068,0,IQUAL_TCd,2.159089090795e-02
1068,0,ADQAL_TCd,0.000000000000e+00
1068,0,DSQAL_TCd,0.000000000000e+00
1068,0,DEPQAL_TCd,0.000000000000e+00
1068,0,SCRQAL_TCd,0.000000000000e+00
1068,1,QUAL_TCd,2.159089090795e-02
1068,1,QUBP_TCd,0.000000000000e+00
1068,0,DRAT_IGQL_TCu,2.176795633001e+00
1068,0,DRAT_OGQL_TCu,2.176795633001e+00
1068,-1,USQUAL_TCu,0.000000000000e+00
1068,-2,LUQUAL_TCu,2.176795633001e+00
1068,-1,USQUBP_TCu,0.000000000000e+00
1068,-2,LUQUBP_TCu,0.000000000000e+00
1068,-5,IRWDQUAL_TCu,0.000000000000e+00
1068,-7,INFILTQUAL_TCu,0.000000000000e+00
1068,-8,INFILTQUALTARGET_TCu,0.000000000000e+00
1068,0,ADTOT_TCu,0.000000000000e+00
1068,0,IQUAL_TCu,2.176795633001e+00
1068,0,ADQAL_TCu,0.000000000000e+00
1068,0,DSQAL_TCu,0.000000000000e+00
1068,0,DEPQAL_TCu,0.000000000000e+00
1068,0,SCRQAL_TCu,0.000000000000e+00
1068,1,QUAL_TCu,2.176795633001e+00
1068,1,QUBP_TCu,0.000000000000e+00
1068,0,DRAT_IGQL_TPb,1.842515896417e+00
1068,0,DRAT_OGQL_TPb,1.842515896417e+00
1068,-1,USQUAL_TPb,0.000000000000e+00
1068,-2,LUQUAL_TPb,1.842515896417e+00
1068,-1,USQUBP_TPb,0.000000000000e+00
1068,-2,LUQUBP_TPb,0.000000000000e+00
1068,-5,IRWDQUAL_TPb,0.000000000000e+00
1068,-7,INFILTQUAL_TPb,0.000000000000e+00
1068,-8,INFILTQUALTARGET_TPb,0.000000000000e+00
1068,0,ADTOT_TPb,0.000000000000e+00
1068,0,IQUAL_TPb,1.842515896417e+00
1068,0,ADQAL_TPb,0.000000000000e+00
1068,0,DSQAL_TPb,0.000000000000e+00
1068,0,DEPQAL_TPb,0.000000000000e+00
1068,0,SCRQAL_TPb,0.000000000000e+00
1068,1,QUAL_TPb,1.842515896417e+00
1068,1,QUBP_TPb,0.000000000000e+00
1068,0,DRAT_IGQL_TZn,9.059080063618e+00
1068,0,DRAT_OGQL_TZn,9.059080063618e+00
1068,-1,USQUAL_TZn,0.000000000000e+00
1068,-2,LUQUAL_TZn,9.059080063618e+00
1068,-1,USQUBP_TZn,0.000000000000e+00
1068,-2,LUQUBP_TZn,0.000000000000e+00
1068,-5,IRWDQUAL_TZn,0.000000000000e+00
1068,-7,INFILTQUAL_TZn,0.000000000000e+00
1068,-8,INFILTQUALTARGET_TZn,0.000000000000e+00
1068,0,ADTOT_TZn,0.000000000000e+00
1068,0,IQUAL_TZn,9.059080063618e+00
1068,0,ADQAL_TZn,0.000000000000e+00
1068,0,DSQAL_TZn,0.000000000000e+00
1068,0,DEPQAL_TZn,0.000000000000e+00
1068,0,SCRQAL_TZn,0.000000000000e+00
1068,1,QUAL_TZn,9.059080063618e+00
1068,1,QUBP_TZn,0.000000000000e+00
1069,0,DRAT_IVOL,1.518564553468e+06
1069,0,DRAT_OVOL,1.518564553468e+06
1069,-1,USLINK,0.000000000000e+00
1069,-1,PCP,0.000000000000e+00
1069,-1,EVAP,0.000000000000e+00
1069,-1,INFILT,0.000000000000e+00
1069,-1,USIF,0.000000000000e+00
1069,-2,LUIF,1.518564553468e+06
1069,-1,USBP,0.000000000000e+00
1069,-2,LUBP,0.000000000000e+00
1069,-5,IRWD,0.000000000000e+00
1069,0,IVOL,1.518564553468e+06
1069,1,RO,1.518564553468e+06
1069,1,BP,0.000000000000e+00
1069,0,DRAT_ISED_1,8.819330062164e-01
1069,0,DRAT_OSED_1,8.819330062164e-01
1069,-1,USSED_1,0.000000000000e+00
1069,-2,LUSED_1,8.819330062164e-01
1069,-1,USSBP_1,0.000000000000e+00
1069,-2,LUSBP_1,0.000000000000e+00
1069,-5,IRWDSED_1,0.000000000000e+00
1069,0,ISED_1,8.819330062164e-01
1069,0,DEPSCR_1,0.000000000000e+00
1069,0,DEPMASS_1,0.000000000000e+00
1069,0,SCRMASS_1,0.000000000000e+00
1069,0,BEDSED_1,0.000000000000e+00
1069,1,ROSED_1,8.819330062164e-01
1069,1,BPSED_1,0.000000000000e+00
1069,0,DRAT_ISED_2,2.987333184712e+00
1069,0,DRAT_OSED_2,2.987333184712e+00
1069,-1,USSED_2,0.000000000000e+00
1069,-2,LUSED_2,2.987333184712e+00
1069,-1,USSBP_2,0.000000000000e+00
1069,-2,LUSBP_2,0.000000000000e+00
1069,-5,IRWDSED_2,0.000000000000e+00
1069,0,ISED_2,2.987333184712e+00
1069,0,DEPSCR_2,0.000000000000e+00
1069,0,DEPMASS_2,0.000000000000e+00
1069,0,SCRMASS_2,0.000000000000e+00
1069,0,BEDSED_2,0.000000000000e+00
1069,1,ROSED_2,2.987333184712e+00
1069,1,BPSED_2,0.000000000000e+00
1069,0,DRAT_ISED_3,9.485560275994e-01
1069,0,DRAT_OSED_3,9.485560275994e-01
1069,-1,USSED_3,0.000000000000e+00
1069,-2,LUSED_3,9.485560275994e-01
1069,-1,USSBP_3,0.000000000000e+00
1069,-2,LUSBP_3,0.000000000000e+00
1069,-5,IRWDSED_3,0.000000000000e+00
1069,0,ISED_3,9.485560275994e-01
1069,0,DEPSCR_3,0.000000000000e+00
1069,0,DEPMASS_3,0.000000000000e+00
1069,0,SCRMASS_3,0.000000000000e+00
1069,0,BEDSED_3,0.000000000000e+00
1069,1,ROSED_3,9.485560275994e-01
1069,1,BPSED_3,0.000000000000e+00
1069,0,DRAT_IGQL_TN,2.237650551862e+02
1069,0,DRAT_OGQL_TN,2.237650551862e+02
1069,-1,USQUAL_TN,0.000000000000e+00
1069,-2,LUQUAL_TN,2.237650551862e+02
1069,-1,USQUBP_TN,0.000000000000e+00
1069,-2,LUQUBP_TN,0.000000000000e+00
1069,-5,IRWDQUAL_TN,0.000000000000e+00
1069,-7,INFILTQUAL_TN,0.000000000000e+00
1069,-8,INFILTQUALTARGET_TN,0.000000000000e+00
1069,0,ADTOT_TN,0.000000000000e+00
1069,0,IQUAL_TN,2.237650551862e+02
1069,0,ADQAL_TN,0.000000000000e+00
1069,0,DSQAL_TN,0.000000000000e+00
1069,0,DEPQAL_TN,0.000000000000e+00
1069,0,SCRQAL_TN,0.000000000000e+00
1069,1,QUAL_TN,2.237650551862e+02
1069,1,QUBP_TN,0.000000000000e+00
1069,0,DRAT_IGQL_TP,2.968325018999e+01
1069,0,DRAT_OGQL_TP,2.968325018999e+01
1069,-1,USQUAL_TP,0.000000000000e+00
1069,-2,LUQUAL_TP,2.968325018999e+01
1069,-1,USQUBP_TP,0.000000000000e+00
1069,-2,LUQUBP_TP,0.000000000000e+00
1069,-5,IRWDQUAL_TP,0.000000000000e+00
1069,-7,INFILTQUAL_TP,0.000000000000e+00
1069,-8,INFILTQUALTARGET_TP,0.000000000000e+00
1069,0,ADTOT_TP,0.000000000000e+00
1069,0,IQUAL_TP,2.968325018999e+01
1069,0,ADQAL_TP,0.000000000000e+00
1069,0,DSQAL_TP,0.000000000000e+00
1069,0,DEPQAL_TP,0.000000000000e+00
1069,0,SCRQAL_TP,0.000000000000e+00
1069,1,QUAL_TP,2.968325018999e+01
1069,1,QUBP_TP,0.000000000000e+00
1069,0,DRAT_IGQL_TCd,3.887262901264e-02
1069,0,DRAT_OGQL_TCd,3.887262901264e-02
1069,-1,USQUAL_TCd,0.000000000000e+00
1069,-2,LUQUAL_TCd,3.887262901264e-02
1069,-1,USQUBP_TCd,0.000000000000e+00
1069,-2,LUQUBP_TCd,0.000000000000e+00
1069,-5,IRWDQUAL_TCd,0.000000000000e+00
1069,-7,INFILTQUAL_TCd,0.000000000000e+00
1069,-8,INFILTQUALTARGET_TCd,0.000000000000e+00
1069,0,ADTOT_TCd,0.000000000000e+00
1069,0,IQUAL_TCd,3.887262901264e-02
1069,0,ADQAL_TCd,0.000000000000e+00
1069,0,DSQAL_TCd,0.000000000000e+00
1069,0,DEPQAL_TCd,0.000000000000e+00
1069,0,SCRQAL_TCd,0.000000000000e+00
1069,1,QUAL_TCd,3.887262901264e-02
1069,1,QUBP_TCd,0.000000000000e+00
1069,0,DRAT_IGQL_TCu,4.007627524800e+00
1069,0,DRAT_OGQL_TCu,4.007627524800e+00
1069,-1,USQUAL_TCu,0.000000000000e+00
1069,-2,LUQUAL_TCu,4.007627524800e+00
1069,-1,USQUBP_TCu,0.000000000000e+00
1069,-2,LUQUBP_TCu,0.000000000000e+00
1069,-5,IRWDQUAL_TCu,0.000000000000e+00
1069,-7,INFILTQUAL_TCu,0.000000000000e+00
1069,-8,INFILTQUALTARGET_TCu,0.000000000000e+00
1069,0,ADTOT_TCu,0.000000000000e+00
1069,0,IQUAL_TCu,4.007627524800e+00
1069,0,ADQAL_TCu,0.000000000000e+00
1069,0,DSQAL_TCu,0.000000000000e+00
1069,0,DEPQAL_TCu,0.000000000000e+00
1069,0,SCRQAL_TCu,0.000000000000e+00
1069,1,QUAL_TCu,4.007627524800e+00
1069,1,QUBP_TCu,0.000000000000e+00
1069,0,DRAT_IGQL_TPb,2.915352222401e+00
1069,0,DRAT_OGQL_TPb,2.915352222401e+00
1069,-1,USQUAL_TPb,0.000000000000e+00
1069,-2,LUQUAL_TPb,2.915352222401e+00
1069,-1,USQUBP_TPb,0.000000000000e+00
1069,-2,LUQUBP_TPb,0.000000000000e+00
1069,-5,IRWDQUAL_TPb,0.000000000000e+00
1069,-7,INFILTQUAL_TPb,0.000000000000e+00
1069,-8,INFILTQUALTARGET_TPb,0.000000000000e+00
1069,0,ADTOT_TPb,0.000000000000e+00
1069,0,IQUAL_TPb,2.915352222401e+00
1069,0,ADQAL_TPb,0.000000000000e+00
1069,0,DSQAL_TPb,0.000000000000e+00
1069,0,DEPQAL_TPb,0.000000000000e+00
1069,0,SCRQAL_TPb,0.000000000000e+00
1069,1,QUAL_TPb,2.915352222401e+00
1069,1,QUBP_TPb,0.000000000000e+00
1069,0,DRAT_IGQL_TZn,1.864858748216e+01
1069,0,DRAT_OGQL_TZn,1.864858748216e+01
1069,-1,USQUAL_TZn,0.000000000000e+00
1069,-2,LUQUAL_TZn,1.864858748216e+01
1069,-1,USQUBP_TZn,0.000000000000e+00
1069,-2,LUQUBP_TZn,0.000000000000e+00
1069,-5,IRWDQUAL_TZn,0.000000000000e+00
1069,-7,INFILTQUAL_TZn,0.000000000000e+00
1069,-8,INFILTQUALTARGET_TZn,0.000000000000e+00
1069,0,ADTOT_TZn,0.000000000000e+00
1069,0,IQUAL_TZn,1.864858748216e+01
1069,0,ADQAL_TZn,0.000000000000e+00
1069,0,DSQAL_TZn,0.000000000000e+00
1069,0,DEPQAL_TZn,0.000000000000e+00
1069,0,SCRQAL_TZn,0.000000000000e+00
1069,1,QUAL_TZn,1.864858748216e+01
1069,1,QUBP_TZn,0.000000000000e+00
1072,0,DRAT_IVOL,1.131194452599e+06
1072,0,DRAT_OVOL,1.131194452599e+06
1072,-1,USLINK,0.000000000000e+00
1072,-1,PCP,0.000000000000e+00
1072,-1,EVAP,0.000000000000e+00
1072,-1,INFILT,0.000000000000e+00
1072,-1,USIF,0.000000000000e+00
1072,-2,LUIF,1.131194452599e+06
1072,-1,USBP,0.000000000000e+00
1072,-2,LUBP,0.000000000000e+00
1072,-5,IRWD,0.000000000000e+00
1072,0,IVOL,1.131194452599e+06
1072,1,RO,1.131194452599e+06
1072,1,BP,0.000000000000e+00
1072,0,DRAT_ISED_1,5.256659095091e-01
1072,0,DRAT_OSED_1,5.256659095091e-01
1072,-1,USSED_1,0.000000000000e+00
1072,-2,LUSED_1,5.256659095091e-01
1072,-1,USSBP_1,0.000000000000e+00
1072,-2,LUSBP_1,0.000000000000e+00
1072,-5,IRWDSED_1,0.000000000000e+00
1072,0,ISED_1,5.256659095091e-01
1072,0,DEPSCR_1,0.000000000000e+00
1072,0,DEPMASS_1,0.000000000000e+00
1072,0,SCRMASS_1,0.000000000000e+00
1072,0,BEDSED_1,0.000000000000e+00
1072,1,ROSED_1,5.256659095091e-01
1072,1,BPSED_1,0.000000000000e+00
1072,0,DRAT_ISED_2,3.122721822389e+00
1072,0,DRAT_OSED_2,3.122721822389e+00
1072,-1,USSED_2,0.000000000000e+00
1072,-2,LUSED_2,3.122721822389e+00
1072,-1,USSBP_2,0.000000000000e+00
1072,-2,LUSBP_2,0.000000000000e+00
1072,-5,IRWDSED_2,0.000000000000e+00
1072,0,ISED_2,3.122721822389e+00
1072,0,DEPSCR_2,0.000000000000e+00
1072,0,DEPMASS_2,0.000000000000e+00
1072,0,SCRMASS_2,0.000000000000e+00
1072,0,BEDSED_2,0.000000000000e+00
1072,1,ROSED_2,3.122721822389e+00
1072,1,BPSED_2,0.000000000000e+00
1072,0,DRAT_ISED_3,9.337321241526e-01
1072,0,DRAT_OSED_3,9.337321241526e-01
1072,-1,USSED_3,0.000000000000e+00
1072,-2,LUSED_3,9.337321241526e-01
1072,-1,USSBP_3,0.000000000000e+00
1072,-2,LUSBP_3,0.000000000000e+00
1072,-5,IRWDSED_3,0.000000000000e+00
1072,0,ISED_3,9.337321241526e-01
1072,0,DEPSCR_3,0.000000000000e+00
1072,0,DEPMASS_3,0.000000000000e+00
1072,0,SCRMASS_3,0.000000000000e+00
1072,0,BEDSED_3,0.000000000000e+00
1072,1,ROSED_3,9.337321241526e-01
1072,1,BPSED_3,0.000000000000e+00
1072,0,DRAT_IGQL_TN,1.558400505922e+02
1072,0,DRAT_OGQL_TN,1.558400505922e+02
1072,-1,USQUAL_TN,0.000000000000e+00
1072,-2,LUQUAL_TN,1.558400505922e+02
1072,-1,USQUBP_TN,0.000000000000e+00
1072,-2,LUQUBP_TN,0.000000000000e+00
1072,-5,IRWDQUAL_TN,0.000000000000e+00
1072,-7,INFILTQUAL_TN,0.000000000000e+00
1072,-8,INFILTQUALTARGET_TN,0.000000000000e+00
1072,0,ADTOT_TN,0.000000000000e+00
1072,0,IQUAL_TN,1.558400505922e+02
1072,0,ADQAL_TN,0.000000000000e+00
1072,0,DSQAL_TN,0.000000000000e+00
1072,0,DEPQAL_TN,0.000000000000e+00
1072,0,SCRQAL_TN,0.000000000000e+00
1072,1,QUAL_TN,1.558400505922e+02
1072,1,QUBP_TN,0.000000000000e+00
1072,0,DRAT_IGQL_TP,2.675936942414e+01
1072,0,DRAT_OGQL_TP,2.675936942414e+01
1072,-1,USQUAL_TP,0.000000000000e+00
1072,-2,LUQUAL_TP,2.675936942414e+01
1072,-1,USQUBP_TP,0.000000000000e+00
1072,-2,LUQUBP_TP,0.000000000000e+00
1072,-5,IRWDQUAL_TP,0.000000000000e+00
1072,-7,INFILTQUAL_TP,0.000000000000e+00
1072,-8,INFILTQUALTARGET_TP,0.000000000000e+00
1072,0,ADTOT_TP,0.000000000000e+00
1072,0,IQUAL_TP,2.675936942414e+01
1072,0,ADQAL_TP,0.000000000000e+00
1072,0,DSQAL_TP,0.000000000000e+00
1072,0,DEPQAL_TP,0.000000000000e+00
1072,0,SCRQAL_TP,0.000000000000e+00
1072,1,QUAL_TP,2.675936942414e+01
1072,1,QUBP_TP,0.000000000000e+00
1072,0,DRAT_IGQL_TCd,5.497057519153e-02
1072,0,DRAT_OGQL_TCd,5.497057519153e-02
1072,-1,USQUAL_TCd,0.000000000000e+00
1072,-2,LUQUAL_TCd,5.497057519153e-02
1072,-1,USQUBP_TCd,0.000000000000e+00
1072,-2,LUQUBP_TCd,0.000000000000e+00
1072,-5,IRWDQUAL_TCd,0.000000000000e+00
1072,-7,INFILTQUAL_TCd,0.000000000000e+00
1072,-8,INFILTQUALTARGET_TCd,0.000000000000e+00
1072,0,ADTOT_TCd,0.000000000000e+00
1072,0,IQUAL_TCd,5.497057519153e-02
1072,0,ADQAL_TCd,0.000000000000e+00
1072,0,DSQAL_TCd,0.000000000000e+00
1072,0,DEPQAL_TCd,0.000000000000e+00
1072,0,SCRQAL_TCd,0.000000000000e+00
1072,1,QUAL_TCd,5.497057519153e-02
1072,1,QUBP_TCd,0.000000000000e+00
1072,0,DRAT_IGQL_TCu,5.511790286459e+00
1072,0,DRAT_OGQL_TCu,5.511790286459e+00
1072,-1,USQUAL_TCu,0.000000000000e+00
1072,-2,LUQUAL_TCu,5.511790286459e+00
1072,-1,USQUBP_TCu,0.000000000000e+00
1072,-2,LUQUBP_TCu,0.000000000000e+00
1072,-5,IRWDQUAL_TCu,0.000000000000e+00
1072,-7,INFILTQUAL_TCu,0.000000000000e+00
1072,-8,INFILTQUALTARGET_TCu,0.000000000000e+00
1072,0,ADTOT_TCu,0.000000000000e+00
1072,0,IQUAL_TCu,5.511790286459e+00
1072,0,ADQAL_TCu,0.000000000000e+00
1072,0,DSQAL_TCu,0.000000000000e+00
1072,0,DEPQAL_TCu,0.000000000000e+00
1072,0,SCRQAL_TCu,0.000000000000e+00
1072,1,QUAL_TCu,5.511790286459e+00
1072,1,QUBP_TCu,0.000000000000e+00
1072,0,DRAT_IGQL_TPb,3.865437451628e+00
1072,0,DRAT_OGQL_TPb,3.865437451628e+00
1072,-1,USQUAL_TPb,0.000000000000e+00
1072,-2,LUQUAL_TPb,3.865437451628e+00
1072,-1,USQUBP_TPb,0.000000000000e+00
1072,-2,LUQUBP_TPb,0.000000000000e+00
1072,-5,IRWDQUAL_TPb,0.000000000000e+00
1072,-7,INFILTQUAL_TPb,0.000000000000e+00
1072,-8,INFILTQUALTARGET_TPb,0.000000000000e+00
1072,0,ADTOT_TPb,0.000000000000e+00
1072,0,IQUAL_TPb,3.865437451628e+00
1072,0,ADQAL_TPb,0.000000000000e+00
1072,0,DSQAL_TPb,0.000000000000e+00
1072,0,DEPQAL_TPb,0.000000000000e+00
1072,0,SCRQAL_TPb,0.000000000000e+00
1072,1,QUAL_TPb,3.865437451628e+00
1072,1,QUBP_TPb,0.000000000000e+00
1072,0,DRAT_IGQL_TZn,2.567069687980e+01
1072,0,DRAT_OGQL_TZn,2.567069687980e+01
1072,-1,USQUAL_TZn,0.000000000000e+00
1072,-2,LUQUAL_TZn,2.567069687980e+01
1072,-1,USQUBP_TZn,0.000000000000e+00
1072,-2,LUQUBP_TZn,0.000000000000e+00
1072,-5,IRWDQUAL_TZn,0.000000000000e+00
1072,-7,INFILTQUAL_TZn,0.000000000000e+00
1072,-8,INFILTQUALTARGET_TZn,0.000000000000e+00
1072,0,ADTOT_TZn,0.000000000000e+00
1072,0,IQUAL_TZn,2.567069687980e+01
1072,0,ADQAL_TZn,0.000000000000e+00
1072,0,DSQAL_TZn,0.000000000000e+00
1072,0,DEPQAL_TZn,0.000000000000e+00
1072,0,SCRQAL_TZn,0.000000000000e+00
1072,1,QUAL_TZn,2.567069687980e+01
1072,1,QUBP_TZn,0.000000000000e+00
1074,0,DRAT_IVOL,1.181390243620e+07
1074,0,DRAT_OVOL,1.181390243620e+07
1074,-1,USLINK,0.000000000000e+00
1074,-1,PCP,0.000000000000e+00
1074,-1,EVAP,0.000000000000e+00
1074,-1,INFILT,0.000000000000e+00
1074,-1,USIF,0.000000000000e+00
1074,-2,LUIF,1.181390243620e+07
1074,-1,USBP,0.000000000000e+00
1074,-2,LUBP,0.000000000000e+00
1074,-5,IRWD,0.000000000000e+00
1074,0,IVOL,1.181390243620e+07
1074,1,RO,1.181390243620e+07
1074,1,BP,0.000000000000e+00
1074,0,DRAT_ISED_1,5.121649004714e+00
1074,0,DRAT_OSED_1,5.121649004714e+00
1074,-1,USSED_1,0.000000000000e+00
1074,-2,LUSED_1,5.121649004714e+00
1074,-1,USSBP_1,0.000000000000e+00
1074,-2,LUSBP_1,0.000000000000e+00
1074,-5,IRWDSED_1,0.000000000000e+00
1074,0,ISED_1,5.121649004714e+00
1074,0,DEPSCR_1,0.000000000000e+00
1074,0,DEPMASS_1,0.000000000000e+00
1074,0,SCRMASS_1,0.000000000000e+00
1074,0,BEDSED_1,0.000000000000e+00
1074,1,ROSED_1,5.121649004714e+00
1074,1,BPSED_1,0.000000000000e+00
1074,0,DRAT_ISED_2,3.253499664533e+01
1074,0,DRAT_OSED_2,3.253499664533e+01
1074,-1,USSED_2,0.000000000000e+00
1074,-2,LUSED_2,3.253499664533e+01
1074,-1,USSBP_2,0.000000000000e+00
1074,-2,LUSBP_2,0.000000000000e+00
1074,-5,IRWDSED_2,0.000000000000e+00
1074,0,ISED_2,3.253499664533e+01
1074,0,DEPSCR_2,0.000000000000e+00
1074,0,DEPMASS_2,0.000000000000e+00
1074,0,SCRMASS_2,0.000000000000e+00
1074,0,BEDSED_2,0.000000000000e+00
1074,1,ROSED_2,3.253499664533e+01
1074,1,BPSED_2,0.000000000000e+00
1074,0,DRAT_ISED_3,9.415493089460e+00
1074,0,DRAT_OSED_3,9.415493089460e+00
1074,-1,USSED_3,0.000000000000e+00
1074,-2,LUSED_3,9.415493089460e+00
1074,-1,USSBP_3,0.000000000000e+00
1074,-2,LUSBP_3,0.000000000000e+00
1074,-5,IRWDSED_3,0.000000000000e+00
1074,0,ISED_3,9.415493089460e+00
1074,0,DEPSCR_3,0.000000000000e+00
1074,0,DEPMASS_3,0.000000000000e+00
1074,0,SCRMASS_3,0.000000000000e+00
1074,0,BEDSED_3,0.000000000000e+00
1074,1,ROSED_3,9.415493089460e+00
1074,1,BPSED_3,0.000000000000e+00
1074,0,DRAT_IGQL_TN,1.214045417960e+03
1074,0,DRAT_OGQL_TN,1.214045417960e+03
1074,-1,USQUAL_TN,0.000000000000e+00
1074,-2,LUQUAL_TN,1.214045417960e+03
1074,-1,USQUBP_TN,0.000000000000e+00
1074,-2,LUQUBP_TN,0.000000000000e+00
1074,-5,IRWDQUAL_TN,0.000000000000e+00
1074,-7,INFILTQUAL_TN,0.000000000000e+00
1074,-8,INFILTQUALTARGET_TN,0.000000000000e+00
1074,0,ADTOT_TN,0.000000000000e+00
1074,0,IQUAL_TN,1.214045417960e+03
1074,0,ADQAL_TN,0.000000000000e+00
1074,0,DSQAL_TN,0.000000000000e+00
1074,0,DEPQAL_TN,0.000000000000e+00
1074,0,SCRQAL_TN,0.000000000000e+00
1074,1,QUAL_TN,1.214045417960e+03
1074,1,QUBP_TN,0.000000000000e+00
1074,0,DRAT_IGQL_TP,2.452216468778e+02
1074,0,DRAT_OGQL_TP,2.452216468778e+02
1074,-1,USQUAL_TP,0.000000000000e+00
1074,-2,LUQUAL_TP,2.452216468778e+02
1074,-1,USQUBP_TP,0.000000000000e+00
1074,-2,LUQUBP_TP,0.000000000000e+00
1074,-5,IRWDQUAL_TP,0.000000000000e+00
1074,-7,INFILTQUAL_TP,0.000000000000e+00
1074,-8,INFILTQUALTARGET_TP,0.000000000000e+00
1074,0,ADTOT_TP,0.000000000000e+00
1074,0,IQUAL_TP,2.452216468778e+02
1074,0,ADQAL_TP,0.000000000000e+00
1074,0,DSQAL_TP,0.000000000000e+00
1074,0,DEPQAL_TP,0.000000000000e+00
1074,0,SCRQAL_TP,0.000000000000e+00
1074,1,QUAL_TP,2.452216468778e+02
1074,1,QUBP_TP,0.000000000000e+00
1074,0,DRAT_IGQL_TCd,6.747832997011e-01
1074,0,DRAT_OGQL_TCd,6.747832997011e-01
1074,-1,USQUAL_TCd,0.000000000000e+00
1074,-2,LUQUAL_TCd,6.747832997011e-01
1074,-1,USQUBP_TCd,0.000000000000e+00
1074,-2,LUQUBP_TCd,0.000000000000e+00
1074,-5,IRWDQUAL_TCd,0.000000000000e+00
1074,-7,INFILTQUAL_TCd,0.000000000000e+00
1074,-8,INFILTQUALTARGET_TCd,0.000000000000e+00
1074,0,ADTOT_TCd,0.000000000000e+00
1074,0,IQUAL_TCd,6.747832997011e-01
1074,0,ADQAL_TCd,0.000000000000e+00
1074,0,DSQAL_TCd,0.000000000000e+00
1074,0,DEPQAL_TCd,0.000000000000e+00
1074,0,SCRQAL_TCd,0.000000000000e+00
1074,1,QUAL_TCd,6.747832997011e-01
1074,1,QUBP_TCd,0.000000000000e+00
1074,0,DRAT_IGQL_TCu,6.754476437763e+01
1074,0,DRAT_OGQL_TCu,6.754476437763e+01
1074,-1,USQUAL_TCu,0.000000000000e+00
1074,-2,LUQUAL_TCu,6.754476437763e+01
1074,-1,USQUBP_TCu,0.000000000000e+00
1074,-2,LUQUBP_TCu,0.000000000000e+00
1074,-5,IRWDQUAL_TCu,0.000000000000e+00
1074,-7,INFILTQUAL_TCu,0.000000000000e+00
1074,-8,INFILTQUALTARGET_TCu,0.000000000000e+00
1074,0,ADTOT_TCu,0.000000000000e+00
1074,0,IQUAL_TCu,6.754476437763e+01
1074,0,ADQAL_TCu,0.000000000000e+00
1074,0,DSQAL_TCu,0.000000000000e+00
1074,0,DEPQAL_TCu,0.000000000000e+00
1074,0,SCRQAL_TCu,0.000000000000e+00
1074,1,QUAL_TCu,6.754476437763e+01
1074,1,QUBP_TCu,0.000000000000e+00
1074,0,DRAT_IGQL_TPb,3.989359353628e+01
1074,0,DRAT_OGQL_TPb,3.989359353628e+01
1074,-1,USQUAL_TPb,0.000000000000e+00
1074,-2,LUQUAL_TPb,3.989359353628e+01
1074,-1,USQUBP_TPb,0.000000000000e+00
1074,-2,LUQUBP_TPb,0.000000000000e+00
1074,-5,IRWDQUAL_TPb,0.000000000000e+00
1074,-7,INFILTQUAL_TPb,0.000000000000e+00
1074,-8,INFILTQUALTARGET_TPb,0.000000000000e+00
1074,0,ADTOT_TPb,0.000000000000e+00
1074,0,IQUAL_TPb,3.989359353628e+01
1074,0,ADQAL_TPb,0.000000000000e+00
1074,0,DSQAL_TPb,0.000000000000e+00
1074,0,DEPQAL_TPb,0.000000000000e+00
1074,0,SCRQAL_TPb,0.000000000000e+00
1074,1,QUAL_TPb,3.989359353628e+01
1074,1,QUBP_TPb,0.000000000000e+00
1074,0,DRAT_IGQL_TZn,3.206665717267e+02
1074,0,DRAT_OGQL_TZn,3.206665717267e+02
1074,-1,USQUAL_TZn,0.000000000000e+00
1074,-2,LUQUAL_TZn,3.206665717267e+02
1074,-1,USQUBP_TZn,0.000000000000e+00
1074,-2,LUQUBP_TZn,0.000000000000e+00
1074,-5,IRWDQUAL_TZn,0.000000000000e+00
1074,-7,INFILTQUAL_TZn,0.000000000000e+00
1074,-8,INFILTQUALTARGET_TZn,0.000000000000e+00
1074,0,ADTOT_TZn,0.000000000000e+00
1074,0,IQUAL_TZn,3.206665717267e+02
1074,0,ADQAL_TZn,0.000000000000e+00
1074,0,DSQAL_TZn,0.000000000000e+00
1074,0,DEPQAL_TZn,0.000000000000e+00
1074,0,SCRQAL_TZn,0.000000000000e+00
1074,1,QUAL_TZn,3.206665717267e+02
1074,1,QUBP_TZn,0.000000000000e+00
1075,0,DRAT_IVOL,2.578648855163e+07
1075,0,DRAT_OVOL,2.578648855163e+07
1075,-1,USLINK,0.000000000000e+00
1075,-1,PCP,0.000000000000e+00
1075,-1,EVAP,0.000000000000e+00
1075,-1,INFILT,0.000000000000e+00
1075,-1,USIF,0.000000000000e+00
1075,-2,LUIF,2.578648855163e+07
1075,-1,USBP,0.000000000000e+00
1075,-2,LUBP,0.000000000000e+00
1075,-5,IRWD,0.000000000000e+00
1075,0,IVOL,2.578648855163e+07
1075,1,RO,2.578648855163e+07
1075,1,BP,0.000000000000e+00
1075,0,DRAT_ISED_1,1.124098212275e+01
1075,0,DRAT_OSED_1,1.124098212275e+01
1075,-1,USSED_1,0.000000000000e+00
1075,-2,LUSED_1,1.124098212275e+01
1075,-1,USSBP_1,0.000000000000e+00
1075,-2,LUSBP_1,0.000000000000e+00
1075,-5,IRWDSED_1,0.000000000000e+00
1075,0,ISED_1,1.124098212275e+01
1075,0,DEPSCR_1,0.000000000000e+00
1075,0,DEPMASS_1,0.000000000000e+00
1075,0,SCRMASS_1,0.000000000000e+00
1075,0,BEDSED_1,0.000000000000e+00
1075,1,ROSED_1,1.124098212275e+01
1075,1,BPSED_1,0.000000000000e+00
1075,0,DRAT_ISED_2,6.663511617661e+01
1075,0,DRAT_OSED_2,6.663511617661e+01
1075,-1,USSED_2,0.000000000000e+00
1075,-2,LUSED_2,6.663511617661e+01
1075,-1,USSBP_2,0.000000000000e+00
1075,-2,LUSBP_2,0.000000000000e+00
1075,-5,IRWDSED_2,0.000000000000e+00
1075,0,ISED_2,6.663511617661e+01
1075,0,DEPSCR_2,0.000000000000e+00
1075,0,DEPMASS_2,0.000000000000e+00
1075,0,SCRMASS_2,0.000000000000e+00
1075,0,BEDSED_2,0.000000000000e+00
1075,1,ROSED_2,6.663511617661e+01
1075,1,BPSED_2,0.000000000000e+00
1075,0,DRAT_ISED_3,1.947432402125e+01
1075,0,DRAT_OSED_3,1.947432402125e+01
1075,-1,USSED_3,0.000000000000e+00
1075,-2,LUSED_3,1.947432402125e+01
1075,-1,USSBP_3,0.000000000000e+00
1075,-2,LUSBP_3,0.000000000000e+00
1075,-5,IRWDSED_3,0.000000000000e+00
1075,0,ISED_3,1.947432402125e+01
1075,0,DEPSCR_3,0.000000000000e+00
1075,0,DEPMASS_3,0.000000000000e+00
1075,0,SCRMASS_3,0.000000000000e+00
1075,0,BEDSED_3,0.000000000000e+00
1075,1,ROSED_3,1.947432402125e+01
1075,1,BPSED_3,0.000000000000e+00
1075,0,DRAT_IGQL_TN,3.032981084179e+03
1075,0,DRAT_OGQL_TN,3.032981084179e+03
1075,-1,USQUAL_TN,0.000000000000e+00
1075,-2,LUQUAL_TN,3.032981084179e+03
1075,-1,USQUBP_TN,0.000000000000e+00
1075,-2,LUQUBP_TN,0.000000000000e+00
1075,-5,IRWDQUAL_TN,0.000000000000e+00
1075,-7,INFILTQUAL_TN,0.000000000000e+00
1075,-8,INFILTQUALTARGET_TN,0.000000000000e+00
1075,0,ADTOT_TN,0.000000000000e+00
1075,0,IQUAL_TN,3.032981084179e+03
1075,0,ADQAL_TN,0.000000000000e+00
1075,0,DSQAL_TN,0.000000000000e+00
1075,0,DEPQAL_TN,0.000000000000e+00
1075,0,SCRQAL_TN,0.000000000000e+00
1075,1,QUAL_TN,3.032981084179e+03
1075,1,QUBP_TN,0.000000000000e+00
1075,0,DRAT_IGQL_TP,5.474891560237e+02
1075,0,DRAT_OGQL_TP,5.474891560237e+02
1075,-1,USQUAL_TP,0.000000000000e+00
1075,-2,LUQUAL_TP,5.474891560237e+02
1075,-1,USQUBP_TP,0.000000000000e+00
1075,-2,LUQUBP_TP,0.000000000000e+00
1075,-5,IRWDQUAL_TP,0.000000000000e+00
1075,-7,INFILTQUAL_TP,0.000000000000e+00
1075,-8,INFILTQUALTARGET_TP,0.000000000000e+00
1075,0,ADTOT_TP,0.000000000000e+00
1075,0,IQUAL_TP,5.474891560237e+02
1075,0,ADQAL_TP,0.000000000000e+00
1075,0,DSQAL_TP,0.000000000000e+00
1075,0,DEPQAL_TP,0.000000000000e+00
1075,0,SCRQAL_TP,0.000000000000e+00
1075,1,QUAL_TP,5.474891560237e+02
1075,1,QUBP_TP,0.000000000000e+00
1075,0,DRAT_IGQL_TCd,1.353609703132e+00
1075,0,DRAT_OGQL_TCd,1.353609703132e+00
1075,-1,USQUAL_TCd,0.000000000000e+00
1075,-2,LUQUAL_TCd,1.353609703132e+00
1075,-1,USQUBP_TCd,0.000000000000e+00
1075,-2,LUQUBP_TCd,0.000000000000e+00
1075,-5,IRWDQUAL_TCd,0.000000000000e+00
1075,-7,INFILTQUAL_TCd,0.000000000000e+00
1075,-8,INFILTQUALTARGET_TCd,0.000000000000e+00
1075,0,ADTOT_TCd,0.000000000000e+00
1075,0,IQUAL_TCd,1.353609703132e+00
1075,0,ADQAL_TCd,0.000000000000e+00
1075,0,DSQAL_TCd,0.000000000000e+00
1075,0,DEPQAL_TCd,0.000000000000e+00
1075,0,SCRQAL_TCd,0.000000000000e+00
1075,1,QUAL_TCd,1.353609703132e+00
1075,1,QUBP_TCd,0.000000000000e+00
1075,0,DRAT_IGQL_TCu,1.356421536146e+02
1075,0,DRAT_OGQL_TCu,1.356421536146e+02
1075,-1,USQUAL_TCu,0.000000000000e+00
1075,-2,LUQUAL_TCu,1.356421536146e+02
1075,-1,USQUBP_TCu,0.000000000000e+00
1075,-2,LUQUBP_TCu,0.000000000000e+00
1075,-5,IRWDQUAL_TCu,0.000000000000e+00
1075,-7,INFILTQUAL_TCu,0.000000000000e+00
1075,-8,INFILTQUALTARGET_TCu,0.000000000000e+00
1075,0,ADTOT_TCu,0.000000000000e+00
1075,0,IQUAL_TCu,1.356421536146e+02
1075,0,ADQAL_TCu,0.000000000000e+00
1075,0,DSQAL_TCu,0.000000000000e+00
1075,0,DEPQAL_TCu,0.000000000000e+00
1075,0,SCRQAL_TCu,0.000000000000e+00
1075,1,QUAL_TCu,1.356421536146e+02
1075,1,QUBP_TCu,0.000000000000e+00
1075,0,DRAT_IGQL_TPb,8.362983305027e+01
1075,0,DRAT_OGQL_TPb,8.362983305027e+01
1075,-1,USQUAL_TPb,0.000000000000e+00
1075,-2,LUQUAL_TPb,8.362983305027e+01
1075,-1,USQUBP_TPb,0.000000000000e+00
1075,-2,LUQUBP_TPb,0.000000000000e+00
1075,-5,IRWDQUAL_TPb,0.000000000000e+00
1075,-7,INFILTQUAL_TPb,0.000000000000e+00
1075,-8,INFILTQUALTARGET_TPb,0.000000000000e+00
1075,0,ADTOT_TPb,0.000000000000e+00
1075,0,IQUAL_TPb,8.362983305027e+01
1075,0,ADQAL_TPb,0.000000000000e+00
1075,0,DSQAL_TPb,0.000000000000e+00
1075,0,DEPQAL_TPb,0.000000000000e+00
1075,0,SCRQAL_TPb,0.000000000000e+00
1075,1,QUAL_TPb,8.362983305027e+01
1075,1,QUBP_TPb,0.000000000000e+00
1075,0,DRAT_IGQL_TZn,6.108305845560e+02
1075,0,DRAT_OGQL_TZn,6.108305845560e+02
1075,-1,USQUAL_TZn,0.000000000000e+00
1075,-2,LUQUAL_TZn,6.108305845560e+02
1075,-1,USQUBP_TZn,0.000000000000e+00
1075,-2,LUQUBP_TZn,0.000000000000e+00
1075,-5,IRWDQUAL_TZn,0.000000000000e+00
1075,-7,INFILTQUAL_TZn,0.000000000000e+00
1075,-8,INFILTQUALTARGET_TZn,0.000000000000e+00
1075,0,ADTOT_TZn,0.000000000000e+00
1075,0,IQUAL_TZn,6.108305845560e+02
1075,0,ADQAL_TZn,0.000000000000e+00
1075,0,DSQAL_TZn,0.000000000000e+00
1075,0,DEPQAL_TZn,0.000000000000e+00
1075,0,SCRQAL_TZn,0.000000000000e+00
1075,1,QUAL_TZn,6.108305845560e+02
1075,1,QUBP_TZn,0.000000000000e+00
1077,0,DRAT_IVOL,1.480835883312e+07
1077,0,DRAT_OVOL,1.466935311099e+07
1077,-1,USLINK,0.000000000000e+00
1077,-1,PCP,1.133043526380e+05
1077,-1,EVAP,1.390057946118e+05
1077,-1,INFILT,0.000000000000e+00
1077,-1,USIF,0.000000000000e+00
1077,-2,LUIF,1.469505448048e+07
1077,-1,USBP,0.000000000000e+00
1077,-2,LUBP,0.000000000000e+00
1077,-5,IRWD,0.000000000000e+00
1077,0,IVOL,1.469505448048e+07
1077,1,RO,1.466935311099e+07
1077,1,BP,0.000000000000e+00
1077,0,DRAT_ISED_1,5.738448693134e+00
1077,0,DRAT_OSED_1,1.286382926376e+00
1077,-1,USSED_1,0.000000000000e+00
1077,-2,LUSED_1,5.638313637222e+00
1077,-1,USSBP_1,0.000000000000e+00
1077,-2,LUSBP_1,0.000000000000e+00
1077,-5,IRWDSED_1,0.000000000000e+00
1077,0,ISED_1,5.638313637222e+00
1077,0,DEPSCR_1,4.351930710846e+00
1077,0,DEPMASS_1,4.452065766758e+00
1077,0,SCRMASS_1,1.001350559118e-01
1077,0,BEDSED_1,1.654782447577e+06
1077,1,ROSED_1,1.286382926376e+00
1077,1,BPSED_1,0.000000000000e+00
1077,0,DRAT_ISED_2,3.166466824142e+01
1077,0,DRAT_OSED_2,3.155149360480e+01
1077,-1,USSED_2,0.000000000000e+00
1077,-2,LUSED_2,3.166423753620e+01
1077,-1,USSBP_2,0.000000000000e+00
1077,-2,LUSBP_2,0.000000000000e+00
1077,-5,IRWDSED_2,0.000000000000e+00
1077,0,ISED_2,3.166423753620e+01
1077,0,DEPSCR_2,1.127934177401e-01
1077,0,DEPMASS_2,1.132241229564e-01
1077,0,SCRMASS_2,4.307052163278e-04
1077,0,BEDSED_2,9.716675298714e+06
1077,1,ROSED_2,3.155149360480e+01
1077,1,BPSED_2,0.000000000000e+00
1077,0,DRAT_ISED_3,9.406623760288e+00
1077,0,DRAT_OSED_3,9.406637705411e+00
1077,-1,USSED_3,0.000000000000e+00
1077,-2,LUSED_3,9.214686849015e+00
1077,-1,USSBP_3,0.000000000000e+00
1077,-2,LUSBP_3,0.000000000000e+00
1077,-5,IRWDSED_3,0.000000000000e+00
1077,0,ISED_3,9.214686849015e+00
1077,0,DEPSCR_3,-1.919369112728e-01
1077,0,DEPMASS_3,0.000000000000e+00
1077,0,SCRMASS_3,1.919369112728e-01
1077,0,BEDSED_3,2.763201241567e+06
1077,1,ROSED_3,9.406637705411e+00
1077,1,BPSED_3,0.000000000000e+00
1077,0,DRAT_IGQL_TN,1.950319989892e+03
1077,0,DRAT_OGQL_TN,1.943037785116e+03
1077,-1,USQUAL_TN,0.000000000000e+00
1077,-2,LUQUAL_TN,1.950319989892e+03
1077,-1,USQUBP_TN,0.000000000000e+00
1077,-2,LUQUBP_TN,0.000000000000e+00
1077,-5,IRWDQUAL_TN,0.000000000000e+00
1077,-7,INFILTQUAL_TN,0.000000000000e+00
1077,-8,INFILTQUALTARGET_TN,0.000000000000e+00
1077,0,ADTOT_TN,0.000000000000e+00
1077,0,IQUAL_TN,1.950319989892e+03
1077,0,ADQAL_TN,0.000000000000e+00
1077,0,DSQAL_TN,0.000000000000e+00
1077,0,DEPQAL_TN,0.000000000000e+00
1077,0,SCRQAL_TN,0.000000000000e+00
1077,1,QUAL_TN,1.943037785116e+03
1077,1,QUBP_TN,0.000000000000e+00
1077,0,DRAT_IGQL_TP,2.645425815734e+02
1077,0,DRAT_OGQL_TP,2.637007743065e+02
1077,-1,USQUAL_TP,0.000000000000e+00
1077,-2,LUQUAL_TP,2.645425815734e+02
1077,-1,USQUBP_TP,0.000000000000e+00
1077,-2,LUQUBP_TP,0.000000000000e+00
1077,-5,IRWDQUAL_TP,0.000000000000e+00
1077,-7,INFILTQUAL_TP,0.000000000000e+00
1077,-8,INFILTQUALTARGET_TP,0.000000000000e+00
1077,0,ADTOT_TP,0.000000000000e+00
1077,0,IQUAL_TP,2.645425815734e+02
1077,0,ADQAL_TP,0.000000000000e+00
1077,0,DSQAL_TP,0.000000000000e+00
1077,0,DEPQAL_TP,0.000000000000e+00
1077,0,SCRQAL_TP,0.000000000000e+00
1077,1,QUAL_TP,2.637007743065e+02
1077,1,QUBP_TP,0.000000000000e+00
1077,0,DRAT_IGQL_TCd,4.607371764289e-01
1077,0,DRAT_OGQL_TCd,4.591566059536e-01
1077,-1,USQUAL_TCd,0.000000000000e+00
1077,-2,LUQUAL_TCd,4.607371764289e-01
1077,-1,USQUBP_TCd,0.000000000000e+00
1077,-2,LUQUBP_TCd,0.000000000000e+00
1077,-5,IRWDQUAL_TCd,0.000000000000e+00
1077,-7,INFILTQUAL_TCd,0.000000000000e+00
1077,-8,INFILTQUALTARGET_TCd,0.000000000000e+00
1077,0,ADTOT_TCd,0.000000000000e+00
1077,0,IQUAL_TCd,4.607371764289e-01
1077,0,ADQAL_TCd,0.000000000000e+00
1077,0,DSQAL_TCd,0.000000000000e+00
1077,0,DEPQAL_TCd,0.000000000000e+00
1077,0,SCRQAL_TCd,0.000000000000e+00
1077,1,QUAL_TCd,4.591566059536e-01
1077,1,QUBP_TCd,0.000000000000e+00
1077,0,DRAT_IGQL_TCu,4.653922248340e+01
1077,0,DRAT_OGQL_TCu,4.638067752235e+01
1077,-1,USQUAL_TCu,0.000000000000e+00
1077,-2,LUQUAL_TCu,4.653922248340e+01
1077,-1,USQUBP_TCu,0.000000000000e+00
1077,-2,LUQUBP_TCu,0.000000000000e+00
1077,-5,IRWDQUAL_TCu,0.000000000000e+00
1077,-7,INFILTQUAL_TCu,0.000000000000e+00
1077,-8,INFILTQUALTARGET_TCu,0.000000000000e+00
1077,0,ADTOT_TCu,0.000000000000e+00
1077,0,IQUAL_TCu,4.653922248340e+01
1077,0,ADQAL_TCu,0.000000000000e+00
1077,0,DSQAL_TCu,0.000000000000e+00
1077,0,DEPQAL_TCu,0.000000000000e+00
1077,0,SCRQAL_TCu,0.000000000000e+00
1077,1,QUAL_TCu,4.638067752235e+01
1077,1,QUBP_TCu,0.000000000000e+00
1077,0,DRAT_IGQL_TPb,3.605017503939e+01
1077,0,DRAT_OGQL_TPb,3.592895738885e+01
1077,-1,USQUAL_TPb,0.000000000000e+00
1077,-2,LUQUAL_TPb,3.605017503939e+01
1077,-1,USQUBP_TPb,0.000000000000e+00
1077,-2,LUQUBP_TPb,0.000000000000e+00
1077,-5,IRWDQUAL_TPb,0.000000000000e+00
1077,-7,INFILTQUAL_TPb,0.000000000000e+00
1077,-8,INFILTQUALTARGET_TPb,0.000000000000e+00
1077,0,ADTOT_TPb,0.000000000000e+00
1077,0,IQUAL_TPb,3.605017503939e+01
1077,0,ADQAL_TPb,0.000000000000e+00
1077,0,DSQAL_TPb,0.000000000000e+00
1077,0,DEPQAL_TPb,0.000000000000e+00
1077,0,SCRQAL_TPb,0.000000000000e+00
1077,1,QUAL_TPb,3.592895738885e+01
1077,1,QUBP_TPb,0.000000000000e+00
1077,0,DRAT_IGQL_TZn,1.928976350936e+02
1077,0,DRAT_OGQL_TZn,1.922342650356e+02
1077,-1,USQUAL_TZn,0.000000000000e+00
1077,-2,LUQUAL_TZn,1.928976350936e+02
1077,-1,USQUBP_TZn,0.000000000000e+00
1077,-2,LUQUBP_TZn,0.000000000000e+00
1077,-5,IRWDQUAL_TZn,0.000000000000e+00
1077,-7,INFILTQUAL_TZn,0.000000000000e+00
1077,-8,INFILTQUALTARGET_TZn,0.000000000000e+00
1077,0,ADTOT_TZn,0.000000000000e+00
1077,0,IQUAL_TZn,1.928976350936e+02
1077,0,ADQAL_TZn,0.000000000000e+00
1077,0,DSQAL_TZn,0.000000000000e+00
1077,0,DEPQAL_TZn,0.000000000000e+00
1077,0,SCRQAL_TZn,0.000000000000e+00
1077,1,QUAL_TZn,1.922342650356e+02
1077,1,QUBP_TZn,0.000000000000e+00
1079,0,DRAT_IVOL,2.203022234693e+07
1079,0,DRAT_OVOL,2.183343849386e+07
1079,-1,USLINK,0.000000000000e+00
1079,-1,PCP,1.730356229908e+05
1079,-1,EVAP,1.967700705552e+05
1079,-1,INFILT,0.000000000000e+00
1079,-1,USIF,0.000000000000e+00
1079,-2,LUIF,2.185718672394e+07
1079,-1,USBP,0.000000000000e+00
1079,-2,LUBP,0.000000000000e+00
1079,-5,IRWD,0.000000000000e+00
1079,0,IVOL,2.185718672394e+07
1079,1,RO,2.183343849386e+07
1079,1,BP,0.000000000000e+00
1079,0,DRAT_ISED_1,8.979735108177e+00
1079,0,DRAT_OSED_1,7.648495926139e-01
1079,-1,USSED_1,0.000000000000e+00
1079,-2,LUSED_1,8.959274003044e+00
1079,-1,USSBP_1,0.000000000000e+00
1079,-2,LUSBP_1,0.000000000000e+00
1079,-5,IRWDSED_1,0.000000000000e+00
1079,0,ISED_1,8.959274003044e+00
1079,0,DEPSCR_1,8.194424410430e+00
1079,0,DEPMASS_1,8.214885515563e+00
1079,0,SCRMASS_1,2.046110513349e-02
1079,0,BEDSED_1,2.078915426081e+06
1079,1,ROSED_1,7.648495926139e-01
1079,1,BPSED_1,0.000000000000e+00
1079,0,DRAT_ISED_2,4.867723751487e+01
1079,0,DRAT_OSED_2,4.203799192731e+01
1079,-1,USSED_2,0.000000000000e+00
1079,-2,LUSED_2,4.867723751487e+01
1079,-1,USSBP_2,0.000000000000e+00
1079,-2,LUSBP_2,0.000000000000e+00
1079,-5,IRWDSED_2,0.000000000000e+00
1079,0,ISED_2,4.867723751487e+01
1079,0,DEPSCR_2,6.639351978508e+00
1079,0,DEPMASS_2,6.639351978508e+00
1079,0,SCRMASS_2,0.000000000000e+00
1079,0,BEDSED_2,1.144058073395e+07
1079,1,ROSED_2,4.203799192731e+01
1079,1,BPSED_2,0.000000000000e+00
1079,0,DRAT_ISED_3,1.436362817444e+01
1079,0,DRAT_OSED_3,1.435738580605e+01
1079,-1,USSED_3,0.000000000000e+00
1079,-2,LUSED_3,1.436362817444e+01
1079,-1,USSBP_3,0.000000000000e+00
1079,-2,LUSBP_3,0.000000000000e+00
1079,-5,IRWDSED_3,0.000000000000e+00
1079,0,ISED_3,1.436362817444e+01
1079,0,DEPSCR_3,6.272081165701e-03
1079,0,DEPMASS_3,6.272081165701e-03
1079,0,SCRMASS_3,0.000000000000e+00
1079,0,BEDSED_3,3.148697267356e+06
1079,1,ROSED_3,1.435738580605e+01
1079,1,BPSED_3,0.000000000000e+00
1079,0,DRAT_IGQL_TN,2.821220399898e+03
1079,0,DRAT_OGQL_TN,2.805078165863e+03
1079,-1,USQUAL_TN,0.000000000000e+00
1079,-2,LUQUAL_TN,2.821220399898e+03
1079,-1,USQUBP_TN,0.000000000000e+00
1079,-2,LUQUBP_TN,0.000000000000e+00
1079,-5,IRWDQUAL_TN,0.000000000000e+00
1079,-7,INFILTQUAL_TN,0.000000000000e+00
1079,-8,INFILTQUALTARGET_TN,0.000000000000e+00
1079,0,ADTOT_TN,0.000000000000e+00
1079,0,IQUAL_TN,2.821220399898e+03
1079,0,ADQAL_TN,0.000000000000e+00
1079,0,DSQAL_TN,0.000000000000e+00
1079,0,DEPQAL_TN,0.000000000000e+00
1079,0,SCRQAL_TN,0.000000000000e+00
1079,1,QUAL_TN,2.805078165863e+03
1079,1,QUBP_TN,0.000000000000e+00
1079,0,DRAT_IGQL_TP,4.151026074295e+02
1079,0,DRAT_OGQL_TP,4.130415749578e+02
1079,-1,USQUAL_TP,0.000000000000e+00
1079,-2,LUQUAL_TP,4.151026074295e+02
1079,-1,USQUBP_TP,0.000000000000e+00
1079,-2,LUQUBP_TP,0.000000000000e+00
1079,-5,IRWDQUAL_TP,0.000000000000e+00
1079,-7,INFILTQUAL_TP,0.000000000000e+00
1079,-8,INFILTQUALTARGET_TP,0.000000000000e+00
1079,0,ADTOT_TP,0.000000000000e+00
1079,0,IQUAL_TP,4.151026074295e+02
1079,0,ADQAL_TP,0.000000000000e+00
1079,0,DSQAL_TP,0.000000000000e+00
1079,0,DEPQAL_TP,0.000000000000e+00
1079,0,SCRQAL_TP,0.000000000000e+00
1079,1,QUAL_TP,4.130415749578e+02
1079,1,QUBP_TP,0.000000000000e+00
1079,0,DRAT_IGQL_TCd,7.833853322051e-01
1079,0,DRAT_OGQL_TCd,7.793361694994e-01
1079,-1,USQUAL_TCd,0.000000000000e+00
1079,-2,LUQUAL_TCd,7.833853322051e-01
1079,-1,USQUBP_TCd,0.000000000000e+00
1079,-2,LUQUBP_TCd,0.000000000000e+00
1079,-5,IRWDQUAL_TCd,0.000000000000e+00
1079,-7,INFILTQUAL_TCd,0.000000000000e+00
1079,-8,INFILTQUALTARGET_TCd,0.000000000000e+00
1079,0,ADTOT_TCd,0.000000000000e+00
1079,0,IQUAL_TCd,7.833853322051e-01
1079,0,ADQAL_TCd,0.000000000000e+00
1079,0,DSQAL_TCd,0.000000000000e+00
1079,0,DEPQAL_TCd,0.000000000000e+00
1079,0,SCRQAL_TCd,0.000000000000e+00
1079,1,QUAL_TCd,7.793361694994e-01
1079,1,QUBP_TCd,0.000000000000e+00
1079,0,DRAT_IGQL_TCu,7.891177372084e+01
1079,0,DRAT_OGQL_TCu,7.850585842657e+01
1079,-1,USQUAL_TCu,0.000000000000e+00
1079,-2,LUQUAL_TCu,7.891177372084e+01
1079,-1,USQUBP_TCu,0.000000000000e+00
1079,-2,LUQUBP_TCu,0.000000000000e+00
1079,-5,IRWDQUAL_TCu,0.000000000000e+00
1079,-7,INFILTQUAL_TCu,0.000000000000e+00
1079,-8,INFILTQUALTARGET_TCu,0.000000000000e+00
1079,0,ADTOT_TCu,0.000000000000e+00
1079,0,IQUAL_TCu,7.891177372084e+01
1079,0,ADQAL_TCu,0.000000000000e+00
1079,0,DSQAL_TCu,0.000000000000e+00
1079,0,DEPQAL_TCu,0.000000000000e+00
1079,0,SCRQAL_TCu,0.000000000000e+00
1079,1,QUAL_TCu,7.850585842657e+01
1079,1,QUBP_TCu,0.000000000000e+00
1079,0,DRAT_IGQL_TPb,5.767613324233e+01
1079,0,DRAT_OGQL_TPb,5.737807480075e+01
1079,-1,USQUAL_TPb,0.000000000000e+00
1079,-2,LUQUAL_TPb,5.767613324233e+01
1079,-1,USQUBP_TPb,0.000000000000e+00
1079,-2,LUQUBP_TPb,0.000000000000e+00
1079,-5,IRWDQUAL_TPb,0.000000000000e+00
1079,-7,INFILTQUAL_TPb,0.000000000000e+00
1079,-8,INFILTQUALTARGET_TPb,0.000000000000e+00
1079,0,ADTOT_TPb,0.000000000000e+00
1079,0,IQUAL_TPb,5.767613324233e+01
1079,0,ADQAL_TPb,0.000000000000e+00
1079,0,DSQAL_TPb,0.000000000000e+00
1079,0,DEPQAL_TPb,0.000000000000e+00
1079,0,SCRQAL_TPb,0.000000000000e+00
1079,1,QUAL_TPb,5.737807480075e+01
1079,1,QUBP_TPb,0.000000000000e+00
1079,0,DRAT_IGQL_TZn,3.223821883994e+02
1079,0,DRAT_OGQL_TZn,3.207064313347e+02
1079,-1,USQUAL_TZn,0.000000000000e+00
1079,-2,LUQUAL_TZn,3.223821883994e+02
1079,-1,USQUBP_TZn,0.000000000000e+00
1079,-2,LUQUBP_TZn,0.000000000000e+00
1079,-5,IRWDQUAL_TZn,0.000000000000e+00
1079,-7,INFILTQUAL_TZn,0.000000000000e+00
1079,-8,INFILTQUALTARGET_TZn,0.000000000000e+00
1079,0,ADTOT_TZn,0.000000000000e+00
1079,0,IQUAL_TZn,3.223821883994e+02
1079,0,ADQAL_TZn,0.000000000000e+00
1079,0,DSQAL_TZn,0.000000000000e+00
1079,0,DEPQAL_TZn,0.000000000000e+00
1079,0,SCRQAL_TZn,0.000000000000e+00
1079,1,QUAL_TZn,3.207064313347e+02
1079,1,QUBP_TZn,0.000000000000e+00
1081,0,DRAT_IVOL,8.745494467404e+06
1081,0,DRAT_OVOL,8.678051780661e+06
1081,-1,USLINK,0.000000000000e+00
1081,-1,PCP,5.984355447418e+04
1081,-1,EVAP,6.743935542496e+04
1081,-1,INFILT,0.000000000000e+00
1081,-1,USIF,0.000000000000e+00
1081,-2,LUIF,8.685650912930e+06
1081,-1,USBP,0.000000000000e+00
1081,-2,LUBP,0.000000000000e+00
1081,-5,IRWD,0.000000000000e+00
1081,0,IVOL,8.685650912930e+06
1081,1,RO,8.678051780661e+06
1081,1,BP,0.000000000000e+00
1081,0,DRAT_ISED_1,4.531045807283e+00
1081,0,DRAT_OSED_1,5.601550951185e-01
1081,-1,USSED_1,0.000000000000e+00
1081,-2,LUSED_1,4.524207551834e+00
1081,-1,USSBP_1,0.000000000000e+00
1081,-2,LUSBP_1,0.000000000000e+00
1081,-5,IRWDSED_1,0.000000000000e+00
1081,0,ISED_1,4.524207551834e+00
1081,0,DEPSCR_1,3.964052456715e+00
1081,0,DEPMASS_1,3.970890712164e+00
1081,0,SCRMASS_1,6.838255449220e-03
1081,0,BEDSED_1,1.074008362251e+06
1081,1,ROSED_1,5.601550951185e-01
1081,1,BPSED_1,0.000000000000e+00
1081,0,DRAT_ISED_2,1.786791945214e+01
1081,0,DRAT_OSED_2,1.771273877558e+01
1081,-1,USSED_2,0.000000000000e+00
1081,-2,LUSED_2,1.786791945214e+01
1081,-1,USSBP_2,0.000000000000e+00
1081,-2,LUSBP_2,0.000000000000e+00
1081,-5,IRWDSED_2,0.000000000000e+00
1081,0,ISED_2,1.786791945214e+01
1081,0,DEPSCR_2,1.552018683294e-01
1081,0,DEPMASS_2,1.552018683294e-01
1081,0,SCRMASS_2,0.000000000000e+00
1081,0,BEDSED_2,5.943001973548e+06
1081,1,ROSED_2,1.771273877558e+01
1081,1,BPSED_2,0.000000000000e+00
1081,0,DRAT_ISED_3,5.947592016569e+00
1081,0,DRAT_OSED_3,5.947597948890e+00
1081,-1,USSED_3,0.000000000000e+00
1081,-2,LUSED_3,5.939877197653e+00
1081,-1,USSBP_3,0.000000000000e+00
1081,-2,LUSBP_3,0.000000000000e+00
1081,-5,IRWDSED_3,0.000000000000e+00
1081,0,ISED_3,5.939877197653e+00
1081,0,DEPSCR_3,-7.714818916596e-03
1081,0,DEPMASS_3,0.000000000000e+00
1081,0,SCRMASS_3,7.714818916596e-03
1081,0,BEDSED_3,1.694894477167e+06
1081,1,ROSED_3,5.947597948890e+00
1081,1,BPSED_3,0.000000000000e+00
1081,0,DRAT_IGQL_TN,1.028538353280e+03
1081,0,DRAT_OGQL_TN,1.025617965704e+03
1081,-1,USQUAL_TN,0.000000000000e+00
1081,-2,LUQUAL_TN,1.028538353280e+03
1081,-1,USQUBP_TN,0.000000000000e+00
1081,-2,LUQUBP_TN,0.000000000000e+00
1081,-5,IRWDQUAL_TN,0.000000000000e+00
1081,-7,INFILTQUAL_TN,0.000000000000e+00
1081,-8,INFILTQUALTARGET_TN,0.000000000000e+00
1081,0,ADTOT_TN,0.000000000000e+00
1081,0,IQUAL_TN,1.028538353280e+03
1081,0,ADQAL_TN,0.000000000000e+00
1081,0,DSQAL_TN,0.000000000000e+00
1081,0,DEPQAL_TN,0.000000000000e+00
1081,0,SCRQAL_TN,0.000000000000e+00
1081,1,QUAL_TN,1.025617965704e+03
1081,1,QUBP_TN,0.000000000000e+00
1081,0,DRAT_IGQL_TP,1.509853732149e+02
1081,0,DRAT_OGQL_TP,1.506250112732e+02
1081,-1,USQUAL_TP,0.000000000000e+00
1081,-2,LUQUAL_TP,1.509853732149e+02
1081,-1,USQUBP_TP,0.000000000000e+00
1081,-2,LUQUBP_TP,0.000000000000e+00
1081,-5,IRWDQUAL_TP,0.000000000000e+00
1081,-7,INFILTQUAL_TP,0.000000000000e+00
1081,-8,INFILTQUALTARGET_TP,0.000000000000e+00
1081,0,ADTOT_TP,0.000000000000e+00
1081,0,IQUAL_TP,1.509853732149e+02
1081,0,ADQAL_TP,0.000000000000e+00
1081,0,DSQAL_TP,0.000000000000e+00
1081,0,DEPQAL_TP,0.000000000000e+00
1081,0,SCRQAL_TP,0.000000000000e+00
1081,1,QUAL_TP,1.506250112732e+02
1081,1,QUBP_TP,0.000000000000e+00
1081,0,DRAT_IGQL_TCd,2.713791833614e-01
1081,0,DRAT_OGQL_TCd,2.706740491214e-01
1081,-1,USQUAL_TCd,0.000000000000e+00
1081,-2,LUQUAL_TCd,2.713791833614e-01
1081,-1,USQUBP_TCd,0.000000000000e+00
1081,-2,LUQUBP_TCd,0.000000000000e+00
1081,-5,IRWDQUAL_TCd,0.000000000000e+00
1081,-7,INFILTQUAL_TCd,0.000000000000e+00
1081,-8,INFILTQUALTARGET_TCd,0.000000000000e+00
1081,0,ADTOT_TCd,0.000000000000e+00
1081,0,IQUAL_TCd,2.713791833614e-01
1081,0,ADQAL_TCd,0.000000000000e+00
1081,0,DSQAL_TCd,0.000000000000e+00
1081,0,DEPQAL_TCd,0.000000000000e+00
1081,0,SCRQAL_TCd,0.000000000000e+00
1081,1,QUAL_TCd,2.706740491214e-01
1081,1,QUBP_TCd,0.000000000000e+00
1081,0,DRAT_IGQL_TCu,2.741960987884e+01
1081,0,DRAT_OGQL_TCu,2.734885216482e+01
1081,-1,USQUAL_TCu,0.000000000000e+00
1081,-2,LUQUAL_TCu,2.741960987884e+01
1081,-1,USQUBP_TCu,0.000000000000e+00
1081,-2,LUQUBP_TCu,0.000000000000e+00
1081,-5,IRWDQUAL_TCu,0.000000000000e+00
1081,-7,INFILTQUAL_TCu,0.000000000000e+00
1081,-8,INFILTQUALTARGET_TCu,0.000000000000e+00
1081,0,ADTOT_TCu,0.000000000000e+00
1081,0,IQUAL_TCu,2.741960987884e+01
1081,0,ADQAL_TCu,0.000000000000e+00
1081,0,DSQAL_TCu,0.000000000000e+00
1081,0,DEPQAL_TCu,0.000000000000e+00
1081,0,SCRQAL_TCu,0.000000000000e+00
1081,1,QUAL_TCu,2.734885216482e+01
1081,1,QUBP_TCu,0.000000000000e+00
1081,0,DRAT_IGQL_TPb,2.079327785417e+01
1081,0,DRAT_OGQL_TPb,2.073986030074e+01
1081,-1,USQUAL_TPb,0.000000000000e+00
1081,-2,LUQUAL_TPb,2.079327785417e+01
1081,-1,USQUBP_TPb,0.000000000000e+00
1081,-2,LUQUBP_TPb,0.000000000000e+00
1081,-5,IRWDQUAL_TPb,0.000000000000e+00
1081,-7,INFILTQUAL_TPb,0.000000000000e+00
1081,-8,INFILTQUALTARGET_TPb,0.000000000000e+00
1081,0,ADTOT_TPb,0.000000000000e+00
1081,0,IQUAL_TPb,2.079327785417e+01
1081,0,ADQAL_TPb,0.000000000000e+00
1081,0,DSQAL_TPb,0.000000000000e+00
1081,0,DEPQAL_TPb,0.000000000000e+00
1081,0,SCRQAL_TPb,0.000000000000e+00
1081,1,QUAL_TPb,2.073986030074e+01
1081,1,QUBP_TPb,0.000000000000e+00
1081,0,DRAT_IGQL_TZn,1.177907587637e+02
1081,0,DRAT_OGQL_TZn,1.174870252198e+02
1081,-1,USQUAL_TZn,0.000000000000e+00
1081,-2,LUQUAL_TZn,1.177907587637e+02
1081,-1,USQUBP_TZn,0.000000000000e+00
1081,-2,LUQUBP_TZn,0.000000000000e+00
1081,-5,IRWDQUAL_TZn,0.000000000000e+00
1081,-7,INFILTQUAL_TZn,0.000000000000e+00
1081,-8,INFILTQUALTARGET_TZn,0.000000000000e+00
1081,0,ADTOT_TZn,0.000000000000e+00
1081,0,IQUAL_TZn,1.177907587637e+02
1081,0,ADQAL_TZn,0.000000000000e+00
1081,0,DSQAL_TZn,0.000000000000e+00
1081,0,DEPQAL_TZn,0.000000000000e+00
1081,0,SCRQAL_TZn,0.000000000000e+00
1081,1,QUAL_TZn,1.174870252198e+02
1081,1,QUBP_TZn,0.000000000000e+00
1082,0,DRAT_IVOL,4.704690843958e+06
1082,0,DRAT_OVOL,4.652053827992e+06
1082,-1,USLINK,0.000000000000e+00
1082,-1,PCP,4.850721928575e+04
1082,-1,EVAP,5.263616103609e+04
1082,-1,INFILT,0.000000000000e+00
1082,-1,USIF,0.000000000000e+00
1082,-2,LUIF,4.656183624672e+06
1082,-1,USBP,0.000000000000e+00
1082,-2,LUBP,0.000000000000e+00
1082,-5,IRWD,0.000000000000e+00
1082,0,IVOL,4.656183624672e+06
1082,1,RO,4.652053827992e+06
1082,1,BP,0.000000000000e+00
1082,0,DRAT_ISED_1,2.416259498760e+00
1082,0,DRAT_OSED_1,3.161879498559e-01
1082,-1,USSED_1,0.000000000000e+00
1082,-2,LUSED_1,2.408867370571e+00
1082,-1,USSBP_1,0.000000000000e+00
1082,-2,LUSBP_1,0.000000000000e+00
1082,-5,IRWDSED_1,0.000000000000e+00
1082,0,ISED_1,2.408867370571e+00
1082,0,DEPSCR_1,2.092679420715e+00
1082,0,DEPMASS_1,2.100071548904e+00
1082,0,SCRMASS_1,7.392128188491e-03
1082,0,BEDSED_1,1.094540969444e+06
1082,1,ROSED_1,3.161879498559e-01
1082,1,BPSED_1,0.000000000000e+00
1082,0,DRAT_ISED_2,1.028551287276e+01
1082,0,DRAT_OSED_2,1.024423008494e+01
1082,-1,USSED_2,0.000000000000e+00
1082,-2,LUSED_2,1.028550518973e+01
1082,-1,USSBP_2,0.000000000000e+00
1082,-2,LUSBP_2,0.000000000000e+00
1082,-5,IRWDSED_2,0.000000000000e+00
1082,0,ISED_2,1.028550518973e+01
1082,0,DEPSCR_2,4.128758982598e-02
1082,0,DEPMASS_2,4.129527286213e-02
1082,0,SCRMASS_2,7.683036148182e-06
1082,0,BEDSED_2,6.818532989607e+06
1082,1,ROSED_2,1.024423008494e+01
1082,1,BPSED_2,0.000000000000e+00
1082,0,DRAT_ISED_3,3.454851729228e+00
1082,0,DRAT_OSED_3,3.454855231533e+00
1082,-1,USSED_3,0.000000000000e+00
1082,-2,LUSED_3,3.419075622178e+00
1082,-1,USSBP_3,0.000000000000e+00
1082,-2,LUSBP_3,0.000000000000e+00
1082,-5,IRWDSED_3,0.000000000000e+00
1082,0,ISED_3,3.419075622178e+00
1082,0,DEPSCR_3,-3.577610704937e-02
1082,0,DEPMASS_3,0.000000000000e+00
1082,0,SCRMASS_3,3.577610704937e-02
1082,0,BEDSED_3,1.945595915657e+06
1082,1,ROSED_3,3.454855231533e+00
1082,1,BPSED_3,0.000000000000e+00
1082,0,DRAT_IGQL_TN,5.731936235417e+02
1082,0,DRAT_OGQL_TN,5.714400180734e+02
1082,-1,USQUAL_TN,0.000000000000e+00
1082,-2,LUQUAL_TN,5.731936235417e+02
1082,-1,USQUBP_TN,0.000000000000e+00
1082,-2,LUQUBP_TN,0.000000000000e+00
1082,-5,IRWDQUAL_TN,0.000000000000e+00
1082,-7,INFILTQUAL_TN,0.000000000000e+00
1082,-8,INFILTQUALTARGET_TN,0.000000000000e+00
1082,0,ADTOT_TN,0.000000000000e+00
1082,0,IQUAL_TN,5.731936235417e+02
1082,0,ADQAL_TN,0.000000000000e+00
1082,0,DSQAL_TN,0.000000000000e+00
1082,0,DEPQAL_TN,0.000000000000e+00
1082,0,SCRQAL_TN,0.000000000000e+00
1082,1,QUAL_TN,5.714400180734e+02
1082,1,QUBP_TN,0.000000000000e+00
1082,0,DRAT_IGQL_TP,9.292075969142e+01
1082,0,DRAT_OGQL_TP,9.267384645085e+01
1082,-1,USQUAL_TP,0.000000000000e+00
1082,-2,LUQUAL_TP,9.292075969142e+01
1082,-1,USQUBP_TP,0.000000000000e+00
1082,-2,LUQUBP_TP,0.000000000000e+00
1082,-5,IRWDQUAL_TP,0.000000000000e+00
1082,-7,INFILTQUAL_TP,0.000000000000e+00
1082,-8,INFILTQUALTARGET_TP,0.000000000000e+00
1082,0,ADTOT_TP,0.000000000000e+00
1082,0,IQUAL_TP,9.292075969142e+01
1082,0,ADQAL_TP,0.000000000000e+00
1082,0,DSQAL_TP,0.000000000000e+00
1082,0,DEPQAL_TP,0.000000000000e+00
1082,0,SCRQAL_TP,0.000000000000e+00
1082,1,QUAL_TP,9.267384645085e+01
1082,1,QUBP_TP,0.000000000000e+00
1082,0,DRAT_IGQL_TCd,1.708289819613e-01
1082,0,DRAT_OGQL_TCd,1.703457537145e-01
1082,-1,USQUAL_TCd,0.000000000000e+00
1082,-2,LUQUAL_TCd,1.708289819613e-01
1082,-1,USQUBP_TCd,0.000000000000e+00
1082,-2,LUQUBP_TCd,0.000000000000e+00
1082,-5,IRWDQUAL_TCd,0.000000000000e+00
1082,-7,INFILTQUAL_TCd,0.000000000000e+00
1082,-8,INFILTQUALTARGET_TCd,0.000000000000e+00
1082,0,ADTOT_TCd,0.000000000000e+00
1082,0,IQUAL_TCd,1.708289819613e-01
1082,0,ADQAL_TCd,0.000000000000e+00
1082,0,DSQAL_TCd,0.000000000000e+00
1082,0,DEPQAL_TCd,0.000000000000e+00
1082,0,SCRQAL_TCd,0.000000000000e+00
1082,1,QUAL_TCd,1.703457537145e-01
1082,1,QUBP_TCd,0.000000000000e+00
1082,0,DRAT_IGQL_TCu,1.721179556794e+01
1082,0,DRAT_OGQL_TCu,1.716335392677e+01
1082,-1,USQUAL_TCu,0.000000000000e+00
1082,-2,LUQUAL_TCu,1.721179556794e+01
1082,-1,USQUBP_TCu,0.000000000000e+00
1082,-2,LUQUBP_TCu,0.000000000000e+00
1082,-5,IRWDQUAL_TCu,0.000000000000e+00
1082,-7,INFILTQUAL_TCu,0.000000000000e+00
1082,-8,INFILTQUALTARGET_TCu,0.000000000000e+00
1082,0,ADTOT_TCu,0.000000000000e+00
1082,0,IQUAL_TCu,1.721179556794e+01
1082,0,ADQAL_TCu,0.000000000000e+00
1082,0,DSQAL_TCu,0.000000000000e+00
1082,0,DEPQAL_TCu,0.000000000000e+00
1082,0,SCRQAL_TCu,0.000000000000e+00
1082,1,QUAL_TCu,1.716335392677e+01
1082,1,QUBP_TCu,0.000000000000e+00
1082,0,DRAT_IGQL_TPb,1.229037925657e+01
1082,0,DRAT_OGQL_TPb,1.225616991281e+01
1082,-1,USQUAL_TPb,0.000000000000e+00
1082,-2,LUQUAL_TPb,1.229037925657e+01
1082,-1,USQUBP_TPb,0.000000000000e+00
1082,-2,LUQUBP_TPb,0.000000000000e+00
1082,-5,IRWDQUAL_TPb,0.000000000000e+00
1082,-7,INFILTQUAL_TPb,0.000000000000e+00
1082,-8,INFILTQUALTARGET_TPb,0.000000000000e+00
1082,0,ADTOT_TPb,0.000000000000e+00
1082,0,IQUAL_TPb,1.229037925657e+01
1082,0,ADQAL_TPb,0.000000000000e+00
1082,0,DSQAL_TPb,0.000000000000e+00
1082,0,DEPQAL_TPb,0.000000000000e+00
1082,0,SCRQAL_TPb,0.000000000000e+00
1082,1,QUAL_TPb,1.225616991281e+01
1082,1,QUBP_TPb,0.000000000000e+00
1082,0,DRAT_IGQL_TZn,6.953433838322e+01
1082,0,DRAT_OGQL_TZn,6.933917603675e+01
1082,-1,USQUAL_TZn,0.000000000000e+00
1082,-2,LUQUAL_TZn,6.953433838322e+01
1082,-1,USQUBP_TZn,0.000000000000e+00
1082,-2,LUQUBP_TZn,0.000000000000e+00
1082,-5,IRWDQUAL_TZn,0.000000000000e+00
1082,-7,INFILTQUAL_TZn,0.000000000000e+00
1082,-8,INFILTQUALTARGET_TZn,0.000000000000e+00
1082,0,ADTOT_TZn,0.000000000000e+00
1082,0,IQUAL_TZn,6.953433838322e+01
1082,0,ADQAL_TZn,0.000000000000e+00
1082,0,DSQAL_TZn,0.000000000000e+00
1082,0,DEPQAL_TZn,0.000000000000e+00
1082,0,SCRQAL_TZn,0.000000000000e+00
1082,1,QUAL_TZn,6.933917603675e+01
1082,1,QUBP_TZn,0.000000000000e+00
1085,0,DRAT_IVOL,2.244626526695e+06
1085,0,DRAT_OVOL,2.244626526695e+06
1085,-1,USLINK,0.000000000000e+00
1085,-1,PCP,0.000000000000e+00
1085,-1,EVAP,0.000000000000e+00
1085,-1,INFILT,0.000000000000e+00
1085,-1,USIF,0.000000000000e+00
1085,-2,LUIF,2.244626526695e+06
1085,-1,USBP,0.000000000000e+00
1085,-2,LUBP,0.000000000000e+00
1085,-5,IRWD,0.000000000000e+00
1085,0,IVOL,2.244626526695e+06
1085,1,RO,2.244626526695e+06
1085,1,BP,0.000000000000e+00
1085,0,DRAT_ISED_1,9.229476838112e-01
1085,0,DRAT_OSED_1,9.229476838112e-01
1085,-1,USSED_1,0.000000000000e+00
1085,-2,LUSED_1,9.229476838112e-01
1085,-1,USSBP_1,0.000000000000e+00
1085,-2,LUSBP_1,0.000000000000e+00
1085,-5,IRWDSED_1,0.000000000000e+00
1085,0,ISED_1,9.229476838112e-01
1085,0,DEPSCR_1,0.000000000000e+00
1085,0,DEPMASS_1,0.000000000000e+00
1085,0,SCRMASS_1,0.000000000000e+00
1085,0,BEDSED_1,0.000000000000e+00
1085,1,ROSED_1,9.229476838112e-01
1085,1,BPSED_1,0.000000000000e+00
1085,0,DRAT_ISED_2,4.326020836122e+00
1085,0,DRAT_OSED_2,4.326020836122e+00
1085,-1,USSED_2,0.000000000000e+00
1085,-2,LUSED_2,4.326020836122e+00
1085,-1,USSBP_2,0.000000000000e+00
1085,-2,LUSBP_2,0.000000000000e+00
1085,-5,IRWDSED_2,0.000000000000e+00
1085,0,ISED_2,4.326020836122e+00
1085,0,DEPSCR_2,0.000000000000e+00
1085,0,DEPMASS_2,0.000000000000e+00
1085,0,SCRMASS_2,0.000000000000e+00
1085,0,BEDSED_2,0.000000000000e+00
1085,1,ROSED_2,4.326020836122e+00
1085,1,BPSED_2,0.000000000000e+00
1085,0,DRAT_ISED_3,1.308955101067e+00
1085,0,DRAT_OSED_3,1.308955101067e+00
1085,-1,USSED_3,0.000000000000e+00
1085,-2,LUSED_3,1.308955101067e+00
1085,-1,USSBP_3,0.000000000000e+00
1085,-2,LUSBP_3,0.000000000000e+00
1085,-5,IRWDSED_3,0.000000000000e+00
1085,0,ISED_3,1.308955101067e+00
1085,0,DEPSCR_3,0.000000000000e+00
1085,0,DEPMASS_3,0.000000000000e+00
1085,0,SCRMASS_3,0.000000000000e+00
1085,0,BEDSED_3,0.000000000000e+00
1085,1,ROSED_3,1.308955101067e+00
1085,1,BPSED_3,0.000000000000e+00
1085,0,DRAT_IGQL_TN,2.297909498453e+02
1085,0,DRAT_OGQL_TN,2.297909498453e+02
1085,-1,USQUAL_TN,0.000000000000e+00
1085,-2,LUQUAL_TN,2.297909498453e+02
1085,-1,USQUBP_TN,0.000000000000e+00
1085,-2,LUQUBP_TN,0.000000000000e+00
1085,-5,IRWDQUAL_TN,0.000000000000e+00
1085,-7,INFILTQUAL_TN,0.000000000000e+00
1085,-8,INFILTQUALTARGET_TN,0.000000000000e+00
1085,0,ADTOT_TN,0.000000000000e+00
1085,0,IQUAL_TN,2.297909498453e+02
1085,0,ADQAL_TN,0.000000000000e+00
1085,0,DSQAL_TN,0.000000000000e+00
1085,0,DEPQAL_TN,0.000000000000e+00
1085,0,SCRQAL_TN,0.000000000000e+00
1085,1,QUAL_TN,2.297909498453e+02
1085,1,QUBP_TN,0.000000000000e+00
1085,0,DRAT_IGQL_TP,3.165519369120e+01
1085,0,DRAT_OGQL_TP,3.165519369120e+01
1085,-1,USQUAL_TP,0.000000000000e+00
1085,-2,LUQUAL_TP,3.165519369120e+01
1085,-1,USQUBP_TP,0.000000000000e+00
1085,-2,LUQUBP_TP,0.000000000000e+00
1085,-5,IRWDQUAL_TP,0.000000000000e+00
1085,-7,INFILTQUAL_TP,0.000000000000e+00
1085,-8,INFILTQUALTARGET_TP,0.000000000000e+00
1085,0,ADTOT_TP,0.000000000000e+00
1085,0,IQUAL_TP,3.165519369120e+01
1085,0,ADQAL_TP,0.000000000000e+00
1085,0,DSQAL_TP,0.000000000000e+00
1085,0,DEPQAL_TP,0.000000000000e+00
1085,0,SCRQAL_TP,0.000000000000e+00
1085,1,QUAL_TP,3.165519369120e+01
1085,1,QUBP_TP,0.000000000000e+00
1085,0,DRAT_IGQL_TCd,6.895683600190e-02
1085,0,DRAT_OGQL_TCd,6.895683600190e-02
1085,-1,USQUAL_TCd,0.000000000000e+00
1085,-2,LUQUAL_TCd,6.895683600190e-02
1085,-1,USQUBP_TCd,0.000000000000e+00
1085,-2,LUQUBP_TCd,0.000000000000e+00
1085,-5,IRWDQUAL_TCd,0.000000000000e+00
1085,-7,INFILTQUAL_TCd,0.000000000000e+00
1085,-8,INFILTQUALTARGET_TCd,0.000000000000e+00
1085,0,ADTOT_TCd,0.000000000000e+00
1085,0,IQUAL_TCd,6.895683600190e-02
1085,0,ADQAL_TCd,0.000000000000e+00
1085,0,DSQAL_TCd,0.000000000000e+00
1085,0,DEPQAL_TCd,0.000000000000e+00
1085,0,SCRQAL_TCd,0.000000000000e+00
1085,1,QUAL_TCd,6.895683600190e-02
1085,1,QUBP_TCd,0.000000000000e+00
1085,0,DRAT_IGQL_TCu,6.922191305812e+00
1085,0,DRAT_OGQL_TCu,6.922191305812e+00
1085,-1,USQUAL_TCu,0.000000000000e+00
1085,-2,LUQUAL_TCu,6.922191305812e+00
1085,-1,USQUBP_TCu,0.000000000000e+00
1085,-2,LUQUBP_TCu,0.000000000000e+00
1085,-5,IRWDQUAL_TCu,0.000000000000e+00
1085,-7,INFILTQUAL_TCu,0.000000000000e+00
1085,-8,INFILTQUALTARGET_TCu,0.000000000000e+00
1085,0,ADTOT_TCu,0.000000000000e+00
1085,0,IQUAL_TCu,6.922191305812e+00
1085,0,ADQAL_TCu,0.000000000000e+00
1085,0,DSQAL_TCu,0.000000000000e+00
1085,0,DEPQAL_TCu,0.000000000000e+00
1085,0,SCRQAL_TCu,0.000000000000e+00
1085,1,QUAL_TCu,6.922191305812e+00
1085,1,QUBP_TCu,0.000000000000e+00
1085,0,DRAT_IGQL_TPb,5.644536542683e+00
1085,0,DRAT_OGQL_TPb,5.644536542683e+00
1085,-1,USQUAL_TPb,0.000000000000e+00
1085,-2,LUQUAL_TPb,5.644536542683e+00
1085,-1,USQUBP_TPb,0.000000000000e+00
1085,-2,LUQUBP_TPb,0.000000000000e+00
1085,-5,IRWDQUAL_TPb,0.000000000000e+00
1085,-7,INFILTQUAL_TPb,0.000000000000e+00
1085,-8,INFILTQUALTARGET_TPb,0.000000000000e+00
1085,0,ADTOT_TPb,0.000000000000e+00
1085,0,IQUAL_TPb,5.644536542683e+00
1085,0,ADQAL_TPb,0.000000000000e+00
1085,0,DSQAL_TPb,0.000000000000e+00
1085,0,DEPQAL_TPb,0.000000000000e+00
1085,0,SCRQAL_TPb,0.000000000000e+00
1085,1,QUAL_TPb,5.644536542683e+00
1085,1,QUBP_TPb,0.000000000000e+00
1085,0,DRAT_IGQL_TZn,2.824074314133e+01
1085,0,DRAT_OGQL_TZn,2.824074314133e+01
1085,-1,USQUAL_TZn,0.000000000000e+00
1085,-2,LUQUAL_TZn,2.824074314133e+01
1085,-1,USQUBP_TZn,0.000000000000e+00
1085,-2,LUQUBP_TZn,0.000000000000e+00
1085,-5,IRWDQUAL_TZn,0.000000000000e+00
1085,-7,INFILTQUAL_TZn,0.000000000000e+00
1085,-8,INFILTQUALTARGET_TZn,0.000000000000e+00
1085,0,ADTOT_TZn,0.000000000000e+00
1085,0,IQUAL_TZn,2.824074314133e+01
1085,0,ADQAL_TZn,0.000000000000e+00
1085,0,DSQAL_TZn,0.000000000000e+00
1085,0,DEPQAL_TZn,0.000000000000e+00
1085,0,SCRQAL_TZn,0.000000000000e+00
1085,1,QUAL_TZn,2.824074314133e+01
1085,1,QUBP_TZn,0.000000000000e+00
1086,0,DRAT_IVOL,9.552409861957e+05
1086,0,DRAT_OVOL,9.552409861957e+05
1086,-1,USLINK,0.000000000000e+00
1086,-1,PCP,0.000000000000e+00
1086,-1,EVAP,0.000000000000e+00
1086,-1,INFILT,0.000000000000e+00
1086,-1,USIF,0.000000000000e+00
1086,-2,LUIF,9.552409861957e+05
1086,-1,USBP,0.000000000000e+00
1086,-2,LUBP,0.000000000000e+00
1086,-5,IRWD,0.000000000000e+00
1086,0,IVOL,9.552409861957e+05
1086,1,RO,9.552409861957e+05
1086,1,BP,0.000000000000e+00
1086,0,DRAT_ISED_1,5.308647733362e-01
1086,0,DRAT_OSED_1,5.308647733362e-01
1086,-1,USSED_1,0.000000000000e+00
1086,-2,LUSED_1,5.308647733362e-01
1086,-1,USSBP_1,0.000000000000e+00
1086,-2,LUSBP_1,0.000000000000e+00
1086,-5,IRWDSED_1,0.000000000000e+00
1086,0,ISED_1,5.308647733362e-01
1086,0,DEPSCR_1,0.000000000000e+00
1086,0,DEPMASS_1,0.000000000000e+00
1086,0,SCRMASS_1,0.000000000000e+00
1086,0,BEDSED_1,0.000000000000e+00
1086,1,ROSED_1,5.308647733362e-01
1086,1,BPSED_1,0.000000000000e+00
1086,0,DRAT_ISED_2,1.618956342245e+00
1086,0,DRAT_OSED_2,1.618956342245e+00
1086,-1,USSED_2,0.000000000000e+00
1086,-2,LUSED_2,1.618956342245e+00
1086,-1,USSBP_2,0.000000000000e+00
1086,-2,LUSBP_2,0.000000000000e+00
1086,-5,IRWDSED_2,0.000000000000e+00
1086,0,ISED_2,1.618956342245e+00
1086,0,DEPSCR_2,0.000000000000e+00
1086,0,DEPMASS_2,0.000000000000e+00
1086,0,SCRMASS_2,0.000000000000e+00
1086,0,BEDSED_2,0.000000000000e+00
1086,1,ROSED_2,1.618956342245e+00
1086,1,BPSED_2,0.000000000000e+00
1086,0,DRAT_ISED_3,6.183206960272e-01
1086,0,DRAT_OSED_3,6.183206960272e-01
1086,-1,USSED_3,0.000000000000e+00
1086,-2,LUSED_3,6.183206960272e-01
1086,-1,USSBP_3,0.000000000000e+00
1086,-2,LUSBP_3,0.000000000000e+00
1086,-5,IRWDSED_3,0.000000000000e+00
1086,0,ISED_3,6.183206960272e-01
1086,0,DEPSCR_3,0.000000000000e+00
1086,0,DEPMASS_3,0.000000000000e+00
1086,0,SCRMASS_3,0.000000000000e+00
1086,0,BEDSED_3,0.000000000000e+00
1086,1,ROSED_3,6.183206960272e-01
1086,1,BPSED_3,0.000000000000e+00
1086,0,DRAT_IGQL_TN,1.112678924698e+02
1086,0,DRAT_OGQL_TN,1.112678924698e+02
1086,-1,USQUAL_TN,0.000000000000e+00
1086,-2,LUQUAL_TN,1.112678924698e+02
1086,-1,USQUBP_TN,0.000000000000e+00
1086,-2,LUQUBP_TN,0.000000000000e+00
1086,-5,IRWDQUAL_TN,0.000000000000e+00
1086,-7,INFILTQUAL_TN,0.000000000000e+00
1086,-8,INFILTQUALTARGET_TN,0.000000000000e+00
1086,0,ADTOT_TN,0.000000000000e+00
1086,0,IQUAL_TN,1.112678924698e+02
1086,0,ADQAL_TN,0.000000000000e+00
1086,0,DSQAL_TN,0.000000000000e+00
1086,0,DEPQAL_TN,0.000000000000e+00
1086,0,SCRQAL_TN,0.000000000000e+00
1086,1,QUAL_TN,1.112678924698e+02
1086,1,QUBP_TN,0.000000000000e+00
1086,0,DRAT_IGQL_TP,1.517637516914e+01
1086,0,DRAT_OGQL_TP,1.517637516914e+01
1086,-1,USQUAL_TP,0.000000000000e+00
1086,-2,LUQUAL_TP,1.517637516914e+01
1086,-1,USQUBP_TP,0.000000000000e+00
1086,-2,LUQUBP_TP,0.000000000000e+00
1086,-5,IRWDQUAL_TP,0.000000000000e+00
1086,-7,INFILTQUAL_TP,0.000000000000e+00
1086,-8,INFILTQUALTARGET_TP,0.000000000000e+00
1086,0,ADTOT_TP,0.000000000000e+00
1086,0,IQUAL_TP,1.517637516914e+01
1086,0,ADQAL_TP,0.000000000000e+00
1086,0,DSQAL_TP,0.000000000000e+00
1086,0,DEPQAL_TP,0.000000000000e+00
1086,0,SCRQAL_TP,0.000000000000e+00
1086,1,QUAL_TP,1.517637516914e+01
1086,1,QUBP_TP,0.000000000000e+00
1086,0,DRAT_IGQL_TCd,2.357789318118e-02
1086,0,DRAT_OGQL_TCd,2.357789318118e-02
1086,-1,USQUAL_TCd,0.000000000000e+00
1086,-2,LUQUAL_TCd,2.357789318118e-02
1086,-1,USQUBP_TCd,0.000000000000e+00
1086,-2,LUQUBP_TCd,0.000000000000e+00
1086,-5,IRWDQUAL_TCd,0.000000000000e+00
1086,-7,INFILTQUAL_TCd,0.000000000000e+00
1086,-8,INFILTQUALTARGET_TCd,0.000000000000e+00
1086,0,ADTOT_TCd,0.000000000000e+00
1086,0,IQUAL_TCd,2.357789318118e-02
1086,0,ADQAL_TCd,0.000000000000e+00
1086,0,DSQAL_TCd,0.000000000000e+00
1086,0,DEPQAL_TCd,0.000000000000e+00
1086,0,SCRQAL_TCd,0.000000000000e+00
1086,1,QUAL_TCd,2.357789318118e-02
1086,1,QUBP_TCd,0.000000000000e+00
1086,0,DRAT_IGQL_TCu,2.386008399214e+00
1086,0,DRAT_OGQL_TCu,2.386008399214e+00
1086,-1,USQUAL_TCu,0.000000000000e+00
1086,-2,LUQUAL_TCu,2.386008399214e+00
1086,-1,USQUBP_TCu,0.000000000000e+00
1086,-2,LUQUBP_TCu,0.000000000000e+00
1086,-5,IRWDQUAL_TCu,0.000000000000e+00
1086,-7,INFILTQUAL_TCu,0.000000000000e+00
1086,-8,INFILTQUALTARGET_TCu,0.000000000000e+00
1086,0,ADTOT_TCu,0.000000000000e+00
1086,0,IQUAL_TCu,2.386008399214e+00
1086,0,ADQAL_TCu,0.000000000000e+00
1086,0,DSQAL_TCu,0.000000000000e+00
1086,0,DEPQAL_TCu,0.000000000000e+00
1086,0,SCRQAL_TCu,0.000000000000e+00
1086,1,QUAL_TCu,2.386008399214e+00
1086,1,QUBP_TCu,0.000000000000e+00
1086,0,DRAT_IGQL_TPb,2.096019007376e+00
1086,0,DRAT_OGQL_TPb,2.096019007376e+00
1086,-1,USQUAL_TPb,0.000000000000e+00
1086,-2,LUQUAL_TPb,2.096019007376e+00
1086,-1,USQUBP_TPb,0.000000000000e+00
1086,-2,LUQUBP_TPb,0.000000000000e+00
1086,-5,IRWDQUAL_TPb,0.000000000000e+00
1086,-7,INFILTQUAL_TPb,0.000000000000e+00
1086,-8,INFILTQUALTARGET_TPb,0.000000000000e+00
1086,0,ADTOT_TPb,0.000000000000e+00
1086,0,IQUAL_TPb,2.096019007376e+00
1086,0,ADQAL_TPb,0.000000000000e+00
1086,0,DSQAL_TPb,0.000000000000e+00
1086,0,DEPQAL_TPb,0.000000000000e+00
1086,0,SCRQAL_TPb,0.000000000000e+00
1086,1,QUAL_TPb,2.096019007376e+00
1086,1,QUBP_TPb,0.000000000000e+00
1086,0,DRAT_IGQL_TZn,1.076325240510e+01
1086,0,DRAT_OGQL_TZn,1.076325240510e+01
1086,-1,USQUAL_TZn,0.000000000000e+00
1086,-2,LUQUAL_TZn,1.076325240510e+01
1086,-1,USQUBP_TZn,0.000000000000e+00
1086,-2,LUQUBP_TZn,0.000000000000e+00
1086,-5,IRWDQUAL_TZn,0.000000000000e+00
1086,-7,INFILTQUAL_TZn,0.000000000000e+00
1086,-8,INFILTQUALTARGET_TZn,0.000000000000e+00
1086,0,ADTOT_TZn,0.000000000000e+00
1086,0,IQUAL_TZn,1.076325240510e+01
1086,0,ADQAL_TZn,0.000000000000e+00
1086,0,DSQAL_TZn,0.000000000000e+00
1086,0,DEPQAL_TZn,0.000000000000e+00
1086,0,SCRQAL_TZn,0.000000000000e+00
1086,1,QUAL_TZn,1.076325240510e+01
1086,1,QUBP_TZn,0.000000000000e+00
1087,0,DRAT_IVOL,9.988861814689e+05
1087,0,DRAT_OVOL,9.988861814689e+05
1087,-1,USLINK,0.000000000000e+00
1087,-1,PCP,0.000000000000e+00
1087,-1,EVAP,0.000000000000e+00
1087,-1,INFILT,0.000000000000e+00
1087,-1,USIF,0.000000000000e+00
1087,-2,LUIF,9.988861814689e+05
1087,-1,USBP,0.000000000000e+00
1087,-2,LUBP,0.000000000000e+00
1087,-5,IRWD,0.000000000000e+00
1087,0,IVOL,9.988861814689e+05
1087,1,RO,9.988861814689e+05
1087,1,BP,0.000000000000e+00
1087,0,DRAT_ISED_1,5.266042509794e-01
1087,0,DRAT_OSED_1,5.266042509794e-01
1087,-1,USSED_1,0.000000000000e+00
1087,-2,LUSED_1,5.266042509794e-01
1087,-1,USSBP_1,0.000000000000e+00
1087,-2,LUSBP_1,0.000000000000e+00
1087,-5,IRWDSED_1,0.000000000000e+00
1087,0,ISED_1,5.266042509794e-01
1087,0,DEPSCR_1,0.000000000000e+00
1087,0,DEPMASS_1,0.000000000000e+00
1087,0,SCRMASS_1,0.000000000000e+00
1087,0,BEDSED_1,0.000000000000e+00
1087,1,ROSED_1,5.266042509794e-01
1087,1,BPSED_1,0.000000000000e+00
1087,0,DRAT_ISED_2,1.646445100294e+00
1087,0,DRAT_OSED_2,1.646445100294e+00
1087,-1,USSED_2,0.000000000000e+00
1087,-2,LUSED_2,1.646445100294e+00
1087,-1,USSBP_2,0.000000000000e+00
1087,-2,LUSBP_2,0.000000000000e+00
1087,-5,IRWDSED_2,0.000000000000e+00
1087,0,ISED_2,1.646445100294e+00
1087,0,DEPSCR_2,0.000000000000e+00
1087,0,DEPMASS_2,0.000000000000e+00
1087,0,SCRMASS_2,0.000000000000e+00
1087,0,BEDSED_2,0.000000000000e+00
1087,1,ROSED_2,1.646445100294e+00
1087,1,BPSED_2,0.000000000000e+00
1087,0,DRAT_ISED_3,6.218182643069e-01
1087,0,DRAT_OSED_3,6.218182643069e-01
1087,-1,USSED_3,0.000000000000e+00
1087,-2,LUSED_3,6.218182643069e-01
1087,-1,USSBP_3,0.000000000000e+00
1087,-2,LUSBP_3,0.000000000000e+00
1087,-5,IRWDSED_3,0.000000000000e+00
1087,0,ISED_3,6.218182643069e-01
1087,0,DEPSCR_3,0.000000000000e+00
1087,0,DEPMASS_3,0.000000000000e+00
1087,0,SCRMASS_3,0.000000000000e+00
1087,0,BEDSED_3,0.000000000000e+00
1087,1,ROSED_3,6.218182643069e-01
1087,1,BPSED_3,0.000000000000e+00
1087,0,DRAT_IGQL_TN,1.107406616953e+02
1087,0,DRAT_OGQL_TN,1.107406616953e+02
1087,-1,USQUAL_TN,0.000000000000e+00
1087,-2,LUQUAL_TN,1.107406616953e+02
1087,-1,USQUBP_TN,0.000000000000e+00
1087,-2,LUQUBP_TN,0.000000000000e+00
1087,-5,IRWDQUAL_TN,0.000000000000e+00
1087,-7,INFILTQUAL_TN,0.000000000000e+00
1087,-8,INFILTQUALTARGET_TN,0.000000000000e+00
1087,0,ADTOT_TN,0.000000000000e+00
1087,0,IQUAL_TN,1.107406616953e+02
1087,0,ADQAL_TN,0.000000000000e+00
1087,0,DSQAL_TN,0.000000000000e+00
1087,0,DEPQAL_TN,0.000000000000e+00
1087,0,SCRQAL_TN,0.000000000000e+00
1087,1,QUAL_TN,1.107406616953e+02
1087,1,QUBP_TN,0.000000000000e+00
1087,0,DRAT_IGQL_TP,1.478208014214e+01
1087,0,DRAT_OGQL_TP,1.478208014214e+01
1087,-1,USQUAL_TP,0.000000000000e+00
1087,-2,LUQUAL_TP,1.478208014214e+01
1087,-1,USQUBP_TP,0.000000000000e+00
1087,-2,LUQUBP_TP,0.000000000000e+00
1087,-5,IRWDQUAL_TP,0.000000000000e+00
1087,-7,INFILTQUAL_TP,0.000000000000e+00
1087,-8,INFILTQUALTARGET_TP,0.000000000000e+00
1087,0,ADTOT_TP,0.000000000000e+00
1087,0,IQUAL_TP,1.478208014214e+01
1087,0,ADQAL_TP,0.000000000000e+00
1087,0,DSQAL_TP,0.000000000000e+00
1087,0,DEPQAL_TP,0.000000000000e+00
1087,0,SCRQAL_TP,0.000000000000e+00
1087,1,QUAL_TP,1.478208014214e+01
1087,1,QUBP_TP,0.000000000000e+00
1087,0,DRAT_IGQL_TCd,2.320916704414e-02
1087,0,DRAT_OGQL_TCd,2.320916704414e-02
1087,-1,USQUAL_TCd,0.000000000000e+00
1087,-2,LUQUAL_TCd,2.320916704414e-02
1087,-1,USQUBP_TCd,0.000000000000e+00
1087,-2,LUQUBP_TCd,0.000000000000e+00
1087,-5,IRWDQUAL_TCd,0.000000000000e+00
1087,-7,INFILTQUAL_TCd,0.000000000000e+00
1087,-8,INFILTQUALTARGET_TCd,0.000000000000e+00
1087,0,ADTOT_TCd,0.000000000000e+00
1087,0,IQUAL_TCd,2.320916704414e-02
1087,0,ADQAL_TCd,0.000000000000e+00
1087,0,DSQAL_TCd,0.000000000000e+00
1087,0,DEPQAL_TCd,0.000000000000e+00
1087,0,SCRQAL_TCd,0.000000000000e+00
1087,1,QUAL_TCd,2.320916704414e-02
1087,1,QUBP_TCd,0.000000000000e+00
1087,0,DRAT_IGQL_TCu,2.348552319103e+00
1087,0,DRAT_OGQL_TCu,2.348552319103e+00
1087,-1,USQUAL_TCu,0.000000000000e+00
1087,-2,LUQUAL_TCu,2.348552319103e+00
1087,-1,USQUBP_TCu,0.000000000000e+00
1087,-2,LUQUBP_TCu,0.000000000000e+00
1087,-5,IRWDQUAL_TCu,0.000000000000e+00
1087,-7,INFILTQUAL_TCu,0.000000000000e+00
1087,-8,INFILTQUALTARGET_TCu,0.000000000000e+00
1087,0,ADTOT_TCu,0.000000000000e+00
1087,0,IQUAL_TCu,2.348552319103e+00
1087,0,ADQAL_TCu,0.000000000000e+00
1087,0,DSQAL_TCu,0.000000000000e+00
1087,0,DEPQAL_TCu,0.000000000000e+00
1087,0,SCRQAL_TCu,0.000000000000e+00
1087,1,QUAL_TCu,2.348552319103e+00
1087,1,QUBP_TCu,0.000000000000e+00
1087,0,DRAT_IGQL_TPb,2.121184036458e+00
1087,0,DRAT_OGQL_TPb,2.121184036458e+00
1087,-1,USQUAL_TPb,0.000000000000e+00
1087,-2,LUQUAL_TPb,2.121184036458e+00
1087,-1,USQUBP_TPb,0.000000000000e+00
1087,-2,LUQUBP_TPb,0.000000000000e+00
1087,-5,IRWDQUAL_TPb,0.000000000000e+00
1087,-7,INFILTQUAL_TPb,0.000000000000e+00
1087,-8,INFILTQUALTARGET_TPb,0.000000000000e+00
1087,0,ADTOT_TPb,0.000000000000e+00
1087,0,IQUAL_TPb,2.121184036458e+00
1087,0,ADQAL_TPb,0.000000000000e+00
1087,0,DSQAL_TPb,0.000000000000e+00
1087,0,DEPQAL_TPb,0.000000000000e+00
1087,0,SCRQAL_TPb,0.000000000000e+00
1087,1,QUAL_TPb,2.121184036458e+00
1087,1,QUBP_TPb,0.000000000000e+00
1087,0,DRAT_IGQL_TZn,1.084866136420e+01
1087,0,DRAT_OGQL_TZn,1.084866136420e+01
1087,-1,USQUAL_TZn,0.000000000000e+00
1087,-2,LUQUAL_TZn,1.084866136420e+01
1087,-1,USQUBP_TZn,0.000000000000e+00
1087,-2,LUQUBP_TZn,0.000000000000e+00
1087,-5,IRWDQUAL_TZn,0.000000000000e+00
1087,-7,INFILTQUAL_TZn,0.000000000000e+00
1087,-8,INFILTQUALTARGET_TZn,0.000000000000e+00
1087,0,ADTOT_TZn,0.000000000000e+00
1087,0,IQUAL_TZn,1.084866136420e+01
1087,0,ADQAL_TZn,0.000000000000e+00
1087,0,DSQAL_TZn,0.000000000000e+00
1087,0,DEPQAL_TZn,0.000000000000e+00
1087,0,SCRQAL_TZn,0.000000000000e+00
1087,1,QUAL_TZn,1.084866136420e+01
1087,1,QUBP_TZn,0.000000000000e+00
1088,0,DRAT_IVOL,7.359248596061e+07
1088,0,DRAT_OVOL,7.359248596061e+07
1088,-1,USLINK,0.000000000000e+00
1088,-1,PCP,0.000000000000e+00
1088,-1,EVAP,0.000000000000e+00
1088,-1,INFILT,0.000000000000e+00
1088,-1,USIF,0.000000000000e+00
1088,-2,LUIF,7.359248596061e+07
1088,-1,USBP,0.000000000000e+00
1088,-2,LUBP,0.000000000000e+00
1088,-5,IRWD,0.000000000000e+00
1088,0,IVOL,7.359248596061e+07
1088,1,RO,7.359248596061e+07
1088,1,BP,0.000000000000e+00
1088,0,DRAT_ISED_1,5.663118436577e+01
1088,0,DRAT_OSED_1,5.663118436577e+01
1088,-1,USSED_1,0.000000000000e+00
1088,-2,LUSED_1,5.663118436577e+01
1088,-1,USSBP_1,0.000000000000e+00
1088,-2,LUSBP_1,0.000000000000e+00
1088,-5,IRWDSED_1,0.000000000000e+00
1088,0,ISED_1,5.663118436577e+01
1088,0,DEPSCR_1,0.000000000000e+00
1088,0,DEPMASS_1,0.000000000000e+00
1088,0,SCRMASS_1,0.000000000000e+00
1088,0,BEDSED_1,0.000000000000e+00
1088,1,ROSED_1,5.663118436577e+01
1088,1,BPSED_1,0.000000000000e+00
1088,0,DRAT_ISED_2,1.346409252081e+02
1088,0,DRAT_OSED_2,1.346409252081e+02
1088,-1,USSED_2,0.000000000000e+00
1088,-2,LUSED_2,1.346409252081e+02
1088,-1,USSBP_2,0.000000000000e+00
1088,-2,LUSBP_2,0.000000000000e+00
1088,-5,IRWDSED_2,0.000000000000e+00
1088,0,ISED_2,1.346409252081e+02
1088,0,DEPSCR_2,0.000000000000e+00
1088,0,DEPMASS_2,0.000000000000e+00
1088,0,SCRMASS_2,0.000000000000e+00
1088,0,BEDSED_2,0.000000000000e+00
1088,1,ROSED_2,1.346409252081e+02
1088,1,BPSED_2,0.000000000000e+00
1088,0,DRAT_ISED_3,4.804652264618e+01
1088,0,DRAT_OSED_3,4.804652264618e+01
1088,-1,USSED_3,0.000000000000e+00
1088,-2,LUSED_3,4.804652264618e+01
1088,-1,USSBP_3,0.000000000000e+00
1088,-2,LUSBP_3,0.000000000000e+00
1088,-5,IRWDSED_3,0.000000000000e+00
1088,0,ISED_3,4.804652264618e+01
1088,0,DEPSCR_3,0.000000000000e+00
1088,0,DEPMASS_3,0.000000000000e+00
1088,0,SCRMASS_3,0.000000000000e+00
1088,0,BEDSED_3,0.000000000000e+00
1088,1,ROSED_3,4.804652264618e+01
1088,1,BPSED_3,0.000000000000e+00
1088,0,DRAT_IGQL_TN,8.352412721690e+03
1088,0,DRAT_OGQL_TN,8.352412721690e+03
1088,-1,USQUAL_TN,0.000000000000e+00
1088,-2,LUQUAL_TN,8.352412721690e+03
1088,-1,USQUBP_TN,0.000000000000e+00
1088,-2,LUQUBP_TN,0.000000000000e+00
1088,-5,IRWDQUAL_TN,0.000000000000e+00
1088,-7,INFILTQUAL_TN,0.000000000000e+00
1088,-8,INFILTQUALTARGET_TN,0.000000000000e+00
1088,0,ADTOT_TN,0.000000000000e+00
1088,0,IQUAL_TN,8.352412721690e+03
1088,0,ADQAL_TN,0.000000000000e+00
1088,0,DSQAL_TN,0.000000000000e+00
1088,0,DEPQAL_TN,0.000000000000e+00
1088,0,SCRQAL_TN,0.000000000000e+00
1088,1,QUAL_TN,8.352412721690e+03
1088,1,QUBP_TN,0.000000000000e+00
1088,0,DRAT_IGQL_TP,1.241908947079e+03
1088,0,DRAT_OGQL_TP,1.241908947079e+03
1088,-1,USQUAL_TP,0.000000000000e+00
1088,-2,LUQUAL_TP,1.241908947079e+03
1088,-1,USQUBP_TP,0.000000000000e+00
1088,-2,LUQUBP_TP,0.000000000000e+00
1088,-5,IRWDQUAL_TP,0.000000000000e+00
1088,-7,INFILTQUAL_TP,0.000000000000e+00
1088,-8,INFILTQUALTARGET_TP,0.000000000000e+00
1088,0,ADTOT_TP,0.000000000000e+00
1088,0,IQUAL_TP,1.241908947079e+03
1088,0,ADQAL_TP,0.000000000000e+00
1088,0,DSQAL_TP,0.000000000000e+00
1088,0,DEPQAL_TP,0.000000000000e+00
1088,0,SCRQAL_TP,0.000000000000e+00
1088,1,QUAL_TP,1.241908947079e+03
1088,1,QUBP_TP,0.000000000000e+00
1088,0,DRAT_IGQL_TCd,2.017091971403e+00
1088,0,DRAT_OGQL_TCd,2.017091971403e+00
1088,-1,USQUAL_TCd,0.000000000000e+00
1088,-2,LUQUAL_TCd,2.017091971403e+00
1088,-1,USQUBP_TCd,0.000000000000e+00
1088,-2,LUQUBP_TCd,0.000000000000e+00
1088,-5,IRWDQUAL_TCd,0.000000000000e+00
1088,-7,INFILTQUAL_TCd,0.000000000000e+00
1088,-8,INFILTQUALTARGET_TCd,0.000000000000e+00
1088,0,ADTOT_TCd,0.000000000000e+00
1088,0,IQUAL_TCd,2.017091971403e+00
1088,0,ADQAL_TCd,0.000000000000e+00
1088,0,DSQAL_TCd,0.000000000000e+00
1088,0,DEPQAL_TCd,0.000000000000e+00
1088,0,SCRQAL_TCd,0.000000000000e+00
1088,1,QUAL_TCd,2.017091971403e+00
1088,1,QUBP_TCd,0.000000000000e+00
1088,0,DRAT_IGQL_TCu,2.033479054879e+02
1088,0,DRAT_OGQL_TCu,2.033479054879e+02
1088,-1,USQUAL_TCu,0.000000000000e+00
1088,-2,LUQUAL_TCu,2.033479054879e+02
1088,-1,USQUBP_TCu,0.000000000000e+00
1088,-2,LUQUBP_TCu,0.000000000000e+00
1088,-5,IRWDQUAL_TCu,0.000000000000e+00
1088,-7,INFILTQUAL_TCu,0.000000000000e+00
1088,-8,INFILTQUALTARGET_TCu,0.000000000000e+00
1088,0,ADTOT_TCu,0.000000000000e+00
1088,0,IQUAL_TCu,2.033479054879e+02
1088,0,ADQAL_TCu,0.000000000000e+00
1088,0,DSQAL_TCu,0.000000000000e+00
1088,0,DEPQAL_TCu,0.000000000000e+00
1088,0,SCRQAL_TCu,0.000000000000e+00
1088,1,QUAL_TCu,2.033479054879e+02
1088,1,QUBP_TCu,0.000000000000e+00
1088,0,DRAT_IGQL_TPb,1.744064102873e+02
1088,0,DRAT_OGQL_TPb,1.744064102873e+02
1088,-1,USQUAL_TPb,0.000000000000e+00
1088,-2,LUQUAL_TPb,1.744064102873e+02
1088,-1,USQUBP_TPb,0.000000000000e+00
1088,-2,LUQUBP_TPb,0.000000000000e+00
1088,-5,IRWDQUAL_TPb,0.000000000000e+00
1088,-7,INFILTQUAL_TPb,0.000000000000e+00
1088,-8,INFILTQUALTARGET_TPb,0.000000000000e+00
1088,0,ADTOT_TPb,0.000000000000e+00
1088,0,IQUAL_TPb,1.744064102873e+02
1088,0,ADQAL_TPb,0.000000000000e+00
1088,0,DSQAL_TPb,0.000000000000e+00
1088,0,DEPQAL_TPb,0.000000000000e+00
1088,0,SCRQAL_TPb,0.000000000000e+00
1088,1,QUAL_TPb,1.744064102873e+02
1088,1,QUBP_TPb,0.000000000000e+00
1088,0,DRAT_IGQL_TZn,8.732250697162e+02
1088,0,DRAT_OGQL_TZn,8.732250697162e+02
1088,-1,USQUAL_TZn,0.000000000000e+00
1088,-2,LUQUAL_TZn,8.732250697162e+02
1088,-1,USQUBP_TZn,0.000000000000e+00
1088,-2,LUQUBP_TZn,0.000000000000e+00
1088,-5,IRWDQUAL_TZn,0.000000000000e+00
1088,-7,INFILTQUAL_TZn,0.000000000000e+00
1088,-8,INFILTQUALTARGET_TZn,0.000000000000e+00
1088,0,ADTOT_TZn,0.000000000000e+00
1088,0,IQUAL_TZn,8.732250697162e+02
1088,0,ADQAL_TZn,0.000000000000e+00
1088,0,DSQAL_TZn,0.000000000000e+00
1088,0,DEPQAL_TZn,0.000000000000e+00
1088,0,SCRQAL_TZn,0.000000000000e+00
1088,1,QUAL_TZn,8.732250697162e+02
1088,1,QUBP_TZn,0.000000000000e+00
1089,0,DRAT_IVOL,6.010644660726e+05
1089,0,DRAT_OVOL,6.010644660726e+05
1089,-1,USLINK,0.000000000000e+00
1089,-1,PCP,0.000000000000e+00
1089,-1,EVAP,0.000000000000e+00
1089,-1,INFILT,0.000000000000e+00
1089,-1,USIF,0.000000000000e+00
1089,-2,LUIF,6.010644660726e+05
1089,-1,USBP,0.000000000000e+00
1089,-2,LUBP,0.000000000000e+00
1089,-5,IRWD,0.000000000000e+00
1089,0,IVOL,6.010644660726e+05
1089,1,RO,6.010644660726e+05
1089,1,BP,0.000000000000e+00
1089,0,DRAT_ISED_1,2.551416319864e-01
1089,0,DRAT_OSED_1,2.551416319864e-01
1089,-1,USSED_1,0.000000000000e+00
1089,-2,LUSED_1,2.551416319864e-01
1089,-1,USSBP_1,0.000000000000e+00
1089,-2,LUSBP_1,0.000000000000e+00
1089,-5,IRWDSED_1,0.000000000000e+00
1089,0,ISED_1,2.551416319864e-01
1089,0,DEPSCR_1,0.000000000000e+00
1089,0,DEPMASS_1,0.000000000000e+00
1089,0,SCRMASS_1,0.000000000000e+00
1089,0,BEDSED_1,0.000000000000e+00
1089,1,ROSED_1,2.551416319864e-01
1089,1,BPSED_1,0.000000000000e+00
1089,0,DRAT_ISED_2,1.013318051152e+00
1089,0,DRAT_OSED_2,1.013318051152e+00
1089,-1,USSED_2,0.000000000000e+00
1089,-2,LUSED_2,1.013318051152e+00
1089,-1,USSBP_2,0.000000000000e+00
1089,-2,LUSBP_2,0.000000000000e+00
1089,-5,IRWDSED_2,0.000000000000e+00
1089,0,ISED_2,1.013318051152e+00
1089,0,DEPSCR_2,0.000000000000e+00
1089,0,DEPMASS_2,0.000000000000e+00
1089,0,SCRMASS_2,0.000000000000e+00
1089,0,BEDSED_2,0.000000000000e+00
1089,1,ROSED_2,1.013318051152e+00
1089,1,BPSED_2,0.000000000000e+00
1089,0,DRAT_ISED_3,3.468321346036e-01
1089,0,DRAT_OSED_3,3.468321346036e-01
1089,-1,USSED_3,0.000000000000e+00
1089,-2,LUSED_3,3.468321346036e-01
1089,-1,USSBP_3,0.000000000000e+00
1089,-2,LUSBP_3,0.000000000000e+00
1089,-5,IRWDSED_3,0.000000000000e+00
1089,0,ISED_3,3.468321346036e-01
1089,0,DEPSCR_3,0.000000000000e+00
1089,0,DEPMASS_3,0.000000000000e+00
1089,0,SCRMASS_3,0.000000000000e+00
1089,0,BEDSED_3,0.000000000000e+00
1089,1,ROSED_3,3.468321346036e-01
1089,1,BPSED_3,0.000000000000e+00
1089,0,DRAT_IGQL_TN,5.778673766124e+01
1089,0,DRAT_OGQL_TN,5.778673766124e+01
1089,-1,USQUAL_TN,0.000000000000e+00
1089,-2,LUQUAL_TN,5.778673766124e+01
1089,-1,USQUBP_TN,0.000000000000e+00
1089,-2,LUQUBP_TN,0.000000000000e+00
1089,-5,IRWDQUAL_TN,0.000000000000e+00
1089,-7,INFILTQUAL_TN,0.000000000000e+00
1089,-8,INFILTQUALTARGET_TN,0.000000000000e+00
1089,0,ADTOT_TN,0.000000000000e+00
1089,0,IQUAL_TN,5.778673766124e+01
1089,0,ADQAL_TN,0.000000000000e+00
1089,0,DSQAL_TN,0.000000000000e+00
1089,0,DEPQAL_TN,0.000000000000e+00
1089,0,SCRQAL_TN,0.000000000000e+00
1089,1,QUAL_TN,5.778673766124e+01
1089,1,QUBP_TN,0.000000000000e+00
1089,0,DRAT_IGQL_TP,9.017360969633e+00
1089,0,DRAT_OGQL_TP,9.017360969633e+00
1089,-1,USQUAL_TP,0.000000000000e+00
1089,-2,LUQUAL_TP,9.017360969633e+00
1089,-1,USQUBP_TP,0.000000000000e+00
1089,-2,LUQUBP_TP,0.000000000000e+00
1089,-5,IRWDQUAL_TP,0.000000000000e+00
1089,-7,INFILTQUAL_TP,0.000000000000e+00
1089,-8,INFILTQUALTARGET_TP,0.000000000000e+00
1089,0,ADTOT_TP,0.000000000000e+00
1089,0,IQUAL_TP,9.017360969633e+00
1089,0,ADQAL_TP,0.000000000000e+00
1089,0,DSQAL_TP,0.000000000000e+00
1089,0,DEPQAL_TP,0.000000000000e+00
1089,0,SCRQAL_TP,0.000000000000e+00
1089,1,QUAL_TP,9.017360969633e+00
1089,1,QUBP_TP,0.000000000000e+00
1089,0,DRAT_IGQL_TCd,1.650195003207e-02
1089,0,DRAT_OGQL_TCd,1.650195003207e-02
1089,-1,USQUAL_TCd,0.000000000000e+00
1089,-2,LUQUAL_TCd,1.650195003207e-02
1089,-1,USQUBP_TCd,0.000000000000e+00
1089,-2,LUQUBP_TCd,0.000000000000e+00
1089,-5,IRWDQUAL_TCd,0.000000000000e+00
1089,-7,INFILTQUAL_TCd,0.000000000000e+00
1089,-8,INFILTQUALTARGET_TCd,0.000000000000e+00
1089,0,ADTOT_TCd,0.000000000000e+00
1089,0,IQUAL_TCd,1.650195003207e-02
1089,0,ADQAL_TCd,0.000000000000e+00
1089,0,DSQAL_TCd,0.000000000000e+00
1089,0,DEPQAL_TCd,0.000000000000e+00
1089,0,SCRQAL_TCd,0.000000000000e+00
1089,1,QUAL_TCd,1.650195003207e-02
1089,1,QUBP_TCd,0.000000000000e+00
1089,0,DRAT_IGQL_TCu,1.657996534714e+00
1089,0,DRAT_OGQL_TCu,1.657996534714e+00
1089,-1,USQUAL_TCu,0.000000000000e+00
1089,-2,LUQUAL_TCu,1.657996534714e+00
1089,-1,USQUBP_TCu,0.000000000000e+00
1089,-2,LUQUBP_TCu,0.000000000000e+00
1089,-5,IRWDQUAL_TCu,0.000000000000e+00
1089,-7,INFILTQUAL_TCu,0.000000000000e+00
1089,-8,INFILTQUALTARGET_TCu,0.000000000000e+00
1089,0,ADTOT_TCu,0.000000000000e+00
1089,0,IQUAL_TCu,1.657996534714e+00
1089,0,ADQAL_TCu,0.000000000000e+00
1089,0,DSQAL_TCu,0.000000000000e+00
1089,0,DEPQAL_TCu,0.000000000000e+00
1089,0,SCRQAL_TCu,0.000000000000e+00
1089,1,QUAL_TCu,1.657996534714e+00
1089,1,QUBP_TCu,0.000000000000e+00
1089,0,DRAT_IGQL_TPb,1.414809025053e+00
1089,0,DRAT_OGQL_TPb,1.414809025053e+00
1089,-1,USQUAL_TPb,0.000000000000e+00
1089,-2,LUQUAL_TPb,1.414809025053e+00
1089,-1,USQUBP_TPb,0.000000000000e+00
1089,-2,LUQUBP_TPb,0.000000000000e+00
1089,-5,IRWDQUAL_TPb,0.000000000000e+00
1089,-7,INFILTQUAL_TPb,0.000000000000e+00
1089,-8,INFILTQUALTARGET_TPb,0.000000000000e+00
1089,0,ADTOT_TPb,0.000000000000e+00
1089,0,IQUAL_TPb,1.414809025053e+00
1089,0,ADQAL_TPb,0.000000000000e+00
1089,0,DSQAL_TPb,0.000000000000e+00
1089,0,DEPQAL_TPb,0.000000000000e+00
1089,0,SCRQAL_TPb,0.000000000000e+00
1089,1,QUAL_TPb,1.414809025053e+00
1089,1,QUBP_TPb,0.000000000000e+00
1089,0,DRAT_IGQL_TZn,6.843340065272e+00
1089,0,DRAT_OGQL_TZn,6.843340065272e+00
1089,-1,USQUAL_TZn,0.000000000000e+00
1089,-2,LUQUAL_TZn,6.843340065272e+00
1089,-1,USQUBP_TZn,0.000000000000e+00
1089,-2,LUQUBP_TZn,0.000000000000e+00
1089,-5,IRWDQUAL_TZn,0.000000000000e+00
1089,-7,INFILTQUAL_TZn,0.000000000000e+00
1089,-8,INFILTQUALTARGET_TZn,0.000000000000e+00
1089,0,ADTOT_TZn,0.000000000000e+00
1089,0,IQUAL_TZn,6.843340065272e+00
1089,0,ADQAL_TZn,0.000000000000e+00
1089,0,DSQAL_TZn,0.000000000000e+00
1089,0,DEPQAL_TZn,0.000000000000e+00
1089,0,SCRQAL_TZn,0.000000000000e+00
1089,1,QUAL_TZn,6.843340065272e+00
1089,1,QUBP_TZn,0.000000000000e+00
1091,0,DRAT_IVOL,5.252226446980e+07
1091,0,DRAT_OVOL,5.252226446980e+07
1091,-1,USLINK,0.000000000000e+00
1091,-1,PCP,0.000000000000e+00
1091,-1,EVAP,0.000000000000e+00
1091,-1,INFILT,0.000000000000e+00
1091,-1,USIF,0.000000000000e+00
1091,-2,LUIF,5.252226446980e+07
1091,-1,USBP,0.000000000000e+00
1091,-2,LUBP,0.000000000000e+00
1091,-5,IRWD,0.000000000000e+00
1091,0,IVOL,5.252226446980e+07
1091,1,RO,5.252226446980e+07
1091,1,BP,0.000000000000e+00
1091,0,DRAT_ISED_1,3.629307314362e+01
1091,0,DRAT_OSED_1,3.629307314362e+01
1091,-1,USSED_1,0.000000000000e+00
1091,-2,LUSED_1,3.629307314362e+01
1091,-1,USSBP_1,0.000000000000e+00
1091,-2,LUSBP_1,0.000000000000e+00
1091,-5,IRWDSED_1,0.000000000000e+00
1091,0,ISED_1,3.629307314362e+01
1091,0,DEPSCR_1,0.000000000000e+00
1091,0,DEPMASS_1,0.000000000000e+00
1091,0,SCRMASS_1,0.000000000000e+00
1091,0,BEDSED_1,0.000000000000e+00
1091,1,ROSED_1,3.629307314362e+01
1091,1,BPSED_1,0.000000000000e+00
1091,0,DRAT_ISED_2,7.729790875925e+01
1091,0,DRAT_OSED_2,7.729790875925e+01
1091,-1,USSED_2,0.000000000000e+00
1091,-2,LUSED_2,7.729790875925e+01
1091,-1,USSBP_2,0.000000000000e+00
1091,-2,LUSBP_2,0.000000000000e+00
1091,-5,IRWDSED_2,0.000000000000e+00
1091,0,ISED_2,7.729790875925e+01
1091,0,DEPSCR_2,0.000000000000e+00
1091,0,DEPMASS_2,0.000000000000e+00
1091,0,SCRMASS_2,0.000000000000e+00
1091,0,BEDSED_2,0.000000000000e+00
1091,1,ROSED_2,7.729790875925e+01
1091,1,BPSED_2,0.000000000000e+00
1091,0,DRAT_ISED_3,2.815726641218e+01
1091,0,DRAT_OSED_3,2.815726641218e+01
1091,-1,USSED_3,0.000000000000e+00
1091,-2,LUSED_3,2.815726641218e+01
1091,-1,USSBP_3,0.000000000000e+00
1091,-2,LUSBP_3,0.000000000000e+00
1091,-5,IRWDSED_3,0.000000000000e+00
1091,0,ISED_3,2.815726641218e+01
1091,0,DEPSCR_3,0.000000000000e+00
1091,0,DEPMASS_3,0.000000000000e+00
1091,0,SCRMASS_3,0.000000000000e+00
1091,0,BEDSED_3,0.000000000000e+00
1091,1,ROSED_3,2.815726641218e+01
1091,1,BPSED_3,0.000000000000e+00
1091,0,DRAT_IGQL_TN,5.365998700622e+03
1091,0,DRAT_OGQL_TN,5.365998700622e+03
1091,-1,USQUAL_TN,0.000000000000e+00
1091,-2,LUQUAL_TN,5.365998700622e+03
1091,-1,USQUBP_TN,0.000000000000e+00
1091,-2,LUQUBP_TN,0.000000000000e+00
1091,-5,IRWDQUAL_TN,0.000000000000e+00
1091,-7,INFILTQUAL_TN,0.000000000000e+00
1091,-8,INFILTQUALTARGET_TN,0.000000000000e+00
1091,0,ADTOT_TN,0.000000000000e+00
1091,0,IQUAL_TN,5.365998700622e+03
1091,0,ADQAL_TN,0.000000000000e+00
1091,0,DSQAL_TN,0.000000000000e+00
1091,0,DEPQAL_TN,0.000000000000e+00
1091,0,SCRQAL_TN,0.000000000000e+00
1091,1,QUAL_TN,5.365998700622e+03
1091,1,QUBP_TN,0.000000000000e+00
1091,0,DRAT_IGQL_TP,7.405210023353e+02
1091,0,DRAT_OGQL_TP,7.405210023353e+02
1091,-1,USQUAL_TP,0.000000000000e+00
1091,-2,LUQUAL_TP,7.405210023353e+02
1091,-1,USQUBP_TP,0.000000000000e+00
1091,-2,LUQUBP_TP,0.000000000000e+00
1091,-5,IRWDQUAL_TP,0.000000000000e+00
1091,-7,INFILTQUAL_TP,0.000000000000e+00
1091,-8,INFILTQUALTARGET_TP,0.000000000000e+00
1091,0,ADTOT_TP,0.000000000000e+00
1091,0,IQUAL_TP,7.405210023353e+02
1091,0,ADQAL_TP,0.000000000000e+00
1091,0,DSQAL_TP,0.000000000000e+00
1091,0,DEPQAL_TP,0.000000000000e+00
1091,0,SCRQAL_TP,0.000000000000e+00
1091,1,QUAL_TP,7.405210023353e+02
1091,1,QUBP_TP,0.000000000000e+00
1091,0,DRAT_IGQL_TCd,9.976259498953e-01
1091,0,DRAT_OGQL_TCd,9.976259498953e-01
1091,-1,USQUAL_TCd,0.000000000000e+00
1091,-2,LUQUAL_TCd,9.976259498953e-01
1091,-1,USQUBP_TCd,0.000000000000e+00
1091,-2,LUQUBP_TCd,0.000000000000e+00
1091,-5,IRWDQUAL_TCd,0.000000000000e+00
1091,-7,INFILTQUAL_TCd,0.000000000000e+00
1091,-8,INFILTQUALTARGET_TCd,0.000000000000e+00
1091,0,ADTOT_TCd,0.000000000000e+00
1091,0,IQUAL_TCd,9.976259498953e-01
1091,0,ADQAL_TCd,0.000000000000e+00
1091,0,DSQAL_TCd,0.000000000000e+00
1091,0,DEPQAL_TCd,0.000000000000e+00
1091,0,SCRQAL_TCd,0.000000000000e+00
1091,1,QUAL_TCd,9.976259498953e-01
1091,1,QUBP_TCd,0.000000000000e+00
1091,0,DRAT_IGQL_TCu,1.020602061818e+02
1091,0,DRAT_OGQL_TCu,1.020602061818e+02
1091,-1,USQUAL_TCu,0.000000000000e+00
1091,-2,LUQUAL_TCu,1.020602061818e+02
1091,-1,USQUBP_TCu,0.000000000000e+00
1091,-2,LUQUBP_TCu,0.000000000000e+00
1091,-5,IRWDQUAL_TCu,0.000000000000e+00
1091,-7,INFILTQUAL_TCu,0.000000000000e+00
1091,-8,INFILTQUALTARGET_TCu,0.000000000000e+00
1091,0,ADTOT_TCu,0.000000000000e+00
1091,0,IQUAL_TCu,1.020602061818e+02
1091,0,ADQAL_TCu,0.000000000000e+00
1091,0,DSQAL_TCu,0.000000000000e+00
1091,0,DEPQAL_TCu,0.000000000000e+00
1091,0,SCRQAL_TCu,0.000000000000e+00
1091,1,QUAL_TCu,1.020602061818e+02
1091,1,QUBP_TCu,0.000000000000e+00
1091,0,DRAT_IGQL_TPb,9.591570575280e+01
1091,0,DRAT_OGQL_TPb,9.591570575280e+01
1091,-1,USQUAL_TPb,0.000000000000e+00
1091,-2,LUQUAL_TPb,9.591570575280e+01
1091,-1,USQUBP_TPb,0.000000000000e+00
1091,-2,LUQUBP_TPb,0.000000000000e+00
1091,-5,IRWDQUAL_TPb,0.000000000000e+00
1091,-7,INFILTQUAL_TPb,0.000000000000e+00
1091,-8,INFILTQUALTARGET_TPb,0.000000000000e+00
1091,0,ADTOT_TPb,0.000000000000e+00
1091,0,IQUAL_TPb,9.591570575280e+01
1091,0,ADQAL_TPb,0.000000000000e+00
1091,0,DSQAL_TPb,0.000000000000e+00
1091,0,DEPQAL_TPb,0.000000000000e+00
1091,0,SCRQAL_TPb,0.000000000000e+00
1091,1,QUAL_TPb,9.591570575280e+01
1091,1,QUBP_TPb,0.000000000000e+00
1091,0,DRAT_IGQL_TZn,4.677772324425e+02
1091,0,DRAT_OGQL_TZn,4.677772324425e+02
1091,-1,USQUAL_TZn,0.000000000000e+00
1091,-2,LUQUAL_TZn,4.677772324425e+02
1091,-1,USQUBP_TZn,0.000000000000e+00
1091,-2,LUQUBP_TZn,0.000000000000e+00
1091,-5,IRWDQUAL_TZn,0.000000000000e+00
1091,-7,INFILTQUAL_TZn,0.000000000000e+00
1091,-8,INFILTQUALTARGET_TZn,0.000000000000e+00
1091,0,ADTOT_TZn,0.000000000000e+00
1091,0,IQUAL_TZn,4.677772324425e+02
1091,0,ADQAL_TZn,0.000000000000e+00
1091,0,DSQAL_TZn,0.000000000000e+00
1091,0,DEPQAL_TZn,0.000000000000e+00
1091,0,SCRQAL_TZn,0.000000000000e+00
1091,1,QUAL_TZn,4.677772324425e+02
1091,1,QUBP_TZn,0.000000000000e+00
1092,0,DRAT_IVOL,1.001109828734e+07
1092,0,DRAT_OVOL,1.001109828734e+07
1092,-1,USLINK,0.000000000000e+00
1092,-1,PCP,0.000000000000e+00
1092,-1,EVAP,0.000000000000e+00
1092,-1,INFILT,0.000000000000e+00
1092,-1,USIF,0.000000000000e+00
1092,-2,LUIF,1.001109828734e+07
1092,-1,USBP,0.000000000000e+00
1092,-2,LUBP,0.000000000000e+00
1092,-5,IRWD,0.000000000000e+00
1092,0,IVOL,1.001109828734e+07
1092,1,RO,1.001109828734e+07
1092,1,BP,0.000000000000e+00
1092,0,DRAT_ISED_1,3.495795729244e+00
1092,0,DRAT_OSED_1,3.495795729244e+00
1092,-1,USSED_1,0.000000000000e+00
1092,-2,LUSED_1,3.495795729244e+00
1092,-1,USSBP_1,0.000000000000e+00
1092,-2,LUSBP_1,0.000000000000e+00
1092,-5,IRWDSED_1,0.000000000000e+00
1092,0,ISED_1,3.495795729244e+00
1092,0,DEPSCR_1,0.000000000000e+00
1092,0,DEPMASS_1,0.000000000000e+00
1092,0,SCRMASS_1,0.000000000000e+00
1092,0,BEDSED_1,0.000000000000e+00
1092,1,ROSED_1,3.495795729244e+00
1092,1,BPSED_1,0.000000000000e+00
1092,0,DRAT_ISED_2,1.800925321810e+01
1092,0,DRAT_OSED_2,1.800925321810e+01
1092,-1,USSED_2,0.000000000000e+00
1092,-2,LUSED_2,1.800925321810e+01
1092,-1,USSBP_2,0.000000000000e+00
1092,-2,LUSBP_2,0.000000000000e+00
1092,-5,IRWDSED_2,0.000000000000e+00
1092,0,ISED_2,1.800925321810e+01
1092,0,DEPSCR_2,0.000000000000e+00
1092,0,DEPMASS_2,0.000000000000e+00
1092,0,SCRMASS_2,0.000000000000e+00
1092,0,BEDSED_2,0.000000000000e+00
1092,1,ROSED_2,1.800925321810e+01
1092,1,BPSED_2,0.000000000000e+00
1092,0,DRAT_ISED_3,5.259470037028e+00
1092,0,DRAT_OSED_3,5.259470037028e+00
1092,-1,USSED_3,0.000000000000e+00
1092,-2,LUSED_3,5.259470037028e+00
1092,-1,USSBP_3,0.000000000000e+00
1092,-2,LUSBP_3,0.000000000000e+00
1092,-5,IRWDSED_3,0.000000000000e+00
1092,0,ISED_3,5.259470037028e+00
1092,0,DEPSCR_3,0.000000000000e+00
1092,0,DEPMASS_3,0.000000000000e+00
1092,0,SCRMASS_3,0.000000000000e+00
1092,0,BEDSED_3,0.000000000000e+00
1092,1,ROSED_3,5.259470037028e+00
1092,1,BPSED_3,0.000000000000e+00
1092,0,DRAT_IGQL_TN,9.765510117117e+02
1092,0,DRAT_OGQL_TN,9.765510117117e+02
1092,-1,USQUAL_TN,0.000000000000e+00
1092,-2,LUQUAL_TN,9.765510117117e+02
1092,-1,USQUBP_TN,0.000000000000e+00
1092,-2,LUQUBP_TN,0.000000000000e+00
1092,-5,IRWDQUAL_TN,0.000000000000e+00
1092,-7,INFILTQUAL_TN,0.000000000000e+00
1092,-8,INFILTQUALTARGET_TN,0.000000000000e+00
1092,0,ADTOT_TN,0.000000000000e+00
1092,0,IQUAL_TN,9.765510117117e+02
1092,0,ADQAL_TN,0.000000000000e+00
1092,0,DSQAL_TN,0.000000000000e+00
1092,0,DEPQAL_TN,0.000000000000e+00
1092,0,SCRQAL_TN,0.000000000000e+00
1092,1,QUAL_TN,9.765510117117e+02
1092,1,QUBP_TN,0.000000000000e+00
1092,0,DRAT_IGQL_TP,1.503811915656e+02
1092,0,DRAT_OGQL_TP,1.503811915656e+02
1092,-1,USQUAL_TP,0.000000000000e+00
1092,-2,LUQUAL_TP,1.503811915656e+02
1092,-1,USQUBP_TP,0.000000000000e+00
1092,-2,LUQUBP_TP,0.000000000000e+00
1092,-5,IRWDQUAL_TP,0.000000000000e+00
1092,-7,INFILTQUAL_TP,0.000000000000e+00
1092,-8,INFILTQUALTARGET_TP,0.000000000000e+00
1092,0,ADTOT_TP,0.000000000000e+00
1092,0,IQUAL_TP,1.503811915656e+02
1092,0,ADQAL_TP,0.000000000000e+00
1092,0,DSQAL_TP,0.000000000000e+00
1092,0,DEPQAL_TP,0.000000000000e+00
1092,0,SCRQAL_TP,0.000000000000e+00
1092,1,QUAL_TP,1.503811915656e+02
1092,1,QUBP_TP,0.000000000000e+00
1092,0,DRAT_IGQL_TCd,2.915815317576e-01
1092,0,DRAT_OGQL_TCd,2.915815317576e-01
1092,-1,USQUAL_TCd,0.000000000000e+00
1092,-2,LUQUAL_TCd,2.915815317576e-01
1092,-1,USQUBP_TCd,0.000000000000e+00
1092,-2,LUQUBP_TCd,0.000000000000e+00
1092,-5,IRWDQUAL_TCd,0.000000000000e+00
1092,-7,INFILTQUAL_TCd,0.000000000000e+00
1092,-8,INFILTQUALTARGET_TCd,0.000000000000e+00
1092,0,ADTOT_TCd,0.000000000000e+00
1092,0,IQUAL_TCd,2.915815317576e-01
1092,0,ADQAL_TCd,0.000000000000e+00
1092,0,DSQAL_TCd,0.000000000000e+00
1092,0,DEPQAL_TCd,0.000000000000e+00
1092,0,SCRQAL_TCd,0.000000000000e+00
1092,1,QUAL_TCd,2.915815317576e-01
1092,1,QUBP_TCd,0.000000000000e+00
1092,0,DRAT_IGQL_TCu,2.929541113629e+01
1092,0,DRAT_OGQL_TCu,2.929541113629e+01
1092,-1,USQUAL_TCu,0.000000000000e+00
1092,-2,LUQUAL_TCu,2.929541113629e+01
1092,-1,USQUBP_TCu,0.000000000000e+00
1092,-2,LUQUBP_TCu,0.000000000000e+00
1092,-5,IRWDQUAL_TCu,0.000000000000e+00
1092,-7,INFILTQUAL_TCu,0.000000000000e+00
1092,-8,INFILTQUALTARGET_TCu,0.000000000000e+00
1092,0,ADTOT_TCu,0.000000000000e+00
1092,0,IQUAL_TCu,2.929541113629e+01
1092,0,ADQAL_TCu,0.000000000000e+00
1092,0,DSQAL_TCu,0.000000000000e+00
1092,0,DEPQAL_TCu,0.000000000000e+00
1092,0,SCRQAL_TCu,0.000000000000e+00
1092,1,QUAL_TCu,2.929541113629e+01
1092,1,QUBP_TCu,0.000000000000e+00
1092,0,DRAT_IGQL_TPb,2.424168673628e+01
1092,0,DRAT_OGQL_TPb,2.424168673628e+01
1092,-1,USQUAL_TPb,0.000000000000e+00
1092,-2,LUQUAL_TPb,2.424168673628e+01
1092,-1,USQUBP_TPb,0.000000000000e+00
1092,-2,LUQUBP_TPb,0.000000000000e+00
1092,-5,IRWDQUAL_TPb,0.000000000000e+00
1092,-7,INFILTQUAL_TPb,0.000000000000e+00
1092,-8,INFILTQUALTARGET_TPb,0.000000000000e+00
1092,0,ADTOT_TPb,0.000000000000e+00
1092,0,IQUAL_TPb,2.424168673628e+01
1092,0,ADQAL_TPb,0.000000000000e+00
1092,0,DSQAL_TPb,0.000000000000e+00
1092,0,DEPQAL_TPb,0.000000000000e+00
1092,0,SCRQAL_TPb,0.000000000000e+00
1092,1,QUAL_TPb,2.424168673628e+01
1092,1,QUBP_TPb,0.000000000000e+00
1092,0,DRAT_IGQL_TZn,1.204076848498e+02
1092,0,DRAT_OGQL_TZn,1.204076848498e+02
1092,-1,USQUAL_TZn,0.000000000000e+00
1092,-2,LUQUAL_TZn,1.204076848498e+02
1092,-1,USQUBP_TZn,0.000000000000e+00
1092,-2,LUQUBP_TZn,0.000000000000e+00
1092,-5,IRWDQUAL_TZn,0.000000000000e+00
1092,-7,INFILTQUAL_TZn,0.000000000000e+00
1092,-8,INFILTQUALTARGET_TZn,0.000000000000e+00
1092,0,ADTOT_TZn,0.000000000000e+00
1092,0,IQUAL_TZn,1.204076848498e+02
1092,0,ADQAL_TZn,0.000000000000e+00
1092,0,DSQAL_TZn,0.000000000000e+00
1092,0,DEPQAL_TZn,0.000000000000e+00
1092,0,SCRQAL_TZn,0.000000000000e+00
1092,1,QUAL_TZn,1.204076848498e+02
1092,1,QUBP_TZn,0.000000000000e+00
1094,0,DRAT_IVOL,2.248167175648e+07
1094,0,DRAT_OVOL,2.228177137014e+07
1094,-1,USLINK,0.000000000000e+00
1094,-1,PCP,2.410246289040e+05
1094,-1,EVAP,1.999141676550e+05
1094,-1,INFILT,0.000000000000e+00
1094,-1,USIF,0.000000000000e+00
1094,-2,LUIF,2.224064712758e+07
1094,-1,USBP,0.000000000000e+00
1094,-2,LUBP,0.000000000000e+00
1094,-5,IRWD,0.000000000000e+00
1094,0,IVOL,2.224064712758e+07
1094,1,RO,2.228177137014e+07
1094,1,BP,0.000000000000e+00
1094,0,DRAT_ISED_1,1.029809489093e+01
1094,0,DRAT_OSED_1,3.074499096467e+00
1094,-1,USSED_1,0.000000000000e+00
1094,-2,LUSED_1,1.005713385563e+01
1094,-1,USSBP_1,0.000000000000e+00
1094,-2,LUSBP_1,0.000000000000e+00
1094,-5,IRWDSED_1,0.000000000000e+00
1094,0,ISED_1,1.005713385563e+01
1094,0,DEPSCR_1,6.982634759162e+00
1094,0,DEPMASS_1,7.223595794466e+00
1094,0,SCRMASS_1,2.409610353035e-01
1094,0,BEDSED_1,2.341512722326e+06
1094,1,ROSED_1,3.074499096467e+00
1094,1,BPSED_1,0.000000000000e+00
1094,0,DRAT_ISED_2,4.005121761392e+01
1094,0,DRAT_OSED_2,3.997966076629e+01
1094,-1,USSED_2,0.000000000000e+00
1094,-2,LUSED_2,3.995799597502e+01
1094,-1,USSBP_2,0.000000000000e+00
1094,-2,LUSBP_2,0.000000000000e+00
1094,-5,IRWDSED_2,0.000000000000e+00
1094,0,ISED_2,3.995799597502e+01
1094,0,DEPSCR_2,-2.160550033752e-02
1094,0,DEPMASS_2,7.161613856382e-02
1094,0,SCRMASS_2,9.322163890134e-02
1094,0,BEDSED_2,1.252526198637e+07
1094,1,ROSED_2,3.997966076629e+01
1094,1,BPSED_2,0.000000000000e+00
1094,0,DRAT_ISED_3,1.519271053392e+01
1094,0,DRAT_OSED_3,1.519272741506e+01
1094,-1,USSED_3,0.000000000000e+00
1094,-2,LUSED_3,1.325401966912e+01
1094,-1,USSBP_3,0.000000000000e+00
1094,-2,LUSBP_3,0.000000000000e+00
1094,-5,IRWDSED_3,0.000000000000e+00
1094,0,ISED_3,1.325401966912e+01
1094,0,DEPSCR_3,-1.938690864807e+00
1094,0,DEPMASS_3,0.000000000000e+00
1094,0,SCRMASS_3,1.938690864807e+00
1094,0,BEDSED_3,3.440941690192e+06
1094,1,ROSED_3,1.519272741506e+01
1094,1,BPSED_3,0.000000000000e+00
1094,0,DRAT_IGQL_TN,2.179746696365e+03
1094,0,DRAT_OGQL_TN,2.170813589125e+03
1094,-1,USQUAL_TN,0.000000000000e+00
1094,-2,LUQUAL_TN,2.179746696365e+03
1094,-1,USQUBP_TN,0.000000000000e+00
1094,-2,LUQUBP_TN,0.000000000000e+00
1094,-5,IRWDQUAL_TN,0.000000000000e+00
1094,-7,INFILTQUAL_TN,0.000000000000e+00
1094,-8,INFILTQUALTARGET_TN,0.000000000000e+00
1094,0,ADTOT_TN,0.000000000000e+00
1094,0,IQUAL_TN,2.179746696365e+03
1094,0,ADQAL_TN,0.000000000000e+00
1094,0,DSQAL_TN,0.000000000000e+00
1094,0,DEPQAL_TN,0.000000000000e+00
1094,0,SCRQAL_TN,0.000000000000e+00
1094,1,QUAL_TN,2.170813589125e+03
1094,1,QUBP_TN,0.000000000000e+00
1094,0,DRAT_IGQL_TP,3.288691096094e+02
1094,0,DRAT_OGQL_TP,3.276875933652e+02
1094,-1,USQUAL_TP,0.000000000000e+00
1094,-2,LUQUAL_TP,3.288691096094e+02
1094,-1,USQUBP_TP,0.000000000000e+00
1094,-2,LUQUBP_TP,0.000000000000e+00
1094,-5,IRWDQUAL_TP,0.000000000000e+00
1094,-7,INFILTQUAL_TP,0.000000000000e+00
1094,-8,INFILTQUALTARGET_TP,0.000000000000e+00
1094,0,ADTOT_TP,0.000000000000e+00
1094,0,IQUAL_TP,3.288691096094e+02
1094,0,ADQAL_TP,0.000000000000e+00
1094,0,DSQAL_TP,0.000000000000e+00
1094,0,DEPQAL_TP,0.000000000000e+00
1094,0,SCRQAL_TP,0.000000000000e+00
1094,1,QUAL_TP,3.276875933652e+02
1094,1,QUBP_TP,0.000000000000e+00
1094,0,DRAT_IGQL_TCd,6.027910205104e-01
1094,0,DRAT_OGQL_TCd,6.005380307194e-01
1094,-1,USQUAL_TCd,0.000000000000e+00
1094,-2,LUQUAL_TCd,6.027910205104e-01
1094,-1,USQUBP_TCd,0.000000000000e+00
1094,-2,LUQUBP_TCd,0.000000000000e+00
1094,-5,IRWDQUAL_TCd,0.000000000000e+00
1094,-7,INFILTQUAL_TCd,0.000000000000e+00
1094,-8,INFILTQUALTARGET_TCd,0.000000000000e+00
1094,0,ADTOT_TCd,0.000000000000e+00
1094,0,IQUAL_TCd,6.027910205104e-01
1094,0,ADQAL_TCd,0.000000000000e+00
1094,0,DSQAL_TCd,0.000000000000e+00
1094,0,DEPQAL_TCd,0.000000000000e+00
1094,0,SCRQAL_TCd,0.000000000000e+00
1094,1,QUAL_TCd,6.005380307194e-01
1094,1,QUBP_TCd,0.000000000000e+00
1094,0,DRAT_IGQL_TCu,6.070438902319e+01
1094,0,DRAT_OGQL_TCu,6.047839626352e+01
1094,-1,USQUAL_TCu,0.000000000000e+00
1094,-2,LUQUAL_TCu,6.070438902319e+01
1094,-1,USQUBP_TCu,0.000000000000e+00
1094,-2,LUQUBP_TCu,0.000000000000e+00
1094,-5,IRWDQUAL_TCu,0.000000000000e+00
1094,-7,INFILTQUAL_TCu,0.000000000000e+00
1094,-8,INFILTQUALTARGET_TCu,0.000000000000e+00
1094,0,ADTOT_TCu,0.000000000000e+00
1094,0,IQUAL_TCu,6.070438902319e+01
1094,0,ADQAL_TCu,0.000000000000e+00
1094,0,DSQAL_TCu,0.000000000000e+00
1094,0,DEPQAL_TCu,0.000000000000e+00
1094,0,SCRQAL_TCu,0.000000000000e+00
1094,1,QUAL_TCu,6.047839626352e+01
1094,1,QUBP_TCu,0.000000000000e+00
1094,0,DRAT_IGQL_TPb,5.169287636462e+01
1094,0,DRAT_OGQL_TPb,5.150791938261e+01
1094,-1,USQUAL_TPb,0.000000000000e+00
1094,-2,LUQUAL_TPb,5.169287636462e+01
1094,-1,USQUBP_TPb,0.000000000000e+00
1094,-2,LUQUBP_TPb,0.000000000000e+00
1094,-5,IRWDQUAL_TPb,0.000000000000e+00
1094,-7,INFILTQUAL_TPb,0.000000000000e+00
1094,-8,INFILTQUALTARGET_TPb,0.000000000000e+00
1094,0,ADTOT_TPb,0.000000000000e+00
1094,0,IQUAL_TPb,5.169287636462e+01
1094,0,ADQAL_TPb,0.000000000000e+00
1094,0,DSQAL_TPb,0.000000000000e+00
1094,0,DEPQAL_TPb,0.000000000000e+00
1094,0,SCRQAL_TPb,0.000000000000e+00
1094,1,QUAL_TPb,5.150791938261e+01
1094,1,QUBP_TPb,0.000000000000e+00
1094,0,DRAT_IGQL_TZn,2.664510286979e+02
1094,0,DRAT_OGQL_TZn,2.654830423894e+02
1094,-1,USQUAL_TZn,0.000000000000e+00
1094,-2,LUQUAL_TZn,2.664510286979e+02
1094,-1,USQUBP_TZn,0.000000000000e+00
1094,-2,LUQUBP_TZn,0.000000000000e+00
1094,-5,IRWDQUAL_TZn,0.000000000000e+00
1094,-7,INFILTQUAL_TZn,0.000000000000e+00
1094,-8,INFILTQUALTARGET_TZn,0.000000000000e+00
1094,0,ADTOT_TZn,0.000000000000e+00
1094,0,IQUAL_TZn,2.664510286979e+02
1094,0,ADQAL_TZn,0.000000000000e+00
1094,0,DSQAL_TZn,0.000000000000e+00
1094,0,DEPQAL_TZn,0.000000000000e+00
1094,0,SCRQAL_TZn,0.000000000000e+00
1094,1,QUAL_TZn,2.654830423894e+02
1094,1,QUBP_TZn,0.000000000000e+00
1095,0,DRAT_IVOL,9.269437685520e+06
1095,0,DRAT_OVOL,9.269437685520e+06
1095,-1,USLINK,0.000000000000e+00
1095,-1,PCP,0.000000000000e+00
1095,-1,EVAP,0.000000000000e+00
1095,-1,INFILT,0.000000000000e+00
1095,-1,USIF,0.000000000000e+00
1095,-2,LUIF,9.269437685520e+06
1095,-1,USBP,0.000000000000e+00
1095,-2,LUBP,0.000000000000e+00
1095,-5,IRWD,0.000000000000e+00
1095,0,IVOL,9.269437685520e+06
1095,1,RO,9.269437685520e+06
1095,1,BP,0.000000000000e+00
1095,0,DRAT_ISED_1,4.674828127584e+00
1095,0,DRAT_OSED_1,4.674828127584e+00
1095,-1,USSED_1,0.000000000000e+00
1095,-2,LUSED_1,4.674828127584e+00
1095,-1,USSBP_1,0.000000000000e+00
1095,-2,LUSBP_1,0.000000000000e+00
1095,-5,IRWDSED_1,0.000000000000e+00
1095,0,ISED_1,4.674828127584e+00
1095,0,DEPSCR_1,0.000000000000e+00
1095,0,DEPMASS_1,0.000000000000e+00
1095,0,SCRMASS_1,0.000000000000e+00
1095,0,BEDSED_1,0.000000000000e+00
1095,1,ROSED_1,4.674828127584e+00
1095,1,BPSED_1,0.000000000000e+00
1095,0,DRAT_ISED_2,1.550945320975e+01
1095,0,DRAT_OSED_2,1.550945320975e+01
1095,-1,USSED_2,0.000000000000e+00
1095,-2,LUSED_2,1.550945320975e+01
1095,-1,USSBP_2,0.000000000000e+00
1095,-2,LUSBP_2,0.000000000000e+00
1095,-5,IRWDSED_2,0.000000000000e+00
1095,0,ISED_2,1.550945320975e+01
1095,0,DEPSCR_2,0.000000000000e+00
1095,0,DEPMASS_2,0.000000000000e+00
1095,0,SCRMASS_2,0.000000000000e+00
1095,0,BEDSED_2,0.000000000000e+00
1095,1,ROSED_2,1.550945320975e+01
1095,1,BPSED_2,0.000000000000e+00
1095,0,DRAT_ISED_3,5.693376495838e+00
1095,0,DRAT_OSED_3,5.693376495838e+00
1095,-1,USSED_3,0.000000000000e+00
1095,-2,LUSED_3,5.693376495838e+00
1095,-1,USSBP_3,0.000000000000e+00
1095,-2,LUSBP_3,0.000000000000e+00
1095,-5,IRWDSED_3,0.000000000000e+00
1095,0,ISED_3,5.693376495838e+00
1095,0,DEPSCR_3,0.000000000000e+00
1095,0,DEPMASS_3,0.000000000000e+00
1095,0,SCRMASS_3,0.000000000000e+00
1095,0,BEDSED_3,0.000000000000e+00
1095,1,ROSED_3,5.693376495838e+00
1095,1,BPSED_3,0.000000000000e+00
1095,0,DRAT_IGQL_TN,8.947642355090e+02
1095,0,DRAT_OGQL_TN,8.947642355090e+02
1095,-1,USQUAL_TN,0.000000000000e+00
1095,-2,LUQUAL_TN,8.947642355090e+02
1095,-1,USQUBP_TN,0.000000000000e+00
1095,-2,LUQUBP_TN,0.000000000000e+00
1095,-5,IRWDQUAL_TN,0.000000000000e+00
1095,-7,INFILTQUAL_TN,0.000000000000e+00
1095,-8,INFILTQUALTARGET_TN,0.000000000000e+00
1095,0,ADTOT_TN,0.000000000000e+00
1095,0,IQUAL_TN,8.947642355090e+02
1095,0,ADQAL_TN,0.000000000000e+00
1095,0,DSQAL_TN,0.000000000000e+00
1095,0,DEPQAL_TN,0.000000000000e+00
1095,0,SCRQAL_TN,0.000000000000e+00
1095,1,QUAL_TN,8.947642355090e+02
1095,1,QUBP_TN,0.000000000000e+00
1095,0,DRAT_IGQL_TP,1.377533347695e+02
1095,0,DRAT_OGQL_TP,1.377533347695e+02
1095,-1,USQUAL_TP,0.000000000000e+00
1095,-2,LUQUAL_TP,1.377533347695e+02
1095,-1,USQUBP_TP,0.000000000000e+00
1095,-2,LUQUBP_TP,0.000000000000e+00
1095,-5,IRWDQUAL_TP,0.000000000000e+00
1095,-7,INFILTQUAL_TP,0.000000000000e+00
1095,-8,INFILTQUALTARGET_TP,0.000000000000e+00
1095,0,ADTOT_TP,0.000000000000e+00
1095,0,IQUAL_TP,1.377533347695e+02
1095,0,ADQAL_TP,0.000000000000e+00
1095,0,DSQAL_TP,0.000000000000e+00
1095,0,DEPQAL_TP,0.000000000000e+00
1095,0,SCRQAL_TP,0.000000000000e+00
1095,1,QUAL_TP,1.377533347695e+02
1095,1,QUBP_TP,0.000000000000e+00
1095,0,DRAT_IGQL_TCd,2.461479469287e-01
1095,0,DRAT_OGQL_TCd,2.461479469287e-01
1095,-1,USQUAL_TCd,0.000000000000e+00
1095,-2,LUQUAL_TCd,2.461479469287e-01
1095,-1,USQUBP_TCd,0.000000000000e+00
1095,-2,LUQUBP_TCd,0.000000000000e+00
1095,-5,IRWDQUAL_TCd,0.000000000000e+00
1095,-7,INFILTQUAL_TCd,0.000000000000e+00
1095,-8,INFILTQUALTARGET_TCd,0.000000000000e+00
1095,0,ADTOT_TCd,0.000000000000e+00
1095,0,IQUAL_TCd,2.461479469287e-01
1095,0,ADQAL_TCd,0.000000000000e+00
1095,0,DSQAL_TCd,0.000000000000e+00
1095,0,DEPQAL_TCd,0.000000000000e+00
1095,0,SCRQAL_TCd,0.000000000000e+00
1095,1,QUAL_TCd,2.461479469287e-01
1095,1,QUBP_TCd,0.000000000000e+00
1095,0,DRAT_IGQL_TCu,2.478711881034e+01
1095,0,DRAT_OGQL_TCu,2.478711881034e+01
1095,-1,USQUAL_TCu,0.000000000000e+00
1095,-2,LUQUAL_TCu,2.478711881034e+01
1095,-1,USQUBP_TCu,0.000000000000e+00
1095,-2,LUQUBP_TCu,0.000000000000e+00
1095,-5,IRWDQUAL_TCu,0.000000000000e+00
1095,-7,INFILTQUAL_TCu,0.000000000000e+00
1095,-8,INFILTQUALTARGET_TCu,0.000000000000e+00
1095,0,ADTOT_TCu,0.000000000000e+00
1095,0,IQUAL_TCu,2.478711881034e+01
1095,0,ADQAL_TCu,0.000000000000e+00
1095,0,DSQAL_TCu,0.000000000000e+00
1095,0,DEPQAL_TCu,0.000000000000e+00
1095,0,SCRQAL_TCu,0.000000000000e+00
1095,1,QUAL_TCu,2.478711881034e+01
1095,1,QUBP_TCu,0.000000000000e+00
1095,0,DRAT_IGQL_TPb,2.102887626543e+01
1095,0,DRAT_OGQL_TPb,2.102887626543e+01
1095,-1,USQUAL_TPb,0.000000000000e+00
1095,-2,LUQUAL_TPb,2.102887626543e+01
1095,-1,USQUBP_TPb,0.000000000000e+00
1095,-2,LUQUBP_TPb,0.000000000000e+00
1095,-5,IRWDQUAL_TPb,0.000000000000e+00
1095,-7,INFILTQUAL_TPb,0.000000000000e+00
1095,-8,INFILTQUALTARGET_TPb,0.000000000000e+00
1095,0,ADTOT_TPb,0.000000000000e+00
1095,0,IQUAL_TPb,2.102887626543e+01
1095,0,ADQAL_TPb,0.000000000000e+00
1095,0,DSQAL_TPb,0.000000000000e+00
1095,0,DEPQAL_TPb,0.000000000000e+00
1095,0,SCRQAL_TPb,0.000000000000e+00
1095,1,QUAL_TPb,2.102887626543e+01
1095,1,QUBP_TPb,0.000000000000e+00
1095,0,DRAT_IGQL_TZn,1.087760826446e+02
1095,0,DRAT_OGQL_TZn,1.087760826446e+02
1095,-1,USQUAL_TZn,0.000000000000e+00
1095,-2,LUQUAL_TZn,1.087760826446e+02
1095,-1,USQUBP_TZn,0.000000000000e+00
1095,-2,LUQUBP_TZn,0.000000000000e+00
1095,-5,IRWDQUAL_TZn,0.000000000000e+00
1095,-7,INFILTQUAL_TZn,0.000000000000e+00
1095,-8,INFILTQUALTARGET_TZn,0.000000000000e+00
1095,0,ADTOT_TZn,0.000000000000e+00
1095,0,IQUAL_TZn,1.087760826446e+02
1095,0,ADQAL_TZn,0.000000000000e+00
1095,0,DSQAL_TZn,0.000000000000e+00
1095,0,DEPQAL_TZn,0.000000000000e+00
1095,0,SCRQAL_TZn,0.000000000000e+00
1095,1,QUAL_TZn,1.087760826446e+02
1095,1,QUBP_TZn,0.000000000000e+00
1096,0,DRAT_IVOL,4.167281125997e+06
1096,0,DRAT_OVOL,4.167281125997e+06
1096,-1,USLINK,0.000000000000e+00
1096,-1,PCP,0.000000000000e+00
1096,-1,EVAP,0.000000000000e+00
1096,-1,INFILT,0.000000000000e+00
1096,-1,USIF,0.000000000000e+00
1096,-2,LUIF,4.167281125997e+06
1096,-1,USBP,0.000000000000e+00
1096,-2,LUBP,0.000000000000e+00
1096,-5,IRWD,0.000000000000e+00
1096,0,IVOL,4.167281125997e+06
1096,1,RO,4.167281125997e+06
1096,1,BP,0.000000000000e+00
1096,0,DRAT_ISED_1,2.005781485385e+00
1096,0,DRAT_OSED_1,2.005781485385e+00
1096,-1,USSED_1,0.000000000000e+00
1096,-2,LUSED_1,2.005781485385e+00
1096,-1,USSBP_1,0.000000000000e+00
1096,-2,LUSBP_1,0.000000000000e+00
1096,-5,IRWDSED_1,0.000000000000e+00
1096,0,ISED_1,2.005781485385e+00
1096,0,DEPSCR_1,0.000000000000e+00
1096,0,DEPMASS_1,0.000000000000e+00
1096,0,SCRMASS_1,0.000000000000e+00
1096,0,BEDSED_1,0.000000000000e+00
1096,1,ROSED_1,2.005781485385e+00
1096,1,BPSED_1,0.000000000000e+00
1096,0,DRAT_ISED_2,7.686533329676e+00
1096,0,DRAT_OSED_2,7.686533329676e+00
1096,-1,USSED_2,0.000000000000e+00
1096,-2,LUSED_2,7.686533329676e+00
1096,-1,USSBP_2,0.000000000000e+00
1096,-2,LUSBP_2,0.000000000000e+00
1096,-5,IRWDSED_2,0.000000000000e+00
1096,0,ISED_2,7.686533329676e+00
1096,0,DEPSCR_2,0.000000000000e+00
1096,0,DEPMASS_2,0.000000000000e+00
1096,0,SCRMASS_2,0.000000000000e+00
1096,0,BEDSED_2,0.000000000000e+00
1096,1,ROSED_2,7.686533329676e+00
1096,1,BPSED_2,0.000000000000e+00
1096,0,DRAT_ISED_3,2.561204015038e+00
1096,0,DRAT_OSED_3,2.561204015038e+00
1096,-1,USSED_3,0.000000000000e+00
1096,-2,LUSED_3,2.561204015038e+00
1096,-1,USSBP_3,0.000000000000e+00
1096,-2,LUSBP_3,0.000000000000e+00
1096,-5,IRWDSED_3,0.000000000000e+00
1096,0,ISED_3,2.561204015038e+00
1096,0,DEPSCR_3,0.000000000000e+00
1096,0,DEPMASS_3,0.000000000000e+00
1096,0,SCRMASS_3,0.000000000000e+00
1096,0,BEDSED_3,0.000000000000e+00
1096,1,ROSED_3,2.561204015038e+00
1096,1,BPSED_3,0.000000000000e+00
1096,0,DRAT_IGQL_TN,4.147466494889e+02
1096,0,DRAT_OGQL_TN,4.147466494889e+02
1096,-1,USQUAL_TN,0.000000000000e+00
1096,-2,LUQUAL_TN,4.147466494889e+02
1096,-1,USQUBP_TN,0.000000000000e+00
1096,-2,LUQUBP_TN,0.000000000000e+00
1096,-5,IRWDQUAL_TN,0.000000000000e+00
1096,-7,INFILTQUAL_TN,0.000000000000e+00
1096,-8,INFILTQUALTARGET_TN,0.000000000000e+00
1096,0,ADTOT_TN,0.000000000000e+00
1096,0,IQUAL_TN,4.147466494889e+02
1096,0,ADQAL_TN,0.000000000000e+00
1096,0,DSQAL_TN,0.000000000000e+00
1096,0,DEPQAL_TN,0.000000000000e+00
1096,0,SCRQAL_TN,0.000000000000e+00
1096,1,QUAL_TN,4.147466494889e+02
1096,1,QUBP_TN,0.000000000000e+00
1096,0,DRAT_IGQL_TP,6.641450831667e+01
1096,0,DRAT_OGQL_TP,6.641450831667e+01
1096,-1,USQUAL_TP,0.000000000000e+00
1096,-2,LUQUAL_TP,6.641450831667e+01
1096,-1,USQUBP_TP,0.000000000000e+00
1096,-2,LUQUBP_TP,0.000000000000e+00
1096,-5,IRWDQUAL_TP,0.000000000000e+00
1096,-7,INFILTQUAL_TP,0.000000000000e+00
1096,-8,INFILTQUALTARGET_TP,0.000000000000e+00
1096,0,ADTOT_TP,0.000000000000e+00
1096,0,IQUAL_TP,6.641450831667e+01
1096,0,ADQAL_TP,0.000000000000e+00
1096,0,DSQAL_TP,0.000000000000e+00
1096,0,DEPQAL_TP,0.000000000000e+00
1096,0,SCRQAL_TP,0.000000000000e+00
1096,1,QUAL_TP,6.641450831667e+01
1096,1,QUBP_TP,0.000000000000e+00
1096,0,DRAT_IGQL_TCd,1.139259147269e-01
1096,0,DRAT_OGQL_TCd,1.139259147269e-01
1096,-1,USQUAL_TCd,0.000000000000e+00
1096,-2,LUQUAL_TCd,1.139259147269e-01
1096,-1,USQUBP_TCd,0.000000000000e+00
1096,-2,LUQUBP_TCd,0.000000000000e+00
1096,-5,IRWDQUAL_TCd,0.000000000000e+00
1096,-7,INFILTQUAL_TCd,0.000000000000e+00
1096,-8,INFILTQUALTARGET_TCd,0.000000000000e+00
1096,0,ADTOT_TCd,0.000000000000e+00
1096,0,IQUAL_TCd,1.139259147269e-01
1096,0,ADQAL_TCd,0.000000000000e+00
1096,0,DSQAL_TCd,0.000000000000e+00
1096,0,DEPQAL_TCd,0.000000000000e+00
1096,0,SCRQAL_TCd,0.000000000000e+00
1096,1,QUAL_TCd,1.139259147269e-01
1096,1,QUBP_TCd,0.000000000000e+00
1096,0,DRAT_IGQL_TCu,1.148590877259e+01
1096,0,DRAT_OGQL_TCu,1.148590877259e+01
1096,-1,USQUAL_TCu,0.000000000000e+00
1096,-2,LUQUAL_TCu,1.148590877259e+01
1096,-1,USQUBP_TCu,0.000000000000e+00
1096,-2,LUQUBP_TCu,0.000000000000e+00
1096,-5,IRWDQUAL_TCu,0.000000000000e+00
1096,-7,INFILTQUAL_TCu,0.000000000000e+00
1096,-8,INFILTQUALTARGET_TCu,0.000000000000e+00
1096,0,ADTOT_TCu,0.000000000000e+00
1096,0,IQUAL_TCu,1.148590877259e+01
1096,0,ADQAL_TCu,0.000000000000e+00
1096,0,DSQAL_TCu,0.000000000000e+00
1096,0,DEPQAL_TCu,0.000000000000e+00
1096,0,SCRQAL_TCu,0.000000000000e+00
1096,1,QUAL_TCu,1.148590877259e+01
1096,1,QUBP_TCu,0.000000000000e+00
1096,0,DRAT_IGQL_TPb,9.788662133582e+00
1096,0,DRAT_OGQL_TPb,9.788662133582e+00
1096,-1,USQUAL_TPb,0.000000000000e+00
1096,-2,LUQUAL_TPb,9.788662133582e+00
1096,-1,USQUBP_TPb,0.000000000000e+00
1096,-2,LUQUBP_TPb,0.000000000000e+00
1096,-5,IRWDQUAL_TPb,0.000000000000e+00
1096,-7,INFILTQUAL_TPb,0.000000000000e+00
1096,-8,INFILTQUALTARGET_TPb,0.000000000000e+00
1096,0,ADTOT_TPb,0.000000000000e+00
1096,0,IQUAL_TPb,9.788662133582e+00
1096,0,ADQAL_TPb,0.000000000000e+00
1096,0,DSQAL_TPb,0.000000000000e+00
1096,0,DEPQAL_TPb,0.000000000000e+00
1096,0,SCRQAL_TPb,0.000000000000e+00
1096,1,QUAL_TPb,9.788662133582e+00
1096,1,QUBP_TPb,0.000000000000e+00
1096,0,DRAT_IGQL_TZn,5.092394455473e+01
1096,0,DRAT_OGQL_TZn,5.092394455473e+01
1096,-1,USQUAL_TZn,0.000000000000e+00
1096,-2,LUQUAL_TZn,5.092394455473e+01
1096,-1,USQUBP_TZn,0.000000000000e+00
1096,-2,LUQUBP_TZn,0.000000000000e+00
1096,-5,IRWDQUAL_TZn,0.000000000000e+00
1096,-7,INFILTQUAL_TZn,0.000000000000e+00
1096,-8,INFILTQUALTARGET_TZn,0.000000000000e+00
1096,0,ADTOT_TZn,0.000000000000e+00
1096,0,IQUAL_TZn,5.092394455473e+01
1096,0,ADQAL_TZn,0.000000000000e+00
1096,0,DSQAL_TZn,0.000000000000e+00
1096,0,DEPQAL_TZn,0.000000000000e+00
1096,0,SCRQAL_TZn,0.000000000000e+00
1096,1,QUAL_TZn,5.092394455473e+01
1096,1,QUBP_TZn,0.000000000000e+00
1098,0,DRAT_IVOL,3.769607578390e+06
1098,0,DRAT_OVOL,3.769607578390e+06
1098,-1,USLINK,0.000000000000e+00
1098,-1,PCP,0.000000000000e+00
1098,-1,EVAP,0.000000000000e+00
1098,-1,INFILT,0.000000000000e+00
1098,-1,USIF,0.000000000000e+00
1098,-2,LUIF,3.769607578390e+06
1098,-1,USBP,0.000000000000e+00
1098,-2,LUBP,0.000000000000e+00
1098,-5,IRWD,0.000000000000e+00
1098,0,IVOL,3.769607578390e+06
1098,1,RO,3.769607578390e+06
1098,1,BP,0.000000000000e+00
1098,0,DRAT_ISED_1,1.704909562439e+00
1098,0,DRAT_OSED_1,1.704909562439e+00
1098,-1,USSED_1,0.000000000000e+00
1098,-2,LUSED_1,1.704909562439e+00
1098,-1,USSBP_1,0.000000000000e+00
1098,-2,LUSBP_1,0.000000000000e+00
1098,-5,IRWDSED_1,0.000000000000e+00
1098,0,ISED_1,1.704909562439e+00
1098,0,DEPSCR_1,0.000000000000e+00
1098,0,DEPMASS_1,0.000000000000e+00
1098,0,SCRMASS_1,0.000000000000e+00
1098,0,BEDSED_1,0.000000000000e+00
1098,1,ROSED_1,1.704909562439e+00
1098,1,BPSED_1,0.000000000000e+00
1098,0,DRAT_ISED_2,6.720000605739e+00
1098,0,DRAT_OSED_2,6.720000605739e+00
1098,-1,USSED_2,0.000000000000e+00
1098,-2,LUSED_2,6.720000605739e+00
1098,-1,USSBP_2,0.000000000000e+00
1098,-2,LUSBP_2,0.000000000000e+00
1098,-5,IRWDSED_2,0.000000000000e+00
1098,0,ISED_2,6.720000605739e+00
1098,0,DEPSCR_2,0.000000000000e+00
1098,0,DEPMASS_2,0.000000000000e+00
1098,0,SCRMASS_2,0.000000000000e+00
1098,0,BEDSED_2,0.000000000000e+00
1098,1,ROSED_2,6.720000605739e+00
1098,1,BPSED_2,0.000000000000e+00
1098,0,DRAT_ISED_3,2.306668771994e+00
1098,0,DRAT_OSED_3,2.306668771994e+00
1098,-1,USSED_3,0.000000000000e+00
1098,-2,LUSED_3,2.306668771994e+00
1098,-1,USSBP_3,0.000000000000e+00
1098,-2,LUSBP_3,0.000000000000e+00
1098,-5,IRWDSED_3,0.000000000000e+00
1098,0,ISED_3,2.306668771994e+00
1098,0,DEPSCR_3,0.000000000000e+00
1098,0,DEPMASS_3,0.000000000000e+00
1098,0,SCRMASS_3,0.000000000000e+00
1098,0,BEDSED_3,0.000000000000e+00
1098,1,ROSED_3,2.306668771994e+00
1098,1,BPSED_3,0.000000000000e+00
1098,0,DRAT_IGQL_TN,3.758680369475e+02
1098,0,DRAT_OGQL_TN,3.758680369475e+02
1098,-1,USQUAL_TN,0.000000000000e+00
1098,-2,LUQUAL_TN,3.758680369475e+02
1098,-1,USQUBP_TN,0.000000000000e+00
1098,-2,LUQUBP_TN,0.000000000000e+00
1098,-5,IRWDQUAL_TN,0.000000000000e+00
1098,-7,INFILTQUAL_TN,0.000000000000e+00
1098,-8,INFILTQUALTARGET_TN,0.000000000000e+00
1098,0,ADTOT_TN,0.000000000000e+00
1098,0,IQUAL_TN,3.758680369475e+02
1098,0,ADQAL_TN,0.000000000000e+00
1098,0,DSQAL_TN,0.000000000000e+00
1098,0,DEPQAL_TN,0.000000000000e+00
1098,0,SCRQAL_TN,0.000000000000e+00
1098,1,QUAL_TN,3.758680369475e+02
1098,1,QUBP_TN,0.000000000000e+00
1098,0,DRAT_IGQL_TP,6.020701460150e+01
1098,0,DRAT_OGQL_TP,6.020701460150e+01
1098,-1,USQUAL_TP,0.000000000000e+00
1098,-2,LUQUAL_TP,6.020701460150e+01
1098,-1,USQUBP_TP,0.000000000000e+00
1098,-2,LUQUBP_TP,0.000000000000e+00
1098,-5,IRWDQUAL_TP,0.000000000000e+00
1098,-7,INFILTQUAL_TP,0.000000000000e+00
1098,-8,INFILTQUALTARGET_TP,0.000000000000e+00
1098,0,ADTOT_TP,0.000000000000e+00
1098,0,IQUAL_TP,6.020701460150e+01
1098,0,ADQAL_TP,0.000000000000e+00
1098,0,DSQAL_TP,0.000000000000e+00
1098,0,DEPQAL_TP,0.000000000000e+00
1098,0,SCRQAL_TP,0.000000000000e+00
1098,1,QUAL_TP,6.020701460150e+01
1098,1,QUBP_TP,0.000000000000e+00
1098,0,DRAT_IGQL_TCd,1.126988441732e-01
1098,0,DRAT_OGQL_TCd,1.126988441732e-01
1098,-1,USQUAL_TCd,0.000000000000e+00
1098,-2,LUQUAL_TCd,1.126988441732e-01
1098,-1,USQUBP_TCd,0.000000000000e+00
1098,-2,LUQUBP_TCd,0.000000000000e+00
1098,-5,IRWDQUAL_TCd,0.000000000000e+00
1098,-7,INFILTQUAL_TCd,0.000000000000e+00
1098,-8,INFILTQUALTARGET_TCd,0.000000000000e+00
1098,0,ADTOT_TCd,0.000000000000e+00
1098,0,IQUAL_TCd,1.126988441732e-01
1098,0,ADQAL_TCd,0.000000000000e+00
1098,0,DSQAL_TCd,0.000000000000e+00
1098,0,DEPQAL_TCd,0.000000000000e+00
1098,0,SCRQAL_TCd,0.000000000000e+00
1098,1,QUAL_TCd,1.126988441732e-01
1098,1,QUBP_TCd,0.000000000000e+00
1098,0,DRAT_IGQL_TCu,1.132056292048e+01
1098,0,DRAT_OGQL_TCu,1.132056292048e+01
1098,-1,USQUAL_TCu,0.000000000000e+00
1098,-2,LUQUAL_TCu,1.132056292048e+01
1098,-1,USQUBP_TCu,0.000000000000e+00
1098,-2,LUQUBP_TCu,0.000000000000e+00
1098,-5,IRWDQUAL_TCu,0.000000000000e+00
1098,-7,INFILTQUAL_TCu,0.000000000000e+00
1098,-8,INFILTQUALTARGET_TCu,0.000000000000e+00
1098,0,ADTOT_TCu,0.000000000000e+00
1098,0,IQUAL_TCu,1.132056292048e+01
1098,0,ADQAL_TCu,0.000000000000e+00
1098,0,DSQAL_TCu,0.000000000000e+00
1098,0,DEPQAL_TCu,0.000000000000e+00
1098,0,SCRQAL_TCu,0.000000000000e+00
1098,1,QUAL_TCu,1.132056292048e+01
1098,1,QUBP_TCu,0.000000000000e+00
1098,0,DRAT_IGQL_TPb,9.376838707684e+00
1098,0,DRAT_OGQL_TPb,9.376838707684e+00
1098,-1,USQUAL_TPb,0.000000000000e+00
1098,-2,LUQUAL_TPb,9.376838707684e+00
1098,-1,USQUBP_TPb,0.000000000000e+00
1098,-2,LUQUBP_TPb,0.000000000000e+00
1098,-5,IRWDQUAL_TPb,0.000000000000e+00
1098,-7,INFILTQUAL_TPb,0.000000000000e+00
1098,-8,INFILTQUALTARGET_TPb,0.000000000000e+00
1098,0,ADTOT_TPb,0.000000000000e+00
1098,0,IQUAL_TPb,9.376838707684e+00
1098,0,ADQAL_TPb,0.000000000000e+00
1098,0,DSQAL_TPb,0.000000000000e+00
1098,0,DEPQAL_TPb,0.000000000000e+00
1098,0,SCRQAL_TPb,0.000000000000e+00
1098,1,QUAL_TPb,9.376838707684e+00
1098,1,QUBP_TPb,0.000000000000e+00
1098,0,DRAT_IGQL_TZn,4.617162318258e+01
1098,0,DRAT_OGQL_TZn,4.617162318258e+01
1098,-1,USQUAL_TZn,0.000000000000e+00
1098,-2,LUQUAL_TZn,4.617162318258e+01
1098,-1,USQUBP_TZn,0.000000000000e+00
1098,-2,LUQUBP_TZn,0.000000000000e+00
1098,-5,IRWDQUAL_TZn,0.000000000000e+00
1098,-7,INFILTQUAL_TZn,0.000000000000e+00
1098,-8,INFILTQUALTARGET_TZn,0.000000000000e+00
1098,0,ADTOT_TZn,0.000000000000e+00
1098,0,IQUAL_TZn,4.617162318258e+01
1098,0,ADQAL_TZn,0.000000000000e+00
1098,0,DSQAL_TZn,0.000000000000e+00
1098,0,DEPQAL_TZn,0.000000000000e+00
1098,0,SCRQAL_TZn,0.000000000000e+00
1098,1,QUAL_TZn,4.617162318258e+01
1098,1,QUBP_TZn,0.000000000000e+00
1099,0,DRAT_IVOL,6.788556931899e+06
1099,0,DRAT_OVOL,6.788556931899e+06
1099,-1,USLINK,0.000000000000e+00
1099,-1,PCP,0.000000000000e+00
1099,-1,EVAP,0.000000000000e+00
1099,-1,INFILT,0.000000000000e+00
1099,-1,USIF,0.000000000000e+00
1099,-2,LUIF,6.788556931899e+06
1099,-1,USBP,0.000000000000e+00
1099,-2,LUBP,0.000000000000e+00
1099,-5,IRWD,0.000000000000e+00
1099,0,IVOL,6.788556931899e+06
1099,1,RO,6.788556931899e+06
1099,1,BP,0.000000000000e+00
1099,0,DRAT_ISED_1,3.006972077502e+00
1099,0,DRAT_OSED_1,3.006972077502e+00
1099,-1,USSED_1,0.000000000000e+00
1099,-2,LUSED_1,3.006972077502e+00
1099,-1,USSBP_1,0.000000000000e+00
1099,-2,LUSBP_1,0.000000000000e+00
1099,-5,IRWDSED_1,0.000000000000e+00
1099,0,ISED_1,3.006972077502e+00
1099,0,DEPSCR_1,0.000000000000e+00
1099,0,DEPMASS_1,0.000000000000e+00
1099,0,SCRMASS_1,0.000000000000e+00
1099,0,BEDSED_1,0.000000000000e+00
1099,1,ROSED_1,3.006972077502e+00
1099,1,BPSED_1,0.000000000000e+00
1099,0,DRAT_ISED_2,1.725951949181e+01
1099,0,DRAT_OSED_2,1.725951949181e+01
1099,-1,USSED_2,0.000000000000e+00
1099,-2,LUSED_2,1.725951949181e+01
1099,-1,USSBP_2,0.000000000000e+00
1099,-2,LUSBP_2,0.000000000000e+00
1099,-5,IRWDSED_2,0.000000000000e+00
1099,0,ISED_2,1.725951949181e+01
1099,0,DEPSCR_2,0.000000000000e+00
1099,0,DEPMASS_2,0.000000000000e+00
1099,0,SCRMASS_2,0.000000000000e+00
1099,0,BEDSED_2,0.000000000000e+00
1099,1,ROSED_2,1.725951949181e+01
1099,1,BPSED_2,0.000000000000e+00
1099,0,DRAT_ISED_3,5.213916981182e+00
1099,0,DRAT_OSED_3,5.213916981182e+00
1099,-1,USSED_3,0.000000000000e+00
1099,-2,LUSED_3,5.213916981182e+00
1099,-1,USSBP_3,0.000000000000e+00
1099,-2,LUSBP_3,0.000000000000e+00
1099,-5,IRWDSED_3,0.000000000000e+00
1099,0,ISED_3,5.213916981182e+00
1099,0,DEPSCR_3,0.000000000000e+00
1099,0,DEPMASS_3,0.000000000000e+00
1099,0,SCRMASS_3,0.000000000000e+00
1099,0,BEDSED_3,0.000000000000e+00
1099,1,ROSED_3,5.213916981182e+00
1099,1,BPSED_3,0.000000000000e+00
1099,0,DRAT_IGQL_TN,9.448778308640e+02
1099,0,DRAT_OGQL_TN,9.448778308640e+02
1099,-1,USQUAL_TN,0.000000000000e+00
1099,-2,LUQUAL_TN,9.448778308640e+02
1099,-1,USQUBP_TN,0.000000000000e+00
1099,-2,LUQUBP_TN,0.000000000000e+00
1099,-5,IRWDQUAL_TN,0.000000000000e+00
1099,-7,INFILTQUAL_TN,0.000000000000e+00
1099,-8,INFILTQUALTARGET_TN,0.000000000000e+00
1099,0,ADTOT_TN,0.000000000000e+00
1099,0,IQUAL_TN,9.448778308640e+02
1099,0,ADQAL_TN,0.000000000000e+00
1099,0,DSQAL_TN,0.000000000000e+00
1099,0,DEPQAL_TN,0.000000000000e+00
1099,0,SCRQAL_TN,0.000000000000e+00
1099,1,QUAL_TN,9.448778308640e+02
1099,1,QUBP_TN,0.000000000000e+00
1099,0,DRAT_IGQL_TP,1.498940902234e+02
1099,0,DRAT_OGQL_TP,1.498940902234e+02
1099,-1,USQUAL_TP,0.000000000000e+00
1099,-2,LUQUAL_TP,1.498940902234e+02
1099,-1,USQUBP_TP,0.000000000000e+00
1099,-2,LUQUBP_TP,0.000000000000e+00
1099,-5,IRWDQUAL_TP,0.000000000000e+00
1099,-7,INFILTQUAL_TP,0.000000000000e+00
1099,-8,INFILTQUALTARGET_TP,0.000000000000e+00
1099,0,ADTOT_TP,0.000000000000e+00
1099,0,IQUAL_TP,1.498940902234e+02
1099,0,ADQAL_TP,0.000000000000e+00
1099,0,DSQAL_TP,0.000000000000e+00
1099,0,DEPQAL_TP,0.000000000000e+00
1099,0,SCRQAL_TP,0.000000000000e+00
1099,1,QUAL_TP,1.498940902234e+02
1099,1,QUBP_TP,0.000000000000e+00
1099,0,DRAT_IGQL_TCd,2.925636927494e-01
1099,0,DRAT_OGQL_TCd,2.925636927494e-01
1099,-1,USQUAL_TCd,0.000000000000e+00
1099,-2,LUQUAL_TCd,2.925636927494e-01
1099,-1,USQUBP_TCd,0.000000000000e+00
1099,-2,LUQUBP_TCd,0.000000000000e+00
1099,-5,IRWDQUAL_TCd,0.000000000000e+00
1099,-7,INFILTQUAL_TCd,0.000000000000e+00
1099,-8,INFILTQUALTARGET_TCd,0.000000000000e+00
1099,0,ADTOT_TCd,0.000000000000e+00
1099,0,IQUAL_TCd,2.925636927494e-01
1099,0,ADQAL_TCd,0.000000000000e+00
1099,0,DSQAL_TCd,0.000000000000e+00
1099,0,DEPQAL_TCd,0.000000000000e+00
1099,0,SCRQAL_TCd,0.000000000000e+00
1099,1,QUAL_TCd,2.925636927494e-01
1099,1,QUBP_TCd,0.000000000000e+00
1099,0,DRAT_IGQL_TCu,2.935994592194e+01
1099,0,DRAT_OGQL_TCu,2.935994592194e+01
1099,-1,USQUAL_TCu,0.000000000000e+00
1099,-2,LUQUAL_TCu,2.935994592194e+01
1099,-1,USQUBP_TCu,0.000000000000e+00
1099,-2,LUQUBP_TCu,0.000000000000e+00
1099,-5,IRWDQUAL_TCu,0.000000000000e+00
1099,-7,INFILTQUAL_TCu,0.000000000000e+00
1099,-8,INFILTQUALTARGET_TCu,0.000000000000e+00
1099,0,ADTOT_TCu,0.000000000000e+00
1099,0,IQUAL_TCu,2.935994592194e+01
1099,0,ADQAL_TCu,0.000000000000e+00
1099,0,DSQAL_TCu,0.000000000000e+00
1099,0,DEPQAL_TCu,0.000000000000e+00
1099,0,SCRQAL_TCu,0.000000000000e+00
1099,1,QUAL_TCu,2.935994592194e+01
1099,1,QUBP_TCu,0.000000000000e+00
1099,0,DRAT_IGQL_TPb,2.114601163880e+01
1099,0,DRAT_OGQL_TPb,2.114601163880e+01
1099,-1,USQUAL_TPb,0.000000000000e+00
1099,-2,LUQUAL_TPb,2.114601163880e+01
1099,-1,USQUBP_TPb,0.000000000000e+00
1099,-2,LUQUBP_TPb,0.000000000000e+00
1099,-5,IRWDQUAL_TPb,0.000000000000e+00
1099,-7,INFILTQUAL_TPb,0.000000000000e+00
1099,-8,INFILTQUALTARGET_TPb,0.000000000000e+00
1099,0,ADTOT_TPb,0.000000000000e+00
1099,0,IQUAL_TPb,2.114601163880e+01
1099,0,ADQAL_TPb,0.000000000000e+00
1099,0,DSQAL_TPb,0.000000000000e+00
1099,0,DEPQAL_TPb,0.000000000000e+00
1099,0,SCRQAL_TPb,0.000000000000e+00
1099,1,QUAL_TPb,2.114601163880e+01
1099,1,QUBP_TPb,0.000000000000e+00
1099,0,DRAT_IGQL_TZn,1.139425515180e+02
1099,0,DRAT_OGQL_TZn,1.139425515180e+02
1099,-1,USQUAL_TZn,0.000000000000e+00
1099,-2,LUQUAL_TZn,1.139425515180e+02
1099,-1,USQUBP_TZn,0.000000000000e+00
1099,-2,LUQUBP_TZn,0.000000000000e+00
1099,-5,IRWDQUAL_TZn,0.000000000000e+00
1099,-7,INFILTQUAL_TZn,0.000000000000e+00
1099,-8,INFILTQUALTARGET_TZn,0.000000000000e+00
1099,0,ADTOT_TZn,0.000000000000e+00
1099,0,IQUAL_TZn,1.139425515180e+02
1099,0,ADQAL_TZn,0.000000000000e+00
1099,0,DSQAL_TZn,0.000000000000e+00
1099,0,DEPQAL_TZn,0.000000000000e+00
1099,0,SCRQAL_TZn,0.000000000000e+00
1099,1,QUAL_TZn,1.139425515180e+02
1099,1,QUBP_TZn,0.000000000000e+00
1101,0,DRAT_IVOL,1.147217573641e+07
1101,0,DRAT_OVOL,1.131628930727e+07
1101,-1,USLINK,0.000000000000e+00
1101,-1,PCP,1.545024274860e+05
1101,-1,EVAP,1.558959354135e+05
1101,-1,INFILT,0.000000000000e+00
1101,-1,USIF,0.000000000000e+00
1101,-2,LUIF,1.131767330893e+07
1101,-1,USBP,0.000000000000e+00
1101,-2,LUBP,0.000000000000e+00
1101,-5,IRWD,0.000000000000e+00
1101,0,IVOL,1.131767330893e+07
1101,1,RO,1.131628930727e+07
1101,1,BP,0.000000000000e+00
1101,0,DRAT_ISED_1,6.406953091074e+00
1101,0,DRAT_OSED_1,1.355364486804e+00
1101,-1,USSED_1,0.000000000000e+00
1101,-2,LUSED_1,6.331671345645e+00
1101,-1,USSBP_1,0.000000000000e+00
1101,-2,LUSBP_1,0.000000000000e+00
1101,-5,IRWDSED_1,0.000000000000e+00
1101,0,ISED_1,6.331671345645e+00
1101,0,DEPSCR_1,4.976306858841e+00
1101,0,DEPMASS_1,5.051588604270e+00
1101,0,SCRMASS_1,7.528174542922e-02
1101,0,BEDSED_1,2.177952932237e+06
1101,1,ROSED_1,1.355364486804e+00
1101,1,BPSED_1,0.000000000000e+00
1101,0,DRAT_ISED_2,2.276856567091e+01
1101,0,DRAT_OSED_2,2.273214282342e+01
1101,-1,USSED_2,0.000000000000e+00
1101,-2,LUSED_2,2.269953643302e+01
1101,-1,USSBP_2,0.000000000000e+00
1101,-2,LUSBP_2,0.000000000000e+00
1101,-5,IRWDSED_2,0.000000000000e+00
1101,0,ISED_2,2.269953643302e+01
1101,0,DEPSCR_2,-3.255311846287e-02
1101,0,DEPMASS_2,3.647611942906e-02
1101,0,SCRMASS_2,6.902923789193e-02
1101,0,BEDSED_2,1.324497129731e+07
1101,1,ROSED_2,2.273214282342e+01
1101,1,BPSED_2,0.000000000000e+00
1101,0,DRAT_ISED_3,9.472149539746e+00
1101,0,DRAT_OSED_3,9.472164673731e+00
1101,-1,USSED_3,0.000000000000e+00
1101,-2,LUSED_3,8.033284017928e+00
1101,-1,USSBP_3,0.000000000000e+00
1101,-2,LUSBP_3,0.000000000000e+00
1101,-5,IRWDSED_3,0.000000000000e+00
1101,0,ISED_3,8.033284017928e+00
1101,0,DEPSCR_3,-1.438865521817e+00
1101,0,DEPMASS_3,0.000000000000e+00
1101,0,SCRMASS_3,1.438865521817e+00
1101,0,BEDSED_3,3.699798467303e+06
1101,1,ROSED_3,9.472164673731e+00
1101,1,BPSED_3,0.000000000000e+00
1101,0,DRAT_IGQL_TN,1.364027551635e+03
1101,0,DRAT_OGQL_TN,1.358086909803e+03
1101,-1,USQUAL_TN,0.000000000000e+00
1101,-2,LUQUAL_TN,1.364027551635e+03
1101,-1,USQUBP_TN,0.000000000000e+00
1101,-2,LUQUBP_TN,0.000000000000e+00
1101,-5,IRWDQUAL_TN,0.000000000000e+00
1101,-7,INFILTQUAL_TN,0.000000000000e+00
1101,-8,INFILTQUALTARGET_TN,0.000000000000e+00
1101,0,ADTOT_TN,0.000000000000e+00
1101,0,IQUAL_TN,1.364027551635e+03
1101,0,ADQAL_TN,0.000000000000e+00
1101,0,DSQAL_TN,0.000000000000e+00
1101,0,DEPQAL_TN,0.000000000000e+00
1101,0,SCRQAL_TN,0.000000000000e+00
1101,1,QUAL_TN,1.358086909803e+03
1101,1,QUBP_TN,0.000000000000e+00
1101,0,DRAT_IGQL_TP,2.036143787094e+02
1101,0,DRAT_OGQL_TP,2.028133167700e+02
1101,-1,USQUAL_TP,0.000000000000e+00
1101,-2,LUQUAL_TP,2.036143787094e+02
1101,-1,USQUBP_TP,0.000000000000e+00
1101,-2,LUQUBP_TP,0.000000000000e+00
1101,-5,IRWDQUAL_TP,0.000000000000e+00
1101,-7,INFILTQUAL_TP,0.000000000000e+00
1101,-8,INFILTQUALTARGET_TP,0.000000000000e+00
1101,0,ADTOT_TP,0.000000000000e+00
1101,0,IQUAL_TP,2.036143787094e+02
1101,0,ADQAL_TP,0.000000000000e+00
1101,0,DSQAL_TP,0.000000000000e+00
1101,0,DEPQAL_TP,0.000000000000e+00
1101,0,SCRQAL_TP,0.000000000000e+00
1101,1,QUAL_TP,2.028133167700e+02
1101,1,QUBP_TP,0.000000000000e+00
1101,0,DRAT_IGQL_TCd,3.574292883729e-01
1101,0,DRAT_OGQL_TCd,3.559599411058e-01
1101,-1,USQUAL_TCd,0.000000000000e+00
1101,-2,LUQUAL_TCd,3.574292883729e-01
1101,-1,USQUBP_TCd,0.000000000000e+00
1101,-2,LUQUBP_TCd,0.000000000000e+00
1101,-5,IRWDQUAL_TCd,0.000000000000e+00
1101,-7,INFILTQUAL_TCd,0.000000000000e+00
1101,-8,INFILTQUALTARGET_TCd,0.000000000000e+00
1101,0,ADTOT_TCd,0.000000000000e+00
1101,0,IQUAL_TCd,3.574292883729e-01
1101,0,ADQAL_TCd,0.000000000000e+00
1101,0,DSQAL_TCd,0.000000000000e+00
1101,0,DEPQAL_TCd,0.000000000000e+00
1101,0,SCRQAL_TCd,0.000000000000e+00
1101,1,QUAL_TCd,3.559599411058e-01
1101,1,QUBP_TCd,0.000000000000e+00
1101,0,DRAT_IGQL_TCu,3.606634547975e+01
1101,0,DRAT_OGQL_TCu,3.591891200417e+01
1101,-1,USQUAL_TCu,0.000000000000e+00
1101,-2,LUQUAL_TCu,3.606634547975e+01
1101,-1,USQUBP_TCu,0.000000000000e+00
1101,-2,LUQUBP_TCu,0.000000000000e+00
1101,-5,IRWDQUAL_TCu,0.000000000000e+00
1101,-7,INFILTQUAL_TCu,0.000000000000e+00
1101,-8,INFILTQUALTARGET_TCu,0.000000000000e+00
1101,0,ADTOT_TCu,0.000000000000e+00
1101,0,IQUAL_TCu,3.606634547975e+01
1101,0,ADQAL_TCu,0.000000000000e+00
1101,0,DSQAL_TCu,0.000000000000e+00
1101,0,DEPQAL_TCu,0.000000000000e+00
1101,0,SCRQAL_TCu,0.000000000000e+00
1101,1,QUAL_TCu,3.591891200417e+01
1101,1,QUBP_TCu,0.000000000000e+00
1101,0,DRAT_IGQL_TPb,2.930829855511e+01
1101,0,DRAT_OGQL_TPb,2.919064946404e+01
1101,-1,USQUAL_TPb,0.000000000000e+00
1101,-2,LUQUAL_TPb,2.930829855511e+01
1101,-1,USQUBP_TPb,0.000000000000e+00
1101,-2,LUQUBP_TPb,0.000000000000e+00
1101,-5,IRWDQUAL_TPb,0.000000000000e+00
1101,-7,INFILTQUAL_TPb,0.000000000000e+00
1101,-8,INFILTQUALTARGET_TPb,0.000000000000e+00
1101,0,ADTOT_TPb,0.000000000000e+00
1101,0,IQUAL_TPb,2.930829855511e+01
1101,0,ADQAL_TPb,0.000000000000e+00
1101,0,DSQAL_TPb,0.000000000000e+00
1101,0,DEPQAL_TPb,0.000000000000e+00
1101,0,SCRQAL_TPb,0.000000000000e+00
1101,1,QUAL_TPb,2.919064946404e+01
1101,1,QUBP_TPb,0.000000000000e+00
1101,0,DRAT_IGQL_TZn,1.509502993665e+02
1101,0,DRAT_OGQL_TZn,1.503475267807e+02
1101,-1,USQUAL_TZn,0.000000000000e+00
1101,-2,LUQUAL_TZn,1.509502993665e+02
1101,-1,USQUBP_TZn,0.000000000000e+00
1101,-2,LUQUBP_TZn,0.000000000000e+00
1101,-5,IRWDQUAL_TZn,0.000000000000e+00
1101,-7,INFILTQUAL_TZn,0.000000000000e+00
1101,-8,INFILTQUALTARGET_TZn,0.000000000000e+00
1101,0,ADTOT_TZn,0.000000000000e+00
1101,0,IQUAL_TZn,1.509502993665e+02
1101,0,ADQAL_TZn,0.000000000000e+00
1101,0,DSQAL_TZn,0.000000000000e+00
1101,0,DEPQAL_TZn,0.000000000000e+00
1101,0,SCRQAL_TZn,0.000000000000e+00
1101,1,QUAL_TZn,1.503475267807e+02
1101,1,QUBP_TZn,0.000000000000e+00
1104,0,DRAT_IVOL,1.672828890604e+07
1104,0,DRAT_OVOL,1.672828890604e+07
1104,-1,USLINK,0.000000000000e+00
1104,-1,PCP,0.000000000000e+00
1104,-1,EVAP,0.000000000000e+00
1104,-1,INFILT,0.000000000000e+00
1104,-1,USIF,0.000000000000e+00
1104,-2,LUIF,1.672828890604e+07
1104,-1,USBP,0.000000000000e+00
1104,-2,LUBP,0.000000000000e+00
1104,-5,IRWD,0.000000000000e+00
1104,0,IVOL,1.672828890604e+07
1104,1,RO,1.672828890604e+07
1104,1,BP,0.000000000000e+00
1104,0,DRAT_ISED_1,1.768278176328e+01
1104,0,DRAT_OSED_1,1.768278176328e+01
1104,-1,USSED_1,0.000000000000e+00
1104,-2,LUSED_1,1.768278176328e+01
1104,-1,USSBP_1,0.000000000000e+00
1104,-2,LUSBP_1,0.000000000000e+00
1104,-5,IRWDSED_1,0.000000000000e+00
1104,0,ISED_1,1.768278176328e+01
1104,0,DEPSCR_1,0.000000000000e+00
1104,0,DEPMASS_1,0.000000000000e+00
1104,0,SCRMASS_1,0.000000000000e+00
1104,0,BEDSED_1,0.000000000000e+00
1104,1,ROSED_1,1.768278176328e+01
1104,1,BPSED_1,0.000000000000e+00
1104,0,DRAT_ISED_2,2.914712657680e+01
1104,0,DRAT_OSED_2,2.914712657680e+01
1104,-1,USSED_2,0.000000000000e+00
1104,-2,LUSED_2,2.914712657680e+01
1104,-1,USSBP_2,0.000000000000e+00
1104,-2,LUSBP_2,0.000000000000e+00
1104,-5,IRWDSED_2,0.000000000000e+00
1104,0,ISED_2,2.914712657680e+01
1104,0,DEPSCR_2,0.000000000000e+00
1104,0,DEPMASS_2,0.000000000000e+00
1104,0,SCRMASS_2,0.000000000000e+00
1104,0,BEDSED_2,0.000000000000e+00
1104,1,ROSED_2,2.914712657680e+01
1104,1,BPSED_2,0.000000000000e+00
1104,0,DRAT_ISED_3,1.173718433801e+01
1104,0,DRAT_OSED_3,1.173718433801e+01
1104,-1,USSED_3,0.000000000000e+00
1104,-2,LUSED_3,1.173718433801e+01
1104,-1,USSBP_3,0.000000000000e+00
1104,-2,LUSBP_3,0.000000000000e+00
1104,-5,IRWDSED_3,0.000000000000e+00
1104,0,ISED_3,1.173718433801e+01
1104,0,DEPSCR_3,0.000000000000e+00
1104,0,DEPMASS_3,0.000000000000e+00
1104,0,SCRMASS_3,0.000000000000e+00
1104,0,BEDSED_3,0.000000000000e+00
1104,1,ROSED_3,1.173718433801e+01
1104,1,BPSED_3,0.000000000000e+00
1104,0,DRAT_IGQL_TN,2.118568669051e+03
1104,0,DRAT_OGQL_TN,2.118568669051e+03
1104,-1,USQUAL_TN,0.000000000000e+00
1104,-2,LUQUAL_TN,2.118568669051e+03
1104,-1,USQUBP_TN,0.000000000000e+00
1104,-2,LUQUBP_TN,0.000000000000e+00
1104,-5,IRWDQUAL_TN,0.000000000000e+00
1104,-7,INFILTQUAL_TN,0.000000000000e+00
1104,-8,INFILTQUALTARGET_TN,0.000000000000e+00
1104,0,ADTOT_TN,0.000000000000e+00
1104,0,IQUAL_TN,2.118568669051e+03
1104,0,ADQAL_TN,0.000000000000e+00
1104,0,DSQAL_TN,0.000000000000e+00
1104,0,DEPQAL_TN,0.000000000000e+00
1104,0,SCRQAL_TN,0.000000000000e+00
1104,1,QUAL_TN,2.118568669051e+03
1104,1,QUBP_TN,0.000000000000e+00
1104,0,DRAT_IGQL_TP,2.967019127950e+02
1104,0,DRAT_OGQL_TP,2.967019127950e+02
1104,-1,USQUAL_TP,0.000000000000e+00
1104,-2,LUQUAL_TP,2.967019127950e+02
1104,-1,USQUBP_TP,0.000000000000e+00
1104,-2,LUQUBP_TP,0.000000000000e+00
1104,-5,IRWDQUAL_TP,0.000000000000e+00
1104,-7,INFILTQUAL_TP,0.000000000000e+00
1104,-8,INFILTQUALTARGET_TP,0.000000000000e+00
1104,0,ADTOT_TP,0.000000000000e+00
1104,0,IQUAL_TP,2.967019127950e+02
1104,0,ADQAL_TP,0.000000000000e+00
1104,0,DSQAL_TP,0.000000000000e+00
1104,0,DEPQAL_TP,0.000000000000e+00
1104,0,SCRQAL_TP,0.000000000000e+00
1104,1,QUAL_TP,2.967019127950e+02
1104,1,QUBP_TP,0.000000000000e+00
1104,0,DRAT_IGQL_TCd,3.631846293829e-01
1104,0,DRAT_OGQL_TCd,3.631846293829e-01
1104,-1,USQUAL_TCd,0.000000000000e+00
1104,-2,LUQUAL_TCd,3.631846293829e-01
1104,-1,USQUBP_TCd,0.000000000000e+00
1104,-2,LUQUBP_TCd,0.000000000000e+00
1104,-5,IRWDQUAL_TCd,0.000000000000e+00
1104,-7,INFILTQUAL_TCd,0.000000000000e+00
1104,-8,INFILTQUALTARGET_TCd,0.000000000000e+00
1104,0,ADTOT_TCd,0.000000000000e+00
1104,0,IQUAL_TCd,3.631846293829e-01
1104,0,ADQAL_TCd,0.000000000000e+00
1104,0,DSQAL_TCd,0.000000000000e+00
1104,0,DEPQAL_TCd,0.000000000000e+00
1104,0,SCRQAL_TCd,0.000000000000e+00
1104,1,QUAL_TCd,3.631846293829e-01
1104,1,QUBP_TCd,0.000000000000e+00
1104,0,DRAT_IGQL_TCu,3.677698504534e+01
1104,0,DRAT_OGQL_TCu,3.677698504534e+01
1104,-1,USQUAL_TCu,0.000000000000e+00
1104,-2,LUQUAL_TCu,3.677698504534e+01
1104,-1,USQUBP_TCu,0.000000000000e+00
1104,-2,LUQUBP_TCu,0.000000000000e+00
1104,-5,IRWDQUAL_TCu,0.000000000000e+00
1104,-7,INFILTQUAL_TCu,0.000000000000e+00
1104,-8,INFILTQUALTARGET_TCu,0.000000000000e+00
1104,0,ADTOT_TCu,0.000000000000e+00
1104,0,IQUAL_TCu,3.677698504534e+01
1104,0,ADQAL_TCu,0.000000000000e+00
1104,0,DSQAL_TCu,0.000000000000e+00
1104,0,DEPQAL_TCu,0.000000000000e+00
1104,0,SCRQAL_TCu,0.000000000000e+00
1104,1,QUAL_TCu,3.677698504534e+01
1104,1,QUBP_TCu,0.000000000000e+00
1104,0,DRAT_IGQL_TPb,3.765191675063e+01
1104,0,DRAT_OGQL_TPb,3.765191675063e+01
1104,-1,USQUAL_TPb,0.000000000000e+00
1104,-2,LUQUAL_TPb,3.765191675063e+01
1104,-1,USQUBP_TPb,0.000000000000e+00
1104,-2,LUQUBP_TPb,0.000000000000e+00
1104,-5,IRWDQUAL_TPb,0.000000000000e+00
1104,-7,INFILTQUAL_TPb,0.000000000000e+00
1104,-8,INFILTQUALTARGET_TPb,0.000000000000e+00
1104,0,ADTOT_TPb,0.000000000000e+00
1104,0,IQUAL_TPb,3.765191675063e+01
1104,0,ADQAL_TPb,0.000000000000e+00
1104,0,DSQAL_TPb,0.000000000000e+00
1104,0,DEPQAL_TPb,0.000000000000e+00
1104,0,SCRQAL_TPb,0.000000000000e+00
1104,1,QUAL_TPb,3.765191675063e+01
1104,1,QUBP_TPb,0.000000000000e+00
1104,0,DRAT_IGQL_TZn,1.612226969493e+02
1104,0,DRAT_OGQL_TZn,1.612226969493e+02
1104,-1,USQUAL_TZn,0.000000000000e+00
1104,-2,LUQUAL_TZn,1.612226969493e+02
1104,-1,USQUBP_TZn,0.000000000000e+00
1104,-2,LUQUBP_TZn,0.000000000000e+00
1104,-5,IRWDQUAL_TZn,0.000000000000e+00
1104,-7,INFILTQUAL_TZn,0.000000000000e+00
1104,-8,INFILTQUALTARGET_TZn,0.000000000000e+00
1104,0,ADTOT_TZn,0.000000000000e+00
1104,0,IQUAL_TZn,1.612226969493e+02
1104,0,ADQAL_TZn,0.000000000000e+00
1104,0,DSQAL_TZn,0.000000000000e+00
1104,0,DEPQAL_TZn,0.000000000000e+00
1104,0,SCRQAL_TZn,0.000000000000e+00
1104,1,QUAL_TZn,1.612226969493e+02
1104,1,QUBP_TZn,0.000000000000e+00
1106,0,DRAT_IVOL,1.758369044986e+07
1106,0,DRAT_OVOL,1.758369044986e+07
1106,-1,USLINK,0.000000000000e+00
1106,-1,PCP,0.000000000000e+00
1106,-1,EVAP,0.000000000000e+00
1106,-1,INFILT,0.000000000000e+00
1106,-1,USIF,0.000000000000e+00
1106,-2,LUIF,1.758369044986e+07
1106,-1,USBP,0.000000000000e+00
1106,-2,LUBP,0.000000000000e+00
1106,-5,IRWD,0.000000000000e+00
1106,0,IVOL,1.758369044986e+07
1106,1,RO,1.758369044986e+07
1106,1,BP,0.000000000000e+00
1106,0,DRAT_ISED_1,7.639185342956e+00
1106,0,DRAT_OSED_1,7.639185342956e+00
1106,-1,USSED_1,0.000000000000e+00
1106,-2,LUSED_1,7.639185342956e+00
1106,-1,USSBP_1,0.000000000000e+00
1106,-2,LUSBP_1,0.000000000000e+00
1106,-5,IRWDSED_1,0.000000000000e+00
1106,0,ISED_1,7.639185342956e+00
1106,0,DEPSCR_1,0.000000000000e+00
1106,0,DEPMASS_1,0.000000000000e+00
1106,0,SCRMASS_1,0.000000000000e+00
1106,0,BEDSED_1,0.000000000000e+00
1106,1,ROSED_1,7.639185342956e+00
1106,1,BPSED_1,0.000000000000e+00
1106,0,DRAT_ISED_2,3.595816536539e+01
1106,0,DRAT_OSED_2,3.595816536539e+01
1106,-1,USSED_2,0.000000000000e+00
1106,-2,LUSED_2,3.595816536539e+01
1106,-1,USSBP_2,0.000000000000e+00
1106,-2,LUSBP_2,0.000000000000e+00
1106,-5,IRWDSED_2,0.000000000000e+00
1106,0,ISED_2,3.595816536539e+01
1106,0,DEPSCR_2,0.000000000000e+00
1106,0,DEPMASS_2,0.000000000000e+00
1106,0,SCRMASS_2,0.000000000000e+00
1106,0,BEDSED_2,0.000000000000e+00
1106,1,ROSED_2,3.595816536539e+01
1106,1,BPSED_2,0.000000000000e+00
1106,0,DRAT_ISED_3,1.090913967896e+01
1106,0,DRAT_OSED_3,1.090913967896e+01
1106,-1,USSED_3,0.000000000000e+00
1106,-2,LUSED_3,1.090913967896e+01
1106,-1,USSBP_3,0.000000000000e+00
1106,-2,LUSBP_3,0.000000000000e+00
1106,-5,IRWDSED_3,0.000000000000e+00
1106,0,ISED_3,1.090913967896e+01
1106,0,DEPSCR_3,0.000000000000e+00
1106,0,DEPMASS_3,0.000000000000e+00
1106,0,SCRMASS_3,0.000000000000e+00
1106,0,BEDSED_3,0.000000000000e+00
1106,1,ROSED_3,1.090913967896e+01
1106,1,BPSED_3,0.000000000000e+00
1106,0,DRAT_IGQL_TN,1.864872188754e+03
1106,0,DRAT_OGQL_TN,1.864872188754e+03
1106,-1,USQUAL_TN,0.000000000000e+00
1106,-2,LUQUAL_TN,1.864872188754e+03
1106,-1,USQUBP_TN,0.000000000000e+00
1106,-2,LUQUBP_TN,0.000000000000e+00
1106,-5,IRWDQUAL_TN,0.000000000000e+00
1106,-7,INFILTQUAL_TN,0.000000000000e+00
1106,-8,INFILTQUALTARGET_TN,0.000000000000e+00
1106,0,ADTOT_TN,0.000000000000e+00
1106,0,IQUAL_TN,1.864872188754e+03
1106,0,ADQAL_TN,0.000000000000e+00
1106,0,DSQAL_TN,0.000000000000e+00
1106,0,DEPQAL_TN,0.000000000000e+00
1106,0,SCRQAL_TN,0.000000000000e+00
1106,1,QUAL_TN,1.864872188754e+03
1106,1,QUBP_TN,0.000000000000e+00
1106,0,DRAT_IGQL_TP,2.990994366570e+02
1106,0,DRAT_OGQL_TP,2.990994366570e+02
1106,-1,USQUAL_TP,0.000000000000e+00
1106,-2,LUQUAL_TP,2.990994366570e+02
1106,-1,USQUBP_TP,0.000000000000e+00
1106,-2,LUQUBP_TP,0.000000000000e+00
1106,-5,IRWDQUAL_TP,0.000000000000e+00
1106,-7,INFILTQUAL_TP,0.000000000000e+00
1106,-8,INFILTQUALTARGET_TP,0.000000000000e+00
1106,0,ADTOT_TP,0.000000000000e+00
1106,0,IQUAL_TP,2.990994366570e+02
1106,0,ADQAL_TP,0.000000000000e+00
1106,0,DSQAL_TP,0.000000000000e+00
1106,0,DEPQAL_TP,0.000000000000e+00
1106,0,SCRQAL_TP,0.000000000000e+00
1106,1,QUAL_TP,2.990994366570e+02
1106,1,QUBP_TP,0.000000000000e+00
1106,0,DRAT_IGQL_TCd,6.179486798442e-01
1106,0,DRAT_OGQL_TCd,6.179486798442e-01
1106,-1,USQUAL_TCd,0.000000000000e+00
1106,-2,LUQUAL_TCd,6.179486798442e-01
1106,-1,USQUBP_TCd,0.000000000000e+00
1106,-2,LUQUBP_TCd,0.000000000000e+00
1106,-5,IRWDQUAL_TCd,0.000000000000e+00
1106,-7,INFILTQUAL_TCd,0.000000000000e+00
1106,-8,INFILTQUALTARGET_TCd,0.000000000000e+00
1106,0,ADTOT_TCd,0.000000000000e+00
1106,0,IQUAL_TCd,6.179486798442e-01
1106,0,ADQAL_TCd,0.000000000000e+00
1106,0,DSQAL_TCd,0.000000000000e+00
1106,0,DEPQAL_TCd,0.000000000000e+00
1106,0,SCRQAL_TCd,0.000000000000e+00
1106,1,QUAL_TCd,6.179486798442e-01
1106,1,QUBP_TCd,0.000000000000e+00
1106,0,DRAT_IGQL_TCu,6.200667683320e+01
1106,0,DRAT_OGQL_TCu,6.200667683320e+01
1106,-1,USQUAL_TCu,0.000000000000e+00
1106,-2,LUQUAL_TCu,6.200667683320e+01
1106,-1,USQUBP_TCu,0.000000000000e+00
1106,-2,LUQUBP_TCu,0.000000000000e+00
1106,-5,IRWDQUAL_TCu,0.000000000000e+00
1106,-7,INFILTQUAL_TCu,0.000000000000e+00
1106,-8,INFILTQUALTARGET_TCu,0.000000000000e+00
1106,0,ADTOT_TCu,0.000000000000e+00
1106,0,IQUAL_TCu,6.200667683320e+01
1106,0,ADQAL_TCu,0.000000000000e+00
1106,0,DSQAL_TCu,0.000000000000e+00
1106,0,DEPQAL_TCu,0.000000000000e+00
1106,0,SCRQAL_TCu,0.000000000000e+00
1106,1,QUAL_TCu,6.200667683320e+01
1106,1,QUBP_TCu,0.000000000000e+00
1106,0,DRAT_IGQL_TPb,4.807339398368e+01
1106,0,DRAT_OGQL_TPb,4.807339398368e+01
1106,-1,USQUAL_TPb,0.000000000000e+00
1106,-2,LUQUAL_TPb,4.807339398368e+01
1106,-1,USQUBP_TPb,0.000000000000e+00
1106,-2,LUQUBP_TPb,0.000000000000e+00
1106,-5,IRWDQUAL_TPb,0.000000000000e+00
1106,-7,INFILTQUAL_TPb,0.000000000000e+00
1106,-8,INFILTQUALTARGET_TPb,0.000000000000e+00
1106,0,ADTOT_TPb,0.000000000000e+00
1106,0,IQUAL_TPb,4.807339398368e+01
1106,0,ADQAL_TPb,0.000000000000e+00
1106,0,DSQAL_TPb,0.000000000000e+00
1106,0,DEPQAL_TPb,0.000000000000e+00
1106,0,SCRQAL_TPb,0.000000000000e+00
1106,1,QUAL_TPb,4.807339398368e+01
1106,1,QUBP_TPb,0.000000000000e+00
1106,0,DRAT_IGQL_TZn,2.653795223635e+02
1106,0,DRAT_OGQL_TZn,2.653795223635e+02
1106,-1,USQUAL_TZn,0.000000000000e+00
1106,-2,LUQUAL_TZn,2.653795223635e+02
1106,-1,USQUBP_TZn,0.000000000000e+00
1106,-2,LUQUBP_TZn,0.000000000000e+00
1106,-5,IRWDQUAL_TZn,0.000000000000e+00
1106,-7,INFILTQUAL_TZn,0.000000000000e+00
1106,-8,INFILTQUALTARGET_TZn,0.000000000000e+00
1106,0,ADTOT_TZn,0.000000000000e+00
1106,0,IQUAL_TZn,2.653795223635e+02
1106,0,ADQAL_TZn,0.000000000000e+00
1106,0,DSQAL_TZn,0.000000000000e+00
1106,0,DEPQAL_TZn,0.000000000000e+00
1106,0,SCRQAL_TZn,0.000000000000e+00
1106,1,QUAL_TZn,2.653795223635e+02
1106,1,QUBP_TZn,0.000000000000e+00
1108,0,DRAT_IVOL,2.654088353640e+07
1108,0,DRAT_OVOL,2.654088353640e+07
1108,-1,USLINK,0.000000000000e+00
1108,-1,PCP,0.000000000000e+00
1108,-1,EVAP,0.000000000000e+00
1108,-1,INFILT,0.000000000000e+00
1108,-1,USIF,0.000000000000e+00
1108,-2,LUIF,2.654088353640e+07
1108,-1,USBP,0.000000000000e+00
1108,-2,LUBP,0.000000000000e+00
1108,-5,IRWD,0.000000000000e+00
1108,0,IVOL,2.654088353640e+07
1108,1,RO,2.654088353640e+07
1108,1,BP,0.000000000000e+00
1108,0,DRAT_ISED_1,1.283843285992e+01
1108,0,DRAT_OSED_1,1.283843285992e+01
1108,-1,USSED_1,0.000000000000e+00
1108,-2,LUSED_1,1.283843285992e+01
1108,-1,USSBP_1,0.000000000000e+00
1108,-2,LUSBP_1,0.000000000000e+00
1108,-5,IRWDSED_1,0.000000000000e+00
1108,0,ISED_1,1.283843285992e+01
1108,0,DEPSCR_1,0.000000000000e+00
1108,0,DEPMASS_1,0.000000000000e+00
1108,0,SCRMASS_1,0.000000000000e+00
1108,0,BEDSED_1,0.000000000000e+00
1108,1,ROSED_1,1.283843285992e+01
1108,1,BPSED_1,0.000000000000e+00
1108,0,DRAT_ISED_2,5.169230377802e+01
1108,0,DRAT_OSED_2,5.169230377802e+01
1108,-1,USSED_2,0.000000000000e+00
1108,-2,LUSED_2,5.169230377802e+01
1108,-1,USSBP_2,0.000000000000e+00
1108,-2,LUSBP_2,0.000000000000e+00
1108,-5,IRWDSED_2,0.000000000000e+00
1108,0,ISED_2,5.169230377802e+01
1108,0,DEPSCR_2,0.000000000000e+00
1108,0,DEPMASS_2,0.000000000000e+00
1108,0,SCRMASS_2,0.000000000000e+00
1108,0,BEDSED_2,0.000000000000e+00
1108,1,ROSED_2,5.169230377802e+01
1108,1,BPSED_2,0.000000000000e+00
1108,0,DRAT_ISED_3,1.677128897434e+01
1108,0,DRAT_OSED_3,1.677128897434e+01
1108,-1,USSED_3,0.000000000000e+00
1108,-2,LUSED_3,1.677128897434e+01
1108,-1,USSBP_3,0.000000000000e+00
1108,-2,LUSBP_3,0.000000000000e+00
1108,-5,IRWDSED_3,0.000000000000e+00
1108,0,ISED_3,1.677128897434e+01
1108,0,DEPSCR_3,0.000000000000e+00
1108,0,DEPMASS_3,0.000000000000e+00
1108,0,SCRMASS_3,0.000000000000e+00
1108,0,BEDSED_3,0.000000000000e+00
1108,1,ROSED_3,1.677128897434e+01
1108,1,BPSED_3,0.000000000000e+00
1108,0,DRAT_IGQL_TN,2.927842439762e+03
1108,0,DRAT_OGQL_TN,2.927842439762e+03
1108,-1,USQUAL_TN,0.000000000000e+00
1108,-2,LUQUAL_TN,2.927842439762e+03
1108,-1,USQUBP_TN,0.000000000000e+00
1108,-2,LUQUBP_TN,0.000000000000e+00
1108,-5,IRWDQUAL_TN,0.000000000000e+00
1108,-7,INFILTQUAL_TN,0.000000000000e+00
1108,-8,INFILTQUALTARGET_TN,0.000000000000e+00
1108,0,ADTOT_TN,0.000000000000e+00
1108,0,IQUAL_TN,2.927842439762e+03
1108,0,ADQAL_TN,0.000000000000e+00
1108,0,DSQAL_TN,0.000000000000e+00
1108,0,DEPQAL_TN,0.000000000000e+00
1108,0,SCRQAL_TN,0.000000000000e+00
1108,1,QUAL_TN,2.927842439762e+03
1108,1,QUBP_TN,0.000000000000e+00
1108,0,DRAT_IGQL_TP,4.465045571752e+02
1108,0,DRAT_OGQL_TP,4.465045571752e+02
1108,-1,USQUAL_TP,0.000000000000e+00
1108,-2,LUQUAL_TP,4.465045571752e+02
1108,-1,USQUBP_TP,0.000000000000e+00
1108,-2,LUQUBP_TP,0.000000000000e+00
1108,-5,IRWDQUAL_TP,0.000000000000e+00
1108,-7,INFILTQUAL_TP,0.000000000000e+00
1108,-8,INFILTQUALTARGET_TP,0.000000000000e+00
1108,0,ADTOT_TP,0.000000000000e+00
1108,0,IQUAL_TP,4.465045571752e+02
1108,0,ADQAL_TP,0.000000000000e+00
1108,0,DSQAL_TP,0.000000000000e+00
1108,0,DEPQAL_TP,0.000000000000e+00
1108,0,SCRQAL_TP,0.000000000000e+00
1108,1,QUAL_TP,4.465045571752e+02
1108,1,QUBP_TP,0.000000000000e+00
1108,0,DRAT_IGQL_TCd,8.324484225536e-01
1108,0,DRAT_OGQL_TCd,8.324484225536e-01
1108,-1,USQUAL_TCd,0.000000000000e+00
1108,-2,LUQUAL_TCd,8.324484225536e-01
1108,-1,USQUBP_TCd,0.000000000000e+00
1108,-2,LUQUBP_TCd,0.000000000000e+00
1108,-5,IRWDQUAL_TCd,0.000000000000e+00
1108,-7,INFILTQUAL_TCd,0.000000000000e+00
1108,-8,INFILTQUALTARGET_TCd,0.000000000000e+00
1108,0,ADTOT_TCd,0.000000000000e+00
1108,0,IQUAL_TCd,8.324484225536e-01
1108,0,ADQAL_TCd,0.000000000000e+00
1108,0,DSQAL_TCd,0.000000000000e+00
1108,0,DEPQAL_TCd,0.000000000000e+00
1108,0,SCRQAL_TCd,0.000000000000e+00
1108,1,QUAL_TCd,8.324484225536e-01
1108,1,QUBP_TCd,0.000000000000e+00
1108,0,DRAT_IGQL_TCu,8.387218620529e+01
1108,0,DRAT_OGQL_TCu,8.387218620529e+01
1108,-1,USQUAL_TCu,0.000000000000e+00
1108,-2,LUQUAL_TCu,8.387218620529e+01
1108,-1,USQUBP_TCu,0.000000000000e+00
1108,-2,LUQUBP_TCu,0.000000000000e+00
1108,-5,IRWDQUAL_TCu,0.000000000000e+00
1108,-7,INFILTQUAL_TCu,0.000000000000e+00
1108,-8,INFILTQUALTARGET_TCu,0.000000000000e+00
1108,0,ADTOT_TCu,0.000000000000e+00
1108,0,IQUAL_TCu,8.387218620529e+01
1108,0,ADQAL_TCu,0.000000000000e+00
1108,0,DSQAL_TCu,0.000000000000e+00
1108,0,DEPQAL_TCu,0.000000000000e+00
1108,0,SCRQAL_TCu,0.000000000000e+00
1108,1,QUAL_TCu,8.387218620529e+01
1108,1,QUBP_TCu,0.000000000000e+00
1108,0,DRAT_IGQL_TPb,6.652787581742e+01
1108,0,DRAT_OGQL_TPb,6.652787581742e+01
1108,-1,USQUAL_TPb,0.000000000000e+00
1108,-2,LUQUAL_TPb,6.652787581742e+01
1108,-1,USQUBP_TPb,0.000000000000e+00
1108,-2,LUQUBP_TPb,0.000000000000e+00
1108,-5,IRWDQUAL_TPb,0.000000000000e+00
1108,-7,INFILTQUAL_TPb,0.000000000000e+00
1108,-8,INFILTQUALTARGET_TPb,0.000000000000e+00
1108,0,ADTOT_TPb,0.000000000000e+00
1108,0,IQUAL_TPb,6.652787581742e+01
1108,0,ADQAL_TPb,0.000000000000e+00
1108,0,DSQAL_TPb,0.000000000000e+00
1108,0,DEPQAL_TPb,0.000000000000e+00
1108,0,SCRQAL_TPb,0.000000000000e+00
1108,1,QUAL_TPb,6.652787581742e+01
1108,1,QUBP_TPb,0.000000000000e+00
1108,0,DRAT_IGQL_TZn,3.540945817299e+02
1108,0,DRAT_OGQL_TZn,3.540945817299e+02
1108,-1,USQUAL_TZn,0.000000000000e+00
1108,-2,LUQUAL_TZn,3.540945817299e+02
1108,-1,USQUBP_TZn,0.000000000000e+00
1108,-2,LUQUBP_TZn,0.000000000000e+00
1108,-5,IRWDQUAL_TZn,0.000000000000e+00
1108,-7,INFILTQUAL_TZn,0.000000000000e+00
1108,-8,INFILTQUALTARGET_TZn,0.000000000000e+00
1108,0,ADTOT_TZn,0.000000000000e+00
1108,0,IQUAL_TZn,3.540945817299e+02
1108,0,ADQAL_TZn,0.000000000000e+00
1108,0,DSQAL_TZn,0.000000000000e+00
1108,0,DEPQAL_TZn,0.000000000000e+00
1108,0,SCRQAL_TZn,0.000000000000e+00
1108,1,QUAL_TZn,3.540945817299e+02
1108,1,QUBP_TZn,0.000000000000e+00
1109,0,DRAT_IVOL,1.521775322965e+07
1109,0,DRAT_OVOL,1.521775322965e+07
1109,-1,USLINK,0.000000000000e+00
1109,-1,PCP,0.000000000000e+00
1109,-1,EVAP,0.000000000000e+00
1109,-1,INFILT,0.000000000000e+00
1109,-1,USIF,0.000000000000e+00
1109,-2,LUIF,1.521775322965e+07
1109,-1,USBP,0.000000000000e+00
1109,-2,LUBP,0.000000000000e+00
1109,-5,IRWD,0.000000000000e+00
1109,0,IVOL,1.521775322965e+07
1109,1,RO,1.521775322965e+07
1109,1,BP,0.000000000000e+00
1109,0,DRAT_ISED_1,7.921327841771e+00
1109,0,DRAT_OSED_1,7.921327841771e+00
1109,-1,USSED_1,0.000000000000e+00
1109,-2,LUSED_1,7.921327841771e+00
1109,-1,USSBP_1,0.000000000000e+00
1109,-2,LUSBP_1,0.000000000000e+00
1109,-5,IRWDSED_1,0.000000000000e+00
1109,0,ISED_1,7.921327841771e+00
1109,0,DEPSCR_1,0.000000000000e+00
1109,0,DEPMASS_1,0.000000000000e+00
1109,0,SCRMASS_1,0.000000000000e+00
1109,0,BEDSED_1,0.000000000000e+00
1109,1,ROSED_1,7.921327841771e+00
1109,1,BPSED_1,0.000000000000e+00
1109,0,DRAT_ISED_2,2.702165812546e+01
1109,0,DRAT_OSED_2,2.702165812546e+01
1109,-1,USSED_2,0.000000000000e+00
1109,-2,LUSED_2,2.702165812546e+01
1109,-1,USSBP_2,0.000000000000e+00
1109,-2,LUSBP_2,0.000000000000e+00
1109,-5,IRWDSED_2,0.000000000000e+00
1109,0,ISED_2,2.702165812546e+01
1109,0,DEPSCR_2,0.000000000000e+00
1109,0,DEPMASS_2,0.000000000000e+00
1109,0,SCRMASS_2,0.000000000000e+00
1109,0,BEDSED_2,0.000000000000e+00
1109,1,ROSED_2,2.702165812546e+01
1109,1,BPSED_2,0.000000000000e+00
1109,0,DRAT_ISED_3,9.281028361721e+00
1109,0,DRAT_OSED_3,9.281028361721e+00
1109,-1,USSED_3,0.000000000000e+00
1109,-2,LUSED_3,9.281028361721e+00
1109,-1,USSBP_3,0.000000000000e+00
1109,-2,LUSBP_3,0.000000000000e+00
1109,-5,IRWDSED_3,0.000000000000e+00
1109,0,ISED_3,9.281028361721e+00
1109,0,DEPSCR_3,0.000000000000e+00
1109,0,DEPMASS_3,0.000000000000e+00
1109,0,SCRMASS_3,0.000000000000e+00
1109,0,BEDSED_3,0.000000000000e+00
1109,1,ROSED_3,9.281028361721e+00
1109,1,BPSED_3,0.000000000000e+00
1109,0,DRAT_IGQL_TN,1.682288901353e+03
1109,0,DRAT_OGQL_TN,1.682288901353e+03
1109,-1,USQUAL_TN,0.000000000000e+00
1109,-2,LUQUAL_TN,1.682288901353e+03
1109,-1,USQUBP_TN,0.000000000000e+00
1109,-2,LUQUBP_TN,0.000000000000e+00
1109,-5,IRWDQUAL_TN,0.000000000000e+00
1109,-7,INFILTQUAL_TN,0.000000000000e+00
1109,-8,INFILTQUALTARGET_TN,0.000000000000e+00
1109,0,ADTOT_TN,0.000000000000e+00
1109,0,IQUAL_TN,1.682288901353e+03
1109,0,ADQAL_TN,0.000000000000e+00
1109,0,DSQAL_TN,0.000000000000e+00
1109,0,DEPQAL_TN,0.000000000000e+00
1109,0,SCRQAL_TN,0.000000000000e+00
1109,1,QUAL_TN,1.682288901353e+03
1109,1,QUBP_TN,0.000000000000e+00
1109,0,DRAT_IGQL_TP,2.404523475198e+02
1109,0,DRAT_OGQL_TP,2.404523475198e+02
1109,-1,USQUAL_TP,0.000000000000e+00
1109,-2,LUQUAL_TP,2.404523475198e+02
1109,-1,USQUBP_TP,0.000000000000e+00
1109,-2,LUQUBP_TP,0.000000000000e+00
1109,-5,IRWDQUAL_TP,0.000000000000e+00
1109,-7,INFILTQUAL_TP,0.000000000000e+00
1109,-8,INFILTQUALTARGET_TP,0.000000000000e+00
1109,0,ADTOT_TP,0.000000000000e+00
1109,0,IQUAL_TP,2.404523475198e+02
1109,0,ADQAL_TP,0.000000000000e+00
1109,0,DSQAL_TP,0.000000000000e+00
1109,0,DEPQAL_TP,0.000000000000e+00
1109,0,SCRQAL_TP,0.000000000000e+00
1109,1,QUAL_TP,2.404523475198e+02
1109,1,QUBP_TP,0.000000000000e+00
1109,0,DRAT_IGQL_TCd,4.088162055442e-01
1109,0,DRAT_OGQL_TCd,4.088162055442e-01
1109,-1,USQUAL_TCd,0.000000000000e+00
1109,-2,LUQUAL_TCd,4.088162055442e-01
1109,-1,USQUBP_TCd,0.000000000000e+00
1109,-2,LUQUBP_TCd,0.000000000000e+00
1109,-5,IRWDQUAL_TCd,0.000000000000e+00
1109,-7,INFILTQUAL_TCd,0.000000000000e+00
1109,-8,INFILTQUALTARGET_TCd,0.000000000000e+00
1109,0,ADTOT_TCd,0.000000000000e+00
1109,0,IQUAL_TCd,4.088162055442e-01
1109,0,ADQAL_TCd,0.000000000000e+00
1109,0,DSQAL_TCd,0.000000000000e+00
1109,0,DEPQAL_TCd,0.000000000000e+00
1109,0,SCRQAL_TCd,0.000000000000e+00
1109,1,QUAL_TCd,4.088162055442e-01
1109,1,QUBP_TCd,0.000000000000e+00
1109,0,DRAT_IGQL_TCu,4.129588304545e+01
1109,0,DRAT_OGQL_TCu,4.129588304545e+01
1109,-1,USQUAL_TCu,0.000000000000e+00
1109,-2,LUQUAL_TCu,4.129588304545e+01
1109,-1,USQUBP_TCu,0.000000000000e+00
1109,-2,LUQUBP_TCu,0.000000000000e+00
1109,-5,IRWDQUAL_TCu,0.000000000000e+00
1109,-7,INFILTQUAL_TCu,0.000000000000e+00
1109,-8,INFILTQUALTARGET_TCu,0.000000000000e+00
1109,0,ADTOT_TCu,0.000000000000e+00
1109,0,IQUAL_TCu,4.129588304545e+01
1109,0,ADQAL_TCu,0.000000000000e+00
1109,0,DSQAL_TCu,0.000000000000e+00
1109,0,DEPQAL_TCu,0.000000000000e+00
1109,0,SCRQAL_TCu,0.000000000000e+00
1109,1,QUAL_TCu,4.129588304545e+01
1109,1,QUBP_TCu,0.000000000000e+00
1109,0,DRAT_IGQL_TPb,3.528462484724e+01
1109,0,DRAT_OGQL_TPb,3.528462484724e+01
1109,-1,USQUAL_TPb,0.000000000000e+00
1109,-2,LUQUAL_TPb,3.528462484724e+01
1109,-1,USQUBP_TPb,0.000000000000e+00
1109,-2,LUQUBP_TPb,0.000000000000e+00
1109,-5,IRWDQUAL_TPb,0.000000000000e+00
1109,-7,INFILTQUAL_TPb,0.000000000000e+00
1109,-8,INFILTQUALTARGET_TPb,0.000000000000e+00
1109,0,ADTOT_TPb,0.000000000000e+00
1109,0,IQUAL_TPb,3.528462484724e+01
1109,0,ADQAL_TPb,0.000000000000e+00
1109,0,DSQAL_TPb,0.000000000000e+00
1109,0,DEPQAL_TPb,0.000000000000e+00
1109,0,SCRQAL_TPb,0.000000000000e+00
1109,1,QUAL_TPb,3.528462484724e+01
1109,1,QUBP_TPb,0.000000000000e+00
1109,0,DRAT_IGQL_TZn,1.869038500374e+02
1109,0,DRAT_OGQL_TZn,1.869038500374e+02
1109,-1,USQUAL_TZn,0.000000000000e+00
1109,-2,LUQUAL_TZn,1.869038500374e+02
1109,-1,USQUBP_TZn,0.000000000000e+00
1109,-2,LUQUBP_TZn,0.000000000000e+00
1109,-5,IRWDQUAL_TZn,0.000000000000e+00
1109,-7,INFILTQUAL_TZn,0.000000000000e+00
1109,-8,INFILTQUALTARGET_TZn,0.000000000000e+00
1109,0,ADTOT_TZn,0.000000000000e+00
1109,0,IQUAL_TZn,1.869038500374e+02
1109,0,ADQAL_TZn,0.000000000000e+00
1109,0,DSQAL_TZn,0.000000000000e+00
1109,0,DEPQAL_TZn,0.000000000000e+00
1109,0,SCRQAL_TZn,0.000000000000e+00
1109,1,QUAL_TZn,1.869038500374e+02
1109,1,QUBP_TZn,0.000000000000e+00
1111,0,DRAT_IVOL,1.796626276427e+07
1111,0,DRAT_OVOL,1.796626276427e+07
1111,-1,USLINK,0.000000000000e+00
1111,-1,PCP,0.000000000000e+00
1111,-1,EVAP,0.000000000000e+00
1111,-1,INFILT,0.000000000000e+00
1111,-1,USIF,0.000000000000e+00
1111,-2,LUIF,1.796626276427e+07
1111,-1,USBP,0.000000000000e+00
1111,-2,LUBP,0.000000000000e+00
1111,-5,IRWD,0.000000000000e+00
1111,0,IVOL,1.796626276427e+07
1111,1,RO,1.796626276427e+07
1111,1,BP,0.000000000000e+00
1111,0,DRAT_ISED_1,9.755411487324e+00
1111,0,DRAT_OSED_1,9.755411487324e+00
1111,-1,USSED_1,0.000000000000e+00
1111,-2,LUSED_1,9.755411487324e+00
1111,-1,USSBP_1,0.000000000000e+00
1111,-2,LUSBP_1,0.000000000000e+00
1111,-5,IRWDSED_1,0.000000000000e+00
1111,0,ISED_1,9.755411487324e+00
1111,0,DEPSCR_1,0.000000000000e+00
1111,0,DEPMASS_1,0.000000000000e+00
1111,0,SCRMASS_1,0.000000000000e+00
1111,0,BEDSED_1,0.000000000000e+00
1111,1,ROSED_1,9.755411487324e+00
1111,1,BPSED_1,0.000000000000e+00
1111,0,DRAT_ISED_2,3.344135620147e+01
1111,0,DRAT_OSED_2,3.344135620147e+01
1111,-1,USSED_2,0.000000000000e+00
1111,-2,LUSED_2,3.344135620147e+01
1111,-1,USSBP_2,0.000000000000e+00
1111,-2,LUSBP_2,0.000000000000e+00
1111,-5,IRWDSED_2,0.000000000000e+00
1111,0,ISED_2,3.344135620147e+01
1111,0,DEPSCR_2,0.000000000000e+00
1111,0,DEPMASS_2,0.000000000000e+00
1111,0,SCRMASS_2,0.000000000000e+00
1111,0,BEDSED_2,0.000000000000e+00
1111,1,ROSED_2,3.344135620147e+01
1111,1,BPSED_2,0.000000000000e+00
1111,0,DRAT_ISED_3,1.081428204365e+01
1111,0,DRAT_OSED_3,1.081428204365e+01
1111,-1,USSED_3,0.000000000000e+00
1111,-2,LUSED_3,1.081428204365e+01
1111,-1,USSBP_3,0.000000000000e+00
1111,-2,LUSBP_3,0.000000000000e+00
1111,-5,IRWDSED_3,0.000000000000e+00
1111,0,ISED_3,1.081428204365e+01
1111,0,DEPSCR_3,0.000000000000e+00
1111,0,DEPMASS_3,0.000000000000e+00
1111,0,SCRMASS_3,0.000000000000e+00
1111,0,BEDSED_3,0.000000000000e+00
1111,1,ROSED_3,1.081428204365e+01
1111,1,BPSED_3,0.000000000000e+00
1111,0,DRAT_IGQL_TN,2.231875985136e+03
1111,0,DRAT_OGQL_TN,2.231875985136e+03
1111,-1,USQUAL_TN,0.000000000000e+00
1111,-2,LUQUAL_TN,2.231875985136e+03
1111,-1,USQUBP_TN,0.000000000000e+00
1111,-2,LUQUBP_TN,0.000000000000e+00
1111,-5,IRWDQUAL_TN,0.000000000000e+00
1111,-7,INFILTQUAL_TN,0.000000000000e+00
1111,-8,INFILTQUALTARGET_TN,0.000000000000e+00
1111,0,ADTOT_TN,0.000000000000e+00
1111,0,IQUAL_TN,2.231875985136e+03
1111,0,ADQAL_TN,0.000000000000e+00
1111,0,DSQAL_TN,0.000000000000e+00
1111,0,DEPQAL_TN,0.000000000000e+00
1111,0,SCRQAL_TN,0.000000000000e+00
1111,1,QUAL_TN,2.231875985136e+03
1111,1,QUBP_TN,0.000000000000e+00
1111,0,DRAT_IGQL_TP,3.083415014072e+02
1111,0,DRAT_OGQL_TP,3.083415014072e+02
1111,-1,USQUAL_TP,0.000000000000e+00
1111,-2,LUQUAL_TP,3.083415014072e+02
1111,-1,USQUBP_TP,0.000000000000e+00
1111,-2,LUQUBP_TP,0.000000000000e+00
1111,-5,IRWDQUAL_TP,0.000000000000e+00
1111,-7,INFILTQUAL_TP,0.000000000000e+00
1111,-8,INFILTQUALTARGET_TP,0.000000000000e+00
1111,0,ADTOT_TP,0.000000000000e+00
1111,0,IQUAL_TP,3.083415014072e+02
1111,0,ADQAL_TP,0.000000000000e+00
1111,0,DSQAL_TP,0.000000000000e+00
1111,0,DEPQAL_TP,0.000000000000e+00
1111,0,SCRQAL_TP,0.000000000000e+00
1111,1,QUAL_TP,3.083415014072e+02
1111,1,QUBP_TP,0.000000000000e+00
1111,0,DRAT_IGQL_TCd,4.844740510154e-01
1111,0,DRAT_OGQL_TCd,4.844740510154e-01
1111,-1,USQUAL_TCd,0.000000000000e+00
1111,-2,LUQUAL_TCd,4.844740510154e-01
1111,-1,USQUBP_TCd,0.000000000000e+00
1111,-2,LUQUBP_TCd,0.000000000000e+00
1111,-5,IRWDQUAL_TCd,0.000000000000e+00
1111,-7,INFILTQUAL_TCd,0.000000000000e+00
1111,-8,INFILTQUALTARGET_TCd,0.000000000000e+00
1111,0,ADTOT_TCd,0.000000000000e+00
1111,0,IQUAL_TCd,4.844740510154e-01
1111,0,ADQAL_TCd,0.000000000000e+00
1111,0,DSQAL_TCd,0.000000000000e+00
1111,0,DEPQAL_TCd,0.000000000000e+00
1111,0,SCRQAL_TCd,0.000000000000e+00
1111,1,QUAL_TCd,4.844740510154e-01
1111,1,QUBP_TCd,0.000000000000e+00
1111,0,DRAT_IGQL_TCu,4.887401694114e+01
1111,0,DRAT_OGQL_TCu,4.887401694114e+01
1111,-1,USQUAL_TCu,0.000000000000e+00
1111,-2,LUQUAL_TCu,4.887401694114e+01
1111,-1,USQUBP_TCu,0.000000000000e+00
1111,-2,LUQUBP_TCu,0.000000000000e+00
1111,-5,IRWDQUAL_TCu,0.000000000000e+00
1111,-7,INFILTQUAL_TCu,0.000000000000e+00
1111,-8,INFILTQUALTARGET_TCu,0.000000000000e+00
1111,0,ADTOT_TCu,0.000000000000e+00
1111,0,IQUAL_TCu,4.887401694114e+01
1111,0,ADQAL_TCu,0.000000000000e+00
1111,0,DSQAL_TCu,0.000000000000e+00
1111,0,DEPQAL_TCu,0.000000000000e+00
1111,0,SCRQAL_TCu,0.000000000000e+00
1111,1,QUAL_TCu,4.887401694114e+01
1111,1,QUBP_TCu,0.000000000000e+00
1111,0,DRAT_IGQL_TPb,4.507193170091e+01
1111,0,DRAT_OGQL_TPb,4.507193170091e+01
1111,-1,USQUAL_TPb,0.000000000000e+00
1111,-2,LUQUAL_TPb,4.507193170091e+01
1111,-1,USQUBP_TPb,0.000000000000e+00
1111,-2,LUQUBP_TPb,0.000000000000e+00
1111,-5,IRWDQUAL_TPb,0.000000000000e+00
1111,-7,INFILTQUAL_TPb,0.000000000000e+00
1111,-8,INFILTQUALTARGET_TPb,0.000000000000e+00
1111,0,ADTOT_TPb,0.000000000000e+00
1111,0,IQUAL_TPb,4.507193170091e+01
1111,0,ADQAL_TPb,0.000000000000e+00
1111,0,DSQAL_TPb,0.000000000000e+00
1111,0,DEPQAL_TPb,0.000000000000e+00
1111,0,SCRQAL_TPb,0.000000000000e+00
1111,1,QUAL_TPb,4.507193170091e+01
1111,1,QUBP_TPb,0.000000000000e+00
1111,0,DRAT_IGQL_TZn,2.027032465473e+02
1111,0,DRAT_OGQL_TZn,2.027032465473e+02
1111,-1,USQUAL_TZn,0.000000000000e+00
1111,-2,LUQUAL_TZn,2.027032465473e+02
1111,-1,USQUBP_TZn,0.000000000000e+00
1111,-2,LUQUBP_TZn,0.000000000000e+00
1111,-5,IRWDQUAL_TZn,0.000000000000e+00
1111,-7,INFILTQUAL_TZn,0.000000000000e+00
1111,-8,INFILTQUALTARGET_TZn,0.000000000000e+00
1111,0,ADTOT_TZn,0.000000000000e+00
1111,0,IQUAL_TZn,2.027032465473e+02
1111,0,ADQAL_TZn,0.000000000000e+00
1111,0,DSQAL_TZn,0.000000000000e+00
1111,0,DEPQAL_TZn,0.000000000000e+00
1111,0,SCRQAL_TZn,0.000000000000e+00
1111,1,QUAL_TZn,2.027032465473e+02
1111,1,QUBP_TZn,0.000000000000e+00
1112,0,DRAT_IVOL,2.667286118257e+07
1112,0,DRAT_OVOL,2.667286118257e+07
1112,-1,USLINK,0.000000000000e+00
1112,-1,PCP,0.000000000000e+00
1112,-1,EVAP,0.000000000000e+00
1112,-1,INFILT,0.000000000000e+00
1112,-1,USIF,0.000000000000e+00
1112,-2,LUIF,2.667286118257e+07
1112,-1,USBP,0.000000000000e+00
1112,-2,LUBP,0.000000000000e+00
1112,-5,IRWD,0.000000000000e+00
1112,0,IVOL,2.667286118257e+07
1112,1,RO,2.667286118257e+07
1112,1,BP,0.000000000000e+00
1112,0,DRAT_ISED_1,1.076284847618e+01
1112,0,DRAT_OSED_1,1.076284847618e+01
1112,-1,USSED_1,0.000000000000e+00
1112,-2,LUSED_1,1.076284847618e+01
1112,-1,USSBP_1,0.000000000000e+00
1112,-2,LUSBP_1,0.000000000000e+00
1112,-5,IRWDSED_1,0.000000000000e+00
1112,0,ISED_1,1.076284847618e+01
1112,0,DEPSCR_1,0.000000000000e+00
1112,0,DEPMASS_1,0.000000000000e+00
1112,0,SCRMASS_1,0.000000000000e+00
1112,0,BEDSED_1,0.000000000000e+00
1112,1,ROSED_1,1.076284847618e+01
1112,1,BPSED_1,0.000000000000e+00
1112,0,DRAT_ISED_2,5.259097448892e+01
1112,0,DRAT_OSED_2,5.259097448892e+01
1112,-1,USSED_2,0.000000000000e+00
1112,-2,LUSED_2,5.259097448892e+01
1112,-1,USSBP_2,0.000000000000e+00
1112,-2,LUSBP_2,0.000000000000e+00
1112,-5,IRWDSED_2,0.000000000000e+00
1112,0,ISED_2,5.259097448892e+01
1112,0,DEPSCR_2,0.000000000000e+00
1112,0,DEPMASS_2,0.000000000000e+00
1112,0,SCRMASS_2,0.000000000000e+00
1112,0,BEDSED_2,0.000000000000e+00
1112,1,ROSED_2,5.259097448892e+01
1112,1,BPSED_2,0.000000000000e+00
1112,0,DRAT_ISED_3,1.578138113196e+01
1112,0,DRAT_OSED_3,1.578138113196e+01
1112,-1,USSED_3,0.000000000000e+00
1112,-2,LUSED_3,1.578138113196e+01
1112,-1,USSBP_3,0.000000000000e+00
1112,-2,LUSBP_3,0.000000000000e+00
1112,-5,IRWDSED_3,0.000000000000e+00
1112,0,ISED_3,1.578138113196e+01
1112,0,DEPSCR_3,0.000000000000e+00
1112,0,DEPMASS_3,0.000000000000e+00
1112,0,SCRMASS_3,0.000000000000e+00
1112,0,BEDSED_3,0.000000000000e+00
1112,1,ROSED_3,1.578138113196e+01
1112,1,BPSED_3,0.000000000000e+00
1112,0,DRAT_IGQL_TN,2.967357159326e+03
1112,0,DRAT_OGQL_TN,2.967357159326e+03
1112,-1,USQUAL_TN,0.000000000000e+00
1112,-2,LUQUAL_TN,2.967357159326e+03
1112,-1,USQUBP_TN,0.000000000000e+00
1112,-2,LUQUBP_TN,0.000000000000e+00
1112,-5,IRWDQUAL_TN,0.000000000000e+00
1112,-7,INFILTQUAL_TN,0.000000000000e+00
1112,-8,INFILTQUALTARGET_TN,0.000000000000e+00
1112,0,ADTOT_TN,0.000000000000e+00
1112,0,IQUAL_TN,2.967357159326e+03
1112,0,ADQAL_TN,0.000000000000e+00
1112,0,DSQAL_TN,0.000000000000e+00
1112,0,DEPQAL_TN,0.000000000000e+00
1112,0,SCRQAL_TN,0.000000000000e+00
1112,1,QUAL_TN,2.967357159326e+03
1112,1,QUBP_TN,0.000000000000e+00
1112,0,DRAT_IGQL_TP,4.473412236825e+02
1112,0,DRAT_OGQL_TP,4.473412236825e+02
1112,-1,USQUAL_TP,0.000000000000e+00
1112,-2,LUQUAL_TP,4.473412236825e+02
1112,-1,USQUBP_TP,0.000000000000e+00
1112,-2,LUQUBP_TP,0.000000000000e+00
1112,-5,IRWDQUAL_TP,0.000000000000e+00
1112,-7,INFILTQUAL_TP,0.000000000000e+00
1112,-8,INFILTQUALTARGET_TP,0.000000000000e+00
1112,0,ADTOT_TP,0.000000000000e+00
1112,0,IQUAL_TP,4.473412236825e+02
1112,0,ADQAL_TP,0.000000000000e+00
1112,0,DSQAL_TP,0.000000000000e+00
1112,0,DEPQAL_TP,0.000000000000e+00
1112,0,SCRQAL_TP,0.000000000000e+00
1112,1,QUAL_TP,4.473412236825e+02
1112,1,QUBP_TP,0.000000000000e+00
1112,0,DRAT_IGQL_TCd,8.541074717407e-01
1112,0,DRAT_OGQL_TCd,8.541074717407e-01
1112,-1,USQUAL_TCd,0.000000000000e+00
1112,-2,LUQUAL_TCd,8.541074717407e-01
1112,-1,USQUBP_TCd,0.000000000000e+00
1112,-2,LUQUBP_TCd,0.000000000000e+00
1112,-5,IRWDQUAL_TCd,0.000000000000e+00
1112,-7,INFILTQUAL_TCd,0.000000000000e+00
1112,-8,INFILTQUALTARGET_TCd,0.000000000000e+00
1112,0,ADTOT_TCd,0.000000000000e+00
1112,0,IQUAL_TCd,8.541074717407e-01
1112,0,ADQAL_TCd,0.000000000000e+00
1112,0,DSQAL_TCd,0.000000000000e+00
1112,0,DEPQAL_TCd,0.000000000000e+00
1112,0,SCRQAL_TCd,0.000000000000e+00
1112,1,QUAL_TCd,8.541074717407e-01
1112,1,QUBP_TCd,0.000000000000e+00
1112,0,DRAT_IGQL_TCu,8.579400685439e+01
1112,0,DRAT_OGQL_TCu,8.579400685439e+01
1112,-1,USQUAL_TCu,0.000000000000e+00
1112,-2,LUQUAL_TCu,8.579400685439e+01
1112,-1,USQUBP_TCu,0.000000000000e+00
1112,-2,LUQUBP_TCu,0.000000000000e+00
1112,-5,IRWDQUAL_TCu,0.000000000000e+00
1112,-7,INFILTQUAL_TCu,0.000000000000e+00
1112,-8,INFILTQUALTARGET_TCu,0.000000000000e+00
1112,0,ADTOT_TCu,0.000000000000e+00
1112,0,IQUAL_TCu,8.579400685439e+01
1112,0,ADQAL_TCu,0.000000000000e+00
1112,0,DSQAL_TCu,0.000000000000e+00
1112,0,DEPQAL_TCu,0.000000000000e+00
1112,0,SCRQAL_TCu,0.000000000000e+00
1112,1,QUAL_TCu,8.579400685439e+01
1112,1,QUBP_TCu,0.000000000000e+00
1112,0,DRAT_IGQL_TPb,6.933561098890e+01
1112,0,DRAT_OGQL_TPb,6.933561098890e+01
1112,-1,USQUAL_TPb,0.000000000000e+00
1112,-2,LUQUAL_TPb,6.933561098890e+01
1112,-1,USQUBP_TPb,0.000000000000e+00
1112,-2,LUQUBP_TPb,0.000000000000e+00
1112,-5,IRWDQUAL_TPb,0.000000000000e+00
1112,-7,INFILTQUAL_TPb,0.000000000000e+00
1112,-8,INFILTQUALTARGET_TPb,0.000000000000e+00
1112,0,ADTOT_TPb,0.000000000000e+00
1112,0,IQUAL_TPb,6.933561098890e+01
1112,0,ADQAL_TPb,0.000000000000e+00
1112,0,DSQAL_TPb,0.000000000000e+00
1112,0,DEPQAL_TPb,0.000000000000e+00
1112,0,SCRQAL_TPb,0.000000000000e+00
1112,1,QUAL_TPb,6.933561098890e+01
1112,1,QUBP_TPb,0.000000000000e+00
1112,0,DRAT_IGQL_TZn,3.506013469622e+02
1112,0,DRAT_OGQL_TZn,3.506013469622e+02
1112,-1,USQUAL_TZn,0.000000000000e+00
1112,-2,LUQUAL_TZn,3.506013469622e+02
1112,-1,USQUBP_TZn,0.000000000000e+00
1112,-2,LUQUBP_TZn,0.000000000000e+00
1112,-5,IRWDQUAL_TZn,0.000000000000e+00
1112,-7,INFILTQUAL_TZn,0.000000000000e+00
1112,-8,INFILTQUALTARGET_TZn,0.000000000000e+00
1112,0,ADTOT_TZn,0.000000000000e+00
1112,0,IQUAL_TZn,3.506013469622e+02
1112,0,ADQAL_TZn,0.000000000000e+00
1112,0,DSQAL_TZn,0.000000000000e+00
1112,0,DEPQAL_TZn,0.000000000000e+00
1112,0,SCRQAL_TZn,0.000000000000e+00
1112,1,QUAL_TZn,3.506013469622e+02
1112,1,QUBP_TZn,0.000000000000e+00
1114,0,DRAT_IVOL,1.351607950748e+07
1114,0,DRAT_OVOL,1.351607950748e+07
1114,-1,USLINK,0.000000000000e+00
1114,-1,PCP,0.000000000000e+00
1114,-1,EVAP,0.000000000000e+00
1114,-1,INFILT,0.000000000000e+00
1114,-1,USIF,0.000000000000e+00
1114,-2,LUIF,1.351607950748e+07
1114,-1,USBP,0.000000000000e+00
1114,-2,LUBP,0.000000000000e+00
1114,-5,IRWD,0.000000000000e+00
1114,0,IVOL,1.351607950748e+07
1114,1,RO,1.351607950748e+07
1114,1,BP,0.000000000000e+00
1114,0,DRAT_ISED_1,5.683145004842e+00
1114,0,DRAT_OSED_1,5.683145004842e+00
1114,-1,USSED_1,0.000000000000e+00
1114,-2,LUSED_1,5.683145004842e+00
1114,-1,USSBP_1,0.000000000000e+00
1114,-2,LUSBP_1,0.000000000000e+00
1114,-5,IRWDSED_1,0.000000000000e+00
1114,0,ISED_1,5.683145004842e+00
1114,0,DEPSCR_1,0.000000000000e+00
1114,0,DEPMASS_1,0.000000000000e+00
1114,0,SCRMASS_1,0.000000000000e+00
1114,0,BEDSED_1,0.000000000000e+00
1114,1,ROSED_1,5.683145004842e+00
1114,1,BPSED_1,0.000000000000e+00
1114,0,DRAT_ISED_2,2.820163427752e+01
1114,0,DRAT_OSED_2,2.820163427752e+01
1114,-1,USSED_2,0.000000000000e+00
1114,-2,LUSED_2,2.820163427752e+01
1114,-1,USSBP_2,0.000000000000e+00
1114,-2,LUSBP_2,0.000000000000e+00
1114,-5,IRWDSED_2,0.000000000000e+00
1114,0,ISED_2,2.820163427752e+01
1114,0,DEPSCR_2,0.000000000000e+00
1114,0,DEPMASS_2,0.000000000000e+00
1114,0,SCRMASS_2,0.000000000000e+00
1114,0,BEDSED_2,0.000000000000e+00
1114,1,ROSED_2,2.820163427752e+01
1114,1,BPSED_2,0.000000000000e+00
1114,0,DRAT_ISED_3,8.476967989408e+00
1114,0,DRAT_OSED_3,8.476967989408e+00
1114,-1,USSED_3,0.000000000000e+00
1114,-2,LUSED_3,8.476967989408e+00
1114,-1,USSBP_3,0.000000000000e+00
1114,-2,LUSBP_3,0.000000000000e+00
1114,-5,IRWDSED_3,0.000000000000e+00
1114,0,ISED_3,8.476967989408e+00
1114,0,DEPSCR_3,0.000000000000e+00
1114,0,DEPMASS_3,0.000000000000e+00
1114,0,SCRMASS_3,0.000000000000e+00
1114,0,BEDSED_3,0.000000000000e+00
1114,1,ROSED_3,8.476967989408e+00
1114,1,BPSED_3,0.000000000000e+00
1114,0,DRAT_IGQL_TN,1.416491065872e+03
1114,0,DRAT_OGQL_TN,1.416491065872e+03
1114,-1,USQUAL_TN,0.000000000000e+00
1114,-2,LUQUAL_TN,1.416491065872e+03
1114,-1,USQUBP_TN,0.000000000000e+00
1114,-2,LUQUBP_TN,0.000000000000e+00
1114,-5,IRWDQUAL_TN,0.000000000000e+00
1114,-7,INFILTQUAL_TN,0.000000000000e+00
1114,-8,INFILTQUALTARGET_TN,0.000000000000e+00
1114,0,ADTOT_TN,0.000000000000e+00
1114,0,IQUAL_TN,1.416491065872e+03
1114,0,ADQAL_TN,0.000000000000e+00
1114,0,DSQAL_TN,0.000000000000e+00
1114,0,DEPQAL_TN,0.000000000000e+00
1114,0,SCRQAL_TN,0.000000000000e+00
1114,1,QUAL_TN,1.416491065872e+03
1114,1,QUBP_TN,0.000000000000e+00
1114,0,DRAT_IGQL_TP,2.431781312747e+02
1114,0,DRAT_OGQL_TP,2.431781312747e+02
1114,-1,USQUAL_TP,0.000000000000e+00
1114,-2,LUQUAL_TP,2.431781312747e+02
1114,-1,USQUBP_TP,0.000000000000e+00
1114,-2,LUQUBP_TP,0.000000000000e+00
1114,-5,IRWDQUAL_TP,0.000000000000e+00
1114,-7,INFILTQUAL_TP,0.000000000000e+00
1114,-8,INFILTQUALTARGET_TP,0.000000000000e+00
1114,0,ADTOT_TP,0.000000000000e+00
1114,0,IQUAL_TP,2.431781312747e+02
1114,0,ADQAL_TP,0.000000000000e+00
1114,0,DSQAL_TP,0.000000000000e+00
1114,0,DEPQAL_TP,0.000000000000e+00
1114,0,SCRQAL_TP,0.000000000000e+00
1114,1,QUAL_TP,2.431781312747e+02
1114,1,QUBP_TP,0.000000000000e+00
1114,0,DRAT_IGQL_TCd,5.662865972017e-01
1114,0,DRAT_OGQL_TCd,5.662865972017e-01
1114,-1,USQUAL_TCd,0.000000000000e+00
1114,-2,LUQUAL_TCd,5.662865972017e-01
1114,-1,USQUBP_TCd,0.000000000000e+00
1114,-2,LUQUBP_TCd,0.000000000000e+00
1114,-5,IRWDQUAL_TCd,0.000000000000e+00
1114,-7,INFILTQUAL_TCd,0.000000000000e+00
1114,-8,INFILTQUALTARGET_TCd,0.000000000000e+00
1114,0,ADTOT_TCd,0.000000000000e+00
1114,0,IQUAL_TCd,5.662865972017e-01
1114,0,ADQAL_TCd,0.000000000000e+00
1114,0,DSQAL_TCd,0.000000000000e+00
1114,0,DEPQAL_TCd,0.000000000000e+00
1114,0,SCRQAL_TCd,0.000000000000e+00
1114,1,QUAL_TCd,5.662865972017e-01
1114,1,QUBP_TCd,0.000000000000e+00
1114,0,DRAT_IGQL_TCu,5.681871199289e+01
1114,0,DRAT_OGQL_TCu,5.681871199289e+01
1114,-1,USQUAL_TCu,0.000000000000e+00
1114,-2,LUQUAL_TCu,5.681871199289e+01
1114,-1,USQUBP_TCu,0.000000000000e+00
1114,-2,LUQUBP_TCu,0.000000000000e+00
1114,-5,IRWDQUAL_TCu,0.000000000000e+00
1114,-7,INFILTQUAL_TCu,0.000000000000e+00
1114,-8,INFILTQUALTARGET_TCu,0.000000000000e+00
1114,0,ADTOT_TCu,0.000000000000e+00
1114,0,IQUAL_TCu,5.681871199289e+01
1114,0,ADQAL_TCu,0.000000000000e+00
1114,0,DSQAL_TCu,0.000000000000e+00
1114,0,DEPQAL_TCu,0.000000000000e+00
1114,0,SCRQAL_TCu,0.000000000000e+00
1114,1,QUAL_TCu,5.681871199289e+01
1114,1,QUBP_TCu,0.000000000000e+00
1114,0,DRAT_IGQL_TPb,3.785440457928e+01
1114,0,DRAT_OGQL_TPb,3.785440457928e+01
1114,-1,USQUAL_TPb,0.000000000000e+00
1114,-2,LUQUAL_TPb,3.785440457928e+01
1114,-1,USQUBP_TPb,0.000000000000e+00
1114,-2,LUQUBP_TPb,0.000000000000e+00
1114,-5,IRWDQUAL_TPb,0.000000000000e+00
1114,-7,INFILTQUAL_TPb,0.000000000000e+00
1114,-8,INFILTQUALTARGET_TPb,0.000000000000e+00
1114,0,ADTOT_TPb,0.000000000000e+00
1114,0,IQUAL_TPb,3.785440457928e+01
1114,0,ADQAL_TPb,0.000000000000e+00
1114,0,DSQAL_TPb,0.000000000000e+00
1114,0,DEPQAL_TPb,0.000000000000e+00
1114,0,SCRQAL_TPb,0.000000000000e+00
1114,1,QUAL_TPb,3.785440457928e+01
1114,1,QUBP_TPb,0.000000000000e+00
1114,0,DRAT_IGQL_TZn,2.581307143963e+02
1114,0,DRAT_OGQL_TZn,2.581307143963e+02
1114,-1,USQUAL_TZn,0.000000000000e+00
1114,-2,LUQUAL_TZn,2.581307143963e+02
1114,-1,USQUBP_TZn,0.000000000000e+00
1114,-2,LUQUBP_TZn,0.000000000000e+00
1114,-5,IRWDQUAL_TZn,0.000000000000e+00
1114,-7,INFILTQUAL_TZn,0.000000000000e+00
1114,-8,INFILTQUALTARGET_TZn,0.000000000000e+00
1114,0,ADTOT_TZn,0.000000000000e+00
1114,0,IQUAL_TZn,2.581307143963e+02
1114,0,ADQAL_TZn,0.000000000000e+00
1114,0,DSQAL_TZn,0.000000000000e+00
1114,0,DEPQAL_TZn,0.000000000000e+00
1114,0,SCRQAL_TZn,0.000000000000e+00
1114,1,QUAL_TZn,2.581307143963e+02
1114,1,QUBP_TZn,0.000000000000e+00
1073,0,DRAT_IVOL,9.922384421291e+07
1073,0,DRAT_OVOL,9.887891471013e+07
1073,-1,USLINK,0.000000000000e+00
1073,-1,PCP,5.223952083009e+05
1073,-1,EVAP,3.449516393914e+05
1073,-1,INFILT,0.000000000000e+00
1073,-1,USIF,3.760039098783e+07
1073,-2,LUIF,6.110105801678e+07
1073,-1,USBP,0.000000000000e+00
1073,-2,LUBP,0.000000000000e+00
1073,-5,IRWD,0.000000000000e+00
1073,0,IVOL,9.870144900461e+07
1073,1,RO,9.887891471013e+07
1073,1,BP,0.000000000000e+00
1073,0,DRAT_ISED_1,8.988872844847e+01
1073,0,DRAT_OSED_1,8.076610649176e+01
1073,-1,USSED_1,1.636263112746e+01
1073,-2,LUSED_1,2.659939827759e+01
1073,-1,USSBP_1,0.000000000000e+00
1073,-2,LUSBP_1,0.000000000000e+00
1073,-5,IRWDSED_1,0.000000000000e+00
1073,0,ISED_1,4.296202940506e+01
1073,0,DEPSCR_1,-3.780407708670e+01
1073,0,DEPMASS_1,9.122621956708e+00
1073,0,SCRMASS_1,4.692669904341e+01
1073,0,BEDSED_1,1.008874264730e+06
1073,1,ROSED_1,8.076610649176e+01
1073,1,BPSED_1,0.000000000000e+00
1073,0,DRAT_ISED_2,3.322253221077e+02
1073,0,DRAT_OSED_2,3.322254863454e+02
1073,-1,USSED_2,9.917011282194e+01
1073,-2,LUSED_2,1.526756262636e+02
1073,-1,USSBP_2,0.000000000000e+00
1073,-2,LUSBP_2,0.000000000000e+00
1073,-5,IRWDSED_2,0.000000000000e+00
1073,0,ISED_2,2.518457390855e+02
1073,0,DEPSCR_2,-8.037958302214e+01
1073,0,DEPMASS_2,0.000000000000e+00
1073,0,SCRMASS_2,8.037958302214e+01
1073,0,BEDSED_2,2.142270574679e+07
1073,1,ROSED_2,3.322254863454e+02
1073,1,BPSED_2,0.000000000000e+00
1073,0,DRAT_ISED_3,1.347568387675e+02
1073,0,DRAT_OSED_3,1.347568853738e+02
1073,-1,USSED_3,2.888981711071e+01
1073,-2,LUSED_3,4.497994437477e+01
1073,-1,USSBP_3,0.000000000000e+00
1073,-2,LUSBP_3,0.000000000000e+00
1073,-5,IRWDSED_3,0.000000000000e+00
1073,0,ISED_3,7.386976148548e+01
1073,0,DEPSCR_3,-6.088707728199e+01
1073,0,DEPMASS_3,0.000000000000e+00
1073,0,SCRMASS_3,6.088707728199e+01
1073,0,BEDSED_3,1.871195017173e+06
1073,1,ROSED_3,1.347568853738e+02
1073,1,BPSED_3,0.000000000000e+00
1073,0,DRAT_IGQL_TN,1.192901487035e+04
1073,0,DRAT_OGQL_TN,1.188574909241e+04
1073,-1,USQUAL_TN,4.247026502139e+03
1073,-2,LUQUAL_TN,7.681988368214e+03
1073,-1,USQUBP_TN,0.000000000000e+00
1073,-2,LUQUBP_TN,0.000000000000e+00
1073,-5,IRWDQUAL_TN,0.000000000000e+00
1073,-7,INFILTQUAL_TN,0.000000000000e+00
1073,-8,INFILTQUALTARGET_TN,0.000000000000e+00
1073,0,ADTOT_TN,0.000000000000e+00
1073,0,IQUAL_TN,1.192901487035e+04
1073,0,ADQAL_TN,0.000000000000e+00
1073,0,DSQAL_TN,0.000000000000e+00
1073,0,DEPQAL_TN,0.000000000000e+00
1073,0,SCRQAL_TN,0.000000000000e+00
1073,1,QUAL_TN,1.188574909241e+04
1073,1,QUBP_TN,0.000000000000e+00
1073,0,DRAT_IGQL_TP,2.028270261218e+03
1073,0,DRAT_OGQL_TP,2.022303835555e+03
1073,-1,USQUAL_TP,7.927108029015e+02
1073,-2,LUQUAL_TP,1.235559458316e+03
1073,-1,USQUBP_TP,0.000000000000e+00
1073,-2,LUQUBP_TP,0.000000000000e+00
1073,-5,IRWDQUAL_TP,0.000000000000e+00
1073,-7,INFILTQUAL_TP,0.000000000000e+00
1073,-8,INFILTQUALTARGET_TP,0.000000000000e+00
1073,0,ADTOT_TP,0.000000000000e+00
1073,0,IQUAL_TP,2.028270261218e+03
1073,0,ADQAL_TP,0.000000000000e+00
1073,0,DSQAL_TP,0.000000000000e+00
1073,0,DEPQAL_TP,0.000000000000e+00
1073,0,SCRQAL_TP,0.000000000000e+00
1073,1,QUAL_TP,2.022303835555e+03
1073,1,QUBP_TP,0.000000000000e+00
1073,0,DRAT_IGQL_TCd,4.725711795759e+00
1073,0,DRAT_OGQL_TCd,4.711748604860e+00
1073,-1,USQUAL_TCd,2.028393002833e+00
1073,-2,LUQUAL_TCd,2.697318792926e+00
1073,-1,USQUBP_TCd,0.000000000000e+00
1073,-2,LUQUBP_TCd,0.000000000000e+00
1073,-5,IRWDQUAL_TCd,0.000000000000e+00
1073,-7,INFILTQUAL_TCd,0.000000000000e+00
1073,-8,INFILTQUALTARGET_TCd,0.000000000000e+00
1073,0,ADTOT_TCd,0.000000000000e+00
1073,0,IQUAL_TCd,4.725711795759e+00
1073,0,ADQAL_TCd,0.000000000000e+00
1073,0,DSQAL_TCd,0.000000000000e+00
1073,0,DEPQAL_TCd,0.000000000000e+00
1073,0,SCRQAL_TCd,0.000000000000e+00
1073,1,QUAL_TCd,4.711748604860e+00
1073,1,QUBP_TCd,0.000000000000e+00
1073,0,DRAT_IGQL_TCu,4.738810331244e+02
1073,0,DRAT_OGQL_TCu,4.724832941001e+02
1073,-1,USQUAL_TCu,2.031869179922e+02
1073,-2,LUQUAL_TCu,2.706941151322e+02
1073,-1,USQUBP_TCu,0.000000000000e+00
1073,-2,LUQUBP_TCu,0.000000000000e+00
1073,-5,IRWDQUAL_TCu,0.000000000000e+00
1073,-7,INFILTQUAL_TCu,0.000000000000e+00
1073,-8,INFILTQUALTARGET_TCu,0.000000000000e+00
1073,0,ADTOT_TCu,0.000000000000e+00
1073,0,IQUAL_TCu,4.738810331244e+02
1073,0,ADQAL_TCu,0.000000000000e+00
1073,0,DSQAL_TCu,0.000000000000e+00
1073,0,DEPQAL_TCu,0.000000000000e+00
1073,0,SCRQAL_TCu,0.000000000000e+00
1073,1,QUAL_TCu,4.724832941001e+02
1073,1,QUBP_TCu,0.000000000000e+00
1073,0,DRAT_IGQL_TPb,3.106793050651e+02
1073,0,DRAT_OGQL_TPb,3.097712107221e+02
1073,-1,USQUAL_TPb,1.235234265866e+02
1073,-2,LUQUAL_TPb,1.871558784785e+02
1073,-1,USQUBP_TPb,0.000000000000e+00
1073,-2,LUQUBP_TPb,0.000000000000e+00
1073,-5,IRWDQUAL_TPb,0.000000000000e+00
1073,-7,INFILTQUAL_TPb,0.000000000000e+00
1073,-8,INFILTQUALTARGET_TPb,0.000000000000e+00
1073,0,ADTOT_TPb,0.000000000000e+00
1073,0,IQUAL_TPb,3.106793050651e+02
1073,0,ADQAL_TPb,0.000000000000e+00
1073,0,DSQAL_TPb,0.000000000000e+00
1073,0,DEPQAL_TPb,0.000000000000e+00
1073,0,SCRQAL_TPb,0.000000000000e+00
1073,1,QUAL_TPb,3.097712107221e+02
1073,1,QUBP_TPb,0.000000000000e+00
1073,0,DRAT_IGQL_TZn,2.162401076546e+03
1073,0,DRAT_OGQL_TZn,2.155943155525e+03
1073,-1,USQUAL_TZn,9.314971562827e+02
1073,-2,LUQUAL_TZn,1.230903920263e+03
1073,-1,USQUBP_TZn,0.000000000000e+00
1073,-2,LUQUBP_TZn,0.000000000000e+00
1073,-5,IRWDQUAL_TZn,0.000000000000e+00
1073,-7,INFILTQUAL_TZn,0.000000000000e+00
1073,-8,INFILTQUALTARGET_TZn,0.000000000000e+00
1073,0,ADTOT_TZn,0.000000000000e+00
1073,0,IQUAL_TZn,2.162401076546e+03
1073,0,ADQAL_TZn,0.000000000000e+00
1073,0,DSQAL_TZn,0.000000000000e+00
1073,0,DEPQAL_TZn,0.000000000000e+00
1073,0,SCRQAL_TZn,0.000000000000e+00
1073,1,QUAL_TZn,2.155943155525e+03
1073,1,QUBP_TZn,0.000000000000e+00
1080,0,DRAT_IVOL,6.727625141768e+07
1080,0,DRAT_OVOL,6.727625141768e+07
1080,-1,USLINK,0.000000000000e+00
1080,-1,PCP,0.000000000000e+00
1080,-1,EVAP,0.000000000000e+00
1080,-1,INFILT,0.000000000000e+00
1080,-1,USIF,1.333010560865e+07
1080,-2,LUIF,5.394614580903e+07
1080,-1,USBP,0.000000000000e+00
1080,-2,LUBP,0.000000000000e+00
1080,-5,IRWD,0.000000000000e+00
1080,0,IVOL,6.727625141768e+07
1080,1,RO,6.727625141768e+07
1080,1,BP,0.000000000000e+00
1080,0,DRAT_ISED_1,2.924964880904e+01
1080,0,DRAT_OSED_1,2.924964880904e+01
1080,-1,USSED_1,8.763430449744e-01
1080,-2,LUSED_1,2.837330576406e+01
1080,-1,USSBP_1,0.000000000000e+00
1080,-2,LUSBP_1,0.000000000000e+00
1080,-5,IRWDSED_1,0.000000000000e+00
1080,0,ISED_1,2.924964880904e+01
1080,0,DEPSCR_1,0.000000000000e+00
1080,0,DEPMASS_1,0.000000000000e+00
1080,0,SCRMASS_1,0.000000000000e+00
1080,0,BEDSED_1,0.000000000000e+00
1080,1,ROSED_1,2.924964880904e+01
1080,1,BPSED_1,0.000000000000e+00
1080,0,DRAT_ISED_2,1.462181512569e+02
1080,0,DRAT_OSED_2,1.462181512569e+02
1080,-1,USSED_2,2.795696886052e+01
1080,-2,LUSED_2,1.182611823963e+02
1080,-1,USSBP_2,0.000000000000e+00
1080,-2,LUSBP_2,0.000000000000e+00
1080,-5,IRWDSED_2,0.000000000000e+00
1080,0,ISED_2,1.462181512569e+02
1080,0,DEPSCR_2,0.000000000000e+00
1080,0,DEPMASS_2,0.000000000000e+00
1080,0,SCRMASS_2,0.000000000000e+00
1080,0,BEDSED_2,0.000000000000e+00
1080,1,ROSED_2,1.462181512569e+02
1080,1,BPSED_2,0.000000000000e+00
1080,0,DRAT_ISED_3,4.823006204873e+01
1080,0,DRAT_OSED_3,4.823006204873e+01
1080,-1,USSED_3,9.402453180423e+00
1080,-2,LUSED_3,3.882760886831e+01
1080,-1,USSBP_3,0.000000000000e+00
1080,-2,LUSBP_3,0.000000000000e+00
1080,-5,IRWDSED_3,0.000000000000e+00
1080,0,ISED_3,4.823006204873e+01
1080,0,DEPSCR_3,0.000000000000e+00
1080,0,DEPMASS_3,0.000000000000e+00
1080,0,SCRMASS_3,0.000000000000e+00
1080,0,BEDSED_3,0.000000000000e+00
1080,1,ROSED_3,4.823006204873e+01
1080,1,BPSED_3,0.000000000000e+00
1080,0,DRAT_IGQL_TN,8.063085840579e+03
1080,0,DRAT_OGQL_TN,8.063085840579e+03
1080,-1,USQUAL_TN,1.597057983777e+03
1080,-2,LUQUAL_TN,6.466027856802e+03
1080,-1,USQUBP_TN,0.000000000000e+00
1080,-2,LUQUBP_TN,0.000000000000e+00
1080,-5,IRWDQUAL_TN,0.000000000000e+00
1080,-7,INFILTQUAL_TN,0.000000000000e+00
1080,-8,INFILTQUALTARGET_TN,0.000000000000e+00
1080,0,ADTOT_TN,0.000000000000e+00
1080,0,IQUAL_TN,8.063085840579e+03
1080,0,ADQAL_TN,0.000000000000e+00
1080,0,DSQAL_TN,0.000000000000e+00
1080,0,DEPQAL_TN,0.000000000000e+00
1080,0,SCRQAL_TN,0.000000000000e+00
1080,1,QUAL_TN,8.063085840579e+03
1080,1,QUBP_TN,0.000000000000e+00
1080,0,DRAT_IGQL_TP,1.252904377746e+03
1080,0,DRAT_OGQL_TP,1.252904377746e+03
1080,-1,USQUAL_TP,2.432988577240e+02
1080,-2,LUQUAL_TP,1.009605520022e+03
1080,-1,USQUBP_TP,0.000000000000e+00
1080,-2,LUQUBP_TP,0.000000000000e+00
1080,-5,IRWDQUAL_TP,0.000000000000e+00
1080,-7,INFILTQUAL_TP,0.000000000000e+00
1080,-8,INFILTQUALTARGET_TP,0.000000000000e+00
1080,0,ADTOT_TP,0.000000000000e+00
1080,0,IQUAL_TP,1.252904377746e+03
1080,0,ADQAL_TP,0.000000000000e+00
1080,0,DSQAL_TP,0.000000000000e+00
1080,0,DEPQAL_TP,0.000000000000e+00
1080,0,SCRQAL_TP,0.000000000000e+00
1080,1,QUAL_TP,1.252904377746e+03
1080,1,QUBP_TP,0.000000000000e+00
1080,0,DRAT_IGQL_TCd,2.368736382507e+00
1080,0,DRAT_OGQL_TCd,2.368736382507e+00
1080,-1,USQUAL_TCd,4.410198028360e-01
1080,-2,LUQUAL_TCd,1.927716579672e+00
1080,-1,USQUBP_TCd,0.000000000000e+00
1080,-2,LUQUBP_TCd,0.000000000000e+00
1080,-5,IRWDQUAL_TCd,0.000000000000e+00
1080,-7,INFILTQUAL_TCd,0.000000000000e+00
1080,-8,INFILTQUALTARGET_TCd,0.000000000000e+00
1080,0,ADTOT_TCd,0.000000000000e+00
1080,0,IQUAL_TCd,2.368736382507e+00
1080,0,ADQAL_TCd,0.000000000000e+00
1080,0,DSQAL_TCd,0.000000000000e+00
1080,0,DEPQAL_TCd,0.000000000000e+00
1080,0,SCRQAL_TCd,0.000000000000e+00
1080,1,QUAL_TCd,2.368736382507e+00
1080,1,QUBP_TCd,0.000000000000e+00
1080,0,DRAT_IGQL_TCu,2.388161973375e+02
1080,0,DRAT_OGQL_TCu,2.388161973375e+02
1080,-1,USQUAL_TCu,4.451220609159e+01
1080,-2,LUQUAL_TCu,1.943039912459e+02
1080,-1,USQUBP_TCu,0.000000000000e+00
1080,-2,LUQUBP_TCu,0.000000000000e+00
1080,-5,IRWDQUAL_TCu,0.000000000000e+00
1080,-7,INFILTQUAL_TCu,0.000000000000e+00
1080,-8,INFILTQUALTARGET_TCu,0.000000000000e+00
1080,0,ADTOT_TCu,0.000000000000e+00
1080,0,IQUAL_TCu,2.388161973375e+02
1080,0,ADQAL_TCu,0.000000000000e+00
1080,0,DSQAL_TCu,0.000000000000e+00
1080,0,DEPQAL_TCu,0.000000000000e+00
1080,0,SCRQAL_TCu,0.000000000000e+00
1080,1,QUAL_TCu,2.388161973375e+02
1080,1,QUBP_TCu,0.000000000000e+00
1080,0,DRAT_IGQL_TPb,1.722542570545e+02
1080,0,DRAT_OGQL_TPb,1.722542570545e+02
1080,-1,USQUAL_TPb,3.299603021355e+01
1080,-2,LUQUAL_TPb,1.392582268410e+02
1080,-1,USQUBP_TPb,0.000000000000e+00
1080,-2,LUQUBP_TPb,0.000000000000e+00
1080,-5,IRWDQUAL_TPb,0.000000000000e+00
1080,-7,INFILTQUAL_TPb,0.000000000000e+00
1080,-8,INFILTQUALTARGET_TPb,0.000000000000e+00
1080,0,ADTOT_TPb,0.000000000000e+00
1080,0,IQUAL_TPb,1.722542570545e+02
1080,0,ADQAL_TPb,0.000000000000e+00
1080,0,DSQAL_TPb,0.000000000000e+00
1080,0,DEPQAL_TPb,0.000000000000e+00
1080,0,SCRQAL_TPb,0.000000000000e+00
1080,1,QUAL_TPb,1.722542570545e+02
1080,1,QUBP_TPb,0.000000000000e+00
1080,0,DRAT_IGQL_TZn,1.016055293278e+03
1080,0,DRAT_OGQL_TZn,1.016055293278e+03
1080,-1,USQUAL_TZn,1.868262012565e+02
1080,-2,LUQUAL_TZn,8.292290920217e+02
1080,-1,USQUBP_TZn,0.000000000000e+00
1080,-2,LUQUBP_TZn,0.000000000000e+00
1080,-5,IRWDQUAL_TZn,0.000000000000e+00
1080,-7,INFILTQUAL_TZn,0.000000000000e+00
1080,-8,INFILTQUALTARGET_TZn,0.000000000000e+00
1080,0,ADTOT_TZn,0.000000000000e+00
1080,0,IQUAL_TZn,1.016055293278e+03
1080,0,ADQAL_TZn,0.000000000000e+00
1080,0,DSQAL_TZn,0.000000000000e+00
1080,0,DEPQAL_TZn,0.000000000000e+00
1080,0,SCRQAL_TZn,0.000000000000e+00
1080,1,QUAL_TZn,1.016055293278e+03
1080,1,QUBP_TZn,0.000000000000e+00
1090,0,DRAT_IVOL,8.127693416972e+07
1090,0,DRAT_OVOL,8.061983113517e+07
1090,-1,USLINK,0.000000000000e+00
1090,-1,PCP,4.851880817012e+05
1090,-1,EVAP,6.571571643691e+05
1090,-1,INFILT,0.000000000000e+00
1090,-1,USIF,6.253336275714e+07
1090,-2,LUIF,1.825838333088e+07
1090,-1,USBP,0.000000000000e+00
1090,-2,LUBP,0.000000000000e+00
1090,-5,IRWD,0.000000000000e+00
1090,0,IVOL,8.079174608801e+07
1090,1,RO,8.061983113517e+07
1090,1,BP,0.000000000000e+00
1090,0,DRAT_ISED_1,6.656932938566e+01
1090,0,DRAT_OSED_1,4.950551530809e+01
1090,-1,USSED_1,3.978886887286e+01
1090,-2,LUSED_1,8.422805546358e+00
1090,-1,USSBP_1,0.000000000000e+00
1090,-2,LUSBP_1,0.000000000000e+00
1090,-5,IRWDSED_1,0.000000000000e+00
1090,0,ISED_1,4.821167441922e+01
1090,0,DEPSCR_1,-1.293840888871e+00
1090,0,DEPMASS_1,1.706381407757e+01
1090,0,SCRMASS_1,1.835765496644e+01
1090,0,BEDSED_1,3.333570035063e+06
1090,1,ROSED_1,4.950551530809e+01
1090,1,BPSED_1,0.000000000000e+00
1090,0,DRAT_ISED_2,1.660190509928e+02
1090,0,DRAT_OSED_2,1.660193275060e+02
1090,-1,USSED_2,9.530716197735e+01
1090,-2,LUSED_2,3.305353410764e+01
1090,-1,USSBP_2,0.000000000000e+00
1090,-2,LUSBP_2,0.000000000000e+00
1090,-5,IRWDSED_2,0.000000000000e+00
1090,0,ISED_2,1.283606960850e+02
1090,0,DEPSCR_2,-3.765835490776e+01
1090,0,DEPMASS_2,0.000000000000e+00
1090,0,SCRMASS_2,3.765835490776e+01
1090,0,BEDSED_2,2.000545886911e+07
1090,1,ROSED_2,1.660193275060e+02
1090,1,BPSED_2,0.000000000000e+00
1090,0,DRAT_ISED_3,8.851898719076e+01
1090,0,DRAT_OSED_3,8.851906561658e+01
1090,-1,USSED_3,3.341673644921e+01
1090,-2,LUSED_3,1.026202921923e+01
1090,-1,USSBP_3,0.000000000000e+00
1090,-2,LUSBP_3,0.000000000000e+00
1090,-5,IRWDSED_3,0.000000000000e+00
1090,0,ISED_3,4.367876566844e+01
1090,0,DEPSCR_3,-4.484022152232e+01
1090,0,DEPMASS_3,0.000000000000e+00
1090,0,SCRMASS_3,4.484022152232e+01
1090,0,BEDSED_3,2.473431428193e+06
1090,1,ROSED_3,8.851906561658e+01
1090,1,BPSED_3,0.000000000000e+00
1090,0,DRAT_IGQL_TN,8.401426225196e+03
1090,0,DRAT_OGQL_TN,8.371741321153e+03
1090,-1,USQUAL_TN,6.342549712333e+03
1090,-2,LUQUAL_TN,2.058876512862e+03
1090,-1,USQUBP_TN,0.000000000000e+00
1090,-2,LUQUBP_TN,0.000000000000e+00
1090,-5,IRWDQUAL_TN,0.000000000000e+00
1090,-7,INFILTQUAL_TN,0.000000000000e+00
1090,-8,INFILTQUALTARGET_TN,0.000000000000e+00
1090,0,ADTOT_TN,0.000000000000e+00
1090,0,IQUAL_TN,8.401426225196e+03
1090,0,ADQAL_TN,0.000000000000e+00
1090,0,DSQAL_TN,0.000000000000e+00
1090,0,DEPQAL_TN,0.000000000000e+00
1090,0,SCRQAL_TN,0.000000000000e+00
1090,1,QUAL_TN,8.371741321153e+03
1090,1,QUBP_TN,0.000000000000e+00
1090,0,DRAT_IGQL_TP,1.179821262877e+03
1090,0,DRAT_OGQL_TP,1.176157489178e+03
1090,-1,USQUAL_TP,8.909021939009e+02
1090,-2,LUQUAL_TP,2.889190689759e+02
1090,-1,USQUBP_TP,0.000000000000e+00
1090,-2,LUQUBP_TP,0.000000000000e+00
1090,-5,IRWDQUAL_TP,0.000000000000e+00
1090,-7,INFILTQUAL_TP,0.000000000000e+00
1090,-8,INFILTQUALTARGET_TP,0.000000000000e+00
1090,0,ADTOT_TP,0.000000000000e+00
1090,0,IQUAL_TP,1.179821262877e+03
1090,0,ADQAL_TP,0.000000000000e+00
1090,0,DSQAL_TP,0.000000000000e+00
1090,0,DEPQAL_TP,0.000000000000e+00
1090,0,SCRQAL_TP,0.000000000000e+00
1090,1,QUAL_TP,1.176157489178e+03
1090,1,QUBP_TP,0.000000000000e+00
1090,0,DRAT_IGQL_TCd,1.773707787718e+00
1090,0,DRAT_OGQL_TCd,1.767676609880e+00
1090,-1,USQUAL_TCd,1.289207481653e+00
1090,-2,LUQUAL_TCd,4.845003060647e-01
1090,-1,USQUBP_TCd,0.000000000000e+00
1090,-2,LUQUBP_TCd,0.000000000000e+00
1090,-5,IRWDQUAL_TCd,0.000000000000e+00
1090,-7,INFILTQUAL_TCd,0.000000000000e+00
1090,-8,INFILTQUALTARGET_TCd,0.000000000000e+00
1090,0,ADTOT_TCd,0.000000000000e+00
1090,0,IQUAL_TCd,1.773707787718e+00
1090,0,ADQAL_TCd,0.000000000000e+00
1090,0,DSQAL_TCd,0.000000000000e+00
1090,0,DEPQAL_TCd,0.000000000000e+00
1090,0,SCRQAL_TCd,0.000000000000e+00
1090,1,QUAL_TCd,1.767676609880e+00
1090,1,QUBP_TCd,0.000000000000e+00
1090,0,DRAT_IGQL_TCu,1.801807045716e+02
1090,0,DRAT_OGQL_TCu,1.795735579627e+02
1090,-1,USQUAL_TCu,1.313556173181e+02
1090,-2,LUQUAL_TCu,4.882508725352e+01
1090,-1,USQUBP_TCu,0.000000000000e+00
1090,-2,LUQUBP_TCu,0.000000000000e+00
1090,-5,IRWDQUAL_TCu,0.000000000000e+00
1090,-7,INFILTQUAL_TCu,0.000000000000e+00
1090,-8,INFILTQUALTARGET_TCu,0.000000000000e+00
1090,0,ADTOT_TCu,0.000000000000e+00
1090,0,IQUAL_TCu,1.801807045716e+02
1090,0,ADQAL_TCu,0.000000000000e+00
1090,0,DSQAL_TCu,0.000000000000e+00
1090,0,DEPQAL_TCu,0.000000000000e+00
1090,0,SCRQAL_TCu,0.000000000000e+00
1090,1,QUAL_TCu,1.795735579627e+02
1090,1,QUBP_TCu,0.000000000000e+00
1090,0,DRAT_IGQL_TPb,1.630323762386e+02
1090,0,DRAT_OGQL_TPb,1.625094843306e+02
1090,-1,USQUAL_TPb,1.201573924891e+02
1090,-2,LUQUAL_TPb,4.287498374953e+01
1090,-1,USQUBP_TPb,0.000000000000e+00
1090,-2,LUQUBP_TPb,0.000000000000e+00
1090,-5,IRWDQUAL_TPb,0.000000000000e+00
1090,-7,INFILTQUAL_TPb,0.000000000000e+00
1090,-8,INFILTQUALTARGET_TPb,0.000000000000e+00
1090,0,ADTOT_TPb,0.000000000000e+00
1090,0,IQUAL_TPb,1.630323762386e+02
1090,0,ADQAL_TPb,0.000000000000e+00
1090,0,DSQAL_TPb,0.000000000000e+00
1090,0,DEPQAL_TPb,0.000000000000e+00
1090,0,SCRQAL_TPb,0.000000000000e+00
1090,1,QUAL_TPb,1.625094843306e+02
1090,1,QUBP_TPb,0.000000000000e+00
1090,0,DRAT_IGQL_TZn,7.914393067258e+02
1090,0,DRAT_OGQL_TZn,7.888481627391e+02
1090,-1,USQUAL_TZn,5.881849172923e+02
1090,-2,LUQUAL_TZn,2.032543894335e+02
1090,-1,USQUBP_TZn,0.000000000000e+00
1090,-2,LUQUBP_TZn,0.000000000000e+00
1090,-5,IRWDQUAL_TZn,0.000000000000e+00
1090,-7,INFILTQUAL_TZn,0.000000000000e+00
1090,-8,INFILTQUALTARGET_TZn,0.000000000000e+00
1090,0,ADTOT_TZn,0.000000000000e+00
1090,0,IQUAL_TZn,7.914393067258e+02
1090,0,ADQAL_TZn,0.000000000000e+00
1090,0,DSQAL_TZn,0.000000000000e+00
1090,0,DEPQAL_TZn,0.000000000000e+00
1090,0,SCRQAL_TZn,0.000000000000e+00
1090,1,QUAL_TZn,7.888481627391e+02
1090,1,QUBP_TZn,0.000000000000e+00
1103,0,DRAT_IVOL,4.152909029252e+07
1103,0,DRAT_OVOL,4.152909029252e+07
1103,-1,USLINK,0.000000000000e+00
1103,-1,PCP,0.000000000000e+00
1103,-1,EVAP,0.000000000000e+00
1103,-1,INFILT,0.000000000000e+00
1103,-1,USIF,1.672828890604e+07
1103,-2,LUIF,2.480080138648e+07
1103,-1,USBP,0.000000000000e+00
1103,-2,LUBP,0.000000000000e+00
1103,-5,IRWD,0.000000000000e+00
1103,0,IVOL,4.152909029252e+07
1103,1,RO,4.152909029252e+07
1103,1,BP,0.000000000000e+00
1103,0,DRAT_ISED_1,3.731489757108e+01
1103,0,DRAT_OSED_1,3.731489757108e+01
1103,-1,USSED_1,1.768278176328e+01
1103,-2,LUSED_1,1.963211580780e+01
1103,-1,USSBP_1,0.000000000000e+00
1103,-2,LUSBP_1,0.000000000000e+00
1103,-5,IRWDSED_1,0.000000000000e+00
1103,0,ISED_1,3.731489757108e+01
1103,0,DEPSCR_1,0.000000000000e+00
1103,0,DEPMASS_1,0.000000000000e+00
1103,0,SCRMASS_1,0.000000000000e+00
1103,0,BEDSED_1,0.000000000000e+00
1103,1,ROSED_1,3.731489757108e+01
1103,1,BPSED_1,0.000000000000e+00
1103,0,DRAT_ISED_2,7.216948175537e+01
1103,0,DRAT_OSED_2,7.216948175537e+01
1103,-1,USSED_2,2.914712657680e+01
1103,-2,LUSED_2,4.302235517857e+01
1103,-1,USSBP_2,0.000000000000e+00
1103,-2,LUSBP_2,0.000000000000e+00
1103,-5,IRWDSED_2,0.000000000000e+00
1103,0,ISED_2,7.216948175537e+01
1103,0,DEPSCR_2,0.000000000000e+00
1103,0,DEPMASS_2,0.000000000000e+00
1103,0,SCRMASS_2,0.000000000000e+00
1103,0,BEDSED_2,0.000000000000e+00
1103,1,ROSED_2,7.216948175537e+01
1103,1,BPSED_2,0.000000000000e+00
1103,0,DRAT_ISED_3,2.772022255967e+01
1103,0,DRAT_OSED_3,2.772022255967e+01
1103,-1,USSED_3,1.173718433801e+01
1103,-2,LUSED_3,1.598303822166e+01
1103,-1,USSBP_3,0.000000000000e+00
1103,-2,LUSBP_3,0.000000000000e+00
1103,-5,IRWDSED_3,0.000000000000e+00
1103,0,ISED_3,2.772022255967e+01
1103,0,DEPSCR_3,0.000000000000e+00
1103,0,DEPMASS_3,0.000000000000e+00
1103,0,SCRMASS_3,0.000000000000e+00
1103,0,BEDSED_3,0.000000000000e+00
1103,1,ROSED_3,2.772022255967e+01
1103,1,BPSED_3,0.000000000000e+00
1103,0,DRAT_IGQL_TN,4.793611803400e+03
1103,0,DRAT_OGQL_TN,4.793611803400e+03
1103,-1,USQUAL_TN,2.118568669051e+03
1103,-2,LUQUAL_TN,2.675043134349e+03
1103,-1,USQUBP_TN,0.000000000000e+00
1103,-2,LUQUBP_TN,0.000000000000e+00
1103,-5,IRWDQUAL_TN,0.000000000000e+00
1103,-7,INFILTQUAL_TN,0.000000000000e+00
1103,-8,INFILTQUALTARGET_TN,0.000000000000e+00
1103,0,ADTOT_TN,0.000000000000e+00
1103,0,IQUAL_TN,4.793611803400e+03
1103,0,ADQAL_TN,0.000000000000e+00
1103,0,DSQAL_TN,0.000000000000e+00
1103,0,DEPQAL_TN,0.000000000000e+00
1103,0,SCRQAL_TN,0.000000000000e+00
1103,1,QUAL_TN,4.793611803400e+03
1103,1,QUBP_TN,0.000000000000e+00
1103,0,DRAT_IGQL_TP,7.035907541662e+02
1103,0,DRAT_OGQL_TP,7.035907541662e+02
1103,-1,USQUAL_TP,2.967019127950e+02
1103,-2,LUQUAL_TP,4.068888413712e+02
1103,-1,USQUBP_TP,0.000000000000e+00
1103,-2,LUQUBP_TP,0.000000000000e+00
1103,-5,IRWDQUAL_TP,0.000000000000e+00
1103,-7,INFILTQUAL_TP,0.000000000000e+00
1103,-8,INFILTQUALTARGET_TP,0.000000000000e+00
1103,0,ADTOT_TP,0.000000000000e+00
1103,0,IQUAL_TP,7.035907541662e+02
1103,0,ADQAL_TP,0.000000000000e+00
1103,0,DSQAL_TP,0.000000000000e+00
1103,0,DEPQAL_TP,0.000000000000e+00
1103,0,SCRQAL_TP,0.000000000000e+00
1103,1,QUAL_TP,7.035907541662e+02
1103,1,QUBP_TP,0.000000000000e+00
1103,0,DRAT_IGQL_TCd,1.001202128470e+00
1103,0,DRAT_OGQL_TCd,1.001202128470e+00
1103,-1,USQUAL_TCd,3.631846293829e-01
1103,-2,LUQUAL_TCd,6.380174990872e-01
1103,-1,USQUBP_TCd,0.000000000000e+00
1103,-2,LUQUBP_TCd,0.000000000000e+00
1103,-5,IRWDQUAL_TCd,0.000000000000e+00
1103,-7,INFILTQUAL_TCd,0.000000000000e+00
1103,-8,INFILTQUALTARGET_TCd,0.000000000000e+00
1103,0,ADTOT_TCd,0.000000000000e+00
1103,0,IQUAL_TCd,1.001202128470e+00
1103,0,ADQAL_TCd,0.000000000000e+00
1103,0,DSQAL_TCd,0.000000000000e+00
1103,0,DEPQAL_TCd,0.000000000000e+00
1103,0,SCRQAL_TCd,0.000000000000e+00
1103,1,QUAL_TCd,1.001202128470e+00
1103,1,QUBP_TCd,0.000000000000e+00
1103,0,DRAT_IGQL_TCu,1.010273321794e+02
1103,0,DRAT_OGQL_TCu,1.010273321794e+02
1103,-1,USQUAL_TCu,3.677698504534e+01
1103,-2,LUQUAL_TCu,6.425034713408e+01
1103,-1,USQUBP_TCu,0.000000000000e+00
1103,-2,LUQUBP_TCu,0.000000000000e+00
1103,-5,IRWDQUAL_TCu,0.000000000000e+00
1103,-7,INFILTQUAL_TCu,0.000000000000e+00
1103,-8,INFILTQUALTARGET_TCu,0.000000000000e+00
1103,0,ADTOT_TCu,0.000000000000e+00
1103,0,IQUAL_TCu,1.010273321794e+02
1103,0,ADQAL_TCu,0.000000000000e+00
1103,0,DSQAL_TCu,0.000000000000e+00
1103,0,DEPQAL_TCu,0.000000000000e+00
1103,0,SCRQAL_TCu,0.000000000000e+00
1103,1,QUAL_TCu,1.010273321794e+02
1103,1,QUBP_TCu,0.000000000000e+00
1103,0,DRAT_IGQL_TPb,9.481919836952e+01
1103,0,DRAT_OGQL_TPb,9.481919836952e+01
1103,-1,USQUAL_TPb,3.765191675063e+01
1103,-2,LUQUAL_TPb,5.716728161889e+01
1103,-1,USQUBP_TPb,0.000000000000e+00
1103,-2,LUQUBP_TPb,0.000000000000e+00
1103,-5,IRWDQUAL_TPb,0.000000000000e+00
1103,-7,INFILTQUAL_TPb,0.000000000000e+00
1103,-8,INFILTQUALTARGET_TPb,0.000000000000e+00
1103,0,ADTOT_TPb,0.000000000000e+00
1103,0,IQUAL_TPb,9.481919836952e+01
1103,0,ADQAL_TPb,0.000000000000e+00
1103,0,DSQAL_TPb,0.000000000000e+00
1103,0,DEPQAL_TPb,0.000000000000e+00
1103,0,SCRQAL_TPb,0.000000000000e+00
1103,1,QUAL_TPb,9.481919836952e+01
1103,1,QUBP_TPb,0.000000000000e+00
1103,0,DRAT_IGQL_TZn,4.343195910899e+02
1103,0,DRAT_OGQL_TZn,4.343195910899e+02
1103,-1,USQUAL_TZn,1.612226969493e+02
1103,-2,LUQUAL_TZn,2.730968941406e+02
1103,-1,USQUBP_TZn,0.000000000000e+00
1103,-2,LUQUBP_TZn,0.000000000000e+00
1103,-5,IRWDQUAL_TZn,0.000000000000e+00
1103,-7,INFILTQUAL_TZn,0.000000000000e+00
1103,-8,INFILTQUALTARGET_TZn,0.000000000000e+00
1103,0,ADTOT_TZn,0.000000000000e+00
1103,0,IQUAL_TZn,4.343195910899e+02
1103,0,ADQAL_TZn,0.000000000000e+00
1103,0,DSQAL_TZn,0.000000000000e+00
1103,0,DEPQAL_TZn,0.000000000000e+00
1103,0,SCRQAL_TZn,0.000000000000e+00
1103,1,QUAL_TZn,4.343195910899e+02
1103,1,QUBP_TZn,0.000000000000e+00
1107,0,DRAT_IVOL,4.611014057556e+07
1107,0,DRAT_OVOL,4.565880602839e+07
1107,-1,USLINK,0.000000000000e+00
1107,-1,PCP,4.380223555619e+05
1107,-1,EVAP,4.513588170429e+05
1107,-1,INFILT,0.000000000000e+00
1107,-1,USIF,4.175863676606e+07
1107,-2,LUIF,3.913481453947e+06
1107,-1,USBP,0.000000000000e+00
1107,-2,LUBP,0.000000000000e+00
1107,-5,IRWD,0.000000000000e+00
1107,0,IVOL,4.567211822000e+07
1107,1,RO,4.565880602839e+07
1107,1,BP,0.000000000000e+00
1107,0,DRAT_ISED_1,2.582866771694e+01
1107,0,DRAT_OSED_1,1.522579975887e+01
1107,-1,USSED_1,2.075976070169e+01
1107,-2,LUSED_1,1.510235790863e+00
1107,-1,USSBP_1,0.000000000000e+00
1107,-2,LUSBP_1,0.000000000000e+00
1107,-5,IRWDSED_1,0.000000000000e+00
1107,0,ISED_1,2.226999649255e+01
1107,0,DEPSCR_1,7.044196733676e+00
1107,0,DEPMASS_1,1.060286795807e+01
1107,0,SCRMASS_1,3.558671224391e+00
1107,0,BEDSED_1,3.512536841896e+06
1107,1,ROSED_1,1.522579975887e+01
1107,1,BPSED_1,0.000000000000e+00
1107,0,DRAT_ISED_2,9.417048500395e+01
1107,0,DRAT_OSED_2,9.417066352040e+01
1107,-1,USSED_2,7.871396190348e+01
1107,-2,LUSED_2,6.932945274399e+00
1107,-1,USSBP_2,0.000000000000e+00
1107,-2,LUSBP_2,0.000000000000e+00
1107,-5,IRWDSED_2,0.000000000000e+00
1107,0,ISED_2,8.564690717788e+01
1107,0,DEPSCR_2,-8.523577826065e+00
1107,0,DEPMASS_2,0.000000000000e+00
1107,0,SCRMASS_2,8.523577826065e+00
1107,0,BEDSED_2,2.093194863420e+07
1107,1,ROSED_2,9.417066352040e+01
1107,1,BPSED_2,0.000000000000e+00
1107,0,DRAT_ISED_3,4.920203029654e+01
1107,0,DRAT_OSED_3,4.920208096487e+01
1107,-1,USSED_3,2.605231733607e+01
1107,-2,LUSED_3,2.114322841440e+00
1107,-1,USSBP_3,0.000000000000e+00
1107,-2,LUSBP_3,0.000000000000e+00
1107,-5,IRWDSED_3,0.000000000000e+00
1107,0,ISED_3,2.816664017750e+01
1107,0,DEPSCR_3,-2.103539011903e+01
1107,0,DEPMASS_3,0.000000000000e+00
1107,0,SCRMASS_3,2.103539011903e+01
1107,0,BEDSED_3,4.715901818495e+06
1107,1,ROSED_3,4.920208096487e+01
1107,1,BPSED_3,0.000000000000e+00
1107,0,DRAT_IGQL_TN,5.031383529553e+03
1107,0,DRAT_OGQL_TN,5.008751942374e+03
1107,-1,USQUAL_TN,4.610131341116e+03
1107,-2,LUQUAL_TN,4.212521884369e+02
1107,-1,USQUBP_TN,0.000000000000e+00
1107,-2,LUQUBP_TN,0.000000000000e+00
1107,-5,IRWDQUAL_TN,0.000000000000e+00
1107,-7,INFILTQUAL_TN,0.000000000000e+00
1107,-8,INFILTQUALTARGET_TN,0.000000000000e+00
1107,0,ADTOT_TN,0.000000000000e+00
1107,0,IQUAL_TN,5.031383529553e+03
1107,0,ADQAL_TN,0.000000000000e+00
1107,0,DSQAL_TN,0.000000000000e+00
1107,0,DEPQAL_TN,0.000000000000e+00
1107,0,SCRQAL_TN,0.000000000000e+00
1107,1,QUAL_TN,5.008751942374e+03
1107,1,QUBP_TN,0.000000000000e+00
1107,0,DRAT_IGQL_TP,7.444292930292e+02
1107,0,DRAT_OGQL_TP,7.414861978938e+02
1107,-1,USQUAL_TP,6.869569046951e+02
1107,-2,LUQUAL_TP,5.747238833409e+01
1107,-1,USQUBP_TP,0.000000000000e+00
1107,-2,LUQUBP_TP,0.000000000000e+00
1107,-5,IRWDQUAL_TP,0.000000000000e+00
1107,-7,INFILTQUAL_TP,0.000000000000e+00
1107,-8,INFILTQUALTARGET_TP,0.000000000000e+00
1107,0,ADTOT_TP,0.000000000000e+00
1107,0,IQUAL_TP,7.444292930292e+02
1107,0,ADQAL_TP,0.000000000000e+00
1107,0,DSQAL_TP,0.000000000000e+00
1107,0,DEPQAL_TP,0.000000000000e+00
1107,0,SCRQAL_TP,0.000000000000e+00
1107,1,QUAL_TP,7.414861978938e+02
1107,1,QUBP_TP,0.000000000000e+00
1107,0,DRAT_IGQL_TCd,1.348423622447e+00
1107,0,DRAT_OGQL_TCd,1.342874887616e+00
1107,-1,USQUAL_TCd,1.241264628098e+00
1107,-2,LUQUAL_TCd,1.071589943496e-01
1107,-1,USQUBP_TCd,0.000000000000e+00
1107,-2,LUQUBP_TCd,0.000000000000e+00
1107,-5,IRWDQUAL_TCd,0.000000000000e+00
1107,-7,INFILTQUAL_TCd,0.000000000000e+00
1107,-8,INFILTQUALTARGET_TCd,0.000000000000e+00
1107,0,ADTOT_TCd,0.000000000000e+00
1107,0,IQUAL_TCd,1.348423622447e+00
1107,0,ADQAL_TCd,0.000000000000e+00
1107,0,DSQAL_TCd,0.000000000000e+00
1107,0,DEPQAL_TCd,0.000000000000e+00
1107,0,SCRQAL_TCd,0.000000000000e+00
1107,1,QUAL_TCd,1.342874887616e+00
1107,1,QUBP_TCd,0.000000000000e+00
1107,0,DRAT_IGQL_TCu,1.359254566267e+02
1107,0,DRAT_OGQL_TCu,1.353688528929e+02
1107,-1,USQUAL_TCu,1.251680692507e+02
1107,-2,LUQUAL_TCu,1.075738737599e+01
1107,-1,USQUBP_TCu,0.000000000000e+00
1107,-2,LUQUBP_TCu,0.000000000000e+00
1107,-5,IRWDQUAL_TCu,0.000000000000e+00
1107,-7,INFILTQUAL_TCu,0.000000000000e+00
1107,-8,INFILTQUALTARGET_TCu,0.000000000000e+00
1107,0,ADTOT_TCu,0.000000000000e+00
1107,0,IQUAL_TCu,1.359254566267e+02
1107,0,ADQAL_TCu,0.000000000000e+00
1107,0,DSQAL_TCu,0.000000000000e+00
1107,0,DEPQAL_TCu,0.000000000000e+00
1107,0,SCRQAL_TCu,0.000000000000e+00
1107,1,QUAL_TCu,1.353688528929e+02
1107,1,QUBP_TCu,0.000000000000e+00
1107,0,DRAT_IGQL_TPb,1.109526893288e+02
1107,0,DRAT_OGQL_TPb,1.105107264578e+02
1107,-1,USQUAL_TPb,1.018125006647e+02
1107,-2,LUQUAL_TPb,9.140188664117e+00
1107,-1,USQUBP_TPb,0.000000000000e+00
1107,-2,LUQUBP_TPb,0.000000000000e+00
1107,-5,IRWDQUAL_TPb,0.000000000000e+00
1107,-7,INFILTQUAL_TPb,0.000000000000e+00
1107,-8,INFILTQUALTARGET_TPb,0.000000000000e+00
1107,0,ADTOT_TPb,0.000000000000e+00
1107,0,IQUAL_TPb,1.109526893288e+02
1107,0,ADQAL_TPb,0.000000000000e+00
1107,0,DSQAL_TPb,0.000000000000e+00
1107,0,DEPQAL_TPb,0.000000000000e+00
1107,0,SCRQAL_TPb,0.000000000000e+00
1107,1,QUAL_TPb,1.105107264578e+02
1107,1,QUBP_TPb,0.000000000000e+00
1107,0,DRAT_IGQL_TZn,5.849377047218e+02
1107,0,DRAT_OGQL_TZn,5.825680033302e+02
1107,-1,USQUAL_TZn,5.409984317673e+02
1107,-2,LUQUAL_TZn,4.393927295445e+01
1107,-1,USQUBP_TZn,0.000000000000e+00
1107,-2,LUQUBP_TZn,0.000000000000e+00
1107,-5,IRWDQUAL_TZn,0.000000000000e+00
1107,-7,INFILTQUAL_TZn,0.000000000000e+00
1107,-8,INFILTQUALTARGET_TZn,0.000000000000e+00
1107,0,ADTOT_TZn,0.000000000000e+00
1107,0,IQUAL_TZn,5.849377047218e+02
1107,0,ADQAL_TZn,0.000000000000e+00
1107,0,DSQAL_TZn,0.000000000000e+00
1107,0,DEPQAL_TZn,0.000000000000e+00
1107,0,SCRQAL_TZn,0.000000000000e+00
1107,1,QUAL_TZn,5.825680033302e+02
1107,1,QUBP_TZn,0.000000000000e+00
1113,0,DRAT_IVOL,5.579285057272e+07
1113,0,DRAT_OVOL,5.541471771819e+07
1113,-1,USLINK,0.000000000000e+00
1113,-1,PCP,4.969005323181e+05
1113,-1,EVAP,3.781407955724e+05
1113,-1,INFILT,0.000000000000e+00
1113,-1,USIF,1.351607950748e+07
1113,-2,LUIF,4.177987053292e+07
1113,-1,USBP,0.000000000000e+00
1113,-2,LUBP,0.000000000000e+00
1113,-5,IRWD,0.000000000000e+00
1113,0,IVOL,5.529595004040e+07
1113,1,RO,5.541471771819e+07
1113,1,BP,0.000000000000e+00
1113,0,DRAT_ISED_1,3.387454965317e+01
1113,0,DRAT_OSED_1,2.284222513955e+01
1113,-1,USSED_1,5.683145004842e+00
1113,-2,LUSED_1,1.974091428271e+01
1113,-1,USSBP_1,0.000000000000e+00
1113,-2,LUSBP_1,0.000000000000e+00
1113,-5,IRWDSED_1,0.000000000000e+00
1113,0,ISED_1,2.542405928755e+01
1113,0,DEPSCR_1,2.581834148007e+00
1113,0,DEPMASS_1,1.103232451362e+01
1113,0,SCRMASS_1,8.450490365614e+00
1113,0,BEDSED_1,3.375682067904e+06
1113,1,ROSED_1,2.284222513955e+01
1113,1,BPSED_1,0.000000000000e+00
1113,0,DRAT_ISED_2,1.201275257402e+02
1113,0,DRAT_OSED_2,1.201276586013e+02
1113,-1,USSED_2,2.820163427752e+01
1113,-2,LUSED_2,7.799617926987e+01
1113,-1,USSBP_2,0.000000000000e+00
1113,-2,LUSBP_2,0.000000000000e+00
1113,-5,IRWDSED_2,0.000000000000e+00
1113,0,ISED_2,1.061978135474e+02
1113,0,DEPSCR_2,-1.392971219277e+01
1113,0,DEPMASS_2,0.000000000000e+00
1113,0,SCRMASS_2,1.392971219277e+01
1113,0,BEDSED_2,2.179562400458e+07
1113,1,ROSED_2,1.201276586013e+02
1113,1,BPSED_2,0.000000000000e+00
1113,0,DRAT_ISED_3,6.244432254978e+01
1113,0,DRAT_OSED_3,6.244436009797e+01
1113,-1,USSED_3,8.476967989408e+00
1113,-2,LUSED_3,2.455726550739e+01
1113,-1,USSBP_3,0.000000000000e+00
1113,-2,LUSBP_3,0.000000000000e+00
1113,-5,IRWDSED_3,0.000000000000e+00
1113,0,ISED_3,3.303423349679e+01
1113,0,DEPSCR_3,-2.941008905299e+01
1113,0,DEPMASS_3,0.000000000000e+00
1113,0,SCRMASS_3,2.941008905299e+01
1113,0,BEDSED_3,4.444958495873e+06
1113,1,ROSED_3,6.244436009797e+01
1113,1,BPSED_3,0.000000000000e+00
1113,0,DRAT_IGQL_TN,6.336176806789e+03
1113,0,DRAT_OGQL_TN,6.308070621403e+03
1113,-1,USQUAL_TN,1.416491065872e+03
1113,-2,LUQUAL_TN,4.919685740917e+03
1113,-1,USQUBP_TN,0.000000000000e+00
1113,-2,LUQUBP_TN,0.000000000000e+00
1113,-5,IRWDQUAL_TN,0.000000000000e+00
1113,-7,INFILTQUAL_TN,0.000000000000e+00
1113,-8,INFILTQUALTARGET_TN,0.000000000000e+00
1113,0,ADTOT_TN,0.000000000000e+00
1113,0,IQUAL_TN,6.336176806789e+03
1113,0,ADQAL_TN,0.000000000000e+00
1113,0,DSQAL_TN,0.000000000000e+00
1113,0,DEPQAL_TN,0.000000000000e+00
1113,0,SCRQAL_TN,0.000000000000e+00
1113,1,QUAL_TN,6.308070621403e+03
1113,1,QUBP_TN,0.000000000000e+00
1113,0,DRAT_IGQL_TP,9.434651695503e+02
1113,0,DRAT_OGQL_TP,9.398920212895e+02
1113,-1,USQUAL_TP,2.431781312747e+02
1113,-2,LUQUAL_TP,7.002870382757e+02
1113,-1,USQUBP_TP,0.000000000000e+00
1113,-2,LUQUBP_TP,0.000000000000e+00
1113,-5,IRWDQUAL_TP,0.000000000000e+00
1113,-7,INFILTQUAL_TP,0.000000000000e+00
1113,-8,INFILTQUALTARGET_TP,0.000000000000e+00
1113,0,ADTOT_TP,0.000000000000e+00
1113,0,IQUAL_TP,9.434651695503e+02
1113,0,ADQAL_TP,0.000000000000e+00
1113,0,DSQAL_TP,0.000000000000e+00
1113,0,DEPQAL_TP,0.000000000000e+00
1113,0,SCRQAL_TP,0.000000000000e+00
1113,1,QUAL_TP,9.398920212895e+02
1113,1,QUBP_TP,0.000000000000e+00
1113,0,DRAT_IGQL_TCd,1.790924586001e+00
1113,0,DRAT_OGQL_TCd,1.783991278545e+00
1113,-1,USQUAL_TCd,5.662865972017e-01
1113,-2,LUQUAL_TCd,1.224637988799e+00
1113,-1,USQUBP_TCd,0.000000000000e+00
1113,-2,LUQUBP_TCd,0.000000000000e+00
1113,-5,IRWDQUAL_TCd,0.000000000000e+00
1113,-7,INFILTQUAL_TCd,0.000000000000e+00
1113,-8,INFILTQUALTARGET_TCd,0.000000000000e+00
1113,0,ADTOT_TCd,0.000000000000e+00
1113,0,IQUAL_TCd,1.790924586001e+00
1113,0,ADQAL_TCd,0.000000000000e+00
1113,0,DSQAL_TCd,0.000000000000e+00
1113,0,DEPQAL_TCd,0.000000000000e+00
1113,0,SCRQAL_TCd,0.000000000000e+00
1113,1,QUAL_TCd,1.783991278545e+00
1113,1,QUBP_TCd,0.000000000000e+00
1113,0,DRAT_IGQL_TCu,1.799563413187e+02
1113,0,DRAT_OGQL_TCu,1.792617041341e+02
1113,-1,USQUAL_TCu,5.681871199289e+01
1113,-2,LUQUAL_TCu,1.231376293258e+02
1113,-1,USQUBP_TCu,0.000000000000e+00
1113,-2,LUQUBP_TCu,0.000000000000e+00
1113,-5,IRWDQUAL_TCu,0.000000000000e+00
1113,-7,INFILTQUAL_TCu,0.000000000000e+00
1113,-8,INFILTQUALTARGET_TCu,0.000000000000e+00
1113,0,ADTOT_TCu,0.000000000000e+00
1113,0,IQUAL_TCu,1.799563413187e+02
1113,0,ADQAL_TCu,0.000000000000e+00
1113,0,DSQAL_TCu,0.000000000000e+00
1113,0,DEPQAL_TCu,0.000000000000e+00
1113,0,SCRQAL_TCu,0.000000000000e+00
1113,1,QUAL_TCu,1.792617041341e+02
1113,1,QUBP_TCu,0.000000000000e+00
1113,0,DRAT_IGQL_TPb,1.438321161534e+02
1113,0,DRAT_OGQL_TPb,1.432927143377e+02
1113,-1,USQUAL_TPb,3.785440457928e+01
1113,-2,LUQUAL_TPb,1.059777115741e+02
1113,-1,USQUBP_TPb,0.000000000000e+00
1113,-2,LUQUBP_TPb,0.000000000000e+00
1113,-5,IRWDQUAL_TPb,0.000000000000e+00
1113,-7,INFILTQUAL_TPb,0.000000000000e+00
1113,-8,INFILTQUALTARGET_TPb,0.000000000000e+00
1113,0,ADTOT_TPb,0.000000000000e+00
1113,0,IQUAL_TPb,1.438321161534e+02
1113,0,ADQAL_TPb,0.000000000000e+00
1113,0,DSQAL_TPb,0.000000000000e+00
1113,0,DEPQAL_TPb,0.000000000000e+00
1113,0,SCRQAL_TPb,0.000000000000e+00
1113,1,QUAL_TPb,1.432927143377e+02
1113,1,QUBP_TPb,0.000000000000e+00
1113,0,DRAT_IGQL_TZn,7.591063537595e+02
1113,0,DRAT_OGQL_TZn,7.561623841574e+02
1113,-1,USQUAL_TZn,2.581307143963e+02
1113,-2,LUQUAL_TZn,5.009756393632e+02
1113,-1,USQUBP_TZn,0.000000000000e+00
1113,-2,LUQUBP_TZn,0.000000000000e+00
1113,-5,IRWDQUAL_TZn,0.000000000000e+00
1113,-7,INFILTQUAL_TZn,0.000000000000e+00
1113,-8,INFILTQUALTARGET_TZn,0.000000000000e+00
1113,0,ADTOT_TZn,0.000000000000e+00
1113,0,IQUAL_TZn,7.591063537595e+02
1113,0,ADQAL_TZn,0.000000000000e+00
1113,0,DSQAL_TZn,0.000000000000e+00
1113,0,DEPQAL_TZn,0.000000000000e+00
1113,0,SCRQAL_TZn,0.000000000000e+00
1113,1,QUAL_TZn,7.561623841574e+02
1113,1,QUBP_TZn,0.000000000000e+00
1071,0,DRAT_IVOL,1.170023725427e+08
1071,0,DRAT_OVOL,1.170023725427e+08
1071,-1,USLINK,0.000000000000e+00
1071,-1,PCP,0.000000000000e+00
1071,-1,EVAP,0.000000000000e+00
1071,-1,INFILT,0.000000000000e+00
1071,-1,USIF,1.000101091627e+08
1071,-2,LUIF,1.699226337995e+07
1071,-1,USBP,0.000000000000e+00
1071,-2,LUBP,0.000000000000e+00
1071,-5,IRWD,0.000000000000e+00
1071,0,IVOL,1.170023725427e+08
1071,1,RO,1.170023725427e+08
1071,1,BP,0.000000000000e+00
1071,0,DRAT_ISED_1,8.819019470965e+01
1071,0,DRAT_OSED_1,8.819019470965e+01
1071,-1,USSED_1,8.129177240127e+01
1071,-2,LUSED_1,6.898422308378e+00
1071,-1,USSBP_1,0.000000000000e+00
1071,-2,LUSBP_1,0.000000000000e+00
1071,-5,IRWDSED_1,0.000000000000e+00
1071,0,ISED_1,8.819019470965e+01
1071,0,DEPSCR_1,0.000000000000e+00
1071,0,DEPMASS_1,0.000000000000e+00
1071,0,SCRMASS_1,0.000000000000e+00
1071,0,BEDSED_1,0.000000000000e+00
1071,1,ROSED_1,8.819019470965e+01
1071,1,BPSED_1,0.000000000000e+00
1071,0,DRAT_ISED_2,3.776949410659e+02
1071,0,DRAT_OSED_2,3.776949410659e+02
1071,-1,USSED_2,3.353482081678e+02
1071,-2,LUSED_2,4.234673289811e+01
1071,-1,USSBP_2,0.000000000000e+00
1071,-2,LUSBP_2,0.000000000000e+00
1071,-5,IRWDSED_2,0.000000000000e+00
1071,0,ISED_2,3.776949410659e+02
1071,0,DEPSCR_2,0.000000000000e+00
1071,0,DEPMASS_2,0.000000000000e+00
1071,0,SCRMASS_2,0.000000000000e+00
1071,0,BEDSED_2,0.000000000000e+00
1071,1,ROSED_2,3.776949410659e+02
1071,1,BPSED_2,0.000000000000e+00
1071,0,DRAT_ISED_3,1.479230381802e+02
1071,0,DRAT_OSED_3,1.479230381802e+02
1071,-1,USSED_3,1.356906174980e+02
1071,-2,LUSED_3,1.223242068223e+01
1071,-1,USSBP_3,0.000000000000e+00
1071,-2,LUSBP_3,0.000000000000e+00
1071,-5,IRWDSED_3,0.000000000000e+00
1071,0,ISED_3,1.479230381802e+02
1071,0,DEPSCR_3,0.000000000000e+00
1071,0,DEPMASS_3,0.000000000000e+00
1071,0,SCRMASS_3,0.000000000000e+00
1071,0,BEDSED_3,0.000000000000e+00
1071,1,ROSED_3,1.479230381802e+02
1071,1,BPSED_3,0.000000000000e+00
1071,0,DRAT_IGQL_TN,1.423720293094e+04
1071,0,DRAT_OGQL_TN,1.423720293094e+04
1071,-1,USQUAL_TN,1.204158914300e+04
1071,-2,LUQUAL_TN,2.195613787946e+03
1071,-1,USQUBP_TN,0.000000000000e+00
1071,-2,LUQUBP_TN,0.000000000000e+00
1071,-5,IRWDQUAL_TN,0.000000000000e+00
1071,-7,INFILTQUAL_TN,0.000000000000e+00
1071,-8,INFILTQUALTARGET_TN,0.000000000000e+00
1071,0,ADTOT_TN,0.000000000000e+00
1071,0,IQUAL_TN,1.423720293094e+04
1071,0,ADQAL_TN,0.000000000000e+00
1071,0,DSQAL_TN,0.000000000000e+00
1071,0,DEPQAL_TN,0.000000000000e+00
1071,0,SCRQAL_TN,0.000000000000e+00
1071,1,QUAL_TN,1.423720293094e+04
1071,1,QUBP_TN,0.000000000000e+00
1071,0,DRAT_IGQL_TP,2.392589089455e+03
1071,0,DRAT_OGQL_TP,2.392589089455e+03
1071,-1,USQUAL_TP,2.049063204979e+03
1071,-2,LUQUAL_TP,3.435258844766e+02
1071,-1,USQUBP_TP,0.000000000000e+00
1071,-2,LUQUBP_TP,0.000000000000e+00
1071,-5,IRWDQUAL_TP,0.000000000000e+00
1071,-7,INFILTQUAL_TP,0.000000000000e+00
1071,-8,INFILTQUALTARGET_TP,0.000000000000e+00
1071,0,ADTOT_TP,0.000000000000e+00
1071,0,IQUAL_TP,2.392589089455e+03
1071,0,ADQAL_TP,0.000000000000e+00
1071,0,DSQAL_TP,0.000000000000e+00
1071,0,DEPQAL_TP,0.000000000000e+00
1071,0,SCRQAL_TP,0.000000000000e+00
1071,1,QUAL_TP,2.392589089455e+03
1071,1,QUBP_TP,0.000000000000e+00
1071,0,DRAT_IGQL_TCd,5.446700976727e+00
1071,0,DRAT_OGQL_TCd,5.446700976727e+00
1071,-1,USQUAL_TCd,4.766719180051e+00
1071,-2,LUQUAL_TCd,6.799817966754e-01
1071,-1,USQUBP_TCd,0.000000000000e+00
1071,-2,LUQUBP_TCd,0.000000000000e+00
1071,-5,IRWDQUAL_TCd,0.000000000000e+00
1071,-7,INFILTQUAL_TCd,0.000000000000e+00
1071,-8,INFILTQUALTARGET_TCd,0.000000000000e+00
1071,0,ADTOT_TCd,0.000000000000e+00
1071,0,IQUAL_TCd,5.446700976727e+00
1071,0,ADQAL_TCd,0.000000000000e+00
1071,0,DSQAL_TCd,0.000000000000e+00
1071,0,DEPQAL_TCd,0.000000000000e+00
1071,0,SCRQAL_TCd,0.000000000000e+00
1071,1,QUAL_TCd,5.446700976727e+00
1071,1,QUBP_TCd,0.000000000000e+00
1071,0,DRAT_IGQL_TCu,5.464032597830e+02
1071,0,DRAT_OGQL_TCu,5.464032597830e+02
1071,-1,USQUAL_TCu,4.779950843865e+02
1071,-2,LUQUAL_TCu,6.840817539647e+01
1071,-1,USQUBP_TCu,0.000000000000e+00
1071,-2,LUQUBP_TCu,0.000000000000e+00
1071,-5,IRWDQUAL_TCu,0.000000000000e+00
1071,-7,INFILTQUAL_TCu,0.000000000000e+00
1071,-8,INFILTQUALTARGET_TCu,0.000000000000e+00
1071,0,ADTOT_TCu,0.000000000000e+00
1071,0,IQUAL_TCu,5.464032597830e+02
1071,0,ADQAL_TCu,0.000000000000e+00
1071,0,DSQAL_TCu,0.000000000000e+00
1071,0,DEPQAL_TCu,0.000000000000e+00
1071,0,SCRQAL_TCu,0.000000000000e+00
1071,1,QUAL_TCu,5.464032597830e+02
1071,1,QUBP_TCu,0.000000000000e+00
1071,0,DRAT_IGQL_TPb,3.632005910788e+02
1071,0,DRAT_OGQL_TPb,3.632005910788e+02
1071,-1,USQUAL_TPb,3.136366481738e+02
1071,-2,LUQUAL_TPb,4.956394290501e+01
1071,-1,USQUBP_TPb,0.000000000000e+00
1071,-2,LUQUBP_TPb,0.000000000000e+00
1071,-5,IRWDQUAL_TPb,0.000000000000e+00
1071,-7,INFILTQUAL_TPb,0.000000000000e+00
1071,-8,INFILTQUALTARGET_TPb,0.000000000000e+00
1071,0,ADTOT_TPb,0.000000000000e+00
1071,0,IQUAL_TPb,3.632005910788e+02
1071,0,ADQAL_TPb,0.000000000000e+00
1071,0,DSQAL_TPb,0.000000000000e+00
1071,0,DEPQAL_TPb,0.000000000000e+00
1071,0,SCRQAL_TPb,0.000000000000e+00
1071,1,QUAL_TPb,3.632005910788e+02
1071,1,QUBP_TPb,0.000000000000e+00
1071,0,DRAT_IGQL_TZn,2.460070086090e+03
1071,0,DRAT_OGQL_TZn,2.460070086090e+03
1071,-1,USQUAL_TZn,2.181613852404e+03
1071,-2,LUQUAL_TZn,2.784562336860e+02
1071,-1,USQUBP_TZn,0.000000000000e+00
1071,-2,LUQUBP_TZn,0.000000000000e+00
1071,-5,IRWDQUAL_TZn,0.000000000000e+00
1071,-7,INFILTQUAL_TZn,0.000000000000e+00
1071,-8,INFILTQUALTARGET_TZn,0.000000000000e+00
1071,0,ADTOT_TZn,0.000000000000e+00
1071,0,IQUAL_TZn,2.460070086090e+03
1071,0,ADQAL_TZn,0.000000000000e+00
1071,0,DSQAL_TZn,0.000000000000e+00
1071,0,DEPQAL_TZn,0.000000000000e+00
1071,0,SCRQAL_TZn,0.000000000000e+00
1071,1,QUAL_TZn,2.460070086090e+03
1071,1,QUBP_TZn,0.000000000000e+00
1078,0,DRAT_IVOL,1.146783789440e+08
1078,0,DRAT_OVOL,1.141206420532e+08
1078,-1,USLINK,0.000000000000e+00
1078,-1,PCP,4.686833402765e+05
1078,-1,EVAP,5.576942376482e+05
1078,-1,INFILT,0.000000000000e+00
1078,-1,USIF,8.910968991154e+07
1078,-2,LUIF,2.510000569215e+07
1078,-1,USBP,0.000000000000e+00
1078,-2,LUBP,0.000000000000e+00
1078,-5,IRWD,0.000000000000e+00
1078,0,IVOL,1.142096956037e+08
1078,1,RO,1.141206420532e+08
1078,1,BP,0.000000000000e+00
1078,0,DRAT_ISED_1,4.053938187784e+01
1078,0,DRAT_OSED_1,9.443678995219e+00
1078,-1,USSED_1,3.001449840165e+01
1078,-2,LUSED_1,9.967128462324e+00
1078,-1,USSBP_1,0.000000000000e+00
1078,-2,LUSBP_1,0.000000000000e+00
1078,-5,IRWDSED_1,0.000000000000e+00
1078,0,ISED_1,3.998162686398e+01
1078,0,DEPSCR_1,3.053794786876e+01
1078,0,DEPMASS_1,3.109570288262e+01
1078,0,SCRMASS_1,5.577550138607e-01
1078,0,BEDSED_1,3.893031729363e+06
1078,1,ROSED_1,9.443678995219e+00
1078,1,BPSED_1,0.000000000000e+00
1078,0,DRAT_ISED_2,2.442780266207e+02
1078,0,DRAT_OSED_2,2.382894310958e+02
1078,-1,USSED_2,1.882561431842e+02
1078,-2,LUSED_2,5.602110461845e+01
1078,-1,USSBP_2,0.000000000000e+00
1078,-2,LUSBP_2,0.000000000000e+00
1078,-5,IRWDSED_2,0.000000000000e+00
1078,0,ISED_2,2.442772478026e+02
1078,0,DEPSCR_2,5.988313812944e+00
1078,0,DEPMASS_2,5.989092631045e+00
1078,0,SCRMASS_2,7.788181009341e-04
1078,0,BEDSED_2,1.539473588113e+07
1078,1,ROSED_2,2.382894310958e+02
1078,1,BPSED_2,0.000000000000e+00
1078,0,DRAT_ISED_3,7.900179059222e+01
1078,0,DRAT_OSED_3,7.899234355774e+01
1078,-1,USSED_3,6.258744785479e+01
1078,-2,LUSED_3,1.636679123936e+01
1078,-1,USSBP_3,0.000000000000e+00
1078,-2,LUSBP_3,0.000000000000e+00
1078,-5,IRWDSED_3,0.000000000000e+00
1078,0,ISED_3,7.895423909415e+01
1078,0,DEPSCR_3,-3.796507952897e-02
1078,0,DEPMASS_3,9.586418539032e-03
1078,0,SCRMASS_3,4.755149806800e-02
1078,0,BEDSED_3,4.272498854863e+06
1078,1,ROSED_3,7.899234355774e+01
1078,1,BPSED_3,0.000000000000e+00
1078,0,DRAT_IGQL_TN,1.410716928463e+04
1078,0,DRAT_OGQL_TN,1.402935898264e+04
1078,-1,USQUAL_TN,1.086816400644e+04
1078,-2,LUQUAL_TN,3.239005278183e+03
1078,-1,USQUBP_TN,0.000000000000e+00
1078,-2,LUQUBP_TN,0.000000000000e+00
1078,-5,IRWDQUAL_TN,0.000000000000e+00
1078,-7,INFILTQUAL_TN,0.000000000000e+00
1078,-8,INFILTQUALTARGET_TN,0.000000000000e+00
1078,0,ADTOT_TN,0.000000000000e+00
1078,0,IQUAL_TN,1.410716928463e+04
1078,0,ADQAL_TN,0.000000000000e+00
1078,0,DSQAL_TN,0.000000000000e+00
1078,0,DEPQAL_TN,0.000000000000e+00
1078,0,SCRQAL_TN,0.000000000000e+00
1078,1,QUAL_TN,1.402935898264e+04
1078,1,QUBP_TN,0.000000000000e+00
1078,0,DRAT_IGQL_TP,2.123542358877e+03
1078,0,DRAT_OGQL_TP,2.113522591121e+03
1078,-1,USQUAL_TP,1.665945952704e+03
1078,-2,LUQUAL_TP,4.575964061722e+02
1078,-1,USQUBP_TP,0.000000000000e+00
1078,-2,LUQUBP_TP,0.000000000000e+00
1078,-5,IRWDQUAL_TP,0.000000000000e+00
1078,-7,INFILTQUAL_TP,0.000000000000e+00
1078,-8,INFILTQUALTARGET_TP,0.000000000000e+00
1078,0,ADTOT_TP,0.000000000000e+00
1078,0,IQUAL_TP,2.123542358877e+03
1078,0,ADQAL_TP,0.000000000000e+00
1078,0,DSQAL_TP,0.000000000000e+00
1078,0,DEPQAL_TP,0.000000000000e+00
1078,0,SCRQAL_TP,0.000000000000e+00
1078,1,QUAL_TP,2.113522591121e+03
1078,1,QUBP_TP,0.000000000000e+00
1078,0,DRAT_IGQL_TCd,3.988620115053e+00
1078,0,DRAT_OGQL_TCd,3.969700269317e+00
1078,-1,USQUAL_TCd,3.148072552007e+00
1078,-2,LUQUAL_TCd,8.405475630464e-01
1078,-1,USQUBP_TCd,0.000000000000e+00
1078,-2,LUQUBP_TCd,0.000000000000e+00
1078,-5,IRWDQUAL_TCd,0.000000000000e+00
1078,-7,INFILTQUAL_TCd,0.000000000000e+00
1078,-8,INFILTQUALTARGET_TCd,0.000000000000e+00
1078,0,ADTOT_TCd,0.000000000000e+00
1078,0,IQUAL_TCd,3.988620115053e+00
1078,0,ADQAL_TCd,0.000000000000e+00
1078,0,DSQAL_TCd,0.000000000000e+00
1078,0,DEPQAL_TCd,0.000000000000e+00
1078,0,SCRQAL_TCd,0.000000000000e+00
1078,1,QUAL_TCd,3.969700269317e+00
1078,1,QUBP_TCd,0.000000000000e+00
1078,0,DRAT_IGQL_TCu,4.021015872553e+02
1078,0,DRAT_OGQL_TCu,4.002037430448e+02
1078,-1,USQUAL_TCu,3.173220557641e+02
1078,-2,LUQUAL_TCu,8.477953149129e+01
1078,-1,USQUBP_TCu,0.000000000000e+00
1078,-2,LUQUBP_TCu,0.000000000000e+00
1078,-5,IRWDQUAL_TCu,0.000000000000e+00
1078,-7,INFILTQUAL_TCu,0.000000000000e+00
1078,-8,INFILTQUALTARGET_TCu,0.000000000000e+00
1078,0,ADTOT_TCu,0.000000000000e+00
1078,0,IQUAL_TCu,4.021015872553e+02
1078,0,ADQAL_TCu,0.000000000000e+00
1078,0,DSQAL_TCu,0.000000000000e+00
1078,0,DEPQAL_TCu,0.000000000000e+00
1078,0,SCRQAL_TCu,0.000000000000e+00
1078,1,QUAL_TCu,4.002037430448e+02
1078,1,QUBP_TCu,0.000000000000e+00
1078,0,DRAT_IGQL_TPb,2.942280033326e+02
1078,0,DRAT_OGQL_TPb,2.928322285237e+02
1078,-1,USQUAL_TPb,2.296323318553e+02
1078,-2,LUQUAL_TPb,6.459567147738e+01
1078,-1,USQUBP_TPb,0.000000000000e+00
1078,-2,LUQUBP_TPb,0.000000000000e+00
1078,-5,IRWDQUAL_TPb,0.000000000000e+00
1078,-7,INFILTQUAL_TPb,0.000000000000e+00
1078,-8,INFILTQUALTARGET_TPb,0.000000000000e+00
1078,0,ADTOT_TPb,0.000000000000e+00
1078,0,IQUAL_TPb,2.942280033326e+02
1078,0,ADQAL_TPb,0.000000000000e+00
1078,0,DSQAL_TPb,0.000000000000e+00
1078,0,DEPQAL_TPb,0.000000000000e+00
1078,0,SCRQAL_TPb,0.000000000000e+00
1078,1,QUAL_TPb,2.928322285237e+02
1078,1,QUBP_TPb,0.000000000000e+00
1078,0,DRAT_IGQL_TZn,1.685922663949e+03
1078,0,DRAT_OGQL_TZn,1.677894823663e+03
1078,-1,USQUAL_TZn,1.336761724613e+03
1078,-2,LUQUAL_TZn,3.491609393364e+02
1078,-1,USQUBP_TZn,0.000000000000e+00
1078,-2,LUQUBP_TZn,0.000000000000e+00
1078,-5,IRWDQUAL_TZn,0.000000000000e+00
1078,-7,INFILTQUAL_TZn,0.000000000000e+00
1078,-8,INFILTQUALTARGET_TZn,0.000000000000e+00
1078,0,ADTOT_TZn,0.000000000000e+00
1078,0,IQUAL_TZn,1.685922663949e+03
1078,0,ADQAL_TZn,0.000000000000e+00
1078,0,DSQAL_TZn,0.000000000000e+00
1078,0,DEPQAL_TZn,0.000000000000e+00
1078,0,SCRQAL_TZn,0.000000000000e+00
1078,1,QUAL_TZn,1.677894823663e+03
1078,1,QUBP_TZn,0.000000000000e+00
1084,0,DRAT_IVOL,2.425729210786e+08
1084,0,DRAT_OVOL,2.411290041836e+08
1084,-1,USLINK,0.000000000000e+00
1084,-1,PCP,1.518983874150e+06
1084,-1,EVAP,1.444009221273e+06
1084,-1,INFILT,0.000000000000e+00
1084,-1,USIF,1.590121352562e+08
1084,-2,LUIF,8.204180194822e+07
1084,-1,USBP,0.000000000000e+00
1084,-2,LUBP,0.000000000000e+00
1084,-5,IRWD,0.000000000000e+00
1084,0,IVOL,2.410539372044e+08
1084,1,RO,2.411290041836e+08
1084,1,BP,0.000000000000e+00
1084,0,DRAT_ISED_1,1.902053101277e+02
1084,0,DRAT_OSED_1,1.516963988217e+02
1084,-1,USSED_1,1.083722580140e+02
1084,-2,LUSED_1,3.675731012778e+01
1084,-1,USSBP_1,0.000000000000e+00
1084,-2,LUSBP_1,0.000000000000e+00
1084,-5,IRWDSED_1,0.000000000000e+00
1084,0,ISED_1,1.451295681418e+02
1084,0,DEPSCR_1,-6.566830679896e+00
1084,0,DEPMASS_1,3.850891130606e+01
1084,0,SCRMASS_1,4.507574198596e+01
1084,0,BEDSED_1,3.692238228672e+06
1084,1,ROSED_1,1.516963988217e+02
1084,1,BPSED_1,0.000000000000e+00
1084,0,DRAT_ISED_2,5.228940229446e+02
1084,0,DRAT_OSED_2,5.228948310009e+02
1084,-1,USSED_2,3.092649930439e+02
1084,-2,LUSED_2,1.444484801139e+02
1084,-1,USSBP_2,0.000000000000e+00
1084,-2,LUSBP_2,0.000000000000e+00
1084,-5,IRWDSED_2,0.000000000000e+00
1084,0,ISED_2,4.537134731578e+02
1084,0,DEPSCR_2,-6.918054978682e+01
1084,0,DEPMASS_2,0.000000000000e+00
1084,0,SCRMASS_2,6.918054978682e+01
1084,0,BEDSED_2,2.416521668263e+07
1084,1,ROSED_2,5.228948310009e+02
1084,1,BPSED_2,0.000000000000e+00
1084,0,DRAT_ISED_3,2.476752031579e+02
1084,0,DRAT_OSED_3,2.476754320435e+02
1084,-1,USSED_3,1.394615144588e+02
1084,-2,LUSED_3,4.658167805297e+01
1084,-1,USSBP_3,0.000000000000e+00
1084,-2,LUSBP_3,0.000000000000e+00
1084,-5,IRWDSED_3,0.000000000000e+00
1084,0,ISED_3,1.860431925117e+02
1084,0,DEPSCR_3,-6.163201064615e+01
1084,0,DEPMASS_3,0.000000000000e+00
1084,0,SCRMASS_3,6.163201064615e+01
1084,0,BEDSED_3,2.082289585467e+06
1084,1,ROSED_3,2.476754320435e+02
1084,1,BPSED_3,0.000000000000e+00
1084,0,DRAT_IGQL_TN,2.543521063156e+04
1084,0,DRAT_OGQL_TN,2.532042537231e+04
1084,-1,USQUAL_TN,1.723374028451e+04
1084,-2,LUQUAL_TN,8.201470347043e+03
1084,-1,USQUBP_TN,0.000000000000e+00
1084,-2,LUQUBP_TN,0.000000000000e+00
1084,-5,IRWDQUAL_TN,0.000000000000e+00
1084,-7,INFILTQUAL_TN,0.000000000000e+00
1084,-8,INFILTQUALTARGET_TN,0.000000000000e+00
1084,0,ADTOT_TN,0.000000000000e+00
1084,0,IQUAL_TN,2.543521063156e+04
1084,0,ADQAL_TN,0.000000000000e+00
1084,0,DSQAL_TN,0.000000000000e+00
1084,0,DEPQAL_TN,0.000000000000e+00
1084,0,SCRQAL_TN,0.000000000000e+00
1084,1,QUAL_TN,2.532042537231e+04
1084,1,QUBP_TN,0.000000000000e+00
1084,0,DRAT_IGQL_TP,3.725691674948e+03
1084,0,DRAT_OGQL_TP,3.711140992383e+03
1084,-1,USQUAL_TP,2.488697446229e+03
1084,-2,LUQUAL_TP,1.236994228719e+03
1084,-1,USQUBP_TP,0.000000000000e+00
1084,-2,LUQUBP_TP,0.000000000000e+00
1084,-5,IRWDQUAL_TP,0.000000000000e+00
1084,-7,INFILTQUAL_TP,0.000000000000e+00
1084,-8,INFILTQUALTARGET_TP,0.000000000000e+00
1084,0,ADTOT_TP,0.000000000000e+00
1084,0,IQUAL_TP,3.725691674948e+03
1084,0,ADQAL_TP,0.000000000000e+00
1084,0,DSQAL_TP,0.000000000000e+00
1084,0,DEPQAL_TP,0.000000000000e+00
1084,0,SCRQAL_TP,0.000000000000e+00
1084,1,QUAL_TP,3.711140992383e+03
1084,1,QUBP_TP,0.000000000000e+00
1084,0,DRAT_IGQL_TCd,6.103315542632e+00
1084,0,DRAT_OGQL_TCd,6.078775661110e+00
1084,-1,USQUAL_TCd,3.917014427542e+00
1084,-2,LUQUAL_TCd,2.186301115090e+00
1084,-1,USQUBP_TCd,0.000000000000e+00
1084,-2,LUQUBP_TCd,0.000000000000e+00
1084,-5,IRWDQUAL_TCd,0.000000000000e+00
1084,-7,INFILTQUAL_TCd,0.000000000000e+00
1084,-8,INFILTQUALTARGET_TCd,0.000000000000e+00
1084,0,ADTOT_TCd,0.000000000000e+00
1084,0,IQUAL_TCd,6.103315542632e+00
1084,0,ADQAL_TCd,0.000000000000e+00
1084,0,DSQAL_TCd,0.000000000000e+00
1084,0,DEPQAL_TCd,0.000000000000e+00
1084,0,SCRQAL_TCd,0.000000000000e+00
1084,1,QUAL_TCd,6.078775661110e+00
1084,1,QUBP_TCd,0.000000000000e+00
1084,0,DRAT_IGQL_TCu,6.165330861142e+02
1084,0,DRAT_OGQL_TCu,6.140679529729e+02
1084,-1,USQUAL_TCu,3.962362120095e+02
1084,-2,LUQUAL_TCu,2.202968741048e+02
1084,-1,USQUBP_TCu,0.000000000000e+00
1084,-2,LUQUBP_TCu,0.000000000000e+00
1084,-5,IRWDQUAL_TCu,0.000000000000e+00
1084,-7,INFILTQUAL_TCu,0.000000000000e+00
1084,-8,INFILTQUALTARGET_TCu,0.000000000000e+00
1084,0,ADTOT_TCu,0.000000000000e+00
1084,0,IQUAL_TCu,6.165330861142e+02
1084,0,ADQAL_TCu,0.000000000000e+00
1084,0,DSQAL_TCu,0.000000000000e+00
1084,0,DEPQAL_TCu,0.000000000000e+00
1084,0,SCRQAL_TCu,0.000000000000e+00
1084,1,QUAL_TCu,6.140679529729e+02
1084,1,QUBP_TCu,0.000000000000e+00
1084,0,DRAT_IGQL_TPb,5.385758738184e+02
1084,0,DRAT_OGQL_TPb,5.365005846231e+02
1084,-1,USQUAL_TPb,3.481924432295e+02
1084,-2,LUQUAL_TPb,1.903834305889e+02
1084,-1,USQUBP_TPb,0.000000000000e+00
1084,-2,LUQUBP_TPb,0.000000000000e+00
1084,-5,IRWDQUAL_TPb,0.000000000000e+00
1084,-7,INFILTQUAL_TPb,0.000000000000e+00
1084,-8,INFILTQUALTARGET_TPb,0.000000000000e+00
1084,0,ADTOT_TPb,0.000000000000e+00
1084,0,IQUAL_TPb,5.385758738184e+02
1084,0,ADQAL_TPb,0.000000000000e+00
1084,0,DSQAL_TPb,0.000000000000e+00
1084,0,DEPQAL_TPb,0.000000000000e+00
1084,0,SCRQAL_TPb,0.000000000000e+00
1084,1,QUAL_TPb,5.365005846231e+02
1084,1,QUBP_TPb,0.000000000000e+00
1084,0,DRAT_IGQL_TZn,2.674319330641e+03
1084,0,DRAT_OGQL_TZn,2.663778589433e+03
1084,-1,USQUAL_TZn,1.718769229431e+03
1084,-2,LUQUAL_TZn,9.555501012102e+02
1084,-1,USQUBP_TZn,0.000000000000e+00
1084,-2,LUQUBP_TZn,0.000000000000e+00
1084,-5,IRWDQUAL_TZn,0.000000000000e+00
1084,-7,INFILTQUAL_TZn,0.000000000000e+00
1084,-8,INFILTQUALTARGET_TZn,0.000000000000e+00
1084,0,ADTOT_TZn,0.000000000000e+00
1084,0,IQUAL_TZn,2.674319330641e+03
1084,0,ADQAL_TZn,0.000000000000e+00
1084,0,DSQAL_TZn,0.000000000000e+00
1084,0,DEPQAL_TZn,0.000000000000e+00
1084,0,SCRQAL_TZn,0.000000000000e+00
1084,1,QUAL_TZn,2.663778589433e+03
1084,1,QUBP_TZn,0.000000000000e+00
1102,0,DRAT_IVOL,6.418200186183e+07
1102,0,DRAT_OVOL,6.418200186183e+07
1102,-1,USLINK,0.000000000000e+00
1102,-1,PCP,0.000000000000e+00
1102,-1,EVAP,0.000000000000e+00
1102,-1,INFILT,0.000000000000e+00
1102,-1,USIF,4.152909029252e+07
1102,-2,LUIF,2.265291156932e+07
1102,-1,USBP,0.000000000000e+00
1102,-2,LUBP,0.000000000000e+00
1102,-5,IRWD,0.000000000000e+00
1102,0,IVOL,6.418200186183e+07
1102,1,RO,6.418200186183e+07
1102,1,BP,0.000000000000e+00
1102,0,DRAT_ISED_1,5.047636233434e+01
1102,0,DRAT_OSED_1,5.047636233434e+01
1102,-1,USSED_1,3.731489757108e+01
1102,-2,LUSED_1,1.316146476326e+01
1102,-1,USSBP_1,0.000000000000e+00
1102,-2,LUSBP_1,0.000000000000e+00
1102,-5,IRWDSED_1,0.000000000000e+00
1102,0,ISED_1,5.047636233434e+01
1102,0,DEPSCR_1,0.000000000000e+00
1102,0,DEPMASS_1,0.000000000000e+00
1102,0,SCRMASS_1,0.000000000000e+00
1102,0,BEDSED_1,0.000000000000e+00
1102,1,ROSED_1,5.047636233434e+01
1102,1,BPSED_1,0.000000000000e+00
1102,0,DRAT_ISED_2,1.164747454155e+02
1102,0,DRAT_OSED_2,1.164747454155e+02
1102,-1,USSED_2,7.216948175537e+01
1102,-2,LUSED_2,4.430526366011e+01
1102,-1,USSBP_2,0.000000000000e+00
1102,-2,LUSBP_2,0.000000000000e+00
1102,-5,IRWDSED_2,0.000000000000e+00
1102,0,ISED_2,1.164747454155e+02
1102,0,DEPSCR_2,0.000000000000e+00
1102,0,DEPMASS_2,0.000000000000e+00
1102,0,SCRMASS_2,0.000000000000e+00
1102,0,BEDSED_2,0.000000000000e+00
1102,1,ROSED_2,1.164747454155e+02
1102,1,BPSED_2,0.000000000000e+00
1102,0,DRAT_ISED_3,4.392542420340e+01
1102,0,DRAT_OSED_3,4.392542420340e+01
1102,-1,USSED_3,2.772022255967e+01
1102,-2,LUSED_3,1.620520164373e+01
1102,-1,USSBP_3,0.000000000000e+00
1102,-2,LUSBP_3,0.000000000000e+00
1102,-5,IRWDSED_3,0.000000000000e+00
1102,0,ISED_3,4.392542420340e+01
1102,0,DEPSCR_3,0.000000000000e+00
1102,0,DEPMASS_3,0.000000000000e+00
1102,0,SCRMASS_3,0.000000000000e+00
1102,0,BEDSED_3,0.000000000000e+00
1102,1,ROSED_3,4.392542420340e+01
1102,1,BPSED_3,0.000000000000e+00
1102,0,DRAT_IGQL_TN,7.398773650589e+03
1102,0,DRAT_OGQL_TN,7.398773650589e+03
1102,-1,USQUAL_TN,4.793611803400e+03
1102,-2,LUQUAL_TN,2.605161847189e+03
1102,-1,USQUBP_TN,0.000000000000e+00
1102,-2,LUQUBP_TN,0.000000000000e+00
1102,-5,IRWDQUAL_TN,0.000000000000e+00
1102,-7,INFILTQUAL_TN,0.000000000000e+00
1102,-8,INFILTQUALTARGET_TN,0.000000000000e+00
1102,0,ADTOT_TN,0.000000000000e+00
1102,0,IQUAL_TN,7.398773650589e+03
1102,0,ADQAL_TN,0.000000000000e+00
1102,0,DSQAL_TN,0.000000000000e+00
1102,0,DEPQAL_TN,0.000000000000e+00
1102,0,SCRQAL_TN,0.000000000000e+00
1102,1,QUAL_TN,7.398773650589e+03
1102,1,QUBP_TN,0.000000000000e+00
1102,0,DRAT_IGQL_TP,1.101043714296e+03
1102,0,DRAT_OGQL_TP,1.101043714296e+03
1102,-1,USQUAL_TP,7.035907541662e+02
1102,-2,LUQUAL_TP,3.974529601302e+02
1102,-1,USQUBP_TP,0.000000000000e+00
1102,-2,LUQUBP_TP,0.000000000000e+00
1102,-5,IRWDQUAL_TP,0.000000000000e+00
1102,-7,INFILTQUAL_TP,0.000000000000e+00
1102,-8,INFILTQUALTARGET_TP,0.000000000000e+00
1102,0,ADTOT_TP,0.000000000000e+00
1102,0,IQUAL_TP,1.101043714296e+03
1102,0,ADQAL_TP,0.000000000000e+00
1102,0,DSQAL_TP,0.000000000000e+00
1102,0,DEPQAL_TP,0.000000000000e+00
1102,0,SCRQAL_TP,0.000000000000e+00
1102,1,QUAL_TP,1.101043714296e+03
1102,1,QUBP_TP,0.000000000000e+00
1102,0,DRAT_IGQL_TCd,1.710046445709e+00
1102,0,DRAT_OGQL_TCd,1.710046445709e+00
1102,-1,USQUAL_TCd,1.001202128470e+00
1102,-2,LUQUAL_TCd,7.088443172386e-01
1102,-1,USQUBP_TCd,0.000000000000e+00
1102,-2,LUQUBP_TCd,0.000000000000e+00
1102,-5,IRWDQUAL_TCd,0.000000000000e+00
1102,-7,INFILTQUAL_TCd,0.000000000000e+00
1102,-8,INFILTQUALTARGET_TCd,0.000000000000e+00
1102,0,ADTOT_TCd,0.000000000000e+00
1102,0,IQUAL_TCd,1.710046445709e+00
1102,0,ADQAL_TCd,0.000000000000e+00
1102,0,DSQAL_TCd,0.000000000000e+00
1102,0,DEPQAL_TCd,0.000000000000e+00
1102,0,SCRQAL_TCd,0.000000000000e+00
1102,1,QUAL_TCd,1.710046445709e+00
1102,1,QUBP_TCd,0.000000000000e+00
1102,0,DRAT_IGQL_TCu,1.725710873037e+02
1102,0,DRAT_OGQL_TCu,1.725710873037e+02
1102,-1,USQUAL_TCu,1.010273321794e+02
1102,-2,LUQUAL_TCu,7.154375512430e+01
1102,-1,USQUBP_TCu,0.000000000000e+00
1102,-2,LUQUBP_TCu,0.000000000000e+00
1102,-5,IRWDQUAL_TCu,0.000000000000e+00
1102,-7,INFILTQUAL_TCu,0.000000000000e+00
1102,-8,INFILTQUALTARGET_TCu,0.000000000000e+00
1102,0,ADTOT_TCu,0.000000000000e+00
1102,0,IQUAL_TCu,1.725710873037e+02
1102,0,ADQAL_TCu,0.000000000000e+00
1102,0,DSQAL_TCu,0.000000000000e+00
1102,0,DEPQAL_TCu,0.000000000000e+00
1102,0,SCRQAL_TCu,0.000000000000e+00
1102,1,QUAL_TCu,1.725710873037e+02
1102,1,QUBP_TCu,0.000000000000e+00
1102,0,DRAT_IGQL_TPb,1.519045341118e+02
1102,0,DRAT_OGQL_TPb,1.519045341118e+02
1102,-1,USQUAL_TPb,9.481919836952e+01
1102,-2,LUQUAL_TPb,5.708533574226e+01
1102,-1,USQUBP_TPb,0.000000000000e+00
1102,-2,LUQUBP_TPb,0.000000000000e+00
1102,-5,IRWDQUAL_TPb,0.000000000000e+00
1102,-7,INFILTQUAL_TPb,0.000000000000e+00
1102,-8,INFILTQUALTARGET_TPb,0.000000000000e+00
1102,0,ADTOT_TPb,0.000000000000e+00
1102,0,IQUAL_TPb,1.519045341118e+02
1102,0,ADQAL_TPb,0.000000000000e+00
1102,0,DSQAL_TPb,0.000000000000e+00
1102,0,DEPQAL_TPb,0.000000000000e+00
1102,0,SCRQAL_TPb,0.000000000000e+00
1102,1,QUAL_TPb,1.519045341118e+02
1102,1,QUBP_TPb,0.000000000000e+00
1102,0,DRAT_IGQL_TZn,7.409070059997e+02
1102,0,DRAT_OGQL_TZn,7.409070059997e+02
1102,-1,USQUAL_TZn,4.343195910899e+02
1102,-2,LUQUAL_TZn,3.065874149098e+02
1102,-1,USQUBP_TZn,0.000000000000e+00
1102,-2,LUQUBP_TZn,0.000000000000e+00
1102,-5,IRWDQUAL_TZn,0.000000000000e+00
1102,-7,INFILTQUAL_TZn,0.000000000000e+00
1102,-8,INFILTQUALTARGET_TZn,0.000000000000e+00
1102,0,ADTOT_TZn,0.000000000000e+00
1102,0,IQUAL_TZn,7.409070059997e+02
1102,0,ADQAL_TZn,0.000000000000e+00
1102,0,DSQAL_TZn,0.000000000000e+00
1102,0,DEPQAL_TZn,0.000000000000e+00
1102,0,SCRQAL_TZn,0.000000000000e+00
1102,1,QUAL_TZn,7.409070059997e+02
1102,1,QUBP_TZn,0.000000000000e+00
1105,0,DRAT_IVOL,8.101655778903e+07
1105,0,DRAT_OVOL,8.040289447458e+07
1105,-1,USLINK,0.000000000000e+00
1105,-1,PCP,4.993124196710e+05
1105,-1,EVAP,6.136748548202e+05
1105,-1,INFILT,0.000000000000e+00
1105,-1,USIF,6.324249647826e+07
1105,-2,LUIF,1.727474889110e+07
1105,-1,USBP,0.000000000000e+00
1105,-2,LUBP,0.000000000000e+00
1105,-5,IRWD,0.000000000000e+00
1105,0,IVOL,8.051724536935e+07
1105,1,RO,8.040289447458e+07
1105,1,BP,0.000000000000e+00
1105,0,DRAT_ISED_1,3.619994932707e+01
1105,0,DRAT_OSED_1,2.803206939311e+01
1105,-1,USSED_1,2.286498510183e+01
1105,-2,LUSED_1,7.876320828047e+00
1105,-1,USSBP_1,0.000000000000e+00
1105,-2,LUSBP_1,0.000000000000e+00
1105,-5,IRWDSED_1,0.000000000000e+00
1105,0,ISED_1,3.074130592988e+01
1105,0,DEPSCR_1,2.709236536768e+00
1105,0,DEPMASS_1,8.167879933963e+00
1105,0,SCRMASS_1,5.458643397194e+00
1105,0,BEDSED_1,3.990686954581e+06
1105,1,ROSED_1,2.803206939311e+01
1105,1,BPSED_1,0.000000000000e+00
1105,0,DRAT_ISED_2,1.910618850470e+02
1105,0,DRAT_OSED_2,1.910621126970e+02
1105,-1,USSED_2,1.301288288858e+02
1105,-2,LUSED_2,4.474430988540e+01
1105,-1,USSBP_2,0.000000000000e+00
1105,-2,LUSBP_2,0.000000000000e+00
1105,-5,IRWDSED_2,0.000000000000e+00
1105,0,ISED_2,1.748731387712e+02
1105,0,DEPSCR_2,-1.618874627584e+01
1105,0,DEPMASS_2,0.000000000000e+00
1105,0,SCRMASS_2,1.618874627584e+01
1105,0,BEDSED_2,2.514355822919e+07
1105,1,ROSED_2,1.910621126970e+02
1105,1,BPSED_2,0.000000000000e+00
1105,0,DRAT_ISED_3,1.093424482687e+02
1105,0,DRAT_OSED_3,1.093425126277e+02
1105,-1,USSED_3,6.011122064383e+01
1105,-2,LUSED_3,1.351398336312e+01
1105,-1,USSBP_3,0.000000000000e+00
1105,-2,LUSBP_3,0.000000000000e+00
1105,-5,IRWDSED_3,0.000000000000e+00
1105,0,ISED_3,7.362520400694e+01
1105,0,DEPSCR_3,-3.571724426177e+01
1105,0,DEPMASS_3,0.000000000000e+00
1105,0,SCRMASS_3,3.571724426177e+01
1105,0,BEDSED_3,4.946787380857e+06
1105,1,ROSED_3,1.093425126277e+02
1105,1,BPSED_3,0.000000000000e+00
1105,0,DRAT_IGQL_TN,9.143377804959e+03
1105,0,DRAT_OGQL_TN,9.096224405144e+03
1105,-1,USQUAL_TN,6.873624131128e+03
1105,-2,LUQUAL_TN,2.269753673831e+03
1105,-1,USQUBP_TN,0.000000000000e+00
1105,-2,LUQUBP_TN,0.000000000000e+00
1105,-5,IRWDQUAL_TN,0.000000000000e+00
1105,-7,INFILTQUAL_TN,0.000000000000e+00
1105,-8,INFILTQUALTARGET_TN,0.000000000000e+00
1105,0,ADTOT_TN,0.000000000000e+00
1105,0,IQUAL_TN,9.143377804959e+03
1105,0,ADQAL_TN,0.000000000000e+00
1105,0,DSQAL_TN,0.000000000000e+00
1105,0,DEPQAL_TN,0.000000000000e+00
1105,0,SCRQAL_TN,0.000000000000e+00
1105,1,QUAL_TN,9.096224405144e+03
1105,1,QUBP_TN,0.000000000000e+00
1105,0,DRAT_IGQL_TP,1.407806335621e+03
1105,0,DRAT_OGQL_TP,1.401543748774e+03
1105,-1,USQUAL_TP,1.040585634551e+03
1105,-2,LUQUAL_TP,3.672207010704e+02
1105,-1,USQUBP_TP,0.000000000000e+00
1105,-2,LUQUBP_TP,0.000000000000e+00
1105,-5,IRWDQUAL_TP,0.000000000000e+00
1105,-7,INFILTQUAL_TP,0.000000000000e+00
1105,-8,INFILTQUALTARGET_TP,0.000000000000e+00
1105,0,ADTOT_TP,0.000000000000e+00
1105,0,IQUAL_TP,1.407806335621e+03
1105,0,ADQAL_TP,0.000000000000e+00
1105,0,DSQAL_TP,0.000000000000e+00
1105,0,DEPQAL_TP,0.000000000000e+00
1105,0,SCRQAL_TP,0.000000000000e+00
1105,1,QUAL_TP,1.401543748774e+03
1105,1,QUBP_TP,0.000000000000e+00
1105,0,DRAT_IGQL_TCd,2.735866930869e+00
1105,0,DRAT_OGQL_TCd,2.723372293783e+00
1105,-1,USQUAL_TCd,1.960823567460e+00
1105,-2,LUQUAL_TCd,7.750433634086e-01
1105,-1,USQUBP_TCd,0.000000000000e+00
1105,-2,LUQUBP_TCd,0.000000000000e+00
1105,-5,IRWDQUAL_TCd,0.000000000000e+00
1105,-7,INFILTQUAL_TCd,0.000000000000e+00
1105,-8,INFILTQUALTARGET_TCd,0.000000000000e+00
1105,0,ADTOT_TCd,0.000000000000e+00
1105,0,IQUAL_TCd,2.735866930869e+00
1105,0,ADQAL_TCd,0.000000000000e+00
1105,0,DSQAL_TCd,0.000000000000e+00
1105,0,DEPQAL_TCd,0.000000000000e+00
1105,0,SCRQAL_TCd,0.000000000000e+00
1105,1,QUAL_TCd,2.723372293783e+00
1105,1,QUBP_TCd,0.000000000000e+00
1105,0,DRAT_IGQL_TCu,2.751498857201e+02
1105,0,DRAT_OGQL_TCu,2.738975967831e+02
1105,-1,USQUAL_TCu,1.973755297261e+02
1105,-2,LUQUAL_TCu,7.777435599403e+01
1105,-1,USQUBP_TCu,0.000000000000e+00
1105,-2,LUQUBP_TCu,0.000000000000e+00
1105,-5,IRWDQUAL_TCu,0.000000000000e+00
1105,-7,INFILTQUAL_TCu,0.000000000000e+00
1105,-8,INFILTQUALTARGET_TCu,0.000000000000e+00
1105,0,ADTOT_TCu,0.000000000000e+00
1105,0,IQUAL_TCu,2.751498857201e+02
1105,0,ADQAL_TCu,0.000000000000e+00
1105,0,DSQAL_TCu,0.000000000000e+00
1105,0,DEPQAL_TCu,0.000000000000e+00
1105,0,SCRQAL_TCu,0.000000000000e+00
1105,1,QUAL_TCu,2.738975967831e+02
1105,1,QUBP_TCu,0.000000000000e+00
1105,0,DRAT_IGQL_TPb,2.134146959208e+02
1105,0,DRAT_OGQL_TPb,2.124616965991e+02
1105,-1,USQUAL_TPb,1.585841204415e+02
1105,-2,LUQUAL_TPb,5.483057547935e+01
1105,-1,USQUBP_TPb,0.000000000000e+00
1105,-2,LUQUBP_TPb,0.000000000000e+00
1105,-5,IRWDQUAL_TPb,0.000000000000e+00
1105,-7,INFILTQUAL_TPb,0.000000000000e+00
1105,-8,INFILTQUALTARGET_TPb,0.000000000000e+00
1105,0,ADTOT_TPb,0.000000000000e+00
1105,0,IQUAL_TPb,2.134146959208e+02
1105,0,ADQAL_TPb,0.000000000000e+00
1105,0,DSQAL_TPb,0.000000000000e+00
1105,0,DEPQAL_TPb,0.000000000000e+00
1105,0,SCRQAL_TPb,0.000000000000e+00
1105,1,QUAL_TPb,2.124616965991e+02
1105,1,QUBP_TPb,0.000000000000e+00
1105,0,DRAT_IGQL_TZn,1.171202653414e+03
1105,0,DRAT_OGQL_TZn,1.165880174617e+03
1105,-1,USQUAL_TZn,8.479475256938e+02
1105,-2,LUQUAL_TZn,3.232551277198e+02
1105,-1,USQUBP_TZn,0.000000000000e+00
1105,-2,LUQUBP_TZn,0.000000000000e+00
1105,-5,IRWDQUAL_TZn,0.000000000000e+00
1105,-7,INFILTQUAL_TZn,0.000000000000e+00
1105,-8,INFILTQUALTARGET_TZn,0.000000000000e+00
1105,0,ADTOT_TZn,0.000000000000e+00
1105,0,IQUAL_TZn,1.171202653414e+03
1105,0,ADQAL_TZn,0.000000000000e+00
1105,0,DSQAL_TZn,0.000000000000e+00
1105,0,DEPQAL_TZn,0.000000000000e+00
1105,0,SCRQAL_TZn,0.000000000000e+00
1105,1,QUAL_TZn,1.165880174617e+03
1105,1,QUBP_TZn,0.000000000000e+00
1110,0,DRAT_IVOL,1.564177953515e+08
1110,0,DRAT_OVOL,1.552761129940e+08
1110,-1,USLINK,0.000000000000e+00
1110,-1,PCP,1.043939566087e+06
1110,-1,EVAP,1.141677126990e+06
1110,-1,INFILT,0.000000000000e+00
1110,-1,USIF,1.000538416650e+08
1110,-2,LUIF,5.532001412043e+07
1110,-1,USBP,0.000000000000e+00
1110,-2,LUBP,0.000000000000e+00
1110,-5,IRWD,0.000000000000e+00
1110,0,IVOL,1.553738557855e+08
1110,1,RO,1.552761129940e+08
1110,1,BP,0.000000000000e+00
1110,0,DRAT_ISED_1,8.445920098049e+01
1110,0,DRAT_OSED_1,6.483162695999e+01
1110,-1,USSED_1,4.336048510305e+01
1110,-2,LUSED_1,2.243740195576e+01
1110,-1,USSBP_1,0.000000000000e+00
1110,-2,LUSBP_1,0.000000000000e+00
1110,-5,IRWDSED_1,0.000000000000e+00
1110,0,ISED_1,6.579788705881e+01
1110,0,DEPSCR_1,9.662600988197e-01
1110,0,DEPMASS_1,1.962757402049e+01
1110,0,SCRMASS_1,1.866131392167e+01
1110,0,BEDSED_1,5.885242252131e+06
1110,1,ROSED_1,6.483162695999e+01
1110,1,BPSED_1,0.000000000000e+00
1110,0,DRAT_ISED_2,3.818386618686e+02
1110,0,DRAT_OSED_2,3.818147134808e+02
1110,-1,USSED_2,2.061599892917e+02
1110,-2,LUSED_2,1.333336788724e+02
1110,-1,USSBP_2,0.000000000000e+00
1110,-2,LUSBP_2,0.000000000000e+00
1110,-5,IRWDSED_2,0.000000000000e+00
1110,0,ISED_2,3.394936681641e+02
1110,0,DEPSCR_2,-4.232063174694e+01
1110,0,DEPMASS_2,2.436195756577e-02
1110,0,SCRMASS_2,4.234499370450e+01
1110,0,BEDSED_2,3.616427120778e+07
1110,1,ROSED_2,3.818147134808e+02
1110,1,BPSED_2,0.000000000000e+00
1110,0,DRAT_ISED_3,2.004833417600e+02
1110,0,DRAT_OSED_3,2.004834581831e+02
1110,-1,USSED_3,8.904002327357e+01
1110,-2,LUSED_3,3.947014213022e+01
1110,-1,USSBP_3,0.000000000000e+00
1110,-2,LUSBP_3,0.000000000000e+00
1110,-5,IRWDSED_3,0.000000000000e+00
1110,0,ISED_3,1.285101654038e+02
1110,0,DEPSCR_3,-7.197317635622e+01
1110,0,DEPMASS_3,0.000000000000e+00
1110,0,SCRMASS_3,7.197317635622e+01
1110,0,BEDSED_3,5.518482373649e+06
1110,1,ROSED_3,2.004834581831e+02
1110,1,BPSED_3,0.000000000000e+00
1110,0,DRAT_IGQL_TN,1.868445645874e+04
1110,0,DRAT_OGQL_TN,1.855287786148e+04
1110,-1,USQUAL_TN,1.150730376587e+04
1110,-2,LUQUAL_TN,7.177152692879e+03
1110,-1,USQUBP_TN,0.000000000000e+00
1110,-2,LUQUBP_TN,0.000000000000e+00
1110,-5,IRWDQUAL_TN,0.000000000000e+00
1110,-7,INFILTQUAL_TN,0.000000000000e+00
1110,-8,INFILTQUALTARGET_TN,0.000000000000e+00
1110,0,ADTOT_TN,0.000000000000e+00
1110,0,IQUAL_TN,1.868445645874e+04
1110,0,ADQAL_TN,0.000000000000e+00
1110,0,DSQAL_TN,0.000000000000e+00
1110,0,DEPQAL_TN,0.000000000000e+00
1110,0,SCRQAL_TN,0.000000000000e+00
1110,1,QUAL_TN,1.855287786148e+04
1110,1,QUBP_TN,0.000000000000e+00
1110,0,DRAT_IGQL_TP,2.821950517676e+03
1110,0,DRAT_OGQL_TP,2.805257584979e+03
1110,-1,USQUAL_TP,1.695574746379e+03
1110,-2,LUQUAL_TP,1.126375771297e+03
1110,-1,USQUBP_TP,0.000000000000e+00
1110,-2,LUQUBP_TP,0.000000000000e+00
1110,-5,IRWDQUAL_TP,0.000000000000e+00
1110,-7,INFILTQUAL_TP,0.000000000000e+00
1110,-8,INFILTQUALTARGET_TP,0.000000000000e+00
1110,0,ADTOT_TP,0.000000000000e+00
1110,0,IQUAL_TP,2.821950517676e+03
1110,0,ADQAL_TP,0.000000000000e+00
1110,0,DSQAL_TP,0.000000000000e+00
1110,0,DEPQAL_TP,0.000000000000e+00
1110,0,SCRQAL_TP,0.000000000000e+00
1110,1,QUAL_TP,2.805257584979e+03
1110,1,QUBP_TP,0.000000000000e+00
1110,0,DRAT_IGQL_TCd,5.471151992088e+00
1110,0,DRAT_OGQL_TCd,5.438375160690e+00
1110,-1,USQUAL_TCd,3.122572801301e+00
1110,-2,LUQUAL_TCd,2.348579190787e+00
1110,-1,USQUBP_TCd,0.000000000000e+00
1110,-2,LUQUBP_TCd,0.000000000000e+00
1110,-5,IRWDQUAL_TCd,0.000000000000e+00
1110,-7,INFILTQUAL_TCd,0.000000000000e+00
1110,-8,INFILTQUALTARGET_TCd,0.000000000000e+00
1110,0,ADTOT_TCd,0.000000000000e+00
1110,0,IQUAL_TCd,5.471151992088e+00
1110,0,ADQAL_TCd,0.000000000000e+00
1110,0,DSQAL_TCd,0.000000000000e+00
1110,0,DEPQAL_TCd,0.000000000000e+00
1110,0,SCRQAL_TCd,0.000000000000e+00
1110,1,QUAL_TCd,5.438375160690e+00
1110,1,QUBP_TCd,0.000000000000e+00
1110,0,DRAT_IGQL_TCu,5.494158465684e+02
1110,0,DRAT_OGQL_TCu,5.461324750163e+02
1110,-1,USQUAL_TCu,3.139297279297e+02
1110,-2,LUQUAL_TCu,2.354861186387e+02
1110,-1,USQUBP_TCu,0.000000000000e+00
1110,-2,LUQUBP_TCu,0.000000000000e+00
1110,-5,IRWDQUAL_TCu,0.000000000000e+00
1110,-7,INFILTQUAL_TCu,0.000000000000e+00
1110,-8,INFILTQUALTARGET_TCu,0.000000000000e+00
1110,0,ADTOT_TCu,0.000000000000e+00
1110,0,IQUAL_TCu,5.494158465684e+02
1110,0,ADQAL_TCu,0.000000000000e+00
1110,0,DSQAL_TCu,0.000000000000e+00
1110,0,DEPQAL_TCu,0.000000000000e+00
1110,0,SCRQAL_TCu,0.000000000000e+00
1110,1,QUAL_TCu,5.461324750163e+02
1110,1,QUBP_TCu,0.000000000000e+00
1110,0,DRAT_IGQL_TPb,4.206976940686e+02
1110,0,DRAT_OGQL_TPb,4.182185902411e+02
1110,-1,USQUAL_TPb,2.577002570275e+02
1110,-2,LUQUAL_TPb,1.629974370411e+02
1110,-1,USQUBP_TPb,0.000000000000e+00
1110,-2,LUQUBP_TPb,0.000000000000e+00
1110,-5,IRWDQUAL_TPb,0.000000000000e+00
1110,-7,INFILTQUAL_TPb,0.000000000000e+00
1110,-8,INFILTQUALTARGET_TPb,0.000000000000e+00
1110,0,ADTOT_TPb,0.000000000000e+00
1110,0,IQUAL_TPb,4.206976940686e+02
1110,0,ADQAL_TPb,0.000000000000e+00
1110,0,DSQAL_TPb,0.000000000000e+00
1110,0,DEPQAL_TPb,0.000000000000e+00
1110,0,SCRQAL_TPb,0.000000000000e+00
1110,1,QUAL_TPb,4.182185902411e+02
1110,1,QUBP_TPb,0.000000000000e+00
1110,0,DRAT_IGQL_TZn,2.208332893271e+03
1110,0,DRAT_OGQL_TZn,2.194991273676e+03
1110,-1,USQUAL_TZn,1.309466977667e+03
1110,-2,LUQUAL_TZn,8.988659156044e+02
1110,-1,USQUBP_TZn,0.000000000000e+00
1110,-2,LUQUBP_TZn,0.000000000000e+00
1110,-5,IRWDQUAL_TZn,0.000000000000e+00
1110,-7,INFILTQUAL_TZn,0.000000000000e+00
1110,-8,INFILTQUALTARGET_TZn,0.000000000000e+00
1110,0,ADTOT_TZn,0.000000000000e+00
1110,0,IQUAL_TZn,2.208332893271e+03
1110,0,ADQAL_TZn,0.000000000000e+00
1110,0,DSQAL_TZn,0.000000000000e+00
1110,0,DEPQAL_TZn,0.000000000000e+00
1110,0,SCRQAL_TZn,0.000000000000e+00
1110,1,QUAL_TZn,2.194991273676e+03
1110,1,QUBP_TZn,0.000000000000e+00
1076,0,DRAT_IVOL,1.358502496767e+08
1076,0,DRAT_OVOL,1.355720303866e+08
1076,-1,USLINK,0.000000000000e+00
1076,-1,PCP,2.259341617229e+05
1076,-1,EVAP,2.782078964545e+05
1076,-1,INFILT,0.000000000000e+00
1076,-1,USIF,1.287899951642e+08
1076,-2,LUIF,6.834320350767e+06
1076,-1,USBP,0.000000000000e+00
1076,-2,LUBP,0.000000000000e+00
1076,-5,IRWD,0.000000000000e+00
1076,0,IVOL,1.356243155150e+08
1076,1,RO,1.355720303866e+08
1076,1,BP,0.000000000000e+00
1076,0,DRAT_ISED_1,1.779235140905e+01
1076,0,DRAT_OSED_1,1.674635654558e+01
1076,-1,USSED_1,1.073006192160e+01
1076,-2,LUSED_1,2.542531217929e+00
1076,-1,USSBP_1,0.000000000000e+00
1076,-2,LUSBP_1,0.000000000000e+00
1076,-5,IRWDSED_1,0.000000000000e+00
1076,0,ISED_1,1.327259313953e+01
1076,0,DEPSCR_1,-3.473763406056e+00
1076,0,DEPMASS_1,1.045994863468e+00
1076,0,SCRMASS_1,4.519758269524e+00
1076,0,BEDSED_1,8.477245236498e+05
1076,1,ROSED_1,1.674635654558e+01
1076,1,BPSED_1,0.000000000000e+00
1076,0,DRAT_ISED_2,2.860948073044e+02
1076,0,DRAT_OSED_2,2.851571558644e+02
1076,-1,USSED_2,2.698409247006e+02
1076,-2,LUSED_2,1.624745112927e+01
1076,-1,USSBP_2,0.000000000000e+00
1076,-2,LUSBP_2,0.000000000000e+00
1076,-5,IRWDSED_2,0.000000000000e+00
1076,0,ISED_2,2.860883758299e+02
1076,0,DEPSCR_2,9.314660008527e-01
1076,0,DEPMASS_2,9.378974753774e-01
1076,0,SCRMASS_2,6.431474524758e-03
1076,0,BEDSED_2,7.214360512359e+06
1076,1,ROSED_2,2.851571558644e+02
1076,1,BPSED_2,0.000000000000e+00
1076,0,DRAT_ISED_3,9.326415321906e+01
1076,0,DRAT_OSED_3,9.326422152344e+01
1076,-1,USSED_3,8.839898126315e+01
1076,-2,LUSED_3,4.566169590751e+00
1076,-1,USSBP_3,0.000000000000e+00
1076,-2,LUSBP_3,0.000000000000e+00
1076,-5,IRWDSED_3,0.000000000000e+00
1076,0,ISED_3,9.296515085390e+01
1076,0,DEPSCR_3,-2.990016130813e-01
1076,0,DEPMASS_3,7.520857756696e-07
1076,0,SCRMASS_3,2.990023651671e-01
1076,0,BEDSED_3,2.027827325749e+06
1076,1,ROSED_3,9.326422152344e+01
1076,1,BPSED_3,0.000000000000e+00
1076,0,DRAT_IGQL_TN,1.688366996949e+04
1076,0,DRAT_OGQL_TN,1.684773889925e+04
1076,-1,USQUAL_TN,1.597239676776e+04
1076,-2,LUQUAL_TN,9.112732017345e+02
1076,-1,USQUBP_TN,0.000000000000e+00
1076,-2,LUQUBP_TN,0.000000000000e+00
1076,-5,IRWDQUAL_TN,0.000000000000e+00
1076,-7,INFILTQUAL_TN,0.000000000000e+00
1076,-8,INFILTQUALTARGET_TN,0.000000000000e+00
1076,0,ADTOT_TN,0.000000000000e+00
1076,0,IQUAL_TN,1.688366996949e+04
1076,0,ADQAL_TN,0.000000000000e+00
1076,0,DSQAL_TN,0.000000000000e+00
1076,0,DEPQAL_TN,0.000000000000e+00
1076,0,SCRQAL_TN,0.000000000000e+00
1076,1,QUAL_TN,1.684773889925e+04
1076,1,QUBP_TN,0.000000000000e+00
1076,0,DRAT_IGQL_TP,2.515309384922e+03
1076,0,DRAT_OGQL_TP,2.510882241475e+03
1076,-1,USQUAL_TP,2.377223365428e+03
1076,-2,LUQUAL_TP,1.380860194939e+02
1076,-1,USQUBP_TP,0.000000000000e+00
1076,-2,LUQUBP_TP,0.000000000000e+00
1076,-5,IRWDQUAL_TP,0.000000000000e+00
1076,-7,INFILTQUAL_TP,0.000000000000e+00
1076,-8,INFILTQUALTARGET_TP,0.000000000000e+00
1076,0,ADTOT_TP,0.000000000000e+00
1076,0,IQUAL_TP,2.515309384922e+03
1076,0,ADQAL_TP,0.000000000000e+00
1076,0,DSQAL_TP,0.000000000000e+00
1076,0,DEPQAL_TP,0.000000000000e+00
1076,0,SCRQAL_TP,0.000000000000e+00
1076,1,QUAL_TP,2.510882241475e+03
1076,1,QUBP_TP,0.000000000000e+00
1076,0,DRAT_IGQL_TCd,4.665152126881e+00
1076,0,DRAT_OGQL_TCd,4.656907217552e+00
1076,-1,USQUAL_TCd,4.428856875270e+00
1076,-2,LUQUAL_TCd,2.362952516108e-01
1076,-1,USQUBP_TCd,0.000000000000e+00
1076,-2,LUQUBP_TCd,0.000000000000e+00
1076,-5,IRWDQUAL_TCd,0.000000000000e+00
1076,-7,INFILTQUAL_TCd,0.000000000000e+00
1076,-8,INFILTQUALTARGET_TCd,0.000000000000e+00
1076,0,ADTOT_TCd,0.000000000000e+00
1076,0,IQUAL_TCd,4.665152126881e+00
1076,0,ADQAL_TCd,0.000000000000e+00
1076,0,DSQAL_TCd,0.000000000000e+00
1076,0,DEPQAL_TCd,0.000000000000e+00
1076,0,SCRQAL_TCd,0.000000000000e+00
1076,1,QUAL_TCd,4.656907217552e+00
1076,1,QUBP_TCd,0.000000000000e+00
1076,0,DRAT_IGQL_TCu,4.704941223225e+02
1076,0,DRAT_OGQL_TCu,4.696668721245e+02
1076,-1,USQUAL_TCu,4.465844205672e+02
1076,-2,LUQUAL_TCu,2.390970175538e+01
1076,-1,USQUBP_TCu,0.000000000000e+00
1076,-2,LUQUBP_TCu,0.000000000000e+00
1076,-5,IRWDQUAL_TCu,0.000000000000e+00
1076,-7,INFILTQUAL_TCu,0.000000000000e+00
1076,-8,INFILTQUALTARGET_TCu,0.000000000000e+00
1076,0,ADTOT_TCu,0.000000000000e+00
1076,0,IQUAL_TCu,4.704941223225e+02
1076,0,ADQAL_TCu,0.000000000000e+00
1076,0,DSQAL_TCu,0.000000000000e+00
1076,0,DEPQAL_TCu,0.000000000000e+00
1076,0,SCRQAL_TCu,0.000000000000e+00
1076,1,QUAL_TCu,4.696668721245e+02
1076,1,QUBP_TCu,0.000000000000e+00
1076,0,DRAT_IGQL_TPb,3.468046266185e+02
1076,0,DRAT_OGQL_TPb,3.461780418738e+02
1076,-1,USQUAL_TPb,3.287611859125e+02
1076,-2,LUQUAL_TPb,1.804344070597e+01
1076,-1,USQUBP_TPb,0.000000000000e+00
1076,-2,LUQUBP_TPb,0.000000000000e+00
1076,-5,IRWDQUAL_TPb,0.000000000000e+00
1076,-7,INFILTQUAL_TPb,0.000000000000e+00
1076,-8,INFILTQUALTARGET_TPb,0.000000000000e+00
1076,0,ADTOT_TPb,0.000000000000e+00
1076,0,IQUAL_TPb,3.468046266185e+02
1076,0,ADQAL_TPb,0.000000000000e+00
1076,0,DSQAL_TPb,0.000000000000e+00
1076,0,DEPQAL_TPb,0.000000000000e+00
1076,0,SCRQAL_TPb,0.000000000000e+00
1076,1,QUAL_TPb,3.461780418738e+02
1076,1,QUBP_TPb,0.000000000000e+00
1076,0,DRAT_IGQL_TZn,1.972106216610e+03
1076,0,DRAT_OGQL_TZn,1.968588775401e+03
1076,-1,USQUAL_TZn,1.870129088698e+03
1076,-2,LUQUAL_TZn,1.019771279114e+02
1076,-1,USQUBP_TZn,0.000000000000e+00
1076,-2,LUQUBP_TZn,0.000000000000e+00
1076,-5,IRWDQUAL_TZn,0.000000000000e+00
1076,-7,INFILTQUAL_TZn,0.000000000000e+00
1076,-8,INFILTQUALTARGET_TZn,0.000000000000e+00
1076,0,ADTOT_TZn,0.000000000000e+00
1076,0,IQUAL_TZn,1.972106216610e+03
1076,0,ADQAL_TZn,0.000000000000e+00
1076,0,DSQAL_TZn,0.000000000000e+00
1076,0,DEPQAL_TZn,0.000000000000e+00
1076,0,SCRQAL_TZn,0.000000000000e+00
1076,1,QUAL_TZn,1.968588775401e+03
1076,1,QUBP_TZn,0.000000000000e+00
1100,0,DRAT_IVOL,3.170815824958e+08
1100,0,DRAT_OVOL,3.158727657856e+08
1100,-1,USLINK,0.000000000000e+00
1100,-1,PCP,1.731901334070e+06
1100,-1,EVAP,1.208802518027e+06
1100,-1,INFILT,0.000000000000e+00
1100,-1,USIF,3.111772986377e+08
1100,-2,LUIF,4.172382524067e+06
1100,-1,USBP,0.000000000000e+00
1100,-2,LUBP,0.000000000000e+00
1100,-5,IRWD,0.000000000000e+00
1100,0,IVOL,3.153496811618e+08
1100,1,RO,3.158727657856e+08
1100,1,BP,0.000000000000e+00
1100,0,DRAT_ISED_1,2.084297369070e+02
1100,0,DRAT_OSED_1,1.912357418124e+02
1100,-1,USSED_1,1.446954231742e+02
1100,-2,LUSED_1,1.772285754775e+00
1100,-1,USSBP_1,0.000000000000e+00
1100,-2,LUSBP_1,0.000000000000e+00
1100,-5,IRWDSED_1,0.000000000000e+00
1100,0,ISED_1,1.464677089290e+02
1100,0,DEPSCR_1,-4.476803288336e+01
1100,0,DEPMASS_1,1.719399509461e+01
1100,0,SCRMASS_1,6.196202797797e+01
1100,0,BEDSED_1,6.324948280518e+05
1100,1,ROSED_1,1.912357418124e+02
1100,1,BPSED_1,0.000000000000e+00
1100,0,DRAT_ISED_2,9.653391679587e+02
1100,0,DRAT_OSED_2,9.653396435117e+02
1100,-1,USSED_2,7.120837144167e+02
1100,-2,LUSED_2,8.629596441758e+00
1100,-1,USSBP_2,0.000000000000e+00
1100,-2,LUSBP_2,0.000000000000e+00
1100,-5,IRWDSED_2,0.000000000000e+00
1100,0,ISED_2,7.207133108584e+02
1100,0,DEPSCR_2,-2.446258571003e+02
1100,0,DEPMASS_2,0.000000000000e+00
1100,0,SCRMASS_2,2.446258571003e+02
1100,0,BEDSED_2,2.078726599092e+07
1100,1,ROSED_2,9.653396435117e+02
1100,1,BPSED_2,0.000000000000e+00
1100,0,DRAT_ISED_3,4.272057083897e+02
1100,0,DRAT_OSED_3,4.272058421653e+02
1100,-1,USSED_3,3.632235596879e+02
1100,-2,LUSED_3,2.745710026513e+00
1100,-1,USSBP_3,0.000000000000e+00
1100,-2,LUSBP_3,0.000000000000e+00
1100,-5,IRWDSED_3,0.000000000000e+00
1100,0,ISED_3,3.659692697145e+02
1100,0,DEPSCR_3,-6.123643867520e+01
1100,0,DEPMASS_3,0.000000000000e+00
1100,0,SCRMASS_3,6.123643867520e+01
1100,0,BEDSED_3,6.767992744619e+05
1100,1,ROSED_3,4.272058421653e+02
1100,1,BPSED_3,0.000000000000e+00
1100,0,DRAT_IGQL_TN,3.678889138040e+04
1100,0,DRAT_OGQL_TN,3.663340818566e+04
1100,-1,USQUAL_TN,3.640596282702e+04
1100,-2,LUQUAL_TN,3.829285533769e+02
1100,-1,USQUBP_TN,0.000000000000e+00
1100,-2,LUQUBP_TN,0.000000000000e+00
1100,-5,IRWDQUAL_TN,0.000000000000e+00
1100,-7,INFILTQUAL_TN,0.000000000000e+00
1100,-8,INFILTQUALTARGET_TN,0.000000000000e+00
1100,0,ADTOT_TN,0.000000000000e+00
1100,0,IQUAL_TN,3.678889138040e+04
1100,0,ADQAL_TN,0.000000000000e+00
1100,0,DSQAL_TN,0.000000000000e+00
1100,0,DEPQAL_TN,0.000000000000e+00
1100,0,SCRQAL_TN,0.000000000000e+00
1100,1,QUAL_TN,3.663340818566e+04
1100,1,QUBP_TN,0.000000000000e+00
1100,0,DRAT_IGQL_TP,5.583662871497e+03
1100,0,DRAT_OGQL_TP,5.563632705938e+03
1100,-1,USQUAL_TP,5.510658364820e+03
1100,-2,LUQUAL_TP,7.300450667697e+01
1100,-1,USQUBP_TP,0.000000000000e+00
1100,-2,LUQUBP_TP,0.000000000000e+00
1100,-5,IRWDQUAL_TP,0.000000000000e+00
1100,-7,INFILTQUAL_TP,0.000000000000e+00
1100,-8,INFILTQUALTARGET_TP,0.000000000000e+00
1100,0,ADTOT_TP,0.000000000000e+00
1100,0,IQUAL_TP,5.583662871497e+03
1100,0,ADQAL_TP,0.000000000000e+00
1100,0,DSQAL_TP,0.000000000000e+00
1100,0,DEPQAL_TP,0.000000000000e+00
1100,0,SCRQAL_TP,0.000000000000e+00
1100,1,QUAL_TP,5.563632705938e+03
1100,1,QUBP_TP,0.000000000000e+00
1100,0,DRAT_IGQL_TCd,1.038628265563e+01
1100,0,DRAT_OGQL_TCd,1.034852394444e+01
1100,-1,USQUAL_TCd,1.022775384129e+01
1100,-2,LUQUAL_TCd,1.585288143377e-01
1100,-1,USQUBP_TCd,0.000000000000e+00
1100,-2,LUQUBP_TCd,0.000000000000e+00
1100,-5,IRWDQUAL_TCd,0.000000000000e+00
1100,-7,INFILTQUAL_TCd,0.000000000000e+00
1100,-8,INFILTQUALTARGET_TCd,0.000000000000e+00
1100,0,ADTOT_TCd,0.000000000000e+00
1100,0,IQUAL_TCd,1.038628265563e+01
1100,0,ADQAL_TCd,0.000000000000e+00
1100,0,DSQAL_TCd,0.000000000000e+00
1100,0,DEPQAL_TCd,0.000000000000e+00
1100,0,SCRQAL_TCd,0.000000000000e+00
1100,1,QUAL_TCd,1.034852394444e+01
1100,1,QUBP_TCd,0.000000000000e+00
1100,0,DRAT_IGQL_TCu,1.044410026781e+03
1100,0,DRAT_OGQL_TCu,1.040625164780e+03
1100,-1,USQUAL_TCu,1.028520071107e+03
1100,-2,LUQUAL_TCu,1.588995567376e+01
1100,-1,USQUBP_TCu,0.000000000000e+00
1100,-2,LUQUBP_TCu,0.000000000000e+00
1100,-5,IRWDQUAL_TCu,0.000000000000e+00
1100,-7,INFILTQUAL_TCu,0.000000000000e+00
1100,-8,INFILTQUALTARGET_TCu,0.000000000000e+00
1100,0,ADTOT_TCu,0.000000000000e+00
1100,0,IQUAL_TCu,1.044410026781e+03
1100,0,ADQAL_TCu,0.000000000000e+00
1100,0,DSQAL_TCu,0.000000000000e+00
1100,0,DEPQAL_TCu,0.000000000000e+00
1100,0,SCRQAL_TCu,0.000000000000e+00
1100,1,QUAL_TCu,1.040625164780e+03
1100,1,QUBP_TCu,0.000000000000e+00
1100,0,DRAT_IGQL_TPb,8.241107702158e+02
1100,0,DRAT_OGQL_TPb,8.211487691229e+02
1100,-1,USQUAL_TPb,8.117754704160e+02
1100,-2,LUQUAL_TPb,1.233529979972e+01
1100,-1,USQUBP_TPb,0.000000000000e+00
1100,-2,LUQUBP_TPb,0.000000000000e+00
1100,-5,IRWDQUAL_TPb,0.000000000000e+00
1100,-7,INFILTQUAL_TPb,0.000000000000e+00
1100,-8,INFILTQUALTARGET_TPb,0.000000000000e+00
1100,0,ADTOT_TPb,0.000000000000e+00
1100,0,IQUAL_TPb,8.241107702158e+02
1100,0,ADQAL_TPb,0.000000000000e+00
1100,0,DSQAL_TPb,0.000000000000e+00
1100,0,DEPQAL_TPb,0.000000000000e+00
1100,0,SCRQAL_TPb,0.000000000000e+00
1100,1,QUAL_TPb,8.211487691229e+02
1100,1,QUBP_TPb,0.000000000000e+00
1100,0,DRAT_IGQL_TZn,4.316330067955e+03
1100,0,DRAT_OGQL_TZn,4.300660122166e+03
1100,-1,USQUAL_TZn,4.252125981073e+03
1100,-2,LUQUAL_TZn,6.420408688143e+01
1100,-1,USQUBP_TZn,0.000000000000e+00
1100,-2,LUQUBP_TZn,0.000000000000e+00
1100,-5,IRWDQUAL_TZn,0.000000000000e+00
1100,-7,INFILTQUAL_TZn,0.000000000000e+00
1100,-8,INFILTQUALTARGET_TZn,0.000000000000e+00
1100,0,ADTOT_TZn,0.000000000000e+00
1100,0,IQUAL_TZn,4.316330067955e+03
1100,0,ADQAL_TZn,0.000000000000e+00
1100,0,DSQAL_TZn,0.000000000000e+00
1100,0,DEPQAL_TZn,0.000000000000e+00
1100,0,SCRQAL_TZn,0.000000000000e+00
1100,1,QUAL_TZn,4.300660122166e+03
1100,1,QUBP_TZn,0.000000000000e+00
1070,0,DRAT_IVOL,2.554550400764e+08
1070,0,DRAT_OVOL,2.544818287060e+08
1070,-1,USLINK,0.000000000000e+00
1070,-1,PCP,5.638836322504e+05
1070,-1,EVAP,9.732080750610e+05
1070,-1,INFILT,0.000000000000e+00
1070,-1,USIF,2.525744029292e+08
1070,-2,LUIF,2.316753514936e+06
1070,-1,USBP,0.000000000000e+00
1070,-2,LUBP,0.000000000000e+00
1070,-5,IRWD,0.000000000000e+00
1070,0,IVOL,2.548911564442e+08
1070,1,RO,2.544818287060e+08
1070,1,BP,0.000000000000e+00
1070,0,DRAT_ISED_1,1.346737150654e+02
1070,0,DRAT_OSED_1,1.330497226093e+02
1070,-1,USSED_1,1.049365512552e+02
1070,-2,LUSED_1,1.101748396310e+00
1070,-1,USSBP_1,0.000000000000e+00
1070,-2,LUSBP_1,0.000000000000e+00
1070,-5,IRWDSED_1,0.000000000000e+00
1070,0,ISED_1,1.060382996515e+02
1070,0,DEPSCR_1,-2.701142295780e+01
1070,0,DEPMASS_1,1.623992456028e+00
1070,0,SCRMASS_1,2.863541541383e+01
1070,0,BEDSED_1,3.115395058509e+05
1070,1,ROSED_1,1.330497226093e+02
1070,1,BPSED_1,0.000000000000e+00
1070,0,DRAT_ISED_2,7.560132285404e+02
1070,0,DRAT_OSED_2,7.560137401204e+02
1070,-1,USSED_2,6.628520969303e+02
1070,-2,LUSED_2,6.874666596100e+00
1070,-1,USSBP_2,0.000000000000e+00
1070,-2,LUSBP_2,0.000000000000e+00
1070,-5,IRWDSED_2,0.000000000000e+00
1070,0,ISED_2,6.697267635264e+02
1070,0,DEPSCR_2,-8.628646501394e+01
1070,0,DEPMASS_2,0.000000000000e+00
1070,0,SCRMASS_2,8.628646501394e+01
1070,0,BEDSED_2,1.475787649726e+07
1070,1,ROSED_2,7.560137401204e+02
1070,1,BPSED_2,0.000000000000e+00
1070,0,DRAT_ISED_3,2.861906127032e+02
1070,0,DRAT_OSED_3,2.861907567072e+02
1070,-1,USSED_3,2.411872597037e+02
1070,-2,LUSED_3,1.982731295980e+00
1070,-1,USSBP_3,0.000000000000e+00
1070,-2,LUSBP_3,0.000000000000e+00
1070,-5,IRWDSED_3,0.000000000000e+00
1070,0,ISED_3,2.431699909996e+02
1070,0,DEPSCR_3,-4.302062170354e+01
1070,0,DEPMASS_3,0.000000000000e+00
1070,0,SCRMASS_3,4.302062170354e+01
1070,0,BEDSED_3,8.501435983717e+05
1070,1,ROSED_3,2.861907567072e+02
1070,1,BPSED_3,0.000000000000e+00
1070,0,DRAT_IGQL_TN,3.139504770790e+04
1070,0,DRAT_OGQL_TN,3.131838714837e+04
1070,-1,USQUAL_TN,3.108494183019e+04
1070,-2,LUQUAL_TN,3.101058777067e+02
1070,-1,USQUBP_TN,0.000000000000e+00
1070,-2,LUQUBP_TN,0.000000000000e+00
1070,-5,IRWDQUAL_TN,0.000000000000e+00
1070,-7,INFILTQUAL_TN,0.000000000000e+00
1070,-8,INFILTQUALTARGET_TN,0.000000000000e+00
1070,0,ADTOT_TN,0.000000000000e+00
1070,0,IQUAL_TN,3.139504770790e+04
1070,0,ADQAL_TN,0.000000000000e+00
1070,0,DSQAL_TN,0.000000000000e+00
1070,0,DEPQAL_TN,0.000000000000e+00
1070,0,SCRQAL_TN,0.000000000000e+00
1070,1,QUAL_TN,3.131838714837e+04
1070,1,QUBP_TN,0.000000000000e+00
1070,0,DRAT_IGQL_TP,4.952700792629e+03
1070,0,DRAT_OGQL_TP,4.942717225137e+03
1070,-1,USQUAL_TP,4.903471330930e+03
1070,-2,LUQUAL_TP,4.922946169884e+01
1070,-1,USQUBP_TP,0.000000000000e+00
1070,-2,LUQUBP_TP,0.000000000000e+00
1070,-5,IRWDQUAL_TP,0.000000000000e+00
1070,-7,INFILTQUAL_TP,0.000000000000e+00
1070,-8,INFILTQUALTARGET_TP,0.000000000000e+00
1070,0,ADTOT_TP,0.000000000000e+00
1070,0,IQUAL_TP,4.952700792629e+03
1070,0,ADQAL_TP,0.000000000000e+00
1070,0,DSQAL_TP,0.000000000000e+00
1070,0,DEPQAL_TP,0.000000000000e+00
1070,0,SCRQAL_TP,0.000000000000e+00
1070,1,QUAL_TP,4.942717225137e+03
1070,1,QUBP_TP,0.000000000000e+00
1070,0,DRAT_IGQL_TCd,1.021582513359e+01
1070,0,DRAT_OGQL_TCd,1.019488671506e+01
1070,-1,USQUAL_TCd,1.010360819428e+01
1070,-2,LUQUAL_TCd,1.122169393103e-01
1070,-1,USQUBP_TCd,0.000000000000e+00
1070,-2,LUQUBP_TCd,0.000000000000e+00
1070,-5,IRWDQUAL_TCd,0.000000000000e+00
1070,-7,INFILTQUAL_TCd,0.000000000000e+00
1070,-8,INFILTQUALTARGET_TCd,0.000000000000e+00
1070,0,ADTOT_TCd,0.000000000000e+00
1070,0,IQUAL_TCd,1.021582513359e+01
1070,0,ADQAL_TCd,0.000000000000e+00
1070,0,DSQAL_TCd,0.000000000000e+00
1070,0,DEPQAL_TCd,0.000000000000e+00
1070,0,SCRQAL_TCd,0.000000000000e+00
1070,1,QUAL_TCd,1.019488671506e+01
1070,1,QUBP_TCd,0.000000000000e+00
1070,0,DRAT_IGQL_TCu,1.027381817434e+03
1070,0,DRAT_OGQL_TCu,1.025283422499e+03
1070,-1,USQUAL_TCu,1.016070131907e+03
1070,-2,LUQUAL_TCu,1.131168552679e+01
1070,-1,USQUBP_TCu,0.000000000000e+00
1070,-2,LUQUBP_TCu,0.000000000000e+00
1070,-5,IRWDQUAL_TCu,0.000000000000e+00
1070,-7,INFILTQUAL_TCu,0.000000000000e+00
1070,-8,INFILTQUALTARGET_TCu,0.000000000000e+00
1070,0,ADTOT_TCu,0.000000000000e+00
1070,0,IQUAL_TCu,1.027381817434e+03
1070,0,ADQAL_TCu,0.000000000000e+00
1070,0,DSQAL_TCu,0.000000000000e+00
1070,0,DEPQAL_TCu,0.000000000000e+00
1070,0,SCRQAL_TCu,0.000000000000e+00
1070,1,QUAL_TCu,1.025283422499e+03
1070,1,QUBP_TCu,0.000000000000e+00
1070,0,DRAT_IGQL_TPb,7.168751476465e+02
1070,0,DRAT_OGQL_TPb,7.153784980511e+02
1070,-1,USQUAL_TPb,7.093786329526e+02
1070,-2,LUQUAL_TPb,7.496514693895e+00
1070,-1,USQUBP_TPb,0.000000000000e+00
1070,-2,LUQUBP_TPb,0.000000000000e+00
1070,-5,IRWDQUAL_TPb,0.000000000000e+00
1070,-7,INFILTQUAL_TPb,0.000000000000e+00
1070,-8,INFILTQUALTARGET_TPb,0.000000000000e+00
1070,0,ADTOT_TPb,0.000000000000e+00
1070,0,IQUAL_TPb,7.168751476465e+02
1070,0,ADQAL_TPb,0.000000000000e+00
1070,0,DSQAL_TPb,0.000000000000e+00
1070,0,DEPQAL_TPb,0.000000000000e+00
1070,0,SCRQAL_TPb,0.000000000000e+00
1070,1,QUAL_TPb,7.153784980511e+02
1070,1,QUBP_TPb,0.000000000000e+00
1070,0,DRAT_IGQL_TZn,4.476232631557e+03
1070,0,DRAT_OGQL_TZn,4.467032858937e+03
1070,-1,USQUAL_TZn,4.428658861491e+03
1070,-2,LUQUAL_TZn,4.757377006588e+01
1070,-1,USQUBP_TZn,0.000000000000e+00
1070,-2,LUQUBP_TZn,0.000000000000e+00
1070,-5,IRWDQUAL_TZn,0.000000000000e+00
1070,-7,INFILTQUAL_TZn,0.000000000000e+00
1070,-8,INFILTQUALTARGET_TZn,0.000000000000e+00
1070,0,ADTOT_TZn,0.000000000000e+00
1070,0,IQUAL_TZn,4.476232631557e+03
1070,0,ADQAL_TZn,0.000000000000e+00
1070,0,DSQAL_TZn,0.000000000000e+00
1070,0,DEPQAL_TZn,0.000000000000e+00
1070,0,SCRQAL_TZn,0.000000000000e+00
1070,1,QUAL_TZn,4.467032858937e+03
1070,1,QUBP_TZn,0.000000000000e+00
1097,0,DRAT_IVOL,3.299524581040e+08
1097,0,DRAT_OVOL,3.293777721220e+08
1097,-1,USLINK,0.000000000000e+00
1097,-1,PCP,8.329301238069e+05
1097,-1,EVAP,5.746649140085e+05
1097,-1,INFILT,0.000000000000e+00
1097,-1,USIF,3.264309302959e+08
1097,-2,LUIF,2.688597684321e+06
1097,-1,USBP,0.000000000000e+00
1097,-2,LUBP,0.000000000000e+00
1097,-5,IRWD,0.000000000000e+00
1097,0,IVOL,3.291195279802e+08
1097,1,RO,3.293777721220e+08
1097,1,BP,0.000000000000e+00
1097,0,DRAT_ISED_1,2.354242197744e+02
1097,0,DRAT_OSED_1,2.240568001376e+02
1097,-1,USSED_1,1.959476234523e+02
1097,-2,LUSED_1,1.280472796139e+00
1097,-1,USSBP_1,0.000000000000e+00
1097,-2,LUSBP_1,0.000000000000e+00
1097,-5,IRWDSED_1,0.000000000000e+00
1097,0,ISED_1,1.972280962485e+02
1097,0,DEPSCR_1,-2.682870388917e+01
1097,0,DEPMASS_1,1.136741963677e+01
1097,0,SCRMASS_1,3.819612352593e+01
1097,0,BEDSED_1,6.237093292303e+05
1097,1,ROSED_1,2.240568001376e+02
1097,1,BPSED_1,0.000000000000e+00
1097,0,DRAT_ISED_2,1.106314764871e+03
1097,0,DRAT_OSED_2,1.106314960189e+03
1097,-1,USSED_2,9.893191636092e+02
1097,-2,LUSED_2,4.978195731049e+00
1097,-1,USSBP_2,0.000000000000e+00
1097,-2,LUSBP_2,0.000000000000e+00
1097,-5,IRWDSED_2,0.000000000000e+00
1097,0,ISED_2,9.942973593403e+02
1097,0,DEPSCR_2,-1.120174055305e+02
1097,0,DEPMASS_2,0.000000000000e+00
1097,0,SCRMASS_2,1.120174055305e+02
1097,0,BEDSED_2,1.007555834166e+07
1097,1,ROSED_2,1.106314960189e+03
1097,1,BPSED_2,0.000000000000e+00
1097,0,DRAT_ISED_3,4.651687760891e+02
1097,0,DRAT_OSED_3,4.651688308189e+02
1097,-1,USSED_3,4.347264279185e+02
1097,-2,LUSED_3,1.707550019836e+00
1097,-1,USSBP_3,0.000000000000e+00
1097,-2,LUSBP_3,0.000000000000e+00
1097,-5,IRWDSED_3,0.000000000000e+00
1097,0,ISED_3,4.364339779383e+02
1097,0,DEPSCR_3,-2.873479815083e+01
1097,0,DEPMASS_3,0.000000000000e+00
1097,0,SCRMASS_3,2.873479815083e+01
1097,0,BEDSED_3,3.299435744420e+05
1097,1,ROSED_3,4.651688308189e+02
1097,1,BPSED_3,0.000000000000e+00
1097,0,DRAT_IGQL_TN,3.822561913812e+04
1097,0,DRAT_OGQL_TN,3.814972342308e+04
1097,-1,USQUAL_TN,3.795415405347e+04
1097,-2,LUQUAL_TN,2.714650846464e+02
1097,-1,USQUBP_TN,0.000000000000e+00
1097,-2,LUQUBP_TN,0.000000000000e+00
1097,-5,IRWDQUAL_TN,0.000000000000e+00
1097,-7,INFILTQUAL_TN,0.000000000000e+00
1097,-8,INFILTQUALTARGET_TN,0.000000000000e+00
1097,0,ADTOT_TN,0.000000000000e+00
1097,0,IQUAL_TN,3.822561913812e+04
1097,0,ADQAL_TN,0.000000000000e+00
1097,0,DSQAL_TN,0.000000000000e+00
1097,0,DEPQAL_TN,0.000000000000e+00
1097,0,SCRQAL_TN,0.000000000000e+00
1097,1,QUAL_TN,3.814972342308e+04
1097,1,QUBP_TN,0.000000000000e+00
1097,0,DRAT_IGQL_TP,5.816440914390e+03
1097,0,DRAT_OGQL_TP,5.806583864039e+03
1097,-1,USQUAL_TP,5.773733810763e+03
1097,-2,LUQUAL_TP,4.270710362692e+01
1097,-1,USQUBP_TP,0.000000000000e+00
1097,-2,LUQUBP_TP,0.000000000000e+00
1097,-5,IRWDQUAL_TP,0.000000000000e+00
1097,-7,INFILTQUAL_TP,0.000000000000e+00
1097,-8,INFILTQUALTARGET_TP,0.000000000000e+00
1097,0,ADTOT_TP,0.000000000000e+00
1097,0,IQUAL_TP,5.816440914390e+03
1097,0,ADQAL_TP,0.000000000000e+00
1097,0,DSQAL_TP,0.000000000000e+00
1097,0,DEPQAL_TP,0.000000000000e+00
1097,0,SCRQAL_TP,0.000000000000e+00
1097,1,QUAL_TP,5.806583864039e+03
1097,1,QUBP_TP,0.000000000000e+00
1097,0,DRAT_IGQL_TCd,1.083451001000e+01
1097,0,DRAT_OGQL_TCd,1.081586361888e+01
1097,-1,USQUAL_TCd,1.075378648136e+01
1097,-2,LUQUAL_TCd,8.072352863960e-02
1097,-1,USQUBP_TCd,0.000000000000e+00
1097,-2,LUQUBP_TCd,0.000000000000e+00
1097,-5,IRWDQUAL_TCd,0.000000000000e+00
1097,-7,INFILTQUAL_TCd,0.000000000000e+00
1097,-8,INFILTQUALTARGET_TCd,0.000000000000e+00
1097,0,ADTOT_TCd,0.000000000000e+00
1097,0,IQUAL_TCd,1.083451001000e+01
1097,0,ADQAL_TCd,0.000000000000e+00
1097,0,DSQAL_TCd,0.000000000000e+00
1097,0,DEPQAL_TCd,0.000000000000e+00
1097,0,SCRQAL_TCd,0.000000000000e+00
1097,1,QUAL_TCd,1.081586361888e+01
1097,1,QUBP_TCd,0.000000000000e+00
1097,0,DRAT_IGQL_TCu,1.089419916225e+03
1097,0,DRAT_OGQL_TCu,1.087550857287e+03
1097,-1,USQUAL_TCu,1.081305673622e+03
1097,-2,LUQUAL_TCu,8.114242603292e+00
1097,-1,USQUBP_TCu,0.000000000000e+00
1097,-2,LUQUBP_TCu,0.000000000000e+00
1097,-5,IRWDQUAL_TCu,0.000000000000e+00
1097,-7,INFILTQUAL_TCu,0.000000000000e+00
1097,-8,INFILTQUALTARGET_TCu,0.000000000000e+00
1097,0,ADTOT_TCu,0.000000000000e+00
1097,0,IQUAL_TCu,1.089419916225e+03
1097,0,ADQAL_TCu,0.000000000000e+00
1097,0,DSQAL_TCu,0.000000000000e+00
1097,0,DEPQAL_TCu,0.000000000000e+00
1097,0,SCRQAL_TCu,0.000000000000e+00
1097,1,QUAL_TCu,1.087550857287e+03
1097,1,QUBP_TCu,0.000000000000e+00
1097,0,DRAT_IGQL_TPb,8.586648607729e+02
1097,0,DRAT_OGQL_TPb,8.572013314804e+02
1097,-1,USQUAL_TPb,8.516716194694e+02
1097,-2,LUQUAL_TPb,6.993241303455e+00
1097,-1,USQUBP_TPb,0.000000000000e+00
1097,-2,LUQUBP_TPb,0.000000000000e+00
1097,-5,IRWDQUAL_TPb,0.000000000000e+00
1097,-7,INFILTQUAL_TPb,0.000000000000e+00
1097,-8,INFILTQUALTARGET_TPb,0.000000000000e+00
1097,0,ADTOT_TPb,0.000000000000e+00
1097,0,IQUAL_TPb,8.586648607729e+02
1097,0,ADQAL_TPb,0.000000000000e+00
1097,0,DSQAL_TPb,0.000000000000e+00
1097,0,DEPQAL_TPb,0.000000000000e+00
1097,0,SCRQAL_TPb,0.000000000000e+00
1097,1,QUAL_TPb,8.572013314804e+02
1097,1,QUBP_TPb,0.000000000000e+00
1097,0,DRAT_IGQL_TZn,4.494894758804e+03
1097,0,DRAT_OGQL_TZn,4.487171808929e+03
1097,-1,USQUAL_TZn,4.460774296867e+03
1097,-2,LUQUAL_TZn,3.412046193748e+01
1097,-1,USQUBP_TZn,0.000000000000e+00
1097,-2,LUQUBP_TZn,0.000000000000e+00
1097,-5,IRWDQUAL_TZn,0.000000000000e+00
1097,-7,INFILTQUAL_TZn,0.000000000000e+00
1097,-8,INFILTQUALTARGET_TZn,0.000000000000e+00
1097,0,ADTOT_TZn,0.000000000000e+00
1097,0,IQUAL_TZn,4.494894758804e+03
1097,0,ADQAL_TZn,0.000000000000e+00
1097,0,DSQAL_TZn,0.000000000000e+00
1097,0,DEPQAL_TZn,0.000000000000e+00
1097,0,SCRQAL_TZn,0.000000000000e+00
1097,1,QUAL_TZn,4.487171808929e+03
1097,1,QUBP_TZn,0.000000000000e+00
1093,0,DRAT_IVOL,3.692110751533e+08
1093,0,DRAT_OVOL,3.692110751533e+08
1093,-1,USLINK,0.000000000000e+00
1093,-1,PCP,0.000000000000e+00
1093,-1,EVAP,0.000000000000e+00
1093,-1,INFILT,0.000000000000e+00
1093,-1,USIF,3.650962623037e+08
1093,-2,LUIF,4.114812849631e+06
1093,-1,USBP,0.000000000000e+00
1093,-2,LUBP,0.000000000000e+00
1093,-5,IRWD,0.000000000000e+00
1093,0,IVOL,3.692110751533e+08
1093,1,RO,3.692110751533e+08
1093,1,BP,0.000000000000e+00
1093,0,DRAT_ISED_1,2.354204034211e+02
1093,0,DRAT_OSED_1,2.354204034211e+02
1093,-1,USSED_1,2.338119088471e+02
1093,-2,LUSED_1,1.608494574015e+00
1093,-1,USSBP_1,0.000000000000e+00
1093,-2,LUSBP_1,0.000000000000e+00
1093,-5,IRWDSED_1,0.000000000000e+00
1093,0,ISED_1,2.354204034211e+02
1093,0,DEPSCR_1,0.000000000000e+00
1093,0,DEPMASS_1,0.000000000000e+00
1093,0,SCRMASS_1,0.000000000000e+00
1093,0,BEDSED_1,0.000000000000e+00
1093,1,ROSED_1,2.354204034211e+02
1093,1,BPSED_1,0.000000000000e+00
1093,0,DRAT_ISED_2,1.179675009184e+03
1093,0,DRAT_OSED_2,1.179675009184e+03
1093,-1,USSED_2,1.169490607495e+03
1093,-2,LUSED_2,1.018440168898e+01
1093,-1,USSBP_2,0.000000000000e+00
1093,-2,LUSBP_2,0.000000000000e+00
1093,-5,IRWDSED_2,0.000000000000e+00
1093,0,ISED_2,1.179675009184e+03
1093,0,DEPSCR_2,0.000000000000e+00
1093,0,DEPMASS_2,0.000000000000e+00
1093,0,SCRMASS_2,0.000000000000e+00
1093,0,BEDSED_2,0.000000000000e+00
1093,1,ROSED_2,1.179675009184e+03
1093,1,BPSED_2,0.000000000000e+00
1093,0,DRAT_ISED_3,4.914742247101e+02
1093,0,DRAT_OSED_3,4.914742247101e+02
1093,-1,USSED_3,4.886161387449e+02
1093,-2,LUSED_3,2.858085965214e+00
1093,-1,USSBP_3,0.000000000000e+00
1093,-2,LUSBP_3,0.000000000000e+00
1093,-5,IRWDSED_3,0.000000000000e+00
1093,0,ISED_3,4.914742247101e+02
1093,0,DEPSCR_3,0.000000000000e+00
1093,0,DEPMASS_3,0.000000000000e+00
1093,0,SCRMASS_3,0.000000000000e+00
1093,0,BEDSED_3,0.000000000000e+00
1093,1,ROSED_3,4.914742247101e+02
1093,1,BPSED_3,0.000000000000e+00
1093,0,DRAT_IGQL_TN,4.200047593520e+04
1093,0,DRAT_OGQL_TN,4.200047593520e+04
1093,-1,USQUAL_TN,4.163004789720e+04
1093,-2,LUQUAL_TN,3.704280379973e+02
1093,-1,USQUBP_TN,0.000000000000e+00
1093,-2,LUQUBP_TN,0.000000000000e+00
1093,-5,IRWDQUAL_TN,0.000000000000e+00
1093,-7,INFILTQUAL_TN,0.000000000000e+00
1093,-8,INFILTQUALTARGET_TN,0.000000000000e+00
1093,0,ADTOT_TN,0.000000000000e+00
1093,0,IQUAL_TN,4.200047593520e+04
1093,0,ADQAL_TN,0.000000000000e+00
1093,0,DSQAL_TN,0.000000000000e+00
1093,0,DEPQAL_TN,0.000000000000e+00
1093,0,SCRQAL_TN,0.000000000000e+00
1093,1,QUAL_TN,4.200047593520e+04
1093,1,QUBP_TN,0.000000000000e+00
1093,0,DRAT_IGQL_TP,6.403767240068e+03
1093,0,DRAT_OGQL_TP,6.403767240068e+03
1093,-1,USQUAL_TP,6.338439300491e+03
1093,-2,LUQUAL_TP,6.532793957692e+01
1093,-1,USQUBP_TP,0.000000000000e+00
1093,-2,LUQUBP_TP,0.000000000000e+00
1093,-5,IRWDQUAL_TP,0.000000000000e+00
1093,-7,INFILTQUAL_TP,0.000000000000e+00
1093,-8,INFILTQUALTARGET_TP,0.000000000000e+00
1093,0,ADTOT_TP,0.000000000000e+00
1093,0,IQUAL_TP,6.403767240068e+03
1093,0,ADQAL_TP,0.000000000000e+00
1093,0,DSQAL_TP,0.000000000000e+00
1093,0,DEPQAL_TP,0.000000000000e+00
1093,0,SCRQAL_TP,0.000000000000e+00
1093,1,QUAL_TP,6.403767240068e+03
1093,1,QUBP_TP,0.000000000000e+00
1093,0,DRAT_IGQL_TCd,1.194547685160e+01
1093,0,DRAT_OGQL_TCd,1.194547685160e+01
1093,-1,USQUAL_TCd,1.177647551126e+01
1093,-2,LUQUAL_TCd,1.690013403423e-01
1093,-1,USQUBP_TCd,0.000000000000e+00
1093,-2,LUQUBP_TCd,0.000000000000e+00
1093,-5,IRWDQUAL_TCd,0.000000000000e+00
1093,-7,INFILTQUAL_TCd,0.000000000000e+00
1093,-8,INFILTQUALTARGET_TCd,0.000000000000e+00
1093,0,ADTOT_TCd,0.000000000000e+00
1093,0,IQUAL_TCd,1.194547685160e+01
1093,0,ADQAL_TCd,0.000000000000e+00
1093,0,DSQAL_TCd,0.000000000000e+00
1093,0,DEPQAL_TCd,0.000000000000e+00
1093,0,SCRQAL_TCd,0.000000000000e+00
1093,1,QUAL_TCd,1.194547685160e+01
1093,1,QUBP_TCd,0.000000000000e+00
1093,0,DRAT_IGQL_TCu,1.201249680522e+03
1093,0,DRAT_OGQL_TCu,1.201249680522e+03
1093,-1,USQUAL_TCu,1.184302281134e+03
1093,-2,LUQUAL_TCu,1.694739938797e+01
1093,-1,USQUBP_TCu,0.000000000000e+00
1093,-2,LUQUBP_TCu,0.000000000000e+00
1093,-5,IRWDQUAL_TCu,0.000000000000e+00
1093,-7,INFILTQUAL_TCu,0.000000000000e+00
1093,-8,INFILTQUALTARGET_TCu,0.000000000000e+00
1093,0,ADTOT_TCu,0.000000000000e+00
1093,0,IQUAL_TCu,1.201249680522e+03
1093,0,ADQAL_TCu,0.000000000000e+00
1093,0,DSQAL_TCu,0.000000000000e+00
1093,0,DEPQAL_TCu,0.000000000000e+00
1093,0,SCRQAL_TCu,0.000000000000e+00
1093,1,QUAL_TCu,1.201249680522e+03
1093,1,QUBP_TCu,0.000000000000e+00
1093,0,DRAT_IGQL_TPb,9.531265730306e+02
1093,0,DRAT_OGQL_TPb,9.531265730306e+02
1093,-1,USQUAL_TPb,9.395267892620e+02
1093,-2,LUQUAL_TPb,1.359978376857e+01
1093,-1,USQUBP_TPb,0.000000000000e+00
1093,-2,LUQUBP_TPb,0.000000000000e+00
1093,-5,IRWDQUAL_TPb,0.000000000000e+00
1093,-7,INFILTQUAL_TPb,0.000000000000e+00
1093,-8,INFILTQUALTARGET_TPb,0.000000000000e+00
1093,0,ADTOT_TPb,0.000000000000e+00
1093,0,IQUAL_TPb,9.531265730306e+02
1093,0,ADQAL_TPb,0.000000000000e+00
1093,0,DSQAL_TPb,0.000000000000e+00
1093,0,DEPQAL_TPb,0.000000000000e+00
1093,0,SCRQAL_TPb,0.000000000000e+00
1093,1,QUAL_TPb,9.531265730306e+02
1093,1,QUBP_TPb,0.000000000000e+00
1093,0,DRAT_IGQL_TZn,4.999148431465e+03
1093,0,DRAT_OGQL_TZn,4.999148431465e+03
1093,-1,USQUAL_TZn,4.912354878517e+03
1093,-2,LUQUAL_TZn,8.679355294714e+01
1093,-1,USQUBP_TZn,0.000000000000e+00
1093,-2,LUQUBP_TZn,0.000000000000e+00
1093,-5,IRWDQUAL_TZn,0.000000000000e+00
1093,-7,INFILTQUAL_TZn,0.000000000000e+00
1093,-8,INFILTQUALTARGET_TZn,0.000000000000e+00
1093,0,ADTOT_TZn,0.000000000000e+00
1093,0,IQUAL_TZn,4.999148431465e+03
1093,0,ADQAL_TZn,0.000000000000e+00
1093,0,DSQAL_TZn,0.000000000000e+00
1093,0,DEPQAL_TZn,0.000000000000e+00
1093,0,SCRQAL_TZn,0.000000000000e+00
1093,1,QUAL_TZn,4.999148431465e+03
1093,1,QUBP_TZn,0.000000000000e+00
1083,0,DRAT_IVOL,6.177039163211e+08
1083,0,DRAT_OVOL,6.166638183280e+08
1083,-1,USLINK,0.000000000000e+00
1083,-1,PCP,1.306828703163e+06
1083,-1,EVAP,1.040109208788e+06
1083,-1,INFILT,0.000000000000e+00
1083,-1,USIF,6.103400793369e+08
1083,-2,LUIF,6.057008280988e+06
1083,-1,USBP,0.000000000000e+00
1083,-2,LUBP,0.000000000000e+00
1083,-5,IRWD,0.000000000000e+00
1083,0,IVOL,6.163970876179e+08
1083,1,RO,6.166638183280e+08
1083,1,BP,0.000000000000e+00
1083,0,DRAT_ISED_1,3.950124631304e+02
1083,0,DRAT_OSED_1,3.897048404696e+02
1083,-1,USSED_1,3.871168022427e+02
1083,-2,LUSED_1,2.590712877223e+00
1083,-1,USSBP_1,0.000000000000e+00
1083,-2,LUSBP_1,0.000000000000e+00
1083,-5,IRWDSED_1,0.000000000000e+00
1083,0,ISED_1,3.897075151200e+02
1083,0,DEPSCR_1,2.674650389429e-03
1083,0,DEPMASS_1,5.307622660796e+00
1083,0,SCRMASS_1,5.304948010407e+00
1083,0,BEDSED_1,4.274853002523e+02
1083,1,ROSED_1,3.897048404696e+02
1083,1,BPSED_1,0.000000000000e+00
1083,0,DRAT_ISED_2,1.893371049914e+03
1083,0,DRAT_OSED_2,1.893371553946e+03
1083,-1,USSED_2,1.702569840185e+03
1083,-2,LUSED_2,1.242537386946e+01
1083,-1,USSBP_2,0.000000000000e+00
1083,-2,LUSBP_2,0.000000000000e+00
1083,-5,IRWDSED_2,0.000000000000e+00
1083,0,ISED_2,1.714995214054e+03
1083,0,DEPSCR_2,-1.783758358596e+02
1083,0,DEPMASS_2,0.000000000000e+00
1083,0,SCRMASS_2,1.783758358596e+02
1083,0,BEDSED_2,3.903984162695e+06
1083,1,ROSED_2,1.893371553946e+03
1083,1,BPSED_2,0.000000000000e+00
1083,0,DRAT_ISED_3,7.568547966112e+02
1083,0,DRAT_OSED_3,7.568549387804e+02
1083,-1,USSED_3,7.391496567536e+02
1083,-2,LUSED_3,3.947950535256e+00
1083,-1,USSBP_3,0.000000000000e+00
1083,-2,LUSBP_3,0.000000000000e+00
1083,-5,IRWDSED_3,0.000000000000e+00
1083,0,ISED_3,7.430976072888e+02
1083,0,DEPSCR_3,-1.375718932235e+01
1083,0,DEPMASS_3,0.000000000000e+00
1083,0,SCRMASS_3,1.375718932235e+01
1083,0,BEDSED_3,6.933028847672e+04
1083,1,ROSED_3,7.568549387804e+02
1083,1,BPSED_3,0.000000000000e+00
1083,0,DRAT_IGQL_TN,6.787122201461e+04
1083,0,DRAT_OGQL_TN,6.773784625295e+04
1083,-1,USQUAL_TN,6.732090130750e+04
1083,-2,LUQUAL_TN,5.503207071084e+02
1083,-1,USQUBP_TN,0.000000000000e+00
1083,-2,LUQUBP_TN,0.000000000000e+00
1083,-5,IRWDQUAL_TN,0.000000000000e+00
1083,-7,INFILTQUAL_TN,0.000000000000e+00
1083,-8,INFILTQUALTARGET_TN,0.000000000000e+00
1083,0,ADTOT_TN,0.000000000000e+00
1083,0,IQUAL_TN,6.787122201461e+04
1083,0,ADQAL_TN,0.000000000000e+00
1083,0,DSQAL_TN,0.000000000000e+00
1083,0,DEPQAL_TN,0.000000000000e+00
1083,0,SCRQAL_TN,0.000000000000e+00
1083,1,QUAL_TN,6.773784625295e+04
1083,1,QUBP_TN,0.000000000000e+00
1083,0,DRAT_IGQL_TP,1.021775241073e+04
1083,0,DRAT_OGQL_TP,1.020064584907e+04
1083,-1,USQUAL_TP,1.011490823245e+04
1083,-2,LUQUAL_TP,1.028441782815e+02
1083,-1,USQUBP_TP,0.000000000000e+00
1083,-2,LUQUBP_TP,0.000000000000e+00
1083,-5,IRWDQUAL_TP,0.000000000000e+00
1083,-7,INFILTQUAL_TP,0.000000000000e+00
1083,-8,INFILTQUALTARGET_TP,0.000000000000e+00
1083,0,ADTOT_TP,0.000000000000e+00
1083,0,IQUAL_TP,1.021775241073e+04
1083,0,ADQAL_TP,0.000000000000e+00
1083,0,DSQAL_TP,0.000000000000e+00
1083,0,DEPQAL_TP,0.000000000000e+00
1083,0,SCRQAL_TP,0.000000000000e+00
1083,1,QUAL_TP,1.020064584907e+04
1083,1,QUBP_TP,0.000000000000e+00
1083,0,DRAT_IGQL_TCd,1.824898851447e+01
1083,0,DRAT_OGQL_TCd,1.821805491049e+01
1083,-1,USQUAL_TCd,1.802425251271e+01
1083,-2,LUQUAL_TCd,2.247360017542e-01
1083,-1,USQUBP_TCd,0.000000000000e+00
1083,-2,LUQUBP_TCd,0.000000000000e+00
1083,-5,IRWDQUAL_TCd,0.000000000000e+00
1083,-7,INFILTQUAL_TCd,0.000000000000e+00
1083,-8,INFILTQUALTARGET_TCd,0.000000000000e+00
1083,0,ADTOT_TCd,0.000000000000e+00
1083,0,IQUAL_TCd,1.824898851447e+01
1083,0,ADQAL_TCd,0.000000000000e+00
1083,0,DSQAL_TCd,0.000000000000e+00
1083,0,DEPQAL_TCd,0.000000000000e+00
1083,0,SCRQAL_TCd,0.000000000000e+00
1083,1,QUAL_TCd,1.821805491049e+01
1083,1,QUBP_TCd,0.000000000000e+00
1083,0,DRAT_IGQL_TCu,1.837853417289e+03
1083,0,DRAT_OGQL_TCu,1.834749861493e+03
1083,-1,USQUAL_TCu,1.815317633495e+03
1083,-2,LUQUAL_TCu,2.253578379418e+01
1083,-1,USQUBP_TCu,0.000000000000e+00
1083,-2,LUQUBP_TCu,0.000000000000e+00
1083,-5,IRWDQUAL_TCu,0.000000000000e+00
1083,-7,INFILTQUAL_TCu,0.000000000000e+00
1083,-8,INFILTQUALTARGET_TCu,0.000000000000e+00
1083,0,ADTOT_TCu,0.000000000000e+00
1083,0,IQUAL_TCu,1.837853417289e+03
1083,0,ADQAL_TCu,0.000000000000e+00
1083,0,DSQAL_TCu,0.000000000000e+00
1083,0,DEPQAL_TCu,0.000000000000e+00
1083,0,SCRQAL_TCu,0.000000000000e+00
1083,1,QUAL_TCu,1.834749861493e+03
1083,1,QUBP_TCu,0.000000000000e+00
1083,0,DRAT_IGQL_TPb,1.507208888565e+03
1083,0,DRAT_OGQL_TPb,1.504705536000e+03
1083,-1,USQUAL_TPb,1.489627157654e+03
1083,-2,LUQUAL_TPb,1.758173091102e+01
1083,-1,USQUBP_TPb,0.000000000000e+00
1083,-2,LUQUBP_TPb,0.000000000000e+00
1083,-5,IRWDQUAL_TPb,0.000000000000e+00
1083,-7,INFILTQUAL_TPb,0.000000000000e+00
1083,-8,INFILTQUALTARGET_TPb,0.000000000000e+00
1083,0,ADTOT_TPb,0.000000000000e+00
1083,0,IQUAL_TPb,1.507208888565e+03
1083,0,ADQAL_TPb,0.000000000000e+00
1083,0,DSQAL_TPb,0.000000000000e+00
1083,0,DEPQAL_TPb,0.000000000000e+00
1083,0,SCRQAL_TPb,0.000000000000e+00
1083,1,QUAL_TPb,1.504705536000e+03
1083,1,QUBP_TPb,0.000000000000e+00
1083,0,DRAT_IGQL_TZn,7.776377718299e+03
1083,0,DRAT_OGQL_TZn,7.763251006908e+03
1083,-1,USQUAL_TZn,7.662927020898e+03
1083,-2,LUQUAL_TZn,1.134506974017e+02
1083,-1,USQUBP_TZn,0.000000000000e+00
1083,-2,LUQUBP_TZn,0.000000000000e+00
1083,-5,IRWDQUAL_TZn,0.000000000000e+00
1083,-7,INFILTQUAL_TZn,0.000000000000e+00
1083,-8,INFILTQUALTARGET_TZn,0.000000000000e+00
1083,0,ADTOT_TZn,0.000000000000e+00
1083,0,IQUAL_TZn,7.776377718299e+03
1083,0,ADQAL_TZn,0.000000000000e+00
1083,0,DSQAL_TZn,0.000000000000e+00
1083,0,DEPQAL_TZn,0.000000000000e+00
1083,0,SCRQAL_TZn,0.000000000000e+00
1083,1,QUAL_TZn,7.763251006908e+03
1083,1,QUBP_TZn,0.000000000000e+00
1061,0,DRAT_IVOL,9.697370448538e+08
1061,0,DRAT_OVOL,9.657222548455e+08
1061,-1,USLINK,0.000000000000e+00
1061,-1,PCP,4.454443611149e+06
1061,-1,EVAP,4.014462465083e+06
1061,-1,INFILT,0.000000000000e+00
1061,-1,USIF,9.245273304869e+08
1061,-2,LUIF,4.075527075569e+07
1061,-1,USBP,0.000000000000e+00
1061,-2,LUBP,0.000000000000e+00
1061,-5,IRWD,0.000000000000e+00
1061,0,IVOL,9.652826012426e+08
1061,1,RO,9.657222548455e+08
1061,1,BP,0.000000000000e+00
1061,0,DRAT_ISED_1,5.682237622349e+02
1061,0,DRAT_OSED_1,5.618145616876e+02
1061,-1,USSED_1,5.464690438119e+02
1061,-2,LUSED_1,1.531487333061e+01
1061,-1,USSBP_1,0.000000000000e+00
1061,-2,LUSBP_1,0.000000000000e+00
1061,-5,IRWDSED_1,0.000000000000e+00
1061,0,ISED_1,5.617839171426e+02
1061,0,DEPSCR_1,-3.064454504632e-02
1061,0,DEPMASS_1,6.409200547289e+00
1061,0,SCRMASS_1,6.439845092335e+00
1061,0,BEDSED_1,2.015568128708e+03
1061,1,ROSED_1,5.618145616876e+02
1061,1,BPSED_1,0.000000000000e+00
1061,0,DRAT_ISED_2,3.312411005628e+03
1061,0,DRAT_OSED_2,3.312412600495e+03
1061,-1,USSED_2,2.764424480591e+03
1061,-2,LUSED_2,8.096037534708e+01
1061,-1,USSBP_2,0.000000000000e+00
1061,-2,LUSBP_2,0.000000000000e+00
1061,-5,IRWDSED_2,0.000000000000e+00
1061,0,ISED_2,2.845384855939e+03
1061,0,DEPSCR_2,-4.670261496896e+02
1061,0,DEPMASS_2,0.000000000000e+00
1061,0,SCRMASS_2,4.670261496896e+02
1061,0,BEDSED_2,5.278822490056e+06
1061,1,ROSED_2,3.312412600495e+03
1061,1,BPSED_2,0.000000000000e+00
1061,0,DRAT_ISED_3,1.114082843812e+03
1061,0,DRAT_OSED_3,1.114083288490e+03
1061,-1,USSED_3,1.078916855970e+03
1061,-2,LUSED_3,2.360962585940e+01
1061,-1,USSBP_3,0.000000000000e+00
1061,-2,LUSBP_3,0.000000000000e+00
1061,-5,IRWDSED_3,0.000000000000e+00
1061,0,ISED_3,1.102526481829e+03
1061,0,DEPSCR_3,-1.155636198271e+01
1061,0,DEPMASS_3,0.000000000000e+00
1061,0,SCRMASS_3,1.155636198271e+01
1061,0,BEDSED_3,3.168891904109e+04
1061,1,ROSED_3,1.114083288490e+03
1061,1,BPSED_3,0.000000000000e+00
1061,0,DRAT_IGQL_TN,1.095866310283e+05
1061,0,DRAT_OGQL_TN,1.090256530724e+05
1061,-1,USQUAL_TN,1.056480554133e+05
1061,-2,LUQUAL_TN,3.938575615048e+03
1061,-1,USQUBP_TN,0.000000000000e+00
1061,-2,LUQUBP_TN,0.000000000000e+00
1061,-5,IRWDQUAL_TN,0.000000000000e+00
1061,-7,INFILTQUAL_TN,0.000000000000e+00
1061,-8,INFILTQUALTARGET_TN,0.000000000000e+00
1061,0,ADTOT_TN,0.000000000000e+00
1061,0,IQUAL_TN,1.095866310283e+05
1061,0,ADQAL_TN,0.000000000000e+00
1061,0,DSQAL_TN,0.000000000000e+00
1061,0,DEPQAL_TN,0.000000000000e+00
1061,0,SCRQAL_TN,0.000000000000e+00
1061,1,QUAL_TN,1.090256530724e+05
1061,1,QUBP_TN,0.000000000000e+00
1061,0,DRAT_IGQL_TP,1.679164737785e+04
1061,0,DRAT_OGQL_TP,1.671745785207e+04
1061,-1,USQUAL_TP,1.613495616902e+04
1061,-2,LUQUAL_TP,6.566912088340e+02
1061,-1,USQUBP_TP,0.000000000000e+00
1061,-2,LUQUBP_TP,0.000000000000e+00
1061,-5,IRWDQUAL_TP,0.000000000000e+00
1061,-7,INFILTQUAL_TP,0.000000000000e+00
1061,-8,INFILTQUALTARGET_TP,0.000000000000e+00
1061,0,ADTOT_TP,0.000000000000e+00
1061,0,IQUAL_TP,1.679164737785e+04
1061,0,ADQAL_TP,0.000000000000e+00
1061,0,DSQAL_TP,0.000000000000e+00
1061,0,DEPQAL_TP,0.000000000000e+00
1061,0,SCRQAL_TP,0.000000000000e+00
1061,1,QUAL_TP,1.671745785207e+04
1061,1,QUBP_TP,0.000000000000e+00
1061,0,DRAT_IGQL_TCd,3.147941086594e+01
1061,0,DRAT_OGQL_TCd,3.133921305704e+01
1061,-1,USQUAL_TCd,3.021402200078e+01
1061,-2,LUQUAL_TCd,1.265388865158e+00
1061,-1,USQUBP_TCd,0.000000000000e+00
1061,-2,LUQUBP_TCd,0.000000000000e+00
1061,-5,IRWDQUAL_TCd,0.000000000000e+00
1061,-7,INFILTQUAL_TCd,0.000000000000e+00
1061,-8,INFILTQUALTARGET_TCd,0.000000000000e+00
1061,0,ADTOT_TCd,0.000000000000e+00
1061,0,IQUAL_TCd,3.147941086594e+01
1061,0,ADQAL_TCd,0.000000000000e+00
1061,0,DSQAL_TCd,0.000000000000e+00
1061,0,DEPQAL_TCd,0.000000000000e+00
1061,0,SCRQAL_TCd,0.000000000000e+00
1061,1,QUAL_TCd,3.133921305704e+01
1061,1,QUBP_TCd,0.000000000000e+00
1061,0,DRAT_IGQL_TCu,3.169301956867e+03
1061,0,DRAT_OGQL_TCu,3.155239854193e+03
1061,-1,USQUAL_TCu,3.042098058730e+03
1061,-2,LUQUAL_TCu,1.272038981366e+02
1061,-1,USQUBP_TCu,0.000000000000e+00
1061,-2,LUQUBP_TCu,0.000000000000e+00
1061,-5,IRWDQUAL_TCu,0.000000000000e+00
1061,-7,INFILTQUAL_TCu,0.000000000000e+00
1061,-8,INFILTQUALTARGET_TCu,0.000000000000e+00
1061,0,ADTOT_TCu,0.000000000000e+00
1061,0,IQUAL_TCu,3.169301956867e+03
1061,0,ADQAL_TCu,0.000000000000e+00
1061,0,DSQAL_TCu,0.000000000000e+00
1061,0,DEPQAL_TCu,0.000000000000e+00
1061,0,SCRQAL_TCu,0.000000000000e+00
1061,1,QUAL_TCu,3.155239854193e+03
1061,1,QUBP_TCu,0.000000000000e+00
1061,0,DRAT_IGQL_TPb,2.462248711176e+03
1061,0,DRAT_OGQL_TPb,2.451489360878e+03
1061,-1,USQUAL_TPb,2.353987599599e+03
1061,-2,LUQUAL_TPb,1.082611115766e+02
1061,-1,USQUBP_TPb,0.000000000000e+00
1061,-2,LUQUBP_TPb,0.000000000000e+00
1061,-5,IRWDQUAL_TPb,0.000000000000e+00
1061,-7,INFILTQUAL_TPb,0.000000000000e+00
1061,-8,INFILTQUALTARGET_TPb,0.000000000000e+00
1061,0,ADTOT_TPb,0.000000000000e+00
1061,0,IQUAL_TPb,2.462248711176e+03
1061,0,ADQAL_TPb,0.000000000000e+00
1061,0,DSQAL_TPb,0.000000000000e+00
1061,0,DEPQAL_TPb,0.000000000000e+00
1061,0,SCRQAL_TPb,0.000000000000e+00
1061,1,QUAL_TPb,2.451489360878e+03
1061,1,QUBP_TPb,0.000000000000e+00
1061,0,DRAT_IGQL_TZn,1.358970862758e+04
1061,0,DRAT_OGQL_TZn,1.352943833324e+04
1061,-1,USQUAL_TZn,1.302884845545e+04
1061,-2,LUQUAL_TZn,5.608601721372e+02
1061,-1,USQUBP_TZn,0.000000000000e+00
1061,-2,LUQUBP_TZn,0.000000000000e+00
1061,-5,IRWDQUAL_TZn,0.000000000000e+00
1061,-7,INFILTQUAL_TZn,0.000000000000e+00
1061,-8,INFILTQUALTARGET_TZn,0.000000000000e+00
1061,0,ADTOT_TZn,0.000000000000e+00
1061,0,IQUAL_TZn,1.358970862758e+04
1061,0,ADQAL_TZn,0.000000000000e+00
1061,0,DSQAL_TZn,0.000000000000e+00
1061,0,DEPQAL_TZn,0.000000000000e+00
1061,0,SCRQAL_TZn,0.000000000000e+00
1061,1,QUAL_TZn,1.352943833324e+04
1061,1,QUBP_TZn,0.000000000000e+00
