subbasin,deluid,parmname,value1
6873,1000,AREA,0.000000000000e+00
6873,1000,PREC,0.000000000000e+00
6873,1000,SURO,0.000000000000e+00
6873,1000,IFWO,0.000000000000e+00
6873,1000,AGWO,0.000000000000e+00
6873,1000,PERO,0.000000000000e+00
6873,1000,TAET,0.000000000000e+00
6873,1000,SEDLOAD,0.000000000000e+00
6873,1000,SEDWSSD, 0.00000e+00
6873,1000,SEDSCRS, 0.00000e+00
6873,1000,SEDSURO, 0.00000e+00
6873,1000,SEDIFWO, 0.00000e+00
6873,1000,SEDAGWO, 0.00000e+00
6873,1000,SO_TN,0.000000000000e+00
6873,1000,IO_TN,0.000000000000e+00
6873,1000,AO_TN,0.000000000000e+00
6873,1000,PO_TN,0.000000000000e+00
6873,1000,SO_TP,0.000000000000e+00
6873,1000,IO_TP,0.000000000000e+00
6873,1000,AO_TP,0.000000000000e+00
6873,1000,PO_TP,0.000000000000e+00
6873,1000,SED_TP,0.000000000000e+00
6873,1000,SEDWSSD_TP,0.000000000000e+00
6873,1000,SEDSCRS_TP,0.000000000000e+00
6873,1000,SO_TCd,0.000000000000e+00
6873,1000,IO_TCd,0.000000000000e+00
6873,1000,AO_TCd,0.000000000000e+00
6873,1000,PO_TCd,0.000000000000e+00
6873,1000,SED_TCd,0.000000000000e+00
6873,1000,SEDWSSD_TCd,0.000000000000e+00
6873,1000,SEDSCRS_TCd,0.000000000000e+00
6873,1000,SO_TCu,0.000000000000e+00
6873,1000,IO_TCu,0.000000000000e+00
6873,1000,AO_TCu,0.000000000000e+00
6873,1000,PO_TCu,0.000000000000e+00
6873,1000,SED_TCu,0.000000000000e+00
6873,1000,SEDWSSD_TCu,0.000000000000e+00
6873,1000,SEDSCRS_TCu,0.000000000000e+00
6873,1000,SO_TPb,0.000000000000e+00
6873,1000,IO_TPb,0.000000000000e+00
6873,1000,AO_TPb,0.000000000000e+00
6873,1000,PO_TPb,0.000000000000e+00
6873,1000,SED_TPb,0.000000000000e+00
6873,1000,SEDWSSD_TPb,0.000000000000e+00
6873,1000,SEDSCRS_TPb,0.000000000000e+00
6873,1000,SO_TZn,0.000000000000e+00
6873,1000,IO_TZn,0.000000000000e+00
6873,1000,AO_TZn,0.000000000000e+00
6873,1000,PO_TZn,0.000000000000e+00
6873,1000,SED_TZn,0.000000000000e+00
6873,1000,SEDWSSD_TZn,0.000000000000e+00
6873,1000,SEDSCRS_TZn,0.000000000000e+00
6873,2000,AREA,1.537356000000e+00
6873,2000,PREC,1.655751728901e+01
6873,2000,SURO,1.518695458447e+01
6873,2000,IFWO,0.000000000000e+00
6873,2000,AGWO,0.000000000000e+00
6873,2000,PERO,1.518695458447e+01
6873,2000,TAET,1.370562704543e+00
6873,2000,SEDLOAD,3.220542988101e-01
6873,2000,SEDWSSD, 3.22054e-01
6873,2000,SEDSCRS, 0.00000e+00
6873,2000,SEDSURO, 0.00000e+00
6873,2000,SEDIFWO, 0.00000e+00
6873,2000,SEDAGWO, 0.00000e+00
6873,2000,SO_TN,4.899963235222e-01
6873,2000,IO_TN,0.000000000000e+00
6873,2000,AO_TN,0.000000000000e+00
6873,2000,PO_TN,4.899963235222e-01
6873,2000,SO_TP,1.437167308440e+00
6873,2000,IO_TP,0.000000000000e+00
6873,2000,AO_TP,0.000000000000e+00
6873,2000,PO_TP,1.437167308440e+00
6873,2000,SED_TP,1.437167308440e+00
6873,2000,SEDWSSD_TP,1.437167308440e+00
6873,2000,SEDSCRS_TP,0.000000000000e+00
6873,2000,SO_TCd,4.830814482151e-03
6873,2000,IO_TCd,0.000000000000e+00
6873,2000,AO_TCd,0.000000000000e+00
6873,2000,PO_TCd,4.830814482151e-03
6873,2000,SED_TCd,4.830814482151e-03
6873,2000,SEDWSSD_TCd,4.830814482151e-03
6873,2000,SEDSCRS_TCd,0.000000000000e+00
6873,2000,SO_TCu,4.830814482151e-01
6873,2000,IO_TCu,0.000000000000e+00
6873,2000,AO_TCu,0.000000000000e+00
6873,2000,PO_TCu,4.830814482151e-01
6873,2000,SED_TCu,4.830814482151e-01
6873,2000,SEDWSSD_TCu,4.830814482151e-01
6873,2000,SEDSCRS_TCu,0.000000000000e+00
6873,2000,SO_TPb,2.764240733351e-01
6873,2000,IO_TPb,0.000000000000e+00
6873,2000,AO_TPb,0.000000000000e+00
6873,2000,PO_TPb,2.764240733351e-01
6873,2000,SED_TPb,1.043455928145e-01
6873,2000,SEDWSSD_TPb,1.043455928145e-01
6873,2000,SEDSCRS_TPb,0.000000000000e+00
6873,2000,SO_TZn,2.226039313375e+00
6873,2000,IO_TZn,0.000000000000e+00
6873,2000,AO_TZn,0.000000000000e+00
6873,2000,PO_TZn,2.226039313375e+00
6873,2000,SED_TZn,2.226039313375e+00
6873,2000,SEDWSSD_TZn,2.226039313375e+00
6873,2000,SEDSCRS_TZn,0.000000000000e+00
6873,3000,AREA,6.122489999996e-01
6873,3000,PREC,6.593998659179e+00
6873,3000,SURO,6.048174760685e+00
6873,3000,IFWO,0.000000000000e+00
6873,3000,AGWO,0.000000000000e+00
6873,3000,PERO,6.048174760685e+00
6873,3000,TAET,5.458238984943e-01
6873,3000,SEDLOAD,9.639250203806e-02
6873,3000,SEDWSSD, 9.63925e-02
6873,3000,SEDSCRS, 0.00000e+00
6873,3000,SEDSURO, 0.00000e+00
6873,3000,SEDIFWO, 0.00000e+00
6873,3000,SEDAGWO, 0.00000e+00
6873,3000,SO_TN,1.951400710571e-01
6873,3000,IO_TN,0.000000000000e+00
6873,3000,AO_TN,0.000000000000e+00
6873,3000,PO_TN,1.951400710571e-01
6873,3000,SO_TP,4.301515403449e-01
6873,3000,IO_TP,0.000000000000e+00
6873,3000,AO_TP,0.000000000000e+00
6873,3000,PO_TP,4.301515403449e-01
6873,3000,SED_TP,4.301515403449e-01
6873,3000,SEDWSSD_TP,4.301515403449e-01
6873,3000,SEDSCRS_TP,0.000000000000e+00
6873,3000,SO_TCd,1.156710024457e-03
6873,3000,IO_TCd,0.000000000000e+00
6873,3000,AO_TCd,0.000000000000e+00
6873,3000,PO_TCd,1.156710024457e-03
6873,3000,SED_TCd,1.156710024457e-03
6873,3000,SEDWSSD_TCd,1.156710024457e-03
6873,3000,SEDSCRS_TCd,0.000000000000e+00
6873,3000,SO_TCu,1.156710024457e-01
6873,3000,IO_TCu,0.000000000000e+00
6873,3000,AO_TCu,0.000000000000e+00
6873,3000,PO_TCu,1.156710024457e-01
6873,3000,SED_TCu,1.156710024457e-01
6873,3000,SEDWSSD_TCu,1.156710024457e-01
6873,3000,SEDSCRS_TCu,0.000000000000e+00
6873,3000,SO_TPb,7.894030627098e-02
6873,3000,IO_TPb,0.000000000000e+00
6873,3000,AO_TPb,0.000000000000e+00
6873,3000,PO_TPb,7.894030627098e-02
6873,3000,SED_TPb,1.041039022011e-02
6873,3000,SEDWSSD_TPb,1.041039022011e-02
6873,3000,SEDSCRS_TPb,0.000000000000e+00
6873,3000,SO_TZn,4.996987305653e-01
6873,3000,IO_TZn,0.000000000000e+00
6873,3000,AO_TZn,0.000000000000e+00
6873,3000,PO_TZn,4.996987305653e-01
6873,3000,SED_TZn,4.996987305653e-01
6873,3000,SEDWSSD_TZn,4.996987305653e-01
6873,3000,SEDSCRS_TZn,0.000000000000e+00
6873,4000,AREA,4.832020000004e-01
6873,4000,PREC,5.204146254404e+00
6873,4000,SURO,4.773368581594e+00
6873,4000,IFWO,0.000000000000e+00
6873,4000,AGWO,0.000000000000e+00
6873,4000,PERO,4.773368581594e+00
6873,4000,TAET,4.307776728100e-01
6873,4000,SEDLOAD,1.012239723874e-01
6873,4000,SEDWSSD, 1.01224e-01
6873,4000,SEDSCRS, 0.00000e+00
6873,4000,SEDSURO, 0.00000e+00
6873,4000,SEDIFWO, 0.00000e+00
6873,4000,SEDAGWO, 0.00000e+00
6873,4000,SO_TN,3.164001730361e+00
6873,4000,IO_TN,0.000000000000e+00
6873,4000,AO_TN,0.000000000000e+00
6873,4000,PO_TN,3.164001730361e+00
6873,4000,SO_TP,7.439961970475e-01
6873,4000,IO_TP,0.000000000000e+00
6873,4000,AO_TP,0.000000000000e+00
6873,4000,PO_TP,7.439961970475e-01
6873,4000,SED_TP,7.439961970475e-01
6873,4000,SEDWSSD_TP,7.439961970475e-01
6873,4000,SEDSCRS_TP,0.000000000000e+00
6873,4000,SO_TCd,1.518359585811e-03
6873,4000,IO_TCd,0.000000000000e+00
6873,4000,AO_TCd,0.000000000000e+00
6873,4000,PO_TCd,1.518359585811e-03
6873,4000,SED_TCd,1.518359585811e-03
6873,4000,SEDWSSD_TCd,1.518359585811e-03
6873,4000,SEDSCRS_TCd,0.000000000000e+00
6873,4000,SO_TCu,1.518359585811e-01
6873,4000,IO_TCu,0.000000000000e+00
6873,4000,AO_TCu,0.000000000000e+00
6873,4000,PO_TCu,1.518359585811e-01
6873,4000,SED_TCu,1.518359585811e-01
6873,4000,SEDWSSD_TCu,1.518359585811e-01
6873,4000,SEDSCRS_TCu,0.000000000000e+00
6873,4000,SO_TPb,9.781425477469e-02
6873,4000,IO_TPb,0.000000000000e+00
6873,4000,AO_TPb,0.000000000000e+00
6873,4000,PO_TPb,9.781425477469e-02
6873,4000,SED_TPb,4.372875607136e-02
6873,4000,SEDWSSD_TPb,4.372875607136e-02
6873,4000,SEDSCRS_TPb,0.000000000000e+00
6873,4000,SO_TZn,4.555078757434e-01
6873,4000,IO_TZn,0.000000000000e+00
6873,4000,AO_TZn,0.000000000000e+00
6873,4000,PO_TZn,4.555078757434e-01
6873,4000,SED_TZn,4.555078757434e-01
6873,4000,SEDWSSD_TZn,4.555078757434e-01
6873,4000,SEDSCRS_TZn,0.000000000000e+00
6873,5000,AREA,1.038718800001e+01
6873,5000,PREC,1.118713199117e+02
6873,5000,SURO,1.026110753894e+02
6873,5000,IFWO,0.000000000000e+00
6873,5000,AGWO,0.000000000000e+00
6873,5000,PERO,1.026110753894e+02
6873,5000,TAET,9.260244522331e+00
6873,5000,SEDLOAD,1.309301219915e+00
6873,5000,SEDWSSD, 1.30930e+00
6873,5000,SEDSCRS, 0.00000e+00
6873,5000,SEDSURO, 0.00000e+00
6873,5000,SEDIFWO, 0.00000e+00
6873,5000,SEDAGWO, 0.00000e+00
6873,5000,SO_TN,7.677008258649e+01
6873,5000,IO_TN,0.000000000000e+00
6873,5000,AO_TN,0.000000000000e+00
6873,5000,PO_TN,7.677008258649e+01
6873,5000,SO_TP,8.935980825920e+00
6873,5000,IO_TP,0.000000000000e+00
6873,5000,AO_TP,0.000000000000e+00
6873,5000,PO_TP,8.935980825920e+00
6873,5000,SED_TP,8.935980825920e+00
6873,5000,SEDWSSD_TP,8.935980825920e+00
6873,5000,SEDSCRS_TP,0.000000000000e+00
6873,5000,SO_TCd,9.819759149363e-03
6873,5000,IO_TCd,0.000000000000e+00
6873,5000,AO_TCd,0.000000000000e+00
6873,5000,PO_TCd,9.819759149363e-03
6873,5000,SED_TCd,9.819759149363e-03
6873,5000,SEDWSSD_TCd,9.819759149363e-03
6873,5000,SEDSCRS_TCd,0.000000000000e+00
6873,5000,SO_TCu,9.819759149363e-01
6873,5000,IO_TCu,0.000000000000e+00
6873,5000,AO_TCu,0.000000000000e+00
6873,5000,PO_TCu,9.819759149363e-01
6873,5000,SED_TCu,9.819759149363e-01
6873,5000,SEDWSSD_TCu,9.819759149363e-01
6873,5000,SEDSCRS_TCu,0.000000000000e+00
6873,5000,SO_TPb,1.657568836706e+00
6873,5000,IO_TPb,0.000000000000e+00
6873,5000,AO_TPb,0.000000000000e+00
6873,5000,PO_TPb,1.657568836706e+00
6873,5000,SED_TPb,4.949158611279e-01
6873,5000,SEDWSSD_TPb,4.949158611279e-01
6873,5000,SEDSCRS_TPb,0.000000000000e+00
6873,5000,SO_TZn,3.535113293771e+00
6873,5000,IO_TZn,0.000000000000e+00
6873,5000,AO_TZn,0.000000000000e+00
6873,5000,PO_TZn,3.535113293771e+00
6873,5000,SED_TZn,3.535113293771e+00
6873,5000,SEDWSSD_TZn,3.535113293771e+00
6873,5000,SEDSCRS_TZn,0.000000000000e+00
6873,6000,AREA,5.645880000006e-01
6873,6000,PREC,6.080683700567e+00
6873,6000,SURO,5.577349888339e+00
6873,6000,IFWO,0.000000000000e+00
6873,6000,AGWO,0.000000000000e+00
6873,6000,PERO,5.577349888339e+00
6873,6000,TAET,5.033338122285e-01
6873,6000,SEDLOAD,1.182731862084e-01
6873,6000,SEDWSSD, 1.18273e-01
6873,6000,SEDSCRS, 0.00000e+00
6873,6000,SEDSURO, 0.00000e+00
6873,6000,SEDIFWO, 0.00000e+00
6873,6000,SEDAGWO, 0.00000e+00
6873,6000,SO_TN,3.294406661328e+00
6873,6000,IO_TN,0.000000000000e+00
6873,6000,AO_TN,0.000000000000e+00
6873,6000,PO_TN,3.294406661328e+00
6873,6000,SO_TP,9.314013413911e-01
6873,6000,IO_TP,0.000000000000e+00
6873,6000,AO_TP,0.000000000000e+00
6873,6000,PO_TP,9.314013413911e-01
6873,6000,SED_TP,9.314013413911e-01
6873,6000,SEDWSSD_TP,9.314013413911e-01
6873,6000,SEDSCRS_TP,0.000000000000e+00
6873,6000,SO_TCd,2.365463724168e-03
6873,6000,IO_TCd,0.000000000000e+00
6873,6000,AO_TCd,0.000000000000e+00
6873,6000,PO_TCd,2.365463724168e-03
6873,6000,SED_TCd,2.365463724168e-03
6873,6000,SEDWSSD_TCd,2.365463724168e-03
6873,6000,SEDSCRS_TCd,0.000000000000e+00
6873,6000,SO_TCu,2.365463724168e-01
6873,6000,IO_TCu,0.000000000000e+00
6873,6000,AO_TCu,0.000000000000e+00
6873,6000,PO_TCu,2.365463724168e-01
6873,6000,SED_TCu,2.365463724168e-01
6873,6000,SEDWSSD_TCu,2.365463724168e-01
6873,6000,SEDSCRS_TCu,0.000000000000e+00
6873,6000,SO_TPb,1.245079711204e-01
6873,6000,IO_TPb,0.000000000000e+00
6873,6000,AO_TPb,0.000000000000e+00
6873,6000,PO_TPb,1.245079711204e-01
6873,6000,SED_TPb,6.131281973043e-02
6873,6000,SEDWSSD_TPb,6.131281973043e-02
6873,6000,SEDSCRS_TPb,0.000000000000e+00
6873,6000,SO_TZn,6.812535525603e-01
6873,6000,IO_TZn,0.000000000000e+00
6873,6000,AO_TZn,0.000000000000e+00
6873,6000,PO_TZn,6.812535525603e-01
6873,6000,SED_TZn,6.812535525603e-01
6873,6000,SEDWSSD_TZn,6.812535525603e-01
6873,6000,SEDSCRS_TZn,0.000000000000e+00
6873,7000,AREA,0.000000000000e+00
6873,7000,PREC,0.000000000000e+00
6873,7000,SURO,0.000000000000e+00
6873,7000,IFWO,0.000000000000e+00
6873,7000,AGWO,0.000000000000e+00
6873,7000,PERO,0.000000000000e+00
6873,7000,TAET,0.000000000000e+00
6873,7000,SEDLOAD,0.000000000000e+00
6873,7000,SEDWSSD, 0.00000e+00
6873,7000,SEDSCRS, 0.00000e+00
6873,7000,SEDSURO, 0.00000e+00
6873,7000,SEDIFWO, 0.00000e+00
6873,7000,SEDAGWO, 0.00000e+00
6873,7000,SO_TN,0.000000000000e+00
6873,7000,IO_TN,0.000000000000e+00
6873,7000,AO_TN,0.000000000000e+00
6873,7000,PO_TN,0.000000000000e+00
6873,7000,SO_TP,0.000000000000e+00
6873,7000,IO_TP,0.000000000000e+00
6873,7000,AO_TP,0.000000000000e+00
6873,7000,PO_TP,0.000000000000e+00
6873,7000,SED_TP,0.000000000000e+00
6873,7000,SEDWSSD_TP,0.000000000000e+00
6873,7000,SEDSCRS_TP,0.000000000000e+00
6873,7000,SO_TCd,0.000000000000e+00
6873,7000,IO_TCd,0.000000000000e+00
6873,7000,AO_TCd,0.000000000000e+00
6873,7000,PO_TCd,0.000000000000e+00
6873,7000,SED_TCd,0.000000000000e+00
6873,7000,SEDWSSD_TCd,0.000000000000e+00
6873,7000,SEDSCRS_TCd,0.000000000000e+00
6873,7000,SO_TCu,0.000000000000e+00
6873,7000,IO_TCu,0.000000000000e+00
6873,7000,AO_TCu,0.000000000000e+00
6873,7000,PO_TCu,0.000000000000e+00
6873,7000,SED_TCu,0.000000000000e+00
6873,7000,SEDWSSD_TCu,0.000000000000e+00
6873,7000,SEDSCRS_TCu,0.000000000000e+00
6873,7000,SO_TPb,0.000000000000e+00
6873,7000,IO_TPb,0.000000000000e+00
6873,7000,AO_TPb,0.000000000000e+00
6873,7000,PO_TPb,0.000000000000e+00
6873,7000,SED_TPb,0.000000000000e+00
6873,7000,SEDWSSD_TPb,0.000000000000e+00
6873,7000,SEDSCRS_TPb,0.000000000000e+00
6873,7000,SO_TZn,0.000000000000e+00
6873,7000,IO_TZn,0.000000000000e+00
6873,7000,AO_TZn,0.000000000000e+00
6873,7000,PO_TZn,0.000000000000e+00
6873,7000,SED_TZn,0.000000000000e+00
6873,7000,SEDWSSD_TZn,0.000000000000e+00
6873,7000,SEDSCRS_TZn,0.000000000000e+00
6873,8000,AREA,1.823435900003e+01
6873,8000,PREC,1.963863375800e+02
6873,8000,SURO,1.801302899328e+02
6873,8000,IFWO,0.000000000000e+00
6873,8000,AGWO,0.000000000000e+00
6873,8000,PERO,1.801302899328e+02
6873,8000,TAET,1.625604764716e+01
6873,8000,SEDLOAD,3.383229391064e+00
6873,8000,SEDWSSD, 3.38323e+00
6873,8000,SEDSCRS, 0.00000e+00
6873,8000,SEDSURO, 0.00000e+00
6873,8000,SEDIFWO, 0.00000e+00
6873,8000,SEDAGWO, 0.00000e+00
6873,8000,SO_TN,5.281666649965e+01
6873,8000,IO_TN,0.000000000000e+00
6873,8000,AO_TN,0.000000000000e+00
6873,8000,PO_TN,5.281666649965e+01
6873,8000,SO_TP,3.552390860618e+00
6873,8000,IO_TP,0.000000000000e+00
6873,8000,AO_TP,0.000000000000e+00
6873,8000,PO_TP,3.552390860618e+00
6873,8000,SED_TP,3.552390860618e+00
6873,8000,SEDWSSD_TP,3.552390860618e+00
6873,8000,SEDSCRS_TP,0.000000000000e+00
6873,8000,SO_TCd,3.806133064948e-02
6873,8000,IO_TCd,0.000000000000e+00
6873,8000,AO_TCd,0.000000000000e+00
6873,8000,PO_TCd,3.806133064948e-02
6873,8000,SED_TCd,3.806133064948e-02
6873,8000,SEDWSSD_TCd,3.806133064948e-02
6873,8000,SEDSCRS_TCd,0.000000000000e+00
6873,8000,SO_TCu,3.806133064948e+00
6873,8000,IO_TCu,0.000000000000e+00
6873,8000,AO_TCu,0.000000000000e+00
6873,8000,PO_TCu,3.806133064948e+00
6873,8000,SED_TCu,3.806133064948e+00
6873,8000,SEDWSSD_TCu,3.806133064948e+00
6873,8000,SEDSCRS_TCu,0.000000000000e+00
6873,8000,SO_TPb,2.954470110368e+00
6873,8000,IO_TPb,0.000000000000e+00
6873,8000,AO_TPb,0.000000000000e+00
6873,8000,PO_TPb,2.954470110368e+00
6873,8000,SED_TPb,9.134719355874e-01
6873,8000,SEDWSSD_TPb,9.134719355874e-01
6873,8000,SEDSCRS_TPb,0.000000000000e+00
6873,8000,SO_TZn,1.461555096940e+01
6873,8000,IO_TZn,0.000000000000e+00
6873,8000,AO_TZn,0.000000000000e+00
6873,8000,PO_TZn,1.461555096940e+01
6873,8000,SED_TZn,1.461555096940e+01
6873,8000,SEDWSSD_TZn,1.461555096940e+01
6873,8000,SEDSCRS_TZn,0.000000000000e+00
6873,9000,AREA,1.019570000001e+01
6873,9000,PREC,1.098089700912e+02
6873,9000,SURO,1.038820212772e+02
6873,9000,IFWO,0.000000000000e+00
6873,9000,AGWO,0.000000000000e+00
6873,9000,PERO,1.038820212772e+02
6873,9000,TAET,5.926948814009e+00
6873,9000,SEDLOAD,2.328947515759e-01
6873,9000,SEDWSSD, 2.32895e-01
6873,9000,SEDSCRS, 0.00000e+00
6873,9000,SEDSURO, 0.00000e+00
6873,9000,SEDIFWO, 0.00000e+00
6873,9000,SEDAGWO, 0.00000e+00
6873,9000,SO_TN,3.046935962334e+01
6873,9000,IO_TN,0.000000000000e+00
6873,9000,AO_TN,0.000000000000e+00
6873,9000,PO_TN,3.046935962334e+01
6873,9000,SO_TP,2.445394891547e-01
6873,9000,IO_TP,0.000000000000e+00
6873,9000,AO_TP,0.000000000000e+00
6873,9000,PO_TP,2.445394891547e-01
6873,9000,SED_TP,2.445394891547e-01
6873,9000,SEDWSSD_TP,2.445394891547e-01
6873,9000,SEDSCRS_TP,0.000000000000e+00
6873,9000,SO_TCd,8.733553184098e-04
6873,9000,IO_TCd,0.000000000000e+00
6873,9000,AO_TCd,0.000000000000e+00
6873,9000,PO_TCd,8.733553184098e-04
6873,9000,SED_TCd,8.733553184098e-04
6873,9000,SEDWSSD_TCd,8.733553184098e-04
6873,9000,SEDSCRS_TCd,0.000000000000e+00
6873,9000,SO_TCu,8.733553184098e-02
6873,9000,IO_TCu,0.000000000000e+00
6873,9000,AO_TCu,0.000000000000e+00
6873,9000,PO_TCu,8.733553184098e-02
6873,9000,SED_TCu,8.733553184098e-02
6873,9000,SEDWSSD_TCu,8.733553184098e-02
6873,9000,SEDSCRS_TCu,0.000000000000e+00
6873,9000,SO_TPb,2.096052764184e-02
6873,9000,IO_TPb,0.000000000000e+00
6873,9000,AO_TPb,0.000000000000e+00
6873,9000,PO_TPb,2.096052764184e-02
6873,9000,SED_TPb,2.096052764184e-02
6873,9000,SEDWSSD_TPb,2.096052764184e-02
6873,9000,SEDSCRS_TPb,0.000000000000e+00
6873,9000,SO_TZn,1.257631658510e+00
6873,9000,IO_TZn,0.000000000000e+00
6873,9000,AO_TZn,0.000000000000e+00
6873,9000,PO_TZn,1.257631658510e+00
6873,9000,SED_TZn,1.257631658510e+00
6873,9000,SEDWSSD_TZn,1.257631658510e+00
6873,9000,SEDSCRS_TZn,0.000000000000e+00
6873,10000,AREA,5.992120000006e-01
6873,10000,PREC,6.453588531078e+00
6873,10000,SURO,1.406665719301e+01
6873,10000,IFWO,0.000000000000e+00
6873,10000,AGWO,0.000000000000e+00
6873,10000,PERO,1.406665719301e+01
6873,10000,TAET,9.903653890032e+00
6873,10000,SEDLOAD,2.390768226570e-01
6873,10000,SEDWSSD, 0.00000e+00
6873,10000,SEDSCRS, 0.00000e+00
6873,10000,SEDSURO, 2.39077e-01
6873,10000,SEDIFWO, 0.00000e+00
6873,10000,SEDAGWO, 0.00000e+00
6873,10000,SO_TN,1.275078019001e+01
6873,10000,IO_TN,0.000000000000e+00
6873,10000,AO_TN,0.000000000000e+00
6873,10000,PO_TN,1.275078019001e+01
6873,10000,SO_TP,1.275078019001e+00
6873,10000,IO_TP,0.000000000000e+00
6873,10000,AO_TP,0.000000000000e+00
6873,10000,PO_TP,1.275078019001e+00
6873,10000,SED_TP,0.000000000000e+00
6873,10000,SEDWSSD_TP,0.000000000000e+00
6873,10000,SEDSCRS_TP,0.000000000000e+00
6873,10000,SO_TCd,3.187695047503e-04
6873,10000,IO_TCd,0.000000000000e+00
6873,10000,AO_TCd,0.000000000000e+00
6873,10000,PO_TCd,3.187695047503e-04
6873,10000,SED_TCd,0.000000000000e+00
6873,10000,SEDWSSD_TCd,0.000000000000e+00
6873,10000,SEDSCRS_TCd,0.000000000000e+00
6873,10000,SO_TCu,7.969237618759e-02
6873,10000,IO_TCu,0.000000000000e+00
6873,10000,AO_TCu,0.000000000000e+00
6873,10000,PO_TCu,7.969237618759e-02
6873,10000,SED_TCu,0.000000000000e+00
6873,10000,SEDWSSD_TCu,0.000000000000e+00
6873,10000,SEDSCRS_TCu,0.000000000000e+00
6873,10000,SO_TPb,1.275078019001e-02
6873,10000,IO_TPb,0.000000000000e+00
6873,10000,AO_TPb,0.000000000000e+00
6873,10000,PO_TPb,1.275078019001e-02
6873,10000,SED_TPb,0.000000000000e+00
6873,10000,SEDWSSD_TPb,0.000000000000e+00
6873,10000,SEDSCRS_TPb,0.000000000000e+00
6873,10000,SO_TZn,2.550156038003e-01
6873,10000,IO_TZn,0.000000000000e+00
6873,10000,AO_TZn,0.000000000000e+00
6873,10000,PO_TZn,2.550156038003e-01
6873,10000,SED_TZn,0.000000000000e+00
6873,10000,SEDWSSD_TZn,0.000000000000e+00
6873,10000,SEDSCRS_TZn,0.000000000000e+00
6873,11111,AREA,0.000000000000e+00
6873,11111,PREC,0.000000000000e+00
6873,11111,SURO,0.000000000000e+00
6873,11111,IFWO,0.000000000000e+00
6873,11111,AGWO,0.000000000000e+00
6873,11111,PERO,0.000000000000e+00
6873,11111,TAET,0.000000000000e+00
6873,11111,SEDLOAD,0.000000000000e+00
6873,11111,SEDWSSD, 0.00000e+00
6873,11111,SEDSCRS, 0.00000e+00
6873,11111,SEDSURO, 0.00000e+00
6873,11111,SEDIFWO, 0.00000e+00
6873,11111,SEDAGWO, 0.00000e+00
6873,11111,SO_TN,0.000000000000e+00
6873,11111,IO_TN,0.000000000000e+00
6873,11111,AO_TN,0.000000000000e+00
6873,11111,PO_TN,0.000000000000e+00
6873,11111,SO_TP,0.000000000000e+00
6873,11111,IO_TP,0.000000000000e+00
6873,11111,AO_TP,0.000000000000e+00
6873,11111,PO_TP,0.000000000000e+00
6873,11111,SED_TP,0.000000000000e+00
6873,11111,SEDWSSD_TP,0.000000000000e+00
6873,11111,SEDSCRS_TP,0.000000000000e+00
6873,11111,SO_TCd,0.000000000000e+00
6873,11111,IO_TCd,0.000000000000e+00
6873,11111,AO_TCd,0.000000000000e+00
6873,11111,PO_TCd,0.000000000000e+00
6873,11111,SED_TCd,0.000000000000e+00
6873,11111,SEDWSSD_TCd,0.000000000000e+00
6873,11111,SEDSCRS_TCd,0.000000000000e+00
6873,11111,SO_TCu,0.000000000000e+00
6873,11111,IO_TCu,0.000000000000e+00
6873,11111,AO_TCu,0.000000000000e+00
6873,11111,PO_TCu,0.000000000000e+00
6873,11111,SED_TCu,0.000000000000e+00
6873,11111,SEDWSSD_TCu,0.000000000000e+00
6873,11111,SEDSCRS_TCu,0.000000000000e+00
6873,11111,SO_TPb,0.000000000000e+00
6873,11111,IO_TPb,0.000000000000e+00
6873,11111,AO_TPb,0.000000000000e+00
6873,11111,PO_TPb,0.000000000000e+00
6873,11111,SED_TPb,0.000000000000e+00
6873,11111,SEDWSSD_TPb,0.000000000000e+00
6873,11111,SEDSCRS_TPb,0.000000000000e+00
6873,11111,SO_TZn,0.000000000000e+00
6873,11111,IO_TZn,0.000000000000e+00
6873,11111,AO_TZn,0.000000000000e+00
6873,11111,PO_TZn,0.000000000000e+00
6873,11111,SED_TZn,0.000000000000e+00
6873,11111,SEDWSSD_TZn,0.000000000000e+00
6873,11111,SEDSCRS_TZn,0.000000000000e+00
6873,11112,AREA,1.196849200001e+01
6873,11112,PREC,1.289021626828e+02
6873,11112,SURO,1.907261441263e+00
6873,11112,IFWO,1.758302255748e+00
6873,11112,AGWO,8.922244244336e+01
6873,11112,PERO,9.288800614037e+01
6873,11112,TAET,3.466328336173e+02
6873,11112,SEDLOAD,9.655850318466e-02
6873,11112,SEDWSSD, 8.62498e-02
6873,11112,SEDSCRS, 0.00000e+00
6873,11112,SEDSURO, 0.00000e+00
6873,11112,SEDIFWO, 1.99227e-04
6873,11112,SEDAGWO, 1.01095e-02
6873,11112,SO_TN,1.239931945266e+00
6873,11112,IO_TN,3.984551066935e-01
6873,11112,AO_TN,6.065704182600e+00
6873,11112,PO_TN,7.704091234560e+00
6873,11112,SO_TP,1.724995637013e-01
6873,11112,IO_TP,1.593820426774e-01
6873,11112,AO_TP,4.043802788400e+00
6873,11112,PO_TP,4.375684394779e+00
6873,11112,SED_TP,1.724995637013e-01
6873,11112,SEDWSSD_TP,1.724995637013e-01
6873,11112,SEDSCRS_TP,0.000000000000e+00
6873,11112,SO_TCd,4.312489092531e-04
6873,11112,IO_TCd,0.000000000000e+00
6873,11112,AO_TCd,0.000000000000e+00
6873,11112,PO_TCd,4.312489092531e-04
6873,11112,SED_TCd,4.312489092531e-04
6873,11112,SEDWSSD_TCd,4.312489092531e-04
6873,11112,SEDSCRS_TCd,0.000000000000e+00
6873,11112,SO_TCu,4.312489092531e-02
6873,11112,IO_TCu,0.000000000000e+00
6873,11112,AO_TCu,0.000000000000e+00
6873,11112,PO_TCu,4.312489092531e-02
6873,11112,SED_TCu,4.312489092531e-02
6873,11112,SEDWSSD_TCu,4.312489092531e-02
6873,11112,SEDSCRS_TCu,0.000000000000e+00
6873,11112,SO_TPb,8.624978185063e-04
6873,11112,IO_TPb,0.000000000000e+00
6873,11112,AO_TPb,0.000000000000e+00
6873,11112,PO_TPb,8.624978185063e-04
6873,11112,SED_TPb,8.624978185063e-04
6873,11112,SEDWSSD_TPb,8.624978185063e-04
6873,11112,SEDSCRS_TPb,0.000000000000e+00
6873,11112,SO_TZn,3.104992146623e-01
6873,11112,IO_TZn,0.000000000000e+00
6873,11112,AO_TZn,1.010950697100e+00
6873,11112,PO_TZn,1.321449911762e+00
6873,11112,SED_TZn,3.104992146623e-01
6873,11112,SEDWSSD_TZn,3.104992146623e-01
6873,11112,SEDSCRS_TZn,0.000000000000e+00
6873,11121,AREA,0.000000000000e+00
6873,11121,PREC,0.000000000000e+00
6873,11121,SURO,0.000000000000e+00
6873,11121,IFWO,0.000000000000e+00
6873,11121,AGWO,0.000000000000e+00
6873,11121,PERO,0.000000000000e+00
6873,11121,TAET,0.000000000000e+00
6873,11121,SEDLOAD,0.000000000000e+00
6873,11121,SEDWSSD, 0.00000e+00
6873,11121,SEDSCRS, 0.00000e+00
6873,11121,SEDSURO, 0.00000e+00
6873,11121,SEDIFWO, 0.00000e+00
6873,11121,SEDAGWO, 0.00000e+00
6873,11121,SO_TN,0.000000000000e+00
6873,11121,IO_TN,0.000000000000e+00
6873,11121,AO_TN,0.000000000000e+00
6873,11121,PO_TN,0.000000000000e+00
6873,11121,SO_TP,0.000000000000e+00
6873,11121,IO_TP,0.000000000000e+00
6873,11121,AO_TP,0.000000000000e+00
6873,11121,PO_TP,0.000000000000e+00
6873,11121,SED_TP,0.000000000000e+00
6873,11121,SEDWSSD_TP,0.000000000000e+00
6873,11121,SEDSCRS_TP,0.000000000000e+00
6873,11121,SO_TCd,0.000000000000e+00
6873,11121,IO_TCd,0.000000000000e+00
6873,11121,AO_TCd,0.000000000000e+00
6873,11121,PO_TCd,0.000000000000e+00
6873,11121,SED_TCd,0.000000000000e+00
6873,11121,SEDWSSD_TCd,0.000000000000e+00
6873,11121,SEDSCRS_TCd,0.000000000000e+00
6873,11121,SO_TCu,0.000000000000e+00
6873,11121,IO_TCu,0.000000000000e+00
6873,11121,AO_TCu,0.000000000000e+00
6873,11121,PO_TCu,0.000000000000e+00
6873,11121,SED_TCu,0.000000000000e+00
6873,11121,SEDWSSD_TCu,0.000000000000e+00
6873,11121,SEDSCRS_TCu,0.000000000000e+00
6873,11121,SO_TPb,0.000000000000e+00
6873,11121,IO_TPb,0.000000000000e+00
6873,11121,AO_TPb,0.000000000000e+00
6873,11121,PO_TPb,0.000000000000e+00
6873,11121,SED_TPb,0.000000000000e+00
6873,11121,SEDWSSD_TPb,0.000000000000e+00
6873,11121,SEDSCRS_TPb,0.000000000000e+00
6873,11121,SO_TZn,0.000000000000e+00
6873,11121,IO_TZn,0.000000000000e+00
6873,11121,AO_TZn,0.000000000000e+00
6873,11121,PO_TZn,0.000000000000e+00
6873,11121,SED_TZn,0.000000000000e+00
6873,11121,SEDWSSD_TZn,0.000000000000e+00
6873,11121,SEDSCRS_TZn,0.000000000000e+00
6873,11122,AREA,1.575600000001e-02
6873,11122,PREC,1.696940997438e-01
6873,11122,SURO,3.606114931191e-03
6873,11122,IFWO,2.581377023112e-03
6873,11122,AGWO,1.175192915030e-01
6873,11122,PERO,1.237067834573e-01
6873,11122,TAET,4.549963764628e-01
6873,11122,SEDLOAD,1.282017270765e-04
6873,11122,SEDWSSD, 1.14594e-04
6873,11122,SEDSCRS, 0.00000e+00
6873,11122,SEDSURO, 0.00000e+00
6873,11122,SEDIFWO, 2.92487e-07
6873,11122,SEDAGWO, 1.33157e-05
6873,11122,SO_TN,2.354362199519e-03
6873,11122,IO_TN,5.849749972154e-04
6873,11122,AO_TN,7.989438962723e-03
6873,11122,PO_TN,1.092877615946e-02
6873,11122,SO_TP,2.291870507708e-04
6873,11122,IO_TP,2.339899988862e-04
6873,11122,AO_TP,5.326292641815e-03
6873,11122,PO_TP,5.789469691472e-03
6873,11122,SED_TP,2.291870507708e-04
6873,11122,SEDWSSD_TP,2.291870507708e-04
6873,11122,SEDSCRS_TP,0.000000000000e+00
6873,11122,SO_TCd,5.729676269271e-07
6873,11122,IO_TCd,0.000000000000e+00
6873,11122,AO_TCd,0.000000000000e+00
6873,11122,PO_TCd,5.729676269271e-07
6873,11122,SED_TCd,5.729676269271e-07
6873,11122,SEDWSSD_TCd,5.729676269271e-07
6873,11122,SEDSCRS_TCd,0.000000000000e+00
6873,11122,SO_TCu,5.729676269271e-05
6873,11122,IO_TCu,0.000000000000e+00
6873,11122,AO_TCu,0.000000000000e+00
6873,11122,PO_TCu,5.729676269271e-05
6873,11122,SED_TCu,5.729676269271e-05
6873,11122,SEDWSSD_TCu,5.729676269271e-05
6873,11122,SEDSCRS_TCu,0.000000000000e+00
6873,11122,SO_TPb,1.145935253854e-06
6873,11122,IO_TPb,0.000000000000e+00
6873,11122,AO_TPb,0.000000000000e+00
6873,11122,PO_TPb,1.145935253854e-06
6873,11122,SED_TPb,1.145935253854e-06
6873,11122,SEDWSSD_TPb,1.145935253854e-06
6873,11122,SEDSCRS_TPb,0.000000000000e+00
6873,11122,SO_TZn,4.125366913875e-04
6873,11122,IO_TZn,0.000000000000e+00
6873,11122,AO_TZn,1.331573160454e-03
6873,11122,PO_TZn,1.744109851841e-03
6873,11122,SED_TZn,4.125366913875e-04
6873,11122,SEDWSSD_TZn,4.125366913875e-04
6873,11122,SEDSCRS_TZn,0.000000000000e+00
6873,11211,AREA,0.000000000000e+00
6873,11211,PREC,0.000000000000e+00
6873,11211,SURO,0.000000000000e+00
6873,11211,IFWO,0.000000000000e+00
6873,11211,AGWO,0.000000000000e+00
6873,11211,PERO,0.000000000000e+00
6873,11211,TAET,0.000000000000e+00
6873,11211,SEDLOAD,0.000000000000e+00
6873,11211,SEDWSSD, 0.00000e+00
6873,11211,SEDSCRS, 0.00000e+00
6873,11211,SEDSURO, 0.00000e+00
6873,11211,SEDIFWO, 0.00000e+00
6873,11211,SEDAGWO, 0.00000e+00
6873,11211,SO_TN,0.000000000000e+00
6873,11211,IO_TN,0.000000000000e+00
6873,11211,AO_TN,0.000000000000e+00
6873,11211,PO_TN,0.000000000000e+00
6873,11211,SO_TP,0.000000000000e+00
6873,11211,IO_TP,0.000000000000e+00
6873,11211,AO_TP,0.000000000000e+00
6873,11211,PO_TP,0.000000000000e+00
6873,11211,SED_TP,0.000000000000e+00
6873,11211,SEDWSSD_TP,0.000000000000e+00
6873,11211,SEDSCRS_TP,0.000000000000e+00
6873,11211,SO_TCd,0.000000000000e+00
6873,11211,IO_TCd,0.000000000000e+00
6873,11211,AO_TCd,0.000000000000e+00
6873,11211,PO_TCd,0.000000000000e+00
6873,11211,SED_TCd,0.000000000000e+00
6873,11211,SEDWSSD_TCd,0.000000000000e+00
6873,11211,SEDSCRS_TCd,0.000000000000e+00
6873,11211,SO_TCu,0.000000000000e+00
6873,11211,IO_TCu,0.000000000000e+00
6873,11211,AO_TCu,0.000000000000e+00
6873,11211,PO_TCu,0.000000000000e+00
6873,11211,SED_TCu,0.000000000000e+00
6873,11211,SEDWSSD_TCu,0.000000000000e+00
6873,11211,SEDSCRS_TCu,0.000000000000e+00
6873,11211,SO_TPb,0.000000000000e+00
6873,11211,IO_TPb,0.000000000000e+00
6873,11211,AO_TPb,0.000000000000e+00
6873,11211,PO_TPb,0.000000000000e+00
6873,11211,SED_TPb,0.000000000000e+00
6873,11211,SEDWSSD_TPb,0.000000000000e+00
6873,11211,SEDSCRS_TPb,0.000000000000e+00
6873,11211,SO_TZn,0.000000000000e+00
6873,11211,IO_TZn,0.000000000000e+00
6873,11211,AO_TZn,0.000000000000e+00
6873,11211,PO_TZn,0.000000000000e+00
6873,11211,SED_TZn,0.000000000000e+00
6873,11211,SEDWSSD_TZn,0.000000000000e+00
6873,11211,SEDSCRS_TZn,0.000000000000e+00
6873,11212,AREA,0.000000000000e+00
6873,11212,PREC,0.000000000000e+00
6873,11212,SURO,0.000000000000e+00
6873,11212,IFWO,0.000000000000e+00
6873,11212,AGWO,0.000000000000e+00
6873,11212,PERO,0.000000000000e+00
6873,11212,TAET,0.000000000000e+00
6873,11212,SEDLOAD,0.000000000000e+00
6873,11212,SEDWSSD, 0.00000e+00
6873,11212,SEDSCRS, 0.00000e+00
6873,11212,SEDSURO, 0.00000e+00
6873,11212,SEDIFWO, 0.00000e+00
6873,11212,SEDAGWO, 0.00000e+00
6873,11212,SO_TN,0.000000000000e+00
6873,11212,IO_TN,0.000000000000e+00
6873,11212,AO_TN,0.000000000000e+00
6873,11212,PO_TN,0.000000000000e+00
6873,11212,SO_TP,0.000000000000e+00
6873,11212,IO_TP,0.000000000000e+00
6873,11212,AO_TP,0.000000000000e+00
6873,11212,PO_TP,0.000000000000e+00
6873,11212,SED_TP,0.000000000000e+00
6873,11212,SEDWSSD_TP,0.000000000000e+00
6873,11212,SEDSCRS_TP,0.000000000000e+00
6873,11212,SO_TCd,0.000000000000e+00
6873,11212,IO_TCd,0.000000000000e+00
6873,11212,AO_TCd,0.000000000000e+00
6873,11212,PO_TCd,0.000000000000e+00
6873,11212,SED_TCd,0.000000000000e+00
6873,11212,SEDWSSD_TCd,0.000000000000e+00
6873,11212,SEDSCRS_TCd,0.000000000000e+00
6873,11212,SO_TCu,0.000000000000e+00
6873,11212,IO_TCu,0.000000000000e+00
6873,11212,AO_TCu,0.000000000000e+00
6873,11212,PO_TCu,0.000000000000e+00
6873,11212,SED_TCu,0.000000000000e+00
6873,11212,SEDWSSD_TCu,0.000000000000e+00
6873,11212,SEDSCRS_TCu,0.000000000000e+00
6873,11212,SO_TPb,0.000000000000e+00
6873,11212,IO_TPb,0.000000000000e+00
6873,11212,AO_TPb,0.000000000000e+00
6873,11212,PO_TPb,0.000000000000e+00
6873,11212,SED_TPb,0.000000000000e+00
6873,11212,SEDWSSD_TPb,0.000000000000e+00
6873,11212,SEDSCRS_TPb,0.000000000000e+00
6873,11212,SO_TZn,0.000000000000e+00
6873,11212,IO_TZn,0.000000000000e+00
6873,11212,AO_TZn,0.000000000000e+00
6873,11212,PO_TZn,0.000000000000e+00
6873,11212,SED_TZn,0.000000000000e+00
6873,11212,SEDWSSD_TZn,0.000000000000e+00
6873,11212,SEDSCRS_TZn,0.000000000000e+00
6873,11221,AREA,0.000000000000e+00
6873,11221,PREC,0.000000000000e+00
6873,11221,SURO,0.000000000000e+00
6873,11221,IFWO,0.000000000000e+00
6873,11221,AGWO,0.000000000000e+00
6873,11221,PERO,0.000000000000e+00
6873,11221,TAET,0.000000000000e+00
6873,11221,SEDLOAD,0.000000000000e+00
6873,11221,SEDWSSD, 0.00000e+00
6873,11221,SEDSCRS, 0.00000e+00
6873,11221,SEDSURO, 0.00000e+00
6873,11221,SEDIFWO, 0.00000e+00
6873,11221,SEDAGWO, 0.00000e+00
6873,11221,SO_TN,0.000000000000e+00
6873,11221,IO_TN,0.000000000000e+00
6873,11221,AO_TN,0.000000000000e+00
6873,11221,PO_TN,0.000000000000e+00
6873,11221,SO_TP,0.000000000000e+00
6873,11221,IO_TP,0.000000000000e+00
6873,11221,AO_TP,0.000000000000e+00
6873,11221,PO_TP,0.000000000000e+00
6873,11221,SED_TP,0.000000000000e+00
6873,11221,SEDWSSD_TP,0.000000000000e+00
6873,11221,SEDSCRS_TP,0.000000000000e+00
6873,11221,SO_TCd,0.000000000000e+00
6873,11221,IO_TCd,0.000000000000e+00
6873,11221,AO_TCd,0.000000000000e+00
6873,11221,PO_TCd,0.000000000000e+00
6873,11221,SED_TCd,0.000000000000e+00
6873,11221,SEDWSSD_TCd,0.000000000000e+00
6873,11221,SEDSCRS_TCd,0.000000000000e+00
6873,11221,SO_TCu,0.000000000000e+00
6873,11221,IO_TCu,0.000000000000e+00
6873,11221,AO_TCu,0.000000000000e+00
6873,11221,PO_TCu,0.000000000000e+00
6873,11221,SED_TCu,0.000000000000e+00
6873,11221,SEDWSSD_TCu,0.000000000000e+00
6873,11221,SEDSCRS_TCu,0.000000000000e+00
6873,11221,SO_TPb,0.000000000000e+00
6873,11221,IO_TPb,0.000000000000e+00
6873,11221,AO_TPb,0.000000000000e+00
6873,11221,PO_TPb,0.000000000000e+00
6873,11221,SED_TPb,0.000000000000e+00
6873,11221,SEDWSSD_TPb,0.000000000000e+00
6873,11221,SEDSCRS_TPb,0.000000000000e+00
6873,11221,SO_TZn,0.000000000000e+00
6873,11221,IO_TZn,0.000000000000e+00
6873,11221,AO_TZn,0.000000000000e+00
6873,11221,PO_TZn,0.000000000000e+00
6873,11221,SED_TZn,0.000000000000e+00
6873,11221,SEDWSSD_TZn,0.000000000000e+00
6873,11221,SEDSCRS_TZn,0.000000000000e+00
6873,11222,AREA,0.000000000000e+00
6873,11222,PREC,0.000000000000e+00
6873,11222,SURO,0.000000000000e+00
6873,11222,IFWO,0.000000000000e+00
6873,11222,AGWO,0.000000000000e+00
6873,11222,PERO,0.000000000000e+00
6873,11222,TAET,0.000000000000e+00
6873,11222,SEDLOAD,0.000000000000e+00
6873,11222,SEDWSSD, 0.00000e+00
6873,11222,SEDSCRS, 0.00000e+00
6873,11222,SEDSURO, 0.00000e+00
6873,11222,SEDIFWO, 0.00000e+00
6873,11222,SEDAGWO, 0.00000e+00
6873,11222,SO_TN,0.000000000000e+00
6873,11222,IO_TN,0.000000000000e+00
6873,11222,AO_TN,0.000000000000e+00
6873,11222,PO_TN,0.000000000000e+00
6873,11222,SO_TP,0.000000000000e+00
6873,11222,IO_TP,0.000000000000e+00
6873,11222,AO_TP,0.000000000000e+00
6873,11222,PO_TP,0.000000000000e+00
6873,11222,SED_TP,0.000000000000e+00
6873,11222,SEDWSSD_TP,0.000000000000e+00
6873,11222,SEDSCRS_TP,0.000000000000e+00
6873,11222,SO_TCd,0.000000000000e+00
6873,11222,IO_TCd,0.000000000000e+00
6873,11222,AO_TCd,0.000000000000e+00
6873,11222,PO_TCd,0.000000000000e+00
6873,11222,SED_TCd,0.000000000000e+00
6873,11222,SEDWSSD_TCd,0.000000000000e+00
6873,11222,SEDSCRS_TCd,0.000000000000e+00
6873,11222,SO_TCu,0.000000000000e+00
6873,11222,IO_TCu,0.000000000000e+00
6873,11222,AO_TCu,0.000000000000e+00
6873,11222,PO_TCu,0.000000000000e+00
6873,11222,SED_TCu,0.000000000000e+00
6873,11222,SEDWSSD_TCu,0.000000000000e+00
6873,11222,SEDSCRS_TCu,0.000000000000e+00
6873,11222,SO_TPb,0.000000000000e+00
6873,11222,IO_TPb,0.000000000000e+00
6873,11222,AO_TPb,0.000000000000e+00
6873,11222,PO_TPb,0.000000000000e+00
6873,11222,SED_TPb,0.000000000000e+00
6873,11222,SEDWSSD_TPb,0.000000000000e+00
6873,11222,SEDSCRS_TPb,0.000000000000e+00
6873,11222,SO_TZn,0.000000000000e+00
6873,11222,IO_TZn,0.000000000000e+00
6873,11222,AO_TZn,0.000000000000e+00
6873,11222,PO_TZn,0.000000000000e+00
6873,11222,SED_TZn,0.000000000000e+00
6873,11222,SEDWSSD_TZn,0.000000000000e+00
6873,11222,SEDSCRS_TZn,0.000000000000e+00
6873,11311,AREA,0.000000000000e+00
6873,11311,PREC,0.000000000000e+00
6873,11311,SURO,0.000000000000e+00
6873,11311,IFWO,0.000000000000e+00
6873,11311,AGWO,0.000000000000e+00
6873,11311,PERO,0.000000000000e+00
6873,11311,TAET,0.000000000000e+00
6873,11311,SEDLOAD,0.000000000000e+00
6873,11311,SEDWSSD, 0.00000e+00
6873,11311,SEDSCRS, 0.00000e+00
6873,11311,SEDSURO, 0.00000e+00
6873,11311,SEDIFWO, 0.00000e+00
6873,11311,SEDAGWO, 0.00000e+00
6873,11311,SO_TN,0.000000000000e+00
6873,11311,IO_TN,0.000000000000e+00
6873,11311,AO_TN,0.000000000000e+00
6873,11311,PO_TN,0.000000000000e+00
6873,11311,SO_TP,0.000000000000e+00
6873,11311,IO_TP,0.000000000000e+00
6873,11311,AO_TP,0.000000000000e+00
6873,11311,PO_TP,0.000000000000e+00
6873,11311,SED_TP,0.000000000000e+00
6873,11311,SEDWSSD_TP,0.000000000000e+00
6873,11311,SEDSCRS_TP,0.000000000000e+00
6873,11311,SO_TCd,0.000000000000e+00
6873,11311,IO_TCd,0.000000000000e+00
6873,11311,AO_TCd,0.000000000000e+00
6873,11311,PO_TCd,0.000000000000e+00
6873,11311,SED_TCd,0.000000000000e+00
6873,11311,SEDWSSD_TCd,0.000000000000e+00
6873,11311,SEDSCRS_TCd,0.000000000000e+00
6873,11311,SO_TCu,0.000000000000e+00
6873,11311,IO_TCu,0.000000000000e+00
6873,11311,AO_TCu,0.000000000000e+00
6873,11311,PO_TCu,0.000000000000e+00
6873,11311,SED_TCu,0.000000000000e+00
6873,11311,SEDWSSD_TCu,0.000000000000e+00
6873,11311,SEDSCRS_TCu,0.000000000000e+00
6873,11311,SO_TPb,0.000000000000e+00
6873,11311,IO_TPb,0.000000000000e+00
6873,11311,AO_TPb,0.000000000000e+00
6873,11311,PO_TPb,0.000000000000e+00
6873,11311,SED_TPb,0.000000000000e+00
6873,11311,SEDWSSD_TPb,0.000000000000e+00
6873,11311,SEDSCRS_TPb,0.000000000000e+00
6873,11311,SO_TZn,0.000000000000e+00
6873,11311,IO_TZn,0.000000000000e+00
6873,11311,AO_TZn,0.000000000000e+00
6873,11311,PO_TZn,0.000000000000e+00
6873,11311,SED_TZn,0.000000000000e+00
6873,11311,SEDWSSD_TZn,0.000000000000e+00
6873,11311,SEDSCRS_TZn,0.000000000000e+00
6873,11312,AREA,0.000000000000e+00
6873,11312,PREC,0.000000000000e+00
6873,11312,SURO,0.000000000000e+00
6873,11312,IFWO,0.000000000000e+00
6873,11312,AGWO,0.000000000000e+00
6873,11312,PERO,0.000000000000e+00
6873,11312,TAET,0.000000000000e+00
6873,11312,SEDLOAD,0.000000000000e+00
6873,11312,SEDWSSD, 0.00000e+00
6873,11312,SEDSCRS, 0.00000e+00
6873,11312,SEDSURO, 0.00000e+00
6873,11312,SEDIFWO, 0.00000e+00
6873,11312,SEDAGWO, 0.00000e+00
6873,11312,SO_TN,0.000000000000e+00
6873,11312,IO_TN,0.000000000000e+00
6873,11312,AO_TN,0.000000000000e+00
6873,11312,PO_TN,0.000000000000e+00
6873,11312,SO_TP,0.000000000000e+00
6873,11312,IO_TP,0.000000000000e+00
6873,11312,AO_TP,0.000000000000e+00
6873,11312,PO_TP,0.000000000000e+00
6873,11312,SED_TP,0.000000000000e+00
6873,11312,SEDWSSD_TP,0.000000000000e+00
6873,11312,SEDSCRS_TP,0.000000000000e+00
6873,11312,SO_TCd,0.000000000000e+00
6873,11312,IO_TCd,0.000000000000e+00
6873,11312,AO_TCd,0.000000000000e+00
6873,11312,PO_TCd,0.000000000000e+00
6873,11312,SED_TCd,0.000000000000e+00
6873,11312,SEDWSSD_TCd,0.000000000000e+00
6873,11312,SEDSCRS_TCd,0.000000000000e+00
6873,11312,SO_TCu,0.000000000000e+00
6873,11312,IO_TCu,0.000000000000e+00
6873,11312,AO_TCu,0.000000000000e+00
6873,11312,PO_TCu,0.000000000000e+00
6873,11312,SED_TCu,0.000000000000e+00
6873,11312,SEDWSSD_TCu,0.000000000000e+00
6873,11312,SEDSCRS_TCu,0.000000000000e+00
6873,11312,SO_TPb,0.000000000000e+00
6873,11312,IO_TPb,0.000000000000e+00
6873,11312,AO_TPb,0.000000000000e+00
6873,11312,PO_TPb,0.000000000000e+00
6873,11312,SED_TPb,0.000000000000e+00
6873,11312,SEDWSSD_TPb,0.000000000000e+00
6873,11312,SEDSCRS_TPb,0.000000000000e+00
6873,11312,SO_TZn,0.000000000000e+00
6873,11312,IO_TZn,0.000000000000e+00
6873,11312,AO_TZn,0.000000000000e+00
6873,11312,PO_TZn,0.000000000000e+00
6873,11312,SED_TZn,0.000000000000e+00
6873,11312,SEDWSSD_TZn,0.000000000000e+00
6873,11312,SEDSCRS_TZn,0.000000000000e+00
6873,11321,AREA,0.000000000000e+00
6873,11321,PREC,0.000000000000e+00
6873,11321,SURO,0.000000000000e+00
6873,11321,IFWO,0.000000000000e+00
6873,11321,AGWO,0.000000000000e+00
6873,11321,PERO,0.000000000000e+00
6873,11321,TAET,0.000000000000e+00
6873,11321,SEDLOAD,0.000000000000e+00
6873,11321,SEDWSSD, 0.00000e+00
6873,11321,SEDSCRS, 0.00000e+00
6873,11321,SEDSURO, 0.00000e+00
6873,11321,SEDIFWO, 0.00000e+00
6873,11321,SEDAGWO, 0.00000e+00
6873,11321,SO_TN,0.000000000000e+00
6873,11321,IO_TN,0.000000000000e+00
6873,11321,AO_TN,0.000000000000e+00
6873,11321,PO_TN,0.000000000000e+00
6873,11321,SO_TP,0.000000000000e+00
6873,11321,IO_TP,0.000000000000e+00
6873,11321,AO_TP,0.000000000000e+00
6873,11321,PO_TP,0.000000000000e+00
6873,11321,SED_TP,0.000000000000e+00
6873,11321,SEDWSSD_TP,0.000000000000e+00
6873,11321,SEDSCRS_TP,0.000000000000e+00
6873,11321,SO_TCd,0.000000000000e+00
6873,11321,IO_TCd,0.000000000000e+00
6873,11321,AO_TCd,0.000000000000e+00
6873,11321,PO_TCd,0.000000000000e+00
6873,11321,SED_TCd,0.000000000000e+00
6873,11321,SEDWSSD_TCd,0.000000000000e+00
6873,11321,SEDSCRS_TCd,0.000000000000e+00
6873,11321,SO_TCu,0.000000000000e+00
6873,11321,IO_TCu,0.000000000000e+00
6873,11321,AO_TCu,0.000000000000e+00
6873,11321,PO_TCu,0.000000000000e+00
6873,11321,SED_TCu,0.000000000000e+00
6873,11321,SEDWSSD_TCu,0.000000000000e+00
6873,11321,SEDSCRS_TCu,0.000000000000e+00
6873,11321,SO_TPb,0.000000000000e+00
6873,11321,IO_TPb,0.000000000000e+00
6873,11321,AO_TPb,0.000000000000e+00
6873,11321,PO_TPb,0.000000000000e+00
6873,11321,SED_TPb,0.000000000000e+00
6873,11321,SEDWSSD_TPb,0.000000000000e+00
6873,11321,SEDSCRS_TPb,0.000000000000e+00
6873,11321,SO_TZn,0.000000000000e+00
6873,11321,IO_TZn,0.000000000000e+00
6873,11321,AO_TZn,0.000000000000e+00
6873,11321,PO_TZn,0.000000000000e+00
6873,11321,SED_TZn,0.000000000000e+00
6873,11321,SEDWSSD_TZn,0.000000000000e+00
6873,11321,SEDSCRS_TZn,0.000000000000e+00
6873,11322,AREA,0.000000000000e+00
6873,11322,PREC,0.000000000000e+00
6873,11322,SURO,0.000000000000e+00
6873,11322,IFWO,0.000000000000e+00
6873,11322,AGWO,0.000000000000e+00
6873,11322,PERO,0.000000000000e+00
6873,11322,TAET,0.000000000000e+00
6873,11322,SEDLOAD,0.000000000000e+00
6873,11322,SEDWSSD, 0.00000e+00
6873,11322,SEDSCRS, 0.00000e+00
6873,11322,SEDSURO, 0.00000e+00
6873,11322,SEDIFWO, 0.00000e+00
6873,11322,SEDAGWO, 0.00000e+00
6873,11322,SO_TN,0.000000000000e+00
6873,11322,IO_TN,0.000000000000e+00
6873,11322,AO_TN,0.000000000000e+00
6873,11322,PO_TN,0.000000000000e+00
6873,11322,SO_TP,0.000000000000e+00
6873,11322,IO_TP,0.000000000000e+00
6873,11322,AO_TP,0.000000000000e+00
6873,11322,PO_TP,0.000000000000e+00
6873,11322,SED_TP,0.000000000000e+00
6873,11322,SEDWSSD_TP,0.000000000000e+00
6873,11322,SEDSCRS_TP,0.000000000000e+00
6873,11322,SO_TCd,0.000000000000e+00
6873,11322,IO_TCd,0.000000000000e+00
6873,11322,AO_TCd,0.000000000000e+00
6873,11322,PO_TCd,0.000000000000e+00
6873,11322,SED_TCd,0.000000000000e+00
6873,11322,SEDWSSD_TCd,0.000000000000e+00
6873,11322,SEDSCRS_TCd,0.000000000000e+00
6873,11322,SO_TCu,0.000000000000e+00
6873,11322,IO_TCu,0.000000000000e+00
6873,11322,AO_TCu,0.000000000000e+00
6873,11322,PO_TCu,0.000000000000e+00
6873,11322,SED_TCu,0.000000000000e+00
6873,11322,SEDWSSD_TCu,0.000000000000e+00
6873,11322,SEDSCRS_TCu,0.000000000000e+00
6873,11322,SO_TPb,0.000000000000e+00
6873,11322,IO_TPb,0.000000000000e+00
6873,11322,AO_TPb,0.000000000000e+00
6873,11322,PO_TPb,0.000000000000e+00
6873,11322,SED_TPb,0.000000000000e+00
6873,11322,SEDWSSD_TPb,0.000000000000e+00
6873,11322,SEDSCRS_TPb,0.000000000000e+00
6873,11322,SO_TZn,0.000000000000e+00
6873,11322,IO_TZn,0.000000000000e+00
6873,11322,AO_TZn,0.000000000000e+00
6873,11322,PO_TZn,0.000000000000e+00
6873,11322,SED_TZn,0.000000000000e+00
6873,11322,SEDWSSD_TZn,0.000000000000e+00
6873,11322,SEDSCRS_TZn,0.000000000000e+00
6873,11411,AREA,0.000000000000e+00
6873,11411,PREC,0.000000000000e+00
6873,11411,SURO,0.000000000000e+00
6873,11411,IFWO,0.000000000000e+00
6873,11411,AGWO,0.000000000000e+00
6873,11411,PERO,0.000000000000e+00
6873,11411,TAET,0.000000000000e+00
6873,11411,SEDLOAD,0.000000000000e+00
6873,11411,SEDWSSD, 0.00000e+00
6873,11411,SEDSCRS, 0.00000e+00
6873,11411,SEDSURO, 0.00000e+00
6873,11411,SEDIFWO, 0.00000e+00
6873,11411,SEDAGWO, 0.00000e+00
6873,11411,SO_TN,0.000000000000e+00
6873,11411,IO_TN,0.000000000000e+00
6873,11411,AO_TN,0.000000000000e+00
6873,11411,PO_TN,0.000000000000e+00
6873,11411,SO_TP,0.000000000000e+00
6873,11411,IO_TP,0.000000000000e+00
6873,11411,AO_TP,0.000000000000e+00
6873,11411,PO_TP,0.000000000000e+00
6873,11411,SED_TP,0.000000000000e+00
6873,11411,SEDWSSD_TP,0.000000000000e+00
6873,11411,SEDSCRS_TP,0.000000000000e+00
6873,11411,SO_TCd,0.000000000000e+00
6873,11411,IO_TCd,0.000000000000e+00
6873,11411,AO_TCd,0.000000000000e+00
6873,11411,PO_TCd,0.000000000000e+00
6873,11411,SED_TCd,0.000000000000e+00
6873,11411,SEDWSSD_TCd,0.000000000000e+00
6873,11411,SEDSCRS_TCd,0.000000000000e+00
6873,11411,SO_TCu,0.000000000000e+00
6873,11411,IO_TCu,0.000000000000e+00
6873,11411,AO_TCu,0.000000000000e+00
6873,11411,PO_TCu,0.000000000000e+00
6873,11411,SED_TCu,0.000000000000e+00
6873,11411,SEDWSSD_TCu,0.000000000000e+00
6873,11411,SEDSCRS_TCu,0.000000000000e+00
6873,11411,SO_TPb,0.000000000000e+00
6873,11411,IO_TPb,0.000000000000e+00
6873,11411,AO_TPb,0.000000000000e+00
6873,11411,PO_TPb,0.000000000000e+00
6873,11411,SED_TPb,0.000000000000e+00
6873,11411,SEDWSSD_TPb,0.000000000000e+00
6873,11411,SEDSCRS_TPb,0.000000000000e+00
6873,11411,SO_TZn,0.000000000000e+00
6873,11411,IO_TZn,0.000000000000e+00
6873,11411,AO_TZn,0.000000000000e+00
6873,11411,PO_TZn,0.000000000000e+00
6873,11411,SED_TZn,0.000000000000e+00
6873,11411,SEDWSSD_TZn,0.000000000000e+00
6873,11411,SEDSCRS_TZn,0.000000000000e+00
6873,11412,AREA,0.000000000000e+00
6873,11412,PREC,0.000000000000e+00
6873,11412,SURO,0.000000000000e+00
6873,11412,IFWO,0.000000000000e+00
6873,11412,AGWO,0.000000000000e+00
6873,11412,PERO,0.000000000000e+00
6873,11412,TAET,0.000000000000e+00
6873,11412,SEDLOAD,0.000000000000e+00
6873,11412,SEDWSSD, 0.00000e+00
6873,11412,SEDSCRS, 0.00000e+00
6873,11412,SEDSURO, 0.00000e+00
6873,11412,SEDIFWO, 0.00000e+00
6873,11412,SEDAGWO, 0.00000e+00
6873,11412,SO_TN,0.000000000000e+00
6873,11412,IO_TN,0.000000000000e+00
6873,11412,AO_TN,0.000000000000e+00
6873,11412,PO_TN,0.000000000000e+00
6873,11412,SO_TP,0.000000000000e+00
6873,11412,IO_TP,0.000000000000e+00
6873,11412,AO_TP,0.000000000000e+00
6873,11412,PO_TP,0.000000000000e+00
6873,11412,SED_TP,0.000000000000e+00
6873,11412,SEDWSSD_TP,0.000000000000e+00
6873,11412,SEDSCRS_TP,0.000000000000e+00
6873,11412,SO_TCd,0.000000000000e+00
6873,11412,IO_TCd,0.000000000000e+00
6873,11412,AO_TCd,0.000000000000e+00
6873,11412,PO_TCd,0.000000000000e+00
6873,11412,SED_TCd,0.000000000000e+00
6873,11412,SEDWSSD_TCd,0.000000000000e+00
6873,11412,SEDSCRS_TCd,0.000000000000e+00
6873,11412,SO_TCu,0.000000000000e+00
6873,11412,IO_TCu,0.000000000000e+00
6873,11412,AO_TCu,0.000000000000e+00
6873,11412,PO_TCu,0.000000000000e+00
6873,11412,SED_TCu,0.000000000000e+00
6873,11412,SEDWSSD_TCu,0.000000000000e+00
6873,11412,SEDSCRS_TCu,0.000000000000e+00
6873,11412,SO_TPb,0.000000000000e+00
6873,11412,IO_TPb,0.000000000000e+00
6873,11412,AO_TPb,0.000000000000e+00
6873,11412,PO_TPb,0.000000000000e+00
6873,11412,SED_TPb,0.000000000000e+00
6873,11412,SEDWSSD_TPb,0.000000000000e+00
6873,11412,SEDSCRS_TPb,0.000000000000e+00
6873,11412,SO_TZn,0.000000000000e+00
6873,11412,IO_TZn,0.000000000000e+00
6873,11412,AO_TZn,0.000000000000e+00
6873,11412,PO_TZn,0.000000000000e+00
6873,11412,SED_TZn,0.000000000000e+00
6873,11412,SEDWSSD_TZn,0.000000000000e+00
6873,11412,SEDSCRS_TZn,0.000000000000e+00
6873,11421,AREA,0.000000000000e+00
6873,11421,PREC,0.000000000000e+00
6873,11421,SURO,0.000000000000e+00
6873,11421,IFWO,0.000000000000e+00
6873,11421,AGWO,0.000000000000e+00
6873,11421,PERO,0.000000000000e+00
6873,11421,TAET,0.000000000000e+00
6873,11421,SEDLOAD,0.000000000000e+00
6873,11421,SEDWSSD, 0.00000e+00
6873,11421,SEDSCRS, 0.00000e+00
6873,11421,SEDSURO, 0.00000e+00
6873,11421,SEDIFWO, 0.00000e+00
6873,11421,SEDAGWO, 0.00000e+00
6873,11421,SO_TN,0.000000000000e+00
6873,11421,IO_TN,0.000000000000e+00
6873,11421,AO_TN,0.000000000000e+00
6873,11421,PO_TN,0.000000000000e+00
6873,11421,SO_TP,0.000000000000e+00
6873,11421,IO_TP,0.000000000000e+00
6873,11421,AO_TP,0.000000000000e+00
6873,11421,PO_TP,0.000000000000e+00
6873,11421,SED_TP,0.000000000000e+00
6873,11421,SEDWSSD_TP,0.000000000000e+00
6873,11421,SEDSCRS_TP,0.000000000000e+00
6873,11421,SO_TCd,0.000000000000e+00
6873,11421,IO_TCd,0.000000000000e+00
6873,11421,AO_TCd,0.000000000000e+00
6873,11421,PO_TCd,0.000000000000e+00
6873,11421,SED_TCd,0.000000000000e+00
6873,11421,SEDWSSD_TCd,0.000000000000e+00
6873,11421,SEDSCRS_TCd,0.000000000000e+00
6873,11421,SO_TCu,0.000000000000e+00
6873,11421,IO_TCu,0.000000000000e+00
6873,11421,AO_TCu,0.000000000000e+00
6873,11421,PO_TCu,0.000000000000e+00
6873,11421,SED_TCu,0.000000000000e+00
6873,11421,SEDWSSD_TCu,0.000000000000e+00
6873,11421,SEDSCRS_TCu,0.000000000000e+00
6873,11421,SO_TPb,0.000000000000e+00
6873,11421,IO_TPb,0.000000000000e+00
6873,11421,AO_TPb,0.000000000000e+00
6873,11421,PO_TPb,0.000000000000e+00
6873,11421,SED_TPb,0.000000000000e+00
6873,11421,SEDWSSD_TPb,0.000000000000e+00
6873,11421,SEDSCRS_TPb,0.000000000000e+00
6873,11421,SO_TZn,0.000000000000e+00
6873,11421,IO_TZn,0.000000000000e+00
6873,11421,AO_TZn,0.000000000000e+00
6873,11421,PO_TZn,0.000000000000e+00
6873,11421,SED_TZn,0.000000000000e+00
6873,11421,SEDWSSD_TZn,0.000000000000e+00
6873,11421,SEDSCRS_TZn,0.000000000000e+00
6873,11422,AREA,0.000000000000e+00
6873,11422,PREC,0.000000000000e+00
6873,11422,SURO,0.000000000000e+00
6873,11422,IFWO,0.000000000000e+00
6873,11422,AGWO,0.000000000000e+00
6873,11422,PERO,0.000000000000e+00
6873,11422,TAET,0.000000000000e+00
6873,11422,SEDLOAD,0.000000000000e+00
6873,11422,SEDWSSD, 0.00000e+00
6873,11422,SEDSCRS, 0.00000e+00
6873,11422,SEDSURO, 0.00000e+00
6873,11422,SEDIFWO, 0.00000e+00
6873,11422,SEDAGWO, 0.00000e+00
6873,11422,SO_TN,0.000000000000e+00
6873,11422,IO_TN,0.000000000000e+00
6873,11422,AO_TN,0.000000000000e+00
6873,11422,PO_TN,0.000000000000e+00
6873,11422,SO_TP,0.000000000000e+00
6873,11422,IO_TP,0.000000000000e+00
6873,11422,AO_TP,0.000000000000e+00
6873,11422,PO_TP,0.000000000000e+00
6873,11422,SED_TP,0.000000000000e+00
6873,11422,SEDWSSD_TP,0.000000000000e+00
6873,11422,SEDSCRS_TP,0.000000000000e+00
6873,11422,SO_TCd,0.000000000000e+00
6873,11422,IO_TCd,0.000000000000e+00
6873,11422,AO_TCd,0.000000000000e+00
6873,11422,PO_TCd,0.000000000000e+00
6873,11422,SED_TCd,0.000000000000e+00
6873,11422,SEDWSSD_TCd,0.000000000000e+00
6873,11422,SEDSCRS_TCd,0.000000000000e+00
6873,11422,SO_TCu,0.000000000000e+00
6873,11422,IO_TCu,0.000000000000e+00
6873,11422,AO_TCu,0.000000000000e+00
6873,11422,PO_TCu,0.000000000000e+00
6873,11422,SED_TCu,0.000000000000e+00
6873,11422,SEDWSSD_TCu,0.000000000000e+00
6873,11422,SEDSCRS_TCu,0.000000000000e+00
6873,11422,SO_TPb,0.000000000000e+00
6873,11422,IO_TPb,0.000000000000e+00
6873,11422,AO_TPb,0.000000000000e+00
6873,11422,PO_TPb,0.000000000000e+00
6873,11422,SED_TPb,0.000000000000e+00
6873,11422,SEDWSSD_TPb,0.000000000000e+00
6873,11422,SEDSCRS_TPb,0.000000000000e+00
6873,11422,SO_TZn,0.000000000000e+00
6873,11422,IO_TZn,0.000000000000e+00
6873,11422,AO_TZn,0.000000000000e+00
6873,11422,PO_TZn,0.000000000000e+00
6873,11422,SED_TZn,0.000000000000e+00
6873,11422,SEDWSSD_TZn,0.000000000000e+00
6873,11422,SEDSCRS_TZn,0.000000000000e+00
6873,12111,AREA,0.000000000000e+00
6873,12111,PREC,0.000000000000e+00
6873,12111,SURO,0.000000000000e+00
6873,12111,IFWO,0.000000000000e+00
6873,12111,AGWO,0.000000000000e+00
6873,12111,PERO,0.000000000000e+00
6873,12111,TAET,0.000000000000e+00
6873,12111,SEDLOAD,0.000000000000e+00
6873,12111,SEDWSSD, 0.00000e+00
6873,12111,SEDSCRS, 0.00000e+00
6873,12111,SEDSURO, 0.00000e+00
6873,12111,SEDIFWO, 0.00000e+00
6873,12111,SEDAGWO, 0.00000e+00
6873,12111,SO_TN,0.000000000000e+00
6873,12111,IO_TN,0.000000000000e+00
6873,12111,AO_TN,0.000000000000e+00
6873,12111,PO_TN,0.000000000000e+00
6873,12111,SO_TP,0.000000000000e+00
6873,12111,IO_TP,0.000000000000e+00
6873,12111,AO_TP,0.000000000000e+00
6873,12111,PO_TP,0.000000000000e+00
6873,12111,SED_TP,0.000000000000e+00
6873,12111,SEDWSSD_TP,0.000000000000e+00
6873,12111,SEDSCRS_TP,0.000000000000e+00
6873,12111,SO_TCd,0.000000000000e+00
6873,12111,IO_TCd,0.000000000000e+00
6873,12111,AO_TCd,0.000000000000e+00
6873,12111,PO_TCd,0.000000000000e+00
6873,12111,SED_TCd,0.000000000000e+00
6873,12111,SEDWSSD_TCd,0.000000000000e+00
6873,12111,SEDSCRS_TCd,0.000000000000e+00
6873,12111,SO_TCu,0.000000000000e+00
6873,12111,IO_TCu,0.000000000000e+00
6873,12111,AO_TCu,0.000000000000e+00
6873,12111,PO_TCu,0.000000000000e+00
6873,12111,SED_TCu,0.000000000000e+00
6873,12111,SEDWSSD_TCu,0.000000000000e+00
6873,12111,SEDSCRS_TCu,0.000000000000e+00
6873,12111,SO_TPb,0.000000000000e+00
6873,12111,IO_TPb,0.000000000000e+00
6873,12111,AO_TPb,0.000000000000e+00
6873,12111,PO_TPb,0.000000000000e+00
6873,12111,SED_TPb,0.000000000000e+00
6873,12111,SEDWSSD_TPb,0.000000000000e+00
6873,12111,SEDSCRS_TPb,0.000000000000e+00
6873,12111,SO_TZn,0.000000000000e+00
6873,12111,IO_TZn,0.000000000000e+00
6873,12111,AO_TZn,0.000000000000e+00
6873,12111,PO_TZn,0.000000000000e+00
6873,12111,SED_TZn,0.000000000000e+00
6873,12111,SEDWSSD_TZn,0.000000000000e+00
6873,12111,SEDSCRS_TZn,0.000000000000e+00
6873,12112,AREA,3.084812999999e+01
6873,12112,PREC,3.322382361722e+02
6873,12112,SURO,8.010772178777e-01
6873,12112,IFWO,2.030660061519e-01
6873,12112,AGWO,5.880009446166e+01
6873,12112,PERO,5.980423768568e+01
6873,12112,TAET,2.481565143671e+02
6873,12112,SEDLOAD,4.587526358626e-02
6873,12112,SEDWSSD, 3.91898e-02
6873,12112,SEDSCRS, 0.00000e+00
6873,12112,SEDSURO, 0.00000e+00
6873,12112,SEDIFWO, 2.30087e-05
6873,12112,SEDAGWO, 6.66244e-03
6873,12112,SO_TN,7.612285012649e-01
6873,12112,IO_TN,4.601750744649e-02
6873,12112,AO_TN,3.997469349035e+00
6873,12112,PO_TN,4.804715357746e+00
6873,12112,SO_TP,7.837962894341e-02
6873,12112,IO_TP,1.840700297860e-02
6873,12112,AO_TP,2.664979566023e+00
6873,12112,PO_TP,2.761766197945e+00
6873,12112,SED_TP,7.837962894341e-02
6873,12112,SEDWSSD_TP,7.837962894341e-02
6873,12112,SEDSCRS_TP,0.000000000000e+00
6873,12112,SO_TCd,1.959490723585e-04
6873,12112,IO_TCd,0.000000000000e+00
6873,12112,AO_TCd,0.000000000000e+00
6873,12112,PO_TCd,1.959490723585e-04
6873,12112,SED_TCd,1.959490723585e-04
6873,12112,SEDWSSD_TCd,1.959490723585e-04
6873,12112,SEDSCRS_TCd,0.000000000000e+00
6873,12112,SO_TCu,1.959490723585e-02
6873,12112,IO_TCu,0.000000000000e+00
6873,12112,AO_TCu,0.000000000000e+00
6873,12112,PO_TCu,1.959490723585e-02
6873,12112,SED_TCu,1.959490723585e-02
6873,12112,SEDWSSD_TCu,1.959490723585e-02
6873,12112,SEDSCRS_TCu,0.000000000000e+00
6873,12112,SO_TPb,3.918981447170e-04
6873,12112,IO_TPb,0.000000000000e+00
6873,12112,AO_TPb,0.000000000000e+00
6873,12112,PO_TPb,3.918981447170e-04
6873,12112,SED_TPb,3.918981447170e-04
6873,12112,SEDWSSD_TPb,3.918981447170e-04
6873,12112,SEDSCRS_TPb,0.000000000000e+00
6873,12112,SO_TZn,1.410833320981e-01
6873,12112,IO_TZn,0.000000000000e+00
6873,12112,AO_TZn,6.662448915058e-01
6873,12112,PO_TZn,8.073282236039e-01
6873,12112,SED_TZn,1.410833320981e-01
6873,12112,SEDWSSD_TZn,1.410833320981e-01
6873,12112,SEDSCRS_TZn,0.000000000000e+00
6873,12121,AREA,0.000000000000e+00
6873,12121,PREC,0.000000000000e+00
6873,12121,SURO,0.000000000000e+00
6873,12121,IFWO,0.000000000000e+00
6873,12121,AGWO,0.000000000000e+00
6873,12121,PERO,0.000000000000e+00
6873,12121,TAET,0.000000000000e+00
6873,12121,SEDLOAD,0.000000000000e+00
6873,12121,SEDWSSD, 0.00000e+00
6873,12121,SEDSCRS, 0.00000e+00
6873,12121,SEDSURO, 0.00000e+00
6873,12121,SEDIFWO, 0.00000e+00
6873,12121,SEDAGWO, 0.00000e+00
6873,12121,SO_TN,0.000000000000e+00
6873,12121,IO_TN,0.000000000000e+00
6873,12121,AO_TN,0.000000000000e+00
6873,12121,PO_TN,0.000000000000e+00
6873,12121,SO_TP,0.000000000000e+00
6873,12121,IO_TP,0.000000000000e+00
6873,12121,AO_TP,0.000000000000e+00
6873,12121,PO_TP,0.000000000000e+00
6873,12121,SED_TP,0.000000000000e+00
6873,12121,SEDWSSD_TP,0.000000000000e+00
6873,12121,SEDSCRS_TP,0.000000000000e+00
6873,12121,SO_TCd,0.000000000000e+00
6873,12121,IO_TCd,0.000000000000e+00
6873,12121,AO_TCd,0.000000000000e+00
6873,12121,PO_TCd,0.000000000000e+00
6873,12121,SED_TCd,0.000000000000e+00
6873,12121,SEDWSSD_TCd,0.000000000000e+00
6873,12121,SEDSCRS_TCd,0.000000000000e+00
6873,12121,SO_TCu,0.000000000000e+00
6873,12121,IO_TCu,0.000000000000e+00
6873,12121,AO_TCu,0.000000000000e+00
6873,12121,PO_TCu,0.000000000000e+00
6873,12121,SED_TCu,0.000000000000e+00
6873,12121,SEDWSSD_TCu,0.000000000000e+00
6873,12121,SEDSCRS_TCu,0.000000000000e+00
6873,12121,SO_TPb,0.000000000000e+00
6873,12121,IO_TPb,0.000000000000e+00
6873,12121,AO_TPb,0.000000000000e+00
6873,12121,PO_TPb,0.000000000000e+00
6873,12121,SED_TPb,0.000000000000e+00
6873,12121,SEDWSSD_TPb,0.000000000000e+00
6873,12121,SEDSCRS_TPb,0.000000000000e+00
6873,12121,SO_TZn,0.000000000000e+00
6873,12121,IO_TZn,0.000000000000e+00
6873,12121,AO_TZn,0.000000000000e+00
6873,12121,PO_TZn,0.000000000000e+00
6873,12121,SED_TZn,0.000000000000e+00
6873,12121,SEDWSSD_TZn,0.000000000000e+00
6873,12121,SEDSCRS_TZn,0.000000000000e+00
6873,12122,AREA,4.060900000003e-02
6873,12122,PREC,4.373640325270e-01
6873,12122,SURO,2.450857447976e-03
6873,12122,IFWO,3.760860399327e-04
6873,12122,AGWO,7.724687291117e-02
6873,12122,PERO,8.007381639908e-02
6873,12122,TAET,3.253992680467e-01
6873,12122,SEDLOAD,1.581202089458e-04
6873,12122,SEDWSSD, 1.49325e-04
6873,12122,SEDSCRS, 0.00000e+00
6873,12122,SEDSURO, 0.00000e+00
6873,12122,SEDIFWO, 4.26130e-08
6873,12122,SEDAGWO, 8.75258e-06
6873,12122,SO_TN,1.914096084322e-03
6873,12122,IO_TN,8.522619059233e-05
6873,12122,AO_TN,5.251556304430e-03
6873,12122,PO_TN,7.250878579344e-03
6873,12122,SO_TP,2.986500265270e-04
6873,12122,IO_TP,3.409047623693e-05
6873,12122,AO_TP,3.501037536287e-03
6873,12122,PO_TP,3.833778039051e-03
6873,12122,SED_TP,2.986500265270e-04
6873,12122,SEDWSSD_TP,2.986500265270e-04
6873,12122,SEDSCRS_TP,0.000000000000e+00
6873,12122,SO_TCd,7.466250663175e-07
6873,12122,IO_TCd,0.000000000000e+00
6873,12122,AO_TCd,0.000000000000e+00
6873,12122,PO_TCd,7.466250663175e-07
6873,12122,SED_TCd,7.466250663175e-07
6873,12122,SEDWSSD_TCd,7.466250663175e-07
6873,12122,SEDSCRS_TCd,0.000000000000e+00
6873,12122,SO_TCu,7.466250663175e-05
6873,12122,IO_TCu,0.000000000000e+00
6873,12122,AO_TCu,0.000000000000e+00
6873,12122,PO_TCu,7.466250663175e-05
6873,12122,SED_TCu,7.466250663175e-05
6873,12122,SEDWSSD_TCu,7.466250663175e-05
6873,12122,SEDSCRS_TCu,0.000000000000e+00
6873,12122,SO_TPb,1.493250132635e-06
6873,12122,IO_TPb,0.000000000000e+00
6873,12122,AO_TPb,0.000000000000e+00
6873,12122,PO_TPb,1.493250132635e-06
6873,12122,SED_TPb,1.493250132635e-06
6873,12122,SEDWSSD_TPb,1.493250132635e-06
6873,12122,SEDSCRS_TPb,0.000000000000e+00
6873,12122,SO_TZn,5.375700477486e-04
6873,12122,IO_TZn,0.000000000000e+00
6873,12122,AO_TZn,8.752593840717e-04
6873,12122,PO_TZn,1.412829431820e-03
6873,12122,SED_TZn,5.375700477486e-04
6873,12122,SEDWSSD_TZn,5.375700477486e-04
6873,12122,SEDSCRS_TZn,0.000000000000e+00
6873,12211,AREA,0.000000000000e+00
6873,12211,PREC,0.000000000000e+00
6873,12211,SURO,0.000000000000e+00
6873,12211,IFWO,0.000000000000e+00
6873,12211,AGWO,0.000000000000e+00
6873,12211,PERO,0.000000000000e+00
6873,12211,TAET,0.000000000000e+00
6873,12211,SEDLOAD,0.000000000000e+00
6873,12211,SEDWSSD, 0.00000e+00
6873,12211,SEDSCRS, 0.00000e+00
6873,12211,SEDSURO, 0.00000e+00
6873,12211,SEDIFWO, 0.00000e+00
6873,12211,SEDAGWO, 0.00000e+00
6873,12211,SO_TN,0.000000000000e+00
6873,12211,IO_TN,0.000000000000e+00
6873,12211,AO_TN,0.000000000000e+00
6873,12211,PO_TN,0.000000000000e+00
6873,12211,SO_TP,0.000000000000e+00
6873,12211,IO_TP,0.000000000000e+00
6873,12211,AO_TP,0.000000000000e+00
6873,12211,PO_TP,0.000000000000e+00
6873,12211,SED_TP,0.000000000000e+00
6873,12211,SEDWSSD_TP,0.000000000000e+00
6873,12211,SEDSCRS_TP,0.000000000000e+00
6873,12211,SO_TCd,0.000000000000e+00
6873,12211,IO_TCd,0.000000000000e+00
6873,12211,AO_TCd,0.000000000000e+00
6873,12211,PO_TCd,0.000000000000e+00
6873,12211,SED_TCd,0.000000000000e+00
6873,12211,SEDWSSD_TCd,0.000000000000e+00
6873,12211,SEDSCRS_TCd,0.000000000000e+00
6873,12211,SO_TCu,0.000000000000e+00
6873,12211,IO_TCu,0.000000000000e+00
6873,12211,AO_TCu,0.000000000000e+00
6873,12211,PO_TCu,0.000000000000e+00
6873,12211,SED_TCu,0.000000000000e+00
6873,12211,SEDWSSD_TCu,0.000000000000e+00
6873,12211,SEDSCRS_TCu,0.000000000000e+00
6873,12211,SO_TPb,0.000000000000e+00
6873,12211,IO_TPb,0.000000000000e+00
6873,12211,AO_TPb,0.000000000000e+00
6873,12211,PO_TPb,0.000000000000e+00
6873,12211,SED_TPb,0.000000000000e+00
6873,12211,SEDWSSD_TPb,0.000000000000e+00
6873,12211,SEDSCRS_TPb,0.000000000000e+00
6873,12211,SO_TZn,0.000000000000e+00
6873,12211,IO_TZn,0.000000000000e+00
6873,12211,AO_TZn,0.000000000000e+00
6873,12211,PO_TZn,0.000000000000e+00
6873,12211,SED_TZn,0.000000000000e+00
6873,12211,SEDWSSD_TZn,0.000000000000e+00
6873,12211,SEDSCRS_TZn,0.000000000000e+00
6873,12212,AREA,0.000000000000e+00
6873,12212,PREC,0.000000000000e+00
6873,12212,SURO,0.000000000000e+00
6873,12212,IFWO,0.000000000000e+00
6873,12212,AGWO,0.000000000000e+00
6873,12212,PERO,0.000000000000e+00
6873,12212,TAET,0.000000000000e+00
6873,12212,SEDLOAD,0.000000000000e+00
6873,12212,SEDWSSD, 0.00000e+00
6873,12212,SEDSCRS, 0.00000e+00
6873,12212,SEDSURO, 0.00000e+00
6873,12212,SEDIFWO, 0.00000e+00
6873,12212,SEDAGWO, 0.00000e+00
6873,12212,SO_TN,0.000000000000e+00
6873,12212,IO_TN,0.000000000000e+00
6873,12212,AO_TN,0.000000000000e+00
6873,12212,PO_TN,0.000000000000e+00
6873,12212,SO_TP,0.000000000000e+00
6873,12212,IO_TP,0.000000000000e+00
6873,12212,AO_TP,0.000000000000e+00
6873,12212,PO_TP,0.000000000000e+00
6873,12212,SED_TP,0.000000000000e+00
6873,12212,SEDWSSD_TP,0.000000000000e+00
6873,12212,SEDSCRS_TP,0.000000000000e+00
6873,12212,SO_TCd,0.000000000000e+00
6873,12212,IO_TCd,0.000000000000e+00
6873,12212,AO_TCd,0.000000000000e+00
6873,12212,PO_TCd,0.000000000000e+00
6873,12212,SED_TCd,0.000000000000e+00
6873,12212,SEDWSSD_TCd,0.000000000000e+00
6873,12212,SEDSCRS_TCd,0.000000000000e+00
6873,12212,SO_TCu,0.000000000000e+00
6873,12212,IO_TCu,0.000000000000e+00
6873,12212,AO_TCu,0.000000000000e+00
6873,12212,PO_TCu,0.000000000000e+00
6873,12212,SED_TCu,0.000000000000e+00
6873,12212,SEDWSSD_TCu,0.000000000000e+00
6873,12212,SEDSCRS_TCu,0.000000000000e+00
6873,12212,SO_TPb,0.000000000000e+00
6873,12212,IO_TPb,0.000000000000e+00
6873,12212,AO_TPb,0.000000000000e+00
6873,12212,PO_TPb,0.000000000000e+00
6873,12212,SED_TPb,0.000000000000e+00
6873,12212,SEDWSSD_TPb,0.000000000000e+00
6873,12212,SEDSCRS_TPb,0.000000000000e+00
6873,12212,SO_TZn,0.000000000000e+00
6873,12212,IO_TZn,0.000000000000e+00
6873,12212,AO_TZn,0.000000000000e+00
6873,12212,PO_TZn,0.000000000000e+00
6873,12212,SED_TZn,0.000000000000e+00
6873,12212,SEDWSSD_TZn,0.000000000000e+00
6873,12212,SEDSCRS_TZn,0.000000000000e+00
6873,12221,AREA,0.000000000000e+00
6873,12221,PREC,0.000000000000e+00
6873,12221,SURO,0.000000000000e+00
6873,12221,IFWO,0.000000000000e+00
6873,12221,AGWO,0.000000000000e+00
6873,12221,PERO,0.000000000000e+00
6873,12221,TAET,0.000000000000e+00
6873,12221,SEDLOAD,0.000000000000e+00
6873,12221,SEDWSSD, 0.00000e+00
6873,12221,SEDSCRS, 0.00000e+00
6873,12221,SEDSURO, 0.00000e+00
6873,12221,SEDIFWO, 0.00000e+00
6873,12221,SEDAGWO, 0.00000e+00
6873,12221,SO_TN,0.000000000000e+00
6873,12221,IO_TN,0.000000000000e+00
6873,12221,AO_TN,0.000000000000e+00
6873,12221,PO_TN,0.000000000000e+00
6873,12221,SO_TP,0.000000000000e+00
6873,12221,IO_TP,0.000000000000e+00
6873,12221,AO_TP,0.000000000000e+00
6873,12221,PO_TP,0.000000000000e+00
6873,12221,SED_TP,0.000000000000e+00
6873,12221,SEDWSSD_TP,0.000000000000e+00
6873,12221,SEDSCRS_TP,0.000000000000e+00
6873,12221,SO_TCd,0.000000000000e+00
6873,12221,IO_TCd,0.000000000000e+00
6873,12221,AO_TCd,0.000000000000e+00
6873,12221,PO_TCd,0.000000000000e+00
6873,12221,SED_TCd,0.000000000000e+00
6873,12221,SEDWSSD_TCd,0.000000000000e+00
6873,12221,SEDSCRS_TCd,0.000000000000e+00
6873,12221,SO_TCu,0.000000000000e+00
6873,12221,IO_TCu,0.000000000000e+00
6873,12221,AO_TCu,0.000000000000e+00
6873,12221,PO_TCu,0.000000000000e+00
6873,12221,SED_TCu,0.000000000000e+00
6873,12221,SEDWSSD_TCu,0.000000000000e+00
6873,12221,SEDSCRS_TCu,0.000000000000e+00
6873,12221,SO_TPb,0.000000000000e+00
6873,12221,IO_TPb,0.000000000000e+00
6873,12221,AO_TPb,0.000000000000e+00
6873,12221,PO_TPb,0.000000000000e+00
6873,12221,SED_TPb,0.000000000000e+00
6873,12221,SEDWSSD_TPb,0.000000000000e+00
6873,12221,SEDSCRS_TPb,0.000000000000e+00
6873,12221,SO_TZn,0.000000000000e+00
6873,12221,IO_TZn,0.000000000000e+00
6873,12221,AO_TZn,0.000000000000e+00
6873,12221,PO_TZn,0.000000000000e+00
6873,12221,SED_TZn,0.000000000000e+00
6873,12221,SEDWSSD_TZn,0.000000000000e+00
6873,12221,SEDSCRS_TZn,0.000000000000e+00
6873,12222,AREA,0.000000000000e+00
6873,12222,PREC,0.000000000000e+00
6873,12222,SURO,0.000000000000e+00
6873,12222,IFWO,0.000000000000e+00
6873,12222,AGWO,0.000000000000e+00
6873,12222,PERO,0.000000000000e+00
6873,12222,TAET,0.000000000000e+00
6873,12222,SEDLOAD,0.000000000000e+00
6873,12222,SEDWSSD, 0.00000e+00
6873,12222,SEDSCRS, 0.00000e+00
6873,12222,SEDSURO, 0.00000e+00
6873,12222,SEDIFWO, 0.00000e+00
6873,12222,SEDAGWO, 0.00000e+00
6873,12222,SO_TN,0.000000000000e+00
6873,12222,IO_TN,0.000000000000e+00
6873,12222,AO_TN,0.000000000000e+00
6873,12222,PO_TN,0.000000000000e+00
6873,12222,SO_TP,0.000000000000e+00
6873,12222,IO_TP,0.000000000000e+00
6873,12222,AO_TP,0.000000000000e+00
6873,12222,PO_TP,0.000000000000e+00
6873,12222,SED_TP,0.000000000000e+00
6873,12222,SEDWSSD_TP,0.000000000000e+00
6873,12222,SEDSCRS_TP,0.000000000000e+00
6873,12222,SO_TCd,0.000000000000e+00
6873,12222,IO_TCd,0.000000000000e+00
6873,12222,AO_TCd,0.000000000000e+00
6873,12222,PO_TCd,0.000000000000e+00
6873,12222,SED_TCd,0.000000000000e+00
6873,12222,SEDWSSD_TCd,0.000000000000e+00
6873,12222,SEDSCRS_TCd,0.000000000000e+00
6873,12222,SO_TCu,0.000000000000e+00
6873,12222,IO_TCu,0.000000000000e+00
6873,12222,AO_TCu,0.000000000000e+00
6873,12222,PO_TCu,0.000000000000e+00
6873,12222,SED_TCu,0.000000000000e+00
6873,12222,SEDWSSD_TCu,0.000000000000e+00
6873,12222,SEDSCRS_TCu,0.000000000000e+00
6873,12222,SO_TPb,0.000000000000e+00
6873,12222,IO_TPb,0.000000000000e+00
6873,12222,AO_TPb,0.000000000000e+00
6873,12222,PO_TPb,0.000000000000e+00
6873,12222,SED_TPb,0.000000000000e+00
6873,12222,SEDWSSD_TPb,0.000000000000e+00
6873,12222,SEDSCRS_TPb,0.000000000000e+00
6873,12222,SO_TZn,0.000000000000e+00
6873,12222,IO_TZn,0.000000000000e+00
6873,12222,AO_TZn,0.000000000000e+00
6873,12222,PO_TZn,0.000000000000e+00
6873,12222,SED_TZn,0.000000000000e+00
6873,12222,SEDWSSD_TZn,0.000000000000e+00
6873,12222,SEDSCRS_TZn,0.000000000000e+00
6873,12311,AREA,0.000000000000e+00
6873,12311,PREC,0.000000000000e+00
6873,12311,SURO,0.000000000000e+00
6873,12311,IFWO,0.000000000000e+00
6873,12311,AGWO,0.000000000000e+00
6873,12311,PERO,0.000000000000e+00
6873,12311,TAET,0.000000000000e+00
6873,12311,SEDLOAD,0.000000000000e+00
6873,12311,SEDWSSD, 0.00000e+00
6873,12311,SEDSCRS, 0.00000e+00
6873,12311,SEDSURO, 0.00000e+00
6873,12311,SEDIFWO, 0.00000e+00
6873,12311,SEDAGWO, 0.00000e+00
6873,12311,SO_TN,0.000000000000e+00
6873,12311,IO_TN,0.000000000000e+00
6873,12311,AO_TN,0.000000000000e+00
6873,12311,PO_TN,0.000000000000e+00
6873,12311,SO_TP,0.000000000000e+00
6873,12311,IO_TP,0.000000000000e+00
6873,12311,AO_TP,0.000000000000e+00
6873,12311,PO_TP,0.000000000000e+00
6873,12311,SED_TP,0.000000000000e+00
6873,12311,SEDWSSD_TP,0.000000000000e+00
6873,12311,SEDSCRS_TP,0.000000000000e+00
6873,12311,SO_TCd,0.000000000000e+00
6873,12311,IO_TCd,0.000000000000e+00
6873,12311,AO_TCd,0.000000000000e+00
6873,12311,PO_TCd,0.000000000000e+00
6873,12311,SED_TCd,0.000000000000e+00
6873,12311,SEDWSSD_TCd,0.000000000000e+00
6873,12311,SEDSCRS_TCd,0.000000000000e+00
6873,12311,SO_TCu,0.000000000000e+00
6873,12311,IO_TCu,0.000000000000e+00
6873,12311,AO_TCu,0.000000000000e+00
6873,12311,PO_TCu,0.000000000000e+00
6873,12311,SED_TCu,0.000000000000e+00
6873,12311,SEDWSSD_TCu,0.000000000000e+00
6873,12311,SEDSCRS_TCu,0.000000000000e+00
6873,12311,SO_TPb,0.000000000000e+00
6873,12311,IO_TPb,0.000000000000e+00
6873,12311,AO_TPb,0.000000000000e+00
6873,12311,PO_TPb,0.000000000000e+00
6873,12311,SED_TPb,0.000000000000e+00
6873,12311,SEDWSSD_TPb,0.000000000000e+00
6873,12311,SEDSCRS_TPb,0.000000000000e+00
6873,12311,SO_TZn,0.000000000000e+00
6873,12311,IO_TZn,0.000000000000e+00
6873,12311,AO_TZn,0.000000000000e+00
6873,12311,PO_TZn,0.000000000000e+00
6873,12311,SED_TZn,0.000000000000e+00
6873,12311,SEDWSSD_TZn,0.000000000000e+00
6873,12311,SEDSCRS_TZn,0.000000000000e+00
6873,12312,AREA,0.000000000000e+00
6873,12312,PREC,0.000000000000e+00
6873,12312,SURO,0.000000000000e+00
6873,12312,IFWO,0.000000000000e+00
6873,12312,AGWO,0.000000000000e+00
6873,12312,PERO,0.000000000000e+00
6873,12312,TAET,0.000000000000e+00
6873,12312,SEDLOAD,0.000000000000e+00
6873,12312,SEDWSSD, 0.00000e+00
6873,12312,SEDSCRS, 0.00000e+00
6873,12312,SEDSURO, 0.00000e+00
6873,12312,SEDIFWO, 0.00000e+00
6873,12312,SEDAGWO, 0.00000e+00
6873,12312,SO_TN,0.000000000000e+00
6873,12312,IO_TN,0.000000000000e+00
6873,12312,AO_TN,0.000000000000e+00
6873,12312,PO_TN,0.000000000000e+00
6873,12312,SO_TP,0.000000000000e+00
6873,12312,IO_TP,0.000000000000e+00
6873,12312,AO_TP,0.000000000000e+00
6873,12312,PO_TP,0.000000000000e+00
6873,12312,SED_TP,0.000000000000e+00
6873,12312,SEDWSSD_TP,0.000000000000e+00
6873,12312,SEDSCRS_TP,0.000000000000e+00
6873,12312,SO_TCd,0.000000000000e+00
6873,12312,IO_TCd,0.000000000000e+00
6873,12312,AO_TCd,0.000000000000e+00
6873,12312,PO_TCd,0.000000000000e+00
6873,12312,SED_TCd,0.000000000000e+00
6873,12312,SEDWSSD_TCd,0.000000000000e+00
6873,12312,SEDSCRS_TCd,0.000000000000e+00
6873,12312,SO_TCu,0.000000000000e+00
6873,12312,IO_TCu,0.000000000000e+00
6873,12312,AO_TCu,0.000000000000e+00
6873,12312,PO_TCu,0.000000000000e+00
6873,12312,SED_TCu,0.000000000000e+00
6873,12312,SEDWSSD_TCu,0.000000000000e+00
6873,12312,SEDSCRS_TCu,0.000000000000e+00
6873,12312,SO_TPb,0.000000000000e+00
6873,12312,IO_TPb,0.000000000000e+00
6873,12312,AO_TPb,0.000000000000e+00
6873,12312,PO_TPb,0.000000000000e+00
6873,12312,SED_TPb,0.000000000000e+00
6873,12312,SEDWSSD_TPb,0.000000000000e+00
6873,12312,SEDSCRS_TPb,0.000000000000e+00
6873,12312,SO_TZn,0.000000000000e+00
6873,12312,IO_TZn,0.000000000000e+00
6873,12312,AO_TZn,0.000000000000e+00
6873,12312,PO_TZn,0.000000000000e+00
6873,12312,SED_TZn,0.000000000000e+00
6873,12312,SEDWSSD_TZn,0.000000000000e+00
6873,12312,SEDSCRS_TZn,0.000000000000e+00
6873,12321,AREA,0.000000000000e+00
6873,12321,PREC,0.000000000000e+00
6873,12321,SURO,0.000000000000e+00
6873,12321,IFWO,0.000000000000e+00
6873,12321,AGWO,0.000000000000e+00
6873,12321,PERO,0.000000000000e+00
6873,12321,TAET,0.000000000000e+00
6873,12321,SEDLOAD,0.000000000000e+00
6873,12321,SEDWSSD, 0.00000e+00
6873,12321,SEDSCRS, 0.00000e+00
6873,12321,SEDSURO, 0.00000e+00
6873,12321,SEDIFWO, 0.00000e+00
6873,12321,SEDAGWO, 0.00000e+00
6873,12321,SO_TN,0.000000000000e+00
6873,12321,IO_TN,0.000000000000e+00
6873,12321,AO_TN,0.000000000000e+00
6873,12321,PO_TN,0.000000000000e+00
6873,12321,SO_TP,0.000000000000e+00
6873,12321,IO_TP,0.000000000000e+00
6873,12321,AO_TP,0.000000000000e+00
6873,12321,PO_TP,0.000000000000e+00
6873,12321,SED_TP,0.000000000000e+00
6873,12321,SEDWSSD_TP,0.000000000000e+00
6873,12321,SEDSCRS_TP,0.000000000000e+00
6873,12321,SO_TCd,0.000000000000e+00
6873,12321,IO_TCd,0.000000000000e+00
6873,12321,AO_TCd,0.000000000000e+00
6873,12321,PO_TCd,0.000000000000e+00
6873,12321,SED_TCd,0.000000000000e+00
6873,12321,SEDWSSD_TCd,0.000000000000e+00
6873,12321,SEDSCRS_TCd,0.000000000000e+00
6873,12321,SO_TCu,0.000000000000e+00
6873,12321,IO_TCu,0.000000000000e+00
6873,12321,AO_TCu,0.000000000000e+00
6873,12321,PO_TCu,0.000000000000e+00
6873,12321,SED_TCu,0.000000000000e+00
6873,12321,SEDWSSD_TCu,0.000000000000e+00
6873,12321,SEDSCRS_TCu,0.000000000000e+00
6873,12321,SO_TPb,0.000000000000e+00
6873,12321,IO_TPb,0.000000000000e+00
6873,12321,AO_TPb,0.000000000000e+00
6873,12321,PO_TPb,0.000000000000e+00
6873,12321,SED_TPb,0.000000000000e+00
6873,12321,SEDWSSD_TPb,0.000000000000e+00
6873,12321,SEDSCRS_TPb,0.000000000000e+00
6873,12321,SO_TZn,0.000000000000e+00
6873,12321,IO_TZn,0.000000000000e+00
6873,12321,AO_TZn,0.000000000000e+00
6873,12321,PO_TZn,0.000000000000e+00
6873,12321,SED_TZn,0.000000000000e+00
6873,12321,SEDWSSD_TZn,0.000000000000e+00
6873,12321,SEDSCRS_TZn,0.000000000000e+00
6873,12322,AREA,0.000000000000e+00
6873,12322,PREC,0.000000000000e+00
6873,12322,SURO,0.000000000000e+00
6873,12322,IFWO,0.000000000000e+00
6873,12322,AGWO,0.000000000000e+00
6873,12322,PERO,0.000000000000e+00
6873,12322,TAET,0.000000000000e+00
6873,12322,SEDLOAD,0.000000000000e+00
6873,12322,SEDWSSD, 0.00000e+00
6873,12322,SEDSCRS, 0.00000e+00
6873,12322,SEDSURO, 0.00000e+00
6873,12322,SEDIFWO, 0.00000e+00
6873,12322,SEDAGWO, 0.00000e+00
6873,12322,SO_TN,0.000000000000e+00
6873,12322,IO_TN,0.000000000000e+00
6873,12322,AO_TN,0.000000000000e+00
6873,12322,PO_TN,0.000000000000e+00
6873,12322,SO_TP,0.000000000000e+00
6873,12322,IO_TP,0.000000000000e+00
6873,12322,AO_TP,0.000000000000e+00
6873,12322,PO_TP,0.000000000000e+00
6873,12322,SED_TP,0.000000000000e+00
6873,12322,SEDWSSD_TP,0.000000000000e+00
6873,12322,SEDSCRS_TP,0.000000000000e+00
6873,12322,SO_TCd,0.000000000000e+00
6873,12322,IO_TCd,0.000000000000e+00
6873,12322,AO_TCd,0.000000000000e+00
6873,12322,PO_TCd,0.000000000000e+00
6873,12322,SED_TCd,0.000000000000e+00
6873,12322,SEDWSSD_TCd,0.000000000000e+00
6873,12322,SEDSCRS_TCd,0.000000000000e+00
6873,12322,SO_TCu,0.000000000000e+00
6873,12322,IO_TCu,0.000000000000e+00
6873,12322,AO_TCu,0.000000000000e+00
6873,12322,PO_TCu,0.000000000000e+00
6873,12322,SED_TCu,0.000000000000e+00
6873,12322,SEDWSSD_TCu,0.000000000000e+00
6873,12322,SEDSCRS_TCu,0.000000000000e+00
6873,12322,SO_TPb,0.000000000000e+00
6873,12322,IO_TPb,0.000000000000e+00
6873,12322,AO_TPb,0.000000000000e+00
6873,12322,PO_TPb,0.000000000000e+00
6873,12322,SED_TPb,0.000000000000e+00
6873,12322,SEDWSSD_TPb,0.000000000000e+00
6873,12322,SEDSCRS_TPb,0.000000000000e+00
6873,12322,SO_TZn,0.000000000000e+00
6873,12322,IO_TZn,0.000000000000e+00
6873,12322,AO_TZn,0.000000000000e+00
6873,12322,PO_TZn,0.000000000000e+00
6873,12322,SED_TZn,0.000000000000e+00
6873,12322,SEDWSSD_TZn,0.000000000000e+00
6873,12322,SEDSCRS_TZn,0.000000000000e+00
6873,12411,AREA,0.000000000000e+00
6873,12411,PREC,0.000000000000e+00
6873,12411,SURO,0.000000000000e+00
6873,12411,IFWO,0.000000000000e+00
6873,12411,AGWO,0.000000000000e+00
6873,12411,PERO,0.000000000000e+00
6873,12411,TAET,0.000000000000e+00
6873,12411,SEDLOAD,0.000000000000e+00
6873,12411,SEDWSSD, 0.00000e+00
6873,12411,SEDSCRS, 0.00000e+00
6873,12411,SEDSURO, 0.00000e+00
6873,12411,SEDIFWO, 0.00000e+00
6873,12411,SEDAGWO, 0.00000e+00
6873,12411,SO_TN,0.000000000000e+00
6873,12411,IO_TN,0.000000000000e+00
6873,12411,AO_TN,0.000000000000e+00
6873,12411,PO_TN,0.000000000000e+00
6873,12411,SO_TP,0.000000000000e+00
6873,12411,IO_TP,0.000000000000e+00
6873,12411,AO_TP,0.000000000000e+00
6873,12411,PO_TP,0.000000000000e+00
6873,12411,SED_TP,0.000000000000e+00
6873,12411,SEDWSSD_TP,0.000000000000e+00
6873,12411,SEDSCRS_TP,0.000000000000e+00
6873,12411,SO_TCd,0.000000000000e+00
6873,12411,IO_TCd,0.000000000000e+00
6873,12411,AO_TCd,0.000000000000e+00
6873,12411,PO_TCd,0.000000000000e+00
6873,12411,SED_TCd,0.000000000000e+00
6873,12411,SEDWSSD_TCd,0.000000000000e+00
6873,12411,SEDSCRS_TCd,0.000000000000e+00
6873,12411,SO_TCu,0.000000000000e+00
6873,12411,IO_TCu,0.000000000000e+00
6873,12411,AO_TCu,0.000000000000e+00
6873,12411,PO_TCu,0.000000000000e+00
6873,12411,SED_TCu,0.000000000000e+00
6873,12411,SEDWSSD_TCu,0.000000000000e+00
6873,12411,SEDSCRS_TCu,0.000000000000e+00
6873,12411,SO_TPb,0.000000000000e+00
6873,12411,IO_TPb,0.000000000000e+00
6873,12411,AO_TPb,0.000000000000e+00
6873,12411,PO_TPb,0.000000000000e+00
6873,12411,SED_TPb,0.000000000000e+00
6873,12411,SEDWSSD_TPb,0.000000000000e+00
6873,12411,SEDSCRS_TPb,0.000000000000e+00
6873,12411,SO_TZn,0.000000000000e+00
6873,12411,IO_TZn,0.000000000000e+00
6873,12411,AO_TZn,0.000000000000e+00
6873,12411,PO_TZn,0.000000000000e+00
6873,12411,SED_TZn,0.000000000000e+00
6873,12411,SEDWSSD_TZn,0.000000000000e+00
6873,12411,SEDSCRS_TZn,0.000000000000e+00
6873,12412,AREA,0.000000000000e+00
6873,12412,PREC,0.000000000000e+00
6873,12412,SURO,0.000000000000e+00
6873,12412,IFWO,0.000000000000e+00
6873,12412,AGWO,0.000000000000e+00
6873,12412,PERO,0.000000000000e+00
6873,12412,TAET,0.000000000000e+00
6873,12412,SEDLOAD,0.000000000000e+00
6873,12412,SEDWSSD, 0.00000e+00
6873,12412,SEDSCRS, 0.00000e+00
6873,12412,SEDSURO, 0.00000e+00
6873,12412,SEDIFWO, 0.00000e+00
6873,12412,SEDAGWO, 0.00000e+00
6873,12412,SO_TN,0.000000000000e+00
6873,12412,IO_TN,0.000000000000e+00
6873,12412,AO_TN,0.000000000000e+00
6873,12412,PO_TN,0.000000000000e+00
6873,12412,SO_TP,0.000000000000e+00
6873,12412,IO_TP,0.000000000000e+00
6873,12412,AO_TP,0.000000000000e+00
6873,12412,PO_TP,0.000000000000e+00
6873,12412,SED_TP,0.000000000000e+00
6873,12412,SEDWSSD_TP,0.000000000000e+00
6873,12412,SEDSCRS_TP,0.000000000000e+00
6873,12412,SO_TCd,0.000000000000e+00
6873,12412,IO_TCd,0.000000000000e+00
6873,12412,AO_TCd,0.000000000000e+00
6873,12412,PO_TCd,0.000000000000e+00
6873,12412,SED_TCd,0.000000000000e+00
6873,12412,SEDWSSD_TCd,0.000000000000e+00
6873,12412,SEDSCRS_TCd,0.000000000000e+00
6873,12412,SO_TCu,0.000000000000e+00
6873,12412,IO_TCu,0.000000000000e+00
6873,12412,AO_TCu,0.000000000000e+00
6873,12412,PO_TCu,0.000000000000e+00
6873,12412,SED_TCu,0.000000000000e+00
6873,12412,SEDWSSD_TCu,0.000000000000e+00
6873,12412,SEDSCRS_TCu,0.000000000000e+00
6873,12412,SO_TPb,0.000000000000e+00
6873,12412,IO_TPb,0.000000000000e+00
6873,12412,AO_TPb,0.000000000000e+00
6873,12412,PO_TPb,0.000000000000e+00
6873,12412,SED_TPb,0.000000000000e+00
6873,12412,SEDWSSD_TPb,0.000000000000e+00
6873,12412,SEDSCRS_TPb,0.000000000000e+00
6873,12412,SO_TZn,0.000000000000e+00
6873,12412,IO_TZn,0.000000000000e+00
6873,12412,AO_TZn,0.000000000000e+00
6873,12412,PO_TZn,0.000000000000e+00
6873,12412,SED_TZn,0.000000000000e+00
6873,12412,SEDWSSD_TZn,0.000000000000e+00
6873,12412,SEDSCRS_TZn,0.000000000000e+00
6873,12421,AREA,0.000000000000e+00
6873,12421,PREC,0.000000000000e+00
6873,12421,SURO,0.000000000000e+00
6873,12421,IFWO,0.000000000000e+00
6873,12421,AGWO,0.000000000000e+00
6873,12421,PERO,0.000000000000e+00
6873,12421,TAET,0.000000000000e+00
6873,12421,SEDLOAD,0.000000000000e+00
6873,12421,SEDWSSD, 0.00000e+00
6873,12421,SEDSCRS, 0.00000e+00
6873,12421,SEDSURO, 0.00000e+00
6873,12421,SEDIFWO, 0.00000e+00
6873,12421,SEDAGWO, 0.00000e+00
6873,12421,SO_TN,0.000000000000e+00
6873,12421,IO_TN,0.000000000000e+00
6873,12421,AO_TN,0.000000000000e+00
6873,12421,PO_TN,0.000000000000e+00
6873,12421,SO_TP,0.000000000000e+00
6873,12421,IO_TP,0.000000000000e+00
6873,12421,AO_TP,0.000000000000e+00
6873,12421,PO_TP,0.000000000000e+00
6873,12421,SED_TP,0.000000000000e+00
6873,12421,SEDWSSD_TP,0.000000000000e+00
6873,12421,SEDSCRS_TP,0.000000000000e+00
6873,12421,SO_TCd,0.000000000000e+00
6873,12421,IO_TCd,0.000000000000e+00
6873,12421,AO_TCd,0.000000000000e+00
6873,12421,PO_TCd,0.000000000000e+00
6873,12421,SED_TCd,0.000000000000e+00
6873,12421,SEDWSSD_TCd,0.000000000000e+00
6873,12421,SEDSCRS_TCd,0.000000000000e+00
6873,12421,SO_TCu,0.000000000000e+00
6873,12421,IO_TCu,0.000000000000e+00
6873,12421,AO_TCu,0.000000000000e+00
6873,12421,PO_TCu,0.000000000000e+00
6873,12421,SED_TCu,0.000000000000e+00
6873,12421,SEDWSSD_TCu,0.000000000000e+00
6873,12421,SEDSCRS_TCu,0.000000000000e+00
6873,12421,SO_TPb,0.000000000000e+00
6873,12421,IO_TPb,0.000000000000e+00
6873,12421,AO_TPb,0.000000000000e+00
6873,12421,PO_TPb,0.000000000000e+00
6873,12421,SED_TPb,0.000000000000e+00
6873,12421,SEDWSSD_TPb,0.000000000000e+00
6873,12421,SEDSCRS_TPb,0.000000000000e+00
6873,12421,SO_TZn,0.000000000000e+00
6873,12421,IO_TZn,0.000000000000e+00
6873,12421,AO_TZn,0.000000000000e+00
6873,12421,PO_TZn,0.000000000000e+00
6873,12421,SED_TZn,0.000000000000e+00
6873,12421,SEDWSSD_TZn,0.000000000000e+00
6873,12421,SEDSCRS_TZn,0.000000000000e+00
6873,12422,AREA,0.000000000000e+00
6873,12422,PREC,0.000000000000e+00
6873,12422,SURO,0.000000000000e+00
6873,12422,IFWO,0.000000000000e+00
6873,12422,AGWO,0.000000000000e+00
6873,12422,PERO,0.000000000000e+00
6873,12422,TAET,0.000000000000e+00
6873,12422,SEDLOAD,0.000000000000e+00
6873,12422,SEDWSSD, 0.00000e+00
6873,12422,SEDSCRS, 0.00000e+00
6873,12422,SEDSURO, 0.00000e+00
6873,12422,SEDIFWO, 0.00000e+00
6873,12422,SEDAGWO, 0.00000e+00
6873,12422,SO_TN,0.000000000000e+00
6873,12422,IO_TN,0.000000000000e+00
6873,12422,AO_TN,0.000000000000e+00
6873,12422,PO_TN,0.000000000000e+00
6873,12422,SO_TP,0.000000000000e+00
6873,12422,IO_TP,0.000000000000e+00
6873,12422,AO_TP,0.000000000000e+00
6873,12422,PO_TP,0.000000000000e+00
6873,12422,SED_TP,0.000000000000e+00
6873,12422,SEDWSSD_TP,0.000000000000e+00
6873,12422,SEDSCRS_TP,0.000000000000e+00
6873,12422,SO_TCd,0.000000000000e+00
6873,12422,IO_TCd,0.000000000000e+00
6873,12422,AO_TCd,0.000000000000e+00
6873,12422,PO_TCd,0.000000000000e+00
6873,12422,SED_TCd,0.000000000000e+00
6873,12422,SEDWSSD_TCd,0.000000000000e+00
6873,12422,SEDSCRS_TCd,0.000000000000e+00
6873,12422,SO_TCu,0.000000000000e+00
6873,12422,IO_TCu,0.000000000000e+00
6873,12422,AO_TCu,0.000000000000e+00
6873,12422,PO_TCu,0.000000000000e+00
6873,12422,SED_TCu,0.000000000000e+00
6873,12422,SEDWSSD_TCu,0.000000000000e+00
6873,12422,SEDSCRS_TCu,0.000000000000e+00
6873,12422,SO_TPb,0.000000000000e+00
6873,12422,IO_TPb,0.000000000000e+00
6873,12422,AO_TPb,0.000000000000e+00
6873,12422,PO_TPb,0.000000000000e+00
6873,12422,SED_TPb,0.000000000000e+00
6873,12422,SEDWSSD_TPb,0.000000000000e+00
6873,12422,SEDSCRS_TPb,0.000000000000e+00
6873,12422,SO_TZn,0.000000000000e+00
6873,12422,IO_TZn,0.000000000000e+00
6873,12422,AO_TZn,0.000000000000e+00
6873,12422,PO_TZn,0.000000000000e+00
6873,12422,SED_TZn,0.000000000000e+00
6873,12422,SEDWSSD_TZn,0.000000000000e+00
6873,12422,SEDSCRS_TZn,0.000000000000e+00
6873,13111,AREA,0.000000000000e+00
6873,13111,PREC,0.000000000000e+00
6873,13111,SURO,0.000000000000e+00
6873,13111,IFWO,0.000000000000e+00
6873,13111,AGWO,0.000000000000e+00
6873,13111,PERO,0.000000000000e+00
6873,13111,TAET,0.000000000000e+00
6873,13111,SEDLOAD,0.000000000000e+00
6873,13111,SEDWSSD, 0.00000e+00
6873,13111,SEDSCRS, 0.00000e+00
6873,13111,SEDSURO, 0.00000e+00
6873,13111,SEDIFWO, 0.00000e+00
6873,13111,SEDAGWO, 0.00000e+00
6873,13111,SO_TN,0.000000000000e+00
6873,13111,IO_TN,0.000000000000e+00
6873,13111,AO_TN,0.000000000000e+00
6873,13111,PO_TN,0.000000000000e+00
6873,13111,SO_TP,0.000000000000e+00
6873,13111,IO_TP,0.000000000000e+00
6873,13111,AO_TP,0.000000000000e+00
6873,13111,PO_TP,0.000000000000e+00
6873,13111,SED_TP,0.000000000000e+00
6873,13111,SEDWSSD_TP,0.000000000000e+00
6873,13111,SEDSCRS_TP,0.000000000000e+00
6873,13111,SO_TCd,0.000000000000e+00
6873,13111,IO_TCd,0.000000000000e+00
6873,13111,AO_TCd,0.000000000000e+00
6873,13111,PO_TCd,0.000000000000e+00
6873,13111,SED_TCd,0.000000000000e+00
6873,13111,SEDWSSD_TCd,0.000000000000e+00
6873,13111,SEDSCRS_TCd,0.000000000000e+00
6873,13111,SO_TCu,0.000000000000e+00
6873,13111,IO_TCu,0.000000000000e+00
6873,13111,AO_TCu,0.000000000000e+00
6873,13111,PO_TCu,0.000000000000e+00
6873,13111,SED_TCu,0.000000000000e+00
6873,13111,SEDWSSD_TCu,0.000000000000e+00
6873,13111,SEDSCRS_TCu,0.000000000000e+00
6873,13111,SO_TPb,0.000000000000e+00
6873,13111,IO_TPb,0.000000000000e+00
6873,13111,AO_TPb,0.000000000000e+00
6873,13111,PO_TPb,0.000000000000e+00
6873,13111,SED_TPb,0.000000000000e+00
6873,13111,SEDWSSD_TPb,0.000000000000e+00
6873,13111,SEDSCRS_TPb,0.000000000000e+00
6873,13111,SO_TZn,0.000000000000e+00
6873,13111,IO_TZn,0.000000000000e+00
6873,13111,AO_TZn,0.000000000000e+00
6873,13111,PO_TZn,0.000000000000e+00
6873,13111,SED_TZn,0.000000000000e+00
6873,13111,SEDWSSD_TZn,0.000000000000e+00
6873,13111,SEDSCRS_TZn,0.000000000000e+00
6873,13112,AREA,0.000000000000e+00
6873,13112,PREC,0.000000000000e+00
6873,13112,SURO,0.000000000000e+00
6873,13112,IFWO,0.000000000000e+00
6873,13112,AGWO,0.000000000000e+00
6873,13112,PERO,0.000000000000e+00
6873,13112,TAET,0.000000000000e+00
6873,13112,SEDLOAD,0.000000000000e+00
6873,13112,SEDWSSD, 0.00000e+00
6873,13112,SEDSCRS, 0.00000e+00
6873,13112,SEDSURO, 0.00000e+00
6873,13112,SEDIFWO, 0.00000e+00
6873,13112,SEDAGWO, 0.00000e+00
6873,13112,SO_TN,0.000000000000e+00
6873,13112,IO_TN,0.000000000000e+00
6873,13112,AO_TN,0.000000000000e+00
6873,13112,PO_TN,0.000000000000e+00
6873,13112,SO_TP,0.000000000000e+00
6873,13112,IO_TP,0.000000000000e+00
6873,13112,AO_TP,0.000000000000e+00
6873,13112,PO_TP,0.000000000000e+00
6873,13112,SED_TP,0.000000000000e+00
6873,13112,SEDWSSD_TP,0.000000000000e+00
6873,13112,SEDSCRS_TP,0.000000000000e+00
6873,13112,SO_TCd,0.000000000000e+00
6873,13112,IO_TCd,0.000000000000e+00
6873,13112,AO_TCd,0.000000000000e+00
6873,13112,PO_TCd,0.000000000000e+00
6873,13112,SED_TCd,0.000000000000e+00
6873,13112,SEDWSSD_TCd,0.000000000000e+00
6873,13112,SEDSCRS_TCd,0.000000000000e+00
6873,13112,SO_TCu,0.000000000000e+00
6873,13112,IO_TCu,0.000000000000e+00
6873,13112,AO_TCu,0.000000000000e+00
6873,13112,PO_TCu,0.000000000000e+00
6873,13112,SED_TCu,0.000000000000e+00
6873,13112,SEDWSSD_TCu,0.000000000000e+00
6873,13112,SEDSCRS_TCu,0.000000000000e+00
6873,13112,SO_TPb,0.000000000000e+00
6873,13112,IO_TPb,0.000000000000e+00
6873,13112,AO_TPb,0.000000000000e+00
6873,13112,PO_TPb,0.000000000000e+00
6873,13112,SED_TPb,0.000000000000e+00
6873,13112,SEDWSSD_TPb,0.000000000000e+00
6873,13112,SEDSCRS_TPb,0.000000000000e+00
6873,13112,SO_TZn,0.000000000000e+00
6873,13112,IO_TZn,0.000000000000e+00
6873,13112,AO_TZn,0.000000000000e+00
6873,13112,PO_TZn,0.000000000000e+00
6873,13112,SED_TZn,0.000000000000e+00
6873,13112,SEDWSSD_TZn,0.000000000000e+00
6873,13112,SEDSCRS_TZn,0.000000000000e+00
6873,13121,AREA,0.000000000000e+00
6873,13121,PREC,0.000000000000e+00
6873,13121,SURO,0.000000000000e+00
6873,13121,IFWO,0.000000000000e+00
6873,13121,AGWO,0.000000000000e+00
6873,13121,PERO,0.000000000000e+00
6873,13121,TAET,0.000000000000e+00
6873,13121,SEDLOAD,0.000000000000e+00
6873,13121,SEDWSSD, 0.00000e+00
6873,13121,SEDSCRS, 0.00000e+00
6873,13121,SEDSURO, 0.00000e+00
6873,13121,SEDIFWO, 0.00000e+00
6873,13121,SEDAGWO, 0.00000e+00
6873,13121,SO_TN,0.000000000000e+00
6873,13121,IO_TN,0.000000000000e+00
6873,13121,AO_TN,0.000000000000e+00
6873,13121,PO_TN,0.000000000000e+00
6873,13121,SO_TP,0.000000000000e+00
6873,13121,IO_TP,0.000000000000e+00
6873,13121,AO_TP,0.000000000000e+00
6873,13121,PO_TP,0.000000000000e+00
6873,13121,SED_TP,0.000000000000e+00
6873,13121,SEDWSSD_TP,0.000000000000e+00
6873,13121,SEDSCRS_TP,0.000000000000e+00
6873,13121,SO_TCd,0.000000000000e+00
6873,13121,IO_TCd,0.000000000000e+00
6873,13121,AO_TCd,0.000000000000e+00
6873,13121,PO_TCd,0.000000000000e+00
6873,13121,SED_TCd,0.000000000000e+00
6873,13121,SEDWSSD_TCd,0.000000000000e+00
6873,13121,SEDSCRS_TCd,0.000000000000e+00
6873,13121,SO_TCu,0.000000000000e+00
6873,13121,IO_TCu,0.000000000000e+00
6873,13121,AO_TCu,0.000000000000e+00
6873,13121,PO_TCu,0.000000000000e+00
6873,13121,SED_TCu,0.000000000000e+00
6873,13121,SEDWSSD_TCu,0.000000000000e+00
6873,13121,SEDSCRS_TCu,0.000000000000e+00
6873,13121,SO_TPb,0.000000000000e+00
6873,13121,IO_TPb,0.000000000000e+00
6873,13121,AO_TPb,0.000000000000e+00
6873,13121,PO_TPb,0.000000000000e+00
6873,13121,SED_TPb,0.000000000000e+00
6873,13121,SEDWSSD_TPb,0.000000000000e+00
6873,13121,SEDSCRS_TPb,0.000000000000e+00
6873,13121,SO_TZn,0.000000000000e+00
6873,13121,IO_TZn,0.000000000000e+00
6873,13121,AO_TZn,0.000000000000e+00
6873,13121,PO_TZn,0.000000000000e+00
6873,13121,SED_TZn,0.000000000000e+00
6873,13121,SEDWSSD_TZn,0.000000000000e+00
6873,13121,SEDSCRS_TZn,0.000000000000e+00
6873,13122,AREA,0.000000000000e+00
6873,13122,PREC,0.000000000000e+00
6873,13122,SURO,0.000000000000e+00
6873,13122,IFWO,0.000000000000e+00
6873,13122,AGWO,0.000000000000e+00
6873,13122,PERO,0.000000000000e+00
6873,13122,TAET,0.000000000000e+00
6873,13122,SEDLOAD,0.000000000000e+00
6873,13122,SEDWSSD, 0.00000e+00
6873,13122,SEDSCRS, 0.00000e+00
6873,13122,SEDSURO, 0.00000e+00
6873,13122,SEDIFWO, 0.00000e+00
6873,13122,SEDAGWO, 0.00000e+00
6873,13122,SO_TN,0.000000000000e+00
6873,13122,IO_TN,0.000000000000e+00
6873,13122,AO_TN,0.000000000000e+00
6873,13122,PO_TN,0.000000000000e+00
6873,13122,SO_TP,0.000000000000e+00
6873,13122,IO_TP,0.000000000000e+00
6873,13122,AO_TP,0.000000000000e+00
6873,13122,PO_TP,0.000000000000e+00
6873,13122,SED_TP,0.000000000000e+00
6873,13122,SEDWSSD_TP,0.000000000000e+00
6873,13122,SEDSCRS_TP,0.000000000000e+00
6873,13122,SO_TCd,0.000000000000e+00
6873,13122,IO_TCd,0.000000000000e+00
6873,13122,AO_TCd,0.000000000000e+00
6873,13122,PO_TCd,0.000000000000e+00
6873,13122,SED_TCd,0.000000000000e+00
6873,13122,SEDWSSD_TCd,0.000000000000e+00
6873,13122,SEDSCRS_TCd,0.000000000000e+00
6873,13122,SO_TCu,0.000000000000e+00
6873,13122,IO_TCu,0.000000000000e+00
6873,13122,AO_TCu,0.000000000000e+00
6873,13122,PO_TCu,0.000000000000e+00
6873,13122,SED_TCu,0.000000000000e+00
6873,13122,SEDWSSD_TCu,0.000000000000e+00
6873,13122,SEDSCRS_TCu,0.000000000000e+00
6873,13122,SO_TPb,0.000000000000e+00
6873,13122,IO_TPb,0.000000000000e+00
6873,13122,AO_TPb,0.000000000000e+00
6873,13122,PO_TPb,0.000000000000e+00
6873,13122,SED_TPb,0.000000000000e+00
6873,13122,SEDWSSD_TPb,0.000000000000e+00
6873,13122,SEDSCRS_TPb,0.000000000000e+00
6873,13122,SO_TZn,0.000000000000e+00
6873,13122,IO_TZn,0.000000000000e+00
6873,13122,AO_TZn,0.000000000000e+00
6873,13122,PO_TZn,0.000000000000e+00
6873,13122,SED_TZn,0.000000000000e+00
6873,13122,SEDWSSD_TZn,0.000000000000e+00
6873,13122,SEDSCRS_TZn,0.000000000000e+00
6873,13211,AREA,0.000000000000e+00
6873,13211,PREC,0.000000000000e+00
6873,13211,SURO,0.000000000000e+00
6873,13211,IFWO,0.000000000000e+00
6873,13211,AGWO,0.000000000000e+00
6873,13211,PERO,0.000000000000e+00
6873,13211,TAET,0.000000000000e+00
6873,13211,SEDLOAD,0.000000000000e+00
6873,13211,SEDWSSD, 0.00000e+00
6873,13211,SEDSCRS, 0.00000e+00
6873,13211,SEDSURO, 0.00000e+00
6873,13211,SEDIFWO, 0.00000e+00
6873,13211,SEDAGWO, 0.00000e+00
6873,13211,SO_TN,0.000000000000e+00
6873,13211,IO_TN,0.000000000000e+00
6873,13211,AO_TN,0.000000000000e+00
6873,13211,PO_TN,0.000000000000e+00
6873,13211,SO_TP,0.000000000000e+00
6873,13211,IO_TP,0.000000000000e+00
6873,13211,AO_TP,0.000000000000e+00
6873,13211,PO_TP,0.000000000000e+00
6873,13211,SED_TP,0.000000000000e+00
6873,13211,SEDWSSD_TP,0.000000000000e+00
6873,13211,SEDSCRS_TP,0.000000000000e+00
6873,13211,SO_TCd,0.000000000000e+00
6873,13211,IO_TCd,0.000000000000e+00
6873,13211,AO_TCd,0.000000000000e+00
6873,13211,PO_TCd,0.000000000000e+00
6873,13211,SED_TCd,0.000000000000e+00
6873,13211,SEDWSSD_TCd,0.000000000000e+00
6873,13211,SEDSCRS_TCd,0.000000000000e+00
6873,13211,SO_TCu,0.000000000000e+00
6873,13211,IO_TCu,0.000000000000e+00
6873,13211,AO_TCu,0.000000000000e+00
6873,13211,PO_TCu,0.000000000000e+00
6873,13211,SED_TCu,0.000000000000e+00
6873,13211,SEDWSSD_TCu,0.000000000000e+00
6873,13211,SEDSCRS_TCu,0.000000000000e+00
6873,13211,SO_TPb,0.000000000000e+00
6873,13211,IO_TPb,0.000000000000e+00
6873,13211,AO_TPb,0.000000000000e+00
6873,13211,PO_TPb,0.000000000000e+00
6873,13211,SED_TPb,0.000000000000e+00
6873,13211,SEDWSSD_TPb,0.000000000000e+00
6873,13211,SEDSCRS_TPb,0.000000000000e+00
6873,13211,SO_TZn,0.000000000000e+00
6873,13211,IO_TZn,0.000000000000e+00
6873,13211,AO_TZn,0.000000000000e+00
6873,13211,PO_TZn,0.000000000000e+00
6873,13211,SED_TZn,0.000000000000e+00
6873,13211,SEDWSSD_TZn,0.000000000000e+00
6873,13211,SEDSCRS_TZn,0.000000000000e+00
6873,13212,AREA,0.000000000000e+00
6873,13212,PREC,0.000000000000e+00
6873,13212,SURO,0.000000000000e+00
6873,13212,IFWO,0.000000000000e+00
6873,13212,AGWO,0.000000000000e+00
6873,13212,PERO,0.000000000000e+00
6873,13212,TAET,0.000000000000e+00
6873,13212,SEDLOAD,0.000000000000e+00
6873,13212,SEDWSSD, 0.00000e+00
6873,13212,SEDSCRS, 0.00000e+00
6873,13212,SEDSURO, 0.00000e+00
6873,13212,SEDIFWO, 0.00000e+00
6873,13212,SEDAGWO, 0.00000e+00
6873,13212,SO_TN,0.000000000000e+00
6873,13212,IO_TN,0.000000000000e+00
6873,13212,AO_TN,0.000000000000e+00
6873,13212,PO_TN,0.000000000000e+00
6873,13212,SO_TP,0.000000000000e+00
6873,13212,IO_TP,0.000000000000e+00
6873,13212,AO_TP,0.000000000000e+00
6873,13212,PO_TP,0.000000000000e+00
6873,13212,SED_TP,0.000000000000e+00
6873,13212,SEDWSSD_TP,0.000000000000e+00
6873,13212,SEDSCRS_TP,0.000000000000e+00
6873,13212,SO_TCd,0.000000000000e+00
6873,13212,IO_TCd,0.000000000000e+00
6873,13212,AO_TCd,0.000000000000e+00
6873,13212,PO_TCd,0.000000000000e+00
6873,13212,SED_TCd,0.000000000000e+00
6873,13212,SEDWSSD_TCd,0.000000000000e+00
6873,13212,SEDSCRS_TCd,0.000000000000e+00
6873,13212,SO_TCu,0.000000000000e+00
6873,13212,IO_TCu,0.000000000000e+00
6873,13212,AO_TCu,0.000000000000e+00
6873,13212,PO_TCu,0.000000000000e+00
6873,13212,SED_TCu,0.000000000000e+00
6873,13212,SEDWSSD_TCu,0.000000000000e+00
6873,13212,SEDSCRS_TCu,0.000000000000e+00
6873,13212,SO_TPb,0.000000000000e+00
6873,13212,IO_TPb,0.000000000000e+00
6873,13212,AO_TPb,0.000000000000e+00
6873,13212,PO_TPb,0.000000000000e+00
6873,13212,SED_TPb,0.000000000000e+00
6873,13212,SEDWSSD_TPb,0.000000000000e+00
6873,13212,SEDSCRS_TPb,0.000000000000e+00
6873,13212,SO_TZn,0.000000000000e+00
6873,13212,IO_TZn,0.000000000000e+00
6873,13212,AO_TZn,0.000000000000e+00
6873,13212,PO_TZn,0.000000000000e+00
6873,13212,SED_TZn,0.000000000000e+00
6873,13212,SEDWSSD_TZn,0.000000000000e+00
6873,13212,SEDSCRS_TZn,0.000000000000e+00
6873,13221,AREA,0.000000000000e+00
6873,13221,PREC,0.000000000000e+00
6873,13221,SURO,0.000000000000e+00
6873,13221,IFWO,0.000000000000e+00
6873,13221,AGWO,0.000000000000e+00
6873,13221,PERO,0.000000000000e+00
6873,13221,TAET,0.000000000000e+00
6873,13221,SEDLOAD,0.000000000000e+00
6873,13221,SEDWSSD, 0.00000e+00
6873,13221,SEDSCRS, 0.00000e+00
6873,13221,SEDSURO, 0.00000e+00
6873,13221,SEDIFWO, 0.00000e+00
6873,13221,SEDAGWO, 0.00000e+00
6873,13221,SO_TN,0.000000000000e+00
6873,13221,IO_TN,0.000000000000e+00
6873,13221,AO_TN,0.000000000000e+00
6873,13221,PO_TN,0.000000000000e+00
6873,13221,SO_TP,0.000000000000e+00
6873,13221,IO_TP,0.000000000000e+00
6873,13221,AO_TP,0.000000000000e+00
6873,13221,PO_TP,0.000000000000e+00
6873,13221,SED_TP,0.000000000000e+00
6873,13221,SEDWSSD_TP,0.000000000000e+00
6873,13221,SEDSCRS_TP,0.000000000000e+00
6873,13221,SO_TCd,0.000000000000e+00
6873,13221,IO_TCd,0.000000000000e+00
6873,13221,AO_TCd,0.000000000000e+00
6873,13221,PO_TCd,0.000000000000e+00
6873,13221,SED_TCd,0.000000000000e+00
6873,13221,SEDWSSD_TCd,0.000000000000e+00
6873,13221,SEDSCRS_TCd,0.000000000000e+00
6873,13221,SO_TCu,0.000000000000e+00
6873,13221,IO_TCu,0.000000000000e+00
6873,13221,AO_TCu,0.000000000000e+00
6873,13221,PO_TCu,0.000000000000e+00
6873,13221,SED_TCu,0.000000000000e+00
6873,13221,SEDWSSD_TCu,0.000000000000e+00
6873,13221,SEDSCRS_TCu,0.000000000000e+00
6873,13221,SO_TPb,0.000000000000e+00
6873,13221,IO_TPb,0.000000000000e+00
6873,13221,AO_TPb,0.000000000000e+00
6873,13221,PO_TPb,0.000000000000e+00
6873,13221,SED_TPb,0.000000000000e+00
6873,13221,SEDWSSD_TPb,0.000000000000e+00
6873,13221,SEDSCRS_TPb,0.000000000000e+00
6873,13221,SO_TZn,0.000000000000e+00
6873,13221,IO_TZn,0.000000000000e+00
6873,13221,AO_TZn,0.000000000000e+00
6873,13221,PO_TZn,0.000000000000e+00
6873,13221,SED_TZn,0.000000000000e+00
6873,13221,SEDWSSD_TZn,0.000000000000e+00
6873,13221,SEDSCRS_TZn,0.000000000000e+00
6873,13222,AREA,0.000000000000e+00
6873,13222,PREC,0.000000000000e+00
6873,13222,SURO,0.000000000000e+00
6873,13222,IFWO,0.000000000000e+00
6873,13222,AGWO,0.000000000000e+00
6873,13222,PERO,0.000000000000e+00
6873,13222,TAET,0.000000000000e+00
6873,13222,SEDLOAD,0.000000000000e+00
6873,13222,SEDWSSD, 0.00000e+00
6873,13222,SEDSCRS, 0.00000e+00
6873,13222,SEDSURO, 0.00000e+00
6873,13222,SEDIFWO, 0.00000e+00
6873,13222,SEDAGWO, 0.00000e+00
6873,13222,SO_TN,0.000000000000e+00
6873,13222,IO_TN,0.000000000000e+00
6873,13222,AO_TN,0.000000000000e+00
6873,13222,PO_TN,0.000000000000e+00
6873,13222,SO_TP,0.000000000000e+00
6873,13222,IO_TP,0.000000000000e+00
6873,13222,AO_TP,0.000000000000e+00
6873,13222,PO_TP,0.000000000000e+00
6873,13222,SED_TP,0.000000000000e+00
6873,13222,SEDWSSD_TP,0.000000000000e+00
6873,13222,SEDSCRS_TP,0.000000000000e+00
6873,13222,SO_TCd,0.000000000000e+00
6873,13222,IO_TCd,0.000000000000e+00
6873,13222,AO_TCd,0.000000000000e+00
6873,13222,PO_TCd,0.000000000000e+00
6873,13222,SED_TCd,0.000000000000e+00
6873,13222,SEDWSSD_TCd,0.000000000000e+00
6873,13222,SEDSCRS_TCd,0.000000000000e+00
6873,13222,SO_TCu,0.000000000000e+00
6873,13222,IO_TCu,0.000000000000e+00
6873,13222,AO_TCu,0.000000000000e+00
6873,13222,PO_TCu,0.000000000000e+00
6873,13222,SED_TCu,0.000000000000e+00
6873,13222,SEDWSSD_TCu,0.000000000000e+00
6873,13222,SEDSCRS_TCu,0.000000000000e+00
6873,13222,SO_TPb,0.000000000000e+00
6873,13222,IO_TPb,0.000000000000e+00
6873,13222,AO_TPb,0.000000000000e+00
6873,13222,PO_TPb,0.000000000000e+00
6873,13222,SED_TPb,0.000000000000e+00
6873,13222,SEDWSSD_TPb,0.000000000000e+00
6873,13222,SEDSCRS_TPb,0.000000000000e+00
6873,13222,SO_TZn,0.000000000000e+00
6873,13222,IO_TZn,0.000000000000e+00
6873,13222,AO_TZn,0.000000000000e+00
6873,13222,PO_TZn,0.000000000000e+00
6873,13222,SED_TZn,0.000000000000e+00
6873,13222,SEDWSSD_TZn,0.000000000000e+00
6873,13222,SEDSCRS_TZn,0.000000000000e+00
6873,13231,AREA,0.000000000000e+00
6873,13231,PREC,0.000000000000e+00
6873,13231,SURO,0.000000000000e+00
6873,13231,IFWO,0.000000000000e+00
6873,13231,AGWO,0.000000000000e+00
6873,13231,PERO,0.000000000000e+00
6873,13231,TAET,0.000000000000e+00
6873,13231,SEDLOAD,0.000000000000e+00
6873,13231,SEDWSSD, 0.00000e+00
6873,13231,SEDSCRS, 0.00000e+00
6873,13231,SEDSURO, 0.00000e+00
6873,13231,SEDIFWO, 0.00000e+00
6873,13231,SEDAGWO, 0.00000e+00
6873,13231,SO_TN,0.000000000000e+00
6873,13231,IO_TN,0.000000000000e+00
6873,13231,AO_TN,0.000000000000e+00
6873,13231,PO_TN,0.000000000000e+00
6873,13231,SO_TP,0.000000000000e+00
6873,13231,IO_TP,0.000000000000e+00
6873,13231,AO_TP,0.000000000000e+00
6873,13231,PO_TP,0.000000000000e+00
6873,13231,SED_TP,0.000000000000e+00
6873,13231,SEDWSSD_TP,0.000000000000e+00
6873,13231,SEDSCRS_TP,0.000000000000e+00
6873,13231,SO_TCd,0.000000000000e+00
6873,13231,IO_TCd,0.000000000000e+00
6873,13231,AO_TCd,0.000000000000e+00
6873,13231,PO_TCd,0.000000000000e+00
6873,13231,SED_TCd,0.000000000000e+00
6873,13231,SEDWSSD_TCd,0.000000000000e+00
6873,13231,SEDSCRS_TCd,0.000000000000e+00
6873,13231,SO_TCu,0.000000000000e+00
6873,13231,IO_TCu,0.000000000000e+00
6873,13231,AO_TCu,0.000000000000e+00
6873,13231,PO_TCu,0.000000000000e+00
6873,13231,SED_TCu,0.000000000000e+00
6873,13231,SEDWSSD_TCu,0.000000000000e+00
6873,13231,SEDSCRS_TCu,0.000000000000e+00
6873,13231,SO_TPb,0.000000000000e+00
6873,13231,IO_TPb,0.000000000000e+00
6873,13231,AO_TPb,0.000000000000e+00
6873,13231,PO_TPb,0.000000000000e+00
6873,13231,SED_TPb,0.000000000000e+00
6873,13231,SEDWSSD_TPb,0.000000000000e+00
6873,13231,SEDSCRS_TPb,0.000000000000e+00
6873,13231,SO_TZn,0.000000000000e+00
6873,13231,IO_TZn,0.000000000000e+00
6873,13231,AO_TZn,0.000000000000e+00
6873,13231,PO_TZn,0.000000000000e+00
6873,13231,SED_TZn,0.000000000000e+00
6873,13231,SEDWSSD_TZn,0.000000000000e+00
6873,13231,SEDSCRS_TZn,0.000000000000e+00
6873,13232,AREA,0.000000000000e+00
6873,13232,PREC,0.000000000000e+00
6873,13232,SURO,0.000000000000e+00
6873,13232,IFWO,0.000000000000e+00
6873,13232,AGWO,0.000000000000e+00
6873,13232,PERO,0.000000000000e+00
6873,13232,TAET,0.000000000000e+00
6873,13232,SEDLOAD,0.000000000000e+00
6873,13232,SEDWSSD, 0.00000e+00
6873,13232,SEDSCRS, 0.00000e+00
6873,13232,SEDSURO, 0.00000e+00
6873,13232,SEDIFWO, 0.00000e+00
6873,13232,SEDAGWO, 0.00000e+00
6873,13232,SO_TN,0.000000000000e+00
6873,13232,IO_TN,0.000000000000e+00
6873,13232,AO_TN,0.000000000000e+00
6873,13232,PO_TN,0.000000000000e+00
6873,13232,SO_TP,0.000000000000e+00
6873,13232,IO_TP,0.000000000000e+00
6873,13232,AO_TP,0.000000000000e+00
6873,13232,PO_TP,0.000000000000e+00
6873,13232,SED_TP,0.000000000000e+00
6873,13232,SEDWSSD_TP,0.000000000000e+00
6873,13232,SEDSCRS_TP,0.000000000000e+00
6873,13232,SO_TCd,0.000000000000e+00
6873,13232,IO_TCd,0.000000000000e+00
6873,13232,AO_TCd,0.000000000000e+00
6873,13232,PO_TCd,0.000000000000e+00
6873,13232,SED_TCd,0.000000000000e+00
6873,13232,SEDWSSD_TCd,0.000000000000e+00
6873,13232,SEDSCRS_TCd,0.000000000000e+00
6873,13232,SO_TCu,0.000000000000e+00
6873,13232,IO_TCu,0.000000000000e+00
6873,13232,AO_TCu,0.000000000000e+00
6873,13232,PO_TCu,0.000000000000e+00
6873,13232,SED_TCu,0.000000000000e+00
6873,13232,SEDWSSD_TCu,0.000000000000e+00
6873,13232,SEDSCRS_TCu,0.000000000000e+00
6873,13232,SO_TPb,0.000000000000e+00
6873,13232,IO_TPb,0.000000000000e+00
6873,13232,AO_TPb,0.000000000000e+00
6873,13232,PO_TPb,0.000000000000e+00
6873,13232,SED_TPb,0.000000000000e+00
6873,13232,SEDWSSD_TPb,0.000000000000e+00
6873,13232,SEDSCRS_TPb,0.000000000000e+00
6873,13232,SO_TZn,0.000000000000e+00
6873,13232,IO_TZn,0.000000000000e+00
6873,13232,AO_TZn,0.000000000000e+00
6873,13232,PO_TZn,0.000000000000e+00
6873,13232,SED_TZn,0.000000000000e+00
6873,13232,SEDWSSD_TZn,0.000000000000e+00
6873,13232,SEDSCRS_TZn,0.000000000000e+00
6873,13311,AREA,0.000000000000e+00
6873,13311,PREC,0.000000000000e+00
6873,13311,SURO,0.000000000000e+00
6873,13311,IFWO,0.000000000000e+00
6873,13311,AGWO,0.000000000000e+00
6873,13311,PERO,0.000000000000e+00
6873,13311,TAET,0.000000000000e+00
6873,13311,SEDLOAD,0.000000000000e+00
6873,13311,SEDWSSD, 0.00000e+00
6873,13311,SEDSCRS, 0.00000e+00
6873,13311,SEDSURO, 0.00000e+00
6873,13311,SEDIFWO, 0.00000e+00
6873,13311,SEDAGWO, 0.00000e+00
6873,13311,SO_TN,0.000000000000e+00
6873,13311,IO_TN,0.000000000000e+00
6873,13311,AO_TN,0.000000000000e+00
6873,13311,PO_TN,0.000000000000e+00
6873,13311,SO_TP,0.000000000000e+00
6873,13311,IO_TP,0.000000000000e+00
6873,13311,AO_TP,0.000000000000e+00
6873,13311,PO_TP,0.000000000000e+00
6873,13311,SED_TP,0.000000000000e+00
6873,13311,SEDWSSD_TP,0.000000000000e+00
6873,13311,SEDSCRS_TP,0.000000000000e+00
6873,13311,SO_TCd,0.000000000000e+00
6873,13311,IO_TCd,0.000000000000e+00
6873,13311,AO_TCd,0.000000000000e+00
6873,13311,PO_TCd,0.000000000000e+00
6873,13311,SED_TCd,0.000000000000e+00
6873,13311,SEDWSSD_TCd,0.000000000000e+00
6873,13311,SEDSCRS_TCd,0.000000000000e+00
6873,13311,SO_TCu,0.000000000000e+00
6873,13311,IO_TCu,0.000000000000e+00
6873,13311,AO_TCu,0.000000000000e+00
6873,13311,PO_TCu,0.000000000000e+00
6873,13311,SED_TCu,0.000000000000e+00
6873,13311,SEDWSSD_TCu,0.000000000000e+00
6873,13311,SEDSCRS_TCu,0.000000000000e+00
6873,13311,SO_TPb,0.000000000000e+00
6873,13311,IO_TPb,0.000000000000e+00
6873,13311,AO_TPb,0.000000000000e+00
6873,13311,PO_TPb,0.000000000000e+00
6873,13311,SED_TPb,0.000000000000e+00
6873,13311,SEDWSSD_TPb,0.000000000000e+00
6873,13311,SEDSCRS_TPb,0.000000000000e+00
6873,13311,SO_TZn,0.000000000000e+00
6873,13311,IO_TZn,0.000000000000e+00
6873,13311,AO_TZn,0.000000000000e+00
6873,13311,PO_TZn,0.000000000000e+00
6873,13311,SED_TZn,0.000000000000e+00
6873,13311,SEDWSSD_TZn,0.000000000000e+00
6873,13311,SEDSCRS_TZn,0.000000000000e+00
6873,13312,AREA,0.000000000000e+00
6873,13312,PREC,0.000000000000e+00
6873,13312,SURO,0.000000000000e+00
6873,13312,IFWO,0.000000000000e+00
6873,13312,AGWO,0.000000000000e+00
6873,13312,PERO,0.000000000000e+00
6873,13312,TAET,0.000000000000e+00
6873,13312,SEDLOAD,0.000000000000e+00
6873,13312,SEDWSSD, 0.00000e+00
6873,13312,SEDSCRS, 0.00000e+00
6873,13312,SEDSURO, 0.00000e+00
6873,13312,SEDIFWO, 0.00000e+00
6873,13312,SEDAGWO, 0.00000e+00
6873,13312,SO_TN,0.000000000000e+00
6873,13312,IO_TN,0.000000000000e+00
6873,13312,AO_TN,0.000000000000e+00
6873,13312,PO_TN,0.000000000000e+00
6873,13312,SO_TP,0.000000000000e+00
6873,13312,IO_TP,0.000000000000e+00
6873,13312,AO_TP,0.000000000000e+00
6873,13312,PO_TP,0.000000000000e+00
6873,13312,SED_TP,0.000000000000e+00
6873,13312,SEDWSSD_TP,0.000000000000e+00
6873,13312,SEDSCRS_TP,0.000000000000e+00
6873,13312,SO_TCd,0.000000000000e+00
6873,13312,IO_TCd,0.000000000000e+00
6873,13312,AO_TCd,0.000000000000e+00
6873,13312,PO_TCd,0.000000000000e+00
6873,13312,SED_TCd,0.000000000000e+00
6873,13312,SEDWSSD_TCd,0.000000000000e+00
6873,13312,SEDSCRS_TCd,0.000000000000e+00
6873,13312,SO_TCu,0.000000000000e+00
6873,13312,IO_TCu,0.000000000000e+00
6873,13312,AO_TCu,0.000000000000e+00
6873,13312,PO_TCu,0.000000000000e+00
6873,13312,SED_TCu,0.000000000000e+00
6873,13312,SEDWSSD_TCu,0.000000000000e+00
6873,13312,SEDSCRS_TCu,0.000000000000e+00
6873,13312,SO_TPb,0.000000000000e+00
6873,13312,IO_TPb,0.000000000000e+00
6873,13312,AO_TPb,0.000000000000e+00
6873,13312,PO_TPb,0.000000000000e+00
6873,13312,SED_TPb,0.000000000000e+00
6873,13312,SEDWSSD_TPb,0.000000000000e+00
6873,13312,SEDSCRS_TPb,0.000000000000e+00
6873,13312,SO_TZn,0.000000000000e+00
6873,13312,IO_TZn,0.000000000000e+00
6873,13312,AO_TZn,0.000000000000e+00
6873,13312,PO_TZn,0.000000000000e+00
6873,13312,SED_TZn,0.000000000000e+00
6873,13312,SEDWSSD_TZn,0.000000000000e+00
6873,13312,SEDSCRS_TZn,0.000000000000e+00
6873,13321,AREA,0.000000000000e+00
6873,13321,PREC,0.000000000000e+00
6873,13321,SURO,0.000000000000e+00
6873,13321,IFWO,0.000000000000e+00
6873,13321,AGWO,0.000000000000e+00
6873,13321,PERO,0.000000000000e+00
6873,13321,TAET,0.000000000000e+00
6873,13321,SEDLOAD,0.000000000000e+00
6873,13321,SEDWSSD, 0.00000e+00
6873,13321,SEDSCRS, 0.00000e+00
6873,13321,SEDSURO, 0.00000e+00
6873,13321,SEDIFWO, 0.00000e+00
6873,13321,SEDAGWO, 0.00000e+00
6873,13321,SO_TN,0.000000000000e+00
6873,13321,IO_TN,0.000000000000e+00
6873,13321,AO_TN,0.000000000000e+00
6873,13321,PO_TN,0.000000000000e+00
6873,13321,SO_TP,0.000000000000e+00
6873,13321,IO_TP,0.000000000000e+00
6873,13321,AO_TP,0.000000000000e+00
6873,13321,PO_TP,0.000000000000e+00
6873,13321,SED_TP,0.000000000000e+00
6873,13321,SEDWSSD_TP,0.000000000000e+00
6873,13321,SEDSCRS_TP,0.000000000000e+00
6873,13321,SO_TCd,0.000000000000e+00
6873,13321,IO_TCd,0.000000000000e+00
6873,13321,AO_TCd,0.000000000000e+00
6873,13321,PO_TCd,0.000000000000e+00
6873,13321,SED_TCd,0.000000000000e+00
6873,13321,SEDWSSD_TCd,0.000000000000e+00
6873,13321,SEDSCRS_TCd,0.000000000000e+00
6873,13321,SO_TCu,0.000000000000e+00
6873,13321,IO_TCu,0.000000000000e+00
6873,13321,AO_TCu,0.000000000000e+00
6873,13321,PO_TCu,0.000000000000e+00
6873,13321,SED_TCu,0.000000000000e+00
6873,13321,SEDWSSD_TCu,0.000000000000e+00
6873,13321,SEDSCRS_TCu,0.000000000000e+00
6873,13321,SO_TPb,0.000000000000e+00
6873,13321,IO_TPb,0.000000000000e+00
6873,13321,AO_TPb,0.000000000000e+00
6873,13321,PO_TPb,0.000000000000e+00
6873,13321,SED_TPb,0.000000000000e+00
6873,13321,SEDWSSD_TPb,0.000000000000e+00
6873,13321,SEDSCRS_TPb,0.000000000000e+00
6873,13321,SO_TZn,0.000000000000e+00
6873,13321,IO_TZn,0.000000000000e+00
6873,13321,AO_TZn,0.000000000000e+00
6873,13321,PO_TZn,0.000000000000e+00
6873,13321,SED_TZn,0.000000000000e+00
6873,13321,SEDWSSD_TZn,0.000000000000e+00
6873,13321,SEDSCRS_TZn,0.000000000000e+00
6873,13322,AREA,0.000000000000e+00
6873,13322,PREC,0.000000000000e+00
6873,13322,SURO,0.000000000000e+00
6873,13322,IFWO,0.000000000000e+00
6873,13322,AGWO,0.000000000000e+00
6873,13322,PERO,0.000000000000e+00
6873,13322,TAET,0.000000000000e+00
6873,13322,SEDLOAD,0.000000000000e+00
6873,13322,SEDWSSD, 0.00000e+00
6873,13322,SEDSCRS, 0.00000e+00
6873,13322,SEDSURO, 0.00000e+00
6873,13322,SEDIFWO, 0.00000e+00
6873,13322,SEDAGWO, 0.00000e+00
6873,13322,SO_TN,0.000000000000e+00
6873,13322,IO_TN,0.000000000000e+00
6873,13322,AO_TN,0.000000000000e+00
6873,13322,PO_TN,0.000000000000e+00
6873,13322,SO_TP,0.000000000000e+00
6873,13322,IO_TP,0.000000000000e+00
6873,13322,AO_TP,0.000000000000e+00
6873,13322,PO_TP,0.000000000000e+00
6873,13322,SED_TP,0.000000000000e+00
6873,13322,SEDWSSD_TP,0.000000000000e+00
6873,13322,SEDSCRS_TP,0.000000000000e+00
6873,13322,SO_TCd,0.000000000000e+00
6873,13322,IO_TCd,0.000000000000e+00
6873,13322,AO_TCd,0.000000000000e+00
6873,13322,PO_TCd,0.000000000000e+00
6873,13322,SED_TCd,0.000000000000e+00
6873,13322,SEDWSSD_TCd,0.000000000000e+00
6873,13322,SEDSCRS_TCd,0.000000000000e+00
6873,13322,SO_TCu,0.000000000000e+00
6873,13322,IO_TCu,0.000000000000e+00
6873,13322,AO_TCu,0.000000000000e+00
6873,13322,PO_TCu,0.000000000000e+00
6873,13322,SED_TCu,0.000000000000e+00
6873,13322,SEDWSSD_TCu,0.000000000000e+00
6873,13322,SEDSCRS_TCu,0.000000000000e+00
6873,13322,SO_TPb,0.000000000000e+00
6873,13322,IO_TPb,0.000000000000e+00
6873,13322,AO_TPb,0.000000000000e+00
6873,13322,PO_TPb,0.000000000000e+00
6873,13322,SED_TPb,0.000000000000e+00
6873,13322,SEDWSSD_TPb,0.000000000000e+00
6873,13322,SEDSCRS_TPb,0.000000000000e+00
6873,13322,SO_TZn,0.000000000000e+00
6873,13322,IO_TZn,0.000000000000e+00
6873,13322,AO_TZn,0.000000000000e+00
6873,13322,PO_TZn,0.000000000000e+00
6873,13322,SED_TZn,0.000000000000e+00
6873,13322,SEDWSSD_TZn,0.000000000000e+00
6873,13322,SEDSCRS_TZn,0.000000000000e+00
6873,13331,AREA,0.000000000000e+00
6873,13331,PREC,0.000000000000e+00
6873,13331,SURO,0.000000000000e+00
6873,13331,IFWO,0.000000000000e+00
6873,13331,AGWO,0.000000000000e+00
6873,13331,PERO,0.000000000000e+00
6873,13331,TAET,0.000000000000e+00
6873,13331,SEDLOAD,0.000000000000e+00
6873,13331,SEDWSSD, 0.00000e+00
6873,13331,SEDSCRS, 0.00000e+00
6873,13331,SEDSURO, 0.00000e+00
6873,13331,SEDIFWO, 0.00000e+00
6873,13331,SEDAGWO, 0.00000e+00
6873,13331,SO_TN,0.000000000000e+00
6873,13331,IO_TN,0.000000000000e+00
6873,13331,AO_TN,0.000000000000e+00
6873,13331,PO_TN,0.000000000000e+00
6873,13331,SO_TP,0.000000000000e+00
6873,13331,IO_TP,0.000000000000e+00
6873,13331,AO_TP,0.000000000000e+00
6873,13331,PO_TP,0.000000000000e+00
6873,13331,SED_TP,0.000000000000e+00
6873,13331,SEDWSSD_TP,0.000000000000e+00
6873,13331,SEDSCRS_TP,0.000000000000e+00
6873,13331,SO_TCd,0.000000000000e+00
6873,13331,IO_TCd,0.000000000000e+00
6873,13331,AO_TCd,0.000000000000e+00
6873,13331,PO_TCd,0.000000000000e+00
6873,13331,SED_TCd,0.000000000000e+00
6873,13331,SEDWSSD_TCd,0.000000000000e+00
6873,13331,SEDSCRS_TCd,0.000000000000e+00
6873,13331,SO_TCu,0.000000000000e+00
6873,13331,IO_TCu,0.000000000000e+00
6873,13331,AO_TCu,0.000000000000e+00
6873,13331,PO_TCu,0.000000000000e+00
6873,13331,SED_TCu,0.000000000000e+00
6873,13331,SEDWSSD_TCu,0.000000000000e+00
6873,13331,SEDSCRS_TCu,0.000000000000e+00
6873,13331,SO_TPb,0.000000000000e+00
6873,13331,IO_TPb,0.000000000000e+00
6873,13331,AO_TPb,0.000000000000e+00
6873,13331,PO_TPb,0.000000000000e+00
6873,13331,SED_TPb,0.000000000000e+00
6873,13331,SEDWSSD_TPb,0.000000000000e+00
6873,13331,SEDSCRS_TPb,0.000000000000e+00
6873,13331,SO_TZn,0.000000000000e+00
6873,13331,IO_TZn,0.000000000000e+00
6873,13331,AO_TZn,0.000000000000e+00
6873,13331,PO_TZn,0.000000000000e+00
6873,13331,SED_TZn,0.000000000000e+00
6873,13331,SEDWSSD_TZn,0.000000000000e+00
6873,13331,SEDSCRS_TZn,0.000000000000e+00
6873,13411,AREA,0.000000000000e+00
6873,13411,PREC,0.000000000000e+00
6873,13411,SURO,0.000000000000e+00
6873,13411,IFWO,0.000000000000e+00
6873,13411,AGWO,0.000000000000e+00
6873,13411,PERO,0.000000000000e+00
6873,13411,TAET,0.000000000000e+00
6873,13411,SEDLOAD,0.000000000000e+00
6873,13411,SEDWSSD, 0.00000e+00
6873,13411,SEDSCRS, 0.00000e+00
6873,13411,SEDSURO, 0.00000e+00
6873,13411,SEDIFWO, 0.00000e+00
6873,13411,SEDAGWO, 0.00000e+00
6873,13411,SO_TN,0.000000000000e+00
6873,13411,IO_TN,0.000000000000e+00
6873,13411,AO_TN,0.000000000000e+00
6873,13411,PO_TN,0.000000000000e+00
6873,13411,SO_TP,0.000000000000e+00
6873,13411,IO_TP,0.000000000000e+00
6873,13411,AO_TP,0.000000000000e+00
6873,13411,PO_TP,0.000000000000e+00
6873,13411,SED_TP,0.000000000000e+00
6873,13411,SEDWSSD_TP,0.000000000000e+00
6873,13411,SEDSCRS_TP,0.000000000000e+00
6873,13411,SO_TCd,0.000000000000e+00
6873,13411,IO_TCd,0.000000000000e+00
6873,13411,AO_TCd,0.000000000000e+00
6873,13411,PO_TCd,0.000000000000e+00
6873,13411,SED_TCd,0.000000000000e+00
6873,13411,SEDWSSD_TCd,0.000000000000e+00
6873,13411,SEDSCRS_TCd,0.000000000000e+00
6873,13411,SO_TCu,0.000000000000e+00
6873,13411,IO_TCu,0.000000000000e+00
6873,13411,AO_TCu,0.000000000000e+00
6873,13411,PO_TCu,0.000000000000e+00
6873,13411,SED_TCu,0.000000000000e+00
6873,13411,SEDWSSD_TCu,0.000000000000e+00
6873,13411,SEDSCRS_TCu,0.000000000000e+00
6873,13411,SO_TPb,0.000000000000e+00
6873,13411,IO_TPb,0.000000000000e+00
6873,13411,AO_TPb,0.000000000000e+00
6873,13411,PO_TPb,0.000000000000e+00
6873,13411,SED_TPb,0.000000000000e+00
6873,13411,SEDWSSD_TPb,0.000000000000e+00
6873,13411,SEDSCRS_TPb,0.000000000000e+00
6873,13411,SO_TZn,0.000000000000e+00
6873,13411,IO_TZn,0.000000000000e+00
6873,13411,AO_TZn,0.000000000000e+00
6873,13411,PO_TZn,0.000000000000e+00
6873,13411,SED_TZn,0.000000000000e+00
6873,13411,SEDWSSD_TZn,0.000000000000e+00
6873,13411,SEDSCRS_TZn,0.000000000000e+00
6873,13412,AREA,0.000000000000e+00
6873,13412,PREC,0.000000000000e+00
6873,13412,SURO,0.000000000000e+00
6873,13412,IFWO,0.000000000000e+00
6873,13412,AGWO,0.000000000000e+00
6873,13412,PERO,0.000000000000e+00
6873,13412,TAET,0.000000000000e+00
6873,13412,SEDLOAD,0.000000000000e+00
6873,13412,SEDWSSD, 0.00000e+00
6873,13412,SEDSCRS, 0.00000e+00
6873,13412,SEDSURO, 0.00000e+00
6873,13412,SEDIFWO, 0.00000e+00
6873,13412,SEDAGWO, 0.00000e+00
6873,13412,SO_TN,0.000000000000e+00
6873,13412,IO_TN,0.000000000000e+00
6873,13412,AO_TN,0.000000000000e+00
6873,13412,PO_TN,0.000000000000e+00
6873,13412,SO_TP,0.000000000000e+00
6873,13412,IO_TP,0.000000000000e+00
6873,13412,AO_TP,0.000000000000e+00
6873,13412,PO_TP,0.000000000000e+00
6873,13412,SED_TP,0.000000000000e+00
6873,13412,SEDWSSD_TP,0.000000000000e+00
6873,13412,SEDSCRS_TP,0.000000000000e+00
6873,13412,SO_TCd,0.000000000000e+00
6873,13412,IO_TCd,0.000000000000e+00
6873,13412,AO_TCd,0.000000000000e+00
6873,13412,PO_TCd,0.000000000000e+00
6873,13412,SED_TCd,0.000000000000e+00
6873,13412,SEDWSSD_TCd,0.000000000000e+00
6873,13412,SEDSCRS_TCd,0.000000000000e+00
6873,13412,SO_TCu,0.000000000000e+00
6873,13412,IO_TCu,0.000000000000e+00
6873,13412,AO_TCu,0.000000000000e+00
6873,13412,PO_TCu,0.000000000000e+00
6873,13412,SED_TCu,0.000000000000e+00
6873,13412,SEDWSSD_TCu,0.000000000000e+00
6873,13412,SEDSCRS_TCu,0.000000000000e+00
6873,13412,SO_TPb,0.000000000000e+00
6873,13412,IO_TPb,0.000000000000e+00
6873,13412,AO_TPb,0.000000000000e+00
6873,13412,PO_TPb,0.000000000000e+00
6873,13412,SED_TPb,0.000000000000e+00
6873,13412,SEDWSSD_TPb,0.000000000000e+00
6873,13412,SEDSCRS_TPb,0.000000000000e+00
6873,13412,SO_TZn,0.000000000000e+00
6873,13412,IO_TZn,0.000000000000e+00
6873,13412,AO_TZn,0.000000000000e+00
6873,13412,PO_TZn,0.000000000000e+00
6873,13412,SED_TZn,0.000000000000e+00
6873,13412,SEDWSSD_TZn,0.000000000000e+00
6873,13412,SEDSCRS_TZn,0.000000000000e+00
6873,13421,AREA,0.000000000000e+00
6873,13421,PREC,0.000000000000e+00
6873,13421,SURO,0.000000000000e+00
6873,13421,IFWO,0.000000000000e+00
6873,13421,AGWO,0.000000000000e+00
6873,13421,PERO,0.000000000000e+00
6873,13421,TAET,0.000000000000e+00
6873,13421,SEDLOAD,0.000000000000e+00
6873,13421,SEDWSSD, 0.00000e+00
6873,13421,SEDSCRS, 0.00000e+00
6873,13421,SEDSURO, 0.00000e+00
6873,13421,SEDIFWO, 0.00000e+00
6873,13421,SEDAGWO, 0.00000e+00
6873,13421,SO_TN,0.000000000000e+00
6873,13421,IO_TN,0.000000000000e+00
6873,13421,AO_TN,0.000000000000e+00
6873,13421,PO_TN,0.000000000000e+00
6873,13421,SO_TP,0.000000000000e+00
6873,13421,IO_TP,0.000000000000e+00
6873,13421,AO_TP,0.000000000000e+00
6873,13421,PO_TP,0.000000000000e+00
6873,13421,SED_TP,0.000000000000e+00
6873,13421,SEDWSSD_TP,0.000000000000e+00
6873,13421,SEDSCRS_TP,0.000000000000e+00
6873,13421,SO_TCd,0.000000000000e+00
6873,13421,IO_TCd,0.000000000000e+00
6873,13421,AO_TCd,0.000000000000e+00
6873,13421,PO_TCd,0.000000000000e+00
6873,13421,SED_TCd,0.000000000000e+00
6873,13421,SEDWSSD_TCd,0.000000000000e+00
6873,13421,SEDSCRS_TCd,0.000000000000e+00
6873,13421,SO_TCu,0.000000000000e+00
6873,13421,IO_TCu,0.000000000000e+00
6873,13421,AO_TCu,0.000000000000e+00
6873,13421,PO_TCu,0.000000000000e+00
6873,13421,SED_TCu,0.000000000000e+00
6873,13421,SEDWSSD_TCu,0.000000000000e+00
6873,13421,SEDSCRS_TCu,0.000000000000e+00
6873,13421,SO_TPb,0.000000000000e+00
6873,13421,IO_TPb,0.000000000000e+00
6873,13421,AO_TPb,0.000000000000e+00
6873,13421,PO_TPb,0.000000000000e+00
6873,13421,SED_TPb,0.000000000000e+00
6873,13421,SEDWSSD_TPb,0.000000000000e+00
6873,13421,SEDSCRS_TPb,0.000000000000e+00
6873,13421,SO_TZn,0.000000000000e+00
6873,13421,IO_TZn,0.000000000000e+00
6873,13421,AO_TZn,0.000000000000e+00
6873,13421,PO_TZn,0.000000000000e+00
6873,13421,SED_TZn,0.000000000000e+00
6873,13421,SEDWSSD_TZn,0.000000000000e+00
6873,13421,SEDSCRS_TZn,0.000000000000e+00
6873,13422,AREA,0.000000000000e+00
6873,13422,PREC,0.000000000000e+00
6873,13422,SURO,0.000000000000e+00
6873,13422,IFWO,0.000000000000e+00
6873,13422,AGWO,0.000000000000e+00
6873,13422,PERO,0.000000000000e+00
6873,13422,TAET,0.000000000000e+00
6873,13422,SEDLOAD,0.000000000000e+00
6873,13422,SEDWSSD, 0.00000e+00
6873,13422,SEDSCRS, 0.00000e+00
6873,13422,SEDSURO, 0.00000e+00
6873,13422,SEDIFWO, 0.00000e+00
6873,13422,SEDAGWO, 0.00000e+00
6873,13422,SO_TN,0.000000000000e+00
6873,13422,IO_TN,0.000000000000e+00
6873,13422,AO_TN,0.000000000000e+00
6873,13422,PO_TN,0.000000000000e+00
6873,13422,SO_TP,0.000000000000e+00
6873,13422,IO_TP,0.000000000000e+00
6873,13422,AO_TP,0.000000000000e+00
6873,13422,PO_TP,0.000000000000e+00
6873,13422,SED_TP,0.000000000000e+00
6873,13422,SEDWSSD_TP,0.000000000000e+00
6873,13422,SEDSCRS_TP,0.000000000000e+00
6873,13422,SO_TCd,0.000000000000e+00
6873,13422,IO_TCd,0.000000000000e+00
6873,13422,AO_TCd,0.000000000000e+00
6873,13422,PO_TCd,0.000000000000e+00
6873,13422,SED_TCd,0.000000000000e+00
6873,13422,SEDWSSD_TCd,0.000000000000e+00
6873,13422,SEDSCRS_TCd,0.000000000000e+00
6873,13422,SO_TCu,0.000000000000e+00
6873,13422,IO_TCu,0.000000000000e+00
6873,13422,AO_TCu,0.000000000000e+00
6873,13422,PO_TCu,0.000000000000e+00
6873,13422,SED_TCu,0.000000000000e+00
6873,13422,SEDWSSD_TCu,0.000000000000e+00
6873,13422,SEDSCRS_TCu,0.000000000000e+00
6873,13422,SO_TPb,0.000000000000e+00
6873,13422,IO_TPb,0.000000000000e+00
6873,13422,AO_TPb,0.000000000000e+00
6873,13422,PO_TPb,0.000000000000e+00
6873,13422,SED_TPb,0.000000000000e+00
6873,13422,SEDWSSD_TPb,0.000000000000e+00
6873,13422,SEDSCRS_TPb,0.000000000000e+00
6873,13422,SO_TZn,0.000000000000e+00
6873,13422,IO_TZn,0.000000000000e+00
6873,13422,AO_TZn,0.000000000000e+00
6873,13422,PO_TZn,0.000000000000e+00
6873,13422,SED_TZn,0.000000000000e+00
6873,13422,SEDWSSD_TZn,0.000000000000e+00
6873,13422,SEDSCRS_TZn,0.000000000000e+00
6873,13431,AREA,0.000000000000e+00
6873,13431,PREC,0.000000000000e+00
6873,13431,SURO,0.000000000000e+00
6873,13431,IFWO,0.000000000000e+00
6873,13431,AGWO,0.000000000000e+00
6873,13431,PERO,0.000000000000e+00
6873,13431,TAET,0.000000000000e+00
6873,13431,SEDLOAD,0.000000000000e+00
6873,13431,SEDWSSD, 0.00000e+00
6873,13431,SEDSCRS, 0.00000e+00
6873,13431,SEDSURO, 0.00000e+00
6873,13431,SEDIFWO, 0.00000e+00
6873,13431,SEDAGWO, 0.00000e+00
6873,13431,SO_TN,0.000000000000e+00
6873,13431,IO_TN,0.000000000000e+00
6873,13431,AO_TN,0.000000000000e+00
6873,13431,PO_TN,0.000000000000e+00
6873,13431,SO_TP,0.000000000000e+00
6873,13431,IO_TP,0.000000000000e+00
6873,13431,AO_TP,0.000000000000e+00
6873,13431,PO_TP,0.000000000000e+00
6873,13431,SED_TP,0.000000000000e+00
6873,13431,SEDWSSD_TP,0.000000000000e+00
6873,13431,SEDSCRS_TP,0.000000000000e+00
6873,13431,SO_TCd,0.000000000000e+00
6873,13431,IO_TCd,0.000000000000e+00
6873,13431,AO_TCd,0.000000000000e+00
6873,13431,PO_TCd,0.000000000000e+00
6873,13431,SED_TCd,0.000000000000e+00
6873,13431,SEDWSSD_TCd,0.000000000000e+00
6873,13431,SEDSCRS_TCd,0.000000000000e+00
6873,13431,SO_TCu,0.000000000000e+00
6873,13431,IO_TCu,0.000000000000e+00
6873,13431,AO_TCu,0.000000000000e+00
6873,13431,PO_TCu,0.000000000000e+00
6873,13431,SED_TCu,0.000000000000e+00
6873,13431,SEDWSSD_TCu,0.000000000000e+00
6873,13431,SEDSCRS_TCu,0.000000000000e+00
6873,13431,SO_TPb,0.000000000000e+00
6873,13431,IO_TPb,0.000000000000e+00
6873,13431,AO_TPb,0.000000000000e+00
6873,13431,PO_TPb,0.000000000000e+00
6873,13431,SED_TPb,0.000000000000e+00
6873,13431,SEDWSSD_TPb,0.000000000000e+00
6873,13431,SEDSCRS_TPb,0.000000000000e+00
6873,13431,SO_TZn,0.000000000000e+00
6873,13431,IO_TZn,0.000000000000e+00
6873,13431,AO_TZn,0.000000000000e+00
6873,13431,PO_TZn,0.000000000000e+00
6873,13431,SED_TZn,0.000000000000e+00
6873,13431,SEDWSSD_TZn,0.000000000000e+00
6873,13431,SEDSCRS_TZn,0.000000000000e+00
6873,13432,AREA,0.000000000000e+00
6873,13432,PREC,0.000000000000e+00
6873,13432,SURO,0.000000000000e+00
6873,13432,IFWO,0.000000000000e+00
6873,13432,AGWO,0.000000000000e+00
6873,13432,PERO,0.000000000000e+00
6873,13432,TAET,0.000000000000e+00
6873,13432,SEDLOAD,0.000000000000e+00
6873,13432,SEDWSSD, 0.00000e+00
6873,13432,SEDSCRS, 0.00000e+00
6873,13432,SEDSURO, 0.00000e+00
6873,13432,SEDIFWO, 0.00000e+00
6873,13432,SEDAGWO, 0.00000e+00
6873,13432,SO_TN,0.000000000000e+00
6873,13432,IO_TN,0.000000000000e+00
6873,13432,AO_TN,0.000000000000e+00
6873,13432,PO_TN,0.000000000000e+00
6873,13432,SO_TP,0.000000000000e+00
6873,13432,IO_TP,0.000000000000e+00
6873,13432,AO_TP,0.000000000000e+00
6873,13432,PO_TP,0.000000000000e+00
6873,13432,SED_TP,0.000000000000e+00
6873,13432,SEDWSSD_TP,0.000000000000e+00
6873,13432,SEDSCRS_TP,0.000000000000e+00
6873,13432,SO_TCd,0.000000000000e+00
6873,13432,IO_TCd,0.000000000000e+00
6873,13432,AO_TCd,0.000000000000e+00
6873,13432,PO_TCd,0.000000000000e+00
6873,13432,SED_TCd,0.000000000000e+00
6873,13432,SEDWSSD_TCd,0.000000000000e+00
6873,13432,SEDSCRS_TCd,0.000000000000e+00
6873,13432,SO_TCu,0.000000000000e+00
6873,13432,IO_TCu,0.000000000000e+00
6873,13432,AO_TCu,0.000000000000e+00
6873,13432,PO_TCu,0.000000000000e+00
6873,13432,SED_TCu,0.000000000000e+00
6873,13432,SEDWSSD_TCu,0.000000000000e+00
6873,13432,SEDSCRS_TCu,0.000000000000e+00
6873,13432,SO_TPb,0.000000000000e+00
6873,13432,IO_TPb,0.000000000000e+00
6873,13432,AO_TPb,0.000000000000e+00
6873,13432,PO_TPb,0.000000000000e+00
6873,13432,SED_TPb,0.000000000000e+00
6873,13432,SEDWSSD_TPb,0.000000000000e+00
6873,13432,SEDSCRS_TPb,0.000000000000e+00
6873,13432,SO_TZn,0.000000000000e+00
6873,13432,IO_TZn,0.000000000000e+00
6873,13432,AO_TZn,0.000000000000e+00
6873,13432,PO_TZn,0.000000000000e+00
6873,13432,SED_TZn,0.000000000000e+00
6873,13432,SEDWSSD_TZn,0.000000000000e+00
6873,13432,SEDSCRS_TZn,0.000000000000e+00
6873,14121,AREA,0.000000000000e+00
6873,14121,PREC,0.000000000000e+00
6873,14121,SURO,0.000000000000e+00
6873,14121,IFWO,0.000000000000e+00
6873,14121,AGWO,0.000000000000e+00
6873,14121,PERO,0.000000000000e+00
6873,14121,TAET,0.000000000000e+00
6873,14121,SEDLOAD,0.000000000000e+00
6873,14121,SEDWSSD, 0.00000e+00
6873,14121,SEDSCRS, 0.00000e+00
6873,14121,SEDSURO, 0.00000e+00
6873,14121,SEDIFWO, 0.00000e+00
6873,14121,SEDAGWO, 0.00000e+00
6873,14121,SO_TN,0.000000000000e+00
6873,14121,IO_TN,0.000000000000e+00
6873,14121,AO_TN,0.000000000000e+00
6873,14121,PO_TN,0.000000000000e+00
6873,14121,SO_TP,0.000000000000e+00
6873,14121,IO_TP,0.000000000000e+00
6873,14121,AO_TP,0.000000000000e+00
6873,14121,PO_TP,0.000000000000e+00
6873,14121,SED_TP,0.000000000000e+00
6873,14121,SEDWSSD_TP,0.000000000000e+00
6873,14121,SEDSCRS_TP,0.000000000000e+00
6873,14121,SO_TCd,0.000000000000e+00
6873,14121,IO_TCd,0.000000000000e+00
6873,14121,AO_TCd,0.000000000000e+00
6873,14121,PO_TCd,0.000000000000e+00
6873,14121,SED_TCd,0.000000000000e+00
6873,14121,SEDWSSD_TCd,0.000000000000e+00
6873,14121,SEDSCRS_TCd,0.000000000000e+00
6873,14121,SO_TCu,0.000000000000e+00
6873,14121,IO_TCu,0.000000000000e+00
6873,14121,AO_TCu,0.000000000000e+00
6873,14121,PO_TCu,0.000000000000e+00
6873,14121,SED_TCu,0.000000000000e+00
6873,14121,SEDWSSD_TCu,0.000000000000e+00
6873,14121,SEDSCRS_TCu,0.000000000000e+00
6873,14121,SO_TPb,0.000000000000e+00
6873,14121,IO_TPb,0.000000000000e+00
6873,14121,AO_TPb,0.000000000000e+00
6873,14121,PO_TPb,0.000000000000e+00
6873,14121,SED_TPb,0.000000000000e+00
6873,14121,SEDWSSD_TPb,0.000000000000e+00
6873,14121,SEDSCRS_TPb,0.000000000000e+00
6873,14121,SO_TZn,0.000000000000e+00
6873,14121,IO_TZn,0.000000000000e+00
6873,14121,AO_TZn,0.000000000000e+00
6873,14121,PO_TZn,0.000000000000e+00
6873,14121,SED_TZn,0.000000000000e+00
6873,14121,SEDWSSD_TZn,0.000000000000e+00
6873,14121,SEDSCRS_TZn,0.000000000000e+00
6873,14122,AREA,5.644690999995e+00
6873,14122,PREC,6.079403132627e+01
6873,14122,SURO,4.236974391334e-04
6873,14122,IFWO,3.464481413197e-04
6873,14122,AGWO,9.037271090370e-01
6873,14122,PERO,9.044972546174e-01
6873,14122,TAET,5.898755265440e+01
6873,14122,SEDLOAD,1.024428194841e-04
6873,14122,SEDWSSD, 5.20337e-09
6873,14122,SEDSCRS, 9.04949e-11
6873,14122,SEDSURO, 0.00000e+00
6873,14122,SEDIFWO, 3.92549e-08
6873,14122,SEDAGWO, 1.02398e-04
6873,14122,SO_TN,2.173746116283e-04
6873,14122,IO_TN,7.850984133248e-05
6873,14122,AO_TN,6.143904106520e-02
6873,14122,PO_TN,6.173492551816e-02
6873,14122,SO_TP,1.058771976401e-08
6873,14122,IO_TP,1.570196826650e-05
6873,14122,AO_TP,4.095936071013e-02
6873,14122,PO_TP,4.097507326612e-02
6873,14122,SED_TP,1.058771976401e-08
6873,14122,SEDWSSD_TP,1.040673001441e-08
6873,14122,SEDSCRS_TP,1.809897495953e-10
6873,14122,SO_TCd,5.293859882004e-12
6873,14122,IO_TCd,0.000000000000e+00
6873,14122,AO_TCd,0.000000000000e+00
6873,14122,PO_TCd,5.293859882004e-12
6873,14122,SED_TCd,5.293859882004e-12
6873,14122,SEDWSSD_TCd,5.203365007206e-12
6873,14122,SEDSCRS_TCd,9.049487479764e-14
6873,14122,SO_TCu,5.293859882004e-10
6873,14122,IO_TCu,0.000000000000e+00
6873,14122,AO_TCu,0.000000000000e+00
6873,14122,PO_TCu,5.293859882004e-10
6873,14122,SED_TCu,5.293859882004e-10
6873,14122,SEDWSSD_TCu,5.203365007206e-10
6873,14122,SEDSCRS_TCu,9.049487479764e-12
6873,14122,SO_TPb,5.293859882004e-11
6873,14122,IO_TPb,0.000000000000e+00
6873,14122,AO_TPb,0.000000000000e+00
6873,14122,PO_TPb,5.293859882004e-11
6873,14122,SED_TPb,5.293859882004e-11
6873,14122,SEDWSSD_TPb,5.203365007206e-11
6873,14122,SEDSCRS_TPb,9.049487479764e-13
6873,14122,SO_TZn,3.811579115043e-09
6873,14122,IO_TZn,0.000000000000e+00
6873,14122,AO_TZn,1.023984017753e-02
6873,14122,PO_TZn,1.023984398911e-02
6873,14122,SED_TZn,3.811579115043e-09
6873,14122,SEDWSSD_TZn,3.746422805189e-09
6873,14122,SEDSCRS_TZn,6.515630985430e-11
6873,14131,AREA,0.000000000000e+00
6873,14131,PREC,0.000000000000e+00
6873,14131,SURO,0.000000000000e+00
6873,14131,IFWO,0.000000000000e+00
6873,14131,AGWO,0.000000000000e+00
6873,14131,PERO,0.000000000000e+00
6873,14131,TAET,0.000000000000e+00
6873,14131,SEDLOAD,0.000000000000e+00
6873,14131,SEDWSSD, 0.00000e+00
6873,14131,SEDSCRS, 0.00000e+00
6873,14131,SEDSURO, 0.00000e+00
6873,14131,SEDIFWO, 0.00000e+00
6873,14131,SEDAGWO, 0.00000e+00
6873,14131,SO_TN,0.000000000000e+00
6873,14131,IO_TN,0.000000000000e+00
6873,14131,AO_TN,0.000000000000e+00
6873,14131,PO_TN,0.000000000000e+00
6873,14131,SO_TP,0.000000000000e+00
6873,14131,IO_TP,0.000000000000e+00
6873,14131,AO_TP,0.000000000000e+00
6873,14131,PO_TP,0.000000000000e+00
6873,14131,SED_TP,0.000000000000e+00
6873,14131,SEDWSSD_TP,0.000000000000e+00
6873,14131,SEDSCRS_TP,0.000000000000e+00
6873,14131,SO_TCd,0.000000000000e+00
6873,14131,IO_TCd,0.000000000000e+00
6873,14131,AO_TCd,0.000000000000e+00
6873,14131,PO_TCd,0.000000000000e+00
6873,14131,SED_TCd,0.000000000000e+00
6873,14131,SEDWSSD_TCd,0.000000000000e+00
6873,14131,SEDSCRS_TCd,0.000000000000e+00
6873,14131,SO_TCu,0.000000000000e+00
6873,14131,IO_TCu,0.000000000000e+00
6873,14131,AO_TCu,0.000000000000e+00
6873,14131,PO_TCu,0.000000000000e+00
6873,14131,SED_TCu,0.000000000000e+00
6873,14131,SEDWSSD_TCu,0.000000000000e+00
6873,14131,SEDSCRS_TCu,0.000000000000e+00
6873,14131,SO_TPb,0.000000000000e+00
6873,14131,IO_TPb,0.000000000000e+00
6873,14131,AO_TPb,0.000000000000e+00
6873,14131,PO_TPb,0.000000000000e+00
6873,14131,SED_TPb,0.000000000000e+00
6873,14131,SEDWSSD_TPb,0.000000000000e+00
6873,14131,SEDSCRS_TPb,0.000000000000e+00
6873,14131,SO_TZn,0.000000000000e+00
6873,14131,IO_TZn,0.000000000000e+00
6873,14131,AO_TZn,0.000000000000e+00
6873,14131,PO_TZn,0.000000000000e+00
6873,14131,SED_TZn,0.000000000000e+00
6873,14131,SEDWSSD_TZn,0.000000000000e+00
6873,14131,SEDSCRS_TZn,0.000000000000e+00
6873,14132,AREA,0.000000000000e+00
6873,14132,PREC,0.000000000000e+00
6873,14132,SURO,0.000000000000e+00
6873,14132,IFWO,0.000000000000e+00
6873,14132,AGWO,0.000000000000e+00
6873,14132,PERO,0.000000000000e+00
6873,14132,TAET,0.000000000000e+00
6873,14132,SEDLOAD,0.000000000000e+00
6873,14132,SEDWSSD, 0.00000e+00
6873,14132,SEDSCRS, 0.00000e+00
6873,14132,SEDSURO, 0.00000e+00
6873,14132,SEDIFWO, 0.00000e+00
6873,14132,SEDAGWO, 0.00000e+00
6873,14132,SO_TN,0.000000000000e+00
6873,14132,IO_TN,0.000000000000e+00
6873,14132,AO_TN,0.000000000000e+00
6873,14132,PO_TN,0.000000000000e+00
6873,14132,SO_TP,0.000000000000e+00
6873,14132,IO_TP,0.000000000000e+00
6873,14132,AO_TP,0.000000000000e+00
6873,14132,PO_TP,0.000000000000e+00
6873,14132,SED_TP,0.000000000000e+00
6873,14132,SEDWSSD_TP,0.000000000000e+00
6873,14132,SEDSCRS_TP,0.000000000000e+00
6873,14132,SO_TCd,0.000000000000e+00
6873,14132,IO_TCd,0.000000000000e+00
6873,14132,AO_TCd,0.000000000000e+00
6873,14132,PO_TCd,0.000000000000e+00
6873,14132,SED_TCd,0.000000000000e+00
6873,14132,SEDWSSD_TCd,0.000000000000e+00
6873,14132,SEDSCRS_TCd,0.000000000000e+00
6873,14132,SO_TCu,0.000000000000e+00
6873,14132,IO_TCu,0.000000000000e+00
6873,14132,AO_TCu,0.000000000000e+00
6873,14132,PO_TCu,0.000000000000e+00
6873,14132,SED_TCu,0.000000000000e+00
6873,14132,SEDWSSD_TCu,0.000000000000e+00
6873,14132,SEDSCRS_TCu,0.000000000000e+00
6873,14132,SO_TPb,0.000000000000e+00
6873,14132,IO_TPb,0.000000000000e+00
6873,14132,AO_TPb,0.000000000000e+00
6873,14132,PO_TPb,0.000000000000e+00
6873,14132,SED_TPb,0.000000000000e+00
6873,14132,SEDWSSD_TPb,0.000000000000e+00
6873,14132,SEDSCRS_TPb,0.000000000000e+00
6873,14132,SO_TZn,0.000000000000e+00
6873,14132,IO_TZn,0.000000000000e+00
6873,14132,AO_TZn,0.000000000000e+00
6873,14132,PO_TZn,0.000000000000e+00
6873,14132,SED_TZn,0.000000000000e+00
6873,14132,SEDWSSD_TZn,0.000000000000e+00
6873,14132,SEDSCRS_TZn,0.000000000000e+00
6873,14221,AREA,0.000000000000e+00
6873,14221,PREC,0.000000000000e+00
6873,14221,SURO,0.000000000000e+00
6873,14221,IFWO,0.000000000000e+00
6873,14221,AGWO,0.000000000000e+00
6873,14221,PERO,0.000000000000e+00
6873,14221,TAET,0.000000000000e+00
6873,14221,SEDLOAD,0.000000000000e+00
6873,14221,SEDWSSD, 0.00000e+00
6873,14221,SEDSCRS, 0.00000e+00
6873,14221,SEDSURO, 0.00000e+00
6873,14221,SEDIFWO, 0.00000e+00
6873,14221,SEDAGWO, 0.00000e+00
6873,14221,SO_TN,0.000000000000e+00
6873,14221,IO_TN,0.000000000000e+00
6873,14221,AO_TN,0.000000000000e+00
6873,14221,PO_TN,0.000000000000e+00
6873,14221,SO_TP,0.000000000000e+00
6873,14221,IO_TP,0.000000000000e+00
6873,14221,AO_TP,0.000000000000e+00
6873,14221,PO_TP,0.000000000000e+00
6873,14221,SED_TP,0.000000000000e+00
6873,14221,SEDWSSD_TP,0.000000000000e+00
6873,14221,SEDSCRS_TP,0.000000000000e+00
6873,14221,SO_TCd,0.000000000000e+00
6873,14221,IO_TCd,0.000000000000e+00
6873,14221,AO_TCd,0.000000000000e+00
6873,14221,PO_TCd,0.000000000000e+00
6873,14221,SED_TCd,0.000000000000e+00
6873,14221,SEDWSSD_TCd,0.000000000000e+00
6873,14221,SEDSCRS_TCd,0.000000000000e+00
6873,14221,SO_TCu,0.000000000000e+00
6873,14221,IO_TCu,0.000000000000e+00
6873,14221,AO_TCu,0.000000000000e+00
6873,14221,PO_TCu,0.000000000000e+00
6873,14221,SED_TCu,0.000000000000e+00
6873,14221,SEDWSSD_TCu,0.000000000000e+00
6873,14221,SEDSCRS_TCu,0.000000000000e+00
6873,14221,SO_TPb,0.000000000000e+00
6873,14221,IO_TPb,0.000000000000e+00
6873,14221,AO_TPb,0.000000000000e+00
6873,14221,PO_TPb,0.000000000000e+00
6873,14221,SED_TPb,0.000000000000e+00
6873,14221,SEDWSSD_TPb,0.000000000000e+00
6873,14221,SEDSCRS_TPb,0.000000000000e+00
6873,14221,SO_TZn,0.000000000000e+00
6873,14221,IO_TZn,0.000000000000e+00
6873,14221,AO_TZn,0.000000000000e+00
6873,14221,PO_TZn,0.000000000000e+00
6873,14221,SED_TZn,0.000000000000e+00
6873,14221,SEDWSSD_TZn,0.000000000000e+00
6873,14221,SEDSCRS_TZn,0.000000000000e+00
6873,14222,AREA,0.000000000000e+00
6873,14222,PREC,0.000000000000e+00
6873,14222,SURO,0.000000000000e+00
6873,14222,IFWO,0.000000000000e+00
6873,14222,AGWO,0.000000000000e+00
6873,14222,PERO,0.000000000000e+00
6873,14222,TAET,0.000000000000e+00
6873,14222,SEDLOAD,0.000000000000e+00
6873,14222,SEDWSSD, 0.00000e+00
6873,14222,SEDSCRS, 0.00000e+00
6873,14222,SEDSURO, 0.00000e+00
6873,14222,SEDIFWO, 0.00000e+00
6873,14222,SEDAGWO, 0.00000e+00
6873,14222,SO_TN,0.000000000000e+00
6873,14222,IO_TN,0.000000000000e+00
6873,14222,AO_TN,0.000000000000e+00
6873,14222,PO_TN,0.000000000000e+00
6873,14222,SO_TP,0.000000000000e+00
6873,14222,IO_TP,0.000000000000e+00
6873,14222,AO_TP,0.000000000000e+00
6873,14222,PO_TP,0.000000000000e+00
6873,14222,SED_TP,0.000000000000e+00
6873,14222,SEDWSSD_TP,0.000000000000e+00
6873,14222,SEDSCRS_TP,0.000000000000e+00
6873,14222,SO_TCd,0.000000000000e+00
6873,14222,IO_TCd,0.000000000000e+00
6873,14222,AO_TCd,0.000000000000e+00
6873,14222,PO_TCd,0.000000000000e+00
6873,14222,SED_TCd,0.000000000000e+00
6873,14222,SEDWSSD_TCd,0.000000000000e+00
6873,14222,SEDSCRS_TCd,0.000000000000e+00
6873,14222,SO_TCu,0.000000000000e+00
6873,14222,IO_TCu,0.000000000000e+00
6873,14222,AO_TCu,0.000000000000e+00
6873,14222,PO_TCu,0.000000000000e+00
6873,14222,SED_TCu,0.000000000000e+00
6873,14222,SEDWSSD_TCu,0.000000000000e+00
6873,14222,SEDSCRS_TCu,0.000000000000e+00
6873,14222,SO_TPb,0.000000000000e+00
6873,14222,IO_TPb,0.000000000000e+00
6873,14222,AO_TPb,0.000000000000e+00
6873,14222,PO_TPb,0.000000000000e+00
6873,14222,SED_TPb,0.000000000000e+00
6873,14222,SEDWSSD_TPb,0.000000000000e+00
6873,14222,SEDSCRS_TPb,0.000000000000e+00
6873,14222,SO_TZn,0.000000000000e+00
6873,14222,IO_TZn,0.000000000000e+00
6873,14222,AO_TZn,0.000000000000e+00
6873,14222,PO_TZn,0.000000000000e+00
6873,14222,SED_TZn,0.000000000000e+00
6873,14222,SEDWSSD_TZn,0.000000000000e+00
6873,14222,SEDSCRS_TZn,0.000000000000e+00
6873,14231,AREA,0.000000000000e+00
6873,14231,PREC,0.000000000000e+00
6873,14231,SURO,0.000000000000e+00
6873,14231,IFWO,0.000000000000e+00
6873,14231,AGWO,0.000000000000e+00
6873,14231,PERO,0.000000000000e+00
6873,14231,TAET,0.000000000000e+00
6873,14231,SEDLOAD,0.000000000000e+00
6873,14231,SEDWSSD, 0.00000e+00
6873,14231,SEDSCRS, 0.00000e+00
6873,14231,SEDSURO, 0.00000e+00
6873,14231,SEDIFWO, 0.00000e+00
6873,14231,SEDAGWO, 0.00000e+00
6873,14231,SO_TN,0.000000000000e+00
6873,14231,IO_TN,0.000000000000e+00
6873,14231,AO_TN,0.000000000000e+00
6873,14231,PO_TN,0.000000000000e+00
6873,14231,SO_TP,0.000000000000e+00
6873,14231,IO_TP,0.000000000000e+00
6873,14231,AO_TP,0.000000000000e+00
6873,14231,PO_TP,0.000000000000e+00
6873,14231,SED_TP,0.000000000000e+00
6873,14231,SEDWSSD_TP,0.000000000000e+00
6873,14231,SEDSCRS_TP,0.000000000000e+00
6873,14231,SO_TCd,0.000000000000e+00
6873,14231,IO_TCd,0.000000000000e+00
6873,14231,AO_TCd,0.000000000000e+00
6873,14231,PO_TCd,0.000000000000e+00
6873,14231,SED_TCd,0.000000000000e+00
6873,14231,SEDWSSD_TCd,0.000000000000e+00
6873,14231,SEDSCRS_TCd,0.000000000000e+00
6873,14231,SO_TCu,0.000000000000e+00
6873,14231,IO_TCu,0.000000000000e+00
6873,14231,AO_TCu,0.000000000000e+00
6873,14231,PO_TCu,0.000000000000e+00
6873,14231,SED_TCu,0.000000000000e+00
6873,14231,SEDWSSD_TCu,0.000000000000e+00
6873,14231,SEDSCRS_TCu,0.000000000000e+00
6873,14231,SO_TPb,0.000000000000e+00
6873,14231,IO_TPb,0.000000000000e+00
6873,14231,AO_TPb,0.000000000000e+00
6873,14231,PO_TPb,0.000000000000e+00
6873,14231,SED_TPb,0.000000000000e+00
6873,14231,SEDWSSD_TPb,0.000000000000e+00
6873,14231,SEDSCRS_TPb,0.000000000000e+00
6873,14231,SO_TZn,0.000000000000e+00
6873,14231,IO_TZn,0.000000000000e+00
6873,14231,AO_TZn,0.000000000000e+00
6873,14231,PO_TZn,0.000000000000e+00
6873,14231,SED_TZn,0.000000000000e+00
6873,14231,SEDWSSD_TZn,0.000000000000e+00
6873,14231,SEDSCRS_TZn,0.000000000000e+00
6873,14232,AREA,0.000000000000e+00
6873,14232,PREC,0.000000000000e+00
6873,14232,SURO,0.000000000000e+00
6873,14232,IFWO,0.000000000000e+00
6873,14232,AGWO,0.000000000000e+00
6873,14232,PERO,0.000000000000e+00
6873,14232,TAET,0.000000000000e+00
6873,14232,SEDLOAD,0.000000000000e+00
6873,14232,SEDWSSD, 0.00000e+00
6873,14232,SEDSCRS, 0.00000e+00
6873,14232,SEDSURO, 0.00000e+00
6873,14232,SEDIFWO, 0.00000e+00
6873,14232,SEDAGWO, 0.00000e+00
6873,14232,SO_TN,0.000000000000e+00
6873,14232,IO_TN,0.000000000000e+00
6873,14232,AO_TN,0.000000000000e+00
6873,14232,PO_TN,0.000000000000e+00
6873,14232,SO_TP,0.000000000000e+00
6873,14232,IO_TP,0.000000000000e+00
6873,14232,AO_TP,0.000000000000e+00
6873,14232,PO_TP,0.000000000000e+00
6873,14232,SED_TP,0.000000000000e+00
6873,14232,SEDWSSD_TP,0.000000000000e+00
6873,14232,SEDSCRS_TP,0.000000000000e+00
6873,14232,SO_TCd,0.000000000000e+00
6873,14232,IO_TCd,0.000000000000e+00
6873,14232,AO_TCd,0.000000000000e+00
6873,14232,PO_TCd,0.000000000000e+00
6873,14232,SED_TCd,0.000000000000e+00
6873,14232,SEDWSSD_TCd,0.000000000000e+00
6873,14232,SEDSCRS_TCd,0.000000000000e+00
6873,14232,SO_TCu,0.000000000000e+00
6873,14232,IO_TCu,0.000000000000e+00
6873,14232,AO_TCu,0.000000000000e+00
6873,14232,PO_TCu,0.000000000000e+00
6873,14232,SED_TCu,0.000000000000e+00
6873,14232,SEDWSSD_TCu,0.000000000000e+00
6873,14232,SEDSCRS_TCu,0.000000000000e+00
6873,14232,SO_TPb,0.000000000000e+00
6873,14232,IO_TPb,0.000000000000e+00
6873,14232,AO_TPb,0.000000000000e+00
6873,14232,PO_TPb,0.000000000000e+00
6873,14232,SED_TPb,0.000000000000e+00
6873,14232,SEDWSSD_TPb,0.000000000000e+00
6873,14232,SEDSCRS_TPb,0.000000000000e+00
6873,14232,SO_TZn,0.000000000000e+00
6873,14232,IO_TZn,0.000000000000e+00
6873,14232,AO_TZn,0.000000000000e+00
6873,14232,PO_TZn,0.000000000000e+00
6873,14232,SED_TZn,0.000000000000e+00
6873,14232,SEDWSSD_TZn,0.000000000000e+00
6873,14232,SEDSCRS_TZn,0.000000000000e+00
6873,14321,AREA,0.000000000000e+00
6873,14321,PREC,0.000000000000e+00
6873,14321,SURO,0.000000000000e+00
6873,14321,IFWO,0.000000000000e+00
6873,14321,AGWO,0.000000000000e+00
6873,14321,PERO,0.000000000000e+00
6873,14321,TAET,0.000000000000e+00
6873,14321,SEDLOAD,0.000000000000e+00
6873,14321,SEDWSSD, 0.00000e+00
6873,14321,SEDSCRS, 0.00000e+00
6873,14321,SEDSURO, 0.00000e+00
6873,14321,SEDIFWO, 0.00000e+00
6873,14321,SEDAGWO, 0.00000e+00
6873,14321,SO_TN,0.000000000000e+00
6873,14321,IO_TN,0.000000000000e+00
6873,14321,AO_TN,0.000000000000e+00
6873,14321,PO_TN,0.000000000000e+00
6873,14321,SO_TP,0.000000000000e+00
6873,14321,IO_TP,0.000000000000e+00
6873,14321,AO_TP,0.000000000000e+00
6873,14321,PO_TP,0.000000000000e+00
6873,14321,SED_TP,0.000000000000e+00
6873,14321,SEDWSSD_TP,0.000000000000e+00
6873,14321,SEDSCRS_TP,0.000000000000e+00
6873,14321,SO_TCd,0.000000000000e+00
6873,14321,IO_TCd,0.000000000000e+00
6873,14321,AO_TCd,0.000000000000e+00
6873,14321,PO_TCd,0.000000000000e+00
6873,14321,SED_TCd,0.000000000000e+00
6873,14321,SEDWSSD_TCd,0.000000000000e+00
6873,14321,SEDSCRS_TCd,0.000000000000e+00
6873,14321,SO_TCu,0.000000000000e+00
6873,14321,IO_TCu,0.000000000000e+00
6873,14321,AO_TCu,0.000000000000e+00
6873,14321,PO_TCu,0.000000000000e+00
6873,14321,SED_TCu,0.000000000000e+00
6873,14321,SEDWSSD_TCu,0.000000000000e+00
6873,14321,SEDSCRS_TCu,0.000000000000e+00
6873,14321,SO_TPb,0.000000000000e+00
6873,14321,IO_TPb,0.000000000000e+00
6873,14321,AO_TPb,0.000000000000e+00
6873,14321,PO_TPb,0.000000000000e+00
6873,14321,SED_TPb,0.000000000000e+00
6873,14321,SEDWSSD_TPb,0.000000000000e+00
6873,14321,SEDSCRS_TPb,0.000000000000e+00
6873,14321,SO_TZn,0.000000000000e+00
6873,14321,IO_TZn,0.000000000000e+00
6873,14321,AO_TZn,0.000000000000e+00
6873,14321,PO_TZn,0.000000000000e+00
6873,14321,SED_TZn,0.000000000000e+00
6873,14321,SEDWSSD_TZn,0.000000000000e+00
6873,14321,SEDSCRS_TZn,0.000000000000e+00
6873,14322,AREA,0.000000000000e+00
6873,14322,PREC,0.000000000000e+00
6873,14322,SURO,0.000000000000e+00
6873,14322,IFWO,0.000000000000e+00
6873,14322,AGWO,0.000000000000e+00
6873,14322,PERO,0.000000000000e+00
6873,14322,TAET,0.000000000000e+00
6873,14322,SEDLOAD,0.000000000000e+00
6873,14322,SEDWSSD, 0.00000e+00
6873,14322,SEDSCRS, 0.00000e+00
6873,14322,SEDSURO, 0.00000e+00
6873,14322,SEDIFWO, 0.00000e+00
6873,14322,SEDAGWO, 0.00000e+00
6873,14322,SO_TN,0.000000000000e+00
6873,14322,IO_TN,0.000000000000e+00
6873,14322,AO_TN,0.000000000000e+00
6873,14322,PO_TN,0.000000000000e+00
6873,14322,SO_TP,0.000000000000e+00
6873,14322,IO_TP,0.000000000000e+00
6873,14322,AO_TP,0.000000000000e+00
6873,14322,PO_TP,0.000000000000e+00
6873,14322,SED_TP,0.000000000000e+00
6873,14322,SEDWSSD_TP,0.000000000000e+00
6873,14322,SEDSCRS_TP,0.000000000000e+00
6873,14322,SO_TCd,0.000000000000e+00
6873,14322,IO_TCd,0.000000000000e+00
6873,14322,AO_TCd,0.000000000000e+00
6873,14322,PO_TCd,0.000000000000e+00
6873,14322,SED_TCd,0.000000000000e+00
6873,14322,SEDWSSD_TCd,0.000000000000e+00
6873,14322,SEDSCRS_TCd,0.000000000000e+00
6873,14322,SO_TCu,0.000000000000e+00
6873,14322,IO_TCu,0.000000000000e+00
6873,14322,AO_TCu,0.000000000000e+00
6873,14322,PO_TCu,0.000000000000e+00
6873,14322,SED_TCu,0.000000000000e+00
6873,14322,SEDWSSD_TCu,0.000000000000e+00
6873,14322,SEDSCRS_TCu,0.000000000000e+00
6873,14322,SO_TPb,0.000000000000e+00
6873,14322,IO_TPb,0.000000000000e+00
6873,14322,AO_TPb,0.000000000000e+00
6873,14322,PO_TPb,0.000000000000e+00
6873,14322,SED_TPb,0.000000000000e+00
6873,14322,SEDWSSD_TPb,0.000000000000e+00
6873,14322,SEDSCRS_TPb,0.000000000000e+00
6873,14322,SO_TZn,0.000000000000e+00
6873,14322,IO_TZn,0.000000000000e+00
6873,14322,AO_TZn,0.000000000000e+00
6873,14322,PO_TZn,0.000000000000e+00
6873,14322,SED_TZn,0.000000000000e+00
6873,14322,SEDWSSD_TZn,0.000000000000e+00
6873,14322,SEDSCRS_TZn,0.000000000000e+00
6873,14331,AREA,0.000000000000e+00
6873,14331,PREC,0.000000000000e+00
6873,14331,SURO,0.000000000000e+00
6873,14331,IFWO,0.000000000000e+00
6873,14331,AGWO,0.000000000000e+00
6873,14331,PERO,0.000000000000e+00
6873,14331,TAET,0.000000000000e+00
6873,14331,SEDLOAD,0.000000000000e+00
6873,14331,SEDWSSD, 0.00000e+00
6873,14331,SEDSCRS, 0.00000e+00
6873,14331,SEDSURO, 0.00000e+00
6873,14331,SEDIFWO, 0.00000e+00
6873,14331,SEDAGWO, 0.00000e+00
6873,14331,SO_TN,0.000000000000e+00
6873,14331,IO_TN,0.000000000000e+00
6873,14331,AO_TN,0.000000000000e+00
6873,14331,PO_TN,0.000000000000e+00
6873,14331,SO_TP,0.000000000000e+00
6873,14331,IO_TP,0.000000000000e+00
6873,14331,AO_TP,0.000000000000e+00
6873,14331,PO_TP,0.000000000000e+00
6873,14331,SED_TP,0.000000000000e+00
6873,14331,SEDWSSD_TP,0.000000000000e+00
6873,14331,SEDSCRS_TP,0.000000000000e+00
6873,14331,SO_TCd,0.000000000000e+00
6873,14331,IO_TCd,0.000000000000e+00
6873,14331,AO_TCd,0.000000000000e+00
6873,14331,PO_TCd,0.000000000000e+00
6873,14331,SED_TCd,0.000000000000e+00
6873,14331,SEDWSSD_TCd,0.000000000000e+00
6873,14331,SEDSCRS_TCd,0.000000000000e+00
6873,14331,SO_TCu,0.000000000000e+00
6873,14331,IO_TCu,0.000000000000e+00
6873,14331,AO_TCu,0.000000000000e+00
6873,14331,PO_TCu,0.000000000000e+00
6873,14331,SED_TCu,0.000000000000e+00
6873,14331,SEDWSSD_TCu,0.000000000000e+00
6873,14331,SEDSCRS_TCu,0.000000000000e+00
6873,14331,SO_TPb,0.000000000000e+00
6873,14331,IO_TPb,0.000000000000e+00
6873,14331,AO_TPb,0.000000000000e+00
6873,14331,PO_TPb,0.000000000000e+00
6873,14331,SED_TPb,0.000000000000e+00
6873,14331,SEDWSSD_TPb,0.000000000000e+00
6873,14331,SEDSCRS_TPb,0.000000000000e+00
6873,14331,SO_TZn,0.000000000000e+00
6873,14331,IO_TZn,0.000000000000e+00
6873,14331,AO_TZn,0.000000000000e+00
6873,14331,PO_TZn,0.000000000000e+00
6873,14331,SED_TZn,0.000000000000e+00
6873,14331,SEDWSSD_TZn,0.000000000000e+00
6873,14331,SEDSCRS_TZn,0.000000000000e+00
6873,14332,AREA,0.000000000000e+00
6873,14332,PREC,0.000000000000e+00
6873,14332,SURO,0.000000000000e+00
6873,14332,IFWO,0.000000000000e+00
6873,14332,AGWO,0.000000000000e+00
6873,14332,PERO,0.000000000000e+00
6873,14332,TAET,0.000000000000e+00
6873,14332,SEDLOAD,0.000000000000e+00
6873,14332,SEDWSSD, 0.00000e+00
6873,14332,SEDSCRS, 0.00000e+00
6873,14332,SEDSURO, 0.00000e+00
6873,14332,SEDIFWO, 0.00000e+00
6873,14332,SEDAGWO, 0.00000e+00
6873,14332,SO_TN,0.000000000000e+00
6873,14332,IO_TN,0.000000000000e+00
6873,14332,AO_TN,0.000000000000e+00
6873,14332,PO_TN,0.000000000000e+00
6873,14332,SO_TP,0.000000000000e+00
6873,14332,IO_TP,0.000000000000e+00
6873,14332,AO_TP,0.000000000000e+00
6873,14332,PO_TP,0.000000000000e+00
6873,14332,SED_TP,0.000000000000e+00
6873,14332,SEDWSSD_TP,0.000000000000e+00
6873,14332,SEDSCRS_TP,0.000000000000e+00
6873,14332,SO_TCd,0.000000000000e+00
6873,14332,IO_TCd,0.000000000000e+00
6873,14332,AO_TCd,0.000000000000e+00
6873,14332,PO_TCd,0.000000000000e+00
6873,14332,SED_TCd,0.000000000000e+00
6873,14332,SEDWSSD_TCd,0.000000000000e+00
6873,14332,SEDSCRS_TCd,0.000000000000e+00
6873,14332,SO_TCu,0.000000000000e+00
6873,14332,IO_TCu,0.000000000000e+00
6873,14332,AO_TCu,0.000000000000e+00
6873,14332,PO_TCu,0.000000000000e+00
6873,14332,SED_TCu,0.000000000000e+00
6873,14332,SEDWSSD_TCu,0.000000000000e+00
6873,14332,SEDSCRS_TCu,0.000000000000e+00
6873,14332,SO_TPb,0.000000000000e+00
6873,14332,IO_TPb,0.000000000000e+00
6873,14332,AO_TPb,0.000000000000e+00
6873,14332,PO_TPb,0.000000000000e+00
6873,14332,SED_TPb,0.000000000000e+00
6873,14332,SEDWSSD_TPb,0.000000000000e+00
6873,14332,SEDSCRS_TPb,0.000000000000e+00
6873,14332,SO_TZn,0.000000000000e+00
6873,14332,IO_TZn,0.000000000000e+00
6873,14332,AO_TZn,0.000000000000e+00
6873,14332,PO_TZn,0.000000000000e+00
6873,14332,SED_TZn,0.000000000000e+00
6873,14332,SEDWSSD_TZn,0.000000000000e+00
6873,14332,SEDSCRS_TZn,0.000000000000e+00
6873,14421,AREA,0.000000000000e+00
6873,14421,PREC,0.000000000000e+00
6873,14421,SURO,0.000000000000e+00
6873,14421,IFWO,0.000000000000e+00
6873,14421,AGWO,0.000000000000e+00
6873,14421,PERO,0.000000000000e+00
6873,14421,TAET,0.000000000000e+00
6873,14421,SEDLOAD,0.000000000000e+00
6873,14421,SEDWSSD, 0.00000e+00
6873,14421,SEDSCRS, 0.00000e+00
6873,14421,SEDSURO, 0.00000e+00
6873,14421,SEDIFWO, 0.00000e+00
6873,14421,SEDAGWO, 0.00000e+00
6873,14421,SO_TN,0.000000000000e+00
6873,14421,IO_TN,0.000000000000e+00
6873,14421,AO_TN,0.000000000000e+00
6873,14421,PO_TN,0.000000000000e+00
6873,14421,SO_TP,0.000000000000e+00
6873,14421,IO_TP,0.000000000000e+00
6873,14421,AO_TP,0.000000000000e+00
6873,14421,PO_TP,0.000000000000e+00
6873,14421,SED_TP,0.000000000000e+00
6873,14421,SEDWSSD_TP,0.000000000000e+00
6873,14421,SEDSCRS_TP,0.000000000000e+00
6873,14421,SO_TCd,0.000000000000e+00
6873,14421,IO_TCd,0.000000000000e+00
6873,14421,AO_TCd,0.000000000000e+00
6873,14421,PO_TCd,0.000000000000e+00
6873,14421,SED_TCd,0.000000000000e+00
6873,14421,SEDWSSD_TCd,0.000000000000e+00
6873,14421,SEDSCRS_TCd,0.000000000000e+00
6873,14421,SO_TCu,0.000000000000e+00
6873,14421,IO_TCu,0.000000000000e+00
6873,14421,AO_TCu,0.000000000000e+00
6873,14421,PO_TCu,0.000000000000e+00
6873,14421,SED_TCu,0.000000000000e+00
6873,14421,SEDWSSD_TCu,0.000000000000e+00
6873,14421,SEDSCRS_TCu,0.000000000000e+00
6873,14421,SO_TPb,0.000000000000e+00
6873,14421,IO_TPb,0.000000000000e+00
6873,14421,AO_TPb,0.000000000000e+00
6873,14421,PO_TPb,0.000000000000e+00
6873,14421,SED_TPb,0.000000000000e+00
6873,14421,SEDWSSD_TPb,0.000000000000e+00
6873,14421,SEDSCRS_TPb,0.000000000000e+00
6873,14421,SO_TZn,0.000000000000e+00
6873,14421,IO_TZn,0.000000000000e+00
6873,14421,AO_TZn,0.000000000000e+00
6873,14421,PO_TZn,0.000000000000e+00
6873,14421,SED_TZn,0.000000000000e+00
6873,14421,SEDWSSD_TZn,0.000000000000e+00
6873,14421,SEDSCRS_TZn,0.000000000000e+00
6873,14422,AREA,0.000000000000e+00
6873,14422,PREC,0.000000000000e+00
6873,14422,SURO,0.000000000000e+00
6873,14422,IFWO,0.000000000000e+00
6873,14422,AGWO,0.000000000000e+00
6873,14422,PERO,0.000000000000e+00
6873,14422,TAET,0.000000000000e+00
6873,14422,SEDLOAD,0.000000000000e+00
6873,14422,SEDWSSD, 0.00000e+00
6873,14422,SEDSCRS, 0.00000e+00
6873,14422,SEDSURO, 0.00000e+00
6873,14422,SEDIFWO, 0.00000e+00
6873,14422,SEDAGWO, 0.00000e+00
6873,14422,SO_TN,0.000000000000e+00
6873,14422,IO_TN,0.000000000000e+00
6873,14422,AO_TN,0.000000000000e+00
6873,14422,PO_TN,0.000000000000e+00
6873,14422,SO_TP,0.000000000000e+00
6873,14422,IO_TP,0.000000000000e+00
6873,14422,AO_TP,0.000000000000e+00
6873,14422,PO_TP,0.000000000000e+00
6873,14422,SED_TP,0.000000000000e+00
6873,14422,SEDWSSD_TP,0.000000000000e+00
6873,14422,SEDSCRS_TP,0.000000000000e+00
6873,14422,SO_TCd,0.000000000000e+00
6873,14422,IO_TCd,0.000000000000e+00
6873,14422,AO_TCd,0.000000000000e+00
6873,14422,PO_TCd,0.000000000000e+00
6873,14422,SED_TCd,0.000000000000e+00
6873,14422,SEDWSSD_TCd,0.000000000000e+00
6873,14422,SEDSCRS_TCd,0.000000000000e+00
6873,14422,SO_TCu,0.000000000000e+00
6873,14422,IO_TCu,0.000000000000e+00
6873,14422,AO_TCu,0.000000000000e+00
6873,14422,PO_TCu,0.000000000000e+00
6873,14422,SED_TCu,0.000000000000e+00
6873,14422,SEDWSSD_TCu,0.000000000000e+00
6873,14422,SEDSCRS_TCu,0.000000000000e+00
6873,14422,SO_TPb,0.000000000000e+00
6873,14422,IO_TPb,0.000000000000e+00
6873,14422,AO_TPb,0.000000000000e+00
6873,14422,PO_TPb,0.000000000000e+00
6873,14422,SED_TPb,0.000000000000e+00
6873,14422,SEDWSSD_TPb,0.000000000000e+00
6873,14422,SEDSCRS_TPb,0.000000000000e+00
6873,14422,SO_TZn,0.000000000000e+00
6873,14422,IO_TZn,0.000000000000e+00
6873,14422,AO_TZn,0.000000000000e+00
6873,14422,PO_TZn,0.000000000000e+00
6873,14422,SED_TZn,0.000000000000e+00
6873,14422,SEDWSSD_TZn,0.000000000000e+00
6873,14422,SEDSCRS_TZn,0.000000000000e+00
6873,14431,AREA,0.000000000000e+00
6873,14431,PREC,0.000000000000e+00
6873,14431,SURO,0.000000000000e+00
6873,14431,IFWO,0.000000000000e+00
6873,14431,AGWO,0.000000000000e+00
6873,14431,PERO,0.000000000000e+00
6873,14431,TAET,0.000000000000e+00
6873,14431,SEDLOAD,0.000000000000e+00
6873,14431,SEDWSSD, 0.00000e+00
6873,14431,SEDSCRS, 0.00000e+00
6873,14431,SEDSURO, 0.00000e+00
6873,14431,SEDIFWO, 0.00000e+00
6873,14431,SEDAGWO, 0.00000e+00
6873,14431,SO_TN,0.000000000000e+00
6873,14431,IO_TN,0.000000000000e+00
6873,14431,AO_TN,0.000000000000e+00
6873,14431,PO_TN,0.000000000000e+00
6873,14431,SO_TP,0.000000000000e+00
6873,14431,IO_TP,0.000000000000e+00
6873,14431,AO_TP,0.000000000000e+00
6873,14431,PO_TP,0.000000000000e+00
6873,14431,SED_TP,0.000000000000e+00
6873,14431,SEDWSSD_TP,0.000000000000e+00
6873,14431,SEDSCRS_TP,0.000000000000e+00
6873,14431,SO_TCd,0.000000000000e+00
6873,14431,IO_TCd,0.000000000000e+00
6873,14431,AO_TCd,0.000000000000e+00
6873,14431,PO_TCd,0.000000000000e+00
6873,14431,SED_TCd,0.000000000000e+00
6873,14431,SEDWSSD_TCd,0.000000000000e+00
6873,14431,SEDSCRS_TCd,0.000000000000e+00
6873,14431,SO_TCu,0.000000000000e+00
6873,14431,IO_TCu,0.000000000000e+00
6873,14431,AO_TCu,0.000000000000e+00
6873,14431,PO_TCu,0.000000000000e+00
6873,14431,SED_TCu,0.000000000000e+00
6873,14431,SEDWSSD_TCu,0.000000000000e+00
6873,14431,SEDSCRS_TCu,0.000000000000e+00
6873,14431,SO_TPb,0.000000000000e+00
6873,14431,IO_TPb,0.000000000000e+00
6873,14431,AO_TPb,0.000000000000e+00
6873,14431,PO_TPb,0.000000000000e+00
6873,14431,SED_TPb,0.000000000000e+00
6873,14431,SEDWSSD_TPb,0.000000000000e+00
6873,14431,SEDSCRS_TPb,0.000000000000e+00
6873,14431,SO_TZn,0.000000000000e+00
6873,14431,IO_TZn,0.000000000000e+00
6873,14431,AO_TZn,0.000000000000e+00
6873,14431,PO_TZn,0.000000000000e+00
6873,14431,SED_TZn,0.000000000000e+00
6873,14431,SEDWSSD_TZn,0.000000000000e+00
6873,14431,SEDSCRS_TZn,0.000000000000e+00
6873,14432,AREA,0.000000000000e+00
6873,14432,PREC,0.000000000000e+00
6873,14432,SURO,0.000000000000e+00
6873,14432,IFWO,0.000000000000e+00
6873,14432,AGWO,0.000000000000e+00
6873,14432,PERO,0.000000000000e+00
6873,14432,TAET,0.000000000000e+00
6873,14432,SEDLOAD,0.000000000000e+00
6873,14432,SEDWSSD, 0.00000e+00
6873,14432,SEDSCRS, 0.00000e+00
6873,14432,SEDSURO, 0.00000e+00
6873,14432,SEDIFWO, 0.00000e+00
6873,14432,SEDAGWO, 0.00000e+00
6873,14432,SO_TN,0.000000000000e+00
6873,14432,IO_TN,0.000000000000e+00
6873,14432,AO_TN,0.000000000000e+00
6873,14432,PO_TN,0.000000000000e+00
6873,14432,SO_TP,0.000000000000e+00
6873,14432,IO_TP,0.000000000000e+00
6873,14432,AO_TP,0.000000000000e+00
6873,14432,PO_TP,0.000000000000e+00
6873,14432,SED_TP,0.000000000000e+00
6873,14432,SEDWSSD_TP,0.000000000000e+00
6873,14432,SEDSCRS_TP,0.000000000000e+00
6873,14432,SO_TCd,0.000000000000e+00
6873,14432,IO_TCd,0.000000000000e+00
6873,14432,AO_TCd,0.000000000000e+00
6873,14432,PO_TCd,0.000000000000e+00
6873,14432,SED_TCd,0.000000000000e+00
6873,14432,SEDWSSD_TCd,0.000000000000e+00
6873,14432,SEDSCRS_TCd,0.000000000000e+00
6873,14432,SO_TCu,0.000000000000e+00
6873,14432,IO_TCu,0.000000000000e+00
6873,14432,AO_TCu,0.000000000000e+00
6873,14432,PO_TCu,0.000000000000e+00
6873,14432,SED_TCu,0.000000000000e+00
6873,14432,SEDWSSD_TCu,0.000000000000e+00
6873,14432,SEDSCRS_TCu,0.000000000000e+00
6873,14432,SO_TPb,0.000000000000e+00
6873,14432,IO_TPb,0.000000000000e+00
6873,14432,AO_TPb,0.000000000000e+00
6873,14432,PO_TPb,0.000000000000e+00
6873,14432,SED_TPb,0.000000000000e+00
6873,14432,SEDWSSD_TPb,0.000000000000e+00
6873,14432,SEDSCRS_TPb,0.000000000000e+00
6873,14432,SO_TZn,0.000000000000e+00
6873,14432,IO_TZn,0.000000000000e+00
6873,14432,AO_TZn,0.000000000000e+00
6873,14432,PO_TZn,0.000000000000e+00
6873,14432,SED_TZn,0.000000000000e+00
6873,14432,SEDWSSD_TZn,0.000000000000e+00
6873,14432,SEDSCRS_TZn,0.000000000000e+00
6873,15121,AREA,0.000000000000e+00
6873,15121,PREC,0.000000000000e+00
6873,15121,SURO,0.000000000000e+00
6873,15121,IFWO,0.000000000000e+00
6873,15121,AGWO,0.000000000000e+00
6873,15121,PERO,0.000000000000e+00
6873,15121,TAET,0.000000000000e+00
6873,15121,SEDLOAD,0.000000000000e+00
6873,15121,SEDWSSD, 0.00000e+00
6873,15121,SEDSCRS, 0.00000e+00
6873,15121,SEDSURO, 0.00000e+00
6873,15121,SEDIFWO, 0.00000e+00
6873,15121,SEDAGWO, 0.00000e+00
6873,15121,SO_TN,0.000000000000e+00
6873,15121,IO_TN,0.000000000000e+00
6873,15121,AO_TN,0.000000000000e+00
6873,15121,PO_TN,0.000000000000e+00
6873,15121,SO_TP,0.000000000000e+00
6873,15121,IO_TP,0.000000000000e+00
6873,15121,AO_TP,0.000000000000e+00
6873,15121,PO_TP,0.000000000000e+00
6873,15121,SED_TP,0.000000000000e+00
6873,15121,SEDWSSD_TP,0.000000000000e+00
6873,15121,SEDSCRS_TP,0.000000000000e+00
6873,15121,SO_TCd,0.000000000000e+00
6873,15121,IO_TCd,0.000000000000e+00
6873,15121,AO_TCd,0.000000000000e+00
6873,15121,PO_TCd,0.000000000000e+00
6873,15121,SED_TCd,0.000000000000e+00
6873,15121,SEDWSSD_TCd,0.000000000000e+00
6873,15121,SEDSCRS_TCd,0.000000000000e+00
6873,15121,SO_TCu,0.000000000000e+00
6873,15121,IO_TCu,0.000000000000e+00
6873,15121,AO_TCu,0.000000000000e+00
6873,15121,PO_TCu,0.000000000000e+00
6873,15121,SED_TCu,0.000000000000e+00
6873,15121,SEDWSSD_TCu,0.000000000000e+00
6873,15121,SEDSCRS_TCu,0.000000000000e+00
6873,15121,SO_TPb,0.000000000000e+00
6873,15121,IO_TPb,0.000000000000e+00
6873,15121,AO_TPb,0.000000000000e+00
6873,15121,PO_TPb,0.000000000000e+00
6873,15121,SED_TPb,0.000000000000e+00
6873,15121,SEDWSSD_TPb,0.000000000000e+00
6873,15121,SEDSCRS_TPb,0.000000000000e+00
6873,15121,SO_TZn,0.000000000000e+00
6873,15121,IO_TZn,0.000000000000e+00
6873,15121,AO_TZn,0.000000000000e+00
6873,15121,PO_TZn,0.000000000000e+00
6873,15121,SED_TZn,0.000000000000e+00
6873,15121,SEDWSSD_TZn,0.000000000000e+00
6873,15121,SEDSCRS_TZn,0.000000000000e+00
6873,15122,AREA,6.937282999989e+00
6873,15122,PREC,7.471540958065e+01
6873,15122,SURO,5.028958549145e-04
6873,15122,IFWO,4.095020830440e-04
6873,15122,AGWO,1.060261744733e+00
6873,15122,PERO,1.061174142671e+00
6873,15122,TAET,7.258723598652e+01
6873,15122,SEDLOAD,1.201871915240e-04
6873,15122,SEDWSSD, 6.05840e-09
6873,15122,SEDSCRS, 5.14341e-11
6873,15122,SEDSURO, 0.00000e+00
6873,15122,SEDIFWO, 4.63993e-08
6873,15122,SEDAGWO, 1.20135e-04
6873,15122,SO_TN,2.606402205196e-04
6873,15122,IO_TN,9.279871856907e-05
6873,15122,AO_TN,7.208090166058e-02
6873,15122,PO_TN,7.243434059966e-02
6873,15122,SO_TP,1.221967786639e-08
6873,15122,IO_TP,1.855974371381e-05
6873,15122,AO_TP,4.805393444038e-02
6873,15122,PO_TP,4.807250640378e-02
6873,15122,SED_TP,1.221967786639e-08
6873,15122,SEDWSSD_TP,1.211680969990e-08
6873,15122,SEDSCRS_TP,1.028681664975e-10
6873,15122,SO_TCd,6.109838933197e-12
6873,15122,IO_TCd,0.000000000000e+00
6873,15122,AO_TCd,0.000000000000e+00
6873,15122,PO_TCd,6.109838933197e-12
6873,15122,SED_TCd,6.109838933197e-12
6873,15122,SEDWSSD_TCd,6.058404849948e-12
6873,15122,SEDSCRS_TCd,5.143408324876e-14
6873,15122,SO_TCu,6.109838933197e-10
6873,15122,IO_TCu,0.000000000000e+00
6873,15122,AO_TCu,0.000000000000e+00
6873,15122,PO_TCu,6.109838933197e-10
6873,15122,SED_TCu,6.109838933197e-10
6873,15122,SEDWSSD_TCu,6.058404849948e-10
6873,15122,SEDSCRS_TCu,5.143408324876e-12
6873,15122,SO_TPb,6.109838933197e-11
6873,15122,IO_TPb,0.000000000000e+00
6873,15122,AO_TPb,0.000000000000e+00
6873,15122,PO_TPb,6.109838933197e-11
6873,15122,SED_TPb,6.109838933197e-11
6873,15122,SEDWSSD_TPb,6.058404849948e-11
6873,15122,SEDSCRS_TPb,5.143408324876e-13
6873,15122,SO_TZn,4.399084031901e-09
6873,15122,IO_TZn,0.000000000000e+00
6873,15122,AO_TZn,1.201348361010e-02
6873,15122,PO_TZn,1.201348800918e-02
6873,15122,SED_TZn,4.399084031901e-09
6873,15122,SEDWSSD_TZn,4.362051491962e-09
6873,15122,SEDSCRS_TZn,3.703253993911e-11
6873,15131,AREA,0.000000000000e+00
6873,15131,PREC,0.000000000000e+00
6873,15131,SURO,0.000000000000e+00
6873,15131,IFWO,0.000000000000e+00
6873,15131,AGWO,0.000000000000e+00
6873,15131,PERO,0.000000000000e+00
6873,15131,TAET,0.000000000000e+00
6873,15131,SEDLOAD,0.000000000000e+00
6873,15131,SEDWSSD, 0.00000e+00
6873,15131,SEDSCRS, 0.00000e+00
6873,15131,SEDSURO, 0.00000e+00
6873,15131,SEDIFWO, 0.00000e+00
6873,15131,SEDAGWO, 0.00000e+00
6873,15131,SO_TN,0.000000000000e+00
6873,15131,IO_TN,0.000000000000e+00
6873,15131,AO_TN,0.000000000000e+00
6873,15131,PO_TN,0.000000000000e+00
6873,15131,SO_TP,0.000000000000e+00
6873,15131,IO_TP,0.000000000000e+00
6873,15131,AO_TP,0.000000000000e+00
6873,15131,PO_TP,0.000000000000e+00
6873,15131,SED_TP,0.000000000000e+00
6873,15131,SEDWSSD_TP,0.000000000000e+00
6873,15131,SEDSCRS_TP,0.000000000000e+00
6873,15131,SO_TCd,0.000000000000e+00
6873,15131,IO_TCd,0.000000000000e+00
6873,15131,AO_TCd,0.000000000000e+00
6873,15131,PO_TCd,0.000000000000e+00
6873,15131,SED_TCd,0.000000000000e+00
6873,15131,SEDWSSD_TCd,0.000000000000e+00
6873,15131,SEDSCRS_TCd,0.000000000000e+00
6873,15131,SO_TCu,0.000000000000e+00
6873,15131,IO_TCu,0.000000000000e+00
6873,15131,AO_TCu,0.000000000000e+00
6873,15131,PO_TCu,0.000000000000e+00
6873,15131,SED_TCu,0.000000000000e+00
6873,15131,SEDWSSD_TCu,0.000000000000e+00
6873,15131,SEDSCRS_TCu,0.000000000000e+00
6873,15131,SO_TPb,0.000000000000e+00
6873,15131,IO_TPb,0.000000000000e+00
6873,15131,AO_TPb,0.000000000000e+00
6873,15131,PO_TPb,0.000000000000e+00
6873,15131,SED_TPb,0.000000000000e+00
6873,15131,SEDWSSD_TPb,0.000000000000e+00
6873,15131,SEDSCRS_TPb,0.000000000000e+00
6873,15131,SO_TZn,0.000000000000e+00
6873,15131,IO_TZn,0.000000000000e+00
6873,15131,AO_TZn,0.000000000000e+00
6873,15131,PO_TZn,0.000000000000e+00
6873,15131,SED_TZn,0.000000000000e+00
6873,15131,SEDWSSD_TZn,0.000000000000e+00
6873,15131,SEDSCRS_TZn,0.000000000000e+00
6873,15132,AREA,0.000000000000e+00
6873,15132,PREC,0.000000000000e+00
6873,15132,SURO,0.000000000000e+00
6873,15132,IFWO,0.000000000000e+00
6873,15132,AGWO,0.000000000000e+00
6873,15132,PERO,0.000000000000e+00
6873,15132,TAET,0.000000000000e+00
6873,15132,SEDLOAD,0.000000000000e+00
6873,15132,SEDWSSD, 0.00000e+00
6873,15132,SEDSCRS, 0.00000e+00
6873,15132,SEDSURO, 0.00000e+00
6873,15132,SEDIFWO, 0.00000e+00
6873,15132,SEDAGWO, 0.00000e+00
6873,15132,SO_TN,0.000000000000e+00
6873,15132,IO_TN,0.000000000000e+00
6873,15132,AO_TN,0.000000000000e+00
6873,15132,PO_TN,0.000000000000e+00
6873,15132,SO_TP,0.000000000000e+00
6873,15132,IO_TP,0.000000000000e+00
6873,15132,AO_TP,0.000000000000e+00
6873,15132,PO_TP,0.000000000000e+00
6873,15132,SED_TP,0.000000000000e+00
6873,15132,SEDWSSD_TP,0.000000000000e+00
6873,15132,SEDSCRS_TP,0.000000000000e+00
6873,15132,SO_TCd,0.000000000000e+00
6873,15132,IO_TCd,0.000000000000e+00
6873,15132,AO_TCd,0.000000000000e+00
6873,15132,PO_TCd,0.000000000000e+00
6873,15132,SED_TCd,0.000000000000e+00
6873,15132,SEDWSSD_TCd,0.000000000000e+00
6873,15132,SEDSCRS_TCd,0.000000000000e+00
6873,15132,SO_TCu,0.000000000000e+00
6873,15132,IO_TCu,0.000000000000e+00
6873,15132,AO_TCu,0.000000000000e+00
6873,15132,PO_TCu,0.000000000000e+00
6873,15132,SED_TCu,0.000000000000e+00
6873,15132,SEDWSSD_TCu,0.000000000000e+00
6873,15132,SEDSCRS_TCu,0.000000000000e+00
6873,15132,SO_TPb,0.000000000000e+00
6873,15132,IO_TPb,0.000000000000e+00
6873,15132,AO_TPb,0.000000000000e+00
6873,15132,PO_TPb,0.000000000000e+00
6873,15132,SED_TPb,0.000000000000e+00
6873,15132,SEDWSSD_TPb,0.000000000000e+00
6873,15132,SEDSCRS_TPb,0.000000000000e+00
6873,15132,SO_TZn,0.000000000000e+00
6873,15132,IO_TZn,0.000000000000e+00
6873,15132,AO_TZn,0.000000000000e+00
6873,15132,PO_TZn,0.000000000000e+00
6873,15132,SED_TZn,0.000000000000e+00
6873,15132,SEDWSSD_TZn,0.000000000000e+00
6873,15132,SEDSCRS_TZn,0.000000000000e+00
6873,15221,AREA,0.000000000000e+00
6873,15221,PREC,0.000000000000e+00
6873,15221,SURO,0.000000000000e+00
6873,15221,IFWO,0.000000000000e+00
6873,15221,AGWO,0.000000000000e+00
6873,15221,PERO,0.000000000000e+00
6873,15221,TAET,0.000000000000e+00
6873,15221,SEDLOAD,0.000000000000e+00
6873,15221,SEDWSSD, 0.00000e+00
6873,15221,SEDSCRS, 0.00000e+00
6873,15221,SEDSURO, 0.00000e+00
6873,15221,SEDIFWO, 0.00000e+00
6873,15221,SEDAGWO, 0.00000e+00
6873,15221,SO_TN,0.000000000000e+00
6873,15221,IO_TN,0.000000000000e+00
6873,15221,AO_TN,0.000000000000e+00
6873,15221,PO_TN,0.000000000000e+00
6873,15221,SO_TP,0.000000000000e+00
6873,15221,IO_TP,0.000000000000e+00
6873,15221,AO_TP,0.000000000000e+00
6873,15221,PO_TP,0.000000000000e+00
6873,15221,SED_TP,0.000000000000e+00
6873,15221,SEDWSSD_TP,0.000000000000e+00
6873,15221,SEDSCRS_TP,0.000000000000e+00
6873,15221,SO_TCd,0.000000000000e+00
6873,15221,IO_TCd,0.000000000000e+00
6873,15221,AO_TCd,0.000000000000e+00
6873,15221,PO_TCd,0.000000000000e+00
6873,15221,SED_TCd,0.000000000000e+00
6873,15221,SEDWSSD_TCd,0.000000000000e+00
6873,15221,SEDSCRS_TCd,0.000000000000e+00
6873,15221,SO_TCu,0.000000000000e+00
6873,15221,IO_TCu,0.000000000000e+00
6873,15221,AO_TCu,0.000000000000e+00
6873,15221,PO_TCu,0.000000000000e+00
6873,15221,SED_TCu,0.000000000000e+00
6873,15221,SEDWSSD_TCu,0.000000000000e+00
6873,15221,SEDSCRS_TCu,0.000000000000e+00
6873,15221,SO_TPb,0.000000000000e+00
6873,15221,IO_TPb,0.000000000000e+00
6873,15221,AO_TPb,0.000000000000e+00
6873,15221,PO_TPb,0.000000000000e+00
6873,15221,SED_TPb,0.000000000000e+00
6873,15221,SEDWSSD_TPb,0.000000000000e+00
6873,15221,SEDSCRS_TPb,0.000000000000e+00
6873,15221,SO_TZn,0.000000000000e+00
6873,15221,IO_TZn,0.000000000000e+00
6873,15221,AO_TZn,0.000000000000e+00
6873,15221,PO_TZn,0.000000000000e+00
6873,15221,SED_TZn,0.000000000000e+00
6873,15221,SEDWSSD_TZn,0.000000000000e+00
6873,15221,SEDSCRS_TZn,0.000000000000e+00
6873,15222,AREA,0.000000000000e+00
6873,15222,PREC,0.000000000000e+00
6873,15222,SURO,0.000000000000e+00
6873,15222,IFWO,0.000000000000e+00
6873,15222,AGWO,0.000000000000e+00
6873,15222,PERO,0.000000000000e+00
6873,15222,TAET,0.000000000000e+00
6873,15222,SEDLOAD,0.000000000000e+00
6873,15222,SEDWSSD, 0.00000e+00
6873,15222,SEDSCRS, 0.00000e+00
6873,15222,SEDSURO, 0.00000e+00
6873,15222,SEDIFWO, 0.00000e+00
6873,15222,SEDAGWO, 0.00000e+00
6873,15222,SO_TN,0.000000000000e+00
6873,15222,IO_TN,0.000000000000e+00
6873,15222,AO_TN,0.000000000000e+00
6873,15222,PO_TN,0.000000000000e+00
6873,15222,SO_TP,0.000000000000e+00
6873,15222,IO_TP,0.000000000000e+00
6873,15222,AO_TP,0.000000000000e+00
6873,15222,PO_TP,0.000000000000e+00
6873,15222,SED_TP,0.000000000000e+00
6873,15222,SEDWSSD_TP,0.000000000000e+00
6873,15222,SEDSCRS_TP,0.000000000000e+00
6873,15222,SO_TCd,0.000000000000e+00
6873,15222,IO_TCd,0.000000000000e+00
6873,15222,AO_TCd,0.000000000000e+00
6873,15222,PO_TCd,0.000000000000e+00
6873,15222,SED_TCd,0.000000000000e+00
6873,15222,SEDWSSD_TCd,0.000000000000e+00
6873,15222,SEDSCRS_TCd,0.000000000000e+00
6873,15222,SO_TCu,0.000000000000e+00
6873,15222,IO_TCu,0.000000000000e+00
6873,15222,AO_TCu,0.000000000000e+00
6873,15222,PO_TCu,0.000000000000e+00
6873,15222,SED_TCu,0.000000000000e+00
6873,15222,SEDWSSD_TCu,0.000000000000e+00
6873,15222,SEDSCRS_TCu,0.000000000000e+00
6873,15222,SO_TPb,0.000000000000e+00
6873,15222,IO_TPb,0.000000000000e+00
6873,15222,AO_TPb,0.000000000000e+00
6873,15222,PO_TPb,0.000000000000e+00
6873,15222,SED_TPb,0.000000000000e+00
6873,15222,SEDWSSD_TPb,0.000000000000e+00
6873,15222,SEDSCRS_TPb,0.000000000000e+00
6873,15222,SO_TZn,0.000000000000e+00
6873,15222,IO_TZn,0.000000000000e+00
6873,15222,AO_TZn,0.000000000000e+00
6873,15222,PO_TZn,0.000000000000e+00
6873,15222,SED_TZn,0.000000000000e+00
6873,15222,SEDWSSD_TZn,0.000000000000e+00
6873,15222,SEDSCRS_TZn,0.000000000000e+00
6873,15231,AREA,0.000000000000e+00
6873,15231,PREC,0.000000000000e+00
6873,15231,SURO,0.000000000000e+00
6873,15231,IFWO,0.000000000000e+00
6873,15231,AGWO,0.000000000000e+00
6873,15231,PERO,0.000000000000e+00
6873,15231,TAET,0.000000000000e+00
6873,15231,SEDLOAD,0.000000000000e+00
6873,15231,SEDWSSD, 0.00000e+00
6873,15231,SEDSCRS, 0.00000e+00
6873,15231,SEDSURO, 0.00000e+00
6873,15231,SEDIFWO, 0.00000e+00
6873,15231,SEDAGWO, 0.00000e+00
6873,15231,SO_TN,0.000000000000e+00
6873,15231,IO_TN,0.000000000000e+00
6873,15231,AO_TN,0.000000000000e+00
6873,15231,PO_TN,0.000000000000e+00
6873,15231,SO_TP,0.000000000000e+00
6873,15231,IO_TP,0.000000000000e+00
6873,15231,AO_TP,0.000000000000e+00
6873,15231,PO_TP,0.000000000000e+00
6873,15231,SED_TP,0.000000000000e+00
6873,15231,SEDWSSD_TP,0.000000000000e+00
6873,15231,SEDSCRS_TP,0.000000000000e+00
6873,15231,SO_TCd,0.000000000000e+00
6873,15231,IO_TCd,0.000000000000e+00
6873,15231,AO_TCd,0.000000000000e+00
6873,15231,PO_TCd,0.000000000000e+00
6873,15231,SED_TCd,0.000000000000e+00
6873,15231,SEDWSSD_TCd,0.000000000000e+00
6873,15231,SEDSCRS_TCd,0.000000000000e+00
6873,15231,SO_TCu,0.000000000000e+00
6873,15231,IO_TCu,0.000000000000e+00
6873,15231,AO_TCu,0.000000000000e+00
6873,15231,PO_TCu,0.000000000000e+00
6873,15231,SED_TCu,0.000000000000e+00
6873,15231,SEDWSSD_TCu,0.000000000000e+00
6873,15231,SEDSCRS_TCu,0.000000000000e+00
6873,15231,SO_TPb,0.000000000000e+00
6873,15231,IO_TPb,0.000000000000e+00
6873,15231,AO_TPb,0.000000000000e+00
6873,15231,PO_TPb,0.000000000000e+00
6873,15231,SED_TPb,0.000000000000e+00
6873,15231,SEDWSSD_TPb,0.000000000000e+00
6873,15231,SEDSCRS_TPb,0.000000000000e+00
6873,15231,SO_TZn,0.000000000000e+00
6873,15231,IO_TZn,0.000000000000e+00
6873,15231,AO_TZn,0.000000000000e+00
6873,15231,PO_TZn,0.000000000000e+00
6873,15231,SED_TZn,0.000000000000e+00
6873,15231,SEDWSSD_TZn,0.000000000000e+00
6873,15231,SEDSCRS_TZn,0.000000000000e+00
6873,15232,AREA,0.000000000000e+00
6873,15232,PREC,0.000000000000e+00
6873,15232,SURO,0.000000000000e+00
6873,15232,IFWO,0.000000000000e+00
6873,15232,AGWO,0.000000000000e+00
6873,15232,PERO,0.000000000000e+00
6873,15232,TAET,0.000000000000e+00
6873,15232,SEDLOAD,0.000000000000e+00
6873,15232,SEDWSSD, 0.00000e+00
6873,15232,SEDSCRS, 0.00000e+00
6873,15232,SEDSURO, 0.00000e+00
6873,15232,SEDIFWO, 0.00000e+00
6873,15232,SEDAGWO, 0.00000e+00
6873,15232,SO_TN,0.000000000000e+00
6873,15232,IO_TN,0.000000000000e+00
6873,15232,AO_TN,0.000000000000e+00
6873,15232,PO_TN,0.000000000000e+00
6873,15232,SO_TP,0.000000000000e+00
6873,15232,IO_TP,0.000000000000e+00
6873,15232,AO_TP,0.000000000000e+00
6873,15232,PO_TP,0.000000000000e+00
6873,15232,SED_TP,0.000000000000e+00
6873,15232,SEDWSSD_TP,0.000000000000e+00
6873,15232,SEDSCRS_TP,0.000000000000e+00
6873,15232,SO_TCd,0.000000000000e+00
6873,15232,IO_TCd,0.000000000000e+00
6873,15232,AO_TCd,0.000000000000e+00
6873,15232,PO_TCd,0.000000000000e+00
6873,15232,SED_TCd,0.000000000000e+00
6873,15232,SEDWSSD_TCd,0.000000000000e+00
6873,15232,SEDSCRS_TCd,0.000000000000e+00
6873,15232,SO_TCu,0.000000000000e+00
6873,15232,IO_TCu,0.000000000000e+00
6873,15232,AO_TCu,0.000000000000e+00
6873,15232,PO_TCu,0.000000000000e+00
6873,15232,SED_TCu,0.000000000000e+00
6873,15232,SEDWSSD_TCu,0.000000000000e+00
6873,15232,SEDSCRS_TCu,0.000000000000e+00
6873,15232,SO_TPb,0.000000000000e+00
6873,15232,IO_TPb,0.000000000000e+00
6873,15232,AO_TPb,0.000000000000e+00
6873,15232,PO_TPb,0.000000000000e+00
6873,15232,SED_TPb,0.000000000000e+00
6873,15232,SEDWSSD_TPb,0.000000000000e+00
6873,15232,SEDSCRS_TPb,0.000000000000e+00
6873,15232,SO_TZn,0.000000000000e+00
6873,15232,IO_TZn,0.000000000000e+00
6873,15232,AO_TZn,0.000000000000e+00
6873,15232,PO_TZn,0.000000000000e+00
6873,15232,SED_TZn,0.000000000000e+00
6873,15232,SEDWSSD_TZn,0.000000000000e+00
6873,15232,SEDSCRS_TZn,0.000000000000e+00
6873,15321,AREA,0.000000000000e+00
6873,15321,PREC,0.000000000000e+00
6873,15321,SURO,0.000000000000e+00
6873,15321,IFWO,0.000000000000e+00
6873,15321,AGWO,0.000000000000e+00
6873,15321,PERO,0.000000000000e+00
6873,15321,TAET,0.000000000000e+00
6873,15321,SEDLOAD,0.000000000000e+00
6873,15321,SEDWSSD, 0.00000e+00
6873,15321,SEDSCRS, 0.00000e+00
6873,15321,SEDSURO, 0.00000e+00
6873,15321,SEDIFWO, 0.00000e+00
6873,15321,SEDAGWO, 0.00000e+00
6873,15321,SO_TN,0.000000000000e+00
6873,15321,IO_TN,0.000000000000e+00
6873,15321,AO_TN,0.000000000000e+00
6873,15321,PO_TN,0.000000000000e+00
6873,15321,SO_TP,0.000000000000e+00
6873,15321,IO_TP,0.000000000000e+00
6873,15321,AO_TP,0.000000000000e+00
6873,15321,PO_TP,0.000000000000e+00
6873,15321,SED_TP,0.000000000000e+00
6873,15321,SEDWSSD_TP,0.000000000000e+00
6873,15321,SEDSCRS_TP,0.000000000000e+00
6873,15321,SO_TCd,0.000000000000e+00
6873,15321,IO_TCd,0.000000000000e+00
6873,15321,AO_TCd,0.000000000000e+00
6873,15321,PO_TCd,0.000000000000e+00
6873,15321,SED_TCd,0.000000000000e+00
6873,15321,SEDWSSD_TCd,0.000000000000e+00
6873,15321,SEDSCRS_TCd,0.000000000000e+00
6873,15321,SO_TCu,0.000000000000e+00
6873,15321,IO_TCu,0.000000000000e+00
6873,15321,AO_TCu,0.000000000000e+00
6873,15321,PO_TCu,0.000000000000e+00
6873,15321,SED_TCu,0.000000000000e+00
6873,15321,SEDWSSD_TCu,0.000000000000e+00
6873,15321,SEDSCRS_TCu,0.000000000000e+00
6873,15321,SO_TPb,0.000000000000e+00
6873,15321,IO_TPb,0.000000000000e+00
6873,15321,AO_TPb,0.000000000000e+00
6873,15321,PO_TPb,0.000000000000e+00
6873,15321,SED_TPb,0.000000000000e+00
6873,15321,SEDWSSD_TPb,0.000000000000e+00
6873,15321,SEDSCRS_TPb,0.000000000000e+00
6873,15321,SO_TZn,0.000000000000e+00
6873,15321,IO_TZn,0.000000000000e+00
6873,15321,AO_TZn,0.000000000000e+00
6873,15321,PO_TZn,0.000000000000e+00
6873,15321,SED_TZn,0.000000000000e+00
6873,15321,SEDWSSD_TZn,0.000000000000e+00
6873,15321,SEDSCRS_TZn,0.000000000000e+00
6873,15322,AREA,0.000000000000e+00
6873,15322,PREC,0.000000000000e+00
6873,15322,SURO,0.000000000000e+00
6873,15322,IFWO,0.000000000000e+00
6873,15322,AGWO,0.000000000000e+00
6873,15322,PERO,0.000000000000e+00
6873,15322,TAET,0.000000000000e+00
6873,15322,SEDLOAD,0.000000000000e+00
6873,15322,SEDWSSD, 0.00000e+00
6873,15322,SEDSCRS, 0.00000e+00
6873,15322,SEDSURO, 0.00000e+00
6873,15322,SEDIFWO, 0.00000e+00
6873,15322,SEDAGWO, 0.00000e+00
6873,15322,SO_TN,0.000000000000e+00
6873,15322,IO_TN,0.000000000000e+00
6873,15322,AO_TN,0.000000000000e+00
6873,15322,PO_TN,0.000000000000e+00
6873,15322,SO_TP,0.000000000000e+00
6873,15322,IO_TP,0.000000000000e+00
6873,15322,AO_TP,0.000000000000e+00
6873,15322,PO_TP,0.000000000000e+00
6873,15322,SED_TP,0.000000000000e+00
6873,15322,SEDWSSD_TP,0.000000000000e+00
6873,15322,SEDSCRS_TP,0.000000000000e+00
6873,15322,SO_TCd,0.000000000000e+00
6873,15322,IO_TCd,0.000000000000e+00
6873,15322,AO_TCd,0.000000000000e+00
6873,15322,PO_TCd,0.000000000000e+00
6873,15322,SED_TCd,0.000000000000e+00
6873,15322,SEDWSSD_TCd,0.000000000000e+00
6873,15322,SEDSCRS_TCd,0.000000000000e+00
6873,15322,SO_TCu,0.000000000000e+00
6873,15322,IO_TCu,0.000000000000e+00
6873,15322,AO_TCu,0.000000000000e+00
6873,15322,PO_TCu,0.000000000000e+00
6873,15322,SED_TCu,0.000000000000e+00
6873,15322,SEDWSSD_TCu,0.000000000000e+00
6873,15322,SEDSCRS_TCu,0.000000000000e+00
6873,15322,SO_TPb,0.000000000000e+00
6873,15322,IO_TPb,0.000000000000e+00
6873,15322,AO_TPb,0.000000000000e+00
6873,15322,PO_TPb,0.000000000000e+00
6873,15322,SED_TPb,0.000000000000e+00
6873,15322,SEDWSSD_TPb,0.000000000000e+00
6873,15322,SEDSCRS_TPb,0.000000000000e+00
6873,15322,SO_TZn,0.000000000000e+00
6873,15322,IO_TZn,0.000000000000e+00
6873,15322,AO_TZn,0.000000000000e+00
6873,15322,PO_TZn,0.000000000000e+00
6873,15322,SED_TZn,0.000000000000e+00
6873,15322,SEDWSSD_TZn,0.000000000000e+00
6873,15322,SEDSCRS_TZn,0.000000000000e+00
6873,15331,AREA,0.000000000000e+00
6873,15331,PREC,0.000000000000e+00
6873,15331,SURO,0.000000000000e+00
6873,15331,IFWO,0.000000000000e+00
6873,15331,AGWO,0.000000000000e+00
6873,15331,PERO,0.000000000000e+00
6873,15331,TAET,0.000000000000e+00
6873,15331,SEDLOAD,0.000000000000e+00
6873,15331,SEDWSSD, 0.00000e+00
6873,15331,SEDSCRS, 0.00000e+00
6873,15331,SEDSURO, 0.00000e+00
6873,15331,SEDIFWO, 0.00000e+00
6873,15331,SEDAGWO, 0.00000e+00
6873,15331,SO_TN,0.000000000000e+00
6873,15331,IO_TN,0.000000000000e+00
6873,15331,AO_TN,0.000000000000e+00
6873,15331,PO_TN,0.000000000000e+00
6873,15331,SO_TP,0.000000000000e+00
6873,15331,IO_TP,0.000000000000e+00
6873,15331,AO_TP,0.000000000000e+00
6873,15331,PO_TP,0.000000000000e+00
6873,15331,SED_TP,0.000000000000e+00
6873,15331,SEDWSSD_TP,0.000000000000e+00
6873,15331,SEDSCRS_TP,0.000000000000e+00
6873,15331,SO_TCd,0.000000000000e+00
6873,15331,IO_TCd,0.000000000000e+00
6873,15331,AO_TCd,0.000000000000e+00
6873,15331,PO_TCd,0.000000000000e+00
6873,15331,SED_TCd,0.000000000000e+00
6873,15331,SEDWSSD_TCd,0.000000000000e+00
6873,15331,SEDSCRS_TCd,0.000000000000e+00
6873,15331,SO_TCu,0.000000000000e+00
6873,15331,IO_TCu,0.000000000000e+00
6873,15331,AO_TCu,0.000000000000e+00
6873,15331,PO_TCu,0.000000000000e+00
6873,15331,SED_TCu,0.000000000000e+00
6873,15331,SEDWSSD_TCu,0.000000000000e+00
6873,15331,SEDSCRS_TCu,0.000000000000e+00
6873,15331,SO_TPb,0.000000000000e+00
6873,15331,IO_TPb,0.000000000000e+00
6873,15331,AO_TPb,0.000000000000e+00
6873,15331,PO_TPb,0.000000000000e+00
6873,15331,SED_TPb,0.000000000000e+00
6873,15331,SEDWSSD_TPb,0.000000000000e+00
6873,15331,SEDSCRS_TPb,0.000000000000e+00
6873,15331,SO_TZn,0.000000000000e+00
6873,15331,IO_TZn,0.000000000000e+00
6873,15331,AO_TZn,0.000000000000e+00
6873,15331,PO_TZn,0.000000000000e+00
6873,15331,SED_TZn,0.000000000000e+00
6873,15331,SEDWSSD_TZn,0.000000000000e+00
6873,15331,SEDSCRS_TZn,0.000000000000e+00
6873,15332,AREA,0.000000000000e+00
6873,15332,PREC,0.000000000000e+00
6873,15332,SURO,0.000000000000e+00
6873,15332,IFWO,0.000000000000e+00
6873,15332,AGWO,0.000000000000e+00
6873,15332,PERO,0.000000000000e+00
6873,15332,TAET,0.000000000000e+00
6873,15332,SEDLOAD,0.000000000000e+00
6873,15332,SEDWSSD, 0.00000e+00
6873,15332,SEDSCRS, 0.00000e+00
6873,15332,SEDSURO, 0.00000e+00
6873,15332,SEDIFWO, 0.00000e+00
6873,15332,SEDAGWO, 0.00000e+00
6873,15332,SO_TN,0.000000000000e+00
6873,15332,IO_TN,0.000000000000e+00
6873,15332,AO_TN,0.000000000000e+00
6873,15332,PO_TN,0.000000000000e+00
6873,15332,SO_TP,0.000000000000e+00
6873,15332,IO_TP,0.000000000000e+00
6873,15332,AO_TP,0.000000000000e+00
6873,15332,PO_TP,0.000000000000e+00
6873,15332,SED_TP,0.000000000000e+00
6873,15332,SEDWSSD_TP,0.000000000000e+00
6873,15332,SEDSCRS_TP,0.000000000000e+00
6873,15332,SO_TCd,0.000000000000e+00
6873,15332,IO_TCd,0.000000000000e+00
6873,15332,AO_TCd,0.000000000000e+00
6873,15332,PO_TCd,0.000000000000e+00
6873,15332,SED_TCd,0.000000000000e+00
6873,15332,SEDWSSD_TCd,0.000000000000e+00
6873,15332,SEDSCRS_TCd,0.000000000000e+00
6873,15332,SO_TCu,0.000000000000e+00
6873,15332,IO_TCu,0.000000000000e+00
6873,15332,AO_TCu,0.000000000000e+00
6873,15332,PO_TCu,0.000000000000e+00
6873,15332,SED_TCu,0.000000000000e+00
6873,15332,SEDWSSD_TCu,0.000000000000e+00
6873,15332,SEDSCRS_TCu,0.000000000000e+00
6873,15332,SO_TPb,0.000000000000e+00
6873,15332,IO_TPb,0.000000000000e+00
6873,15332,AO_TPb,0.000000000000e+00
6873,15332,PO_TPb,0.000000000000e+00
6873,15332,SED_TPb,0.000000000000e+00
6873,15332,SEDWSSD_TPb,0.000000000000e+00
6873,15332,SEDSCRS_TPb,0.000000000000e+00
6873,15332,SO_TZn,0.000000000000e+00
6873,15332,IO_TZn,0.000000000000e+00
6873,15332,AO_TZn,0.000000000000e+00
6873,15332,PO_TZn,0.000000000000e+00
6873,15332,SED_TZn,0.000000000000e+00
6873,15332,SEDWSSD_TZn,0.000000000000e+00
6873,15332,SEDSCRS_TZn,0.000000000000e+00
6873,15421,AREA,0.000000000000e+00
6873,15421,PREC,0.000000000000e+00
6873,15421,SURO,0.000000000000e+00
6873,15421,IFWO,0.000000000000e+00
6873,15421,AGWO,0.000000000000e+00
6873,15421,PERO,0.000000000000e+00
6873,15421,TAET,0.000000000000e+00
6873,15421,SEDLOAD,0.000000000000e+00
6873,15421,SEDWSSD, 0.00000e+00
6873,15421,SEDSCRS, 0.00000e+00
6873,15421,SEDSURO, 0.00000e+00
6873,15421,SEDIFWO, 0.00000e+00
6873,15421,SEDAGWO, 0.00000e+00
6873,15421,SO_TN,0.000000000000e+00
6873,15421,IO_TN,0.000000000000e+00
6873,15421,AO_TN,0.000000000000e+00
6873,15421,PO_TN,0.000000000000e+00
6873,15421,SO_TP,0.000000000000e+00
6873,15421,IO_TP,0.000000000000e+00
6873,15421,AO_TP,0.000000000000e+00
6873,15421,PO_TP,0.000000000000e+00
6873,15421,SED_TP,0.000000000000e+00
6873,15421,SEDWSSD_TP,0.000000000000e+00
6873,15421,SEDSCRS_TP,0.000000000000e+00
6873,15421,SO_TCd,0.000000000000e+00
6873,15421,IO_TCd,0.000000000000e+00
6873,15421,AO_TCd,0.000000000000e+00
6873,15421,PO_TCd,0.000000000000e+00
6873,15421,SED_TCd,0.000000000000e+00
6873,15421,SEDWSSD_TCd,0.000000000000e+00
6873,15421,SEDSCRS_TCd,0.000000000000e+00
6873,15421,SO_TCu,0.000000000000e+00
6873,15421,IO_TCu,0.000000000000e+00
6873,15421,AO_TCu,0.000000000000e+00
6873,15421,PO_TCu,0.000000000000e+00
6873,15421,SED_TCu,0.000000000000e+00
6873,15421,SEDWSSD_TCu,0.000000000000e+00
6873,15421,SEDSCRS_TCu,0.000000000000e+00
6873,15421,SO_TPb,0.000000000000e+00
6873,15421,IO_TPb,0.000000000000e+00
6873,15421,AO_TPb,0.000000000000e+00
6873,15421,PO_TPb,0.000000000000e+00
6873,15421,SED_TPb,0.000000000000e+00
6873,15421,SEDWSSD_TPb,0.000000000000e+00
6873,15421,SEDSCRS_TPb,0.000000000000e+00
6873,15421,SO_TZn,0.000000000000e+00
6873,15421,IO_TZn,0.000000000000e+00
6873,15421,AO_TZn,0.000000000000e+00
6873,15421,PO_TZn,0.000000000000e+00
6873,15421,SED_TZn,0.000000000000e+00
6873,15421,SEDWSSD_TZn,0.000000000000e+00
6873,15421,SEDSCRS_TZn,0.000000000000e+00
6873,15422,AREA,0.000000000000e+00
6873,15422,PREC,0.000000000000e+00
6873,15422,SURO,0.000000000000e+00
6873,15422,IFWO,0.000000000000e+00
6873,15422,AGWO,0.000000000000e+00
6873,15422,PERO,0.000000000000e+00
6873,15422,TAET,0.000000000000e+00
6873,15422,SEDLOAD,0.000000000000e+00
6873,15422,SEDWSSD, 0.00000e+00
6873,15422,SEDSCRS, 0.00000e+00
6873,15422,SEDSURO, 0.00000e+00
6873,15422,SEDIFWO, 0.00000e+00
6873,15422,SEDAGWO, 0.00000e+00
6873,15422,SO_TN,0.000000000000e+00
6873,15422,IO_TN,0.000000000000e+00
6873,15422,AO_TN,0.000000000000e+00
6873,15422,PO_TN,0.000000000000e+00
6873,15422,SO_TP,0.000000000000e+00
6873,15422,IO_TP,0.000000000000e+00
6873,15422,AO_TP,0.000000000000e+00
6873,15422,PO_TP,0.000000000000e+00
6873,15422,SED_TP,0.000000000000e+00
6873,15422,SEDWSSD_TP,0.000000000000e+00
6873,15422,SEDSCRS_TP,0.000000000000e+00
6873,15422,SO_TCd,0.000000000000e+00
6873,15422,IO_TCd,0.000000000000e+00
6873,15422,AO_TCd,0.000000000000e+00
6873,15422,PO_TCd,0.000000000000e+00
6873,15422,SED_TCd,0.000000000000e+00
6873,15422,SEDWSSD_TCd,0.000000000000e+00
6873,15422,SEDSCRS_TCd,0.000000000000e+00
6873,15422,SO_TCu,0.000000000000e+00
6873,15422,IO_TCu,0.000000000000e+00
6873,15422,AO_TCu,0.000000000000e+00
6873,15422,PO_TCu,0.000000000000e+00
6873,15422,SED_TCu,0.000000000000e+00
6873,15422,SEDWSSD_TCu,0.000000000000e+00
6873,15422,SEDSCRS_TCu,0.000000000000e+00
6873,15422,SO_TPb,0.000000000000e+00
6873,15422,IO_TPb,0.000000000000e+00
6873,15422,AO_TPb,0.000000000000e+00
6873,15422,PO_TPb,0.000000000000e+00
6873,15422,SED_TPb,0.000000000000e+00
6873,15422,SEDWSSD_TPb,0.000000000000e+00
6873,15422,SEDSCRS_TPb,0.000000000000e+00
6873,15422,SO_TZn,0.000000000000e+00
6873,15422,IO_TZn,0.000000000000e+00
6873,15422,AO_TZn,0.000000000000e+00
6873,15422,PO_TZn,0.000000000000e+00
6873,15422,SED_TZn,0.000000000000e+00
6873,15422,SEDWSSD_TZn,0.000000000000e+00
6873,15422,SEDSCRS_TZn,0.000000000000e+00
6873,15431,AREA,0.000000000000e+00
6873,15431,PREC,0.000000000000e+00
6873,15431,SURO,0.000000000000e+00
6873,15431,IFWO,0.000000000000e+00
6873,15431,AGWO,0.000000000000e+00
6873,15431,PERO,0.000000000000e+00
6873,15431,TAET,0.000000000000e+00
6873,15431,SEDLOAD,0.000000000000e+00
6873,15431,SEDWSSD, 0.00000e+00
6873,15431,SEDSCRS, 0.00000e+00
6873,15431,SEDSURO, 0.00000e+00
6873,15431,SEDIFWO, 0.00000e+00
6873,15431,SEDAGWO, 0.00000e+00
6873,15431,SO_TN,0.000000000000e+00
6873,15431,IO_TN,0.000000000000e+00
6873,15431,AO_TN,0.000000000000e+00
6873,15431,PO_TN,0.000000000000e+00
6873,15431,SO_TP,0.000000000000e+00
6873,15431,IO_TP,0.000000000000e+00
6873,15431,AO_TP,0.000000000000e+00
6873,15431,PO_TP,0.000000000000e+00
6873,15431,SED_TP,0.000000000000e+00
6873,15431,SEDWSSD_TP,0.000000000000e+00
6873,15431,SEDSCRS_TP,0.000000000000e+00
6873,15431,SO_TCd,0.000000000000e+00
6873,15431,IO_TCd,0.000000000000e+00
6873,15431,AO_TCd,0.000000000000e+00
6873,15431,PO_TCd,0.000000000000e+00
6873,15431,SED_TCd,0.000000000000e+00
6873,15431,SEDWSSD_TCd,0.000000000000e+00
6873,15431,SEDSCRS_TCd,0.000000000000e+00
6873,15431,SO_TCu,0.000000000000e+00
6873,15431,IO_TCu,0.000000000000e+00
6873,15431,AO_TCu,0.000000000000e+00
6873,15431,PO_TCu,0.000000000000e+00
6873,15431,SED_TCu,0.000000000000e+00
6873,15431,SEDWSSD_TCu,0.000000000000e+00
6873,15431,SEDSCRS_TCu,0.000000000000e+00
6873,15431,SO_TPb,0.000000000000e+00
6873,15431,IO_TPb,0.000000000000e+00
6873,15431,AO_TPb,0.000000000000e+00
6873,15431,PO_TPb,0.000000000000e+00
6873,15431,SED_TPb,0.000000000000e+00
6873,15431,SEDWSSD_TPb,0.000000000000e+00
6873,15431,SEDSCRS_TPb,0.000000000000e+00
6873,15431,SO_TZn,0.000000000000e+00
6873,15431,IO_TZn,0.000000000000e+00
6873,15431,AO_TZn,0.000000000000e+00
6873,15431,PO_TZn,0.000000000000e+00
6873,15431,SED_TZn,0.000000000000e+00
6873,15431,SEDWSSD_TZn,0.000000000000e+00
6873,15431,SEDSCRS_TZn,0.000000000000e+00
6873,15432,AREA,0.000000000000e+00
6873,15432,PREC,0.000000000000e+00
6873,15432,SURO,0.000000000000e+00
6873,15432,IFWO,0.000000000000e+00
6873,15432,AGWO,0.000000000000e+00
6873,15432,PERO,0.000000000000e+00
6873,15432,TAET,0.000000000000e+00
6873,15432,SEDLOAD,0.000000000000e+00
6873,15432,SEDWSSD, 0.00000e+00
6873,15432,SEDSCRS, 0.00000e+00
6873,15432,SEDSURO, 0.00000e+00
6873,15432,SEDIFWO, 0.00000e+00
6873,15432,SEDAGWO, 0.00000e+00
6873,15432,SO_TN,0.000000000000e+00
6873,15432,IO_TN,0.000000000000e+00
6873,15432,AO_TN,0.000000000000e+00
6873,15432,PO_TN,0.000000000000e+00
6873,15432,SO_TP,0.000000000000e+00
6873,15432,IO_TP,0.000000000000e+00
6873,15432,AO_TP,0.000000000000e+00
6873,15432,PO_TP,0.000000000000e+00
6873,15432,SED_TP,0.000000000000e+00
6873,15432,SEDWSSD_TP,0.000000000000e+00
6873,15432,SEDSCRS_TP,0.000000000000e+00
6873,15432,SO_TCd,0.000000000000e+00
6873,15432,IO_TCd,0.000000000000e+00
6873,15432,AO_TCd,0.000000000000e+00
6873,15432,PO_TCd,0.000000000000e+00
6873,15432,SED_TCd,0.000000000000e+00
6873,15432,SEDWSSD_TCd,0.000000000000e+00
6873,15432,SEDSCRS_TCd,0.000000000000e+00
6873,15432,SO_TCu,0.000000000000e+00
6873,15432,IO_TCu,0.000000000000e+00
6873,15432,AO_TCu,0.000000000000e+00
6873,15432,PO_TCu,0.000000000000e+00
6873,15432,SED_TCu,0.000000000000e+00
6873,15432,SEDWSSD_TCu,0.000000000000e+00
6873,15432,SEDSCRS_TCu,0.000000000000e+00
6873,15432,SO_TPb,0.000000000000e+00
6873,15432,IO_TPb,0.000000000000e+00
6873,15432,AO_TPb,0.000000000000e+00
6873,15432,PO_TPb,0.000000000000e+00
6873,15432,SED_TPb,0.000000000000e+00
6873,15432,SEDWSSD_TPb,0.000000000000e+00
6873,15432,SEDSCRS_TPb,0.000000000000e+00
6873,15432,SO_TZn,0.000000000000e+00
6873,15432,IO_TZn,0.000000000000e+00
6873,15432,AO_TZn,0.000000000000e+00
6873,15432,PO_TZn,0.000000000000e+00
6873,15432,SED_TZn,0.000000000000e+00
6873,15432,SEDWSSD_TZn,0.000000000000e+00
6873,15432,SEDSCRS_TZn,0.000000000000e+00
6873,16000,AREA,0.000000000000e+00
6873,16000,PREC,0.000000000000e+00
6873,16000,SURO,0.000000000000e+00
6873,16000,IFWO,0.000000000000e+00
6873,16000,AGWO,0.000000000000e+00
6873,16000,PERO,0.000000000000e+00
6873,16000,TAET,0.000000000000e+00
6873,16000,SEDLOAD,0.000000000000e+00
6873,16000,SEDWSSD, 0.00000e+00
6873,16000,SEDSCRS, 0.00000e+00
6873,16000,SEDSURO, 0.00000e+00
6873,16000,SEDIFWO, 0.00000e+00
6873,16000,SEDAGWO, 0.00000e+00
6873,16000,SO_TN,0.000000000000e+00
6873,16000,IO_TN,0.000000000000e+00
6873,16000,AO_TN,0.000000000000e+00
6873,16000,PO_TN,0.000000000000e+00
6873,16000,SO_TP,0.000000000000e+00
6873,16000,IO_TP,0.000000000000e+00
6873,16000,AO_TP,0.000000000000e+00
6873,16000,PO_TP,0.000000000000e+00
6873,16000,SED_TP,0.000000000000e+00
6873,16000,SEDWSSD_TP,0.000000000000e+00
6873,16000,SEDSCRS_TP,0.000000000000e+00
6873,16000,SO_TCd,0.000000000000e+00
6873,16000,IO_TCd,0.000000000000e+00
6873,16000,AO_TCd,0.000000000000e+00
6873,16000,PO_TCd,0.000000000000e+00
6873,16000,SED_TCd,0.000000000000e+00
6873,16000,SEDWSSD_TCd,0.000000000000e+00
6873,16000,SEDSCRS_TCd,0.000000000000e+00
6873,16000,SO_TCu,0.000000000000e+00
6873,16000,IO_TCu,0.000000000000e+00
6873,16000,AO_TCu,0.000000000000e+00
6873,16000,PO_TCu,0.000000000000e+00
6873,16000,SED_TCu,0.000000000000e+00
6873,16000,SEDWSSD_TCu,0.000000000000e+00
6873,16000,SEDSCRS_TCu,0.000000000000e+00
6873,16000,SO_TPb,0.000000000000e+00
6873,16000,IO_TPb,0.000000000000e+00
6873,16000,AO_TPb,0.000000000000e+00
6873,16000,PO_TPb,0.000000000000e+00
6873,16000,SED_TPb,0.000000000000e+00
6873,16000,SEDWSSD_TPb,0.000000000000e+00
6873,16000,SEDSCRS_TPb,0.000000000000e+00
6873,16000,SO_TZn,0.000000000000e+00
6873,16000,IO_TZn,0.000000000000e+00
6873,16000,AO_TZn,0.000000000000e+00
6873,16000,PO_TZn,0.000000000000e+00
6873,16000,SED_TZn,0.000000000000e+00
6873,16000,SEDWSSD_TZn,0.000000000000e+00
6873,16000,SEDSCRS_TZn,0.000000000000e+00
