subbasin,deluid,parmname,value1
2122,1000,AREA,0.000000000000e+00
2122,1000,PREC,0.000000000000e+00
2122,1000,SURO,0.000000000000e+00
2122,1000,IFWO,0.000000000000e+00
2122,1000,AGWO,0.000000000000e+00
2122,1000,PERO,0.000000000000e+00
2122,1000,TAET,0.000000000000e+00
2122,1000,SEDLOAD,0.000000000000e+00
2122,1000,SEDWSSD, 0.00000e+00
2122,1000,SEDSCRS, 0.00000e+00
2122,1000,SEDSURO, 0.00000e+00
2122,1000,SEDIFWO, 0.00000e+00
2122,1000,SEDAGWO, 0.00000e+00
2122,1000,SO_TN,0.000000000000e+00
2122,1000,IO_TN,0.000000000000e+00
2122,1000,AO_TN,0.000000000000e+00
2122,1000,PO_TN,0.000000000000e+00
2122,1000,SO_TP,0.000000000000e+00
2122,1000,IO_TP,0.000000000000e+00
2122,1000,AO_TP,0.000000000000e+00
2122,1000,PO_TP,0.000000000000e+00
2122,1000,SED_TP,0.000000000000e+00
2122,1000,SEDWSSD_TP,0.000000000000e+00
2122,1000,SEDSCRS_TP,0.000000000000e+00
2122,1000,SO_TCd,0.000000000000e+00
2122,1000,IO_TCd,0.000000000000e+00
2122,1000,AO_TCd,0.000000000000e+00
2122,1000,PO_TCd,0.000000000000e+00
2122,1000,SED_TCd,0.000000000000e+00
2122,1000,SEDWSSD_TCd,0.000000000000e+00
2122,1000,SEDSCRS_TCd,0.000000000000e+00
2122,1000,SO_TCu,0.000000000000e+00
2122,1000,IO_TCu,0.000000000000e+00
2122,1000,AO_TCu,0.000000000000e+00
2122,1000,PO_TCu,0.000000000000e+00
2122,1000,SED_TCu,0.000000000000e+00
2122,1000,SEDWSSD_TCu,0.000000000000e+00
2122,1000,SEDSCRS_TCu,0.000000000000e+00
2122,1000,SO_TPb,0.000000000000e+00
2122,1000,IO_TPb,0.000000000000e+00
2122,1000,AO_TPb,0.000000000000e+00
2122,1000,PO_TPb,0.000000000000e+00
2122,1000,SED_TPb,0.000000000000e+00
2122,1000,SEDWSSD_TPb,0.000000000000e+00
2122,1000,SEDSCRS_TPb,0.000000000000e+00
2122,1000,SO_TZn,0.000000000000e+00
2122,1000,IO_TZn,0.000000000000e+00
2122,1000,AO_TZn,0.000000000000e+00
2122,1000,PO_TZn,0.000000000000e+00
2122,1000,SED_TZn,0.000000000000e+00
2122,1000,SEDWSSD_TZn,0.000000000000e+00
2122,1000,SEDSCRS_TZn,0.000000000000e+00
2122,2000,AREA,2.501886099997e+01
2122,2000,PREC,2.767032485690e+02
2122,2000,SURO,2.529744566924e+02
2122,2000,IFWO,0.000000000000e+00
2122,2000,AGWO,0.000000000000e+00
2122,2000,PERO,2.529744566924e+02
2122,2000,TAET,2.372879187653e+01
2122,2000,SEDLOAD,5.629535238688e+00
2122,2000,SEDWSSD, 5.62954e+00
2122,2000,SEDSCRS, 0.00000e+00
2122,2000,SEDSURO, 0.00000e+00
2122,2000,SEDIFWO, 0.00000e+00
2122,2000,SEDAGWO, 0.00000e+00
2122,2000,SO_TN,8.083881638926e+00
2122,2000,IO_TN,0.000000000000e+00
2122,2000,AO_TN,0.000000000000e+00
2122,2000,PO_TN,8.083881638926e+00
2122,2000,SO_TP,2.512180100265e+01
2122,2000,IO_TP,0.000000000000e+00
2122,2000,AO_TP,0.000000000000e+00
2122,2000,PO_TP,2.512180100265e+01
2122,2000,SED_TP,2.512180100265e+01
2122,2000,SEDWSSD_TP,2.512180100265e+01
2122,2000,SEDSCRS_TP,0.000000000000e+00
2122,2000,SO_TCd,8.444302858033e-02
2122,2000,IO_TCd,0.000000000000e+00
2122,2000,AO_TCd,0.000000000000e+00
2122,2000,PO_TCd,8.444302858033e-02
2122,2000,SED_TCd,8.444302858033e-02
2122,2000,SEDWSSD_TCd,8.444302858033e-02
2122,2000,SEDSCRS_TCd,0.000000000000e+00
2122,2000,SO_TCu,8.444302858033e+00
2122,2000,IO_TCu,0.000000000000e+00
2122,2000,AO_TCu,0.000000000000e+00
2122,2000,PO_TCu,8.444302858033e+00
2122,2000,SED_TCu,8.444302858033e+00
2122,2000,SEDWSSD_TCu,8.444302858033e+00
2122,2000,SEDSCRS_TCu,0.000000000000e+00
2122,2000,SO_TPb,1.823969417335e+00
2122,2000,IO_TPb,0.000000000000e+00
2122,2000,AO_TPb,0.000000000000e+00
2122,2000,PO_TPb,1.823969417335e+00
2122,2000,SED_TPb,1.823969417335e+00
2122,2000,SEDWSSD_TPb,1.823969417335e+00
2122,2000,SEDSCRS_TPb,0.000000000000e+00
2122,2000,SO_TZn,3.891134756981e+01
2122,2000,IO_TZn,0.000000000000e+00
2122,2000,AO_TZn,0.000000000000e+00
2122,2000,PO_TZn,3.891134756981e+01
2122,2000,SED_TZn,3.891134756981e+01
2122,2000,SEDWSSD_TZn,3.891134756981e+01
2122,2000,SEDSCRS_TZn,0.000000000000e+00
2122,3000,AREA,6.384917000001e+01
2122,3000,PREC,7.061581563378e+02
2122,3000,SURO,6.456012961986e+02
2122,3000,IFWO,0.000000000000e+00
2122,3000,AGWO,0.000000000000e+00
2122,3000,PERO,6.456012961986e+02
2122,3000,TAET,6.055686013920e+01
2122,3000,SEDLOAD,1.106749091242e+01
2122,3000,SEDWSSD, 1.10675e+01
2122,3000,SEDSCRS, 0.00000e+00
2122,3000,SEDSURO, 0.00000e+00
2122,3000,SEDIFWO, 0.00000e+00
2122,3000,SEDAGWO, 0.00000e+00
2122,3000,SO_TN,2.063040090460e+01
2122,3000,IO_TN,0.000000000000e+00
2122,3000,AO_TN,0.000000000000e+00
2122,3000,PO_TN,2.063040090460e+01
2122,3000,SO_TP,4.938867819668e+01
2122,3000,IO_TP,0.000000000000e+00
2122,3000,AO_TP,0.000000000000e+00
2122,3000,PO_TP,4.938867819668e+01
2122,3000,SED_TP,4.938867819668e+01
2122,3000,SEDWSSD_TP,4.938867819668e+01
2122,3000,SEDSCRS_TP,0.000000000000e+00
2122,3000,SO_TCd,1.328098909491e-01
2122,3000,IO_TCd,0.000000000000e+00
2122,3000,AO_TCd,0.000000000000e+00
2122,3000,PO_TCd,1.328098909491e-01
2122,3000,SED_TCd,1.328098909491e-01
2122,3000,SEDWSSD_TCd,1.328098909491e-01
2122,3000,SEDSCRS_TCd,0.000000000000e+00
2122,3000,SO_TCu,1.328098909491e+01
2122,3000,IO_TCu,0.000000000000e+00
2122,3000,AO_TCu,0.000000000000e+00
2122,3000,PO_TCu,1.328098909491e+01
2122,3000,SED_TCu,1.328098909491e+01
2122,3000,SEDWSSD_TCu,1.328098909491e+01
2122,3000,SEDSCRS_TCu,0.000000000000e+00
2122,3000,SO_TPb,1.195289018541e+00
2122,3000,IO_TPb,0.000000000000e+00
2122,3000,AO_TPb,0.000000000000e+00
2122,3000,PO_TPb,1.195289018541e+00
2122,3000,SED_TPb,1.195289018541e+00
2122,3000,SEDWSSD_TPb,1.195289018541e+00
2122,3000,SEDSCRS_TPb,0.000000000000e+00
2122,3000,SO_TZn,5.737387288999e+01
2122,3000,IO_TZn,0.000000000000e+00
2122,3000,AO_TZn,0.000000000000e+00
2122,3000,PO_TZn,5.737387288999e+01
2122,3000,SED_TZn,5.737387288999e+01
2122,3000,SEDWSSD_TZn,5.737387288999e+01
2122,3000,SEDSCRS_TZn,0.000000000000e+00
2122,4000,AREA,2.122855899997e+01
2122,4000,PREC,2.347833195819e+02
2122,4000,SURO,2.146493870919e+02
2122,4000,IFWO,0.000000000000e+00
2122,4000,AGWO,0.000000000000e+00
2122,4000,PERO,2.146493870919e+02
2122,4000,TAET,2.013393248996e+01
2122,4000,SEDLOAD,4.776678657775e+00
2122,4000,SEDWSSD, 4.77668e+00
2122,4000,SEDSCRS, 0.00000e+00
2122,4000,SEDSURO, 0.00000e+00
2122,4000,SEDIFWO, 0.00000e+00
2122,4000,SEDAGWO, 0.00000e+00
2122,4000,SO_TN,1.558499734986e+02
2122,4000,IO_TN,0.000000000000e+00
2122,4000,AO_TN,0.000000000000e+00
2122,4000,PO_TN,1.558499734986e+02
2122,4000,SO_TP,3.510858813465e+01
2122,4000,IO_TP,0.000000000000e+00
2122,4000,AO_TP,0.000000000000e+00
2122,4000,PO_TP,3.510858813465e+01
2122,4000,SED_TP,3.510858813465e+01
2122,4000,SEDWSSD_TP,3.510858813465e+01
2122,4000,SEDSCRS_TP,0.000000000000e+00
2122,4000,SO_TCd,7.165017986662e-02
2122,4000,IO_TCd,0.000000000000e+00
2122,4000,AO_TCd,0.000000000000e+00
2122,4000,PO_TCd,7.165017986662e-02
2122,4000,SED_TCd,7.165017986662e-02
2122,4000,SEDWSSD_TCd,7.165017986662e-02
2122,4000,SEDSCRS_TCd,0.000000000000e+00
2122,4000,SO_TCu,7.165017986662e+00
2122,4000,IO_TCu,0.000000000000e+00
2122,4000,AO_TCu,0.000000000000e+00
2122,4000,PO_TCu,7.165017986662e+00
2122,4000,SED_TCu,7.165017986662e+00
2122,4000,SEDWSSD_TCu,7.165017986662e+00
2122,4000,SEDSCRS_TCu,0.000000000000e+00
2122,4000,SO_TPb,2.063525180159e+00
2122,4000,IO_TPb,0.000000000000e+00
2122,4000,AO_TPb,0.000000000000e+00
2122,4000,PO_TPb,2.063525180159e+00
2122,4000,SED_TPb,2.063525180159e+00
2122,4000,SEDWSSD_TPb,2.063525180159e+00
2122,4000,SEDSCRS_TPb,0.000000000000e+00
2122,4000,SO_TZn,2.149505395999e+01
2122,4000,IO_TZn,0.000000000000e+00
2122,4000,AO_TZn,0.000000000000e+00
2122,4000,PO_TZn,2.149505395999e+01
2122,4000,SED_TZn,2.149505395999e+01
2122,4000,SEDWSSD_TZn,2.149505395999e+01
2122,4000,SEDSCRS_TZn,0.000000000000e+00
2122,5000,AREA,2.177759120001e+02
2122,5000,PREC,2.408554982198e+03
2122,5000,SURO,2.202008437510e+03
2122,5000,IFWO,0.000000000000e+00
2122,5000,AGWO,0.000000000000e+00
2122,5000,PERO,2.202008437510e+03
2122,5000,TAET,2.065465446876e+02
2122,5000,SEDLOAD,3.088970104475e+01
2122,5000,SEDWSSD, 3.08897e+01
2122,5000,SEDSCRS, 0.00000e+00
2122,5000,SEDSURO, 0.00000e+00
2122,5000,SEDIFWO, 0.00000e+00
2122,5000,SEDAGWO, 0.00000e+00
2122,5000,SO_TN,1.815681682553e+03
2122,5000,IO_TN,0.000000000000e+00
2122,5000,AO_TN,0.000000000000e+00
2122,5000,PO_TN,1.815681682553e+03
2122,5000,SO_TP,2.108222096304e+02
2122,5000,IO_TP,0.000000000000e+00
2122,5000,AO_TP,0.000000000000e+00
2122,5000,PO_TP,2.108222096304e+02
2122,5000,SED_TP,2.108222096304e+02
2122,5000,SEDWSSD_TP,2.108222096304e+02
2122,5000,SEDSCRS_TP,0.000000000000e+00
2122,5000,SO_TCd,2.316727578356e-01
2122,5000,IO_TCd,0.000000000000e+00
2122,5000,AO_TCd,0.000000000000e+00
2122,5000,PO_TCd,2.316727578356e-01
2122,5000,SED_TCd,2.316727578356e-01
2122,5000,SEDWSSD_TCd,2.316727578356e-01
2122,5000,SEDSCRS_TCd,0.000000000000e+00
2122,5000,SO_TCu,2.316727578356e+01
2122,5000,IO_TCu,0.000000000000e+00
2122,5000,AO_TCu,0.000000000000e+00
2122,5000,PO_TCu,2.316727578356e+01
2122,5000,SED_TCu,2.316727578356e+01
2122,5000,SEDWSSD_TCu,2.316727578356e+01
2122,5000,SEDSCRS_TCu,0.000000000000e+00
2122,5000,SO_TPb,1.167630699492e+01
2122,5000,IO_TPb,0.000000000000e+00
2122,5000,AO_TPb,0.000000000000e+00
2122,5000,PO_TPb,1.167630699492e+01
2122,5000,SED_TPb,1.167630699492e+01
2122,5000,SEDWSSD_TPb,1.167630699492e+01
2122,5000,SEDSCRS_TPb,0.000000000000e+00
2122,5000,SO_TZn,8.340219282083e+01
2122,5000,IO_TZn,0.000000000000e+00
2122,5000,AO_TZn,0.000000000000e+00
2122,5000,PO_TZn,8.340219282083e+01
2122,5000,SED_TZn,8.340219282083e+01
2122,5000,SEDWSSD_TZn,8.340219282083e+01
2122,5000,SEDSCRS_TZn,0.000000000000e+00
2122,6000,AREA,6.043833000003e+00
2122,6000,PREC,6.684349958650e+01
2122,6000,SURO,6.111130996390e+01
2122,6000,IFWO,0.000000000000e+00
2122,6000,AGWO,0.000000000000e+00
2122,6000,PERO,6.111130996390e+01
2122,6000,TAET,5.732189622601e+00
2122,6000,SEDLOAD,1.359934421468e+00
2122,6000,SEDWSSD, 1.35993e+00
2122,6000,SEDSCRS, 0.00000e+00
2122,6000,SEDSURO, 0.00000e+00
2122,6000,SEDIFWO, 0.00000e+00
2122,6000,SEDAGWO, 0.00000e+00
2122,6000,SO_TN,3.982889969528e+01
2122,6000,IO_TN,0.000000000000e+00
2122,6000,AO_TN,0.000000000000e+00
2122,6000,PO_TN,3.982889969528e+01
2122,6000,SO_TP,1.070948356906e+01
2122,6000,IO_TP,0.000000000000e+00
2122,6000,AO_TP,0.000000000000e+00
2122,6000,PO_TP,1.070948356906e+01
2122,6000,SED_TP,1.070948356906e+01
2122,6000,SEDWSSD_TP,1.070948356906e+01
2122,6000,SEDSCRS_TP,0.000000000000e+00
2122,6000,SO_TCd,2.719868842935e-02
2122,6000,IO_TCd,0.000000000000e+00
2122,6000,AO_TCd,0.000000000000e+00
2122,6000,PO_TCd,2.719868842935e-02
2122,6000,SED_TCd,2.719868842935e-02
2122,6000,SEDWSSD_TCd,2.719868842935e-02
2122,6000,SEDSCRS_TCd,0.000000000000e+00
2122,6000,SO_TCu,2.719868842935e+00
2122,6000,IO_TCu,0.000000000000e+00
2122,6000,AO_TCu,0.000000000000e+00
2122,6000,PO_TCu,2.719868842935e+00
2122,6000,SED_TCu,2.719868842935e+00
2122,6000,SEDWSSD_TCu,2.719868842935e+00
2122,6000,SEDSCRS_TCu,0.000000000000e+00
2122,6000,SO_TPb,7.049900040888e-01
2122,6000,IO_TPb,0.000000000000e+00
2122,6000,AO_TPb,0.000000000000e+00
2122,6000,PO_TPb,7.049900040888e-01
2122,6000,SED_TPb,7.049900040888e-01
2122,6000,SEDWSSD_TPb,7.049900040888e-01
2122,6000,SEDSCRS_TPb,0.000000000000e+00
2122,6000,SO_TZn,7.833222267653e+00
2122,6000,IO_TZn,0.000000000000e+00
2122,6000,AO_TZn,0.000000000000e+00
2122,6000,PO_TZn,7.833222267653e+00
2122,6000,SED_TZn,7.833222267653e+00
2122,6000,SEDWSSD_TZn,7.833222267653e+00
2122,6000,SEDSCRS_TZn,0.000000000000e+00
2122,7000,AREA,2.443850000004e-01
2122,7000,PREC,2.702845801075e+00
2122,7000,SURO,2.471062235758e+00
2122,7000,IFWO,0.000000000000e+00
2122,7000,AGWO,0.000000000000e+00
2122,7000,PERO,2.471062235758e+00
2122,7000,TAET,2.317835653168e-01
2122,7000,SEDLOAD,6.545647034565e-02
2122,7000,SEDWSSD, 6.54565e-02
2122,7000,SEDSCRS, 0.00000e+00
2122,7000,SEDSURO, 0.00000e+00
2122,7000,SEDIFWO, 0.00000e+00
2122,7000,SEDAGWO, 0.00000e+00
2122,7000,SO_TN,1.348042732823e+00
2122,7000,IO_TN,0.000000000000e+00
2122,7000,AO_TN,0.000000000000e+00
2122,7000,PO_TN,1.348042732823e+00
2122,7000,SO_TP,4.811050570405e-01
2122,7000,IO_TP,0.000000000000e+00
2122,7000,AO_TP,0.000000000000e+00
2122,7000,PO_TP,4.811050570405e-01
2122,7000,SED_TP,4.811050570405e-01
2122,7000,SEDWSSD_TP,4.811050570405e-01
2122,7000,SEDSCRS_TP,0.000000000000e+00
2122,7000,SO_TCd,1.636411758641e-03
2122,7000,IO_TCd,0.000000000000e+00
2122,7000,AO_TCd,0.000000000000e+00
2122,7000,PO_TCd,1.636411758641e-03
2122,7000,SED_TCd,1.636411758641e-03
2122,7000,SEDWSSD_TCd,1.636411758641e-03
2122,7000,SEDSCRS_TCd,0.000000000000e+00
2122,7000,SO_TCu,1.636411758641e-01
2122,7000,IO_TCu,0.000000000000e+00
2122,7000,AO_TCu,0.000000000000e+00
2122,7000,PO_TCu,1.636411758641e-01
2122,7000,SED_TCu,1.636411758641e-01
2122,7000,SEDWSSD_TCu,1.636411758641e-01
2122,7000,SEDSCRS_TCu,0.000000000000e+00
2122,7000,SO_TPb,4.524351230291e-02
2122,7000,IO_TPb,0.000000000000e+00
2122,7000,AO_TPb,0.000000000000e+00
2122,7000,PO_TPb,4.524351230291e-02
2122,7000,SED_TPb,4.524351230291e-02
2122,7000,SEDWSSD_TPb,4.524351230291e-02
2122,7000,SEDSCRS_TPb,0.000000000000e+00
2122,7000,SO_TZn,7.540585383819e-01
2122,7000,IO_TZn,0.000000000000e+00
2122,7000,AO_TZn,0.000000000000e+00
2122,7000,PO_TZn,7.540585383819e-01
2122,7000,SED_TZn,7.540585383819e-01
2122,7000,SEDWSSD_TZn,7.540585383819e-01
2122,7000,SEDSCRS_TZn,0.000000000000e+00
2122,8000,AREA,1.438775800003e+01
2122,8000,PREC,1.591255244683e+02
2122,8000,SURO,1.454796548521e+02
2122,8000,IFWO,0.000000000000e+00
2122,8000,AGWO,0.000000000000e+00
2122,8000,PERO,1.454796548521e+02
2122,8000,TAET,1.364586961620e+01
2122,8000,SEDLOAD,2.890836583074e+00
2122,8000,SEDWSSD, 2.89084e+00
2122,8000,SEDSCRS, 0.00000e+00
2122,8000,SEDSURO, 0.00000e+00
2122,8000,SEDIFWO, 0.00000e+00
2122,8000,SEDAGWO, 0.00000e+00
2122,8000,SO_TN,4.604404452505e+01
2122,8000,IO_TN,0.000000000000e+00
2122,8000,AO_TN,0.000000000000e+00
2122,8000,PO_TN,4.604404452505e+01
2122,8000,SO_TP,3.035378412227e+00
2122,8000,IO_TP,0.000000000000e+00
2122,8000,AO_TP,0.000000000000e+00
2122,8000,PO_TP,3.035378412227e+00
2122,8000,SED_TP,3.035378412227e+00
2122,8000,SEDWSSD_TP,3.035378412227e+00
2122,8000,SEDSCRS_TP,0.000000000000e+00
2122,8000,SO_TCd,3.252191155958e-02
2122,8000,IO_TCd,0.000000000000e+00
2122,8000,AO_TCd,0.000000000000e+00
2122,8000,PO_TCd,3.252191155958e-02
2122,8000,SED_TCd,3.252191155958e-02
2122,8000,SEDWSSD_TCd,3.252191155958e-02
2122,8000,SEDSCRS_TCd,0.000000000000e+00
2122,8000,SO_TCu,3.252191155958e+00
2122,8000,IO_TCu,0.000000000000e+00
2122,8000,AO_TCu,0.000000000000e+00
2122,8000,PO_TCu,3.252191155958e+00
2122,8000,SED_TCu,3.252191155958e+00
2122,8000,SEDWSSD_TCu,3.252191155958e+00
2122,8000,SEDSCRS_TCu,0.000000000000e+00
2122,8000,SO_TPb,7.805258774299e-01
2122,8000,IO_TPb,0.000000000000e+00
2122,8000,AO_TPb,0.000000000000e+00
2122,8000,PO_TPb,7.805258774299e-01
2122,8000,SED_TPb,7.805258774299e-01
2122,8000,SEDWSSD_TPb,7.805258774299e-01
2122,8000,SEDSCRS_TPb,0.000000000000e+00
2122,8000,SO_TZn,1.248841403888e+01
2122,8000,IO_TZn,0.000000000000e+00
2122,8000,AO_TZn,0.000000000000e+00
2122,8000,PO_TZn,1.248841403888e+01
2122,8000,SED_TZn,1.248841403888e+01
2122,8000,SEDWSSD_TZn,1.248841403888e+01
2122,8000,SEDSCRS_TZn,0.000000000000e+00
2122,9000,AREA,1.343539209999e+02
2122,9000,PREC,1.485925614227e+03
2122,9000,SURO,1.403039011545e+03
2122,9000,IFWO,0.000000000000e+00
2122,9000,AGWO,0.000000000000e+00
2122,9000,PERO,1.403039011545e+03
2122,9000,TAET,8.288660268184e+01
2122,9000,SEDLOAD,3.665615361637e+00
2122,9000,SEDWSSD, 3.66562e+00
2122,9000,SEDSCRS, 0.00000e+00
2122,9000,SEDSURO, 0.00000e+00
2122,9000,SEDIFWO, 0.00000e+00
2122,9000,SEDAGWO, 0.00000e+00
2122,9000,SO_TN,4.455435743475e+02
2122,9000,IO_TN,0.000000000000e+00
2122,9000,AO_TN,0.000000000000e+00
2122,9000,PO_TN,4.455435743475e+02
2122,9000,SO_TP,3.848896129719e+00
2122,9000,IO_TP,0.000000000000e+00
2122,9000,AO_TP,0.000000000000e+00
2122,9000,PO_TP,3.848896129719e+00
2122,9000,SED_TP,3.848896129719e+00
2122,9000,SEDWSSD_TP,3.848896129719e+00
2122,9000,SEDSCRS_TP,0.000000000000e+00
2122,9000,SO_TCd,1.374605760614e-02
2122,9000,IO_TCd,0.000000000000e+00
2122,9000,AO_TCd,0.000000000000e+00
2122,9000,PO_TCd,1.374605760614e-02
2122,9000,SED_TCd,1.374605760614e-02
2122,9000,SEDWSSD_TCd,1.374605760614e-02
2122,9000,SEDSCRS_TCd,0.000000000000e+00
2122,9000,SO_TCu,1.374605760614e+00
2122,9000,IO_TCu,0.000000000000e+00
2122,9000,AO_TCu,0.000000000000e+00
2122,9000,PO_TCu,1.374605760614e+00
2122,9000,SED_TCu,1.374605760614e+00
2122,9000,SEDWSSD_TCu,1.374605760614e+00
2122,9000,SEDSCRS_TCu,0.000000000000e+00
2122,9000,SO_TPb,3.299053825474e-01
2122,9000,IO_TPb,0.000000000000e+00
2122,9000,AO_TPb,0.000000000000e+00
2122,9000,PO_TPb,3.299053825474e-01
2122,9000,SED_TPb,3.299053825474e-01
2122,9000,SEDWSSD_TPb,3.299053825474e-01
2122,9000,SEDSCRS_TPb,0.000000000000e+00
2122,9000,SO_TZn,1.979432295284e+01
2122,9000,IO_TZn,0.000000000000e+00
2122,9000,AO_TZn,0.000000000000e+00
2122,9000,PO_TZn,1.979432295284e+01
2122,9000,SED_TZn,1.979432295284e+01
2122,9000,SEDWSSD_TZn,1.979432295284e+01
2122,9000,SEDSCRS_TZn,0.000000000000e+00
2122,10000,AREA,9.580680000011e+00
2122,10000,PREC,1.059602705135e+02
2122,10000,SURO,3.422060656050e+02
2122,10000,IFWO,0.000000000000e+00
2122,10000,AGWO,0.000000000000e+00
2122,10000,PERO,3.422060656050e+02
2122,10000,TAET,4.382548692295e+01
2122,10000,SEDLOAD,5.816132271954e+00
2122,10000,SEDWSSD, 0.00000e+00
2122,10000,SEDSCRS, 0.00000e+00
2122,10000,SEDSURO, 5.81613e+00
2122,10000,SEDIFWO, 0.00000e+00
2122,10000,SEDAGWO, 0.00000e+00
2122,10000,SO_TN,3.101941180728e+02
2122,10000,IO_TN,0.000000000000e+00
2122,10000,AO_TN,0.000000000000e+00
2122,10000,PO_TN,3.101941180728e+02
2122,10000,SO_TP,3.101941180728e+01
2122,10000,IO_TP,0.000000000000e+00
2122,10000,AO_TP,0.000000000000e+00
2122,10000,PO_TP,3.101941180728e+01
2122,10000,SED_TP,0.000000000000e+00
2122,10000,SEDWSSD_TP,0.000000000000e+00
2122,10000,SEDSCRS_TP,0.000000000000e+00
2122,10000,SO_TCd,7.754852951821e-03
2122,10000,IO_TCd,0.000000000000e+00
2122,10000,AO_TCd,0.000000000000e+00
2122,10000,PO_TCd,7.754852951821e-03
2122,10000,SED_TCd,0.000000000000e+00
2122,10000,SEDWSSD_TCd,0.000000000000e+00
2122,10000,SEDSCRS_TCd,0.000000000000e+00
2122,10000,SO_TCu,1.938713237955e+00
2122,10000,IO_TCu,0.000000000000e+00
2122,10000,AO_TCu,0.000000000000e+00
2122,10000,PO_TCu,1.938713237955e+00
2122,10000,SED_TCu,0.000000000000e+00
2122,10000,SEDWSSD_TCu,0.000000000000e+00
2122,10000,SEDSCRS_TCu,0.000000000000e+00
2122,10000,SO_TPb,3.101941180728e-01
2122,10000,IO_TPb,0.000000000000e+00
2122,10000,AO_TPb,0.000000000000e+00
2122,10000,PO_TPb,3.101941180728e-01
2122,10000,SED_TPb,0.000000000000e+00
2122,10000,SEDWSSD_TPb,0.000000000000e+00
2122,10000,SEDSCRS_TPb,0.000000000000e+00
2122,10000,SO_TZn,6.203882361456e+00
2122,10000,IO_TZn,0.000000000000e+00
2122,10000,AO_TZn,0.000000000000e+00
2122,10000,PO_TZn,6.203882361456e+00
2122,10000,SED_TZn,0.000000000000e+00
2122,10000,SEDWSSD_TZn,0.000000000000e+00
2122,10000,SEDSCRS_TZn,0.000000000000e+00
2122,11111,AREA,0.000000000000e+00
2122,11111,PREC,0.000000000000e+00
2122,11111,SURO,0.000000000000e+00
2122,11111,IFWO,0.000000000000e+00
2122,11111,AGWO,0.000000000000e+00
2122,11111,PERO,0.000000000000e+00
2122,11111,TAET,0.000000000000e+00
2122,11111,SEDLOAD,0.000000000000e+00
2122,11111,SEDWSSD, 0.00000e+00
2122,11111,SEDSCRS, 0.00000e+00
2122,11111,SEDSURO, 0.00000e+00
2122,11111,SEDIFWO, 0.00000e+00
2122,11111,SEDAGWO, 0.00000e+00
2122,11111,SO_TN,0.000000000000e+00
2122,11111,IO_TN,0.000000000000e+00
2122,11111,AO_TN,0.000000000000e+00
2122,11111,PO_TN,0.000000000000e+00
2122,11111,SO_TP,0.000000000000e+00
2122,11111,IO_TP,0.000000000000e+00
2122,11111,AO_TP,0.000000000000e+00
2122,11111,PO_TP,0.000000000000e+00
2122,11111,SED_TP,0.000000000000e+00
2122,11111,SEDWSSD_TP,0.000000000000e+00
2122,11111,SEDSCRS_TP,0.000000000000e+00
2122,11111,SO_TCd,0.000000000000e+00
2122,11111,IO_TCd,0.000000000000e+00
2122,11111,AO_TCd,0.000000000000e+00
2122,11111,PO_TCd,0.000000000000e+00
2122,11111,SED_TCd,0.000000000000e+00
2122,11111,SEDWSSD_TCd,0.000000000000e+00
2122,11111,SEDSCRS_TCd,0.000000000000e+00
2122,11111,SO_TCu,0.000000000000e+00
2122,11111,IO_TCu,0.000000000000e+00
2122,11111,AO_TCu,0.000000000000e+00
2122,11111,PO_TCu,0.000000000000e+00
2122,11111,SED_TCu,0.000000000000e+00
2122,11111,SEDWSSD_TCu,0.000000000000e+00
2122,11111,SEDSCRS_TCu,0.000000000000e+00
2122,11111,SO_TPb,0.000000000000e+00
2122,11111,IO_TPb,0.000000000000e+00
2122,11111,AO_TPb,0.000000000000e+00
2122,11111,PO_TPb,0.000000000000e+00
2122,11111,SED_TPb,0.000000000000e+00
2122,11111,SEDWSSD_TPb,0.000000000000e+00
2122,11111,SEDSCRS_TPb,0.000000000000e+00
2122,11111,SO_TZn,0.000000000000e+00
2122,11111,IO_TZn,0.000000000000e+00
2122,11111,AO_TZn,0.000000000000e+00
2122,11111,PO_TZn,0.000000000000e+00
2122,11111,SED_TZn,0.000000000000e+00
2122,11111,SEDWSSD_TZn,0.000000000000e+00
2122,11111,SEDSCRS_TZn,0.000000000000e+00
2122,11112,AREA,0.000000000000e+00
2122,11112,PREC,0.000000000000e+00
2122,11112,SURO,0.000000000000e+00
2122,11112,IFWO,0.000000000000e+00
2122,11112,AGWO,0.000000000000e+00
2122,11112,PERO,0.000000000000e+00
2122,11112,TAET,0.000000000000e+00
2122,11112,SEDLOAD,0.000000000000e+00
2122,11112,SEDWSSD, 0.00000e+00
2122,11112,SEDSCRS, 0.00000e+00
2122,11112,SEDSURO, 0.00000e+00
2122,11112,SEDIFWO, 0.00000e+00
2122,11112,SEDAGWO, 0.00000e+00
2122,11112,SO_TN,0.000000000000e+00
2122,11112,IO_TN,0.000000000000e+00
2122,11112,AO_TN,0.000000000000e+00
2122,11112,PO_TN,0.000000000000e+00
2122,11112,SO_TP,0.000000000000e+00
2122,11112,IO_TP,0.000000000000e+00
2122,11112,AO_TP,0.000000000000e+00
2122,11112,PO_TP,0.000000000000e+00
2122,11112,SED_TP,0.000000000000e+00
2122,11112,SEDWSSD_TP,0.000000000000e+00
2122,11112,SEDSCRS_TP,0.000000000000e+00
2122,11112,SO_TCd,0.000000000000e+00
2122,11112,IO_TCd,0.000000000000e+00
2122,11112,AO_TCd,0.000000000000e+00
2122,11112,PO_TCd,0.000000000000e+00
2122,11112,SED_TCd,0.000000000000e+00
2122,11112,SEDWSSD_TCd,0.000000000000e+00
2122,11112,SEDSCRS_TCd,0.000000000000e+00
2122,11112,SO_TCu,0.000000000000e+00
2122,11112,IO_TCu,0.000000000000e+00
2122,11112,AO_TCu,0.000000000000e+00
2122,11112,PO_TCu,0.000000000000e+00
2122,11112,SED_TCu,0.000000000000e+00
2122,11112,SEDWSSD_TCu,0.000000000000e+00
2122,11112,SEDSCRS_TCu,0.000000000000e+00
2122,11112,SO_TPb,0.000000000000e+00
2122,11112,IO_TPb,0.000000000000e+00
2122,11112,AO_TPb,0.000000000000e+00
2122,11112,PO_TPb,0.000000000000e+00
2122,11112,SED_TPb,0.000000000000e+00
2122,11112,SEDWSSD_TPb,0.000000000000e+00
2122,11112,SEDSCRS_TPb,0.000000000000e+00
2122,11112,SO_TZn,0.000000000000e+00
2122,11112,IO_TZn,0.000000000000e+00
2122,11112,AO_TZn,0.000000000000e+00
2122,11112,PO_TZn,0.000000000000e+00
2122,11112,SED_TZn,0.000000000000e+00
2122,11112,SEDWSSD_TZn,0.000000000000e+00
2122,11112,SEDSCRS_TZn,0.000000000000e+00
2122,11121,AREA,0.000000000000e+00
2122,11121,PREC,0.000000000000e+00
2122,11121,SURO,0.000000000000e+00
2122,11121,IFWO,0.000000000000e+00
2122,11121,AGWO,0.000000000000e+00
2122,11121,PERO,0.000000000000e+00
2122,11121,TAET,0.000000000000e+00
2122,11121,SEDLOAD,0.000000000000e+00
2122,11121,SEDWSSD, 0.00000e+00
2122,11121,SEDSCRS, 0.00000e+00
2122,11121,SEDSURO, 0.00000e+00
2122,11121,SEDIFWO, 0.00000e+00
2122,11121,SEDAGWO, 0.00000e+00
2122,11121,SO_TN,0.000000000000e+00
2122,11121,IO_TN,0.000000000000e+00
2122,11121,AO_TN,0.000000000000e+00
2122,11121,PO_TN,0.000000000000e+00
2122,11121,SO_TP,0.000000000000e+00
2122,11121,IO_TP,0.000000000000e+00
2122,11121,AO_TP,0.000000000000e+00
2122,11121,PO_TP,0.000000000000e+00
2122,11121,SED_TP,0.000000000000e+00
2122,11121,SEDWSSD_TP,0.000000000000e+00
2122,11121,SEDSCRS_TP,0.000000000000e+00
2122,11121,SO_TCd,0.000000000000e+00
2122,11121,IO_TCd,0.000000000000e+00
2122,11121,AO_TCd,0.000000000000e+00
2122,11121,PO_TCd,0.000000000000e+00
2122,11121,SED_TCd,0.000000000000e+00
2122,11121,SEDWSSD_TCd,0.000000000000e+00
2122,11121,SEDSCRS_TCd,0.000000000000e+00
2122,11121,SO_TCu,0.000000000000e+00
2122,11121,IO_TCu,0.000000000000e+00
2122,11121,AO_TCu,0.000000000000e+00
2122,11121,PO_TCu,0.000000000000e+00
2122,11121,SED_TCu,0.000000000000e+00
2122,11121,SEDWSSD_TCu,0.000000000000e+00
2122,11121,SEDSCRS_TCu,0.000000000000e+00
2122,11121,SO_TPb,0.000000000000e+00
2122,11121,IO_TPb,0.000000000000e+00
2122,11121,AO_TPb,0.000000000000e+00
2122,11121,PO_TPb,0.000000000000e+00
2122,11121,SED_TPb,0.000000000000e+00
2122,11121,SEDWSSD_TPb,0.000000000000e+00
2122,11121,SEDSCRS_TPb,0.000000000000e+00
2122,11121,SO_TZn,0.000000000000e+00
2122,11121,IO_TZn,0.000000000000e+00
2122,11121,AO_TZn,0.000000000000e+00
2122,11121,PO_TZn,0.000000000000e+00
2122,11121,SED_TZn,0.000000000000e+00
2122,11121,SEDWSSD_TZn,0.000000000000e+00
2122,11121,SEDSCRS_TZn,0.000000000000e+00
2122,11122,AREA,0.000000000000e+00
2122,11122,PREC,0.000000000000e+00
2122,11122,SURO,0.000000000000e+00
2122,11122,IFWO,0.000000000000e+00
2122,11122,AGWO,0.000000000000e+00
2122,11122,PERO,0.000000000000e+00
2122,11122,TAET,0.000000000000e+00
2122,11122,SEDLOAD,0.000000000000e+00
2122,11122,SEDWSSD, 0.00000e+00
2122,11122,SEDSCRS, 0.00000e+00
2122,11122,SEDSURO, 0.00000e+00
2122,11122,SEDIFWO, 0.00000e+00
2122,11122,SEDAGWO, 0.00000e+00
2122,11122,SO_TN,0.000000000000e+00
2122,11122,IO_TN,0.000000000000e+00
2122,11122,AO_TN,0.000000000000e+00
2122,11122,PO_TN,0.000000000000e+00
2122,11122,SO_TP,0.000000000000e+00
2122,11122,IO_TP,0.000000000000e+00
2122,11122,AO_TP,0.000000000000e+00
2122,11122,PO_TP,0.000000000000e+00
2122,11122,SED_TP,0.000000000000e+00
2122,11122,SEDWSSD_TP,0.000000000000e+00
2122,11122,SEDSCRS_TP,0.000000000000e+00
2122,11122,SO_TCd,0.000000000000e+00
2122,11122,IO_TCd,0.000000000000e+00
2122,11122,AO_TCd,0.000000000000e+00
2122,11122,PO_TCd,0.000000000000e+00
2122,11122,SED_TCd,0.000000000000e+00
2122,11122,SEDWSSD_TCd,0.000000000000e+00
2122,11122,SEDSCRS_TCd,0.000000000000e+00
2122,11122,SO_TCu,0.000000000000e+00
2122,11122,IO_TCu,0.000000000000e+00
2122,11122,AO_TCu,0.000000000000e+00
2122,11122,PO_TCu,0.000000000000e+00
2122,11122,SED_TCu,0.000000000000e+00
2122,11122,SEDWSSD_TCu,0.000000000000e+00
2122,11122,SEDSCRS_TCu,0.000000000000e+00
2122,11122,SO_TPb,0.000000000000e+00
2122,11122,IO_TPb,0.000000000000e+00
2122,11122,AO_TPb,0.000000000000e+00
2122,11122,PO_TPb,0.000000000000e+00
2122,11122,SED_TPb,0.000000000000e+00
2122,11122,SEDWSSD_TPb,0.000000000000e+00
2122,11122,SEDSCRS_TPb,0.000000000000e+00
2122,11122,SO_TZn,0.000000000000e+00
2122,11122,IO_TZn,0.000000000000e+00
2122,11122,AO_TZn,0.000000000000e+00
2122,11122,PO_TZn,0.000000000000e+00
2122,11122,SED_TZn,0.000000000000e+00
2122,11122,SEDWSSD_TZn,0.000000000000e+00
2122,11122,SEDSCRS_TZn,0.000000000000e+00
2122,11211,AREA,0.000000000000e+00
2122,11211,PREC,0.000000000000e+00
2122,11211,SURO,0.000000000000e+00
2122,11211,IFWO,0.000000000000e+00
2122,11211,AGWO,0.000000000000e+00
2122,11211,PERO,0.000000000000e+00
2122,11211,TAET,0.000000000000e+00
2122,11211,SEDLOAD,0.000000000000e+00
2122,11211,SEDWSSD, 0.00000e+00
2122,11211,SEDSCRS, 0.00000e+00
2122,11211,SEDSURO, 0.00000e+00
2122,11211,SEDIFWO, 0.00000e+00
2122,11211,SEDAGWO, 0.00000e+00
2122,11211,SO_TN,0.000000000000e+00
2122,11211,IO_TN,0.000000000000e+00
2122,11211,AO_TN,0.000000000000e+00
2122,11211,PO_TN,0.000000000000e+00
2122,11211,SO_TP,0.000000000000e+00
2122,11211,IO_TP,0.000000000000e+00
2122,11211,AO_TP,0.000000000000e+00
2122,11211,PO_TP,0.000000000000e+00
2122,11211,SED_TP,0.000000000000e+00
2122,11211,SEDWSSD_TP,0.000000000000e+00
2122,11211,SEDSCRS_TP,0.000000000000e+00
2122,11211,SO_TCd,0.000000000000e+00
2122,11211,IO_TCd,0.000000000000e+00
2122,11211,AO_TCd,0.000000000000e+00
2122,11211,PO_TCd,0.000000000000e+00
2122,11211,SED_TCd,0.000000000000e+00
2122,11211,SEDWSSD_TCd,0.000000000000e+00
2122,11211,SEDSCRS_TCd,0.000000000000e+00
2122,11211,SO_TCu,0.000000000000e+00
2122,11211,IO_TCu,0.000000000000e+00
2122,11211,AO_TCu,0.000000000000e+00
2122,11211,PO_TCu,0.000000000000e+00
2122,11211,SED_TCu,0.000000000000e+00
2122,11211,SEDWSSD_TCu,0.000000000000e+00
2122,11211,SEDSCRS_TCu,0.000000000000e+00
2122,11211,SO_TPb,0.000000000000e+00
2122,11211,IO_TPb,0.000000000000e+00
2122,11211,AO_TPb,0.000000000000e+00
2122,11211,PO_TPb,0.000000000000e+00
2122,11211,SED_TPb,0.000000000000e+00
2122,11211,SEDWSSD_TPb,0.000000000000e+00
2122,11211,SEDSCRS_TPb,0.000000000000e+00
2122,11211,SO_TZn,0.000000000000e+00
2122,11211,IO_TZn,0.000000000000e+00
2122,11211,AO_TZn,0.000000000000e+00
2122,11211,PO_TZn,0.000000000000e+00
2122,11211,SED_TZn,0.000000000000e+00
2122,11211,SEDWSSD_TZn,0.000000000000e+00
2122,11211,SEDSCRS_TZn,0.000000000000e+00
2122,11212,AREA,0.000000000000e+00
2122,11212,PREC,0.000000000000e+00
2122,11212,SURO,0.000000000000e+00
2122,11212,IFWO,0.000000000000e+00
2122,11212,AGWO,0.000000000000e+00
2122,11212,PERO,0.000000000000e+00
2122,11212,TAET,0.000000000000e+00
2122,11212,SEDLOAD,0.000000000000e+00
2122,11212,SEDWSSD, 0.00000e+00
2122,11212,SEDSCRS, 0.00000e+00
2122,11212,SEDSURO, 0.00000e+00
2122,11212,SEDIFWO, 0.00000e+00
2122,11212,SEDAGWO, 0.00000e+00
2122,11212,SO_TN,0.000000000000e+00
2122,11212,IO_TN,0.000000000000e+00
2122,11212,AO_TN,0.000000000000e+00
2122,11212,PO_TN,0.000000000000e+00
2122,11212,SO_TP,0.000000000000e+00
2122,11212,IO_TP,0.000000000000e+00
2122,11212,AO_TP,0.000000000000e+00
2122,11212,PO_TP,0.000000000000e+00
2122,11212,SED_TP,0.000000000000e+00
2122,11212,SEDWSSD_TP,0.000000000000e+00
2122,11212,SEDSCRS_TP,0.000000000000e+00
2122,11212,SO_TCd,0.000000000000e+00
2122,11212,IO_TCd,0.000000000000e+00
2122,11212,AO_TCd,0.000000000000e+00
2122,11212,PO_TCd,0.000000000000e+00
2122,11212,SED_TCd,0.000000000000e+00
2122,11212,SEDWSSD_TCd,0.000000000000e+00
2122,11212,SEDSCRS_TCd,0.000000000000e+00
2122,11212,SO_TCu,0.000000000000e+00
2122,11212,IO_TCu,0.000000000000e+00
2122,11212,AO_TCu,0.000000000000e+00
2122,11212,PO_TCu,0.000000000000e+00
2122,11212,SED_TCu,0.000000000000e+00
2122,11212,SEDWSSD_TCu,0.000000000000e+00
2122,11212,SEDSCRS_TCu,0.000000000000e+00
2122,11212,SO_TPb,0.000000000000e+00
2122,11212,IO_TPb,0.000000000000e+00
2122,11212,AO_TPb,0.000000000000e+00
2122,11212,PO_TPb,0.000000000000e+00
2122,11212,SED_TPb,0.000000000000e+00
2122,11212,SEDWSSD_TPb,0.000000000000e+00
2122,11212,SEDSCRS_TPb,0.000000000000e+00
2122,11212,SO_TZn,0.000000000000e+00
2122,11212,IO_TZn,0.000000000000e+00
2122,11212,AO_TZn,0.000000000000e+00
2122,11212,PO_TZn,0.000000000000e+00
2122,11212,SED_TZn,0.000000000000e+00
2122,11212,SEDWSSD_TZn,0.000000000000e+00
2122,11212,SEDSCRS_TZn,0.000000000000e+00
2122,11221,AREA,1.431377999997e+00
2122,11221,PREC,1.583073436197e+01
2122,11221,SURO,4.633506451248e+00
2122,11221,IFWO,3.537343688668e+00
2122,11221,AGWO,3.686155200215e+01
2122,11221,PERO,4.503240214207e+01
2122,11221,TAET,1.208828193862e+01
2122,11221,SEDLOAD,9.775343470548e-02
2122,11221,SEDWSSD, 9.31760e-02
2122,11221,SEDSCRS, 0.00000e+00
2122,11221,SEDSURO, 0.00000e+00
2122,11221,SEDIFWO, 4.00804e-04
2122,11221,SEDAGWO, 4.17666e-03
2122,11221,SO_TN,1.760249639507e+00
2122,11221,IO_TN,1.603219983677e+00
2122,11221,AO_TN,6.264995219631e+00
2122,11221,PO_TN,9.628464842815e+00
2122,11221,SO_TP,1.863519441736e-01
2122,11221,IO_TP,3.206439967354e-01
2122,11221,AO_TP,1.670665391902e+00
2122,11221,PO_TP,2.177661332811e+00
2122,11221,SED_TP,1.863519441736e-01
2122,11221,SEDWSSD_TP,1.863519441736e-01
2122,11221,SEDSCRS_TP,0.000000000000e+00
2122,11221,SO_TCd,4.658798604340e-04
2122,11221,IO_TCd,0.000000000000e+00
2122,11221,AO_TCd,0.000000000000e+00
2122,11221,PO_TCd,4.658798604340e-04
2122,11221,SED_TCd,4.658798604340e-04
2122,11221,SEDWSSD_TCd,4.658798604340e-04
2122,11221,SEDSCRS_TCd,0.000000000000e+00
2122,11221,SO_TCu,4.658798604340e-02
2122,11221,IO_TCu,0.000000000000e+00
2122,11221,AO_TCu,0.000000000000e+00
2122,11221,PO_TCu,4.658798604340e-02
2122,11221,SED_TCu,4.658798604340e-02
2122,11221,SEDWSSD_TCu,4.658798604340e-02
2122,11221,SEDSCRS_TCu,0.000000000000e+00
2122,11221,SO_TPb,9.317597208681e-04
2122,11221,IO_TPb,0.000000000000e+00
2122,11221,AO_TPb,0.000000000000e+00
2122,11221,PO_TPb,9.317597208681e-04
2122,11221,SED_TPb,9.317597208681e-04
2122,11221,SEDWSSD_TPb,9.317597208681e-04
2122,11221,SEDSCRS_TPb,0.000000000000e+00
2122,11221,SO_TZn,3.354334995125e-01
2122,11221,IO_TZn,0.000000000000e+00
2122,11221,AO_TZn,4.176663479754e-01
2122,11221,PO_TZn,7.530998474879e-01
2122,11221,SED_TZn,3.354334995125e-01
2122,11221,SEDWSSD_TZn,3.354334995125e-01
2122,11221,SEDSCRS_TZn,0.000000000000e+00
2122,11222,AREA,0.000000000000e+00
2122,11222,PREC,0.000000000000e+00
2122,11222,SURO,0.000000000000e+00
2122,11222,IFWO,0.000000000000e+00
2122,11222,AGWO,0.000000000000e+00
2122,11222,PERO,0.000000000000e+00
2122,11222,TAET,0.000000000000e+00
2122,11222,SEDLOAD,0.000000000000e+00
2122,11222,SEDWSSD, 0.00000e+00
2122,11222,SEDSCRS, 0.00000e+00
2122,11222,SEDSURO, 0.00000e+00
2122,11222,SEDIFWO, 0.00000e+00
2122,11222,SEDAGWO, 0.00000e+00
2122,11222,SO_TN,0.000000000000e+00
2122,11222,IO_TN,0.000000000000e+00
2122,11222,AO_TN,0.000000000000e+00
2122,11222,PO_TN,0.000000000000e+00
2122,11222,SO_TP,0.000000000000e+00
2122,11222,IO_TP,0.000000000000e+00
2122,11222,AO_TP,0.000000000000e+00
2122,11222,PO_TP,0.000000000000e+00
2122,11222,SED_TP,0.000000000000e+00
2122,11222,SEDWSSD_TP,0.000000000000e+00
2122,11222,SEDSCRS_TP,0.000000000000e+00
2122,11222,SO_TCd,0.000000000000e+00
2122,11222,IO_TCd,0.000000000000e+00
2122,11222,AO_TCd,0.000000000000e+00
2122,11222,PO_TCd,0.000000000000e+00
2122,11222,SED_TCd,0.000000000000e+00
2122,11222,SEDWSSD_TCd,0.000000000000e+00
2122,11222,SEDSCRS_TCd,0.000000000000e+00
2122,11222,SO_TCu,0.000000000000e+00
2122,11222,IO_TCu,0.000000000000e+00
2122,11222,AO_TCu,0.000000000000e+00
2122,11222,PO_TCu,0.000000000000e+00
2122,11222,SED_TCu,0.000000000000e+00
2122,11222,SEDWSSD_TCu,0.000000000000e+00
2122,11222,SEDSCRS_TCu,0.000000000000e+00
2122,11222,SO_TPb,0.000000000000e+00
2122,11222,IO_TPb,0.000000000000e+00
2122,11222,AO_TPb,0.000000000000e+00
2122,11222,PO_TPb,0.000000000000e+00
2122,11222,SED_TPb,0.000000000000e+00
2122,11222,SEDWSSD_TPb,0.000000000000e+00
2122,11222,SEDSCRS_TPb,0.000000000000e+00
2122,11222,SO_TZn,0.000000000000e+00
2122,11222,IO_TZn,0.000000000000e+00
2122,11222,AO_TZn,0.000000000000e+00
2122,11222,PO_TZn,0.000000000000e+00
2122,11222,SED_TZn,0.000000000000e+00
2122,11222,SEDWSSD_TZn,0.000000000000e+00
2122,11222,SEDSCRS_TZn,0.000000000000e+00
2122,11311,AREA,3.754431799997e+01
2122,11311,PREC,4.152321225137e+02
2122,11311,SURO,1.984593896168e+02
2122,11311,IFWO,1.105656808451e+02
2122,11311,AGWO,8.706814512252e+02
2122,11311,PERO,1.179706521687e+03
2122,11311,TAET,3.180735321708e+02
2122,11311,SEDLOAD,2.106759776646e+00
2122,11311,SEDWSSD, 1.99558e+00
2122,11311,SEDSCRS, 0.00000e+00
2122,11311,SEDSURO, 0.00000e+00
2122,11311,SEDIFWO, 1.25278e-02
2122,11311,SEDAGWO, 9.86540e-02
2122,11311,SO_TN,6.040292622305e+01
2122,11311,IO_TN,5.011136169992e+01
2122,11311,AO_TN,1.479811574247e+02
2122,11311,PO_TN,2.584954453476e+02
2122,11311,SO_TP,3.991155947063e+00
2122,11311,IO_TP,1.002227233998e+01
2122,11311,AO_TP,3.946164197991e+01
2122,11311,PO_TP,5.347507026695e+01
2122,11311,SED_TP,3.991155947063e+00
2122,11311,SEDWSSD_TP,3.991155947063e+00
2122,11311,SEDSCRS_TP,0.000000000000e+00
2122,11311,SO_TCd,9.977889867656e-03
2122,11311,IO_TCd,0.000000000000e+00
2122,11311,AO_TCd,0.000000000000e+00
2122,11311,PO_TCd,9.977889867656e-03
2122,11311,SED_TCd,9.977889867656e-03
2122,11311,SEDWSSD_TCd,9.977889867656e-03
2122,11311,SEDSCRS_TCd,0.000000000000e+00
2122,11311,SO_TCu,9.977889867657e-01
2122,11311,IO_TCu,0.000000000000e+00
2122,11311,AO_TCu,0.000000000000e+00
2122,11311,PO_TCu,9.977889867657e-01
2122,11311,SED_TCu,9.977889867657e-01
2122,11311,SEDWSSD_TCu,9.977889867657e-01
2122,11311,SEDSCRS_TCu,0.000000000000e+00
2122,11311,SO_TPb,1.995577973531e-02
2122,11311,IO_TPb,0.000000000000e+00
2122,11311,AO_TPb,0.000000000000e+00
2122,11311,PO_TPb,1.995577973531e-02
2122,11311,SED_TPb,1.995577973531e-02
2122,11311,SEDWSSD_TPb,1.995577973531e-02
2122,11311,SEDSCRS_TPb,0.000000000000e+00
2122,11311,SO_TZn,7.184080704713e+00
2122,11311,IO_TZn,0.000000000000e+00
2122,11311,AO_TZn,9.865410494977e+00
2122,11311,PO_TZn,1.704949119969e+01
2122,11311,SED_TZn,7.184080704713e+00
2122,11311,SEDWSSD_TZn,7.184080704713e+00
2122,11311,SEDSCRS_TZn,0.000000000000e+00
2122,11312,AREA,0.000000000000e+00
2122,11312,PREC,0.000000000000e+00
2122,11312,SURO,0.000000000000e+00
2122,11312,IFWO,0.000000000000e+00
2122,11312,AGWO,0.000000000000e+00
2122,11312,PERO,0.000000000000e+00
2122,11312,TAET,0.000000000000e+00
2122,11312,SEDLOAD,0.000000000000e+00
2122,11312,SEDWSSD, 0.00000e+00
2122,11312,SEDSCRS, 0.00000e+00
2122,11312,SEDSURO, 0.00000e+00
2122,11312,SEDIFWO, 0.00000e+00
2122,11312,SEDAGWO, 0.00000e+00
2122,11312,SO_TN,0.000000000000e+00
2122,11312,IO_TN,0.000000000000e+00
2122,11312,AO_TN,0.000000000000e+00
2122,11312,PO_TN,0.000000000000e+00
2122,11312,SO_TP,0.000000000000e+00
2122,11312,IO_TP,0.000000000000e+00
2122,11312,AO_TP,0.000000000000e+00
2122,11312,PO_TP,0.000000000000e+00
2122,11312,SED_TP,0.000000000000e+00
2122,11312,SEDWSSD_TP,0.000000000000e+00
2122,11312,SEDSCRS_TP,0.000000000000e+00
2122,11312,SO_TCd,0.000000000000e+00
2122,11312,IO_TCd,0.000000000000e+00
2122,11312,AO_TCd,0.000000000000e+00
2122,11312,PO_TCd,0.000000000000e+00
2122,11312,SED_TCd,0.000000000000e+00
2122,11312,SEDWSSD_TCd,0.000000000000e+00
2122,11312,SEDSCRS_TCd,0.000000000000e+00
2122,11312,SO_TCu,0.000000000000e+00
2122,11312,IO_TCu,0.000000000000e+00
2122,11312,AO_TCu,0.000000000000e+00
2122,11312,PO_TCu,0.000000000000e+00
2122,11312,SED_TCu,0.000000000000e+00
2122,11312,SEDWSSD_TCu,0.000000000000e+00
2122,11312,SEDSCRS_TCu,0.000000000000e+00
2122,11312,SO_TPb,0.000000000000e+00
2122,11312,IO_TPb,0.000000000000e+00
2122,11312,AO_TPb,0.000000000000e+00
2122,11312,PO_TPb,0.000000000000e+00
2122,11312,SED_TPb,0.000000000000e+00
2122,11312,SEDWSSD_TPb,0.000000000000e+00
2122,11312,SEDSCRS_TPb,0.000000000000e+00
2122,11312,SO_TZn,0.000000000000e+00
2122,11312,IO_TZn,0.000000000000e+00
2122,11312,AO_TZn,0.000000000000e+00
2122,11312,PO_TZn,0.000000000000e+00
2122,11312,SED_TZn,0.000000000000e+00
2122,11312,SEDWSSD_TZn,0.000000000000e+00
2122,11312,SEDSCRS_TZn,0.000000000000e+00
2122,11321,AREA,1.665419099999e+01
2122,11321,PREC,1.841917884267e+02
2122,11321,SURO,9.354111445976e+01
2122,11321,IFWO,4.605262901781e+01
2122,11321,AGWO,3.841727969941e+02
2122,11321,PERO,5.237665404717e+02
2122,11321,TAET,1.408417802145e+02
2122,11321,SEDLOAD,7.644188997192e-01
2122,11321,SEDWSSD, 7.15672e-01
2122,11321,SEDSCRS, 0.00000e+00
2122,11321,SEDSURO, 0.00000e+00
2122,11321,SEDIFWO, 5.21807e-03
2122,11321,SEDAGWO, 4.35293e-02
2122,11321,SO_TN,2.761159026803e+01
2122,11321,IO_TN,2.087229900186e+01
2122,11321,AO_TN,6.529406945589e+01
2122,11321,PO_TN,1.137779587258e+02
2122,11321,SO_TP,1.431343015410e+00
2122,11321,IO_TP,4.174459800371e+00
2122,11321,AO_TP,1.741175185490e+01
2122,11321,PO_TP,2.301755467069e+01
2122,11321,SED_TP,1.431343015410e+00
2122,11321,SEDWSSD_TP,1.431343015410e+00
2122,11321,SEDSCRS_TP,0.000000000000e+00
2122,11321,SO_TCd,3.578357538526e-03
2122,11321,IO_TCd,0.000000000000e+00
2122,11321,AO_TCd,0.000000000000e+00
2122,11321,PO_TCd,3.578357538526e-03
2122,11321,SED_TCd,3.578357538526e-03
2122,11321,SEDWSSD_TCd,3.578357538526e-03
2122,11321,SEDSCRS_TCd,0.000000000000e+00
2122,11321,SO_TCu,3.578357538526e-01
2122,11321,IO_TCu,0.000000000000e+00
2122,11321,AO_TCu,0.000000000000e+00
2122,11321,PO_TCu,3.578357538526e-01
2122,11321,SED_TCu,3.578357538526e-01
2122,11321,SEDWSSD_TCu,3.578357538526e-01
2122,11321,SEDSCRS_TCu,0.000000000000e+00
2122,11321,SO_TPb,7.156715077052e-03
2122,11321,IO_TPb,0.000000000000e+00
2122,11321,AO_TPb,0.000000000000e+00
2122,11321,PO_TPb,7.156715077052e-03
2122,11321,SED_TPb,7.156715077052e-03
2122,11321,SEDWSSD_TPb,7.156715077052e-03
2122,11321,SEDSCRS_TPb,0.000000000000e+00
2122,11321,SO_TZn,2.576417427739e+00
2122,11321,IO_TZn,0.000000000000e+00
2122,11321,AO_TZn,4.352937963726e+00
2122,11321,PO_TZn,6.929355391465e+00
2122,11321,SED_TZn,2.576417427739e+00
2122,11321,SEDWSSD_TZn,2.576417427739e+00
2122,11321,SEDSCRS_TZn,0.000000000000e+00
2122,11322,AREA,0.000000000000e+00
2122,11322,PREC,0.000000000000e+00
2122,11322,SURO,0.000000000000e+00
2122,11322,IFWO,0.000000000000e+00
2122,11322,AGWO,0.000000000000e+00
2122,11322,PERO,0.000000000000e+00
2122,11322,TAET,0.000000000000e+00
2122,11322,SEDLOAD,0.000000000000e+00
2122,11322,SEDWSSD, 0.00000e+00
2122,11322,SEDSCRS, 0.00000e+00
2122,11322,SEDSURO, 0.00000e+00
2122,11322,SEDIFWO, 0.00000e+00
2122,11322,SEDAGWO, 0.00000e+00
2122,11322,SO_TN,0.000000000000e+00
2122,11322,IO_TN,0.000000000000e+00
2122,11322,AO_TN,0.000000000000e+00
2122,11322,PO_TN,0.000000000000e+00
2122,11322,SO_TP,0.000000000000e+00
2122,11322,IO_TP,0.000000000000e+00
2122,11322,AO_TP,0.000000000000e+00
2122,11322,PO_TP,0.000000000000e+00
2122,11322,SED_TP,0.000000000000e+00
2122,11322,SEDWSSD_TP,0.000000000000e+00
2122,11322,SEDSCRS_TP,0.000000000000e+00
2122,11322,SO_TCd,0.000000000000e+00
2122,11322,IO_TCd,0.000000000000e+00
2122,11322,AO_TCd,0.000000000000e+00
2122,11322,PO_TCd,0.000000000000e+00
2122,11322,SED_TCd,0.000000000000e+00
2122,11322,SEDWSSD_TCd,0.000000000000e+00
2122,11322,SEDSCRS_TCd,0.000000000000e+00
2122,11322,SO_TCu,0.000000000000e+00
2122,11322,IO_TCu,0.000000000000e+00
2122,11322,AO_TCu,0.000000000000e+00
2122,11322,PO_TCu,0.000000000000e+00
2122,11322,SED_TCu,0.000000000000e+00
2122,11322,SEDWSSD_TCu,0.000000000000e+00
2122,11322,SEDSCRS_TCu,0.000000000000e+00
2122,11322,SO_TPb,0.000000000000e+00
2122,11322,IO_TPb,0.000000000000e+00
2122,11322,AO_TPb,0.000000000000e+00
2122,11322,PO_TPb,0.000000000000e+00
2122,11322,SED_TPb,0.000000000000e+00
2122,11322,SEDWSSD_TPb,0.000000000000e+00
2122,11322,SEDSCRS_TPb,0.000000000000e+00
2122,11322,SO_TZn,0.000000000000e+00
2122,11322,IO_TZn,0.000000000000e+00
2122,11322,AO_TZn,0.000000000000e+00
2122,11322,PO_TZn,0.000000000000e+00
2122,11322,SED_TZn,0.000000000000e+00
2122,11322,SEDWSSD_TZn,0.000000000000e+00
2122,11322,SEDSCRS_TZn,0.000000000000e+00
2122,11411,AREA,8.365900900008e+01
2122,11411,PREC,9.252507363289e+02
2122,11411,SURO,5.612236577073e+02
2122,11411,IFWO,2.981737883612e+02
2122,11411,AGWO,1.769821657055e+03
2122,11411,PERO,2.629219103123e+03
2122,11411,TAET,7.090895483997e+02
2122,11411,SEDLOAD,2.950401979540e+00
2122,11411,SEDWSSD, 2.71608e+00
2122,11411,SEDSCRS, 0.00000e+00
2122,11411,SEDSURO, 0.00000e+00
2122,11411,SEDIFWO, 3.37851e-02
2122,11411,SEDAGWO, 2.00533e-01
2122,11411,SO_TN,1.395489321252e+02
2122,11411,IO_TN,1.351404381883e+02
2122,11411,AO_TN,3.007991692917e+02
2122,11411,PO_TN,5.754885396052e+02
2122,11411,SO_TP,5.432168780563e+00
2122,11411,IO_TP,2.702808763767e+01
2122,11411,AO_TP,8.021311181111e+01
2122,11411,PO_TP,1.126733682293e+02
2122,11411,SED_TP,5.432168780563e+00
2122,11411,SEDWSSD_TP,5.432168780563e+00
2122,11411,SEDSCRS_TP,0.000000000000e+00
2122,11411,SO_TCd,1.358042195141e-02
2122,11411,IO_TCd,0.000000000000e+00
2122,11411,AO_TCd,0.000000000000e+00
2122,11411,PO_TCd,1.358042195141e-02
2122,11411,SED_TCd,1.358042195141e-02
2122,11411,SEDWSSD_TCd,1.358042195141e-02
2122,11411,SEDSCRS_TCd,0.000000000000e+00
2122,11411,SO_TCu,1.358042195141e+00
2122,11411,IO_TCu,0.000000000000e+00
2122,11411,AO_TCu,0.000000000000e+00
2122,11411,PO_TCu,1.358042195141e+00
2122,11411,SED_TCu,1.358042195141e+00
2122,11411,SEDWSSD_TCu,1.358042195141e+00
2122,11411,SEDSCRS_TCu,0.000000000000e+00
2122,11411,SO_TPb,2.716084390281e-02
2122,11411,IO_TPb,0.000000000000e+00
2122,11411,AO_TPb,0.000000000000e+00
2122,11411,PO_TPb,2.716084390281e-02
2122,11411,SED_TPb,2.716084390281e-02
2122,11411,SEDWSSD_TPb,2.716084390281e-02
2122,11411,SEDSCRS_TPb,0.000000000000e+00
2122,11411,SO_TZn,9.777903805013e+00
2122,11411,IO_TZn,0.000000000000e+00
2122,11411,AO_TZn,2.005327795278e+01
2122,11411,PO_TZn,2.983118175779e+01
2122,11411,SED_TZn,9.777903805013e+00
2122,11411,SEDWSSD_TZn,9.777903805013e+00
2122,11411,SEDSCRS_TZn,0.000000000000e+00
2122,11412,AREA,0.000000000000e+00
2122,11412,PREC,0.000000000000e+00
2122,11412,SURO,0.000000000000e+00
2122,11412,IFWO,0.000000000000e+00
2122,11412,AGWO,0.000000000000e+00
2122,11412,PERO,0.000000000000e+00
2122,11412,TAET,0.000000000000e+00
2122,11412,SEDLOAD,0.000000000000e+00
2122,11412,SEDWSSD, 0.00000e+00
2122,11412,SEDSCRS, 0.00000e+00
2122,11412,SEDSURO, 0.00000e+00
2122,11412,SEDIFWO, 0.00000e+00
2122,11412,SEDAGWO, 0.00000e+00
2122,11412,SO_TN,0.000000000000e+00
2122,11412,IO_TN,0.000000000000e+00
2122,11412,AO_TN,0.000000000000e+00
2122,11412,PO_TN,0.000000000000e+00
2122,11412,SO_TP,0.000000000000e+00
2122,11412,IO_TP,0.000000000000e+00
2122,11412,AO_TP,0.000000000000e+00
2122,11412,PO_TP,0.000000000000e+00
2122,11412,SED_TP,0.000000000000e+00
2122,11412,SEDWSSD_TP,0.000000000000e+00
2122,11412,SEDSCRS_TP,0.000000000000e+00
2122,11412,SO_TCd,0.000000000000e+00
2122,11412,IO_TCd,0.000000000000e+00
2122,11412,AO_TCd,0.000000000000e+00
2122,11412,PO_TCd,0.000000000000e+00
2122,11412,SED_TCd,0.000000000000e+00
2122,11412,SEDWSSD_TCd,0.000000000000e+00
2122,11412,SEDSCRS_TCd,0.000000000000e+00
2122,11412,SO_TCu,0.000000000000e+00
2122,11412,IO_TCu,0.000000000000e+00
2122,11412,AO_TCu,0.000000000000e+00
2122,11412,PO_TCu,0.000000000000e+00
2122,11412,SED_TCu,0.000000000000e+00
2122,11412,SEDWSSD_TCu,0.000000000000e+00
2122,11412,SEDSCRS_TCu,0.000000000000e+00
2122,11412,SO_TPb,0.000000000000e+00
2122,11412,IO_TPb,0.000000000000e+00
2122,11412,AO_TPb,0.000000000000e+00
2122,11412,PO_TPb,0.000000000000e+00
2122,11412,SED_TPb,0.000000000000e+00
2122,11412,SEDWSSD_TPb,0.000000000000e+00
2122,11412,SEDSCRS_TPb,0.000000000000e+00
2122,11412,SO_TZn,0.000000000000e+00
2122,11412,IO_TZn,0.000000000000e+00
2122,11412,AO_TZn,0.000000000000e+00
2122,11412,PO_TZn,0.000000000000e+00
2122,11412,SED_TZn,0.000000000000e+00
2122,11412,SEDWSSD_TZn,0.000000000000e+00
2122,11412,SEDSCRS_TZn,0.000000000000e+00
2122,11421,AREA,5.232471100002e+01
2122,11421,PREC,5.787001060573e+02
2122,11421,SURO,3.631192841687e+02
2122,11421,IFWO,1.806180193622e+02
2122,11421,AGWO,1.102126894607e+03
2122,11421,PERO,1.645864198137e+03
2122,11421,TAET,4.427773911173e+02
2122,11421,SEDLOAD,1.508945499996e+00
2122,11421,SEDWSSD, 1.36360e+00
2122,11421,SEDSCRS, 0.00000e+00
2122,11421,SEDSURO, 0.00000e+00
2122,11421,SEDIFWO, 2.04652e-02
2122,11421,SEDAGWO, 1.24878e-01
2122,11421,SO_TN,8.973953280072e+01
2122,11421,IO_TN,8.186097918087e+01
2122,11421,AO_TN,1.873176616582e+02
2122,11421,PO_TN,3.589181736398e+02
2122,11421,SO_TP,2.727204000133e+00
2122,11421,IO_TP,1.637219583617e+01
2122,11421,AO_TP,4.995137644220e+01
2122,11421,PO_TP,6.905077627851e+01
2122,11421,SED_TP,2.727204000133e+00
2122,11421,SEDWSSD_TP,2.727204000133e+00
2122,11421,SEDSCRS_TP,0.000000000000e+00
2122,11421,SO_TCd,6.818010000334e-03
2122,11421,IO_TCd,0.000000000000e+00
2122,11421,AO_TCd,0.000000000000e+00
2122,11421,PO_TCd,6.818010000334e-03
2122,11421,SED_TCd,6.818010000334e-03
2122,11421,SEDWSSD_TCd,6.818010000334e-03
2122,11421,SEDSCRS_TCd,0.000000000000e+00
2122,11421,SO_TCu,6.818010000334e-01
2122,11421,IO_TCu,0.000000000000e+00
2122,11421,AO_TCu,0.000000000000e+00
2122,11421,PO_TCu,6.818010000334e-01
2122,11421,SED_TCu,6.818010000334e-01
2122,11421,SEDWSSD_TCu,6.818010000334e-01
2122,11421,SEDSCRS_TCu,0.000000000000e+00
2122,11421,SO_TPb,1.363602000067e-02
2122,11421,IO_TPb,0.000000000000e+00
2122,11421,AO_TPb,0.000000000000e+00
2122,11421,PO_TPb,1.363602000067e-02
2122,11421,SED_TPb,1.363602000067e-02
2122,11421,SEDWSSD_TPb,1.363602000067e-02
2122,11421,SEDSCRS_TPb,0.000000000000e+00
2122,11421,SO_TZn,4.908967200240e+00
2122,11421,IO_TZn,0.000000000000e+00
2122,11421,AO_TZn,1.248784411055e+01
2122,11421,PO_TZn,1.739681131079e+01
2122,11421,SED_TZn,4.908967200240e+00
2122,11421,SEDWSSD_TZn,4.908967200240e+00
2122,11421,SEDSCRS_TZn,0.000000000000e+00
2122,11422,AREA,0.000000000000e+00
2122,11422,PREC,0.000000000000e+00
2122,11422,SURO,0.000000000000e+00
2122,11422,IFWO,0.000000000000e+00
2122,11422,AGWO,0.000000000000e+00
2122,11422,PERO,0.000000000000e+00
2122,11422,TAET,0.000000000000e+00
2122,11422,SEDLOAD,0.000000000000e+00
2122,11422,SEDWSSD, 0.00000e+00
2122,11422,SEDSCRS, 0.00000e+00
2122,11422,SEDSURO, 0.00000e+00
2122,11422,SEDIFWO, 0.00000e+00
2122,11422,SEDAGWO, 0.00000e+00
2122,11422,SO_TN,0.000000000000e+00
2122,11422,IO_TN,0.000000000000e+00
2122,11422,AO_TN,0.000000000000e+00
2122,11422,PO_TN,0.000000000000e+00
2122,11422,SO_TP,0.000000000000e+00
2122,11422,IO_TP,0.000000000000e+00
2122,11422,AO_TP,0.000000000000e+00
2122,11422,PO_TP,0.000000000000e+00
2122,11422,SED_TP,0.000000000000e+00
2122,11422,SEDWSSD_TP,0.000000000000e+00
2122,11422,SEDSCRS_TP,0.000000000000e+00
2122,11422,SO_TCd,0.000000000000e+00
2122,11422,IO_TCd,0.000000000000e+00
2122,11422,AO_TCd,0.000000000000e+00
2122,11422,PO_TCd,0.000000000000e+00
2122,11422,SED_TCd,0.000000000000e+00
2122,11422,SEDWSSD_TCd,0.000000000000e+00
2122,11422,SEDSCRS_TCd,0.000000000000e+00
2122,11422,SO_TCu,0.000000000000e+00
2122,11422,IO_TCu,0.000000000000e+00
2122,11422,AO_TCu,0.000000000000e+00
2122,11422,PO_TCu,0.000000000000e+00
2122,11422,SED_TCu,0.000000000000e+00
2122,11422,SEDWSSD_TCu,0.000000000000e+00
2122,11422,SEDSCRS_TCu,0.000000000000e+00
2122,11422,SO_TPb,0.000000000000e+00
2122,11422,IO_TPb,0.000000000000e+00
2122,11422,AO_TPb,0.000000000000e+00
2122,11422,PO_TPb,0.000000000000e+00
2122,11422,SED_TPb,0.000000000000e+00
2122,11422,SEDWSSD_TPb,0.000000000000e+00
2122,11422,SEDSCRS_TPb,0.000000000000e+00
2122,11422,SO_TZn,0.000000000000e+00
2122,11422,IO_TZn,0.000000000000e+00
2122,11422,AO_TZn,0.000000000000e+00
2122,11422,PO_TZn,0.000000000000e+00
2122,11422,SED_TZn,0.000000000000e+00
2122,11422,SEDWSSD_TZn,0.000000000000e+00
2122,11422,SEDSCRS_TZn,0.000000000000e+00
2122,12111,AREA,0.000000000000e+00
2122,12111,PREC,0.000000000000e+00
2122,12111,SURO,0.000000000000e+00
2122,12111,IFWO,0.000000000000e+00
2122,12111,AGWO,0.000000000000e+00
2122,12111,PERO,0.000000000000e+00
2122,12111,TAET,0.000000000000e+00
2122,12111,SEDLOAD,0.000000000000e+00
2122,12111,SEDWSSD, 0.00000e+00
2122,12111,SEDSCRS, 0.00000e+00
2122,12111,SEDSURO, 0.00000e+00
2122,12111,SEDIFWO, 0.00000e+00
2122,12111,SEDAGWO, 0.00000e+00
2122,12111,SO_TN,0.000000000000e+00
2122,12111,IO_TN,0.000000000000e+00
2122,12111,AO_TN,0.000000000000e+00
2122,12111,PO_TN,0.000000000000e+00
2122,12111,SO_TP,0.000000000000e+00
2122,12111,IO_TP,0.000000000000e+00
2122,12111,AO_TP,0.000000000000e+00
2122,12111,PO_TP,0.000000000000e+00
2122,12111,SED_TP,0.000000000000e+00
2122,12111,SEDWSSD_TP,0.000000000000e+00
2122,12111,SEDSCRS_TP,0.000000000000e+00
2122,12111,SO_TCd,0.000000000000e+00
2122,12111,IO_TCd,0.000000000000e+00
2122,12111,AO_TCd,0.000000000000e+00
2122,12111,PO_TCd,0.000000000000e+00
2122,12111,SED_TCd,0.000000000000e+00
2122,12111,SEDWSSD_TCd,0.000000000000e+00
2122,12111,SEDSCRS_TCd,0.000000000000e+00
2122,12111,SO_TCu,0.000000000000e+00
2122,12111,IO_TCu,0.000000000000e+00
2122,12111,AO_TCu,0.000000000000e+00
2122,12111,PO_TCu,0.000000000000e+00
2122,12111,SED_TCu,0.000000000000e+00
2122,12111,SEDWSSD_TCu,0.000000000000e+00
2122,12111,SEDSCRS_TCu,0.000000000000e+00
2122,12111,SO_TPb,0.000000000000e+00
2122,12111,IO_TPb,0.000000000000e+00
2122,12111,AO_TPb,0.000000000000e+00
2122,12111,PO_TPb,0.000000000000e+00
2122,12111,SED_TPb,0.000000000000e+00
2122,12111,SEDWSSD_TPb,0.000000000000e+00
2122,12111,SEDSCRS_TPb,0.000000000000e+00
2122,12111,SO_TZn,0.000000000000e+00
2122,12111,IO_TZn,0.000000000000e+00
2122,12111,AO_TZn,0.000000000000e+00
2122,12111,PO_TZn,0.000000000000e+00
2122,12111,SED_TZn,0.000000000000e+00
2122,12111,SEDWSSD_TZn,0.000000000000e+00
2122,12111,SEDSCRS_TZn,0.000000000000e+00
2122,12112,AREA,0.000000000000e+00
2122,12112,PREC,0.000000000000e+00
2122,12112,SURO,0.000000000000e+00
2122,12112,IFWO,0.000000000000e+00
2122,12112,AGWO,0.000000000000e+00
2122,12112,PERO,0.000000000000e+00
2122,12112,TAET,0.000000000000e+00
2122,12112,SEDLOAD,0.000000000000e+00
2122,12112,SEDWSSD, 0.00000e+00
2122,12112,SEDSCRS, 0.00000e+00
2122,12112,SEDSURO, 0.00000e+00
2122,12112,SEDIFWO, 0.00000e+00
2122,12112,SEDAGWO, 0.00000e+00
2122,12112,SO_TN,0.000000000000e+00
2122,12112,IO_TN,0.000000000000e+00
2122,12112,AO_TN,0.000000000000e+00
2122,12112,PO_TN,0.000000000000e+00
2122,12112,SO_TP,0.000000000000e+00
2122,12112,IO_TP,0.000000000000e+00
2122,12112,AO_TP,0.000000000000e+00
2122,12112,PO_TP,0.000000000000e+00
2122,12112,SED_TP,0.000000000000e+00
2122,12112,SEDWSSD_TP,0.000000000000e+00
2122,12112,SEDSCRS_TP,0.000000000000e+00
2122,12112,SO_TCd,0.000000000000e+00
2122,12112,IO_TCd,0.000000000000e+00
2122,12112,AO_TCd,0.000000000000e+00
2122,12112,PO_TCd,0.000000000000e+00
2122,12112,SED_TCd,0.000000000000e+00
2122,12112,SEDWSSD_TCd,0.000000000000e+00
2122,12112,SEDSCRS_TCd,0.000000000000e+00
2122,12112,SO_TCu,0.000000000000e+00
2122,12112,IO_TCu,0.000000000000e+00
2122,12112,AO_TCu,0.000000000000e+00
2122,12112,PO_TCu,0.000000000000e+00
2122,12112,SED_TCu,0.000000000000e+00
2122,12112,SEDWSSD_TCu,0.000000000000e+00
2122,12112,SEDSCRS_TCu,0.000000000000e+00
2122,12112,SO_TPb,0.000000000000e+00
2122,12112,IO_TPb,0.000000000000e+00
2122,12112,AO_TPb,0.000000000000e+00
2122,12112,PO_TPb,0.000000000000e+00
2122,12112,SED_TPb,0.000000000000e+00
2122,12112,SEDWSSD_TPb,0.000000000000e+00
2122,12112,SEDSCRS_TPb,0.000000000000e+00
2122,12112,SO_TZn,0.000000000000e+00
2122,12112,IO_TZn,0.000000000000e+00
2122,12112,AO_TZn,0.000000000000e+00
2122,12112,PO_TZn,0.000000000000e+00
2122,12112,SED_TZn,0.000000000000e+00
2122,12112,SEDWSSD_TZn,0.000000000000e+00
2122,12112,SEDSCRS_TZn,0.000000000000e+00
2122,12121,AREA,0.000000000000e+00
2122,12121,PREC,0.000000000000e+00
2122,12121,SURO,0.000000000000e+00
2122,12121,IFWO,0.000000000000e+00
2122,12121,AGWO,0.000000000000e+00
2122,12121,PERO,0.000000000000e+00
2122,12121,TAET,0.000000000000e+00
2122,12121,SEDLOAD,0.000000000000e+00
2122,12121,SEDWSSD, 0.00000e+00
2122,12121,SEDSCRS, 0.00000e+00
2122,12121,SEDSURO, 0.00000e+00
2122,12121,SEDIFWO, 0.00000e+00
2122,12121,SEDAGWO, 0.00000e+00
2122,12121,SO_TN,0.000000000000e+00
2122,12121,IO_TN,0.000000000000e+00
2122,12121,AO_TN,0.000000000000e+00
2122,12121,PO_TN,0.000000000000e+00
2122,12121,SO_TP,0.000000000000e+00
2122,12121,IO_TP,0.000000000000e+00
2122,12121,AO_TP,0.000000000000e+00
2122,12121,PO_TP,0.000000000000e+00
2122,12121,SED_TP,0.000000000000e+00
2122,12121,SEDWSSD_TP,0.000000000000e+00
2122,12121,SEDSCRS_TP,0.000000000000e+00
2122,12121,SO_TCd,0.000000000000e+00
2122,12121,IO_TCd,0.000000000000e+00
2122,12121,AO_TCd,0.000000000000e+00
2122,12121,PO_TCd,0.000000000000e+00
2122,12121,SED_TCd,0.000000000000e+00
2122,12121,SEDWSSD_TCd,0.000000000000e+00
2122,12121,SEDSCRS_TCd,0.000000000000e+00
2122,12121,SO_TCu,0.000000000000e+00
2122,12121,IO_TCu,0.000000000000e+00
2122,12121,AO_TCu,0.000000000000e+00
2122,12121,PO_TCu,0.000000000000e+00
2122,12121,SED_TCu,0.000000000000e+00
2122,12121,SEDWSSD_TCu,0.000000000000e+00
2122,12121,SEDSCRS_TCu,0.000000000000e+00
2122,12121,SO_TPb,0.000000000000e+00
2122,12121,IO_TPb,0.000000000000e+00
2122,12121,AO_TPb,0.000000000000e+00
2122,12121,PO_TPb,0.000000000000e+00
2122,12121,SED_TPb,0.000000000000e+00
2122,12121,SEDWSSD_TPb,0.000000000000e+00
2122,12121,SEDSCRS_TPb,0.000000000000e+00
2122,12121,SO_TZn,0.000000000000e+00
2122,12121,IO_TZn,0.000000000000e+00
2122,12121,AO_TZn,0.000000000000e+00
2122,12121,PO_TZn,0.000000000000e+00
2122,12121,SED_TZn,0.000000000000e+00
2122,12121,SEDWSSD_TZn,0.000000000000e+00
2122,12121,SEDSCRS_TZn,0.000000000000e+00
2122,12122,AREA,0.000000000000e+00
2122,12122,PREC,0.000000000000e+00
2122,12122,SURO,0.000000000000e+00
2122,12122,IFWO,0.000000000000e+00
2122,12122,AGWO,0.000000000000e+00
2122,12122,PERO,0.000000000000e+00
2122,12122,TAET,0.000000000000e+00
2122,12122,SEDLOAD,0.000000000000e+00
2122,12122,SEDWSSD, 0.00000e+00
2122,12122,SEDSCRS, 0.00000e+00
2122,12122,SEDSURO, 0.00000e+00
2122,12122,SEDIFWO, 0.00000e+00
2122,12122,SEDAGWO, 0.00000e+00
2122,12122,SO_TN,0.000000000000e+00
2122,12122,IO_TN,0.000000000000e+00
2122,12122,AO_TN,0.000000000000e+00
2122,12122,PO_TN,0.000000000000e+00
2122,12122,SO_TP,0.000000000000e+00
2122,12122,IO_TP,0.000000000000e+00
2122,12122,AO_TP,0.000000000000e+00
2122,12122,PO_TP,0.000000000000e+00
2122,12122,SED_TP,0.000000000000e+00
2122,12122,SEDWSSD_TP,0.000000000000e+00
2122,12122,SEDSCRS_TP,0.000000000000e+00
2122,12122,SO_TCd,0.000000000000e+00
2122,12122,IO_TCd,0.000000000000e+00
2122,12122,AO_TCd,0.000000000000e+00
2122,12122,PO_TCd,0.000000000000e+00
2122,12122,SED_TCd,0.000000000000e+00
2122,12122,SEDWSSD_TCd,0.000000000000e+00
2122,12122,SEDSCRS_TCd,0.000000000000e+00
2122,12122,SO_TCu,0.000000000000e+00
2122,12122,IO_TCu,0.000000000000e+00
2122,12122,AO_TCu,0.000000000000e+00
2122,12122,PO_TCu,0.000000000000e+00
2122,12122,SED_TCu,0.000000000000e+00
2122,12122,SEDWSSD_TCu,0.000000000000e+00
2122,12122,SEDSCRS_TCu,0.000000000000e+00
2122,12122,SO_TPb,0.000000000000e+00
2122,12122,IO_TPb,0.000000000000e+00
2122,12122,AO_TPb,0.000000000000e+00
2122,12122,PO_TPb,0.000000000000e+00
2122,12122,SED_TPb,0.000000000000e+00
2122,12122,SEDWSSD_TPb,0.000000000000e+00
2122,12122,SEDSCRS_TPb,0.000000000000e+00
2122,12122,SO_TZn,0.000000000000e+00
2122,12122,IO_TZn,0.000000000000e+00
2122,12122,AO_TZn,0.000000000000e+00
2122,12122,PO_TZn,0.000000000000e+00
2122,12122,SED_TZn,0.000000000000e+00
2122,12122,SEDWSSD_TZn,0.000000000000e+00
2122,12122,SEDSCRS_TZn,0.000000000000e+00
2122,12211,AREA,0.000000000000e+00
2122,12211,PREC,0.000000000000e+00
2122,12211,SURO,0.000000000000e+00
2122,12211,IFWO,0.000000000000e+00
2122,12211,AGWO,0.000000000000e+00
2122,12211,PERO,0.000000000000e+00
2122,12211,TAET,0.000000000000e+00
2122,12211,SEDLOAD,0.000000000000e+00
2122,12211,SEDWSSD, 0.00000e+00
2122,12211,SEDSCRS, 0.00000e+00
2122,12211,SEDSURO, 0.00000e+00
2122,12211,SEDIFWO, 0.00000e+00
2122,12211,SEDAGWO, 0.00000e+00
2122,12211,SO_TN,0.000000000000e+00
2122,12211,IO_TN,0.000000000000e+00
2122,12211,AO_TN,0.000000000000e+00
2122,12211,PO_TN,0.000000000000e+00
2122,12211,SO_TP,0.000000000000e+00
2122,12211,IO_TP,0.000000000000e+00
2122,12211,AO_TP,0.000000000000e+00
2122,12211,PO_TP,0.000000000000e+00
2122,12211,SED_TP,0.000000000000e+00
2122,12211,SEDWSSD_TP,0.000000000000e+00
2122,12211,SEDSCRS_TP,0.000000000000e+00
2122,12211,SO_TCd,0.000000000000e+00
2122,12211,IO_TCd,0.000000000000e+00
2122,12211,AO_TCd,0.000000000000e+00
2122,12211,PO_TCd,0.000000000000e+00
2122,12211,SED_TCd,0.000000000000e+00
2122,12211,SEDWSSD_TCd,0.000000000000e+00
2122,12211,SEDSCRS_TCd,0.000000000000e+00
2122,12211,SO_TCu,0.000000000000e+00
2122,12211,IO_TCu,0.000000000000e+00
2122,12211,AO_TCu,0.000000000000e+00
2122,12211,PO_TCu,0.000000000000e+00
2122,12211,SED_TCu,0.000000000000e+00
2122,12211,SEDWSSD_TCu,0.000000000000e+00
2122,12211,SEDSCRS_TCu,0.000000000000e+00
2122,12211,SO_TPb,0.000000000000e+00
2122,12211,IO_TPb,0.000000000000e+00
2122,12211,AO_TPb,0.000000000000e+00
2122,12211,PO_TPb,0.000000000000e+00
2122,12211,SED_TPb,0.000000000000e+00
2122,12211,SEDWSSD_TPb,0.000000000000e+00
2122,12211,SEDSCRS_TPb,0.000000000000e+00
2122,12211,SO_TZn,0.000000000000e+00
2122,12211,IO_TZn,0.000000000000e+00
2122,12211,AO_TZn,0.000000000000e+00
2122,12211,PO_TZn,0.000000000000e+00
2122,12211,SED_TZn,0.000000000000e+00
2122,12211,SEDWSSD_TZn,0.000000000000e+00
2122,12211,SEDSCRS_TZn,0.000000000000e+00
2122,12212,AREA,0.000000000000e+00
2122,12212,PREC,0.000000000000e+00
2122,12212,SURO,0.000000000000e+00
2122,12212,IFWO,0.000000000000e+00
2122,12212,AGWO,0.000000000000e+00
2122,12212,PERO,0.000000000000e+00
2122,12212,TAET,0.000000000000e+00
2122,12212,SEDLOAD,0.000000000000e+00
2122,12212,SEDWSSD, 0.00000e+00
2122,12212,SEDSCRS, 0.00000e+00
2122,12212,SEDSURO, 0.00000e+00
2122,12212,SEDIFWO, 0.00000e+00
2122,12212,SEDAGWO, 0.00000e+00
2122,12212,SO_TN,0.000000000000e+00
2122,12212,IO_TN,0.000000000000e+00
2122,12212,AO_TN,0.000000000000e+00
2122,12212,PO_TN,0.000000000000e+00
2122,12212,SO_TP,0.000000000000e+00
2122,12212,IO_TP,0.000000000000e+00
2122,12212,AO_TP,0.000000000000e+00
2122,12212,PO_TP,0.000000000000e+00
2122,12212,SED_TP,0.000000000000e+00
2122,12212,SEDWSSD_TP,0.000000000000e+00
2122,12212,SEDSCRS_TP,0.000000000000e+00
2122,12212,SO_TCd,0.000000000000e+00
2122,12212,IO_TCd,0.000000000000e+00
2122,12212,AO_TCd,0.000000000000e+00
2122,12212,PO_TCd,0.000000000000e+00
2122,12212,SED_TCd,0.000000000000e+00
2122,12212,SEDWSSD_TCd,0.000000000000e+00
2122,12212,SEDSCRS_TCd,0.000000000000e+00
2122,12212,SO_TCu,0.000000000000e+00
2122,12212,IO_TCu,0.000000000000e+00
2122,12212,AO_TCu,0.000000000000e+00
2122,12212,PO_TCu,0.000000000000e+00
2122,12212,SED_TCu,0.000000000000e+00
2122,12212,SEDWSSD_TCu,0.000000000000e+00
2122,12212,SEDSCRS_TCu,0.000000000000e+00
2122,12212,SO_TPb,0.000000000000e+00
2122,12212,IO_TPb,0.000000000000e+00
2122,12212,AO_TPb,0.000000000000e+00
2122,12212,PO_TPb,0.000000000000e+00
2122,12212,SED_TPb,0.000000000000e+00
2122,12212,SEDWSSD_TPb,0.000000000000e+00
2122,12212,SEDSCRS_TPb,0.000000000000e+00
2122,12212,SO_TZn,0.000000000000e+00
2122,12212,IO_TZn,0.000000000000e+00
2122,12212,AO_TZn,0.000000000000e+00
2122,12212,PO_TZn,0.000000000000e+00
2122,12212,SED_TZn,0.000000000000e+00
2122,12212,SEDWSSD_TZn,0.000000000000e+00
2122,12212,SEDSCRS_TZn,0.000000000000e+00
2122,12221,AREA,3.758282000002e+00
2122,12221,PREC,4.156579463942e+01
2122,12221,SURO,2.836024247803e+00
2122,12221,IFWO,7.136513787386e-01
2122,12221,AGWO,1.901267053784e+01
2122,12221,PERO,2.256234616438e+01
2122,12221,TAET,1.927096834260e+01
2122,12221,SEDLOAD,1.136631034234e-01
2122,12221,SEDWSSD, 1.11428e-01
2122,12221,SEDSCRS, 0.00000e+00
2122,12221,SEDSURO, 0.00000e+00
2122,12221,SEDIFWO, 8.08614e-05
2122,12221,SEDAGWO, 2.15426e-03
2122,12221,SO_TN,1.226471545056e+00
2122,12221,IO_TN,3.234461371219e-01
2122,12221,AO_TN,3.231396497496e+00
2122,12221,PO_TN,4.781314179673e+00
2122,12221,SO_TP,2.228559608348e-01
2122,12221,IO_TP,6.468922742439e-02
2122,12221,AO_TP,8.617057326655e-01
2122,12221,PO_TP,1.149250920925e+00
2122,12221,SED_TP,2.228559608348e-01
2122,12221,SEDWSSD_TP,2.228559608348e-01
2122,12221,SEDSCRS_TP,0.000000000000e+00
2122,12221,SO_TCd,5.571399020869e-04
2122,12221,IO_TCd,0.000000000000e+00
2122,12221,AO_TCd,0.000000000000e+00
2122,12221,PO_TCd,5.571399020869e-04
2122,12221,SED_TCd,5.571399020869e-04
2122,12221,SEDWSSD_TCd,5.571399020869e-04
2122,12221,SEDSCRS_TCd,0.000000000000e+00
2122,12221,SO_TCu,5.571399020869e-02
2122,12221,IO_TCu,0.000000000000e+00
2122,12221,AO_TCu,0.000000000000e+00
2122,12221,PO_TCu,5.571399020869e-02
2122,12221,SED_TCu,5.571399020869e-02
2122,12221,SEDWSSD_TCu,5.571399020869e-02
2122,12221,SEDSCRS_TCu,0.000000000000e+00
2122,12221,SO_TPb,1.114279804174e-03
2122,12221,IO_TPb,0.000000000000e+00
2122,12221,AO_TPb,0.000000000000e+00
2122,12221,PO_TPb,1.114279804174e-03
2122,12221,SED_TPb,1.114279804174e-03
2122,12221,SEDWSSD_TPb,1.114279804174e-03
2122,12221,SEDSCRS_TPb,0.000000000000e+00
2122,12221,SO_TZn,4.011407295026e-01
2122,12221,IO_TZn,0.000000000000e+00
2122,12221,AO_TZn,2.154264331664e-01
2122,12221,PO_TZn,6.165671626690e-01
2122,12221,SED_TZn,4.011407295026e-01
2122,12221,SEDWSSD_TZn,4.011407295026e-01
2122,12221,SEDSCRS_TZn,0.000000000000e+00
2122,12222,AREA,0.000000000000e+00
2122,12222,PREC,0.000000000000e+00
2122,12222,SURO,0.000000000000e+00
2122,12222,IFWO,0.000000000000e+00
2122,12222,AGWO,0.000000000000e+00
2122,12222,PERO,0.000000000000e+00
2122,12222,TAET,0.000000000000e+00
2122,12222,SEDLOAD,0.000000000000e+00
2122,12222,SEDWSSD, 0.00000e+00
2122,12222,SEDSCRS, 0.00000e+00
2122,12222,SEDSURO, 0.00000e+00
2122,12222,SEDIFWO, 0.00000e+00
2122,12222,SEDAGWO, 0.00000e+00
2122,12222,SO_TN,0.000000000000e+00
2122,12222,IO_TN,0.000000000000e+00
2122,12222,AO_TN,0.000000000000e+00
2122,12222,PO_TN,0.000000000000e+00
2122,12222,SO_TP,0.000000000000e+00
2122,12222,IO_TP,0.000000000000e+00
2122,12222,AO_TP,0.000000000000e+00
2122,12222,PO_TP,0.000000000000e+00
2122,12222,SED_TP,0.000000000000e+00
2122,12222,SEDWSSD_TP,0.000000000000e+00
2122,12222,SEDSCRS_TP,0.000000000000e+00
2122,12222,SO_TCd,0.000000000000e+00
2122,12222,IO_TCd,0.000000000000e+00
2122,12222,AO_TCd,0.000000000000e+00
2122,12222,PO_TCd,0.000000000000e+00
2122,12222,SED_TCd,0.000000000000e+00
2122,12222,SEDWSSD_TCd,0.000000000000e+00
2122,12222,SEDSCRS_TCd,0.000000000000e+00
2122,12222,SO_TCu,0.000000000000e+00
2122,12222,IO_TCu,0.000000000000e+00
2122,12222,AO_TCu,0.000000000000e+00
2122,12222,PO_TCu,0.000000000000e+00
2122,12222,SED_TCu,0.000000000000e+00
2122,12222,SEDWSSD_TCu,0.000000000000e+00
2122,12222,SEDSCRS_TCu,0.000000000000e+00
2122,12222,SO_TPb,0.000000000000e+00
2122,12222,IO_TPb,0.000000000000e+00
2122,12222,AO_TPb,0.000000000000e+00
2122,12222,PO_TPb,0.000000000000e+00
2122,12222,SED_TPb,0.000000000000e+00
2122,12222,SEDWSSD_TPb,0.000000000000e+00
2122,12222,SEDSCRS_TPb,0.000000000000e+00
2122,12222,SO_TZn,0.000000000000e+00
2122,12222,IO_TZn,0.000000000000e+00
2122,12222,AO_TZn,0.000000000000e+00
2122,12222,PO_TZn,0.000000000000e+00
2122,12222,SED_TZn,0.000000000000e+00
2122,12222,SEDWSSD_TZn,0.000000000000e+00
2122,12222,SEDSCRS_TZn,0.000000000000e+00
2122,12311,AREA,9.857782800009e+01
2122,12311,PREC,1.090249681809e+03
2122,12311,SURO,1.458065501969e+02
2122,12311,IFWO,2.194244745979e+01
2122,12311,AGWO,3.819045488980e+02
2122,12311,PERO,5.496535465547e+02
2122,12311,TAET,5.474007956482e+02
2122,12311,SEDLOAD,2.801215728603e+00
2122,12311,SEDWSSD, 2.75546e+00
2122,12311,SEDSCRS, 0.00000e+00
2122,12311,SEDSURO, 0.00000e+00
2122,12311,SEDIFWO, 2.48622e-03
2122,12311,SEDAGWO, 4.32723e-02
2122,12311,SO_TN,4.567096428970e+01
2122,12311,IO_TN,9.944911593131e+00
2122,12311,AO_TN,6.490855765003e+01
2122,12311,PO_TN,1.205244335329e+02
2122,12311,SO_TP,5.510914374975e+00
2122,12311,IO_TP,1.988982318626e+00
2122,12311,AO_TP,1.730894870667e+01
2122,12311,PO_TP,2.480884540028e+01
2122,12311,SED_TP,5.510914374975e+00
2122,12311,SEDWSSD_TP,5.510914374975e+00
2122,12311,SEDSCRS_TP,0.000000000000e+00
2122,12311,SO_TCd,1.377728593744e-02
2122,12311,IO_TCd,0.000000000000e+00
2122,12311,AO_TCd,0.000000000000e+00
2122,12311,PO_TCd,1.377728593744e-02
2122,12311,SED_TCd,1.377728593744e-02
2122,12311,SEDWSSD_TCd,1.377728593744e-02
2122,12311,SEDSCRS_TCd,0.000000000000e+00
2122,12311,SO_TCu,1.377728593744e+00
2122,12311,IO_TCu,0.000000000000e+00
2122,12311,AO_TCu,0.000000000000e+00
2122,12311,PO_TCu,1.377728593744e+00
2122,12311,SED_TCu,1.377728593744e+00
2122,12311,SEDWSSD_TCu,1.377728593744e+00
2122,12311,SEDSCRS_TCu,0.000000000000e+00
2122,12311,SO_TPb,2.755457187487e-02
2122,12311,IO_TPb,0.000000000000e+00
2122,12311,AO_TPb,0.000000000000e+00
2122,12311,PO_TPb,2.755457187487e-02
2122,12311,SED_TPb,2.755457187487e-02
2122,12311,SEDWSSD_TPb,2.755457187487e-02
2122,12311,SEDSCRS_TPb,0.000000000000e+00
2122,12311,SO_TZn,9.919645874954e+00
2122,12311,IO_TZn,0.000000000000e+00
2122,12311,AO_TZn,4.327237176669e+00
2122,12311,PO_TZn,1.424688305162e+01
2122,12311,SED_TZn,9.919645874954e+00
2122,12311,SEDWSSD_TZn,9.919645874954e+00
2122,12311,SEDSCRS_TZn,0.000000000000e+00
2122,12312,AREA,0.000000000000e+00
2122,12312,PREC,0.000000000000e+00
2122,12312,SURO,0.000000000000e+00
2122,12312,IFWO,0.000000000000e+00
2122,12312,AGWO,0.000000000000e+00
2122,12312,PERO,0.000000000000e+00
2122,12312,TAET,0.000000000000e+00
2122,12312,SEDLOAD,0.000000000000e+00
2122,12312,SEDWSSD, 0.00000e+00
2122,12312,SEDSCRS, 0.00000e+00
2122,12312,SEDSURO, 0.00000e+00
2122,12312,SEDIFWO, 0.00000e+00
2122,12312,SEDAGWO, 0.00000e+00
2122,12312,SO_TN,0.000000000000e+00
2122,12312,IO_TN,0.000000000000e+00
2122,12312,AO_TN,0.000000000000e+00
2122,12312,PO_TN,0.000000000000e+00
2122,12312,SO_TP,0.000000000000e+00
2122,12312,IO_TP,0.000000000000e+00
2122,12312,AO_TP,0.000000000000e+00
2122,12312,PO_TP,0.000000000000e+00
2122,12312,SED_TP,0.000000000000e+00
2122,12312,SEDWSSD_TP,0.000000000000e+00
2122,12312,SEDSCRS_TP,0.000000000000e+00
2122,12312,SO_TCd,0.000000000000e+00
2122,12312,IO_TCd,0.000000000000e+00
2122,12312,AO_TCd,0.000000000000e+00
2122,12312,PO_TCd,0.000000000000e+00
2122,12312,SED_TCd,0.000000000000e+00
2122,12312,SEDWSSD_TCd,0.000000000000e+00
2122,12312,SEDSCRS_TCd,0.000000000000e+00
2122,12312,SO_TCu,0.000000000000e+00
2122,12312,IO_TCu,0.000000000000e+00
2122,12312,AO_TCu,0.000000000000e+00
2122,12312,PO_TCu,0.000000000000e+00
2122,12312,SED_TCu,0.000000000000e+00
2122,12312,SEDWSSD_TCu,0.000000000000e+00
2122,12312,SEDSCRS_TCu,0.000000000000e+00
2122,12312,SO_TPb,0.000000000000e+00
2122,12312,IO_TPb,0.000000000000e+00
2122,12312,AO_TPb,0.000000000000e+00
2122,12312,PO_TPb,0.000000000000e+00
2122,12312,SED_TPb,0.000000000000e+00
2122,12312,SEDWSSD_TPb,0.000000000000e+00
2122,12312,SEDSCRS_TPb,0.000000000000e+00
2122,12312,SO_TZn,0.000000000000e+00
2122,12312,IO_TZn,0.000000000000e+00
2122,12312,AO_TZn,0.000000000000e+00
2122,12312,PO_TZn,0.000000000000e+00
2122,12312,SED_TZn,0.000000000000e+00
2122,12312,SEDWSSD_TZn,0.000000000000e+00
2122,12312,SEDSCRS_TZn,0.000000000000e+00
2122,12321,AREA,4.372789599992e+01
2122,12321,PREC,4.836211718945e+02
2122,12321,SURO,7.366587547932e+01
2122,12321,IFWO,9.445733146169e+00
2122,12321,AGWO,1.661253826658e+02
2122,12321,PERO,2.492369912913e+02
2122,12321,TAET,2.374411637424e+02
2122,12321,SEDLOAD,1.154793356750e+00
2122,12321,SEDWSSD, 1.13490e+00
2122,12321,SEDSCRS, 0.00000e+00
2122,12321,SEDSURO, 0.00000e+00
2122,12321,SEDIFWO, 1.07026e-03
2122,12321,SEDAGWO, 1.88231e-02
2122,12321,SO_TN,2.305728029507e+01
2122,12321,IO_TN,4.281062139631e+00
2122,12321,AO_TN,2.823469636330e+01
2122,12321,PO_TN,5.557303879800e+01
2122,12321,SO_TP,2.269799971521e+00
2122,12321,IO_TP,8.562124279261e-01
2122,12321,AO_TP,7.529252363548e+00
2122,12321,PO_TP,1.065526476299e+01
2122,12321,SED_TP,2.269799971521e+00
2122,12321,SEDWSSD_TP,2.269799971521e+00
2122,12321,SEDSCRS_TP,0.000000000000e+00
2122,12321,SO_TCd,5.674499928803e-03
2122,12321,IO_TCd,0.000000000000e+00
2122,12321,AO_TCd,0.000000000000e+00
2122,12321,PO_TCd,5.674499928803e-03
2122,12321,SED_TCd,5.674499928803e-03
2122,12321,SEDWSSD_TCd,5.674499928803e-03
2122,12321,SEDSCRS_TCd,0.000000000000e+00
2122,12321,SO_TCu,5.674499928803e-01
2122,12321,IO_TCu,0.000000000000e+00
2122,12321,AO_TCu,0.000000000000e+00
2122,12321,PO_TCu,5.674499928803e-01
2122,12321,SED_TCu,5.674499928803e-01
2122,12321,SEDWSSD_TCu,5.674499928803e-01
2122,12321,SEDSCRS_TCu,0.000000000000e+00
2122,12321,SO_TPb,1.134899985761e-02
2122,12321,IO_TPb,0.000000000000e+00
2122,12321,AO_TPb,0.000000000000e+00
2122,12321,PO_TPb,1.134899985761e-02
2122,12321,SED_TPb,1.134899985761e-02
2122,12321,SEDWSSD_TPb,1.134899985761e-02
2122,12321,SEDSCRS_TPb,0.000000000000e+00
2122,12321,SO_TZn,4.085639948738e+00
2122,12321,IO_TZn,0.000000000000e+00
2122,12321,AO_TZn,1.882313090887e+00
2122,12321,PO_TZn,5.967953039625e+00
2122,12321,SED_TZn,4.085639948738e+00
2122,12321,SEDWSSD_TZn,4.085639948738e+00
2122,12321,SEDSCRS_TZn,0.000000000000e+00
2122,12322,AREA,0.000000000000e+00
2122,12322,PREC,0.000000000000e+00
2122,12322,SURO,0.000000000000e+00
2122,12322,IFWO,0.000000000000e+00
2122,12322,AGWO,0.000000000000e+00
2122,12322,PERO,0.000000000000e+00
2122,12322,TAET,0.000000000000e+00
2122,12322,SEDLOAD,0.000000000000e+00
2122,12322,SEDWSSD, 0.00000e+00
2122,12322,SEDSCRS, 0.00000e+00
2122,12322,SEDSURO, 0.00000e+00
2122,12322,SEDIFWO, 0.00000e+00
2122,12322,SEDAGWO, 0.00000e+00
2122,12322,SO_TN,0.000000000000e+00
2122,12322,IO_TN,0.000000000000e+00
2122,12322,AO_TN,0.000000000000e+00
2122,12322,PO_TN,0.000000000000e+00
2122,12322,SO_TP,0.000000000000e+00
2122,12322,IO_TP,0.000000000000e+00
2122,12322,AO_TP,0.000000000000e+00
2122,12322,PO_TP,0.000000000000e+00
2122,12322,SED_TP,0.000000000000e+00
2122,12322,SEDWSSD_TP,0.000000000000e+00
2122,12322,SEDSCRS_TP,0.000000000000e+00
2122,12322,SO_TCd,0.000000000000e+00
2122,12322,IO_TCd,0.000000000000e+00
2122,12322,AO_TCd,0.000000000000e+00
2122,12322,PO_TCd,0.000000000000e+00
2122,12322,SED_TCd,0.000000000000e+00
2122,12322,SEDWSSD_TCd,0.000000000000e+00
2122,12322,SEDSCRS_TCd,0.000000000000e+00
2122,12322,SO_TCu,0.000000000000e+00
2122,12322,IO_TCu,0.000000000000e+00
2122,12322,AO_TCu,0.000000000000e+00
2122,12322,PO_TCu,0.000000000000e+00
2122,12322,SED_TCu,0.000000000000e+00
2122,12322,SEDWSSD_TCu,0.000000000000e+00
2122,12322,SEDSCRS_TCu,0.000000000000e+00
2122,12322,SO_TPb,0.000000000000e+00
2122,12322,IO_TPb,0.000000000000e+00
2122,12322,AO_TPb,0.000000000000e+00
2122,12322,PO_TPb,0.000000000000e+00
2122,12322,SED_TPb,0.000000000000e+00
2122,12322,SEDWSSD_TPb,0.000000000000e+00
2122,12322,SEDSCRS_TPb,0.000000000000e+00
2122,12322,SO_TZn,0.000000000000e+00
2122,12322,IO_TZn,0.000000000000e+00
2122,12322,AO_TZn,0.000000000000e+00
2122,12322,PO_TZn,0.000000000000e+00
2122,12322,SED_TZn,0.000000000000e+00
2122,12322,SEDWSSD_TZn,0.000000000000e+00
2122,12322,SEDSCRS_TZn,0.000000000000e+00
2122,12411,AREA,2.196583640001e+02
2122,12411,PREC,2.429374498469e+03
2122,12411,SURO,5.218004163400e+02
2122,12411,IFWO,3.537703865349e+01
2122,12411,AGWO,6.326951435454e+02
2122,12411,PERO,1.189872598539e+03
2122,12411,TAET,1.255872356097e+03
2122,12411,SEDLOAD,3.660977176952e+00
2122,12411,SEDWSSD, 3.58528e+00
2122,12411,SEDSCRS, 0.00000e+00
2122,12411,SEDSURO, 0.00000e+00
2122,12411,SEDIFWO, 4.00845e-03
2122,12411,SEDAGWO, 7.16886e-02
2122,12411,SO_TN,1.446820614398e+02
2122,12411,IO_TN,1.603383225506e+01
2122,12411,AO_TN,1.075329668584e+02
2122,12411,PO_TN,2.682488605533e+02
2122,12411,SO_TP,7.170560342345e+00
2122,12411,IO_TP,3.206766451012e+00
2122,12411,AO_TP,2.867545782890e+01
2122,12411,PO_TP,3.905278462226e+01
2122,12411,SED_TP,7.170560342345e+00
2122,12411,SEDWSSD_TP,7.170560342345e+00
2122,12411,SEDSCRS_TP,0.000000000000e+00
2122,12411,SO_TCd,1.792640085586e-02
2122,12411,IO_TCd,0.000000000000e+00
2122,12411,AO_TCd,0.000000000000e+00
2122,12411,PO_TCd,1.792640085586e-02
2122,12411,SED_TCd,1.792640085586e-02
2122,12411,SEDWSSD_TCd,1.792640085586e-02
2122,12411,SEDSCRS_TCd,0.000000000000e+00
2122,12411,SO_TCu,1.792640085586e+00
2122,12411,IO_TCu,0.000000000000e+00
2122,12411,AO_TCu,0.000000000000e+00
2122,12411,PO_TCu,1.792640085586e+00
2122,12411,SED_TCu,1.792640085586e+00
2122,12411,SEDWSSD_TCu,1.792640085586e+00
2122,12411,SEDSCRS_TCu,0.000000000000e+00
2122,12411,SO_TPb,3.585280171172e-02
2122,12411,IO_TPb,0.000000000000e+00
2122,12411,AO_TPb,0.000000000000e+00
2122,12411,PO_TPb,3.585280171172e-02
2122,12411,SED_TPb,3.585280171172e-02
2122,12411,SEDWSSD_TPb,3.585280171172e-02
2122,12411,SEDSCRS_TPb,0.000000000000e+00
2122,12411,SO_TZn,1.290700861622e+01
2122,12411,IO_TZn,0.000000000000e+00
2122,12411,AO_TZn,7.168864457226e+00
2122,12411,PO_TZn,2.007587307345e+01
2122,12411,SED_TZn,1.290700861622e+01
2122,12411,SEDWSSD_TZn,1.290700861622e+01
2122,12411,SEDSCRS_TZn,0.000000000000e+00
2122,12412,AREA,0.000000000000e+00
2122,12412,PREC,0.000000000000e+00
2122,12412,SURO,0.000000000000e+00
2122,12412,IFWO,0.000000000000e+00
2122,12412,AGWO,0.000000000000e+00
2122,12412,PERO,0.000000000000e+00
2122,12412,TAET,0.000000000000e+00
2122,12412,SEDLOAD,0.000000000000e+00
2122,12412,SEDWSSD, 0.00000e+00
2122,12412,SEDSCRS, 0.00000e+00
2122,12412,SEDSURO, 0.00000e+00
2122,12412,SEDIFWO, 0.00000e+00
2122,12412,SEDAGWO, 0.00000e+00
2122,12412,SO_TN,0.000000000000e+00
2122,12412,IO_TN,0.000000000000e+00
2122,12412,AO_TN,0.000000000000e+00
2122,12412,PO_TN,0.000000000000e+00
2122,12412,SO_TP,0.000000000000e+00
2122,12412,IO_TP,0.000000000000e+00
2122,12412,AO_TP,0.000000000000e+00
2122,12412,PO_TP,0.000000000000e+00
2122,12412,SED_TP,0.000000000000e+00
2122,12412,SEDWSSD_TP,0.000000000000e+00
2122,12412,SEDSCRS_TP,0.000000000000e+00
2122,12412,SO_TCd,0.000000000000e+00
2122,12412,IO_TCd,0.000000000000e+00
2122,12412,AO_TCd,0.000000000000e+00
2122,12412,PO_TCd,0.000000000000e+00
2122,12412,SED_TCd,0.000000000000e+00
2122,12412,SEDWSSD_TCd,0.000000000000e+00
2122,12412,SEDSCRS_TCd,0.000000000000e+00
2122,12412,SO_TCu,0.000000000000e+00
2122,12412,IO_TCu,0.000000000000e+00
2122,12412,AO_TCu,0.000000000000e+00
2122,12412,PO_TCu,0.000000000000e+00
2122,12412,SED_TCu,0.000000000000e+00
2122,12412,SEDWSSD_TCu,0.000000000000e+00
2122,12412,SEDSCRS_TCu,0.000000000000e+00
2122,12412,SO_TPb,0.000000000000e+00
2122,12412,IO_TPb,0.000000000000e+00
2122,12412,AO_TPb,0.000000000000e+00
2122,12412,PO_TPb,0.000000000000e+00
2122,12412,SED_TPb,0.000000000000e+00
2122,12412,SEDWSSD_TPb,0.000000000000e+00
2122,12412,SEDSCRS_TPb,0.000000000000e+00
2122,12412,SO_TZn,0.000000000000e+00
2122,12412,IO_TZn,0.000000000000e+00
2122,12412,AO_TZn,0.000000000000e+00
2122,12412,PO_TZn,0.000000000000e+00
2122,12412,SED_TZn,0.000000000000e+00
2122,12412,SEDWSSD_TZn,0.000000000000e+00
2122,12412,SEDSCRS_TZn,0.000000000000e+00
2122,12421,AREA,1.373858059999e+02
2122,12421,PREC,1.519457613497e+03
2122,12421,SURO,3.545353219352e+02
2122,12421,IFWO,2.180999479455e+01
2122,12421,AGWO,3.867965416761e+02
2122,12421,PERO,7.631418584059e+02
2122,12421,TAET,7.670260765426e+02
2122,12421,SEDLOAD,1.959342942698e+00
2122,12421,SEDWSSD, 1.91305e+00
2122,12421,SEDSCRS, 0.00000e+00
2122,12421,SEDSURO, 0.00000e+00
2122,12421,SEDIFWO, 2.47122e-03
2122,12421,SEDAGWO, 4.38266e-02
2122,12421,SO_TN,9.822952657489e+01
2122,12421,IO_TN,9.884880457201e+00
2122,12421,AO_TN,6.574000151782e+01
2122,12421,PO_TN,1.738544085499e+02
2122,12421,SO_TP,3.826090228289e+00
2122,12421,IO_TP,1.976976091440e+00
2122,12421,AO_TP,1.753066707142e+01
2122,12421,PO_TP,2.333373339115e+01
2122,12421,SED_TP,3.826090228289e+00
2122,12421,SEDWSSD_TP,3.826090228289e+00
2122,12421,SEDSCRS_TP,0.000000000000e+00
2122,12421,SO_TCd,9.565225570721e-03
2122,12421,IO_TCd,0.000000000000e+00
2122,12421,AO_TCd,0.000000000000e+00
2122,12421,PO_TCd,9.565225570721e-03
2122,12421,SED_TCd,9.565225570721e-03
2122,12421,SEDWSSD_TCd,9.565225570721e-03
2122,12421,SEDSCRS_TCd,0.000000000000e+00
2122,12421,SO_TCu,9.565225570721e-01
2122,12421,IO_TCu,0.000000000000e+00
2122,12421,AO_TCu,0.000000000000e+00
2122,12421,PO_TCu,9.565225570721e-01
2122,12421,SED_TCu,9.565225570721e-01
2122,12421,SEDWSSD_TCu,9.565225570721e-01
2122,12421,SEDSCRS_TCu,0.000000000000e+00
2122,12421,SO_TPb,1.913045114144e-02
2122,12421,IO_TPb,0.000000000000e+00
2122,12421,AO_TPb,0.000000000000e+00
2122,12421,PO_TPb,1.913045114144e-02
2122,12421,SED_TPb,1.913045114144e-02
2122,12421,SEDWSSD_TPb,1.913045114144e-02
2122,12421,SEDSCRS_TPb,0.000000000000e+00
2122,12421,SO_TZn,6.886962410919e+00
2122,12421,IO_TZn,0.000000000000e+00
2122,12421,AO_TZn,4.382666767855e+00
2122,12421,PO_TZn,1.126962917877e+01
2122,12421,SED_TZn,6.886962410919e+00
2122,12421,SEDWSSD_TZn,6.886962410919e+00
2122,12421,SEDSCRS_TZn,0.000000000000e+00
2122,12422,AREA,0.000000000000e+00
2122,12422,PREC,0.000000000000e+00
2122,12422,SURO,0.000000000000e+00
2122,12422,IFWO,0.000000000000e+00
2122,12422,AGWO,0.000000000000e+00
2122,12422,PERO,0.000000000000e+00
2122,12422,TAET,0.000000000000e+00
2122,12422,SEDLOAD,0.000000000000e+00
2122,12422,SEDWSSD, 0.00000e+00
2122,12422,SEDSCRS, 0.00000e+00
2122,12422,SEDSURO, 0.00000e+00
2122,12422,SEDIFWO, 0.00000e+00
2122,12422,SEDAGWO, 0.00000e+00
2122,12422,SO_TN,0.000000000000e+00
2122,12422,IO_TN,0.000000000000e+00
2122,12422,AO_TN,0.000000000000e+00
2122,12422,PO_TN,0.000000000000e+00
2122,12422,SO_TP,0.000000000000e+00
2122,12422,IO_TP,0.000000000000e+00
2122,12422,AO_TP,0.000000000000e+00
2122,12422,PO_TP,0.000000000000e+00
2122,12422,SED_TP,0.000000000000e+00
2122,12422,SEDWSSD_TP,0.000000000000e+00
2122,12422,SEDSCRS_TP,0.000000000000e+00
2122,12422,SO_TCd,0.000000000000e+00
2122,12422,IO_TCd,0.000000000000e+00
2122,12422,AO_TCd,0.000000000000e+00
2122,12422,PO_TCd,0.000000000000e+00
2122,12422,SED_TCd,0.000000000000e+00
2122,12422,SEDWSSD_TCd,0.000000000000e+00
2122,12422,SEDSCRS_TCd,0.000000000000e+00
2122,12422,SO_TCu,0.000000000000e+00
2122,12422,IO_TCu,0.000000000000e+00
2122,12422,AO_TCu,0.000000000000e+00
2122,12422,PO_TCu,0.000000000000e+00
2122,12422,SED_TCu,0.000000000000e+00
2122,12422,SEDWSSD_TCu,0.000000000000e+00
2122,12422,SEDSCRS_TCu,0.000000000000e+00
2122,12422,SO_TPb,0.000000000000e+00
2122,12422,IO_TPb,0.000000000000e+00
2122,12422,AO_TPb,0.000000000000e+00
2122,12422,PO_TPb,0.000000000000e+00
2122,12422,SED_TPb,0.000000000000e+00
2122,12422,SEDWSSD_TPb,0.000000000000e+00
2122,12422,SEDSCRS_TPb,0.000000000000e+00
2122,12422,SO_TZn,0.000000000000e+00
2122,12422,IO_TZn,0.000000000000e+00
2122,12422,AO_TZn,0.000000000000e+00
2122,12422,PO_TZn,0.000000000000e+00
2122,12422,SED_TZn,0.000000000000e+00
2122,12422,SEDWSSD_TZn,0.000000000000e+00
2122,12422,SEDSCRS_TZn,0.000000000000e+00
2122,13111,AREA,0.000000000000e+00
2122,13111,PREC,0.000000000000e+00
2122,13111,SURO,0.000000000000e+00
2122,13111,IFWO,0.000000000000e+00
2122,13111,AGWO,0.000000000000e+00
2122,13111,PERO,0.000000000000e+00
2122,13111,TAET,0.000000000000e+00
2122,13111,SEDLOAD,0.000000000000e+00
2122,13111,SEDWSSD, 0.00000e+00
2122,13111,SEDSCRS, 0.00000e+00
2122,13111,SEDSURO, 0.00000e+00
2122,13111,SEDIFWO, 0.00000e+00
2122,13111,SEDAGWO, 0.00000e+00
2122,13111,SO_TN,0.000000000000e+00
2122,13111,IO_TN,0.000000000000e+00
2122,13111,AO_TN,0.000000000000e+00
2122,13111,PO_TN,0.000000000000e+00
2122,13111,SO_TP,0.000000000000e+00
2122,13111,IO_TP,0.000000000000e+00
2122,13111,AO_TP,0.000000000000e+00
2122,13111,PO_TP,0.000000000000e+00
2122,13111,SED_TP,0.000000000000e+00
2122,13111,SEDWSSD_TP,0.000000000000e+00
2122,13111,SEDSCRS_TP,0.000000000000e+00
2122,13111,SO_TCd,0.000000000000e+00
2122,13111,IO_TCd,0.000000000000e+00
2122,13111,AO_TCd,0.000000000000e+00
2122,13111,PO_TCd,0.000000000000e+00
2122,13111,SED_TCd,0.000000000000e+00
2122,13111,SEDWSSD_TCd,0.000000000000e+00
2122,13111,SEDSCRS_TCd,0.000000000000e+00
2122,13111,SO_TCu,0.000000000000e+00
2122,13111,IO_TCu,0.000000000000e+00
2122,13111,AO_TCu,0.000000000000e+00
2122,13111,PO_TCu,0.000000000000e+00
2122,13111,SED_TCu,0.000000000000e+00
2122,13111,SEDWSSD_TCu,0.000000000000e+00
2122,13111,SEDSCRS_TCu,0.000000000000e+00
2122,13111,SO_TPb,0.000000000000e+00
2122,13111,IO_TPb,0.000000000000e+00
2122,13111,AO_TPb,0.000000000000e+00
2122,13111,PO_TPb,0.000000000000e+00
2122,13111,SED_TPb,0.000000000000e+00
2122,13111,SEDWSSD_TPb,0.000000000000e+00
2122,13111,SEDSCRS_TPb,0.000000000000e+00
2122,13111,SO_TZn,0.000000000000e+00
2122,13111,IO_TZn,0.000000000000e+00
2122,13111,AO_TZn,0.000000000000e+00
2122,13111,PO_TZn,0.000000000000e+00
2122,13111,SED_TZn,0.000000000000e+00
2122,13111,SEDWSSD_TZn,0.000000000000e+00
2122,13111,SEDSCRS_TZn,0.000000000000e+00
2122,13112,AREA,0.000000000000e+00
2122,13112,PREC,0.000000000000e+00
2122,13112,SURO,0.000000000000e+00
2122,13112,IFWO,0.000000000000e+00
2122,13112,AGWO,0.000000000000e+00
2122,13112,PERO,0.000000000000e+00
2122,13112,TAET,0.000000000000e+00
2122,13112,SEDLOAD,0.000000000000e+00
2122,13112,SEDWSSD, 0.00000e+00
2122,13112,SEDSCRS, 0.00000e+00
2122,13112,SEDSURO, 0.00000e+00
2122,13112,SEDIFWO, 0.00000e+00
2122,13112,SEDAGWO, 0.00000e+00
2122,13112,SO_TN,0.000000000000e+00
2122,13112,IO_TN,0.000000000000e+00
2122,13112,AO_TN,0.000000000000e+00
2122,13112,PO_TN,0.000000000000e+00
2122,13112,SO_TP,0.000000000000e+00
2122,13112,IO_TP,0.000000000000e+00
2122,13112,AO_TP,0.000000000000e+00
2122,13112,PO_TP,0.000000000000e+00
2122,13112,SED_TP,0.000000000000e+00
2122,13112,SEDWSSD_TP,0.000000000000e+00
2122,13112,SEDSCRS_TP,0.000000000000e+00
2122,13112,SO_TCd,0.000000000000e+00
2122,13112,IO_TCd,0.000000000000e+00
2122,13112,AO_TCd,0.000000000000e+00
2122,13112,PO_TCd,0.000000000000e+00
2122,13112,SED_TCd,0.000000000000e+00
2122,13112,SEDWSSD_TCd,0.000000000000e+00
2122,13112,SEDSCRS_TCd,0.000000000000e+00
2122,13112,SO_TCu,0.000000000000e+00
2122,13112,IO_TCu,0.000000000000e+00
2122,13112,AO_TCu,0.000000000000e+00
2122,13112,PO_TCu,0.000000000000e+00
2122,13112,SED_TCu,0.000000000000e+00
2122,13112,SEDWSSD_TCu,0.000000000000e+00
2122,13112,SEDSCRS_TCu,0.000000000000e+00
2122,13112,SO_TPb,0.000000000000e+00
2122,13112,IO_TPb,0.000000000000e+00
2122,13112,AO_TPb,0.000000000000e+00
2122,13112,PO_TPb,0.000000000000e+00
2122,13112,SED_TPb,0.000000000000e+00
2122,13112,SEDWSSD_TPb,0.000000000000e+00
2122,13112,SEDSCRS_TPb,0.000000000000e+00
2122,13112,SO_TZn,0.000000000000e+00
2122,13112,IO_TZn,0.000000000000e+00
2122,13112,AO_TZn,0.000000000000e+00
2122,13112,PO_TZn,0.000000000000e+00
2122,13112,SED_TZn,0.000000000000e+00
2122,13112,SEDWSSD_TZn,0.000000000000e+00
2122,13112,SEDSCRS_TZn,0.000000000000e+00
2122,13121,AREA,0.000000000000e+00
2122,13121,PREC,0.000000000000e+00
2122,13121,SURO,0.000000000000e+00
2122,13121,IFWO,0.000000000000e+00
2122,13121,AGWO,0.000000000000e+00
2122,13121,PERO,0.000000000000e+00
2122,13121,TAET,0.000000000000e+00
2122,13121,SEDLOAD,0.000000000000e+00
2122,13121,SEDWSSD, 0.00000e+00
2122,13121,SEDSCRS, 0.00000e+00
2122,13121,SEDSURO, 0.00000e+00
2122,13121,SEDIFWO, 0.00000e+00
2122,13121,SEDAGWO, 0.00000e+00
2122,13121,SO_TN,0.000000000000e+00
2122,13121,IO_TN,0.000000000000e+00
2122,13121,AO_TN,0.000000000000e+00
2122,13121,PO_TN,0.000000000000e+00
2122,13121,SO_TP,0.000000000000e+00
2122,13121,IO_TP,0.000000000000e+00
2122,13121,AO_TP,0.000000000000e+00
2122,13121,PO_TP,0.000000000000e+00
2122,13121,SED_TP,0.000000000000e+00
2122,13121,SEDWSSD_TP,0.000000000000e+00
2122,13121,SEDSCRS_TP,0.000000000000e+00
2122,13121,SO_TCd,0.000000000000e+00
2122,13121,IO_TCd,0.000000000000e+00
2122,13121,AO_TCd,0.000000000000e+00
2122,13121,PO_TCd,0.000000000000e+00
2122,13121,SED_TCd,0.000000000000e+00
2122,13121,SEDWSSD_TCd,0.000000000000e+00
2122,13121,SEDSCRS_TCd,0.000000000000e+00
2122,13121,SO_TCu,0.000000000000e+00
2122,13121,IO_TCu,0.000000000000e+00
2122,13121,AO_TCu,0.000000000000e+00
2122,13121,PO_TCu,0.000000000000e+00
2122,13121,SED_TCu,0.000000000000e+00
2122,13121,SEDWSSD_TCu,0.000000000000e+00
2122,13121,SEDSCRS_TCu,0.000000000000e+00
2122,13121,SO_TPb,0.000000000000e+00
2122,13121,IO_TPb,0.000000000000e+00
2122,13121,AO_TPb,0.000000000000e+00
2122,13121,PO_TPb,0.000000000000e+00
2122,13121,SED_TPb,0.000000000000e+00
2122,13121,SEDWSSD_TPb,0.000000000000e+00
2122,13121,SEDSCRS_TPb,0.000000000000e+00
2122,13121,SO_TZn,0.000000000000e+00
2122,13121,IO_TZn,0.000000000000e+00
2122,13121,AO_TZn,0.000000000000e+00
2122,13121,PO_TZn,0.000000000000e+00
2122,13121,SED_TZn,0.000000000000e+00
2122,13121,SEDWSSD_TZn,0.000000000000e+00
2122,13121,SEDSCRS_TZn,0.000000000000e+00
2122,13122,AREA,0.000000000000e+00
2122,13122,PREC,0.000000000000e+00
2122,13122,SURO,0.000000000000e+00
2122,13122,IFWO,0.000000000000e+00
2122,13122,AGWO,0.000000000000e+00
2122,13122,PERO,0.000000000000e+00
2122,13122,TAET,0.000000000000e+00
2122,13122,SEDLOAD,0.000000000000e+00
2122,13122,SEDWSSD, 0.00000e+00
2122,13122,SEDSCRS, 0.00000e+00
2122,13122,SEDSURO, 0.00000e+00
2122,13122,SEDIFWO, 0.00000e+00
2122,13122,SEDAGWO, 0.00000e+00
2122,13122,SO_TN,0.000000000000e+00
2122,13122,IO_TN,0.000000000000e+00
2122,13122,AO_TN,0.000000000000e+00
2122,13122,PO_TN,0.000000000000e+00
2122,13122,SO_TP,0.000000000000e+00
2122,13122,IO_TP,0.000000000000e+00
2122,13122,AO_TP,0.000000000000e+00
2122,13122,PO_TP,0.000000000000e+00
2122,13122,SED_TP,0.000000000000e+00
2122,13122,SEDWSSD_TP,0.000000000000e+00
2122,13122,SEDSCRS_TP,0.000000000000e+00
2122,13122,SO_TCd,0.000000000000e+00
2122,13122,IO_TCd,0.000000000000e+00
2122,13122,AO_TCd,0.000000000000e+00
2122,13122,PO_TCd,0.000000000000e+00
2122,13122,SED_TCd,0.000000000000e+00
2122,13122,SEDWSSD_TCd,0.000000000000e+00
2122,13122,SEDSCRS_TCd,0.000000000000e+00
2122,13122,SO_TCu,0.000000000000e+00
2122,13122,IO_TCu,0.000000000000e+00
2122,13122,AO_TCu,0.000000000000e+00
2122,13122,PO_TCu,0.000000000000e+00
2122,13122,SED_TCu,0.000000000000e+00
2122,13122,SEDWSSD_TCu,0.000000000000e+00
2122,13122,SEDSCRS_TCu,0.000000000000e+00
2122,13122,SO_TPb,0.000000000000e+00
2122,13122,IO_TPb,0.000000000000e+00
2122,13122,AO_TPb,0.000000000000e+00
2122,13122,PO_TPb,0.000000000000e+00
2122,13122,SED_TPb,0.000000000000e+00
2122,13122,SEDWSSD_TPb,0.000000000000e+00
2122,13122,SEDSCRS_TPb,0.000000000000e+00
2122,13122,SO_TZn,0.000000000000e+00
2122,13122,IO_TZn,0.000000000000e+00
2122,13122,AO_TZn,0.000000000000e+00
2122,13122,PO_TZn,0.000000000000e+00
2122,13122,SED_TZn,0.000000000000e+00
2122,13122,SEDWSSD_TZn,0.000000000000e+00
2122,13122,SEDSCRS_TZn,0.000000000000e+00
2122,13211,AREA,0.000000000000e+00
2122,13211,PREC,0.000000000000e+00
2122,13211,SURO,0.000000000000e+00
2122,13211,IFWO,0.000000000000e+00
2122,13211,AGWO,0.000000000000e+00
2122,13211,PERO,0.000000000000e+00
2122,13211,TAET,0.000000000000e+00
2122,13211,SEDLOAD,0.000000000000e+00
2122,13211,SEDWSSD, 0.00000e+00
2122,13211,SEDSCRS, 0.00000e+00
2122,13211,SEDSURO, 0.00000e+00
2122,13211,SEDIFWO, 0.00000e+00
2122,13211,SEDAGWO, 0.00000e+00
2122,13211,SO_TN,0.000000000000e+00
2122,13211,IO_TN,0.000000000000e+00
2122,13211,AO_TN,0.000000000000e+00
2122,13211,PO_TN,0.000000000000e+00
2122,13211,SO_TP,0.000000000000e+00
2122,13211,IO_TP,0.000000000000e+00
2122,13211,AO_TP,0.000000000000e+00
2122,13211,PO_TP,0.000000000000e+00
2122,13211,SED_TP,0.000000000000e+00
2122,13211,SEDWSSD_TP,0.000000000000e+00
2122,13211,SEDSCRS_TP,0.000000000000e+00
2122,13211,SO_TCd,0.000000000000e+00
2122,13211,IO_TCd,0.000000000000e+00
2122,13211,AO_TCd,0.000000000000e+00
2122,13211,PO_TCd,0.000000000000e+00
2122,13211,SED_TCd,0.000000000000e+00
2122,13211,SEDWSSD_TCd,0.000000000000e+00
2122,13211,SEDSCRS_TCd,0.000000000000e+00
2122,13211,SO_TCu,0.000000000000e+00
2122,13211,IO_TCu,0.000000000000e+00
2122,13211,AO_TCu,0.000000000000e+00
2122,13211,PO_TCu,0.000000000000e+00
2122,13211,SED_TCu,0.000000000000e+00
2122,13211,SEDWSSD_TCu,0.000000000000e+00
2122,13211,SEDSCRS_TCu,0.000000000000e+00
2122,13211,SO_TPb,0.000000000000e+00
2122,13211,IO_TPb,0.000000000000e+00
2122,13211,AO_TPb,0.000000000000e+00
2122,13211,PO_TPb,0.000000000000e+00
2122,13211,SED_TPb,0.000000000000e+00
2122,13211,SEDWSSD_TPb,0.000000000000e+00
2122,13211,SEDSCRS_TPb,0.000000000000e+00
2122,13211,SO_TZn,0.000000000000e+00
2122,13211,IO_TZn,0.000000000000e+00
2122,13211,AO_TZn,0.000000000000e+00
2122,13211,PO_TZn,0.000000000000e+00
2122,13211,SED_TZn,0.000000000000e+00
2122,13211,SEDWSSD_TZn,0.000000000000e+00
2122,13211,SEDSCRS_TZn,0.000000000000e+00
2122,13212,AREA,0.000000000000e+00
2122,13212,PREC,0.000000000000e+00
2122,13212,SURO,0.000000000000e+00
2122,13212,IFWO,0.000000000000e+00
2122,13212,AGWO,0.000000000000e+00
2122,13212,PERO,0.000000000000e+00
2122,13212,TAET,0.000000000000e+00
2122,13212,SEDLOAD,0.000000000000e+00
2122,13212,SEDWSSD, 0.00000e+00
2122,13212,SEDSCRS, 0.00000e+00
2122,13212,SEDSURO, 0.00000e+00
2122,13212,SEDIFWO, 0.00000e+00
2122,13212,SEDAGWO, 0.00000e+00
2122,13212,SO_TN,0.000000000000e+00
2122,13212,IO_TN,0.000000000000e+00
2122,13212,AO_TN,0.000000000000e+00
2122,13212,PO_TN,0.000000000000e+00
2122,13212,SO_TP,0.000000000000e+00
2122,13212,IO_TP,0.000000000000e+00
2122,13212,AO_TP,0.000000000000e+00
2122,13212,PO_TP,0.000000000000e+00
2122,13212,SED_TP,0.000000000000e+00
2122,13212,SEDWSSD_TP,0.000000000000e+00
2122,13212,SEDSCRS_TP,0.000000000000e+00
2122,13212,SO_TCd,0.000000000000e+00
2122,13212,IO_TCd,0.000000000000e+00
2122,13212,AO_TCd,0.000000000000e+00
2122,13212,PO_TCd,0.000000000000e+00
2122,13212,SED_TCd,0.000000000000e+00
2122,13212,SEDWSSD_TCd,0.000000000000e+00
2122,13212,SEDSCRS_TCd,0.000000000000e+00
2122,13212,SO_TCu,0.000000000000e+00
2122,13212,IO_TCu,0.000000000000e+00
2122,13212,AO_TCu,0.000000000000e+00
2122,13212,PO_TCu,0.000000000000e+00
2122,13212,SED_TCu,0.000000000000e+00
2122,13212,SEDWSSD_TCu,0.000000000000e+00
2122,13212,SEDSCRS_TCu,0.000000000000e+00
2122,13212,SO_TPb,0.000000000000e+00
2122,13212,IO_TPb,0.000000000000e+00
2122,13212,AO_TPb,0.000000000000e+00
2122,13212,PO_TPb,0.000000000000e+00
2122,13212,SED_TPb,0.000000000000e+00
2122,13212,SEDWSSD_TPb,0.000000000000e+00
2122,13212,SEDSCRS_TPb,0.000000000000e+00
2122,13212,SO_TZn,0.000000000000e+00
2122,13212,IO_TZn,0.000000000000e+00
2122,13212,AO_TZn,0.000000000000e+00
2122,13212,PO_TZn,0.000000000000e+00
2122,13212,SED_TZn,0.000000000000e+00
2122,13212,SEDWSSD_TZn,0.000000000000e+00
2122,13212,SEDSCRS_TZn,0.000000000000e+00
2122,13221,AREA,0.000000000000e+00
2122,13221,PREC,0.000000000000e+00
2122,13221,SURO,0.000000000000e+00
2122,13221,IFWO,0.000000000000e+00
2122,13221,AGWO,0.000000000000e+00
2122,13221,PERO,0.000000000000e+00
2122,13221,TAET,0.000000000000e+00
2122,13221,SEDLOAD,0.000000000000e+00
2122,13221,SEDWSSD, 0.00000e+00
2122,13221,SEDSCRS, 0.00000e+00
2122,13221,SEDSURO, 0.00000e+00
2122,13221,SEDIFWO, 0.00000e+00
2122,13221,SEDAGWO, 0.00000e+00
2122,13221,SO_TN,0.000000000000e+00
2122,13221,IO_TN,0.000000000000e+00
2122,13221,AO_TN,0.000000000000e+00
2122,13221,PO_TN,0.000000000000e+00
2122,13221,SO_TP,0.000000000000e+00
2122,13221,IO_TP,0.000000000000e+00
2122,13221,AO_TP,0.000000000000e+00
2122,13221,PO_TP,0.000000000000e+00
2122,13221,SED_TP,0.000000000000e+00
2122,13221,SEDWSSD_TP,0.000000000000e+00
2122,13221,SEDSCRS_TP,0.000000000000e+00
2122,13221,SO_TCd,0.000000000000e+00
2122,13221,IO_TCd,0.000000000000e+00
2122,13221,AO_TCd,0.000000000000e+00
2122,13221,PO_TCd,0.000000000000e+00
2122,13221,SED_TCd,0.000000000000e+00
2122,13221,SEDWSSD_TCd,0.000000000000e+00
2122,13221,SEDSCRS_TCd,0.000000000000e+00
2122,13221,SO_TCu,0.000000000000e+00
2122,13221,IO_TCu,0.000000000000e+00
2122,13221,AO_TCu,0.000000000000e+00
2122,13221,PO_TCu,0.000000000000e+00
2122,13221,SED_TCu,0.000000000000e+00
2122,13221,SEDWSSD_TCu,0.000000000000e+00
2122,13221,SEDSCRS_TCu,0.000000000000e+00
2122,13221,SO_TPb,0.000000000000e+00
2122,13221,IO_TPb,0.000000000000e+00
2122,13221,AO_TPb,0.000000000000e+00
2122,13221,PO_TPb,0.000000000000e+00
2122,13221,SED_TPb,0.000000000000e+00
2122,13221,SEDWSSD_TPb,0.000000000000e+00
2122,13221,SEDSCRS_TPb,0.000000000000e+00
2122,13221,SO_TZn,0.000000000000e+00
2122,13221,IO_TZn,0.000000000000e+00
2122,13221,AO_TZn,0.000000000000e+00
2122,13221,PO_TZn,0.000000000000e+00
2122,13221,SED_TZn,0.000000000000e+00
2122,13221,SEDWSSD_TZn,0.000000000000e+00
2122,13221,SEDSCRS_TZn,0.000000000000e+00
2122,13222,AREA,0.000000000000e+00
2122,13222,PREC,0.000000000000e+00
2122,13222,SURO,0.000000000000e+00
2122,13222,IFWO,0.000000000000e+00
2122,13222,AGWO,0.000000000000e+00
2122,13222,PERO,0.000000000000e+00
2122,13222,TAET,0.000000000000e+00
2122,13222,SEDLOAD,0.000000000000e+00
2122,13222,SEDWSSD, 0.00000e+00
2122,13222,SEDSCRS, 0.00000e+00
2122,13222,SEDSURO, 0.00000e+00
2122,13222,SEDIFWO, 0.00000e+00
2122,13222,SEDAGWO, 0.00000e+00
2122,13222,SO_TN,0.000000000000e+00
2122,13222,IO_TN,0.000000000000e+00
2122,13222,AO_TN,0.000000000000e+00
2122,13222,PO_TN,0.000000000000e+00
2122,13222,SO_TP,0.000000000000e+00
2122,13222,IO_TP,0.000000000000e+00
2122,13222,AO_TP,0.000000000000e+00
2122,13222,PO_TP,0.000000000000e+00
2122,13222,SED_TP,0.000000000000e+00
2122,13222,SEDWSSD_TP,0.000000000000e+00
2122,13222,SEDSCRS_TP,0.000000000000e+00
2122,13222,SO_TCd,0.000000000000e+00
2122,13222,IO_TCd,0.000000000000e+00
2122,13222,AO_TCd,0.000000000000e+00
2122,13222,PO_TCd,0.000000000000e+00
2122,13222,SED_TCd,0.000000000000e+00
2122,13222,SEDWSSD_TCd,0.000000000000e+00
2122,13222,SEDSCRS_TCd,0.000000000000e+00
2122,13222,SO_TCu,0.000000000000e+00
2122,13222,IO_TCu,0.000000000000e+00
2122,13222,AO_TCu,0.000000000000e+00
2122,13222,PO_TCu,0.000000000000e+00
2122,13222,SED_TCu,0.000000000000e+00
2122,13222,SEDWSSD_TCu,0.000000000000e+00
2122,13222,SEDSCRS_TCu,0.000000000000e+00
2122,13222,SO_TPb,0.000000000000e+00
2122,13222,IO_TPb,0.000000000000e+00
2122,13222,AO_TPb,0.000000000000e+00
2122,13222,PO_TPb,0.000000000000e+00
2122,13222,SED_TPb,0.000000000000e+00
2122,13222,SEDWSSD_TPb,0.000000000000e+00
2122,13222,SEDSCRS_TPb,0.000000000000e+00
2122,13222,SO_TZn,0.000000000000e+00
2122,13222,IO_TZn,0.000000000000e+00
2122,13222,AO_TZn,0.000000000000e+00
2122,13222,PO_TZn,0.000000000000e+00
2122,13222,SED_TZn,0.000000000000e+00
2122,13222,SEDWSSD_TZn,0.000000000000e+00
2122,13222,SEDSCRS_TZn,0.000000000000e+00
2122,13231,AREA,0.000000000000e+00
2122,13231,PREC,0.000000000000e+00
2122,13231,SURO,0.000000000000e+00
2122,13231,IFWO,0.000000000000e+00
2122,13231,AGWO,0.000000000000e+00
2122,13231,PERO,0.000000000000e+00
2122,13231,TAET,0.000000000000e+00
2122,13231,SEDLOAD,0.000000000000e+00
2122,13231,SEDWSSD, 0.00000e+00
2122,13231,SEDSCRS, 0.00000e+00
2122,13231,SEDSURO, 0.00000e+00
2122,13231,SEDIFWO, 0.00000e+00
2122,13231,SEDAGWO, 0.00000e+00
2122,13231,SO_TN,0.000000000000e+00
2122,13231,IO_TN,0.000000000000e+00
2122,13231,AO_TN,0.000000000000e+00
2122,13231,PO_TN,0.000000000000e+00
2122,13231,SO_TP,0.000000000000e+00
2122,13231,IO_TP,0.000000000000e+00
2122,13231,AO_TP,0.000000000000e+00
2122,13231,PO_TP,0.000000000000e+00
2122,13231,SED_TP,0.000000000000e+00
2122,13231,SEDWSSD_TP,0.000000000000e+00
2122,13231,SEDSCRS_TP,0.000000000000e+00
2122,13231,SO_TCd,0.000000000000e+00
2122,13231,IO_TCd,0.000000000000e+00
2122,13231,AO_TCd,0.000000000000e+00
2122,13231,PO_TCd,0.000000000000e+00
2122,13231,SED_TCd,0.000000000000e+00
2122,13231,SEDWSSD_TCd,0.000000000000e+00
2122,13231,SEDSCRS_TCd,0.000000000000e+00
2122,13231,SO_TCu,0.000000000000e+00
2122,13231,IO_TCu,0.000000000000e+00
2122,13231,AO_TCu,0.000000000000e+00
2122,13231,PO_TCu,0.000000000000e+00
2122,13231,SED_TCu,0.000000000000e+00
2122,13231,SEDWSSD_TCu,0.000000000000e+00
2122,13231,SEDSCRS_TCu,0.000000000000e+00
2122,13231,SO_TPb,0.000000000000e+00
2122,13231,IO_TPb,0.000000000000e+00
2122,13231,AO_TPb,0.000000000000e+00
2122,13231,PO_TPb,0.000000000000e+00
2122,13231,SED_TPb,0.000000000000e+00
2122,13231,SEDWSSD_TPb,0.000000000000e+00
2122,13231,SEDSCRS_TPb,0.000000000000e+00
2122,13231,SO_TZn,0.000000000000e+00
2122,13231,IO_TZn,0.000000000000e+00
2122,13231,AO_TZn,0.000000000000e+00
2122,13231,PO_TZn,0.000000000000e+00
2122,13231,SED_TZn,0.000000000000e+00
2122,13231,SEDWSSD_TZn,0.000000000000e+00
2122,13231,SEDSCRS_TZn,0.000000000000e+00
2122,13232,AREA,0.000000000000e+00
2122,13232,PREC,0.000000000000e+00
2122,13232,SURO,0.000000000000e+00
2122,13232,IFWO,0.000000000000e+00
2122,13232,AGWO,0.000000000000e+00
2122,13232,PERO,0.000000000000e+00
2122,13232,TAET,0.000000000000e+00
2122,13232,SEDLOAD,0.000000000000e+00
2122,13232,SEDWSSD, 0.00000e+00
2122,13232,SEDSCRS, 0.00000e+00
2122,13232,SEDSURO, 0.00000e+00
2122,13232,SEDIFWO, 0.00000e+00
2122,13232,SEDAGWO, 0.00000e+00
2122,13232,SO_TN,0.000000000000e+00
2122,13232,IO_TN,0.000000000000e+00
2122,13232,AO_TN,0.000000000000e+00
2122,13232,PO_TN,0.000000000000e+00
2122,13232,SO_TP,0.000000000000e+00
2122,13232,IO_TP,0.000000000000e+00
2122,13232,AO_TP,0.000000000000e+00
2122,13232,PO_TP,0.000000000000e+00
2122,13232,SED_TP,0.000000000000e+00
2122,13232,SEDWSSD_TP,0.000000000000e+00
2122,13232,SEDSCRS_TP,0.000000000000e+00
2122,13232,SO_TCd,0.000000000000e+00
2122,13232,IO_TCd,0.000000000000e+00
2122,13232,AO_TCd,0.000000000000e+00
2122,13232,PO_TCd,0.000000000000e+00
2122,13232,SED_TCd,0.000000000000e+00
2122,13232,SEDWSSD_TCd,0.000000000000e+00
2122,13232,SEDSCRS_TCd,0.000000000000e+00
2122,13232,SO_TCu,0.000000000000e+00
2122,13232,IO_TCu,0.000000000000e+00
2122,13232,AO_TCu,0.000000000000e+00
2122,13232,PO_TCu,0.000000000000e+00
2122,13232,SED_TCu,0.000000000000e+00
2122,13232,SEDWSSD_TCu,0.000000000000e+00
2122,13232,SEDSCRS_TCu,0.000000000000e+00
2122,13232,SO_TPb,0.000000000000e+00
2122,13232,IO_TPb,0.000000000000e+00
2122,13232,AO_TPb,0.000000000000e+00
2122,13232,PO_TPb,0.000000000000e+00
2122,13232,SED_TPb,0.000000000000e+00
2122,13232,SEDWSSD_TPb,0.000000000000e+00
2122,13232,SEDSCRS_TPb,0.000000000000e+00
2122,13232,SO_TZn,0.000000000000e+00
2122,13232,IO_TZn,0.000000000000e+00
2122,13232,AO_TZn,0.000000000000e+00
2122,13232,PO_TZn,0.000000000000e+00
2122,13232,SED_TZn,0.000000000000e+00
2122,13232,SEDWSSD_TZn,0.000000000000e+00
2122,13232,SEDSCRS_TZn,0.000000000000e+00
2122,13311,AREA,0.000000000000e+00
2122,13311,PREC,0.000000000000e+00
2122,13311,SURO,0.000000000000e+00
2122,13311,IFWO,0.000000000000e+00
2122,13311,AGWO,0.000000000000e+00
2122,13311,PERO,0.000000000000e+00
2122,13311,TAET,0.000000000000e+00
2122,13311,SEDLOAD,0.000000000000e+00
2122,13311,SEDWSSD, 0.00000e+00
2122,13311,SEDSCRS, 0.00000e+00
2122,13311,SEDSURO, 0.00000e+00
2122,13311,SEDIFWO, 0.00000e+00
2122,13311,SEDAGWO, 0.00000e+00
2122,13311,SO_TN,0.000000000000e+00
2122,13311,IO_TN,0.000000000000e+00
2122,13311,AO_TN,0.000000000000e+00
2122,13311,PO_TN,0.000000000000e+00
2122,13311,SO_TP,0.000000000000e+00
2122,13311,IO_TP,0.000000000000e+00
2122,13311,AO_TP,0.000000000000e+00
2122,13311,PO_TP,0.000000000000e+00
2122,13311,SED_TP,0.000000000000e+00
2122,13311,SEDWSSD_TP,0.000000000000e+00
2122,13311,SEDSCRS_TP,0.000000000000e+00
2122,13311,SO_TCd,0.000000000000e+00
2122,13311,IO_TCd,0.000000000000e+00
2122,13311,AO_TCd,0.000000000000e+00
2122,13311,PO_TCd,0.000000000000e+00
2122,13311,SED_TCd,0.000000000000e+00
2122,13311,SEDWSSD_TCd,0.000000000000e+00
2122,13311,SEDSCRS_TCd,0.000000000000e+00
2122,13311,SO_TCu,0.000000000000e+00
2122,13311,IO_TCu,0.000000000000e+00
2122,13311,AO_TCu,0.000000000000e+00
2122,13311,PO_TCu,0.000000000000e+00
2122,13311,SED_TCu,0.000000000000e+00
2122,13311,SEDWSSD_TCu,0.000000000000e+00
2122,13311,SEDSCRS_TCu,0.000000000000e+00
2122,13311,SO_TPb,0.000000000000e+00
2122,13311,IO_TPb,0.000000000000e+00
2122,13311,AO_TPb,0.000000000000e+00
2122,13311,PO_TPb,0.000000000000e+00
2122,13311,SED_TPb,0.000000000000e+00
2122,13311,SEDWSSD_TPb,0.000000000000e+00
2122,13311,SEDSCRS_TPb,0.000000000000e+00
2122,13311,SO_TZn,0.000000000000e+00
2122,13311,IO_TZn,0.000000000000e+00
2122,13311,AO_TZn,0.000000000000e+00
2122,13311,PO_TZn,0.000000000000e+00
2122,13311,SED_TZn,0.000000000000e+00
2122,13311,SEDWSSD_TZn,0.000000000000e+00
2122,13311,SEDSCRS_TZn,0.000000000000e+00
2122,13312,AREA,0.000000000000e+00
2122,13312,PREC,0.000000000000e+00
2122,13312,SURO,0.000000000000e+00
2122,13312,IFWO,0.000000000000e+00
2122,13312,AGWO,0.000000000000e+00
2122,13312,PERO,0.000000000000e+00
2122,13312,TAET,0.000000000000e+00
2122,13312,SEDLOAD,0.000000000000e+00
2122,13312,SEDWSSD, 0.00000e+00
2122,13312,SEDSCRS, 0.00000e+00
2122,13312,SEDSURO, 0.00000e+00
2122,13312,SEDIFWO, 0.00000e+00
2122,13312,SEDAGWO, 0.00000e+00
2122,13312,SO_TN,0.000000000000e+00
2122,13312,IO_TN,0.000000000000e+00
2122,13312,AO_TN,0.000000000000e+00
2122,13312,PO_TN,0.000000000000e+00
2122,13312,SO_TP,0.000000000000e+00
2122,13312,IO_TP,0.000000000000e+00
2122,13312,AO_TP,0.000000000000e+00
2122,13312,PO_TP,0.000000000000e+00
2122,13312,SED_TP,0.000000000000e+00
2122,13312,SEDWSSD_TP,0.000000000000e+00
2122,13312,SEDSCRS_TP,0.000000000000e+00
2122,13312,SO_TCd,0.000000000000e+00
2122,13312,IO_TCd,0.000000000000e+00
2122,13312,AO_TCd,0.000000000000e+00
2122,13312,PO_TCd,0.000000000000e+00
2122,13312,SED_TCd,0.000000000000e+00
2122,13312,SEDWSSD_TCd,0.000000000000e+00
2122,13312,SEDSCRS_TCd,0.000000000000e+00
2122,13312,SO_TCu,0.000000000000e+00
2122,13312,IO_TCu,0.000000000000e+00
2122,13312,AO_TCu,0.000000000000e+00
2122,13312,PO_TCu,0.000000000000e+00
2122,13312,SED_TCu,0.000000000000e+00
2122,13312,SEDWSSD_TCu,0.000000000000e+00
2122,13312,SEDSCRS_TCu,0.000000000000e+00
2122,13312,SO_TPb,0.000000000000e+00
2122,13312,IO_TPb,0.000000000000e+00
2122,13312,AO_TPb,0.000000000000e+00
2122,13312,PO_TPb,0.000000000000e+00
2122,13312,SED_TPb,0.000000000000e+00
2122,13312,SEDWSSD_TPb,0.000000000000e+00
2122,13312,SEDSCRS_TPb,0.000000000000e+00
2122,13312,SO_TZn,0.000000000000e+00
2122,13312,IO_TZn,0.000000000000e+00
2122,13312,AO_TZn,0.000000000000e+00
2122,13312,PO_TZn,0.000000000000e+00
2122,13312,SED_TZn,0.000000000000e+00
2122,13312,SEDWSSD_TZn,0.000000000000e+00
2122,13312,SEDSCRS_TZn,0.000000000000e+00
2122,13321,AREA,0.000000000000e+00
2122,13321,PREC,0.000000000000e+00
2122,13321,SURO,0.000000000000e+00
2122,13321,IFWO,0.000000000000e+00
2122,13321,AGWO,0.000000000000e+00
2122,13321,PERO,0.000000000000e+00
2122,13321,TAET,0.000000000000e+00
2122,13321,SEDLOAD,0.000000000000e+00
2122,13321,SEDWSSD, 0.00000e+00
2122,13321,SEDSCRS, 0.00000e+00
2122,13321,SEDSURO, 0.00000e+00
2122,13321,SEDIFWO, 0.00000e+00
2122,13321,SEDAGWO, 0.00000e+00
2122,13321,SO_TN,0.000000000000e+00
2122,13321,IO_TN,0.000000000000e+00
2122,13321,AO_TN,0.000000000000e+00
2122,13321,PO_TN,0.000000000000e+00
2122,13321,SO_TP,0.000000000000e+00
2122,13321,IO_TP,0.000000000000e+00
2122,13321,AO_TP,0.000000000000e+00
2122,13321,PO_TP,0.000000000000e+00
2122,13321,SED_TP,0.000000000000e+00
2122,13321,SEDWSSD_TP,0.000000000000e+00
2122,13321,SEDSCRS_TP,0.000000000000e+00
2122,13321,SO_TCd,0.000000000000e+00
2122,13321,IO_TCd,0.000000000000e+00
2122,13321,AO_TCd,0.000000000000e+00
2122,13321,PO_TCd,0.000000000000e+00
2122,13321,SED_TCd,0.000000000000e+00
2122,13321,SEDWSSD_TCd,0.000000000000e+00
2122,13321,SEDSCRS_TCd,0.000000000000e+00
2122,13321,SO_TCu,0.000000000000e+00
2122,13321,IO_TCu,0.000000000000e+00
2122,13321,AO_TCu,0.000000000000e+00
2122,13321,PO_TCu,0.000000000000e+00
2122,13321,SED_TCu,0.000000000000e+00
2122,13321,SEDWSSD_TCu,0.000000000000e+00
2122,13321,SEDSCRS_TCu,0.000000000000e+00
2122,13321,SO_TPb,0.000000000000e+00
2122,13321,IO_TPb,0.000000000000e+00
2122,13321,AO_TPb,0.000000000000e+00
2122,13321,PO_TPb,0.000000000000e+00
2122,13321,SED_TPb,0.000000000000e+00
2122,13321,SEDWSSD_TPb,0.000000000000e+00
2122,13321,SEDSCRS_TPb,0.000000000000e+00
2122,13321,SO_TZn,0.000000000000e+00
2122,13321,IO_TZn,0.000000000000e+00
2122,13321,AO_TZn,0.000000000000e+00
2122,13321,PO_TZn,0.000000000000e+00
2122,13321,SED_TZn,0.000000000000e+00
2122,13321,SEDWSSD_TZn,0.000000000000e+00
2122,13321,SEDSCRS_TZn,0.000000000000e+00
2122,13322,AREA,0.000000000000e+00
2122,13322,PREC,0.000000000000e+00
2122,13322,SURO,0.000000000000e+00
2122,13322,IFWO,0.000000000000e+00
2122,13322,AGWO,0.000000000000e+00
2122,13322,PERO,0.000000000000e+00
2122,13322,TAET,0.000000000000e+00
2122,13322,SEDLOAD,0.000000000000e+00
2122,13322,SEDWSSD, 0.00000e+00
2122,13322,SEDSCRS, 0.00000e+00
2122,13322,SEDSURO, 0.00000e+00
2122,13322,SEDIFWO, 0.00000e+00
2122,13322,SEDAGWO, 0.00000e+00
2122,13322,SO_TN,0.000000000000e+00
2122,13322,IO_TN,0.000000000000e+00
2122,13322,AO_TN,0.000000000000e+00
2122,13322,PO_TN,0.000000000000e+00
2122,13322,SO_TP,0.000000000000e+00
2122,13322,IO_TP,0.000000000000e+00
2122,13322,AO_TP,0.000000000000e+00
2122,13322,PO_TP,0.000000000000e+00
2122,13322,SED_TP,0.000000000000e+00
2122,13322,SEDWSSD_TP,0.000000000000e+00
2122,13322,SEDSCRS_TP,0.000000000000e+00
2122,13322,SO_TCd,0.000000000000e+00
2122,13322,IO_TCd,0.000000000000e+00
2122,13322,AO_TCd,0.000000000000e+00
2122,13322,PO_TCd,0.000000000000e+00
2122,13322,SED_TCd,0.000000000000e+00
2122,13322,SEDWSSD_TCd,0.000000000000e+00
2122,13322,SEDSCRS_TCd,0.000000000000e+00
2122,13322,SO_TCu,0.000000000000e+00
2122,13322,IO_TCu,0.000000000000e+00
2122,13322,AO_TCu,0.000000000000e+00
2122,13322,PO_TCu,0.000000000000e+00
2122,13322,SED_TCu,0.000000000000e+00
2122,13322,SEDWSSD_TCu,0.000000000000e+00
2122,13322,SEDSCRS_TCu,0.000000000000e+00
2122,13322,SO_TPb,0.000000000000e+00
2122,13322,IO_TPb,0.000000000000e+00
2122,13322,AO_TPb,0.000000000000e+00
2122,13322,PO_TPb,0.000000000000e+00
2122,13322,SED_TPb,0.000000000000e+00
2122,13322,SEDWSSD_TPb,0.000000000000e+00
2122,13322,SEDSCRS_TPb,0.000000000000e+00
2122,13322,SO_TZn,0.000000000000e+00
2122,13322,IO_TZn,0.000000000000e+00
2122,13322,AO_TZn,0.000000000000e+00
2122,13322,PO_TZn,0.000000000000e+00
2122,13322,SED_TZn,0.000000000000e+00
2122,13322,SEDWSSD_TZn,0.000000000000e+00
2122,13322,SEDSCRS_TZn,0.000000000000e+00
2122,13331,AREA,0.000000000000e+00
2122,13331,PREC,0.000000000000e+00
2122,13331,SURO,0.000000000000e+00
2122,13331,IFWO,0.000000000000e+00
2122,13331,AGWO,0.000000000000e+00
2122,13331,PERO,0.000000000000e+00
2122,13331,TAET,0.000000000000e+00
2122,13331,SEDLOAD,0.000000000000e+00
2122,13331,SEDWSSD, 0.00000e+00
2122,13331,SEDSCRS, 0.00000e+00
2122,13331,SEDSURO, 0.00000e+00
2122,13331,SEDIFWO, 0.00000e+00
2122,13331,SEDAGWO, 0.00000e+00
2122,13331,SO_TN,0.000000000000e+00
2122,13331,IO_TN,0.000000000000e+00
2122,13331,AO_TN,0.000000000000e+00
2122,13331,PO_TN,0.000000000000e+00
2122,13331,SO_TP,0.000000000000e+00
2122,13331,IO_TP,0.000000000000e+00
2122,13331,AO_TP,0.000000000000e+00
2122,13331,PO_TP,0.000000000000e+00
2122,13331,SED_TP,0.000000000000e+00
2122,13331,SEDWSSD_TP,0.000000000000e+00
2122,13331,SEDSCRS_TP,0.000000000000e+00
2122,13331,SO_TCd,0.000000000000e+00
2122,13331,IO_TCd,0.000000000000e+00
2122,13331,AO_TCd,0.000000000000e+00
2122,13331,PO_TCd,0.000000000000e+00
2122,13331,SED_TCd,0.000000000000e+00
2122,13331,SEDWSSD_TCd,0.000000000000e+00
2122,13331,SEDSCRS_TCd,0.000000000000e+00
2122,13331,SO_TCu,0.000000000000e+00
2122,13331,IO_TCu,0.000000000000e+00
2122,13331,AO_TCu,0.000000000000e+00
2122,13331,PO_TCu,0.000000000000e+00
2122,13331,SED_TCu,0.000000000000e+00
2122,13331,SEDWSSD_TCu,0.000000000000e+00
2122,13331,SEDSCRS_TCu,0.000000000000e+00
2122,13331,SO_TPb,0.000000000000e+00
2122,13331,IO_TPb,0.000000000000e+00
2122,13331,AO_TPb,0.000000000000e+00
2122,13331,PO_TPb,0.000000000000e+00
2122,13331,SED_TPb,0.000000000000e+00
2122,13331,SEDWSSD_TPb,0.000000000000e+00
2122,13331,SEDSCRS_TPb,0.000000000000e+00
2122,13331,SO_TZn,0.000000000000e+00
2122,13331,IO_TZn,0.000000000000e+00
2122,13331,AO_TZn,0.000000000000e+00
2122,13331,PO_TZn,0.000000000000e+00
2122,13331,SED_TZn,0.000000000000e+00
2122,13331,SEDWSSD_TZn,0.000000000000e+00
2122,13331,SEDSCRS_TZn,0.000000000000e+00
2122,13411,AREA,0.000000000000e+00
2122,13411,PREC,0.000000000000e+00
2122,13411,SURO,0.000000000000e+00
2122,13411,IFWO,0.000000000000e+00
2122,13411,AGWO,0.000000000000e+00
2122,13411,PERO,0.000000000000e+00
2122,13411,TAET,0.000000000000e+00
2122,13411,SEDLOAD,0.000000000000e+00
2122,13411,SEDWSSD, 0.00000e+00
2122,13411,SEDSCRS, 0.00000e+00
2122,13411,SEDSURO, 0.00000e+00
2122,13411,SEDIFWO, 0.00000e+00
2122,13411,SEDAGWO, 0.00000e+00
2122,13411,SO_TN,0.000000000000e+00
2122,13411,IO_TN,0.000000000000e+00
2122,13411,AO_TN,0.000000000000e+00
2122,13411,PO_TN,0.000000000000e+00
2122,13411,SO_TP,0.000000000000e+00
2122,13411,IO_TP,0.000000000000e+00
2122,13411,AO_TP,0.000000000000e+00
2122,13411,PO_TP,0.000000000000e+00
2122,13411,SED_TP,0.000000000000e+00
2122,13411,SEDWSSD_TP,0.000000000000e+00
2122,13411,SEDSCRS_TP,0.000000000000e+00
2122,13411,SO_TCd,0.000000000000e+00
2122,13411,IO_TCd,0.000000000000e+00
2122,13411,AO_TCd,0.000000000000e+00
2122,13411,PO_TCd,0.000000000000e+00
2122,13411,SED_TCd,0.000000000000e+00
2122,13411,SEDWSSD_TCd,0.000000000000e+00
2122,13411,SEDSCRS_TCd,0.000000000000e+00
2122,13411,SO_TCu,0.000000000000e+00
2122,13411,IO_TCu,0.000000000000e+00
2122,13411,AO_TCu,0.000000000000e+00
2122,13411,PO_TCu,0.000000000000e+00
2122,13411,SED_TCu,0.000000000000e+00
2122,13411,SEDWSSD_TCu,0.000000000000e+00
2122,13411,SEDSCRS_TCu,0.000000000000e+00
2122,13411,SO_TPb,0.000000000000e+00
2122,13411,IO_TPb,0.000000000000e+00
2122,13411,AO_TPb,0.000000000000e+00
2122,13411,PO_TPb,0.000000000000e+00
2122,13411,SED_TPb,0.000000000000e+00
2122,13411,SEDWSSD_TPb,0.000000000000e+00
2122,13411,SEDSCRS_TPb,0.000000000000e+00
2122,13411,SO_TZn,0.000000000000e+00
2122,13411,IO_TZn,0.000000000000e+00
2122,13411,AO_TZn,0.000000000000e+00
2122,13411,PO_TZn,0.000000000000e+00
2122,13411,SED_TZn,0.000000000000e+00
2122,13411,SEDWSSD_TZn,0.000000000000e+00
2122,13411,SEDSCRS_TZn,0.000000000000e+00
2122,13412,AREA,0.000000000000e+00
2122,13412,PREC,0.000000000000e+00
2122,13412,SURO,0.000000000000e+00
2122,13412,IFWO,0.000000000000e+00
2122,13412,AGWO,0.000000000000e+00
2122,13412,PERO,0.000000000000e+00
2122,13412,TAET,0.000000000000e+00
2122,13412,SEDLOAD,0.000000000000e+00
2122,13412,SEDWSSD, 0.00000e+00
2122,13412,SEDSCRS, 0.00000e+00
2122,13412,SEDSURO, 0.00000e+00
2122,13412,SEDIFWO, 0.00000e+00
2122,13412,SEDAGWO, 0.00000e+00
2122,13412,SO_TN,0.000000000000e+00
2122,13412,IO_TN,0.000000000000e+00
2122,13412,AO_TN,0.000000000000e+00
2122,13412,PO_TN,0.000000000000e+00
2122,13412,SO_TP,0.000000000000e+00
2122,13412,IO_TP,0.000000000000e+00
2122,13412,AO_TP,0.000000000000e+00
2122,13412,PO_TP,0.000000000000e+00
2122,13412,SED_TP,0.000000000000e+00
2122,13412,SEDWSSD_TP,0.000000000000e+00
2122,13412,SEDSCRS_TP,0.000000000000e+00
2122,13412,SO_TCd,0.000000000000e+00
2122,13412,IO_TCd,0.000000000000e+00
2122,13412,AO_TCd,0.000000000000e+00
2122,13412,PO_TCd,0.000000000000e+00
2122,13412,SED_TCd,0.000000000000e+00
2122,13412,SEDWSSD_TCd,0.000000000000e+00
2122,13412,SEDSCRS_TCd,0.000000000000e+00
2122,13412,SO_TCu,0.000000000000e+00
2122,13412,IO_TCu,0.000000000000e+00
2122,13412,AO_TCu,0.000000000000e+00
2122,13412,PO_TCu,0.000000000000e+00
2122,13412,SED_TCu,0.000000000000e+00
2122,13412,SEDWSSD_TCu,0.000000000000e+00
2122,13412,SEDSCRS_TCu,0.000000000000e+00
2122,13412,SO_TPb,0.000000000000e+00
2122,13412,IO_TPb,0.000000000000e+00
2122,13412,AO_TPb,0.000000000000e+00
2122,13412,PO_TPb,0.000000000000e+00
2122,13412,SED_TPb,0.000000000000e+00
2122,13412,SEDWSSD_TPb,0.000000000000e+00
2122,13412,SEDSCRS_TPb,0.000000000000e+00
2122,13412,SO_TZn,0.000000000000e+00
2122,13412,IO_TZn,0.000000000000e+00
2122,13412,AO_TZn,0.000000000000e+00
2122,13412,PO_TZn,0.000000000000e+00
2122,13412,SED_TZn,0.000000000000e+00
2122,13412,SEDWSSD_TZn,0.000000000000e+00
2122,13412,SEDSCRS_TZn,0.000000000000e+00
2122,13421,AREA,0.000000000000e+00
2122,13421,PREC,0.000000000000e+00
2122,13421,SURO,0.000000000000e+00
2122,13421,IFWO,0.000000000000e+00
2122,13421,AGWO,0.000000000000e+00
2122,13421,PERO,0.000000000000e+00
2122,13421,TAET,0.000000000000e+00
2122,13421,SEDLOAD,0.000000000000e+00
2122,13421,SEDWSSD, 0.00000e+00
2122,13421,SEDSCRS, 0.00000e+00
2122,13421,SEDSURO, 0.00000e+00
2122,13421,SEDIFWO, 0.00000e+00
2122,13421,SEDAGWO, 0.00000e+00
2122,13421,SO_TN,0.000000000000e+00
2122,13421,IO_TN,0.000000000000e+00
2122,13421,AO_TN,0.000000000000e+00
2122,13421,PO_TN,0.000000000000e+00
2122,13421,SO_TP,0.000000000000e+00
2122,13421,IO_TP,0.000000000000e+00
2122,13421,AO_TP,0.000000000000e+00
2122,13421,PO_TP,0.000000000000e+00
2122,13421,SED_TP,0.000000000000e+00
2122,13421,SEDWSSD_TP,0.000000000000e+00
2122,13421,SEDSCRS_TP,0.000000000000e+00
2122,13421,SO_TCd,0.000000000000e+00
2122,13421,IO_TCd,0.000000000000e+00
2122,13421,AO_TCd,0.000000000000e+00
2122,13421,PO_TCd,0.000000000000e+00
2122,13421,SED_TCd,0.000000000000e+00
2122,13421,SEDWSSD_TCd,0.000000000000e+00
2122,13421,SEDSCRS_TCd,0.000000000000e+00
2122,13421,SO_TCu,0.000000000000e+00
2122,13421,IO_TCu,0.000000000000e+00
2122,13421,AO_TCu,0.000000000000e+00
2122,13421,PO_TCu,0.000000000000e+00
2122,13421,SED_TCu,0.000000000000e+00
2122,13421,SEDWSSD_TCu,0.000000000000e+00
2122,13421,SEDSCRS_TCu,0.000000000000e+00
2122,13421,SO_TPb,0.000000000000e+00
2122,13421,IO_TPb,0.000000000000e+00
2122,13421,AO_TPb,0.000000000000e+00
2122,13421,PO_TPb,0.000000000000e+00
2122,13421,SED_TPb,0.000000000000e+00
2122,13421,SEDWSSD_TPb,0.000000000000e+00
2122,13421,SEDSCRS_TPb,0.000000000000e+00
2122,13421,SO_TZn,0.000000000000e+00
2122,13421,IO_TZn,0.000000000000e+00
2122,13421,AO_TZn,0.000000000000e+00
2122,13421,PO_TZn,0.000000000000e+00
2122,13421,SED_TZn,0.000000000000e+00
2122,13421,SEDWSSD_TZn,0.000000000000e+00
2122,13421,SEDSCRS_TZn,0.000000000000e+00
2122,13422,AREA,0.000000000000e+00
2122,13422,PREC,0.000000000000e+00
2122,13422,SURO,0.000000000000e+00
2122,13422,IFWO,0.000000000000e+00
2122,13422,AGWO,0.000000000000e+00
2122,13422,PERO,0.000000000000e+00
2122,13422,TAET,0.000000000000e+00
2122,13422,SEDLOAD,0.000000000000e+00
2122,13422,SEDWSSD, 0.00000e+00
2122,13422,SEDSCRS, 0.00000e+00
2122,13422,SEDSURO, 0.00000e+00
2122,13422,SEDIFWO, 0.00000e+00
2122,13422,SEDAGWO, 0.00000e+00
2122,13422,SO_TN,0.000000000000e+00
2122,13422,IO_TN,0.000000000000e+00
2122,13422,AO_TN,0.000000000000e+00
2122,13422,PO_TN,0.000000000000e+00
2122,13422,SO_TP,0.000000000000e+00
2122,13422,IO_TP,0.000000000000e+00
2122,13422,AO_TP,0.000000000000e+00
2122,13422,PO_TP,0.000000000000e+00
2122,13422,SED_TP,0.000000000000e+00
2122,13422,SEDWSSD_TP,0.000000000000e+00
2122,13422,SEDSCRS_TP,0.000000000000e+00
2122,13422,SO_TCd,0.000000000000e+00
2122,13422,IO_TCd,0.000000000000e+00
2122,13422,AO_TCd,0.000000000000e+00
2122,13422,PO_TCd,0.000000000000e+00
2122,13422,SED_TCd,0.000000000000e+00
2122,13422,SEDWSSD_TCd,0.000000000000e+00
2122,13422,SEDSCRS_TCd,0.000000000000e+00
2122,13422,SO_TCu,0.000000000000e+00
2122,13422,IO_TCu,0.000000000000e+00
2122,13422,AO_TCu,0.000000000000e+00
2122,13422,PO_TCu,0.000000000000e+00
2122,13422,SED_TCu,0.000000000000e+00
2122,13422,SEDWSSD_TCu,0.000000000000e+00
2122,13422,SEDSCRS_TCu,0.000000000000e+00
2122,13422,SO_TPb,0.000000000000e+00
2122,13422,IO_TPb,0.000000000000e+00
2122,13422,AO_TPb,0.000000000000e+00
2122,13422,PO_TPb,0.000000000000e+00
2122,13422,SED_TPb,0.000000000000e+00
2122,13422,SEDWSSD_TPb,0.000000000000e+00
2122,13422,SEDSCRS_TPb,0.000000000000e+00
2122,13422,SO_TZn,0.000000000000e+00
2122,13422,IO_TZn,0.000000000000e+00
2122,13422,AO_TZn,0.000000000000e+00
2122,13422,PO_TZn,0.000000000000e+00
2122,13422,SED_TZn,0.000000000000e+00
2122,13422,SEDWSSD_TZn,0.000000000000e+00
2122,13422,SEDSCRS_TZn,0.000000000000e+00
2122,13431,AREA,0.000000000000e+00
2122,13431,PREC,0.000000000000e+00
2122,13431,SURO,0.000000000000e+00
2122,13431,IFWO,0.000000000000e+00
2122,13431,AGWO,0.000000000000e+00
2122,13431,PERO,0.000000000000e+00
2122,13431,TAET,0.000000000000e+00
2122,13431,SEDLOAD,0.000000000000e+00
2122,13431,SEDWSSD, 0.00000e+00
2122,13431,SEDSCRS, 0.00000e+00
2122,13431,SEDSURO, 0.00000e+00
2122,13431,SEDIFWO, 0.00000e+00
2122,13431,SEDAGWO, 0.00000e+00
2122,13431,SO_TN,0.000000000000e+00
2122,13431,IO_TN,0.000000000000e+00
2122,13431,AO_TN,0.000000000000e+00
2122,13431,PO_TN,0.000000000000e+00
2122,13431,SO_TP,0.000000000000e+00
2122,13431,IO_TP,0.000000000000e+00
2122,13431,AO_TP,0.000000000000e+00
2122,13431,PO_TP,0.000000000000e+00
2122,13431,SED_TP,0.000000000000e+00
2122,13431,SEDWSSD_TP,0.000000000000e+00
2122,13431,SEDSCRS_TP,0.000000000000e+00
2122,13431,SO_TCd,0.000000000000e+00
2122,13431,IO_TCd,0.000000000000e+00
2122,13431,AO_TCd,0.000000000000e+00
2122,13431,PO_TCd,0.000000000000e+00
2122,13431,SED_TCd,0.000000000000e+00
2122,13431,SEDWSSD_TCd,0.000000000000e+00
2122,13431,SEDSCRS_TCd,0.000000000000e+00
2122,13431,SO_TCu,0.000000000000e+00
2122,13431,IO_TCu,0.000000000000e+00
2122,13431,AO_TCu,0.000000000000e+00
2122,13431,PO_TCu,0.000000000000e+00
2122,13431,SED_TCu,0.000000000000e+00
2122,13431,SEDWSSD_TCu,0.000000000000e+00
2122,13431,SEDSCRS_TCu,0.000000000000e+00
2122,13431,SO_TPb,0.000000000000e+00
2122,13431,IO_TPb,0.000000000000e+00
2122,13431,AO_TPb,0.000000000000e+00
2122,13431,PO_TPb,0.000000000000e+00
2122,13431,SED_TPb,0.000000000000e+00
2122,13431,SEDWSSD_TPb,0.000000000000e+00
2122,13431,SEDSCRS_TPb,0.000000000000e+00
2122,13431,SO_TZn,0.000000000000e+00
2122,13431,IO_TZn,0.000000000000e+00
2122,13431,AO_TZn,0.000000000000e+00
2122,13431,PO_TZn,0.000000000000e+00
2122,13431,SED_TZn,0.000000000000e+00
2122,13431,SEDWSSD_TZn,0.000000000000e+00
2122,13431,SEDSCRS_TZn,0.000000000000e+00
2122,13432,AREA,0.000000000000e+00
2122,13432,PREC,0.000000000000e+00
2122,13432,SURO,0.000000000000e+00
2122,13432,IFWO,0.000000000000e+00
2122,13432,AGWO,0.000000000000e+00
2122,13432,PERO,0.000000000000e+00
2122,13432,TAET,0.000000000000e+00
2122,13432,SEDLOAD,0.000000000000e+00
2122,13432,SEDWSSD, 0.00000e+00
2122,13432,SEDSCRS, 0.00000e+00
2122,13432,SEDSURO, 0.00000e+00
2122,13432,SEDIFWO, 0.00000e+00
2122,13432,SEDAGWO, 0.00000e+00
2122,13432,SO_TN,0.000000000000e+00
2122,13432,IO_TN,0.000000000000e+00
2122,13432,AO_TN,0.000000000000e+00
2122,13432,PO_TN,0.000000000000e+00
2122,13432,SO_TP,0.000000000000e+00
2122,13432,IO_TP,0.000000000000e+00
2122,13432,AO_TP,0.000000000000e+00
2122,13432,PO_TP,0.000000000000e+00
2122,13432,SED_TP,0.000000000000e+00
2122,13432,SEDWSSD_TP,0.000000000000e+00
2122,13432,SEDSCRS_TP,0.000000000000e+00
2122,13432,SO_TCd,0.000000000000e+00
2122,13432,IO_TCd,0.000000000000e+00
2122,13432,AO_TCd,0.000000000000e+00
2122,13432,PO_TCd,0.000000000000e+00
2122,13432,SED_TCd,0.000000000000e+00
2122,13432,SEDWSSD_TCd,0.000000000000e+00
2122,13432,SEDSCRS_TCd,0.000000000000e+00
2122,13432,SO_TCu,0.000000000000e+00
2122,13432,IO_TCu,0.000000000000e+00
2122,13432,AO_TCu,0.000000000000e+00
2122,13432,PO_TCu,0.000000000000e+00
2122,13432,SED_TCu,0.000000000000e+00
2122,13432,SEDWSSD_TCu,0.000000000000e+00
2122,13432,SEDSCRS_TCu,0.000000000000e+00
2122,13432,SO_TPb,0.000000000000e+00
2122,13432,IO_TPb,0.000000000000e+00
2122,13432,AO_TPb,0.000000000000e+00
2122,13432,PO_TPb,0.000000000000e+00
2122,13432,SED_TPb,0.000000000000e+00
2122,13432,SEDWSSD_TPb,0.000000000000e+00
2122,13432,SEDSCRS_TPb,0.000000000000e+00
2122,13432,SO_TZn,0.000000000000e+00
2122,13432,IO_TZn,0.000000000000e+00
2122,13432,AO_TZn,0.000000000000e+00
2122,13432,PO_TZn,0.000000000000e+00
2122,13432,SED_TZn,0.000000000000e+00
2122,13432,SEDWSSD_TZn,0.000000000000e+00
2122,13432,SEDSCRS_TZn,0.000000000000e+00
2122,14121,AREA,0.000000000000e+00
2122,14121,PREC,0.000000000000e+00
2122,14121,SURO,0.000000000000e+00
2122,14121,IFWO,0.000000000000e+00
2122,14121,AGWO,0.000000000000e+00
2122,14121,PERO,0.000000000000e+00
2122,14121,TAET,0.000000000000e+00
2122,14121,SEDLOAD,0.000000000000e+00
2122,14121,SEDWSSD, 0.00000e+00
2122,14121,SEDSCRS, 0.00000e+00
2122,14121,SEDSURO, 0.00000e+00
2122,14121,SEDIFWO, 0.00000e+00
2122,14121,SEDAGWO, 0.00000e+00
2122,14121,SO_TN,0.000000000000e+00
2122,14121,IO_TN,0.000000000000e+00
2122,14121,AO_TN,0.000000000000e+00
2122,14121,PO_TN,0.000000000000e+00
2122,14121,SO_TP,0.000000000000e+00
2122,14121,IO_TP,0.000000000000e+00
2122,14121,AO_TP,0.000000000000e+00
2122,14121,PO_TP,0.000000000000e+00
2122,14121,SED_TP,0.000000000000e+00
2122,14121,SEDWSSD_TP,0.000000000000e+00
2122,14121,SEDSCRS_TP,0.000000000000e+00
2122,14121,SO_TCd,0.000000000000e+00
2122,14121,IO_TCd,0.000000000000e+00
2122,14121,AO_TCd,0.000000000000e+00
2122,14121,PO_TCd,0.000000000000e+00
2122,14121,SED_TCd,0.000000000000e+00
2122,14121,SEDWSSD_TCd,0.000000000000e+00
2122,14121,SEDSCRS_TCd,0.000000000000e+00
2122,14121,SO_TCu,0.000000000000e+00
2122,14121,IO_TCu,0.000000000000e+00
2122,14121,AO_TCu,0.000000000000e+00
2122,14121,PO_TCu,0.000000000000e+00
2122,14121,SED_TCu,0.000000000000e+00
2122,14121,SEDWSSD_TCu,0.000000000000e+00
2122,14121,SEDSCRS_TCu,0.000000000000e+00
2122,14121,SO_TPb,0.000000000000e+00
2122,14121,IO_TPb,0.000000000000e+00
2122,14121,AO_TPb,0.000000000000e+00
2122,14121,PO_TPb,0.000000000000e+00
2122,14121,SED_TPb,0.000000000000e+00
2122,14121,SEDWSSD_TPb,0.000000000000e+00
2122,14121,SEDSCRS_TPb,0.000000000000e+00
2122,14121,SO_TZn,0.000000000000e+00
2122,14121,IO_TZn,0.000000000000e+00
2122,14121,AO_TZn,0.000000000000e+00
2122,14121,PO_TZn,0.000000000000e+00
2122,14121,SED_TZn,0.000000000000e+00
2122,14121,SEDWSSD_TZn,0.000000000000e+00
2122,14121,SEDSCRS_TZn,0.000000000000e+00
2122,14122,AREA,0.000000000000e+00
2122,14122,PREC,0.000000000000e+00
2122,14122,SURO,0.000000000000e+00
2122,14122,IFWO,0.000000000000e+00
2122,14122,AGWO,0.000000000000e+00
2122,14122,PERO,0.000000000000e+00
2122,14122,TAET,0.000000000000e+00
2122,14122,SEDLOAD,0.000000000000e+00
2122,14122,SEDWSSD, 0.00000e+00
2122,14122,SEDSCRS, 0.00000e+00
2122,14122,SEDSURO, 0.00000e+00
2122,14122,SEDIFWO, 0.00000e+00
2122,14122,SEDAGWO, 0.00000e+00
2122,14122,SO_TN,0.000000000000e+00
2122,14122,IO_TN,0.000000000000e+00
2122,14122,AO_TN,0.000000000000e+00
2122,14122,PO_TN,0.000000000000e+00
2122,14122,SO_TP,0.000000000000e+00
2122,14122,IO_TP,0.000000000000e+00
2122,14122,AO_TP,0.000000000000e+00
2122,14122,PO_TP,0.000000000000e+00
2122,14122,SED_TP,0.000000000000e+00
2122,14122,SEDWSSD_TP,0.000000000000e+00
2122,14122,SEDSCRS_TP,0.000000000000e+00
2122,14122,SO_TCd,0.000000000000e+00
2122,14122,IO_TCd,0.000000000000e+00
2122,14122,AO_TCd,0.000000000000e+00
2122,14122,PO_TCd,0.000000000000e+00
2122,14122,SED_TCd,0.000000000000e+00
2122,14122,SEDWSSD_TCd,0.000000000000e+00
2122,14122,SEDSCRS_TCd,0.000000000000e+00
2122,14122,SO_TCu,0.000000000000e+00
2122,14122,IO_TCu,0.000000000000e+00
2122,14122,AO_TCu,0.000000000000e+00
2122,14122,PO_TCu,0.000000000000e+00
2122,14122,SED_TCu,0.000000000000e+00
2122,14122,SEDWSSD_TCu,0.000000000000e+00
2122,14122,SEDSCRS_TCu,0.000000000000e+00
2122,14122,SO_TPb,0.000000000000e+00
2122,14122,IO_TPb,0.000000000000e+00
2122,14122,AO_TPb,0.000000000000e+00
2122,14122,PO_TPb,0.000000000000e+00
2122,14122,SED_TPb,0.000000000000e+00
2122,14122,SEDWSSD_TPb,0.000000000000e+00
2122,14122,SEDSCRS_TPb,0.000000000000e+00
2122,14122,SO_TZn,0.000000000000e+00
2122,14122,IO_TZn,0.000000000000e+00
2122,14122,AO_TZn,0.000000000000e+00
2122,14122,PO_TZn,0.000000000000e+00
2122,14122,SED_TZn,0.000000000000e+00
2122,14122,SEDWSSD_TZn,0.000000000000e+00
2122,14122,SEDSCRS_TZn,0.000000000000e+00
2122,14131,AREA,0.000000000000e+00
2122,14131,PREC,0.000000000000e+00
2122,14131,SURO,0.000000000000e+00
2122,14131,IFWO,0.000000000000e+00
2122,14131,AGWO,0.000000000000e+00
2122,14131,PERO,0.000000000000e+00
2122,14131,TAET,0.000000000000e+00
2122,14131,SEDLOAD,0.000000000000e+00
2122,14131,SEDWSSD, 0.00000e+00
2122,14131,SEDSCRS, 0.00000e+00
2122,14131,SEDSURO, 0.00000e+00
2122,14131,SEDIFWO, 0.00000e+00
2122,14131,SEDAGWO, 0.00000e+00
2122,14131,SO_TN,0.000000000000e+00
2122,14131,IO_TN,0.000000000000e+00
2122,14131,AO_TN,0.000000000000e+00
2122,14131,PO_TN,0.000000000000e+00
2122,14131,SO_TP,0.000000000000e+00
2122,14131,IO_TP,0.000000000000e+00
2122,14131,AO_TP,0.000000000000e+00
2122,14131,PO_TP,0.000000000000e+00
2122,14131,SED_TP,0.000000000000e+00
2122,14131,SEDWSSD_TP,0.000000000000e+00
2122,14131,SEDSCRS_TP,0.000000000000e+00
2122,14131,SO_TCd,0.000000000000e+00
2122,14131,IO_TCd,0.000000000000e+00
2122,14131,AO_TCd,0.000000000000e+00
2122,14131,PO_TCd,0.000000000000e+00
2122,14131,SED_TCd,0.000000000000e+00
2122,14131,SEDWSSD_TCd,0.000000000000e+00
2122,14131,SEDSCRS_TCd,0.000000000000e+00
2122,14131,SO_TCu,0.000000000000e+00
2122,14131,IO_TCu,0.000000000000e+00
2122,14131,AO_TCu,0.000000000000e+00
2122,14131,PO_TCu,0.000000000000e+00
2122,14131,SED_TCu,0.000000000000e+00
2122,14131,SEDWSSD_TCu,0.000000000000e+00
2122,14131,SEDSCRS_TCu,0.000000000000e+00
2122,14131,SO_TPb,0.000000000000e+00
2122,14131,IO_TPb,0.000000000000e+00
2122,14131,AO_TPb,0.000000000000e+00
2122,14131,PO_TPb,0.000000000000e+00
2122,14131,SED_TPb,0.000000000000e+00
2122,14131,SEDWSSD_TPb,0.000000000000e+00
2122,14131,SEDSCRS_TPb,0.000000000000e+00
2122,14131,SO_TZn,0.000000000000e+00
2122,14131,IO_TZn,0.000000000000e+00
2122,14131,AO_TZn,0.000000000000e+00
2122,14131,PO_TZn,0.000000000000e+00
2122,14131,SED_TZn,0.000000000000e+00
2122,14131,SEDWSSD_TZn,0.000000000000e+00
2122,14131,SEDSCRS_TZn,0.000000000000e+00
2122,14132,AREA,0.000000000000e+00
2122,14132,PREC,0.000000000000e+00
2122,14132,SURO,0.000000000000e+00
2122,14132,IFWO,0.000000000000e+00
2122,14132,AGWO,0.000000000000e+00
2122,14132,PERO,0.000000000000e+00
2122,14132,TAET,0.000000000000e+00
2122,14132,SEDLOAD,0.000000000000e+00
2122,14132,SEDWSSD, 0.00000e+00
2122,14132,SEDSCRS, 0.00000e+00
2122,14132,SEDSURO, 0.00000e+00
2122,14132,SEDIFWO, 0.00000e+00
2122,14132,SEDAGWO, 0.00000e+00
2122,14132,SO_TN,0.000000000000e+00
2122,14132,IO_TN,0.000000000000e+00
2122,14132,AO_TN,0.000000000000e+00
2122,14132,PO_TN,0.000000000000e+00
2122,14132,SO_TP,0.000000000000e+00
2122,14132,IO_TP,0.000000000000e+00
2122,14132,AO_TP,0.000000000000e+00
2122,14132,PO_TP,0.000000000000e+00
2122,14132,SED_TP,0.000000000000e+00
2122,14132,SEDWSSD_TP,0.000000000000e+00
2122,14132,SEDSCRS_TP,0.000000000000e+00
2122,14132,SO_TCd,0.000000000000e+00
2122,14132,IO_TCd,0.000000000000e+00
2122,14132,AO_TCd,0.000000000000e+00
2122,14132,PO_TCd,0.000000000000e+00
2122,14132,SED_TCd,0.000000000000e+00
2122,14132,SEDWSSD_TCd,0.000000000000e+00
2122,14132,SEDSCRS_TCd,0.000000000000e+00
2122,14132,SO_TCu,0.000000000000e+00
2122,14132,IO_TCu,0.000000000000e+00
2122,14132,AO_TCu,0.000000000000e+00
2122,14132,PO_TCu,0.000000000000e+00
2122,14132,SED_TCu,0.000000000000e+00
2122,14132,SEDWSSD_TCu,0.000000000000e+00
2122,14132,SEDSCRS_TCu,0.000000000000e+00
2122,14132,SO_TPb,0.000000000000e+00
2122,14132,IO_TPb,0.000000000000e+00
2122,14132,AO_TPb,0.000000000000e+00
2122,14132,PO_TPb,0.000000000000e+00
2122,14132,SED_TPb,0.000000000000e+00
2122,14132,SEDWSSD_TPb,0.000000000000e+00
2122,14132,SEDSCRS_TPb,0.000000000000e+00
2122,14132,SO_TZn,0.000000000000e+00
2122,14132,IO_TZn,0.000000000000e+00
2122,14132,AO_TZn,0.000000000000e+00
2122,14132,PO_TZn,0.000000000000e+00
2122,14132,SED_TZn,0.000000000000e+00
2122,14132,SEDWSSD_TZn,0.000000000000e+00
2122,14132,SEDSCRS_TZn,0.000000000000e+00
2122,14221,AREA,2.610410499996e+01
2122,14221,PREC,2.887058149644e+02
2122,14221,SURO,8.488047383013e-02
2122,14221,IFWO,3.151089387008e-01
2122,14221,AGWO,2.770458520599e+01
2122,14221,PERO,2.810457461852e+01
2122,14221,TAET,2.611330031341e+02
2122,14221,SEDLOAD,3.431478028802e-03
2122,14221,SEDWSSD, 2.01842e-04
2122,14221,SEDSCRS, 5.48187e-05
2122,14221,SEDSURO, 0.00000e+00
2122,14221,SEDIFWO, 3.57039e-05
2122,14221,SEDAGWO, 3.13911e-03
2122,14221,SO_TN,5.556549804810e-02
2122,14221,IO_TN,7.140795354134e-02
2122,14221,AO_TN,3.139117127918e+00
2122,14221,PO_TN,3.266090579507e+00
2122,14221,SO_TP,5.133219727693e-04
2122,14221,IO_TP,1.428159070827e-02
2122,14221,AO_TP,1.255646851167e+00
2122,14221,PO_TP,1.270441763848e+00
2122,14221,SED_TP,5.133219727693e-04
2122,14221,SEDWSSD_TP,4.036844754178e-04
2122,14221,SEDSCRS_TP,1.096374973515e-04
2122,14221,SO_TCd,2.566609863846e-07
2122,14221,IO_TCd,0.000000000000e+00
2122,14221,AO_TCd,0.000000000000e+00
2122,14221,PO_TCd,2.566609863846e-07
2122,14221,SED_TCd,2.566609863846e-07
2122,14221,SEDWSSD_TCd,2.018422377089e-07
2122,14221,SEDSCRS_TCd,5.481874867575e-08
2122,14221,SO_TCu,2.566609863846e-05
2122,14221,IO_TCu,0.000000000000e+00
2122,14221,AO_TCu,0.000000000000e+00
2122,14221,PO_TCu,2.566609863846e-05
2122,14221,SED_TCu,2.566609863846e-05
2122,14221,SEDWSSD_TCu,2.018422377089e-05
2122,14221,SEDSCRS_TCu,5.481874867575e-06
2122,14221,SO_TPb,2.566609863846e-06
2122,14221,IO_TPb,0.000000000000e+00
2122,14221,AO_TPb,0.000000000000e+00
2122,14221,PO_TPb,2.566609863846e-06
2122,14221,SED_TPb,2.566609863846e-06
2122,14221,SEDWSSD_TPb,2.018422377089e-06
2122,14221,SEDSCRS_TPb,5.481874867575e-07
2122,14221,SO_TZn,1.847959101969e-04
2122,14221,IO_TZn,0.000000000000e+00
2122,14221,AO_TZn,3.139117127918e-01
2122,14221,PO_TZn,3.140965087020e-01
2122,14221,SED_TZn,1.847959101969e-04
2122,14221,SEDWSSD_TZn,1.453264111504e-04
2122,14221,SEDSCRS_TZn,3.946949904654e-05
2122,14222,AREA,0.000000000000e+00
2122,14222,PREC,0.000000000000e+00
2122,14222,SURO,0.000000000000e+00
2122,14222,IFWO,0.000000000000e+00
2122,14222,AGWO,0.000000000000e+00
2122,14222,PERO,0.000000000000e+00
2122,14222,TAET,0.000000000000e+00
2122,14222,SEDLOAD,0.000000000000e+00
2122,14222,SEDWSSD, 0.00000e+00
2122,14222,SEDSCRS, 0.00000e+00
2122,14222,SEDSURO, 0.00000e+00
2122,14222,SEDIFWO, 0.00000e+00
2122,14222,SEDAGWO, 0.00000e+00
2122,14222,SO_TN,0.000000000000e+00
2122,14222,IO_TN,0.000000000000e+00
2122,14222,AO_TN,0.000000000000e+00
2122,14222,PO_TN,0.000000000000e+00
2122,14222,SO_TP,0.000000000000e+00
2122,14222,IO_TP,0.000000000000e+00
2122,14222,AO_TP,0.000000000000e+00
2122,14222,PO_TP,0.000000000000e+00
2122,14222,SED_TP,0.000000000000e+00
2122,14222,SEDWSSD_TP,0.000000000000e+00
2122,14222,SEDSCRS_TP,0.000000000000e+00
2122,14222,SO_TCd,0.000000000000e+00
2122,14222,IO_TCd,0.000000000000e+00
2122,14222,AO_TCd,0.000000000000e+00
2122,14222,PO_TCd,0.000000000000e+00
2122,14222,SED_TCd,0.000000000000e+00
2122,14222,SEDWSSD_TCd,0.000000000000e+00
2122,14222,SEDSCRS_TCd,0.000000000000e+00
2122,14222,SO_TCu,0.000000000000e+00
2122,14222,IO_TCu,0.000000000000e+00
2122,14222,AO_TCu,0.000000000000e+00
2122,14222,PO_TCu,0.000000000000e+00
2122,14222,SED_TCu,0.000000000000e+00
2122,14222,SEDWSSD_TCu,0.000000000000e+00
2122,14222,SEDSCRS_TCu,0.000000000000e+00
2122,14222,SO_TPb,0.000000000000e+00
2122,14222,IO_TPb,0.000000000000e+00
2122,14222,AO_TPb,0.000000000000e+00
2122,14222,PO_TPb,0.000000000000e+00
2122,14222,SED_TPb,0.000000000000e+00
2122,14222,SEDWSSD_TPb,0.000000000000e+00
2122,14222,SEDSCRS_TPb,0.000000000000e+00
2122,14222,SO_TZn,0.000000000000e+00
2122,14222,IO_TZn,0.000000000000e+00
2122,14222,AO_TZn,0.000000000000e+00
2122,14222,PO_TZn,0.000000000000e+00
2122,14222,SED_TZn,0.000000000000e+00
2122,14222,SEDWSSD_TZn,0.000000000000e+00
2122,14222,SEDSCRS_TZn,0.000000000000e+00
2122,14231,AREA,4.665440000003e-01
2122,14231,PREC,5.159876798562e+00
2122,14231,SURO,3.467919851676e-03
2122,14231,IFWO,8.129470048504e-03
2122,14231,AGWO,5.157933602235e-01
2122,14231,PERO,5.273907501236e-01
2122,14231,TAET,4.641991003032e+00
2122,14231,SEDLOAD,1.128722187440e-04
2122,14231,SEDWSSD, 4.12541e-05
2122,14231,SEDSCRS, 1.22542e-05
2122,14231,SEDSURO, 0.00000e+00
2122,14231,SEDIFWO, 9.21123e-07
2122,14231,SEDAGWO, 5.84428e-05
2122,14231,SO_TN,2.258452722709e-03
2122,14231,IO_TN,1.842248023597e-03
2122,14231,AO_TN,5.844288082659e-02
2122,14231,PO_TN,6.254358157290e-02
2122,14231,SO_TP,1.070165797271e-04
2122,14231,IO_TP,3.684496047194e-04
2122,14231,AO_TP,2.337715233064e-02
2122,14231,PO_TP,2.385261851508e-02
2122,14231,SED_TP,1.070165797271e-04
2122,14231,SEDWSSD_TP,8.250816850071e-05
2122,14231,SEDSCRS_TP,2.450841122636e-05
2122,14231,SO_TCd,5.350828986354e-08
2122,14231,IO_TCd,0.000000000000e+00
2122,14231,AO_TCd,0.000000000000e+00
2122,14231,PO_TCd,5.350828986354e-08
2122,14231,SED_TCd,5.350828986354e-08
2122,14231,SEDWSSD_TCd,4.125408425035e-08
2122,14231,SEDSCRS_TCd,1.225420561318e-08
2122,14231,SO_TCu,5.350828986354e-06
2122,14231,IO_TCu,0.000000000000e+00
2122,14231,AO_TCu,0.000000000000e+00
2122,14231,PO_TCu,5.350828986354e-06
2122,14231,SED_TCu,5.350828986354e-06
2122,14231,SEDWSSD_TCu,4.125408425035e-06
2122,14231,SEDSCRS_TCu,1.225420561318e-06
2122,14231,SO_TPb,5.350828986354e-07
2122,14231,IO_TPb,0.000000000000e+00
2122,14231,AO_TPb,0.000000000000e+00
2122,14231,PO_TPb,5.350828986354e-07
2122,14231,SED_TPb,5.350828986354e-07
2122,14231,SEDWSSD_TPb,4.125408425035e-07
2122,14231,SEDSCRS_TPb,1.225420561318e-07
2122,14231,SO_TZn,3.852596870175e-05
2122,14231,IO_TZn,0.000000000000e+00
2122,14231,AO_TZn,5.844288082659e-03
2122,14231,PO_TZn,5.882814051361e-03
2122,14231,SED_TZn,3.852596870175e-05
2122,14231,SEDWSSD_TZn,2.970294066026e-05
2122,14231,SEDSCRS_TZn,8.823028041491e-06
2122,14232,AREA,0.000000000000e+00
2122,14232,PREC,0.000000000000e+00
2122,14232,SURO,0.000000000000e+00
2122,14232,IFWO,0.000000000000e+00
2122,14232,AGWO,0.000000000000e+00
2122,14232,PERO,0.000000000000e+00
2122,14232,TAET,0.000000000000e+00
2122,14232,SEDLOAD,0.000000000000e+00
2122,14232,SEDWSSD, 0.00000e+00
2122,14232,SEDSCRS, 0.00000e+00
2122,14232,SEDSURO, 0.00000e+00
2122,14232,SEDIFWO, 0.00000e+00
2122,14232,SEDAGWO, 0.00000e+00
2122,14232,SO_TN,0.000000000000e+00
2122,14232,IO_TN,0.000000000000e+00
2122,14232,AO_TN,0.000000000000e+00
2122,14232,PO_TN,0.000000000000e+00
2122,14232,SO_TP,0.000000000000e+00
2122,14232,IO_TP,0.000000000000e+00
2122,14232,AO_TP,0.000000000000e+00
2122,14232,PO_TP,0.000000000000e+00
2122,14232,SED_TP,0.000000000000e+00
2122,14232,SEDWSSD_TP,0.000000000000e+00
2122,14232,SEDSCRS_TP,0.000000000000e+00
2122,14232,SO_TCd,0.000000000000e+00
2122,14232,IO_TCd,0.000000000000e+00
2122,14232,AO_TCd,0.000000000000e+00
2122,14232,PO_TCd,0.000000000000e+00
2122,14232,SED_TCd,0.000000000000e+00
2122,14232,SEDWSSD_TCd,0.000000000000e+00
2122,14232,SEDSCRS_TCd,0.000000000000e+00
2122,14232,SO_TCu,0.000000000000e+00
2122,14232,IO_TCu,0.000000000000e+00
2122,14232,AO_TCu,0.000000000000e+00
2122,14232,PO_TCu,0.000000000000e+00
2122,14232,SED_TCu,0.000000000000e+00
2122,14232,SEDWSSD_TCu,0.000000000000e+00
2122,14232,SEDSCRS_TCu,0.000000000000e+00
2122,14232,SO_TPb,0.000000000000e+00
2122,14232,IO_TPb,0.000000000000e+00
2122,14232,AO_TPb,0.000000000000e+00
2122,14232,PO_TPb,0.000000000000e+00
2122,14232,SED_TPb,0.000000000000e+00
2122,14232,SEDWSSD_TPb,0.000000000000e+00
2122,14232,SEDSCRS_TPb,0.000000000000e+00
2122,14232,SO_TZn,0.000000000000e+00
2122,14232,IO_TZn,0.000000000000e+00
2122,14232,AO_TZn,0.000000000000e+00
2122,14232,PO_TZn,0.000000000000e+00
2122,14232,SED_TZn,0.000000000000e+00
2122,14232,SEDWSSD_TZn,0.000000000000e+00
2122,14232,SEDSCRS_TZn,0.000000000000e+00
2122,14321,AREA,6.852104500003e+01
2122,14321,PREC,7.578280940463e+02
2122,14321,SURO,5.055558294066e+00
2122,14321,IFWO,5.147373880058e+00
2122,14321,AGWO,6.231873510418e+01
2122,14321,PERO,7.252166727831e+01
2122,14321,TAET,6.868124225409e+02
2122,14321,SEDLOAD,6.856915395222e-01
2122,14321,SEDWSSD, 3.21173e-01
2122,14321,SEDSCRS, 3.56874e-01
2122,14321,SEDSURO, 0.00000e+00
2122,14321,SEDIFWO, 5.83232e-04
2122,14321,SEDAGWO, 7.06113e-03
2122,14321,SO_TN,2.710432165540e+00
2122,14321,IO_TN,1.166464640459e+00
2122,14321,AO_TN,7.061134729187e+00
2122,14321,PO_TN,1.093803153519e+01
2122,14321,SO_TP,1.356094364508e+00
2122,14321,IO_TP,2.332929280918e-01
2122,14321,AO_TP,2.824453891675e+00
2122,14321,PO_TP,4.413841184274e+00
2122,14321,SED_TP,1.356094364508e+00
2122,14321,SEDWSSD_TP,6.423467635692e-01
2122,14321,SEDSCRS_TP,7.137476009387e-01
2122,14321,SO_TCd,6.780471822539e-04
2122,14321,IO_TCd,0.000000000000e+00
2122,14321,AO_TCd,0.000000000000e+00
2122,14321,PO_TCd,6.780471822539e-04
2122,14321,SED_TCd,6.780471822539e-04
2122,14321,SEDWSSD_TCd,3.211733817846e-04
2122,14321,SEDSCRS_TCd,3.568738004693e-04
2122,14321,SO_TCu,6.780471822539e-02
2122,14321,IO_TCu,0.000000000000e+00
2122,14321,AO_TCu,0.000000000000e+00
2122,14321,PO_TCu,6.780471822539e-02
2122,14321,SED_TCu,6.780471822539e-02
2122,14321,SEDWSSD_TCu,3.211733817846e-02
2122,14321,SEDSCRS_TCu,3.568738004693e-02
2122,14321,SO_TPb,6.780471822539e-03
2122,14321,IO_TPb,0.000000000000e+00
2122,14321,AO_TPb,0.000000000000e+00
2122,14321,PO_TPb,6.780471822539e-03
2122,14321,SED_TPb,6.780471822539e-03
2122,14321,SEDWSSD_TPb,3.211733817846e-03
2122,14321,SEDSCRS_TPb,3.568738004693e-03
2122,14321,SO_TZn,4.881939712228e-01
2122,14321,IO_TZn,0.000000000000e+00
2122,14321,AO_TZn,7.061134729187e-01
2122,14321,PO_TZn,1.194307444141e+00
2122,14321,SED_TZn,4.881939712228e-01
2122,14321,SEDWSSD_TZn,2.312448348849e-01
2122,14321,SEDSCRS_TZn,2.569491363379e-01
2122,14322,AREA,0.000000000000e+00
2122,14322,PREC,0.000000000000e+00
2122,14322,SURO,0.000000000000e+00
2122,14322,IFWO,0.000000000000e+00
2122,14322,AGWO,0.000000000000e+00
2122,14322,PERO,0.000000000000e+00
2122,14322,TAET,0.000000000000e+00
2122,14322,SEDLOAD,0.000000000000e+00
2122,14322,SEDWSSD, 0.00000e+00
2122,14322,SEDSCRS, 0.00000e+00
2122,14322,SEDSURO, 0.00000e+00
2122,14322,SEDIFWO, 0.00000e+00
2122,14322,SEDAGWO, 0.00000e+00
2122,14322,SO_TN,0.000000000000e+00
2122,14322,IO_TN,0.000000000000e+00
2122,14322,AO_TN,0.000000000000e+00
2122,14322,PO_TN,0.000000000000e+00
2122,14322,SO_TP,0.000000000000e+00
2122,14322,IO_TP,0.000000000000e+00
2122,14322,AO_TP,0.000000000000e+00
2122,14322,PO_TP,0.000000000000e+00
2122,14322,SED_TP,0.000000000000e+00
2122,14322,SEDWSSD_TP,0.000000000000e+00
2122,14322,SEDSCRS_TP,0.000000000000e+00
2122,14322,SO_TCd,0.000000000000e+00
2122,14322,IO_TCd,0.000000000000e+00
2122,14322,AO_TCd,0.000000000000e+00
2122,14322,PO_TCd,0.000000000000e+00
2122,14322,SED_TCd,0.000000000000e+00
2122,14322,SEDWSSD_TCd,0.000000000000e+00
2122,14322,SEDSCRS_TCd,0.000000000000e+00
2122,14322,SO_TCu,0.000000000000e+00
2122,14322,IO_TCu,0.000000000000e+00
2122,14322,AO_TCu,0.000000000000e+00
2122,14322,PO_TCu,0.000000000000e+00
2122,14322,SED_TCu,0.000000000000e+00
2122,14322,SEDWSSD_TCu,0.000000000000e+00
2122,14322,SEDSCRS_TCu,0.000000000000e+00
2122,14322,SO_TPb,0.000000000000e+00
2122,14322,IO_TPb,0.000000000000e+00
2122,14322,AO_TPb,0.000000000000e+00
2122,14322,PO_TPb,0.000000000000e+00
2122,14322,SED_TPb,0.000000000000e+00
2122,14322,SEDWSSD_TPb,0.000000000000e+00
2122,14322,SEDSCRS_TPb,0.000000000000e+00
2122,14322,SO_TZn,0.000000000000e+00
2122,14322,IO_TZn,0.000000000000e+00
2122,14322,AO_TZn,0.000000000000e+00
2122,14322,PO_TZn,0.000000000000e+00
2122,14322,SED_TZn,0.000000000000e+00
2122,14322,SEDWSSD_TZn,0.000000000000e+00
2122,14322,SEDSCRS_TZn,0.000000000000e+00
2122,14331,AREA,2.594600000000e-02
2122,14331,PREC,2.869572074992e-01
2122,14331,SURO,3.071320139170e-03
2122,14331,IFWO,2.434657447041e-03
2122,14331,AGWO,2.392825547265e-02
2122,14331,PERO,2.943423305886e-02
2122,14331,TAET,2.580909032885e-01
2122,14331,SEDLOAD,5.983165648259e-04
2122,14331,SEDWSSD, 3.22353e-04
2122,14331,SEDSCRS, 2.72976e-04
2122,14331,SEDSURO, 0.00000e+00
2122,14331,SEDIFWO, 2.75863e-07
2122,14331,SEDAGWO, 2.71123e-06
2122,14331,SO_TN,1.502311690623e-03
2122,14331,IO_TN,5.517263540166e-04
2122,14331,AO_TN,2.711233394650e-03
2122,14331,PO_TN,4.765271439289e-03
2122,14331,SO_TP,1.190658944153e-03
2122,14331,IO_TP,1.103452708033e-04
2122,14331,AO_TP,1.084493357860e-03
2122,14331,PO_TP,2.385497572816e-03
2122,14331,SED_TP,1.190658944153e-03
2122,14331,SEDWSSD_TP,6.447065485092e-04
2122,14331,SEDSCRS_TP,5.459523956434e-04
2122,14331,SO_TCd,5.953294720763e-07
2122,14331,IO_TCd,0.000000000000e+00
2122,14331,AO_TCd,0.000000000000e+00
2122,14331,PO_TCd,5.953294720763e-07
2122,14331,SED_TCd,5.953294720763e-07
2122,14331,SEDWSSD_TCd,3.223532742546e-07
2122,14331,SEDSCRS_TCd,2.729761978217e-07
2122,14331,SO_TCu,5.953294720763e-05
2122,14331,IO_TCu,0.000000000000e+00
2122,14331,AO_TCu,0.000000000000e+00
2122,14331,PO_TCu,5.953294720763e-05
2122,14331,SED_TCu,5.953294720763e-05
2122,14331,SEDWSSD_TCu,3.223532742546e-05
2122,14331,SEDSCRS_TCu,2.729761978217e-05
2122,14331,SO_TPb,5.953294720763e-06
2122,14331,IO_TPb,0.000000000000e+00
2122,14331,AO_TPb,0.000000000000e+00
2122,14331,PO_TPb,5.953294720763e-06
2122,14331,SED_TPb,5.953294720763e-06
2122,14331,SEDWSSD_TPb,3.223532742546e-06
2122,14331,SEDSCRS_TPb,2.729761978217e-06
2122,14331,SO_TZn,4.286372198949e-04
2122,14331,IO_TZn,0.000000000000e+00
2122,14331,AO_TZn,2.711233394650e-04
2122,14331,PO_TZn,6.997605593599e-04
2122,14331,SED_TZn,4.286372198949e-04
2122,14331,SEDWSSD_TZn,2.320943574633e-04
2122,14331,SEDSCRS_TZn,1.965428624316e-04
2122,14332,AREA,0.000000000000e+00
2122,14332,PREC,0.000000000000e+00
2122,14332,SURO,0.000000000000e+00
2122,14332,IFWO,0.000000000000e+00
2122,14332,AGWO,0.000000000000e+00
2122,14332,PERO,0.000000000000e+00
2122,14332,TAET,0.000000000000e+00
2122,14332,SEDLOAD,0.000000000000e+00
2122,14332,SEDWSSD, 0.00000e+00
2122,14332,SEDSCRS, 0.00000e+00
2122,14332,SEDSURO, 0.00000e+00
2122,14332,SEDIFWO, 0.00000e+00
2122,14332,SEDAGWO, 0.00000e+00
2122,14332,SO_TN,0.000000000000e+00
2122,14332,IO_TN,0.000000000000e+00
2122,14332,AO_TN,0.000000000000e+00
2122,14332,PO_TN,0.000000000000e+00
2122,14332,SO_TP,0.000000000000e+00
2122,14332,IO_TP,0.000000000000e+00
2122,14332,AO_TP,0.000000000000e+00
2122,14332,PO_TP,0.000000000000e+00
2122,14332,SED_TP,0.000000000000e+00
2122,14332,SEDWSSD_TP,0.000000000000e+00
2122,14332,SEDSCRS_TP,0.000000000000e+00
2122,14332,SO_TCd,0.000000000000e+00
2122,14332,IO_TCd,0.000000000000e+00
2122,14332,AO_TCd,0.000000000000e+00
2122,14332,PO_TCd,0.000000000000e+00
2122,14332,SED_TCd,0.000000000000e+00
2122,14332,SEDWSSD_TCd,0.000000000000e+00
2122,14332,SEDSCRS_TCd,0.000000000000e+00
2122,14332,SO_TCu,0.000000000000e+00
2122,14332,IO_TCu,0.000000000000e+00
2122,14332,AO_TCu,0.000000000000e+00
2122,14332,PO_TCu,0.000000000000e+00
2122,14332,SED_TCu,0.000000000000e+00
2122,14332,SEDWSSD_TCu,0.000000000000e+00
2122,14332,SEDSCRS_TCu,0.000000000000e+00
2122,14332,SO_TPb,0.000000000000e+00
2122,14332,IO_TPb,0.000000000000e+00
2122,14332,AO_TPb,0.000000000000e+00
2122,14332,PO_TPb,0.000000000000e+00
2122,14332,SED_TPb,0.000000000000e+00
2122,14332,SEDWSSD_TPb,0.000000000000e+00
2122,14332,SEDSCRS_TPb,0.000000000000e+00
2122,14332,SO_TZn,0.000000000000e+00
2122,14332,IO_TZn,0.000000000000e+00
2122,14332,AO_TZn,0.000000000000e+00
2122,14332,PO_TZn,0.000000000000e+00
2122,14332,SED_TZn,0.000000000000e+00
2122,14332,SEDWSSD_TZn,0.000000000000e+00
2122,14332,SEDSCRS_TZn,0.000000000000e+00
2122,14421,AREA,1.216713130001e+02
2122,14421,PREC,1.345658683853e+03
2122,14421,SURO,4.755559026186e+01
2122,14421,IFWO,1.946837956494e+01
2122,14421,AGWO,7.330108085646e+01
2122,14421,PERO,1.403250506833e+02
2122,14421,TAET,1.208027877662e+03
2122,14421,SEDLOAD,9.218359241667e+00
2122,14421,SEDWSSD, 3.98632e+00
2122,14421,SEDSCRS, 5.22153e+00
2122,14421,SEDSURO, 0.00000e+00
2122,14421,SEDIFWO, 2.20590e-03
2122,14421,SEDAGWO, 8.30550e-03
2122,14421,SO_TN,1.846349952372e+01
2122,14421,IO_TN,4.411798501275e+00
2122,14421,AO_TN,8.305508878786e+00
2122,14421,PO_TN,3.118080690378e+01
2122,14421,SO_TP,1.841569569397e+01
2122,14421,IO_TP,8.823597002550e-01
2122,14421,AO_TP,3.322203551514e+00
2122,14421,PO_TP,2.262025894574e+01
2122,14421,SED_TP,1.841569569397e+01
2122,14421,SEDWSSD_TP,7.972635354832e+00
2122,14421,SEDSCRS_TP,1.044306033914e+01
2122,14421,SO_TCd,9.207847846987e-03
2122,14421,IO_TCd,0.000000000000e+00
2122,14421,AO_TCd,0.000000000000e+00
2122,14421,PO_TCd,9.207847846987e-03
2122,14421,SED_TCd,9.207847846987e-03
2122,14421,SEDWSSD_TCd,3.986317677416e-03
2122,14421,SEDSCRS_TCd,5.221530169571e-03
2122,14421,SO_TCu,9.207847846987e-01
2122,14421,IO_TCu,0.000000000000e+00
2122,14421,AO_TCu,0.000000000000e+00
2122,14421,PO_TCu,9.207847846987e-01
2122,14421,SED_TCu,9.207847846987e-01
2122,14421,SEDWSSD_TCu,3.986317677416e-01
2122,14421,SEDSCRS_TCu,5.221530169571e-01
2122,14421,SO_TPb,9.207847846987e-02
2122,14421,IO_TPb,0.000000000000e+00
2122,14421,AO_TPb,0.000000000000e+00
2122,14421,PO_TPb,9.207847846987e-02
2122,14421,SED_TPb,9.207847846987e-02
2122,14421,SEDWSSD_TPb,3.986317677416e-02
2122,14421,SEDSCRS_TPb,5.221530169571e-02
2122,14421,SO_TZn,6.629650449831e+00
2122,14421,IO_TZn,0.000000000000e+00
2122,14421,AO_TZn,8.305508878786e-01
2122,14421,PO_TZn,7.460201337709e+00
2122,14421,SED_TZn,6.629650449831e+00
2122,14421,SEDWSSD_TZn,2.870148727739e+00
2122,14421,SEDSCRS_TZn,3.759501722091e+00
2122,14422,AREA,0.000000000000e+00
2122,14422,PREC,0.000000000000e+00
2122,14422,SURO,0.000000000000e+00
2122,14422,IFWO,0.000000000000e+00
2122,14422,AGWO,0.000000000000e+00
2122,14422,PERO,0.000000000000e+00
2122,14422,TAET,0.000000000000e+00
2122,14422,SEDLOAD,0.000000000000e+00
2122,14422,SEDWSSD, 0.00000e+00
2122,14422,SEDSCRS, 0.00000e+00
2122,14422,SEDSURO, 0.00000e+00
2122,14422,SEDIFWO, 0.00000e+00
2122,14422,SEDAGWO, 0.00000e+00
2122,14422,SO_TN,0.000000000000e+00
2122,14422,IO_TN,0.000000000000e+00
2122,14422,AO_TN,0.000000000000e+00
2122,14422,PO_TN,0.000000000000e+00
2122,14422,SO_TP,0.000000000000e+00
2122,14422,IO_TP,0.000000000000e+00
2122,14422,AO_TP,0.000000000000e+00
2122,14422,PO_TP,0.000000000000e+00
2122,14422,SED_TP,0.000000000000e+00
2122,14422,SEDWSSD_TP,0.000000000000e+00
2122,14422,SEDSCRS_TP,0.000000000000e+00
2122,14422,SO_TCd,0.000000000000e+00
2122,14422,IO_TCd,0.000000000000e+00
2122,14422,AO_TCd,0.000000000000e+00
2122,14422,PO_TCd,0.000000000000e+00
2122,14422,SED_TCd,0.000000000000e+00
2122,14422,SEDWSSD_TCd,0.000000000000e+00
2122,14422,SEDSCRS_TCd,0.000000000000e+00
2122,14422,SO_TCu,0.000000000000e+00
2122,14422,IO_TCu,0.000000000000e+00
2122,14422,AO_TCu,0.000000000000e+00
2122,14422,PO_TCu,0.000000000000e+00
2122,14422,SED_TCu,0.000000000000e+00
2122,14422,SEDWSSD_TCu,0.000000000000e+00
2122,14422,SEDSCRS_TCu,0.000000000000e+00
2122,14422,SO_TPb,0.000000000000e+00
2122,14422,IO_TPb,0.000000000000e+00
2122,14422,AO_TPb,0.000000000000e+00
2122,14422,PO_TPb,0.000000000000e+00
2122,14422,SED_TPb,0.000000000000e+00
2122,14422,SEDWSSD_TPb,0.000000000000e+00
2122,14422,SEDSCRS_TPb,0.000000000000e+00
2122,14422,SO_TZn,0.000000000000e+00
2122,14422,IO_TZn,0.000000000000e+00
2122,14422,AO_TZn,0.000000000000e+00
2122,14422,PO_TZn,0.000000000000e+00
2122,14422,SED_TZn,0.000000000000e+00
2122,14422,SEDWSSD_TZn,0.000000000000e+00
2122,14422,SEDSCRS_TZn,0.000000000000e+00
2122,14431,AREA,2.337445600003e+01
2122,14431,PREC,2.585164811752e+02
2122,14431,SURO,1.088341089369e+01
2122,14431,IFWO,4.376707849605e+00
2122,14431,AGWO,1.378734477143e+01
2122,14431,PERO,2.904746351472e+01
2122,14431,TAET,2.299559720519e+02
2122,14431,SEDLOAD,2.542328789867e+00
2122,14431,SEDWSSD, 1.24052e+00
2122,14431,SEDSCRS, 1.29975e+00
2122,14431,SEDSURO, 0.00000e+00
2122,14431,SEDIFWO, 4.95910e-04
2122,14431,SEDAGWO, 1.56220e-03
2122,14431,SO_TN,3.999821301021e+00
2122,14431,IO_TN,9.918212795778e-01
2122,14431,AO_TN,1.562199534796e+00
2122,14431,PO_TN,6.553842115394e+00
2122,14431,SO_TP,5.080541364652e+00
2122,14431,IO_TP,1.983642559156e-01
2122,14431,AO_TP,6.248798139183e-01
2122,14431,PO_TP,5.903785434485e+00
2122,14431,SED_TP,5.080541364652e+00
2122,14431,SEDWSSD_TP,2.481044932404e+00
2122,14431,SEDSCRS_TP,2.599496432248e+00
2122,14431,SO_TCd,2.540270682326e-03
2122,14431,IO_TCd,0.000000000000e+00
2122,14431,AO_TCd,0.000000000000e+00
2122,14431,PO_TCd,2.540270682326e-03
2122,14431,SED_TCd,2.540270682326e-03
2122,14431,SEDWSSD_TCd,1.240522466202e-03
2122,14431,SEDSCRS_TCd,1.299748216124e-03
2122,14431,SO_TCu,2.540270682326e-01
2122,14431,IO_TCu,0.000000000000e+00
2122,14431,AO_TCu,0.000000000000e+00
2122,14431,PO_TCu,2.540270682326e-01
2122,14431,SED_TCu,2.540270682326e-01
2122,14431,SEDWSSD_TCu,1.240522466202e-01
2122,14431,SEDSCRS_TCu,1.299748216124e-01
2122,14431,SO_TPb,2.540270682326e-02
2122,14431,IO_TPb,0.000000000000e+00
2122,14431,AO_TPb,0.000000000000e+00
2122,14431,PO_TPb,2.540270682326e-02
2122,14431,SED_TPb,2.540270682326e-02
2122,14431,SEDWSSD_TPb,1.240522466202e-02
2122,14431,SEDSCRS_TPb,1.299748216124e-02
2122,14431,SO_TZn,1.828994891275e+00
2122,14431,IO_TZn,0.000000000000e+00
2122,14431,AO_TZn,1.562199534796e-01
2122,14431,PO_TZn,1.985214844754e+00
2122,14431,SED_TZn,1.828994891275e+00
2122,14431,SEDWSSD_TZn,8.931761756653e-01
2122,14431,SEDSCRS_TZn,9.358187156093e-01
2122,14432,AREA,0.000000000000e+00
2122,14432,PREC,0.000000000000e+00
2122,14432,SURO,0.000000000000e+00
2122,14432,IFWO,0.000000000000e+00
2122,14432,AGWO,0.000000000000e+00
2122,14432,PERO,0.000000000000e+00
2122,14432,TAET,0.000000000000e+00
2122,14432,SEDLOAD,0.000000000000e+00
2122,14432,SEDWSSD, 0.00000e+00
2122,14432,SEDSCRS, 0.00000e+00
2122,14432,SEDSURO, 0.00000e+00
2122,14432,SEDIFWO, 0.00000e+00
2122,14432,SEDAGWO, 0.00000e+00
2122,14432,SO_TN,0.000000000000e+00
2122,14432,IO_TN,0.000000000000e+00
2122,14432,AO_TN,0.000000000000e+00
2122,14432,PO_TN,0.000000000000e+00
2122,14432,SO_TP,0.000000000000e+00
2122,14432,IO_TP,0.000000000000e+00
2122,14432,AO_TP,0.000000000000e+00
2122,14432,PO_TP,0.000000000000e+00
2122,14432,SED_TP,0.000000000000e+00
2122,14432,SEDWSSD_TP,0.000000000000e+00
2122,14432,SEDSCRS_TP,0.000000000000e+00
2122,14432,SO_TCd,0.000000000000e+00
2122,14432,IO_TCd,0.000000000000e+00
2122,14432,AO_TCd,0.000000000000e+00
2122,14432,PO_TCd,0.000000000000e+00
2122,14432,SED_TCd,0.000000000000e+00
2122,14432,SEDWSSD_TCd,0.000000000000e+00
2122,14432,SEDSCRS_TCd,0.000000000000e+00
2122,14432,SO_TCu,0.000000000000e+00
2122,14432,IO_TCu,0.000000000000e+00
2122,14432,AO_TCu,0.000000000000e+00
2122,14432,PO_TCu,0.000000000000e+00
2122,14432,SED_TCu,0.000000000000e+00
2122,14432,SEDWSSD_TCu,0.000000000000e+00
2122,14432,SEDSCRS_TCu,0.000000000000e+00
2122,14432,SO_TPb,0.000000000000e+00
2122,14432,IO_TPb,0.000000000000e+00
2122,14432,AO_TPb,0.000000000000e+00
2122,14432,PO_TPb,0.000000000000e+00
2122,14432,SED_TPb,0.000000000000e+00
2122,14432,SEDWSSD_TPb,0.000000000000e+00
2122,14432,SEDSCRS_TPb,0.000000000000e+00
2122,14432,SO_TZn,0.000000000000e+00
2122,14432,IO_TZn,0.000000000000e+00
2122,14432,AO_TZn,0.000000000000e+00
2122,14432,PO_TZn,0.000000000000e+00
2122,14432,SED_TZn,0.000000000000e+00
2122,14432,SEDWSSD_TZn,0.000000000000e+00
2122,14432,SEDSCRS_TZn,0.000000000000e+00
2122,15121,AREA,0.000000000000e+00
2122,15121,PREC,0.000000000000e+00
2122,15121,SURO,0.000000000000e+00
2122,15121,IFWO,0.000000000000e+00
2122,15121,AGWO,0.000000000000e+00
2122,15121,PERO,0.000000000000e+00
2122,15121,TAET,0.000000000000e+00
2122,15121,SEDLOAD,0.000000000000e+00
2122,15121,SEDWSSD, 0.00000e+00
2122,15121,SEDSCRS, 0.00000e+00
2122,15121,SEDSURO, 0.00000e+00
2122,15121,SEDIFWO, 0.00000e+00
2122,15121,SEDAGWO, 0.00000e+00
2122,15121,SO_TN,0.000000000000e+00
2122,15121,IO_TN,0.000000000000e+00
2122,15121,AO_TN,0.000000000000e+00
2122,15121,PO_TN,0.000000000000e+00
2122,15121,SO_TP,0.000000000000e+00
2122,15121,IO_TP,0.000000000000e+00
2122,15121,AO_TP,0.000000000000e+00
2122,15121,PO_TP,0.000000000000e+00
2122,15121,SED_TP,0.000000000000e+00
2122,15121,SEDWSSD_TP,0.000000000000e+00
2122,15121,SEDSCRS_TP,0.000000000000e+00
2122,15121,SO_TCd,0.000000000000e+00
2122,15121,IO_TCd,0.000000000000e+00
2122,15121,AO_TCd,0.000000000000e+00
2122,15121,PO_TCd,0.000000000000e+00
2122,15121,SED_TCd,0.000000000000e+00
2122,15121,SEDWSSD_TCd,0.000000000000e+00
2122,15121,SEDSCRS_TCd,0.000000000000e+00
2122,15121,SO_TCu,0.000000000000e+00
2122,15121,IO_TCu,0.000000000000e+00
2122,15121,AO_TCu,0.000000000000e+00
2122,15121,PO_TCu,0.000000000000e+00
2122,15121,SED_TCu,0.000000000000e+00
2122,15121,SEDWSSD_TCu,0.000000000000e+00
2122,15121,SEDSCRS_TCu,0.000000000000e+00
2122,15121,SO_TPb,0.000000000000e+00
2122,15121,IO_TPb,0.000000000000e+00
2122,15121,AO_TPb,0.000000000000e+00
2122,15121,PO_TPb,0.000000000000e+00
2122,15121,SED_TPb,0.000000000000e+00
2122,15121,SEDWSSD_TPb,0.000000000000e+00
2122,15121,SEDSCRS_TPb,0.000000000000e+00
2122,15121,SO_TZn,0.000000000000e+00
2122,15121,IO_TZn,0.000000000000e+00
2122,15121,AO_TZn,0.000000000000e+00
2122,15121,PO_TZn,0.000000000000e+00
2122,15121,SED_TZn,0.000000000000e+00
2122,15121,SEDWSSD_TZn,0.000000000000e+00
2122,15121,SEDSCRS_TZn,0.000000000000e+00
2122,15122,AREA,0.000000000000e+00
2122,15122,PREC,0.000000000000e+00
2122,15122,SURO,0.000000000000e+00
2122,15122,IFWO,0.000000000000e+00
2122,15122,AGWO,0.000000000000e+00
2122,15122,PERO,0.000000000000e+00
2122,15122,TAET,0.000000000000e+00
2122,15122,SEDLOAD,0.000000000000e+00
2122,15122,SEDWSSD, 0.00000e+00
2122,15122,SEDSCRS, 0.00000e+00
2122,15122,SEDSURO, 0.00000e+00
2122,15122,SEDIFWO, 0.00000e+00
2122,15122,SEDAGWO, 0.00000e+00
2122,15122,SO_TN,0.000000000000e+00
2122,15122,IO_TN,0.000000000000e+00
2122,15122,AO_TN,0.000000000000e+00
2122,15122,PO_TN,0.000000000000e+00
2122,15122,SO_TP,0.000000000000e+00
2122,15122,IO_TP,0.000000000000e+00
2122,15122,AO_TP,0.000000000000e+00
2122,15122,PO_TP,0.000000000000e+00
2122,15122,SED_TP,0.000000000000e+00
2122,15122,SEDWSSD_TP,0.000000000000e+00
2122,15122,SEDSCRS_TP,0.000000000000e+00
2122,15122,SO_TCd,0.000000000000e+00
2122,15122,IO_TCd,0.000000000000e+00
2122,15122,AO_TCd,0.000000000000e+00
2122,15122,PO_TCd,0.000000000000e+00
2122,15122,SED_TCd,0.000000000000e+00
2122,15122,SEDWSSD_TCd,0.000000000000e+00
2122,15122,SEDSCRS_TCd,0.000000000000e+00
2122,15122,SO_TCu,0.000000000000e+00
2122,15122,IO_TCu,0.000000000000e+00
2122,15122,AO_TCu,0.000000000000e+00
2122,15122,PO_TCu,0.000000000000e+00
2122,15122,SED_TCu,0.000000000000e+00
2122,15122,SEDWSSD_TCu,0.000000000000e+00
2122,15122,SEDSCRS_TCu,0.000000000000e+00
2122,15122,SO_TPb,0.000000000000e+00
2122,15122,IO_TPb,0.000000000000e+00
2122,15122,AO_TPb,0.000000000000e+00
2122,15122,PO_TPb,0.000000000000e+00
2122,15122,SED_TPb,0.000000000000e+00
2122,15122,SEDWSSD_TPb,0.000000000000e+00
2122,15122,SEDSCRS_TPb,0.000000000000e+00
2122,15122,SO_TZn,0.000000000000e+00
2122,15122,IO_TZn,0.000000000000e+00
2122,15122,AO_TZn,0.000000000000e+00
2122,15122,PO_TZn,0.000000000000e+00
2122,15122,SED_TZn,0.000000000000e+00
2122,15122,SEDWSSD_TZn,0.000000000000e+00
2122,15122,SEDSCRS_TZn,0.000000000000e+00
2122,15131,AREA,0.000000000000e+00
2122,15131,PREC,0.000000000000e+00
2122,15131,SURO,0.000000000000e+00
2122,15131,IFWO,0.000000000000e+00
2122,15131,AGWO,0.000000000000e+00
2122,15131,PERO,0.000000000000e+00
2122,15131,TAET,0.000000000000e+00
2122,15131,SEDLOAD,0.000000000000e+00
2122,15131,SEDWSSD, 0.00000e+00
2122,15131,SEDSCRS, 0.00000e+00
2122,15131,SEDSURO, 0.00000e+00
2122,15131,SEDIFWO, 0.00000e+00
2122,15131,SEDAGWO, 0.00000e+00
2122,15131,SO_TN,0.000000000000e+00
2122,15131,IO_TN,0.000000000000e+00
2122,15131,AO_TN,0.000000000000e+00
2122,15131,PO_TN,0.000000000000e+00
2122,15131,SO_TP,0.000000000000e+00
2122,15131,IO_TP,0.000000000000e+00
2122,15131,AO_TP,0.000000000000e+00
2122,15131,PO_TP,0.000000000000e+00
2122,15131,SED_TP,0.000000000000e+00
2122,15131,SEDWSSD_TP,0.000000000000e+00
2122,15131,SEDSCRS_TP,0.000000000000e+00
2122,15131,SO_TCd,0.000000000000e+00
2122,15131,IO_TCd,0.000000000000e+00
2122,15131,AO_TCd,0.000000000000e+00
2122,15131,PO_TCd,0.000000000000e+00
2122,15131,SED_TCd,0.000000000000e+00
2122,15131,SEDWSSD_TCd,0.000000000000e+00
2122,15131,SEDSCRS_TCd,0.000000000000e+00
2122,15131,SO_TCu,0.000000000000e+00
2122,15131,IO_TCu,0.000000000000e+00
2122,15131,AO_TCu,0.000000000000e+00
2122,15131,PO_TCu,0.000000000000e+00
2122,15131,SED_TCu,0.000000000000e+00
2122,15131,SEDWSSD_TCu,0.000000000000e+00
2122,15131,SEDSCRS_TCu,0.000000000000e+00
2122,15131,SO_TPb,0.000000000000e+00
2122,15131,IO_TPb,0.000000000000e+00
2122,15131,AO_TPb,0.000000000000e+00
2122,15131,PO_TPb,0.000000000000e+00
2122,15131,SED_TPb,0.000000000000e+00
2122,15131,SEDWSSD_TPb,0.000000000000e+00
2122,15131,SEDSCRS_TPb,0.000000000000e+00
2122,15131,SO_TZn,0.000000000000e+00
2122,15131,IO_TZn,0.000000000000e+00
2122,15131,AO_TZn,0.000000000000e+00
2122,15131,PO_TZn,0.000000000000e+00
2122,15131,SED_TZn,0.000000000000e+00
2122,15131,SEDWSSD_TZn,0.000000000000e+00
2122,15131,SEDSCRS_TZn,0.000000000000e+00
2122,15132,AREA,0.000000000000e+00
2122,15132,PREC,0.000000000000e+00
2122,15132,SURO,0.000000000000e+00
2122,15132,IFWO,0.000000000000e+00
2122,15132,AGWO,0.000000000000e+00
2122,15132,PERO,0.000000000000e+00
2122,15132,TAET,0.000000000000e+00
2122,15132,SEDLOAD,0.000000000000e+00
2122,15132,SEDWSSD, 0.00000e+00
2122,15132,SEDSCRS, 0.00000e+00
2122,15132,SEDSURO, 0.00000e+00
2122,15132,SEDIFWO, 0.00000e+00
2122,15132,SEDAGWO, 0.00000e+00
2122,15132,SO_TN,0.000000000000e+00
2122,15132,IO_TN,0.000000000000e+00
2122,15132,AO_TN,0.000000000000e+00
2122,15132,PO_TN,0.000000000000e+00
2122,15132,SO_TP,0.000000000000e+00
2122,15132,IO_TP,0.000000000000e+00
2122,15132,AO_TP,0.000000000000e+00
2122,15132,PO_TP,0.000000000000e+00
2122,15132,SED_TP,0.000000000000e+00
2122,15132,SEDWSSD_TP,0.000000000000e+00
2122,15132,SEDSCRS_TP,0.000000000000e+00
2122,15132,SO_TCd,0.000000000000e+00
2122,15132,IO_TCd,0.000000000000e+00
2122,15132,AO_TCd,0.000000000000e+00
2122,15132,PO_TCd,0.000000000000e+00
2122,15132,SED_TCd,0.000000000000e+00
2122,15132,SEDWSSD_TCd,0.000000000000e+00
2122,15132,SEDSCRS_TCd,0.000000000000e+00
2122,15132,SO_TCu,0.000000000000e+00
2122,15132,IO_TCu,0.000000000000e+00
2122,15132,AO_TCu,0.000000000000e+00
2122,15132,PO_TCu,0.000000000000e+00
2122,15132,SED_TCu,0.000000000000e+00
2122,15132,SEDWSSD_TCu,0.000000000000e+00
2122,15132,SEDSCRS_TCu,0.000000000000e+00
2122,15132,SO_TPb,0.000000000000e+00
2122,15132,IO_TPb,0.000000000000e+00
2122,15132,AO_TPb,0.000000000000e+00
2122,15132,PO_TPb,0.000000000000e+00
2122,15132,SED_TPb,0.000000000000e+00
2122,15132,SEDWSSD_TPb,0.000000000000e+00
2122,15132,SEDSCRS_TPb,0.000000000000e+00
2122,15132,SO_TZn,0.000000000000e+00
2122,15132,IO_TZn,0.000000000000e+00
2122,15132,AO_TZn,0.000000000000e+00
2122,15132,PO_TZn,0.000000000000e+00
2122,15132,SED_TZn,0.000000000000e+00
2122,15132,SEDWSSD_TZn,0.000000000000e+00
2122,15132,SEDSCRS_TZn,0.000000000000e+00
2122,15221,AREA,7.153460999997e+00
2122,15221,PREC,7.911574780368e+01
2122,15221,SURO,1.946477342513e-02
2122,15221,IFWO,8.595729579509e-02
2122,15221,AGWO,7.460420807504e+00
2122,15221,PERO,7.565842876724e+00
2122,15221,TAET,7.169471644221e+01
2122,15221,SEDLOAD,8.979862510545e-04
2122,15221,SEDWSSD, 3.79392e-05
2122,15221,SEDSCRS, 4.99236e-06
2122,15221,SEDSURO, 0.00000e+00
2122,15221,SEDIFWO, 9.73953e-06
2122,15221,SEDAGWO, 8.45315e-04
2122,15221,SO_TN,1.272579454696e-02
2122,15221,IO_TN,1.947908748632e-02
2122,15221,AO_TN,8.453162017834e-01
2122,15221,PO_TN,8.775210838167e-01
2122,15221,SO_TP,8.586319919064e-05
2122,15221,IO_TP,3.895817497265e-03
2122,15221,AO_TP,3.381264807134e-01
2122,15221,PO_TP,3.421081614098e-01
2122,15221,SED_TP,8.586319919064e-05
2122,15221,SEDWSSD_TP,7.587847199673e-05
2122,15221,SEDSCRS_TP,9.984727193912e-06
2122,15221,SO_TCd,4.293159959532e-08
2122,15221,IO_TCd,0.000000000000e+00
2122,15221,AO_TCd,0.000000000000e+00
2122,15221,PO_TCd,4.293159959532e-08
2122,15221,SED_TCd,4.293159959532e-08
2122,15221,SEDWSSD_TCd,3.793923599837e-08
2122,15221,SEDSCRS_TCd,4.992363596956e-09
2122,15221,SO_TCu,4.293159959532e-06
2122,15221,IO_TCu,0.000000000000e+00
2122,15221,AO_TCu,0.000000000000e+00
2122,15221,PO_TCu,4.293159959532e-06
2122,15221,SED_TCu,4.293159959532e-06
2122,15221,SEDWSSD_TCu,3.793923599837e-06
2122,15221,SEDSCRS_TCu,4.992363596956e-07
2122,15221,SO_TPb,4.293159959532e-07
2122,15221,IO_TPb,0.000000000000e+00
2122,15221,AO_TPb,0.000000000000e+00
2122,15221,PO_TPb,4.293159959532e-07
2122,15221,SED_TPb,4.293159959532e-07
2122,15221,SEDWSSD_TPb,3.793923599837e-07
2122,15221,SEDSCRS_TPb,4.992363596956e-08
2122,15221,SO_TZn,3.091075170863e-05
2122,15221,IO_TZn,0.000000000000e+00
2122,15221,AO_TZn,8.453162017834e-02
2122,15221,PO_TZn,8.456253093005e-02
2122,15221,SED_TZn,3.091075170863e-05
2122,15221,SEDWSSD_TZn,2.731624991882e-05
2122,15221,SEDSCRS_TZn,3.594501789808e-06
2122,15222,AREA,0.000000000000e+00
2122,15222,PREC,0.000000000000e+00
2122,15222,SURO,0.000000000000e+00
2122,15222,IFWO,0.000000000000e+00
2122,15222,AGWO,0.000000000000e+00
2122,15222,PERO,0.000000000000e+00
2122,15222,TAET,0.000000000000e+00
2122,15222,SEDLOAD,0.000000000000e+00
2122,15222,SEDWSSD, 0.00000e+00
2122,15222,SEDSCRS, 0.00000e+00
2122,15222,SEDSURO, 0.00000e+00
2122,15222,SEDIFWO, 0.00000e+00
2122,15222,SEDAGWO, 0.00000e+00
2122,15222,SO_TN,0.000000000000e+00
2122,15222,IO_TN,0.000000000000e+00
2122,15222,AO_TN,0.000000000000e+00
2122,15222,PO_TN,0.000000000000e+00
2122,15222,SO_TP,0.000000000000e+00
2122,15222,IO_TP,0.000000000000e+00
2122,15222,AO_TP,0.000000000000e+00
2122,15222,PO_TP,0.000000000000e+00
2122,15222,SED_TP,0.000000000000e+00
2122,15222,SEDWSSD_TP,0.000000000000e+00
2122,15222,SEDSCRS_TP,0.000000000000e+00
2122,15222,SO_TCd,0.000000000000e+00
2122,15222,IO_TCd,0.000000000000e+00
2122,15222,AO_TCd,0.000000000000e+00
2122,15222,PO_TCd,0.000000000000e+00
2122,15222,SED_TCd,0.000000000000e+00
2122,15222,SEDWSSD_TCd,0.000000000000e+00
2122,15222,SEDSCRS_TCd,0.000000000000e+00
2122,15222,SO_TCu,0.000000000000e+00
2122,15222,IO_TCu,0.000000000000e+00
2122,15222,AO_TCu,0.000000000000e+00
2122,15222,PO_TCu,0.000000000000e+00
2122,15222,SED_TCu,0.000000000000e+00
2122,15222,SEDWSSD_TCu,0.000000000000e+00
2122,15222,SEDSCRS_TCu,0.000000000000e+00
2122,15222,SO_TPb,0.000000000000e+00
2122,15222,IO_TPb,0.000000000000e+00
2122,15222,AO_TPb,0.000000000000e+00
2122,15222,PO_TPb,0.000000000000e+00
2122,15222,SED_TPb,0.000000000000e+00
2122,15222,SEDWSSD_TPb,0.000000000000e+00
2122,15222,SEDSCRS_TPb,0.000000000000e+00
2122,15222,SO_TZn,0.000000000000e+00
2122,15222,IO_TZn,0.000000000000e+00
2122,15222,AO_TZn,0.000000000000e+00
2122,15222,PO_TZn,0.000000000000e+00
2122,15222,SED_TZn,0.000000000000e+00
2122,15222,SEDWSSD_TZn,0.000000000000e+00
2122,15222,SEDSCRS_TZn,0.000000000000e+00
2122,15231,AREA,1.108710000000e-01
2122,15231,PREC,1.226209533363e+00
2122,15231,SURO,5.929383981426e-04
2122,15231,IFWO,1.925423389806e-03
2122,15231,AGWO,1.194408903899e-01
2122,15231,PERO,1.219592521778e-01
2122,15231,TAET,1.106499666924e+00
2122,15231,SEDLOAD,2.024468776591e-05
2122,15231,SEDWSSD, 5.67435e-06
2122,15231,SEDSCRS, 8.18734e-07
2122,15231,SEDSURO, 0.00000e+00
2122,15231,SEDIFWO, 2.18163e-07
2122,15231,SEDAGWO, 1.35334e-05
2122,15231,SO_TN,3.884984730072e-04
2122,15231,IO_TN,4.363270192637e-04
2122,15231,AO_TN,1.353346177208e-02
2122,15231,PO_TN,1.435828726436e-02
2122,15231,SO_TP,1.298616015955e-05
2122,15231,IO_TP,8.726540385275e-05
2122,15231,AO_TP,5.413384708834e-03
2122,15231,PO_TP,5.513636272846e-03
2122,15231,SED_TP,1.298616015955e-05
2122,15231,SEDWSSD_TP,1.134869258365e-05
2122,15231,SEDSCRS_TP,1.637467575892e-06
2122,15231,SO_TCd,6.493080079773e-09
2122,15231,IO_TCd,0.000000000000e+00
2122,15231,AO_TCd,0.000000000000e+00
2122,15231,PO_TCd,6.493080079773e-09
2122,15231,SED_TCd,6.493080079773e-09
2122,15231,SEDWSSD_TCd,5.674346291827e-09
2122,15231,SEDSCRS_TCd,8.187337879460e-10
2122,15231,SO_TCu,6.493080079773e-07
2122,15231,IO_TCu,0.000000000000e+00
2122,15231,AO_TCu,0.000000000000e+00
2122,15231,PO_TCu,6.493080079773e-07
2122,15231,SED_TCu,6.493080079773e-07
2122,15231,SEDWSSD_TCu,5.674346291827e-07
2122,15231,SEDSCRS_TCu,8.187337879460e-08
2122,15231,SO_TPb,6.493080079773e-08
2122,15231,IO_TPb,0.000000000000e+00
2122,15231,AO_TPb,0.000000000000e+00
2122,15231,PO_TPb,6.493080079773e-08
2122,15231,SED_TPb,6.493080079773e-08
2122,15231,SEDWSSD_TPb,5.674346291827e-08
2122,15231,SEDSCRS_TPb,8.187337879460e-09
2122,15231,SO_TZn,4.675017657437e-06
2122,15231,IO_TZn,0.000000000000e+00
2122,15231,AO_TZn,1.353346177208e-03
2122,15231,PO_TZn,1.358021194866e-03
2122,15231,SED_TZn,4.675017657437e-06
2122,15231,SEDWSSD_TZn,4.085529330115e-06
2122,15231,SEDSCRS_TZn,5.894883273211e-07
2122,15232,AREA,0.000000000000e+00
2122,15232,PREC,0.000000000000e+00
2122,15232,SURO,0.000000000000e+00
2122,15232,IFWO,0.000000000000e+00
2122,15232,AGWO,0.000000000000e+00
2122,15232,PERO,0.000000000000e+00
2122,15232,TAET,0.000000000000e+00
2122,15232,SEDLOAD,0.000000000000e+00
2122,15232,SEDWSSD, 0.00000e+00
2122,15232,SEDSCRS, 0.00000e+00
2122,15232,SEDSURO, 0.00000e+00
2122,15232,SEDIFWO, 0.00000e+00
2122,15232,SEDAGWO, 0.00000e+00
2122,15232,SO_TN,0.000000000000e+00
2122,15232,IO_TN,0.000000000000e+00
2122,15232,AO_TN,0.000000000000e+00
2122,15232,PO_TN,0.000000000000e+00
2122,15232,SO_TP,0.000000000000e+00
2122,15232,IO_TP,0.000000000000e+00
2122,15232,AO_TP,0.000000000000e+00
2122,15232,PO_TP,0.000000000000e+00
2122,15232,SED_TP,0.000000000000e+00
2122,15232,SEDWSSD_TP,0.000000000000e+00
2122,15232,SEDSCRS_TP,0.000000000000e+00
2122,15232,SO_TCd,0.000000000000e+00
2122,15232,IO_TCd,0.000000000000e+00
2122,15232,AO_TCd,0.000000000000e+00
2122,15232,PO_TCd,0.000000000000e+00
2122,15232,SED_TCd,0.000000000000e+00
2122,15232,SEDWSSD_TCd,0.000000000000e+00
2122,15232,SEDSCRS_TCd,0.000000000000e+00
2122,15232,SO_TCu,0.000000000000e+00
2122,15232,IO_TCu,0.000000000000e+00
2122,15232,AO_TCu,0.000000000000e+00
2122,15232,PO_TCu,0.000000000000e+00
2122,15232,SED_TCu,0.000000000000e+00
2122,15232,SEDWSSD_TCu,0.000000000000e+00
2122,15232,SEDSCRS_TCu,0.000000000000e+00
2122,15232,SO_TPb,0.000000000000e+00
2122,15232,IO_TPb,0.000000000000e+00
2122,15232,AO_TPb,0.000000000000e+00
2122,15232,PO_TPb,0.000000000000e+00
2122,15232,SED_TPb,0.000000000000e+00
2122,15232,SEDWSSD_TPb,0.000000000000e+00
2122,15232,SEDSCRS_TPb,0.000000000000e+00
2122,15232,SO_TZn,0.000000000000e+00
2122,15232,IO_TZn,0.000000000000e+00
2122,15232,AO_TZn,0.000000000000e+00
2122,15232,PO_TZn,0.000000000000e+00
2122,15232,SED_TZn,0.000000000000e+00
2122,15232,SEDWSSD_TZn,0.000000000000e+00
2122,15232,SEDSCRS_TZn,0.000000000000e+00
2122,15321,AREA,5.818520999989e+01
2122,15321,PREC,6.435159708376e+02
2122,15321,SURO,4.159563773490e+00
2122,15321,IFWO,4.369219272406e+00
2122,15321,AGWO,5.211114660412e+01
2122,15321,PERO,6.063992965002e+01
2122,15321,TAET,5.841443783337e+02
2122,15321,SEDLOAD,4.218541414965e-01
2122,15321,SEDWSSD, 2.67018e-01
2122,15321,SEDSCRS, 1.48436e-01
2122,15321,SEDSURO, 0.00000e+00
2122,15321,SEDIFWO, 4.95061e-04
2122,15321,SEDAGWO, 5.90454e-03
2122,15321,SO_TN,2.233409997596e+00
2122,15321,IO_TN,9.901242665546e-01
2122,15321,AO_TN,5.904545823162e+00
2122,15321,PO_TN,9.128080087313e+00
2122,15321,SO_TP,8.309090834572e-01
2122,15321,IO_TP,1.980248533109e-01
2122,15321,AO_TP,2.361818329265e+00
2122,15321,PO_TP,3.390752266033e+00
2122,15321,SED_TP,8.309090834572e-01
2122,15321,SEDWSSD_TP,5.340363670218e-01
2122,15321,SEDSCRS_TP,2.968727164353e-01
2122,15321,SO_TCd,4.154545417286e-04
2122,15321,IO_TCd,0.000000000000e+00
2122,15321,AO_TCd,0.000000000000e+00
2122,15321,PO_TCd,4.154545417286e-04
2122,15321,SED_TCd,4.154545417286e-04
2122,15321,SEDWSSD_TCd,2.670181835109e-04
2122,15321,SEDSCRS_TCd,1.484363582177e-04
2122,15321,SO_TCu,4.154545417286e-02
2122,15321,IO_TCu,0.000000000000e+00
2122,15321,AO_TCu,0.000000000000e+00
2122,15321,PO_TCu,4.154545417286e-02
2122,15321,SED_TCu,4.154545417286e-02
2122,15321,SEDWSSD_TCu,2.670181835109e-02
2122,15321,SEDSCRS_TCu,1.484363582177e-02
2122,15321,SO_TPb,4.154545417286e-03
2122,15321,IO_TPb,0.000000000000e+00
2122,15321,AO_TPb,0.000000000000e+00
2122,15321,PO_TPb,4.154545417286e-03
2122,15321,SED_TPb,4.154545417286e-03
2122,15321,SEDWSSD_TPb,2.670181835109e-03
2122,15321,SEDSCRS_TPb,1.484363582177e-03
2122,15321,SO_TZn,2.991272700446e-01
2122,15321,IO_TZn,0.000000000000e+00
2122,15321,AO_TZn,5.904545823162e-01
2122,15321,PO_TZn,8.895818523607e-01
2122,15321,SED_TZn,2.991272700446e-01
2122,15321,SEDWSSD_TZn,1.922530921279e-01
2122,15321,SEDSCRS_TZn,1.068741779167e-01
2122,15322,AREA,0.000000000000e+00
2122,15322,PREC,0.000000000000e+00
2122,15322,SURO,0.000000000000e+00
2122,15322,IFWO,0.000000000000e+00
2122,15322,AGWO,0.000000000000e+00
2122,15322,PERO,0.000000000000e+00
2122,15322,TAET,0.000000000000e+00
2122,15322,SEDLOAD,0.000000000000e+00
2122,15322,SEDWSSD, 0.00000e+00
2122,15322,SEDSCRS, 0.00000e+00
2122,15322,SEDSURO, 0.00000e+00
2122,15322,SEDIFWO, 0.00000e+00
2122,15322,SEDAGWO, 0.00000e+00
2122,15322,SO_TN,0.000000000000e+00
2122,15322,IO_TN,0.000000000000e+00
2122,15322,AO_TN,0.000000000000e+00
2122,15322,PO_TN,0.000000000000e+00
2122,15322,SO_TP,0.000000000000e+00
2122,15322,IO_TP,0.000000000000e+00
2122,15322,AO_TP,0.000000000000e+00
2122,15322,PO_TP,0.000000000000e+00
2122,15322,SED_TP,0.000000000000e+00
2122,15322,SEDWSSD_TP,0.000000000000e+00
2122,15322,SEDSCRS_TP,0.000000000000e+00
2122,15322,SO_TCd,0.000000000000e+00
2122,15322,IO_TCd,0.000000000000e+00
2122,15322,AO_TCd,0.000000000000e+00
2122,15322,PO_TCd,0.000000000000e+00
2122,15322,SED_TCd,0.000000000000e+00
2122,15322,SEDWSSD_TCd,0.000000000000e+00
2122,15322,SEDSCRS_TCd,0.000000000000e+00
2122,15322,SO_TCu,0.000000000000e+00
2122,15322,IO_TCu,0.000000000000e+00
2122,15322,AO_TCu,0.000000000000e+00
2122,15322,PO_TCu,0.000000000000e+00
2122,15322,SED_TCu,0.000000000000e+00
2122,15322,SEDWSSD_TCu,0.000000000000e+00
2122,15322,SEDSCRS_TCu,0.000000000000e+00
2122,15322,SO_TPb,0.000000000000e+00
2122,15322,IO_TPb,0.000000000000e+00
2122,15322,AO_TPb,0.000000000000e+00
2122,15322,PO_TPb,0.000000000000e+00
2122,15322,SED_TPb,0.000000000000e+00
2122,15322,SEDWSSD_TPb,0.000000000000e+00
2122,15322,SEDSCRS_TPb,0.000000000000e+00
2122,15322,SO_TZn,0.000000000000e+00
2122,15322,IO_TZn,0.000000000000e+00
2122,15322,AO_TZn,0.000000000000e+00
2122,15322,PO_TZn,0.000000000000e+00
2122,15322,SED_TZn,0.000000000000e+00
2122,15322,SEDWSSD_TZn,0.000000000000e+00
2122,15322,SEDSCRS_TZn,0.000000000000e+00
2122,15331,AREA,1.478499999998e-01
2122,15331,PREC,1.635189359776e+00
2122,15331,SURO,1.450164547777e-02
2122,15331,IFWO,1.441122458421e-02
2122,15331,AGWO,1.347536624215e-01
2122,15331,PERO,1.636665324835e-01
2122,15331,TAET,1.474727093420e+00
2122,15331,SEDLOAD,2.315161078981e-03
2122,15331,SEDWSSD, 1.51749e-03
2122,15331,SEDSCRS, 7.80774e-04
2122,15331,SEDSURO, 0.00000e+00
2122,15331,SEDIFWO, 1.63289e-06
2122,15331,SEDAGWO, 1.52685e-05
2122,15331,SO_TN,7.108560651307e-03
2122,15331,IO_TN,3.265778685385e-03
2122,15331,AO_TN,1.526850254613e-02
2122,15331,PO_TN,2.564284188282e-02
2122,15331,SO_TP,4.596519417437e-03
2122,15331,IO_TP,6.531557370770e-04
2122,15331,AO_TP,6.107401018452e-03
2122,15331,PO_TP,1.135707617297e-02
2122,15331,SED_TP,4.596519417437e-03
2122,15331,SEDWSSD_TP,3.034970712732e-03
2122,15331,SEDSCRS_TP,1.561548704705e-03
2122,15331,SO_TCd,2.298259708718e-06
2122,15331,IO_TCd,0.000000000000e+00
2122,15331,AO_TCd,0.000000000000e+00
2122,15331,PO_TCd,2.298259708718e-06
2122,15331,SED_TCd,2.298259708718e-06
2122,15331,SEDWSSD_TCd,1.517485356366e-06
2122,15331,SEDSCRS_TCd,7.807743523526e-07
2122,15331,SO_TCu,2.298259708718e-04
2122,15331,IO_TCu,0.000000000000e+00
2122,15331,AO_TCu,0.000000000000e+00
2122,15331,PO_TCu,2.298259708718e-04
2122,15331,SED_TCu,2.298259708718e-04
2122,15331,SEDWSSD_TCu,1.517485356366e-04
2122,15331,SEDSCRS_TCu,7.807743523526e-05
2122,15331,SO_TPb,2.298259708718e-05
2122,15331,IO_TPb,0.000000000000e+00
2122,15331,AO_TPb,0.000000000000e+00
2122,15331,PO_TPb,2.298259708718e-05
2122,15331,SED_TPb,2.298259708718e-05
2122,15331,SEDWSSD_TPb,1.517485356366e-05
2122,15331,SEDSCRS_TPb,7.807743523526e-06
2122,15331,SO_TZn,1.654746990277e-03
2122,15331,IO_TZn,0.000000000000e+00
2122,15331,AO_TZn,1.526850254613e-03
2122,15331,PO_TZn,3.181597244890e-03
2122,15331,SED_TZn,1.654746990277e-03
2122,15331,SEDWSSD_TZn,1.092589456583e-03
2122,15331,SEDSCRS_TZn,5.621575336939e-04
2122,15332,AREA,0.000000000000e+00
2122,15332,PREC,0.000000000000e+00
2122,15332,SURO,0.000000000000e+00
2122,15332,IFWO,0.000000000000e+00
2122,15332,AGWO,0.000000000000e+00
2122,15332,PERO,0.000000000000e+00
2122,15332,TAET,0.000000000000e+00
2122,15332,SEDLOAD,0.000000000000e+00
2122,15332,SEDWSSD, 0.00000e+00
2122,15332,SEDSCRS, 0.00000e+00
2122,15332,SEDSURO, 0.00000e+00
2122,15332,SEDIFWO, 0.00000e+00
2122,15332,SEDAGWO, 0.00000e+00
2122,15332,SO_TN,0.000000000000e+00
2122,15332,IO_TN,0.000000000000e+00
2122,15332,AO_TN,0.000000000000e+00
2122,15332,PO_TN,0.000000000000e+00
2122,15332,SO_TP,0.000000000000e+00
2122,15332,IO_TP,0.000000000000e+00
2122,15332,AO_TP,0.000000000000e+00
2122,15332,PO_TP,0.000000000000e+00
2122,15332,SED_TP,0.000000000000e+00
2122,15332,SEDWSSD_TP,0.000000000000e+00
2122,15332,SEDSCRS_TP,0.000000000000e+00
2122,15332,SO_TCd,0.000000000000e+00
2122,15332,IO_TCd,0.000000000000e+00
2122,15332,AO_TCd,0.000000000000e+00
2122,15332,PO_TCd,0.000000000000e+00
2122,15332,SED_TCd,0.000000000000e+00
2122,15332,SEDWSSD_TCd,0.000000000000e+00
2122,15332,SEDSCRS_TCd,0.000000000000e+00
2122,15332,SO_TCu,0.000000000000e+00
2122,15332,IO_TCu,0.000000000000e+00
2122,15332,AO_TCu,0.000000000000e+00
2122,15332,PO_TCu,0.000000000000e+00
2122,15332,SED_TCu,0.000000000000e+00
2122,15332,SEDWSSD_TCu,0.000000000000e+00
2122,15332,SEDSCRS_TCu,0.000000000000e+00
2122,15332,SO_TPb,0.000000000000e+00
2122,15332,IO_TPb,0.000000000000e+00
2122,15332,AO_TPb,0.000000000000e+00
2122,15332,PO_TPb,0.000000000000e+00
2122,15332,SED_TPb,0.000000000000e+00
2122,15332,SEDWSSD_TPb,0.000000000000e+00
2122,15332,SEDSCRS_TPb,0.000000000000e+00
2122,15332,SO_TZn,0.000000000000e+00
2122,15332,IO_TZn,0.000000000000e+00
2122,15332,AO_TZn,0.000000000000e+00
2122,15332,PO_TZn,0.000000000000e+00
2122,15332,SED_TZn,0.000000000000e+00
2122,15332,SEDWSSD_TZn,0.000000000000e+00
2122,15332,SEDSCRS_TZn,0.000000000000e+00
2122,15421,AREA,1.899528299999e+02
2122,15421,PREC,2.100837649478e+03
2122,15421,SURO,7.204090898019e+01
2122,15421,IFWO,3.062583612605e+01
2122,15421,AGWO,1.135754274429e+02
2122,15421,PERO,2.162421725492e+02
2122,15421,TAET,1.888760963778e+03
2122,15421,SEDLOAD,1.276297394204e+00
2122,15421,SEDWSSD, 4.44983e-01
2122,15421,SEDSCRS, 8.14976e-01
2122,15421,SEDSURO, 0.00000e+00
2122,15421,SEDIFWO, 3.47011e-03
2122,15421,SEDAGWO, 1.28688e-02
2122,15421,SO_TN,2.792602711769e+01
2122,15421,IO_TN,6.940229281563e+00
2122,15421,AO_TN,1.286886509745e+01
2122,15421,PO_TN,4.773512149670e+01
2122,15421,SO_TP,2.519916870743e+00
2122,15421,IO_TP,1.388045856313e+00
2122,15421,AO_TP,5.147546038981e+00
2122,15421,PO_TP,9.055508766037e+00
2122,15421,SED_TP,2.519916870743e+00
2122,15421,SEDWSSD_TP,8.899652850166e-01
2122,15421,SEDSCRS_TP,1.629951585727e+00
2122,15421,SO_TCd,1.259958435372e-03
2122,15421,IO_TCd,0.000000000000e+00
2122,15421,AO_TCd,0.000000000000e+00
2122,15421,PO_TCd,1.259958435372e-03
2122,15421,SED_TCd,1.259958435372e-03
2122,15421,SEDWSSD_TCd,4.449826425083e-04
2122,15421,SEDSCRS_TCd,8.149757928634e-04
2122,15421,SO_TCu,1.259958435372e-01
2122,15421,IO_TCu,0.000000000000e+00
2122,15421,AO_TCu,0.000000000000e+00
2122,15421,PO_TCu,1.259958435372e-01
2122,15421,SED_TCu,1.259958435372e-01
2122,15421,SEDWSSD_TCu,4.449826425083e-02
2122,15421,SEDSCRS_TCu,8.149757928634e-02
2122,15421,SO_TPb,1.259958435372e-02
2122,15421,IO_TPb,0.000000000000e+00
2122,15421,AO_TPb,0.000000000000e+00
2122,15421,PO_TPb,1.259958435372e-02
2122,15421,SED_TPb,1.259958435372e-02
2122,15421,SEDWSSD_TPb,4.449826425083e-03
2122,15421,SEDSCRS_TPb,8.149757928634e-03
2122,15421,SO_TZn,9.071700734676e-01
2122,15421,IO_TZn,0.000000000000e+00
2122,15421,AO_TZn,1.286886509745e+00
2122,15421,PO_TZn,2.194056583213e+00
2122,15421,SED_TZn,9.071700734676e-01
2122,15421,SEDWSSD_TZn,3.203875026060e-01
2122,15421,SEDSCRS_TZn,5.867825708617e-01
2122,15422,AREA,0.000000000000e+00
2122,15422,PREC,0.000000000000e+00
2122,15422,SURO,0.000000000000e+00
2122,15422,IFWO,0.000000000000e+00
2122,15422,AGWO,0.000000000000e+00
2122,15422,PERO,0.000000000000e+00
2122,15422,TAET,0.000000000000e+00
2122,15422,SEDLOAD,0.000000000000e+00
2122,15422,SEDWSSD, 0.00000e+00
2122,15422,SEDSCRS, 0.00000e+00
2122,15422,SEDSURO, 0.00000e+00
2122,15422,SEDIFWO, 0.00000e+00
2122,15422,SEDAGWO, 0.00000e+00
2122,15422,SO_TN,0.000000000000e+00
2122,15422,IO_TN,0.000000000000e+00
2122,15422,AO_TN,0.000000000000e+00
2122,15422,PO_TN,0.000000000000e+00
2122,15422,SO_TP,0.000000000000e+00
2122,15422,IO_TP,0.000000000000e+00
2122,15422,AO_TP,0.000000000000e+00
2122,15422,PO_TP,0.000000000000e+00
2122,15422,SED_TP,0.000000000000e+00
2122,15422,SEDWSSD_TP,0.000000000000e+00
2122,15422,SEDSCRS_TP,0.000000000000e+00
2122,15422,SO_TCd,0.000000000000e+00
2122,15422,IO_TCd,0.000000000000e+00
2122,15422,AO_TCd,0.000000000000e+00
2122,15422,PO_TCd,0.000000000000e+00
2122,15422,SED_TCd,0.000000000000e+00
2122,15422,SEDWSSD_TCd,0.000000000000e+00
2122,15422,SEDSCRS_TCd,0.000000000000e+00
2122,15422,SO_TCu,0.000000000000e+00
2122,15422,IO_TCu,0.000000000000e+00
2122,15422,AO_TCu,0.000000000000e+00
2122,15422,PO_TCu,0.000000000000e+00
2122,15422,SED_TCu,0.000000000000e+00
2122,15422,SEDWSSD_TCu,0.000000000000e+00
2122,15422,SEDSCRS_TCu,0.000000000000e+00
2122,15422,SO_TPb,0.000000000000e+00
2122,15422,IO_TPb,0.000000000000e+00
2122,15422,AO_TPb,0.000000000000e+00
2122,15422,PO_TPb,0.000000000000e+00
2122,15422,SED_TPb,0.000000000000e+00
2122,15422,SEDWSSD_TPb,0.000000000000e+00
2122,15422,SEDSCRS_TPb,0.000000000000e+00
2122,15422,SO_TZn,0.000000000000e+00
2122,15422,IO_TZn,0.000000000000e+00
2122,15422,AO_TZn,0.000000000000e+00
2122,15422,PO_TZn,0.000000000000e+00
2122,15422,SED_TZn,0.000000000000e+00
2122,15422,SEDWSSD_TZn,0.000000000000e+00
2122,15422,SEDSCRS_TZn,0.000000000000e+00
2122,15431,AREA,1.238863800000e+01
2122,15431,PREC,1.370156850843e+02
2122,15431,SURO,5.572613543569e+00
2122,15431,IFWO,2.333166498703e+00
2122,15431,AGWO,7.232802631382e+00
2122,15431,PERO,1.513858267365e+01
2122,15431,TAET,1.221339897949e+02
2122,15431,SEDLOAD,8.304964940683e-02
2122,15431,SEDWSSD, 1.26411e-02
2122,15431,SEDSCRS, 6.93246e-02
2122,15431,SEDSURO, 0.00000e+00
2122,15431,SEDIFWO, 2.64363e-04
2122,15431,SEDAGWO, 8.19524e-04
2122,15431,SO_TN,2.047642716554e+00
2122,15431,IO_TN,5.287271304664e-01
2122,15431,AO_TN,8.195255209276e-01
2122,15431,PO_TN,3.395895367948e+00
2122,15431,SO_TP,1.639315234151e-01
2122,15431,IO_TP,1.057454260933e-01
2122,15431,AO_TP,3.278102083710e-01
2122,15431,PO_TP,5.974871578794e-01
2122,15431,SED_TP,1.639315234151e-01
2122,15431,SEDWSSD_TP,2.528223822582e-02
2122,15431,SEDSCRS_TP,1.386492851892e-01
2122,15431,SO_TCd,8.196576170753e-05
2122,15431,IO_TCd,0.000000000000e+00
2122,15431,AO_TCd,0.000000000000e+00
2122,15431,PO_TCd,8.196576170753e-05
2122,15431,SED_TCd,8.196576170753e-05
2122,15431,SEDWSSD_TCd,1.264111911291e-05
2122,15431,SEDSCRS_TCd,6.932464259462e-05
2122,15431,SO_TCu,8.196576170753e-03
2122,15431,IO_TCu,0.000000000000e+00
2122,15431,AO_TCu,0.000000000000e+00
2122,15431,PO_TCu,8.196576170753e-03
2122,15431,SED_TCu,8.196576170753e-03
2122,15431,SEDWSSD_TCu,1.264111911291e-03
2122,15431,SEDSCRS_TCu,6.932464259462e-03
2122,15431,SO_TPb,8.196576170753e-04
2122,15431,IO_TPb,0.000000000000e+00
2122,15431,AO_TPb,0.000000000000e+00
2122,15431,PO_TPb,8.196576170753e-04
2122,15431,SED_TPb,8.196576170753e-04
2122,15431,SEDWSSD_TPb,1.264111911291e-04
2122,15431,SEDSCRS_TPb,6.932464259462e-04
2122,15431,SO_TZn,5.901534842942e-02
2122,15431,IO_TZn,0.000000000000e+00
2122,15431,AO_TZn,8.195255209276e-02
2122,15431,PO_TZn,1.409679005222e-01
2122,15431,SED_TZn,5.901534842942e-02
2122,15431,SEDWSSD_TZn,9.101605761294e-03
2122,15431,SEDSCRS_TZn,4.991374266813e-02
2122,15432,AREA,0.000000000000e+00
2122,15432,PREC,0.000000000000e+00
2122,15432,SURO,0.000000000000e+00
2122,15432,IFWO,0.000000000000e+00
2122,15432,AGWO,0.000000000000e+00
2122,15432,PERO,0.000000000000e+00
2122,15432,TAET,0.000000000000e+00
2122,15432,SEDLOAD,0.000000000000e+00
2122,15432,SEDWSSD, 0.00000e+00
2122,15432,SEDSCRS, 0.00000e+00
2122,15432,SEDSURO, 0.00000e+00
2122,15432,SEDIFWO, 0.00000e+00
2122,15432,SEDAGWO, 0.00000e+00
2122,15432,SO_TN,0.000000000000e+00
2122,15432,IO_TN,0.000000000000e+00
2122,15432,AO_TN,0.000000000000e+00
2122,15432,PO_TN,0.000000000000e+00
2122,15432,SO_TP,0.000000000000e+00
2122,15432,IO_TP,0.000000000000e+00
2122,15432,AO_TP,0.000000000000e+00
2122,15432,PO_TP,0.000000000000e+00
2122,15432,SED_TP,0.000000000000e+00
2122,15432,SEDWSSD_TP,0.000000000000e+00
2122,15432,SEDSCRS_TP,0.000000000000e+00
2122,15432,SO_TCd,0.000000000000e+00
2122,15432,IO_TCd,0.000000000000e+00
2122,15432,AO_TCd,0.000000000000e+00
2122,15432,PO_TCd,0.000000000000e+00
2122,15432,SED_TCd,0.000000000000e+00
2122,15432,SEDWSSD_TCd,0.000000000000e+00
2122,15432,SEDSCRS_TCd,0.000000000000e+00
2122,15432,SO_TCu,0.000000000000e+00
2122,15432,IO_TCu,0.000000000000e+00
2122,15432,AO_TCu,0.000000000000e+00
2122,15432,PO_TCu,0.000000000000e+00
2122,15432,SED_TCu,0.000000000000e+00
2122,15432,SEDWSSD_TCu,0.000000000000e+00
2122,15432,SEDSCRS_TCu,0.000000000000e+00
2122,15432,SO_TPb,0.000000000000e+00
2122,15432,IO_TPb,0.000000000000e+00
2122,15432,AO_TPb,0.000000000000e+00
2122,15432,PO_TPb,0.000000000000e+00
2122,15432,SED_TPb,0.000000000000e+00
2122,15432,SEDWSSD_TPb,0.000000000000e+00
2122,15432,SEDSCRS_TPb,0.000000000000e+00
2122,15432,SO_TZn,0.000000000000e+00
2122,15432,IO_TZn,0.000000000000e+00
2122,15432,AO_TZn,0.000000000000e+00
2122,15432,PO_TZn,0.000000000000e+00
2122,15432,SED_TZn,0.000000000000e+00
2122,15432,SEDWSSD_TZn,0.000000000000e+00
2122,15432,SEDSCRS_TZn,0.000000000000e+00
2122,16000,AREA,6.523600000006e-02
2122,16000,PREC,7.214961993531e-01
2122,16000,SURO,7.214961993531e-01
2122,16000,IFWO,0.000000000000e+00
2122,16000,AGWO,0.000000000000e+00
2122,16000,PERO,7.214961993531e-01
2122,16000,TAET,0.000000000000e+00
2122,16000,SEDLOAD,0.000000000000e+00
2122,16000,SEDWSSD, 0.00000e+00
2122,16000,SEDSCRS, 0.00000e+00
2122,16000,SEDSURO, 0.00000e+00
2122,16000,SEDIFWO, 0.00000e+00
2122,16000,SEDAGWO, 0.00000e+00
2122,16000,SO_TN,0.000000000000e+00
2122,16000,IO_TN,0.000000000000e+00
2122,16000,AO_TN,0.000000000000e+00
2122,16000,PO_TN,0.000000000000e+00
2122,16000,SO_TP,0.000000000000e+00
2122,16000,IO_TP,0.000000000000e+00
2122,16000,AO_TP,0.000000000000e+00
2122,16000,PO_TP,0.000000000000e+00
2122,16000,SED_TP,0.000000000000e+00
2122,16000,SEDWSSD_TP,0.000000000000e+00
2122,16000,SEDSCRS_TP,0.000000000000e+00
2122,16000,SO_TCd,0.000000000000e+00
2122,16000,IO_TCd,0.000000000000e+00
2122,16000,AO_TCd,0.000000000000e+00
2122,16000,PO_TCd,0.000000000000e+00
2122,16000,SED_TCd,0.000000000000e+00
2122,16000,SEDWSSD_TCd,0.000000000000e+00
2122,16000,SEDSCRS_TCd,0.000000000000e+00
2122,16000,SO_TCu,0.000000000000e+00
2122,16000,IO_TCu,0.000000000000e+00
2122,16000,AO_TCu,0.000000000000e+00
2122,16000,PO_TCu,0.000000000000e+00
2122,16000,SED_TCu,0.000000000000e+00
2122,16000,SEDWSSD_TCu,0.000000000000e+00
2122,16000,SEDSCRS_TCu,0.000000000000e+00
2122,16000,SO_TPb,0.000000000000e+00
2122,16000,IO_TPb,0.000000000000e+00
2122,16000,AO_TPb,0.000000000000e+00
2122,16000,PO_TPb,0.000000000000e+00
2122,16000,SED_TPb,0.000000000000e+00
2122,16000,SEDWSSD_TPb,0.000000000000e+00
2122,16000,SEDSCRS_TPb,0.000000000000e+00
2122,16000,SO_TZn,0.000000000000e+00
2122,16000,IO_TZn,0.000000000000e+00
2122,16000,AO_TZn,0.000000000000e+00
2122,16000,PO_TZn,0.000000000000e+00
2122,16000,SED_TZn,0.000000000000e+00
2122,16000,SEDWSSD_TZn,0.000000000000e+00
2122,16000,SEDSCRS_TZn,0.000000000000e+00
