subbasin,deluid,parmname,value1
1067,1000,AREA,0.000000000000e+00
1067,1000,PREC,0.000000000000e+00
1067,1000,SURO,0.000000000000e+00
1067,1000,IFWO,0.000000000000e+00
1067,1000,AGWO,0.000000000000e+00
1067,1000,PERO,0.000000000000e+00
1067,1000,TAET,0.000000000000e+00
1067,1000,SEDLOAD,0.000000000000e+00
1067,1000,SEDWSSD, 0.00000e+00
1067,1000,SEDSCRS, 0.00000e+00
1067,1000,SEDSURO, 0.00000e+00
1067,1000,SEDIFWO, 0.00000e+00
1067,1000,SEDAGWO, 0.00000e+00
1067,1000,SO_TN,0.000000000000e+00
1067,1000,IO_TN,0.000000000000e+00
1067,1000,AO_TN,0.000000000000e+00
1067,1000,PO_TN,0.000000000000e+00
1067,1000,SO_TP,0.000000000000e+00
1067,1000,IO_TP,0.000000000000e+00
1067,1000,AO_TP,0.000000000000e+00
1067,1000,PO_TP,0.000000000000e+00
1067,1000,SED_TP,0.000000000000e+00
1067,1000,SEDWSSD_TP,0.000000000000e+00
1067,1000,SEDSCRS_TP,0.000000000000e+00
1067,1000,SO_TCd,0.000000000000e+00
1067,1000,IO_TCd,0.000000000000e+00
1067,1000,AO_TCd,0.000000000000e+00
1067,1000,PO_TCd,0.000000000000e+00
1067,1000,SED_TCd,0.000000000000e+00
1067,1000,SEDWSSD_TCd,0.000000000000e+00
1067,1000,SEDSCRS_TCd,0.000000000000e+00
1067,1000,SO_TCu,0.000000000000e+00
1067,1000,IO_TCu,0.000000000000e+00
1067,1000,AO_TCu,0.000000000000e+00
1067,1000,PO_TCu,0.000000000000e+00
1067,1000,SED_TCu,0.000000000000e+00
1067,1000,SEDWSSD_TCu,0.000000000000e+00
1067,1000,SEDSCRS_TCu,0.000000000000e+00
1067,1000,SO_TPb,0.000000000000e+00
1067,1000,IO_TPb,0.000000000000e+00
1067,1000,AO_TPb,0.000000000000e+00
1067,1000,PO_TPb,0.000000000000e+00
1067,1000,SED_TPb,0.000000000000e+00
1067,1000,SEDWSSD_TPb,0.000000000000e+00
1067,1000,SEDSCRS_TPb,0.000000000000e+00
1067,1000,SO_TZn,0.000000000000e+00
1067,1000,IO_TZn,0.000000000000e+00
1067,1000,AO_TZn,0.000000000000e+00
1067,1000,PO_TZn,0.000000000000e+00
1067,1000,SED_TZn,0.000000000000e+00
1067,1000,SEDWSSD_TZn,0.000000000000e+00
1067,1000,SEDSCRS_TZn,0.000000000000e+00
1067,2000,AREA,4.657075699989e+01
1067,2000,PREC,4.222318528584e+02
1067,2000,SURO,3.849900594633e+02
1067,2000,IFWO,0.000000000000e+00
1067,2000,AGWO,0.000000000000e+00
1067,2000,PERO,3.849900594633e+02
1067,2000,TAET,3.724179339509e+01
1067,2000,SEDLOAD,1.015308789232e+01
1067,2000,SEDWSSD, 1.01531e+01
1067,2000,SEDSCRS, 0.00000e+00
1067,2000,SEDSURO, 0.00000e+00
1067,2000,SEDIFWO, 0.00000e+00
1067,2000,SEDAGWO, 0.00000e+00
1067,2000,SO_TN,1.487699740073e+01
1067,2000,IO_TN,0.000000000000e+00
1067,2000,AO_TN,0.000000000000e+00
1067,2000,PO_TN,1.487699740073e+01
1067,2000,SO_TP,4.530815471947e+01
1067,2000,IO_TP,0.000000000000e+00
1067,2000,AO_TP,0.000000000000e+00
1067,2000,PO_TP,4.530815471947e+01
1067,2000,SED_TP,4.530815471947e+01
1067,2000,SEDWSSD_TP,4.530815471947e+01
1067,2000,SEDSCRS_TP,0.000000000000e+00
1067,2000,SO_TCd,1.522963183848e-01
1067,2000,IO_TCd,0.000000000000e+00
1067,2000,AO_TCd,0.000000000000e+00
1067,2000,PO_TCd,1.522963183848e-01
1067,2000,SED_TCd,1.522963183848e-01
1067,2000,SEDWSSD_TCd,1.522963183848e-01
1067,2000,SEDSCRS_TCd,0.000000000000e+00
1067,2000,SO_TCu,1.522963183848e+01
1067,2000,IO_TCu,0.000000000000e+00
1067,2000,AO_TCu,0.000000000000e+00
1067,2000,PO_TCu,1.522963183848e+01
1067,2000,SED_TCu,1.522963183848e+01
1067,2000,SEDWSSD_TCu,1.522963183848e+01
1067,2000,SEDSCRS_TCu,0.000000000000e+00
1067,2000,SO_TPb,7.651798578088e+00
1067,2000,IO_TPb,0.000000000000e+00
1067,2000,AO_TPb,0.000000000000e+00
1067,2000,PO_TPb,7.651798578088e+00
1067,2000,SED_TPb,3.289600477111e+00
1067,2000,SEDWSSD_TPb,3.289600477111e+00
1067,2000,SEDSCRS_TPb,0.000000000000e+00
1067,2000,SO_TZn,7.017814351170e+01
1067,2000,IO_TZn,0.000000000000e+00
1067,2000,AO_TZn,0.000000000000e+00
1067,2000,PO_TZn,7.017814351170e+01
1067,2000,SED_TZn,7.017814351170e+01
1067,2000,SEDWSSD_TZn,7.017814351170e+01
1067,2000,SEDSCRS_TZn,0.000000000000e+00
1067,3000,AREA,8.411408500001e+01
1067,3000,PREC,7.626168919916e+02
1067,3000,SURO,6.953523771548e+02
1067,3000,IFWO,0.000000000000e+00
1067,3000,AGWO,0.000000000000e+00
1067,3000,PERO,6.953523771548e+02
1067,3000,TAET,6.726451483679e+01
1067,3000,SEDLOAD,1.384666121835e+01
1067,3000,SEDWSSD, 1.38467e+01
1067,3000,SEDSCRS, 0.00000e+00
1067,3000,SEDSURO, 0.00000e+00
1067,3000,SEDIFWO, 0.00000e+00
1067,3000,SEDAGWO, 0.00000e+00
1067,3000,SO_TN,2.687018862131e+01
1067,3000,IO_TN,0.000000000000e+00
1067,3000,AO_TN,0.000000000000e+00
1067,3000,PO_TN,2.687018862131e+01
1067,3000,SO_TP,6.179072568688e+01
1067,3000,IO_TP,0.000000000000e+00
1067,3000,AO_TP,0.000000000000e+00
1067,3000,PO_TP,6.179072568688e+01
1067,3000,SED_TP,6.179072568688e+01
1067,3000,SEDWSSD_TP,6.179072568688e+01
1067,3000,SEDSCRS_TP,0.000000000000e+00
1067,3000,SO_TCd,1.661599346202e-01
1067,3000,IO_TCd,0.000000000000e+00
1067,3000,AO_TCd,0.000000000000e+00
1067,3000,PO_TCd,1.661599346202e-01
1067,3000,SED_TCd,1.661599346202e-01
1067,3000,SEDWSSD_TCd,1.661599346202e-01
1067,3000,SEDSCRS_TCd,0.000000000000e+00
1067,3000,SO_TCu,1.661599346202e+01
1067,3000,IO_TCu,0.000000000000e+00
1067,3000,AO_TCu,0.000000000000e+00
1067,3000,PO_TCu,1.661599346202e+01
1067,3000,SED_TCu,1.661599346202e+01
1067,3000,SEDWSSD_TCu,1.661599346202e+01
1067,3000,SEDSCRS_TCu,0.000000000000e+00
1067,3000,SO_TPb,9.374252759032e+00
1067,3000,IO_TPb,0.000000000000e+00
1067,3000,AO_TPb,0.000000000000e+00
1067,3000,PO_TPb,9.374252759032e+00
1067,3000,SED_TPb,1.495439411582e+00
1067,3000,SEDWSSD_TPb,1.495439411582e+00
1067,3000,SEDSCRS_TPb,0.000000000000e+00
1067,3000,SO_TZn,7.178109175592e+01
1067,3000,IO_TZn,0.000000000000e+00
1067,3000,AO_TZn,0.000000000000e+00
1067,3000,PO_TZn,7.178109175592e+01
1067,3000,SED_TZn,7.178109175592e+01
1067,3000,SEDWSSD_TZn,7.178109175592e+01
1067,3000,SEDSCRS_TZn,0.000000000000e+00
1067,4000,AREA,2.403237099997e+01
1067,4000,PREC,2.178885032062e+02
1067,4000,SURO,1.986702500956e+02
1067,4000,IFWO,0.000000000000e+00
1067,4000,AGWO,0.000000000000e+00
1067,4000,PERO,1.986702500956e+02
1067,4000,TAET,1.921825311056e+01
1067,4000,SEDLOAD,5.239404903464e+00
1067,4000,SEDWSSD, 5.23940e+00
1067,4000,SEDSCRS, 0.00000e+00
1067,4000,SEDSURO, 0.00000e+00
1067,4000,SEDIFWO, 0.00000e+00
1067,4000,SEDAGWO, 0.00000e+00
1067,4000,SO_TN,1.582028166061e+02
1067,4000,IO_TN,0.000000000000e+00
1067,4000,AO_TN,0.000000000000e+00
1067,4000,PO_TN,1.582028166061e+02
1067,4000,SO_TP,3.850962604046e+01
1067,4000,IO_TP,0.000000000000e+00
1067,4000,AO_TP,0.000000000000e+00
1067,4000,PO_TP,3.850962604046e+01
1067,4000,SED_TP,3.850962604046e+01
1067,4000,SEDWSSD_TP,3.850962604046e+01
1067,4000,SEDSCRS_TP,0.000000000000e+00
1067,4000,SO_TCd,7.859107355196e-02
1067,4000,IO_TCd,0.000000000000e+00
1067,4000,AO_TCd,0.000000000000e+00
1067,4000,PO_TCd,7.859107355196e-02
1067,4000,SED_TCd,7.859107355196e-02
1067,4000,SEDWSSD_TCd,7.859107355196e-02
1067,4000,SEDSCRS_TCd,0.000000000000e+00
1067,4000,SO_TCu,7.859107355196e+00
1067,4000,IO_TCu,0.000000000000e+00
1067,4000,AO_TCu,0.000000000000e+00
1067,4000,PO_TCu,7.859107355196e+00
1067,4000,SED_TCu,7.859107355196e+00
1067,4000,SEDWSSD_TCu,7.859107355196e+00
1067,4000,SEDSCRS_TCu,0.000000000000e+00
1067,4000,SO_TPb,4.514491397561e+00
1067,4000,IO_TPb,0.000000000000e+00
1067,4000,AO_TPb,0.000000000000e+00
1067,4000,PO_TPb,4.514491397561e+00
1067,4000,SED_TPb,2.263422918296e+00
1067,4000,SEDWSSD_TPb,2.263422918296e+00
1067,4000,SEDSCRS_TPb,0.000000000000e+00
1067,4000,SO_TZn,2.357732206559e+01
1067,4000,IO_TZn,0.000000000000e+00
1067,4000,AO_TZn,0.000000000000e+00
1067,4000,PO_TZn,2.357732206559e+01
1067,4000,SED_TZn,2.357732206559e+01
1067,4000,SEDWSSD_TZn,2.357732206559e+01
1067,4000,SEDSCRS_TZn,0.000000000000e+00
1067,5000,AREA,2.664528540000e+02
1067,5000,PREC,2.415783841431e+03
1067,5000,SURO,2.202706305711e+03
1067,5000,IFWO,0.000000000000e+00
1067,5000,AGWO,0.000000000000e+00
1067,5000,PERO,2.202706305711e+03
1067,5000,TAET,2.130775357205e+02
1067,5000,SEDLOAD,3.499745503506e+01
1067,5000,SEDWSSD, 3.49975e+01
1067,5000,SEDSCRS, 0.00000e+00
1067,5000,SEDSURO, 0.00000e+00
1067,5000,SEDIFWO, 0.00000e+00
1067,5000,SEDAGWO, 0.00000e+00
1067,5000,SO_TN,1.972265169652e+03
1067,5000,IO_TN,0.000000000000e+00
1067,5000,AO_TN,0.000000000000e+00
1067,5000,PO_TN,1.972265169652e+03
1067,5000,SO_TP,2.388576306143e+02
1067,5000,IO_TP,0.000000000000e+00
1067,5000,AO_TP,0.000000000000e+00
1067,5000,PO_TP,2.388576306143e+02
1067,5000,SED_TP,2.388576306143e+02
1067,5000,SEDWSSD_TP,2.388576306143e+02
1067,5000,SEDSCRS_TP,0.000000000000e+00
1067,5000,SO_TCd,2.624809127630e-01
1067,5000,IO_TCd,0.000000000000e+00
1067,5000,AO_TCd,0.000000000000e+00
1067,5000,PO_TCd,2.624809127630e-01
1067,5000,SED_TCd,2.624809127630e-01
1067,5000,SEDWSSD_TCd,2.624809127630e-01
1067,5000,SEDSCRS_TCd,0.000000000000e+00
1067,5000,SO_TCu,2.624809127630e+01
1067,5000,IO_TCu,0.000000000000e+00
1067,5000,AO_TCu,0.000000000000e+00
1067,5000,PO_TCu,2.624809127630e+01
1067,5000,SED_TCu,2.624809127630e+01
1067,5000,SEDWSSD_TCu,2.624809127630e+01
1067,5000,SEDSCRS_TCu,0.000000000000e+00
1067,5000,SO_TPb,3.818719218827e+01
1067,5000,IO_TPb,0.000000000000e+00
1067,5000,AO_TPb,0.000000000000e+00
1067,5000,PO_TPb,3.818719218827e+01
1067,5000,SED_TPb,1.322903800325e+01
1067,5000,SEDWSSD_TPb,1.322903800325e+01
1067,5000,SEDSCRS_TPb,0.000000000000e+00
1067,5000,SO_TZn,9.449312859467e+01
1067,5000,IO_TZn,0.000000000000e+00
1067,5000,AO_TZn,0.000000000000e+00
1067,5000,PO_TZn,9.449312859467e+01
1067,5000,SED_TZn,9.449312859467e+01
1067,5000,SEDWSSD_TZn,9.449312859467e+01
1067,5000,SEDSCRS_TZn,0.000000000000e+00
1067,6000,AREA,3.026455600001e+01
1067,6000,PREC,2.743923521753e+02
1067,6000,SURO,2.501903332615e+02
1067,6000,IFWO,0.000000000000e+00
1067,6000,AGWO,0.000000000000e+00
1067,6000,PERO,2.501903332615e+02
1067,6000,TAET,2.420201891385e+01
1067,6000,SEDLOAD,6.598163865714e+00
1067,6000,SEDWSSD, 6.59816e+00
1067,6000,SEDSCRS, 0.00000e+00
1067,6000,SEDSURO, 0.00000e+00
1067,6000,SEDIFWO, 0.00000e+00
1067,6000,SEDAGWO, 0.00000e+00
1067,6000,SO_TN,1.699542166238e+02
1067,6000,IO_TN,0.000000000000e+00
1067,6000,AO_TN,0.000000000000e+00
1067,6000,PO_TN,1.699542166238e+02
1067,6000,SO_TP,5.196054044250e+01
1067,6000,IO_TP,0.000000000000e+00
1067,6000,AO_TP,0.000000000000e+00
1067,6000,PO_TP,5.196054044250e+01
1067,6000,SED_TP,5.196054044250e+01
1067,6000,SEDWSSD_TP,5.196054044250e+01
1067,6000,SEDSCRS_TP,0.000000000000e+00
1067,6000,SO_TCd,1.319632773143e-01
1067,6000,IO_TCd,0.000000000000e+00
1067,6000,AO_TCd,0.000000000000e+00
1067,6000,PO_TCd,1.319632773143e-01
1067,6000,SED_TCd,1.319632773143e-01
1067,6000,SEDWSSD_TCd,1.319632773143e-01
1067,6000,SEDSCRS_TCd,0.000000000000e+00
1067,6000,SO_TCu,1.319632773143e+01
1067,6000,IO_TCu,0.000000000000e+00
1067,6000,AO_TCu,0.000000000000e+00
1067,6000,PO_TCu,1.319632773143e+01
1067,6000,SED_TCu,1.319632773143e+01
1067,6000,SEDWSSD_TCu,1.319632773143e+01
1067,6000,SEDSCRS_TCu,0.000000000000e+00
1067,6000,SO_TPb,6.255314060525e+00
1067,6000,IO_TPb,0.000000000000e+00
1067,6000,AO_TPb,0.000000000000e+00
1067,6000,PO_TPb,6.255314060525e+00
1067,6000,SED_TPb,3.420488147986e+00
1067,6000,SEDWSSD_TPb,3.420488147986e+00
1067,6000,SEDSCRS_TPb,0.000000000000e+00
1067,6000,SO_TZn,3.800542386651e+01
1067,6000,IO_TZn,0.000000000000e+00
1067,6000,AO_TZn,0.000000000000e+00
1067,6000,PO_TZn,3.800542386651e+01
1067,6000,SED_TZn,3.800542386651e+01
1067,6000,SEDWSSD_TZn,3.800542386651e+01
1067,6000,SEDSCRS_TZn,0.000000000000e+00
1067,7000,AREA,2.712994000001e+00
1067,7000,PREC,2.459724851399e+01
1067,7000,SURO,2.242771620361e+01
1067,7000,IFWO,0.000000000000e+00
1067,7000,AGWO,0.000000000000e+00
1067,7000,PERO,2.242771620361e+01
1067,7000,TAET,2.169532310375e+00
1067,7000,SEDLOAD,7.006481399862e-01
1067,7000,SEDWSSD, 7.00648e-01
1067,7000,SEDSCRS, 0.00000e+00
1067,7000,SEDSURO, 0.00000e+00
1067,7000,SEDIFWO, 0.00000e+00
1067,7000,SEDAGWO, 0.00000e+00
1067,7000,SO_TN,1.301704745787e+01
1067,7000,IO_TN,0.000000000000e+00
1067,7000,AO_TN,0.000000000000e+00
1067,7000,PO_TN,1.301704745787e+01
1067,7000,SO_TP,5.149763828898e+00
1067,7000,IO_TP,0.000000000000e+00
1067,7000,AO_TP,0.000000000000e+00
1067,7000,PO_TP,5.149763828898e+00
1067,7000,SED_TP,5.149763828898e+00
1067,7000,SEDWSSD_TP,5.149763828898e+00
1067,7000,SEDSCRS_TP,0.000000000000e+00
1067,7000,SO_TCd,1.751620349965e-02
1067,7000,IO_TCd,0.000000000000e+00
1067,7000,AO_TCd,0.000000000000e+00
1067,7000,PO_TCd,1.751620349965e-02
1067,7000,SED_TCd,1.751620349965e-02
1067,7000,SEDWSSD_TCd,1.751620349965e-02
1067,7000,SEDSCRS_TCd,0.000000000000e+00
1067,7000,SO_TCu,1.751620349965e+00
1067,7000,IO_TCu,0.000000000000e+00
1067,7000,AO_TCu,0.000000000000e+00
1067,7000,PO_TCu,1.751620349965e+00
1067,7000,SED_TCu,1.751620349965e+00
1067,7000,SEDWSSD_TCu,1.751620349965e+00
1067,7000,SEDSCRS_TCu,0.000000000000e+00
1067,7000,SO_TPb,7.384092076933e-01
1067,7000,IO_TPb,0.000000000000e+00
1067,7000,AO_TPb,0.000000000000e+00
1067,7000,PO_TPb,7.384092076933e-01
1067,7000,SED_TPb,4.842879943585e-01
1067,7000,SEDWSSD_TPb,4.842879943585e-01
1067,7000,SEDSCRS_TPb,0.000000000000e+00
1067,7000,SO_TZn,8.071466572641e+00
1067,7000,IO_TZn,0.000000000000e+00
1067,7000,AO_TZn,0.000000000000e+00
1067,7000,PO_TZn,8.071466572641e+00
1067,7000,SED_TZn,8.071466572641e+00
1067,7000,SEDWSSD_TZn,8.071466572641e+00
1067,7000,SEDSCRS_TZn,0.000000000000e+00
1067,8000,AREA,2.458686399997e+01
1067,8000,PREC,2.229157911841e+02
1067,8000,SURO,2.032541200345e+02
1067,8000,IFWO,0.000000000000e+00
1067,8000,AGWO,0.000000000000e+00
1067,8000,PERO,2.032541200345e+02
1067,8000,TAET,1.966167114958e+01
1067,8000,SEDLOAD,4.729970484710e+00
1067,8000,SEDWSSD, 4.72997e+00
1067,8000,SEDSCRS, 0.00000e+00
1067,8000,SEDSURO, 0.00000e+00
1067,8000,SEDIFWO, 0.00000e+00
1067,8000,SEDAGWO, 0.00000e+00
1067,8000,SO_TN,7.187655141273e+01
1067,8000,IO_TN,0.000000000000e+00
1067,8000,AO_TN,0.000000000000e+00
1067,8000,PO_TN,7.187655141273e+01
1067,8000,SO_TP,4.966469008946e+00
1067,8000,IO_TP,0.000000000000e+00
1067,8000,AO_TP,0.000000000000e+00
1067,8000,PO_TP,4.966469008946e+00
1067,8000,SED_TP,4.966469008946e+00
1067,8000,SEDWSSD_TP,4.966469008946e+00
1067,8000,SEDSCRS_TP,0.000000000000e+00
1067,8000,SO_TCd,5.321216795299e-02
1067,8000,IO_TCd,0.000000000000e+00
1067,8000,AO_TCd,0.000000000000e+00
1067,8000,PO_TCd,5.321216795299e-02
1067,8000,SED_TCd,5.321216795299e-02
1067,8000,SEDWSSD_TCd,5.321216795299e-02
1067,8000,SEDSCRS_TCd,0.000000000000e+00
1067,8000,SO_TCu,5.321216795299e+00
1067,8000,IO_TCu,0.000000000000e+00
1067,8000,AO_TCu,0.000000000000e+00
1067,8000,PO_TCu,5.321216795299e+00
1067,8000,SED_TCu,5.321216795299e+00
1067,8000,SEDWSSD_TCu,5.321216795299e+00
1067,8000,SEDSCRS_TCu,0.000000000000e+00
1067,8000,SO_TPb,3.580098860883e+00
1067,8000,IO_TPb,0.000000000000e+00
1067,8000,AO_TPb,0.000000000000e+00
1067,8000,PO_TPb,3.580098860883e+00
1067,8000,SED_TPb,1.277092030872e+00
1067,8000,SEDWSSD_TPb,1.277092030872e+00
1067,8000,SEDSCRS_TPb,0.000000000000e+00
1067,8000,SO_TZn,2.043347249395e+01
1067,8000,IO_TZn,0.000000000000e+00
1067,8000,AO_TZn,0.000000000000e+00
1067,8000,PO_TZn,2.043347249395e+01
1067,8000,SED_TZn,2.043347249395e+01
1067,8000,SEDWSSD_TZn,2.043347249395e+01
1067,8000,SEDSCRS_TZn,0.000000000000e+00
1067,9000,AREA,1.961515209996e+02
1067,9000,PREC,1.778399697321e+03
1067,9000,SURO,1.680563969405e+03
1067,9000,IFWO,0.000000000000e+00
1067,9000,AGWO,0.000000000000e+00
1067,9000,PERO,1.680563969405e+03
1067,9000,TAET,9.783572791610e+01
1067,9000,SEDLOAD,4.731338390965e+00
1067,9000,SEDWSSD, 4.73134e+00
1067,9000,SEDSCRS, 0.00000e+00
1067,9000,SEDSURO, 0.00000e+00
1067,9000,SEDIFWO, 0.00000e+00
1067,9000,SEDAGWO, 0.00000e+00
1067,9000,SO_TN,5.890556487875e+02
1067,9000,IO_TN,0.000000000000e+00
1067,9000,AO_TN,0.000000000000e+00
1067,9000,PO_TN,5.890556487875e+02
1067,9000,SO_TP,4.967905310513e+00
1067,9000,IO_TP,0.000000000000e+00
1067,9000,AO_TP,0.000000000000e+00
1067,9000,PO_TP,4.967905310513e+00
1067,9000,SED_TP,4.967905310513e+00
1067,9000,SEDWSSD_TP,4.967905310513e+00
1067,9000,SEDSCRS_TP,0.000000000000e+00
1067,9000,SO_TCd,1.774251896612e-02
1067,9000,IO_TCd,0.000000000000e+00
1067,9000,AO_TCd,0.000000000000e+00
1067,9000,PO_TCd,1.774251896612e-02
1067,9000,SED_TCd,1.774251896612e-02
1067,9000,SEDWSSD_TCd,1.774251896612e-02
1067,9000,SEDSCRS_TCd,0.000000000000e+00
1067,9000,SO_TCu,1.774251896612e+00
1067,9000,IO_TCu,0.000000000000e+00
1067,9000,AO_TCu,0.000000000000e+00
1067,9000,PO_TCu,1.774251896612e+00
1067,9000,SED_TCu,1.774251896612e+00
1067,9000,SEDWSSD_TCu,1.774251896612e+00
1067,9000,SEDSCRS_TCu,0.000000000000e+00
1067,9000,SO_TPb,4.258204551868e-01
1067,9000,IO_TPb,0.000000000000e+00
1067,9000,AO_TPb,0.000000000000e+00
1067,9000,PO_TPb,4.258204551868e-01
1067,9000,SED_TPb,4.258204551868e-01
1067,9000,SEDWSSD_TPb,4.258204551868e-01
1067,9000,SEDSCRS_TPb,0.000000000000e+00
1067,9000,SO_TZn,2.554922731121e+01
1067,9000,IO_TZn,0.000000000000e+00
1067,9000,AO_TZn,0.000000000000e+00
1067,9000,PO_TZn,2.554922731121e+01
1067,9000,SED_TZn,2.554922731121e+01
1067,9000,SEDWSSD_TZn,2.554922731121e+01
1067,9000,SEDSCRS_TZn,0.000000000000e+00
1067,10000,AREA,1.651472499998e+01
1067,10000,PREC,1.497300749523e+02
1067,10000,SURO,4.604685414672e+02
1067,10000,IFWO,0.000000000000e+00
1067,10000,AGWO,0.000000000000e+00
1067,10000,PERO,4.604685414672e+02
1067,10000,TAET,1.720352916767e+02
1067,10000,SEDLOAD,7.826120613941e+00
1067,10000,SEDWSSD, 0.00000e+00
1067,10000,SEDSCRS, 0.00000e+00
1067,10000,SEDSURO, 7.82612e+00
1067,10000,SEDIFWO, 0.00000e+00
1067,10000,SEDAGWO, 0.00000e+00
1067,10000,SO_TN,4.173936334768e+02
1067,10000,IO_TN,0.000000000000e+00
1067,10000,AO_TN,0.000000000000e+00
1067,10000,PO_TN,4.173936334768e+02
1067,10000,SO_TP,4.173936334768e+01
1067,10000,IO_TP,0.000000000000e+00
1067,10000,AO_TP,0.000000000000e+00
1067,10000,PO_TP,4.173936334768e+01
1067,10000,SED_TP,0.000000000000e+00
1067,10000,SEDWSSD_TP,0.000000000000e+00
1067,10000,SEDSCRS_TP,0.000000000000e+00
1067,10000,SO_TCd,1.043484083692e-02
1067,10000,IO_TCd,0.000000000000e+00
1067,10000,AO_TCd,0.000000000000e+00
1067,10000,PO_TCd,1.043484083692e-02
1067,10000,SED_TCd,0.000000000000e+00
1067,10000,SEDWSSD_TCd,0.000000000000e+00
1067,10000,SEDSCRS_TCd,0.000000000000e+00
1067,10000,SO_TCu,2.608710209230e+00
1067,10000,IO_TCu,0.000000000000e+00
1067,10000,AO_TCu,0.000000000000e+00
1067,10000,PO_TCu,2.608710209230e+00
1067,10000,SED_TCu,0.000000000000e+00
1067,10000,SEDWSSD_TCu,0.000000000000e+00
1067,10000,SEDSCRS_TCu,0.000000000000e+00
1067,10000,SO_TPb,4.173936334769e-01
1067,10000,IO_TPb,0.000000000000e+00
1067,10000,AO_TPb,0.000000000000e+00
1067,10000,PO_TPb,4.173936334769e-01
1067,10000,SED_TPb,0.000000000000e+00
1067,10000,SEDWSSD_TPb,0.000000000000e+00
1067,10000,SEDSCRS_TPb,0.000000000000e+00
1067,10000,SO_TZn,8.347872669537e+00
1067,10000,IO_TZn,0.000000000000e+00
1067,10000,AO_TZn,0.000000000000e+00
1067,10000,PO_TZn,8.347872669537e+00
1067,10000,SED_TZn,0.000000000000e+00
1067,10000,SEDWSSD_TZn,0.000000000000e+00
1067,10000,SEDSCRS_TZn,0.000000000000e+00
1067,11111,AREA,0.000000000000e+00
1067,11111,PREC,0.000000000000e+00
1067,11111,SURO,0.000000000000e+00
1067,11111,IFWO,0.000000000000e+00
1067,11111,AGWO,0.000000000000e+00
1067,11111,PERO,0.000000000000e+00
1067,11111,TAET,0.000000000000e+00
1067,11111,SEDLOAD,0.000000000000e+00
1067,11111,SEDWSSD, 0.00000e+00
1067,11111,SEDSCRS, 0.00000e+00
1067,11111,SEDSURO, 0.00000e+00
1067,11111,SEDIFWO, 0.00000e+00
1067,11111,SEDAGWO, 0.00000e+00
1067,11111,SO_TN,0.000000000000e+00
1067,11111,IO_TN,0.000000000000e+00
1067,11111,AO_TN,0.000000000000e+00
1067,11111,PO_TN,0.000000000000e+00
1067,11111,SO_TP,0.000000000000e+00
1067,11111,IO_TP,0.000000000000e+00
1067,11111,AO_TP,0.000000000000e+00
1067,11111,PO_TP,0.000000000000e+00
1067,11111,SED_TP,0.000000000000e+00
1067,11111,SEDWSSD_TP,0.000000000000e+00
1067,11111,SEDSCRS_TP,0.000000000000e+00
1067,11111,SO_TCd,0.000000000000e+00
1067,11111,IO_TCd,0.000000000000e+00
1067,11111,AO_TCd,0.000000000000e+00
1067,11111,PO_TCd,0.000000000000e+00
1067,11111,SED_TCd,0.000000000000e+00
1067,11111,SEDWSSD_TCd,0.000000000000e+00
1067,11111,SEDSCRS_TCd,0.000000000000e+00
1067,11111,SO_TCu,0.000000000000e+00
1067,11111,IO_TCu,0.000000000000e+00
1067,11111,AO_TCu,0.000000000000e+00
1067,11111,PO_TCu,0.000000000000e+00
1067,11111,SED_TCu,0.000000000000e+00
1067,11111,SEDWSSD_TCu,0.000000000000e+00
1067,11111,SEDSCRS_TCu,0.000000000000e+00
1067,11111,SO_TPb,0.000000000000e+00
1067,11111,IO_TPb,0.000000000000e+00
1067,11111,AO_TPb,0.000000000000e+00
1067,11111,PO_TPb,0.000000000000e+00
1067,11111,SED_TPb,0.000000000000e+00
1067,11111,SEDWSSD_TPb,0.000000000000e+00
1067,11111,SEDSCRS_TPb,0.000000000000e+00
1067,11111,SO_TZn,0.000000000000e+00
1067,11111,IO_TZn,0.000000000000e+00
1067,11111,AO_TZn,0.000000000000e+00
1067,11111,PO_TZn,0.000000000000e+00
1067,11111,SED_TZn,0.000000000000e+00
1067,11111,SEDWSSD_TZn,0.000000000000e+00
1067,11111,SEDSCRS_TZn,0.000000000000e+00
1067,11112,AREA,0.000000000000e+00
1067,11112,PREC,0.000000000000e+00
1067,11112,SURO,0.000000000000e+00
1067,11112,IFWO,0.000000000000e+00
1067,11112,AGWO,0.000000000000e+00
1067,11112,PERO,0.000000000000e+00
1067,11112,TAET,0.000000000000e+00
1067,11112,SEDLOAD,0.000000000000e+00
1067,11112,SEDWSSD, 0.00000e+00
1067,11112,SEDSCRS, 0.00000e+00
1067,11112,SEDSURO, 0.00000e+00
1067,11112,SEDIFWO, 0.00000e+00
1067,11112,SEDAGWO, 0.00000e+00
1067,11112,SO_TN,0.000000000000e+00
1067,11112,IO_TN,0.000000000000e+00
1067,11112,AO_TN,0.000000000000e+00
1067,11112,PO_TN,0.000000000000e+00
1067,11112,SO_TP,0.000000000000e+00
1067,11112,IO_TP,0.000000000000e+00
1067,11112,AO_TP,0.000000000000e+00
1067,11112,PO_TP,0.000000000000e+00
1067,11112,SED_TP,0.000000000000e+00
1067,11112,SEDWSSD_TP,0.000000000000e+00
1067,11112,SEDSCRS_TP,0.000000000000e+00
1067,11112,SO_TCd,0.000000000000e+00
1067,11112,IO_TCd,0.000000000000e+00
1067,11112,AO_TCd,0.000000000000e+00
1067,11112,PO_TCd,0.000000000000e+00
1067,11112,SED_TCd,0.000000000000e+00
1067,11112,SEDWSSD_TCd,0.000000000000e+00
1067,11112,SEDSCRS_TCd,0.000000000000e+00
1067,11112,SO_TCu,0.000000000000e+00
1067,11112,IO_TCu,0.000000000000e+00
1067,11112,AO_TCu,0.000000000000e+00
1067,11112,PO_TCu,0.000000000000e+00
1067,11112,SED_TCu,0.000000000000e+00
1067,11112,SEDWSSD_TCu,0.000000000000e+00
1067,11112,SEDSCRS_TCu,0.000000000000e+00
1067,11112,SO_TPb,0.000000000000e+00
1067,11112,IO_TPb,0.000000000000e+00
1067,11112,AO_TPb,0.000000000000e+00
1067,11112,PO_TPb,0.000000000000e+00
1067,11112,SED_TPb,0.000000000000e+00
1067,11112,SEDWSSD_TPb,0.000000000000e+00
1067,11112,SEDSCRS_TPb,0.000000000000e+00
1067,11112,SO_TZn,0.000000000000e+00
1067,11112,IO_TZn,0.000000000000e+00
1067,11112,AO_TZn,0.000000000000e+00
1067,11112,PO_TZn,0.000000000000e+00
1067,11112,SED_TZn,0.000000000000e+00
1067,11112,SEDWSSD_TZn,0.000000000000e+00
1067,11112,SEDSCRS_TZn,0.000000000000e+00
1067,11121,AREA,0.000000000000e+00
1067,11121,PREC,0.000000000000e+00
1067,11121,SURO,0.000000000000e+00
1067,11121,IFWO,0.000000000000e+00
1067,11121,AGWO,0.000000000000e+00
1067,11121,PERO,0.000000000000e+00
1067,11121,TAET,0.000000000000e+00
1067,11121,SEDLOAD,0.000000000000e+00
1067,11121,SEDWSSD, 0.00000e+00
1067,11121,SEDSCRS, 0.00000e+00
1067,11121,SEDSURO, 0.00000e+00
1067,11121,SEDIFWO, 0.00000e+00
1067,11121,SEDAGWO, 0.00000e+00
1067,11121,SO_TN,0.000000000000e+00
1067,11121,IO_TN,0.000000000000e+00
1067,11121,AO_TN,0.000000000000e+00
1067,11121,PO_TN,0.000000000000e+00
1067,11121,SO_TP,0.000000000000e+00
1067,11121,IO_TP,0.000000000000e+00
1067,11121,AO_TP,0.000000000000e+00
1067,11121,PO_TP,0.000000000000e+00
1067,11121,SED_TP,0.000000000000e+00
1067,11121,SEDWSSD_TP,0.000000000000e+00
1067,11121,SEDSCRS_TP,0.000000000000e+00
1067,11121,SO_TCd,0.000000000000e+00
1067,11121,IO_TCd,0.000000000000e+00
1067,11121,AO_TCd,0.000000000000e+00
1067,11121,PO_TCd,0.000000000000e+00
1067,11121,SED_TCd,0.000000000000e+00
1067,11121,SEDWSSD_TCd,0.000000000000e+00
1067,11121,SEDSCRS_TCd,0.000000000000e+00
1067,11121,SO_TCu,0.000000000000e+00
1067,11121,IO_TCu,0.000000000000e+00
1067,11121,AO_TCu,0.000000000000e+00
1067,11121,PO_TCu,0.000000000000e+00
1067,11121,SED_TCu,0.000000000000e+00
1067,11121,SEDWSSD_TCu,0.000000000000e+00
1067,11121,SEDSCRS_TCu,0.000000000000e+00
1067,11121,SO_TPb,0.000000000000e+00
1067,11121,IO_TPb,0.000000000000e+00
1067,11121,AO_TPb,0.000000000000e+00
1067,11121,PO_TPb,0.000000000000e+00
1067,11121,SED_TPb,0.000000000000e+00
1067,11121,SEDWSSD_TPb,0.000000000000e+00
1067,11121,SEDSCRS_TPb,0.000000000000e+00
1067,11121,SO_TZn,0.000000000000e+00
1067,11121,IO_TZn,0.000000000000e+00
1067,11121,AO_TZn,0.000000000000e+00
1067,11121,PO_TZn,0.000000000000e+00
1067,11121,SED_TZn,0.000000000000e+00
1067,11121,SEDWSSD_TZn,0.000000000000e+00
1067,11121,SEDSCRS_TZn,0.000000000000e+00
1067,11122,AREA,0.000000000000e+00
1067,11122,PREC,0.000000000000e+00
1067,11122,SURO,0.000000000000e+00
1067,11122,IFWO,0.000000000000e+00
1067,11122,AGWO,0.000000000000e+00
1067,11122,PERO,0.000000000000e+00
1067,11122,TAET,0.000000000000e+00
1067,11122,SEDLOAD,0.000000000000e+00
1067,11122,SEDWSSD, 0.00000e+00
1067,11122,SEDSCRS, 0.00000e+00
1067,11122,SEDSURO, 0.00000e+00
1067,11122,SEDIFWO, 0.00000e+00
1067,11122,SEDAGWO, 0.00000e+00
1067,11122,SO_TN,0.000000000000e+00
1067,11122,IO_TN,0.000000000000e+00
1067,11122,AO_TN,0.000000000000e+00
1067,11122,PO_TN,0.000000000000e+00
1067,11122,SO_TP,0.000000000000e+00
1067,11122,IO_TP,0.000000000000e+00
1067,11122,AO_TP,0.000000000000e+00
1067,11122,PO_TP,0.000000000000e+00
1067,11122,SED_TP,0.000000000000e+00
1067,11122,SEDWSSD_TP,0.000000000000e+00
1067,11122,SEDSCRS_TP,0.000000000000e+00
1067,11122,SO_TCd,0.000000000000e+00
1067,11122,IO_TCd,0.000000000000e+00
1067,11122,AO_TCd,0.000000000000e+00
1067,11122,PO_TCd,0.000000000000e+00
1067,11122,SED_TCd,0.000000000000e+00
1067,11122,SEDWSSD_TCd,0.000000000000e+00
1067,11122,SEDSCRS_TCd,0.000000000000e+00
1067,11122,SO_TCu,0.000000000000e+00
1067,11122,IO_TCu,0.000000000000e+00
1067,11122,AO_TCu,0.000000000000e+00
1067,11122,PO_TCu,0.000000000000e+00
1067,11122,SED_TCu,0.000000000000e+00
1067,11122,SEDWSSD_TCu,0.000000000000e+00
1067,11122,SEDSCRS_TCu,0.000000000000e+00
1067,11122,SO_TPb,0.000000000000e+00
1067,11122,IO_TPb,0.000000000000e+00
1067,11122,AO_TPb,0.000000000000e+00
1067,11122,PO_TPb,0.000000000000e+00
1067,11122,SED_TPb,0.000000000000e+00
1067,11122,SEDWSSD_TPb,0.000000000000e+00
1067,11122,SEDSCRS_TPb,0.000000000000e+00
1067,11122,SO_TZn,0.000000000000e+00
1067,11122,IO_TZn,0.000000000000e+00
1067,11122,AO_TZn,0.000000000000e+00
1067,11122,PO_TZn,0.000000000000e+00
1067,11122,SED_TZn,0.000000000000e+00
1067,11122,SEDWSSD_TZn,0.000000000000e+00
1067,11122,SEDSCRS_TZn,0.000000000000e+00
1067,11211,AREA,2.962093399996e+01
1067,11211,PREC,2.685569797849e+02
1067,11211,SURO,4.022999215273e+01
1067,11211,IFWO,3.100818949812e+01
1067,11211,AGWO,4.912891684273e+02
1067,11211,PERO,5.625273500781e+02
1067,11211,TAET,5.634651509703e+02
1067,11211,SEDLOAD,1.193566469980e+00
1067,11211,SEDWSSD, 1.13439e+00
1067,11211,SEDSCRS, 0.00000e+00
1067,11211,SEDSURO, 0.00000e+00
1067,11211,SEDIFWO, 3.51343e-03
1067,11211,SEDAGWO, 5.56663e-02
1067,11211,SO_TN,2.031146911947e+01
1067,11211,IO_TN,1.405375146902e+01
1067,11211,AO_TN,8.349958491910e+01
1067,11211,PO_TN,1.178648055076e+02
1067,11211,SO_TP,2.268773435778e+00
1067,11211,IO_TP,2.810750293803e+00
1067,11211,AO_TP,2.226655597843e+01
1067,11211,PO_TP,2.734607970801e+01
1067,11211,SED_TP,2.268773435778e+00
1067,11211,SEDWSSD_TP,2.268773435778e+00
1067,11211,SEDSCRS_TP,0.000000000000e+00
1067,11211,SO_TCd,5.671933589445e-03
1067,11211,IO_TCd,0.000000000000e+00
1067,11211,AO_TCd,0.000000000000e+00
1067,11211,PO_TCd,5.671933589445e-03
1067,11211,SED_TCd,5.671933589445e-03
1067,11211,SEDWSSD_TCd,5.671933589445e-03
1067,11211,SEDSCRS_TCd,0.000000000000e+00
1067,11211,SO_TCu,5.671933589444e-01
1067,11211,IO_TCu,0.000000000000e+00
1067,11211,AO_TCu,0.000000000000e+00
1067,11211,PO_TCu,5.671933589444e-01
1067,11211,SED_TCu,5.671933589444e-01
1067,11211,SEDWSSD_TCu,5.671933589444e-01
1067,11211,SEDSCRS_TCu,0.000000000000e+00
1067,11211,SO_TPb,1.134386717889e-02
1067,11211,IO_TPb,0.000000000000e+00
1067,11211,AO_TPb,0.000000000000e+00
1067,11211,PO_TPb,1.134386717889e-02
1067,11211,SED_TPb,1.134386717889e-02
1067,11211,SEDWSSD_TPb,1.134386717889e-02
1067,11211,SEDSCRS_TPb,0.000000000000e+00
1067,11211,SO_TZn,4.083792184400e+00
1067,11211,IO_TZn,0.000000000000e+00
1067,11211,AO_TZn,5.566638994607e+00
1067,11211,PO_TZn,9.650431179007e+00
1067,11211,SED_TZn,4.083792184400e+00
1067,11211,SEDWSSD_TZn,4.083792184400e+00
1067,11211,SEDSCRS_TZn,0.000000000000e+00
1067,11212,AREA,0.000000000000e+00
1067,11212,PREC,0.000000000000e+00
1067,11212,SURO,0.000000000000e+00
1067,11212,IFWO,0.000000000000e+00
1067,11212,AGWO,0.000000000000e+00
1067,11212,PERO,0.000000000000e+00
1067,11212,TAET,0.000000000000e+00
1067,11212,SEDLOAD,0.000000000000e+00
1067,11212,SEDWSSD, 0.00000e+00
1067,11212,SEDSCRS, 0.00000e+00
1067,11212,SEDSURO, 0.00000e+00
1067,11212,SEDIFWO, 0.00000e+00
1067,11212,SEDAGWO, 0.00000e+00
1067,11212,SO_TN,0.000000000000e+00
1067,11212,IO_TN,0.000000000000e+00
1067,11212,AO_TN,0.000000000000e+00
1067,11212,PO_TN,0.000000000000e+00
1067,11212,SO_TP,0.000000000000e+00
1067,11212,IO_TP,0.000000000000e+00
1067,11212,AO_TP,0.000000000000e+00
1067,11212,PO_TP,0.000000000000e+00
1067,11212,SED_TP,0.000000000000e+00
1067,11212,SEDWSSD_TP,0.000000000000e+00
1067,11212,SEDSCRS_TP,0.000000000000e+00
1067,11212,SO_TCd,0.000000000000e+00
1067,11212,IO_TCd,0.000000000000e+00
1067,11212,AO_TCd,0.000000000000e+00
1067,11212,PO_TCd,0.000000000000e+00
1067,11212,SED_TCd,0.000000000000e+00
1067,11212,SEDWSSD_TCd,0.000000000000e+00
1067,11212,SEDSCRS_TCd,0.000000000000e+00
1067,11212,SO_TCu,0.000000000000e+00
1067,11212,IO_TCu,0.000000000000e+00
1067,11212,AO_TCu,0.000000000000e+00
1067,11212,PO_TCu,0.000000000000e+00
1067,11212,SED_TCu,0.000000000000e+00
1067,11212,SEDWSSD_TCu,0.000000000000e+00
1067,11212,SEDSCRS_TCu,0.000000000000e+00
1067,11212,SO_TPb,0.000000000000e+00
1067,11212,IO_TPb,0.000000000000e+00
1067,11212,AO_TPb,0.000000000000e+00
1067,11212,PO_TPb,0.000000000000e+00
1067,11212,SED_TPb,0.000000000000e+00
1067,11212,SEDWSSD_TPb,0.000000000000e+00
1067,11212,SEDSCRS_TPb,0.000000000000e+00
1067,11212,SO_TZn,0.000000000000e+00
1067,11212,IO_TZn,0.000000000000e+00
1067,11212,AO_TZn,0.000000000000e+00
1067,11212,PO_TZn,0.000000000000e+00
1067,11212,SED_TZn,0.000000000000e+00
1067,11212,SEDWSSD_TZn,0.000000000000e+00
1067,11212,SEDSCRS_TZn,0.000000000000e+00
1067,11221,AREA,1.456676080002e+02
1067,11221,PREC,1.320689376539e+03
1067,11221,SURO,2.199927482861e+02
1067,11221,IFWO,1.478506347214e+02
1067,11221,AGWO,2.414060378481e+03
1067,11221,PERO,2.781903761489e+03
1067,11221,TAET,2.758590604302e+03
1067,11221,SEDLOAD,6.046763354448e+00
1067,11221,SEDWSSD, 5.75648e+00
1067,11221,SEDSCRS, 0.00000e+00
1067,11221,SEDSURO, 0.00000e+00
1067,11221,SEDIFWO, 1.67525e-02
1067,11221,SEDAGWO, 2.73529e-01
1067,11221,SO_TN,1.087359063006e+02
1067,11221,IO_TN,6.700991281794e+01
1067,11221,AO_TN,4.102940844759e+02
1067,11221,PO_TN,5.860399035945e+02
1067,11221,SO_TP,1.151296371603e+01
1067,11221,IO_TP,1.340198256359e+01
1067,11221,AO_TP,1.094117558603e+02
1067,11221,PO_TP,1.343267021399e+02
1067,11221,SED_TP,1.151296371603e+01
1067,11221,SEDWSSD_TP,1.151296371603e+01
1067,11221,SEDSCRS_TP,0.000000000000e+00
1067,11221,SO_TCd,2.878240929008e-02
1067,11221,IO_TCd,0.000000000000e+00
1067,11221,AO_TCd,0.000000000000e+00
1067,11221,PO_TCd,2.878240929008e-02
1067,11221,SED_TCd,2.878240929008e-02
1067,11221,SEDWSSD_TCd,2.878240929008e-02
1067,11221,SEDSCRS_TCd,0.000000000000e+00
1067,11221,SO_TCu,2.878240929008e+00
1067,11221,IO_TCu,0.000000000000e+00
1067,11221,AO_TCu,0.000000000000e+00
1067,11221,PO_TCu,2.878240929008e+00
1067,11221,SED_TCu,2.878240929008e+00
1067,11221,SEDWSSD_TCu,2.878240929008e+00
1067,11221,SEDSCRS_TCu,0.000000000000e+00
1067,11221,SO_TPb,5.756481858017e-02
1067,11221,IO_TPb,0.000000000000e+00
1067,11221,AO_TPb,0.000000000000e+00
1067,11221,PO_TPb,5.756481858017e-02
1067,11221,SED_TPb,5.756481858017e-02
1067,11221,SEDWSSD_TPb,5.756481858017e-02
1067,11221,SEDSCRS_TPb,0.000000000000e+00
1067,11221,SO_TZn,2.072333468886e+01
1067,11221,IO_TZn,0.000000000000e+00
1067,11221,AO_TZn,2.735293896506e+01
1067,11221,PO_TZn,4.807627365392e+01
1067,11221,SED_TZn,2.072333468886e+01
1067,11221,SEDWSSD_TZn,2.072333468886e+01
1067,11221,SEDSCRS_TZn,0.000000000000e+00
1067,11222,AREA,0.000000000000e+00
1067,11222,PREC,0.000000000000e+00
1067,11222,SURO,0.000000000000e+00
1067,11222,IFWO,0.000000000000e+00
1067,11222,AGWO,0.000000000000e+00
1067,11222,PERO,0.000000000000e+00
1067,11222,TAET,0.000000000000e+00
1067,11222,SEDLOAD,0.000000000000e+00
1067,11222,SEDWSSD, 0.00000e+00
1067,11222,SEDSCRS, 0.00000e+00
1067,11222,SEDSURO, 0.00000e+00
1067,11222,SEDIFWO, 0.00000e+00
1067,11222,SEDAGWO, 0.00000e+00
1067,11222,SO_TN,0.000000000000e+00
1067,11222,IO_TN,0.000000000000e+00
1067,11222,AO_TN,0.000000000000e+00
1067,11222,PO_TN,0.000000000000e+00
1067,11222,SO_TP,0.000000000000e+00
1067,11222,IO_TP,0.000000000000e+00
1067,11222,AO_TP,0.000000000000e+00
1067,11222,PO_TP,0.000000000000e+00
1067,11222,SED_TP,0.000000000000e+00
1067,11222,SEDWSSD_TP,0.000000000000e+00
1067,11222,SEDSCRS_TP,0.000000000000e+00
1067,11222,SO_TCd,0.000000000000e+00
1067,11222,IO_TCd,0.000000000000e+00
1067,11222,AO_TCd,0.000000000000e+00
1067,11222,PO_TCd,0.000000000000e+00
1067,11222,SED_TCd,0.000000000000e+00
1067,11222,SEDWSSD_TCd,0.000000000000e+00
1067,11222,SEDSCRS_TCd,0.000000000000e+00
1067,11222,SO_TCu,0.000000000000e+00
1067,11222,IO_TCu,0.000000000000e+00
1067,11222,AO_TCu,0.000000000000e+00
1067,11222,PO_TCu,0.000000000000e+00
1067,11222,SED_TCu,0.000000000000e+00
1067,11222,SEDWSSD_TCu,0.000000000000e+00
1067,11222,SEDSCRS_TCu,0.000000000000e+00
1067,11222,SO_TPb,0.000000000000e+00
1067,11222,IO_TPb,0.000000000000e+00
1067,11222,AO_TPb,0.000000000000e+00
1067,11222,PO_TPb,0.000000000000e+00
1067,11222,SED_TPb,0.000000000000e+00
1067,11222,SEDWSSD_TPb,0.000000000000e+00
1067,11222,SEDSCRS_TPb,0.000000000000e+00
1067,11222,SO_TZn,0.000000000000e+00
1067,11222,IO_TZn,0.000000000000e+00
1067,11222,AO_TZn,0.000000000000e+00
1067,11222,PO_TZn,0.000000000000e+00
1067,11222,SED_TZn,0.000000000000e+00
1067,11222,SEDWSSD_TZn,0.000000000000e+00
1067,11222,SEDSCRS_TZn,0.000000000000e+00
1067,11311,AREA,1.142045929999e+02
1067,11311,PREC,1.035431245134e+03
1067,11311,SURO,3.264030992674e+02
1067,11311,IFWO,1.479150308222e+02
1067,11311,AGWO,1.673646028947e+03
1067,11311,PERO,2.147964159037e+03
1067,11311,TAET,2.188752533527e+03
1067,11311,SEDLOAD,4.417534795219e+00
1067,11311,SEDWSSD, 4.21114e+00
1067,11311,SEDSCRS, 0.00000e+00
1067,11311,SEDSURO, 0.00000e+00
1067,11311,SEDIFWO, 1.67598e-02
1067,11311,SEDAGWO, 1.89635e-01
1067,11311,SO_TN,1.277528568095e+02
1067,11311,IO_TN,6.703909887524e+01
1067,11311,AO_TN,2.844531442978e+02
1067,11311,PO_TN,4.792450999825e+02
1067,11311,SO_TP,8.422279710112e+00
1067,11311,IO_TP,1.340781977505e+01
1067,11311,AO_TP,7.585417181275e+01
1067,11311,PO_TP,9.768427129792e+01
1067,11311,SED_TP,8.422279710112e+00
1067,11311,SEDWSSD_TP,8.422279710112e+00
1067,11311,SEDSCRS_TP,0.000000000000e+00
1067,11311,SO_TCd,2.105569927528e-02
1067,11311,IO_TCd,0.000000000000e+00
1067,11311,AO_TCd,0.000000000000e+00
1067,11311,PO_TCd,2.105569927528e-02
1067,11311,SED_TCd,2.105569927528e-02
1067,11311,SEDWSSD_TCd,2.105569927528e-02
1067,11311,SEDSCRS_TCd,0.000000000000e+00
1067,11311,SO_TCu,2.105569927528e+00
1067,11311,IO_TCu,0.000000000000e+00
1067,11311,AO_TCu,0.000000000000e+00
1067,11311,PO_TCu,2.105569927528e+00
1067,11311,SED_TCu,2.105569927528e+00
1067,11311,SEDWSSD_TCu,2.105569927528e+00
1067,11311,SEDSCRS_TCu,0.000000000000e+00
1067,11311,SO_TPb,4.211139855056e-02
1067,11311,IO_TPb,0.000000000000e+00
1067,11311,AO_TPb,0.000000000000e+00
1067,11311,PO_TPb,4.211139855056e-02
1067,11311,SED_TPb,4.211139855056e-02
1067,11311,SEDWSSD_TPb,4.211139855056e-02
1067,11311,SEDSCRS_TPb,0.000000000000e+00
1067,11311,SO_TZn,1.516010347820e+01
1067,11311,IO_TZn,0.000000000000e+00
1067,11311,AO_TZn,1.896354295319e+01
1067,11311,PO_TZn,3.412364643139e+01
1067,11311,SED_TZn,1.516010347820e+01
1067,11311,SEDWSSD_TZn,1.516010347820e+01
1067,11311,SEDSCRS_TZn,0.000000000000e+00
1067,11312,AREA,0.000000000000e+00
1067,11312,PREC,0.000000000000e+00
1067,11312,SURO,0.000000000000e+00
1067,11312,IFWO,0.000000000000e+00
1067,11312,AGWO,0.000000000000e+00
1067,11312,PERO,0.000000000000e+00
1067,11312,TAET,0.000000000000e+00
1067,11312,SEDLOAD,0.000000000000e+00
1067,11312,SEDWSSD, 0.00000e+00
1067,11312,SEDSCRS, 0.00000e+00
1067,11312,SEDSURO, 0.00000e+00
1067,11312,SEDIFWO, 0.00000e+00
1067,11312,SEDAGWO, 0.00000e+00
1067,11312,SO_TN,0.000000000000e+00
1067,11312,IO_TN,0.000000000000e+00
1067,11312,AO_TN,0.000000000000e+00
1067,11312,PO_TN,0.000000000000e+00
1067,11312,SO_TP,0.000000000000e+00
1067,11312,IO_TP,0.000000000000e+00
1067,11312,AO_TP,0.000000000000e+00
1067,11312,PO_TP,0.000000000000e+00
1067,11312,SED_TP,0.000000000000e+00
1067,11312,SEDWSSD_TP,0.000000000000e+00
1067,11312,SEDSCRS_TP,0.000000000000e+00
1067,11312,SO_TCd,0.000000000000e+00
1067,11312,IO_TCd,0.000000000000e+00
1067,11312,AO_TCd,0.000000000000e+00
1067,11312,PO_TCd,0.000000000000e+00
1067,11312,SED_TCd,0.000000000000e+00
1067,11312,SEDWSSD_TCd,0.000000000000e+00
1067,11312,SEDSCRS_TCd,0.000000000000e+00
1067,11312,SO_TCu,0.000000000000e+00
1067,11312,IO_TCu,0.000000000000e+00
1067,11312,AO_TCu,0.000000000000e+00
1067,11312,PO_TCu,0.000000000000e+00
1067,11312,SED_TCu,0.000000000000e+00
1067,11312,SEDWSSD_TCu,0.000000000000e+00
1067,11312,SEDSCRS_TCu,0.000000000000e+00
1067,11312,SO_TPb,0.000000000000e+00
1067,11312,IO_TPb,0.000000000000e+00
1067,11312,AO_TPb,0.000000000000e+00
1067,11312,PO_TPb,0.000000000000e+00
1067,11312,SED_TPb,0.000000000000e+00
1067,11312,SEDWSSD_TPb,0.000000000000e+00
1067,11312,SEDSCRS_TPb,0.000000000000e+00
1067,11312,SO_TZn,0.000000000000e+00
1067,11312,IO_TZn,0.000000000000e+00
1067,11312,AO_TZn,0.000000000000e+00
1067,11312,PO_TZn,0.000000000000e+00
1067,11312,SED_TZn,0.000000000000e+00
1067,11312,SEDWSSD_TZn,0.000000000000e+00
1067,11312,SEDSCRS_TZn,0.000000000000e+00
1067,11321,AREA,3.957689999997e-01
1067,11321,PREC,3.588223360292e+00
1067,11321,SURO,1.212292484637e+00
1067,11321,IFWO,4.931648271212e-01
1067,11321,AGWO,5.786095921033e+00
1067,11321,PERO,7.491553232791e+00
1067,11321,TAET,7.549472508919e+00
1067,11321,SEDLOAD,1.358647909302e-02
1067,11321,SEDWSSD, 1.28750e-02
1067,11321,SEDSCRS, 0.00000e+00
1067,11321,SEDSURO, 0.00000e+00
1067,11321,SEDIFWO, 5.58788e-05
1067,11321,SEDAGWO, 6.55603e-04
1067,11321,SO_TN,4.615700062584e-01
1067,11321,IO_TN,2.235156591146e-01
1067,11321,AO_TN,9.834057796450e-01
1067,11321,PO_TN,1.668491445018e+00
1067,11321,SO_TP,2.574999447102e-02
1067,11321,IO_TP,4.470313182291e-02
1067,11321,AO_TP,2.622415412387e-01
1067,11321,PO_TP,3.326946675326e-01
1067,11321,SED_TP,2.574999447102e-02
1067,11321,SEDWSSD_TP,2.574999447102e-02
1067,11321,SEDSCRS_TP,0.000000000000e+00
1067,11321,SO_TCd,6.437498617755e-05
1067,11321,IO_TCd,0.000000000000e+00
1067,11321,AO_TCd,0.000000000000e+00
1067,11321,PO_TCd,6.437498617755e-05
1067,11321,SED_TCd,6.437498617755e-05
1067,11321,SEDWSSD_TCd,6.437498617755e-05
1067,11321,SEDSCRS_TCd,0.000000000000e+00
1067,11321,SO_TCu,6.437498617755e-03
1067,11321,IO_TCu,0.000000000000e+00
1067,11321,AO_TCu,0.000000000000e+00
1067,11321,PO_TCu,6.437498617755e-03
1067,11321,SED_TCu,6.437498617755e-03
1067,11321,SEDWSSD_TCu,6.437498617755e-03
1067,11321,SEDSCRS_TCu,0.000000000000e+00
1067,11321,SO_TPb,1.287499723551e-04
1067,11321,IO_TPb,0.000000000000e+00
1067,11321,AO_TPb,0.000000000000e+00
1067,11321,PO_TPb,1.287499723551e-04
1067,11321,SED_TPb,1.287499723551e-04
1067,11321,SEDWSSD_TPb,1.287499723551e-04
1067,11321,SEDSCRS_TPb,0.000000000000e+00
1067,11321,SO_TZn,4.634999004784e-02
1067,11321,IO_TZn,0.000000000000e+00
1067,11321,AO_TZn,6.556038530967e-02
1067,11321,PO_TZn,1.119103753575e-01
1067,11321,SED_TZn,4.634999004784e-02
1067,11321,SEDWSSD_TZn,4.634999004784e-02
1067,11321,SEDSCRS_TZn,0.000000000000e+00
1067,11322,AREA,0.000000000000e+00
1067,11322,PREC,0.000000000000e+00
1067,11322,SURO,0.000000000000e+00
1067,11322,IFWO,0.000000000000e+00
1067,11322,AGWO,0.000000000000e+00
1067,11322,PERO,0.000000000000e+00
1067,11322,TAET,0.000000000000e+00
1067,11322,SEDLOAD,0.000000000000e+00
1067,11322,SEDWSSD, 0.00000e+00
1067,11322,SEDSCRS, 0.00000e+00
1067,11322,SEDSURO, 0.00000e+00
1067,11322,SEDIFWO, 0.00000e+00
1067,11322,SEDAGWO, 0.00000e+00
1067,11322,SO_TN,0.000000000000e+00
1067,11322,IO_TN,0.000000000000e+00
1067,11322,AO_TN,0.000000000000e+00
1067,11322,PO_TN,0.000000000000e+00
1067,11322,SO_TP,0.000000000000e+00
1067,11322,IO_TP,0.000000000000e+00
1067,11322,AO_TP,0.000000000000e+00
1067,11322,PO_TP,0.000000000000e+00
1067,11322,SED_TP,0.000000000000e+00
1067,11322,SEDWSSD_TP,0.000000000000e+00
1067,11322,SEDSCRS_TP,0.000000000000e+00
1067,11322,SO_TCd,0.000000000000e+00
1067,11322,IO_TCd,0.000000000000e+00
1067,11322,AO_TCd,0.000000000000e+00
1067,11322,PO_TCd,0.000000000000e+00
1067,11322,SED_TCd,0.000000000000e+00
1067,11322,SEDWSSD_TCd,0.000000000000e+00
1067,11322,SEDSCRS_TCd,0.000000000000e+00
1067,11322,SO_TCu,0.000000000000e+00
1067,11322,IO_TCu,0.000000000000e+00
1067,11322,AO_TCu,0.000000000000e+00
1067,11322,PO_TCu,0.000000000000e+00
1067,11322,SED_TCu,0.000000000000e+00
1067,11322,SEDWSSD_TCu,0.000000000000e+00
1067,11322,SEDSCRS_TCu,0.000000000000e+00
1067,11322,SO_TPb,0.000000000000e+00
1067,11322,IO_TPb,0.000000000000e+00
1067,11322,AO_TPb,0.000000000000e+00
1067,11322,PO_TPb,0.000000000000e+00
1067,11322,SED_TPb,0.000000000000e+00
1067,11322,SEDWSSD_TPb,0.000000000000e+00
1067,11322,SEDSCRS_TPb,0.000000000000e+00
1067,11322,SO_TZn,0.000000000000e+00
1067,11322,IO_TZn,0.000000000000e+00
1067,11322,AO_TZn,0.000000000000e+00
1067,11322,PO_TZn,0.000000000000e+00
1067,11322,SED_TZn,0.000000000000e+00
1067,11322,SEDWSSD_TZn,0.000000000000e+00
1067,11322,SEDSCRS_TZn,0.000000000000e+00
1067,11411,AREA,2.939026900004e+01
1067,11411,PREC,2.664656650498e+02
1067,11411,SURO,1.208025717970e+02
1067,11411,IFWO,4.131831885531e+01
1067,11411,AGWO,3.895195370689e+02
1067,11411,PERO,5.516404277212e+02
1067,11411,TAET,5.646080281173e+02
1067,11411,SEDLOAD,7.739217267203e-01
1067,11411,SEDWSSD, 7.25105e-01
1067,11411,SEDSCRS, 0.00000e+00
1067,11411,SEDSURO, 0.00000e+00
1067,11411,SEDIFWO, 4.68164e-03
1067,11411,SEDAGWO, 4.41351e-02
1067,11411,SO_TN,3.888566878810e+01
1067,11411,IO_TN,1.872658138732e+01
1067,11411,AO_TN,6.620280224629e+01
1067,11411,PO_TN,1.238150524217e+02
1067,11411,SO_TP,1.450209884677e+00
1067,11411,IO_TP,3.745316277464e+00
1067,11411,AO_TP,1.765408059901e+01
1067,11411,PO_TP,2.284960676115e+01
1067,11411,SED_TP,1.450209884677e+00
1067,11411,SEDWSSD_TP,1.450209884677e+00
1067,11411,SEDSCRS_TP,0.000000000000e+00
1067,11411,SO_TCd,3.625524711692e-03
1067,11411,IO_TCd,0.000000000000e+00
1067,11411,AO_TCd,0.000000000000e+00
1067,11411,PO_TCd,3.625524711692e-03
1067,11411,SED_TCd,3.625524711692e-03
1067,11411,SEDWSSD_TCd,3.625524711692e-03
1067,11411,SEDSCRS_TCd,0.000000000000e+00
1067,11411,SO_TCu,3.625524711692e-01
1067,11411,IO_TCu,0.000000000000e+00
1067,11411,AO_TCu,0.000000000000e+00
1067,11411,PO_TCu,3.625524711692e-01
1067,11411,SED_TCu,3.625524711692e-01
1067,11411,SEDWSSD_TCu,3.625524711692e-01
1067,11411,SEDSCRS_TCu,0.000000000000e+00
1067,11411,SO_TPb,7.251049423385e-03
1067,11411,IO_TPb,0.000000000000e+00
1067,11411,AO_TPb,0.000000000000e+00
1067,11411,PO_TPb,7.251049423385e-03
1067,11411,SED_TPb,7.251049423385e-03
1067,11411,SEDWSSD_TPb,7.251049423385e-03
1067,11411,SEDSCRS_TPb,0.000000000000e+00
1067,11411,SO_TZn,2.610377792418e+00
1067,11411,IO_TZn,0.000000000000e+00
1067,11411,AO_TZn,4.413520149753e+00
1067,11411,PO_TZn,7.023897942171e+00
1067,11411,SED_TZn,2.610377792418e+00
1067,11411,SEDWSSD_TZn,2.610377792418e+00
1067,11411,SEDSCRS_TZn,0.000000000000e+00
1067,11412,AREA,0.000000000000e+00
1067,11412,PREC,0.000000000000e+00
1067,11412,SURO,0.000000000000e+00
1067,11412,IFWO,0.000000000000e+00
1067,11412,AGWO,0.000000000000e+00
1067,11412,PERO,0.000000000000e+00
1067,11412,TAET,0.000000000000e+00
1067,11412,SEDLOAD,0.000000000000e+00
1067,11412,SEDWSSD, 0.00000e+00
1067,11412,SEDSCRS, 0.00000e+00
1067,11412,SEDSURO, 0.00000e+00
1067,11412,SEDIFWO, 0.00000e+00
1067,11412,SEDAGWO, 0.00000e+00
1067,11412,SO_TN,0.000000000000e+00
1067,11412,IO_TN,0.000000000000e+00
1067,11412,AO_TN,0.000000000000e+00
1067,11412,PO_TN,0.000000000000e+00
1067,11412,SO_TP,0.000000000000e+00
1067,11412,IO_TP,0.000000000000e+00
1067,11412,AO_TP,0.000000000000e+00
1067,11412,PO_TP,0.000000000000e+00
1067,11412,SED_TP,0.000000000000e+00
1067,11412,SEDWSSD_TP,0.000000000000e+00
1067,11412,SEDSCRS_TP,0.000000000000e+00
1067,11412,SO_TCd,0.000000000000e+00
1067,11412,IO_TCd,0.000000000000e+00
1067,11412,AO_TCd,0.000000000000e+00
1067,11412,PO_TCd,0.000000000000e+00
1067,11412,SED_TCd,0.000000000000e+00
1067,11412,SEDWSSD_TCd,0.000000000000e+00
1067,11412,SEDSCRS_TCd,0.000000000000e+00
1067,11412,SO_TCu,0.000000000000e+00
1067,11412,IO_TCu,0.000000000000e+00
1067,11412,AO_TCu,0.000000000000e+00
1067,11412,PO_TCu,0.000000000000e+00
1067,11412,SED_TCu,0.000000000000e+00
1067,11412,SEDWSSD_TCu,0.000000000000e+00
1067,11412,SEDSCRS_TCu,0.000000000000e+00
1067,11412,SO_TPb,0.000000000000e+00
1067,11412,IO_TPb,0.000000000000e+00
1067,11412,AO_TPb,0.000000000000e+00
1067,11412,PO_TPb,0.000000000000e+00
1067,11412,SED_TPb,0.000000000000e+00
1067,11412,SEDWSSD_TPb,0.000000000000e+00
1067,11412,SEDSCRS_TPb,0.000000000000e+00
1067,11412,SO_TZn,0.000000000000e+00
1067,11412,IO_TZn,0.000000000000e+00
1067,11412,AO_TZn,0.000000000000e+00
1067,11412,PO_TZn,0.000000000000e+00
1067,11412,SED_TZn,0.000000000000e+00
1067,11412,SEDWSSD_TZn,0.000000000000e+00
1067,11412,SEDSCRS_TZn,0.000000000000e+00
1067,11421,AREA,1.101532400001e+01
1067,11421,PREC,9.986998197936e+01
1067,11421,SURO,4.724222691601e+01
1067,11421,IFWO,1.495320317439e+01
1067,11421,AGWO,1.459562616717e+02
1067,11421,PERO,2.081516917621e+02
1067,11421,TAET,2.105864214001e+02
1067,11421,SEDLOAD,2.377714233404e-01
1067,11421,SEDWSSD, 2.19539e-01
1067,11421,SEDSCRS, 0.00000e+00
1067,11421,SEDSURO, 0.00000e+00
1067,11421,SEDIFWO, 1.69430e-03
1067,11421,SEDAGWO, 1.65378e-02
1067,11421,SO_TN,1.490096926259e+01
1067,11421,IO_TN,6.777196749631e+00
1067,11421,AO_TN,2.480674936299e+01
1067,11421,PO_TN,4.648491537521e+01
1067,11421,SO_TP,4.390786291457e-01
1067,11421,IO_TP,1.355439349926e+00
1067,11421,AO_TP,6.615133163465e+00
1067,11421,PO_TP,8.409651142537e+00
1067,11421,SED_TP,4.390786291457e-01
1067,11421,SEDWSSD_TP,4.390786291457e-01
1067,11421,SEDSCRS_TP,0.000000000000e+00
1067,11421,SO_TCd,1.097696572864e-03
1067,11421,IO_TCd,0.000000000000e+00
1067,11421,AO_TCd,0.000000000000e+00
1067,11421,PO_TCd,1.097696572864e-03
1067,11421,SED_TCd,1.097696572864e-03
1067,11421,SEDWSSD_TCd,1.097696572864e-03
1067,11421,SEDSCRS_TCd,0.000000000000e+00
1067,11421,SO_TCu,1.097696572864e-01
1067,11421,IO_TCu,0.000000000000e+00
1067,11421,AO_TCu,0.000000000000e+00
1067,11421,PO_TCu,1.097696572864e-01
1067,11421,SED_TCu,1.097696572864e-01
1067,11421,SEDWSSD_TCu,1.097696572864e-01
1067,11421,SEDSCRS_TCu,0.000000000000e+00
1067,11421,SO_TPb,2.195393145729e-03
1067,11421,IO_TPb,0.000000000000e+00
1067,11421,AO_TPb,0.000000000000e+00
1067,11421,PO_TPb,2.195393145729e-03
1067,11421,SED_TPb,2.195393145729e-03
1067,11421,SEDWSSD_TPb,2.195393145729e-03
1067,11421,SEDSCRS_TPb,0.000000000000e+00
1067,11421,SO_TZn,7.903415324623e-01
1067,11421,IO_TZn,0.000000000000e+00
1067,11421,AO_TZn,1.653783290866e+00
1067,11421,PO_TZn,2.444124823329e+00
1067,11421,SED_TZn,7.903415324623e-01
1067,11421,SEDWSSD_TZn,7.903415324623e-01
1067,11421,SEDSCRS_TZn,0.000000000000e+00
1067,11422,AREA,0.000000000000e+00
1067,11422,PREC,0.000000000000e+00
1067,11422,SURO,0.000000000000e+00
1067,11422,IFWO,0.000000000000e+00
1067,11422,AGWO,0.000000000000e+00
1067,11422,PERO,0.000000000000e+00
1067,11422,TAET,0.000000000000e+00
1067,11422,SEDLOAD,0.000000000000e+00
1067,11422,SEDWSSD, 0.00000e+00
1067,11422,SEDSCRS, 0.00000e+00
1067,11422,SEDSURO, 0.00000e+00
1067,11422,SEDIFWO, 0.00000e+00
1067,11422,SEDAGWO, 0.00000e+00
1067,11422,SO_TN,0.000000000000e+00
1067,11422,IO_TN,0.000000000000e+00
1067,11422,AO_TN,0.000000000000e+00
1067,11422,PO_TN,0.000000000000e+00
1067,11422,SO_TP,0.000000000000e+00
1067,11422,IO_TP,0.000000000000e+00
1067,11422,AO_TP,0.000000000000e+00
1067,11422,PO_TP,0.000000000000e+00
1067,11422,SED_TP,0.000000000000e+00
1067,11422,SEDWSSD_TP,0.000000000000e+00
1067,11422,SEDSCRS_TP,0.000000000000e+00
1067,11422,SO_TCd,0.000000000000e+00
1067,11422,IO_TCd,0.000000000000e+00
1067,11422,AO_TCd,0.000000000000e+00
1067,11422,PO_TCd,0.000000000000e+00
1067,11422,SED_TCd,0.000000000000e+00
1067,11422,SEDWSSD_TCd,0.000000000000e+00
1067,11422,SEDSCRS_TCd,0.000000000000e+00
1067,11422,SO_TCu,0.000000000000e+00
1067,11422,IO_TCu,0.000000000000e+00
1067,11422,AO_TCu,0.000000000000e+00
1067,11422,PO_TCu,0.000000000000e+00
1067,11422,SED_TCu,0.000000000000e+00
1067,11422,SEDWSSD_TCu,0.000000000000e+00
1067,11422,SEDSCRS_TCu,0.000000000000e+00
1067,11422,SO_TPb,0.000000000000e+00
1067,11422,IO_TPb,0.000000000000e+00
1067,11422,AO_TPb,0.000000000000e+00
1067,11422,PO_TPb,0.000000000000e+00
1067,11422,SED_TPb,0.000000000000e+00
1067,11422,SEDWSSD_TPb,0.000000000000e+00
1067,11422,SEDSCRS_TPb,0.000000000000e+00
1067,11422,SO_TZn,0.000000000000e+00
1067,11422,IO_TZn,0.000000000000e+00
1067,11422,AO_TZn,0.000000000000e+00
1067,11422,PO_TZn,0.000000000000e+00
1067,11422,SED_TZn,0.000000000000e+00
1067,11422,SEDWSSD_TZn,0.000000000000e+00
1067,11422,SEDSCRS_TZn,0.000000000000e+00
1067,12111,AREA,0.000000000000e+00
1067,12111,PREC,0.000000000000e+00
1067,12111,SURO,0.000000000000e+00
1067,12111,IFWO,0.000000000000e+00
1067,12111,AGWO,0.000000000000e+00
1067,12111,PERO,0.000000000000e+00
1067,12111,TAET,0.000000000000e+00
1067,12111,SEDLOAD,0.000000000000e+00
1067,12111,SEDWSSD, 0.00000e+00
1067,12111,SEDSCRS, 0.00000e+00
1067,12111,SEDSURO, 0.00000e+00
1067,12111,SEDIFWO, 0.00000e+00
1067,12111,SEDAGWO, 0.00000e+00
1067,12111,SO_TN,0.000000000000e+00
1067,12111,IO_TN,0.000000000000e+00
1067,12111,AO_TN,0.000000000000e+00
1067,12111,PO_TN,0.000000000000e+00
1067,12111,SO_TP,0.000000000000e+00
1067,12111,IO_TP,0.000000000000e+00
1067,12111,AO_TP,0.000000000000e+00
1067,12111,PO_TP,0.000000000000e+00
1067,12111,SED_TP,0.000000000000e+00
1067,12111,SEDWSSD_TP,0.000000000000e+00
1067,12111,SEDSCRS_TP,0.000000000000e+00
1067,12111,SO_TCd,0.000000000000e+00
1067,12111,IO_TCd,0.000000000000e+00
1067,12111,AO_TCd,0.000000000000e+00
1067,12111,PO_TCd,0.000000000000e+00
1067,12111,SED_TCd,0.000000000000e+00
1067,12111,SEDWSSD_TCd,0.000000000000e+00
1067,12111,SEDSCRS_TCd,0.000000000000e+00
1067,12111,SO_TCu,0.000000000000e+00
1067,12111,IO_TCu,0.000000000000e+00
1067,12111,AO_TCu,0.000000000000e+00
1067,12111,PO_TCu,0.000000000000e+00
1067,12111,SED_TCu,0.000000000000e+00
1067,12111,SEDWSSD_TCu,0.000000000000e+00
1067,12111,SEDSCRS_TCu,0.000000000000e+00
1067,12111,SO_TPb,0.000000000000e+00
1067,12111,IO_TPb,0.000000000000e+00
1067,12111,AO_TPb,0.000000000000e+00
1067,12111,PO_TPb,0.000000000000e+00
1067,12111,SED_TPb,0.000000000000e+00
1067,12111,SEDWSSD_TPb,0.000000000000e+00
1067,12111,SEDSCRS_TPb,0.000000000000e+00
1067,12111,SO_TZn,0.000000000000e+00
1067,12111,IO_TZn,0.000000000000e+00
1067,12111,AO_TZn,0.000000000000e+00
1067,12111,PO_TZn,0.000000000000e+00
1067,12111,SED_TZn,0.000000000000e+00
1067,12111,SEDWSSD_TZn,0.000000000000e+00
1067,12111,SEDSCRS_TZn,0.000000000000e+00
1067,12112,AREA,0.000000000000e+00
1067,12112,PREC,0.000000000000e+00
1067,12112,SURO,0.000000000000e+00
1067,12112,IFWO,0.000000000000e+00
1067,12112,AGWO,0.000000000000e+00
1067,12112,PERO,0.000000000000e+00
1067,12112,TAET,0.000000000000e+00
1067,12112,SEDLOAD,0.000000000000e+00
1067,12112,SEDWSSD, 0.00000e+00
1067,12112,SEDSCRS, 0.00000e+00
1067,12112,SEDSURO, 0.00000e+00
1067,12112,SEDIFWO, 0.00000e+00
1067,12112,SEDAGWO, 0.00000e+00
1067,12112,SO_TN,0.000000000000e+00
1067,12112,IO_TN,0.000000000000e+00
1067,12112,AO_TN,0.000000000000e+00
1067,12112,PO_TN,0.000000000000e+00
1067,12112,SO_TP,0.000000000000e+00
1067,12112,IO_TP,0.000000000000e+00
1067,12112,AO_TP,0.000000000000e+00
1067,12112,PO_TP,0.000000000000e+00
1067,12112,SED_TP,0.000000000000e+00
1067,12112,SEDWSSD_TP,0.000000000000e+00
1067,12112,SEDSCRS_TP,0.000000000000e+00
1067,12112,SO_TCd,0.000000000000e+00
1067,12112,IO_TCd,0.000000000000e+00
1067,12112,AO_TCd,0.000000000000e+00
1067,12112,PO_TCd,0.000000000000e+00
1067,12112,SED_TCd,0.000000000000e+00
1067,12112,SEDWSSD_TCd,0.000000000000e+00
1067,12112,SEDSCRS_TCd,0.000000000000e+00
1067,12112,SO_TCu,0.000000000000e+00
1067,12112,IO_TCu,0.000000000000e+00
1067,12112,AO_TCu,0.000000000000e+00
1067,12112,PO_TCu,0.000000000000e+00
1067,12112,SED_TCu,0.000000000000e+00
1067,12112,SEDWSSD_TCu,0.000000000000e+00
1067,12112,SEDSCRS_TCu,0.000000000000e+00
1067,12112,SO_TPb,0.000000000000e+00
1067,12112,IO_TPb,0.000000000000e+00
1067,12112,AO_TPb,0.000000000000e+00
1067,12112,PO_TPb,0.000000000000e+00
1067,12112,SED_TPb,0.000000000000e+00
1067,12112,SEDWSSD_TPb,0.000000000000e+00
1067,12112,SEDSCRS_TPb,0.000000000000e+00
1067,12112,SO_TZn,0.000000000000e+00
1067,12112,IO_TZn,0.000000000000e+00
1067,12112,AO_TZn,0.000000000000e+00
1067,12112,PO_TZn,0.000000000000e+00
1067,12112,SED_TZn,0.000000000000e+00
1067,12112,SEDWSSD_TZn,0.000000000000e+00
1067,12112,SEDSCRS_TZn,0.000000000000e+00
1067,12121,AREA,0.000000000000e+00
1067,12121,PREC,0.000000000000e+00
1067,12121,SURO,0.000000000000e+00
1067,12121,IFWO,0.000000000000e+00
1067,12121,AGWO,0.000000000000e+00
1067,12121,PERO,0.000000000000e+00
1067,12121,TAET,0.000000000000e+00
1067,12121,SEDLOAD,0.000000000000e+00
1067,12121,SEDWSSD, 0.00000e+00
1067,12121,SEDSCRS, 0.00000e+00
1067,12121,SEDSURO, 0.00000e+00
1067,12121,SEDIFWO, 0.00000e+00
1067,12121,SEDAGWO, 0.00000e+00
1067,12121,SO_TN,0.000000000000e+00
1067,12121,IO_TN,0.000000000000e+00
1067,12121,AO_TN,0.000000000000e+00
1067,12121,PO_TN,0.000000000000e+00
1067,12121,SO_TP,0.000000000000e+00
1067,12121,IO_TP,0.000000000000e+00
1067,12121,AO_TP,0.000000000000e+00
1067,12121,PO_TP,0.000000000000e+00
1067,12121,SED_TP,0.000000000000e+00
1067,12121,SEDWSSD_TP,0.000000000000e+00
1067,12121,SEDSCRS_TP,0.000000000000e+00
1067,12121,SO_TCd,0.000000000000e+00
1067,12121,IO_TCd,0.000000000000e+00
1067,12121,AO_TCd,0.000000000000e+00
1067,12121,PO_TCd,0.000000000000e+00
1067,12121,SED_TCd,0.000000000000e+00
1067,12121,SEDWSSD_TCd,0.000000000000e+00
1067,12121,SEDSCRS_TCd,0.000000000000e+00
1067,12121,SO_TCu,0.000000000000e+00
1067,12121,IO_TCu,0.000000000000e+00
1067,12121,AO_TCu,0.000000000000e+00
1067,12121,PO_TCu,0.000000000000e+00
1067,12121,SED_TCu,0.000000000000e+00
1067,12121,SEDWSSD_TCu,0.000000000000e+00
1067,12121,SEDSCRS_TCu,0.000000000000e+00
1067,12121,SO_TPb,0.000000000000e+00
1067,12121,IO_TPb,0.000000000000e+00
1067,12121,AO_TPb,0.000000000000e+00
1067,12121,PO_TPb,0.000000000000e+00
1067,12121,SED_TPb,0.000000000000e+00
1067,12121,SEDWSSD_TPb,0.000000000000e+00
1067,12121,SEDSCRS_TPb,0.000000000000e+00
1067,12121,SO_TZn,0.000000000000e+00
1067,12121,IO_TZn,0.000000000000e+00
1067,12121,AO_TZn,0.000000000000e+00
1067,12121,PO_TZn,0.000000000000e+00
1067,12121,SED_TZn,0.000000000000e+00
1067,12121,SEDWSSD_TZn,0.000000000000e+00
1067,12121,SEDSCRS_TZn,0.000000000000e+00
1067,12122,AREA,0.000000000000e+00
1067,12122,PREC,0.000000000000e+00
1067,12122,SURO,0.000000000000e+00
1067,12122,IFWO,0.000000000000e+00
1067,12122,AGWO,0.000000000000e+00
1067,12122,PERO,0.000000000000e+00
1067,12122,TAET,0.000000000000e+00
1067,12122,SEDLOAD,0.000000000000e+00
1067,12122,SEDWSSD, 0.00000e+00
1067,12122,SEDSCRS, 0.00000e+00
1067,12122,SEDSURO, 0.00000e+00
1067,12122,SEDIFWO, 0.00000e+00
1067,12122,SEDAGWO, 0.00000e+00
1067,12122,SO_TN,0.000000000000e+00
1067,12122,IO_TN,0.000000000000e+00
1067,12122,AO_TN,0.000000000000e+00
1067,12122,PO_TN,0.000000000000e+00
1067,12122,SO_TP,0.000000000000e+00
1067,12122,IO_TP,0.000000000000e+00
1067,12122,AO_TP,0.000000000000e+00
1067,12122,PO_TP,0.000000000000e+00
1067,12122,SED_TP,0.000000000000e+00
1067,12122,SEDWSSD_TP,0.000000000000e+00
1067,12122,SEDSCRS_TP,0.000000000000e+00
1067,12122,SO_TCd,0.000000000000e+00
1067,12122,IO_TCd,0.000000000000e+00
1067,12122,AO_TCd,0.000000000000e+00
1067,12122,PO_TCd,0.000000000000e+00
1067,12122,SED_TCd,0.000000000000e+00
1067,12122,SEDWSSD_TCd,0.000000000000e+00
1067,12122,SEDSCRS_TCd,0.000000000000e+00
1067,12122,SO_TCu,0.000000000000e+00
1067,12122,IO_TCu,0.000000000000e+00
1067,12122,AO_TCu,0.000000000000e+00
1067,12122,PO_TCu,0.000000000000e+00
1067,12122,SED_TCu,0.000000000000e+00
1067,12122,SEDWSSD_TCu,0.000000000000e+00
1067,12122,SEDSCRS_TCu,0.000000000000e+00
1067,12122,SO_TPb,0.000000000000e+00
1067,12122,IO_TPb,0.000000000000e+00
1067,12122,AO_TPb,0.000000000000e+00
1067,12122,PO_TPb,0.000000000000e+00
1067,12122,SED_TPb,0.000000000000e+00
1067,12122,SEDWSSD_TPb,0.000000000000e+00
1067,12122,SEDSCRS_TPb,0.000000000000e+00
1067,12122,SO_TZn,0.000000000000e+00
1067,12122,IO_TZn,0.000000000000e+00
1067,12122,AO_TZn,0.000000000000e+00
1067,12122,PO_TZn,0.000000000000e+00
1067,12122,SED_TZn,0.000000000000e+00
1067,12122,SEDWSSD_TZn,0.000000000000e+00
1067,12122,SEDSCRS_TZn,0.000000000000e+00
1067,12211,AREA,7.653620200016e+01
1067,12211,PREC,6.939123274548e+02
1067,12211,SURO,2.262094936967e+00
1067,12211,IFWO,5.860479067404e-01
1067,12211,AGWO,1.567677651629e+02
1067,12211,PERO,1.596159080066e+02
1067,12211,TAET,5.476864639429e+02
1067,12211,SEDLOAD,4.148166715193e-02
1067,12211,SEDWSSD, 2.36524e-02
1067,12211,SEDSCRS, 0.00000e+00
1067,12211,SEDSURO, 0.00000e+00
1067,12211,SEDIFWO, 6.64031e-05
1067,12211,SEDAGWO, 1.77628e-02
1067,12211,SO_TN,2.258504150252e+00
1067,12211,IO_TN,2.656127869305e-01
1067,12211,AO_TN,2.664427420964e+01
1067,12211,PO_TN,2.916839114682e+01
1067,12211,SO_TP,4.730487459025e-02
1067,12211,IO_TP,5.312255738610e-02
1067,12211,AO_TP,7.105139789237e+00
1067,12211,PO_TP,7.205567221213e+00
1067,12211,SED_TP,4.730487459025e-02
1067,12211,SEDWSSD_TP,4.730487459025e-02
1067,12211,SEDSCRS_TP,0.000000000000e+00
1067,12211,SO_TCd,1.182621864756e-04
1067,12211,IO_TCd,0.000000000000e+00
1067,12211,AO_TCd,0.000000000000e+00
1067,12211,PO_TCd,1.182621864756e-04
1067,12211,SED_TCd,1.182621864756e-04
1067,12211,SEDWSSD_TCd,1.182621864756e-04
1067,12211,SEDSCRS_TCd,0.000000000000e+00
1067,12211,SO_TCu,1.182621864756e-02
1067,12211,IO_TCu,0.000000000000e+00
1067,12211,AO_TCu,0.000000000000e+00
1067,12211,PO_TCu,1.182621864756e-02
1067,12211,SED_TCu,1.182621864756e-02
1067,12211,SEDWSSD_TCu,1.182621864756e-02
1067,12211,SEDSCRS_TCu,0.000000000000e+00
1067,12211,SO_TPb,2.365243729513e-04
1067,12211,IO_TPb,0.000000000000e+00
1067,12211,AO_TPb,0.000000000000e+00
1067,12211,PO_TPb,2.365243729513e-04
1067,12211,SED_TPb,2.365243729513e-04
1067,12211,SEDWSSD_TPb,2.365243729513e-04
1067,12211,SEDSCRS_TPb,0.000000000000e+00
1067,12211,SO_TZn,8.514877426245e-02
1067,12211,IO_TZn,0.000000000000e+00
1067,12211,AO_TZn,1.776284947309e+00
1067,12211,PO_TZn,1.861433721572e+00
1067,12211,SED_TZn,8.514877426245e-02
1067,12211,SEDWSSD_TZn,8.514877426245e-02
1067,12211,SEDSCRS_TZn,0.000000000000e+00
1067,12212,AREA,0.000000000000e+00
1067,12212,PREC,0.000000000000e+00
1067,12212,SURO,0.000000000000e+00
1067,12212,IFWO,0.000000000000e+00
1067,12212,AGWO,0.000000000000e+00
1067,12212,PERO,0.000000000000e+00
1067,12212,TAET,0.000000000000e+00
1067,12212,SEDLOAD,0.000000000000e+00
1067,12212,SEDWSSD, 0.00000e+00
1067,12212,SEDSCRS, 0.00000e+00
1067,12212,SEDSURO, 0.00000e+00
1067,12212,SEDIFWO, 0.00000e+00
1067,12212,SEDAGWO, 0.00000e+00
1067,12212,SO_TN,0.000000000000e+00
1067,12212,IO_TN,0.000000000000e+00
1067,12212,AO_TN,0.000000000000e+00
1067,12212,PO_TN,0.000000000000e+00
1067,12212,SO_TP,0.000000000000e+00
1067,12212,IO_TP,0.000000000000e+00
1067,12212,AO_TP,0.000000000000e+00
1067,12212,PO_TP,0.000000000000e+00
1067,12212,SED_TP,0.000000000000e+00
1067,12212,SEDWSSD_TP,0.000000000000e+00
1067,12212,SEDSCRS_TP,0.000000000000e+00
1067,12212,SO_TCd,0.000000000000e+00
1067,12212,IO_TCd,0.000000000000e+00
1067,12212,AO_TCd,0.000000000000e+00
1067,12212,PO_TCd,0.000000000000e+00
1067,12212,SED_TCd,0.000000000000e+00
1067,12212,SEDWSSD_TCd,0.000000000000e+00
1067,12212,SEDSCRS_TCd,0.000000000000e+00
1067,12212,SO_TCu,0.000000000000e+00
1067,12212,IO_TCu,0.000000000000e+00
1067,12212,AO_TCu,0.000000000000e+00
1067,12212,PO_TCu,0.000000000000e+00
1067,12212,SED_TCu,0.000000000000e+00
1067,12212,SEDWSSD_TCu,0.000000000000e+00
1067,12212,SEDSCRS_TCu,0.000000000000e+00
1067,12212,SO_TPb,0.000000000000e+00
1067,12212,IO_TPb,0.000000000000e+00
1067,12212,AO_TPb,0.000000000000e+00
1067,12212,PO_TPb,0.000000000000e+00
1067,12212,SED_TPb,0.000000000000e+00
1067,12212,SEDWSSD_TPb,0.000000000000e+00
1067,12212,SEDSCRS_TPb,0.000000000000e+00
1067,12212,SO_TZn,0.000000000000e+00
1067,12212,IO_TZn,0.000000000000e+00
1067,12212,AO_TZn,0.000000000000e+00
1067,12212,PO_TZn,0.000000000000e+00
1067,12212,SED_TZn,0.000000000000e+00
1067,12212,SEDWSSD_TZn,0.000000000000e+00
1067,12212,SEDSCRS_TZn,0.000000000000e+00
1067,12221,AREA,3.763839909995e+02
1067,12221,PREC,3.412469973511e+03
1067,12221,SURO,1.771251137844e+01
1067,12221,IFWO,3.649364920265e+00
1067,12221,AGWO,7.806961915078e+02
1067,12221,PERO,8.020580678065e+02
1067,12221,TAET,2.676595073653e+03
1067,12221,SEDLOAD,5.203534571159e-01
1067,12221,SEDWSSD, 4.31482e-01
1067,12221,SEDSCRS, 0.00000e+00
1067,12221,SEDSURO, 0.00000e+00
1067,12221,SEDIFWO, 4.13497e-04
1067,12221,SEDAGWO, 8.84581e-02
1067,12221,SO_TN,1.686499697858e+01
1067,12221,IO_TN,1.653991040407e+00
1067,12221,AO_TN,1.326872484234e+02
1067,12221,PO_TN,1.512062364424e+02
1067,12221,SO_TP,8.629638149079e-01
1067,12221,IO_TP,3.307982080815e-01
1067,12221,AO_TP,3.538326624624e+01
1067,12221,PO_TP,3.657702826923e+01
1067,12221,SED_TP,8.629638149079e-01
1067,12221,SEDWSSD_TP,8.629638149079e-01
1067,12221,SEDSCRS_TP,0.000000000000e+00
1067,12221,SO_TCd,2.157409537270e-03
1067,12221,IO_TCd,0.000000000000e+00
1067,12221,AO_TCd,0.000000000000e+00
1067,12221,PO_TCd,2.157409537270e-03
1067,12221,SED_TCd,2.157409537270e-03
1067,12221,SEDWSSD_TCd,2.157409537270e-03
1067,12221,SEDSCRS_TCd,0.000000000000e+00
1067,12221,SO_TCu,2.157409537270e-01
1067,12221,IO_TCu,0.000000000000e+00
1067,12221,AO_TCu,0.000000000000e+00
1067,12221,PO_TCu,2.157409537270e-01
1067,12221,SED_TCu,2.157409537270e-01
1067,12221,SEDWSSD_TCu,2.157409537270e-01
1067,12221,SEDSCRS_TCu,0.000000000000e+00
1067,12221,SO_TPb,4.314819074539e-03
1067,12221,IO_TPb,0.000000000000e+00
1067,12221,AO_TPb,0.000000000000e+00
1067,12221,PO_TPb,4.314819074539e-03
1067,12221,SED_TPb,4.314819074539e-03
1067,12221,SEDWSSD_TPb,4.314819074539e-03
1067,12221,SEDSCRS_TPb,0.000000000000e+00
1067,12221,SO_TZn,1.553334866834e+00
1067,12221,IO_TZn,0.000000000000e+00
1067,12221,AO_TZn,8.845816561559e+00
1067,12221,PO_TZn,1.039915142839e+01
1067,12221,SED_TZn,1.553334866834e+00
1067,12221,SEDWSSD_TZn,1.553334866834e+00
1067,12221,SEDSCRS_TZn,0.000000000000e+00
1067,12222,AREA,0.000000000000e+00
1067,12222,PREC,0.000000000000e+00
1067,12222,SURO,0.000000000000e+00
1067,12222,IFWO,0.000000000000e+00
1067,12222,AGWO,0.000000000000e+00
1067,12222,PERO,0.000000000000e+00
1067,12222,TAET,0.000000000000e+00
1067,12222,SEDLOAD,0.000000000000e+00
1067,12222,SEDWSSD, 0.00000e+00
1067,12222,SEDSCRS, 0.00000e+00
1067,12222,SEDSURO, 0.00000e+00
1067,12222,SEDIFWO, 0.00000e+00
1067,12222,SEDAGWO, 0.00000e+00
1067,12222,SO_TN,0.000000000000e+00
1067,12222,IO_TN,0.000000000000e+00
1067,12222,AO_TN,0.000000000000e+00
1067,12222,PO_TN,0.000000000000e+00
1067,12222,SO_TP,0.000000000000e+00
1067,12222,IO_TP,0.000000000000e+00
1067,12222,AO_TP,0.000000000000e+00
1067,12222,PO_TP,0.000000000000e+00
1067,12222,SED_TP,0.000000000000e+00
1067,12222,SEDWSSD_TP,0.000000000000e+00
1067,12222,SEDSCRS_TP,0.000000000000e+00
1067,12222,SO_TCd,0.000000000000e+00
1067,12222,IO_TCd,0.000000000000e+00
1067,12222,AO_TCd,0.000000000000e+00
1067,12222,PO_TCd,0.000000000000e+00
1067,12222,SED_TCd,0.000000000000e+00
1067,12222,SEDWSSD_TCd,0.000000000000e+00
1067,12222,SEDSCRS_TCd,0.000000000000e+00
1067,12222,SO_TCu,0.000000000000e+00
1067,12222,IO_TCu,0.000000000000e+00
1067,12222,AO_TCu,0.000000000000e+00
1067,12222,PO_TCu,0.000000000000e+00
1067,12222,SED_TCu,0.000000000000e+00
1067,12222,SEDWSSD_TCu,0.000000000000e+00
1067,12222,SEDSCRS_TCu,0.000000000000e+00
1067,12222,SO_TPb,0.000000000000e+00
1067,12222,IO_TPb,0.000000000000e+00
1067,12222,AO_TPb,0.000000000000e+00
1067,12222,PO_TPb,0.000000000000e+00
1067,12222,SED_TPb,0.000000000000e+00
1067,12222,SEDWSSD_TPb,0.000000000000e+00
1067,12222,SEDSCRS_TPb,0.000000000000e+00
1067,12222,SO_TZn,0.000000000000e+00
1067,12222,IO_TZn,0.000000000000e+00
1067,12222,AO_TZn,0.000000000000e+00
1067,12222,PO_TZn,0.000000000000e+00
1067,12222,SED_TZn,0.000000000000e+00
1067,12222,SEDWSSD_TZn,0.000000000000e+00
1067,12222,SEDSCRS_TZn,0.000000000000e+00
1067,12311,AREA,2.950881210004e+02
1067,12311,PREC,2.675404311902e+03
1067,12311,SURO,6.014934988043e+01
1067,12311,IFWO,4.221435988453e+00
1067,12311,AGWO,4.774204418745e+02
1067,12311,PERO,5.417912277434e+02
1067,12311,TAET,2.187338644367e+03
1067,12311,SEDLOAD,1.552668506965e+00
1067,12311,SEDWSSD, 1.49810e+00
1067,12311,SEDSCRS, 0.00000e+00
1067,12311,SEDSURO, 0.00000e+00
1067,12311,SEDIFWO, 4.78317e-04
1067,12311,SEDAGWO, 5.40949e-02
1067,12311,SO_TN,4.372050397234e+01
1067,12311,IO_TN,1.913269145484e+00
1067,12311,AO_TN,8.114245395646e+01
1067,12311,PO_TN,1.267762270743e+02
1067,12311,SO_TP,2.996190580405e+00
1067,12311,IO_TP,3.826538290968e-01
1067,12311,AO_TP,2.163798772172e+01
1067,12311,PO_TP,2.501683213122e+01
1067,12311,SED_TP,2.996190580405e+00
1067,12311,SEDWSSD_TP,2.996190580405e+00
1067,12311,SEDSCRS_TP,0.000000000000e+00
1067,12311,SO_TCd,7.490476451012e-03
1067,12311,IO_TCd,0.000000000000e+00
1067,12311,AO_TCd,0.000000000000e+00
1067,12311,PO_TCd,7.490476451012e-03
1067,12311,SED_TCd,7.490476451012e-03
1067,12311,SEDWSSD_TCd,7.490476451012e-03
1067,12311,SEDSCRS_TCd,0.000000000000e+00
1067,12311,SO_TCu,7.490476451012e-01
1067,12311,IO_TCu,0.000000000000e+00
1067,12311,AO_TCu,0.000000000000e+00
1067,12311,PO_TCu,7.490476451012e-01
1067,12311,SED_TCu,7.490476451012e-01
1067,12311,SEDWSSD_TCu,7.490476451012e-01
1067,12311,SEDSCRS_TCu,0.000000000000e+00
1067,12311,SO_TPb,1.498095290202e-02
1067,12311,IO_TPb,0.000000000000e+00
1067,12311,AO_TPb,0.000000000000e+00
1067,12311,PO_TPb,1.498095290202e-02
1067,12311,SED_TPb,1.498095290202e-02
1067,12311,SEDWSSD_TPb,1.498095290202e-02
1067,12311,SEDSCRS_TPb,0.000000000000e+00
1067,12311,SO_TZn,5.393143044729e+00
1067,12311,IO_TZn,0.000000000000e+00
1067,12311,AO_TZn,5.409496930430e+00
1067,12311,PO_TZn,1.080263997516e+01
1067,12311,SED_TZn,5.393143044729e+00
1067,12311,SEDWSSD_TZn,5.393143044729e+00
1067,12311,SEDSCRS_TZn,0.000000000000e+00
1067,12312,AREA,0.000000000000e+00
1067,12312,PREC,0.000000000000e+00
1067,12312,SURO,0.000000000000e+00
1067,12312,IFWO,0.000000000000e+00
1067,12312,AGWO,0.000000000000e+00
1067,12312,PERO,0.000000000000e+00
1067,12312,TAET,0.000000000000e+00
1067,12312,SEDLOAD,0.000000000000e+00
1067,12312,SEDWSSD, 0.00000e+00
1067,12312,SEDSCRS, 0.00000e+00
1067,12312,SEDSURO, 0.00000e+00
1067,12312,SEDIFWO, 0.00000e+00
1067,12312,SEDAGWO, 0.00000e+00
1067,12312,SO_TN,0.000000000000e+00
1067,12312,IO_TN,0.000000000000e+00
1067,12312,AO_TN,0.000000000000e+00
1067,12312,PO_TN,0.000000000000e+00
1067,12312,SO_TP,0.000000000000e+00
1067,12312,IO_TP,0.000000000000e+00
1067,12312,AO_TP,0.000000000000e+00
1067,12312,PO_TP,0.000000000000e+00
1067,12312,SED_TP,0.000000000000e+00
1067,12312,SEDWSSD_TP,0.000000000000e+00
1067,12312,SEDSCRS_TP,0.000000000000e+00
1067,12312,SO_TCd,0.000000000000e+00
1067,12312,IO_TCd,0.000000000000e+00
1067,12312,AO_TCd,0.000000000000e+00
1067,12312,PO_TCd,0.000000000000e+00
1067,12312,SED_TCd,0.000000000000e+00
1067,12312,SEDWSSD_TCd,0.000000000000e+00
1067,12312,SEDSCRS_TCd,0.000000000000e+00
1067,12312,SO_TCu,0.000000000000e+00
1067,12312,IO_TCu,0.000000000000e+00
1067,12312,AO_TCu,0.000000000000e+00
1067,12312,PO_TCu,0.000000000000e+00
1067,12312,SED_TCu,0.000000000000e+00
1067,12312,SEDWSSD_TCu,0.000000000000e+00
1067,12312,SEDSCRS_TCu,0.000000000000e+00
1067,12312,SO_TPb,0.000000000000e+00
1067,12312,IO_TPb,0.000000000000e+00
1067,12312,AO_TPb,0.000000000000e+00
1067,12312,PO_TPb,0.000000000000e+00
1067,12312,SED_TPb,0.000000000000e+00
1067,12312,SEDWSSD_TPb,0.000000000000e+00
1067,12312,SEDSCRS_TPb,0.000000000000e+00
1067,12312,SO_TZn,0.000000000000e+00
1067,12312,IO_TZn,0.000000000000e+00
1067,12312,AO_TZn,0.000000000000e+00
1067,12312,PO_TZn,0.000000000000e+00
1067,12312,SED_TZn,0.000000000000e+00
1067,12312,SEDWSSD_TZn,0.000000000000e+00
1067,12312,SEDSCRS_TZn,0.000000000000e+00
1067,12321,AREA,1.022610000000e+00
1067,12321,PREC,9.271451504460e+00
1067,12321,SURO,2.682064318467e-01
1067,12321,IFWO,1.662992904315e-02
1067,12321,AGWO,1.664025176210e+00
1067,12321,PERO,1.948861537099e+00
1067,12321,TAET,7.506095318987e+00
1067,12321,SEDLOAD,5.899004420258e-03
1067,12321,SEDWSSD, 5.70858e-03
1067,12321,SEDSCRS, 0.00000e+00
1067,12321,SEDSURO, 0.00000e+00
1067,12321,SEDIFWO, 1.88428e-06
1067,12321,SEDAGWO, 1.88545e-04
1067,12321,SO_TN,1.800310928410e-01
1067,12321,IO_TN,7.537134334592e-03
1067,12321,AO_TN,2.828179826419e-01
1067,12321,PO_TN,4.703862098175e-01
1067,12321,SO_TP,1.141715011715e-02
1067,12321,IO_TP,1.507426866918e-03
1067,12321,AO_TP,7.541812870451e-02
1067,12321,PO_TP,8.834270568858e-02
1067,12321,SED_TP,1.141715011715e-02
1067,12321,SEDWSSD_TP,1.141715011715e-02
1067,12321,SEDSCRS_TP,0.000000000000e+00
1067,12321,SO_TCd,2.854287529287e-05
1067,12321,IO_TCd,0.000000000000e+00
1067,12321,AO_TCd,0.000000000000e+00
1067,12321,PO_TCd,2.854287529287e-05
1067,12321,SED_TCd,2.854287529287e-05
1067,12321,SEDWSSD_TCd,2.854287529287e-05
1067,12321,SEDSCRS_TCd,0.000000000000e+00
1067,12321,SO_TCu,2.854287529287e-03
1067,12321,IO_TCu,0.000000000000e+00
1067,12321,AO_TCu,0.000000000000e+00
1067,12321,PO_TCu,2.854287529287e-03
1067,12321,SED_TCu,2.854287529287e-03
1067,12321,SEDWSSD_TCu,2.854287529287e-03
1067,12321,SEDSCRS_TCu,0.000000000000e+00
1067,12321,SO_TPb,5.708575058573e-05
1067,12321,IO_TPb,0.000000000000e+00
1067,12321,AO_TPb,0.000000000000e+00
1067,12321,PO_TPb,5.708575058573e-05
1067,12321,SED_TPb,5.708575058573e-05
1067,12321,SEDWSSD_TPb,5.708575058573e-05
1067,12321,SEDSCRS_TPb,0.000000000000e+00
1067,12321,SO_TZn,2.055087021086e-02
1067,12321,IO_TZn,0.000000000000e+00
1067,12321,AO_TZn,1.885453217613e-02
1067,12321,PO_TZn,3.940540238699e-02
1067,12321,SED_TZn,2.055087021086e-02
1067,12321,SEDWSSD_TZn,2.055087021086e-02
1067,12321,SEDSCRS_TZn,0.000000000000e+00
1067,12322,AREA,0.000000000000e+00
1067,12322,PREC,0.000000000000e+00
1067,12322,SURO,0.000000000000e+00
1067,12322,IFWO,0.000000000000e+00
1067,12322,AGWO,0.000000000000e+00
1067,12322,PERO,0.000000000000e+00
1067,12322,TAET,0.000000000000e+00
1067,12322,SEDLOAD,0.000000000000e+00
1067,12322,SEDWSSD, 0.00000e+00
1067,12322,SEDSCRS, 0.00000e+00
1067,12322,SEDSURO, 0.00000e+00
1067,12322,SEDIFWO, 0.00000e+00
1067,12322,SEDAGWO, 0.00000e+00
1067,12322,SO_TN,0.000000000000e+00
1067,12322,IO_TN,0.000000000000e+00
1067,12322,AO_TN,0.000000000000e+00
1067,12322,PO_TN,0.000000000000e+00
1067,12322,SO_TP,0.000000000000e+00
1067,12322,IO_TP,0.000000000000e+00
1067,12322,AO_TP,0.000000000000e+00
1067,12322,PO_TP,0.000000000000e+00
1067,12322,SED_TP,0.000000000000e+00
1067,12322,SEDWSSD_TP,0.000000000000e+00
1067,12322,SEDSCRS_TP,0.000000000000e+00
1067,12322,SO_TCd,0.000000000000e+00
1067,12322,IO_TCd,0.000000000000e+00
1067,12322,AO_TCd,0.000000000000e+00
1067,12322,PO_TCd,0.000000000000e+00
1067,12322,SED_TCd,0.000000000000e+00
1067,12322,SEDWSSD_TCd,0.000000000000e+00
1067,12322,SEDSCRS_TCd,0.000000000000e+00
1067,12322,SO_TCu,0.000000000000e+00
1067,12322,IO_TCu,0.000000000000e+00
1067,12322,AO_TCu,0.000000000000e+00
1067,12322,PO_TCu,0.000000000000e+00
1067,12322,SED_TCu,0.000000000000e+00
1067,12322,SEDWSSD_TCu,0.000000000000e+00
1067,12322,SEDSCRS_TCu,0.000000000000e+00
1067,12322,SO_TPb,0.000000000000e+00
1067,12322,IO_TPb,0.000000000000e+00
1067,12322,AO_TPb,0.000000000000e+00
1067,12322,PO_TPb,0.000000000000e+00
1067,12322,SED_TPb,0.000000000000e+00
1067,12322,SEDWSSD_TPb,0.000000000000e+00
1067,12322,SEDSCRS_TPb,0.000000000000e+00
1067,12322,SO_TZn,0.000000000000e+00
1067,12322,IO_TZn,0.000000000000e+00
1067,12322,AO_TZn,0.000000000000e+00
1067,12322,PO_TZn,0.000000000000e+00
1067,12322,SED_TZn,0.000000000000e+00
1067,12322,SEDWSSD_TZn,0.000000000000e+00
1067,12322,SEDSCRS_TZn,0.000000000000e+00
1067,12411,AREA,7.594019700006e+01
1067,12411,PREC,6.885086726363e+02
1067,12411,SURO,3.776747049728e+01
1067,12411,IFWO,5.173838845621e-01
1067,12411,AGWO,9.074684349820e+01
1067,12411,PERO,1.290316978800e+02
1067,12411,TAET,5.730262694286e+02
1067,12411,SEDLOAD,3.262509022252e-01
1067,12411,SEDWSSD, 3.15910e-01
1067,12411,SEDSCRS, 0.00000e+00
1067,12411,SEDSURO, 0.00000e+00
1067,12411,SEDIFWO, 5.86230e-05
1067,12411,SEDAGWO, 1.02822e-02
1067,12411,SO_TN,1.954675147207e+01
1067,12411,IO_TN,2.344923920228e-01
1067,12411,AO_TN,1.542334790135e+01
1067,12411,PO_TN,3.520459176544e+01
1067,12411,SO_TP,6.318201208488e-01
1067,12411,IO_TP,4.689847840456e-02
1067,12411,AO_TP,4.112892773693e+00
1067,12411,PO_TP,4.791611372947e+00
1067,12411,SED_TP,6.318201208488e-01
1067,12411,SEDWSSD_TP,6.318201208488e-01
1067,12411,SEDSCRS_TP,0.000000000000e+00
1067,12411,SO_TCd,1.579550302122e-03
1067,12411,IO_TCd,0.000000000000e+00
1067,12411,AO_TCd,0.000000000000e+00
1067,12411,PO_TCd,1.579550302122e-03
1067,12411,SED_TCd,1.579550302122e-03
1067,12411,SEDWSSD_TCd,1.579550302122e-03
1067,12411,SEDSCRS_TCd,0.000000000000e+00
1067,12411,SO_TCu,1.579550302122e-01
1067,12411,IO_TCu,0.000000000000e+00
1067,12411,AO_TCu,0.000000000000e+00
1067,12411,PO_TCu,1.579550302122e-01
1067,12411,SED_TCu,1.579550302122e-01
1067,12411,SEDWSSD_TCu,1.579550302122e-01
1067,12411,SEDSCRS_TCu,0.000000000000e+00
1067,12411,SO_TPb,3.159100604244e-03
1067,12411,IO_TPb,0.000000000000e+00
1067,12411,AO_TPb,0.000000000000e+00
1067,12411,PO_TPb,3.159100604244e-03
1067,12411,SED_TPb,3.159100604244e-03
1067,12411,SEDWSSD_TPb,3.159100604244e-03
1067,12411,SEDSCRS_TPb,0.000000000000e+00
1067,12411,SO_TZn,1.137276217528e+00
1067,12411,IO_TZn,0.000000000000e+00
1067,12411,AO_TZn,1.028223193423e+00
1067,12411,PO_TZn,2.165499410951e+00
1067,12411,SED_TZn,1.137276217528e+00
1067,12411,SEDWSSD_TZn,1.137276217528e+00
1067,12411,SEDSCRS_TZn,0.000000000000e+00
1067,12412,AREA,0.000000000000e+00
1067,12412,PREC,0.000000000000e+00
1067,12412,SURO,0.000000000000e+00
1067,12412,IFWO,0.000000000000e+00
1067,12412,AGWO,0.000000000000e+00
1067,12412,PERO,0.000000000000e+00
1067,12412,TAET,0.000000000000e+00
1067,12412,SEDLOAD,0.000000000000e+00
1067,12412,SEDWSSD, 0.00000e+00
1067,12412,SEDSCRS, 0.00000e+00
1067,12412,SEDSURO, 0.00000e+00
1067,12412,SEDIFWO, 0.00000e+00
1067,12412,SEDAGWO, 0.00000e+00
1067,12412,SO_TN,0.000000000000e+00
1067,12412,IO_TN,0.000000000000e+00
1067,12412,AO_TN,0.000000000000e+00
1067,12412,PO_TN,0.000000000000e+00
1067,12412,SO_TP,0.000000000000e+00
1067,12412,IO_TP,0.000000000000e+00
1067,12412,AO_TP,0.000000000000e+00
1067,12412,PO_TP,0.000000000000e+00
1067,12412,SED_TP,0.000000000000e+00
1067,12412,SEDWSSD_TP,0.000000000000e+00
1067,12412,SEDSCRS_TP,0.000000000000e+00
1067,12412,SO_TCd,0.000000000000e+00
1067,12412,IO_TCd,0.000000000000e+00
1067,12412,AO_TCd,0.000000000000e+00
1067,12412,PO_TCd,0.000000000000e+00
1067,12412,SED_TCd,0.000000000000e+00
1067,12412,SEDWSSD_TCd,0.000000000000e+00
1067,12412,SEDSCRS_TCd,0.000000000000e+00
1067,12412,SO_TCu,0.000000000000e+00
1067,12412,IO_TCu,0.000000000000e+00
1067,12412,AO_TCu,0.000000000000e+00
1067,12412,PO_TCu,0.000000000000e+00
1067,12412,SED_TCu,0.000000000000e+00
1067,12412,SEDWSSD_TCu,0.000000000000e+00
1067,12412,SEDSCRS_TCu,0.000000000000e+00
1067,12412,SO_TPb,0.000000000000e+00
1067,12412,IO_TPb,0.000000000000e+00
1067,12412,AO_TPb,0.000000000000e+00
1067,12412,PO_TPb,0.000000000000e+00
1067,12412,SED_TPb,0.000000000000e+00
1067,12412,SEDWSSD_TPb,0.000000000000e+00
1067,12412,SEDSCRS_TPb,0.000000000000e+00
1067,12412,SO_TZn,0.000000000000e+00
1067,12412,IO_TZn,0.000000000000e+00
1067,12412,AO_TZn,0.000000000000e+00
1067,12412,PO_TZn,0.000000000000e+00
1067,12412,SED_TZn,0.000000000000e+00
1067,12412,SEDWSSD_TZn,0.000000000000e+00
1067,12412,SEDSCRS_TZn,0.000000000000e+00
1067,12421,AREA,2.846200000001e+01
1067,12421,PREC,2.580495523415e+02
1067,12421,SURO,1.815706075307e+01
1067,12421,IFWO,1.789214438966e-01
1067,12421,AGWO,3.291290337601e+01
1067,12421,PERO,5.124888557298e+01
1067,12421,TAET,2.117656643486e+02
1067,12421,SEDLOAD,1.454788303604e-01
1067,12421,SEDWSSD, 1.41729e-01
1067,12421,SEDSCRS, 0.00000e+00
1067,12421,SEDSURO, 0.00000e+00
1067,12421,SEDIFWO, 2.02730e-05
1067,12421,SEDAGWO, 3.72925e-03
1067,12421,SO_TN,8.642509635383e+00
1067,12421,IO_TN,8.109204522093e-02
1067,12421,AO_TN,5.593882273402e+00
1067,12421,PO_TN,1.431748395401e+01
1067,12421,SO_TP,2.834586145956e-01
1067,12421,IO_TP,1.621840904419e-02
1067,12421,AO_TP,1.491701939574e+00
1067,12421,PO_TP,1.791378963214e+00
1067,12421,SED_TP,2.834586145956e-01
1067,12421,SEDWSSD_TP,2.834586145956e-01
1067,12421,SEDSCRS_TP,0.000000000000e+00
1067,12421,SO_TCd,7.086465364890e-04
1067,12421,IO_TCd,0.000000000000e+00
1067,12421,AO_TCd,0.000000000000e+00
1067,12421,PO_TCd,7.086465364890e-04
1067,12421,SED_TCd,7.086465364890e-04
1067,12421,SEDWSSD_TCd,7.086465364890e-04
1067,12421,SEDSCRS_TCd,0.000000000000e+00
1067,12421,SO_TCu,7.086465364890e-02
1067,12421,IO_TCu,0.000000000000e+00
1067,12421,AO_TCu,0.000000000000e+00
1067,12421,PO_TCu,7.086465364890e-02
1067,12421,SED_TCu,7.086465364890e-02
1067,12421,SEDWSSD_TCu,7.086465364890e-02
1067,12421,SEDSCRS_TCu,0.000000000000e+00
1067,12421,SO_TPb,1.417293072978e-03
1067,12421,IO_TPb,0.000000000000e+00
1067,12421,AO_TPb,0.000000000000e+00
1067,12421,PO_TPb,1.417293072978e-03
1067,12421,SED_TPb,1.417293072978e-03
1067,12421,SEDWSSD_TPb,1.417293072978e-03
1067,12421,SEDSCRS_TPb,0.000000000000e+00
1067,12421,SO_TZn,5.102255062720e-01
1067,12421,IO_TZn,0.000000000000e+00
1067,12421,AO_TZn,3.729254848935e-01
1067,12421,PO_TZn,8.831509911655e-01
1067,12421,SED_TZn,5.102255062720e-01
1067,12421,SEDWSSD_TZn,5.102255062720e-01
1067,12421,SEDSCRS_TZn,0.000000000000e+00
1067,12422,AREA,0.000000000000e+00
1067,12422,PREC,0.000000000000e+00
1067,12422,SURO,0.000000000000e+00
1067,12422,IFWO,0.000000000000e+00
1067,12422,AGWO,0.000000000000e+00
1067,12422,PERO,0.000000000000e+00
1067,12422,TAET,0.000000000000e+00
1067,12422,SEDLOAD,0.000000000000e+00
1067,12422,SEDWSSD, 0.00000e+00
1067,12422,SEDSCRS, 0.00000e+00
1067,12422,SEDSURO, 0.00000e+00
1067,12422,SEDIFWO, 0.00000e+00
1067,12422,SEDAGWO, 0.00000e+00
1067,12422,SO_TN,0.000000000000e+00
1067,12422,IO_TN,0.000000000000e+00
1067,12422,AO_TN,0.000000000000e+00
1067,12422,PO_TN,0.000000000000e+00
1067,12422,SO_TP,0.000000000000e+00
1067,12422,IO_TP,0.000000000000e+00
1067,12422,AO_TP,0.000000000000e+00
1067,12422,PO_TP,0.000000000000e+00
1067,12422,SED_TP,0.000000000000e+00
1067,12422,SEDWSSD_TP,0.000000000000e+00
1067,12422,SEDSCRS_TP,0.000000000000e+00
1067,12422,SO_TCd,0.000000000000e+00
1067,12422,IO_TCd,0.000000000000e+00
1067,12422,AO_TCd,0.000000000000e+00
1067,12422,PO_TCd,0.000000000000e+00
1067,12422,SED_TCd,0.000000000000e+00
1067,12422,SEDWSSD_TCd,0.000000000000e+00
1067,12422,SEDSCRS_TCd,0.000000000000e+00
1067,12422,SO_TCu,0.000000000000e+00
1067,12422,IO_TCu,0.000000000000e+00
1067,12422,AO_TCu,0.000000000000e+00
1067,12422,PO_TCu,0.000000000000e+00
1067,12422,SED_TCu,0.000000000000e+00
1067,12422,SEDWSSD_TCu,0.000000000000e+00
1067,12422,SEDSCRS_TCu,0.000000000000e+00
1067,12422,SO_TPb,0.000000000000e+00
1067,12422,IO_TPb,0.000000000000e+00
1067,12422,AO_TPb,0.000000000000e+00
1067,12422,PO_TPb,0.000000000000e+00
1067,12422,SED_TPb,0.000000000000e+00
1067,12422,SEDWSSD_TPb,0.000000000000e+00
1067,12422,SEDSCRS_TPb,0.000000000000e+00
1067,12422,SO_TZn,0.000000000000e+00
1067,12422,IO_TZn,0.000000000000e+00
1067,12422,AO_TZn,0.000000000000e+00
1067,12422,PO_TZn,0.000000000000e+00
1067,12422,SED_TZn,0.000000000000e+00
1067,12422,SEDWSSD_TZn,0.000000000000e+00
1067,12422,SEDSCRS_TZn,0.000000000000e+00
1067,13111,AREA,0.000000000000e+00
1067,13111,PREC,0.000000000000e+00
1067,13111,SURO,0.000000000000e+00
1067,13111,IFWO,0.000000000000e+00
1067,13111,AGWO,0.000000000000e+00
1067,13111,PERO,0.000000000000e+00
1067,13111,TAET,0.000000000000e+00
1067,13111,SEDLOAD,0.000000000000e+00
1067,13111,SEDWSSD, 0.00000e+00
1067,13111,SEDSCRS, 0.00000e+00
1067,13111,SEDSURO, 0.00000e+00
1067,13111,SEDIFWO, 0.00000e+00
1067,13111,SEDAGWO, 0.00000e+00
1067,13111,SO_TN,0.000000000000e+00
1067,13111,IO_TN,0.000000000000e+00
1067,13111,AO_TN,0.000000000000e+00
1067,13111,PO_TN,0.000000000000e+00
1067,13111,SO_TP,0.000000000000e+00
1067,13111,IO_TP,0.000000000000e+00
1067,13111,AO_TP,0.000000000000e+00
1067,13111,PO_TP,0.000000000000e+00
1067,13111,SED_TP,0.000000000000e+00
1067,13111,SEDWSSD_TP,0.000000000000e+00
1067,13111,SEDSCRS_TP,0.000000000000e+00
1067,13111,SO_TCd,0.000000000000e+00
1067,13111,IO_TCd,0.000000000000e+00
1067,13111,AO_TCd,0.000000000000e+00
1067,13111,PO_TCd,0.000000000000e+00
1067,13111,SED_TCd,0.000000000000e+00
1067,13111,SEDWSSD_TCd,0.000000000000e+00
1067,13111,SEDSCRS_TCd,0.000000000000e+00
1067,13111,SO_TCu,0.000000000000e+00
1067,13111,IO_TCu,0.000000000000e+00
1067,13111,AO_TCu,0.000000000000e+00
1067,13111,PO_TCu,0.000000000000e+00
1067,13111,SED_TCu,0.000000000000e+00
1067,13111,SEDWSSD_TCu,0.000000000000e+00
1067,13111,SEDSCRS_TCu,0.000000000000e+00
1067,13111,SO_TPb,0.000000000000e+00
1067,13111,IO_TPb,0.000000000000e+00
1067,13111,AO_TPb,0.000000000000e+00
1067,13111,PO_TPb,0.000000000000e+00
1067,13111,SED_TPb,0.000000000000e+00
1067,13111,SEDWSSD_TPb,0.000000000000e+00
1067,13111,SEDSCRS_TPb,0.000000000000e+00
1067,13111,SO_TZn,0.000000000000e+00
1067,13111,IO_TZn,0.000000000000e+00
1067,13111,AO_TZn,0.000000000000e+00
1067,13111,PO_TZn,0.000000000000e+00
1067,13111,SED_TZn,0.000000000000e+00
1067,13111,SEDWSSD_TZn,0.000000000000e+00
1067,13111,SEDSCRS_TZn,0.000000000000e+00
1067,13112,AREA,0.000000000000e+00
1067,13112,PREC,0.000000000000e+00
1067,13112,SURO,0.000000000000e+00
1067,13112,IFWO,0.000000000000e+00
1067,13112,AGWO,0.000000000000e+00
1067,13112,PERO,0.000000000000e+00
1067,13112,TAET,0.000000000000e+00
1067,13112,SEDLOAD,0.000000000000e+00
1067,13112,SEDWSSD, 0.00000e+00
1067,13112,SEDSCRS, 0.00000e+00
1067,13112,SEDSURO, 0.00000e+00
1067,13112,SEDIFWO, 0.00000e+00
1067,13112,SEDAGWO, 0.00000e+00
1067,13112,SO_TN,0.000000000000e+00
1067,13112,IO_TN,0.000000000000e+00
1067,13112,AO_TN,0.000000000000e+00
1067,13112,PO_TN,0.000000000000e+00
1067,13112,SO_TP,0.000000000000e+00
1067,13112,IO_TP,0.000000000000e+00
1067,13112,AO_TP,0.000000000000e+00
1067,13112,PO_TP,0.000000000000e+00
1067,13112,SED_TP,0.000000000000e+00
1067,13112,SEDWSSD_TP,0.000000000000e+00
1067,13112,SEDSCRS_TP,0.000000000000e+00
1067,13112,SO_TCd,0.000000000000e+00
1067,13112,IO_TCd,0.000000000000e+00
1067,13112,AO_TCd,0.000000000000e+00
1067,13112,PO_TCd,0.000000000000e+00
1067,13112,SED_TCd,0.000000000000e+00
1067,13112,SEDWSSD_TCd,0.000000000000e+00
1067,13112,SEDSCRS_TCd,0.000000000000e+00
1067,13112,SO_TCu,0.000000000000e+00
1067,13112,IO_TCu,0.000000000000e+00
1067,13112,AO_TCu,0.000000000000e+00
1067,13112,PO_TCu,0.000000000000e+00
1067,13112,SED_TCu,0.000000000000e+00
1067,13112,SEDWSSD_TCu,0.000000000000e+00
1067,13112,SEDSCRS_TCu,0.000000000000e+00
1067,13112,SO_TPb,0.000000000000e+00
1067,13112,IO_TPb,0.000000000000e+00
1067,13112,AO_TPb,0.000000000000e+00
1067,13112,PO_TPb,0.000000000000e+00
1067,13112,SED_TPb,0.000000000000e+00
1067,13112,SEDWSSD_TPb,0.000000000000e+00
1067,13112,SEDSCRS_TPb,0.000000000000e+00
1067,13112,SO_TZn,0.000000000000e+00
1067,13112,IO_TZn,0.000000000000e+00
1067,13112,AO_TZn,0.000000000000e+00
1067,13112,PO_TZn,0.000000000000e+00
1067,13112,SED_TZn,0.000000000000e+00
1067,13112,SEDWSSD_TZn,0.000000000000e+00
1067,13112,SEDSCRS_TZn,0.000000000000e+00
1067,13121,AREA,0.000000000000e+00
1067,13121,PREC,0.000000000000e+00
1067,13121,SURO,0.000000000000e+00
1067,13121,IFWO,0.000000000000e+00
1067,13121,AGWO,0.000000000000e+00
1067,13121,PERO,0.000000000000e+00
1067,13121,TAET,0.000000000000e+00
1067,13121,SEDLOAD,0.000000000000e+00
1067,13121,SEDWSSD, 0.00000e+00
1067,13121,SEDSCRS, 0.00000e+00
1067,13121,SEDSURO, 0.00000e+00
1067,13121,SEDIFWO, 0.00000e+00
1067,13121,SEDAGWO, 0.00000e+00
1067,13121,SO_TN,0.000000000000e+00
1067,13121,IO_TN,0.000000000000e+00
1067,13121,AO_TN,0.000000000000e+00
1067,13121,PO_TN,0.000000000000e+00
1067,13121,SO_TP,0.000000000000e+00
1067,13121,IO_TP,0.000000000000e+00
1067,13121,AO_TP,0.000000000000e+00
1067,13121,PO_TP,0.000000000000e+00
1067,13121,SED_TP,0.000000000000e+00
1067,13121,SEDWSSD_TP,0.000000000000e+00
1067,13121,SEDSCRS_TP,0.000000000000e+00
1067,13121,SO_TCd,0.000000000000e+00
1067,13121,IO_TCd,0.000000000000e+00
1067,13121,AO_TCd,0.000000000000e+00
1067,13121,PO_TCd,0.000000000000e+00
1067,13121,SED_TCd,0.000000000000e+00
1067,13121,SEDWSSD_TCd,0.000000000000e+00
1067,13121,SEDSCRS_TCd,0.000000000000e+00
1067,13121,SO_TCu,0.000000000000e+00
1067,13121,IO_TCu,0.000000000000e+00
1067,13121,AO_TCu,0.000000000000e+00
1067,13121,PO_TCu,0.000000000000e+00
1067,13121,SED_TCu,0.000000000000e+00
1067,13121,SEDWSSD_TCu,0.000000000000e+00
1067,13121,SEDSCRS_TCu,0.000000000000e+00
1067,13121,SO_TPb,0.000000000000e+00
1067,13121,IO_TPb,0.000000000000e+00
1067,13121,AO_TPb,0.000000000000e+00
1067,13121,PO_TPb,0.000000000000e+00
1067,13121,SED_TPb,0.000000000000e+00
1067,13121,SEDWSSD_TPb,0.000000000000e+00
1067,13121,SEDSCRS_TPb,0.000000000000e+00
1067,13121,SO_TZn,0.000000000000e+00
1067,13121,IO_TZn,0.000000000000e+00
1067,13121,AO_TZn,0.000000000000e+00
1067,13121,PO_TZn,0.000000000000e+00
1067,13121,SED_TZn,0.000000000000e+00
1067,13121,SEDWSSD_TZn,0.000000000000e+00
1067,13121,SEDSCRS_TZn,0.000000000000e+00
1067,13122,AREA,0.000000000000e+00
1067,13122,PREC,0.000000000000e+00
1067,13122,SURO,0.000000000000e+00
1067,13122,IFWO,0.000000000000e+00
1067,13122,AGWO,0.000000000000e+00
1067,13122,PERO,0.000000000000e+00
1067,13122,TAET,0.000000000000e+00
1067,13122,SEDLOAD,0.000000000000e+00
1067,13122,SEDWSSD, 0.00000e+00
1067,13122,SEDSCRS, 0.00000e+00
1067,13122,SEDSURO, 0.00000e+00
1067,13122,SEDIFWO, 0.00000e+00
1067,13122,SEDAGWO, 0.00000e+00
1067,13122,SO_TN,0.000000000000e+00
1067,13122,IO_TN,0.000000000000e+00
1067,13122,AO_TN,0.000000000000e+00
1067,13122,PO_TN,0.000000000000e+00
1067,13122,SO_TP,0.000000000000e+00
1067,13122,IO_TP,0.000000000000e+00
1067,13122,AO_TP,0.000000000000e+00
1067,13122,PO_TP,0.000000000000e+00
1067,13122,SED_TP,0.000000000000e+00
1067,13122,SEDWSSD_TP,0.000000000000e+00
1067,13122,SEDSCRS_TP,0.000000000000e+00
1067,13122,SO_TCd,0.000000000000e+00
1067,13122,IO_TCd,0.000000000000e+00
1067,13122,AO_TCd,0.000000000000e+00
1067,13122,PO_TCd,0.000000000000e+00
1067,13122,SED_TCd,0.000000000000e+00
1067,13122,SEDWSSD_TCd,0.000000000000e+00
1067,13122,SEDSCRS_TCd,0.000000000000e+00
1067,13122,SO_TCu,0.000000000000e+00
1067,13122,IO_TCu,0.000000000000e+00
1067,13122,AO_TCu,0.000000000000e+00
1067,13122,PO_TCu,0.000000000000e+00
1067,13122,SED_TCu,0.000000000000e+00
1067,13122,SEDWSSD_TCu,0.000000000000e+00
1067,13122,SEDSCRS_TCu,0.000000000000e+00
1067,13122,SO_TPb,0.000000000000e+00
1067,13122,IO_TPb,0.000000000000e+00
1067,13122,AO_TPb,0.000000000000e+00
1067,13122,PO_TPb,0.000000000000e+00
1067,13122,SED_TPb,0.000000000000e+00
1067,13122,SEDWSSD_TPb,0.000000000000e+00
1067,13122,SEDSCRS_TPb,0.000000000000e+00
1067,13122,SO_TZn,0.000000000000e+00
1067,13122,IO_TZn,0.000000000000e+00
1067,13122,AO_TZn,0.000000000000e+00
1067,13122,PO_TZn,0.000000000000e+00
1067,13122,SED_TZn,0.000000000000e+00
1067,13122,SEDWSSD_TZn,0.000000000000e+00
1067,13122,SEDSCRS_TZn,0.000000000000e+00
1067,13211,AREA,0.000000000000e+00
1067,13211,PREC,0.000000000000e+00
1067,13211,SURO,0.000000000000e+00
1067,13211,IFWO,0.000000000000e+00
1067,13211,AGWO,0.000000000000e+00
1067,13211,PERO,0.000000000000e+00
1067,13211,TAET,0.000000000000e+00
1067,13211,SEDLOAD,0.000000000000e+00
1067,13211,SEDWSSD, 0.00000e+00
1067,13211,SEDSCRS, 0.00000e+00
1067,13211,SEDSURO, 0.00000e+00
1067,13211,SEDIFWO, 0.00000e+00
1067,13211,SEDAGWO, 0.00000e+00
1067,13211,SO_TN,0.000000000000e+00
1067,13211,IO_TN,0.000000000000e+00
1067,13211,AO_TN,0.000000000000e+00
1067,13211,PO_TN,0.000000000000e+00
1067,13211,SO_TP,0.000000000000e+00
1067,13211,IO_TP,0.000000000000e+00
1067,13211,AO_TP,0.000000000000e+00
1067,13211,PO_TP,0.000000000000e+00
1067,13211,SED_TP,0.000000000000e+00
1067,13211,SEDWSSD_TP,0.000000000000e+00
1067,13211,SEDSCRS_TP,0.000000000000e+00
1067,13211,SO_TCd,0.000000000000e+00
1067,13211,IO_TCd,0.000000000000e+00
1067,13211,AO_TCd,0.000000000000e+00
1067,13211,PO_TCd,0.000000000000e+00
1067,13211,SED_TCd,0.000000000000e+00
1067,13211,SEDWSSD_TCd,0.000000000000e+00
1067,13211,SEDSCRS_TCd,0.000000000000e+00
1067,13211,SO_TCu,0.000000000000e+00
1067,13211,IO_TCu,0.000000000000e+00
1067,13211,AO_TCu,0.000000000000e+00
1067,13211,PO_TCu,0.000000000000e+00
1067,13211,SED_TCu,0.000000000000e+00
1067,13211,SEDWSSD_TCu,0.000000000000e+00
1067,13211,SEDSCRS_TCu,0.000000000000e+00
1067,13211,SO_TPb,0.000000000000e+00
1067,13211,IO_TPb,0.000000000000e+00
1067,13211,AO_TPb,0.000000000000e+00
1067,13211,PO_TPb,0.000000000000e+00
1067,13211,SED_TPb,0.000000000000e+00
1067,13211,SEDWSSD_TPb,0.000000000000e+00
1067,13211,SEDSCRS_TPb,0.000000000000e+00
1067,13211,SO_TZn,0.000000000000e+00
1067,13211,IO_TZn,0.000000000000e+00
1067,13211,AO_TZn,0.000000000000e+00
1067,13211,PO_TZn,0.000000000000e+00
1067,13211,SED_TZn,0.000000000000e+00
1067,13211,SEDWSSD_TZn,0.000000000000e+00
1067,13211,SEDSCRS_TZn,0.000000000000e+00
1067,13212,AREA,0.000000000000e+00
1067,13212,PREC,0.000000000000e+00
1067,13212,SURO,0.000000000000e+00
1067,13212,IFWO,0.000000000000e+00
1067,13212,AGWO,0.000000000000e+00
1067,13212,PERO,0.000000000000e+00
1067,13212,TAET,0.000000000000e+00
1067,13212,SEDLOAD,0.000000000000e+00
1067,13212,SEDWSSD, 0.00000e+00
1067,13212,SEDSCRS, 0.00000e+00
1067,13212,SEDSURO, 0.00000e+00
1067,13212,SEDIFWO, 0.00000e+00
1067,13212,SEDAGWO, 0.00000e+00
1067,13212,SO_TN,0.000000000000e+00
1067,13212,IO_TN,0.000000000000e+00
1067,13212,AO_TN,0.000000000000e+00
1067,13212,PO_TN,0.000000000000e+00
1067,13212,SO_TP,0.000000000000e+00
1067,13212,IO_TP,0.000000000000e+00
1067,13212,AO_TP,0.000000000000e+00
1067,13212,PO_TP,0.000000000000e+00
1067,13212,SED_TP,0.000000000000e+00
1067,13212,SEDWSSD_TP,0.000000000000e+00
1067,13212,SEDSCRS_TP,0.000000000000e+00
1067,13212,SO_TCd,0.000000000000e+00
1067,13212,IO_TCd,0.000000000000e+00
1067,13212,AO_TCd,0.000000000000e+00
1067,13212,PO_TCd,0.000000000000e+00
1067,13212,SED_TCd,0.000000000000e+00
1067,13212,SEDWSSD_TCd,0.000000000000e+00
1067,13212,SEDSCRS_TCd,0.000000000000e+00
1067,13212,SO_TCu,0.000000000000e+00
1067,13212,IO_TCu,0.000000000000e+00
1067,13212,AO_TCu,0.000000000000e+00
1067,13212,PO_TCu,0.000000000000e+00
1067,13212,SED_TCu,0.000000000000e+00
1067,13212,SEDWSSD_TCu,0.000000000000e+00
1067,13212,SEDSCRS_TCu,0.000000000000e+00
1067,13212,SO_TPb,0.000000000000e+00
1067,13212,IO_TPb,0.000000000000e+00
1067,13212,AO_TPb,0.000000000000e+00
1067,13212,PO_TPb,0.000000000000e+00
1067,13212,SED_TPb,0.000000000000e+00
1067,13212,SEDWSSD_TPb,0.000000000000e+00
1067,13212,SEDSCRS_TPb,0.000000000000e+00
1067,13212,SO_TZn,0.000000000000e+00
1067,13212,IO_TZn,0.000000000000e+00
1067,13212,AO_TZn,0.000000000000e+00
1067,13212,PO_TZn,0.000000000000e+00
1067,13212,SED_TZn,0.000000000000e+00
1067,13212,SEDWSSD_TZn,0.000000000000e+00
1067,13212,SEDSCRS_TZn,0.000000000000e+00
1067,13221,AREA,0.000000000000e+00
1067,13221,PREC,0.000000000000e+00
1067,13221,SURO,0.000000000000e+00
1067,13221,IFWO,0.000000000000e+00
1067,13221,AGWO,0.000000000000e+00
1067,13221,PERO,0.000000000000e+00
1067,13221,TAET,0.000000000000e+00
1067,13221,SEDLOAD,0.000000000000e+00
1067,13221,SEDWSSD, 0.00000e+00
1067,13221,SEDSCRS, 0.00000e+00
1067,13221,SEDSURO, 0.00000e+00
1067,13221,SEDIFWO, 0.00000e+00
1067,13221,SEDAGWO, 0.00000e+00
1067,13221,SO_TN,0.000000000000e+00
1067,13221,IO_TN,0.000000000000e+00
1067,13221,AO_TN,0.000000000000e+00
1067,13221,PO_TN,0.000000000000e+00
1067,13221,SO_TP,0.000000000000e+00
1067,13221,IO_TP,0.000000000000e+00
1067,13221,AO_TP,0.000000000000e+00
1067,13221,PO_TP,0.000000000000e+00
1067,13221,SED_TP,0.000000000000e+00
1067,13221,SEDWSSD_TP,0.000000000000e+00
1067,13221,SEDSCRS_TP,0.000000000000e+00
1067,13221,SO_TCd,0.000000000000e+00
1067,13221,IO_TCd,0.000000000000e+00
1067,13221,AO_TCd,0.000000000000e+00
1067,13221,PO_TCd,0.000000000000e+00
1067,13221,SED_TCd,0.000000000000e+00
1067,13221,SEDWSSD_TCd,0.000000000000e+00
1067,13221,SEDSCRS_TCd,0.000000000000e+00
1067,13221,SO_TCu,0.000000000000e+00
1067,13221,IO_TCu,0.000000000000e+00
1067,13221,AO_TCu,0.000000000000e+00
1067,13221,PO_TCu,0.000000000000e+00
1067,13221,SED_TCu,0.000000000000e+00
1067,13221,SEDWSSD_TCu,0.000000000000e+00
1067,13221,SEDSCRS_TCu,0.000000000000e+00
1067,13221,SO_TPb,0.000000000000e+00
1067,13221,IO_TPb,0.000000000000e+00
1067,13221,AO_TPb,0.000000000000e+00
1067,13221,PO_TPb,0.000000000000e+00
1067,13221,SED_TPb,0.000000000000e+00
1067,13221,SEDWSSD_TPb,0.000000000000e+00
1067,13221,SEDSCRS_TPb,0.000000000000e+00
1067,13221,SO_TZn,0.000000000000e+00
1067,13221,IO_TZn,0.000000000000e+00
1067,13221,AO_TZn,0.000000000000e+00
1067,13221,PO_TZn,0.000000000000e+00
1067,13221,SED_TZn,0.000000000000e+00
1067,13221,SEDWSSD_TZn,0.000000000000e+00
1067,13221,SEDSCRS_TZn,0.000000000000e+00
1067,13222,AREA,0.000000000000e+00
1067,13222,PREC,0.000000000000e+00
1067,13222,SURO,0.000000000000e+00
1067,13222,IFWO,0.000000000000e+00
1067,13222,AGWO,0.000000000000e+00
1067,13222,PERO,0.000000000000e+00
1067,13222,TAET,0.000000000000e+00
1067,13222,SEDLOAD,0.000000000000e+00
1067,13222,SEDWSSD, 0.00000e+00
1067,13222,SEDSCRS, 0.00000e+00
1067,13222,SEDSURO, 0.00000e+00
1067,13222,SEDIFWO, 0.00000e+00
1067,13222,SEDAGWO, 0.00000e+00
1067,13222,SO_TN,0.000000000000e+00
1067,13222,IO_TN,0.000000000000e+00
1067,13222,AO_TN,0.000000000000e+00
1067,13222,PO_TN,0.000000000000e+00
1067,13222,SO_TP,0.000000000000e+00
1067,13222,IO_TP,0.000000000000e+00
1067,13222,AO_TP,0.000000000000e+00
1067,13222,PO_TP,0.000000000000e+00
1067,13222,SED_TP,0.000000000000e+00
1067,13222,SEDWSSD_TP,0.000000000000e+00
1067,13222,SEDSCRS_TP,0.000000000000e+00
1067,13222,SO_TCd,0.000000000000e+00
1067,13222,IO_TCd,0.000000000000e+00
1067,13222,AO_TCd,0.000000000000e+00
1067,13222,PO_TCd,0.000000000000e+00
1067,13222,SED_TCd,0.000000000000e+00
1067,13222,SEDWSSD_TCd,0.000000000000e+00
1067,13222,SEDSCRS_TCd,0.000000000000e+00
1067,13222,SO_TCu,0.000000000000e+00
1067,13222,IO_TCu,0.000000000000e+00
1067,13222,AO_TCu,0.000000000000e+00
1067,13222,PO_TCu,0.000000000000e+00
1067,13222,SED_TCu,0.000000000000e+00
1067,13222,SEDWSSD_TCu,0.000000000000e+00
1067,13222,SEDSCRS_TCu,0.000000000000e+00
1067,13222,SO_TPb,0.000000000000e+00
1067,13222,IO_TPb,0.000000000000e+00
1067,13222,AO_TPb,0.000000000000e+00
1067,13222,PO_TPb,0.000000000000e+00
1067,13222,SED_TPb,0.000000000000e+00
1067,13222,SEDWSSD_TPb,0.000000000000e+00
1067,13222,SEDSCRS_TPb,0.000000000000e+00
1067,13222,SO_TZn,0.000000000000e+00
1067,13222,IO_TZn,0.000000000000e+00
1067,13222,AO_TZn,0.000000000000e+00
1067,13222,PO_TZn,0.000000000000e+00
1067,13222,SED_TZn,0.000000000000e+00
1067,13222,SEDWSSD_TZn,0.000000000000e+00
1067,13222,SEDSCRS_TZn,0.000000000000e+00
1067,13231,AREA,0.000000000000e+00
1067,13231,PREC,0.000000000000e+00
1067,13231,SURO,0.000000000000e+00
1067,13231,IFWO,0.000000000000e+00
1067,13231,AGWO,0.000000000000e+00
1067,13231,PERO,0.000000000000e+00
1067,13231,TAET,0.000000000000e+00
1067,13231,SEDLOAD,0.000000000000e+00
1067,13231,SEDWSSD, 0.00000e+00
1067,13231,SEDSCRS, 0.00000e+00
1067,13231,SEDSURO, 0.00000e+00
1067,13231,SEDIFWO, 0.00000e+00
1067,13231,SEDAGWO, 0.00000e+00
1067,13231,SO_TN,0.000000000000e+00
1067,13231,IO_TN,0.000000000000e+00
1067,13231,AO_TN,0.000000000000e+00
1067,13231,PO_TN,0.000000000000e+00
1067,13231,SO_TP,0.000000000000e+00
1067,13231,IO_TP,0.000000000000e+00
1067,13231,AO_TP,0.000000000000e+00
1067,13231,PO_TP,0.000000000000e+00
1067,13231,SED_TP,0.000000000000e+00
1067,13231,SEDWSSD_TP,0.000000000000e+00
1067,13231,SEDSCRS_TP,0.000000000000e+00
1067,13231,SO_TCd,0.000000000000e+00
1067,13231,IO_TCd,0.000000000000e+00
1067,13231,AO_TCd,0.000000000000e+00
1067,13231,PO_TCd,0.000000000000e+00
1067,13231,SED_TCd,0.000000000000e+00
1067,13231,SEDWSSD_TCd,0.000000000000e+00
1067,13231,SEDSCRS_TCd,0.000000000000e+00
1067,13231,SO_TCu,0.000000000000e+00
1067,13231,IO_TCu,0.000000000000e+00
1067,13231,AO_TCu,0.000000000000e+00
1067,13231,PO_TCu,0.000000000000e+00
1067,13231,SED_TCu,0.000000000000e+00
1067,13231,SEDWSSD_TCu,0.000000000000e+00
1067,13231,SEDSCRS_TCu,0.000000000000e+00
1067,13231,SO_TPb,0.000000000000e+00
1067,13231,IO_TPb,0.000000000000e+00
1067,13231,AO_TPb,0.000000000000e+00
1067,13231,PO_TPb,0.000000000000e+00
1067,13231,SED_TPb,0.000000000000e+00
1067,13231,SEDWSSD_TPb,0.000000000000e+00
1067,13231,SEDSCRS_TPb,0.000000000000e+00
1067,13231,SO_TZn,0.000000000000e+00
1067,13231,IO_TZn,0.000000000000e+00
1067,13231,AO_TZn,0.000000000000e+00
1067,13231,PO_TZn,0.000000000000e+00
1067,13231,SED_TZn,0.000000000000e+00
1067,13231,SEDWSSD_TZn,0.000000000000e+00
1067,13231,SEDSCRS_TZn,0.000000000000e+00
1067,13232,AREA,0.000000000000e+00
1067,13232,PREC,0.000000000000e+00
1067,13232,SURO,0.000000000000e+00
1067,13232,IFWO,0.000000000000e+00
1067,13232,AGWO,0.000000000000e+00
1067,13232,PERO,0.000000000000e+00
1067,13232,TAET,0.000000000000e+00
1067,13232,SEDLOAD,0.000000000000e+00
1067,13232,SEDWSSD, 0.00000e+00
1067,13232,SEDSCRS, 0.00000e+00
1067,13232,SEDSURO, 0.00000e+00
1067,13232,SEDIFWO, 0.00000e+00
1067,13232,SEDAGWO, 0.00000e+00
1067,13232,SO_TN,0.000000000000e+00
1067,13232,IO_TN,0.000000000000e+00
1067,13232,AO_TN,0.000000000000e+00
1067,13232,PO_TN,0.000000000000e+00
1067,13232,SO_TP,0.000000000000e+00
1067,13232,IO_TP,0.000000000000e+00
1067,13232,AO_TP,0.000000000000e+00
1067,13232,PO_TP,0.000000000000e+00
1067,13232,SED_TP,0.000000000000e+00
1067,13232,SEDWSSD_TP,0.000000000000e+00
1067,13232,SEDSCRS_TP,0.000000000000e+00
1067,13232,SO_TCd,0.000000000000e+00
1067,13232,IO_TCd,0.000000000000e+00
1067,13232,AO_TCd,0.000000000000e+00
1067,13232,PO_TCd,0.000000000000e+00
1067,13232,SED_TCd,0.000000000000e+00
1067,13232,SEDWSSD_TCd,0.000000000000e+00
1067,13232,SEDSCRS_TCd,0.000000000000e+00
1067,13232,SO_TCu,0.000000000000e+00
1067,13232,IO_TCu,0.000000000000e+00
1067,13232,AO_TCu,0.000000000000e+00
1067,13232,PO_TCu,0.000000000000e+00
1067,13232,SED_TCu,0.000000000000e+00
1067,13232,SEDWSSD_TCu,0.000000000000e+00
1067,13232,SEDSCRS_TCu,0.000000000000e+00
1067,13232,SO_TPb,0.000000000000e+00
1067,13232,IO_TPb,0.000000000000e+00
1067,13232,AO_TPb,0.000000000000e+00
1067,13232,PO_TPb,0.000000000000e+00
1067,13232,SED_TPb,0.000000000000e+00
1067,13232,SEDWSSD_TPb,0.000000000000e+00
1067,13232,SEDSCRS_TPb,0.000000000000e+00
1067,13232,SO_TZn,0.000000000000e+00
1067,13232,IO_TZn,0.000000000000e+00
1067,13232,AO_TZn,0.000000000000e+00
1067,13232,PO_TZn,0.000000000000e+00
1067,13232,SED_TZn,0.000000000000e+00
1067,13232,SEDWSSD_TZn,0.000000000000e+00
1067,13232,SEDSCRS_TZn,0.000000000000e+00
1067,13311,AREA,0.000000000000e+00
1067,13311,PREC,0.000000000000e+00
1067,13311,SURO,0.000000000000e+00
1067,13311,IFWO,0.000000000000e+00
1067,13311,AGWO,0.000000000000e+00
1067,13311,PERO,0.000000000000e+00
1067,13311,TAET,0.000000000000e+00
1067,13311,SEDLOAD,0.000000000000e+00
1067,13311,SEDWSSD, 0.00000e+00
1067,13311,SEDSCRS, 0.00000e+00
1067,13311,SEDSURO, 0.00000e+00
1067,13311,SEDIFWO, 0.00000e+00
1067,13311,SEDAGWO, 0.00000e+00
1067,13311,SO_TN,0.000000000000e+00
1067,13311,IO_TN,0.000000000000e+00
1067,13311,AO_TN,0.000000000000e+00
1067,13311,PO_TN,0.000000000000e+00
1067,13311,SO_TP,0.000000000000e+00
1067,13311,IO_TP,0.000000000000e+00
1067,13311,AO_TP,0.000000000000e+00
1067,13311,PO_TP,0.000000000000e+00
1067,13311,SED_TP,0.000000000000e+00
1067,13311,SEDWSSD_TP,0.000000000000e+00
1067,13311,SEDSCRS_TP,0.000000000000e+00
1067,13311,SO_TCd,0.000000000000e+00
1067,13311,IO_TCd,0.000000000000e+00
1067,13311,AO_TCd,0.000000000000e+00
1067,13311,PO_TCd,0.000000000000e+00
1067,13311,SED_TCd,0.000000000000e+00
1067,13311,SEDWSSD_TCd,0.000000000000e+00
1067,13311,SEDSCRS_TCd,0.000000000000e+00
1067,13311,SO_TCu,0.000000000000e+00
1067,13311,IO_TCu,0.000000000000e+00
1067,13311,AO_TCu,0.000000000000e+00
1067,13311,PO_TCu,0.000000000000e+00
1067,13311,SED_TCu,0.000000000000e+00
1067,13311,SEDWSSD_TCu,0.000000000000e+00
1067,13311,SEDSCRS_TCu,0.000000000000e+00
1067,13311,SO_TPb,0.000000000000e+00
1067,13311,IO_TPb,0.000000000000e+00
1067,13311,AO_TPb,0.000000000000e+00
1067,13311,PO_TPb,0.000000000000e+00
1067,13311,SED_TPb,0.000000000000e+00
1067,13311,SEDWSSD_TPb,0.000000000000e+00
1067,13311,SEDSCRS_TPb,0.000000000000e+00
1067,13311,SO_TZn,0.000000000000e+00
1067,13311,IO_TZn,0.000000000000e+00
1067,13311,AO_TZn,0.000000000000e+00
1067,13311,PO_TZn,0.000000000000e+00
1067,13311,SED_TZn,0.000000000000e+00
1067,13311,SEDWSSD_TZn,0.000000000000e+00
1067,13311,SEDSCRS_TZn,0.000000000000e+00
1067,13312,AREA,0.000000000000e+00
1067,13312,PREC,0.000000000000e+00
1067,13312,SURO,0.000000000000e+00
1067,13312,IFWO,0.000000000000e+00
1067,13312,AGWO,0.000000000000e+00
1067,13312,PERO,0.000000000000e+00
1067,13312,TAET,0.000000000000e+00
1067,13312,SEDLOAD,0.000000000000e+00
1067,13312,SEDWSSD, 0.00000e+00
1067,13312,SEDSCRS, 0.00000e+00
1067,13312,SEDSURO, 0.00000e+00
1067,13312,SEDIFWO, 0.00000e+00
1067,13312,SEDAGWO, 0.00000e+00
1067,13312,SO_TN,0.000000000000e+00
1067,13312,IO_TN,0.000000000000e+00
1067,13312,AO_TN,0.000000000000e+00
1067,13312,PO_TN,0.000000000000e+00
1067,13312,SO_TP,0.000000000000e+00
1067,13312,IO_TP,0.000000000000e+00
1067,13312,AO_TP,0.000000000000e+00
1067,13312,PO_TP,0.000000000000e+00
1067,13312,SED_TP,0.000000000000e+00
1067,13312,SEDWSSD_TP,0.000000000000e+00
1067,13312,SEDSCRS_TP,0.000000000000e+00
1067,13312,SO_TCd,0.000000000000e+00
1067,13312,IO_TCd,0.000000000000e+00
1067,13312,AO_TCd,0.000000000000e+00
1067,13312,PO_TCd,0.000000000000e+00
1067,13312,SED_TCd,0.000000000000e+00
1067,13312,SEDWSSD_TCd,0.000000000000e+00
1067,13312,SEDSCRS_TCd,0.000000000000e+00
1067,13312,SO_TCu,0.000000000000e+00
1067,13312,IO_TCu,0.000000000000e+00
1067,13312,AO_TCu,0.000000000000e+00
1067,13312,PO_TCu,0.000000000000e+00
1067,13312,SED_TCu,0.000000000000e+00
1067,13312,SEDWSSD_TCu,0.000000000000e+00
1067,13312,SEDSCRS_TCu,0.000000000000e+00
1067,13312,SO_TPb,0.000000000000e+00
1067,13312,IO_TPb,0.000000000000e+00
1067,13312,AO_TPb,0.000000000000e+00
1067,13312,PO_TPb,0.000000000000e+00
1067,13312,SED_TPb,0.000000000000e+00
1067,13312,SEDWSSD_TPb,0.000000000000e+00
1067,13312,SEDSCRS_TPb,0.000000000000e+00
1067,13312,SO_TZn,0.000000000000e+00
1067,13312,IO_TZn,0.000000000000e+00
1067,13312,AO_TZn,0.000000000000e+00
1067,13312,PO_TZn,0.000000000000e+00
1067,13312,SED_TZn,0.000000000000e+00
1067,13312,SEDWSSD_TZn,0.000000000000e+00
1067,13312,SEDSCRS_TZn,0.000000000000e+00
1067,13321,AREA,0.000000000000e+00
1067,13321,PREC,0.000000000000e+00
1067,13321,SURO,0.000000000000e+00
1067,13321,IFWO,0.000000000000e+00
1067,13321,AGWO,0.000000000000e+00
1067,13321,PERO,0.000000000000e+00
1067,13321,TAET,0.000000000000e+00
1067,13321,SEDLOAD,0.000000000000e+00
1067,13321,SEDWSSD, 0.00000e+00
1067,13321,SEDSCRS, 0.00000e+00
1067,13321,SEDSURO, 0.00000e+00
1067,13321,SEDIFWO, 0.00000e+00
1067,13321,SEDAGWO, 0.00000e+00
1067,13321,SO_TN,0.000000000000e+00
1067,13321,IO_TN,0.000000000000e+00
1067,13321,AO_TN,0.000000000000e+00
1067,13321,PO_TN,0.000000000000e+00
1067,13321,SO_TP,0.000000000000e+00
1067,13321,IO_TP,0.000000000000e+00
1067,13321,AO_TP,0.000000000000e+00
1067,13321,PO_TP,0.000000000000e+00
1067,13321,SED_TP,0.000000000000e+00
1067,13321,SEDWSSD_TP,0.000000000000e+00
1067,13321,SEDSCRS_TP,0.000000000000e+00
1067,13321,SO_TCd,0.000000000000e+00
1067,13321,IO_TCd,0.000000000000e+00
1067,13321,AO_TCd,0.000000000000e+00
1067,13321,PO_TCd,0.000000000000e+00
1067,13321,SED_TCd,0.000000000000e+00
1067,13321,SEDWSSD_TCd,0.000000000000e+00
1067,13321,SEDSCRS_TCd,0.000000000000e+00
1067,13321,SO_TCu,0.000000000000e+00
1067,13321,IO_TCu,0.000000000000e+00
1067,13321,AO_TCu,0.000000000000e+00
1067,13321,PO_TCu,0.000000000000e+00
1067,13321,SED_TCu,0.000000000000e+00
1067,13321,SEDWSSD_TCu,0.000000000000e+00
1067,13321,SEDSCRS_TCu,0.000000000000e+00
1067,13321,SO_TPb,0.000000000000e+00
1067,13321,IO_TPb,0.000000000000e+00
1067,13321,AO_TPb,0.000000000000e+00
1067,13321,PO_TPb,0.000000000000e+00
1067,13321,SED_TPb,0.000000000000e+00
1067,13321,SEDWSSD_TPb,0.000000000000e+00
1067,13321,SEDSCRS_TPb,0.000000000000e+00
1067,13321,SO_TZn,0.000000000000e+00
1067,13321,IO_TZn,0.000000000000e+00
1067,13321,AO_TZn,0.000000000000e+00
1067,13321,PO_TZn,0.000000000000e+00
1067,13321,SED_TZn,0.000000000000e+00
1067,13321,SEDWSSD_TZn,0.000000000000e+00
1067,13321,SEDSCRS_TZn,0.000000000000e+00
1067,13322,AREA,0.000000000000e+00
1067,13322,PREC,0.000000000000e+00
1067,13322,SURO,0.000000000000e+00
1067,13322,IFWO,0.000000000000e+00
1067,13322,AGWO,0.000000000000e+00
1067,13322,PERO,0.000000000000e+00
1067,13322,TAET,0.000000000000e+00
1067,13322,SEDLOAD,0.000000000000e+00
1067,13322,SEDWSSD, 0.00000e+00
1067,13322,SEDSCRS, 0.00000e+00
1067,13322,SEDSURO, 0.00000e+00
1067,13322,SEDIFWO, 0.00000e+00
1067,13322,SEDAGWO, 0.00000e+00
1067,13322,SO_TN,0.000000000000e+00
1067,13322,IO_TN,0.000000000000e+00
1067,13322,AO_TN,0.000000000000e+00
1067,13322,PO_TN,0.000000000000e+00
1067,13322,SO_TP,0.000000000000e+00
1067,13322,IO_TP,0.000000000000e+00
1067,13322,AO_TP,0.000000000000e+00
1067,13322,PO_TP,0.000000000000e+00
1067,13322,SED_TP,0.000000000000e+00
1067,13322,SEDWSSD_TP,0.000000000000e+00
1067,13322,SEDSCRS_TP,0.000000000000e+00
1067,13322,SO_TCd,0.000000000000e+00
1067,13322,IO_TCd,0.000000000000e+00
1067,13322,AO_TCd,0.000000000000e+00
1067,13322,PO_TCd,0.000000000000e+00
1067,13322,SED_TCd,0.000000000000e+00
1067,13322,SEDWSSD_TCd,0.000000000000e+00
1067,13322,SEDSCRS_TCd,0.000000000000e+00
1067,13322,SO_TCu,0.000000000000e+00
1067,13322,IO_TCu,0.000000000000e+00
1067,13322,AO_TCu,0.000000000000e+00
1067,13322,PO_TCu,0.000000000000e+00
1067,13322,SED_TCu,0.000000000000e+00
1067,13322,SEDWSSD_TCu,0.000000000000e+00
1067,13322,SEDSCRS_TCu,0.000000000000e+00
1067,13322,SO_TPb,0.000000000000e+00
1067,13322,IO_TPb,0.000000000000e+00
1067,13322,AO_TPb,0.000000000000e+00
1067,13322,PO_TPb,0.000000000000e+00
1067,13322,SED_TPb,0.000000000000e+00
1067,13322,SEDWSSD_TPb,0.000000000000e+00
1067,13322,SEDSCRS_TPb,0.000000000000e+00
1067,13322,SO_TZn,0.000000000000e+00
1067,13322,IO_TZn,0.000000000000e+00
1067,13322,AO_TZn,0.000000000000e+00
1067,13322,PO_TZn,0.000000000000e+00
1067,13322,SED_TZn,0.000000000000e+00
1067,13322,SEDWSSD_TZn,0.000000000000e+00
1067,13322,SEDSCRS_TZn,0.000000000000e+00
1067,13331,AREA,0.000000000000e+00
1067,13331,PREC,0.000000000000e+00
1067,13331,SURO,0.000000000000e+00
1067,13331,IFWO,0.000000000000e+00
1067,13331,AGWO,0.000000000000e+00
1067,13331,PERO,0.000000000000e+00
1067,13331,TAET,0.000000000000e+00
1067,13331,SEDLOAD,0.000000000000e+00
1067,13331,SEDWSSD, 0.00000e+00
1067,13331,SEDSCRS, 0.00000e+00
1067,13331,SEDSURO, 0.00000e+00
1067,13331,SEDIFWO, 0.00000e+00
1067,13331,SEDAGWO, 0.00000e+00
1067,13331,SO_TN,0.000000000000e+00
1067,13331,IO_TN,0.000000000000e+00
1067,13331,AO_TN,0.000000000000e+00
1067,13331,PO_TN,0.000000000000e+00
1067,13331,SO_TP,0.000000000000e+00
1067,13331,IO_TP,0.000000000000e+00
1067,13331,AO_TP,0.000000000000e+00
1067,13331,PO_TP,0.000000000000e+00
1067,13331,SED_TP,0.000000000000e+00
1067,13331,SEDWSSD_TP,0.000000000000e+00
1067,13331,SEDSCRS_TP,0.000000000000e+00
1067,13331,SO_TCd,0.000000000000e+00
1067,13331,IO_TCd,0.000000000000e+00
1067,13331,AO_TCd,0.000000000000e+00
1067,13331,PO_TCd,0.000000000000e+00
1067,13331,SED_TCd,0.000000000000e+00
1067,13331,SEDWSSD_TCd,0.000000000000e+00
1067,13331,SEDSCRS_TCd,0.000000000000e+00
1067,13331,SO_TCu,0.000000000000e+00
1067,13331,IO_TCu,0.000000000000e+00
1067,13331,AO_TCu,0.000000000000e+00
1067,13331,PO_TCu,0.000000000000e+00
1067,13331,SED_TCu,0.000000000000e+00
1067,13331,SEDWSSD_TCu,0.000000000000e+00
1067,13331,SEDSCRS_TCu,0.000000000000e+00
1067,13331,SO_TPb,0.000000000000e+00
1067,13331,IO_TPb,0.000000000000e+00
1067,13331,AO_TPb,0.000000000000e+00
1067,13331,PO_TPb,0.000000000000e+00
1067,13331,SED_TPb,0.000000000000e+00
1067,13331,SEDWSSD_TPb,0.000000000000e+00
1067,13331,SEDSCRS_TPb,0.000000000000e+00
1067,13331,SO_TZn,0.000000000000e+00
1067,13331,IO_TZn,0.000000000000e+00
1067,13331,AO_TZn,0.000000000000e+00
1067,13331,PO_TZn,0.000000000000e+00
1067,13331,SED_TZn,0.000000000000e+00
1067,13331,SEDWSSD_TZn,0.000000000000e+00
1067,13331,SEDSCRS_TZn,0.000000000000e+00
1067,13411,AREA,0.000000000000e+00
1067,13411,PREC,0.000000000000e+00
1067,13411,SURO,0.000000000000e+00
1067,13411,IFWO,0.000000000000e+00
1067,13411,AGWO,0.000000000000e+00
1067,13411,PERO,0.000000000000e+00
1067,13411,TAET,0.000000000000e+00
1067,13411,SEDLOAD,0.000000000000e+00
1067,13411,SEDWSSD, 0.00000e+00
1067,13411,SEDSCRS, 0.00000e+00
1067,13411,SEDSURO, 0.00000e+00
1067,13411,SEDIFWO, 0.00000e+00
1067,13411,SEDAGWO, 0.00000e+00
1067,13411,SO_TN,0.000000000000e+00
1067,13411,IO_TN,0.000000000000e+00
1067,13411,AO_TN,0.000000000000e+00
1067,13411,PO_TN,0.000000000000e+00
1067,13411,SO_TP,0.000000000000e+00
1067,13411,IO_TP,0.000000000000e+00
1067,13411,AO_TP,0.000000000000e+00
1067,13411,PO_TP,0.000000000000e+00
1067,13411,SED_TP,0.000000000000e+00
1067,13411,SEDWSSD_TP,0.000000000000e+00
1067,13411,SEDSCRS_TP,0.000000000000e+00
1067,13411,SO_TCd,0.000000000000e+00
1067,13411,IO_TCd,0.000000000000e+00
1067,13411,AO_TCd,0.000000000000e+00
1067,13411,PO_TCd,0.000000000000e+00
1067,13411,SED_TCd,0.000000000000e+00
1067,13411,SEDWSSD_TCd,0.000000000000e+00
1067,13411,SEDSCRS_TCd,0.000000000000e+00
1067,13411,SO_TCu,0.000000000000e+00
1067,13411,IO_TCu,0.000000000000e+00
1067,13411,AO_TCu,0.000000000000e+00
1067,13411,PO_TCu,0.000000000000e+00
1067,13411,SED_TCu,0.000000000000e+00
1067,13411,SEDWSSD_TCu,0.000000000000e+00
1067,13411,SEDSCRS_TCu,0.000000000000e+00
1067,13411,SO_TPb,0.000000000000e+00
1067,13411,IO_TPb,0.000000000000e+00
1067,13411,AO_TPb,0.000000000000e+00
1067,13411,PO_TPb,0.000000000000e+00
1067,13411,SED_TPb,0.000000000000e+00
1067,13411,SEDWSSD_TPb,0.000000000000e+00
1067,13411,SEDSCRS_TPb,0.000000000000e+00
1067,13411,SO_TZn,0.000000000000e+00
1067,13411,IO_TZn,0.000000000000e+00
1067,13411,AO_TZn,0.000000000000e+00
1067,13411,PO_TZn,0.000000000000e+00
1067,13411,SED_TZn,0.000000000000e+00
1067,13411,SEDWSSD_TZn,0.000000000000e+00
1067,13411,SEDSCRS_TZn,0.000000000000e+00
1067,13412,AREA,0.000000000000e+00
1067,13412,PREC,0.000000000000e+00
1067,13412,SURO,0.000000000000e+00
1067,13412,IFWO,0.000000000000e+00
1067,13412,AGWO,0.000000000000e+00
1067,13412,PERO,0.000000000000e+00
1067,13412,TAET,0.000000000000e+00
1067,13412,SEDLOAD,0.000000000000e+00
1067,13412,SEDWSSD, 0.00000e+00
1067,13412,SEDSCRS, 0.00000e+00
1067,13412,SEDSURO, 0.00000e+00
1067,13412,SEDIFWO, 0.00000e+00
1067,13412,SEDAGWO, 0.00000e+00
1067,13412,SO_TN,0.000000000000e+00
1067,13412,IO_TN,0.000000000000e+00
1067,13412,AO_TN,0.000000000000e+00
1067,13412,PO_TN,0.000000000000e+00
1067,13412,SO_TP,0.000000000000e+00
1067,13412,IO_TP,0.000000000000e+00
1067,13412,AO_TP,0.000000000000e+00
1067,13412,PO_TP,0.000000000000e+00
1067,13412,SED_TP,0.000000000000e+00
1067,13412,SEDWSSD_TP,0.000000000000e+00
1067,13412,SEDSCRS_TP,0.000000000000e+00
1067,13412,SO_TCd,0.000000000000e+00
1067,13412,IO_TCd,0.000000000000e+00
1067,13412,AO_TCd,0.000000000000e+00
1067,13412,PO_TCd,0.000000000000e+00
1067,13412,SED_TCd,0.000000000000e+00
1067,13412,SEDWSSD_TCd,0.000000000000e+00
1067,13412,SEDSCRS_TCd,0.000000000000e+00
1067,13412,SO_TCu,0.000000000000e+00
1067,13412,IO_TCu,0.000000000000e+00
1067,13412,AO_TCu,0.000000000000e+00
1067,13412,PO_TCu,0.000000000000e+00
1067,13412,SED_TCu,0.000000000000e+00
1067,13412,SEDWSSD_TCu,0.000000000000e+00
1067,13412,SEDSCRS_TCu,0.000000000000e+00
1067,13412,SO_TPb,0.000000000000e+00
1067,13412,IO_TPb,0.000000000000e+00
1067,13412,AO_TPb,0.000000000000e+00
1067,13412,PO_TPb,0.000000000000e+00
1067,13412,SED_TPb,0.000000000000e+00
1067,13412,SEDWSSD_TPb,0.000000000000e+00
1067,13412,SEDSCRS_TPb,0.000000000000e+00
1067,13412,SO_TZn,0.000000000000e+00
1067,13412,IO_TZn,0.000000000000e+00
1067,13412,AO_TZn,0.000000000000e+00
1067,13412,PO_TZn,0.000000000000e+00
1067,13412,SED_TZn,0.000000000000e+00
1067,13412,SEDWSSD_TZn,0.000000000000e+00
1067,13412,SEDSCRS_TZn,0.000000000000e+00
1067,13421,AREA,0.000000000000e+00
1067,13421,PREC,0.000000000000e+00
1067,13421,SURO,0.000000000000e+00
1067,13421,IFWO,0.000000000000e+00
1067,13421,AGWO,0.000000000000e+00
1067,13421,PERO,0.000000000000e+00
1067,13421,TAET,0.000000000000e+00
1067,13421,SEDLOAD,0.000000000000e+00
1067,13421,SEDWSSD, 0.00000e+00
1067,13421,SEDSCRS, 0.00000e+00
1067,13421,SEDSURO, 0.00000e+00
1067,13421,SEDIFWO, 0.00000e+00
1067,13421,SEDAGWO, 0.00000e+00
1067,13421,SO_TN,0.000000000000e+00
1067,13421,IO_TN,0.000000000000e+00
1067,13421,AO_TN,0.000000000000e+00
1067,13421,PO_TN,0.000000000000e+00
1067,13421,SO_TP,0.000000000000e+00
1067,13421,IO_TP,0.000000000000e+00
1067,13421,AO_TP,0.000000000000e+00
1067,13421,PO_TP,0.000000000000e+00
1067,13421,SED_TP,0.000000000000e+00
1067,13421,SEDWSSD_TP,0.000000000000e+00
1067,13421,SEDSCRS_TP,0.000000000000e+00
1067,13421,SO_TCd,0.000000000000e+00
1067,13421,IO_TCd,0.000000000000e+00
1067,13421,AO_TCd,0.000000000000e+00
1067,13421,PO_TCd,0.000000000000e+00
1067,13421,SED_TCd,0.000000000000e+00
1067,13421,SEDWSSD_TCd,0.000000000000e+00
1067,13421,SEDSCRS_TCd,0.000000000000e+00
1067,13421,SO_TCu,0.000000000000e+00
1067,13421,IO_TCu,0.000000000000e+00
1067,13421,AO_TCu,0.000000000000e+00
1067,13421,PO_TCu,0.000000000000e+00
1067,13421,SED_TCu,0.000000000000e+00
1067,13421,SEDWSSD_TCu,0.000000000000e+00
1067,13421,SEDSCRS_TCu,0.000000000000e+00
1067,13421,SO_TPb,0.000000000000e+00
1067,13421,IO_TPb,0.000000000000e+00
1067,13421,AO_TPb,0.000000000000e+00
1067,13421,PO_TPb,0.000000000000e+00
1067,13421,SED_TPb,0.000000000000e+00
1067,13421,SEDWSSD_TPb,0.000000000000e+00
1067,13421,SEDSCRS_TPb,0.000000000000e+00
1067,13421,SO_TZn,0.000000000000e+00
1067,13421,IO_TZn,0.000000000000e+00
1067,13421,AO_TZn,0.000000000000e+00
1067,13421,PO_TZn,0.000000000000e+00
1067,13421,SED_TZn,0.000000000000e+00
1067,13421,SEDWSSD_TZn,0.000000000000e+00
1067,13421,SEDSCRS_TZn,0.000000000000e+00
1067,13422,AREA,0.000000000000e+00
1067,13422,PREC,0.000000000000e+00
1067,13422,SURO,0.000000000000e+00
1067,13422,IFWO,0.000000000000e+00
1067,13422,AGWO,0.000000000000e+00
1067,13422,PERO,0.000000000000e+00
1067,13422,TAET,0.000000000000e+00
1067,13422,SEDLOAD,0.000000000000e+00
1067,13422,SEDWSSD, 0.00000e+00
1067,13422,SEDSCRS, 0.00000e+00
1067,13422,SEDSURO, 0.00000e+00
1067,13422,SEDIFWO, 0.00000e+00
1067,13422,SEDAGWO, 0.00000e+00
1067,13422,SO_TN,0.000000000000e+00
1067,13422,IO_TN,0.000000000000e+00
1067,13422,AO_TN,0.000000000000e+00
1067,13422,PO_TN,0.000000000000e+00
1067,13422,SO_TP,0.000000000000e+00
1067,13422,IO_TP,0.000000000000e+00
1067,13422,AO_TP,0.000000000000e+00
1067,13422,PO_TP,0.000000000000e+00
1067,13422,SED_TP,0.000000000000e+00
1067,13422,SEDWSSD_TP,0.000000000000e+00
1067,13422,SEDSCRS_TP,0.000000000000e+00
1067,13422,SO_TCd,0.000000000000e+00
1067,13422,IO_TCd,0.000000000000e+00
1067,13422,AO_TCd,0.000000000000e+00
1067,13422,PO_TCd,0.000000000000e+00
1067,13422,SED_TCd,0.000000000000e+00
1067,13422,SEDWSSD_TCd,0.000000000000e+00
1067,13422,SEDSCRS_TCd,0.000000000000e+00
1067,13422,SO_TCu,0.000000000000e+00
1067,13422,IO_TCu,0.000000000000e+00
1067,13422,AO_TCu,0.000000000000e+00
1067,13422,PO_TCu,0.000000000000e+00
1067,13422,SED_TCu,0.000000000000e+00
1067,13422,SEDWSSD_TCu,0.000000000000e+00
1067,13422,SEDSCRS_TCu,0.000000000000e+00
1067,13422,SO_TPb,0.000000000000e+00
1067,13422,IO_TPb,0.000000000000e+00
1067,13422,AO_TPb,0.000000000000e+00
1067,13422,PO_TPb,0.000000000000e+00
1067,13422,SED_TPb,0.000000000000e+00
1067,13422,SEDWSSD_TPb,0.000000000000e+00
1067,13422,SEDSCRS_TPb,0.000000000000e+00
1067,13422,SO_TZn,0.000000000000e+00
1067,13422,IO_TZn,0.000000000000e+00
1067,13422,AO_TZn,0.000000000000e+00
1067,13422,PO_TZn,0.000000000000e+00
1067,13422,SED_TZn,0.000000000000e+00
1067,13422,SEDWSSD_TZn,0.000000000000e+00
1067,13422,SEDSCRS_TZn,0.000000000000e+00
1067,13431,AREA,0.000000000000e+00
1067,13431,PREC,0.000000000000e+00
1067,13431,SURO,0.000000000000e+00
1067,13431,IFWO,0.000000000000e+00
1067,13431,AGWO,0.000000000000e+00
1067,13431,PERO,0.000000000000e+00
1067,13431,TAET,0.000000000000e+00
1067,13431,SEDLOAD,0.000000000000e+00
1067,13431,SEDWSSD, 0.00000e+00
1067,13431,SEDSCRS, 0.00000e+00
1067,13431,SEDSURO, 0.00000e+00
1067,13431,SEDIFWO, 0.00000e+00
1067,13431,SEDAGWO, 0.00000e+00
1067,13431,SO_TN,0.000000000000e+00
1067,13431,IO_TN,0.000000000000e+00
1067,13431,AO_TN,0.000000000000e+00
1067,13431,PO_TN,0.000000000000e+00
1067,13431,SO_TP,0.000000000000e+00
1067,13431,IO_TP,0.000000000000e+00
1067,13431,AO_TP,0.000000000000e+00
1067,13431,PO_TP,0.000000000000e+00
1067,13431,SED_TP,0.000000000000e+00
1067,13431,SEDWSSD_TP,0.000000000000e+00
1067,13431,SEDSCRS_TP,0.000000000000e+00
1067,13431,SO_TCd,0.000000000000e+00
1067,13431,IO_TCd,0.000000000000e+00
1067,13431,AO_TCd,0.000000000000e+00
1067,13431,PO_TCd,0.000000000000e+00
1067,13431,SED_TCd,0.000000000000e+00
1067,13431,SEDWSSD_TCd,0.000000000000e+00
1067,13431,SEDSCRS_TCd,0.000000000000e+00
1067,13431,SO_TCu,0.000000000000e+00
1067,13431,IO_TCu,0.000000000000e+00
1067,13431,AO_TCu,0.000000000000e+00
1067,13431,PO_TCu,0.000000000000e+00
1067,13431,SED_TCu,0.000000000000e+00
1067,13431,SEDWSSD_TCu,0.000000000000e+00
1067,13431,SEDSCRS_TCu,0.000000000000e+00
1067,13431,SO_TPb,0.000000000000e+00
1067,13431,IO_TPb,0.000000000000e+00
1067,13431,AO_TPb,0.000000000000e+00
1067,13431,PO_TPb,0.000000000000e+00
1067,13431,SED_TPb,0.000000000000e+00
1067,13431,SEDWSSD_TPb,0.000000000000e+00
1067,13431,SEDSCRS_TPb,0.000000000000e+00
1067,13431,SO_TZn,0.000000000000e+00
1067,13431,IO_TZn,0.000000000000e+00
1067,13431,AO_TZn,0.000000000000e+00
1067,13431,PO_TZn,0.000000000000e+00
1067,13431,SED_TZn,0.000000000000e+00
1067,13431,SEDWSSD_TZn,0.000000000000e+00
1067,13431,SEDSCRS_TZn,0.000000000000e+00
1067,13432,AREA,0.000000000000e+00
1067,13432,PREC,0.000000000000e+00
1067,13432,SURO,0.000000000000e+00
1067,13432,IFWO,0.000000000000e+00
1067,13432,AGWO,0.000000000000e+00
1067,13432,PERO,0.000000000000e+00
1067,13432,TAET,0.000000000000e+00
1067,13432,SEDLOAD,0.000000000000e+00
1067,13432,SEDWSSD, 0.00000e+00
1067,13432,SEDSCRS, 0.00000e+00
1067,13432,SEDSURO, 0.00000e+00
1067,13432,SEDIFWO, 0.00000e+00
1067,13432,SEDAGWO, 0.00000e+00
1067,13432,SO_TN,0.000000000000e+00
1067,13432,IO_TN,0.000000000000e+00
1067,13432,AO_TN,0.000000000000e+00
1067,13432,PO_TN,0.000000000000e+00
1067,13432,SO_TP,0.000000000000e+00
1067,13432,IO_TP,0.000000000000e+00
1067,13432,AO_TP,0.000000000000e+00
1067,13432,PO_TP,0.000000000000e+00
1067,13432,SED_TP,0.000000000000e+00
1067,13432,SEDWSSD_TP,0.000000000000e+00
1067,13432,SEDSCRS_TP,0.000000000000e+00
1067,13432,SO_TCd,0.000000000000e+00
1067,13432,IO_TCd,0.000000000000e+00
1067,13432,AO_TCd,0.000000000000e+00
1067,13432,PO_TCd,0.000000000000e+00
1067,13432,SED_TCd,0.000000000000e+00
1067,13432,SEDWSSD_TCd,0.000000000000e+00
1067,13432,SEDSCRS_TCd,0.000000000000e+00
1067,13432,SO_TCu,0.000000000000e+00
1067,13432,IO_TCu,0.000000000000e+00
1067,13432,AO_TCu,0.000000000000e+00
1067,13432,PO_TCu,0.000000000000e+00
1067,13432,SED_TCu,0.000000000000e+00
1067,13432,SEDWSSD_TCu,0.000000000000e+00
1067,13432,SEDSCRS_TCu,0.000000000000e+00
1067,13432,SO_TPb,0.000000000000e+00
1067,13432,IO_TPb,0.000000000000e+00
1067,13432,AO_TPb,0.000000000000e+00
1067,13432,PO_TPb,0.000000000000e+00
1067,13432,SED_TPb,0.000000000000e+00
1067,13432,SEDWSSD_TPb,0.000000000000e+00
1067,13432,SEDSCRS_TPb,0.000000000000e+00
1067,13432,SO_TZn,0.000000000000e+00
1067,13432,IO_TZn,0.000000000000e+00
1067,13432,AO_TZn,0.000000000000e+00
1067,13432,PO_TZn,0.000000000000e+00
1067,13432,SED_TZn,0.000000000000e+00
1067,13432,SEDWSSD_TZn,0.000000000000e+00
1067,13432,SEDSCRS_TZn,0.000000000000e+00
1067,14121,AREA,0.000000000000e+00
1067,14121,PREC,0.000000000000e+00
1067,14121,SURO,0.000000000000e+00
1067,14121,IFWO,0.000000000000e+00
1067,14121,AGWO,0.000000000000e+00
1067,14121,PERO,0.000000000000e+00
1067,14121,TAET,0.000000000000e+00
1067,14121,SEDLOAD,0.000000000000e+00
1067,14121,SEDWSSD, 0.00000e+00
1067,14121,SEDSCRS, 0.00000e+00
1067,14121,SEDSURO, 0.00000e+00
1067,14121,SEDIFWO, 0.00000e+00
1067,14121,SEDAGWO, 0.00000e+00
1067,14121,SO_TN,0.000000000000e+00
1067,14121,IO_TN,0.000000000000e+00
1067,14121,AO_TN,0.000000000000e+00
1067,14121,PO_TN,0.000000000000e+00
1067,14121,SO_TP,0.000000000000e+00
1067,14121,IO_TP,0.000000000000e+00
1067,14121,AO_TP,0.000000000000e+00
1067,14121,PO_TP,0.000000000000e+00
1067,14121,SED_TP,0.000000000000e+00
1067,14121,SEDWSSD_TP,0.000000000000e+00
1067,14121,SEDSCRS_TP,0.000000000000e+00
1067,14121,SO_TCd,0.000000000000e+00
1067,14121,IO_TCd,0.000000000000e+00
1067,14121,AO_TCd,0.000000000000e+00
1067,14121,PO_TCd,0.000000000000e+00
1067,14121,SED_TCd,0.000000000000e+00
1067,14121,SEDWSSD_TCd,0.000000000000e+00
1067,14121,SEDSCRS_TCd,0.000000000000e+00
1067,14121,SO_TCu,0.000000000000e+00
1067,14121,IO_TCu,0.000000000000e+00
1067,14121,AO_TCu,0.000000000000e+00
1067,14121,PO_TCu,0.000000000000e+00
1067,14121,SED_TCu,0.000000000000e+00
1067,14121,SEDWSSD_TCu,0.000000000000e+00
1067,14121,SEDSCRS_TCu,0.000000000000e+00
1067,14121,SO_TPb,0.000000000000e+00
1067,14121,IO_TPb,0.000000000000e+00
1067,14121,AO_TPb,0.000000000000e+00
1067,14121,PO_TPb,0.000000000000e+00
1067,14121,SED_TPb,0.000000000000e+00
1067,14121,SEDWSSD_TPb,0.000000000000e+00
1067,14121,SEDSCRS_TPb,0.000000000000e+00
1067,14121,SO_TZn,0.000000000000e+00
1067,14121,IO_TZn,0.000000000000e+00
1067,14121,AO_TZn,0.000000000000e+00
1067,14121,PO_TZn,0.000000000000e+00
1067,14121,SED_TZn,0.000000000000e+00
1067,14121,SEDWSSD_TZn,0.000000000000e+00
1067,14121,SEDSCRS_TZn,0.000000000000e+00
1067,14122,AREA,0.000000000000e+00
1067,14122,PREC,0.000000000000e+00
1067,14122,SURO,0.000000000000e+00
1067,14122,IFWO,0.000000000000e+00
1067,14122,AGWO,0.000000000000e+00
1067,14122,PERO,0.000000000000e+00
1067,14122,TAET,0.000000000000e+00
1067,14122,SEDLOAD,0.000000000000e+00
1067,14122,SEDWSSD, 0.00000e+00
1067,14122,SEDSCRS, 0.00000e+00
1067,14122,SEDSURO, 0.00000e+00
1067,14122,SEDIFWO, 0.00000e+00
1067,14122,SEDAGWO, 0.00000e+00
1067,14122,SO_TN,0.000000000000e+00
1067,14122,IO_TN,0.000000000000e+00
1067,14122,AO_TN,0.000000000000e+00
1067,14122,PO_TN,0.000000000000e+00
1067,14122,SO_TP,0.000000000000e+00
1067,14122,IO_TP,0.000000000000e+00
1067,14122,AO_TP,0.000000000000e+00
1067,14122,PO_TP,0.000000000000e+00
1067,14122,SED_TP,0.000000000000e+00
1067,14122,SEDWSSD_TP,0.000000000000e+00
1067,14122,SEDSCRS_TP,0.000000000000e+00
1067,14122,SO_TCd,0.000000000000e+00
1067,14122,IO_TCd,0.000000000000e+00
1067,14122,AO_TCd,0.000000000000e+00
1067,14122,PO_TCd,0.000000000000e+00
1067,14122,SED_TCd,0.000000000000e+00
1067,14122,SEDWSSD_TCd,0.000000000000e+00
1067,14122,SEDSCRS_TCd,0.000000000000e+00
1067,14122,SO_TCu,0.000000000000e+00
1067,14122,IO_TCu,0.000000000000e+00
1067,14122,AO_TCu,0.000000000000e+00
1067,14122,PO_TCu,0.000000000000e+00
1067,14122,SED_TCu,0.000000000000e+00
1067,14122,SEDWSSD_TCu,0.000000000000e+00
1067,14122,SEDSCRS_TCu,0.000000000000e+00
1067,14122,SO_TPb,0.000000000000e+00
1067,14122,IO_TPb,0.000000000000e+00
1067,14122,AO_TPb,0.000000000000e+00
1067,14122,PO_TPb,0.000000000000e+00
1067,14122,SED_TPb,0.000000000000e+00
1067,14122,SEDWSSD_TPb,0.000000000000e+00
1067,14122,SEDSCRS_TPb,0.000000000000e+00
1067,14122,SO_TZn,0.000000000000e+00
1067,14122,IO_TZn,0.000000000000e+00
1067,14122,AO_TZn,0.000000000000e+00
1067,14122,PO_TZn,0.000000000000e+00
1067,14122,SED_TZn,0.000000000000e+00
1067,14122,SEDWSSD_TZn,0.000000000000e+00
1067,14122,SEDSCRS_TZn,0.000000000000e+00
1067,14131,AREA,0.000000000000e+00
1067,14131,PREC,0.000000000000e+00
1067,14131,SURO,0.000000000000e+00
1067,14131,IFWO,0.000000000000e+00
1067,14131,AGWO,0.000000000000e+00
1067,14131,PERO,0.000000000000e+00
1067,14131,TAET,0.000000000000e+00
1067,14131,SEDLOAD,0.000000000000e+00
1067,14131,SEDWSSD, 0.00000e+00
1067,14131,SEDSCRS, 0.00000e+00
1067,14131,SEDSURO, 0.00000e+00
1067,14131,SEDIFWO, 0.00000e+00
1067,14131,SEDAGWO, 0.00000e+00
1067,14131,SO_TN,0.000000000000e+00
1067,14131,IO_TN,0.000000000000e+00
1067,14131,AO_TN,0.000000000000e+00
1067,14131,PO_TN,0.000000000000e+00
1067,14131,SO_TP,0.000000000000e+00
1067,14131,IO_TP,0.000000000000e+00
1067,14131,AO_TP,0.000000000000e+00
1067,14131,PO_TP,0.000000000000e+00
1067,14131,SED_TP,0.000000000000e+00
1067,14131,SEDWSSD_TP,0.000000000000e+00
1067,14131,SEDSCRS_TP,0.000000000000e+00
1067,14131,SO_TCd,0.000000000000e+00
1067,14131,IO_TCd,0.000000000000e+00
1067,14131,AO_TCd,0.000000000000e+00
1067,14131,PO_TCd,0.000000000000e+00
1067,14131,SED_TCd,0.000000000000e+00
1067,14131,SEDWSSD_TCd,0.000000000000e+00
1067,14131,SEDSCRS_TCd,0.000000000000e+00
1067,14131,SO_TCu,0.000000000000e+00
1067,14131,IO_TCu,0.000000000000e+00
1067,14131,AO_TCu,0.000000000000e+00
1067,14131,PO_TCu,0.000000000000e+00
1067,14131,SED_TCu,0.000000000000e+00
1067,14131,SEDWSSD_TCu,0.000000000000e+00
1067,14131,SEDSCRS_TCu,0.000000000000e+00
1067,14131,SO_TPb,0.000000000000e+00
1067,14131,IO_TPb,0.000000000000e+00
1067,14131,AO_TPb,0.000000000000e+00
1067,14131,PO_TPb,0.000000000000e+00
1067,14131,SED_TPb,0.000000000000e+00
1067,14131,SEDWSSD_TPb,0.000000000000e+00
1067,14131,SEDSCRS_TPb,0.000000000000e+00
1067,14131,SO_TZn,0.000000000000e+00
1067,14131,IO_TZn,0.000000000000e+00
1067,14131,AO_TZn,0.000000000000e+00
1067,14131,PO_TZn,0.000000000000e+00
1067,14131,SED_TZn,0.000000000000e+00
1067,14131,SEDWSSD_TZn,0.000000000000e+00
1067,14131,SEDSCRS_TZn,0.000000000000e+00
1067,14132,AREA,0.000000000000e+00
1067,14132,PREC,0.000000000000e+00
1067,14132,SURO,0.000000000000e+00
1067,14132,IFWO,0.000000000000e+00
1067,14132,AGWO,0.000000000000e+00
1067,14132,PERO,0.000000000000e+00
1067,14132,TAET,0.000000000000e+00
1067,14132,SEDLOAD,0.000000000000e+00
1067,14132,SEDWSSD, 0.00000e+00
1067,14132,SEDSCRS, 0.00000e+00
1067,14132,SEDSURO, 0.00000e+00
1067,14132,SEDIFWO, 0.00000e+00
1067,14132,SEDAGWO, 0.00000e+00
1067,14132,SO_TN,0.000000000000e+00
1067,14132,IO_TN,0.000000000000e+00
1067,14132,AO_TN,0.000000000000e+00
1067,14132,PO_TN,0.000000000000e+00
1067,14132,SO_TP,0.000000000000e+00
1067,14132,IO_TP,0.000000000000e+00
1067,14132,AO_TP,0.000000000000e+00
1067,14132,PO_TP,0.000000000000e+00
1067,14132,SED_TP,0.000000000000e+00
1067,14132,SEDWSSD_TP,0.000000000000e+00
1067,14132,SEDSCRS_TP,0.000000000000e+00
1067,14132,SO_TCd,0.000000000000e+00
1067,14132,IO_TCd,0.000000000000e+00
1067,14132,AO_TCd,0.000000000000e+00
1067,14132,PO_TCd,0.000000000000e+00
1067,14132,SED_TCd,0.000000000000e+00
1067,14132,SEDWSSD_TCd,0.000000000000e+00
1067,14132,SEDSCRS_TCd,0.000000000000e+00
1067,14132,SO_TCu,0.000000000000e+00
1067,14132,IO_TCu,0.000000000000e+00
1067,14132,AO_TCu,0.000000000000e+00
1067,14132,PO_TCu,0.000000000000e+00
1067,14132,SED_TCu,0.000000000000e+00
1067,14132,SEDWSSD_TCu,0.000000000000e+00
1067,14132,SEDSCRS_TCu,0.000000000000e+00
1067,14132,SO_TPb,0.000000000000e+00
1067,14132,IO_TPb,0.000000000000e+00
1067,14132,AO_TPb,0.000000000000e+00
1067,14132,PO_TPb,0.000000000000e+00
1067,14132,SED_TPb,0.000000000000e+00
1067,14132,SEDWSSD_TPb,0.000000000000e+00
1067,14132,SEDSCRS_TPb,0.000000000000e+00
1067,14132,SO_TZn,0.000000000000e+00
1067,14132,IO_TZn,0.000000000000e+00
1067,14132,AO_TZn,0.000000000000e+00
1067,14132,PO_TZn,0.000000000000e+00
1067,14132,SED_TZn,0.000000000000e+00
1067,14132,SEDWSSD_TZn,0.000000000000e+00
1067,14132,SEDSCRS_TZn,0.000000000000e+00
1067,14221,AREA,1.230104029999e+02
1067,14221,PREC,1.115268759311e+03
1067,14221,SURO,1.963368040435e-02
1067,14221,IFWO,2.680452896043e-02
1067,14221,AGWO,2.262898378855e+01
1067,14221,PERO,2.267542199792e+01
1067,14221,TAET,1.092593239778e+03
1067,14221,SEDLOAD,2.567512355081e-03
1067,14221,SEDWSSD, 4.51493e-07
1067,14221,SEDSCRS, 9.89829e-09
1067,14221,SEDSURO, 0.00000e+00
1067,14221,SEDIFWO, 3.03713e-06
1067,14221,SEDAGWO, 2.56401e-03
1067,14221,SO_TN,1.116922700882e-02
1067,14221,IO_TN,6.074269319669e-03
1067,14221,AO_TN,2.564017113769e+00
1067,14221,PO_TN,2.581260610097e+00
1067,14221,SO_TP,9.227825382263e-07
1067,14221,IO_TP,1.214853863934e-03
1067,14221,AO_TP,1.025606845508e+00
1067,14221,PO_TP,1.026822622154e+00
1067,14221,SED_TP,9.227825382263e-07
1067,14221,SEDWSSD_TP,9.029859534361e-07
1067,14221,SEDSCRS_TP,1.979658479013e-08
1067,14221,SO_TCd,4.613912691131e-10
1067,14221,IO_TCd,0.000000000000e+00
1067,14221,AO_TCd,0.000000000000e+00
1067,14221,PO_TCd,4.613912691131e-10
1067,14221,SED_TCd,4.613912691131e-10
1067,14221,SEDWSSD_TCd,4.514929767181e-10
1067,14221,SEDSCRS_TCd,9.898292395065e-12
1067,14221,SO_TCu,4.613912691131e-08
1067,14221,IO_TCu,0.000000000000e+00
1067,14221,AO_TCu,0.000000000000e+00
1067,14221,PO_TCu,4.613912691131e-08
1067,14221,SED_TCu,4.613912691131e-08
1067,14221,SEDWSSD_TCu,4.514929767181e-08
1067,14221,SEDSCRS_TCu,9.898292395065e-10
1067,14221,SO_TPb,4.613912691131e-09
1067,14221,IO_TPb,0.000000000000e+00
1067,14221,AO_TPb,0.000000000000e+00
1067,14221,PO_TPb,4.613912691131e-09
1067,14221,SED_TPb,4.613912691131e-09
1067,14221,SEDWSSD_TPb,4.514929767181e-09
1067,14221,SEDSCRS_TPb,9.898292395065e-11
1067,14221,SO_TZn,3.322017137615e-07
1067,14221,IO_TZn,0.000000000000e+00
1067,14221,AO_TZn,2.564017113769e-01
1067,14221,PO_TZn,2.564020435786e-01
1067,14221,SED_TZn,3.322017137615e-07
1067,14221,SEDWSSD_TZn,3.250749432370e-07
1067,14221,SEDSCRS_TZn,7.126770524447e-09
1067,14222,AREA,0.000000000000e+00
1067,14222,PREC,0.000000000000e+00
1067,14222,SURO,0.000000000000e+00
1067,14222,IFWO,0.000000000000e+00
1067,14222,AGWO,0.000000000000e+00
1067,14222,PERO,0.000000000000e+00
1067,14222,TAET,0.000000000000e+00
1067,14222,SEDLOAD,0.000000000000e+00
1067,14222,SEDWSSD, 0.00000e+00
1067,14222,SEDSCRS, 0.00000e+00
1067,14222,SEDSURO, 0.00000e+00
1067,14222,SEDIFWO, 0.00000e+00
1067,14222,SEDAGWO, 0.00000e+00
1067,14222,SO_TN,0.000000000000e+00
1067,14222,IO_TN,0.000000000000e+00
1067,14222,AO_TN,0.000000000000e+00
1067,14222,PO_TN,0.000000000000e+00
1067,14222,SO_TP,0.000000000000e+00
1067,14222,IO_TP,0.000000000000e+00
1067,14222,AO_TP,0.000000000000e+00
1067,14222,PO_TP,0.000000000000e+00
1067,14222,SED_TP,0.000000000000e+00
1067,14222,SEDWSSD_TP,0.000000000000e+00
1067,14222,SEDSCRS_TP,0.000000000000e+00
1067,14222,SO_TCd,0.000000000000e+00
1067,14222,IO_TCd,0.000000000000e+00
1067,14222,AO_TCd,0.000000000000e+00
1067,14222,PO_TCd,0.000000000000e+00
1067,14222,SED_TCd,0.000000000000e+00
1067,14222,SEDWSSD_TCd,0.000000000000e+00
1067,14222,SEDSCRS_TCd,0.000000000000e+00
1067,14222,SO_TCu,0.000000000000e+00
1067,14222,IO_TCu,0.000000000000e+00
1067,14222,AO_TCu,0.000000000000e+00
1067,14222,PO_TCu,0.000000000000e+00
1067,14222,SED_TCu,0.000000000000e+00
1067,14222,SEDWSSD_TCu,0.000000000000e+00
1067,14222,SEDSCRS_TCu,0.000000000000e+00
1067,14222,SO_TPb,0.000000000000e+00
1067,14222,IO_TPb,0.000000000000e+00
1067,14222,AO_TPb,0.000000000000e+00
1067,14222,PO_TPb,0.000000000000e+00
1067,14222,SED_TPb,0.000000000000e+00
1067,14222,SEDWSSD_TPb,0.000000000000e+00
1067,14222,SEDSCRS_TPb,0.000000000000e+00
1067,14222,SO_TZn,0.000000000000e+00
1067,14222,IO_TZn,0.000000000000e+00
1067,14222,AO_TZn,0.000000000000e+00
1067,14222,PO_TZn,0.000000000000e+00
1067,14222,SED_TZn,0.000000000000e+00
1067,14222,SEDWSSD_TZn,0.000000000000e+00
1067,14222,SEDSCRS_TZn,0.000000000000e+00
1067,14231,AREA,2.533078300000e+01
1067,14231,PREC,2.296605021998e+02
1067,14231,SURO,5.588413561519e-03
1067,14231,IFWO,8.151006117811e-03
1067,14231,AGWO,4.935036622035e+00
1067,14231,PERO,4.948776041714e+00
1067,14231,TAET,2.247117046596e+02
1067,14231,SEDLOAD,5.603696972551e-04
1067,14231,SEDWSSD, 2.68617e-07
1067,14231,SEDSCRS, 5.16143e-09
1067,14231,SEDSURO, 0.00000e+00
1067,14231,SEDIFWO, 9.23563e-07
1067,14231,SEDAGWO, 5.59172e-04
1067,14231,SO_TN,3.310685782609e-03
1067,14231,IO_TN,1.847128388600e-03
1067,14231,AO_TN,5.591730708816e-01
1067,14231,PO_TN,5.643308850528e-01
1067,14231,SO_TP,5.475576767155e-07
1067,14231,IO_TP,3.694256777200e-04
1067,14231,AO_TP,2.236692283526e-01
1067,14231,PO_TP,2.240392015880e-01
1067,14231,SED_TP,5.475576767155e-07
1067,14231,SEDWSSD_TP,5.372348194646e-07
1067,14231,SEDSCRS_TP,1.032285725097e-08
1067,14231,SO_TCd,2.737788383578e-10
1067,14231,IO_TCd,0.000000000000e+00
1067,14231,AO_TCd,0.000000000000e+00
1067,14231,PO_TCd,2.737788383578e-10
1067,14231,SED_TCd,2.737788383578e-10
1067,14231,SEDWSSD_TCd,2.686174097323e-10
1067,14231,SEDSCRS_TCd,5.161428625486e-12
1067,14231,SO_TCu,2.737788383578e-08
1067,14231,IO_TCu,0.000000000000e+00
1067,14231,AO_TCu,0.000000000000e+00
1067,14231,PO_TCu,2.737788383578e-08
1067,14231,SED_TCu,2.737788383578e-08
1067,14231,SEDWSSD_TCu,2.686174097323e-08
1067,14231,SEDSCRS_TCu,5.161428625486e-10
1067,14231,SO_TPb,2.737788383578e-09
1067,14231,IO_TPb,0.000000000000e+00
1067,14231,AO_TPb,0.000000000000e+00
1067,14231,PO_TPb,2.737788383578e-09
1067,14231,SED_TPb,2.737788383578e-09
1067,14231,SEDWSSD_TPb,2.686174097323e-09
1067,14231,SEDSCRS_TPb,5.161428625486e-11
1067,14231,SO_TZn,1.971207636176e-07
1067,14231,IO_TZn,0.000000000000e+00
1067,14231,AO_TZn,5.591730708816e-02
1067,14231,PO_TZn,5.591750420892e-02
1067,14231,SED_TZn,1.971207636176e-07
1067,14231,SEDWSSD_TZn,1.934045350072e-07
1067,14231,SEDSCRS_TZn,3.716228610350e-09
1067,14232,AREA,0.000000000000e+00
1067,14232,PREC,0.000000000000e+00
1067,14232,SURO,0.000000000000e+00
1067,14232,IFWO,0.000000000000e+00
1067,14232,AGWO,0.000000000000e+00
1067,14232,PERO,0.000000000000e+00
1067,14232,TAET,0.000000000000e+00
1067,14232,SEDLOAD,0.000000000000e+00
1067,14232,SEDWSSD, 0.00000e+00
1067,14232,SEDSCRS, 0.00000e+00
1067,14232,SEDSURO, 0.00000e+00
1067,14232,SEDIFWO, 0.00000e+00
1067,14232,SEDAGWO, 0.00000e+00
1067,14232,SO_TN,0.000000000000e+00
1067,14232,IO_TN,0.000000000000e+00
1067,14232,AO_TN,0.000000000000e+00
1067,14232,PO_TN,0.000000000000e+00
1067,14232,SO_TP,0.000000000000e+00
1067,14232,IO_TP,0.000000000000e+00
1067,14232,AO_TP,0.000000000000e+00
1067,14232,PO_TP,0.000000000000e+00
1067,14232,SED_TP,0.000000000000e+00
1067,14232,SEDWSSD_TP,0.000000000000e+00
1067,14232,SEDSCRS_TP,0.000000000000e+00
1067,14232,SO_TCd,0.000000000000e+00
1067,14232,IO_TCd,0.000000000000e+00
1067,14232,AO_TCd,0.000000000000e+00
1067,14232,PO_TCd,0.000000000000e+00
1067,14232,SED_TCd,0.000000000000e+00
1067,14232,SEDWSSD_TCd,0.000000000000e+00
1067,14232,SEDSCRS_TCd,0.000000000000e+00
1067,14232,SO_TCu,0.000000000000e+00
1067,14232,IO_TCu,0.000000000000e+00
1067,14232,AO_TCu,0.000000000000e+00
1067,14232,PO_TCu,0.000000000000e+00
1067,14232,SED_TCu,0.000000000000e+00
1067,14232,SEDWSSD_TCu,0.000000000000e+00
1067,14232,SEDSCRS_TCu,0.000000000000e+00
1067,14232,SO_TPb,0.000000000000e+00
1067,14232,IO_TPb,0.000000000000e+00
1067,14232,AO_TPb,0.000000000000e+00
1067,14232,PO_TPb,0.000000000000e+00
1067,14232,SED_TPb,0.000000000000e+00
1067,14232,SEDWSSD_TPb,0.000000000000e+00
1067,14232,SEDSCRS_TPb,0.000000000000e+00
1067,14232,SO_TZn,0.000000000000e+00
1067,14232,IO_TZn,0.000000000000e+00
1067,14232,AO_TZn,0.000000000000e+00
1067,14232,PO_TZn,0.000000000000e+00
1067,14232,SED_TZn,0.000000000000e+00
1067,14232,SEDWSSD_TZn,0.000000000000e+00
1067,14232,SEDSCRS_TZn,0.000000000000e+00
1067,14321,AREA,1.135579450000e+02
1067,14321,PREC,1.029568437639e+03
1067,14321,SURO,8.661686071794e-02
1067,14321,IFWO,3.837293529040e-01
1067,14321,AGWO,1.684492293087e+01
1067,14321,PERO,1.731526914449e+01
1067,14321,TAET,1.012253132909e+03
1067,14321,SEDLOAD,2.013598889294e-03
1067,14321,SEDWSSD, 5.36813e-05
1067,14321,SEDSCRS, 7.79714e-06
1067,14321,SEDSURO, 0.00000e+00
1067,14321,SEDIFWO, 4.34791e-05
1067,14321,SEDAGWO, 1.90864e-03
1067,14321,SO_TN,5.504142971098e-02
1067,14321,IO_TN,8.695826883742e-02
1067,14321,AO_TN,1.908643847132e+00
1067,14321,PO_TN,2.050643545680e+00
1067,14321,SO_TP,1.229568110763e-04
1067,14321,IO_TP,1.739165376748e-02
1067,14321,AO_TP,7.634575388528e-01
1067,14321,PO_TP,7.809721494314e-01
1067,14321,SED_TP,1.229568110763e-04
1067,14321,SEDWSSD_TP,1.073625398368e-04
1067,14321,SEDSCRS_TP,1.559427123945e-05
1067,14321,SO_TCd,6.147840553813e-08
1067,14321,IO_TCd,0.000000000000e+00
1067,14321,AO_TCd,0.000000000000e+00
1067,14321,PO_TCd,6.147840553813e-08
1067,14321,SED_TCd,6.147840553813e-08
1067,14321,SEDWSSD_TCd,5.368126991841e-08
1067,14321,SEDSCRS_TCd,7.797135619723e-09
1067,14321,SO_TCu,6.147840553813e-06
1067,14321,IO_TCu,0.000000000000e+00
1067,14321,AO_TCu,0.000000000000e+00
1067,14321,PO_TCu,6.147840553813e-06
1067,14321,SED_TCu,6.147840553813e-06
1067,14321,SEDWSSD_TCu,5.368126991841e-06
1067,14321,SEDSCRS_TCu,7.797135619723e-07
1067,14321,SO_TPb,6.147840553813e-07
1067,14321,IO_TPb,0.000000000000e+00
1067,14321,AO_TPb,0.000000000000e+00
1067,14321,PO_TPb,6.147840553813e-07
1067,14321,SED_TPb,6.147840553813e-07
1067,14321,SEDWSSD_TPb,5.368126991841e-07
1067,14321,SEDSCRS_TPb,7.797135619723e-08
1067,14321,SO_TZn,4.426445198745e-05
1067,14321,IO_TZn,0.000000000000e+00
1067,14321,AO_TZn,1.908643847132e-01
1067,14321,PO_TZn,1.909086491652e-01
1067,14321,SED_TZn,4.426445198745e-05
1067,14321,SEDWSSD_TZn,3.865051434125e-05
1067,14321,SEDSCRS_TZn,5.613937646201e-06
1067,14322,AREA,0.000000000000e+00
1067,14322,PREC,0.000000000000e+00
1067,14322,SURO,0.000000000000e+00
1067,14322,IFWO,0.000000000000e+00
1067,14322,AGWO,0.000000000000e+00
1067,14322,PERO,0.000000000000e+00
1067,14322,TAET,0.000000000000e+00
1067,14322,SEDLOAD,0.000000000000e+00
1067,14322,SEDWSSD, 0.00000e+00
1067,14322,SEDSCRS, 0.00000e+00
1067,14322,SEDSURO, 0.00000e+00
1067,14322,SEDIFWO, 0.00000e+00
1067,14322,SEDAGWO, 0.00000e+00
1067,14322,SO_TN,0.000000000000e+00
1067,14322,IO_TN,0.000000000000e+00
1067,14322,AO_TN,0.000000000000e+00
1067,14322,PO_TN,0.000000000000e+00
1067,14322,SO_TP,0.000000000000e+00
1067,14322,IO_TP,0.000000000000e+00
1067,14322,AO_TP,0.000000000000e+00
1067,14322,PO_TP,0.000000000000e+00
1067,14322,SED_TP,0.000000000000e+00
1067,14322,SEDWSSD_TP,0.000000000000e+00
1067,14322,SEDSCRS_TP,0.000000000000e+00
1067,14322,SO_TCd,0.000000000000e+00
1067,14322,IO_TCd,0.000000000000e+00
1067,14322,AO_TCd,0.000000000000e+00
1067,14322,PO_TCd,0.000000000000e+00
1067,14322,SED_TCd,0.000000000000e+00
1067,14322,SEDWSSD_TCd,0.000000000000e+00
1067,14322,SEDSCRS_TCd,0.000000000000e+00
1067,14322,SO_TCu,0.000000000000e+00
1067,14322,IO_TCu,0.000000000000e+00
1067,14322,AO_TCu,0.000000000000e+00
1067,14322,PO_TCu,0.000000000000e+00
1067,14322,SED_TCu,0.000000000000e+00
1067,14322,SEDWSSD_TCu,0.000000000000e+00
1067,14322,SEDSCRS_TCu,0.000000000000e+00
1067,14322,SO_TPb,0.000000000000e+00
1067,14322,IO_TPb,0.000000000000e+00
1067,14322,AO_TPb,0.000000000000e+00
1067,14322,PO_TPb,0.000000000000e+00
1067,14322,SED_TPb,0.000000000000e+00
1067,14322,SEDWSSD_TPb,0.000000000000e+00
1067,14322,SEDSCRS_TPb,0.000000000000e+00
1067,14322,SO_TZn,0.000000000000e+00
1067,14322,IO_TZn,0.000000000000e+00
1067,14322,AO_TZn,0.000000000000e+00
1067,14322,PO_TZn,0.000000000000e+00
1067,14322,SED_TZn,0.000000000000e+00
1067,14322,SEDWSSD_TZn,0.000000000000e+00
1067,14322,SEDSCRS_TZn,0.000000000000e+00
1067,14331,AREA,0.000000000000e+00
1067,14331,PREC,0.000000000000e+00
1067,14331,SURO,0.000000000000e+00
1067,14331,IFWO,0.000000000000e+00
1067,14331,AGWO,0.000000000000e+00
1067,14331,PERO,0.000000000000e+00
1067,14331,TAET,0.000000000000e+00
1067,14331,SEDLOAD,0.000000000000e+00
1067,14331,SEDWSSD, 0.00000e+00
1067,14331,SEDSCRS, 0.00000e+00
1067,14331,SEDSURO, 0.00000e+00
1067,14331,SEDIFWO, 0.00000e+00
1067,14331,SEDAGWO, 0.00000e+00
1067,14331,SO_TN,0.000000000000e+00
1067,14331,IO_TN,0.000000000000e+00
1067,14331,AO_TN,0.000000000000e+00
1067,14331,PO_TN,0.000000000000e+00
1067,14331,SO_TP,0.000000000000e+00
1067,14331,IO_TP,0.000000000000e+00
1067,14331,AO_TP,0.000000000000e+00
1067,14331,PO_TP,0.000000000000e+00
1067,14331,SED_TP,0.000000000000e+00
1067,14331,SEDWSSD_TP,0.000000000000e+00
1067,14331,SEDSCRS_TP,0.000000000000e+00
1067,14331,SO_TCd,0.000000000000e+00
1067,14331,IO_TCd,0.000000000000e+00
1067,14331,AO_TCd,0.000000000000e+00
1067,14331,PO_TCd,0.000000000000e+00
1067,14331,SED_TCd,0.000000000000e+00
1067,14331,SEDWSSD_TCd,0.000000000000e+00
1067,14331,SEDSCRS_TCd,0.000000000000e+00
1067,14331,SO_TCu,0.000000000000e+00
1067,14331,IO_TCu,0.000000000000e+00
1067,14331,AO_TCu,0.000000000000e+00
1067,14331,PO_TCu,0.000000000000e+00
1067,14331,SED_TCu,0.000000000000e+00
1067,14331,SEDWSSD_TCu,0.000000000000e+00
1067,14331,SEDSCRS_TCu,0.000000000000e+00
1067,14331,SO_TPb,0.000000000000e+00
1067,14331,IO_TPb,0.000000000000e+00
1067,14331,AO_TPb,0.000000000000e+00
1067,14331,PO_TPb,0.000000000000e+00
1067,14331,SED_TPb,0.000000000000e+00
1067,14331,SEDWSSD_TPb,0.000000000000e+00
1067,14331,SEDSCRS_TPb,0.000000000000e+00
1067,14331,SO_TZn,0.000000000000e+00
1067,14331,IO_TZn,0.000000000000e+00
1067,14331,AO_TZn,0.000000000000e+00
1067,14331,PO_TZn,0.000000000000e+00
1067,14331,SED_TZn,0.000000000000e+00
1067,14331,SEDWSSD_TZn,0.000000000000e+00
1067,14331,SEDSCRS_TZn,0.000000000000e+00
1067,14332,AREA,0.000000000000e+00
1067,14332,PREC,0.000000000000e+00
1067,14332,SURO,0.000000000000e+00
1067,14332,IFWO,0.000000000000e+00
1067,14332,AGWO,0.000000000000e+00
1067,14332,PERO,0.000000000000e+00
1067,14332,TAET,0.000000000000e+00
1067,14332,SEDLOAD,0.000000000000e+00
1067,14332,SEDWSSD, 0.00000e+00
1067,14332,SEDSCRS, 0.00000e+00
1067,14332,SEDSURO, 0.00000e+00
1067,14332,SEDIFWO, 0.00000e+00
1067,14332,SEDAGWO, 0.00000e+00
1067,14332,SO_TN,0.000000000000e+00
1067,14332,IO_TN,0.000000000000e+00
1067,14332,AO_TN,0.000000000000e+00
1067,14332,PO_TN,0.000000000000e+00
1067,14332,SO_TP,0.000000000000e+00
1067,14332,IO_TP,0.000000000000e+00
1067,14332,AO_TP,0.000000000000e+00
1067,14332,PO_TP,0.000000000000e+00
1067,14332,SED_TP,0.000000000000e+00
1067,14332,SEDWSSD_TP,0.000000000000e+00
1067,14332,SEDSCRS_TP,0.000000000000e+00
1067,14332,SO_TCd,0.000000000000e+00
1067,14332,IO_TCd,0.000000000000e+00
1067,14332,AO_TCd,0.000000000000e+00
1067,14332,PO_TCd,0.000000000000e+00
1067,14332,SED_TCd,0.000000000000e+00
1067,14332,SEDWSSD_TCd,0.000000000000e+00
1067,14332,SEDSCRS_TCd,0.000000000000e+00
1067,14332,SO_TCu,0.000000000000e+00
1067,14332,IO_TCu,0.000000000000e+00
1067,14332,AO_TCu,0.000000000000e+00
1067,14332,PO_TCu,0.000000000000e+00
1067,14332,SED_TCu,0.000000000000e+00
1067,14332,SEDWSSD_TCu,0.000000000000e+00
1067,14332,SEDSCRS_TCu,0.000000000000e+00
1067,14332,SO_TPb,0.000000000000e+00
1067,14332,IO_TPb,0.000000000000e+00
1067,14332,AO_TPb,0.000000000000e+00
1067,14332,PO_TPb,0.000000000000e+00
1067,14332,SED_TPb,0.000000000000e+00
1067,14332,SEDWSSD_TPb,0.000000000000e+00
1067,14332,SEDSCRS_TPb,0.000000000000e+00
1067,14332,SO_TZn,0.000000000000e+00
1067,14332,IO_TZn,0.000000000000e+00
1067,14332,AO_TZn,0.000000000000e+00
1067,14332,PO_TZn,0.000000000000e+00
1067,14332,SED_TZn,0.000000000000e+00
1067,14332,SEDWSSD_TZn,0.000000000000e+00
1067,14332,SEDSCRS_TZn,0.000000000000e+00
1067,14421,AREA,6.986071200010e+01
1067,14421,PREC,6.333892719366e+02
1067,14421,SURO,2.440789289331e+00
1067,14421,IFWO,1.681922526046e+00
1067,14421,AGWO,7.251647984009e+00
1067,14421,PERO,1.137435979939e+01
1067,14421,TAET,6.220149309511e+02
1067,14421,SEDLOAD,1.277576288667e-01
1067,14421,SEDWSSD, 7.42030e-02
1067,14421,SEDSCRS, 5.25424e-02
1067,14421,SEDSURO, 0.00000e+00
1067,14421,SEDIFWO, 1.90573e-04
1067,14421,SEDAGWO, 8.21660e-04
1067,14421,SO_TN,1.384575133526e+00
1067,14421,IO_TN,3.811464254084e-01
1067,14421,AO_TN,8.216608270068e-01
1067,14421,PO_TN,2.587382385941e+00
1067,14421,SO_TP,2.534907922443e-01
1067,14421,IO_TP,7.622928508167e-02
1067,14421,AO_TP,3.286643308027e-01
1067,14421,PO_TP,6.583844081287e-01
1067,14421,SED_TP,2.534907922443e-01
1067,14421,SEDWSSD_TP,1.484059225635e-01
1067,14421,SEDSCRS_TP,1.050848696808e-01
1067,14421,SO_TCd,1.267453961222e-04
1067,14421,IO_TCd,0.000000000000e+00
1067,14421,AO_TCd,0.000000000000e+00
1067,14421,PO_TCd,1.267453961222e-04
1067,14421,SED_TCd,1.267453961222e-04
1067,14421,SEDWSSD_TCd,7.420296128176e-05
1067,14421,SEDSCRS_TCd,5.254243484041e-05
1067,14421,SO_TCu,1.267453961222e-02
1067,14421,IO_TCu,0.000000000000e+00
1067,14421,AO_TCu,0.000000000000e+00
1067,14421,PO_TCu,1.267453961222e-02
1067,14421,SED_TCu,1.267453961222e-02
1067,14421,SEDWSSD_TCu,7.420296128176e-03
1067,14421,SEDSCRS_TCu,5.254243484041e-03
1067,14421,SO_TPb,1.267453961222e-03
1067,14421,IO_TPb,0.000000000000e+00
1067,14421,AO_TPb,0.000000000000e+00
1067,14421,PO_TPb,1.267453961222e-03
1067,14421,SED_TPb,1.267453961222e-03
1067,14421,SEDWSSD_TPb,7.420296128176e-04
1067,14421,SEDSCRS_TPb,5.254243484041e-04
1067,14421,SO_TZn,9.125668520796e-02
1067,14421,IO_TZn,0.000000000000e+00
1067,14421,AO_TZn,8.216608270068e-02
1067,14421,PO_TZn,1.734227679086e-01
1067,14421,SED_TZn,9.125668520796e-02
1067,14421,SEDWSSD_TZn,5.342613212287e-02
1067,14421,SEDSCRS_TZn,3.783055308509e-02
1067,14422,AREA,0.000000000000e+00
1067,14422,PREC,0.000000000000e+00
1067,14422,SURO,0.000000000000e+00
1067,14422,IFWO,0.000000000000e+00
1067,14422,AGWO,0.000000000000e+00
1067,14422,PERO,0.000000000000e+00
1067,14422,TAET,0.000000000000e+00
1067,14422,SEDLOAD,0.000000000000e+00
1067,14422,SEDWSSD, 0.00000e+00
1067,14422,SEDSCRS, 0.00000e+00
1067,14422,SEDSURO, 0.00000e+00
1067,14422,SEDIFWO, 0.00000e+00
1067,14422,SEDAGWO, 0.00000e+00
1067,14422,SO_TN,0.000000000000e+00
1067,14422,IO_TN,0.000000000000e+00
1067,14422,AO_TN,0.000000000000e+00
1067,14422,PO_TN,0.000000000000e+00
1067,14422,SO_TP,0.000000000000e+00
1067,14422,IO_TP,0.000000000000e+00
1067,14422,AO_TP,0.000000000000e+00
1067,14422,PO_TP,0.000000000000e+00
1067,14422,SED_TP,0.000000000000e+00
1067,14422,SEDWSSD_TP,0.000000000000e+00
1067,14422,SEDSCRS_TP,0.000000000000e+00
1067,14422,SO_TCd,0.000000000000e+00
1067,14422,IO_TCd,0.000000000000e+00
1067,14422,AO_TCd,0.000000000000e+00
1067,14422,PO_TCd,0.000000000000e+00
1067,14422,SED_TCd,0.000000000000e+00
1067,14422,SEDWSSD_TCd,0.000000000000e+00
1067,14422,SEDSCRS_TCd,0.000000000000e+00
1067,14422,SO_TCu,0.000000000000e+00
1067,14422,IO_TCu,0.000000000000e+00
1067,14422,AO_TCu,0.000000000000e+00
1067,14422,PO_TCu,0.000000000000e+00
1067,14422,SED_TCu,0.000000000000e+00
1067,14422,SEDWSSD_TCu,0.000000000000e+00
1067,14422,SEDSCRS_TCu,0.000000000000e+00
1067,14422,SO_TPb,0.000000000000e+00
1067,14422,IO_TPb,0.000000000000e+00
1067,14422,AO_TPb,0.000000000000e+00
1067,14422,PO_TPb,0.000000000000e+00
1067,14422,SED_TPb,0.000000000000e+00
1067,14422,SEDWSSD_TPb,0.000000000000e+00
1067,14422,SEDSCRS_TPb,0.000000000000e+00
1067,14422,SO_TZn,0.000000000000e+00
1067,14422,IO_TZn,0.000000000000e+00
1067,14422,AO_TZn,0.000000000000e+00
1067,14422,PO_TZn,0.000000000000e+00
1067,14422,SED_TZn,0.000000000000e+00
1067,14422,SEDWSSD_TZn,0.000000000000e+00
1067,14422,SEDSCRS_TZn,0.000000000000e+00
1067,14431,AREA,8.603109999983e-01
1067,14431,PREC,7.799974296412e+00
1067,14431,SURO,4.276894891901e-02
1067,14431,IFWO,2.850268230860e-02
1067,14431,AGWO,9.522105984139e-02
1067,14431,PERO,1.664926910690e-01
1067,14431,TAET,7.633481017231e+00
1067,14431,SEDLOAD,4.257735486793e-03
1067,14431,SEDWSSD, 2.64967e-03
1067,14431,SEDSCRS, 1.59405e-03
1067,14431,SEDSURO, 0.00000e+00
1067,14431,SEDIFWO, 3.22954e-06
1067,14431,SEDAGWO, 1.07892e-05
1067,14431,SO_TN,2.266047994138e-02
1067,14431,IO_TN,6.459093869211e-03
1067,14431,AO_TN,1.078919094670e-02
1067,14431,PO_TN,3.990876475729e-02
1067,14431,SO_TP,8.487433533697e-03
1067,14431,IO_TP,1.291818773842e-03
1067,14431,AO_TP,4.315676378681e-03
1067,14431,PO_TP,1.409492868622e-02
1067,14431,SED_TP,8.487433533697e-03
1067,14431,SEDWSSD_TP,5.299341162758e-03
1067,14431,SEDSCRS_TP,3.188092370939e-03
1067,14431,SO_TCd,4.243716766849e-06
1067,14431,IO_TCd,0.000000000000e+00
1067,14431,AO_TCd,0.000000000000e+00
1067,14431,PO_TCd,4.243716766849e-06
1067,14431,SED_TCd,4.243716766849e-06
1067,14431,SEDWSSD_TCd,2.649670581379e-06
1067,14431,SEDSCRS_TCd,1.594046185470e-06
1067,14431,SO_TCu,4.243716766849e-04
1067,14431,IO_TCu,0.000000000000e+00
1067,14431,AO_TCu,0.000000000000e+00
1067,14431,PO_TCu,4.243716766849e-04
1067,14431,SED_TCu,4.243716766849e-04
1067,14431,SEDWSSD_TCu,2.649670581379e-04
1067,14431,SEDSCRS_TCu,1.594046185470e-04
1067,14431,SO_TPb,4.243716766849e-05
1067,14431,IO_TPb,0.000000000000e+00
1067,14431,AO_TPb,0.000000000000e+00
1067,14431,PO_TPb,4.243716766849e-05
1067,14431,SED_TPb,4.243716766849e-05
1067,14431,SEDWSSD_TPb,2.649670581379e-05
1067,14431,SEDSCRS_TPb,1.594046185470e-05
1067,14431,SO_TZn,3.055476072131e-03
1067,14431,IO_TZn,0.000000000000e+00
1067,14431,AO_TZn,1.078919094670e-03
1067,14431,PO_TZn,4.134395166801e-03
1067,14431,SED_TZn,3.055476072131e-03
1067,14431,SEDWSSD_TZn,1.907762818593e-03
1067,14431,SEDSCRS_TZn,1.147713253538e-03
1067,14432,AREA,0.000000000000e+00
1067,14432,PREC,0.000000000000e+00
1067,14432,SURO,0.000000000000e+00
1067,14432,IFWO,0.000000000000e+00
1067,14432,AGWO,0.000000000000e+00
1067,14432,PERO,0.000000000000e+00
1067,14432,TAET,0.000000000000e+00
1067,14432,SEDLOAD,0.000000000000e+00
1067,14432,SEDWSSD, 0.00000e+00
1067,14432,SEDSCRS, 0.00000e+00
1067,14432,SEDSURO, 0.00000e+00
1067,14432,SEDIFWO, 0.00000e+00
1067,14432,SEDAGWO, 0.00000e+00
1067,14432,SO_TN,0.000000000000e+00
1067,14432,IO_TN,0.000000000000e+00
1067,14432,AO_TN,0.000000000000e+00
1067,14432,PO_TN,0.000000000000e+00
1067,14432,SO_TP,0.000000000000e+00
1067,14432,IO_TP,0.000000000000e+00
1067,14432,AO_TP,0.000000000000e+00
1067,14432,PO_TP,0.000000000000e+00
1067,14432,SED_TP,0.000000000000e+00
1067,14432,SEDWSSD_TP,0.000000000000e+00
1067,14432,SEDSCRS_TP,0.000000000000e+00
1067,14432,SO_TCd,0.000000000000e+00
1067,14432,IO_TCd,0.000000000000e+00
1067,14432,AO_TCd,0.000000000000e+00
1067,14432,PO_TCd,0.000000000000e+00
1067,14432,SED_TCd,0.000000000000e+00
1067,14432,SEDWSSD_TCd,0.000000000000e+00
1067,14432,SEDSCRS_TCd,0.000000000000e+00
1067,14432,SO_TCu,0.000000000000e+00
1067,14432,IO_TCu,0.000000000000e+00
1067,14432,AO_TCu,0.000000000000e+00
1067,14432,PO_TCu,0.000000000000e+00
1067,14432,SED_TCu,0.000000000000e+00
1067,14432,SEDWSSD_TCu,0.000000000000e+00
1067,14432,SEDSCRS_TCu,0.000000000000e+00
1067,14432,SO_TPb,0.000000000000e+00
1067,14432,IO_TPb,0.000000000000e+00
1067,14432,AO_TPb,0.000000000000e+00
1067,14432,PO_TPb,0.000000000000e+00
1067,14432,SED_TPb,0.000000000000e+00
1067,14432,SEDWSSD_TPb,0.000000000000e+00
1067,14432,SEDSCRS_TPb,0.000000000000e+00
1067,14432,SO_TZn,0.000000000000e+00
1067,14432,IO_TZn,0.000000000000e+00
1067,14432,AO_TZn,0.000000000000e+00
1067,14432,PO_TZn,0.000000000000e+00
1067,14432,SED_TZn,0.000000000000e+00
1067,14432,SEDWSSD_TZn,0.000000000000e+00
1067,14432,SEDSCRS_TZn,0.000000000000e+00
1067,15121,AREA,0.000000000000e+00
1067,15121,PREC,0.000000000000e+00
1067,15121,SURO,0.000000000000e+00
1067,15121,IFWO,0.000000000000e+00
1067,15121,AGWO,0.000000000000e+00
1067,15121,PERO,0.000000000000e+00
1067,15121,TAET,0.000000000000e+00
1067,15121,SEDLOAD,0.000000000000e+00
1067,15121,SEDWSSD, 0.00000e+00
1067,15121,SEDSCRS, 0.00000e+00
1067,15121,SEDSURO, 0.00000e+00
1067,15121,SEDIFWO, 0.00000e+00
1067,15121,SEDAGWO, 0.00000e+00
1067,15121,SO_TN,0.000000000000e+00
1067,15121,IO_TN,0.000000000000e+00
1067,15121,AO_TN,0.000000000000e+00
1067,15121,PO_TN,0.000000000000e+00
1067,15121,SO_TP,0.000000000000e+00
1067,15121,IO_TP,0.000000000000e+00
1067,15121,AO_TP,0.000000000000e+00
1067,15121,PO_TP,0.000000000000e+00
1067,15121,SED_TP,0.000000000000e+00
1067,15121,SEDWSSD_TP,0.000000000000e+00
1067,15121,SEDSCRS_TP,0.000000000000e+00
1067,15121,SO_TCd,0.000000000000e+00
1067,15121,IO_TCd,0.000000000000e+00
1067,15121,AO_TCd,0.000000000000e+00
1067,15121,PO_TCd,0.000000000000e+00
1067,15121,SED_TCd,0.000000000000e+00
1067,15121,SEDWSSD_TCd,0.000000000000e+00
1067,15121,SEDSCRS_TCd,0.000000000000e+00
1067,15121,SO_TCu,0.000000000000e+00
1067,15121,IO_TCu,0.000000000000e+00
1067,15121,AO_TCu,0.000000000000e+00
1067,15121,PO_TCu,0.000000000000e+00
1067,15121,SED_TCu,0.000000000000e+00
1067,15121,SEDWSSD_TCu,0.000000000000e+00
1067,15121,SEDSCRS_TCu,0.000000000000e+00
1067,15121,SO_TPb,0.000000000000e+00
1067,15121,IO_TPb,0.000000000000e+00
1067,15121,AO_TPb,0.000000000000e+00
1067,15121,PO_TPb,0.000000000000e+00
1067,15121,SED_TPb,0.000000000000e+00
1067,15121,SEDWSSD_TPb,0.000000000000e+00
1067,15121,SEDSCRS_TPb,0.000000000000e+00
1067,15121,SO_TZn,0.000000000000e+00
1067,15121,IO_TZn,0.000000000000e+00
1067,15121,AO_TZn,0.000000000000e+00
1067,15121,PO_TZn,0.000000000000e+00
1067,15121,SED_TZn,0.000000000000e+00
1067,15121,SEDWSSD_TZn,0.000000000000e+00
1067,15121,SEDSCRS_TZn,0.000000000000e+00
1067,15122,AREA,0.000000000000e+00
1067,15122,PREC,0.000000000000e+00
1067,15122,SURO,0.000000000000e+00
1067,15122,IFWO,0.000000000000e+00
1067,15122,AGWO,0.000000000000e+00
1067,15122,PERO,0.000000000000e+00
1067,15122,TAET,0.000000000000e+00
1067,15122,SEDLOAD,0.000000000000e+00
1067,15122,SEDWSSD, 0.00000e+00
1067,15122,SEDSCRS, 0.00000e+00
1067,15122,SEDSURO, 0.00000e+00
1067,15122,SEDIFWO, 0.00000e+00
1067,15122,SEDAGWO, 0.00000e+00
1067,15122,SO_TN,0.000000000000e+00
1067,15122,IO_TN,0.000000000000e+00
1067,15122,AO_TN,0.000000000000e+00
1067,15122,PO_TN,0.000000000000e+00
1067,15122,SO_TP,0.000000000000e+00
1067,15122,IO_TP,0.000000000000e+00
1067,15122,AO_TP,0.000000000000e+00
1067,15122,PO_TP,0.000000000000e+00
1067,15122,SED_TP,0.000000000000e+00
1067,15122,SEDWSSD_TP,0.000000000000e+00
1067,15122,SEDSCRS_TP,0.000000000000e+00
1067,15122,SO_TCd,0.000000000000e+00
1067,15122,IO_TCd,0.000000000000e+00
1067,15122,AO_TCd,0.000000000000e+00
1067,15122,PO_TCd,0.000000000000e+00
1067,15122,SED_TCd,0.000000000000e+00
1067,15122,SEDWSSD_TCd,0.000000000000e+00
1067,15122,SEDSCRS_TCd,0.000000000000e+00
1067,15122,SO_TCu,0.000000000000e+00
1067,15122,IO_TCu,0.000000000000e+00
1067,15122,AO_TCu,0.000000000000e+00
1067,15122,PO_TCu,0.000000000000e+00
1067,15122,SED_TCu,0.000000000000e+00
1067,15122,SEDWSSD_TCu,0.000000000000e+00
1067,15122,SEDSCRS_TCu,0.000000000000e+00
1067,15122,SO_TPb,0.000000000000e+00
1067,15122,IO_TPb,0.000000000000e+00
1067,15122,AO_TPb,0.000000000000e+00
1067,15122,PO_TPb,0.000000000000e+00
1067,15122,SED_TPb,0.000000000000e+00
1067,15122,SEDWSSD_TPb,0.000000000000e+00
1067,15122,SEDSCRS_TPb,0.000000000000e+00
1067,15122,SO_TZn,0.000000000000e+00
1067,15122,IO_TZn,0.000000000000e+00
1067,15122,AO_TZn,0.000000000000e+00
1067,15122,PO_TZn,0.000000000000e+00
1067,15122,SED_TZn,0.000000000000e+00
1067,15122,SEDWSSD_TZn,0.000000000000e+00
1067,15122,SEDSCRS_TZn,0.000000000000e+00
1067,15131,AREA,0.000000000000e+00
1067,15131,PREC,0.000000000000e+00
1067,15131,SURO,0.000000000000e+00
1067,15131,IFWO,0.000000000000e+00
1067,15131,AGWO,0.000000000000e+00
1067,15131,PERO,0.000000000000e+00
1067,15131,TAET,0.000000000000e+00
1067,15131,SEDLOAD,0.000000000000e+00
1067,15131,SEDWSSD, 0.00000e+00
1067,15131,SEDSCRS, 0.00000e+00
1067,15131,SEDSURO, 0.00000e+00
1067,15131,SEDIFWO, 0.00000e+00
1067,15131,SEDAGWO, 0.00000e+00
1067,15131,SO_TN,0.000000000000e+00
1067,15131,IO_TN,0.000000000000e+00
1067,15131,AO_TN,0.000000000000e+00
1067,15131,PO_TN,0.000000000000e+00
1067,15131,SO_TP,0.000000000000e+00
1067,15131,IO_TP,0.000000000000e+00
1067,15131,AO_TP,0.000000000000e+00
1067,15131,PO_TP,0.000000000000e+00
1067,15131,SED_TP,0.000000000000e+00
1067,15131,SEDWSSD_TP,0.000000000000e+00
1067,15131,SEDSCRS_TP,0.000000000000e+00
1067,15131,SO_TCd,0.000000000000e+00
1067,15131,IO_TCd,0.000000000000e+00
1067,15131,AO_TCd,0.000000000000e+00
1067,15131,PO_TCd,0.000000000000e+00
1067,15131,SED_TCd,0.000000000000e+00
1067,15131,SEDWSSD_TCd,0.000000000000e+00
1067,15131,SEDSCRS_TCd,0.000000000000e+00
1067,15131,SO_TCu,0.000000000000e+00
1067,15131,IO_TCu,0.000000000000e+00
1067,15131,AO_TCu,0.000000000000e+00
1067,15131,PO_TCu,0.000000000000e+00
1067,15131,SED_TCu,0.000000000000e+00
1067,15131,SEDWSSD_TCu,0.000000000000e+00
1067,15131,SEDSCRS_TCu,0.000000000000e+00
1067,15131,SO_TPb,0.000000000000e+00
1067,15131,IO_TPb,0.000000000000e+00
1067,15131,AO_TPb,0.000000000000e+00
1067,15131,PO_TPb,0.000000000000e+00
1067,15131,SED_TPb,0.000000000000e+00
1067,15131,SEDWSSD_TPb,0.000000000000e+00
1067,15131,SEDSCRS_TPb,0.000000000000e+00
1067,15131,SO_TZn,0.000000000000e+00
1067,15131,IO_TZn,0.000000000000e+00
1067,15131,AO_TZn,0.000000000000e+00
1067,15131,PO_TZn,0.000000000000e+00
1067,15131,SED_TZn,0.000000000000e+00
1067,15131,SEDWSSD_TZn,0.000000000000e+00
1067,15131,SEDSCRS_TZn,0.000000000000e+00
1067,15132,AREA,0.000000000000e+00
1067,15132,PREC,0.000000000000e+00
1067,15132,SURO,0.000000000000e+00
1067,15132,IFWO,0.000000000000e+00
1067,15132,AGWO,0.000000000000e+00
1067,15132,PERO,0.000000000000e+00
1067,15132,TAET,0.000000000000e+00
1067,15132,SEDLOAD,0.000000000000e+00
1067,15132,SEDWSSD, 0.00000e+00
1067,15132,SEDSCRS, 0.00000e+00
1067,15132,SEDSURO, 0.00000e+00
1067,15132,SEDIFWO, 0.00000e+00
1067,15132,SEDAGWO, 0.00000e+00
1067,15132,SO_TN,0.000000000000e+00
1067,15132,IO_TN,0.000000000000e+00
1067,15132,AO_TN,0.000000000000e+00
1067,15132,PO_TN,0.000000000000e+00
1067,15132,SO_TP,0.000000000000e+00
1067,15132,IO_TP,0.000000000000e+00
1067,15132,AO_TP,0.000000000000e+00
1067,15132,PO_TP,0.000000000000e+00
1067,15132,SED_TP,0.000000000000e+00
1067,15132,SEDWSSD_TP,0.000000000000e+00
1067,15132,SEDSCRS_TP,0.000000000000e+00
1067,15132,SO_TCd,0.000000000000e+00
1067,15132,IO_TCd,0.000000000000e+00
1067,15132,AO_TCd,0.000000000000e+00
1067,15132,PO_TCd,0.000000000000e+00
1067,15132,SED_TCd,0.000000000000e+00
1067,15132,SEDWSSD_TCd,0.000000000000e+00
1067,15132,SEDSCRS_TCd,0.000000000000e+00
1067,15132,SO_TCu,0.000000000000e+00
1067,15132,IO_TCu,0.000000000000e+00
1067,15132,AO_TCu,0.000000000000e+00
1067,15132,PO_TCu,0.000000000000e+00
1067,15132,SED_TCu,0.000000000000e+00
1067,15132,SEDWSSD_TCu,0.000000000000e+00
1067,15132,SEDSCRS_TCu,0.000000000000e+00
1067,15132,SO_TPb,0.000000000000e+00
1067,15132,IO_TPb,0.000000000000e+00
1067,15132,AO_TPb,0.000000000000e+00
1067,15132,PO_TPb,0.000000000000e+00
1067,15132,SED_TPb,0.000000000000e+00
1067,15132,SEDWSSD_TPb,0.000000000000e+00
1067,15132,SEDSCRS_TPb,0.000000000000e+00
1067,15132,SO_TZn,0.000000000000e+00
1067,15132,IO_TZn,0.000000000000e+00
1067,15132,AO_TZn,0.000000000000e+00
1067,15132,PO_TZn,0.000000000000e+00
1067,15132,SED_TZn,0.000000000000e+00
1067,15132,SEDWSSD_TZn,0.000000000000e+00
1067,15132,SEDSCRS_TZn,0.000000000000e+00
1067,15221,AREA,2.201442280002e+02
1067,15221,PREC,1.995928588503e+03
1067,15221,SURO,3.388758467194e-02
1067,15221,IFWO,4.656950096221e-02
1067,15221,AGWO,3.923585256093e+01
1067,15221,PERO,3.931630964657e+01
1067,15221,TAET,1.956612121046e+03
1067,15221,SEDLOAD,4.451718058281e-03
1067,15221,SEDWSSD, 7.51228e-07
1067,15221,SEDSCRS, 8.07300e-09
1067,15221,SEDSURO, 0.00000e+00
1067,15221,SEDIFWO, 5.27663e-06
1067,15221,SEDAGWO, 4.44568e-03
1067,15221,SO_TN,1.933045187115e-02
1067,15221,IO_TN,1.055327968437e-02
1067,15221,AO_TN,4.445687812567e+00
1067,15221,PO_TN,4.475571544122e+00
1067,15221,SO_TP,1.518602007144e-06
1067,15221,IO_TP,2.110655936873e-03
1067,15221,AO_TP,1.778275125027e+00
1067,15221,PO_TP,1.780387299566e+00
1067,15221,SED_TP,1.518602007144e-06
1067,15221,SEDWSSD_TP,1.502456000985e-06
1067,15221,SEDSCRS_TP,1.614600615910e-08
1067,15221,SO_TCd,7.593010035719e-10
1067,15221,IO_TCd,0.000000000000e+00
1067,15221,AO_TCd,0.000000000000e+00
1067,15221,PO_TCd,7.593010035719e-10
1067,15221,SED_TCd,7.593010035719e-10
1067,15221,SEDWSSD_TCd,7.512280004924e-10
1067,15221,SEDSCRS_TCd,8.073003079549e-12
1067,15221,SO_TCu,7.593010035719e-08
1067,15221,IO_TCu,0.000000000000e+00
1067,15221,AO_TCu,0.000000000000e+00
1067,15221,PO_TCu,7.593010035719e-08
1067,15221,SED_TCu,7.593010035719e-08
1067,15221,SEDWSSD_TCu,7.512280004924e-08
1067,15221,SEDSCRS_TCu,8.073003079549e-10
1067,15221,SO_TPb,7.593010035719e-09
1067,15221,IO_TPb,0.000000000000e+00
1067,15221,AO_TPb,0.000000000000e+00
1067,15221,PO_TPb,7.593010035719e-09
1067,15221,SED_TPb,7.593010035719e-09
1067,15221,SEDWSSD_TPb,7.512280004924e-09
1067,15221,SEDSCRS_TPb,8.073003079549e-11
1067,15221,SO_TZn,5.466967225718e-07
1067,15221,IO_TZn,0.000000000000e+00
1067,15221,AO_TZn,4.445687812567e-01
1067,15221,PO_TZn,4.445693279534e-01
1067,15221,SED_TZn,5.466967225718e-07
1067,15221,SEDWSSD_TZn,5.408841603545e-07
1067,15221,SEDSCRS_TZn,5.812562217275e-09
1067,15222,AREA,0.000000000000e+00
1067,15222,PREC,0.000000000000e+00
1067,15222,SURO,0.000000000000e+00
1067,15222,IFWO,0.000000000000e+00
1067,15222,AGWO,0.000000000000e+00
1067,15222,PERO,0.000000000000e+00
1067,15222,TAET,0.000000000000e+00
1067,15222,SEDLOAD,0.000000000000e+00
1067,15222,SEDWSSD, 0.00000e+00
1067,15222,SEDSCRS, 0.00000e+00
1067,15222,SEDSURO, 0.00000e+00
1067,15222,SEDIFWO, 0.00000e+00
1067,15222,SEDAGWO, 0.00000e+00
1067,15222,SO_TN,0.000000000000e+00
1067,15222,IO_TN,0.000000000000e+00
1067,15222,AO_TN,0.000000000000e+00
1067,15222,PO_TN,0.000000000000e+00
1067,15222,SO_TP,0.000000000000e+00
1067,15222,IO_TP,0.000000000000e+00
1067,15222,AO_TP,0.000000000000e+00
1067,15222,PO_TP,0.000000000000e+00
1067,15222,SED_TP,0.000000000000e+00
1067,15222,SEDWSSD_TP,0.000000000000e+00
1067,15222,SEDSCRS_TP,0.000000000000e+00
1067,15222,SO_TCd,0.000000000000e+00
1067,15222,IO_TCd,0.000000000000e+00
1067,15222,AO_TCd,0.000000000000e+00
1067,15222,PO_TCd,0.000000000000e+00
1067,15222,SED_TCd,0.000000000000e+00
1067,15222,SEDWSSD_TCd,0.000000000000e+00
1067,15222,SEDSCRS_TCd,0.000000000000e+00
1067,15222,SO_TCu,0.000000000000e+00
1067,15222,IO_TCu,0.000000000000e+00
1067,15222,AO_TCu,0.000000000000e+00
1067,15222,PO_TCu,0.000000000000e+00
1067,15222,SED_TCu,0.000000000000e+00
1067,15222,SEDWSSD_TCu,0.000000000000e+00
1067,15222,SEDSCRS_TCu,0.000000000000e+00
1067,15222,SO_TPb,0.000000000000e+00
1067,15222,IO_TPb,0.000000000000e+00
1067,15222,AO_TPb,0.000000000000e+00
1067,15222,PO_TPb,0.000000000000e+00
1067,15222,SED_TPb,0.000000000000e+00
1067,15222,SEDWSSD_TPb,0.000000000000e+00
1067,15222,SEDSCRS_TPb,0.000000000000e+00
1067,15222,SO_TZn,0.000000000000e+00
1067,15222,IO_TZn,0.000000000000e+00
1067,15222,AO_TZn,0.000000000000e+00
1067,15222,PO_TZn,0.000000000000e+00
1067,15222,SED_TZn,0.000000000000e+00
1067,15222,SEDWSSD_TZn,0.000000000000e+00
1067,15222,SEDSCRS_TZn,0.000000000000e+00
1067,15231,AREA,2.007614200002e+01
1067,15231,PREC,1.820195156997e+02
1067,15231,SURO,4.209738559532e-03
1067,15231,IFWO,6.249152130902e-03
1067,15231,AGWO,3.713111832759e+00
1067,15231,PERO,3.723570723450e+00
1067,15231,TAET,1.782959488784e+02
1067,15231,SEDLOAD,4.216194419356e-04
1067,15231,SEDWSSD, 1.89456e-07
1067,15231,SEDSCRS, 1.73740e-09
1067,15231,SEDSURO, 0.00000e+00
1067,15231,SEDIFWO, 7.08070e-07
1067,15231,SEDAGWO, 4.20720e-04
1067,15231,SO_TN,2.492631719091e-03
1067,15231,IO_TN,1.416142515271e-03
1067,15231,AO_TN,4.207207170014e-01
1067,15231,PO_TN,4.246294912357e-01
1067,15231,SO_TP,3.823858126756e-07
1067,15231,IO_TP,2.832285030543e-04
1067,15231,AO_TP,1.682882868005e-01
1067,15231,PO_TP,1.685718976894e-01
1067,15231,SED_TP,3.823858126756e-07
1067,15231,SEDWSSD_TP,3.789110140696e-07
1067,15231,SEDSCRS_TP,3.474798605997e-09
1067,15231,SO_TCd,1.911929063378e-10
1067,15231,IO_TCd,0.000000000000e+00
1067,15231,AO_TCd,0.000000000000e+00
1067,15231,PO_TCd,1.911929063378e-10
1067,15231,SED_TCd,1.911929063378e-10
1067,15231,SEDWSSD_TCd,1.894555070348e-10
1067,15231,SEDSCRS_TCd,1.737399302998e-12
1067,15231,SO_TCu,1.911929063378e-08
1067,15231,IO_TCu,0.000000000000e+00
1067,15231,AO_TCu,0.000000000000e+00
1067,15231,PO_TCu,1.911929063378e-08
1067,15231,SED_TCu,1.911929063378e-08
1067,15231,SEDWSSD_TCu,1.894555070348e-08
1067,15231,SEDSCRS_TCu,1.737399302998e-10
1067,15231,SO_TPb,1.911929063378e-09
1067,15231,IO_TPb,0.000000000000e+00
1067,15231,AO_TPb,0.000000000000e+00
1067,15231,PO_TPb,1.911929063378e-09
1067,15231,SED_TPb,1.911929063378e-09
1067,15231,SEDWSSD_TPb,1.894555070348e-09
1067,15231,SEDSCRS_TPb,1.737399302998e-11
1067,15231,SO_TZn,1.376588925632e-07
1067,15231,IO_TZn,0.000000000000e+00
1067,15231,AO_TZn,4.207207170014e-02
1067,15231,PO_TZn,4.207220935903e-02
1067,15231,SED_TZn,1.376588925632e-07
1067,15231,SEDWSSD_TZn,1.364079650651e-07
1067,15231,SEDSCRS_TZn,1.250927498159e-09
1067,15232,AREA,0.000000000000e+00
1067,15232,PREC,0.000000000000e+00
1067,15232,SURO,0.000000000000e+00
1067,15232,IFWO,0.000000000000e+00
1067,15232,AGWO,0.000000000000e+00
1067,15232,PERO,0.000000000000e+00
1067,15232,TAET,0.000000000000e+00
1067,15232,SEDLOAD,0.000000000000e+00
1067,15232,SEDWSSD, 0.00000e+00
1067,15232,SEDSCRS, 0.00000e+00
1067,15232,SEDSURO, 0.00000e+00
1067,15232,SEDIFWO, 0.00000e+00
1067,15232,SEDAGWO, 0.00000e+00
1067,15232,SO_TN,0.000000000000e+00
1067,15232,IO_TN,0.000000000000e+00
1067,15232,AO_TN,0.000000000000e+00
1067,15232,PO_TN,0.000000000000e+00
1067,15232,SO_TP,0.000000000000e+00
1067,15232,IO_TP,0.000000000000e+00
1067,15232,AO_TP,0.000000000000e+00
1067,15232,PO_TP,0.000000000000e+00
1067,15232,SED_TP,0.000000000000e+00
1067,15232,SEDWSSD_TP,0.000000000000e+00
1067,15232,SEDSCRS_TP,0.000000000000e+00
1067,15232,SO_TCd,0.000000000000e+00
1067,15232,IO_TCd,0.000000000000e+00
1067,15232,AO_TCd,0.000000000000e+00
1067,15232,PO_TCd,0.000000000000e+00
1067,15232,SED_TCd,0.000000000000e+00
1067,15232,SEDWSSD_TCd,0.000000000000e+00
1067,15232,SEDSCRS_TCd,0.000000000000e+00
1067,15232,SO_TCu,0.000000000000e+00
1067,15232,IO_TCu,0.000000000000e+00
1067,15232,AO_TCu,0.000000000000e+00
1067,15232,PO_TCu,0.000000000000e+00
1067,15232,SED_TCu,0.000000000000e+00
1067,15232,SEDWSSD_TCu,0.000000000000e+00
1067,15232,SEDSCRS_TCu,0.000000000000e+00
1067,15232,SO_TPb,0.000000000000e+00
1067,15232,IO_TPb,0.000000000000e+00
1067,15232,AO_TPb,0.000000000000e+00
1067,15232,PO_TPb,0.000000000000e+00
1067,15232,SED_TPb,0.000000000000e+00
1067,15232,SEDWSSD_TPb,0.000000000000e+00
1067,15232,SEDSCRS_TPb,0.000000000000e+00
1067,15232,SO_TZn,0.000000000000e+00
1067,15232,IO_TZn,0.000000000000e+00
1067,15232,AO_TZn,0.000000000000e+00
1067,15232,PO_TZn,0.000000000000e+00
1067,15232,SED_TZn,0.000000000000e+00
1067,15232,SEDWSSD_TZn,0.000000000000e+00
1067,15232,SEDSCRS_TZn,0.000000000000e+00
1067,15321,AREA,1.009506270000e+02
1067,15321,PREC,9.152647075379e+02
1067,15321,SURO,7.561752127563e-02
1067,15321,IFWO,3.296417517470e-01
1067,15321,AGWO,1.451751154451e+01
1067,15321,PERO,1.492277081753e+01
1067,15321,TAET,9.003419513810e+02
1067,15321,SEDLOAD,1.728867500454e-03
1067,15321,SEDWSSD, 4.34987e-05
1067,15321,SEDSCRS, 3.08797e-06
1067,15321,SEDSURO, 0.00000e+00
1067,15321,SEDIFWO, 3.73506e-05
1067,15321,SEDAGWO, 1.64493e-03
1067,15321,SO_TN,4.821475988070e-02
1067,15321,IO_TN,7.470128581910e-02
1067,15321,AO_TN,1.644932375102e+00
1067,15321,PO_TN,1.767848420802e+00
1067,15321,SO_TP,9.317326993978e-05
1067,15321,IO_TP,1.494025716382e-02
1067,15321,AO_TP,6.579729500409e-01
1067,15321,PO_TP,6.730063804746e-01
1067,15321,SED_TP,9.317326993978e-05
1067,15321,SEDWSSD_TP,8.699733939807e-05
1067,15321,SEDSCRS_TP,6.175930541703e-06
1067,15321,SO_TCd,4.658663496989e-08
1067,15321,IO_TCd,0.000000000000e+00
1067,15321,AO_TCd,0.000000000000e+00
1067,15321,PO_TCd,4.658663496989e-08
1067,15321,SED_TCd,4.658663496989e-08
1067,15321,SEDWSSD_TCd,4.349866969904e-08
1067,15321,SEDSCRS_TCd,3.087965270852e-09
1067,15321,SO_TCu,4.658663496989e-06
1067,15321,IO_TCu,0.000000000000e+00
1067,15321,AO_TCu,0.000000000000e+00
1067,15321,PO_TCu,4.658663496989e-06
1067,15321,SED_TCu,4.658663496989e-06
1067,15321,SEDWSSD_TCu,4.349866969904e-06
1067,15321,SEDSCRS_TCu,3.087965270852e-07
1067,15321,SO_TPb,4.658663496989e-07
1067,15321,IO_TPb,0.000000000000e+00
1067,15321,AO_TPb,0.000000000000e+00
1067,15321,PO_TPb,4.658663496989e-07
1067,15321,SED_TPb,4.658663496989e-07
1067,15321,SEDWSSD_TPb,4.349866969904e-07
1067,15321,SEDSCRS_TPb,3.087965270852e-08
1067,15321,SO_TZn,3.354237717832e-05
1067,15321,IO_TZn,0.000000000000e+00
1067,15321,AO_TZn,1.644932375102e-01
1067,15321,PO_TZn,1.645267798874e-01
1067,15321,SED_TZn,3.354237717832e-05
1067,15321,SEDWSSD_TZn,3.131904218331e-05
1067,15321,SEDSCRS_TZn,2.223334995013e-06
1067,15322,AREA,0.000000000000e+00
1067,15322,PREC,0.000000000000e+00
1067,15322,SURO,0.000000000000e+00
1067,15322,IFWO,0.000000000000e+00
1067,15322,AGWO,0.000000000000e+00
1067,15322,PERO,0.000000000000e+00
1067,15322,TAET,0.000000000000e+00
1067,15322,SEDLOAD,0.000000000000e+00
1067,15322,SEDWSSD, 0.00000e+00
1067,15322,SEDSCRS, 0.00000e+00
1067,15322,SEDSURO, 0.00000e+00
1067,15322,SEDIFWO, 0.00000e+00
1067,15322,SEDAGWO, 0.00000e+00
1067,15322,SO_TN,0.000000000000e+00
1067,15322,IO_TN,0.000000000000e+00
1067,15322,AO_TN,0.000000000000e+00
1067,15322,PO_TN,0.000000000000e+00
1067,15322,SO_TP,0.000000000000e+00
1067,15322,IO_TP,0.000000000000e+00
1067,15322,AO_TP,0.000000000000e+00
1067,15322,PO_TP,0.000000000000e+00
1067,15322,SED_TP,0.000000000000e+00
1067,15322,SEDWSSD_TP,0.000000000000e+00
1067,15322,SEDSCRS_TP,0.000000000000e+00
1067,15322,SO_TCd,0.000000000000e+00
1067,15322,IO_TCd,0.000000000000e+00
1067,15322,AO_TCd,0.000000000000e+00
1067,15322,PO_TCd,0.000000000000e+00
1067,15322,SED_TCd,0.000000000000e+00
1067,15322,SEDWSSD_TCd,0.000000000000e+00
1067,15322,SEDSCRS_TCd,0.000000000000e+00
1067,15322,SO_TCu,0.000000000000e+00
1067,15322,IO_TCu,0.000000000000e+00
1067,15322,AO_TCu,0.000000000000e+00
1067,15322,PO_TCu,0.000000000000e+00
1067,15322,SED_TCu,0.000000000000e+00
1067,15322,SEDWSSD_TCu,0.000000000000e+00
1067,15322,SEDSCRS_TCu,0.000000000000e+00
1067,15322,SO_TPb,0.000000000000e+00
1067,15322,IO_TPb,0.000000000000e+00
1067,15322,AO_TPb,0.000000000000e+00
1067,15322,PO_TPb,0.000000000000e+00
1067,15322,SED_TPb,0.000000000000e+00
1067,15322,SEDWSSD_TPb,0.000000000000e+00
1067,15322,SEDSCRS_TPb,0.000000000000e+00
1067,15322,SO_TZn,0.000000000000e+00
1067,15322,IO_TZn,0.000000000000e+00
1067,15322,AO_TZn,0.000000000000e+00
1067,15322,PO_TZn,0.000000000000e+00
1067,15322,SED_TZn,0.000000000000e+00
1067,15322,SEDWSSD_TZn,0.000000000000e+00
1067,15322,SEDSCRS_TZn,0.000000000000e+00
1067,15331,AREA,1.430900000000e-02
1067,15331,PREC,1.297319599626e-01
1067,15331,SURO,1.240596291268e-05
1067,15331,IFWO,7.189571951581e-05
1067,15331,AGWO,2.213446744943e-03
1067,15331,PERO,2.297748427372e-03
1067,15331,TAET,1.274342102487e-01
1067,15331,SEDLOAD,2.836000962003e-07
1067,15331,SEDWSSD, 2.29809e-08
1067,15331,SEDSCRS, 1.67471e-09
1067,15331,SEDSURO, 0.00000e+00
1067,15331,SEDIFWO, 8.14626e-09
1067,15331,SEDAGWO, 2.50798e-07
1067,15331,SO_TN,7.923549725463e-06
1067,15331,IO_TN,1.629254384269e-05
1067,15331,AO_TN,2.507985063528e-04
1067,15331,PO_TN,2.750145999209e-04
1067,15331,SO_TP,4.931129850634e-08
1067,15331,IO_TP,3.258508768538e-06
1067,15331,AO_TP,1.003194025411e-04
1067,15331,PO_TP,1.036272226082e-04
1067,15331,SED_TP,4.931129850634e-08
1067,15331,SEDWSSD_TP,4.596187648254e-08
1067,15331,SEDSCRS_TP,3.349422023797e-09
1067,15331,SO_TCd,2.465564925317e-11
1067,15331,IO_TCd,0.000000000000e+00
1067,15331,AO_TCd,0.000000000000e+00
1067,15331,PO_TCd,2.465564925317e-11
1067,15331,SED_TCd,2.465564925317e-11
1067,15331,SEDWSSD_TCd,2.298093824127e-11
1067,15331,SEDSCRS_TCd,1.674711011898e-12
1067,15331,SO_TCu,2.465564925317e-09
1067,15331,IO_TCu,0.000000000000e+00
1067,15331,AO_TCu,0.000000000000e+00
1067,15331,PO_TCu,2.465564925317e-09
1067,15331,SED_TCu,2.465564925317e-09
1067,15331,SEDWSSD_TCu,2.298093824127e-09
1067,15331,SEDSCRS_TCu,1.674711011898e-10
1067,15331,SO_TPb,2.465564925317e-10
1067,15331,IO_TPb,0.000000000000e+00
1067,15331,AO_TPb,0.000000000000e+00
1067,15331,PO_TPb,2.465564925317e-10
1067,15331,SED_TPb,2.465564925317e-10
1067,15331,SEDWSSD_TPb,2.298093824127e-10
1067,15331,SEDSCRS_TPb,1.674711011898e-11
1067,15331,SO_TZn,1.775206746228e-08
1067,15331,IO_TZn,0.000000000000e+00
1067,15331,AO_TZn,2.507985063528e-05
1067,15331,PO_TZn,2.509760270274e-05
1067,15331,SED_TZn,1.775206746228e-08
1067,15331,SEDWSSD_TZn,1.654627553372e-08
1067,15331,SEDSCRS_TZn,1.205791928567e-09
1067,15332,AREA,0.000000000000e+00
1067,15332,PREC,0.000000000000e+00
1067,15332,SURO,0.000000000000e+00
1067,15332,IFWO,0.000000000000e+00
1067,15332,AGWO,0.000000000000e+00
1067,15332,PERO,0.000000000000e+00
1067,15332,TAET,0.000000000000e+00
1067,15332,SEDLOAD,0.000000000000e+00
1067,15332,SEDWSSD, 0.00000e+00
1067,15332,SEDSCRS, 0.00000e+00
1067,15332,SEDSURO, 0.00000e+00
1067,15332,SEDIFWO, 0.00000e+00
1067,15332,SEDAGWO, 0.00000e+00
1067,15332,SO_TN,0.000000000000e+00
1067,15332,IO_TN,0.000000000000e+00
1067,15332,AO_TN,0.000000000000e+00
1067,15332,PO_TN,0.000000000000e+00
1067,15332,SO_TP,0.000000000000e+00
1067,15332,IO_TP,0.000000000000e+00
1067,15332,AO_TP,0.000000000000e+00
1067,15332,PO_TP,0.000000000000e+00
1067,15332,SED_TP,0.000000000000e+00
1067,15332,SEDWSSD_TP,0.000000000000e+00
1067,15332,SEDSCRS_TP,0.000000000000e+00
1067,15332,SO_TCd,0.000000000000e+00
1067,15332,IO_TCd,0.000000000000e+00
1067,15332,AO_TCd,0.000000000000e+00
1067,15332,PO_TCd,0.000000000000e+00
1067,15332,SED_TCd,0.000000000000e+00
1067,15332,SEDWSSD_TCd,0.000000000000e+00
1067,15332,SEDSCRS_TCd,0.000000000000e+00
1067,15332,SO_TCu,0.000000000000e+00
1067,15332,IO_TCu,0.000000000000e+00
1067,15332,AO_TCu,0.000000000000e+00
1067,15332,PO_TCu,0.000000000000e+00
1067,15332,SED_TCu,0.000000000000e+00
1067,15332,SEDWSSD_TCu,0.000000000000e+00
1067,15332,SEDSCRS_TCu,0.000000000000e+00
1067,15332,SO_TPb,0.000000000000e+00
1067,15332,IO_TPb,0.000000000000e+00
1067,15332,AO_TPb,0.000000000000e+00
1067,15332,PO_TPb,0.000000000000e+00
1067,15332,SED_TPb,0.000000000000e+00
1067,15332,SEDWSSD_TPb,0.000000000000e+00
1067,15332,SEDSCRS_TPb,0.000000000000e+00
1067,15332,SO_TZn,0.000000000000e+00
1067,15332,IO_TZn,0.000000000000e+00
1067,15332,AO_TZn,0.000000000000e+00
1067,15332,PO_TZn,0.000000000000e+00
1067,15332,SED_TZn,0.000000000000e+00
1067,15332,SEDWSSD_TZn,0.000000000000e+00
1067,15332,SEDSCRS_TZn,0.000000000000e+00
1067,15421,AREA,4.808852500003e+01
1067,15421,PREC,4.359926340037e+02
1067,15421,SURO,1.567692098489e+00
1067,15421,IFWO,1.140150150305e+00
1067,15421,AGWO,4.892999560284e+00
1067,15421,PERO,7.600841809078e+00
1067,15421,TAET,4.283917744232e+02
1067,15421,SEDLOAD,2.207372622707e-02
1067,15421,SEDWSSD, 1.80837e-02
1067,15421,SEDSCRS, 3.30640e-03
1067,15421,SEDSURO, 0.00000e+00
1067,15421,SEDIFWO, 1.29187e-04
1067,15421,SEDAGWO, 5.54409e-04
1067,15421,SO_TN,8.973070094847e-01
1067,15421,IO_TN,2.583734669630e-01
1067,15421,AO_TN,5.544099870971e-01
1067,15421,PO_TN,1.710090463545e+00
1067,15421,SO_TP,4.278026076235e-02
1067,15421,IO_TP,5.167469339260e-02
1067,15421,AO_TP,2.217639948388e-01
1067,15421,PO_TP,3.162189489938e-01
1067,15421,SED_TP,4.278026076235e-02
1067,15421,SEDWSSD_TP,3.616745636103e-02
1067,15421,SEDSCRS_TP,6.612804401320e-03
1067,15421,SO_TCd,2.139013038117e-05
1067,15421,IO_TCd,0.000000000000e+00
1067,15421,AO_TCd,0.000000000000e+00
1067,15421,PO_TCd,2.139013038117e-05
1067,15421,SED_TCd,2.139013038117e-05
1067,15421,SEDWSSD_TCd,1.808372818051e-05
1067,15421,SEDSCRS_TCd,3.306402200660e-06
1067,15421,SO_TCu,2.139013038117e-03
1067,15421,IO_TCu,0.000000000000e+00
1067,15421,AO_TCu,0.000000000000e+00
1067,15421,PO_TCu,2.139013038117e-03
1067,15421,SED_TCu,2.139013038117e-03
1067,15421,SEDWSSD_TCu,1.808372818051e-03
1067,15421,SEDSCRS_TCu,3.306402200660e-04
1067,15421,SO_TPb,2.139013038117e-04
1067,15421,IO_TPb,0.000000000000e+00
1067,15421,AO_TPb,0.000000000000e+00
1067,15421,PO_TPb,2.139013038117e-04
1067,15421,SED_TPb,2.139013038117e-04
1067,15421,SEDWSSD_TPb,1.808372818051e-04
1067,15421,SEDSCRS_TPb,3.306402200660e-05
1067,15421,SO_TZn,1.540089387444e-02
1067,15421,IO_TZn,0.000000000000e+00
1067,15421,AO_TZn,5.544099870971e-02
1067,15421,PO_TZn,7.084189258415e-02
1067,15421,SED_TZn,1.540089387444e-02
1067,15421,SEDWSSD_TZn,1.302028428997e-02
1067,15421,SEDSCRS_TZn,2.380609584475e-03
1067,15422,AREA,0.000000000000e+00
1067,15422,PREC,0.000000000000e+00
1067,15422,SURO,0.000000000000e+00
1067,15422,IFWO,0.000000000000e+00
1067,15422,AGWO,0.000000000000e+00
1067,15422,PERO,0.000000000000e+00
1067,15422,TAET,0.000000000000e+00
1067,15422,SEDLOAD,0.000000000000e+00
1067,15422,SEDWSSD, 0.00000e+00
1067,15422,SEDSCRS, 0.00000e+00
1067,15422,SEDSURO, 0.00000e+00
1067,15422,SEDIFWO, 0.00000e+00
1067,15422,SEDAGWO, 0.00000e+00
1067,15422,SO_TN,0.000000000000e+00
1067,15422,IO_TN,0.000000000000e+00
1067,15422,AO_TN,0.000000000000e+00
1067,15422,PO_TN,0.000000000000e+00
1067,15422,SO_TP,0.000000000000e+00
1067,15422,IO_TP,0.000000000000e+00
1067,15422,AO_TP,0.000000000000e+00
1067,15422,PO_TP,0.000000000000e+00
1067,15422,SED_TP,0.000000000000e+00
1067,15422,SEDWSSD_TP,0.000000000000e+00
1067,15422,SEDSCRS_TP,0.000000000000e+00
1067,15422,SO_TCd,0.000000000000e+00
1067,15422,IO_TCd,0.000000000000e+00
1067,15422,AO_TCd,0.000000000000e+00
1067,15422,PO_TCd,0.000000000000e+00
1067,15422,SED_TCd,0.000000000000e+00
1067,15422,SEDWSSD_TCd,0.000000000000e+00
1067,15422,SEDSCRS_TCd,0.000000000000e+00
1067,15422,SO_TCu,0.000000000000e+00
1067,15422,IO_TCu,0.000000000000e+00
1067,15422,AO_TCu,0.000000000000e+00
1067,15422,PO_TCu,0.000000000000e+00
1067,15422,SED_TCu,0.000000000000e+00
1067,15422,SEDWSSD_TCu,0.000000000000e+00
1067,15422,SEDSCRS_TCu,0.000000000000e+00
1067,15422,SO_TPb,0.000000000000e+00
1067,15422,IO_TPb,0.000000000000e+00
1067,15422,AO_TPb,0.000000000000e+00
1067,15422,PO_TPb,0.000000000000e+00
1067,15422,SED_TPb,0.000000000000e+00
1067,15422,SEDWSSD_TPb,0.000000000000e+00
1067,15422,SEDSCRS_TPb,0.000000000000e+00
1067,15422,SO_TZn,0.000000000000e+00
1067,15422,IO_TZn,0.000000000000e+00
1067,15422,AO_TZn,0.000000000000e+00
1067,15422,PO_TZn,0.000000000000e+00
1067,15422,SED_TZn,0.000000000000e+00
1067,15422,SEDWSSD_TZn,0.000000000000e+00
1067,15422,SEDSCRS_TZn,0.000000000000e+00
1067,15431,AREA,3.100200000001e-02
1067,15431,PREC,2.810783578698e-01
1067,15431,SURO,1.509387701488e-03
1067,15431,IFWO,9.982236437337e-04
1067,15431,AGWO,3.284300709601e-03
1067,15431,PERO,5.791912054823e-03
1067,15431,TAET,2.752864532693e-01
1067,15431,SEDLOAD,1.091739493929e-05
1067,15431,SEDWSSD, 4.81241e-06
1067,15431,SEDSCRS, 5.61974e-06
1067,15431,SEDSURO, 0.00000e+00
1067,15431,SEDIFWO, 1.13105e-07
1067,15431,SEDAGWO, 3.72133e-07
1067,15431,SO_TN,7.992612464698e-04
1067,15431,IO_TN,2.262109982329e-04
1067,15431,AO_TN,3.721335127051e-04
1067,15431,PO_TN,1.397605757408e-03
1067,15431,SO_TP,2.086431309669e-05
1067,15431,IO_TP,4.524219964658e-05
1067,15431,AO_TP,1.488534050820e-04
1067,15431,PO_TP,2.149599178253e-04
1067,15431,SED_TP,2.086431309669e-05
1067,15431,SEDWSSD_TP,9.624829329169e-06
1067,15431,SEDSCRS_TP,1.123948376752e-05
1067,15431,SO_TCd,1.043215654834e-08
1067,15431,IO_TCd,0.000000000000e+00
1067,15431,AO_TCd,0.000000000000e+00
1067,15431,PO_TCd,1.043215654834e-08
1067,15431,SED_TCd,1.043215654834e-08
1067,15431,SEDWSSD_TCd,4.812414664585e-09
1067,15431,SEDSCRS_TCd,5.619741883760e-09
1067,15431,SO_TCu,1.043215654834e-06
1067,15431,IO_TCu,0.000000000000e+00
1067,15431,AO_TCu,0.000000000000e+00
1067,15431,PO_TCu,1.043215654834e-06
1067,15431,SED_TCu,1.043215654834e-06
1067,15431,SEDWSSD_TCu,4.812414664585e-07
1067,15431,SEDSCRS_TCu,5.619741883760e-07
1067,15431,SO_TPb,1.043215654834e-07
1067,15431,IO_TPb,0.000000000000e+00
1067,15431,AO_TPb,0.000000000000e+00
1067,15431,PO_TPb,1.043215654834e-07
1067,15431,SED_TPb,1.043215654834e-07
1067,15431,SEDWSSD_TPb,4.812414664585e-08
1067,15431,SEDSCRS_TPb,5.619741883760e-08
1067,15431,SO_TZn,7.511152714808e-06
1067,15431,IO_TZn,0.000000000000e+00
1067,15431,AO_TZn,3.721335127051e-05
1067,15431,PO_TZn,4.472450398532e-05
1067,15431,SED_TZn,7.511152714808e-06
1067,15431,SEDWSSD_TZn,3.464938558501e-06
1067,15431,SEDSCRS_TZn,4.046214156307e-06
1067,15432,AREA,0.000000000000e+00
1067,15432,PREC,0.000000000000e+00
1067,15432,SURO,0.000000000000e+00
1067,15432,IFWO,0.000000000000e+00
1067,15432,AGWO,0.000000000000e+00
1067,15432,PERO,0.000000000000e+00
1067,15432,TAET,0.000000000000e+00
1067,15432,SEDLOAD,0.000000000000e+00
1067,15432,SEDWSSD, 0.00000e+00
1067,15432,SEDSCRS, 0.00000e+00
1067,15432,SEDSURO, 0.00000e+00
1067,15432,SEDIFWO, 0.00000e+00
1067,15432,SEDAGWO, 0.00000e+00
1067,15432,SO_TN,0.000000000000e+00
1067,15432,IO_TN,0.000000000000e+00
1067,15432,AO_TN,0.000000000000e+00
1067,15432,PO_TN,0.000000000000e+00
1067,15432,SO_TP,0.000000000000e+00
1067,15432,IO_TP,0.000000000000e+00
1067,15432,AO_TP,0.000000000000e+00
1067,15432,PO_TP,0.000000000000e+00
1067,15432,SED_TP,0.000000000000e+00
1067,15432,SEDWSSD_TP,0.000000000000e+00
1067,15432,SEDSCRS_TP,0.000000000000e+00
1067,15432,SO_TCd,0.000000000000e+00
1067,15432,IO_TCd,0.000000000000e+00
1067,15432,AO_TCd,0.000000000000e+00
1067,15432,PO_TCd,0.000000000000e+00
1067,15432,SED_TCd,0.000000000000e+00
1067,15432,SEDWSSD_TCd,0.000000000000e+00
1067,15432,SEDSCRS_TCd,0.000000000000e+00
1067,15432,SO_TCu,0.000000000000e+00
1067,15432,IO_TCu,0.000000000000e+00
1067,15432,AO_TCu,0.000000000000e+00
1067,15432,PO_TCu,0.000000000000e+00
1067,15432,SED_TCu,0.000000000000e+00
1067,15432,SEDWSSD_TCu,0.000000000000e+00
1067,15432,SEDSCRS_TCu,0.000000000000e+00
1067,15432,SO_TPb,0.000000000000e+00
1067,15432,IO_TPb,0.000000000000e+00
1067,15432,AO_TPb,0.000000000000e+00
1067,15432,PO_TPb,0.000000000000e+00
1067,15432,SED_TPb,0.000000000000e+00
1067,15432,SEDWSSD_TPb,0.000000000000e+00
1067,15432,SEDSCRS_TPb,0.000000000000e+00
1067,15432,SO_TZn,0.000000000000e+00
1067,15432,IO_TZn,0.000000000000e+00
1067,15432,AO_TZn,0.000000000000e+00
1067,15432,PO_TZn,0.000000000000e+00
1067,15432,SED_TZn,0.000000000000e+00
1067,15432,SEDWSSD_TZn,0.000000000000e+00
1067,15432,SEDSCRS_TZn,0.000000000000e+00
1067,16000,AREA,2.087538000000e+00
1067,16000,PREC,1.892657741536e+01
1067,16000,SURO,1.892657741536e+01
1067,16000,IFWO,0.000000000000e+00
1067,16000,AGWO,0.000000000000e+00
1067,16000,PERO,1.892657741536e+01
1067,16000,TAET,0.000000000000e+00
1067,16000,SEDLOAD,0.000000000000e+00
1067,16000,SEDWSSD, 0.00000e+00
1067,16000,SEDSCRS, 0.00000e+00
1067,16000,SEDSURO, 0.00000e+00
1067,16000,SEDIFWO, 0.00000e+00
1067,16000,SEDAGWO, 0.00000e+00
1067,16000,SO_TN,0.000000000000e+00
1067,16000,IO_TN,0.000000000000e+00
1067,16000,AO_TN,0.000000000000e+00
1067,16000,PO_TN,0.000000000000e+00
1067,16000,SO_TP,0.000000000000e+00
1067,16000,IO_TP,0.000000000000e+00
1067,16000,AO_TP,0.000000000000e+00
1067,16000,PO_TP,0.000000000000e+00
1067,16000,SED_TP,0.000000000000e+00
1067,16000,SEDWSSD_TP,0.000000000000e+00
1067,16000,SEDSCRS_TP,0.000000000000e+00
1067,16000,SO_TCd,0.000000000000e+00
1067,16000,IO_TCd,0.000000000000e+00
1067,16000,AO_TCd,0.000000000000e+00
1067,16000,PO_TCd,0.000000000000e+00
1067,16000,SED_TCd,0.000000000000e+00
1067,16000,SEDWSSD_TCd,0.000000000000e+00
1067,16000,SEDSCRS_TCd,0.000000000000e+00
1067,16000,SO_TCu,0.000000000000e+00
1067,16000,IO_TCu,0.000000000000e+00
1067,16000,AO_TCu,0.000000000000e+00
1067,16000,PO_TCu,0.000000000000e+00
1067,16000,SED_TCu,0.000000000000e+00
1067,16000,SEDWSSD_TCu,0.000000000000e+00
1067,16000,SEDSCRS_TCu,0.000000000000e+00
1067,16000,SO_TPb,0.000000000000e+00
1067,16000,IO_TPb,0.000000000000e+00
1067,16000,AO_TPb,0.000000000000e+00
1067,16000,PO_TPb,0.000000000000e+00
1067,16000,SED_TPb,0.000000000000e+00
1067,16000,SEDWSSD_TPb,0.000000000000e+00
1067,16000,SEDSCRS_TPb,0.000000000000e+00
1067,16000,SO_TZn,0.000000000000e+00
1067,16000,IO_TZn,0.000000000000e+00
1067,16000,AO_TZn,0.000000000000e+00
1067,16000,PO_TZn,0.000000000000e+00
1067,16000,SED_TZn,0.000000000000e+00
1067,16000,SEDWSSD_TZn,0.000000000000e+00
1067,16000,SEDSCRS_TZn,0.000000000000e+00
