date,prcp_mm,prcp_in
2014-01-01T00:00:00Z,0,0
2014-01-02T00:00:00Z,0,0
2014-01-03T00:00:00Z,0,0
2014-01-04T00:00:00Z,0,0
2014-01-05T00:00:00Z,0,0
2014-01-06T00:00:00Z,0,0
2014-01-07T00:00:00Z,0,0
2014-01-08T00:00:00Z,0,0
2014-01-09T00:00:00Z,0,0
2014-01-10T00:00:00Z,0,0
2014-01-11T00:00:00Z,0,0
2014-01-12T00:00:00Z,0,0
2014-01-13T00:00:00Z,0,0
2014-01-14T00:00:00Z,0,0
2014-01-15T00:00:00Z,0,0
2014-01-16T00:00:00Z,0,0
2014-01-17T00:00:00Z,0,0
2014-01-18T00:00:00Z,0,0
2014-01-19T00:00:00Z,0,0
2014-01-20T00:00:00Z,0,0
2014-01-21T00:00:00Z,0,0
2014-01-22T00:00:00Z,0,0
2014-01-23T00:00:00Z,0,0
2014-01-24T00:00:00Z,0,0
2014-01-25T00:00:00Z,0,0
2014-01-26T00:00:00Z,0,0
2014-01-27T00:00:00Z,0.0095813121925461,3.772170154545709e-4
2014-01-28T00:00:00Z,0,0
2014-01-29T00:00:00Z,0,0
2014-01-30T00:00:00Z,0.5607514149931558,0.02207682736193527
2014-01-31T00:00:00Z,1.0166352740829667,0.04002501079066798
2014-02-01T00:00:00Z,0.007839137154357901,3.086274470219646e-4
2014-02-02T00:00:00Z,0.5354411435706551,0.02108035998309666
2014-02-03T00:00:00Z,0.7383143110446253,0.029067492560812022
2014-02-04T00:00:00Z,0,0
2014-02-05T00:00:00Z,0,0
2014-02-06T00:00:00Z,1.2073424256477792,0.0475331663640858
2014-02-07T00:00:00Z,1.2446225765090708,0.0490008888389398
2014-02-08T00:00:00Z,0.1719204248894195,0.006768520664937776
2014-02-09T00:00:00Z,0.0091907718630395,3.61841411930689e-4
2014-02-10T00:00:00Z,0.004628600756644299,1.8222837624583857e-4
2014-02-11T00:00:00Z,0,0
2014-02-12T00:00:00Z,0.0101615490556989,4.0006098644483856e-4
2014-02-13T00:00:00Z,0,0
2014-02-14T00:00:00Z,0,0
2014-02-15T00:00:00Z,0,0
2014-02-16T00:00:00Z,0,0
2014-02-17T00:00:00Z,0,0
2014-02-18T00:00:00Z,0,0
2014-02-19T00:00:00Z,0,0
2014-02-20T00:00:00Z,0,0
2014-02-21T00:00:00Z,0,0
2014-02-22T00:00:00Z,0,0
2014-02-23T00:00:00Z,0,0
2014-02-24T00:00:00Z,0,0
2014-02-25T00:00:00Z,0.002935817925507,1.1558338289397638e-4
2014-02-26T00:00:00Z,1.225188583882649,0.048235771019001936
2014-02-27T00:00:00Z,12.637056369903954,0.49752190432692733
2014-02-28T00:00:00Z,31.774244177177593,1.2509544951644722
2014-03-01T00:00:00Z,22.800613290907087,0.8976619405868932
2014-03-02T00:00:00Z,6.856314208850181,0.2699336302696922
2014-03-03T00:00:00Z,0.16220317774062892,0.00638595187955232
2014-03-04T00:00:00Z,0,0
2014-03-05T00:00:00Z,0.009000237976960802,3.5434007783310246e-4
2014-03-06T00:00:00Z,0,0
2014-03-07T00:00:00Z,0,0
2014-03-08T00:00:00Z,0,0
2014-03-09T00:00:00Z,0,0
2014-03-10T00:00:00Z,0,0
2014-03-11T00:00:00Z,0,0
2014-03-12T00:00:00Z,0,0
2014-03-13T00:00:00Z,0,0
2014-03-14T00:00:00Z,0,0
2014-03-15T00:00:00Z,0,0
2014-03-16T00:00:00Z,0,0
2014-03-17T00:00:00Z,0,0
2014-03-18T00:00:00Z,0,0
2014-03-19T00:00:00Z,0,0
2014-03-20T00:00:00Z,0,0
2014-03-21T00:00:00Z,0,0
2014-03-22T00:00:00Z,0,0
2014-03-23T00:00:00Z,0,0
2014-03-24T00:00:00Z,0,0
2014-03-25T00:00:00Z,0.012216846790858498,4.809782201125393e-4
2014-03-26T00:00:00Z,1.0433396414298297,0.04107636383582007
2014-03-27T00:00:00Z,0.11910722617908298,0.004689260873192244
2014-03-28T00:00:00Z,0,0
2014-03-29T00:00:00Z,0,0
2014-03-30T00:00:00Z,0.0115303947729404,4.539525501157638e-4
2014-03-31T00:00:00Z,0.14277794618585998,0.0056211789836952755
2014-04-01T00:00:00Z,4.261420972682689,0.16777247923947597
2014-04-02T00:00:00Z,1.7043466450583544,0.06710026161647065
2014-04-03T00:00:00Z,0.4335899174580541,0.017070469191261973
2014-04-04T00:00:00Z,0.001378681109051,5.427878382090552e-5
2014-04-05T00:00:00Z,0,0
2014-04-06T00:00:00Z,0,0
2014-04-07T00:00:00Z,0,0
2014-04-08T00:00:00Z,0,0
2014-04-09T00:00:00Z,0,0
2014-04-10T00:00:00Z,0,0
2014-04-11T00:00:00Z,0,0
2014-04-12T00:00:00Z,0,0
2014-04-13T00:00:00Z,0,0
2014-04-14T00:00:00Z,0,0
2014-04-15T00:00:00Z,0,0
2014-04-16T00:00:00Z,0,0
2014-04-17T00:00:00Z,0,0
2014-04-18T00:00:00Z,0.05755630810759001,0.002265996382188583
2014-04-19T00:00:00Z,0,0
2014-04-20T00:00:00Z,0,0
2014-04-21T00:00:00Z,0,0
2014-04-22T00:00:00Z,0.08690616482393,0.0034215025521232285
2014-04-23T00:00:00Z,0,0
2014-04-24T00:00:00Z,0.0060164183019305,2.3686686228072834e-4
2014-04-25T00:00:00Z,1.3266621407624464,0.0522307929434034
2014-04-26T00:00:00Z,1.5125676519870628,0.059549907558545785
2014-04-27T00:00:00Z,0,0
2014-04-28T00:00:00Z,0,0
2014-04-29T00:00:00Z,0,0
2014-04-30T00:00:00Z,0,0
2014-05-01T00:00:00Z,0,0
2014-05-02T00:00:00Z,0,0
2014-05-03T00:00:00Z,0,0
2014-05-04T00:00:00Z,0,0
2014-05-05T00:00:00Z,0,0
2014-05-06T00:00:00Z,0,0
2014-05-07T00:00:00Z,0.0830199143644736,0.0032685005655304572
2014-05-08T00:00:00Z,0,0
2014-05-09T00:00:00Z,0,0
2014-05-10T00:00:00Z,0,0
2014-05-11T00:00:00Z,0,0
2014-05-12T00:00:00Z,0,0
2014-05-13T00:00:00Z,0,0
2014-05-14T00:00:00Z,0,0
2014-05-15T00:00:00Z,0,0
2014-05-16T00:00:00Z,0,0
2014-05-17T00:00:00Z,0,0
2014-05-18T00:00:00Z,0,0
2014-05-19T00:00:00Z,0,0
2014-05-20T00:00:00Z,0,0
2014-05-21T00:00:00Z,0,0
2014-05-22T00:00:00Z,0.2981061725723705,0.0117364634871012
2014-05-23T00:00:00Z,0.1348418660857194,0.005308734885264544
2014-05-24T00:00:00Z,0,0
2014-05-25T00:00:00Z,0,0
2014-05-26T00:00:00Z,0,0
2014-05-27T00:00:00Z,0,0
2014-05-28T00:00:00Z,0,0
2014-05-29T00:00:00Z,0,0
2014-05-30T00:00:00Z,0,0
2014-05-31T00:00:00Z,0,0
2014-06-01T00:00:00Z,0,0
2014-06-02T00:00:00Z,0,0
2014-06-03T00:00:00Z,0,0
2014-06-04T00:00:00Z,0,0
2014-06-05T00:00:00Z,0,0
2014-06-06T00:00:00Z,0,0
2014-06-07T00:00:00Z,0,0
2014-06-08T00:00:00Z,0,0
2014-06-09T00:00:00Z,7.351255728576001e-4,2.894195168730709e-5
2014-06-10T00:00:00Z,0,0
2014-06-11T00:00:00Z,0,0
2014-06-12T00:00:00Z,0,0
2014-06-13T00:00:00Z,0,0
2014-06-14T00:00:00Z,0,0
2014-06-15T00:00:00Z,0,0
2014-06-16T00:00:00Z,0,0
2014-06-17T00:00:00Z,0,0
2014-06-18T00:00:00Z,0,0
2014-06-19T00:00:00Z,0,0
2014-06-20T00:00:00Z,0,0
2014-06-21T00:00:00Z,0,0
2014-06-22T00:00:00Z,0,0
2014-06-23T00:00:00Z,0,0
2014-06-24T00:00:00Z,0,0
2014-06-25T00:00:00Z,0,0
2014-06-26T00:00:00Z,0,0
2014-06-27T00:00:00Z,0,0
2014-06-28T00:00:00Z,0,0
2014-06-29T00:00:00Z,0,0
2014-06-30T00:00:00Z,0,0
2014-07-01T00:00:00Z,0,0
2014-07-02T00:00:00Z,0,0
2014-07-03T00:00:00Z,0,0
2014-07-04T00:00:00Z,0,0
2014-07-05T00:00:00Z,0,0
2014-07-06T00:00:00Z,0,0
2014-07-07T00:00:00Z,0,0
2014-07-08T00:00:00Z,0,0
2014-07-09T00:00:00Z,0,0
2014-07-10T00:00:00Z,0,0
2014-07-11T00:00:00Z,0,0
2014-07-12T00:00:00Z,0,0
2014-07-13T00:00:00Z,0,0
2014-07-14T00:00:00Z,0.0061068175755096,2.4042588879959054e-4
2014-07-15T00:00:00Z,0.010086510539870999,3.971067141681496e-4
2014-07-16T00:00:00Z,0,0
2014-07-17T00:00:00Z,0,0
2014-07-18T00:00:00Z,0,0
2014-07-19T00:00:00Z,0,0
2014-07-20T00:00:00Z,0,0
2014-07-21T00:00:00Z,0,0
2014-07-22T00:00:00Z,0,0
2014-07-23T00:00:00Z,0,0
2014-07-24T00:00:00Z,0,0
2014-07-25T00:00:00Z,0,0
2014-07-26T00:00:00Z,0,0
2014-07-27T00:00:00Z,0.11731158251775839,0.00461856624085663
2014-07-28T00:00:00Z,0.04675062214121191,0.0018405756748508626
2014-07-29T00:00:00Z,0,0
2014-07-30T00:00:00Z,0,0
2014-07-31T00:00:00Z,0,0
2014-08-01T00:00:00Z,0,0
2014-08-02T00:00:00Z,0.3875095285002081,0.015256280649614493
2014-08-03T00:00:00Z,2.9081039651682117,0.11449228209323668
2014-08-04T00:00:00Z,0.577323857928749,0.022729285745226337
2014-08-05T00:00:00Z,0,0
2014-08-06T00:00:00Z,0,0
2014-08-07T00:00:00Z,0,0
2014-08-08T00:00:00Z,0,0
2014-08-09T00:00:00Z,0,0
2014-08-10T00:00:00Z,0,0
2014-08-11T00:00:00Z,0,0
2014-08-12T00:00:00Z,0,0
2014-08-13T00:00:00Z,0,0
2014-08-14T00:00:00Z,0,0
2014-08-15T00:00:00Z,0,0
2014-08-16T00:00:00Z,0,0
2014-08-17T00:00:00Z,0,0
2014-08-18T00:00:00Z,0,0
2014-08-19T00:00:00Z,0,0
2014-08-20T00:00:00Z,0,0
2014-08-21T00:00:00Z,0,0
2014-08-22T00:00:00Z,0,0
2014-08-23T00:00:00Z,0,0
2014-08-24T00:00:00Z,0,0
2014-08-25T00:00:00Z,0.0043412826472254,1.7091663965454332e-4
2014-08-26T00:00:00Z,0,0
2014-08-27T00:00:00Z,0,0
2014-08-28T00:00:00Z,0,0
2014-08-29T00:00:00Z,0,0
2014-08-30T00:00:00Z,0,0
2014-08-31T00:00:00Z,0,0
2014-09-01T00:00:00Z,0,0
2014-09-02T00:00:00Z,0,0
2014-09-03T00:00:00Z,0,0
2014-09-04T00:00:00Z,0,0
2014-09-05T00:00:00Z,0,0
2014-09-06T00:00:00Z,0,0
2014-09-07T00:00:00Z,0.009626269283088799,3.7898697964916533e-4
2014-09-08T00:00:00Z,0.5760547254712846,0.022679319900444275
2014-09-09T00:00:00Z,0.0982141532982955,0.0038666989487517915
2014-09-10T00:00:00Z,0,0
2014-09-11T00:00:00Z,0,0
2014-09-12T00:00:00Z,0,0
2014-09-13T00:00:00Z,0,0
2014-09-14T00:00:00Z,0,0
2014-09-15T00:00:00Z,0,0
2014-09-16T00:00:00Z,0,0
2014-09-17T00:00:00Z,0,0
2014-09-18T00:00:00Z,0,0
2014-09-19T00:00:00Z,0,0
2014-09-20T00:00:00Z,0,0
2014-09-21T00:00:00Z,0,0
2014-09-22T00:00:00Z,0,0
2014-09-23T00:00:00Z,0,0
2014-09-24T00:00:00Z,0,0
2014-09-25T00:00:00Z,0,0
2014-09-26T00:00:00Z,0,0
2014-09-27T00:00:00Z,0,0
2014-09-28T00:00:00Z,0.0353920114928934,0.0013933862792477718
2014-09-29T00:00:00Z,0.008671147679372899,3.4138376690444485e-4
2014-09-30T00:00:00Z,0,0
2014-10-01T00:00:00Z,0,0
2014-10-02T00:00:00Z,0,0
2014-10-03T00:00:00Z,0,0
2014-10-04T00:00:00Z,0,0
2014-10-05T00:00:00Z,0,0
2014-10-06T00:00:00Z,0,0
2014-10-07T00:00:00Z,0,0
2014-10-08T00:00:00Z,0,0
2014-10-09T00:00:00Z,0,0
2014-10-10T00:00:00Z,0,0
2014-10-11T00:00:00Z,0,0
2014-10-12T00:00:00Z,0,0
2014-10-13T00:00:00Z,0.0036098509811582995,1.42120117368437e-4
2014-10-14T00:00:00Z,0,0
2014-10-15T00:00:00Z,0,0
2014-10-16T00:00:00Z,0,0
2014-10-17T00:00:00Z,0,0
2014-10-18T00:00:00Z,0,0
2014-10-19T00:00:00Z,0,0
2014-10-20T00:00:00Z,0,0
2014-10-21T00:00:00Z,0,0
2014-10-22T00:00:00Z,0,0
2014-10-23T00:00:00Z,0,0
2014-10-24T00:00:00Z,0,0
2014-10-25T00:00:00Z,0,0
2014-10-26T00:00:00Z,0,0
2014-10-27T00:00:00Z,0,0
2014-10-28T00:00:00Z,0,0
2014-10-29T00:00:00Z,0,0
2014-10-30T00:00:00Z,0.1094988130951351,0.0043109768935092555
2014-10-31T00:00:00Z,1.5805246206095824,0.06222537876415679
2014-11-01T00:00:00Z,6.081524751125931,0.23943010831204456
2014-11-02T00:00:00Z,0.3597799144866543,0.014164563562466705
2014-11-03T00:00:00Z,0.0012773513814540003,5.028942446669293e-5
2014-11-04T00:00:00Z,7.351255728576001e-4,2.894195168730709e-5
2014-11-05T00:00:00Z,0,0
2014-11-06T00:00:00Z,0,0
2014-11-07T00:00:00Z,0,0
2014-11-08T00:00:00Z,0,0
2014-11-09T00:00:00Z,0,0
2014-11-10T00:00:00Z,0,0
2014-11-11T00:00:00Z,0,0
2014-11-12T00:00:00Z,0.0036098509811582995,1.42120117368437e-4
2014-11-13T00:00:00Z,0.0165952773714015,6.533573768268307e-4
2014-11-14T00:00:00Z,0.0710306702810028,0.002796483081929244
2014-11-15T00:00:00Z,0,0
2014-11-16T00:00:00Z,0,0
2014-11-17T00:00:00Z,0,0
2014-11-18T00:00:00Z,0,0
2014-11-19T00:00:00Z,0,0
2014-11-20T00:00:00Z,0.0036098509811582995,1.42120117368437e-4
2014-11-21T00:00:00Z,0.30318936764091325,0.01193658927720131
2014-11-22T00:00:00Z,0.033042369859384,0.0013008807031253545
2014-11-23T00:00:00Z,0,0
2014-11-24T00:00:00Z,0,0
2014-11-25T00:00:00Z,0,0
2014-11-26T00:00:00Z,0,0
2014-11-27T00:00:00Z,0,0
2014-11-28T00:00:00Z,0,0
2014-11-29T00:00:00Z,0.1251415006801544,0.00492683073543915
2014-11-30T00:00:00Z,2.5825311035415277,0.10167445289533575
2014-12-01T00:00:00Z,5.419911758602965,0.21338235270090417
2014-12-02T00:00:00Z,9.241976969560994,0.36385736100633836
2014-12-03T00:00:00Z,14.473526840070159,0.5698238913413449
2014-12-04T00:00:00Z,2.42618324291466,0.0955190253116008
2014-12-05T00:00:00Z,0.012245405170838398,4.821025657810393e-4
2014-12-06T00:00:00Z,7.344870878889e-4,2.891681448381496e-5
2014-12-07T00:00:00Z,0,0
2014-12-08T00:00:00Z,0,0
2014-12-09T00:00:00Z,0,0
2014-12-10T00:00:00Z,0.021659105886949796,8.52720704210622e-4
2014-12-11T00:00:00Z,0.88030788776001,0.03465779085669331
2014-12-12T00:00:00Z,24.0993746315992,0.9487942768346143
2014-12-13T00:00:00Z,4.629837488437015,0.18227706647389821
2014-12-14T00:00:00Z,0,0
2014-12-15T00:00:00Z,0.12893536184831017,0.005076195348358669
2014-12-16T00:00:00Z,3.9113680870450103,0.1539908695687012
2014-12-17T00:00:00Z,7.266156538610571,0.2860691550634083
2014-12-18T00:00:00Z,0.3860427652629785,0.015198534065471595
2014-12-19T00:00:00Z,0.0019657391450682003,7.739130492394489e-5
2014-12-20T00:00:00Z,0.0061763606424165,2.4316380481954726e-4
2014-12-21T00:00:00Z,0,0
2014-12-22T00:00:00Z,7.351255728576001e-4,2.894195168730709e-5
2014-12-23T00:00:00Z,0,0
2014-12-24T00:00:00Z,0,0
2014-12-25T00:00:00Z,0,0
2014-12-26T00:00:00Z,0,0
2014-12-27T00:00:00Z,0,0
2014-12-28T00:00:00Z,0,0
2014-12-29T00:00:00Z,0,0
2014-12-30T00:00:00Z,0.4646882136828497,0.018294811562316916
2014-12-31T00:00:00Z,0.8268140743620963,0.03255173521110616
2015-01-01T00:00:00Z,7.351255728576001e-4,2.894195168730709e-5
2015-01-02T00:00:00Z,0,0
2015-01-03T00:00:00Z,0,0
2015-01-04T00:00:00Z,0,0
2015-01-05T00:00:00Z,0,0
2015-01-06T00:00:00Z,0,0
2015-01-07T00:00:00Z,0,0
2015-01-08T00:00:00Z,0,0
2015-01-09T00:00:00Z,0,0
2015-01-10T00:00:00Z,3.7267557761463075,0.14672266835221684
2015-01-11T00:00:00Z,11.145741903036335,0.4388087363400132
2015-01-12T00:00:00Z,0.9052258923101363,0.03563881465787938
2015-01-13T00:00:00Z,0.008134119050528101,3.202409075011064e-4
2015-01-14T00:00:00Z,0,0
2015-01-15T00:00:00Z,7.351255728576001e-4,2.894195168730709e-5
2015-01-16T00:00:00Z,0,0
2015-01-17T00:00:00Z,0,0
2015-01-18T00:00:00Z,0,0
2015-01-19T00:00:00Z,0,0
2015-01-20T00:00:00Z,0,0
2015-01-21T00:00:00Z,0,0
2015-01-22T00:00:00Z,0,0
2015-01-23T00:00:00Z,0,0
2015-01-24T00:00:00Z,0,0
2015-01-25T00:00:00Z,0,0
2015-01-26T00:00:00Z,0.578601778727629,0.022779597587701927
2015-01-27T00:00:00Z,1.8786200957937194,0.07396142109424092
2015-01-28T00:00:00Z,0.004741929026244899,1.866901191435e-4
2015-01-29T00:00:00Z,0.0026162217790941,1.0300085744464962e-4
2015-01-30T00:00:00Z,0.4257798159812952,0.016762984881153357
2015-01-31T00:00:00Z,0.559297654507732,0.022019592697154804
2015-02-01T00:00:00Z,0,0
2015-02-02T00:00:00Z,0,0
2015-02-03T00:00:00Z,0,0
2015-02-04T00:00:00Z,7.351255728576001e-4,2.894195168730709e-5
2015-02-05T00:00:00Z,0,0
2015-02-06T00:00:00Z,0,0
2015-02-07T00:00:00Z,0.47446723274337665,0.018679812312731366
2015-02-08T00:00:00Z,0.6252861120513882,0.024617563466590088
2015-02-09T00:00:00Z,0,0
2015-02-10T00:00:00Z,7.351255728576001e-4,2.894195168730709e-5
2015-02-11T00:00:00Z,0,0
2015-02-12T00:00:00Z,0,0
2015-02-13T00:00:00Z,0,0
2015-02-14T00:00:00Z,0,0
2015-02-15T00:00:00Z,0,0
2015-02-16T00:00:00Z,0,0
2015-02-17T00:00:00Z,0,0
2015-02-18T00:00:00Z,0,0
2015-02-19T00:00:00Z,0,0
2015-02-20T00:00:00Z,0,0
2015-02-21T00:00:00Z,0.0200926482331133,7.910491430359567e-4
2015-02-22T00:00:00Z,3.899373329223986,0.15351863500881835
2015-02-23T00:00:00Z,7.165906781431753,0.2821223142295966
2015-02-24T00:00:00Z,1.6495488370948912,0.06494286760216107
2015-02-25T00:00:00Z,0,0
2015-02-26T00:00:00Z,0,0
2015-02-27T00:00:00Z,0,0
2015-02-28T00:00:00Z,0.8495859592860453,0.03344826611362383
2015-03-01T00:00:00Z,5.141439092124504,0.20241886189466551
2015-03-02T00:00:00Z,5.648705840618132,0.22238999372512333
2015-03-03T00:00:00Z,1.0506063372615286,0.04136245422289483
2015-03-04T00:00:00Z,0,0
2015-03-05T00:00:00Z,0.0426644909376225,0.0016797043676229331
2015-03-06T00:00:00Z,0,0
2015-03-07T00:00:00Z,0,0
2015-03-08T00:00:00Z,0,0
2015-03-09T00:00:00Z,0,0
2015-03-10T00:00:00Z,0,0
2015-03-11T00:00:00Z,0,0
2015-03-12T00:00:00Z,0,0
2015-03-13T00:00:00Z,0,0
2015-03-14T00:00:00Z,0,0
2015-03-15T00:00:00Z,0,0
2015-03-16T00:00:00Z,0,0
2015-03-17T00:00:00Z,0,0
2015-03-18T00:00:00Z,0.2106621481079626,0.008293785358581206
2015-03-19T00:00:00Z,0.0834998331630816,0.003287395006420536
2015-03-20T00:00:00Z,0.01290544244001,5.080882850397638e-4
2015-03-21T00:00:00Z,0,0
2015-03-22T00:00:00Z,0,0
2015-03-23T00:00:00Z,0,0
2015-03-24T00:00:00Z,0,0
2015-03-25T00:00:00Z,0,0
2015-03-26T00:00:00Z,0,0
2015-03-27T00:00:00Z,0,0
2015-03-28T00:00:00Z,0,0
2015-03-29T00:00:00Z,0,0
2015-03-30T00:00:00Z,0,0
2015-03-31T00:00:00Z,0,0
2015-04-01T00:00:00Z,0,0
2015-04-02T00:00:00Z,0,0
2015-04-03T00:00:00Z,0,0
2015-04-04T00:00:00Z,0,0
2015-04-05T00:00:00Z,0,0
2015-04-06T00:00:00Z,0,0
2015-04-07T00:00:00Z,1.1606763909879674,0.04569592090503809
2015-04-08T00:00:00Z,2.093059417023828,0.08240391405605622
2015-04-09T00:00:00Z,0,0
2015-04-10T00:00:00Z,0,0
2015-04-11T00:00:00Z,0,0
2015-04-12T00:00:00Z,0,0
2015-04-13T00:00:00Z,0,0
2015-04-14T00:00:00Z,0,0
2015-04-15T00:00:00Z,0,0
2015-04-16T00:00:00Z,0,0
2015-04-17T00:00:00Z,0,0
2015-04-18T00:00:00Z,0,0
2015-04-19T00:00:00Z,0,0
2015-04-20T00:00:00Z,0,0
2015-04-21T00:00:00Z,0.0048932173444698,1.9264635214448034e-4
2015-04-22T00:00:00Z,0,0
2015-04-23T00:00:00Z,0,0
2015-04-24T00:00:00Z,0.012390888697269,4.878302636720079e-4
2015-04-25T00:00:00Z,0.3325675335253113,0.01309320998131147
2015-04-26T00:00:00Z,0.7429623111322801,0.02925048469024725
2015-04-27T00:00:00Z,0,0
2015-04-28T00:00:00Z,0,0
2015-04-29T00:00:00Z,0,0
2015-04-30T00:00:00Z,0,0
2015-05-01T00:00:00Z,0,0
2015-05-02T00:00:00Z,0,0
2015-05-03T00:00:00Z,0,0
2015-05-04T00:00:00Z,7.351255728576001e-4,2.894195168730709e-5
2015-05-05T00:00:00Z,0,0
2015-05-06T00:00:00Z,0,0
2015-05-07T00:00:00Z,0.833404264166137,0.03281119150260382
2015-05-08T00:00:00Z,2.4008208000359206,0.09452050393842208
2015-05-09T00:00:00Z,0.07772943494095891,0.0030602139740535006
2015-05-10T00:00:00Z,0,0
2015-05-11T00:00:00Z,0,0
2015-05-12T00:00:00Z,0,0
2015-05-13T00:00:00Z,0,0
2015-05-14T00:00:00Z,3.696826441975722,0.1455443481092804
2015-05-15T00:00:00Z,5.09180180369357,0.20046463794069172
2015-05-16T00:00:00Z,0.18405158565782093,0.007246125419599249
2015-05-17T00:00:00Z,0,0
2015-05-18T00:00:00Z,0.005162176976004,2.0323531401590552e-4
2015-05-19T00:00:00Z,0.0055139764710099,2.1708568783503543e-4
2015-05-20T00:00:00Z,0,0
2015-05-21T00:00:00Z,0,0
2015-05-22T00:00:00Z,0.012390888697269,4.878302636720079e-4
2015-05-23T00:00:00Z,0.0426159971752905,0.001677795164381516
2015-05-24T00:00:00Z,0,0
2015-05-25T00:00:00Z,0,0
2015-05-26T00:00:00Z,0,0
2015-05-27T00:00:00Z,0,0
2015-05-28T00:00:00Z,0,0
2015-05-29T00:00:00Z,0,0
2015-05-30T00:00:00Z,0,0
2015-05-31T00:00:00Z,0,0
2015-06-01T00:00:00Z,0,0
2015-06-02T00:00:00Z,0,0
2015-06-03T00:00:00Z,0.0201245124783947,7.923036408816811e-4
2015-06-04T00:00:00Z,0.0160503318991514,6.31902830675252e-4
2015-06-05T00:00:00Z,0.0406317313938361,0.001599674464324256
2015-06-06T00:00:00Z,0.0020680216635765,8.141817573135827e-5
2015-06-07T00:00:00Z,0,0
2015-06-08T00:00:00Z,0.0315339871114026,0.0012414955555670316
2015-06-09T00:00:00Z,0.2016240079841861,0.007937953070243546
2015-06-10T00:00:00Z,0.06937317646092911,0.0027312274197216187
2015-06-11T00:00:00Z,0.1295689230722775,0.005101138703632972
2015-06-12T00:00:00Z,0.012777812568664799,5.03063486955307e-4
2015-06-13T00:00:00Z,0.0416078761362296,0.0016381053596940787
2015-06-14T00:00:00Z,0.0036098509811582995,1.42120117368437e-4
2015-06-15T00:00:00Z,0,0
2015-06-16T00:00:00Z,0,0
2015-06-17T00:00:00Z,0,0
2015-06-18T00:00:00Z,0,0
2015-06-19T00:00:00Z,0,0
2015-06-20T00:00:00Z,0,0
2015-06-21T00:00:00Z,0,0
2015-06-22T00:00:00Z,0,0
2015-06-23T00:00:00Z,0,0
2015-06-24T00:00:00Z,0,0
2015-06-25T00:00:00Z,0,0
2015-06-26T00:00:00Z,0,0
2015-06-27T00:00:00Z,0,0
2015-06-28T00:00:00Z,0.001230817725768,4.845739077826772e-5
2015-06-29T00:00:00Z,0,0
2015-06-30T00:00:00Z,0.012390888697269,4.878302636720079e-4
2015-07-01T00:00:00Z,0.0120706064043102,4.7522072457914174e-4
2015-07-02T00:00:00Z,0.002164901138006,8.523232826795276e-5
2015-07-03T00:00:00Z,0,0
2015-07-04T00:00:00Z,0,0
2015-07-05T00:00:00Z,0,0
2015-07-06T00:00:00Z,0,0
2015-07-07T00:00:00Z,0,0
2015-07-08T00:00:00Z,0,0
2015-07-09T00:00:00Z,0.0048932173444698,1.9264635214448034e-4
2015-07-10T00:00:00Z,0,0
2015-07-11T00:00:00Z,0,0
2015-07-12T00:00:00Z,0,0
2015-07-13T00:00:00Z,0,0
2015-07-14T00:00:00Z,0,0
2015-07-15T00:00:00Z,0,0
2015-07-16T00:00:00Z,0,0
2015-07-17T00:00:00Z,0,0
2015-07-18T00:00:00Z,3.054351524210653,0.12025006000829344
2015-07-19T00:00:00Z,5.789345361560695,0.22792698273861006
2015-07-20T00:00:00Z,4.226215849100447,0.1663864507519861
2015-07-21T00:00:00Z,0.0069208450755109,2.724742155712953e-4
2015-07-22T00:00:00Z,0.016432363710964598,6.469434531875826e-4
2015-07-23T00:00:00Z,0.3187442102670228,0.012548984656182002
2015-07-24T00:00:00Z,0,0
2015-07-25T00:00:00Z,0,0
2015-07-26T00:00:00Z,0.047201431106754,0.0018583240593210235
2015-07-27T00:00:00Z,0,0
2015-07-28T00:00:00Z,0,0
2015-07-29T00:00:00Z,0,0
2015-07-30T00:00:00Z,0.09307677870664191,0.0036644401065607053
2015-07-31T00:00:00Z,0.027823764613523004,0.0010954238036820082
2015-08-01T00:00:00Z,0,0
2015-08-02T00:00:00Z,0,0
2015-08-03T00:00:00Z,0,0
2015-08-04T00:00:00Z,0,0
2015-08-05T00:00:00Z,0,0
2015-08-06T00:00:00Z,0.012390888697269,4.878302636720079e-4
2015-08-07T00:00:00Z,0.025121295409168,9.890273783137009e-4
2015-08-08T00:00:00Z,0,0
2015-08-09T00:00:00Z,0,0
2015-08-10T00:00:00Z,0,0
2015-08-11T00:00:00Z,0,0
2015-08-12T00:00:00Z,0,0
2015-08-13T00:00:00Z,0,0
2015-08-14T00:00:00Z,0,0
2015-08-15T00:00:00Z,0,0
2015-08-16T00:00:00Z,0,0
2015-08-17T00:00:00Z,0,0
2015-08-18T00:00:00Z,0,0
2015-08-19T00:00:00Z,0,0
2015-08-20T00:00:00Z,0,0
2015-08-21T00:00:00Z,0,0
2015-08-22T00:00:00Z,0,0
2015-08-23T00:00:00Z,0,0
2015-08-24T00:00:00Z,0,0
2015-08-25T00:00:00Z,0,0
2015-08-26T00:00:00Z,0,0
2015-08-27T00:00:00Z,0,0
2015-08-28T00:00:00Z,0,0
2015-08-29T00:00:00Z,0,0
2015-08-30T00:00:00Z,0,0
2015-08-31T00:00:00Z,0,0
2015-09-01T00:00:00Z,0,0
2015-09-02T00:00:00Z,0,0
2015-09-03T00:00:00Z,0,0
2015-09-04T00:00:00Z,0,0
2015-09-05T00:00:00Z,0,0
2015-09-06T00:00:00Z,0,0
2015-09-07T00:00:00Z,0,0
2015-09-08T00:00:00Z,0,0
2015-09-09T00:00:00Z,0.0475131693188683,0.0018705972172782797
2015-09-10T00:00:00Z,0.10256662347623431,0.00403805604237143
2015-09-11T00:00:00Z,0,0
2015-09-12T00:00:00Z,0,0
2015-09-13T00:00:00Z,0,0
2015-09-14T00:00:00Z,0.7387205564144605,0.029083486473010258
2015-09-15T00:00:00Z,19.556421123846928,0.7699378395215326
2015-09-16T00:00:00Z,2.4338817025109445,0.09582211427208444
2015-09-17T00:00:00Z,0,0
2015-09-18T00:00:00Z,0,0
2015-09-19T00:00:00Z,0,0
2015-09-20T00:00:00Z,0,0
2015-09-21T00:00:00Z,0,0
2015-09-22T00:00:00Z,0,0
2015-09-23T00:00:00Z,0,0
2015-09-24T00:00:00Z,0,0
2015-09-25T00:00:00Z,0,0
2015-09-26T00:00:00Z,0,0
2015-09-27T00:00:00Z,0,0
2015-09-28T00:00:00Z,0,0
2015-09-29T00:00:00Z,0,0
2015-09-30T00:00:00Z,0,0
2015-10-01T00:00:00Z,0,0
2015-10-02T00:00:00Z,0,0
2015-10-03T00:00:00Z,0.025576767516827997,0.0010069593510562205
2015-10-04T00:00:00Z,3.7837695254071924,0.14896730414988948
2015-10-05T00:00:00Z,1.7510872183713464,0.06894044166816325
2015-10-06T00:00:00Z,0.2587342806773962,0.010186389003047094
2015-10-07T00:00:00Z,0,0
2015-10-08T00:00:00Z,0,0
2015-10-09T00:00:00Z,0,0
2015-10-10T00:00:00Z,0,0
2015-10-11T00:00:00Z,0,0
2015-10-12T00:00:00Z,0,0
2015-10-13T00:00:00Z,0,0
2015-10-14T00:00:00Z,0.1427720141852787,0.005620945440365304
2015-10-15T00:00:00Z,0.12729636662636082,0.00501166797741578
2015-10-16T00:00:00Z,0,0
2015-10-17T00:00:00Z,7.344870878889e-4,2.891681448381496e-5
2015-10-18T00:00:00Z,0.0559911418208496,0.0022043756622381733
2015-10-19T00:00:00Z,0.18518825925902088,0.00729087634878035
2015-10-20T00:00:00Z,0.1806013525573911,0.00711028947076343
2015-10-21T00:00:00Z,0.0036098509811582995,1.42120117368437e-4
2015-10-22T00:00:00Z,0,0
2015-10-23T00:00:00Z,0,0
2015-10-24T00:00:00Z,0,0
2015-10-25T00:00:00Z,0,0
2015-10-26T00:00:00Z,0,0
2015-10-27T00:00:00Z,0,0
2015-10-28T00:00:00Z,0,0
2015-10-29T00:00:00Z,0,0
2015-10-30T00:00:00Z,0,0
2015-10-31T00:00:00Z,0,0
2015-11-01T00:00:00Z,0,0
2015-11-02T00:00:00Z,0.4814507491500456,0.018954753903545105
2015-11-03T00:00:00Z,0.7110637785525915,0.02799463695088943
2015-11-04T00:00:00Z,0.6712472010484716,0.026427055159388646
2015-11-05T00:00:00Z,0,0
2015-11-06T00:00:00Z,0,0
2015-11-07T00:00:00Z,0,0
2015-11-08T00:00:00Z,0,0
2015-11-09T00:00:00Z,0.0097560637782828,3.8409699914499217e-4
2015-11-10T00:00:00Z,0.009983892621654899,3.930666386478307e-4
2015-11-11T00:00:00Z,0,0
2015-11-12T00:00:00Z,0,0
2015-11-13T00:00:00Z,0,0
2015-11-14T00:00:00Z,0,0
2015-11-15T00:00:00Z,0.012390888697269,4.878302636720079e-4
2015-11-16T00:00:00Z,0.10835255280171319,0.00426584853550052
2015-11-17T00:00:00Z,0,0
2015-11-18T00:00:00Z,0,0
2015-11-19T00:00:00Z,0,0
2015-11-20T00:00:00Z,0,0
2015-11-21T00:00:00Z,0,0
2015-11-22T00:00:00Z,0,0
2015-11-23T00:00:00Z,0.027675524188880297,0.0010895875664913503
2015-11-24T00:00:00Z,0.34328493485093464,0.013515154915391129
2015-11-25T00:00:00Z,0.3719274948104776,0.014642814756318016
2015-11-26T00:00:00Z,0.0179048651682789,7.049159515070434e-4
2015-11-27T00:00:00Z,0.1462546686881688,0.0057580578223688506
2015-11-28T00:00:00Z,0.042452717232884,0.0016713668201922835
2015-11-29T00:00:00Z,0,0
2015-11-30T00:00:00Z,0,0
2015-12-01T00:00:00Z,0,0
2015-12-02T00:00:00Z,0,0
2015-12-03T00:00:00Z,0,0
2015-12-04T00:00:00Z,0.0049465077821808,1.9474440087325986e-4
2015-12-05T00:00:00Z,0,0
2015-12-06T00:00:00Z,0,0
2015-12-07T00:00:00Z,0,0
2015-12-08T00:00:00Z,0,0
2015-12-09T00:00:00Z,0.00205136287628,8.076231796377953e-5
2015-12-10T00:00:00Z,0.405678280701963,0.015971585854407992
2015-12-11T00:00:00Z,0.660850997063904,0.026017755789917482
2015-12-12T00:00:00Z,0.0842678294432743,0.00331763108044387
2015-12-13T00:00:00Z,1.3882512015822384,0.05465555911741096
2015-12-14T00:00:00Z,2.3549865875279297,0.09271600738298937
2015-12-15T00:00:00Z,0.0056281554487026,2.2158092317726773e-4
2015-12-16T00:00:00Z,0,0
2015-12-17T00:00:00Z,0,0
2015-12-18T00:00:00Z,0,0
2015-12-19T00:00:00Z,1.6426230194645206,0.06467019761671342
2015-12-20T00:00:00Z,2.1676078394472533,0.085338891316821
2015-12-21T00:00:00Z,0.3687892301079537,0.014519261027872194
2015-12-22T00:00:00Z,3.4095742826284265,0.1342352079774971
2015-12-23T00:00:00Z,0.3041335535517819,0.011973761950857555
2015-12-24T00:00:00Z,0,0
2015-12-25T00:00:00Z,0,0
2015-12-26T00:00:00Z,0,0
2015-12-27T00:00:00Z,0,0
2015-12-28T00:00:00Z,0.061954443486345004,0.00243915131836004
2015-12-29T00:00:00Z,0.062252375143694506,0.002450880911169075
2015-12-30T00:00:00Z,0,0
2015-12-31T00:00:00Z,0,0
2016-01-01T00:00:00Z,0,0
2016-01-02T00:00:00Z,0,0
2016-01-03T00:00:00Z,0.002325160683348,9.154175918692914e-5
2016-01-04T00:00:00Z,0.1418387420146656,0.0055842024415222674
2016-01-05T00:00:00Z,13.137089439261482,0.5172082456402158
2016-01-06T00:00:00Z,22.933364232619542,0.9028883556149426
2016-01-07T00:00:00Z,16.330100947827145,0.642917360150675
2016-01-08T00:00:00Z,0.0562760137858214,0.0022155910939299765
2016-01-09T00:00:00Z,0.058441021713965605,0.002300827626534079
2016-01-10T00:00:00Z,0.1972725764021201,0.007766636866225201
2016-01-11T00:00:00Z,0.005578794837540599,2.1963759202915745e-4
2016-01-12T00:00:00Z,0,0
2016-01-13T00:00:00Z,0.009614044102100702,3.785056733110513e-4
2016-01-14T00:00:00Z,0,0
2016-01-15T00:00:00Z,0.0112256864143911,4.4195615804689374e-4
2016-01-16T00:00:00Z,0.0082471669689779,3.2469161295188586e-4
2016-01-17T00:00:00Z,0,0
2016-01-18T00:00:00Z,0.0172093026587333,6.775316007375315e-4
2016-01-19T00:00:00Z,0.166871679793062,0.0065697511729551974
2016-01-20T00:00:00Z,0.6534864543660995,0.025727813164019668
2016-01-21T00:00:00Z,0.026641597760817797,0.001048881801607
2016-01-22T00:00:00Z,0,0
2016-01-23T00:00:00Z,0.004896152786460601,1.9276192072679532e-4
2016-01-24T00:00:00Z,0.0070144643239161,2.7616001275260237e-4
2016-01-25T00:00:00Z,0,0
2016-01-26T00:00:00Z,0,0
2016-01-27T00:00:00Z,0,0
2016-01-28T00:00:00Z,0,0
2016-01-29T00:00:00Z,0,0
2016-01-30T00:00:00Z,0,0
2016-01-31T00:00:00Z,8.668482837420724,0.34127885186695767
2016-02-01T00:00:00Z,7.367230106407099,0.2900484293861063
2016-02-02T00:00:00Z,0.0118003577766885,4.645810148302559e-4
2016-02-03T00:00:00Z,0.009614044102100702,3.785056733110513e-4
2016-02-04T00:00:00Z,0,0
2016-02-05T00:00:00Z,0,0
2016-02-06T00:00:00Z,0,0
2016-02-07T00:00:00Z,0,0
2016-02-08T00:00:00Z,0,0
2016-02-09T00:00:00Z,0,0
2016-02-10T00:00:00Z,0,0
2016-02-11T00:00:00Z,0,0
2016-02-12T00:00:00Z,0,0
2016-02-13T00:00:00Z,0,0
2016-02-14T00:00:00Z,0,0
2016-02-15T00:00:00Z,0,0
2016-02-16T00:00:00Z,0,0
2016-02-17T00:00:00Z,3.71688069939099,0.1463338858027949
2016-02-18T00:00:00Z,8.241916634391469,0.3244849068658059
2016-02-19T00:00:00Z,0.2904551924383587,0.011435243796785777
2016-02-20T00:00:00Z,0,0
2016-02-21T00:00:00Z,0,0
2016-02-22T00:00:00Z,0,0
2016-02-23T00:00:00Z,0,0
2016-02-24T00:00:00Z,0,0
2016-02-25T00:00:00Z,0,0
2016-02-26T00:00:00Z,0,0
2016-02-27T00:00:00Z,0,0
2016-02-28T00:00:00Z,0,0
2016-02-29T00:00:00Z,0,0
2016-03-01T00:00:00Z,0,0
2016-03-02T00:00:00Z,0,0
2016-03-03T00:00:00Z,0,0
2016-03-04T00:00:00Z,0,0
2016-03-05T00:00:00Z,0.8501967339692431,0.03347231236099382
2016-03-06T00:00:00Z,16.35592597944234,0.6439340936788323
2016-03-07T00:00:00Z,5.80465474151682,0.22852971423294566
2016-03-08T00:00:00Z,1.9760943177975179,0.07779898888966606
2016-03-09T00:00:00Z,7.351255728576001e-4,2.894195168730709e-5
2016-03-10T00:00:00Z,0,0
2016-03-11T00:00:00Z,3.0720857628674407,0.12094825838060791
2016-03-12T00:00:00Z,4.64302628568734,0.1827963104601315
2016-03-13T00:00:00Z,0.0563171280376617,0.002217209765262272
2016-03-14T00:00:00Z,0.4182567536240341,0.01646680132378087
2016-03-15T00:00:00Z,0.079944065249395,0.0031474041436769687
2016-03-16T00:00:00Z,0,0
2016-03-17T00:00:00Z,0,0
2016-03-18T00:00:00Z,0,0
2016-03-19T00:00:00Z,0,0
2016-03-20T00:00:00Z,0,0
2016-03-21T00:00:00Z,0,0
2016-03-22T00:00:00Z,0,0
2016-03-23T00:00:00Z,0,0
2016-03-24T00:00:00Z,0,0
2016-03-25T00:00:00Z,0,0
2016-03-26T00:00:00Z,0,0
2016-03-27T00:00:00Z,0.027113730168427004,0.0010674696916703546
2016-03-28T00:00:00Z,0.10660605324750401,0.004197088710531654
2016-03-29T00:00:00Z,0.33689300555608953,0.013263504155751556
2016-03-30T00:00:00Z,0.3363821216765641,0.013243390617187564
2016-03-31T00:00:00Z,7.344870878889e-4,2.891681448381496e-5
2016-04-01T00:00:00Z,0,0
2016-04-02T00:00:00Z,0,0
2016-04-03T00:00:00Z,0,0
2016-04-04T00:00:00Z,0,0
2016-04-05T00:00:00Z,0,0
2016-04-06T00:00:00Z,0,0
2016-04-07T00:00:00Z,0.2757986966790911,0.010858216404688628
2016-04-08T00:00:00Z,1.7801735123166558,0.07008557135104944
2016-04-09T00:00:00Z,2.574168548164581,0.10134521843167643
2016-04-10T00:00:00Z,1.689257851424204,0.06650621462300016
2016-04-11T00:00:00Z,0.31279471153502036,0.012314752422638598
2016-04-12T00:00:00Z,0.0039053816339299995,1.5375518243818895e-4
2016-04-13T00:00:00Z,0,0
2016-04-14T00:00:00Z,0,0
2016-04-15T00:00:00Z,0,0
2016-04-16T00:00:00Z,0,0
2016-04-17T00:00:00Z,0,0
2016-04-18T00:00:00Z,0,0
2016-04-19T00:00:00Z,0,0
2016-04-20T00:00:00Z,0,0
2016-04-21T00:00:00Z,0,0
2016-04-22T00:00:00Z,0,0
2016-04-23T00:00:00Z,0,0
2016-04-24T00:00:00Z,0,0
2016-04-25T00:00:00Z,0.20473548668221123,0.00806045223158312
2016-04-26T00:00:00Z,0.5762685260581308,0.022687737246383104
2016-04-27T00:00:00Z,0,0
2016-04-28T00:00:00Z,0,0
2016-04-29T00:00:00Z,0,0
2016-04-30T00:00:00Z,0.1011742283952108,0.003983237338394126
2016-05-01T00:00:00Z,7.344870878889e-4,2.891681448381496e-5
2016-05-02T00:00:00Z,0.0055139764710099,2.1708568783503543e-4
2016-05-03T00:00:00Z,0,0
2016-05-04T00:00:00Z,0,0
2016-05-05T00:00:00Z,0.48375413444332044,0.019045438363910254
2016-05-06T00:00:00Z,2.5141963461172794,0.09898410811485353
2016-05-07T00:00:00Z,2.649215637054274,0.10429982823048324
2016-05-08T00:00:00Z,0.0766025618708704,0.003015848892553953
2016-05-09T00:00:00Z,0,0
2016-05-10T00:00:00Z,0,0
2016-05-11T00:00:00Z,0,0
2016-05-12T00:00:00Z,0,0
2016-05-13T00:00:00Z,0,0
2016-05-14T00:00:00Z,0,0
2016-05-15T00:00:00Z,0.0169200966892032,6.661455389450079e-4
2016-05-16T00:00:00Z,0.0091899607850165,3.618094797250591e-4
2016-05-17T00:00:00Z,0,0
2016-05-18T00:00:00Z,0,0
2016-05-19T00:00:00Z,0,0
2016-05-20T00:00:00Z,0,0
2016-05-21T00:00:00Z,0,0
2016-05-22T00:00:00Z,0,0
2016-05-23T00:00:00Z,0,0
2016-05-24T00:00:00Z,0.198998047215025,0.007834568787993112
2016-05-25T00:00:00Z,0.037715486546190995,0.0014848616750468896
2016-05-26T00:00:00Z,0,0
2016-05-27T00:00:00Z,0,0
2016-05-28T00:00:00Z,0,0
2016-05-29T00:00:00Z,0.0208395858456834,8.204561356568268e-4
2016-05-30T00:00:00Z,0.0133286782249119,5.24751111217004e-4
2016-05-31T00:00:00Z,0,0
2016-06-01T00:00:00Z,0,0
2016-06-02T00:00:00Z,0,0
2016-06-03T00:00:00Z,0,0
2016-06-04T00:00:00Z,0,0
2016-06-05T00:00:00Z,7.567148742071999e-4,2.9791924181385825e-5
2016-06-06T00:00:00Z,0,0
2016-06-07T00:00:00Z,0,0
2016-06-08T00:00:00Z,0,0
2016-06-09T00:00:00Z,0,0
2016-06-10T00:00:00Z,0.0759184444715956,0.002988915136676992
2016-06-11T00:00:00Z,0.0204276319186427,8.042374771119173e-4
2016-06-12T00:00:00Z,0.12015060038792551,0.004730338597949823
2016-06-13T00:00:00Z,0,0
2016-06-14T00:00:00Z,0,0
2016-06-15T00:00:00Z,0,0
2016-06-16T00:00:00Z,0,0
2016-06-17T00:00:00Z,0,0
2016-06-18T00:00:00Z,0,0
2016-06-19T00:00:00Z,0,0
2016-06-20T00:00:00Z,0,0
2016-06-21T00:00:00Z,0,0
2016-06-22T00:00:00Z,0,0
2016-06-23T00:00:00Z,0,0
2016-06-24T00:00:00Z,0,0
2016-06-25T00:00:00Z,0,0
2016-06-26T00:00:00Z,0,0
2016-06-27T00:00:00Z,0,0
2016-06-28T00:00:00Z,0,0
2016-06-29T00:00:00Z,0,0
2016-06-30T00:00:00Z,0,0
2016-07-01T00:00:00Z,0,0
2016-07-02T00:00:00Z,0,0
2016-07-03T00:00:00Z,0,0
2016-07-04T00:00:00Z,0.047201431106754,0.0018583240593210235
2016-07-05T00:00:00Z,0,0
2016-07-06T00:00:00Z,0,0
2016-07-07T00:00:00Z,0,0
2016-07-08T00:00:00Z,0,0
2016-07-09T00:00:00Z,0,0
2016-07-10T00:00:00Z,0,0
2016-07-11T00:00:00Z,0,0
2016-07-12T00:00:00Z,0,0
2016-07-13T00:00:00Z,0,0
2016-07-14T00:00:00Z,0,0
2016-07-15T00:00:00Z,0,0
2016-07-16T00:00:00Z,0,0
2016-07-17T00:00:00Z,0,0
2016-07-18T00:00:00Z,0,0
2016-07-19T00:00:00Z,0,0
2016-07-20T00:00:00Z,0,0
2016-07-21T00:00:00Z,0,0
2016-07-22T00:00:00Z,0,0
2016-07-23T00:00:00Z,0,0
2016-07-24T00:00:00Z,0,0
2016-07-25T00:00:00Z,0,0
2016-07-26T00:00:00Z,0,0
2016-07-27T00:00:00Z,0,0
2016-07-28T00:00:00Z,0,0
2016-07-29T00:00:00Z,0,0
2016-07-30T00:00:00Z,0,0
2016-07-31T00:00:00Z,0,0
2016-08-01T00:00:00Z,0,0
2016-08-02T00:00:00Z,0,0
2016-08-03T00:00:00Z,0,0
2016-08-04T00:00:00Z,0,0
2016-08-05T00:00:00Z,0,0
2016-08-06T00:00:00Z,0,0
2016-08-07T00:00:00Z,0,0
2016-08-08T00:00:00Z,0,0
2016-08-09T00:00:00Z,0,0
2016-08-10T00:00:00Z,0,0
2016-08-11T00:00:00Z,0,0
2016-08-12T00:00:00Z,0,0
2016-08-13T00:00:00Z,0,0
2016-08-14T00:00:00Z,0,0
2016-08-15T00:00:00Z,0,0
2016-08-16T00:00:00Z,0,0
2016-08-17T00:00:00Z,0,0
2016-08-18T00:00:00Z,0,0
2016-08-19T00:00:00Z,0,0
2016-08-20T00:00:00Z,0,0
2016-08-21T00:00:00Z,0,0
2016-08-22T00:00:00Z,0,0
2016-08-23T00:00:00Z,0,0
2016-08-24T00:00:00Z,0,0
2016-08-25T00:00:00Z,0,0
2016-08-26T00:00:00Z,0,0
2016-08-27T00:00:00Z,0,0
2016-08-28T00:00:00Z,0,0
2016-08-29T00:00:00Z,0,0
2016-08-30T00:00:00Z,0,0
2016-08-31T00:00:00Z,0,0
2016-09-01T00:00:00Z,0,0
2016-09-02T00:00:00Z,0,0
2016-09-03T00:00:00Z,0,0
2016-09-04T00:00:00Z,0,0
2016-09-05T00:00:00Z,0,0
2016-09-06T00:00:00Z,0,0
2016-09-07T00:00:00Z,0,0
2016-09-08T00:00:00Z,0,0
2016-09-09T00:00:00Z,0,0
2016-09-10T00:00:00Z,0,0
2016-09-11T00:00:00Z,0,0
2016-09-12T00:00:00Z,0.0011029448872408002,4.3423027056724415e-5
2016-09-13T00:00:00Z,0.1771557380090995,0.006974635354688957
2016-09-14T00:00:00Z,0.06528340662737521,0.0025702128593454807
2016-09-15T00:00:00Z,0,0
2016-09-16T00:00:00Z,0,0
2016-09-17T00:00:00Z,0,0
2016-09-18T00:00:00Z,0,0
2016-09-19T00:00:00Z,0,0
2016-09-20T00:00:00Z,0.018548418922087,7.302527134679922e-4
2016-09-21T00:00:00Z,0,0
2016-09-22T00:00:00Z,0.0160234068368345,6.308427888517521e-4
2016-09-23T00:00:00Z,0,0
2016-09-24T00:00:00Z,0,0
2016-09-25T00:00:00Z,0,0
2016-09-26T00:00:00Z,0,0
2016-09-27T00:00:00Z,0,0
2016-09-28T00:00:00Z,0,0
2016-09-29T00:00:00Z,0,0
2016-09-30T00:00:00Z,0,0
2016-10-01T00:00:00Z,0,0
2016-10-02T00:00:00Z,0,0
2016-10-03T00:00:00Z,0,0
2016-10-04T00:00:00Z,0,0
2016-10-05T00:00:00Z,0,0
2016-10-06T00:00:00Z,0,0
2016-10-07T00:00:00Z,0,0
2016-10-08T00:00:00Z,0,0
2016-10-09T00:00:00Z,0,0
2016-10-10T00:00:00Z,0,0
2016-10-11T00:00:00Z,0,0
2016-10-12T00:00:00Z,0,0
2016-10-13T00:00:00Z,0,0
2016-10-14T00:00:00Z,0,0
2016-10-15T00:00:00Z,0,0
2016-10-16T00:00:00Z,0.0922217749902422,0.0036307785429229213
2016-10-17T00:00:00Z,3.49920985254442,0.13776416742300868
2016-10-18T00:00:00Z,0.0361985699235664,0.0014251405481719055
2016-10-19T00:00:00Z,0,0
2016-10-20T00:00:00Z,0,0
2016-10-21T00:00:00Z,0,0
2016-10-22T00:00:00Z,0,0
2016-10-23T00:00:00Z,0.20075766095617223,0.00790384491953434
2016-10-24T00:00:00Z,1.5406731917369447,0.06065642487153326
2016-10-25T00:00:00Z,0.0657163778060227,0.002587258968741051
2016-10-26T00:00:00Z,0,0
2016-10-27T00:00:00Z,0.0087727764293676,3.45384898794e-4
2016-10-28T00:00:00Z,0.14668255474701658,0.005774903730197504
2016-10-29T00:00:00Z,0.2826668351698305,0.011128615557867342
2016-10-30T00:00:00Z,0.6776597616098127,0.026679518173614674
2016-10-31T00:00:00Z,0.3578859719111915,0.014089998894141397
2016-11-01T00:00:00Z,9.558301413117e-4,3.7631107925657485e-5
2016-11-02T00:00:00Z,0.047201431106754,0.0018583240593210235
2016-11-03T00:00:00Z,0,0
2016-11-04T00:00:00Z,0,0
2016-11-05T00:00:00Z,0,0
2016-11-06T00:00:00Z,0,0
2016-11-07T00:00:00Z,0,0
2016-11-08T00:00:00Z,0,0
2016-11-09T00:00:00Z,0,0
2016-11-10T00:00:00Z,0,0
2016-11-11T00:00:00Z,0,0
2016-11-12T00:00:00Z,0,0
2016-11-13T00:00:00Z,0,0
2016-11-14T00:00:00Z,0,0
2016-11-15T00:00:00Z,0,0
2016-11-16T00:00:00Z,0,0
2016-11-17T00:00:00Z,0,0
2016-11-18T00:00:00Z,0,0
2016-11-19T00:00:00Z,0,0
2016-11-20T00:00:00Z,3.523854512450042,0.1387344296240174
2016-11-21T00:00:00Z,9.562583419330434,0.37647966217836354
2016-11-22T00:00:00Z,0.0062617783170402,2.465267053952835e-4
2016-11-23T00:00:00Z,0,0
2016-11-24T00:00:00Z,0,0
2016-11-25T00:00:00Z,0,0
2016-11-26T00:00:00Z,1.5232381875322507,0.05997000738315948
2016-11-27T00:00:00Z,2.974730488778002,0.1171153735739371
2016-11-28T00:00:00Z,0.638431738442448,0.025135107812694808
2016-11-29T00:00:00Z,0.0064722385153197,2.5481253997321657e-4
2016-11-30T00:00:00Z,0,0
2016-12-01T00:00:00Z,0,0
2016-12-02T00:00:00Z,0,0
2016-12-03T00:00:00Z,0,0
2016-12-04T00:00:00Z,0,0
2016-12-05T00:00:00Z,0,0
2016-12-06T00:00:00Z,0,0
2016-12-07T00:00:00Z,0,0
2016-12-08T00:00:00Z,0,0
2016-12-09T00:00:00Z,0,0
2016-12-10T00:00:00Z,0,0
2016-12-11T00:00:00Z,0.0785699999141983,0.0030933070832361536
2016-12-12T00:00:00Z,0,0
2016-12-13T00:00:00Z,0,0
2016-12-14T00:00:00Z,0,0
2016-12-15T00:00:00Z,3.8277369402553463,0.15069830473446247
2016-12-16T00:00:00Z,21.590212668538747,0.850008372777116
2016-12-17T00:00:00Z,1.1602472606464713,0.0456790260097036
2016-12-18T00:00:00Z,0,0
2016-12-19T00:00:00Z,0.0011029448872408002,4.3423027056724415e-5
2016-12-20T00:00:00Z,0,0
2016-12-21T00:00:00Z,2.961963544361011,0.11661273796696894
2016-12-22T00:00:00Z,11.485122539733101,0.4521701787296497
2016-12-23T00:00:00Z,8.211549016204952,0.32328933134665166
2016-12-24T00:00:00Z,13.696576650277095,0.5392353011920117
2016-12-25T00:00:00Z,0.007267213334384801,2.8611076119625204e-4
2016-12-26T00:00:00Z,0.004893029875845,1.9263897148996063e-4
2016-12-27T00:00:00Z,0,0
2016-12-28T00:00:00Z,0,0
2016-12-29T00:00:00Z,0.023251606833479998,9.154175918692913e-4
2016-12-30T00:00:00Z,3.1512955168953267,0.12406675263367428
2016-12-31T00:00:00Z,3.5180361896160823,0.13850536179590875
2017-01-01T00:00:00Z,2.1794391001776403,0.08580468898337167
2017-01-02T00:00:00Z,0.025263792439265898,9.946374976088936e-4
2017-01-03T00:00:00Z,0,0
2017-01-04T00:00:00Z,0.35884602060126547,0.014127796086663995
2017-01-05T00:00:00Z,6.3033742215766155,0.24816433943215024
2017-01-06T00:00:00Z,1.0973990843965176,0.043204688362067624
2017-01-07T00:00:00Z,1.9956213752953107,0.07856777068091775
2017-01-08T00:00:00Z,0.6016344019732194,0.023686393778473206
2017-01-09T00:00:00Z,10.19220885669575,0.40126806522424213
2017-01-10T00:00:00Z,1.9272705516133375,0.07587679337060384
2017-01-11T00:00:00Z,10.862633110859852,0.4276627208999942
2017-01-12T00:00:00Z,12.352370751227458,0.48631380910344324
2017-01-13T00:00:00Z,6.759919763537463,0.26613857336761665
2017-01-14T00:00:00Z,0.0525966603831725,0.0020707346607548227
2017-01-15T00:00:00Z,0,0
2017-01-16T00:00:00Z,0.0070802146660130984,2.787486088981535e-4
2017-01-17T00:00:00Z,0,0
2017-01-18T00:00:00Z,0.8239695201895103,0.0324397448893508
2017-01-19T00:00:00Z,11.227419172708322,0.4420243768782804
2017-01-20T00:00:00Z,11.558019625659842,0.4550401427425135
2017-01-21T00:00:00Z,12.102997621279782,0.4764959693417237
2017-01-22T00:00:00Z,14.469826110810894,0.5696781933390116
2017-01-23T00:00:00Z,25.974810499391936,1.0226303346217298
2017-01-24T00:00:00Z,1.8661537607990073,0.07347062050389792
2017-01-25T00:00:00Z,0.0486796786682344,0.001916522782213953
2017-01-26T00:00:00Z,0,0
2017-01-27T00:00:00Z,0,0
2017-01-28T00:00:00Z,0,0
2017-01-29T00:00:00Z,0,0
2017-01-30T00:00:00Z,0,0
2017-01-31T00:00:00Z,0,0
2017-02-01T00:00:00Z,0,0
2017-02-02T00:00:00Z,0.010075696294508,3.9668095647669294e-4
2017-02-03T00:00:00Z,2.2856163938453102,0.08998489739548465
2017-02-04T00:00:00Z,1.6950955555705476,0.06673604549490345
2017-02-05T00:00:00Z,0.18767667154902082,0.007388845336575623
2017-02-06T00:00:00Z,8.074497269252896,0.3178935932776731
2017-02-07T00:00:00Z,5.148754930651284,0.20270688703351514
2017-02-08T00:00:00Z,1.4597159792112344,0.05746913303981238
2017-02-09T00:00:00Z,0.0180444883546054,7.104129273466694e-4
2017-02-10T00:00:00Z,1.1713269339166081,0.0461152336187641
2017-02-11T00:00:00Z,4.3256277523369935,0.17030030521011785
2017-02-12T00:00:00Z,0.0636096998949401,0.002504318893501579
2017-02-13T00:00:00Z,0,0
2017-02-14T00:00:00Z,0,0
2017-02-15T00:00:00Z,0,0
2017-02-16T00:00:00Z,0.0028238773345443,1.1117627301355513e-4
2017-02-17T00:00:00Z,10.388420421212219,0.408992929968985
2017-02-18T00:00:00Z,27.582055919266175,1.0859077133569361
2017-02-19T00:00:00Z,0.4847510622208566,0.019084687489010103
2017-02-20T00:00:00Z,0.9549550133343135,0.03759665406828006
2017-02-21T00:00:00Z,0.4937567619606512,0.019439242596876034
2017-02-22T00:00:00Z,0.37747208631250817,0.014861105760334968
2017-02-23T00:00:00Z,0.133145504635884,0.005241949001412756
2017-02-24T00:00:00Z,0,0
2017-02-25T00:00:00Z,0.1103371481581648,0.00434398221095137
2017-02-26T00:00:00Z,1.4575359582814635,0.05738330544415211
2017-02-27T00:00:00Z,0.9110374195029516,0.03586761494106109
2017-02-28T00:00:00Z,0.10496984948600771,0.004132671239606603
2017-03-01T00:00:00Z,0,0
2017-03-02T00:00:00Z,0,0
2017-03-03T00:00:00Z,0,0
2017-03-04T00:00:00Z,0,0
2017-03-05T00:00:00Z,0.10174613333142228,0.004005753280764657
2017-03-06T00:00:00Z,0.800183898923694,0.03150330310723205
2017-03-07T00:00:00Z,0,0
2017-03-08T00:00:00Z,0,0
2017-03-09T00:00:00Z,0,0
2017-03-10T00:00:00Z,0,0
2017-03-11T00:00:00Z,0,0
2017-03-12T00:00:00Z,0,0
2017-03-13T00:00:00Z,0.004893029875845,1.9263897148996063e-4
2017-03-14T00:00:00Z,0,0
2017-03-15T00:00:00Z,0,0
2017-03-16T00:00:00Z,0,0
2017-03-17T00:00:00Z,0,0
2017-03-18T00:00:00Z,0,0
2017-03-19T00:00:00Z,0,0
2017-03-20T00:00:00Z,0,0
2017-03-21T00:00:00Z,0.5222515604115259,0.020561085055571887
2017-03-22T00:00:00Z,2.0982038896744255,0.08260645234938684
2017-03-23T00:00:00Z,0.039574623202583405,0.0015580560315977719
2017-03-24T00:00:00Z,0,0
2017-03-25T00:00:00Z,0.004622964696228899,1.8200648410349998e-4
2017-03-26T00:00:00Z,0,0
2017-03-27T00:00:00Z,0,0
2017-03-28T00:00:00Z,0,0
2017-03-29T00:00:00Z,0,0
2017-03-30T00:00:00Z,0,0
2017-03-31T00:00:00Z,0,0
2017-04-01T00:00:00Z,0,0
2017-04-02T00:00:00Z,0,0
2017-04-03T00:00:00Z,0,0
2017-04-04T00:00:00Z,0,0
2017-04-05T00:00:00Z,0,0
2017-04-06T00:00:00Z,0,0
2017-04-07T00:00:00Z,0.06717030679303909,0.002644500267442484
2017-04-08T00:00:00Z,1.8895081899893487,0.0743900862200531
2017-04-09T00:00:00Z,0.0160234068368345,6.308427888517521e-4
2017-04-10T00:00:00Z,0,0
2017-04-11T00:00:00Z,0,0
2017-04-12T00:00:00Z,0,0
2017-04-13T00:00:00Z,0,0
2017-04-14T00:00:00Z,0,0
2017-04-15T00:00:00Z,0,0
2017-04-16T00:00:00Z,0,0
2017-04-17T00:00:00Z,0,0
2017-04-18T00:00:00Z,0,0
2017-04-19T00:00:00Z,0.0197877994630626,7.790472229552205e-4
2017-04-20T00:00:00Z,0,0
2017-04-21T00:00:00Z,0,0
2017-04-22T00:00:00Z,0,0
2017-04-23T00:00:00Z,0,0
2017-04-24T00:00:00Z,0,0
2017-04-25T00:00:00Z,0,0
2017-04-26T00:00:00Z,0,0
2017-04-27T00:00:00Z,0,0
2017-04-28T00:00:00Z,0,0
2017-04-29T00:00:00Z,0,0
2017-04-30T00:00:00Z,0,0
2017-05-01T00:00:00Z,0,0
2017-05-02T00:00:00Z,0,0
2017-05-03T00:00:00Z,0,0
2017-05-04T00:00:00Z,0,0
2017-05-05T00:00:00Z,0,0
2017-05-06T00:00:00Z,0.1600046642569181,0.006299396230587327
2017-05-07T00:00:00Z,2.834903571952983,0.11161037684854264
2017-05-08T00:00:00Z,1.452348717064892,0.057179083349011506
2017-05-09T00:00:00Z,0,0
2017-05-10T00:00:00Z,0,0
2017-05-11T00:00:00Z,0,0
2017-05-12T00:00:00Z,0,0
2017-05-13T00:00:00Z,0.0122112502885341,4.8075788537535827e-4
2017-05-14T00:00:00Z,0,0
2017-05-15T00:00:00Z,0.14513678915724149,0.0057140468172142325
2017-05-16T00:00:00Z,0.3364429154874306,0.013245784074308292
2017-05-17T00:00:00Z,0.009420485778437999,3.708852668676378e-4
2017-05-18T00:00:00Z,0.009420485778437999,3.708852668676378e-4
2017-05-19T00:00:00Z,0,0
2017-05-20T00:00:00Z,0,0
2017-05-21T00:00:00Z,0,0
2017-05-22T00:00:00Z,0,0
2017-05-23T00:00:00Z,0,0
2017-05-24T00:00:00Z,0,0
2017-05-25T00:00:00Z,0,0
2017-05-26T00:00:00Z,0,0
2017-05-27T00:00:00Z,0,0
2017-05-28T00:00:00Z,0,0
2017-05-29T00:00:00Z,0,0
2017-05-30T00:00:00Z,0,0
2017-05-31T00:00:00Z,0.047201431106754,0.0018583240593210235
2017-06-01T00:00:00Z,0.0304431509634152,0.0011985492505281576
2017-06-02T00:00:00Z,0.0055139764710099,2.1708568783503543e-4
2017-06-03T00:00:00Z,0,0
2017-06-04T00:00:00Z,0,0
2017-06-05T00:00:00Z,0,0
2017-06-06T00:00:00Z,0,0
2017-06-07T00:00:00Z,0.012440928527602601,4.898003357323859e-4
2017-06-08T00:00:00Z,0.0399243310788552,0.0015718240582226458
2017-06-09T00:00:00Z,0,0
2017-06-10T00:00:00Z,0,0
2017-06-11T00:00:00Z,7.344870878889e-4,2.891681448381496e-5
2017-06-12T00:00:00Z,0,0
2017-06-13T00:00:00Z,0,0
2017-06-14T00:00:00Z,0,0
2017-06-15T00:00:00Z,0,0
2017-06-16T00:00:00Z,0,0
2017-06-17T00:00:00Z,0,0
2017-06-18T00:00:00Z,0,0
2017-06-19T00:00:00Z,0,0
2017-06-20T00:00:00Z,0,0
2017-06-21T00:00:00Z,0,0
2017-06-22T00:00:00Z,0,0
2017-06-23T00:00:00Z,0,0
2017-06-24T00:00:00Z,0,0
2017-06-25T00:00:00Z,0,0
2017-06-26T00:00:00Z,0,0
2017-06-27T00:00:00Z,0,0
2017-06-28T00:00:00Z,0,0
2017-06-29T00:00:00Z,0,0
2017-06-30T00:00:00Z,0,0
2017-07-01T00:00:00Z,0,0
2017-07-02T00:00:00Z,0,0
2017-07-03T00:00:00Z,0,0
2017-07-04T00:00:00Z,0,0
2017-07-05T00:00:00Z,0,0
2017-07-06T00:00:00Z,0,0
2017-07-07T00:00:00Z,0,0
2017-07-08T00:00:00Z,0,0
2017-07-09T00:00:00Z,0,0
2017-07-10T00:00:00Z,0,0
2017-07-11T00:00:00Z,0,0
2017-07-12T00:00:00Z,0,0
2017-07-13T00:00:00Z,0,0
2017-07-14T00:00:00Z,0,0
2017-07-15T00:00:00Z,0,0
2017-07-16T00:00:00Z,0,0
2017-07-17T00:00:00Z,0,0
2017-07-18T00:00:00Z,0,0
2017-07-19T00:00:00Z,0,0
2017-07-20T00:00:00Z,0,0
2017-07-21T00:00:00Z,0,0
2017-07-22T00:00:00Z,0,0
2017-07-23T00:00:00Z,0,0
2017-07-24T00:00:00Z,0,0
2017-07-25T00:00:00Z,0,0
2017-07-26T00:00:00Z,0,0
2017-07-27T00:00:00Z,0,0
2017-07-28T00:00:00Z,0,0
2017-07-29T00:00:00Z,0,0
2017-07-30T00:00:00Z,0,0
2017-07-31T00:00:00Z,0,0
2017-08-01T00:00:00Z,0.0150275662931214,5.91636468233126e-4
2017-08-02T00:00:00Z,0.1034735460740639,0.004073761656459209
2017-08-03T00:00:00Z,0,0
2017-08-04T00:00:00Z,0,0
2017-08-05T00:00:00Z,0,0
2017-08-06T00:00:00Z,0,0
2017-08-07T00:00:00Z,0,0
2017-08-08T00:00:00Z,0,0
2017-08-09T00:00:00Z,0,0
2017-08-10T00:00:00Z,0,0
2017-08-11T00:00:00Z,0,0
2017-08-12T00:00:00Z,0,0
2017-08-13T00:00:00Z,0,0
2017-08-14T00:00:00Z,0,0
2017-08-15T00:00:00Z,0.004622964696228899,1.8200648410349998e-4
2017-08-16T00:00:00Z,0,0
2017-08-17T00:00:00Z,0,0
2017-08-18T00:00:00Z,0,0
2017-08-19T00:00:00Z,0,0
2017-08-20T00:00:00Z,0,0
2017-08-21T00:00:00Z,0,0
2017-08-22T00:00:00Z,0,0
2017-08-23T00:00:00Z,0,0
2017-08-24T00:00:00Z,0,0
2017-08-25T00:00:00Z,0,0
2017-08-26T00:00:00Z,0,0
2017-08-27T00:00:00Z,0,0
2017-08-28T00:00:00Z,0,0
2017-08-29T00:00:00Z,0,0
2017-08-30T00:00:00Z,0,0
2017-08-31T00:00:00Z,0.008829944725402999,3.476356191103543e-4
2017-09-01T00:00:00Z,0.025171015750373997,9.909848720619685e-4
2017-09-02T00:00:00Z,0.04166085777576971,0.0016401912510145555
2017-09-03T00:00:00Z,0.0680606444242489,0.0026795529300885396
2017-09-04T00:00:00Z,0.5267728883391174,0.020739090092091236
2017-09-05T00:00:00Z,0,0
2017-09-06T00:00:00Z,0,0
2017-09-07T00:00:00Z,0,0
2017-09-08T00:00:00Z,0,0
2017-09-09T00:00:00Z,0,0
2017-09-10T00:00:00Z,0,0
2017-09-11T00:00:00Z,0.0055139764710099,2.1708568783503543e-4
2017-09-12T00:00:00Z,0.009420485778437999,3.708852668676378e-4
2017-09-13T00:00:00Z,0,0
2017-09-14T00:00:00Z,0,0
2017-09-15T00:00:00Z,0,0
2017-09-16T00:00:00Z,0,0
2017-09-17T00:00:00Z,0,0
2017-09-18T00:00:00Z,0,0
2017-09-19T00:00:00Z,0,0
2017-09-20T00:00:00Z,0,0
2017-09-21T00:00:00Z,0.4332087725115761,0.017055463484707722
2017-09-22T00:00:00Z,0.6537864100004617,0.025739622440963058
2017-09-23T00:00:00Z,0,0
2017-09-24T00:00:00Z,0,0
2017-09-25T00:00:00Z,0,0
2017-09-26T00:00:00Z,0,0
2017-09-27T00:00:00Z,0,0
2017-09-28T00:00:00Z,0,0
2017-09-29T00:00:00Z,0,0
2017-09-30T00:00:00Z,0,0
2017-10-01T00:00:00Z,0,0
2017-10-02T00:00:00Z,0,0
2017-10-03T00:00:00Z,0.0070802146660130984,2.787486088981535e-4
2017-10-04T00:00:00Z,0.0012241451464815,4.819469080635827e-5
2017-10-05T00:00:00Z,0,0
2017-10-06T00:00:00Z,0,0
2017-10-07T00:00:00Z,0,0
2017-10-08T00:00:00Z,0,0
2017-10-09T00:00:00Z,0,0
2017-10-10T00:00:00Z,0,0
2017-10-11T00:00:00Z,0,0
2017-10-12T00:00:00Z,0.002935817925507,1.1558338289397638e-4
2017-10-13T00:00:00Z,0,0
2017-10-14T00:00:00Z,0,0
2017-10-15T00:00:00Z,0,0
2017-10-16T00:00:00Z,0,0
2017-10-17T00:00:00Z,0,0
2017-10-18T00:00:00Z,0,0
2017-10-19T00:00:00Z,0,0
2017-10-20T00:00:00Z,0.1424879443870572,0.005609761590041622
2017-10-21T00:00:00Z,0,0
2017-10-22T00:00:00Z,0,0
2017-10-23T00:00:00Z,0,0
2017-10-24T00:00:00Z,0,0
2017-10-25T00:00:00Z,0,0
2017-10-26T00:00:00Z,0,0
2017-10-27T00:00:00Z,0,0
2017-10-28T00:00:00Z,0,0
2017-10-29T00:00:00Z,0,0
2017-10-30T00:00:00Z,0.0139664052533163,5.498584745400119e-4
2017-10-31T00:00:00Z,0.20194150056353122,0.00795045277809178
2017-11-01T00:00:00Z,0.056611319552563,0.002228792108368622
2017-11-02T00:00:00Z,0.1521571828164215,0.005990440268363051
2017-11-03T00:00:00Z,0.0766236226288098,0.0030166780562523544
2017-11-04T00:00:00Z,0.002325160683348,9.154175918692914e-5
2017-11-05T00:00:00Z,0.37542024674919666,0.014780324675165223
2017-11-06T00:00:00Z,0.0038035538618747997,1.4974621503444094e-4
2017-11-07T00:00:00Z,0.0063679075849326,2.507050230288425e-4
2017-11-08T00:00:00Z,0,0
2017-11-09T00:00:00Z,0,0
2017-11-10T00:00:00Z,0,0
2017-11-11T00:00:00Z,0,0
2017-11-12T00:00:00Z,0.002935817925507,1.1558338289397638e-4
2017-11-13T00:00:00Z,0,0
2017-11-14T00:00:00Z,0,0
2017-11-15T00:00:00Z,0,0
2017-11-16T00:00:00Z,0.0038752678055799994,1.5256959864488187e-4
2017-11-17T00:00:00Z,0.0794580138203744,0.0031282682606446617
2017-11-18T00:00:00Z,0.0087125457930513,3.4301361389965754e-4
2017-11-19T00:00:00Z,0,0
2017-11-20T00:00:00Z,0,0
2017-11-21T00:00:00Z,0,0
2017-11-22T00:00:00Z,0,0
2017-11-23T00:00:00Z,0,0
2017-11-24T00:00:00Z,0,0
2017-11-25T00:00:00Z,0,0
2017-11-26T00:00:00Z,0.002325160683348,9.154175918692914e-5
2017-11-27T00:00:00Z,0.16285431545631818,0.006411587222689692
2017-11-28T00:00:00Z,0,0
2017-11-29T00:00:00Z,0,0
2017-11-30T00:00:00Z,0,0
2017-12-01T00:00:00Z,0,0
2017-12-02T00:00:00Z,0,0
2017-12-03T00:00:00Z,0,0
2017-12-04T00:00:00Z,0,0
2017-12-05T00:00:00Z,0,0
2017-12-06T00:00:00Z,0,0
2017-12-07T00:00:00Z,0,0
2017-12-08T00:00:00Z,0,0
2017-12-09T00:00:00Z,0,0
2017-12-10T00:00:00Z,0,0
2017-12-11T00:00:00Z,0,0
2017-12-12T00:00:00Z,0,0
2017-12-13T00:00:00Z,0,0
2017-12-14T00:00:00Z,0,0
2017-12-15T00:00:00Z,0,0
2017-12-16T00:00:00Z,0,0
2017-12-17T00:00:00Z,0,0
2017-12-18T00:00:00Z,0,0
2017-12-19T00:00:00Z,0,0
2017-12-20T00:00:00Z,0.0610803209201352,0.002404737044099811
2017-12-21T00:00:00Z,0.033622331076887,0.0013237138219246852
2017-12-22T00:00:00Z,0,0
2017-12-23T00:00:00Z,0,0
2017-12-24T00:00:00Z,0,0
2017-12-25T00:00:00Z,0,0
2017-12-26T00:00:00Z,0,0
2017-12-27T00:00:00Z,0,0
2017-12-28T00:00:00Z,0,0
2017-12-29T00:00:00Z,0,0
2017-12-30T00:00:00Z,0,0
2017-12-31T00:00:00Z,0,0
2018-01-01T00:00:00Z,0.002935817925507,1.1558338289397638e-4
2018-01-02T00:00:00Z,0,0
2018-01-03T00:00:00Z,0,0
2018-01-04T00:00:00Z,0,0
2018-01-05T00:00:00Z,0,0
2018-01-06T00:00:00Z,0.002935817925507,1.1558338289397638e-4
2018-01-07T00:00:00Z,0.098431802261732,0.0038752678055800002
2018-01-08T00:00:00Z,1.9243536426364187,0.07576195443450467
2018-01-09T00:00:00Z,17.95302513743449,0.7068120132848225
2018-01-10T00:00:00Z,9.77149664829453,0.3847045924525406
2018-01-11T00:00:00Z,0.0109377876051446,4.3062155925766146e-4
2018-01-12T00:00:00Z,0,0
2018-01-13T00:00:00Z,0,0
2018-01-14T00:00:00Z,0,0
2018-01-15T00:00:00Z,0,0
2018-01-16T00:00:00Z,0,0
2018-01-17T00:00:00Z,0,0
2018-01-18T00:00:00Z,0,0
2018-01-19T00:00:00Z,0.007857244424374198,3.0934033166827554e-4
2018-01-20T00:00:00Z,0.3445986308029404,0.01356687522846222
2018-01-21T00:00:00Z,0,0
2018-01-22T00:00:00Z,0,0
2018-01-23T00:00:00Z,0,0
2018-01-24T00:00:00Z,0,0
2018-01-25T00:00:00Z,0.002935817925507,1.1558338289397638e-4
2018-01-26T00:00:00Z,0.004622964696228899,1.8200648410349998e-4
2018-01-27T00:00:00Z,0,0
2018-01-28T00:00:00Z,0,0
2018-01-29T00:00:00Z,0,0
2018-01-30T00:00:00Z,0,0
2018-01-31T00:00:00Z,0,0
2018-02-01T00:00:00Z,0,0
2018-02-02T00:00:00Z,0,0
2018-02-03T00:00:00Z,0,0
2018-02-04T00:00:00Z,0,0
2018-02-05T00:00:00Z,0,0
2018-02-06T00:00:00Z,0,0
2018-02-07T00:00:00Z,0,0
2018-02-08T00:00:00Z,0,0
2018-02-09T00:00:00Z,0,0
2018-02-10T00:00:00Z,0,0
2018-02-11T00:00:00Z,0,0
2018-02-12T00:00:00Z,0.1187787985705421,0.004676330652383548
2018-02-13T00:00:00Z,0.6120613458946943,0.02409690338168088
2018-02-14T00:00:00Z,0.3304040525184082,0.01300803356371686
2018-02-15T00:00:00Z,0.0128869736217231,5.073611662095709e-4
2018-02-16T00:00:00Z,0,0
2018-02-17T00:00:00Z,0,0
2018-02-18T00:00:00Z,0,0
2018-02-19T00:00:00Z,0.025705332646463595,0.0010120209703332124
2018-02-20T00:00:00Z,0.0224961370168451,8.856746857025631e-4
2018-02-21T00:00:00Z,0,0
2018-02-22T00:00:00Z,0,0
2018-02-23T00:00:00Z,0.0428339227432801,0.00168637491115276
2018-02-24T00:00:00Z,0,0
2018-02-25T00:00:00Z,0,0
2018-02-26T00:00:00Z,0.5331123027397774,0.02098867333621171
2018-02-27T00:00:00Z,2.7157863393462884,0.10692072202150743
2018-02-28T00:00:00Z,0.5543189022551924,0.021823578828944586
2018-03-01T00:00:00Z,0.035652463811336,0.0014036403075329135
2018-03-02T00:00:00Z,3.6986726961429346,0.14561703528121792
2018-03-03T00:00:00Z,5.950205337801524,0.23426005266935135
2018-03-04T00:00:00Z,1.589534994326752,0.06258011788688
2018-03-05T00:00:00Z,0,0
2018-03-06T00:00:00Z,0,0
2018-03-07T00:00:00Z,0,0
2018-03-08T00:00:00Z,0,0
2018-03-09T00:00:00Z,0,0
2018-03-10T00:00:00Z,2.5607711382277083,0.10081776134754758
2018-03-11T00:00:00Z,6.688314599965436,0.2633194724395841
2018-03-12T00:00:00Z,0.07729408379653539,0.003043074165217929
2018-03-13T00:00:00Z,0.2543469418125739,0.010013659126479288
2018-03-14T00:00:00Z,3.707108774568018,0.1459491643530716
2018-03-15T00:00:00Z,6.291893267314988,0.2477123333588578
2018-03-16T00:00:00Z,0.5369557097667134,0.021139988573492655
2018-03-17T00:00:00Z,2.7713644265730193,0.10910883569185116
2018-03-18T00:00:00Z,0.0771942814202503,0.00303914493780513
2018-03-19T00:00:00Z,0,0
2018-03-20T00:00:00Z,0.018066815081059,7.112919323251575e-4
2018-03-21T00:00:00Z,1.9141738666917152,0.07536117585400454
2018-03-22T00:00:00Z,7.3268199760247,0.2884574793710512
2018-03-23T00:00:00Z,9.139688350128312,0.35983025000505164
2018-03-24T00:00:00Z,0.015398205580557,6.062285661636614e-4
2018-03-25T00:00:00Z,0,0
2018-03-26T00:00:00Z,0,0
2018-03-27T00:00:00Z,0,0
2018-03-28T00:00:00Z,0,0
2018-03-29T00:00:00Z,0,0
2018-03-30T00:00:00Z,0,0
2018-03-31T00:00:00Z,0,0
2018-04-01T00:00:00Z,0,0
2018-04-02T00:00:00Z,0,0
2018-04-03T00:00:00Z,0,0
2018-04-04T00:00:00Z,0,0
2018-04-05T00:00:00Z,0,0
2018-04-06T00:00:00Z,0,0
2018-04-07T00:00:00Z,0,0
2018-04-08T00:00:00Z,0,0
2018-04-09T00:00:00Z,0,0
2018-04-10T00:00:00Z,0,0
2018-04-11T00:00:00Z,0,0
2018-04-12T00:00:00Z,0,0
2018-04-13T00:00:00Z,0,0
2018-04-14T00:00:00Z,0,0
2018-04-15T00:00:00Z,0,0
2018-04-16T00:00:00Z,0,0
2018-04-17T00:00:00Z,0,0
2018-04-18T00:00:00Z,0,0
2018-04-19T00:00:00Z,0.2640112440909177,0.010394143468146367
2018-04-20T00:00:00Z,0.0988481494492274,0.0038916594271349372
2018-04-21T00:00:00Z,0.005162176976004,2.0323531401590552e-4
2018-04-22T00:00:00Z,0,0
2018-04-23T00:00:00Z,0,0
2018-04-24T00:00:00Z,0,0
2018-04-25T00:00:00Z,0,0
2018-04-26T00:00:00Z,0,0
2018-04-27T00:00:00Z,0,0
2018-04-28T00:00:00Z,0,0
2018-04-29T00:00:00Z,0.0085328981875245,3.359408735245866e-4
2018-04-30T00:00:00Z,0.003737237828006,1.4713534755929136e-4
2018-05-01T00:00:00Z,0.1964315658001605,0.007733526212604745
2018-05-02T00:00:00Z,0.3923500309941463,0.015446851613942767
2018-05-03T00:00:00Z,0.0574536182348341,0.0022619534738123662
2018-05-04T00:00:00Z,0,0
2018-05-05T00:00:00Z,0,0
2018-05-06T00:00:00Z,0,0
2018-05-07T00:00:00Z,0,0
2018-05-08T00:00:00Z,0,0
2018-05-09T00:00:00Z,0,0
2018-05-10T00:00:00Z,0,0
2018-05-11T00:00:00Z,0.0053580902690865,2.109484357908071e-4
2018-05-12T00:00:00Z,0.723626791516539,0.028489243760493662
2018-05-13T00:00:00Z,0.1475291698606942,0.0058082350338855985
2018-05-14T00:00:00Z,0.13356755036630202,0.005258564975051261
2018-05-15T00:00:00Z,0,0
2018-05-16T00:00:00Z,0,0
2018-05-17T00:00:00Z,0,0
2018-05-18T00:00:00Z,0.0085328981875245,3.359408735245866e-4
2018-05-19T00:00:00Z,7.351255728576001e-4,2.894195168730709e-5
2018-05-20T00:00:00Z,0.0427417438659066,0.001682745821492386
2018-05-21T00:00:00Z,0.1728422921546821,0.006804814651759138
2018-05-22T00:00:00Z,0.4445070733239679,0.017500278477321572
2018-05-23T00:00:00Z,0.0154947000936836,6.100275627434488e-4
2018-05-24T00:00:00Z,0.031953504134981096,0.0012580119738181536
2018-05-25T00:00:00Z,0.0252943324515686,9.958398602979764e-4
2018-05-26T00:00:00Z,0,0
2018-05-27T00:00:00Z,0,0
2018-05-28T00:00:00Z,0,0
2018-05-29T00:00:00Z,0.002325160683348,9.154175918692914e-5
2018-05-30T00:00:00Z,0.1962732035528169,0.0077272914784573595
2018-05-31T00:00:00Z,0.24761922807559072,0.009748788506913022
2018-06-01T00:00:00Z,0.026595804040445103,0.0010470788992301221
2018-06-02T00:00:00Z,0,0
2018-06-03T00:00:00Z,0,0
2018-06-04T00:00:00Z,0,0
2018-06-05T00:00:00Z,0,0
2018-06-06T00:00:00Z,0,0
2018-06-07T00:00:00Z,0,0
2018-06-08T00:00:00Z,0,0
2018-06-09T00:00:00Z,0,0
2018-06-10T00:00:00Z,0,0
2018-06-11T00:00:00Z,0,0
2018-06-12T00:00:00Z,0,0
2018-06-13T00:00:00Z,0,0
2018-06-14T00:00:00Z,0,0
2018-06-15T00:00:00Z,0,0
2018-06-16T00:00:00Z,0,0
2018-06-17T00:00:00Z,0,0
2018-06-18T00:00:00Z,0,0
2018-06-19T00:00:00Z,0,0
2018-06-20T00:00:00Z,0,0
2018-06-21T00:00:00Z,0,0
2018-06-22T00:00:00Z,0,0
2018-06-23T00:00:00Z,0,0
2018-06-24T00:00:00Z,0,0
2018-06-25T00:00:00Z,0,0
2018-06-26T00:00:00Z,0,0
2018-06-27T00:00:00Z,0,0
2018-06-28T00:00:00Z,0,0
2018-06-29T00:00:00Z,0,0
2018-06-30T00:00:00Z,0,0
2018-07-01T00:00:00Z,0,0
2018-07-02T00:00:00Z,0,0
2018-07-03T00:00:00Z,0,0
2018-07-04T00:00:00Z,0,0
2018-07-05T00:00:00Z,0,0
2018-07-06T00:00:00Z,0,0
2018-07-07T00:00:00Z,0,0
2018-07-08T00:00:00Z,0,0
2018-07-09T00:00:00Z,0,0
2018-07-10T00:00:00Z,0,0
2018-07-11T00:00:00Z,0,0
2018-07-12T00:00:00Z,0,0
2018-07-13T00:00:00Z,0,0
2018-07-14T00:00:00Z,0,0
2018-07-15T00:00:00Z,0,0
2018-07-16T00:00:00Z,0,0
2018-07-17T00:00:00Z,0,0
2018-07-18T00:00:00Z,0.0578933362258602,0.002279265205742528
2018-07-19T00:00:00Z,0,0
2018-07-20T00:00:00Z,0,0
2018-07-21T00:00:00Z,0,0
2018-07-22T00:00:00Z,0,0
2018-07-23T00:00:00Z,0,0
2018-07-24T00:00:00Z,0,0
2018-07-25T00:00:00Z,0,0
2018-07-26T00:00:00Z,0,0
2018-07-27T00:00:00Z,0,0
2018-07-28T00:00:00Z,0,0
2018-07-29T00:00:00Z,0,0
2018-07-30T00:00:00Z,0,0
2018-07-31T00:00:00Z,0,0
2018-08-01T00:00:00Z,0,0
2018-08-02T00:00:00Z,0,0
2018-08-03T00:00:00Z,0,0
2018-08-04T00:00:00Z,0,0
2018-08-05T00:00:00Z,0,0
2018-08-06T00:00:00Z,0,0
2018-08-07T00:00:00Z,0,0
2018-08-08T00:00:00Z,0,0
2018-08-09T00:00:00Z,0.0030328525634888,1.1940364423184252e-4
2018-08-10T00:00:00Z,4.7900692864e-5,1.8858540497637797e-6
2018-08-11T00:00:00Z,0,0
2018-08-12T00:00:00Z,0,0
2018-08-13T00:00:00Z,0,0
2018-08-14T00:00:00Z,0,0
2018-08-15T00:00:00Z,0,0
2018-08-16T00:00:00Z,0,0
2018-08-17T00:00:00Z,0,0
2018-08-18T00:00:00Z,0,0
2018-08-19T00:00:00Z,0,0
2018-08-20T00:00:00Z,0,0
2018-08-21T00:00:00Z,0,0
2018-08-22T00:00:00Z,0,0
2018-08-23T00:00:00Z,0,0
2018-08-24T00:00:00Z,0,0
2018-08-25T00:00:00Z,0,0
2018-08-26T00:00:00Z,0,0
2018-08-27T00:00:00Z,0,0
2018-08-28T00:00:00Z,0,0
2018-08-29T00:00:00Z,0,0
2018-08-30T00:00:00Z,0,0
2018-08-31T00:00:00Z,0,0
2018-09-01T00:00:00Z,0,0
2018-09-02T00:00:00Z,0,0
2018-09-03T00:00:00Z,0,0
2018-09-04T00:00:00Z,0,0
2018-09-05T00:00:00Z,0,0
2018-09-06T00:00:00Z,0,0
2018-09-07T00:00:00Z,0,0
2018-09-08T00:00:00Z,0,0
2018-09-09T00:00:00Z,0,0
2018-09-10T00:00:00Z,0,0
2018-09-11T00:00:00Z,0,0
2018-09-12T00:00:00Z,0,0
2018-09-13T00:00:00Z,0,0
2018-09-14T00:00:00Z,0,0
2018-09-15T00:00:00Z,0,0
2018-09-16T00:00:00Z,0,0
2018-09-17T00:00:00Z,0,0
2018-09-18T00:00:00Z,0,0
2018-09-19T00:00:00Z,0,0
2018-09-20T00:00:00Z,0,0
2018-09-21T00:00:00Z,0,0
2018-09-22T00:00:00Z,0,0
2018-09-23T00:00:00Z,0,0
2018-09-24T00:00:00Z,0,0
2018-09-25T00:00:00Z,0,0
2018-09-26T00:00:00Z,0,0
2018-09-27T00:00:00Z,0,0
2018-09-28T00:00:00Z,0.0014339238346908001,5.6453694279165364e-5
2018-09-29T00:00:00Z,0,0
2018-09-30T00:00:00Z,0,0
2018-10-01T00:00:00Z,7.567148742071999e-4,2.9791924181385825e-5
2018-10-02T00:00:00Z,0,0
2018-10-03T00:00:00Z,0.028044745402716398,0.001104123834752614
2018-10-04T00:00:00Z,0.32177228945805714,0.012668200372364454
2018-10-05T00:00:00Z,0,0
2018-10-06T00:00:00Z,0,0
2018-10-07T00:00:00Z,0,0
2018-10-08T00:00:00Z,0,0
2018-10-09T00:00:00Z,0.047201431106754,0.0018583240593210235
2018-10-10T00:00:00Z,0,0
2018-10-11T00:00:00Z,0,0
2018-10-12T00:00:00Z,1.3850440096273047,0.05452929171761042
2018-10-13T00:00:00Z,5.379914910358732,0.21180767363617056
2018-10-14T00:00:00Z,0.4750445282952869,0.018702540484066416
2018-10-15T00:00:00Z,0.0087125457930513,3.4301361389965754e-4
2018-10-16T00:00:00Z,0,0
2018-10-17T00:00:00Z,0,0
2018-10-18T00:00:00Z,0,0
2018-10-19T00:00:00Z,0,0
2018-10-20T00:00:00Z,0,0
2018-10-21T00:00:00Z,0,0
2018-10-22T00:00:00Z,0,0
2018-10-23T00:00:00Z,0,0
2018-10-24T00:00:00Z,0,0
2018-10-25T00:00:00Z,0,0
2018-10-26T00:00:00Z,0,0
2018-10-27T00:00:00Z,0,0
2018-10-28T00:00:00Z,0,0
2018-10-29T00:00:00Z,0,0
2018-10-30T00:00:00Z,0,0
2018-10-31T00:00:00Z,0,0
2018-11-01T00:00:00Z,0,0
2018-11-02T00:00:00Z,0,0
2018-11-03T00:00:00Z,0,0
2018-11-04T00:00:00Z,0,0
2018-11-05T00:00:00Z,0,0
2018-11-06T00:00:00Z,0,0
2018-11-07T00:00:00Z,0,0
2018-11-08T00:00:00Z,0,0
2018-11-09T00:00:00Z,0.060310068562632005,0.0023744121481351185
2018-11-10T00:00:00Z,0.104209234115024,0.00410272575256
2018-11-11T00:00:00Z,0,0
2018-11-12T00:00:00Z,0,0
2018-11-13T00:00:00Z,0,0
2018-11-14T00:00:00Z,0,0
2018-11-15T00:00:00Z,0,0
2018-11-16T00:00:00Z,0,0
2018-11-17T00:00:00Z,0,0
2018-11-18T00:00:00Z,0,0
2018-11-19T00:00:00Z,0,0
2018-11-20T00:00:00Z,0,0
2018-11-21T00:00:00Z,0.3723218048180693,0.014658338772364934
2018-11-22T00:00:00Z,5.071665332638302,0.19967186348969695
2018-11-23T00:00:00Z,0.18679789350756962,0.007354247775888568
2018-11-24T00:00:00Z,0,0
2018-11-25T00:00:00Z,0,0
2018-11-26T00:00:00Z,0,0
2018-11-27T00:00:00Z,0,0
2018-11-28T00:00:00Z,0.4917636065574726,0.01936077191171152
2018-11-29T00:00:00Z,10.220504613494798,0.40238207139743304
2018-11-30T00:00:00Z,6.461482987185138,0.2543890939836669
2018-12-01T00:00:00Z,0.010613179308221,4.178417050480709e-4
2018-12-02T00:00:00Z,0,0
2018-12-03T00:00:00Z,0,0
2018-12-04T00:00:00Z,0.058878125013967095,0.0023180364178727202
2018-12-05T00:00:00Z,1.8599445961193208,0.07322616520154807
2018-12-06T00:00:00Z,17.85853273396801,0.7030918399200003
2018-12-07T00:00:00Z,12.176220944185712,0.47937877733014617
2018-12-08T00:00:00Z,0,0
2018-12-09T00:00:00Z,0,0
2018-12-10T00:00:00Z,0,0
2018-12-11T00:00:00Z,0,0
2018-12-12T00:00:00Z,0,0
2018-12-13T00:00:00Z,0,0
2018-12-14T00:00:00Z,0,0
2018-12-15T00:00:00Z,0,0
2018-12-16T00:00:00Z,0,0
2018-12-17T00:00:00Z,0.001230817725768,4.845739077826772e-5
2018-12-18T00:00:00Z,0.0108596986164867,4.2754718962546064e-4
2018-12-19T00:00:00Z,0,0
2018-12-20T00:00:00Z,0,0
2018-12-21T00:00:00Z,0,0
2018-12-22T00:00:00Z,0.0380153645272596,0.001496667894774
2018-12-23T00:00:00Z,0,0
2018-12-24T00:00:00Z,0.0599430285636587,0.002359961754474752
2018-12-25T00:00:00Z,0.3653801590837358,0.014385045633217944
2018-12-26T00:00:00Z,0.0014339238346908001,5.6453694279165364e-5
2018-12-27T00:00:00Z,0,0
2018-12-28T00:00:00Z,0,0
2018-12-29T00:00:00Z,0,0
2018-12-30T00:00:00Z,0,0
2018-12-31T00:00:00Z,0,0
2019-01-01T00:00:00Z,0,0
2019-01-02T00:00:00Z,0,0
2019-01-03T00:00:00Z,0,0
2019-01-04T00:00:00Z,0,0
2019-01-05T00:00:00Z,2.1658229032851977,0.08526861823957471
2019-01-06T00:00:00Z,6.034741974737752,0.23758826672195876
2019-01-07T00:00:00Z,2.686340855375423,0.1057614509990324
2019-01-08T00:00:00Z,0.21531018440983982,0.008476778913773221
2019-01-09T00:00:00Z,0,0
2019-01-10T00:00:00Z,0.009252878062821901,3.642865379063741e-4
2019-01-11T00:00:00Z,0.3410281507183903,0.01342630514639332
2019-01-12T00:00:00Z,8.734117045079879,0.3438628757905464
2019-01-13T00:00:00Z,1.8370655266458225,0.0723254144348749
2019-01-14T00:00:00Z,6.671484768435396,0.26265688064706283
2019-01-15T00:00:00Z,12.470582142147686,0.4909678008719562
2019-01-16T00:00:00Z,11.430510777944779,0.4500201093679047
2019-01-17T00:00:00Z,25.214861079373247,0.9927110661170571
2019-01-18T00:00:00Z,8.647006205408008,0.34043331517354364
2019-01-19T00:00:00Z,0.016459115505202997,6.47996673433189e-4
2019-01-20T00:00:00Z,0,0
2019-01-21T00:00:00Z,7.344870878889e-4,2.891681448381496e-5
2019-01-22T00:00:00Z,0,0
2019-01-23T00:00:00Z,0,0
2019-01-24T00:00:00Z,0,0
2019-01-25T00:00:00Z,0,0
2019-01-26T00:00:00Z,0,0
2019-01-27T00:00:00Z,0,0
2019-01-28T00:00:00Z,0,0
2019-01-29T00:00:00Z,0,0
2019-01-30T00:00:00Z,0,0
2019-01-31T00:00:00Z,4.3937118279122895,0.1729807806264681
2019-02-01T00:00:00Z,8.368600407251742,0.3294724569784151
2019-02-02T00:00:00Z,12.346474167357004,0.4860816601321655
2019-02-03T00:00:00Z,23.715855217967153,0.9336950873215415
2019-02-04T00:00:00Z,10.148719218834268,0.3995558747572547
2019-02-05T00:00:00Z,8.767697817620176,0.34518495344961325
2019-02-06T00:00:00Z,1.5899336115529696,0.06259581147846338
2019-02-07T00:00:00Z,0,0
2019-02-08T00:00:00Z,0.2434180203085051,0.009583386626319098
2019-02-09T00:00:00Z,3.5551607651060935,0.1399669592561454
2019-02-10T00:00:00Z,1.6016242809308274,0.06305607405239479
2019-02-11T00:00:00Z,2.6176280196024004,0.103056221244189
2019-02-12T00:00:00Z,0,0
2019-02-13T00:00:00Z,1.3992890582870123,0.05509012040500049
2019-02-14T00:00:00Z,23.75499714190132,0.9352361079488709
2019-02-15T00:00:00Z,13.194460785613831,0.5194669600635367
2019-02-16T00:00:00Z,2.7409440182427245,0.10791118182057971
2019-02-17T00:00:00Z,0.0422107994090843,0.001661842496420642
2019-02-18T00:00:00Z,0.8186452842718499,0.03223012930204134
2019-02-19T00:00:00Z,0.043447738493558,0.0017105408855731497
2019-02-20T00:00:00Z,0.2948430180079267,0.011607992834957746
2019-02-21T00:00:00Z,1.2638772641746934,0.0497589474084525
2019-02-22T00:00:00Z,0.09422812868896771,0.003709768846022351
2019-02-23T00:00:00Z,0,0
2019-02-24T00:00:00Z,0,0
2019-02-25T00:00:00Z,0,0
2019-02-26T00:00:00Z,0,0
2019-02-27T00:00:00Z,0.0369581366429886,0.0014550447497239608
2019-02-28T00:00:00Z,0.7312487797382212,0.028789322036937844
2019-03-01T00:00:00Z,0.3983071938924026,0.015681385586315065
2019-03-02T00:00:00Z,8.970052511950891,0.35315167369885403
2019-03-03T00:00:00Z,5.395606144441869,0.2124254387575539
2019-03-04T00:00:00Z,0.12650162619729338,0.004980378984145409
2019-03-05T00:00:00Z,0.5091255486585188,0.020044312939311765
2019-03-06T00:00:00Z,9.734246249307377,0.38323804131131406
2019-03-07T00:00:00Z,8.443024978241619,0.33240255819848896
2019-03-08T00:00:00Z,0.0590392298622637,0.0023243791284355787
2019-03-09T00:00:00Z,0.060440187023356594,0.0023795349221793936
2019-03-10T00:00:00Z,0.022600695127667703,8.89791146758571e-4
2019-03-11T00:00:00Z,0.2580180464452969,0.01015819080493295
2019-03-12T00:00:00Z,0.14291655803655873,0.005626636143171604
2019-03-13T00:00:00Z,0.0017922854417663,7.056241896717717e-5
2019-03-14T00:00:00Z,0,0
2019-03-15T00:00:00Z,0,0
2019-03-16T00:00:00Z,0,0
2019-03-17T00:00:00Z,0,0
2019-03-18T00:00:00Z,0,0
2019-03-19T00:00:00Z,0,0
2019-03-20T00:00:00Z,0.1815527207214529,0.0071477449102934215
2019-03-21T00:00:00Z,3.0820120434762472,0.12133905682977351
2019-03-22T00:00:00Z,0.9679287523366163,0.038107431194354974
2019-03-23T00:00:00Z,0.0022423426968036,8.828120853557481e-5
2019-03-24T00:00:00Z,0,0
2019-03-25T00:00:00Z,0,0
2019-03-26T00:00:00Z,0,0
2019-03-27T00:00:00Z,0,0
2019-03-28T00:00:00Z,0,0
2019-03-29T00:00:00Z,0,0
2019-03-30T00:00:00Z,0,0
2019-03-31T00:00:00Z,0,0
2019-04-01T00:00:00Z,0,0
2019-04-02T00:00:00Z,0,0
2019-04-03T00:00:00Z,0.059953203172129,0.002360362329611378
2019-04-04T00:00:00Z,0.0068092658009514,2.6808133074611814e-4
2019-04-05T00:00:00Z,0.0840999171392069,0.003311020359811296
2019-04-06T00:00:00Z,0,0
2019-04-07T00:00:00Z,0,0
2019-04-08T00:00:00Z,0,0
2019-04-09T00:00:00Z,0,0
2019-04-10T00:00:00Z,0,0
2019-04-11T00:00:00Z,0,0
2019-04-12T00:00:00Z,0,0
2019-04-13T00:00:00Z,0,0
2019-04-14T00:00:00Z,0,0
2019-04-15T00:00:00Z,0,0
2019-04-16T00:00:00Z,0,0
2019-04-17T00:00:00Z,0,0
2019-04-18T00:00:00Z,0,0
2019-04-19T00:00:00Z,0,0
2019-04-20T00:00:00Z,0,0
2019-04-21T00:00:00Z,0,0
2019-04-22T00:00:00Z,0,0
2019-04-23T00:00:00Z,0,0
2019-04-24T00:00:00Z,0,0
2019-04-25T00:00:00Z,0,0
2019-04-26T00:00:00Z,0,0
2019-04-27T00:00:00Z,0,0
2019-04-28T00:00:00Z,0.0061477984626883,2.420393095546575e-4
2019-04-29T00:00:00Z,0.7434653860810501,0.029270290790592523
2019-04-30T00:00:00Z,0.2999726096983975,0.011809945263716438
2019-05-01T00:00:00Z,0.0028606884045278003,1.1262552773731498e-4
2019-05-02T00:00:00Z,0,0
2019-05-03T00:00:00Z,0,0
2019-05-04T00:00:00Z,0,0
2019-05-05T00:00:00Z,0.0068272285607754,2.6878852601477953e-4
2019-05-06T00:00:00Z,0.2534133948841593,0.009976905310399974
2019-05-07T00:00:00Z,0.5989943589648581,0.02358245507735662
2019-05-08T00:00:00Z,0.025473945499888802,0.0010029112401531025
2019-05-09T00:00:00Z,0.027658980920131398,0.0010889362566980866
2019-05-10T00:00:00Z,0.1656322102471681,0.006520953159337327
2019-05-11T00:00:00Z,0.8565515971820107,0.03372250382606341
2019-05-12T00:00:00Z,0.17697633591489711,0.00696757228011406
2019-05-13T00:00:00Z,0.0329088782220255,0.0012956251268513976
2019-05-14T00:00:00Z,0,0
2019-05-15T00:00:00Z,0.12607253888883468,0.004963485783024988
2019-05-16T00:00:00Z,3.5343706115818314,0.13914844927487527
2019-05-17T00:00:00Z,2.911984636124548,0.1146450644143523
2019-05-18T00:00:00Z,0.0632244765132124,0.0024891526186304096
2019-05-19T00:00:00Z,3.094197880445012,0.12181881419074851
2019-05-20T00:00:00Z,0.7804981445356642,0.030728273406915918
2019-05-21T00:00:00Z,0.05962782686104,0.0023475522386236223
2019-05-22T00:00:00Z,0.557662077950849,0.021955199919324764
2019-05-23T00:00:00Z,1.5841347053872665,0.06236750808611286
2019-05-24T00:00:00Z,0.3103340072958079,0.012217874302984563
2019-05-25T00:00:00Z,0.0077643337314215995,3.0568243037092915e-4
2019-05-26T00:00:00Z,0.3502969191894433,0.013791217290922964
2019-05-27T00:00:00Z,1.8741928064704383,0.0737871183649779
2019-05-28T00:00:00Z,7.344870878889e-4,2.891681448381496e-5
2019-05-29T00:00:00Z,0,0
2019-05-30T00:00:00Z,0,0
2019-05-31T00:00:00Z,0,0
2019-06-01T00:00:00Z,0,0
2019-06-02T00:00:00Z,0,0
2019-06-03T00:00:00Z,0,0
2019-06-04T00:00:00Z,0,0
2019-06-05T00:00:00Z,0,0
2019-06-06T00:00:00Z,0.0011804342423522999,4.647378906898818e-5
2019-06-07T00:00:00Z,0,0
2019-06-08T00:00:00Z,0,0
2019-06-09T00:00:00Z,0,0
2019-06-10T00:00:00Z,0,0
2019-06-11T00:00:00Z,0,0
2019-06-12T00:00:00Z,0,0
2019-06-13T00:00:00Z,0,0
2019-06-14T00:00:00Z,0,0
2019-06-15T00:00:00Z,0,0
2019-06-16T00:00:00Z,0,0
2019-06-17T00:00:00Z,0.0027780416857413003,1.0937171991107483e-4
2019-06-18T00:00:00Z,0.0022423426968036,8.828120853557481e-5
2019-06-19T00:00:00Z,0.0066176693234448,2.6053816234034645e-4
2019-06-20T00:00:00Z,0.0038752678055799994,1.5256959864488187e-4
2019-06-21T00:00:00Z,0.5024997914834752,0.019783456357617135
2019-06-22T00:00:00Z,0.2032724725136769,0.008002853248569957
2019-06-23T00:00:00Z,0.007449193185556101,2.932753222659882e-4
2019-06-24T00:00:00Z,0.0043593312619788,1.7162721503853544e-4
2019-06-25T00:00:00Z,0.004622964696228899,1.8200648410349998e-4
2019-06-26T00:00:00Z,0,0
2019-06-27T00:00:00Z,0,0
2019-06-28T00:00:00Z,0,0
2019-06-29T00:00:00Z,0,0
2019-06-30T00:00:00Z,0,0
2019-07-01T00:00:00Z,0,0
2019-07-02T00:00:00Z,0,0
2019-07-03T00:00:00Z,0,0
2019-07-04T00:00:00Z,0,0
2019-07-05T00:00:00Z,0,0
2019-07-06T00:00:00Z,0,0
2019-07-07T00:00:00Z,0,0
2019-07-08T00:00:00Z,0,0
2019-07-09T00:00:00Z,0,0
2019-07-10T00:00:00Z,0,0
2019-07-11T00:00:00Z,0,0
2019-07-12T00:00:00Z,0,0
2019-07-13T00:00:00Z,0,0
2019-07-14T00:00:00Z,0,0
2019-07-15T00:00:00Z,0,0
2019-07-16T00:00:00Z,0,0
2019-07-17T00:00:00Z,0,0
2019-07-18T00:00:00Z,0,0
2019-07-19T00:00:00Z,0,0
2019-07-20T00:00:00Z,0,0
2019-07-21T00:00:00Z,0,0
2019-07-22T00:00:00Z,0,0
2019-07-23T00:00:00Z,0.0199007058521653,7.834923563844607e-4
2019-07-24T00:00:00Z,0,0
2019-07-25T00:00:00Z,0.039190676401568994,0.001542940015809803
2019-07-26T00:00:00Z,0.016033636846876,6.312455451525985e-4
2019-07-27T00:00:00Z,0,0
2019-07-28T00:00:00Z,0,0
2019-07-29T00:00:00Z,0,0
2019-07-30T00:00:00Z,0,0
2019-07-31T00:00:00Z,0,0
2019-08-01T00:00:00Z,0,0
2019-08-02T00:00:00Z,0,0
2019-08-03T00:00:00Z,0,0
2019-08-04T00:00:00Z,0,0
2019-08-05T00:00:00Z,0,0
2019-08-06T00:00:00Z,0,0
2019-08-07T00:00:00Z,0,0
2019-08-08T00:00:00Z,0,0
2019-08-09T00:00:00Z,0,0
2019-08-10T00:00:00Z,0,0
2019-08-11T00:00:00Z,0,0
2019-08-12T00:00:00Z,0,0
2019-08-13T00:00:00Z,0,0
2019-08-14T00:00:00Z,0,0
2019-08-15T00:00:00Z,0,0
2019-08-16T00:00:00Z,0,0
2019-08-17T00:00:00Z,0,0
2019-08-18T00:00:00Z,0,0
2019-08-19T00:00:00Z,0,0
2019-08-20T00:00:00Z,0,0
2019-08-21T00:00:00Z,0,0
2019-08-22T00:00:00Z,0,0
2019-08-23T00:00:00Z,0,0
2019-08-24T00:00:00Z,0,0
2019-08-25T00:00:00Z,0,0
2019-08-26T00:00:00Z,0,0
2019-08-27T00:00:00Z,0,0
2019-08-28T00:00:00Z,0,0
2019-08-29T00:00:00Z,0,0
2019-08-30T00:00:00Z,0,0
2019-08-31T00:00:00Z,0,0
2019-09-01T00:00:00Z,0,0
2019-09-02T00:00:00Z,0,0
2019-09-03T00:00:00Z,0,0
2019-09-04T00:00:00Z,0,0
2019-09-05T00:00:00Z,0,0
2019-09-06T00:00:00Z,0,0
2019-09-07T00:00:00Z,0,0
2019-09-08T00:00:00Z,0,0
2019-09-09T00:00:00Z,0,0
2019-09-10T00:00:00Z,0.0027780416857413003,1.0937171991107483e-4
2019-09-11T00:00:00Z,0,0
2019-09-12T00:00:00Z,0,0
2019-09-13T00:00:00Z,0,0
2019-09-14T00:00:00Z,0,0
2019-09-15T00:00:00Z,0,0
2019-09-16T00:00:00Z,0,0
2019-09-17T00:00:00Z,0,0
2019-09-18T00:00:00Z,0,0
2019-09-19T00:00:00Z,0,0
2019-09-20T00:00:00Z,0,0
2019-09-21T00:00:00Z,0.0066176693234448,2.6053816234034645e-4
2019-09-22T00:00:00Z,0,0
2019-09-23T00:00:00Z,0,0
2019-09-24T00:00:00Z,0,0
2019-09-25T00:00:00Z,0,0
2019-09-26T00:00:00Z,0,0
2019-09-27T00:00:00Z,0.0379795053127298,0.0014952561146744016
2019-09-28T00:00:00Z,0.1855624214679225,0.007305607144406399
2019-09-29T00:00:00Z,0.1239868114270144,0.004881370528622615
2019-09-30T00:00:00Z,0.0055139764710099,2.1708568783503543e-4
2019-10-01T00:00:00Z,0,0
2019-10-02T00:00:00Z,0,0
2019-10-03T00:00:00Z,0,0
2019-10-04T00:00:00Z,0,0
2019-10-05T00:00:00Z,0,0
2019-10-06T00:00:00Z,0,0
2019-10-07T00:00:00Z,0,0
2019-10-08T00:00:00Z,0,0
2019-10-09T00:00:00Z,0,0
2019-10-10T00:00:00Z,0,0
2019-10-11T00:00:00Z,0,0
2019-10-12T00:00:00Z,0,0
2019-10-13T00:00:00Z,0,0
2019-10-14T00:00:00Z,0,0
2019-10-15T00:00:00Z,0,0
2019-10-16T00:00:00Z,0,0
2019-10-17T00:00:00Z,0,0
2019-10-18T00:00:00Z,0,0
2019-10-19T00:00:00Z,0,0
2019-10-20T00:00:00Z,0,0
2019-10-21T00:00:00Z,0,0
2019-10-22T00:00:00Z,0,0
2019-10-23T00:00:00Z,0,0
2019-10-24T00:00:00Z,0,0
2019-10-25T00:00:00Z,0,0
2019-10-26T00:00:00Z,0,0
2019-10-27T00:00:00Z,0,0
2019-10-28T00:00:00Z,0,0
2019-10-29T00:00:00Z,0,0
2019-10-30T00:00:00Z,0,0
2019-10-31T00:00:00Z,0,0
2019-11-01T00:00:00Z,0,0
2019-11-02T00:00:00Z,0.0061407589177332,2.4176216211548032e-4
2019-11-03T00:00:00Z,0.008755660324095301,3.4471103638170476e-4
2019-11-04T00:00:00Z,0,0
2019-11-05T00:00:00Z,0,0
2019-11-06T00:00:00Z,0,0
2019-11-07T00:00:00Z,0,0
2019-11-08T00:00:00Z,0,0
2019-11-09T00:00:00Z,0,0
2019-11-10T00:00:00Z,0,0
2019-11-11T00:00:00Z,0,0
2019-11-12T00:00:00Z,0,0
2019-11-13T00:00:00Z,0,0
2019-11-14T00:00:00Z,0,0
2019-11-15T00:00:00Z,0,0
2019-11-16T00:00:00Z,0.002935817925507,1.1558338289397638e-4
2019-11-17T00:00:00Z,0,0
2019-11-18T00:00:00Z,0,0
2019-11-19T00:00:00Z,0.0034633098406892998,1.363507811295e-4
2019-11-20T00:00:00Z,2.5524694744747367,0.10049092419191877
2019-11-21T00:00:00Z,3.1680871608636365,0.12472784097888333
2019-11-22T00:00:00Z,0.014339783049044503,5.645583877576576e-4
2019-11-23T00:00:00Z,0,0
2019-11-24T00:00:00Z,0,0
2019-11-25T00:00:00Z,0,0
2019-11-26T00:00:00Z,0,0
2019-11-27T00:00:00Z,2.501658258704647,0.0984904826261672
2019-11-28T00:00:00Z,14.029012996960365,0.5523233463370223
2019-11-29T00:00:00Z,7.744860785707644,0.3049157789648679
2019-11-30T00:00:00Z,0.17788330635228639,0.00700327977764907
2019-12-01T00:00:00Z,0.29971457141438307,0.011799786276156814
2019-12-02T00:00:00Z,0,0
2019-12-03T00:00:00Z,0.1947977671935969,0.007669203432818776
2019-12-04T00:00:00Z,8.12883526767876,0.3200328845542819
2019-12-05T00:00:00Z,6.956487814873365,0.27387747302651044
2019-12-06T00:00:00Z,0.2849822563331465,0.011219773871383721
2019-12-07T00:00:00Z,1.723412992213126,0.06785090520524119
2019-12-08T00:00:00Z,1.9941219396579908,0.07850873778181067
2019-12-09T00:00:00Z,1.417707966525367,0.055815274272652246
2019-12-10T00:00:00Z,0,0
2019-12-11T00:00:00Z,0,0
2019-12-12T00:00:00Z,0,0
2019-12-13T00:00:00Z,0,0
2019-12-14T00:00:00Z,0.027635318103234004,0.0010880046497336222
2019-12-15T00:00:00Z,0.011516581576526,4.5340872348527563e-4
2019-12-16T00:00:00Z,0,0
2019-12-17T00:00:00Z,0,0
2019-12-18T00:00:00Z,0,0
2019-12-19T00:00:00Z,0,0
2019-12-20T00:00:00Z,0,0
2019-12-21T00:00:00Z,0,0
2019-12-22T00:00:00Z,2.260323395647636,0.08898911006486757
2019-12-23T00:00:00Z,13.759845936735072,0.5417262179816957
2019-12-24T00:00:00Z,1.1954400047424882,0.047064567115845994
2019-12-25T00:00:00Z,3.510448950943271,0.13820665161193982
2019-12-26T00:00:00Z,22.64478107056097,0.891526813801613
2019-12-27T00:00:00Z,0.294864602919292,0.011608842634617797
2019-12-28T00:00:00Z,0,0
2019-12-29T00:00:00Z,0,0
2019-12-30T00:00:00Z,0.0019480969775409,7.669673139924804e-5
2019-12-31T00:00:00Z,0,0
2020-01-01T00:00:00Z,0,0
2020-01-02T00:00:00Z,0,0
2020-01-03T00:00:00Z,0,0
2020-01-04T00:00:00Z,0,0
2020-01-05T00:00:00Z,0,0
2020-01-06T00:00:00Z,0,0
2020-01-07T00:00:00Z,0,0
2020-01-08T00:00:00Z,0,0
2020-01-09T00:00:00Z,0.0011373197113083,4.4776366586940944e-5
2020-01-10T00:00:00Z,0.0028338790411401,1.1157004098976772e-4
2020-01-11T00:00:00Z,0,0
2020-01-12T00:00:00Z,0,0
2020-01-13T00:00:00Z,0,0
2020-01-14T00:00:00Z,0,0
2020-01-15T00:00:00Z,0,0
2020-01-16T00:00:00Z,0.6136105247938705,0.024157894676924037
2020-01-17T00:00:00Z,2.4941737240038813,0.09819581590566462
2020-01-18T00:00:00Z,0,0
2020-01-19T00:00:00Z,0,0
2020-01-20T00:00:00Z,0.022708098160647,8.940196126238976e-4
2020-01-21T00:00:00Z,0.30922072017841506,0.012174044101512405
2020-01-22T00:00:00Z,0,0
2020-01-23T00:00:00Z,0,0
2020-01-24T00:00:00Z,0,0
2020-01-25T00:00:00Z,0,0
2020-01-26T00:00:00Z,0,0
2020-01-27T00:00:00Z,0,0
2020-01-28T00:00:00Z,0,0
2020-01-29T00:00:00Z,0,0
2020-01-30T00:00:00Z,0,0
2020-01-31T00:00:00Z,0,0
2020-02-01T00:00:00Z,0,0
2020-02-02T00:00:00Z,0,0
2020-02-03T00:00:00Z,0.11668531586921391,0.004593910073591099
2020-02-04T00:00:00Z,0,0
2020-02-05T00:00:00Z,0,0
2020-02-06T00:00:00Z,0,0
2020-02-07T00:00:00Z,0,0
2020-02-08T00:00:00Z,0,0
2020-02-09T00:00:00Z,0.35870978247747115,0.014122432381002801
2020-02-10T00:00:00Z,0.7620685770317954,0.030002699883141554
2020-02-11T00:00:00Z,0,0
2020-02-12T00:00:00Z,0,0
2020-02-13T00:00:00Z,0,0
2020-02-14T00:00:00Z,0,0
2020-02-15T00:00:00Z,0,0
2020-02-16T00:00:00Z,0,0
2020-02-17T00:00:00Z,0,0
2020-02-18T00:00:00Z,0,0
2020-02-19T00:00:00Z,0,0
2020-02-20T00:00:00Z,0,0
2020-02-21T00:00:00Z,0.002935817925507,1.1558338289397638e-4
2020-02-22T00:00:00Z,0.16318226407926711,0.006424498585797918
2020-02-23T00:00:00Z,0.8825656268349864,0.03474667822184986
2020-02-24T00:00:00Z,0,0
2020-02-25T00:00:00Z,0,0
2020-02-26T00:00:00Z,0,0
2020-02-27T00:00:00Z,0,0
2020-02-28T00:00:00Z,0,0
2020-02-29T00:00:00Z,0,0
2020-03-01T00:00:00Z,0.23287410953335635,0.009168272028872299
2020-03-02T00:00:00Z,0.21480711518242498,0.008456973038678149
2020-03-03T00:00:00Z,0,0
2020-03-04T00:00:00Z,0,0
2020-03-05T00:00:00Z,0,0
2020-03-06T00:00:00Z,0,0
2020-03-07T00:00:00Z,0.0034633098406892998,1.363507811295e-4
2020-03-08T00:00:00Z,0.0251830210458028,9.914575214882992e-4
2020-03-09T00:00:00Z,0.2012891890762612,0.00792477122347485
2020-03-10T00:00:00Z,2.6156178170773923,0.10297707941249576
2020-03-11T00:00:00Z,2.562238241614025,0.10087552132338681
2020-03-12T00:00:00Z,5.600888397755628,0.22050741723447356
2020-03-13T00:00:00Z,20.014853559683544,0.7879863606174624
2020-03-14T00:00:00Z,2.6787951166383284,0.10546437467080033
2020-03-15T00:00:00Z,2.0477846206999173,0.08062144175983926
2020-03-16T00:00:00Z,2.2190656193845877,0.08736478816474755
2020-03-17T00:00:00Z,6.862139825918592,0.2701629852723855
2020-03-18T00:00:00Z,0.5300247459781711,0.020867115983392564
2020-03-19T00:00:00Z,0.3678236842327217,0.014481247410737075
2020-03-20T00:00:00Z,2.0211086462335315,0.07957120654462722
2020-03-21T00:00:00Z,1.653000191388959,0.0650787476924787
2020-03-22T00:00:00Z,4.184223065741803,0.16473319156463795
2020-03-23T00:00:00Z,11.649847734664409,0.45865542262458303
2020-03-24T00:00:00Z,0.0472475704127749,0.0018601405674320828
2020-03-25T00:00:00Z,0.0236866098343607,9.325436942661693e-4
2020-03-26T00:00:00Z,0.32826943390635127,0.012923993460879971
2020-03-27T00:00:00Z,0,0
2020-03-28T00:00:00Z,0,0
2020-03-29T00:00:00Z,0,0
2020-03-30T00:00:00Z,0.09702716987100281,0.0038199673177560164
2020-03-31T00:00:00Z,0,0
2020-04-01T00:00:00Z,0,0
2020-04-02T00:00:00Z,0.009420485778437999,3.708852668676378e-4
2020-04-03T00:00:00Z,0,0
2020-04-04T00:00:00Z,0,0
2020-04-05T00:00:00Z,1.0056734589123022,0.03959344326426387
2020-04-06T00:00:00Z,16.460692684194793,0.6480587670942832
2020-04-07T00:00:00Z,9.020246180187717,0.3551278023695952
2020-04-08T00:00:00Z,8.607891867174313,0.3388933805974139
2020-04-09T00:00:00Z,6.300619897289206,0.248055901468079
2020-04-10T00:00:00Z,9.904896986920983,0.3899565742882277
2020-04-11T00:00:00Z,0.4245431003906052,0.01671429529096871
2020-04-12T00:00:00Z,0.11525714566256232,0.004537682900100879
2020-04-13T00:00:00Z,1.2756793839500615,0.05022359779330951
2020-04-14T00:00:00Z,0.0212692234468081,8.373710018428387e-4
2020-04-15T00:00:00Z,0,0
2020-04-16T00:00:00Z,0,0
2020-04-17T00:00:00Z,0,0
2020-04-18T00:00:00Z,0.026513152165533398,0.0010438248884068267
2020-04-19T00:00:00Z,0.0035562817896429002,1.4001109408042916e-4
2020-04-20T00:00:00Z,0,0
2020-04-21T00:00:00Z,0,0
2020-04-22T00:00:00Z,0,0
2020-04-23T00:00:00Z,0,0
2020-04-24T00:00:00Z,0,0
2020-04-25T00:00:00Z,0,0
2020-04-26T00:00:00Z,0,0
2020-04-27T00:00:00Z,0,0
2020-04-28T00:00:00Z,0,0
2020-04-29T00:00:00Z,0,0
2020-04-30T00:00:00Z,0,0
2020-05-01T00:00:00Z,0,0
2020-05-02T00:00:00Z,0,0
2020-05-03T00:00:00Z,0,0
2020-05-04T00:00:00Z,0,0
2020-05-05T00:00:00Z,0,0
2020-05-06T00:00:00Z,0,0
2020-05-07T00:00:00Z,0,0
2020-05-08T00:00:00Z,0,0
2020-05-09T00:00:00Z,0,0
2020-05-10T00:00:00Z,0.0027780416857413003,1.0937171991107483e-4
2020-05-11T00:00:00Z,0,0
2020-05-12T00:00:00Z,0,0
2020-05-13T00:00:00Z,0,0
2020-05-14T00:00:00Z,0,0
2020-05-15T00:00:00Z,0,0
2020-05-16T00:00:00Z,0,0
2020-05-17T00:00:00Z,0,0
2020-05-18T00:00:00Z,0.7253080227953924,0.02855543396832254
2020-05-19T00:00:00Z,2.3283004123319104,0.09166537056424845
2020-05-20T00:00:00Z,0,0
2020-05-21T00:00:00Z,0,0
2020-05-22T00:00:00Z,0,0
2020-05-23T00:00:00Z,0,0
2020-05-24T00:00:00Z,0,0
2020-05-25T00:00:00Z,0,0
2020-05-26T00:00:00Z,0,0
2020-05-27T00:00:00Z,0,0
2020-05-28T00:00:00Z,0,0
2020-05-29T00:00:00Z,0,0
2020-05-30T00:00:00Z,0,0
2020-05-31T00:00:00Z,0,0
2020-06-01T00:00:00Z,0,0
2020-06-02T00:00:00Z,0,0
2020-06-03T00:00:00Z,0,0
2020-06-04T00:00:00Z,0,0
2020-06-05T00:00:00Z,0.0711651562183263,0.0028017778038711143
2020-06-06T00:00:00Z,0.154914234100871,0.00609898559452248
2020-06-07T00:00:00Z,0.007362081609318299,2.8984573265032675e-4
2020-06-08T00:00:00Z,7.351255728576001e-4,2.894195168730709e-5
2020-06-09T00:00:00Z,0,0
2020-06-10T00:00:00Z,0,0
2020-06-11T00:00:00Z,0,0
2020-06-12T00:00:00Z,0,0
2020-06-13T00:00:00Z,0,0
2020-06-14T00:00:00Z,0,0
2020-06-15T00:00:00Z,0,0
2020-06-16T00:00:00Z,0,0
2020-06-17T00:00:00Z,0,0
2020-06-18T00:00:00Z,0,0
2020-06-19T00:00:00Z,0,0
2020-06-20T00:00:00Z,0,0
2020-06-21T00:00:00Z,0,0
2020-06-22T00:00:00Z,0,0
2020-06-23T00:00:00Z,0,0
2020-06-24T00:00:00Z,0,0
2020-06-25T00:00:00Z,0,0
2020-06-26T00:00:00Z,0,0
2020-06-27T00:00:00Z,0,0
2020-06-28T00:00:00Z,0.0021054982221083997,8.289363079166929e-5
2020-06-29T00:00:00Z,0.07730595203295809,0.0030435414186203973
2020-06-30T00:00:00Z,0.0099857013869048,3.931378498781417e-4
2020-07-01T00:00:00Z,0,0
2020-07-02T00:00:00Z,0,0
2020-07-03T00:00:00Z,0,0
2020-07-04T00:00:00Z,0,0
2020-07-05T00:00:00Z,0,0
2020-07-06T00:00:00Z,0,0
2020-07-07T00:00:00Z,0,0
2020-07-08T00:00:00Z,0,0
2020-07-09T00:00:00Z,0,0
2020-07-10T00:00:00Z,0,0
2020-07-11T00:00:00Z,0,0
2020-07-12T00:00:00Z,0,0
2020-07-13T00:00:00Z,0,0
2020-07-14T00:00:00Z,0,0
2020-07-15T00:00:00Z,0,0
2020-07-16T00:00:00Z,0,0
2020-07-17T00:00:00Z,0,0
2020-07-18T00:00:00Z,0,0
2020-07-19T00:00:00Z,0,0
2020-07-20T00:00:00Z,0,0
2020-07-21T00:00:00Z,0,0
2020-07-22T00:00:00Z,0,0
2020-07-23T00:00:00Z,0,0
2020-07-24T00:00:00Z,0,0
2020-07-25T00:00:00Z,0,0
2020-07-26T00:00:00Z,0,0
2020-07-27T00:00:00Z,0,0
2020-07-28T00:00:00Z,0,0
2020-07-29T00:00:00Z,0,0
2020-07-30T00:00:00Z,0,0
2020-07-31T00:00:00Z,0,0
2020-08-01T00:00:00Z,0,0
2020-08-02T00:00:00Z,0,0
2020-08-03T00:00:00Z,0,0
2020-08-04T00:00:00Z,0,0
2020-08-05T00:00:00Z,0,0
2020-08-06T00:00:00Z,0,0
2020-08-07T00:00:00Z,0,0
2020-08-08T00:00:00Z,0,0
2020-08-09T00:00:00Z,0,0
2020-08-10T00:00:00Z,0,0
2020-08-11T00:00:00Z,0,0
2020-08-12T00:00:00Z,0,0
2020-08-13T00:00:00Z,0,0
2020-08-14T00:00:00Z,0,0
2020-08-15T00:00:00Z,0,0
2020-08-16T00:00:00Z,0,0
2020-08-17T00:00:00Z,0,0
2020-08-18T00:00:00Z,0,0
2020-08-19T00:00:00Z,0,0
2020-08-20T00:00:00Z,0,0
2020-08-21T00:00:00Z,0,0
2020-08-22T00:00:00Z,0,0
2020-08-23T00:00:00Z,0,0
2020-08-24T00:00:00Z,0,0
2020-08-25T00:00:00Z,0,0
2020-08-26T00:00:00Z,0,0
2020-08-27T00:00:00Z,0,0
2020-08-28T00:00:00Z,0,0
2020-08-29T00:00:00Z,0,0
2020-08-30T00:00:00Z,0,0
2020-08-31T00:00:00Z,0,0
2020-09-01T00:00:00Z,0,0
2020-09-02T00:00:00Z,0,0
2020-09-03T00:00:00Z,0,0
2020-09-04T00:00:00Z,0,0
2020-09-05T00:00:00Z,0,0
2020-09-06T00:00:00Z,0,0
2020-09-07T00:00:00Z,0,0
2020-09-08T00:00:00Z,0,0
2020-09-09T00:00:00Z,0,0
2020-09-10T00:00:00Z,0,0
2020-09-11T00:00:00Z,0,0
2020-09-12T00:00:00Z,0,0
2020-09-13T00:00:00Z,0,0
2020-09-14T00:00:00Z,0,0
2020-09-15T00:00:00Z,0,0
2020-09-16T00:00:00Z,0,0
2020-09-17T00:00:00Z,0,0
2020-09-18T00:00:00Z,0,0
2020-09-19T00:00:00Z,0,0
2020-09-20T00:00:00Z,0,0
2020-09-21T00:00:00Z,0,0
2020-09-22T00:00:00Z,0,0
2020-09-23T00:00:00Z,0,0
2020-09-24T00:00:00Z,0,0
2020-09-25T00:00:00Z,0,0
2020-09-26T00:00:00Z,0,0
2020-09-27T00:00:00Z,0,0
2020-09-28T00:00:00Z,0,0
2020-09-29T00:00:00Z,0,0
2020-09-30T00:00:00Z,0,0
2020-10-01T00:00:00Z,0,0
2020-10-02T00:00:00Z,0,0
2020-10-03T00:00:00Z,0,0
2020-10-04T00:00:00Z,0,0
2020-10-05T00:00:00Z,0,0
2020-10-06T00:00:00Z,0,0
2020-10-07T00:00:00Z,0,0
2020-10-08T00:00:00Z,0,0
2020-10-09T00:00:00Z,0,0
2020-10-10T00:00:00Z,0,0
2020-10-11T00:00:00Z,0,0
2020-10-12T00:00:00Z,0,0
2020-10-13T00:00:00Z,0,0
2020-10-14T00:00:00Z,0,0
2020-10-15T00:00:00Z,0,0
2020-10-16T00:00:00Z,0,0
2020-10-17T00:00:00Z,0,0
2020-10-18T00:00:00Z,0,0
2020-10-19T00:00:00Z,0,0
2020-10-20T00:00:00Z,0,0
2020-10-21T00:00:00Z,0,0
2020-10-22T00:00:00Z,0.0027780416857413003,1.0937171991107483e-4
2020-10-23T00:00:00Z,0,0
2020-10-24T00:00:00Z,0,0
2020-10-25T00:00:00Z,0.0247103118182236,9.728469219773071e-4
2020-10-26T00:00:00Z,0.008172501702052,3.217520355138583e-4
2020-10-27T00:00:00Z,0,0
2020-10-28T00:00:00Z,0,0
2020-10-29T00:00:00Z,0,0
2020-10-30T00:00:00Z,0,0
2020-10-31T00:00:00Z,0,0
2020-11-01T00:00:00Z,0,0
2020-11-02T00:00:00Z,0,0
2020-11-03T00:00:00Z,0,0
2020-11-04T00:00:00Z,0,0
2020-11-05T00:00:00Z,0,0
2020-11-06T00:00:00Z,0.0038752678055799994,1.5256959864488187e-4
2020-11-07T00:00:00Z,1.0154027527206224,0.03997648632758356
2020-11-08T00:00:00Z,0.942652775251279,0.03711231398627083
2020-11-09T00:00:00Z,0.3627832250767503,0.014282804136879934
2020-11-10T00:00:00Z,0,0
2020-11-11T00:00:00Z,0,0
2020-11-12T00:00:00Z,0,0
2020-11-13T00:00:00Z,0,0
2020-11-14T00:00:00Z,0,0
2020-11-15T00:00:00Z,0,0
2020-11-16T00:00:00Z,0,0
2020-11-17T00:00:00Z,0,0
2020-11-18T00:00:00Z,0.047201431106754,0.0018583240593210235
2020-11-19T00:00:00Z,0,0
2020-11-20T00:00:00Z,0,0
2020-11-21T00:00:00Z,0,0
2020-11-22T00:00:00Z,0,0
2020-11-23T00:00:00Z,0.0075520554030872,2.9732501586957484e-4
2020-11-24T00:00:00Z,0,0
2020-11-25T00:00:00Z,0,0
2020-11-26T00:00:00Z,0,0
2020-11-27T00:00:00Z,0,0
2020-11-28T00:00:00Z,0,0
2020-11-29T00:00:00Z,0,0
2020-11-30T00:00:00Z,0,0
2020-12-01T00:00:00Z,0.047201431106754,0.0018583240593210235
2020-12-02T00:00:00Z,0,0
2020-12-03T00:00:00Z,0,0
2020-12-04T00:00:00Z,0,0
2020-12-05T00:00:00Z,0,0
2020-12-06T00:00:00Z,0,0
2020-12-07T00:00:00Z,0.055348347884284,0.0021790688143418896
2020-12-08T00:00:00Z,0.047201431106754,0.0018583240593210235
2020-12-09T00:00:00Z,0,0
2020-12-10T00:00:00Z,0,0
2020-12-11T00:00:00Z,0,0
2020-12-12T00:00:00Z,0,0
2020-12-13T00:00:00Z,0,0
2020-12-14T00:00:00Z,0.006434150101174001,2.5331299610921264e-4
2020-12-15T00:00:00Z,0,0
2020-12-16T00:00:00Z,0,0
2020-12-17T00:00:00Z,0.0034633098406892998,1.363507811295e-4
2020-12-18T00:00:00Z,0,0
2020-12-19T00:00:00Z,0,0
2020-12-20T00:00:00Z,0,0
2020-12-21T00:00:00Z,0,0
2020-12-22T00:00:00Z,0,0
2020-12-23T00:00:00Z,0,0
2020-12-24T00:00:00Z,0.0625389951218428,0.002462165162277276
2020-12-25T00:00:00Z,0.1546023490800592,0.006086706656695245
2020-12-26T00:00:00Z,0,0
2020-12-27T00:00:00Z,0.12730943833970818,0.005012182611799535
2020-12-28T00:00:00Z,13.341710874517023,0.5252642076581505
2020-12-29T00:00:00Z,8.06044992345246,0.3173405481674197
2020-12-30T00:00:00Z,0.029358179255069998,0.0011558338289397638
2020-12-31T00:00:00Z,0,0
2021-01-01T00:00:00Z,0.001378681109051,5.427878382090552e-5
2021-01-02T00:00:00Z,0.002325160683348,9.154175918692914e-5
2021-01-03T00:00:00Z,0,0
2021-01-04T00:00:00Z,0,0
2021-01-05T00:00:00Z,0,0
2021-01-06T00:00:00Z,0,0
2021-01-07T00:00:00Z,0,0
2021-01-08T00:00:00Z,0,0
2021-01-09T00:00:00Z,0,0
2021-01-10T00:00:00Z,0,0
2021-01-11T00:00:00Z,0,0
2021-01-12T00:00:00Z,0,0
2021-01-13T00:00:00Z,0,0
2021-01-14T00:00:00Z,0,0
2021-01-15T00:00:00Z,0,0
2021-01-16T00:00:00Z,0,0
2021-01-17T00:00:00Z,0,0
2021-01-18T00:00:00Z,0,0
2021-01-19T00:00:00Z,0,0
2021-01-20T00:00:00Z,0.014554294738387,5.730037298577559e-4
2021-01-21T00:00:00Z,0,0
2021-01-22T00:00:00Z,0.002325160683348,9.154175918692914e-5
2021-01-23T00:00:00Z,2.0183827786934354,0.0794638889249384
2021-01-24T00:00:00Z,2.5252852569626056,0.09942067940797661
2021-01-25T00:00:00Z,3.814279086824881,0.15016846798523154
2021-01-26T00:00:00Z,0.087236042419405,0.0034344898590316928
2021-01-27T00:00:00Z,0.0043603696318235,1.716680957410827e-4
2021-01-28T00:00:00Z,2.5965379697349715,0.10222590432027448
2021-01-29T00:00:00Z,17.22258803833424,0.6780546471785135
2021-01-30T00:00:00Z,1.8445517349224123,0.07262014704418947
2021-01-31T00:00:00Z,0.002325160683348,9.154175918692914e-5
2021-02-01T00:00:00Z,0.0192433643299491,7.57612768895634e-4
2021-02-02T00:00:00Z,0.008703527865000501,3.4265857736222446e-4
2021-02-03T00:00:00Z,0,0
2021-02-04T00:00:00Z,0,0
2021-02-05T00:00:00Z,0,0
2021-02-06T00:00:00Z,0,0
2021-02-07T00:00:00Z,0,0
2021-02-08T00:00:00Z,0,0
2021-02-09T00:00:00Z,0,0
2021-02-10T00:00:00Z,0,0
2021-02-11T00:00:00Z,0.0051197389125147,2.0156452411475197e-4
2021-02-12T00:00:00Z,0.572650094121989,0.0225452792961413
2021-02-13T00:00:00Z,0.1741084484816581,0.0068546633260495315
2021-02-14T00:00:00Z,0,0
2021-02-15T00:00:00Z,0,0
2021-02-16T00:00:00Z,0.0380627589241463,0.001498533815911272
2021-02-17T00:00:00Z,0,0
2021-02-18T00:00:00Z,0,0
2021-02-19T00:00:00Z,0,0
2021-02-20T00:00:00Z,0,0
2021-02-21T00:00:00Z,0,0
2021-02-22T00:00:00Z,0,0
2021-02-23T00:00:00Z,0,0
2021-02-24T00:00:00Z,0,0
2021-02-25T00:00:00Z,0,0
2021-02-26T00:00:00Z,0,0
2021-02-27T00:00:00Z,0,0
2021-02-28T00:00:00Z,0,0
2021-03-01T00:00:00Z,0,0
2021-03-02T00:00:00Z,0,0
2021-03-03T00:00:00Z,0.6625655227780344,0.02608525680228482
2021-03-04T00:00:00Z,1.6222255196694344,0.06386714644367852
2021-03-05T00:00:00Z,0,0
2021-03-06T00:00:00Z,0,0
2021-03-07T00:00:00Z,0,0
2021-03-08T00:00:00Z,0.0387814646070226,0.0015268293152371102
2021-03-09T00:00:00Z,0.4991840375314637,0.019652914863443453
2021-03-10T00:00:00Z,6.601620533253079,0.25990632020681415
2021-03-11T00:00:00Z,5.514647862834492,0.21711212058403512
2021-03-12T00:00:00Z,0.6334134093661332,0.02493753580181627
2021-03-13T00:00:00Z,0.21546594207312242,0.00848291110524104
2021-03-14T00:00:00Z,0.1704356142367521,0.006710063552628036
2021-03-15T00:00:00Z,1.4919137288967816,0.058736760980188256
2021-03-16T00:00:00Z,2.441267975383741,0.09611291241668272
2021-03-17T00:00:00Z,0.023251211414164998,9.154020241797244e-4
2021-03-18T00:00:00Z,0,0
2021-03-19T00:00:00Z,0.006186102119364999,2.435473275340551e-4
2021-03-20T00:00:00Z,0.0737765849350957,0.002904589958074634
2021-03-21T00:00:00Z,0.041425418147760504,0.0016309219743212797
2021-03-22T00:00:00Z,0,0
2021-03-23T00:00:00Z,0.025704320875292497,0.0010119811368225393
2021-03-24T00:00:00Z,0,0
2021-03-25T00:00:00Z,0.047201431106754,0.0018583240593210235
2021-03-26T00:00:00Z,0.0642792338384415,0.0025306784975764373
2021-03-27T00:00:00Z,0,0
2021-03-28T00:00:00Z,0,0
2021-03-29T00:00:00Z,0,0
2021-03-30T00:00:00Z,0,0
2021-03-31T00:00:00Z,0,0
2021-04-01T00:00:00Z,0,0
2021-04-02T00:00:00Z,0,0
2021-04-03T00:00:00Z,0,0
2021-04-04T00:00:00Z,0,0
2021-04-05T00:00:00Z,0,0
2021-04-06T00:00:00Z,0.045009225765035,0.0017720167624029528
2021-04-07T00:00:00Z,0.030930510596825,0.0012177366376702756
2021-04-08T00:00:00Z,0.023891153012719997,9.405965753039369e-4
2021-04-09T00:00:00Z,0.0038396495913299994,1.5116730674527557e-4
2021-04-10T00:00:00Z,0.020584788086852497,8.104247278288386e-4
2021-04-11T00:00:00Z,0.001066569330925,4.199091854035433e-5
2021-04-12T00:00:00Z,0.0072960915847296,2.872477001862047e-4
2021-04-13T00:00:00Z,0.0939979145944888,0.003700705298995622
2021-04-14T00:00:00Z,0.1719510317035614,0.006769725657620528
2021-04-15T00:00:00Z,0.0022423426968036,8.828120853557481e-5
2021-04-16T00:00:00Z,0,0
2021-04-17T00:00:00Z,0,0
2021-04-18T00:00:00Z,0,0
2021-04-19T00:00:00Z,0,0
2021-04-20T00:00:00Z,0,0
2021-04-21T00:00:00Z,0.0061068175755096,2.4042588879959054e-4
2021-04-22T00:00:00Z,0.0427381995855241,0.0016826062828946497
2021-04-23T00:00:00Z,0.060195379293544,0.0023698968225804727
2021-04-24T00:00:00Z,0,0
2021-04-25T00:00:00Z,0.0032782601528700004,1.290653603492126e-4
2021-04-26T00:00:00Z,0.0869768641482351,0.0034242859900879964
2021-04-27T00:00:00Z,0.0753970236721582,0.002968386758746386
2021-04-28T00:00:00Z,0,0
2021-04-29T00:00:00Z,0,0
2021-04-30T00:00:00Z,0,0
2021-05-01T00:00:00Z,0,0
2021-05-02T00:00:00Z,0,0
2021-05-03T00:00:00Z,0,0
2021-05-04T00:00:00Z,0,0
2021-05-05T00:00:00Z,0,0
2021-05-06T00:00:00Z,0,0
2021-05-07T00:00:00Z,0,0
2021-05-08T00:00:00Z,0,0
2021-05-09T00:00:00Z,0,0
2021-05-10T00:00:00Z,0,0
2021-05-11T00:00:00Z,0,0
2021-05-12T00:00:00Z,0,0
2021-05-13T00:00:00Z,0,0
2021-05-14T00:00:00Z,0,0
2021-05-15T00:00:00Z,0,0
2021-05-16T00:00:00Z,0.1905856832792438,0.007503373357450544
2021-05-17T00:00:00Z,0.1269287302344631,0.00499719410371902
2021-05-18T00:00:00Z,0,0
2021-05-19T00:00:00Z,7.351255728576001e-4,2.894195168730709e-5
2021-05-20T00:00:00Z,0,0
2021-05-21T00:00:00Z,0,0
2021-05-22T00:00:00Z,0.04710242889219,0.001854426334338189
2021-05-23T00:00:00Z,0,0
2021-05-24T00:00:00Z,0,0
2021-05-25T00:00:00Z,0,0
2021-05-26T00:00:00Z,0,0
2021-05-27T00:00:00Z,0,0
2021-05-28T00:00:00Z,0,0
2021-05-29T00:00:00Z,0,0
2021-05-30T00:00:00Z,0,0
2021-05-31T00:00:00Z,0,0
2021-06-01T00:00:00Z,0,0
2021-06-02T00:00:00Z,0,0
2021-06-03T00:00:00Z,0,0
2021-06-04T00:00:00Z,0,0
2021-06-05T00:00:00Z,0,0
2021-06-06T00:00:00Z,0,0
2021-06-07T00:00:00Z,0,0
2021-06-08T00:00:00Z,0.014920340447975503,5.874149782667521e-4
2021-06-09T00:00:00Z,0,0
2021-06-10T00:00:00Z,0,0
2021-06-11T00:00:00Z,0,0
2021-06-12T00:00:00Z,0,0
2021-06-13T00:00:00Z,0,0
2021-06-14T00:00:00Z,0,0
2021-06-15T00:00:00Z,0,0
2021-06-16T00:00:00Z,0,0
2021-06-17T00:00:00Z,0.012083901907776601,4.75744169597504e-4
2021-06-18T00:00:00Z,0.0072960915847296,2.872477001862047e-4
2021-06-19T00:00:00Z,0,0
2021-06-20T00:00:00Z,0,0
2021-06-21T00:00:00Z,0,0
2021-06-22T00:00:00Z,0,0
2021-06-23T00:00:00Z,0,0
2021-06-24T00:00:00Z,0,0
2021-06-25T00:00:00Z,0,0
2021-06-26T00:00:00Z,0,0
2021-06-27T00:00:00Z,0,0
2021-06-28T00:00:00Z,0,0
2021-06-29T00:00:00Z,0,0
2021-06-30T00:00:00Z,0,0
2021-07-01T00:00:00Z,0,0
2021-07-02T00:00:00Z,0,0
2021-07-03T00:00:00Z,0,0
2021-07-04T00:00:00Z,0,0
2021-07-05T00:00:00Z,0,0
2021-07-06T00:00:00Z,0,0
2021-07-07T00:00:00Z,0,0
2021-07-08T00:00:00Z,0,0
2021-07-09T00:00:00Z,0,0
2021-07-10T00:00:00Z,0,0
2021-07-11T00:00:00Z,0,0
2021-07-12T00:00:00Z,0,0
2021-07-13T00:00:00Z,0.0797856280445359,0.0031411664584462956
2021-07-14T00:00:00Z,0.031870495066857,0.0012547439002699606
2021-07-15T00:00:00Z,4.3114531044e-5,1.6974224820472442e-6
2021-07-16T00:00:00Z,0,0
2021-07-17T00:00:00Z,0,0
2021-07-18T00:00:00Z,0,0
2021-07-19T00:00:00Z,0,0
2021-07-20T00:00:00Z,0,0
2021-07-21T00:00:00Z,0,0
2021-07-22T00:00:00Z,0,0
2021-07-23T00:00:00Z,0,0
2021-07-24T00:00:00Z,0,0
2021-07-25T00:00:00Z,0.0038752678055799994,1.5256959864488187e-4
2021-07-26T00:00:00Z,1.1242360398050193,0.04426126140964643
2021-07-27T00:00:00Z,0.0412868098088493,0.0016254649531043032
2021-07-28T00:00:00Z,0,0
2021-07-29T00:00:00Z,0,0
2021-07-30T00:00:00Z,0,0
2021-07-31T00:00:00Z,0,0
2021-08-01T00:00:00Z,0,0
2021-08-02T00:00:00Z,0,0
2021-08-03T00:00:00Z,0,0
2021-08-04T00:00:00Z,0,0
2021-08-05T00:00:00Z,0,0
2021-08-06T00:00:00Z,0,0
2021-08-07T00:00:00Z,0,0
2021-08-08T00:00:00Z,0.007828847801352,3.0822235438393705e-4
2021-08-09T00:00:00Z,0,0
2021-08-10T00:00:00Z,0,0
2021-08-11T00:00:00Z,0.002522382914024,9.930641393795275e-5
2021-08-12T00:00:00Z,0,0
2021-08-13T00:00:00Z,0,0
2021-08-14T00:00:00Z,0,0
2021-08-15T00:00:00Z,0,0
2021-08-16T00:00:00Z,0,0
2021-08-17T00:00:00Z,0.047201431106754,0.0018583240593210235
2021-08-18T00:00:00Z,0.0228352888119354,8.990271185801339e-4
2021-08-19T00:00:00Z,0.049441934688486996,0.0019465328617514566
2021-08-20T00:00:00Z,7.567148742071999e-4,2.9791924181385825e-5
2021-08-21T00:00:00Z,0.0281102264673578,0.0011067018294235356
2021-08-22T00:00:00Z,0.0232765699791808,9.164003928811339e-4
2021-08-23T00:00:00Z,0,0
2021-08-24T00:00:00Z,0,0
2021-08-25T00:00:00Z,0,0
2021-08-26T00:00:00Z,0,0
2021-08-27T00:00:00Z,0,0
2021-08-28T00:00:00Z,0,0
2021-08-29T00:00:00Z,0,0
2021-08-30T00:00:00Z,0,0
2021-08-31T00:00:00Z,0,0
2021-09-01T00:00:00Z,0,0
2021-09-02T00:00:00Z,0,0
2021-09-03T00:00:00Z,0,0
2021-09-04T00:00:00Z,0,0
2021-09-05T00:00:00Z,0,0
2021-09-06T00:00:00Z,0,0
2021-09-07T00:00:00Z,0,0
2021-09-08T00:00:00Z,0,0
2021-09-09T00:00:00Z,0,0
2021-09-10T00:00:00Z,0.2554974013574081,0.010058952809346777
2021-09-11T00:00:00Z,0,0
2021-09-12T00:00:00Z,0,0
2021-09-13T00:00:00Z,0,0
2021-09-14T00:00:00Z,0,0
2021-09-15T00:00:00Z,0,0
2021-09-16T00:00:00Z,0,0
2021-09-17T00:00:00Z,0.0027360343442736,1.0771788756982678e-4
2021-09-18T00:00:00Z,0,0
2021-09-19T00:00:00Z,0,0
2021-09-20T00:00:00Z,0,0
2021-09-21T00:00:00Z,0,0
2021-09-22T00:00:00Z,0,0
2021-09-23T00:00:00Z,0,0
2021-09-24T00:00:00Z,0,0
2021-09-25T00:00:00Z,0,0
2021-09-26T00:00:00Z,0.03140161926146,0.001236284222892126
2021-09-27T00:00:00Z,0,0
2021-09-28T00:00:00Z,0.003737237828006,1.4713534755929136e-4
2021-09-29T00:00:00Z,0,0
2021-09-30T00:00:00Z,0,0
2021-10-01T00:00:00Z,0,0
2021-10-02T00:00:00Z,0,0
2021-10-03T00:00:00Z,0,0
2021-10-04T00:00:00Z,0.2774694671875732,0.0109239947711643
2021-10-05T00:00:00Z,1.1094627810060873,0.04367963704748375
2021-10-06T00:00:00Z,0,0
2021-10-07T00:00:00Z,0,0
2021-10-08T00:00:00Z,0.3610762717342126,0.01421560124937845
2021-10-09T00:00:00Z,0.11287394935390271,0.004443856273775698
2021-10-10T00:00:00Z,0,0
2021-10-11T00:00:00Z,0,0
2021-10-12T00:00:00Z,0,0
2021-10-13T00:00:00Z,0,0
2021-10-14T00:00:00Z,0,0
2021-10-15T00:00:00Z,0,0
2021-10-16T00:00:00Z,0,0
2021-10-17T00:00:00Z,0.002325160683348,9.154175918692914e-5
2021-10-18T00:00:00Z,0.4588604594498471,0.01806537241928532
2021-10-19T00:00:00Z,0.1322103016110787,0.005205129984688138
2021-10-20T00:00:00Z,0.0031932796472295003,1.2571967115076774e-4
2021-10-21T00:00:00Z,0,0
2021-10-22T00:00:00Z,0,0
2021-10-23T00:00:00Z,0.313985501798279,0.012361633929066102
2021-10-24T00:00:00Z,0.0953944457338928,0.00375568683991704
2021-10-25T00:00:00Z,2.056717365577608,0.08097312462903969
2021-10-26T00:00:00Z,7.211109301785676,0.2839019410151841
2021-10-27T00:00:00Z,0,0
2021-10-28T00:00:00Z,0,0
2021-10-29T00:00:00Z,0,0
2021-10-30T00:00:00Z,0,0
2021-10-31T00:00:00Z,0,0
2021-11-01T00:00:00Z,0,0
2021-11-02T00:00:00Z,0,0
2021-11-03T00:00:00Z,0,0
2021-11-04T00:00:00Z,0,0
2021-11-05T00:00:00Z,0,0
2021-11-06T00:00:00Z,0,0
2021-11-07T00:00:00Z,0,0
2021-11-08T00:00:00Z,0,0
2021-11-09T00:00:00Z,0,0
2021-11-10T00:00:00Z,0.0032900531923960004,1.2952965324393702e-4
2021-11-11T00:00:00Z,0,0
2021-11-12T00:00:00Z,0,0
2021-11-13T00:00:00Z,0,0
2021-11-14T00:00:00Z,0,0
2021-11-15T00:00:00Z,0,0
2021-11-16T00:00:00Z,0,0
2021-11-17T00:00:00Z,0,0
2021-11-18T00:00:00Z,0,0
2021-11-19T00:00:00Z,0,0
2021-11-20T00:00:00Z,0.0019669818416133,7.744022998477559e-5
2021-11-21T00:00:00Z,0,0
2021-11-22T00:00:00Z,0,0
2021-11-23T00:00:00Z,0,0
2021-11-24T00:00:00Z,0,0
2021-11-25T00:00:00Z,0,0
2021-11-26T00:00:00Z,0,0
2021-11-27T00:00:00Z,0,0
2021-11-28T00:00:00Z,0,0
2021-11-29T00:00:00Z,0,0
2021-11-30T00:00:00Z,0,0
2021-12-01T00:00:00Z,0.011341983298051198,4.465347755138267e-4
2021-12-02T00:00:00Z,0,0
2021-12-03T00:00:00Z,0,0
2021-12-04T00:00:00Z,0,0
2021-12-05T00:00:00Z,0,0
2021-12-06T00:00:00Z,0.015195435207022701,5.98245480591445e-4
2021-12-07T00:00:00Z,0.3941926140559716,0.015519394254172111
2021-12-08T00:00:00Z,0.039192175080340695,0.001542999018911051
2021-12-09T00:00:00Z,0.9674744936838964,0.03808954699542899
2021-12-10T00:00:00Z,1.6647969794601036,0.06554318816772062
2021-12-11T00:00:00Z,0,0
2021-12-12T00:00:00Z,0,0
2021-12-13T00:00:00Z,0.2761426744301925,0.010871758835834352
2021-12-14T00:00:00Z,18.714042997408946,0.736773346354683
2021-12-15T00:00:00Z,11.098156734305958,0.4369353045002346
2021-12-16T00:00:00Z,0.2807624637247659,0.011053640304124642
2021-12-17T00:00:00Z,0.525580606386377,0.020692149857731382
2021-12-18T00:00:00Z,0.025728305723044798,0.0010129254221671181
2021-12-19T00:00:00Z,0,0
2021-12-20T00:00:00Z,0.002450418576192,9.647317229102363e-5
2021-12-21T00:00:00Z,0.1639633757214324,0.006455251012654819
2021-12-22T00:00:00Z,0.016748800264208198,6.594015852050472e-4
2021-12-23T00:00:00Z,6.0375075705224575,0.23769714844576606
2021-12-24T00:00:00Z,23.70063297458466,0.9330957864009709
2021-12-25T00:00:00Z,2.0888863545215237,0.08223962025675291
2021-12-26T00:00:00Z,5.898827726851751,0.2322373120807776
2021-12-27T00:00:00Z,0.9694910044748838,0.038168937184050546
2021-12-28T00:00:00Z,2.866447738350123,0.11285227316339067
2021-12-29T00:00:00Z,5.188950764906212,0.20428940019315797
2021-12-30T00:00:00Z,30.889974399449777,1.2161407243877866
2021-12-31T00:00:00Z,9.955027506319977,0.3919302167842511
2022-01-01T00:00:00Z,0.0039284052200871,1.5466162283807482e-4
2022-01-02T00:00:00Z,0,0
2022-01-03T00:00:00Z,0,0
2022-01-04T00:00:00Z,0,0
2022-01-05T00:00:00Z,0,0
2022-01-06T00:00:00Z,0,0
2022-01-07T00:00:00Z,0.0061081672917045,2.4047902723246066e-4
2022-01-08T00:00:00Z,0,0
2022-01-09T00:00:00Z,0,0
2022-01-10T00:00:00Z,0,0
2022-01-11T00:00:00Z,0,0
2022-01-12T00:00:00Z,0,0
2022-01-13T00:00:00Z,0,0
2022-01-14T00:00:00Z,0,0
2022-01-15T00:00:00Z,0.028968625278612097,0.0011404970582130746
2022-01-16T00:00:00Z,0.09933809449316651,0.00391094860209317
2022-01-17T00:00:00Z,0.5142631286009017,0.020246579866177235
2022-01-18T00:00:00Z,1.3234991040233801,0.05210626393792835
2022-01-19T00:00:00Z,0.008446061737866,3.3252211566401577e-4
2022-01-20T00:00:00Z,0,0
2022-01-21T00:00:00Z,0,0
2022-01-22T00:00:00Z,0,0
2022-01-23T00:00:00Z,0,0
2022-01-24T00:00:00Z,0,0
2022-01-25T00:00:00Z,0,0
2022-01-26T00:00:00Z,0,0
2022-01-27T00:00:00Z,0,0
2022-01-28T00:00:00Z,0,0
2022-01-29T00:00:00Z,0,0
2022-01-30T00:00:00Z,0,0
2022-01-31T00:00:00Z,0,0
2022-02-01T00:00:00Z,0,0
2022-02-02T00:00:00Z,0,0
2022-02-03T00:00:00Z,0,0
2022-02-04T00:00:00Z,0,0
2022-02-05T00:00:00Z,0,0
2022-02-06T00:00:00Z,0,0
2022-02-07T00:00:00Z,0,0
2022-02-08T00:00:00Z,0,0
2022-02-09T00:00:00Z,0,0
2022-02-10T00:00:00Z,0,0
2022-02-11T00:00:00Z,0,0
2022-02-12T00:00:00Z,0,0
2022-02-13T00:00:00Z,0,0
2022-02-14T00:00:00Z,0,0
2022-02-15T00:00:00Z,0.08105938854512951,0.003191314509650768
2022-02-16T00:00:00Z,0.9485741183839155,0.037345437731650215
2022-02-17T00:00:00Z,0.003091567363863,1.2171525054578741e-4
2022-02-18T00:00:00Z,0,0
2022-02-19T00:00:00Z,0,0
2022-02-20T00:00:00Z,0,0
2022-02-21T00:00:00Z,0,0
2022-02-22T00:00:00Z,0.4081608566084351,0.016069325063324216
2022-02-23T00:00:00Z,0.2196344544337862,0.008647025765109694
2022-02-24T00:00:00Z,0.0042071261836191,1.6563488911886223e-4
2022-02-25T00:00:00Z,0,0
2022-02-26T00:00:00Z,0,0
2022-02-27T00:00:00Z,0,0
2022-02-28T00:00:00Z,0,0
2022-03-01T00:00:00Z,0,0
2022-03-02T00:00:00Z,0,0
2022-03-03T00:00:00Z,0.11524177764691021,0.0045370778601145755
2022-03-04T00:00:00Z,0.5073496104539651,0.019974394112360832
2022-03-05T00:00:00Z,0.2163082819498336,0.008516074092513135
2022-03-06T00:00:00Z,0.48529123790949236,0.01910595424840521
2022-03-07T00:00:00Z,0,0
2022-03-08T00:00:00Z,0,0
2022-03-09T00:00:00Z,0,0
2022-03-10T00:00:00Z,0,0
2022-03-11T00:00:00Z,0,0
2022-03-12T00:00:00Z,0,0
2022-03-13T00:00:00Z,0,0
2022-03-14T00:00:00Z,0,0
2022-03-15T00:00:00Z,0,0
2022-03-16T00:00:00Z,0,0
2022-03-17T00:00:00Z,0,0
2022-03-18T00:00:00Z,0,0
2022-03-19T00:00:00Z,0.12411589225303518,0.004886452450906897
2022-03-20T00:00:00Z,0.49186516072004716,0.019364770107088473
2022-03-21T00:00:00Z,0,0
2022-03-22T00:00:00Z,0,0
2022-03-23T00:00:00Z,0,0
2022-03-24T00:00:00Z,0,0
2022-03-25T00:00:00Z,0,0
2022-03-26T00:00:00Z,0,0
2022-03-27T00:00:00Z,0,0
2022-03-28T00:00:00Z,4.808584520411003,0.1893143511972836
2022-03-29T00:00:00Z,13.865204069538455,0.5458741759660809
2022-03-30T00:00:00Z,0,0
2022-03-31T00:00:00Z,0.0496188783652838,0.0019534991482395197
2022-04-01T00:00:00Z,0.008715614869083201,3.4313444366469297e-4
2022-04-02T00:00:00Z,0.0091899607850165,3.618094797250591e-4
2022-04-03T00:00:00Z,0.012156520122711598,4.786031544374645e-4
2022-04-04T00:00:00Z,0,0
2022-04-05T00:00:00Z,0,0
2022-04-06T00:00:00Z,0,0
2022-04-07T00:00:00Z,0,0
2022-04-08T00:00:00Z,0,0
2022-04-09T00:00:00Z,0,0
2022-04-10T00:00:00Z,0,0
2022-04-11T00:00:00Z,0.0055139764710099,2.1708568783503543e-4
2022-04-12T00:00:00Z,0.0828131951214749,0.0032603620126564923
2022-04-13T00:00:00Z,0,0
2022-04-14T00:00:00Z,0,0
2022-04-15T00:00:00Z,0,0
2022-04-16T00:00:00Z,0,0
2022-04-17T00:00:00Z,0.0068724121730391,2.705674083873662e-4
2022-04-18T00:00:00Z,0,0
2022-04-19T00:00:00Z,0,0
2022-04-20T00:00:00Z,0,0
2022-04-21T00:00:00Z,0.5935015354649182,0.0233662021836582
2022-04-22T00:00:00Z,4.196358303558968,0.16521095683303025
2022-04-23T00:00:00Z,0,0
2022-04-24T00:00:00Z,0,0
2022-04-25T00:00:00Z,0,0
2022-04-26T00:00:00Z,0,0
2022-04-27T00:00:00Z,0,0
2022-04-28T00:00:00Z,0.006102832757508001,2.402690062011024e-4
2022-04-29T00:00:00Z,0.0022423426968036,8.828120853557481e-5
2022-04-30T00:00:00Z,0,0
2022-05-01T00:00:00Z,0,0
2022-05-02T00:00:00Z,0,0
2022-05-03T00:00:00Z,0,0
2022-05-04T00:00:00Z,0,0
2022-05-05T00:00:00Z,0,0
2022-05-06T00:00:00Z,0,0
2022-05-07T00:00:00Z,0,0
2022-05-08T00:00:00Z,0.051167984483116505,0.002014487578075453
2022-05-09T00:00:00Z,0.013157723606443999,5.180206144269292e-4
2022-05-10T00:00:00Z,0,0
2022-05-11T00:00:00Z,0,0
2022-05-12T00:00:00Z,0,0
2022-05-13T00:00:00Z,0,0
2022-05-14T00:00:00Z,0,0
2022-05-15T00:00:00Z,0,0
2022-05-16T00:00:00Z,0,0
2022-05-17T00:00:00Z,0,0
2022-05-18T00:00:00Z,0,0
2022-05-19T00:00:00Z,0.006200428488928,2.44111357831811e-4
2022-05-20T00:00:00Z,0.2608155353446127,0.01026832816317373
2022-05-21T00:00:00Z,0.1826244169183934,0.007189937673952497
2022-05-22T00:00:00Z,0,0
2022-05-23T00:00:00Z,0,0
2022-05-24T00:00:00Z,0,0
2022-05-25T00:00:00Z,0,0
2022-05-26T00:00:00Z,0,0
2022-05-27T00:00:00Z,0,0
2022-05-28T00:00:00Z,0,0
2022-05-29T00:00:00Z,0,0
2022-05-30T00:00:00Z,0,0
2022-05-31T00:00:00Z,0,0
2022-06-01T00:00:00Z,0,0
2022-06-02T00:00:00Z,0,0
2022-06-03T00:00:00Z,0,0
2022-06-04T00:00:00Z,0,0
2022-06-05T00:00:00Z,0,0
2022-06-06T00:00:00Z,0,0
2022-06-07T00:00:00Z,0,0
2022-06-08T00:00:00Z,0,0
2022-06-09T00:00:00Z,0,0
2022-06-10T00:00:00Z,0,0
2022-06-11T00:00:00Z,0,0
2022-06-12T00:00:00Z,0,0
2022-06-13T00:00:00Z,0.0340057496437854,0.0013388090410939135
2022-06-14T00:00:00Z,0.0098449252184672,3.8759548104201576e-4
2022-06-15T00:00:00Z,0,0
2022-06-16T00:00:00Z,0,0
2022-06-17T00:00:00Z,0.0027780416857413003,1.0937171991107483e-4
2022-06-18T00:00:00Z,0,0
2022-06-19T00:00:00Z,0,0
2022-06-20T00:00:00Z,0,0
2022-06-21T00:00:00Z,0.0038752678055799994,1.5256959864488187e-4
2022-06-22T00:00:00Z,0.40222197669345655,0.01583551089344317
2022-06-23T00:00:00Z,0.33943270539934833,0.013363492338557022
2022-06-24T00:00:00Z,0,0
2022-06-25T00:00:00Z,0,0
2022-06-26T00:00:00Z,0,0
2022-06-27T00:00:00Z,0,0
2022-06-28T00:00:00Z,0,0
2022-06-29T00:00:00Z,0,0
2022-06-30T00:00:00Z,0,0
2022-07-01T00:00:00Z,0,0
2022-07-02T00:00:00Z,0,0
2022-07-03T00:00:00Z,0,0
2022-07-04T00:00:00Z,0,0
2022-07-05T00:00:00Z,0,0
2022-07-06T00:00:00Z,0,0
2022-07-07T00:00:00Z,0,0
2022-07-08T00:00:00Z,0,0
2022-07-09T00:00:00Z,0,0
2022-07-10T00:00:00Z,0,0
2022-07-11T00:00:00Z,0,0
2022-07-12T00:00:00Z,0,0
2022-07-13T00:00:00Z,0,0
2022-07-14T00:00:00Z,0,0
2022-07-15T00:00:00Z,0,0
2022-07-16T00:00:00Z,0,0
2022-07-17T00:00:00Z,0,0
2022-07-18T00:00:00Z,0,0
2022-07-19T00:00:00Z,0,0
2022-07-20T00:00:00Z,0,0
2022-07-21T00:00:00Z,0,0
2022-07-22T00:00:00Z,0,0
2022-07-23T00:00:00Z,0,0
2022-07-24T00:00:00Z,0,0
2022-07-25T00:00:00Z,0,0
2022-07-26T00:00:00Z,0,0
2022-07-27T00:00:00Z,0,0
2022-07-28T00:00:00Z,0,0
2022-07-29T00:00:00Z,0,0
2022-07-30T00:00:00Z,0,0
2022-07-31T00:00:00Z,0,0
2022-08-01T00:00:00Z,0,0
2022-08-02T00:00:00Z,0,0
2022-08-03T00:00:00Z,0,0
2022-08-04T00:00:00Z,0,0
2022-08-05T00:00:00Z,0,0
2022-08-06T00:00:00Z,0,0
2022-08-07T00:00:00Z,0,0
2022-08-08T00:00:00Z,0,0
2022-08-09T00:00:00Z,0,0
2022-08-10T00:00:00Z,0,0
2022-08-11T00:00:00Z,0,0
2022-08-12T00:00:00Z,0,0
2022-08-13T00:00:00Z,0,0
2022-08-14T00:00:00Z,0,0
2022-08-15T00:00:00Z,0,0
2022-08-16T00:00:00Z,0,0
2022-08-17T00:00:00Z,0,0
2022-08-18T00:00:00Z,0,0
2022-08-19T00:00:00Z,0,0
2022-08-20T00:00:00Z,0,0
2022-08-21T00:00:00Z,0,0
2022-08-22T00:00:00Z,0,0
2022-08-23T00:00:00Z,0,0
2022-08-24T00:00:00Z,0,0
2022-08-25T00:00:00Z,0,0
2022-08-26T00:00:00Z,0,0
2022-08-27T00:00:00Z,0,0
2022-08-28T00:00:00Z,0,0
2022-08-29T00:00:00Z,0,0
2022-08-30T00:00:00Z,0,0
2022-08-31T00:00:00Z,0,0
2022-09-01T00:00:00Z,0,0
2022-09-02T00:00:00Z,0,0
2022-09-03T00:00:00Z,0,0
2022-09-04T00:00:00Z,0.12177789195994222,0.0047944051952733165
2022-09-05T00:00:00Z,0.1313919360620429,0.005172910868584367
2022-09-06T00:00:00Z,0,0
2022-09-07T00:00:00Z,0,0
2022-09-08T00:00:00Z,0.0014235133364718,5.604383214455906e-5
2022-09-09T00:00:00Z,0.5156404796599193,0.020300806285823595
2022-09-10T00:00:00Z,1.9311031277304587,0.07602768219411254
2022-09-11T00:00:00Z,0.0993270035265372,0.00391051194986367
2022-09-12T00:00:00Z,1.1404480196445328,0.04489952833246192
2022-09-13T00:00:00Z,0.0118563867989043,4.66786881846626e-4
2022-09-14T00:00:00Z,0,0
2022-09-15T00:00:00Z,0,0
2022-09-16T00:00:00Z,0,0
2022-09-17T00:00:00Z,0.010613179308221,4.178417050480709e-4
2022-09-18T00:00:00Z,0.0192750873472389,7.588617065842087e-4
2022-09-19T00:00:00Z,0,0
2022-09-20T00:00:00Z,0,0
2022-09-21T00:00:00Z,0,0
2022-09-22T00:00:00Z,0,0
2022-09-23T00:00:00Z,0,0
2022-09-24T00:00:00Z,0,0
2022-09-25T00:00:00Z,0,0
2022-09-26T00:00:00Z,0,0
2022-09-27T00:00:00Z,0,0
2022-09-28T00:00:00Z,0,0
2022-09-29T00:00:00Z,0,0
2022-09-30T00:00:00Z,0,0
2022-10-01T00:00:00Z,0,0
2022-10-02T00:00:00Z,0,0
2022-10-03T00:00:00Z,0,0
2022-10-04T00:00:00Z,0,0
2022-10-05T00:00:00Z,0,0
2022-10-06T00:00:00Z,0,0
2022-10-07T00:00:00Z,0,0
2022-10-08T00:00:00Z,0,0
2022-10-09T00:00:00Z,0.0186104465634545,7.326947465926969e-4
2022-10-10T00:00:00Z,0,0
2022-10-11T00:00:00Z,0.0497817985901941,0.0019599133303226024
2022-10-12T00:00:00Z,0.6094205856153793,0.023992936441550365
2022-10-13T00:00:00Z,0.31548562151986903,0.012420693760624766
2022-10-14T00:00:00Z,0.0531528823328594,0.002092633162711
2022-10-15T00:00:00Z,0.5150674352755924,0.02027824548329104
2022-10-16T00:00:00Z,0.7509370258615016,0.02956444983706699
2022-10-17T00:00:00Z,0.1133641774687932,0.0044631565932595745
2022-10-18T00:00:00Z,0,0
2022-10-19T00:00:00Z,0,0
2022-10-20T00:00:00Z,0,0
2022-10-21T00:00:00Z,0,0
2022-10-22T00:00:00Z,0.028778775415970098,0.0011330226541720512
2022-10-23T00:00:00Z,0.650590841544566,0.025613812659234885
2022-10-24T00:00:00Z,0.009420485778437999,3.708852668676378e-4
2022-10-25T00:00:00Z,0,0
2022-10-26T00:00:00Z,0,0
2022-10-27T00:00:00Z,0.001225209288096,4.823658614551182e-5
2022-10-28T00:00:00Z,0,0
2022-10-29T00:00:00Z,0,0
2022-10-30T00:00:00Z,0,0
2022-10-31T00:00:00Z,0,0
2022-11-01T00:00:00Z,0.0933326265261967,0.003674512855362075
2022-11-02T00:00:00Z,2.6856636688632385,0.10573479011272593
2022-11-03T00:00:00Z,0.7979048526051089,0.031413576874216885
2022-11-04T00:00:00Z,0,0
2022-11-05T00:00:00Z,0,0
2022-11-06T00:00:00Z,0.011625803416739999,4.5770879593464564e-4
2022-11-07T00:00:00Z,0.9173666456171834,0.03611679707154265
2022-11-08T00:00:00Z,16.764217709205482,0.6600085712285624
2022-11-09T00:00:00Z,8.870676564010555,0.34923923480356517
2022-11-10T00:00:00Z,0,0
2022-11-11T00:00:00Z,0,0
2022-11-12T00:00:00Z,0,0
2022-11-13T00:00:00Z,0,0
2022-11-14T00:00:00Z,0,0
2022-11-15T00:00:00Z,0,0
2022-11-16T00:00:00Z,0,0
2022-11-17T00:00:00Z,0,0
2022-11-18T00:00:00Z,0,0
2022-11-19T00:00:00Z,0,0
2022-11-20T00:00:00Z,0,0
2022-11-21T00:00:00Z,0,0
2022-11-22T00:00:00Z,0,0
2022-11-23T00:00:00Z,0,0
2022-11-24T00:00:00Z,0,0
2022-11-25T00:00:00Z,0,0
2022-11-26T00:00:00Z,0,0
2022-11-27T00:00:00Z,0,0
2022-11-28T00:00:00Z,0,0
2022-11-29T00:00:00Z,0.0240264946188431,9.45924984993823e-4
2022-11-30T00:00:00Z,0,0
2022-12-01T00:00:00Z,0.028054736637038204,0.001104517190434575
2022-12-02T00:00:00Z,1.3438110549473659,0.05290594704517189
2022-12-03T00:00:00Z,0.5127240032155267,0.020185984378564045
2022-12-04T00:00:00Z,0.177921716289269,0.007004791979892481
2022-12-05T00:00:00Z,0.4292770403489234,0.016900670879878874
2022-12-06T00:00:00Z,0.0241349537571862,9.501950298104804e-4
2022-12-07T00:00:00Z,0.017970906080361303,7.075159874157993e-4
2022-12-08T00:00:00Z,0,0
2022-12-09T00:00:00Z,0.0043035638413116,1.6943164729573228e-4
2022-12-10T00:00:00Z,0.47630212804596506,0.018752052285274216
2022-12-11T00:00:00Z,20.964743856646614,0.8253836164034101
2022-12-12T00:00:00Z,5.872462303802844,0.23119930329932456
2022-12-13T00:00:00Z,0.20827137805223672,0.008199660553237667
2022-12-14T00:00:00Z,0,0
2022-12-15T00:00:00Z,0,0
2022-12-16T00:00:00Z,0,0
2022-12-17T00:00:00Z,0.0012477290418881999,4.9123190625519686e-5
2022-12-18T00:00:00Z,0,0
2022-12-19T00:00:00Z,0,0
2022-12-20T00:00:00Z,0,0
2022-12-21T00:00:00Z,0,0
2022-12-22T00:00:00Z,0,0
2022-12-23T00:00:00Z,0,0
2022-12-24T00:00:00Z,0,0
2022-12-25T00:00:00Z,0,0
2022-12-26T00:00:00Z,0.0049283854156693,1.940309218767441e-4
2022-12-27T00:00:00Z,1.5206204650125927,0.059866947441440665
2022-12-28T00:00:00Z,4.039416901928741,0.15903216149325752
2022-12-29T00:00:00Z,0.5662388084394379,0.022292866473993617
2022-12-30T00:00:00Z,0.5632582974044409,0.02217552351985988
2022-12-31T00:00:00Z,5.045340400517594,0.19863544883927536
2023-01-01T00:00:00Z,16.910859975363675,0.6657818887938455
2023-01-02T00:00:00Z,1.222160074043995,0.048116538348188784
2023-01-03T00:00:00Z,2.5486968715520844,0.1003423965177986
2023-01-04T00:00:00Z,4.549586590204624,0.17911758229152067
2023-01-05T00:00:00Z,18.946631946633435,0.7459303915997416
2023-01-06T00:00:00Z,6.432055021114496,0.253230512642303
2023-01-07T00:00:00Z,0.054524139859548,0.0021466196795097638
2023-01-08T00:00:00Z,0.010075696294508,3.9668095647669294e-4
2023-01-09T00:00:00Z,6.041179502513268,0.23784171269737278
2023-01-10T00:00:00Z,38.260432460925486,1.5063162386191138
2023-01-11T00:00:00Z,6.407578651158749,0.252266876029872
2023-01-12T00:00:00Z,0.0186102265564515,7.326860848996654e-4
2023-01-13T00:00:00Z,0,0
2023-01-14T00:00:00Z,8.088500854344803,0.31844491552538595
2023-01-15T00:00:00Z,16.683696797783863,0.656838456605664
2023-01-16T00:00:00Z,10.997581931608917,0.4329756665987763
2023-01-17T00:00:00Z,0.8035487960028608,0.03163577937019137
2023-01-18T00:00:00Z,7.344870878889e-4,2.891681448381496e-5
2023-01-19T00:00:00Z,0.030037578988226198,0.0011825818499301654
2023-01-20T00:00:00Z,0.22545881527703648,0.008876331310119548
2023-01-21T00:00:00Z,0,0
2023-01-22T00:00:00Z,0,0
2023-01-23T00:00:00Z,0,0
2023-01-24T00:00:00Z,0,0
2023-01-25T00:00:00Z,0,0
2023-01-26T00:00:00Z,0,0
2023-01-27T00:00:00Z,0,0
2023-01-28T00:00:00Z,0,0
2023-01-29T00:00:00Z,0.9888980592905607,0.0389329944602583
2023-01-30T00:00:00Z,5.541839431989535,0.21818265480273763
2023-01-31T00:00:00Z,0.3027716333061641,0.011920143043549767
2023-02-01T00:00:00Z,0,0
2023-02-02T00:00:00Z,0,0
2023-02-03T00:00:00Z,0,0
2023-02-04T00:00:00Z,0.0038752678055799994,1.5256959864488187e-4
2023-02-05T00:00:00Z,0.389458259812275,0.015333002354813977
2023-02-06T00:00:00Z,0.022274834811353998,8.769620004470079e-4
2023-02-07T00:00:00Z,0,0
2023-02-08T00:00:00Z,0,0
2023-02-09T00:00:00Z,0,0
2023-02-10T00:00:00Z,0,0
2023-02-11T00:00:00Z,0,0
2023-02-12T00:00:00Z,0,0
2023-02-13T00:00:00Z,0,0
2023-02-14T00:00:00Z,0.09090354318331109,0.003578879652886264
2023-02-15T00:00:00Z,0.023764552884758,9.356123182975592e-4
2023-02-16T00:00:00Z,0,0
2023-02-17T00:00:00Z,0,0
2023-02-18T00:00:00Z,0,0
2023-02-19T00:00:00Z,0,0
2023-02-20T00:00:00Z,0,0
2023-02-21T00:00:00Z,0,0
2023-02-22T00:00:00Z,0.3725550534060751,0.014667521787640752
2023-02-23T00:00:00Z,1.7226707320205912,0.0678216823630154
2023-02-24T00:00:00Z,16.692184778180042,0.6571726290622064
2023-02-25T00:00:00Z,43.550985976492036,1.7146057471059857
2023-02-26T00:00:00Z,7.879234126732044,0.31020606798157657
2023-02-27T00:00:00Z,1.4043185965914917,0.05528813372407448
2023-02-28T00:00:00Z,6.401395691698616,0.25202345242907936
2023-03-01T00:00:00Z,12.67912322600222,0.49917807976386697
2023-03-02T00:00:00Z,0.1970118150867875,0.00775637067270817
2023-03-03T00:00:00Z,0,0
2023-03-04T00:00:00Z,0,0
2023-03-05T00:00:00Z,0.2273647311519193,0.0089513673681858
2023-03-06T00:00:00Z,0.8098647358169396,0.03188443841798975
2023-03-07T00:00:00Z,0,0
2023-03-08T00:00:00Z,0,0
2023-03-09T00:00:00Z,0.025576767516827997,0.0010069593510562205
2023-03-10T00:00:00Z,5.109078841163838,0.20114483626629287
2023-03-11T00:00:00Z,9.468254173610616,0.3727659123468747
2023-03-12T00:00:00Z,0.3257790203046771,0.012825945681286501
2023-03-13T00:00:00Z,0.07207471036241889,0.002837587022142476
2023-03-14T00:00:00Z,5.747059043464119,0.2262621670655165
2023-03-15T00:00:00Z,31.557918646783474,1.2424377419993495
2023-03-16T00:00:00Z,2.044562608244149,0.08049459087575389
2023-03-17T00:00:00Z,0.08816568056589019,0.0034710897860586692
2023-03-18T00:00:00Z,0.006164810274678,2.4270906593220473e-4
2023-03-19T00:00:00Z,0.2208078035366051,0.008693220611677367
2023-03-20T00:00:00Z,1.7563713538823371,0.06914847849930461
2023-03-21T00:00:00Z,10.564619006847156,0.4159298821593369
2023-03-22T00:00:00Z,17.856458388820112,0.7030101727881934
2023-03-23T00:00:00Z,5.3692070196272415,0.21138610313493078
2023-03-24T00:00:00Z,0.35327664538578707,0.01390852934589713
2023-03-25T00:00:00Z,0,0
2023-03-26T00:00:00Z,0,0
2023-03-27T00:00:00Z,0,0
2023-03-28T00:00:00Z,0.011625803416739999,4.5770879593464564e-4
2023-03-29T00:00:00Z,5.970413178178969,0.2350556369361799
2023-03-30T00:00:00Z,8.094348517699252,0.31867513849209655
2023-03-31T00:00:00Z,0.5588116431873674,0.022000458393203443
2023-04-01T00:00:00Z,0.020584788086852497,8.104247278288386e-4
2023-04-02T00:00:00Z,0,0
2023-04-03T00:00:00Z,0.12814561809811248,0.005045103074728838
2023-04-04T00:00:00Z,0.2196698855022991,0.008648420689066894
2023-04-05T00:00:00Z,0,0
2023-04-06T00:00:00Z,0,0
2023-04-07T00:00:00Z,0,0
2023-04-08T00:00:00Z,0,0
2023-04-09T00:00:00Z,0,0
2023-04-10T00:00:00Z,0,0
2023-04-11T00:00:00Z,0,0
2023-04-12T00:00:00Z,0.069847002121009,0.002749881973268071
2023-04-13T00:00:00Z,1.480954619810584,0.058305299992542685
2023-04-14T00:00:00Z,1.5668800594292942,0.06168819131611395
2023-04-15T00:00:00Z,0.0507105599444714,0.001996478737971315
2023-04-16T00:00:00Z,0,0
2023-04-17T00:00:00Z,0,0
2023-04-18T00:00:00Z,0,0
2023-04-19T00:00:00Z,0,0
2023-04-20T00:00:00Z,0,0
2023-04-21T00:00:00Z,0,0
2023-04-22T00:00:00Z,0,0
2023-04-23T00:00:00Z,0,0
2023-04-24T00:00:00Z,0,0
2023-04-25T00:00:00Z,0,0
2023-04-26T00:00:00Z,0.0022423426968036,8.828120853557481e-5
2023-04-27T00:00:00Z,0,0
2023-04-28T00:00:00Z,0,0
2023-04-29T00:00:00Z,0,0
2023-04-30T00:00:00Z,0.008431978258857598,3.3196764798651965e-4
2023-05-01T00:00:00Z,0.6489026143317733,0.02554734702093596
2023-05-02T00:00:00Z,0.6334594227623168,0.02493934735284712
2023-05-03T00:00:00Z,0.23620275551657038,0.009299321083329544
2023-05-04T00:00:00Z,8.999902754566902,0.35432688010105917
2023-05-05T00:00:00Z,2.3907467965135,0.09412388962651576
2023-05-06T00:00:00Z,0.1756666363454926,0.006916009304940653
2023-05-07T00:00:00Z,0,0
2023-05-08T00:00:00Z,0,0
2023-05-09T00:00:00Z,0,0
2023-05-10T00:00:00Z,0,0
2023-05-11T00:00:00Z,0,0
2023-05-12T00:00:00Z,0,0
2023-05-13T00:00:00Z,0,0
2023-05-14T00:00:00Z,0,0
2023-05-15T00:00:00Z,0,0
2023-05-16T00:00:00Z,0,0
2023-05-17T00:00:00Z,0,0
2023-05-18T00:00:00Z,0,0
2023-05-19T00:00:00Z,0,0
2023-05-20T00:00:00Z,0.0011373197113083,4.4776366586940944e-5
2023-05-21T00:00:00Z,0.03544418786110949,0.0013954404669728148
2023-05-22T00:00:00Z,0.004220693535528499,1.661690368318307e-4
2023-05-23T00:00:00Z,0.1552733938226638,0.006113125741049757
2023-05-24T00:00:00Z,0.16623410899590021,0.0065446499604685125
2023-05-25T00:00:00Z,0.1058248944439916,0.004166334426928803
2023-05-26T00:00:00Z,0.0045658175662846,1.797565970978189e-4
2023-05-27T00:00:00Z,0,0
2023-05-28T00:00:00Z,0,0
2023-05-29T00:00:00Z,0.0210580874908743,8.290585626328465e-4
2023-05-30T00:00:00Z,0.0101549728663269,3.998020813514528e-4
2023-05-31T00:00:00Z,7.351255728576001e-4,2.894195168730709e-5
2023-06-01T00:00:00Z,0.1681984201231399,0.006621985044218107
2023-06-02T00:00:00Z,0.0221476294969745,8.719539172037205e-4
2023-06-03T00:00:00Z,0,0
2023-06-04T00:00:00Z,0.0151165942486682,5.951415058530787e-4
2023-06-05T00:00:00Z,0.0063674679544029,2.5068771474027167e-4
2023-06-06T00:00:00Z,0.1446104287574416,0.005693323966828409
2023-06-07T00:00:00Z,0.06528585004793849,0.0025703090570054527
2023-06-08T00:00:00Z,0,0
2023-06-09T00:00:00Z,0,0
2023-06-10T00:00:00Z,0.007338577646269299,2.889203797743819e-4
2023-06-11T00:00:00Z,0.6177672354611057,0.02432154470319314
2023-06-12T00:00:00Z,0.7213546834674005,0.028399790687692935
2023-06-13T00:00:00Z,0.0113263416676049,4.459189632915315e-4
2023-06-14T00:00:00Z,0.0070802146660130984,2.787486088981535e-4
2023-06-15T00:00:00Z,0.0805872602732485,0.0031727267824113586
2023-06-16T00:00:00Z,0.009591452450723001,3.77616238217441e-4
2023-06-17T00:00:00Z,0,0
2023-06-18T00:00:00Z,0,0
2023-06-19T00:00:00Z,0,0
2023-06-20T00:00:00Z,0,0
2023-06-21T00:00:00Z,0,0
2023-06-22T00:00:00Z,0,0
2023-06-23T00:00:00Z,0,0
2023-06-24T00:00:00Z,0,0
2023-06-25T00:00:00Z,0,0
2023-06-26T00:00:00Z,0,0
2023-06-27T00:00:00Z,0,0
2023-06-28T00:00:00Z,0,0
2023-06-29T00:00:00Z,0,0
2023-06-30T00:00:00Z,0,0
2023-07-01T00:00:00Z,0,0
2023-07-02T00:00:00Z,0,0
2023-07-03T00:00:00Z,0,0
2023-07-04T00:00:00Z,0,0
2023-07-05T00:00:00Z,0,0
2023-07-06T00:00:00Z,0,0
2023-07-07T00:00:00Z,0,0
2023-07-08T00:00:00Z,0,0
2023-07-09T00:00:00Z,0,0
2023-07-10T00:00:00Z,0,0
2023-07-11T00:00:00Z,0,0
2023-07-12T00:00:00Z,0,0
2023-07-13T00:00:00Z,0,0
2023-07-14T00:00:00Z,0,0
2023-07-15T00:00:00Z,0,0
2023-07-16T00:00:00Z,0,0
2023-07-17T00:00:00Z,0,0
2023-07-18T00:00:00Z,0,0
2023-07-19T00:00:00Z,0,0
2023-07-20T00:00:00Z,0,0
2023-07-21T00:00:00Z,0,0
2023-07-22T00:00:00Z,0,0
2023-07-23T00:00:00Z,0,0
2023-07-24T00:00:00Z,0,0
2023-07-25T00:00:00Z,0,0
2023-07-26T00:00:00Z,0,0
2023-07-27T00:00:00Z,0,0
2023-07-28T00:00:00Z,0,0
2023-07-29T00:00:00Z,0,0
2023-07-30T00:00:00Z,0,0
2023-07-31T00:00:00Z,0,0
2023-08-01T00:00:00Z,0,0
2023-08-02T00:00:00Z,0,0
2023-08-03T00:00:00Z,0,0
2023-08-04T00:00:00Z,0,0
2023-08-05T00:00:00Z,0,0
2023-08-06T00:00:00Z,0,0
2023-08-07T00:00:00Z,0,0
2023-08-08T00:00:00Z,0,0
2023-08-09T00:00:00Z,0,0
2023-08-10T00:00:00Z,0.0581816436554745,0.0022906158919478153
2023-08-11T00:00:00Z,0.0113732855111346,4.4776714610766146e-4
2023-08-12T00:00:00Z,0,0
2023-08-13T00:00:00Z,0,0
2023-08-14T00:00:00Z,0,0
2023-08-15T00:00:00Z,0,0
2023-08-16T00:00:00Z,0.10990972763093061,0.004327154631139001
2023-08-17T00:00:00Z,0,0
2023-08-18T00:00:00Z,0,0
2023-08-19T00:00:00Z,0,0
2023-08-20T00:00:00Z,11.528349216840349,0.45387201641103736
2023-08-21T00:00:00Z,47.38697186161545,1.8656288134494272
2023-08-22T00:00:00Z,0.9989042656137459,0.03932693959109236
2023-08-23T00:00:00Z,0,0
2023-08-24T00:00:00Z,0.002935817925507,1.1558338289397638e-4
2023-08-25T00:00:00Z,0,0
2023-08-26T00:00:00Z,0,0
2023-08-27T00:00:00Z,0,0
2023-08-28T00:00:00Z,0,0
2023-08-29T00:00:00Z,0,0
2023-08-30T00:00:00Z,0,0
2023-08-31T00:00:00Z,0,0
2023-09-01T00:00:00Z,0.1310228529497302,0.005158380037390953
2023-09-02T00:00:00Z,1.4510011833364853,0.05712603084001911
2023-09-03T00:00:00Z,0.5850642938543461,0.02303402731710024
2023-09-04T00:00:00Z,0,0
2023-09-05T00:00:00Z,0,0
2023-09-06T00:00:00Z,0,0
2023-09-07T00:00:00Z,0.024465149379224997,9.631948574498031e-4
2023-09-08T00:00:00Z,0,0
2023-09-09T00:00:00Z,0,0
2023-09-10T00:00:00Z,0.2028828229007543,0.007987512712628122
2023-09-11T00:00:00Z,0.0260165943293491,0.0010242753672972088
2023-09-12T00:00:00Z,0,0
2023-09-13T00:00:00Z,0,0
2023-09-14T00:00:00Z,7.351255728576001e-4,2.894195168730709e-5
2023-09-15T00:00:00Z,0,0
2023-09-16T00:00:00Z,0.0029296051530746,1.1533878555411812e-4
2023-09-17T00:00:00Z,0.1209571994823025,0.004762094467807186
2023-09-18T00:00:00Z,0.025144386581549598,9.899364795885668e-4
2023-09-19T00:00:00Z,0,0
2023-09-20T00:00:00Z,0.0677466061291258,0.002667189217682118
2023-09-21T00:00:00Z,0.0027360343442736,1.0771788756982678e-4
2023-09-22T00:00:00Z,0,0
2023-09-23T00:00:00Z,0,0
2023-09-24T00:00:00Z,0,0
2023-09-25T00:00:00Z,0,0
2023-09-26T00:00:00Z,0,0
2023-09-27T00:00:00Z,0,0
2023-09-28T00:00:00Z,0,0
2023-09-29T00:00:00Z,0,0
2023-09-30T00:00:00Z,0.0617266045190231,0.0024301812802765
2023-10-01T00:00:00Z,1.2879089784199595,0.050705077890549594
2023-10-02T00:00:00Z,0.024616347178371002,9.691475267075198e-4
2023-10-03T00:00:00Z,0,0
2023-10-04T00:00:00Z,0,0
2023-10-05T00:00:00Z,0,0
2023-10-06T00:00:00Z,0,0
2023-10-07T00:00:00Z,0.004923269435674201,1.9382950534150398e-4
2023-10-08T00:00:00Z,0,0
2023-10-09T00:00:00Z,0,0
2023-10-10T00:00:00Z,0,0
2023-10-11T00:00:00Z,0.0022423426968036,8.828120853557481e-5
2023-10-12T00:00:00Z,0,0
2023-10-13T00:00:00Z,0,0
2023-10-14T00:00:00Z,0,0
2023-10-15T00:00:00Z,0,0
2023-10-16T00:00:00Z,0,0
2023-10-17T00:00:00Z,0,0
2023-10-18T00:00:00Z,0,0
2023-10-19T00:00:00Z,0,0
2023-10-20T00:00:00Z,0,0
2023-10-21T00:00:00Z,0,0
2023-10-22T00:00:00Z,0,0
2023-10-23T00:00:00Z,0.022140806997399898,8.716853148582638e-4
2023-10-24T00:00:00Z,0,0
2023-10-25T00:00:00Z,0.0686642893144282,0.002703318476945992
2023-10-26T00:00:00Z,0.1750842282421114,0.0068930798520516305
2023-10-27T00:00:00Z,0,0
2023-10-28T00:00:00Z,0,0
2023-10-29T00:00:00Z,0,0
2023-10-30T00:00:00Z,0,0
2023-10-31T00:00:00Z,0,0
2023-11-01T00:00:00Z,0,0
2023-11-02T00:00:00Z,0,0
2023-11-03T00:00:00Z,0,0
2023-11-04T00:00:00Z,0,0
2023-11-05T00:00:00Z,0,0
2023-11-06T00:00:00Z,0,0
2023-11-07T00:00:00Z,0,0
2023-11-08T00:00:00Z,0,0
2023-11-09T00:00:00Z,0,0
2023-11-10T00:00:00Z,0,0
2023-11-11T00:00:00Z,0,0
2023-11-12T00:00:00Z,0,0
2023-11-13T00:00:00Z,0,0
2023-11-14T00:00:00Z,0,0
2023-11-15T00:00:00Z,1.3508143234537457,0.05318166627770653
2023-11-16T00:00:00Z,6.549073520977825,0.2578375401959774
2023-11-17T00:00:00Z,0.037956874943274696,0.0014943651552470354
2023-11-18T00:00:00Z,0.6461778619979117,0.025440073307004398
2023-11-19T00:00:00Z,0.5269991755262547,0.020747999036466725
2023-11-20T00:00:00Z,7.351255728576001e-4,2.894195168730709e-5
2023-11-21T00:00:00Z,0,0
2023-11-22T00:00:00Z,0,0
2023-11-23T00:00:00Z,0,0
2023-11-24T00:00:00Z,0,0
2023-11-25T00:00:00Z,0.0364758148878776,0.0014360557042471496
2023-11-26T00:00:00Z,0,0
2023-11-27T00:00:00Z,0,0
2023-11-28T00:00:00Z,0,0
2023-11-29T00:00:00Z,0.0038752678055799994,1.5256959864488187e-4
2023-11-30T00:00:00Z,0.0473688950643021,0.0018649171285158308
2023-12-01T00:00:00Z,0.0027780416857413003,1.0937171991107483e-4
2023-12-02T00:00:00Z,0,0
2023-12-03T00:00:00Z,0,0
2023-12-04T00:00:00Z,0,0
2023-12-05T00:00:00Z,0,0
2023-12-06T00:00:00Z,0,0
2023-12-07T00:00:00Z,0,0
2023-12-08T00:00:00Z,0,0
2023-12-09T00:00:00Z,0,0
2023-12-10T00:00:00Z,0,0
2023-12-11T00:00:00Z,0,0
2023-12-12T00:00:00Z,0,0
2023-12-13T00:00:00Z,0,0
2023-12-14T00:00:00Z,0,0
2023-12-15T00:00:00Z,0,0
2023-12-16T00:00:00Z,0,0
2023-12-17T00:00:00Z,0,0
2023-12-18T00:00:00Z,0.021284324690928,8.379655390129134e-4
2023-12-19T00:00:00Z,1.2694825035546786,0.04997962612419995
2023-12-20T00:00:00Z,5.742440716556808,0.2260803431715279
2023-12-21T00:00:00Z,14.835084896866231,0.5840584605065445
2023-12-22T00:00:00Z,9.789315122466864,0.3854061071837348
2023-12-23T00:00:00Z,0.8907940070452565,0.035070630198632144
2023-12-24T00:00:00Z,0,0
2023-12-25T00:00:00Z,0,0
2023-12-26T00:00:00Z,7.351255728576001e-4,2.894195168730709e-5
2023-12-27T00:00:00Z,0,0
2023-12-28T00:00:00Z,0.150481888935048,0.005924483816340472
2023-12-29T00:00:00Z,0.051946656891781996,0.0020451439721174015
2023-12-30T00:00:00Z,6.357074705563633,0.25027853171510367
2023-12-31T00:00:00Z,1.2633389428282342,0.049737753654654895
2024-01-01T00:00:00Z,0.0258373005608379,0.0010172165575133031
2024-01-02T00:00:00Z,0.1034752549648736,0.004073828935624945
2024-01-03T00:00:00Z,4.037244723004178,0.15894664263795977
2024-01-04T00:00:00Z,0.2017072710358979,0.007941231143145587
2024-01-05T00:00:00Z,0,0
2024-01-06T00:00:00Z,0,0
2024-01-07T00:00:00Z,0.0330410560584313,0.0013008289786783978
2024-01-08T00:00:00Z,0,0
2024-01-09T00:00:00Z,0,0
2024-01-10T00:00:00Z,0,0
2024-01-11T00:00:00Z,0,0
2024-01-12T00:00:00Z,0,0
2024-01-13T00:00:00Z,0,0
2024-01-14T00:00:00Z,0,0
2024-01-15T00:00:00Z,7.344870878889e-4,2.891681448381496e-5
2024-01-16T00:00:00Z,0,0
2024-01-17T00:00:00Z,0.0039053816339299995,1.5375518243818895e-4
2024-01-18T00:00:00Z,0.016454710281592903,6.478232394327915e-4
2024-01-19T00:00:00Z,0.1888410578225784,0.007434687315849544
2024-01-20T00:00:00Z,1.907934419012505,0.07511552830757894
2024-01-21T00:00:00Z,5.0782311548012435,0.1999303604252458
2024-01-22T00:00:00Z,11.796564117302527,0.4644316581615168
2024-01-23T00:00:00Z,5.070502579400572,0.19962608580317215
2024-01-24T00:00:00Z,0.0320042801484829,0.0012600110294678309
2024-01-25T00:00:00Z,0.6609152827531818,0.026020286722566212
2024-01-26T00:00:00Z,0.1034632857979944,0.004073357708582457
2024-01-27T00:00:00Z,0.0088791314332235,3.495721036702166e-4
2024-01-28T00:00:00Z,0,0
2024-01-29T00:00:00Z,0,0
2024-01-30T00:00:00Z,0,0
2024-01-31T00:00:00Z,0,0
2024-02-01T00:00:00Z,17.65508319976511,0.6950820157387838
2024-02-02T00:00:00Z,6.718661593855957,0.26451423597858104
2024-02-03T00:00:00Z,0.652386312217451,0.02568450048100201
2024-02-04T00:00:00Z,10.723581250834165,0.42218823822181756
2024-02-05T00:00:00Z,61.593075434816726,2.424924229717194
2024-02-06T00:00:00Z,33.15510269853994,1.3053190038795253
2024-02-07T00:00:00Z,12.73390749510347,0.5013349407521052
2024-02-08T00:00:00Z,7.2784323012785395,0.28655245280624175
2024-02-09T00:00:00Z,0.636398410617592,0.025055055536125668
2024-02-10T00:00:00Z,0.0087125457930513,3.4301361389965754e-4
2024-02-11T00:00:00Z,0,0
2024-02-12T00:00:00Z,0,0
2024-02-13T00:00:00Z,0,0
2024-02-14T00:00:00Z,0,0
2024-02-15T00:00:00Z,0,0
2024-02-16T00:00:00Z,0,0
2024-02-17T00:00:00Z,0.014226497795198101,5.60098338393626e-4
2024-02-18T00:00:00Z,0.2180645667794347,0.008585219164544673
2024-02-19T00:00:00Z,7.946529222464176,0.312855481199377
2024-02-20T00:00:00Z,15.597133213532512,0.6140603627375005
2024-02-21T00:00:00Z,17.4089106922604,0.6853901847346614
2024-02-22T00:00:00Z,0.041590240071310305,0.0016374110264295396
2024-02-23T00:00:00Z,0,0
2024-02-24T00:00:00Z,0,0
2024-02-25T00:00:00Z,0,0
2024-02-26T00:00:00Z,0.3393508085580656,0.01336026805346715
2024-02-27T00:00:00Z,1.1940014017599574,0.04700792920314793
2024-02-28T00:00:00Z,0.0074067278939469,2.9160346039161023e-4
2024-02-29T00:00:00Z,0.017132096242127103,6.744919780365001e-4
2024-03-01T00:00:00Z,0.2906304752025471,0.011442144693013665
2024-03-02T00:00:00Z,8.302938937852613,0.3268873597579769
2024-03-03T00:00:00Z,3.707306352768028,0.1459569430223633
2024-03-04T00:00:00Z,0.1324440827688254,0.005214333967276591
2024-03-05T00:00:00Z,0,0
2024-03-06T00:00:00Z,2.656943865704847,0.10460408920097823
2024-03-07T00:00:00Z,6.435499908921197,0.2533661381465038
2024-03-08T00:00:00Z,1.2250740050461029,0.04823126004118516
2024-03-09T00:00:00Z,6.893405545255e-4,2.713939191045276e-5
2024-03-10T00:00:00Z,0,0
2024-03-11T00:00:00Z,0,0
2024-03-12T00:00:00Z,0,0
2024-03-13T00:00:00Z,0.009130942814331,3.5948593757208664e-4
2024-03-14T00:00:00Z,0,0
2024-03-15T00:00:00Z,0.0051197389125147,2.0156452411475197e-4
2024-03-16T00:00:00Z,0.2890235826568151,0.011378881206961225
2024-03-17T00:00:00Z,7.344870878889e-4,2.891681448381496e-5
2024-03-18T00:00:00Z,0.030987393906645698,0.0012199761380569172
2024-03-19T00:00:00Z,0.6690023199736056,0.026338674014708883
2024-03-20T00:00:00Z,0,0
2024-03-21T00:00:00Z,0,0
2024-03-22T00:00:00Z,0,0
2024-03-23T00:00:00Z,1.5732793596473151,0.06194013226957934
2024-03-24T00:00:00Z,2.311856752408246,0.0910179823782774
2024-03-25T00:00:00Z,0.74618858120127185,0.029377503196900467
2024-03-26T00:00:00Z,0,0
2024-03-27T00:00:00Z,0,0
2024-03-28T00:00:00Z,0,0
2024-03-29T00:00:00Z,0.6492198669268274,0.02555983728058376
2024-03-30T00:00:00Z,20.55849623419249,0.8093896155193894
2024-03-31T00:00:00Z,12.857514009972082,0.5062013389752789
2024-04-01T00:00:00Z,1.112999669058284,0.04381888460859386
2024-04-02T00:00:00Z,0,0
2024-04-03T00:00:00Z,0,0
2024-04-04T00:00:00Z,0.0299561335464682,0.001179375336475126
2024-04-05T00:00:00Z,1.3996467282419467,0.055104201899289246
2024-04-06T00:00:00Z,0.618850820513616,0.024364205532032127
2024-04-07T00:00:00Z,0,0
2024-04-08T00:00:00Z,0,0
2024-04-09T00:00:00Z,0,0
2024-04-10T00:00:00Z,0,0
2024-04-11T00:00:00Z,0,0
2024-04-12T00:00:00Z,0,0
2024-04-13T00:00:00Z,1.0024700827109518,0.03946732609098236
2024-04-14T00:00:00Z,5.64538337098278,0.22225918783396775
2024-04-15T00:00:00Z,4.0515985861371515,0.1595117553597304
2024-04-16T00:00:00Z,0.006885842848035001,2.7109617511948827e-4
2024-04-17T00:00:00Z,0,0
2024-04-18T00:00:00Z,0,0
2024-04-19T00:00:00Z,0,0
2024-04-20T00:00:00Z,0,0
2024-04-21T00:00:00Z,0,0
2024-04-22T00:00:00Z,0,0
2024-04-23T00:00:00Z,0.1010050566763645,0.00397657703450254
2024-04-24T00:00:00Z,0.017818735283405503,7.01525011157697e-4
2024-04-25T00:00:00Z,0.033046352616847505,0.0013010375046002955
2024-04-26T00:00:00Z,0.050781585391615404,0.0019992750154179295
2024-04-27T00:00:00Z,0.019283766906344698,7.592034215096338e-4
2024-04-28T00:00:00Z,0,0
2024-04-29T00:00:00Z,0,0
2024-04-30T00:00:00Z,0,0
2024-05-01T00:00:00Z,0.0059795805248096,2.3541655609486616e-4
2024-05-02T00:00:00Z,0,0
2024-05-03T00:00:00Z,0.0019828546147458,7.806514231282677e-5
2024-05-04T00:00:00Z,0.0187087098189052,7.365633786970552e-4
2024-05-05T00:00:00Z,2.9358571215830884,0.11558492604657829
2024-05-06T00:00:00Z,0,0
2024-05-07T00:00:00Z,0,0
2024-05-08T00:00:00Z,0,0
2024-05-09T00:00:00Z,0,0
2024-05-10T00:00:00Z,0,0
2024-05-11T00:00:00Z,0,0
2024-05-12T00:00:00Z,0,0
2024-05-13T00:00:00Z,0,0
2024-05-14T00:00:00Z,0,0
2024-05-15T00:00:00Z,0,0
2024-05-16T00:00:00Z,0.0171413941638402,6.748580379464646e-4
2024-05-17T00:00:00Z,0,0
2024-05-18T00:00:00Z,0.00978605975169,3.8527794297992126e-4
2024-05-19T00:00:00Z,0,0
2024-05-20T00:00:00Z,0.0055139764710099,2.1708568783503543e-4
2024-05-21T00:00:00Z,0.0126326432545422,4.973481596276457e-4
2024-05-22T00:00:00Z,0,0
2024-05-23T00:00:00Z,0,0
2024-05-24T00:00:00Z,0.0306742660347346,0.0012076482690840393
2024-05-25T00:00:00Z,0.0718739396937802,0.0028296826651094567
2024-05-26T00:00:00Z,0.018261885628662,7.189718751441733e-4
2024-05-27T00:00:00Z,0,0
2024-05-28T00:00:00Z,0,0
2024-05-29T00:00:00Z,0,0
2024-05-30T00:00:00Z,0,0
2024-05-31T00:00:00Z,0,0
2024-06-01T00:00:00Z,0,0
2024-06-02T00:00:00Z,0,0
2024-06-03T00:00:00Z,0,0
2024-06-04T00:00:00Z,0,0
2024-06-05T00:00:00Z,0,0
2024-06-06T00:00:00Z,0.0075520554030872,2.9732501586957484e-4
2024-06-07T00:00:00Z,5.805237114144e-4,2.2855264228913388e-5
2024-06-08T00:00:00Z,0,0
2024-06-09T00:00:00Z,0.0045991903387362,1.8107048577701575e-4
2024-06-10T00:00:00Z,0.0046300694762355,1.8228619985179138e-4
2024-06-11T00:00:00Z,0,0
2024-06-12T00:00:00Z,0,0
2024-06-13T00:00:00Z,0,0
2024-06-14T00:00:00Z,0,0
2024-06-15T00:00:00Z,0,0
2024-06-16T00:00:00Z,0,0
2024-06-17T00:00:00Z,0,0
2024-06-18T00:00:00Z,0,0
2024-06-19T00:00:00Z,0,0
2024-06-20T00:00:00Z,0,0
2024-06-21T00:00:00Z,0,0
2024-06-22T00:00:00Z,0,0
2024-06-23T00:00:00Z,0,0
2024-06-24T00:00:00Z,0,0
2024-06-25T00:00:00Z,0,0
2024-06-26T00:00:00Z,0,0
2024-06-27T00:00:00Z,0,0
2024-06-28T00:00:00Z,0,0
2024-06-29T00:00:00Z,0,0
2024-06-30T00:00:00Z,0,0
2024-07-01T00:00:00Z,0,0
2024-07-02T00:00:00Z,0,0
2024-07-03T00:00:00Z,0,0
2024-07-04T00:00:00Z,0,0
2024-07-05T00:00:00Z,0,0
2024-07-06T00:00:00Z,0,0
2024-07-07T00:00:00Z,0,0
2024-07-08T00:00:00Z,0,0
2024-07-09T00:00:00Z,0,0
2024-07-10T00:00:00Z,0,0
2024-07-11T00:00:00Z,7.567148742071999e-4,2.9791924181385825e-5
2024-07-12T00:00:00Z,0.013328656234083,5.247502454363386e-4
2024-07-13T00:00:00Z,0.006200428488928,2.44111357831811e-4
2024-07-14T00:00:00Z,0.20468725338754878,0.008058553282974362
2024-07-15T00:00:00Z,0,0
2024-07-16T00:00:00Z,0,0
2024-07-17T00:00:00Z,0,0
2024-07-18T00:00:00Z,0,0
2024-07-19T00:00:00Z,0,0
2024-07-20T00:00:00Z,0,0
2024-07-21T00:00:00Z,0,0
2024-07-22T00:00:00Z,0,0
2024-07-23T00:00:00Z,0,0
2024-07-24T00:00:00Z,0,0
2024-07-25T00:00:00Z,0,0
2024-07-26T00:00:00Z,0,0
2024-07-27T00:00:00Z,0,0
2024-07-28T00:00:00Z,0,0
2024-07-29T00:00:00Z,0,0
2024-07-30T00:00:00Z,0,0
2024-07-31T00:00:00Z,0,0
2024-08-01T00:00:00Z,0,0
2024-08-02T00:00:00Z,0,0
2024-08-03T00:00:00Z,0,0
2024-08-04T00:00:00Z,0,0
2024-08-05T00:00:00Z,0,0
2024-08-06T00:00:00Z,0,0
2024-08-07T00:00:00Z,0,0
2024-08-08T00:00:00Z,0,0
2024-08-09T00:00:00Z,0,0
2024-08-10T00:00:00Z,0,0
2024-08-11T00:00:00Z,0,0
2024-08-12T00:00:00Z,0,0
2024-08-13T00:00:00Z,0,0
2024-08-14T00:00:00Z,0,0
2024-08-15T00:00:00Z,0,0
2024-08-16T00:00:00Z,0,0
2024-08-17T00:00:00Z,0,0
2024-08-18T00:00:00Z,0,0
2024-08-19T00:00:00Z,0,0
2024-08-20T00:00:00Z,0,0
2024-08-21T00:00:00Z,0,0
2024-08-22T00:00:00Z,0,0
2024-08-23T00:00:00Z,0,0
2024-08-24T00:00:00Z,0,0
2024-08-25T00:00:00Z,0,0
2024-08-26T00:00:00Z,0,0
2024-08-27T00:00:00Z,0,0
2024-08-28T00:00:00Z,0,0
2024-08-29T00:00:00Z,0,0
2024-08-30T00:00:00Z,0,0
2024-08-31T00:00:00Z,0,0
2024-09-01T00:00:00Z,0,0
2024-09-02T00:00:00Z,0,0
2024-09-03T00:00:00Z,0,0
2024-09-04T00:00:00Z,0,0
2024-09-05T00:00:00Z,0,0
2024-09-06T00:00:00Z,0,0
2024-09-07T00:00:00Z,0,0
2024-09-08T00:00:00Z,0,0
2024-09-09T00:00:00Z,0,0
2024-09-10T00:00:00Z,0,0
2024-09-11T00:00:00Z,0,0
2024-09-12T00:00:00Z,0,0
2024-09-13T00:00:00Z,0,0
2024-09-14T00:00:00Z,0,0
2024-09-15T00:00:00Z,0,0
2024-09-16T00:00:00Z,0.0044717249158949,1.7605216204310628e-4
2024-09-17T00:00:00Z,0.0316170314637448,0.0012447650182576696
2024-09-18T00:00:00Z,0,0
2024-09-19T00:00:00Z,0.014621294048945998,5.756414979899999e-4
2024-09-20T00:00:00Z,5.805237114144e-4,2.2855264228913388e-5
2024-09-21T00:00:00Z,0,0
2024-09-22T00:00:00Z,0,0
2024-09-23T00:00:00Z,0,0
2024-09-24T00:00:00Z,0,0
2024-09-25T00:00:00Z,0,0
2024-09-26T00:00:00Z,0,0
2024-09-27T00:00:00Z,0,0
2024-09-28T00:00:00Z,0,0
2024-09-29T00:00:00Z,0,0
2024-09-30T00:00:00Z,0,0
2024-10-01T00:00:00Z,0,0
2024-10-02T00:00:00Z,0,0
2024-10-03T00:00:00Z,0,0
2024-10-04T00:00:00Z,0,0
2024-10-05T00:00:00Z,0,0
2024-10-06T00:00:00Z,0,0
2024-10-07T00:00:00Z,0,0
2024-10-08T00:00:00Z,0,0
2024-10-09T00:00:00Z,0,0
2024-10-10T00:00:00Z,0,0
2024-10-11T00:00:00Z,7.567148742071999e-4,2.9791924181385825e-5
2024-10-12T00:00:00Z,0,0
2024-10-13T00:00:00Z,0,0
2024-10-14T00:00:00Z,0,0
2024-10-15T00:00:00Z,0,0
2024-10-16T00:00:00Z,0,0
2024-10-17T00:00:00Z,0.0751836601504598,0.0029599866200968428
2024-10-18T00:00:00Z,0.0273839396363574,0.0010781078596991103
2024-10-19T00:00:00Z,0,0
2024-10-20T00:00:00Z,0,0
2024-10-21T00:00:00Z,0,0
2024-10-22T00:00:00Z,0,0
2024-10-23T00:00:00Z,0.004923269435674201,1.9382950534150398e-4
2024-10-24T00:00:00Z,0.004923269435674201,1.9382950534150398e-4
2024-10-25T00:00:00Z,0.008205449059457,3.2304917556917324e-4
2024-10-26T00:00:00Z,0,0
2024-10-27T00:00:00Z,0,0
2024-10-28T00:00:00Z,0,0
2024-10-29T00:00:00Z,1.0279586108136642,0.04047081144935686
2024-10-30T00:00:00Z,0,0
2024-10-31T00:00:00Z,0,0
2024-11-01T00:00:00Z,0,0
2024-11-02T00:00:00Z,0.0821906244464902,0.0032358513561610313
2024-11-03T00:00:00Z,0.058665296948782496,0.0023096573601882873
2024-11-04T00:00:00Z,0,0
2024-11-05T00:00:00Z,0,0
2024-11-06T00:00:00Z,0,0
2024-11-07T00:00:00Z,0,0
2024-11-08T00:00:00Z,0,0
2024-11-09T00:00:00Z,0,0
2024-11-10T00:00:00Z,0,0
2024-11-11T00:00:00Z,0,0
2024-11-12T00:00:00Z,0,0
2024-11-13T00:00:00Z,0,0
2024-11-14T00:00:00Z,0,0
2024-11-15T00:00:00Z,0.0891459247373671,0.0035096820762742956
2024-11-16T00:00:00Z,0.19803739094861822,0.00779674767514245
2024-11-17T00:00:00Z,0,0
2024-11-18T00:00:00Z,0,0
2024-11-19T00:00:00Z,4.136043327153e-4,1.6283635146271653e-5
2024-11-20T00:00:00Z,0,0
2024-11-21T00:00:00Z,0,0
2024-11-22T00:00:00Z,0,0
2024-11-23T00:00:00Z,0.025911183606996402,0.0010201253388581262
2024-11-24T00:00:00Z,0.44767908446897664,0.017625160805865223
2024-11-25T00:00:00Z,0.051178967160920394,0.0020149199669653698
2024-11-26T00:00:00Z,0.072809346674858,0.002866509711608583
2024-11-27T00:00:00Z,0.4153844161308421,0.016353717170505596
2024-11-28T00:00:00Z,0.0101130400692405,3.981511838283662e-4
2024-11-29T00:00:00Z,0,0
2024-11-30T00:00:00Z,0,0
2024-12-01T00:00:00Z,0,0
2024-12-02T00:00:00Z,0,0
2024-12-03T00:00:00Z,0,0
2024-12-04T00:00:00Z,0.010075696294508,3.9668095647669294e-4
2024-12-05T00:00:00Z,0,0
2024-12-06T00:00:00Z,0,0
2024-12-07T00:00:00Z,0,0
2024-12-08T00:00:00Z,0,0
2024-12-09T00:00:00Z,0,0
2024-12-10T00:00:00Z,4.136043327153e-4,1.6283635146271653e-5
2024-12-11T00:00:00Z,0,0
2024-12-12T00:00:00Z,0.008968028977789,3.5307200699956695e-4
2024-12-13T00:00:00Z,0.0156060991884216,6.144133538748661e-4
2024-12-14T00:00:00Z,0,0
2024-12-15T00:00:00Z,0,0
2024-12-16T00:00:00Z,0,0
2024-12-17T00:00:00Z,0,0
2024-12-18T00:00:00Z,0,0
2024-12-19T00:00:00Z,0.004923269435674201,1.9382950534150398e-4
2024-12-20T00:00:00Z,0,0
2024-12-21T00:00:00Z,0.0030562493264580004,1.2032477663220475e-4
2024-12-22T00:00:00Z,0,0
2024-12-23T00:00:00Z,0,0
2024-12-24T00:00:00Z,0.0580368189662588,0.002284914132529874
2024-12-25T00:00:00Z,0.15064212846034922,0.005930792459068867
2024-12-26T00:00:00Z,0,0
2024-12-27T00:00:00Z,0.050077810499666996,0.0019715673425065748
2024-12-28T00:00:00Z,0.0751236230377757,0.002957622954243138
2024-12-29T00:00:00Z,0.009229071828393,3.633492845824016e-4
2024-12-30T00:00:00Z,0.0071237036999160005,2.804607755872441e-4
2024-12-31T00:00:00Z,0.002343228980358,9.225310946291338e-5
