"subbasin","deluid","deluname","lutype","acrea_ac","slsur","lsur"
6682,1000,"Road_Freeway-All-All-All",1,3.674765,0.01,100
6682,2000,"Road_Primary-All-All-All",1,3.724146,0.01,100
6682,3000,"Road_Minor-All-All-All",1,0.960994,0.02,100
6682,4000,"Dev_ResHigh-All-All-All",1,0.014252,0.01,100
6682,5000,"Dev_ResLow-All-All-All",1,36.779711,0.12,100
6682,6000,"Dev_Com-All-All-All",1,0.109205,0.01,100
6682,7000,"Dev_Ind-All-All-All",1,0,0.01,100
6682,8000,"Dev_Inst-All-All-All",1,5.32626,0.01,100
6682,9000,"Dev_Roof-All-All-All",1,5.472187,0.01,100
6682,10000,"Dev_Overspray-All-All-All",1,0.811186,0.12,100
6682,11111,"Dev_Irrigated-A-Low-Confined",2,0,0.01,400
6682,11112,"Dev_Irrigated-A-Low-Unconfined",2,0,0.01,400
6682,11121,"Dev_Irrigated-A-Med-Confined",2,0,0.01,300
6682,11122,"Dev_Irrigated-A-Med-Unconfined",2,0,0.01,300
6682,11211,"Dev_Irrigated-B-Low-Confined",2,0,0.01,400
6682,11212,"Dev_Irrigated-B-Low-Unconfined",2,3.502858,0.02,400
6682,11221,"Dev_Irrigated-B-Med-Confined",2,0,0.01,300
6682,11222,"Dev_Irrigated-B-Med-Unconfined",2,0,0.05,300
6682,11311,"Dev_Irrigated-C-Low-Confined",2,0,0.01,400
6682,11312,"Dev_Irrigated-C-Low-Unconfined",2,0,0.01,400
6682,11321,"Dev_Irrigated-C-Med-Confined",2,0,0.01,300
6682,11322,"Dev_Irrigated-C-Med-Unconfined",2,0,0.01,300
6682,11411,"Dev_Irrigated-D-Low-Confined",2,0,0.01,400
6682,11412,"Dev_Irrigated-D-Low-Unconfined",2,12.716172,0.01,400
6682,11421,"Dev_Irrigated-D-Med-Confined",2,0,0.01,300
6682,11422,"Dev_Irrigated-D-Med-Unconfined",2,0.004695,0.39,300
6682,12111,"Dev_Pervious-A-Low-Confined",2,0,0.01,400
6682,12112,"Dev_Pervious-A-Low-Unconfined",2,0,0.01,400
6682,12121,"Dev_Pervious-A-Med-Confined",2,0,0.01,300
6682,12122,"Dev_Pervious-A-Med-Unconfined",2,0,0.01,300
6682,12211,"Dev_Pervious-B-Low-Confined",2,0,0.01,400
6682,12212,"Dev_Pervious-B-Low-Unconfined",2,9.028423,0.02,400
6682,12221,"Dev_Pervious-B-Med-Confined",2,0,0.01,300
6682,12222,"Dev_Pervious-B-Med-Unconfined",2,0,0.01,300
6682,12311,"Dev_Pervious-C-Low-Confined",2,0,0.01,400
6682,12312,"Dev_Pervious-C-Low-Unconfined",2,0,0.01,400
6682,12321,"Dev_Pervious-C-Med-Confined",2,0,0.01,300
6682,12322,"Dev_Pervious-C-Med-Unconfined",2,0,0.01,300
6682,12411,"Dev_Pervious-D-Low-Confined",2,0,0.01,400
6682,12412,"Dev_Pervious-D-Low-Unconfined",2,32.775235,0.01,400
6682,12421,"Dev_Pervious-D-Med-Confined",2,0,0.01,300
6682,12422,"Dev_Pervious-D-Med-Unconfined",2,0.012101,0.28,300
6682,13111,"Agriculture-A-Low-Confined",2,0,0.01,400
6682,13112,"Agriculture-A-Low-Unconfined",2,0,0.01,400
6682,13121,"Agriculture-A-Med-Confined",2,0,0.01,300
6682,13122,"Agriculture-A-Med-Unconfined",2,0,0.01,300
6682,13211,"Agriculture-B-Low-Confined",2,0,0.01,400
6682,13212,"Agriculture-B-Low-Unconfined",2,0,0.01,400
6682,13221,"Agriculture-B-Med-Confined",2,0,0.01,300
6682,13222,"Agriculture-B-Med-Unconfined",2,0,0.01,300
6682,13231,"Agriculture-B-High-Confined",2,0,0.01,400
6682,13232,"Agriculture-B-High-Unconfined",2,0,0.01,400
6682,13311,"Agriculture-C-Low-Confined",2,0,0.01,400
6682,13312,"Agriculture-C-Low-Unconfined",2,0,0.01,400
6682,13321,"Agriculture-C-Med-Confined",2,0,0.01,300
6682,13322,"Agriculture-C-Med-Unconfined",2,0,0.01,300
6682,13331,"Agriculture-C-High-Confined",2,0,0.01,400
6682,13411,"Agriculture-D-Low-Confined",2,0,0.01,400
6682,13412,"Agriculture-D-Low-Unconfined",2,0,0.01,400
6682,13421,"Agriculture-D-Med-Confined",2,0,0.01,300
6682,13422,"Agriculture-D-Med-Unconfined",2,0,0.01,300
6682,13431,"Agriculture-D-High-Confined",2,0,0.01,400
6682,13432,"Agriculture-D-High-Unconfined",2,0,0.01,400
6682,14121,"Veg_Low-A-Med-Confined",2,0,0.01,300
6682,14122,"Veg_Low-A-Med-Unconfined",2,0,0.01,300
6682,14131,"Veg_Low-A-High-Confined",2,0,0.01,400
6682,14132,"Veg_Low-A-High-Unconfined",2,0,0.01,400
6682,14221,"Veg_Low-B-Med-Confined",2,0,0.01,300
6682,14222,"Veg_Low-B-Med-Unconfined",2,121.264331,0.06,300
6682,14231,"Veg_Low-B-High-Confined",2,0,0.01,400
6682,14232,"Veg_Low-B-High-Unconfined",2,0,0.01,400
6682,14321,"Veg_Low-C-Med-Confined",2,0,0.01,300
6682,14322,"Veg_Low-C-Med-Unconfined",2,0,0.01,300
6682,14331,"Veg_Low-C-High-Confined",2,0,0.01,400
6682,14332,"Veg_Low-C-High-Unconfined",2,0,0.01,400
6682,14421,"Veg_Low-D-Med-Confined",2,0,0.01,300
6682,14422,"Veg_Low-D-Med-Unconfined",2,31.219241,0.14,300
6682,14431,"Veg_Low-D-High-Confined",2,0,0.01,400
6682,14432,"Veg_Low-D-High-Unconfined",2,0,0.01,400
6682,15121,"Veg_High-A-Med-Confined",2,0,0.01,300
6682,15122,"Veg_High-A-Med-Unconfined",2,0,0.01,300
6682,15131,"Veg_High-A-High-Confined",2,0,0.01,400
6682,15132,"Veg_High-A-High-Unconfined",2,0,0.01,400
6682,15221,"Veg_High-B-Med-Confined",2,0,0.01,300
6682,15222,"Veg_High-B-Med-Unconfined",2,3.835827,0.01,300
6682,15231,"Veg_High-B-High-Confined",2,0,0.01,400
6682,15232,"Veg_High-B-High-Unconfined",2,0,0.01,400
6682,15321,"Veg_High-C-Med-Confined",2,0,0.01,300
6682,15322,"Veg_High-C-Med-Unconfined",2,0,0.01,300
6682,15331,"Veg_High-C-High-Confined",2,0,0.01,400
6682,15332,"Veg_High-C-High-Unconfined",2,0,0.01,400
6682,15421,"Veg_High-D-Med-Confined",2,0,0.01,300
6682,15422,"Veg_High-D-Med-Unconfined",2,9.121207,0.01,300
6682,15431,"Veg_High-D-High-Confined",2,0,0.01,400
6682,15432,"Veg_High-D-High-Unconfined",2,0.032605,0.46,400
6682,16000,"Water-All-All-All",1,0,0.01,100
6697,1000,"Road_Freeway-All-All-All",1,5.110354,0.01,100
6697,2000,"Road_Primary-All-All-All",1,8.6838,0.01,100
6697,3000,"Road_Minor-All-All-All",1,21.522169,0.01,100
6697,4000,"Dev_ResHigh-All-All-All",1,2.025008,0.01,100
6697,5000,"Dev_ResLow-All-All-All",1,58.754606,0.02,100
6697,6000,"Dev_Com-All-All-All",1,11.5466,0.01,100
6697,7000,"Dev_Ind-All-All-All",1,8.813191,0.02,100
6697,8000,"Dev_Inst-All-All-All",1,10.852197,0.01,100
6697,9000,"Dev_Roof-All-All-All",1,38.928656,0.01,100
6697,10000,"Dev_Overspray-All-All-All",1,2.138158,0.02,100
6697,11111,"Dev_Irrigated-A-Low-Confined",2,0,0.01,400
6697,11112,"Dev_Irrigated-A-Low-Unconfined",2,0,0.01,400
6697,11121,"Dev_Irrigated-A-Med-Confined",2,0,0.01,300
6697,11122,"Dev_Irrigated-A-Med-Unconfined",2,0,0.01,300
6697,11211,"Dev_Irrigated-B-Low-Confined",2,0,0.01,400
6697,11212,"Dev_Irrigated-B-Low-Unconfined",2,1.915642,0.07,400
6697,11221,"Dev_Irrigated-B-Med-Confined",2,0,0.01,300
6697,11222,"Dev_Irrigated-B-Med-Unconfined",2,0.263906,0.04,300
6697,11311,"Dev_Irrigated-C-Low-Confined",2,0,0.01,400
6697,11312,"Dev_Irrigated-C-Low-Unconfined",2,0,0.01,400
6697,11321,"Dev_Irrigated-C-Med-Confined",2,0,0.01,300
6697,11322,"Dev_Irrigated-C-Med-Unconfined",2,0,0.01,300
6697,11411,"Dev_Irrigated-D-Low-Confined",2,0,0.01,400
6697,11412,"Dev_Irrigated-D-Low-Unconfined",2,40.583616,0.01,400
6697,11421,"Dev_Irrigated-D-Med-Confined",2,0,0.01,300
6697,11422,"Dev_Irrigated-D-Med-Unconfined",2,0,0.01,300
6697,12111,"Dev_Pervious-A-Low-Confined",2,0,0.01,400
6697,12112,"Dev_Pervious-A-Low-Unconfined",2,0,0.01,400
6697,12121,"Dev_Pervious-A-Med-Confined",2,0,0.01,300
6697,12122,"Dev_Pervious-A-Med-Unconfined",2,0,0.01,300
6697,12211,"Dev_Pervious-B-Low-Confined",2,0,0.01,400
6697,12212,"Dev_Pervious-B-Low-Unconfined",2,3.511553,0.07,400
6697,12221,"Dev_Pervious-B-Med-Confined",2,0,0.01,300
6697,12222,"Dev_Pervious-B-Med-Unconfined",2,0.483765,0.04,300
6697,12311,"Dev_Pervious-C-Low-Confined",2,0,0.01,400
6697,12312,"Dev_Pervious-C-Low-Unconfined",2,0,0.01,400
6697,12321,"Dev_Pervious-C-Med-Confined",2,0,0.01,300
6697,12322,"Dev_Pervious-C-Med-Unconfined",2,0,0.01,300
6697,12411,"Dev_Pervious-D-Low-Confined",2,0,0.01,400
6697,12412,"Dev_Pervious-D-Low-Unconfined",2,74.39362,0.01,400
6697,12421,"Dev_Pervious-D-Med-Confined",2,0,0.01,300
6697,12422,"Dev_Pervious-D-Med-Unconfined",2,0,0.01,300
6697,13111,"Agriculture-A-Low-Confined",2,0,0.01,400
6697,13112,"Agriculture-A-Low-Unconfined",2,0,0.01,400
6697,13121,"Agriculture-A-Med-Confined",2,0,0.01,300
6697,13122,"Agriculture-A-Med-Unconfined",2,0,0.01,300
6697,13211,"Agriculture-B-Low-Confined",2,0,0.01,400
6697,13212,"Agriculture-B-Low-Unconfined",2,0,0.01,400
6697,13221,"Agriculture-B-Med-Confined",2,0,0.01,300
6697,13222,"Agriculture-B-Med-Unconfined",2,0,0.01,300
6697,13231,"Agriculture-B-High-Confined",2,0,0.01,400
6697,13232,"Agriculture-B-High-Unconfined",2,0,0.01,400
6697,13311,"Agriculture-C-Low-Confined",2,0,0.01,400
6697,13312,"Agriculture-C-Low-Unconfined",2,0,0.01,400
6697,13321,"Agriculture-C-Med-Confined",2,0,0.01,300
6697,13322,"Agriculture-C-Med-Unconfined",2,0,0.01,300
6697,13331,"Agriculture-C-High-Confined",2,0,0.01,400
6697,13411,"Agriculture-D-Low-Confined",2,0,0.01,400
6697,13412,"Agriculture-D-Low-Unconfined",2,0,0.01,400
6697,13421,"Agriculture-D-Med-Confined",2,0,0.01,300
6697,13422,"Agriculture-D-Med-Unconfined",2,0,0.01,300
6697,13431,"Agriculture-D-High-Confined",2,0,0.01,400
6697,13432,"Agriculture-D-High-Unconfined",2,0,0.01,400
6697,14121,"Veg_Low-A-Med-Confined",2,0,0.01,300
6697,14122,"Veg_Low-A-Med-Unconfined",2,0,0.01,300
6697,14131,"Veg_Low-A-High-Confined",2,0,0.01,400
6697,14132,"Veg_Low-A-High-Unconfined",2,0,0.01,400
6697,14221,"Veg_Low-B-Med-Confined",2,0,0.01,300
6697,14222,"Veg_Low-B-Med-Unconfined",2,1.661215,0.04,300
6697,14231,"Veg_Low-B-High-Confined",2,0,0.01,400
6697,14232,"Veg_Low-B-High-Unconfined",2,0,0.01,400
6697,14321,"Veg_Low-C-Med-Confined",2,0,0.01,300
6697,14322,"Veg_Low-C-Med-Unconfined",2,0,0.01,300
6697,14331,"Veg_Low-C-High-Confined",2,0,0.01,400
6697,14332,"Veg_Low-C-High-Unconfined",2,0,0.01,400
6697,14421,"Veg_Low-D-Med-Confined",2,0,0.01,300
6697,14422,"Veg_Low-D-Med-Unconfined",2,32.316415,0.01,300
6697,14431,"Veg_Low-D-High-Confined",2,0,0.01,400
6697,14432,"Veg_Low-D-High-Unconfined",2,0,0.01,400
6697,15121,"Veg_High-A-Med-Confined",2,0,0.01,300
6697,15122,"Veg_High-A-Med-Unconfined",2,0,0.01,300
6697,15131,"Veg_High-A-High-Confined",2,0,0.01,400
6697,15132,"Veg_High-A-High-Unconfined",2,0,0.01,400
6697,15221,"Veg_High-B-Med-Confined",2,0,0.01,300
6697,15222,"Veg_High-B-Med-Unconfined",2,0.450682,0.08,300
6697,15231,"Veg_High-B-High-Confined",2,0,0.01,400
6697,15232,"Veg_High-B-High-Unconfined",2,0,0.01,400
6697,15321,"Veg_High-C-Med-Confined",2,0,0.01,300
6697,15322,"Veg_High-C-Med-Unconfined",2,0,0.01,300
6697,15331,"Veg_High-C-High-Confined",2,0,0.01,400
6697,15332,"Veg_High-C-High-Unconfined",2,0,0.01,400
6697,15421,"Veg_High-D-Med-Confined",2,0,0.01,300
6697,15422,"Veg_High-D-Med-Unconfined",2,30.823499,0.01,300
6697,15431,"Veg_High-D-High-Confined",2,0,0.01,400
6697,15432,"Veg_High-D-High-Unconfined",2,0,0.01,400
6697,16000,"Water-All-All-All",1,0,0.01,100
6698,1000,"Road_Freeway-All-All-All",1,0,0.01,100
6698,2000,"Road_Primary-All-All-All",1,10.851013,0.01,100
6698,3000,"Road_Minor-All-All-All",1,32.542388,0.01,100
6698,4000,"Dev_ResHigh-All-All-All",1,5.280391,0.01,100
6698,5000,"Dev_ResLow-All-All-All",1,75.238428,0.01,100
6698,6000,"Dev_Com-All-All-All",1,11.413459,0.01,100
6698,7000,"Dev_Ind-All-All-All",1,8.917217,0.01,100
6698,8000,"Dev_Inst-All-All-All",1,12.332735,0.01,100
6698,9000,"Dev_Roof-All-All-All",1,59.098665,0.01,100
6698,10000,"Dev_Overspray-All-All-All",1,5.929045,0.01,100
6698,11111,"Dev_Irrigated-A-Low-Confined",2,0,0.01,400
6698,11112,"Dev_Irrigated-A-Low-Unconfined",2,10.813225,0.01,400
6698,11121,"Dev_Irrigated-A-Med-Confined",2,0,0.01,300
6698,11122,"Dev_Irrigated-A-Med-Unconfined",2,0,0.01,300
6698,11211,"Dev_Irrigated-B-Low-Confined",2,0,0.01,400
6698,11212,"Dev_Irrigated-B-Low-Unconfined",2,11.396576,0.02,400
6698,11221,"Dev_Irrigated-B-Med-Confined",2,0,0.01,300
6698,11222,"Dev_Irrigated-B-Med-Unconfined",2,0.102282,0.02,300
6698,11311,"Dev_Irrigated-C-Low-Confined",2,0,0.01,400
6698,11312,"Dev_Irrigated-C-Low-Unconfined",2,0,0.01,400
6698,11321,"Dev_Irrigated-C-Med-Confined",2,0,0.01,300
6698,11322,"Dev_Irrigated-C-Med-Unconfined",2,0,0.01,300
6698,11411,"Dev_Irrigated-D-Low-Confined",2,0,0.01,400
6698,11412,"Dev_Irrigated-D-Low-Unconfined",2,96.268822,0.01,400
6698,11421,"Dev_Irrigated-D-Med-Confined",2,0,0.01,300
6698,11422,"Dev_Irrigated-D-Med-Unconfined",2,0,0.01,300
6698,12111,"Dev_Pervious-A-Low-Confined",2,0,0.01,400
6698,12112,"Dev_Pervious-A-Low-Unconfined",2,7.364269,0.01,400
6698,12121,"Dev_Pervious-A-Med-Confined",2,0,0.01,300
6698,12122,"Dev_Pervious-A-Med-Unconfined",2,0,0.01,300
6698,12211,"Dev_Pervious-B-Low-Confined",2,0,0.01,400
6698,12212,"Dev_Pervious-B-Low-Unconfined",2,7.761556,0.03,400
6698,12221,"Dev_Pervious-B-Med-Confined",2,0,0.01,300
6698,12222,"Dev_Pervious-B-Med-Unconfined",2,0.069658,0.02,300
6698,12311,"Dev_Pervious-C-Low-Confined",2,0,0.01,400
6698,12312,"Dev_Pervious-C-Low-Unconfined",2,0,0.01,400
6698,12321,"Dev_Pervious-C-Med-Confined",2,0,0.01,300
6698,12322,"Dev_Pervious-C-Med-Unconfined",2,0,0.01,300
6698,12411,"Dev_Pervious-D-Low-Confined",2,0,0.01,400
6698,12412,"Dev_Pervious-D-Low-Unconfined",2,65.563185,0.02,400
6698,12421,"Dev_Pervious-D-Med-Confined",2,0,0.01,300
6698,12422,"Dev_Pervious-D-Med-Unconfined",2,0,0.01,300
6698,13111,"Agriculture-A-Low-Confined",2,0,0.01,400
6698,13112,"Agriculture-A-Low-Unconfined",2,0,0.01,400
6698,13121,"Agriculture-A-Med-Confined",2,0,0.01,300
6698,13122,"Agriculture-A-Med-Unconfined",2,0,0.01,300
6698,13211,"Agriculture-B-Low-Confined",2,0,0.01,400
6698,13212,"Agriculture-B-Low-Unconfined",2,0,0.01,400
6698,13221,"Agriculture-B-Med-Confined",2,0,0.01,300
6698,13222,"Agriculture-B-Med-Unconfined",2,0,0.01,300
6698,13231,"Agriculture-B-High-Confined",2,0,0.01,400
6698,13232,"Agriculture-B-High-Unconfined",2,0,0.01,400
6698,13311,"Agriculture-C-Low-Confined",2,0,0.01,400
6698,13312,"Agriculture-C-Low-Unconfined",2,0,0.01,400
6698,13321,"Agriculture-C-Med-Confined",2,0,0.01,300
6698,13322,"Agriculture-C-Med-Unconfined",2,0,0.01,300
6698,13331,"Agriculture-C-High-Confined",2,0,0.01,400
6698,13411,"Agriculture-D-Low-Confined",2,0,0.01,400
6698,13412,"Agriculture-D-Low-Unconfined",2,0,0.01,400
6698,13421,"Agriculture-D-Med-Confined",2,0,0.01,300
6698,13422,"Agriculture-D-Med-Unconfined",2,0,0.01,300
6698,13431,"Agriculture-D-High-Confined",2,0,0.01,400
6698,13432,"Agriculture-D-High-Unconfined",2,0,0.01,400
6698,14121,"Veg_Low-A-Med-Confined",2,0,0.01,300
6698,14122,"Veg_Low-A-Med-Unconfined",2,3.660495,0.01,300
6698,14131,"Veg_Low-A-High-Confined",2,0,0.01,400
6698,14132,"Veg_Low-A-High-Unconfined",2,0,0.01,400
6698,14221,"Veg_Low-B-Med-Confined",2,0,0.01,300
6698,14222,"Veg_Low-B-Med-Unconfined",2,3.193873,0.01,300
6698,14231,"Veg_Low-B-High-Confined",2,0,0.01,400
6698,14232,"Veg_Low-B-High-Unconfined",2,0,0.01,400
6698,14321,"Veg_Low-C-Med-Confined",2,0,0.01,300
6698,14322,"Veg_Low-C-Med-Unconfined",2,0,0.01,300
6698,14331,"Veg_Low-C-High-Confined",2,0,0.01,400
6698,14332,"Veg_Low-C-High-Unconfined",2,0,0.01,400
6698,14421,"Veg_Low-D-Med-Confined",2,0,0.01,300
6698,14422,"Veg_Low-D-Med-Unconfined",2,37.169127,0.01,300
6698,14431,"Veg_Low-D-High-Confined",2,0,0.01,400
6698,14432,"Veg_Low-D-High-Unconfined",2,0,0.01,400
6698,15121,"Veg_High-A-Med-Confined",2,0,0.01,300
6698,15122,"Veg_High-A-Med-Unconfined",2,3.473606,0.01,300
6698,15131,"Veg_High-A-High-Confined",2,0,0.01,400
6698,15132,"Veg_High-A-High-Unconfined",2,0,0.01,400
6698,15221,"Veg_High-B-Med-Confined",2,0,0.01,300
6698,15222,"Veg_High-B-Med-Unconfined",2,7.334101,0.01,300
6698,15231,"Veg_High-B-High-Confined",2,0,0.01,400
6698,15232,"Veg_High-B-High-Unconfined",2,0,0.01,400
6698,15321,"Veg_High-C-Med-Confined",2,0,0.01,300
6698,15322,"Veg_High-C-Med-Unconfined",2,0,0.01,300
6698,15331,"Veg_High-C-High-Confined",2,0,0.01,400
6698,15332,"Veg_High-C-High-Unconfined",2,0,0.01,400
6698,15421,"Veg_High-D-Med-Confined",2,0,0.01,300
6698,15422,"Veg_High-D-Med-Unconfined",2,50.77273,0.01,300
6698,15431,"Veg_High-D-High-Confined",2,0,0.01,400
6698,15432,"Veg_High-D-High-Unconfined",2,0,0.01,400
6698,16000,"Water-All-All-All",1,0,0.01,100
6699,1000,"Road_Freeway-All-All-All",1,0.564639,0.01,100
6699,2000,"Road_Primary-All-All-All",1,7.337038,0.02,100
6699,3000,"Road_Minor-All-All-All",1,13.564147,0.01,100
6699,4000,"Dev_ResHigh-All-All-All",1,0.764133,0.01,100
6699,5000,"Dev_ResLow-All-All-All",1,32.459904,0.02,100
6699,6000,"Dev_Com-All-All-All",1,21.63926,0.02,100
6699,7000,"Dev_Ind-All-All-All",1,52.115653,0.02,100
6699,8000,"Dev_Inst-All-All-All",1,19.943465,0.02,100
6699,9000,"Dev_Roof-All-All-All",1,52.155822,0.02,100
6699,10000,"Dev_Overspray-All-All-All",1,2.004784,0.02,100
6699,11111,"Dev_Irrigated-A-Low-Confined",2,0,0.01,400
6699,11112,"Dev_Irrigated-A-Low-Unconfined",2,9.992562,0.03,400
6699,11121,"Dev_Irrigated-A-Med-Confined",2,0,0.01,300
6699,11122,"Dev_Irrigated-A-Med-Unconfined",2,0,0.01,300
6699,11211,"Dev_Irrigated-B-Low-Confined",2,0,0.01,400
6699,11212,"Dev_Irrigated-B-Low-Unconfined",2,2.246549,0.07,400
6699,11221,"Dev_Irrigated-B-Med-Confined",2,0,0.01,300
6699,11222,"Dev_Irrigated-B-Med-Unconfined",2,0.993021,0.04,300
6699,11311,"Dev_Irrigated-C-Low-Confined",2,0,0.01,400
6699,11312,"Dev_Irrigated-C-Low-Unconfined",2,0,0.01,400
6699,11321,"Dev_Irrigated-C-Med-Confined",2,0,0.01,300
6699,11322,"Dev_Irrigated-C-Med-Unconfined",2,0,0.01,300
6699,11411,"Dev_Irrigated-D-Low-Confined",2,0,0.01,400
6699,11412,"Dev_Irrigated-D-Low-Unconfined",2,26.83208,0.02,400
6699,11421,"Dev_Irrigated-D-Med-Confined",2,0,0.01,300
6699,11422,"Dev_Irrigated-D-Med-Unconfined",2,0.031475,0.02,300
6699,12111,"Dev_Pervious-A-Low-Confined",2,0,0.01,400
6699,12112,"Dev_Pervious-A-Low-Unconfined",2,7.200047,0.03,400
6699,12121,"Dev_Pervious-A-Med-Confined",2,0,0.01,300
6699,12122,"Dev_Pervious-A-Med-Unconfined",2,0,0.01,300
6699,12211,"Dev_Pervious-B-Low-Confined",2,0,0.01,400
6699,12212,"Dev_Pervious-B-Low-Unconfined",2,1.618729,0.08,400
6699,12221,"Dev_Pervious-B-Med-Confined",2,0,0.01,300
6699,12222,"Dev_Pervious-B-Med-Unconfined",2,0.715512,0.04,300
6699,12311,"Dev_Pervious-C-Low-Confined",2,0,0.01,400
6699,12312,"Dev_Pervious-C-Low-Unconfined",2,0,0.01,400
6699,12321,"Dev_Pervious-C-Med-Confined",2,0,0.01,300
6699,12322,"Dev_Pervious-C-Med-Unconfined",2,0,0.01,300
6699,12411,"Dev_Pervious-D-Low-Confined",2,0,0.01,400
6699,12412,"Dev_Pervious-D-Low-Unconfined",2,19.333602,0.02,400
6699,12421,"Dev_Pervious-D-Med-Confined",2,0,0.01,300
6699,12422,"Dev_Pervious-D-Med-Unconfined",2,0.022679,0.02,300
6699,13111,"Agriculture-A-Low-Confined",2,0,0.01,400
6699,13112,"Agriculture-A-Low-Unconfined",2,0,0.01,400
6699,13121,"Agriculture-A-Med-Confined",2,0,0.01,300
6699,13122,"Agriculture-A-Med-Unconfined",2,0,0.01,300
6699,13211,"Agriculture-B-Low-Confined",2,0,0.01,400
6699,13212,"Agriculture-B-Low-Unconfined",2,0,0.01,400
6699,13221,"Agriculture-B-Med-Confined",2,0,0.01,300
6699,13222,"Agriculture-B-Med-Unconfined",2,0,0.01,300
6699,13231,"Agriculture-B-High-Confined",2,0,0.01,400
6699,13232,"Agriculture-B-High-Unconfined",2,0,0.01,400
6699,13311,"Agriculture-C-Low-Confined",2,0,0.01,400
6699,13312,"Agriculture-C-Low-Unconfined",2,0,0.01,400
6699,13321,"Agriculture-C-Med-Confined",2,0,0.01,300
6699,13322,"Agriculture-C-Med-Unconfined",2,0,0.01,300
6699,13331,"Agriculture-C-High-Confined",2,0,0.01,400
6699,13411,"Agriculture-D-Low-Confined",2,0,0.01,400
6699,13412,"Agriculture-D-Low-Unconfined",2,0,0.01,400
6699,13421,"Agriculture-D-Med-Confined",2,0,0.01,300
6699,13422,"Agriculture-D-Med-Unconfined",2,0,0.01,300
6699,13431,"Agriculture-D-High-Confined",2,0,0.01,400
6699,13432,"Agriculture-D-High-Unconfined",2,0,0.01,400
6699,14121,"Veg_Low-A-Med-Confined",2,0,0.01,300
6699,14122,"Veg_Low-A-Med-Unconfined",2,1.719064,0.02,300
6699,14131,"Veg_Low-A-High-Confined",2,0,0.01,400
6699,14132,"Veg_Low-A-High-Unconfined",2,0,0.01,400
6699,14221,"Veg_Low-B-Med-Confined",2,0,0.01,300
6699,14222,"Veg_Low-B-Med-Unconfined",2,1.466205,0.06,300
6699,14231,"Veg_Low-B-High-Confined",2,0,0.01,400
6699,14232,"Veg_Low-B-High-Unconfined",2,0,0.01,400
6699,14321,"Veg_Low-C-Med-Confined",2,0,0.01,300
6699,14322,"Veg_Low-C-Med-Unconfined",2,0,0.01,300
6699,14331,"Veg_Low-C-High-Confined",2,0,0.01,400
6699,14332,"Veg_Low-C-High-Unconfined",2,0,0.01,400
6699,14421,"Veg_Low-D-Med-Confined",2,0,0.01,300
6699,14422,"Veg_Low-D-Med-Unconfined",2,5.162394,0.01,300
6699,14431,"Veg_Low-D-High-Confined",2,0,0.01,400
6699,14432,"Veg_Low-D-High-Unconfined",2,0,0.01,400
6699,15121,"Veg_High-A-Med-Confined",2,0,0.01,300
6699,15122,"Veg_High-A-Med-Unconfined",2,1.088661,0.02,300
6699,15131,"Veg_High-A-High-Confined",2,0,0.01,400
6699,15132,"Veg_High-A-High-Unconfined",2,0,0.01,400
6699,15221,"Veg_High-B-Med-Confined",2,0,0.01,300
6699,15222,"Veg_High-B-Med-Unconfined",2,0.405237,0.1,300
6699,15231,"Veg_High-B-High-Confined",2,0,0.01,400
6699,15232,"Veg_High-B-High-Unconfined",2,0,0.01,400
6699,15321,"Veg_High-C-Med-Confined",2,0,0.01,300
6699,15322,"Veg_High-C-Med-Unconfined",2,0,0.01,300
6699,15331,"Veg_High-C-High-Confined",2,0,0.01,400
6699,15332,"Veg_High-C-High-Unconfined",2,0,0.01,400
6699,15421,"Veg_High-D-Med-Confined",2,0,0.01,300
6699,15422,"Veg_High-D-Med-Unconfined",2,12.666694,0.01,300
6699,15431,"Veg_High-D-High-Confined",2,0,0.01,400
6699,15432,"Veg_High-D-High-Unconfined",2,0,0.01,400
6699,16000,"Water-All-All-All",1,0,0.01,100
6700,1000,"Road_Freeway-All-All-All",1,0,0.01,100
6700,2000,"Road_Primary-All-All-All",1,12.826969,0.01,100
6700,3000,"Road_Minor-All-All-All",1,22.54887,0.01,100
6700,4000,"Dev_ResHigh-All-All-All",1,0.952643,0.01,100
6700,5000,"Dev_ResLow-All-All-All",1,71.912015,0.01,100
6700,6000,"Dev_Com-All-All-All",1,5.080952,0.01,100
6700,7000,"Dev_Ind-All-All-All",1,0.249396,0.01,100
6700,8000,"Dev_Inst-All-All-All",1,7.727521,0.01,100
6700,9000,"Dev_Roof-All-All-All",1,42.878007,0.01,100
6700,10000,"Dev_Overspray-All-All-All",1,4.051823,0.01,100
6700,11111,"Dev_Irrigated-A-Low-Confined",2,0,0.01,400
6700,11112,"Dev_Irrigated-A-Low-Unconfined",2,4.782361,0.02,400
6700,11121,"Dev_Irrigated-A-Med-Confined",2,0,0.01,300
6700,11122,"Dev_Irrigated-A-Med-Unconfined",2,0,0.01,300
6700,11211,"Dev_Irrigated-B-Low-Confined",2,0,0.01,400
6700,11212,"Dev_Irrigated-B-Low-Unconfined",2,1.241784,0.04,400
6700,11221,"Dev_Irrigated-B-Med-Confined",2,0,0.01,300
6700,11222,"Dev_Irrigated-B-Med-Unconfined",2,0,0.01,300
6700,11311,"Dev_Irrigated-C-Low-Confined",2,0,0.01,400
6700,11312,"Dev_Irrigated-C-Low-Unconfined",2,0,0.01,400
6700,11321,"Dev_Irrigated-C-Med-Confined",2,0,0.01,300
6700,11322,"Dev_Irrigated-C-Med-Unconfined",2,0,0.01,300
6700,11411,"Dev_Irrigated-D-Low-Confined",2,0,0.01,400
6700,11412,"Dev_Irrigated-D-Low-Unconfined",2,75.012312,0.02,400
6700,11421,"Dev_Irrigated-D-Med-Confined",2,0,0.01,300
6700,11422,"Dev_Irrigated-D-Med-Unconfined",2,0,0.01,300
6700,12111,"Dev_Pervious-A-Low-Confined",2,0,0.01,400
6700,12112,"Dev_Pervious-A-Low-Unconfined",2,5.40669,0.02,400
6700,12121,"Dev_Pervious-A-Med-Confined",2,0,0.01,300
6700,12122,"Dev_Pervious-A-Med-Unconfined",2,0,0.01,300
6700,12211,"Dev_Pervious-B-Low-Confined",2,0,0.01,400
6700,12212,"Dev_Pervious-B-Low-Unconfined",2,1.403896,0.04,400
6700,12221,"Dev_Pervious-B-Med-Confined",2,0,0.01,300
6700,12222,"Dev_Pervious-B-Med-Unconfined",2,0,0.01,300
6700,12311,"Dev_Pervious-C-Low-Confined",2,0,0.01,400
6700,12312,"Dev_Pervious-C-Low-Unconfined",2,0,0.01,400
6700,12321,"Dev_Pervious-C-Med-Confined",2,0,0.01,300
6700,12322,"Dev_Pervious-C-Med-Unconfined",2,0,0.01,300
6700,12411,"Dev_Pervious-D-Low-Confined",2,0,0.01,400
6700,12412,"Dev_Pervious-D-Low-Unconfined",2,84.805037,0.02,400
6700,12421,"Dev_Pervious-D-Med-Confined",2,0,0.01,300
6700,12422,"Dev_Pervious-D-Med-Unconfined",2,0,0.01,300
6700,13111,"Agriculture-A-Low-Confined",2,0,0.01,400
6700,13112,"Agriculture-A-Low-Unconfined",2,0,0.01,400
6700,13121,"Agriculture-A-Med-Confined",2,0,0.01,300
6700,13122,"Agriculture-A-Med-Unconfined",2,0,0.01,300
6700,13211,"Agriculture-B-Low-Confined",2,0,0.01,400
6700,13212,"Agriculture-B-Low-Unconfined",2,0,0.01,400
6700,13221,"Agriculture-B-Med-Confined",2,0,0.01,300
6700,13222,"Agriculture-B-Med-Unconfined",2,0,0.01,300
6700,13231,"Agriculture-B-High-Confined",2,0,0.01,400
6700,13232,"Agriculture-B-High-Unconfined",2,0,0.01,400
6700,13311,"Agriculture-C-Low-Confined",2,0,0.01,400
6700,13312,"Agriculture-C-Low-Unconfined",2,0,0.01,400
6700,13321,"Agriculture-C-Med-Confined",2,0,0.01,300
6700,13322,"Agriculture-C-Med-Unconfined",2,0,0.01,300
6700,13331,"Agriculture-C-High-Confined",2,0,0.01,400
6700,13411,"Agriculture-D-Low-Confined",2,0,0.01,400
6700,13412,"Agriculture-D-Low-Unconfined",2,0,0.01,400
6700,13421,"Agriculture-D-Med-Confined",2,0,0.01,300
6700,13422,"Agriculture-D-Med-Unconfined",2,0,0.01,300
6700,13431,"Agriculture-D-High-Confined",2,0,0.01,400
6700,13432,"Agriculture-D-High-Unconfined",2,0,0.01,400
6700,14121,"Veg_Low-A-Med-Confined",2,0,0.01,300
6700,14122,"Veg_Low-A-Med-Unconfined",2,1.341447,0.01,300
6700,14131,"Veg_Low-A-High-Confined",2,0,0.01,400
6700,14132,"Veg_Low-A-High-Unconfined",2,0,0.01,400
6700,14221,"Veg_Low-B-Med-Confined",2,0,0.01,300
6700,14222,"Veg_Low-B-Med-Unconfined",2,0.558064,0.02,300
6700,14231,"Veg_Low-B-High-Confined",2,0,0.01,400
6700,14232,"Veg_Low-B-High-Unconfined",2,0,0.01,400
6700,14321,"Veg_Low-C-Med-Confined",2,0,0.01,300
6700,14322,"Veg_Low-C-Med-Unconfined",2,0,0.01,300
6700,14331,"Veg_Low-C-High-Confined",2,0,0.01,400
6700,14332,"Veg_Low-C-High-Unconfined",2,0,0.01,400
6700,14421,"Veg_Low-D-Med-Confined",2,0,0.01,300
6700,14422,"Veg_Low-D-Med-Unconfined",2,36.314556,0.01,300
6700,14431,"Veg_Low-D-High-Confined",2,0,0.01,400
6700,14432,"Veg_Low-D-High-Unconfined",2,0,0.01,400
6700,15121,"Veg_High-A-Med-Confined",2,0,0.01,300
6700,15122,"Veg_High-A-Med-Unconfined",2,3.34026,0.01,300
6700,15131,"Veg_High-A-High-Confined",2,0,0.01,400
6700,15132,"Veg_High-A-High-Unconfined",2,0,0.01,400
6700,15221,"Veg_High-B-Med-Confined",2,0,0.01,300
6700,15222,"Veg_High-B-Med-Unconfined",2,0.981717,0.02,300
6700,15231,"Veg_High-B-High-Confined",2,0,0.01,400
6700,15232,"Veg_High-B-High-Unconfined",2,0,0.01,400
6700,15321,"Veg_High-C-Med-Confined",2,0,0.01,300
6700,15322,"Veg_High-C-Med-Unconfined",2,0,0.01,300
6700,15331,"Veg_High-C-High-Confined",2,0,0.01,400
6700,15332,"Veg_High-C-High-Unconfined",2,0,0.01,400
6700,15421,"Veg_High-D-Med-Confined",2,0,0.01,300
6700,15422,"Veg_High-D-Med-Unconfined",2,53.258657,0.01,300
6700,15431,"Veg_High-D-High-Confined",2,0,0.01,400
6700,15432,"Veg_High-D-High-Unconfined",2,0,0.01,400
6700,16000,"Water-All-All-All",1,0,0.01,100
6701,1000,"Road_Freeway-All-All-All",1,7.848899,0.01,100
6701,2000,"Road_Primary-All-All-All",1,4.46151,0.02,100
6701,3000,"Road_Minor-All-All-All",1,12.642828,0.03,100
6701,4000,"Dev_ResHigh-All-All-All",1,1.778801,0.01,100
6701,5000,"Dev_ResLow-All-All-All",1,55.842439,0.03,100
6701,6000,"Dev_Com-All-All-All",1,2.406447,0.01,100
6701,7000,"Dev_Ind-All-All-All",1,0.507626,0.01,100
6701,8000,"Dev_Inst-All-All-All",1,2.940483,0.01,100
6701,9000,"Dev_Roof-All-All-All",1,16.550072,0.03,100
6701,10000,"Dev_Overspray-All-All-All",1,1.779008,0.03,100
6701,11111,"Dev_Irrigated-A-Low-Confined",2,0,0.01,400
6701,11112,"Dev_Irrigated-A-Low-Unconfined",2,0,0.01,400
6701,11121,"Dev_Irrigated-A-Med-Confined",2,0,0.01,300
6701,11122,"Dev_Irrigated-A-Med-Unconfined",2,0,0.01,300
6701,11211,"Dev_Irrigated-B-Low-Confined",2,0,0.01,400
6701,11212,"Dev_Irrigated-B-Low-Unconfined",2,12.210524,0.05,400
6701,11221,"Dev_Irrigated-B-Med-Confined",2,0,0.01,300
6701,11222,"Dev_Irrigated-B-Med-Unconfined",2,0.441335,0.06,300
6701,11311,"Dev_Irrigated-C-Low-Confined",2,0,0.01,400
6701,11312,"Dev_Irrigated-C-Low-Unconfined",2,5.68662,0.04,400
6701,11321,"Dev_Irrigated-C-Med-Confined",2,0,0.01,300
6701,11322,"Dev_Irrigated-C-Med-Unconfined",2,0,0.08,300
6701,11411,"Dev_Irrigated-D-Low-Confined",2,0,0.01,400
6701,11412,"Dev_Irrigated-D-Low-Unconfined",2,17.241671,0.03,400
6701,11421,"Dev_Irrigated-D-Med-Confined",2,0,0.01,300
6701,11422,"Dev_Irrigated-D-Med-Unconfined",2,0,0.08,300
6701,12111,"Dev_Pervious-A-Low-Confined",2,0,0.01,400
6701,12112,"Dev_Pervious-A-Low-Unconfined",2,0,0.01,400
6701,12121,"Dev_Pervious-A-Med-Confined",2,0,0.01,300
6701,12122,"Dev_Pervious-A-Med-Unconfined",2,0,0.01,300
6701,12211,"Dev_Pervious-B-Low-Confined",2,0,0.01,400
6701,12212,"Dev_Pervious-B-Low-Unconfined",2,27.734751,0.05,400
6701,12221,"Dev_Pervious-B-Med-Confined",2,0,0.01,300
6701,12222,"Dev_Pervious-B-Med-Unconfined",2,1.00244,0.04,300
6701,12311,"Dev_Pervious-C-Low-Confined",2,0,0.01,400
6701,12312,"Dev_Pervious-C-Low-Unconfined",2,12.916481,0.04,400
6701,12321,"Dev_Pervious-C-Med-Confined",2,0,0.01,300
6701,12322,"Dev_Pervious-C-Med-Unconfined",2,0,0.01,300
6701,12411,"Dev_Pervious-D-Low-Confined",2,0,0.01,400
6701,12412,"Dev_Pervious-D-Low-Unconfined",2,39.162402,0.03,400
6701,12421,"Dev_Pervious-D-Med-Confined",2,0,0.01,300
6701,12422,"Dev_Pervious-D-Med-Unconfined",2,0,0.01,300
6701,13111,"Agriculture-A-Low-Confined",2,0,0.01,400
6701,13112,"Agriculture-A-Low-Unconfined",2,0,0.01,400
6701,13121,"Agriculture-A-Med-Confined",2,0,0.01,300
6701,13122,"Agriculture-A-Med-Unconfined",2,0,0.01,300
6701,13211,"Agriculture-B-Low-Confined",2,0,0.01,400
6701,13212,"Agriculture-B-Low-Unconfined",2,0,0.01,400
6701,13221,"Agriculture-B-Med-Confined",2,0,0.01,300
6701,13222,"Agriculture-B-Med-Unconfined",2,0,0.01,300
6701,13231,"Agriculture-B-High-Confined",2,0,0.01,400
6701,13232,"Agriculture-B-High-Unconfined",2,0,0.01,400
6701,13311,"Agriculture-C-Low-Confined",2,0,0.01,400
6701,13312,"Agriculture-C-Low-Unconfined",2,0,0.01,400
6701,13321,"Agriculture-C-Med-Confined",2,0,0.01,300
6701,13322,"Agriculture-C-Med-Unconfined",2,0,0.01,300
6701,13331,"Agriculture-C-High-Confined",2,0,0.01,400
6701,13411,"Agriculture-D-Low-Confined",2,0,0.01,400
6701,13412,"Agriculture-D-Low-Unconfined",2,0,0.01,400
6701,13421,"Agriculture-D-Med-Confined",2,0,0.01,300
6701,13422,"Agriculture-D-Med-Unconfined",2,0,0.01,300
6701,13431,"Agriculture-D-High-Confined",2,0,0.01,400
6701,13432,"Agriculture-D-High-Unconfined",2,0,0.01,400
6701,14121,"Veg_Low-A-Med-Confined",2,0,0.01,300
6701,14122,"Veg_Low-A-Med-Unconfined",2,0,0.01,300
6701,14131,"Veg_Low-A-High-Confined",2,0,0.01,400
6701,14132,"Veg_Low-A-High-Unconfined",2,0,0.01,400
6701,14221,"Veg_Low-B-Med-Confined",2,0,0.01,300
6701,14222,"Veg_Low-B-Med-Unconfined",2,40.25273,0.08,300
6701,14231,"Veg_Low-B-High-Confined",2,0,0.01,400
6701,14232,"Veg_Low-B-High-Unconfined",2,0,0.01,400
6701,14321,"Veg_Low-C-Med-Confined",2,0,0.01,300
6701,14322,"Veg_Low-C-Med-Unconfined",2,7.742599,0.11,300
6701,14331,"Veg_Low-C-High-Confined",2,0,0.01,400
6701,14332,"Veg_Low-C-High-Unconfined",2,0,0.01,400
6701,14421,"Veg_Low-D-Med-Confined",2,0,0.01,300
6701,14422,"Veg_Low-D-Med-Unconfined",2,26.806776,0.12,300
6701,14431,"Veg_Low-D-High-Confined",2,0,0.01,400
6701,14432,"Veg_Low-D-High-Unconfined",2,0,0.01,400
6701,15121,"Veg_High-A-Med-Confined",2,0,0.01,300
6701,15122,"Veg_High-A-Med-Unconfined",2,0,0.01,300
6701,15131,"Veg_High-A-High-Confined",2,0,0.01,400
6701,15132,"Veg_High-A-High-Unconfined",2,0,0.01,400
6701,15221,"Veg_High-B-Med-Confined",2,0,0.01,300
6701,15222,"Veg_High-B-Med-Unconfined",2,21.203712,0.08,300
6701,15231,"Veg_High-B-High-Confined",2,0,0.01,400
6701,15232,"Veg_High-B-High-Unconfined",2,0,0.01,400
6701,15321,"Veg_High-C-Med-Confined",2,0,0.01,300
6701,15322,"Veg_High-C-Med-Unconfined",2,4.961946,0.02,300
6701,15331,"Veg_High-C-High-Confined",2,0,0.01,400
6701,15332,"Veg_High-C-High-Unconfined",2,0,0.01,400
6701,15421,"Veg_High-D-Med-Confined",2,0,0.01,300
6701,15422,"Veg_High-D-Med-Unconfined",2,21.288329,0.08,300
6701,15431,"Veg_High-D-High-Confined",2,0,0.01,400
6701,15432,"Veg_High-D-High-Unconfined",2,0,0.01,400
6701,16000,"Water-All-All-All",1,0,0.01,100
6702,1000,"Road_Freeway-All-All-All",1,6.842523,0.01,100
6702,2000,"Road_Primary-All-All-All",1,10.997876,0.01,100
6702,3000,"Road_Minor-All-All-All",1,20.870143,0.03,100
6702,4000,"Dev_ResHigh-All-All-All",1,0.547035,0.01,100
6702,5000,"Dev_ResLow-All-All-All",1,99.245072,0.18,100
6702,6000,"Dev_Com-All-All-All",1,10.913003,0.01,100
6702,7000,"Dev_Ind-All-All-All",1,0,0.01,100
6702,8000,"Dev_Inst-All-All-All",1,8.597077,0.07,100
6702,9000,"Dev_Roof-All-All-All",1,34.535981,0.03,100
6702,10000,"Dev_Overspray-All-All-All",1,3.334329,0.17,100
6702,11111,"Dev_Irrigated-A-Low-Confined",2,0.001883,0.15,400
6702,11112,"Dev_Irrigated-A-Low-Unconfined",2,30.894159,0.05,400
6702,11121,"Dev_Irrigated-A-Med-Confined",2,0.274894,0.08,300
6702,11122,"Dev_Irrigated-A-Med-Unconfined",2,0.000833,0.05,300
6702,11211,"Dev_Irrigated-B-Low-Confined",2,0,0.01,400
6702,11212,"Dev_Irrigated-B-Low-Unconfined",2,16.159506,0.07,400
6702,11221,"Dev_Irrigated-B-Med-Confined",2,0.048351,0.34,300
6702,11222,"Dev_Irrigated-B-Med-Unconfined",2,0.072661,0.12,300
6702,11311,"Dev_Irrigated-C-Low-Confined",2,0,0.01,400
6702,11312,"Dev_Irrigated-C-Low-Unconfined",2,4.299323,0.02,400
6702,11321,"Dev_Irrigated-C-Med-Confined",2,0,0.01,300
6702,11322,"Dev_Irrigated-C-Med-Unconfined",2,0,0.01,300
6702,11411,"Dev_Irrigated-D-Low-Confined",2,0,0.01,400
6702,11412,"Dev_Irrigated-D-Low-Unconfined",2,14.934973,0.03,400
6702,11421,"Dev_Irrigated-D-Med-Confined",2,0,0.01,300
6702,11422,"Dev_Irrigated-D-Med-Unconfined",2,0,0.01,300
6702,12111,"Dev_Pervious-A-Low-Confined",2,0.004821,0.12,400
6702,12112,"Dev_Pervious-A-Low-Unconfined",2,79.102295,0.05,400
6702,12121,"Dev_Pervious-A-Med-Confined",2,0.703848,0.08,300
6702,12122,"Dev_Pervious-A-Med-Unconfined",2,0.002132,0.05,300
6702,12211,"Dev_Pervious-B-Low-Confined",2,0,0.01,400
6702,12212,"Dev_Pervious-B-Low-Unconfined",2,41.375264,0.06,400
6702,12221,"Dev_Pervious-B-Med-Confined",2,0.123798,0.13,300
6702,12222,"Dev_Pervious-B-Med-Unconfined",2,0.186044,0.11,300
6702,12311,"Dev_Pervious-C-Low-Confined",2,0,0.01,400
6702,12312,"Dev_Pervious-C-Low-Unconfined",2,11.008112,0.02,400
6702,12321,"Dev_Pervious-C-Med-Confined",2,0,0.01,300
6702,12322,"Dev_Pervious-C-Med-Unconfined",2,0,0.01,300
6702,12411,"Dev_Pervious-D-Low-Confined",2,0,0.01,400
6702,12412,"Dev_Pervious-D-Low-Unconfined",2,38.239936,0.03,400
6702,12421,"Dev_Pervious-D-Med-Confined",2,0,0.01,300
6702,12422,"Dev_Pervious-D-Med-Unconfined",2,0,0.01,300
6702,13111,"Agriculture-A-Low-Confined",2,0,0.01,400
6702,13112,"Agriculture-A-Low-Unconfined",2,0,0.01,400
6702,13121,"Agriculture-A-Med-Confined",2,0,0.01,300
6702,13122,"Agriculture-A-Med-Unconfined",2,0,0.01,300
6702,13211,"Agriculture-B-Low-Confined",2,0,0.01,400
6702,13212,"Agriculture-B-Low-Unconfined",2,0,0.01,400
6702,13221,"Agriculture-B-Med-Confined",2,0,0.01,300
6702,13222,"Agriculture-B-Med-Unconfined",2,0,0.01,300
6702,13231,"Agriculture-B-High-Confined",2,0,0.01,400
6702,13232,"Agriculture-B-High-Unconfined",2,0,0.01,400
6702,13311,"Agriculture-C-Low-Confined",2,0,0.01,400
6702,13312,"Agriculture-C-Low-Unconfined",2,0,0.01,400
6702,13321,"Agriculture-C-Med-Confined",2,0,0.01,300
6702,13322,"Agriculture-C-Med-Unconfined",2,0,0.01,300
6702,13331,"Agriculture-C-High-Confined",2,0,0.01,400
6702,13411,"Agriculture-D-Low-Confined",2,0,0.01,400
6702,13412,"Agriculture-D-Low-Unconfined",2,0,0.01,400
6702,13421,"Agriculture-D-Med-Confined",2,0,0.01,300
6702,13422,"Agriculture-D-Med-Unconfined",2,0,0.01,300
6702,13431,"Agriculture-D-High-Confined",2,0,0.01,400
6702,13432,"Agriculture-D-High-Unconfined",2,0,0.01,400
6702,14121,"Veg_Low-A-Med-Confined",2,0.843705,0.16,300
6702,14122,"Veg_Low-A-Med-Unconfined",2,40.35448,0.08,300
6702,14131,"Veg_Low-A-High-Confined",2,0,0.01,400
6702,14132,"Veg_Low-A-High-Unconfined",2,0,0.01,400
6702,14221,"Veg_Low-B-Med-Confined",2,0,0.01,300
6702,14222,"Veg_Low-B-Med-Unconfined",2,23.768848,0.08,300
6702,14231,"Veg_Low-B-High-Confined",2,2.851331,0.41,400
6702,14232,"Veg_Low-B-High-Unconfined",2,3.375365,0.12,400
6702,14321,"Veg_Low-C-Med-Confined",2,0,0.01,300
6702,14322,"Veg_Low-C-Med-Unconfined",2,4.989489,0.01,300
6702,14331,"Veg_Low-C-High-Confined",2,0,0.01,400
6702,14332,"Veg_Low-C-High-Unconfined",2,0,0.01,400
6702,14421,"Veg_Low-D-Med-Confined",2,0,0.01,300
6702,14422,"Veg_Low-D-Med-Unconfined",2,18.782767,0.02,300
6702,14431,"Veg_Low-D-High-Confined",2,0,0.01,400
6702,14432,"Veg_Low-D-High-Unconfined",2,0,0.01,400
6702,15121,"Veg_High-A-Med-Confined",2,0.400139,0.17,300
6702,15122,"Veg_High-A-Med-Unconfined",2,31.693995,0.02,300
6702,15131,"Veg_High-A-High-Confined",2,0,0.01,400
6702,15132,"Veg_High-A-High-Unconfined",2,0,0.01,400
6702,15221,"Veg_High-B-Med-Confined",2,0,0.01,300
6702,15222,"Veg_High-B-Med-Unconfined",2,15.020443,0.09,300
6702,15231,"Veg_High-B-High-Confined",2,0.955102,0.41,400
6702,15232,"Veg_High-B-High-Unconfined",2,0.844511,0.22,400
6702,15321,"Veg_High-C-Med-Confined",2,0,0.01,300
6702,15322,"Veg_High-C-Med-Unconfined",2,4.481069,0.01,300
6702,15331,"Veg_High-C-High-Confined",2,0,0.01,400
6702,15332,"Veg_High-C-High-Unconfined",2,0,0.01,400
6702,15421,"Veg_High-D-Med-Confined",2,0,0.01,300
6702,15422,"Veg_High-D-Med-Unconfined",2,16.242371,0.02,300
6702,15431,"Veg_High-D-High-Confined",2,0,0.01,400
6702,15432,"Veg_High-D-High-Unconfined",2,0,0.01,400
6702,16000,"Water-All-All-All",1,0,0.01,100
6703,1000,"Road_Freeway-All-All-All",1,0.000747,0.01,100
6703,2000,"Road_Primary-All-All-All",1,2.743734,0.01,100
6703,3000,"Road_Minor-All-All-All",1,2.633032,0.01,100
6703,4000,"Dev_ResHigh-All-All-All",1,2.161016,0.01,100
6703,5000,"Dev_ResLow-All-All-All",1,13.231584,0.01,100
6703,6000,"Dev_Com-All-All-All",1,11.683054,0.01,100
6703,7000,"Dev_Ind-All-All-All",1,0,0.01,100
6703,8000,"Dev_Inst-All-All-All",1,1.438742,0.01,100
6703,9000,"Dev_Roof-All-All-All",1,15.011378,0.01,100
6703,10000,"Dev_Overspray-All-All-All",1,0.415122,0.01,100
6703,11111,"Dev_Irrigated-A-Low-Confined",2,0,0.01,400
6703,11112,"Dev_Irrigated-A-Low-Unconfined",2,0.015487,0.02,400
6703,11121,"Dev_Irrigated-A-Med-Confined",2,0,0.01,300
6703,11122,"Dev_Irrigated-A-Med-Unconfined",2,0,0.01,300
6703,11211,"Dev_Irrigated-B-Low-Confined",2,0,0.01,400
6703,11212,"Dev_Irrigated-B-Low-Unconfined",2,0.147391,0.02,400
6703,11221,"Dev_Irrigated-B-Med-Confined",2,0,0.01,300
6703,11222,"Dev_Irrigated-B-Med-Unconfined",2,0,0.01,300
6703,11311,"Dev_Irrigated-C-Low-Confined",2,0,0.01,400
6703,11312,"Dev_Irrigated-C-Low-Unconfined",2,0,0.01,400
6703,11321,"Dev_Irrigated-C-Med-Confined",2,0,0.01,300
6703,11322,"Dev_Irrigated-C-Med-Unconfined",2,0,0.01,300
6703,11411,"Dev_Irrigated-D-Low-Confined",2,0,0.01,400
6703,11412,"Dev_Irrigated-D-Low-Unconfined",2,8.139567,0.03,400
6703,11421,"Dev_Irrigated-D-Med-Confined",2,0,0.01,300
6703,11422,"Dev_Irrigated-D-Med-Unconfined",2,0,0.01,300
6703,12111,"Dev_Pervious-A-Low-Confined",2,0,0.01,400
6703,12112,"Dev_Pervious-A-Low-Unconfined",2,0.039916,0.02,400
6703,12121,"Dev_Pervious-A-Med-Confined",2,0,0.01,300
6703,12122,"Dev_Pervious-A-Med-Unconfined",2,0,0.01,300
6703,12211,"Dev_Pervious-B-Low-Confined",2,0,0.01,400
6703,12212,"Dev_Pervious-B-Low-Unconfined",2,0.379892,0.02,400
6703,12221,"Dev_Pervious-B-Med-Confined",2,0,0.01,300
6703,12222,"Dev_Pervious-B-Med-Unconfined",2,0,0.01,300
6703,12311,"Dev_Pervious-C-Low-Confined",2,0,0.01,400
6703,12312,"Dev_Pervious-C-Low-Unconfined",2,0,0.01,400
6703,12321,"Dev_Pervious-C-Med-Confined",2,0,0.01,300
6703,12322,"Dev_Pervious-C-Med-Unconfined",2,0,0.01,300
6703,12411,"Dev_Pervious-D-Low-Confined",2,0,0.01,400
6703,12412,"Dev_Pervious-D-Low-Unconfined",2,20.979286,0.03,400
6703,12421,"Dev_Pervious-D-Med-Confined",2,0,0.01,300
6703,12422,"Dev_Pervious-D-Med-Unconfined",2,0,0.01,300
6703,13111,"Agriculture-A-Low-Confined",2,0,0.01,400
6703,13112,"Agriculture-A-Low-Unconfined",2,0,0.01,400
6703,13121,"Agriculture-A-Med-Confined",2,0,0.01,300
6703,13122,"Agriculture-A-Med-Unconfined",2,0,0.01,300
6703,13211,"Agriculture-B-Low-Confined",2,0,0.01,400
6703,13212,"Agriculture-B-Low-Unconfined",2,0,0.01,400
6703,13221,"Agriculture-B-Med-Confined",2,0,0.01,300
6703,13222,"Agriculture-B-Med-Unconfined",2,0,0.01,300
6703,13231,"Agriculture-B-High-Confined",2,0,0.01,400
6703,13232,"Agriculture-B-High-Unconfined",2,0,0.01,400
6703,13311,"Agriculture-C-Low-Confined",2,0,0.01,400
6703,13312,"Agriculture-C-Low-Unconfined",2,0,0.01,400
6703,13321,"Agriculture-C-Med-Confined",2,0,0.01,300
6703,13322,"Agriculture-C-Med-Unconfined",2,0,0.01,300
6703,13331,"Agriculture-C-High-Confined",2,0,0.01,400
6703,13411,"Agriculture-D-Low-Confined",2,0,0.01,400
6703,13412,"Agriculture-D-Low-Unconfined",2,0,0.01,400
6703,13421,"Agriculture-D-Med-Confined",2,0,0.01,300
6703,13422,"Agriculture-D-Med-Unconfined",2,0,0.01,300
6703,13431,"Agriculture-D-High-Confined",2,0,0.01,400
6703,13432,"Agriculture-D-High-Unconfined",2,0,0.01,400
6703,14121,"Veg_Low-A-Med-Confined",2,0,0.01,300
6703,14122,"Veg_Low-A-Med-Unconfined",2,0.048443,0.01,300
6703,14131,"Veg_Low-A-High-Confined",2,0,0.01,400
6703,14132,"Veg_Low-A-High-Unconfined",2,0,0.01,400
6703,14221,"Veg_Low-B-Med-Confined",2,0,0.01,300
6703,14222,"Veg_Low-B-Med-Unconfined",2,0.333507,0.02,300
6703,14231,"Veg_Low-B-High-Confined",2,0,0.01,400
6703,14232,"Veg_Low-B-High-Unconfined",2,0,0.01,400
6703,14321,"Veg_Low-C-Med-Confined",2,0,0.01,300
6703,14322,"Veg_Low-C-Med-Unconfined",2,0,0.01,300
6703,14331,"Veg_Low-C-High-Confined",2,0,0.01,400
6703,14332,"Veg_Low-C-High-Unconfined",2,0,0.01,400
6703,14421,"Veg_Low-D-Med-Confined",2,0,0.01,300
6703,14422,"Veg_Low-D-Med-Unconfined",2,2.841671,0.02,300
6703,14431,"Veg_Low-D-High-Confined",2,0,0.01,400
6703,14432,"Veg_Low-D-High-Unconfined",2,0,0.01,400
6703,15121,"Veg_High-A-Med-Confined",2,0,0.01,300
6703,15122,"Veg_High-A-Med-Unconfined",2,0.0428,0.01,300
6703,15131,"Veg_High-A-High-Confined",2,0,0.01,400
6703,15132,"Veg_High-A-High-Unconfined",2,0,0.01,400
6703,15221,"Veg_High-B-Med-Confined",2,0,0.01,300
6703,15222,"Veg_High-B-Med-Unconfined",2,0.089246,0.02,300
6703,15231,"Veg_High-B-High-Confined",2,0,0.01,400
6703,15232,"Veg_High-B-High-Unconfined",2,0,0.01,400
6703,15321,"Veg_High-C-Med-Confined",2,0,0.01,300
6703,15322,"Veg_High-C-Med-Unconfined",2,0,0.01,300
6703,15331,"Veg_High-C-High-Confined",2,0,0.01,400
6703,15332,"Veg_High-C-High-Unconfined",2,0,0.01,400
6703,15421,"Veg_High-D-Med-Confined",2,0,0.01,300
6703,15422,"Veg_High-D-Med-Unconfined",2,4.5567,0.02,300
6703,15431,"Veg_High-D-High-Confined",2,0,0.01,400
6703,15432,"Veg_High-D-High-Unconfined",2,0,0.01,400
6703,16000,"Water-All-All-All",1,0,0.01,100
6704,1000,"Road_Freeway-All-All-All",1,8.252871,0.01,100
6704,2000,"Road_Primary-All-All-All",1,5.468416,0.01,100
6704,3000,"Road_Minor-All-All-All",1,6.052082,0.03,100
6704,4000,"Dev_ResHigh-All-All-All",1,4.238417,0.01,100
6704,5000,"Dev_ResLow-All-All-All",1,58.671638,0.16,100
6704,6000,"Dev_Com-All-All-All",1,0.872192,0.01,100
6704,7000,"Dev_Ind-All-All-All",1,0.107638,0.01,100
6704,8000,"Dev_Inst-All-All-All",1,9.467412,0.01,100
6704,9000,"Dev_Roof-All-All-All",1,18.883105,0.05,100
6704,10000,"Dev_Overspray-All-All-All",1,1.880692,0.15,100
6704,11111,"Dev_Irrigated-A-Low-Confined",2,0,0.01,400
6704,11112,"Dev_Irrigated-A-Low-Unconfined",2,32.676809,0.03,400
6704,11121,"Dev_Irrigated-A-Med-Confined",2,0,0.06,300
6704,11122,"Dev_Irrigated-A-Med-Unconfined",2,0,0.02,300
6704,11211,"Dev_Irrigated-B-Low-Confined",2,0,0.01,400
6704,11212,"Dev_Irrigated-B-Low-Unconfined",2,1.083851,0.06,400
6704,11221,"Dev_Irrigated-B-Med-Confined",2,0.038844,0.25,300
6704,11222,"Dev_Irrigated-B-Med-Unconfined",2,0.275622,0.19,300
6704,11311,"Dev_Irrigated-C-Low-Confined",2,0,0.01,400
6704,11312,"Dev_Irrigated-C-Low-Unconfined",2,0.018655,0.09,400
6704,11321,"Dev_Irrigated-C-Med-Confined",2,0,0.01,300
6704,11322,"Dev_Irrigated-C-Med-Unconfined",2,0,0.1,300
6704,11411,"Dev_Irrigated-D-Low-Confined",2,0,0.01,400
6704,11412,"Dev_Irrigated-D-Low-Unconfined",2,3.520062,0.03,400
6704,11421,"Dev_Irrigated-D-Med-Confined",2,0,0.01,300
6704,11422,"Dev_Irrigated-D-Med-Unconfined",2,0,0.01,300
6704,12111,"Dev_Pervious-A-Low-Confined",2,0,0.01,400
6704,12112,"Dev_Pervious-A-Low-Unconfined",2,84.222681,0.03,400
6704,12121,"Dev_Pervious-A-Med-Confined",2,0,0.01,300
6704,12122,"Dev_Pervious-A-Med-Unconfined",2,0,0.01,300
6704,12211,"Dev_Pervious-B-Low-Confined",2,0,0.01,400
6704,12212,"Dev_Pervious-B-Low-Unconfined",2,2.793566,0.04,400
6704,12221,"Dev_Pervious-B-Med-Confined",2,0.100119,0.1,300
6704,12222,"Dev_Pervious-B-Med-Unconfined",2,0.7104,0.04,300
6704,12311,"Dev_Pervious-C-Low-Confined",2,0,0.01,400
6704,12312,"Dev_Pervious-C-Low-Unconfined",2,0.048081,0.09,400
6704,12321,"Dev_Pervious-C-Med-Confined",2,0,0.01,300
6704,12322,"Dev_Pervious-C-Med-Unconfined",2,0,0.01,300
6704,12411,"Dev_Pervious-D-Low-Confined",2,0,0.01,400
6704,12412,"Dev_Pervious-D-Low-Unconfined",2,9.072766,0.03,400
6704,12421,"Dev_Pervious-D-Med-Confined",2,0,0.01,300
6704,12422,"Dev_Pervious-D-Med-Unconfined",2,0,0.01,300
6704,13111,"Agriculture-A-Low-Confined",2,0,0.01,400
6704,13112,"Agriculture-A-Low-Unconfined",2,0,0.01,400
6704,13121,"Agriculture-A-Med-Confined",2,0,0.01,300
6704,13122,"Agriculture-A-Med-Unconfined",2,0,0.01,300
6704,13211,"Agriculture-B-Low-Confined",2,0,0.01,400
6704,13212,"Agriculture-B-Low-Unconfined",2,0,0.01,400
6704,13221,"Agriculture-B-Med-Confined",2,0,0.01,300
6704,13222,"Agriculture-B-Med-Unconfined",2,0,0.01,300
6704,13231,"Agriculture-B-High-Confined",2,0,0.01,400
6704,13232,"Agriculture-B-High-Unconfined",2,0,0.01,400
6704,13311,"Agriculture-C-Low-Confined",2,0,0.01,400
6704,13312,"Agriculture-C-Low-Unconfined",2,0,0.01,400
6704,13321,"Agriculture-C-Med-Confined",2,0,0.01,300
6704,13322,"Agriculture-C-Med-Unconfined",2,0,0.01,300
6704,13331,"Agriculture-C-High-Confined",2,0,0.01,400
6704,13411,"Agriculture-D-Low-Confined",2,0,0.01,400
6704,13412,"Agriculture-D-Low-Unconfined",2,0,0.01,400
6704,13421,"Agriculture-D-Med-Confined",2,0,0.01,300
6704,13422,"Agriculture-D-Med-Unconfined",2,0,0.01,300
6704,13431,"Agriculture-D-High-Confined",2,0,0.01,400
6704,13432,"Agriculture-D-High-Unconfined",2,0,0.01,400
6704,14121,"Veg_Low-A-Med-Confined",2,0.166532,0.06,300
6704,14122,"Veg_Low-A-Med-Unconfined",2,64.277327,0.02,300
6704,14131,"Veg_Low-A-High-Confined",2,0,0.01,400
6704,14132,"Veg_Low-A-High-Unconfined",2,0,0.01,400
6704,14221,"Veg_Low-B-Med-Confined",2,3.687587,0.14,300
6704,14222,"Veg_Low-B-Med-Unconfined",2,9.946517,0.1,300
6704,14231,"Veg_Low-B-High-Confined",2,0.452465,0.27,400
6704,14232,"Veg_Low-B-High-Unconfined",2,1.834996,0.21,400
6704,14321,"Veg_Low-C-Med-Confined",2,0,0.01,300
6704,14322,"Veg_Low-C-Med-Unconfined",2,4.243113,0.1,300
6704,14331,"Veg_Low-C-High-Confined",2,0,0.01,400
6704,14332,"Veg_Low-C-High-Unconfined",2,0,0.01,400
6704,14421,"Veg_Low-D-Med-Confined",2,0,0.01,300
6704,14422,"Veg_Low-D-Med-Unconfined",2,9.50547,0.02,300
6704,14431,"Veg_Low-D-High-Confined",2,0,0.01,400
6704,14432,"Veg_Low-D-High-Unconfined",2,0,0.01,400
6704,15121,"Veg_High-A-Med-Confined",2,0,0.01,300
6704,15122,"Veg_High-A-Med-Unconfined",2,40.918801,0.04,300
6704,15131,"Veg_High-A-High-Confined",2,0,0.01,400
6704,15132,"Veg_High-A-High-Unconfined",2,0,0.01,400
6704,15221,"Veg_High-B-Med-Confined",2,1.048838,0.14,300
6704,15222,"Veg_High-B-Med-Unconfined",2,3.55121,0.19,300
6704,15231,"Veg_High-B-High-Confined",2,0.199839,0.27,400
6704,15232,"Veg_High-B-High-Unconfined",2,1.395099,0.27,400
6704,15321,"Veg_High-C-Med-Confined",2,0,0.01,300
6704,15322,"Veg_High-C-Med-Unconfined",2,1.078374,0.12,300
6704,15331,"Veg_High-C-High-Confined",2,0,0.01,400
6704,15332,"Veg_High-C-High-Unconfined",2,0,0.01,400
6704,15421,"Veg_High-D-Med-Confined",2,0,0.01,300
6704,15422,"Veg_High-D-Med-Unconfined",2,4.584183,0.02,300
6704,15431,"Veg_High-D-High-Confined",2,0,0.01,400
6704,15432,"Veg_High-D-High-Unconfined",2,0,0.01,400
6704,16000,"Water-All-All-All",1,0,0.01,100
6705,1000,"Road_Freeway-All-All-All",1,0,0.01,100
6705,2000,"Road_Primary-All-All-All",1,0,0.01,100
6705,3000,"Road_Minor-All-All-All",1,0,0.09,100
6705,4000,"Dev_ResHigh-All-All-All",1,0,0.01,100
6705,5000,"Dev_ResLow-All-All-All",1,0,0.25,100
6705,6000,"Dev_Com-All-All-All",1,0,0.01,100
6705,7000,"Dev_Ind-All-All-All",1,0,0.01,100
6705,8000,"Dev_Inst-All-All-All",1,0,0.09,100
6705,9000,"Dev_Roof-All-All-All",1,0,0.01,100
6705,10000,"Dev_Overspray-All-All-All",1,0,0.23,100
6705,11111,"Dev_Irrigated-A-Low-Confined",2,0.234571,0.08,400
6705,11112,"Dev_Irrigated-A-Low-Unconfined",2,0.000276,0.08,400
6705,11121,"Dev_Irrigated-A-Med-Confined",2,0.021274,0.07,300
6705,11122,"Dev_Irrigated-A-Med-Unconfined",2,0,0.06,300
6705,11211,"Dev_Irrigated-B-Low-Confined",2,0.012709,0.01,400
6705,11212,"Dev_Irrigated-B-Low-Unconfined",2,0,0.01,400
6705,11221,"Dev_Irrigated-B-Med-Confined",2,0.000553,0.22,300
6705,11222,"Dev_Irrigated-B-Med-Unconfined",2,0,0.37,300
6705,11311,"Dev_Irrigated-C-Low-Confined",2,0,0.01,400
6705,11312,"Dev_Irrigated-C-Low-Unconfined",2,0,0.01,400
6705,11321,"Dev_Irrigated-C-Med-Confined",2,0.057469,0.22,300
6705,11322,"Dev_Irrigated-C-Med-Unconfined",2,0,0.2,300
6705,11411,"Dev_Irrigated-D-Low-Confined",2,0,0.01,400
6705,11412,"Dev_Irrigated-D-Low-Unconfined",2,0,0.01,400
6705,11421,"Dev_Irrigated-D-Med-Confined",2,0.00746,0.36,300
6705,11422,"Dev_Irrigated-D-Med-Unconfined",2,0,0.01,300
6705,12111,"Dev_Pervious-A-Low-Confined",2,0.604595,0.01,400
6705,12112,"Dev_Pervious-A-Low-Unconfined",2,0.000712,0.01,400
6705,12121,"Dev_Pervious-A-Med-Confined",2,0.054834,0.1,300
6705,12122,"Dev_Pervious-A-Med-Unconfined",2,0,0.01,300
6705,12211,"Dev_Pervious-B-Low-Confined",2,0.032758,0.01,400
6705,12212,"Dev_Pervious-B-Low-Unconfined",2,0,0.01,400
6705,12221,"Dev_Pervious-B-Med-Confined",2,0.001424,0.22,300
6705,12222,"Dev_Pervious-B-Med-Unconfined",2,0,0.01,300
6705,12311,"Dev_Pervious-C-Low-Confined",2,0,0.01,400
6705,12312,"Dev_Pervious-C-Low-Unconfined",2,0,0.01,400
6705,12321,"Dev_Pervious-C-Med-Confined",2,0.148122,0.16,300
6705,12322,"Dev_Pervious-C-Med-Unconfined",2,0,0.01,300
6705,12411,"Dev_Pervious-D-Low-Confined",2,0,0.01,400
6705,12412,"Dev_Pervious-D-Low-Unconfined",2,0,0.01,400
6705,12421,"Dev_Pervious-D-Med-Confined",2,0.019227,0.32,300
6705,12422,"Dev_Pervious-D-Med-Unconfined",2,0,0.01,300
6705,13111,"Agriculture-A-Low-Confined",2,0,0.01,400
6705,13112,"Agriculture-A-Low-Unconfined",2,0,0.01,400
6705,13121,"Agriculture-A-Med-Confined",2,0,0.01,300
6705,13122,"Agriculture-A-Med-Unconfined",2,0,0.01,300
6705,13211,"Agriculture-B-Low-Confined",2,0,0.01,400
6705,13212,"Agriculture-B-Low-Unconfined",2,0,0.01,400
6705,13221,"Agriculture-B-Med-Confined",2,0,0.01,300
6705,13222,"Agriculture-B-Med-Unconfined",2,0,0.01,300
6705,13231,"Agriculture-B-High-Confined",2,0,0.01,400
6705,13232,"Agriculture-B-High-Unconfined",2,0,0.01,400
6705,13311,"Agriculture-C-Low-Confined",2,0,0.01,400
6705,13312,"Agriculture-C-Low-Unconfined",2,0,0.01,400
6705,13321,"Agriculture-C-Med-Confined",2,0,0.01,300
6705,13322,"Agriculture-C-Med-Unconfined",2,0,0.01,300
6705,13331,"Agriculture-C-High-Confined",2,0,0.01,400
6705,13411,"Agriculture-D-Low-Confined",2,0,0.01,400
6705,13412,"Agriculture-D-Low-Unconfined",2,0,0.01,400
6705,13421,"Agriculture-D-Med-Confined",2,0,0.01,300
6705,13422,"Agriculture-D-Med-Unconfined",2,0,0.01,300
6705,13431,"Agriculture-D-High-Confined",2,0,0.01,400
6705,13432,"Agriculture-D-High-Unconfined",2,0,0.01,400
6705,14121,"Veg_Low-A-Med-Confined",2,29.145469,0.15,300
6705,14122,"Veg_Low-A-Med-Unconfined",2,3.387307,0.12,300
6705,14131,"Veg_Low-A-High-Confined",2,0,0.01,400
6705,14132,"Veg_Low-A-High-Unconfined",2,0,0.01,400
6705,14221,"Veg_Low-B-Med-Confined",2,0,0.01,300
6705,14222,"Veg_Low-B-Med-Unconfined",2,0.204602,0.2,300
6705,14231,"Veg_Low-B-High-Confined",2,123.091594,0.43,400
6705,14232,"Veg_Low-B-High-Unconfined",2,11.496285,0.39,400
6705,14321,"Veg_Low-C-Med-Confined",2,0,0.01,300
6705,14322,"Veg_Low-C-Med-Unconfined",2,0,0.01,300
6705,14331,"Veg_Low-C-High-Confined",2,144.350479,0.39,400
6705,14332,"Veg_Low-C-High-Unconfined",2,1.177205,0.41,400
6705,14421,"Veg_Low-D-Med-Confined",2,0.020757,0.09,300
6705,14422,"Veg_Low-D-Med-Unconfined",2,0,0.01,300
6705,14431,"Veg_Low-D-High-Confined",2,424.386969,0.51,400
6705,14432,"Veg_Low-D-High-Unconfined",2,0,0.01,400
6705,15121,"Veg_High-A-Med-Confined",2,23.396832,0.1,300
6705,15122,"Veg_High-A-Med-Unconfined",2,2.905948,0.1,300
6705,15131,"Veg_High-A-High-Confined",2,0,0.01,400
6705,15132,"Veg_High-A-High-Unconfined",2,0,0.01,400
6705,15221,"Veg_High-B-Med-Confined",2,0,0.01,300
6705,15222,"Veg_High-B-Med-Unconfined",2,0.129483,0.18,300
6705,15231,"Veg_High-B-High-Confined",2,58.736714,0.49,400
6705,15232,"Veg_High-B-High-Unconfined",2,6.004637,0.36,400
6705,15321,"Veg_High-C-Med-Confined",2,0,0.01,300
6705,15322,"Veg_High-C-Med-Unconfined",2,0,0.01,300
6705,15331,"Veg_High-C-High-Confined",2,185.100959,0.58,400
6705,15332,"Veg_High-C-High-Unconfined",2,0.310363,0.41,400
6705,15421,"Veg_High-D-Med-Confined",2,0,0.01,300
6705,15422,"Veg_High-D-Med-Unconfined",2,0,0.01,300
6705,15431,"Veg_High-D-High-Confined",2,642.705677,0.57,400
6705,15432,"Veg_High-D-High-Unconfined",2,0,0.01,400
6705,16000,"Water-All-All-All",1,0,0.01,100
6706,1000,"Road_Freeway-All-All-All",1,0,0.01,100
6706,2000,"Road_Primary-All-All-All",1,0.326594,0.01,100
6706,3000,"Road_Minor-All-All-All",1,1.346034,0.03,100
6706,4000,"Dev_ResHigh-All-All-All",1,0.006792,0.01,100
6706,5000,"Dev_ResLow-All-All-All",1,23.390059,0.22,100
6706,6000,"Dev_Com-All-All-All",1,0.70225,0.06,100
6706,7000,"Dev_Ind-All-All-All",1,0,0.01,100
6706,8000,"Dev_Inst-All-All-All",1,0.323778,0.2,100
6706,9000,"Dev_Roof-All-All-All",1,7.867485,0.06,100
6706,10000,"Dev_Overspray-All-All-All",1,0.823197,0.22,100
6706,11111,"Dev_Irrigated-A-Low-Confined",2,0,0.01,400
6706,11112,"Dev_Irrigated-A-Low-Unconfined",2,14.179594,0.06,400
6706,11121,"Dev_Irrigated-A-Med-Confined",2,0.198088,0.28,300
6706,11122,"Dev_Irrigated-A-Med-Unconfined",2,0.056891,0.04,300
6706,11211,"Dev_Irrigated-B-Low-Confined",2,0,0.01,400
6706,11212,"Dev_Irrigated-B-Low-Unconfined",2,0,0.01,400
6706,11221,"Dev_Irrigated-B-Med-Confined",2,0.24626,0.31,300
6706,11222,"Dev_Irrigated-B-Med-Unconfined",2,0.289837,0.26,300
6706,11311,"Dev_Irrigated-C-Low-Confined",2,0,0.2,400
6706,11312,"Dev_Irrigated-C-Low-Unconfined",2,0.632061,0.08,400
6706,11321,"Dev_Irrigated-C-Med-Confined",2,0.26238,0.3,300
6706,11322,"Dev_Irrigated-C-Med-Unconfined",2,0.598834,0.08,300
6706,11411,"Dev_Irrigated-D-Low-Confined",2,0,0.01,400
6706,11412,"Dev_Irrigated-D-Low-Unconfined",2,0,0.01,400
6706,11421,"Dev_Irrigated-D-Med-Confined",2,0,0.01,300
6706,11422,"Dev_Irrigated-D-Med-Unconfined",2,0,0.01,300
6706,12111,"Dev_Pervious-A-Low-Confined",2,0,0.01,400
6706,12112,"Dev_Pervious-A-Low-Unconfined",2,36.547126,0.05,400
6706,12121,"Dev_Pervious-A-Med-Confined",2,0.510561,0.28,300
6706,12122,"Dev_Pervious-A-Med-Unconfined",2,0.146633,0.05,300
6706,12211,"Dev_Pervious-B-Low-Confined",2,0,0.01,400
6706,12212,"Dev_Pervious-B-Low-Unconfined",2,0,0.01,400
6706,12221,"Dev_Pervious-B-Med-Confined",2,0.634722,0.16,300
6706,12222,"Dev_Pervious-B-Med-Unconfined",2,0.747039,0.26,300
6706,12311,"Dev_Pervious-C-Low-Confined",2,0,0.01,400
6706,12312,"Dev_Pervious-C-Low-Unconfined",2,1.629103,0.09,400
6706,12321,"Dev_Pervious-C-Med-Confined",2,0.676269,0.3,300
6706,12322,"Dev_Pervious-C-Med-Unconfined",2,1.543462,0.06,300
6706,12411,"Dev_Pervious-D-Low-Confined",2,0,0.01,400
6706,12412,"Dev_Pervious-D-Low-Unconfined",2,0,0.01,400
6706,12421,"Dev_Pervious-D-Med-Confined",2,0,0.01,300
6706,12422,"Dev_Pervious-D-Med-Unconfined",2,0,0.01,300
6706,13111,"Agriculture-A-Low-Confined",2,0,0.01,400
6706,13112,"Agriculture-A-Low-Unconfined",2,0,0.01,400
6706,13121,"Agriculture-A-Med-Confined",2,0,0.01,300
6706,13122,"Agriculture-A-Med-Unconfined",2,0,0.01,300
6706,13211,"Agriculture-B-Low-Confined",2,0,0.01,400
6706,13212,"Agriculture-B-Low-Unconfined",2,0,0.01,400
6706,13221,"Agriculture-B-Med-Confined",2,0,0.01,300
6706,13222,"Agriculture-B-Med-Unconfined",2,0,0.01,300
6706,13231,"Agriculture-B-High-Confined",2,0,0.01,400
6706,13232,"Agriculture-B-High-Unconfined",2,0,0.01,400
6706,13311,"Agriculture-C-Low-Confined",2,0,0.01,400
6706,13312,"Agriculture-C-Low-Unconfined",2,0,0.01,400
6706,13321,"Agriculture-C-Med-Confined",2,0,0.01,300
6706,13322,"Agriculture-C-Med-Unconfined",2,0,0.01,300
6706,13331,"Agriculture-C-High-Confined",2,0,0.01,400
6706,13411,"Agriculture-D-Low-Confined",2,0,0.01,400
6706,13412,"Agriculture-D-Low-Unconfined",2,0,0.01,400
6706,13421,"Agriculture-D-Med-Confined",2,0,0.01,300
6706,13422,"Agriculture-D-Med-Unconfined",2,0,0.01,300
6706,13431,"Agriculture-D-High-Confined",2,0,0.01,400
6706,13432,"Agriculture-D-High-Unconfined",2,0,0.01,400
6706,14121,"Veg_Low-A-Med-Confined",2,0.720855,0.13,300
6706,14122,"Veg_Low-A-Med-Unconfined",2,41.589298,0.08,300
6706,14131,"Veg_Low-A-High-Confined",2,0.000913,0.4,400
6706,14132,"Veg_Low-A-High-Unconfined",2,0,0.01,400
6706,14221,"Veg_Low-B-Med-Confined",2,0,0.01,300
6706,14222,"Veg_Low-B-Med-Unconfined",2,25.836638,0.12,300
6706,14231,"Veg_Low-B-High-Confined",2,56.86518,0.34,400
6706,14232,"Veg_Low-B-High-Unconfined",2,7.510724,0.28,400
6706,14321,"Veg_Low-C-Med-Confined",2,1.423265,0.14,300
6706,14322,"Veg_Low-C-Med-Unconfined",2,13.30456,0.08,300
6706,14331,"Veg_Low-C-High-Confined",2,4.170351,0.35,400
6706,14332,"Veg_Low-C-High-Unconfined",2,0,0.01,400
6706,14421,"Veg_Low-D-Med-Confined",2,0,0.01,300
6706,14422,"Veg_Low-D-Med-Unconfined",2,0,0.01,300
6706,14431,"Veg_Low-D-High-Confined",2,0,0.01,400
6706,14432,"Veg_Low-D-High-Unconfined",2,0,0.01,400
6706,15121,"Veg_High-A-Med-Confined",2,0.391898,0.06,300
6706,15122,"Veg_High-A-Med-Unconfined",2,19.345664,0.06,300
6706,15131,"Veg_High-A-High-Confined",2,0.018259,0.34,400
6706,15132,"Veg_High-A-High-Unconfined",2,0,0.01,400
6706,15221,"Veg_High-B-Med-Confined",2,0.016788,0.14,300
6706,15222,"Veg_High-B-Med-Unconfined",2,1.068573,0.15,300
6706,15231,"Veg_High-B-High-Confined",2,2.740779,0.33,400
6706,15232,"Veg_High-B-High-Unconfined",2,5.026557,0.3,400
6706,15321,"Veg_High-C-Med-Confined",2,0.558405,0.24,300
6706,15322,"Veg_High-C-Med-Unconfined",2,3.000673,0.08,300
6706,15331,"Veg_High-C-High-Confined",2,0.109146,0.26,400
6706,15332,"Veg_High-C-High-Unconfined",2,0,0.01,400
6706,15421,"Veg_High-D-Med-Confined",2,0,0.01,300
6706,15422,"Veg_High-D-Med-Unconfined",2,0,0.01,300
6706,15431,"Veg_High-D-High-Confined",2,0,0.01,400
6706,15432,"Veg_High-D-High-Unconfined",2,0,0.01,400
6706,16000,"Water-All-All-All",1,0,0.01,100
6707,1000,"Road_Freeway-All-All-All",1,0.107057,0.01,100
6707,2000,"Road_Primary-All-All-All",1,2.419589,0.01,100
6707,3000,"Road_Minor-All-All-All",1,2.689589,0.01,100
6707,4000,"Dev_ResHigh-All-All-All",1,1.586881,0.01,100
6707,5000,"Dev_ResLow-All-All-All",1,25.997433,0.01,100
6707,6000,"Dev_Com-All-All-All",1,0.273562,0.01,100
6707,7000,"Dev_Ind-All-All-All",1,0,0.01,100
6707,8000,"Dev_Inst-All-All-All",1,0.667024,0.01,100
6707,9000,"Dev_Roof-All-All-All",1,11.507942,0.01,100
6707,10000,"Dev_Overspray-All-All-All",1,0.994227,0.01,100
6707,11111,"Dev_Irrigated-A-Low-Confined",2,0,0.01,400
6707,11112,"Dev_Irrigated-A-Low-Unconfined",2,16.634877,0.03,400
6707,11121,"Dev_Irrigated-A-Med-Confined",2,0,0.01,300
6707,11122,"Dev_Irrigated-A-Med-Unconfined",2,0,0.01,300
6707,11211,"Dev_Irrigated-B-Low-Confined",2,0,0.01,400
6707,11212,"Dev_Irrigated-B-Low-Unconfined",2,3.249656,0.02,400
6707,11221,"Dev_Irrigated-B-Med-Confined",2,0,0.01,300
6707,11222,"Dev_Irrigated-B-Med-Unconfined",2,0,0.01,300
6707,11311,"Dev_Irrigated-C-Low-Confined",2,0,0.01,400
6707,11312,"Dev_Irrigated-C-Low-Unconfined",2,0,0.01,400
6707,11321,"Dev_Irrigated-C-Med-Confined",2,0,0.01,300
6707,11322,"Dev_Irrigated-C-Med-Unconfined",2,0,0.01,300
6707,11411,"Dev_Irrigated-D-Low-Confined",2,0,0.01,400
6707,11412,"Dev_Irrigated-D-Low-Unconfined",2,0,0.01,400
6707,11421,"Dev_Irrigated-D-Med-Confined",2,0,0.01,300
6707,11422,"Dev_Irrigated-D-Med-Unconfined",2,0,0.01,300
6707,12111,"Dev_Pervious-A-Low-Confined",2,0,0.01,400
6707,12112,"Dev_Pervious-A-Low-Unconfined",2,42.875482,0.02,400
6707,12121,"Dev_Pervious-A-Med-Confined",2,0,0.01,300
6707,12122,"Dev_Pervious-A-Med-Unconfined",2,0,0.01,300
6707,12211,"Dev_Pervious-B-Low-Confined",2,0,0.01,400
6707,12212,"Dev_Pervious-B-Low-Unconfined",2,8.37581,0.02,400
6707,12221,"Dev_Pervious-B-Med-Confined",2,0,0.01,300
6707,12222,"Dev_Pervious-B-Med-Unconfined",2,0,0.01,300
6707,12311,"Dev_Pervious-C-Low-Confined",2,0,0.01,400
6707,12312,"Dev_Pervious-C-Low-Unconfined",2,0,0.01,400
6707,12321,"Dev_Pervious-C-Med-Confined",2,0,0.01,300
6707,12322,"Dev_Pervious-C-Med-Unconfined",2,0,0.01,300
6707,12411,"Dev_Pervious-D-Low-Confined",2,0,0.01,400
6707,12412,"Dev_Pervious-D-Low-Unconfined",2,0,0.01,400
6707,12421,"Dev_Pervious-D-Med-Confined",2,0,0.01,300
6707,12422,"Dev_Pervious-D-Med-Unconfined",2,0,0.01,300
6707,13111,"Agriculture-A-Low-Confined",2,0,0.01,400
6707,13112,"Agriculture-A-Low-Unconfined",2,0,0.01,400
6707,13121,"Agriculture-A-Med-Confined",2,0,0.01,300
6707,13122,"Agriculture-A-Med-Unconfined",2,0,0.01,300
6707,13211,"Agriculture-B-Low-Confined",2,0,0.01,400
6707,13212,"Agriculture-B-Low-Unconfined",2,0,0.01,400
6707,13221,"Agriculture-B-Med-Confined",2,0,0.01,300
6707,13222,"Agriculture-B-Med-Unconfined",2,0,0.01,300
6707,13231,"Agriculture-B-High-Confined",2,0,0.01,400
6707,13232,"Agriculture-B-High-Unconfined",2,0,0.01,400
6707,13311,"Agriculture-C-Low-Confined",2,0,0.01,400
6707,13312,"Agriculture-C-Low-Unconfined",2,0,0.01,400
6707,13321,"Agriculture-C-Med-Confined",2,0,0.01,300
6707,13322,"Agriculture-C-Med-Unconfined",2,0,0.01,300
6707,13331,"Agriculture-C-High-Confined",2,0,0.01,400
6707,13411,"Agriculture-D-Low-Confined",2,0,0.01,400
6707,13412,"Agriculture-D-Low-Unconfined",2,0,0.01,400
6707,13421,"Agriculture-D-Med-Confined",2,0,0.01,300
6707,13422,"Agriculture-D-Med-Unconfined",2,0,0.01,300
6707,13431,"Agriculture-D-High-Confined",2,0,0.01,400
6707,13432,"Agriculture-D-High-Unconfined",2,0,0.01,400
6707,14121,"Veg_Low-A-Med-Confined",2,0,0.01,300
6707,14122,"Veg_Low-A-Med-Unconfined",2,16.566658,0.02,300
6707,14131,"Veg_Low-A-High-Confined",2,0,0.01,400
6707,14132,"Veg_Low-A-High-Unconfined",2,0,0.01,400
6707,14221,"Veg_Low-B-Med-Confined",2,0,0.01,300
6707,14222,"Veg_Low-B-Med-Unconfined",2,5.575675,0.01,300
6707,14231,"Veg_Low-B-High-Confined",2,0,0.01,400
6707,14232,"Veg_Low-B-High-Unconfined",2,0,0.01,400
6707,14321,"Veg_Low-C-Med-Confined",2,0,0.01,300
6707,14322,"Veg_Low-C-Med-Unconfined",2,0,0.01,300
6707,14331,"Veg_Low-C-High-Confined",2,0,0.01,400
6707,14332,"Veg_Low-C-High-Unconfined",2,0,0.01,400
6707,14421,"Veg_Low-D-Med-Confined",2,0,0.01,300
6707,14422,"Veg_Low-D-Med-Unconfined",2,0,0.01,300
6707,14431,"Veg_Low-D-High-Confined",2,0,0.01,400
6707,14432,"Veg_Low-D-High-Unconfined",2,0,0.01,400
6707,15121,"Veg_High-A-Med-Confined",2,0,0.01,300
6707,15122,"Veg_High-A-Med-Unconfined",2,15.81258,0.01,300
6707,15131,"Veg_High-A-High-Confined",2,0,0.01,400
6707,15132,"Veg_High-A-High-Unconfined",2,0,0.01,400
6707,15221,"Veg_High-B-Med-Confined",2,0,0.01,300
6707,15222,"Veg_High-B-Med-Unconfined",2,5.749357,0.01,300
6707,15231,"Veg_High-B-High-Confined",2,0,0.01,400
6707,15232,"Veg_High-B-High-Unconfined",2,0,0.01,400
6707,15321,"Veg_High-C-Med-Confined",2,0,0.01,300
6707,15322,"Veg_High-C-Med-Unconfined",2,0,0.01,300
6707,15331,"Veg_High-C-High-Confined",2,0,0.01,400
6707,15332,"Veg_High-C-High-Unconfined",2,0,0.01,400
6707,15421,"Veg_High-D-Med-Confined",2,0,0.01,300
6707,15422,"Veg_High-D-Med-Unconfined",2,0,0.01,300
6707,15431,"Veg_High-D-High-Confined",2,0,0.01,400
6707,15432,"Veg_High-D-High-Unconfined",2,0,0.01,400
6707,16000,"Water-All-All-All",1,0,0.01,100
6708,1000,"Road_Freeway-All-All-All",1,0.385718,0.01,100
6708,2000,"Road_Primary-All-All-All",1,0.390021,0.01,100
6708,3000,"Road_Minor-All-All-All",1,0.561925,0.04,100
6708,4000,"Dev_ResHigh-All-All-All",1,0.049625,0.01,100
6708,5000,"Dev_ResLow-All-All-All",1,13.098353,0.24,100
6708,6000,"Dev_Com-All-All-All",1,0.023637,0.01,100
6708,7000,"Dev_Ind-All-All-All",1,0,0.01,100
6708,8000,"Dev_Inst-All-All-All",1,0.536776,0.03,100
6708,9000,"Dev_Roof-All-All-All",1,1.68065,0.06,100
6708,10000,"Dev_Overspray-All-All-All",1,0.300302,0.22,100
6708,11111,"Dev_Irrigated-A-Low-Confined",2,0,0.01,400
6708,11112,"Dev_Irrigated-A-Low-Unconfined",2,0.054609,0.04,400
6708,11121,"Dev_Irrigated-A-Med-Confined",2,0,0.01,300
6708,11122,"Dev_Irrigated-A-Med-Unconfined",2,0,0.01,300
6708,11211,"Dev_Irrigated-B-Low-Confined",2,0,0.01,400
6708,11212,"Dev_Irrigated-B-Low-Unconfined",2,5.868622,0.05,400
6708,11221,"Dev_Irrigated-B-Med-Confined",2,0.010037,0.34,300
6708,11222,"Dev_Irrigated-B-Med-Unconfined",2,0.072219,0.04,300
6708,11311,"Dev_Irrigated-C-Low-Confined",2,0,0.01,400
6708,11312,"Dev_Irrigated-C-Low-Unconfined",2,0,0.01,400
6708,11321,"Dev_Irrigated-C-Med-Confined",2,0,0.18,300
6708,11322,"Dev_Irrigated-C-Med-Unconfined",2,0.000553,0.24,300
6708,11411,"Dev_Irrigated-D-Low-Confined",2,0,0.01,400
6708,11412,"Dev_Irrigated-D-Low-Unconfined",2,0,0.01,400
6708,11421,"Dev_Irrigated-D-Med-Confined",2,0,0.22,300
6708,11422,"Dev_Irrigated-D-Med-Unconfined",2,0,0.39,300
6708,12111,"Dev_Pervious-A-Low-Confined",2,0,0.01,400
6708,12112,"Dev_Pervious-A-Low-Unconfined",2,0.140752,0.03,400
6708,12121,"Dev_Pervious-A-Med-Confined",2,0,0.01,300
6708,12122,"Dev_Pervious-A-Med-Unconfined",2,0,0.01,300
6708,12211,"Dev_Pervious-B-Low-Confined",2,0,0.01,400
6708,12212,"Dev_Pervious-B-Low-Unconfined",2,15.12605,0.05,400
6708,12221,"Dev_Pervious-B-Med-Confined",2,0.02587,0.24,300
6708,12222,"Dev_Pervious-B-Med-Unconfined",2,0.186141,0.04,300
6708,12311,"Dev_Pervious-C-Low-Confined",2,0,0.01,400
6708,12312,"Dev_Pervious-C-Low-Unconfined",2,0,0.01,400
6708,12321,"Dev_Pervious-C-Med-Confined",2,0,0.01,300
6708,12322,"Dev_Pervious-C-Med-Unconfined",2,0.001424,0.09,300
6708,12411,"Dev_Pervious-D-Low-Confined",2,0,0.01,400
6708,12412,"Dev_Pervious-D-Low-Unconfined",2,0,0.01,400
6708,12421,"Dev_Pervious-D-Med-Confined",2,0,0.01,300
6708,12422,"Dev_Pervious-D-Med-Unconfined",2,0,0.01,300
6708,13111,"Agriculture-A-Low-Confined",2,0,0.01,400
6708,13112,"Agriculture-A-Low-Unconfined",2,0,0.01,400
6708,13121,"Agriculture-A-Med-Confined",2,0,0.01,300
6708,13122,"Agriculture-A-Med-Unconfined",2,0,0.01,300
6708,13211,"Agriculture-B-Low-Confined",2,0,0.01,400
6708,13212,"Agriculture-B-Low-Unconfined",2,0,0.01,400
6708,13221,"Agriculture-B-Med-Confined",2,0,0.01,300
6708,13222,"Agriculture-B-Med-Unconfined",2,0,0.01,300
6708,13231,"Agriculture-B-High-Confined",2,0,0.01,400
6708,13232,"Agriculture-B-High-Unconfined",2,0,0.01,400
6708,13311,"Agriculture-C-Low-Confined",2,0,0.01,400
6708,13312,"Agriculture-C-Low-Unconfined",2,0,0.01,400
6708,13321,"Agriculture-C-Med-Confined",2,0,0.01,300
6708,13322,"Agriculture-C-Med-Unconfined",2,0,0.01,300
6708,13331,"Agriculture-C-High-Confined",2,0,0.01,400
6708,13411,"Agriculture-D-Low-Confined",2,0,0.01,400
6708,13412,"Agriculture-D-Low-Unconfined",2,0,0.01,400
6708,13421,"Agriculture-D-Med-Confined",2,0,0.01,300
6708,13422,"Agriculture-D-Med-Unconfined",2,0,0.01,300
6708,13431,"Agriculture-D-High-Confined",2,0,0.01,400
6708,13432,"Agriculture-D-High-Unconfined",2,0,0.01,400
6708,14121,"Veg_Low-A-Med-Confined",2,0,0.01,300
6708,14122,"Veg_Low-A-Med-Unconfined",2,0.458176,0.02,300
6708,14131,"Veg_Low-A-High-Confined",2,0,0.01,400
6708,14132,"Veg_Low-A-High-Unconfined",2,0,0.01,400
6708,14221,"Veg_Low-B-Med-Confined",2,0,0.01,300
6708,14222,"Veg_Low-B-Med-Unconfined",2,50.445248,0.07,300
6708,14231,"Veg_Low-B-High-Confined",2,38.548662,0.44,400
6708,14232,"Veg_Low-B-High-Unconfined",2,0,0.01,400
6708,14321,"Veg_Low-C-Med-Confined",2,0,0.01,300
6708,14322,"Veg_Low-C-Med-Unconfined",2,1.70427,0.1,300
6708,14331,"Veg_Low-C-High-Confined",2,0.149721,0.38,400
6708,14332,"Veg_Low-C-High-Unconfined",2,0.211801,0.26,400
6708,14421,"Veg_Low-D-Med-Confined",2,0,0.01,300
6708,14422,"Veg_Low-D-Med-Unconfined",2,0.005478,0.12,300
6708,14431,"Veg_Low-D-High-Confined",2,4.08173,0.46,400
6708,14432,"Veg_Low-D-High-Unconfined",2,2.567172,0.58,400
6708,15121,"Veg_High-A-Med-Confined",2,0,0.01,300
6708,15122,"Veg_High-A-Med-Unconfined",2,0.062453,0.02,300
6708,15131,"Veg_High-A-High-Confined",2,0,0.01,400
6708,15132,"Veg_High-A-High-Unconfined",2,0,0.01,400
6708,15221,"Veg_High-B-Med-Confined",2,5.439264,0.2,300
6708,15222,"Veg_High-B-Med-Unconfined",2,21.60643,0.09,300
6708,15231,"Veg_High-B-High-Confined",2,14.115794,0.41,400
6708,15232,"Veg_High-B-High-Unconfined",2,0,0.01,400
6708,15321,"Veg_High-C-Med-Confined",2,0,0.01,300
6708,15322,"Veg_High-C-Med-Unconfined",2,0.167308,0.11,300
6708,15331,"Veg_High-C-High-Confined",2,0.108639,0.36,400
6708,15332,"Veg_High-C-High-Unconfined",2,0.093119,0.31,400
6708,15421,"Veg_High-D-Med-Confined",2,0,0.01,300
6708,15422,"Veg_High-D-Med-Unconfined",2,0,0.01,300
6708,15431,"Veg_High-D-High-Confined",2,2.489573,0.43,400
6708,15432,"Veg_High-D-High-Unconfined",2,2.264078,0.51,400
6708,16000,"Water-All-All-All",1,0,0.01,100
6709,1000,"Road_Freeway-All-All-All",1,0,0.01,100
6709,2000,"Road_Primary-All-All-All",1,0,0.01,100
6709,3000,"Road_Minor-All-All-All",1,0,0.01,100
6709,4000,"Dev_ResHigh-All-All-All",1,0,0.01,100
6709,5000,"Dev_ResLow-All-All-All",1,0,0.31,100
6709,6000,"Dev_Com-All-All-All",1,0,0.01,100
6709,7000,"Dev_Ind-All-All-All",1,0,0.01,100
6709,8000,"Dev_Inst-All-All-All",1,0,0.01,100
6709,9000,"Dev_Roof-All-All-All",1,0,0.01,100
6709,10000,"Dev_Overspray-All-All-All",1,0,0.32,100
6709,11111,"Dev_Irrigated-A-Low-Confined",2,0,0.01,400
6709,11112,"Dev_Irrigated-A-Low-Unconfined",2,0,0.01,400
6709,11121,"Dev_Irrigated-A-Med-Confined",2,0,0.01,300
6709,11122,"Dev_Irrigated-A-Med-Unconfined",2,0,0.01,300
6709,11211,"Dev_Irrigated-B-Low-Confined",2,0,0.01,400
6709,11212,"Dev_Irrigated-B-Low-Unconfined",2,0,0.01,400
6709,11221,"Dev_Irrigated-B-Med-Confined",2,0,0.32,300
6709,11222,"Dev_Irrigated-B-Med-Unconfined",2,0,0.36,300
6709,11311,"Dev_Irrigated-C-Low-Confined",2,0,0.01,400
6709,11312,"Dev_Irrigated-C-Low-Unconfined",2,0,0.04,400
6709,11321,"Dev_Irrigated-C-Med-Confined",2,0,0.4,300
6709,11322,"Dev_Irrigated-C-Med-Unconfined",2,0,0.4,300
6709,11411,"Dev_Irrigated-D-Low-Confined",2,0,0.01,400
6709,11412,"Dev_Irrigated-D-Low-Unconfined",2,0,0.01,400
6709,11421,"Dev_Irrigated-D-Med-Confined",2,0,0.32,300
6709,11422,"Dev_Irrigated-D-Med-Unconfined",2,0,0.01,300
6709,12111,"Dev_Pervious-A-Low-Confined",2,0,0.01,400
6709,12112,"Dev_Pervious-A-Low-Unconfined",2,0,0.01,400
6709,12121,"Dev_Pervious-A-Med-Confined",2,0,0.01,300
6709,12122,"Dev_Pervious-A-Med-Unconfined",2,0,0.01,300
6709,12211,"Dev_Pervious-B-Low-Confined",2,0,0.01,400
6709,12212,"Dev_Pervious-B-Low-Unconfined",2,0,0.01,400
6709,12221,"Dev_Pervious-B-Med-Confined",2,0,0.01,300
6709,12222,"Dev_Pervious-B-Med-Unconfined",2,0,0.01,300
6709,12311,"Dev_Pervious-C-Low-Confined",2,0,0.01,400
6709,12312,"Dev_Pervious-C-Low-Unconfined",2,0.000988,0.04,400
6709,12321,"Dev_Pervious-C-Med-Confined",2,0,0.01,300
6709,12322,"Dev_Pervious-C-Med-Unconfined",2,0,0.01,300
6709,12411,"Dev_Pervious-D-Low-Confined",2,0,0.01,400
6709,12412,"Dev_Pervious-D-Low-Unconfined",2,0,0.01,400
6709,12421,"Dev_Pervious-D-Med-Confined",2,0,0.01,300
6709,12422,"Dev_Pervious-D-Med-Unconfined",2,0,0.01,300
6709,13111,"Agriculture-A-Low-Confined",2,0,0.01,400
6709,13112,"Agriculture-A-Low-Unconfined",2,0,0.01,400
6709,13121,"Agriculture-A-Med-Confined",2,0,0.01,300
6709,13122,"Agriculture-A-Med-Unconfined",2,0,0.01,300
6709,13211,"Agriculture-B-Low-Confined",2,0,0.01,400
6709,13212,"Agriculture-B-Low-Unconfined",2,0,0.01,400
6709,13221,"Agriculture-B-Med-Confined",2,0,0.01,300
6709,13222,"Agriculture-B-Med-Unconfined",2,0,0.01,300
6709,13231,"Agriculture-B-High-Confined",2,0,0.01,400
6709,13232,"Agriculture-B-High-Unconfined",2,0,0.01,400
6709,13311,"Agriculture-C-Low-Confined",2,0,0.01,400
6709,13312,"Agriculture-C-Low-Unconfined",2,0,0.01,400
6709,13321,"Agriculture-C-Med-Confined",2,0,0.01,300
6709,13322,"Agriculture-C-Med-Unconfined",2,0,0.01,300
6709,13331,"Agriculture-C-High-Confined",2,0,0.01,400
6709,13411,"Agriculture-D-Low-Confined",2,0,0.01,400
6709,13412,"Agriculture-D-Low-Unconfined",2,0,0.01,400
6709,13421,"Agriculture-D-Med-Confined",2,0,0.01,300
6709,13422,"Agriculture-D-Med-Unconfined",2,0,0.01,300
6709,13431,"Agriculture-D-High-Confined",2,0,0.01,400
6709,13432,"Agriculture-D-High-Unconfined",2,0,0.01,400
6709,14121,"Veg_Low-A-Med-Confined",2,0,0.01,300
6709,14122,"Veg_Low-A-Med-Unconfined",2,0,0.01,300
6709,14131,"Veg_Low-A-High-Confined",2,0,0.01,400
6709,14132,"Veg_Low-A-High-Unconfined",2,0,0.01,400
6709,14221,"Veg_Low-B-Med-Confined",2,0,0.01,300
6709,14222,"Veg_Low-B-Med-Unconfined",2,0,0.01,300
6709,14231,"Veg_Low-B-High-Confined",2,58.411525,0.64,400
6709,14232,"Veg_Low-B-High-Unconfined",2,0.027676,0.72,400
6709,14321,"Veg_Low-C-Med-Confined",2,0.659275,0.17,300
6709,14322,"Veg_Low-C-Med-Unconfined",2,1.658565,0.18,300
6709,14331,"Veg_Low-C-High-Confined",2,39.536703,0.44,400
6709,14332,"Veg_Low-C-High-Unconfined",2,0.238209,0.4,400
6709,14421,"Veg_Low-D-Med-Confined",2,0,0.01,300
6709,14422,"Veg_Low-D-Med-Unconfined",2,0,0.01,300
6709,14431,"Veg_Low-D-High-Confined",2,3.661099,0.64,400
6709,14432,"Veg_Low-D-High-Unconfined",2,0,0.01,400
6709,15121,"Veg_High-A-Med-Confined",2,0,0.01,300
6709,15122,"Veg_High-A-Med-Unconfined",2,0,0.01,300
6709,15131,"Veg_High-A-High-Confined",2,0,0.01,400
6709,15132,"Veg_High-A-High-Unconfined",2,0,0.01,400
6709,15221,"Veg_High-B-Med-Confined",2,0,0.01,300
6709,15222,"Veg_High-B-Med-Unconfined",2,0,0.01,300
6709,15231,"Veg_High-B-High-Confined",2,36.820531,0.67,400
6709,15232,"Veg_High-B-High-Unconfined",2,0.016803,0.74,400
6709,15321,"Veg_High-C-Med-Confined",2,0.365715,0.18,300
6709,15322,"Veg_High-C-Med-Unconfined",2,0,0.01,300
6709,15331,"Veg_High-C-High-Confined",2,34.320823,0.46,400
6709,15332,"Veg_High-C-High-Unconfined",2,0.363738,0.45,400
6709,15421,"Veg_High-D-Med-Confined",2,0,0.01,300
6709,15422,"Veg_High-D-Med-Unconfined",2,0,0.01,300
6709,15431,"Veg_High-D-High-Confined",2,7.472437,0.64,400
6709,15432,"Veg_High-D-High-Unconfined",2,0,0.01,400
6709,16000,"Water-All-All-All",1,0,0.01,100
6710,1000,"Road_Freeway-All-All-All",1,0.914706,0.01,100
6710,2000,"Road_Primary-All-All-All",1,0.472682,0.01,100
6710,3000,"Road_Minor-All-All-All",1,7.478452,0.01,100
6710,4000,"Dev_ResHigh-All-All-All",1,0.209082,0.03,100
6710,5000,"Dev_ResLow-All-All-All",1,70.211043,0.14,100
6710,6000,"Dev_Com-All-All-All",1,1.225108,0.04,100
6710,7000,"Dev_Ind-All-All-All",1,7.133985,0.01,100
6710,8000,"Dev_Inst-All-All-All",1,4.138843,0.04,100
6710,9000,"Dev_Roof-All-All-All",1,18.097132,0.02,100
6710,10000,"Dev_Overspray-All-All-All",1,2.090684,0.12,100
6710,11111,"Dev_Irrigated-A-Low-Confined",2,2.909353,0.04,400
6710,11112,"Dev_Irrigated-A-Low-Unconfined",2,8.339995,0.03,400
6710,11121,"Dev_Irrigated-A-Med-Confined",2,0,0.04,300
6710,11122,"Dev_Irrigated-A-Med-Unconfined",2,0.008134,0.03,300
6710,11211,"Dev_Irrigated-B-Low-Confined",2,0.067068,0.13,400
6710,11212,"Dev_Irrigated-B-Low-Unconfined",2,12.68611,0.05,400
6710,11221,"Dev_Irrigated-B-Med-Confined",2,0.193249,0.27,300
6710,11222,"Dev_Irrigated-B-Med-Unconfined",2,0.108914,0.06,300
6710,11311,"Dev_Irrigated-C-Low-Confined",2,0,0.01,400
6710,11312,"Dev_Irrigated-C-Low-Unconfined",2,15.103311,0.03,400
6710,11321,"Dev_Irrigated-C-Med-Confined",2,0,0.01,300
6710,11322,"Dev_Irrigated-C-Med-Unconfined",2,0,0.01,300
6710,11411,"Dev_Irrigated-D-Low-Confined",2,0,0.01,400
6710,11412,"Dev_Irrigated-D-Low-Unconfined",2,2.397541,0.03,400
6710,11421,"Dev_Irrigated-D-Med-Confined",2,0,0.01,300
6710,11422,"Dev_Irrigated-D-Med-Unconfined",2,0,0.01,300
6710,12111,"Dev_Pervious-A-Low-Confined",2,7.498699,0.04,400
6710,12112,"Dev_Pervious-A-Low-Unconfined",2,21.495878,0.03,400
6710,12121,"Dev_Pervious-A-Med-Confined",2,0,0.01,300
6710,12122,"Dev_Pervious-A-Med-Unconfined",2,0.020964,0.03,300
6710,12211,"Dev_Pervious-B-Low-Confined",2,0.172864,0.05,400
6710,12212,"Dev_Pervious-B-Low-Unconfined",2,32.697752,0.04,400
6710,12221,"Dev_Pervious-B-Med-Confined",2,0.498089,0.24,300
6710,12222,"Dev_Pervious-B-Med-Unconfined",2,0.280719,0.06,300
6710,12311,"Dev_Pervious-C-Low-Confined",2,0,0.01,400
6710,12312,"Dev_Pervious-C-Low-Unconfined",2,38.927954,0.03,400
6710,12321,"Dev_Pervious-C-Med-Confined",2,0,0.01,300
6710,12322,"Dev_Pervious-C-Med-Unconfined",2,0,0.01,300
6710,12411,"Dev_Pervious-D-Low-Confined",2,0,0.01,400
6710,12412,"Dev_Pervious-D-Low-Unconfined",2,6.17953,0.03,400
6710,12421,"Dev_Pervious-D-Med-Confined",2,0,0.01,300
6710,12422,"Dev_Pervious-D-Med-Unconfined",2,0,0.01,300
6710,13111,"Agriculture-A-Low-Confined",2,0,0.01,400
6710,13112,"Agriculture-A-Low-Unconfined",2,0,0.01,400
6710,13121,"Agriculture-A-Med-Confined",2,0,0.01,300
6710,13122,"Agriculture-A-Med-Unconfined",2,0,0.01,300
6710,13211,"Agriculture-B-Low-Confined",2,0,0.01,400
6710,13212,"Agriculture-B-Low-Unconfined",2,0,0.01,400
6710,13221,"Agriculture-B-Med-Confined",2,0,0.01,300
6710,13222,"Agriculture-B-Med-Unconfined",2,0,0.01,300
6710,13231,"Agriculture-B-High-Confined",2,0,0.01,400
6710,13232,"Agriculture-B-High-Unconfined",2,0,0.01,400
6710,13311,"Agriculture-C-Low-Confined",2,0,0.01,400
6710,13312,"Agriculture-C-Low-Unconfined",2,0,0.01,400
6710,13321,"Agriculture-C-Med-Confined",2,0,0.01,300
6710,13322,"Agriculture-C-Med-Unconfined",2,0,0.01,300
6710,13331,"Agriculture-C-High-Confined",2,0,0.01,400
6710,13411,"Agriculture-D-Low-Confined",2,0,0.01,400
6710,13412,"Agriculture-D-Low-Unconfined",2,0,0.01,400
6710,13421,"Agriculture-D-Med-Confined",2,0,0.01,300
6710,13422,"Agriculture-D-Med-Unconfined",2,0,0.01,300
6710,13431,"Agriculture-D-High-Confined",2,0,0.01,400
6710,13432,"Agriculture-D-High-Unconfined",2,0,0.01,400
6710,14121,"Veg_Low-A-Med-Confined",2,11.321022,0.05,300
6710,14122,"Veg_Low-A-Med-Unconfined",2,23.72387,0.02,300
6710,14131,"Veg_Low-A-High-Confined",2,0,0.01,400
6710,14132,"Veg_Low-A-High-Unconfined",2,0,0.01,400
6710,14221,"Veg_Low-B-Med-Confined",2,0.381014,0.26,300
6710,14222,"Veg_Low-B-Med-Unconfined",2,19.367258,0.02,300
6710,14231,"Veg_Low-B-High-Confined",2,53.789337,0.37,400
6710,14232,"Veg_Low-B-High-Unconfined",2,0,0.01,400
6710,14321,"Veg_Low-C-Med-Confined",2,0,0.01,300
6710,14322,"Veg_Low-C-Med-Unconfined",2,20.496976,0.02,300
6710,14331,"Veg_Low-C-High-Confined",2,0,0.01,400
6710,14332,"Veg_Low-C-High-Unconfined",2,0,0.01,400
6710,14421,"Veg_Low-D-Med-Confined",2,0,0.01,300
6710,14422,"Veg_Low-D-Med-Unconfined",2,6.000397,0.02,300
6710,14431,"Veg_Low-D-High-Confined",2,0,0.01,400
6710,14432,"Veg_Low-D-High-Unconfined",2,0,0.01,400
6710,15121,"Veg_High-A-Med-Confined",2,1.719429,0.06,300
6710,15122,"Veg_High-A-Med-Unconfined",2,2.187214,0.04,300
6710,15131,"Veg_High-A-High-Confined",2,0,0.01,400
6710,15132,"Veg_High-A-High-Unconfined",2,0,0.01,400
6710,15221,"Veg_High-B-Med-Confined",2,0.080907,0.16,300
6710,15222,"Veg_High-B-Med-Unconfined",2,12.139055,0.02,300
6710,15231,"Veg_High-B-High-Confined",2,16.655697,0.37,400
6710,15232,"Veg_High-B-High-Unconfined",2,0,0.01,400
6710,15321,"Veg_High-C-Med-Confined",2,0,0.01,300
6710,15322,"Veg_High-C-Med-Unconfined",2,14.584299,0.02,300
6710,15331,"Veg_High-C-High-Confined",2,0,0.01,400
6710,15332,"Veg_High-C-High-Unconfined",2,0,0.01,400
6710,15421,"Veg_High-D-Med-Confined",2,0,0.01,300
6710,15422,"Veg_High-D-Med-Unconfined",2,4.952735,0.02,300
6710,15431,"Veg_High-D-High-Confined",2,0,0.01,400
6710,15432,"Veg_High-D-High-Unconfined",2,0,0.01,400
6710,16000,"Water-All-All-All",1,0,0.01,100
6711,1000,"Road_Freeway-All-All-All",1,0,0.01,100
6711,2000,"Road_Primary-All-All-All",1,1.043967,0.01,100
6711,3000,"Road_Minor-All-All-All",1,4.952083,0.13,100
6711,4000,"Dev_ResHigh-All-All-All",1,0.033408,0.01,100
6711,5000,"Dev_ResLow-All-All-All",1,38.858532,0.21,100
6711,6000,"Dev_Com-All-All-All",1,0,0.01,100
6711,7000,"Dev_Ind-All-All-All",1,0,0.01,100
6711,8000,"Dev_Inst-All-All-All",1,0.123908,0.04,100
6711,9000,"Dev_Roof-All-All-All",1,7.212292,0.16,100
6711,10000,"Dev_Overspray-All-All-All",1,2.005619,0.23,100
6711,11111,"Dev_Irrigated-A-Low-Confined",2,0.01006,0.06,400
6711,11112,"Dev_Irrigated-A-Low-Unconfined",2,1.993126,0.06,400
6711,11121,"Dev_Irrigated-A-Med-Confined",2,0,0.01,300
6711,11122,"Dev_Irrigated-A-Med-Unconfined",2,0,0.01,300
6711,11211,"Dev_Irrigated-B-Low-Confined",2,0,0.01,400
6711,11212,"Dev_Irrigated-B-Low-Unconfined",2,26.045477,0.11,400
6711,11221,"Dev_Irrigated-B-Med-Confined",2,0.234348,0.36,300
6711,11222,"Dev_Irrigated-B-Med-Unconfined",2,9.170551,0.18,300
6711,11311,"Dev_Irrigated-C-Low-Confined",2,0,0.01,400
6711,11312,"Dev_Irrigated-C-Low-Unconfined",2,0,0.01,400
6711,11321,"Dev_Irrigated-C-Med-Confined",2,0,0.01,300
6711,11322,"Dev_Irrigated-C-Med-Unconfined",2,0,0.01,300
6711,11411,"Dev_Irrigated-D-Low-Confined",2,0,0.01,400
6711,11412,"Dev_Irrigated-D-Low-Unconfined",2,0,0.01,400
6711,11421,"Dev_Irrigated-D-Med-Confined",2,0.782333,0.26,300
6711,11422,"Dev_Irrigated-D-Med-Unconfined",2,1.876487,0.3,300
6711,12111,"Dev_Pervious-A-Low-Confined",2,0.025929,0.07,400
6711,12112,"Dev_Pervious-A-Low-Unconfined",2,5.137174,0.06,400
6711,12121,"Dev_Pervious-A-Med-Confined",2,0,0.01,300
6711,12122,"Dev_Pervious-A-Med-Unconfined",2,0,0.01,300
6711,12211,"Dev_Pervious-B-Low-Confined",2,0,0.01,400
6711,12212,"Dev_Pervious-B-Low-Unconfined",2,67.130786,0.08,400
6711,12221,"Dev_Pervious-B-Med-Confined",2,0.604019,0.36,300
6711,12222,"Dev_Pervious-B-Med-Unconfined",2,23.636592,0.05,300
6711,12311,"Dev_Pervious-C-Low-Confined",2,0,0.01,400
6711,12312,"Dev_Pervious-C-Low-Unconfined",2,0,0.01,400
6711,12321,"Dev_Pervious-C-Med-Confined",2,0,0.01,300
6711,12322,"Dev_Pervious-C-Med-Unconfined",2,0,0.01,300
6711,12411,"Dev_Pervious-D-Low-Confined",2,0,0.01,400
6711,12412,"Dev_Pervious-D-Low-Unconfined",2,0,0.01,400
6711,12421,"Dev_Pervious-D-Med-Confined",2,2.016419,0.25,300
6711,12422,"Dev_Pervious-D-Med-Unconfined",2,4.836542,0.26,300
6711,13111,"Agriculture-A-Low-Confined",2,0,0.01,400
6711,13112,"Agriculture-A-Low-Unconfined",2,0,0.01,400
6711,13121,"Agriculture-A-Med-Confined",2,0,0.01,300
6711,13122,"Agriculture-A-Med-Unconfined",2,0,0.01,300
6711,13211,"Agriculture-B-Low-Confined",2,0,0.01,400
6711,13212,"Agriculture-B-Low-Unconfined",2,0,0.01,400
6711,13221,"Agriculture-B-Med-Confined",2,0,0.01,300
6711,13222,"Agriculture-B-Med-Unconfined",2,0,0.01,300
6711,13231,"Agriculture-B-High-Confined",2,0,0.01,400
6711,13232,"Agriculture-B-High-Unconfined",2,0,0.01,400
6711,13311,"Agriculture-C-Low-Confined",2,0,0.01,400
6711,13312,"Agriculture-C-Low-Unconfined",2,0,0.01,400
6711,13321,"Agriculture-C-Med-Confined",2,0,0.01,300
6711,13322,"Agriculture-C-Med-Unconfined",2,0,0.01,300
6711,13331,"Agriculture-C-High-Confined",2,0,0.01,400
6711,13411,"Agriculture-D-Low-Confined",2,0,0.01,400
6711,13412,"Agriculture-D-Low-Unconfined",2,0,0.01,400
6711,13421,"Agriculture-D-Med-Confined",2,0,0.01,300
6711,13422,"Agriculture-D-Med-Unconfined",2,0,0.01,300
6711,13431,"Agriculture-D-High-Confined",2,0,0.01,400
6711,13432,"Agriculture-D-High-Unconfined",2,0,0.01,400
6711,14121,"Veg_Low-A-Med-Confined",2,0.00886,0.02,300
6711,14122,"Veg_Low-A-Med-Unconfined",2,2.877051,0.04,300
6711,14131,"Veg_Low-A-High-Confined",2,0,0.01,400
6711,14132,"Veg_Low-A-High-Unconfined",2,0,0.01,400
6711,14221,"Veg_Low-B-Med-Confined",2,0,0.01,300
6711,14222,"Veg_Low-B-Med-Unconfined",2,61.331011,0.14,300
6711,14231,"Veg_Low-B-High-Confined",2,2.659046,0.48,400
6711,14232,"Veg_Low-B-High-Unconfined",2,9.525653,0.18,400
6711,14321,"Veg_Low-C-Med-Confined",2,0,0.01,300
6711,14322,"Veg_Low-C-Med-Unconfined",2,0,0.01,300
6711,14331,"Veg_Low-C-High-Confined",2,0,0.01,400
6711,14332,"Veg_Low-C-High-Unconfined",2,0,0.01,400
6711,14421,"Veg_Low-D-Med-Confined",2,0,0.01,300
6711,14422,"Veg_Low-D-Med-Unconfined",2,1.624404,0.14,300
6711,14431,"Veg_Low-D-High-Confined",2,3.808156,0.52,400
6711,14432,"Veg_Low-D-High-Unconfined",2,3.416402,0.36,400
6711,15121,"Veg_High-A-Med-Confined",2,0.018955,0.03,300
6711,15122,"Veg_High-A-Med-Unconfined",2,2.290021,0.03,300
6711,15131,"Veg_High-A-High-Confined",2,0,0.01,400
6711,15132,"Veg_High-A-High-Unconfined",2,0,0.01,400
6711,15221,"Veg_High-B-Med-Confined",2,0,0.01,300
6711,15222,"Veg_High-B-Med-Unconfined",2,62.336563,0.2,300
6711,15231,"Veg_High-B-High-Confined",2,1.378627,0.54,400
6711,15232,"Veg_High-B-High-Unconfined",2,8.594649,0.22,400
6711,15321,"Veg_High-C-Med-Confined",2,0,0.01,300
6711,15322,"Veg_High-C-Med-Unconfined",2,0,0.01,300
6711,15331,"Veg_High-C-High-Confined",2,0,0.01,400
6711,15332,"Veg_High-C-High-Unconfined",2,0,0.01,400
6711,15421,"Veg_High-D-Med-Confined",2,0,0.01,300
6711,15422,"Veg_High-D-Med-Unconfined",2,0.358107,0.19,300
6711,15431,"Veg_High-D-High-Confined",2,2.434195,0.59,400
6711,15432,"Veg_High-D-High-Unconfined",2,3.893894,0.35,400
6711,16000,"Water-All-All-All",1,0,0.01,100
6712,1000,"Road_Freeway-All-All-All",1,0,0.01,100
6712,2000,"Road_Primary-All-All-All",1,0,0.01,100
6712,3000,"Road_Minor-All-All-All",1,0.003546,0.08,100
6712,4000,"Dev_ResHigh-All-All-All",1,0,0.01,100
6712,5000,"Dev_ResLow-All-All-All",1,0.36178,0.23,100
6712,6000,"Dev_Com-All-All-All",1,0,0.01,100
6712,7000,"Dev_Ind-All-All-All",1,0,0.01,100
6712,8000,"Dev_Inst-All-All-All",1,0.000146,0.04,100
6712,9000,"Dev_Roof-All-All-All",1,0,0.01,100
6712,10000,"Dev_Overspray-All-All-All",1,0.000813,0.23,100
6712,11111,"Dev_Irrigated-A-Low-Confined",2,0,0.01,400
6712,11112,"Dev_Irrigated-A-Low-Unconfined",2,0,0.01,400
6712,11121,"Dev_Irrigated-A-Med-Confined",2,0,0.01,300
6712,11122,"Dev_Irrigated-A-Med-Unconfined",2,0,0.01,300
6712,11211,"Dev_Irrigated-B-Low-Confined",2,0.010701,0.06,400
6712,11212,"Dev_Irrigated-B-Low-Unconfined",2,0,0.01,400
6712,11221,"Dev_Irrigated-B-Med-Confined",2,0.005553,0.37,300
6712,11222,"Dev_Irrigated-B-Med-Unconfined",2,0,0.26,300
6712,11311,"Dev_Irrigated-C-Low-Confined",2,0,0.01,400
6712,11312,"Dev_Irrigated-C-Low-Unconfined",2,0,0.01,400
6712,11321,"Dev_Irrigated-C-Med-Confined",2,0,0.01,300
6712,11322,"Dev_Irrigated-C-Med-Unconfined",2,0,0.01,300
6712,11411,"Dev_Irrigated-D-Low-Confined",2,0,0.01,400
6712,11412,"Dev_Irrigated-D-Low-Unconfined",2,0,0.01,400
6712,11421,"Dev_Irrigated-D-Med-Confined",2,0,0.33,300
6712,11422,"Dev_Irrigated-D-Med-Unconfined",2,0,0.01,300
6712,12111,"Dev_Pervious-A-Low-Confined",2,0,0.01,400
6712,12112,"Dev_Pervious-A-Low-Unconfined",2,0,0.01,400
6712,12121,"Dev_Pervious-A-Med-Confined",2,0,0.01,300
6712,12122,"Dev_Pervious-A-Med-Unconfined",2,0,0.01,300
6712,12211,"Dev_Pervious-B-Low-Confined",2,0.347106,0.06,400
6712,12212,"Dev_Pervious-B-Low-Unconfined",2,0,0.01,400
6712,12221,"Dev_Pervious-B-Med-Confined",2,0.180123,0.12,300
6712,12222,"Dev_Pervious-B-Med-Unconfined",2,0,0.01,300
6712,12311,"Dev_Pervious-C-Low-Confined",2,0,0.01,400
6712,12312,"Dev_Pervious-C-Low-Unconfined",2,0,0.01,400
6712,12321,"Dev_Pervious-C-Med-Confined",2,0,0.01,300
6712,12322,"Dev_Pervious-C-Med-Unconfined",2,0,0.01,300
6712,12411,"Dev_Pervious-D-Low-Confined",2,0,0.01,400
6712,12412,"Dev_Pervious-D-Low-Unconfined",2,0,0.01,400
6712,12421,"Dev_Pervious-D-Med-Confined",2,0,0.01,300
6712,12422,"Dev_Pervious-D-Med-Unconfined",2,0,0.01,300
6712,13111,"Agriculture-A-Low-Confined",2,0,0.01,400
6712,13112,"Agriculture-A-Low-Unconfined",2,0,0.01,400
6712,13121,"Agriculture-A-Med-Confined",2,0,0.01,300
6712,13122,"Agriculture-A-Med-Unconfined",2,0,0.01,300
6712,13211,"Agriculture-B-Low-Confined",2,0,0.01,400
6712,13212,"Agriculture-B-Low-Unconfined",2,0,0.01,400
6712,13221,"Agriculture-B-Med-Confined",2,0,0.01,300
6712,13222,"Agriculture-B-Med-Unconfined",2,0,0.01,300
6712,13231,"Agriculture-B-High-Confined",2,0,0.01,400
6712,13232,"Agriculture-B-High-Unconfined",2,0,0.01,400
6712,13311,"Agriculture-C-Low-Confined",2,0,0.01,400
6712,13312,"Agriculture-C-Low-Unconfined",2,0,0.01,400
6712,13321,"Agriculture-C-Med-Confined",2,0,0.01,300
6712,13322,"Agriculture-C-Med-Unconfined",2,0,0.01,300
6712,13331,"Agriculture-C-High-Confined",2,0,0.01,400
6712,13411,"Agriculture-D-Low-Confined",2,0,0.01,400
6712,13412,"Agriculture-D-Low-Unconfined",2,0,0.01,400
6712,13421,"Agriculture-D-Med-Confined",2,0,0.01,300
6712,13422,"Agriculture-D-Med-Unconfined",2,0,0.01,300
6712,13431,"Agriculture-D-High-Confined",2,0,0.01,400
6712,13432,"Agriculture-D-High-Unconfined",2,0,0.01,400
6712,14121,"Veg_Low-A-Med-Confined",2,0,0.01,300
6712,14122,"Veg_Low-A-Med-Unconfined",2,0,0.01,300
6712,14131,"Veg_Low-A-High-Confined",2,0,0.01,400
6712,14132,"Veg_Low-A-High-Unconfined",2,0,0.01,400
6712,14221,"Veg_Low-B-Med-Confined",2,5.933462,0.14,300
6712,14222,"Veg_Low-B-Med-Unconfined",2,0,0.01,300
6712,14231,"Veg_Low-B-High-Confined",2,14.319205,0.53,400
6712,14232,"Veg_Low-B-High-Unconfined",2,0.588108,0.44,400
6712,14321,"Veg_Low-C-Med-Confined",2,0,0.01,300
6712,14322,"Veg_Low-C-Med-Unconfined",2,0,0.01,300
6712,14331,"Veg_Low-C-High-Confined",2,0,0.01,400
6712,14332,"Veg_Low-C-High-Unconfined",2,0,0.01,400
6712,14421,"Veg_Low-D-Med-Confined",2,0,0.01,300
6712,14422,"Veg_Low-D-Med-Unconfined",2,0,0.01,300
6712,14431,"Veg_Low-D-High-Confined",2,206.015287,0.61,400
6712,14432,"Veg_Low-D-High-Unconfined",2,0,0.01,400
6712,15121,"Veg_High-A-Med-Confined",2,0,0.01,300
6712,15122,"Veg_High-A-Med-Unconfined",2,0,0.01,300
6712,15131,"Veg_High-A-High-Confined",2,0,0.01,400
6712,15132,"Veg_High-A-High-Unconfined",2,0,0.01,400
6712,15221,"Veg_High-B-Med-Confined",2,0,0.01,300
6712,15222,"Veg_High-B-Med-Unconfined",2,0,0.01,300
6712,15231,"Veg_High-B-High-Confined",2,19.105379,0.47,400
6712,15232,"Veg_High-B-High-Unconfined",2,0.182857,0.58,400
6712,15321,"Veg_High-C-Med-Confined",2,0,0.01,300
6712,15322,"Veg_High-C-Med-Unconfined",2,0,0.01,300
6712,15331,"Veg_High-C-High-Confined",2,0,0.01,400
6712,15332,"Veg_High-C-High-Unconfined",2,0,0.01,400
6712,15421,"Veg_High-D-Med-Confined",2,0,0.01,300
6712,15422,"Veg_High-D-Med-Unconfined",2,0,0.01,300
6712,15431,"Veg_High-D-High-Confined",2,213.018729,0.72,400
6712,15432,"Veg_High-D-High-Unconfined",2,0,0.01,400
6712,16000,"Water-All-All-All",1,0,0.01,100
6713,1000,"Road_Freeway-All-All-All",1,0,0.01,100
6713,2000,"Road_Primary-All-All-All",1,0,0.01,100
6713,3000,"Road_Minor-All-All-All",1,0.005424,0.12,100
6713,4000,"Dev_ResHigh-All-All-All",1,0,0.01,100
6713,5000,"Dev_ResLow-All-All-All",1,0.350023,0.23,100
6713,6000,"Dev_Com-All-All-All",1,0,0.01,100
6713,7000,"Dev_Ind-All-All-All",1,0,0.01,100
6713,8000,"Dev_Inst-All-All-All",1,0.010165,0.08,100
6713,9000,"Dev_Roof-All-All-All",1,0.000842,0.07,100
6713,10000,"Dev_Overspray-All-All-All",1,0.035679,0.23,100
6713,11111,"Dev_Irrigated-A-Low-Confined",2,0.007735,0.18,400
6713,11112,"Dev_Irrigated-A-Low-Unconfined",2,0,0.01,400
6713,11121,"Dev_Irrigated-A-Med-Confined",2,0.221346,0.26,300
6713,11122,"Dev_Irrigated-A-Med-Unconfined",2,0,0.01,300
6713,11211,"Dev_Irrigated-B-Low-Confined",2,0,0.01,400
6713,11212,"Dev_Irrigated-B-Low-Unconfined",2,0,0.01,400
6713,11221,"Dev_Irrigated-B-Med-Confined",2,0.328311,0.22,300
6713,11222,"Dev_Irrigated-B-Med-Unconfined",2,0,0.3,300
6713,11311,"Dev_Irrigated-C-Low-Confined",2,0,0.01,400
6713,11312,"Dev_Irrigated-C-Low-Unconfined",2,0,0.01,400
6713,11321,"Dev_Irrigated-C-Med-Confined",2,0,0.01,300
6713,11322,"Dev_Irrigated-C-Med-Unconfined",2,0,0.01,300
6713,11411,"Dev_Irrigated-D-Low-Confined",2,0,0.01,400
6713,11412,"Dev_Irrigated-D-Low-Unconfined",2,0,0.01,400
6713,11421,"Dev_Irrigated-D-Med-Confined",2,0.156196,0.38,300
6713,11422,"Dev_Irrigated-D-Med-Unconfined",2,0,0.24,300
6713,12111,"Dev_Pervious-A-Low-Confined",2,0.019938,0.16,400
6713,12112,"Dev_Pervious-A-Low-Unconfined",2,0,0.01,400
6713,12121,"Dev_Pervious-A-Med-Confined",2,0.570508,0.22,300
6713,12122,"Dev_Pervious-A-Med-Unconfined",2,0,0.01,300
6713,12211,"Dev_Pervious-B-Low-Confined",2,0,0.01,400
6713,12212,"Dev_Pervious-B-Low-Unconfined",2,0,0.01,400
6713,12221,"Dev_Pervious-B-Med-Confined",2,0.846204,0.22,300
6713,12222,"Dev_Pervious-B-Med-Unconfined",2,0,0.01,300
6713,12311,"Dev_Pervious-C-Low-Confined",2,0,0.01,400
6713,12312,"Dev_Pervious-C-Low-Unconfined",2,0,0.01,400
6713,12321,"Dev_Pervious-C-Med-Confined",2,0,0.01,300
6713,12322,"Dev_Pervious-C-Med-Unconfined",2,0,0.01,300
6713,12411,"Dev_Pervious-D-Low-Confined",2,0,0.01,400
6713,12412,"Dev_Pervious-D-Low-Unconfined",2,0,0.01,400
6713,12421,"Dev_Pervious-D-Med-Confined",2,0.402586,0.18,300
6713,12422,"Dev_Pervious-D-Med-Unconfined",2,0,0.01,300
6713,13111,"Agriculture-A-Low-Confined",2,0,0.01,400
6713,13112,"Agriculture-A-Low-Unconfined",2,0,0.01,400
6713,13121,"Agriculture-A-Med-Confined",2,0,0.01,300
6713,13122,"Agriculture-A-Med-Unconfined",2,0,0.01,300
6713,13211,"Agriculture-B-Low-Confined",2,0,0.01,400
6713,13212,"Agriculture-B-Low-Unconfined",2,0,0.01,400
6713,13221,"Agriculture-B-Med-Confined",2,0,0.01,300
6713,13222,"Agriculture-B-Med-Unconfined",2,0,0.01,300
6713,13231,"Agriculture-B-High-Confined",2,0,0.01,400
6713,13232,"Agriculture-B-High-Unconfined",2,0,0.01,400
6713,13311,"Agriculture-C-Low-Confined",2,0,0.01,400
6713,13312,"Agriculture-C-Low-Unconfined",2,0,0.01,400
6713,13321,"Agriculture-C-Med-Confined",2,0,0.01,300
6713,13322,"Agriculture-C-Med-Unconfined",2,0,0.01,300
6713,13331,"Agriculture-C-High-Confined",2,0,0.01,400
6713,13411,"Agriculture-D-Low-Confined",2,0,0.01,400
6713,13412,"Agriculture-D-Low-Unconfined",2,0,0.01,400
6713,13421,"Agriculture-D-Med-Confined",2,0,0.01,300
6713,13422,"Agriculture-D-Med-Unconfined",2,0,0.01,300
6713,13431,"Agriculture-D-High-Confined",2,0,0.01,400
6713,13432,"Agriculture-D-High-Unconfined",2,0,0.01,400
6713,14121,"Veg_Low-A-Med-Confined",2,1.519805,0.14,300
6713,14122,"Veg_Low-A-Med-Unconfined",2,0,0.01,300
6713,14131,"Veg_Low-A-High-Confined",2,0.006901,0.34,400
6713,14132,"Veg_Low-A-High-Unconfined",2,0,0.01,400
6713,14221,"Veg_Low-B-Med-Confined",2,0,0.01,300
6713,14222,"Veg_Low-B-Med-Unconfined",2,0,0.01,300
6713,14231,"Veg_Low-B-High-Confined",2,12.800405,0.47,400
6713,14232,"Veg_Low-B-High-Unconfined",2,1.329219,0.53,400
6713,14321,"Veg_Low-C-Med-Confined",2,0,0.01,300
6713,14322,"Veg_Low-C-Med-Unconfined",2,0,0.01,300
6713,14331,"Veg_Low-C-High-Confined",2,0,0.01,400
6713,14332,"Veg_Low-C-High-Unconfined",2,0,0.01,400
6713,14421,"Veg_Low-D-Med-Confined",2,0.01183,0.14,300
6713,14422,"Veg_Low-D-Med-Unconfined",2,0,0.01,300
6713,14431,"Veg_Low-D-High-Confined",2,8.667561,0.48,400
6713,14432,"Veg_Low-D-High-Unconfined",2,0.09285,0.5,400
6713,15121,"Veg_High-A-Med-Confined",2,0.194971,0.31,300
6713,15122,"Veg_High-A-Med-Unconfined",2,0,0.01,300
6713,15131,"Veg_High-A-High-Confined",2,0.235571,0.3,400
6713,15132,"Veg_High-A-High-Unconfined",2,0,0.01,400
6713,15221,"Veg_High-B-Med-Confined",2,0,0.01,300
6713,15222,"Veg_High-B-Med-Unconfined",2,0,0.01,300
6713,15231,"Veg_High-B-High-Confined",2,14.085993,0.54,400
6713,15232,"Veg_High-B-High-Unconfined",2,0.873766,0.68,400
6713,15321,"Veg_High-C-Med-Confined",2,0,0.01,300
6713,15322,"Veg_High-C-Med-Unconfined",2,0,0.01,300
6713,15331,"Veg_High-C-High-Confined",2,0,0.01,400
6713,15332,"Veg_High-C-High-Unconfined",2,0,0.01,400
6713,15421,"Veg_High-D-Med-Confined",2,0,0.01,300
6713,15422,"Veg_High-D-Med-Unconfined",2,0,0.01,300
6713,15431,"Veg_High-D-High-Confined",2,10.600665,0.59,400
6713,15432,"Veg_High-D-High-Unconfined",2,0.170062,0.49,400
6713,16000,"Water-All-All-All",1,0,0.01,100
6714,1000,"Road_Freeway-All-All-All",1,0,0.01,100
6714,2000,"Road_Primary-All-All-All",1,0.002969,0.04,100
6714,3000,"Road_Minor-All-All-All",1,4.484129,0.08,100
6714,4000,"Dev_ResHigh-All-All-All",1,2.679478,0.03,100
6714,5000,"Dev_ResLow-All-All-All",1,29.692351,0.14,100
6714,6000,"Dev_Com-All-All-All",1,0.005339,0.03,100
6714,7000,"Dev_Ind-All-All-All",1,0,0.01,100
6714,8000,"Dev_Inst-All-All-All",1,0.306433,0.05,100
6714,9000,"Dev_Roof-All-All-All",1,8.375509,0.13,100
6714,10000,"Dev_Overspray-All-All-All",1,3.094376,0.14,100
6714,11111,"Dev_Irrigated-A-Low-Confined",2,2.422518,0.08,400
6714,11112,"Dev_Irrigated-A-Low-Unconfined",2,8.564772,0.07,400
6714,11121,"Dev_Irrigated-A-Med-Confined",2,2.571535,0.06,300
6714,11122,"Dev_Irrigated-A-Med-Unconfined",2,0.362163,0.05,300
6714,11211,"Dev_Irrigated-B-Low-Confined",2,8.484066,0.12,400
6714,11212,"Dev_Irrigated-B-Low-Unconfined",2,14.919148,0.07,400
6714,11221,"Dev_Irrigated-B-Med-Confined",2,0.28752,0.22,300
6714,11222,"Dev_Irrigated-B-Med-Unconfined",2,0.01836,0.06,300
6714,11311,"Dev_Irrigated-C-Low-Confined",2,0,0.01,400
6714,11312,"Dev_Irrigated-C-Low-Unconfined",2,13.833854,0.05,400
6714,11321,"Dev_Irrigated-C-Med-Confined",2,0,0.01,300
6714,11322,"Dev_Irrigated-C-Med-Unconfined",2,0.00504,0.06,300
6714,11411,"Dev_Irrigated-D-Low-Confined",2,0,0.01,400
6714,11412,"Dev_Irrigated-D-Low-Unconfined",2,10.127544,0.05,400
6714,11421,"Dev_Irrigated-D-Med-Confined",2,0.291009,0.35,300
6714,11422,"Dev_Irrigated-D-Med-Unconfined",2,0,0.01,300
6714,12111,"Dev_Pervious-A-Low-Confined",2,6.243906,0.08,400
6714,12112,"Dev_Pervious-A-Low-Unconfined",2,22.075231,0.07,400
6714,12121,"Dev_Pervious-A-Med-Confined",2,6.627991,0.05,300
6714,12122,"Dev_Pervious-A-Med-Unconfined",2,0.933455,0.04,300
6714,12211,"Dev_Pervious-B-Low-Confined",2,21.867215,0.11,400
6714,12212,"Dev_Pervious-B-Low-Unconfined",2,38.453284,0.07,400
6714,12221,"Dev_Pervious-B-Med-Confined",2,0.741066,0.07,300
6714,12222,"Dev_Pervious-B-Med-Unconfined",2,0.047321,0.06,300
6714,12311,"Dev_Pervious-C-Low-Confined",2,0,0.01,400
6714,12312,"Dev_Pervious-C-Low-Unconfined",2,35.655999,0.03,400
6714,12321,"Dev_Pervious-C-Med-Confined",2,0,0.01,300
6714,12322,"Dev_Pervious-C-Med-Unconfined",2,0.01299,0.04,300
6714,12411,"Dev_Pervious-D-Low-Confined",2,0,0.01,400
6714,12412,"Dev_Pervious-D-Low-Unconfined",2,26.103188,0.04,400
6714,12421,"Dev_Pervious-D-Med-Confined",2,0.75006,0.28,300
6714,12422,"Dev_Pervious-D-Med-Unconfined",2,0,0.01,300
6714,13111,"Agriculture-A-Low-Confined",2,0,0.01,400
6714,13112,"Agriculture-A-Low-Unconfined",2,0,0.01,400
6714,13121,"Agriculture-A-Med-Confined",2,0,0.01,300
6714,13122,"Agriculture-A-Med-Unconfined",2,0,0.01,300
6714,13211,"Agriculture-B-Low-Confined",2,0,0.01,400
6714,13212,"Agriculture-B-Low-Unconfined",2,0,0.01,400
6714,13221,"Agriculture-B-Med-Confined",2,0,0.01,300
6714,13222,"Agriculture-B-Med-Unconfined",2,0,0.01,300
6714,13231,"Agriculture-B-High-Confined",2,0,0.01,400
6714,13232,"Agriculture-B-High-Unconfined",2,0,0.01,400
6714,13311,"Agriculture-C-Low-Confined",2,0,0.01,400
6714,13312,"Agriculture-C-Low-Unconfined",2,0,0.01,400
6714,13321,"Agriculture-C-Med-Confined",2,0,0.01,300
6714,13322,"Agriculture-C-Med-Unconfined",2,0,0.01,300
6714,13331,"Agriculture-C-High-Confined",2,0,0.01,400
6714,13411,"Agriculture-D-Low-Confined",2,0,0.01,400
6714,13412,"Agriculture-D-Low-Unconfined",2,0,0.01,400
6714,13421,"Agriculture-D-Med-Confined",2,0,0.01,300
6714,13422,"Agriculture-D-Med-Unconfined",2,0,0.01,300
6714,13431,"Agriculture-D-High-Confined",2,0,0.01,400
6714,13432,"Agriculture-D-High-Unconfined",2,0,0.01,400
6714,14121,"Veg_Low-A-Med-Confined",2,20.72011,0.1,300
6714,14122,"Veg_Low-A-Med-Unconfined",2,108.165039,0.09,300
6714,14131,"Veg_Low-A-High-Confined",2,0,0.01,400
6714,14132,"Veg_Low-A-High-Unconfined",2,0,0.01,400
6714,14221,"Veg_Low-B-Med-Confined",2,45.977048,0.16,300
6714,14222,"Veg_Low-B-Med-Unconfined",2,12.300662,0.11,300
6714,14231,"Veg_Low-B-High-Confined",2,63.52648,0.29,400
6714,14232,"Veg_Low-B-High-Unconfined",2,0,0.01,400
6714,14321,"Veg_Low-C-Med-Confined",2,0,0.01,300
6714,14322,"Veg_Low-C-Med-Unconfined",2,9.949572,0.12,300
6714,14331,"Veg_Low-C-High-Confined",2,0,0.01,400
6714,14332,"Veg_Low-C-High-Unconfined",2,0,0.01,400
6714,14421,"Veg_Low-D-Med-Confined",2,0.217276,0.12,300
6714,14422,"Veg_Low-D-Med-Unconfined",2,11.695613,0.03,300
6714,14431,"Veg_Low-D-High-Confined",2,163.163889,0.43,400
6714,14432,"Veg_Low-D-High-Unconfined",2,0,0.01,400
6714,15121,"Veg_High-A-Med-Confined",2,11.370923,0.08,300
6714,15122,"Veg_High-A-Med-Unconfined",2,28.823007,0.08,300
6714,15131,"Veg_High-A-High-Confined",2,0,0.01,400
6714,15132,"Veg_High-A-High-Unconfined",2,0,0.01,400
6714,15221,"Veg_High-B-Med-Confined",2,15.746226,0.24,300
6714,15222,"Veg_High-B-Med-Unconfined",2,22.194493,0.1,300
6714,15231,"Veg_High-B-High-Confined",2,16.035388,0.25,400
6714,15232,"Veg_High-B-High-Unconfined",2,0,0.01,400
6714,15321,"Veg_High-C-Med-Confined",2,0,0.01,300
6714,15322,"Veg_High-C-Med-Unconfined",2,14.198612,0.09,300
6714,15331,"Veg_High-C-High-Confined",2,0,0.01,400
6714,15332,"Veg_High-C-High-Unconfined",2,0,0.01,400
6714,15421,"Veg_High-D-Med-Confined",2,0.022972,0.2,300
6714,15422,"Veg_High-D-Med-Unconfined",2,9.014724,0.02,300
6714,15431,"Veg_High-D-High-Confined",2,92.139504,0.5,400
6714,15432,"Veg_High-D-High-Unconfined",2,0,0.01,400
6714,16000,"Water-All-All-All",1,2.807106,0.01,100
6715,1000,"Road_Freeway-All-All-All",1,0,0.01,100
6715,2000,"Road_Primary-All-All-All",1,0,0.01,100
6715,3000,"Road_Minor-All-All-All",1,0.128269,0.04,100
6715,4000,"Dev_ResHigh-All-All-All",1,0.068101,0.02,100
6715,5000,"Dev_ResLow-All-All-All",1,0.697635,0.23,100
6715,6000,"Dev_Com-All-All-All",1,0,0.01,100
6715,7000,"Dev_Ind-All-All-All",1,0,0.01,100
6715,8000,"Dev_Inst-All-All-All",1,0,0.01,100
6715,9000,"Dev_Roof-All-All-All",1,0.13192,0.06,100
6715,10000,"Dev_Overspray-All-All-All",1,0.068964,0.23,100
6715,11111,"Dev_Irrigated-A-Low-Confined",2,0,0.01,400
6715,11112,"Dev_Irrigated-A-Low-Unconfined",2,0,0.12,400
6715,11121,"Dev_Irrigated-A-Med-Confined",2,0.008011,0.08,300
6715,11122,"Dev_Irrigated-A-Med-Unconfined",2,1.24254,0.07,300
6715,11211,"Dev_Irrigated-B-Low-Confined",2,0,0.01,400
6715,11212,"Dev_Irrigated-B-Low-Unconfined",2,0,0.01,400
6715,11221,"Dev_Irrigated-B-Med-Confined",2,0.095309,0.32,300
6715,11222,"Dev_Irrigated-B-Med-Unconfined",2,0.033422,0.27,300
6715,11311,"Dev_Irrigated-C-Low-Confined",2,0,0.01,400
6715,11312,"Dev_Irrigated-C-Low-Unconfined",2,0,0.01,400
6715,11321,"Dev_Irrigated-C-Med-Confined",2,0,0.01,300
6715,11322,"Dev_Irrigated-C-Med-Unconfined",2,0,0.01,300
6715,11411,"Dev_Irrigated-D-Low-Confined",2,0,0.01,400
6715,11412,"Dev_Irrigated-D-Low-Unconfined",2,0,0.01,400
6715,11421,"Dev_Irrigated-D-Med-Confined",2,0,0.28,300
6715,11422,"Dev_Irrigated-D-Med-Unconfined",2,0,0.22,300
6715,12111,"Dev_Pervious-A-Low-Confined",2,0,0.01,400
6715,12112,"Dev_Pervious-A-Low-Unconfined",2,0,0.01,400
6715,12121,"Dev_Pervious-A-Med-Confined",2,0.020649,0.07,300
6715,12122,"Dev_Pervious-A-Med-Unconfined",2,3.202578,0.06,300
6715,12211,"Dev_Pervious-B-Low-Confined",2,0,0.01,400
6715,12212,"Dev_Pervious-B-Low-Unconfined",2,0,0.01,400
6715,12221,"Dev_Pervious-B-Med-Confined",2,0.245653,0.32,300
6715,12222,"Dev_Pervious-B-Med-Unconfined",2,0.086143,0.08,300
6715,12311,"Dev_Pervious-C-Low-Confined",2,0,0.01,400
6715,12312,"Dev_Pervious-C-Low-Unconfined",2,0,0.01,400
6715,12321,"Dev_Pervious-C-Med-Confined",2,0,0.01,300
6715,12322,"Dev_Pervious-C-Med-Unconfined",2,0,0.01,300
6715,12411,"Dev_Pervious-D-Low-Confined",2,0,0.01,400
6715,12412,"Dev_Pervious-D-Low-Unconfined",2,0,0.01,400
6715,12421,"Dev_Pervious-D-Med-Confined",2,0,0.01,300
6715,12422,"Dev_Pervious-D-Med-Unconfined",2,0,0.01,300
6715,13111,"Agriculture-A-Low-Confined",2,0,0.01,400
6715,13112,"Agriculture-A-Low-Unconfined",2,0,0.01,400
6715,13121,"Agriculture-A-Med-Confined",2,0,0.01,300
6715,13122,"Agriculture-A-Med-Unconfined",2,0,0.01,300
6715,13211,"Agriculture-B-Low-Confined",2,0,0.01,400
6715,13212,"Agriculture-B-Low-Unconfined",2,0,0.01,400
6715,13221,"Agriculture-B-Med-Confined",2,0,0.01,300
6715,13222,"Agriculture-B-Med-Unconfined",2,0,0.01,300
6715,13231,"Agriculture-B-High-Confined",2,0,0.01,400
6715,13232,"Agriculture-B-High-Unconfined",2,0,0.01,400
6715,13311,"Agriculture-C-Low-Confined",2,0,0.01,400
6715,13312,"Agriculture-C-Low-Unconfined",2,0,0.01,400
6715,13321,"Agriculture-C-Med-Confined",2,0,0.01,300
6715,13322,"Agriculture-C-Med-Unconfined",2,0,0.01,300
6715,13331,"Agriculture-C-High-Confined",2,0,0.01,400
6715,13411,"Agriculture-D-Low-Confined",2,0,0.01,400
6715,13412,"Agriculture-D-Low-Unconfined",2,0,0.01,400
6715,13421,"Agriculture-D-Med-Confined",2,0,0.01,300
6715,13422,"Agriculture-D-Med-Unconfined",2,0,0.01,300
6715,13431,"Agriculture-D-High-Confined",2,0,0.01,400
6715,13432,"Agriculture-D-High-Unconfined",2,0,0.01,400
6715,14121,"Veg_Low-A-Med-Confined",2,1.457333,0.09,300
6715,14122,"Veg_Low-A-Med-Unconfined",2,7.509624,0.12,300
6715,14131,"Veg_Low-A-High-Confined",2,0,0.01,400
6715,14132,"Veg_Low-A-High-Unconfined",2,0,0.01,400
6715,14221,"Veg_Low-B-Med-Confined",2,5.412386,0.18,300
6715,14222,"Veg_Low-B-Med-Unconfined",2,0.09685,0.1,300
6715,14231,"Veg_Low-B-High-Confined",2,0.943561,0.35,400
6715,14232,"Veg_Low-B-High-Unconfined",2,3.150771,0.37,400
6715,14321,"Veg_Low-C-Med-Confined",2,0,0.01,300
6715,14322,"Veg_Low-C-Med-Unconfined",2,0,0.01,300
6715,14331,"Veg_Low-C-High-Confined",2,0,0.01,400
6715,14332,"Veg_Low-C-High-Unconfined",2,0,0.01,400
6715,14421,"Veg_Low-D-Med-Confined",2,0,0.01,300
6715,14422,"Veg_Low-D-Med-Unconfined",2,0,0.01,300
6715,14431,"Veg_Low-D-High-Confined",2,124.522699,0.5,400
6715,14432,"Veg_Low-D-High-Unconfined",2,12.370038,0.46,400
6715,15121,"Veg_High-A-Med-Confined",2,0.271706,0.1,300
6715,15122,"Veg_High-A-Med-Unconfined",2,3.646099,0.14,300
6715,15131,"Veg_High-A-High-Confined",2,0,0.01,400
6715,15132,"Veg_High-A-High-Unconfined",2,0,0.01,400
6715,15221,"Veg_High-B-Med-Confined",2,0.158084,0.16,300
6715,15222,"Veg_High-B-Med-Unconfined",2,0.111655,0.12,300
6715,15231,"Veg_High-B-High-Confined",2,1.275537,0.33,400
6715,15232,"Veg_High-B-High-Unconfined",2,0.33691,0.31,400
6715,15321,"Veg_High-C-Med-Confined",2,0,0.01,300
6715,15322,"Veg_High-C-Med-Unconfined",2,0,0.01,300
6715,15331,"Veg_High-C-High-Confined",2,0,0.01,400
6715,15332,"Veg_High-C-High-Unconfined",2,0,0.01,400
6715,15421,"Veg_High-D-Med-Confined",2,0,0.01,300
6715,15422,"Veg_High-D-Med-Unconfined",2,0,0.01,300
6715,15431,"Veg_High-D-High-Confined",2,156.405216,0.6,400
6715,15432,"Veg_High-D-High-Unconfined",2,4.440172,0.4,400
6715,16000,"Water-All-All-All",1,0,0.01,100
6716,1000,"Road_Freeway-All-All-All",1,0,0.01,100
6716,2000,"Road_Primary-All-All-All",1,0.001233,0.02,100
6716,3000,"Road_Minor-All-All-All",1,4.892382,0.01,100
6716,4000,"Dev_ResHigh-All-All-All",1,0,0.01,100
6716,5000,"Dev_ResLow-All-All-All",1,12.401781,0.03,100
6716,6000,"Dev_Com-All-All-All",1,0,0.01,100
6716,7000,"Dev_Ind-All-All-All",1,0,0.01,100
6716,8000,"Dev_Inst-All-All-All",1,0.357684,0.01,100
6716,9000,"Dev_Roof-All-All-All",1,4.662313,0.01,100
6716,10000,"Dev_Overspray-All-All-All",1,0.479489,0.02,100
6716,11111,"Dev_Irrigated-A-Low-Confined",2,0,0.01,400
6716,11112,"Dev_Irrigated-A-Low-Unconfined",2,0.268114,0.04,400
6716,11121,"Dev_Irrigated-A-Med-Confined",2,0,0.01,300
6716,11122,"Dev_Irrigated-A-Med-Unconfined",2,0,0.01,300
6716,11211,"Dev_Irrigated-B-Low-Confined",2,0,0.01,400
6716,11212,"Dev_Irrigated-B-Low-Unconfined",2,4.742019,0.07,400
6716,11221,"Dev_Irrigated-B-Med-Confined",2,0,0.01,300
6716,11222,"Dev_Irrigated-B-Med-Unconfined",2,0,0.01,300
6716,11311,"Dev_Irrigated-C-Low-Confined",2,0,0.01,400
6716,11312,"Dev_Irrigated-C-Low-Unconfined",2,0,0.01,400
6716,11321,"Dev_Irrigated-C-Med-Confined",2,0,0.01,300
6716,11322,"Dev_Irrigated-C-Med-Unconfined",2,0,0.01,300
6716,11411,"Dev_Irrigated-D-Low-Confined",2,0,0.01,400
6716,11412,"Dev_Irrigated-D-Low-Unconfined",2,4.523298,0.06,400
6716,11421,"Dev_Irrigated-D-Med-Confined",2,0,0.01,300
6716,11422,"Dev_Irrigated-D-Med-Unconfined",2,0.056358,0.04,300
6716,12111,"Dev_Pervious-A-Low-Confined",2,0,0.01,400
6716,12112,"Dev_Pervious-A-Low-Unconfined",2,0.69105,0.04,400
6716,12121,"Dev_Pervious-A-Med-Confined",2,0,0.01,300
6716,12122,"Dev_Pervious-A-Med-Unconfined",2,0,0.01,300
6716,12211,"Dev_Pervious-B-Low-Confined",2,0,0.01,400
6716,12212,"Dev_Pervious-B-Low-Unconfined",2,12.222293,0.07,400
6716,12221,"Dev_Pervious-B-Med-Confined",2,0,0.01,300
6716,12222,"Dev_Pervious-B-Med-Unconfined",2,0,0.01,300
6716,12311,"Dev_Pervious-C-Low-Confined",2,0,0.01,400
6716,12312,"Dev_Pervious-C-Low-Unconfined",2,0,0.01,400
6716,12321,"Dev_Pervious-C-Med-Confined",2,0,0.01,300
6716,12322,"Dev_Pervious-C-Med-Unconfined",2,0,0.01,300
6716,12411,"Dev_Pervious-D-Low-Confined",2,0,0.01,400
6716,12412,"Dev_Pervious-D-Low-Unconfined",2,11.658552,0.07,400
6716,12421,"Dev_Pervious-D-Med-Confined",2,0,0.01,300
6716,12422,"Dev_Pervious-D-Med-Unconfined",2,0.14526,0.04,300
6716,13111,"Agriculture-A-Low-Confined",2,0,0.01,400
6716,13112,"Agriculture-A-Low-Unconfined",2,0,0.01,400
6716,13121,"Agriculture-A-Med-Confined",2,0,0.01,300
6716,13122,"Agriculture-A-Med-Unconfined",2,0,0.01,300
6716,13211,"Agriculture-B-Low-Confined",2,0,0.01,400
6716,13212,"Agriculture-B-Low-Unconfined",2,0,0.01,400
6716,13221,"Agriculture-B-Med-Confined",2,0,0.01,300
6716,13222,"Agriculture-B-Med-Unconfined",2,0,0.01,300
6716,13231,"Agriculture-B-High-Confined",2,0,0.01,400
6716,13232,"Agriculture-B-High-Unconfined",2,0,0.01,400
6716,13311,"Agriculture-C-Low-Confined",2,0,0.01,400
6716,13312,"Agriculture-C-Low-Unconfined",2,0,0.01,400
6716,13321,"Agriculture-C-Med-Confined",2,0,0.01,300
6716,13322,"Agriculture-C-Med-Unconfined",2,0,0.01,300
6716,13331,"Agriculture-C-High-Confined",2,0,0.01,400
6716,13411,"Agriculture-D-Low-Confined",2,0,0.01,400
6716,13412,"Agriculture-D-Low-Unconfined",2,0,0.01,400
6716,13421,"Agriculture-D-Med-Confined",2,0,0.01,300
6716,13422,"Agriculture-D-Med-Unconfined",2,0,0.01,300
6716,13431,"Agriculture-D-High-Confined",2,0,0.01,400
6716,13432,"Agriculture-D-High-Unconfined",2,0,0.01,400
6716,14121,"Veg_Low-A-Med-Confined",2,0,0.01,300
6716,14122,"Veg_Low-A-Med-Unconfined",2,0.878818,0.02,300
6716,14131,"Veg_Low-A-High-Confined",2,0,0.01,400
6716,14132,"Veg_Low-A-High-Unconfined",2,0,0.01,400
6716,14221,"Veg_Low-B-Med-Confined",2,0,0.01,300
6716,14222,"Veg_Low-B-Med-Unconfined",2,3.593714,0.04,300
6716,14231,"Veg_Low-B-High-Confined",2,0,0.01,400
6716,14232,"Veg_Low-B-High-Unconfined",2,0,0.01,400
6716,14321,"Veg_Low-C-Med-Confined",2,0,0.01,300
6716,14322,"Veg_Low-C-Med-Unconfined",2,0,0.01,300
6716,14331,"Veg_Low-C-High-Confined",2,0,0.01,400
6716,14332,"Veg_Low-C-High-Unconfined",2,0,0.01,400
6716,14421,"Veg_Low-D-Med-Confined",2,0,0.01,300
6716,14422,"Veg_Low-D-Med-Unconfined",2,3.873531,0.07,300
6716,14431,"Veg_Low-D-High-Confined",2,0,0.01,400
6716,14432,"Veg_Low-D-High-Unconfined",2,0,0.01,400
6716,15121,"Veg_High-A-Med-Confined",2,0,0.01,300
6716,15122,"Veg_High-A-Med-Unconfined",2,0.14542,0.02,300
6716,15131,"Veg_High-A-High-Confined",2,0,0.01,400
6716,15132,"Veg_High-A-High-Unconfined",2,0,0.01,400
6716,15221,"Veg_High-B-Med-Confined",2,0,0.01,300
6716,15222,"Veg_High-B-Med-Unconfined",2,4.975036,0.04,300
6716,15231,"Veg_High-B-High-Confined",2,0,0.01,400
6716,15232,"Veg_High-B-High-Unconfined",2,0,0.01,400
6716,15321,"Veg_High-C-Med-Confined",2,0,0.01,300
6716,15322,"Veg_High-C-Med-Unconfined",2,0,0.01,300
6716,15331,"Veg_High-C-High-Confined",2,0,0.01,400
6716,15332,"Veg_High-C-High-Unconfined",2,0,0.01,400
6716,15421,"Veg_High-D-Med-Confined",2,0,0.01,300
6716,15422,"Veg_High-D-Med-Unconfined",2,4.095731,0.08,300
6716,15431,"Veg_High-D-High-Confined",2,0,0.01,400
6716,15432,"Veg_High-D-High-Unconfined",2,0,0.01,400
6716,16000,"Water-All-All-All",1,0,0.01,100
6717,1000,"Road_Freeway-All-All-All",1,0,0.01,100
6717,2000,"Road_Primary-All-All-All",1,1.476097,0.05,100
6717,3000,"Road_Minor-All-All-All",1,2.107233,0.08,100
6717,4000,"Dev_ResHigh-All-All-All",1,0,0.01,100
6717,5000,"Dev_ResLow-All-All-All",1,12.224778,0.1,100
6717,6000,"Dev_Com-All-All-All",1,0,0.01,100
6717,7000,"Dev_Ind-All-All-All",1,0,0.01,100
6717,8000,"Dev_Inst-All-All-All",1,0,0.01,100
6717,9000,"Dev_Roof-All-All-All",1,2.796832,0.09,100
6717,10000,"Dev_Overspray-All-All-All",1,0.458106,0.1,100
6717,11111,"Dev_Irrigated-A-Low-Confined",2,0,0.01,400
6717,11112,"Dev_Irrigated-A-Low-Unconfined",2,0,0.01,400
6717,11121,"Dev_Irrigated-A-Med-Confined",2,0,0.01,300
6717,11122,"Dev_Irrigated-A-Med-Unconfined",2,1.167555,0.1,300
6717,11211,"Dev_Irrigated-B-Low-Confined",2,0,0.01,400
6717,11212,"Dev_Irrigated-B-Low-Unconfined",2,0.327225,0.2,400
6717,11221,"Dev_Irrigated-B-Med-Confined",2,0,0.01,300
6717,11222,"Dev_Irrigated-B-Med-Unconfined",2,1.529266,0.2,300
6717,11311,"Dev_Irrigated-C-Low-Confined",2,0,0.01,400
6717,11312,"Dev_Irrigated-C-Low-Unconfined",2,0,0.01,400
6717,11321,"Dev_Irrigated-C-Med-Confined",2,0,0.01,300
6717,11322,"Dev_Irrigated-C-Med-Unconfined",2,0,0.01,300
6717,11411,"Dev_Irrigated-D-Low-Confined",2,0,0.01,400
6717,11412,"Dev_Irrigated-D-Low-Unconfined",2,0.003589,0.09,400
6717,11421,"Dev_Irrigated-D-Med-Confined",2,0,0.01,300
6717,11422,"Dev_Irrigated-D-Med-Unconfined",2,6.134477,0.26,300
6717,12111,"Dev_Pervious-A-Low-Confined",2,0,0.01,400
6717,12112,"Dev_Pervious-A-Low-Unconfined",2,0,0.01,400
6717,12121,"Dev_Pervious-A-Med-Confined",2,0,0.01,300
6717,12122,"Dev_Pervious-A-Med-Unconfined",2,3.009309,0.1,300
6717,12211,"Dev_Pervious-B-Low-Confined",2,0,0.01,400
6717,12212,"Dev_Pervious-B-Low-Unconfined",2,0.843405,0.19,400
6717,12221,"Dev_Pervious-B-Med-Confined",2,0,0.01,300
6717,12222,"Dev_Pervious-B-Med-Unconfined",2,3.941598,0.24,300
6717,12311,"Dev_Pervious-C-Low-Confined",2,0,0.01,400
6717,12312,"Dev_Pervious-C-Low-Unconfined",2,0,0.01,400
6717,12321,"Dev_Pervious-C-Med-Confined",2,0,0.01,300
6717,12322,"Dev_Pervious-C-Med-Unconfined",2,0,0.01,300
6717,12411,"Dev_Pervious-D-Low-Confined",2,0,0.01,400
6717,12412,"Dev_Pervious-D-Low-Unconfined",2,0.00925,0.04,400
6717,12421,"Dev_Pervious-D-Med-Confined",2,0,0.01,300
6717,12422,"Dev_Pervious-D-Med-Unconfined",2,15.811277,0.26,300
6717,13111,"Agriculture-A-Low-Confined",2,0,0.01,400
6717,13112,"Agriculture-A-Low-Unconfined",2,0,0.01,400
6717,13121,"Agriculture-A-Med-Confined",2,0,0.01,300
6717,13122,"Agriculture-A-Med-Unconfined",2,0,0.01,300
6717,13211,"Agriculture-B-Low-Confined",2,0,0.01,400
6717,13212,"Agriculture-B-Low-Unconfined",2,0,0.01,400
6717,13221,"Agriculture-B-Med-Confined",2,0,0.01,300
6717,13222,"Agriculture-B-Med-Unconfined",2,0,0.01,300
6717,13231,"Agriculture-B-High-Confined",2,0,0.01,400
6717,13232,"Agriculture-B-High-Unconfined",2,0,0.01,400
6717,13311,"Agriculture-C-Low-Confined",2,0,0.01,400
6717,13312,"Agriculture-C-Low-Unconfined",2,0,0.01,400
6717,13321,"Agriculture-C-Med-Confined",2,0,0.01,300
6717,13322,"Agriculture-C-Med-Unconfined",2,0,0.01,300
6717,13331,"Agriculture-C-High-Confined",2,0,0.01,400
6717,13411,"Agriculture-D-Low-Confined",2,0,0.01,400
6717,13412,"Agriculture-D-Low-Unconfined",2,0,0.01,400
6717,13421,"Agriculture-D-Med-Confined",2,0,0.01,300
6717,13422,"Agriculture-D-Med-Unconfined",2,0,0.01,300
6717,13431,"Agriculture-D-High-Confined",2,0,0.01,400
6717,13432,"Agriculture-D-High-Unconfined",2,0,0.01,400
6717,14121,"Veg_Low-A-Med-Confined",2,0,0.01,300
6717,14122,"Veg_Low-A-Med-Unconfined",2,0.714734,0.1,300
6717,14131,"Veg_Low-A-High-Confined",2,0,0.01,400
6717,14132,"Veg_Low-A-High-Unconfined",2,0,0.01,400
6717,14221,"Veg_Low-B-Med-Confined",2,0,0.01,300
6717,14222,"Veg_Low-B-Med-Unconfined",2,1.983529,0.19,300
6717,14231,"Veg_Low-B-High-Confined",2,0,0.01,400
6717,14232,"Veg_Low-B-High-Unconfined",2,3.1081,0.21,400
6717,14321,"Veg_Low-C-Med-Confined",2,0,0.01,300
6717,14322,"Veg_Low-C-Med-Unconfined",2,0,0.01,300
6717,14331,"Veg_Low-C-High-Confined",2,0,0.01,400
6717,14332,"Veg_Low-C-High-Unconfined",2,0,0.01,400
6717,14421,"Veg_Low-D-Med-Confined",2,0,0.01,300
6717,14422,"Veg_Low-D-Med-Unconfined",2,6.433053,0.17,300
6717,14431,"Veg_Low-D-High-Confined",2,0,0.01,400
6717,14432,"Veg_Low-D-High-Unconfined",2,0.393576,0.26,400
6717,15121,"Veg_High-A-Med-Confined",2,0,0.01,300
6717,15122,"Veg_High-A-Med-Unconfined",2,1.570748,0.1,300
6717,15131,"Veg_High-A-High-Confined",2,0,0.01,400
6717,15132,"Veg_High-A-High-Unconfined",2,0,0.01,400
6717,15221,"Veg_High-B-Med-Confined",2,0,0.01,300
6717,15222,"Veg_High-B-Med-Unconfined",2,1.058647,0.23,300
6717,15231,"Veg_High-B-High-Confined",2,0,0.01,400
6717,15232,"Veg_High-B-High-Unconfined",2,3.569902,0.22,400
6717,15321,"Veg_High-C-Med-Confined",2,0,0.01,300
6717,15322,"Veg_High-C-Med-Unconfined",2,0,0.01,300
6717,15331,"Veg_High-C-High-Confined",2,0,0.01,400
6717,15332,"Veg_High-C-High-Unconfined",2,0,0.01,400
6717,15421,"Veg_High-D-Med-Confined",2,0,0.01,300
6717,15422,"Veg_High-D-Med-Unconfined",2,5.19213,0.16,300
6717,15431,"Veg_High-D-High-Confined",2,0,0.01,400
6717,15432,"Veg_High-D-High-Unconfined",2,1.267738,0.27,400
6717,16000,"Water-All-All-All",1,0,0.01,100
6718,1000,"Road_Freeway-All-All-All",1,0,0.01,100
6718,2000,"Road_Primary-All-All-All",1,0,0.01,100
6718,3000,"Road_Minor-All-All-All",1,0.004051,0.17,100
6718,4000,"Dev_ResHigh-All-All-All",1,0,0.01,100
6718,5000,"Dev_ResLow-All-All-All",1,0.668935,0.23,100
6718,6000,"Dev_Com-All-All-All",1,0,0.01,100
6718,7000,"Dev_Ind-All-All-All",1,0,0.01,100
6718,8000,"Dev_Inst-All-All-All",1,0.002853,0.04,100
6718,9000,"Dev_Roof-All-All-All",1,0.000627,0.07,100
6718,10000,"Dev_Overspray-All-All-All",1,0.081872,0.25,100
6718,11111,"Dev_Irrigated-A-Low-Confined",2,0,0.01,400
6718,11112,"Dev_Irrigated-A-Low-Unconfined",2,0.071118,0.15,400
6718,11121,"Dev_Irrigated-A-Med-Confined",2,0.004697,0.2,300
6718,11122,"Dev_Irrigated-A-Med-Unconfined",2,0.009938,0.09,300
6718,11211,"Dev_Irrigated-B-Low-Confined",2,0,0.01,400
6718,11212,"Dev_Irrigated-B-Low-Unconfined",2,0,0.01,400
6718,11221,"Dev_Irrigated-B-Med-Confined",2,0,0.29,300
6718,11222,"Dev_Irrigated-B-Med-Unconfined",2,0.101799,0.26,300
6718,11311,"Dev_Irrigated-C-Low-Confined",2,0,0.01,400
6718,11312,"Dev_Irrigated-C-Low-Unconfined",2,0,0.01,400
6718,11321,"Dev_Irrigated-C-Med-Confined",2,0,0.01,300
6718,11322,"Dev_Irrigated-C-Med-Unconfined",2,0,0.01,300
6718,11411,"Dev_Irrigated-D-Low-Confined",2,0,0.01,400
6718,11412,"Dev_Irrigated-D-Low-Unconfined",2,0,0.01,400
6718,11421,"Dev_Irrigated-D-Med-Confined",2,1.403599,0.38,300
6718,11422,"Dev_Irrigated-D-Med-Unconfined",2,0.046281,0.36,300
6718,12111,"Dev_Pervious-A-Low-Confined",2,0,0.01,400
6718,12112,"Dev_Pervious-A-Low-Unconfined",2,0.183303,0.15,400
6718,12121,"Dev_Pervious-A-Med-Confined",2,0.012106,0.18,300
6718,12122,"Dev_Pervious-A-Med-Unconfined",2,0.025615,0.06,300
6718,12211,"Dev_Pervious-B-Low-Confined",2,0,0.01,400
6718,12212,"Dev_Pervious-B-Low-Unconfined",2,0,0.01,400
6718,12221,"Dev_Pervious-B-Med-Confined",2,0,0.01,300
6718,12222,"Dev_Pervious-B-Med-Unconfined",2,0.262381,0.07,300
6718,12311,"Dev_Pervious-C-Low-Confined",2,0,0.01,400
6718,12312,"Dev_Pervious-C-Low-Unconfined",2,0,0.01,400
6718,12321,"Dev_Pervious-C-Med-Confined",2,0,0.01,300
6718,12322,"Dev_Pervious-C-Med-Unconfined",2,0,0.01,300
6718,12411,"Dev_Pervious-D-Low-Confined",2,0,0.01,400
6718,12412,"Dev_Pervious-D-Low-Unconfined",2,0,0.01,400
6718,12421,"Dev_Pervious-D-Med-Confined",2,3.617699,0.28,300
6718,12422,"Dev_Pervious-D-Med-Unconfined",2,0.119286,0.1,300
6718,13111,"Agriculture-A-Low-Confined",2,0,0.01,400
6718,13112,"Agriculture-A-Low-Unconfined",2,0,0.01,400
6718,13121,"Agriculture-A-Med-Confined",2,0,0.01,300
6718,13122,"Agriculture-A-Med-Unconfined",2,0,0.01,300
6718,13211,"Agriculture-B-Low-Confined",2,0,0.01,400
6718,13212,"Agriculture-B-Low-Unconfined",2,0,0.01,400
6718,13221,"Agriculture-B-Med-Confined",2,0,0.01,300
6718,13222,"Agriculture-B-Med-Unconfined",2,0,0.01,300
6718,13231,"Agriculture-B-High-Confined",2,0,0.01,400
6718,13232,"Agriculture-B-High-Unconfined",2,0,0.01,400
6718,13311,"Agriculture-C-Low-Confined",2,0,0.01,400
6718,13312,"Agriculture-C-Low-Unconfined",2,0,0.01,400
6718,13321,"Agriculture-C-Med-Confined",2,0,0.01,300
6718,13322,"Agriculture-C-Med-Unconfined",2,0,0.01,300
6718,13331,"Agriculture-C-High-Confined",2,0,0.01,400
6718,13411,"Agriculture-D-Low-Confined",2,0,0.01,400
6718,13412,"Agriculture-D-Low-Unconfined",2,0,0.01,400
6718,13421,"Agriculture-D-Med-Confined",2,0,0.01,300
6718,13422,"Agriculture-D-Med-Unconfined",2,0,0.01,300
6718,13431,"Agriculture-D-High-Confined",2,0,0.01,400
6718,13432,"Agriculture-D-High-Unconfined",2,0,0.01,400
6718,14121,"Veg_Low-A-Med-Confined",2,0,0.01,300
6718,14122,"Veg_Low-A-Med-Unconfined",2,6.187317,0.16,300
6718,14131,"Veg_Low-A-High-Confined",2,1.616422,0.38,400
6718,14132,"Veg_Low-A-High-Unconfined",2,0,0.01,400
6718,14221,"Veg_Low-B-Med-Confined",2,0,0.01,300
6718,14222,"Veg_Low-B-Med-Unconfined",2,2.014736,0.08,300
6718,14231,"Veg_Low-B-High-Confined",2,4.614256,0.56,400
6718,14232,"Veg_Low-B-High-Unconfined",2,5.772511,0.38,400
6718,14321,"Veg_Low-C-Med-Confined",2,0,0.01,300
6718,14322,"Veg_Low-C-Med-Unconfined",2,0,0.01,300
6718,14331,"Veg_Low-C-High-Confined",2,0,0.01,400
6718,14332,"Veg_Low-C-High-Unconfined",2,0,0.01,400
6718,14421,"Veg_Low-D-Med-Confined",2,0.123429,0.14,300
6718,14422,"Veg_Low-D-Med-Unconfined",2,1.447938,0.16,300
6718,14431,"Veg_Low-D-High-Confined",2,232.762725,0.47,400
6718,14432,"Veg_Low-D-High-Unconfined",2,1.423832,0.46,400
6718,15121,"Veg_High-A-Med-Confined",2,0,0.01,300
6718,15122,"Veg_High-A-Med-Unconfined",2,1.473126,0.2,300
6718,15131,"Veg_High-A-High-Confined",2,3.013634,0.46,400
6718,15132,"Veg_High-A-High-Unconfined",2,0,0.01,400
6718,15221,"Veg_High-B-Med-Confined",2,0,0.01,300
6718,15222,"Veg_High-B-Med-Unconfined",2,1.78782,0.08,300
6718,15231,"Veg_High-B-High-Confined",2,7.786866,0.62,400
6718,15232,"Veg_High-B-High-Unconfined",2,2.797387,0.37,400
6718,15321,"Veg_High-C-Med-Confined",2,0,0.01,300
6718,15322,"Veg_High-C-Med-Unconfined",2,0,0.01,300
6718,15331,"Veg_High-C-High-Confined",2,0,0.01,400
6718,15332,"Veg_High-C-High-Unconfined",2,0,0.01,400
6718,15421,"Veg_High-D-Med-Confined",2,0,0.01,300
6718,15422,"Veg_High-D-Med-Unconfined",2,0,0.01,300
6718,15431,"Veg_High-D-High-Confined",2,415.784694,0.73,400
6718,15432,"Veg_High-D-High-Unconfined",2,1.205301,0.48,400
6718,16000,"Water-All-All-All",1,0,0.01,100
6719,1000,"Road_Freeway-All-All-All",1,0,0.01,100
6719,2000,"Road_Primary-All-All-All",1,0,0.01,100
6719,3000,"Road_Minor-All-All-All",1,0.019205,0.21,100
6719,4000,"Dev_ResHigh-All-All-All",1,0,0.01,100
6719,5000,"Dev_ResLow-All-All-All",1,2.193329,0.29,100
6719,6000,"Dev_Com-All-All-All",1,0,0.01,100
6719,7000,"Dev_Ind-All-All-All",1,0,0.01,100
6719,8000,"Dev_Inst-All-All-All",1,0,0.01,100
6719,9000,"Dev_Roof-All-All-All",1,0.026208,0.08,100
6719,10000,"Dev_Overspray-All-All-All",1,0.266377,0.26,100
6719,11111,"Dev_Irrigated-A-Low-Confined",2,0,0.09,400
6719,11112,"Dev_Irrigated-A-Low-Unconfined",2,0.0268,0.09,400
6719,11121,"Dev_Irrigated-A-Med-Confined",2,0,0.27,300
6719,11122,"Dev_Irrigated-A-Med-Unconfined",2,0.02759,0.07,300
6719,11211,"Dev_Irrigated-B-Low-Confined",2,0,0.01,400
6719,11212,"Dev_Irrigated-B-Low-Unconfined",2,0,0.01,400
6719,11221,"Dev_Irrigated-B-Med-Confined",2,0,0.48,300
6719,11222,"Dev_Irrigated-B-Med-Unconfined",2,0.559765,0.26,300
6719,11311,"Dev_Irrigated-C-Low-Confined",2,0,0.01,400
6719,11312,"Dev_Irrigated-C-Low-Unconfined",2,0,0.01,400
6719,11321,"Dev_Irrigated-C-Med-Confined",2,0,0.01,300
6719,11322,"Dev_Irrigated-C-Med-Unconfined",2,0,0.01,300
6719,11411,"Dev_Irrigated-D-Low-Confined",2,0.003592,0.2,400
6719,11412,"Dev_Irrigated-D-Low-Unconfined",2,0.079295,0.16,400
6719,11421,"Dev_Irrigated-D-Med-Confined",2,0.021227,0.46,300
6719,11422,"Dev_Irrigated-D-Med-Unconfined",2,4.609271,0.28,300
6719,12111,"Dev_Pervious-A-Low-Confined",2,0,0.01,400
6719,12112,"Dev_Pervious-A-Low-Unconfined",2,0.069076,0.05,400
6719,12121,"Dev_Pervious-A-Med-Confined",2,0,0.01,300
6719,12122,"Dev_Pervious-A-Med-Unconfined",2,0.071112,0.08,300
6719,12211,"Dev_Pervious-B-Low-Confined",2,0,0.01,400
6719,12212,"Dev_Pervious-B-Low-Unconfined",2,0,0.01,400
6719,12221,"Dev_Pervious-B-Med-Confined",2,0,0.01,300
6719,12222,"Dev_Pervious-B-Med-Unconfined",2,1.442764,0.08,300
6719,12311,"Dev_Pervious-C-Low-Confined",2,0,0.01,400
6719,12312,"Dev_Pervious-C-Low-Unconfined",2,0,0.01,400
6719,12321,"Dev_Pervious-C-Med-Confined",2,0,0.01,300
6719,12322,"Dev_Pervious-C-Med-Unconfined",2,0,0.01,300
6719,12411,"Dev_Pervious-D-Low-Confined",2,0.009258,0.11,400
6719,12412,"Dev_Pervious-D-Low-Unconfined",2,0.204378,0.12,400
6719,12421,"Dev_Pervious-D-Med-Confined",2,0.054711,0.07,300
6719,12422,"Dev_Pervious-D-Med-Unconfined",2,11.880143,0.09,300
6719,13111,"Agriculture-A-Low-Confined",2,0,0.01,400
6719,13112,"Agriculture-A-Low-Unconfined",2,0,0.01,400
6719,13121,"Agriculture-A-Med-Confined",2,0,0.01,300
6719,13122,"Agriculture-A-Med-Unconfined",2,0,0.01,300
6719,13211,"Agriculture-B-Low-Confined",2,0,0.01,400
6719,13212,"Agriculture-B-Low-Unconfined",2,0,0.01,400
6719,13221,"Agriculture-B-Med-Confined",2,0,0.01,300
6719,13222,"Agriculture-B-Med-Unconfined",2,0,0.01,300
6719,13231,"Agriculture-B-High-Confined",2,0,0.01,400
6719,13232,"Agriculture-B-High-Unconfined",2,0,0.01,400
6719,13311,"Agriculture-C-Low-Confined",2,0,0.01,400
6719,13312,"Agriculture-C-Low-Unconfined",2,0,0.01,400
6719,13321,"Agriculture-C-Med-Confined",2,0,0.01,300
6719,13322,"Agriculture-C-Med-Unconfined",2,0,0.01,300
6719,13331,"Agriculture-C-High-Confined",2,0,0.01,400
6719,13411,"Agriculture-D-Low-Confined",2,0,0.01,400
6719,13412,"Agriculture-D-Low-Unconfined",2,0,0.01,400
6719,13421,"Agriculture-D-Med-Confined",2,0,0.01,300
6719,13422,"Agriculture-D-Med-Unconfined",2,0,0.01,300
6719,13431,"Agriculture-D-High-Confined",2,0,0.01,400
6719,13432,"Agriculture-D-High-Unconfined",2,0,0.01,400
6719,14121,"Veg_Low-A-Med-Confined",2,24.718039,0.12,300
6719,14122,"Veg_Low-A-Med-Unconfined",2,21.173095,0.13,300
6719,14131,"Veg_Low-A-High-Confined",2,0,0.01,400
6719,14132,"Veg_Low-A-High-Unconfined",2,0,0.01,400
6719,14221,"Veg_Low-B-Med-Confined",2,0.332155,0.2,300
6719,14222,"Veg_Low-B-Med-Unconfined",2,3.683756,0.12,300
6719,14231,"Veg_Low-B-High-Confined",2,57.995022,0.52,400
6719,14232,"Veg_Low-B-High-Unconfined",2,9.976388,0.28,400
6719,14321,"Veg_Low-C-Med-Confined",2,0,0.01,300
6719,14322,"Veg_Low-C-Med-Unconfined",2,0,0.01,300
6719,14331,"Veg_Low-C-High-Confined",2,0,0.01,400
6719,14332,"Veg_Low-C-High-Unconfined",2,0,0.01,400
6719,14421,"Veg_Low-D-Med-Confined",2,0.010842,0.14,300
6719,14422,"Veg_Low-D-Med-Unconfined",2,9.674399,0.2,300
6719,14431,"Veg_Low-D-High-Confined",2,257.011378,0.69,400
6719,14432,"Veg_Low-D-High-Unconfined",2,72.605273,0.29,400
6719,15121,"Veg_High-A-Med-Confined",2,9.63858,0.16,300
6719,15122,"Veg_High-A-Med-Unconfined",2,11.140679,0.14,300
6719,15131,"Veg_High-A-High-Confined",2,0.546035,0.35,400
6719,15132,"Veg_High-A-High-Unconfined",2,0,0.01,400
6719,15221,"Veg_High-B-Med-Confined",2,0,0.01,300
6719,15222,"Veg_High-B-Med-Unconfined",2,1.112548,0.14,300
6719,15231,"Veg_High-B-High-Confined",2,27.1882,0.58,400
6719,15232,"Veg_High-B-High-Unconfined",2,5.075544,0.33,400
6719,15321,"Veg_High-C-Med-Confined",2,0,0.01,300
6719,15322,"Veg_High-C-Med-Unconfined",2,0,0.01,300
6719,15331,"Veg_High-C-High-Confined",2,0,0.01,400
6719,15332,"Veg_High-C-High-Unconfined",2,0,0.01,400
6719,15421,"Veg_High-D-Med-Confined",2,0,0.01,300
6719,15422,"Veg_High-D-Med-Unconfined",2,2.141972,0.28,300
6719,15431,"Veg_High-D-High-Confined",2,189.389557,0.87,400
6719,15432,"Veg_High-D-High-Unconfined",2,27.62137,0.35,400
6719,16000,"Water-All-All-All",1,0,0.01,100
6720,1000,"Road_Freeway-All-All-All",1,0,0.01,100
6720,2000,"Road_Primary-All-All-All",1,0,0.01,100
6720,3000,"Road_Minor-All-All-All",1,0.009338,0.1,100
6720,4000,"Dev_ResHigh-All-All-All",1,0,0.01,100
6720,5000,"Dev_ResLow-All-All-All",1,5.427443,0.18,100
6720,6000,"Dev_Com-All-All-All",1,0,0.01,100
6720,7000,"Dev_Ind-All-All-All",1,0,0.01,100
6720,8000,"Dev_Inst-All-All-All",1,0.002316,0.03,100
6720,9000,"Dev_Roof-All-All-All",1,0.000366,0.1,100
6720,10000,"Dev_Overspray-All-All-All",1,0.002887,0.14,100
6720,11111,"Dev_Irrigated-A-Low-Confined",2,0,0.01,400
6720,11112,"Dev_Irrigated-A-Low-Unconfined",2,0,0.01,400
6720,11121,"Dev_Irrigated-A-Med-Confined",2,0,0.24,300
6720,11122,"Dev_Irrigated-A-Med-Unconfined",2,0,0.01,300
6720,11211,"Dev_Irrigated-B-Low-Confined",2,0,0.01,400
6720,11212,"Dev_Irrigated-B-Low-Unconfined",2,0,0.01,400
6720,11221,"Dev_Irrigated-B-Med-Confined",2,0,0.01,300
6720,11222,"Dev_Irrigated-B-Med-Unconfined",2,0,0.01,300
6720,11311,"Dev_Irrigated-C-Low-Confined",2,0,0.01,400
6720,11312,"Dev_Irrigated-C-Low-Unconfined",2,0,0.01,400
6720,11321,"Dev_Irrigated-C-Med-Confined",2,0,0.01,300
6720,11322,"Dev_Irrigated-C-Med-Unconfined",2,0,0.01,300
6720,11411,"Dev_Irrigated-D-Low-Confined",2,0.00027,0.06,400
6720,11412,"Dev_Irrigated-D-Low-Unconfined",2,0,0.01,400
6720,11421,"Dev_Irrigated-D-Med-Confined",2,0.057479,0.4,300
6720,11422,"Dev_Irrigated-D-Med-Unconfined",2,0,0.01,300
6720,12111,"Dev_Pervious-A-Low-Confined",2,0,0.01,400
6720,12112,"Dev_Pervious-A-Low-Unconfined",2,0,0.01,400
6720,12121,"Dev_Pervious-A-Med-Confined",2,0,0.01,300
6720,12122,"Dev_Pervious-A-Med-Unconfined",2,0,0.01,300
6720,12211,"Dev_Pervious-B-Low-Confined",2,0,0.01,400
6720,12212,"Dev_Pervious-B-Low-Unconfined",2,0,0.01,400
6720,12221,"Dev_Pervious-B-Med-Confined",2,0,0.01,300
6720,12222,"Dev_Pervious-B-Med-Unconfined",2,0,0.01,300
6720,12311,"Dev_Pervious-C-Low-Confined",2,0,0.01,400
6720,12312,"Dev_Pervious-C-Low-Unconfined",2,0,0.01,400
6720,12321,"Dev_Pervious-C-Med-Confined",2,0,0.01,300
6720,12322,"Dev_Pervious-C-Med-Unconfined",2,0,0.01,300
6720,12411,"Dev_Pervious-D-Low-Confined",2,0.008601,0.1,400
6720,12412,"Dev_Pervious-D-Low-Unconfined",2,0,0.01,400
6720,12421,"Dev_Pervious-D-Med-Confined",2,1.831694,0.26,300
6720,12422,"Dev_Pervious-D-Med-Unconfined",2,0,0.01,300
6720,13111,"Agriculture-A-Low-Confined",2,0,0.01,400
6720,13112,"Agriculture-A-Low-Unconfined",2,0,0.01,400
6720,13121,"Agriculture-A-Med-Confined",2,0,0.01,300
6720,13122,"Agriculture-A-Med-Unconfined",2,0,0.01,300
6720,13211,"Agriculture-B-Low-Confined",2,0,0.01,400
6720,13212,"Agriculture-B-Low-Unconfined",2,0,0.01,400
6720,13221,"Agriculture-B-Med-Confined",2,0,0.01,300
6720,13222,"Agriculture-B-Med-Unconfined",2,0,0.01,300
6720,13231,"Agriculture-B-High-Confined",2,0,0.01,400
6720,13232,"Agriculture-B-High-Unconfined",2,0,0.01,400
6720,13311,"Agriculture-C-Low-Confined",2,0,0.01,400
6720,13312,"Agriculture-C-Low-Unconfined",2,0,0.01,400
6720,13321,"Agriculture-C-Med-Confined",2,0,0.01,300
6720,13322,"Agriculture-C-Med-Unconfined",2,0,0.01,300
6720,13331,"Agriculture-C-High-Confined",2,0,0.01,400
6720,13411,"Agriculture-D-Low-Confined",2,0,0.01,400
6720,13412,"Agriculture-D-Low-Unconfined",2,0,0.01,400
6720,13421,"Agriculture-D-Med-Confined",2,0,0.01,300
6720,13422,"Agriculture-D-Med-Unconfined",2,0,0.01,300
6720,13431,"Agriculture-D-High-Confined",2,0,0.01,400
6720,13432,"Agriculture-D-High-Unconfined",2,0,0.01,400
6720,14121,"Veg_Low-A-Med-Confined",2,0,0.01,300
6720,14122,"Veg_Low-A-Med-Unconfined",2,0,0.01,300
6720,14131,"Veg_Low-A-High-Confined",2,1.163034,0.41,400
6720,14132,"Veg_Low-A-High-Unconfined",2,0,0.01,400
6720,14221,"Veg_Low-B-Med-Confined",2,0,0.01,300
6720,14222,"Veg_Low-B-Med-Unconfined",2,0,0.01,300
6720,14231,"Veg_Low-B-High-Confined",2,0,0.01,400
6720,14232,"Veg_Low-B-High-Unconfined",2,0,0.01,400
6720,14321,"Veg_Low-C-Med-Confined",2,0,0.01,300
6720,14322,"Veg_Low-C-Med-Unconfined",2,0,0.01,300
6720,14331,"Veg_Low-C-High-Confined",2,0,0.01,400
6720,14332,"Veg_Low-C-High-Unconfined",2,0,0.01,400
6720,14421,"Veg_Low-D-Med-Confined",2,0.104476,0.15,300
6720,14422,"Veg_Low-D-Med-Unconfined",2,0,0.01,300
6720,14431,"Veg_Low-D-High-Confined",2,353.116878,0.55,400
6720,14432,"Veg_Low-D-High-Unconfined",2,0,0.01,400
6720,15121,"Veg_High-A-Med-Confined",2,0,0.01,300
6720,15122,"Veg_High-A-Med-Unconfined",2,0,0.01,300
6720,15131,"Veg_High-A-High-Confined",2,2.793252,0.62,400
6720,15132,"Veg_High-A-High-Unconfined",2,0,0.01,400
6720,15221,"Veg_High-B-Med-Confined",2,0,0.01,300
6720,15222,"Veg_High-B-Med-Unconfined",2,0,0.01,300
6720,15231,"Veg_High-B-High-Confined",2,0,0.01,400
6720,15232,"Veg_High-B-High-Unconfined",2,0,0.01,400
6720,15321,"Veg_High-C-Med-Confined",2,0,0.01,300
6720,15322,"Veg_High-C-Med-Unconfined",2,0,0.01,300
6720,15331,"Veg_High-C-High-Confined",2,0,0.01,400
6720,15332,"Veg_High-C-High-Unconfined",2,0,0.01,400
6720,15421,"Veg_High-D-Med-Confined",2,9.210637,0.24,300
6720,15422,"Veg_High-D-Med-Unconfined",2,0,0.01,300
6720,15431,"Veg_High-D-High-Confined",2,886.225,0.54,400
6720,15432,"Veg_High-D-High-Unconfined",2,0,0.01,400
6720,16000,"Water-All-All-All",1,31.853733,0.01,100
6721,1000,"Road_Freeway-All-All-All",1,0,0.01,100
6721,2000,"Road_Primary-All-All-All",1,0.012663,0.09,100
6721,3000,"Road_Minor-All-All-All",1,0.003559,0.1,100
6721,4000,"Dev_ResHigh-All-All-All",1,0,0.08,100
6721,5000,"Dev_ResLow-All-All-All",1,2.337292,0.14,100
6721,6000,"Dev_Com-All-All-All",1,0,0.01,100
6721,7000,"Dev_Ind-All-All-All",1,0,0.01,100
6721,8000,"Dev_Inst-All-All-All",1,0.004184,0.09,100
6721,9000,"Dev_Roof-All-All-All",1,0.000328,0.04,100
6721,10000,"Dev_Overspray-All-All-All",1,0.06096,0.12,100
6721,11111,"Dev_Irrigated-A-Low-Confined",2,0,0.01,400
6721,11112,"Dev_Irrigated-A-Low-Unconfined",2,0,0.01,400
6721,11121,"Dev_Irrigated-A-Med-Confined",2,0.040639,0.4,300
6721,11122,"Dev_Irrigated-A-Med-Unconfined",2,0,0.01,300
6721,11211,"Dev_Irrigated-B-Low-Confined",2,0,0.01,400
6721,11212,"Dev_Irrigated-B-Low-Unconfined",2,0,0.01,400
6721,11221,"Dev_Irrigated-B-Med-Confined",2,0,0.01,300
6721,11222,"Dev_Irrigated-B-Med-Unconfined",2,0,0.01,300
6721,11311,"Dev_Irrigated-C-Low-Confined",2,0,0.01,400
6721,11312,"Dev_Irrigated-C-Low-Unconfined",2,0,0.01,400
6721,11321,"Dev_Irrigated-C-Med-Confined",2,0,0.01,300
6721,11322,"Dev_Irrigated-C-Med-Unconfined",2,0,0.01,300
6721,11411,"Dev_Irrigated-D-Low-Confined",2,0,0.01,400
6721,11412,"Dev_Irrigated-D-Low-Unconfined",2,0,0.01,400
6721,11421,"Dev_Irrigated-D-Med-Confined",2,1.178561,0.35,300
6721,11422,"Dev_Irrigated-D-Med-Unconfined",2,0,0.01,300
6721,12111,"Dev_Pervious-A-Low-Confined",2,0,0.01,400
6721,12112,"Dev_Pervious-A-Low-Unconfined",2,0,0.01,400
6721,12121,"Dev_Pervious-A-Med-Confined",2,1.345075,0.13,300
6721,12122,"Dev_Pervious-A-Med-Unconfined",2,0,0.01,300
6721,12211,"Dev_Pervious-B-Low-Confined",2,0,0.01,400
6721,12212,"Dev_Pervious-B-Low-Unconfined",2,0,0.01,400
6721,12221,"Dev_Pervious-B-Med-Confined",2,0,0.01,300
6721,12222,"Dev_Pervious-B-Med-Unconfined",2,0,0.01,300
6721,12311,"Dev_Pervious-C-Low-Confined",2,0,0.01,400
6721,12312,"Dev_Pervious-C-Low-Unconfined",2,0,0.01,400
6721,12321,"Dev_Pervious-C-Med-Confined",2,0,0.01,300
6721,12322,"Dev_Pervious-C-Med-Unconfined",2,0,0.01,300
6721,12411,"Dev_Pervious-D-Low-Confined",2,0,0.01,400
6721,12412,"Dev_Pervious-D-Low-Unconfined",2,0,0.01,400
6721,12421,"Dev_Pervious-D-Med-Confined",2,39.007901,0.38,300
6721,12422,"Dev_Pervious-D-Med-Unconfined",2,0,0.01,300
6721,13111,"Agriculture-A-Low-Confined",2,0,0.01,400
6721,13112,"Agriculture-A-Low-Unconfined",2,0,0.01,400
6721,13121,"Agriculture-A-Med-Confined",2,0,0.01,300
6721,13122,"Agriculture-A-Med-Unconfined",2,0,0.01,300
6721,13211,"Agriculture-B-Low-Confined",2,0,0.01,400
6721,13212,"Agriculture-B-Low-Unconfined",2,0,0.01,400
6721,13221,"Agriculture-B-Med-Confined",2,0,0.01,300
6721,13222,"Agriculture-B-Med-Unconfined",2,0,0.01,300
6721,13231,"Agriculture-B-High-Confined",2,0,0.01,400
6721,13232,"Agriculture-B-High-Unconfined",2,0,0.01,400
6721,13311,"Agriculture-C-Low-Confined",2,0,0.01,400
6721,13312,"Agriculture-C-Low-Unconfined",2,0,0.01,400
6721,13321,"Agriculture-C-Med-Confined",2,0,0.01,300
6721,13322,"Agriculture-C-Med-Unconfined",2,0,0.01,300
6721,13331,"Agriculture-C-High-Confined",2,0,0.01,400
6721,13411,"Agriculture-D-Low-Confined",2,0,0.01,400
6721,13412,"Agriculture-D-Low-Unconfined",2,0,0.01,400
6721,13421,"Agriculture-D-Med-Confined",2,0,0.01,300
6721,13422,"Agriculture-D-Med-Unconfined",2,0,0.01,300
6721,13431,"Agriculture-D-High-Confined",2,0,0.01,400
6721,13432,"Agriculture-D-High-Unconfined",2,0,0.01,400
6721,14121,"Veg_Low-A-Med-Confined",2,1.122707,0.13,300
6721,14122,"Veg_Low-A-Med-Unconfined",2,0,0.01,300
6721,14131,"Veg_Low-A-High-Confined",2,36.735174,0.47,400
6721,14132,"Veg_Low-A-High-Unconfined",2,0,0.01,400
6721,14221,"Veg_Low-B-Med-Confined",2,0,0.01,300
6721,14222,"Veg_Low-B-Med-Unconfined",2,0,0.01,300
6721,14231,"Veg_Low-B-High-Confined",2,0,0.01,400
6721,14232,"Veg_Low-B-High-Unconfined",2,0,0.01,400
6721,14321,"Veg_Low-C-Med-Confined",2,0,0.01,300
6721,14322,"Veg_Low-C-Med-Unconfined",2,0,0.01,300
6721,14331,"Veg_Low-C-High-Confined",2,0,0.01,400
6721,14332,"Veg_Low-C-High-Unconfined",2,0,0.01,400
6721,14421,"Veg_Low-D-Med-Confined",2,3.311026,0.14,300
6721,14422,"Veg_Low-D-Med-Unconfined",2,0,0.01,300
6721,14431,"Veg_Low-D-High-Confined",2,3157.226756,0.38,400
6721,14432,"Veg_Low-D-High-Unconfined",2,0,0.01,400
6721,15121,"Veg_High-A-Med-Confined",2,0,0.01,300
6721,15122,"Veg_High-A-Med-Unconfined",2,0,0.01,300
6721,15131,"Veg_High-A-High-Confined",2,189.787241,0.65,400
6721,15132,"Veg_High-A-High-Unconfined",2,0,0.01,400
6721,15221,"Veg_High-B-Med-Confined",2,0,0.01,300
6721,15222,"Veg_High-B-Med-Unconfined",2,0,0.01,300
6721,15231,"Veg_High-B-High-Confined",2,0,0.01,400
6721,15232,"Veg_High-B-High-Unconfined",2,0,0.01,400
6721,15321,"Veg_High-C-Med-Confined",2,0,0.01,300
6721,15322,"Veg_High-C-Med-Unconfined",2,0,0.01,300
6721,15331,"Veg_High-C-High-Confined",2,0,0.01,400
6721,15332,"Veg_High-C-High-Unconfined",2,0,0.01,400
6721,15421,"Veg_High-D-Med-Confined",2,0,0.01,300
6721,15422,"Veg_High-D-Med-Unconfined",2,0,0.01,300
6721,15431,"Veg_High-D-High-Confined",2,4697.637562,0.55,400
6721,15432,"Veg_High-D-High-Unconfined",2,0,0.01,400
6721,16000,"Water-All-All-All",1,0,0.01,100
6722,1000,"Road_Freeway-All-All-All",1,0,0.01,100
6722,2000,"Road_Primary-All-All-All",1,0,0.01,100
6722,3000,"Road_Minor-All-All-All",1,0,0.01,100
6722,4000,"Dev_ResHigh-All-All-All",1,0,0.01,100
6722,5000,"Dev_ResLow-All-All-All",1,0,0.12,100
6722,6000,"Dev_Com-All-All-All",1,0,0.01,100
6722,7000,"Dev_Ind-All-All-All",1,0,0.01,100
6722,8000,"Dev_Inst-All-All-All",1,0,0.01,100
6722,9000,"Dev_Roof-All-All-All",1,0,0.05,100
6722,10000,"Dev_Overspray-All-All-All",1,0,0.16,100
6722,11111,"Dev_Irrigated-A-Low-Confined",2,0,0.01,400
6722,11112,"Dev_Irrigated-A-Low-Unconfined",2,0,0.01,400
6722,11121,"Dev_Irrigated-A-Med-Confined",2,0,0.01,300
6722,11122,"Dev_Irrigated-A-Med-Unconfined",2,0,0.01,300
6722,11211,"Dev_Irrigated-B-Low-Confined",2,0,0.01,400
6722,11212,"Dev_Irrigated-B-Low-Unconfined",2,0,0.01,400
6722,11221,"Dev_Irrigated-B-Med-Confined",2,0,0.01,300
6722,11222,"Dev_Irrigated-B-Med-Unconfined",2,0,0.01,300
6722,11311,"Dev_Irrigated-C-Low-Confined",2,0,0.01,400
6722,11312,"Dev_Irrigated-C-Low-Unconfined",2,0,0.01,400
6722,11321,"Dev_Irrigated-C-Med-Confined",2,0,0.01,300
6722,11322,"Dev_Irrigated-C-Med-Unconfined",2,0,0.01,300
6722,11411,"Dev_Irrigated-D-Low-Confined",2,0,0.01,400
6722,11412,"Dev_Irrigated-D-Low-Unconfined",2,0,0.01,400
6722,11421,"Dev_Irrigated-D-Med-Confined",2,0,0.5,300
6722,11422,"Dev_Irrigated-D-Med-Unconfined",2,0,0.01,300
6722,12111,"Dev_Pervious-A-Low-Confined",2,0,0.01,400
6722,12112,"Dev_Pervious-A-Low-Unconfined",2,0,0.01,400
6722,12121,"Dev_Pervious-A-Med-Confined",2,0,0.01,300
6722,12122,"Dev_Pervious-A-Med-Unconfined",2,0,0.01,300
6722,12211,"Dev_Pervious-B-Low-Confined",2,0,0.01,400
6722,12212,"Dev_Pervious-B-Low-Unconfined",2,0,0.01,400
6722,12221,"Dev_Pervious-B-Med-Confined",2,0,0.01,300
6722,12222,"Dev_Pervious-B-Med-Unconfined",2,0,0.01,300
6722,12311,"Dev_Pervious-C-Low-Confined",2,0,0.01,400
6722,12312,"Dev_Pervious-C-Low-Unconfined",2,0,0.01,400
6722,12321,"Dev_Pervious-C-Med-Confined",2,0,0.01,300
6722,12322,"Dev_Pervious-C-Med-Unconfined",2,0,0.01,300
6722,12411,"Dev_Pervious-D-Low-Confined",2,0,0.01,400
6722,12412,"Dev_Pervious-D-Low-Unconfined",2,0,0.01,400
6722,12421,"Dev_Pervious-D-Med-Confined",2,0.01878,0.57,300
6722,12422,"Dev_Pervious-D-Med-Unconfined",2,0,0.01,300
6722,13111,"Agriculture-A-Low-Confined",2,0,0.01,400
6722,13112,"Agriculture-A-Low-Unconfined",2,0,0.01,400
6722,13121,"Agriculture-A-Med-Confined",2,0,0.01,300
6722,13122,"Agriculture-A-Med-Unconfined",2,0,0.01,300
6722,13211,"Agriculture-B-Low-Confined",2,0,0.01,400
6722,13212,"Agriculture-B-Low-Unconfined",2,0,0.01,400
6722,13221,"Agriculture-B-Med-Confined",2,0,0.01,300
6722,13222,"Agriculture-B-Med-Unconfined",2,0,0.01,300
6722,13231,"Agriculture-B-High-Confined",2,0,0.01,400
6722,13232,"Agriculture-B-High-Unconfined",2,0,0.01,400
6722,13311,"Agriculture-C-Low-Confined",2,0,0.01,400
6722,13312,"Agriculture-C-Low-Unconfined",2,0,0.01,400
6722,13321,"Agriculture-C-Med-Confined",2,0,0.01,300
6722,13322,"Agriculture-C-Med-Unconfined",2,0,0.01,300
6722,13331,"Agriculture-C-High-Confined",2,0,0.01,400
6722,13411,"Agriculture-D-Low-Confined",2,0,0.01,400
6722,13412,"Agriculture-D-Low-Unconfined",2,0,0.01,400
6722,13421,"Agriculture-D-Med-Confined",2,0,0.01,300
6722,13422,"Agriculture-D-Med-Unconfined",2,0,0.01,300
6722,13431,"Agriculture-D-High-Confined",2,0,0.01,400
6722,13432,"Agriculture-D-High-Unconfined",2,0,0.01,400
6722,14121,"Veg_Low-A-Med-Confined",2,0,0.01,300
6722,14122,"Veg_Low-A-Med-Unconfined",2,0,0.01,300
6722,14131,"Veg_Low-A-High-Confined",2,0,0.01,400
6722,14132,"Veg_Low-A-High-Unconfined",2,0,0.01,400
6722,14221,"Veg_Low-B-Med-Confined",2,0,0.01,300
6722,14222,"Veg_Low-B-Med-Unconfined",2,0,0.01,300
6722,14231,"Veg_Low-B-High-Confined",2,0,0.01,400
6722,14232,"Veg_Low-B-High-Unconfined",2,0,0.01,400
6722,14321,"Veg_Low-C-Med-Confined",2,0,0.01,300
6722,14322,"Veg_Low-C-Med-Unconfined",2,0,0.01,300
6722,14331,"Veg_Low-C-High-Confined",2,0,0.01,400
6722,14332,"Veg_Low-C-High-Unconfined",2,0,0.01,400
6722,14421,"Veg_Low-D-Med-Confined",2,0,0.01,300
6722,14422,"Veg_Low-D-Med-Unconfined",2,0,0.01,300
6722,14431,"Veg_Low-D-High-Confined",2,490.839271,0.62,400
6722,14432,"Veg_Low-D-High-Unconfined",2,0,0.01,400
6722,15121,"Veg_High-A-Med-Confined",2,0,0.01,300
6722,15122,"Veg_High-A-Med-Unconfined",2,0,0.01,300
6722,15131,"Veg_High-A-High-Confined",2,0,0.01,400
6722,15132,"Veg_High-A-High-Unconfined",2,0,0.01,400
6722,15221,"Veg_High-B-Med-Confined",2,0,0.01,300
6722,15222,"Veg_High-B-Med-Unconfined",2,0,0.01,300
6722,15231,"Veg_High-B-High-Confined",2,0,0.01,400
6722,15232,"Veg_High-B-High-Unconfined",2,0,0.01,400
6722,15321,"Veg_High-C-Med-Confined",2,0,0.01,300
6722,15322,"Veg_High-C-Med-Unconfined",2,0,0.01,300
6722,15331,"Veg_High-C-High-Confined",2,0,0.01,400
6722,15332,"Veg_High-C-High-Unconfined",2,0,0.01,400
6722,15421,"Veg_High-D-Med-Confined",2,0,0.01,300
6722,15422,"Veg_High-D-Med-Unconfined",2,0,0.01,300
6722,15431,"Veg_High-D-High-Confined",2,862.403227,0.62,400
6722,15432,"Veg_High-D-High-Unconfined",2,0,0.01,400
6722,16000,"Water-All-All-All",1,0,0.01,100
6723,1000,"Road_Freeway-All-All-All",1,0,0.01,100
6723,2000,"Road_Primary-All-All-All",1,0,0.01,100
6723,3000,"Road_Minor-All-All-All",1,0,0.01,100
6723,4000,"Dev_ResHigh-All-All-All",1,0,0.01,100
6723,5000,"Dev_ResLow-All-All-All",1,0,0.09,100
6723,6000,"Dev_Com-All-All-All",1,0,0.01,100
6723,7000,"Dev_Ind-All-All-All",1,0,0.01,100
6723,8000,"Dev_Inst-All-All-All",1,0,0.01,100
6723,9000,"Dev_Roof-All-All-All",1,0,0.01,100
6723,10000,"Dev_Overspray-All-All-All",1,0,0.09,100
6723,11111,"Dev_Irrigated-A-Low-Confined",2,0,0.01,400
6723,11112,"Dev_Irrigated-A-Low-Unconfined",2,0,0.01,400
6723,11121,"Dev_Irrigated-A-Med-Confined",2,0,0.01,300
6723,11122,"Dev_Irrigated-A-Med-Unconfined",2,0,0.01,300
6723,11211,"Dev_Irrigated-B-Low-Confined",2,0,0.01,400
6723,11212,"Dev_Irrigated-B-Low-Unconfined",2,0,0.01,400
6723,11221,"Dev_Irrigated-B-Med-Confined",2,0,0.01,300
6723,11222,"Dev_Irrigated-B-Med-Unconfined",2,0,0.01,300
6723,11311,"Dev_Irrigated-C-Low-Confined",2,0,0.01,400
6723,11312,"Dev_Irrigated-C-Low-Unconfined",2,0,0.01,400
6723,11321,"Dev_Irrigated-C-Med-Confined",2,0,0.01,300
6723,11322,"Dev_Irrigated-C-Med-Unconfined",2,0,0.01,300
6723,11411,"Dev_Irrigated-D-Low-Confined",2,0,0.01,400
6723,11412,"Dev_Irrigated-D-Low-Unconfined",2,0,0.01,400
6723,11421,"Dev_Irrigated-D-Med-Confined",2,0,0.28,300
6723,11422,"Dev_Irrigated-D-Med-Unconfined",2,0,0.01,300
6723,12111,"Dev_Pervious-A-Low-Confined",2,0,0.01,400
6723,12112,"Dev_Pervious-A-Low-Unconfined",2,0,0.01,400
6723,12121,"Dev_Pervious-A-Med-Confined",2,0,0.01,300
6723,12122,"Dev_Pervious-A-Med-Unconfined",2,0,0.01,300
6723,12211,"Dev_Pervious-B-Low-Confined",2,0,0.01,400
6723,12212,"Dev_Pervious-B-Low-Unconfined",2,0,0.01,400
6723,12221,"Dev_Pervious-B-Med-Confined",2,0,0.01,300
6723,12222,"Dev_Pervious-B-Med-Unconfined",2,0,0.01,300
6723,12311,"Dev_Pervious-C-Low-Confined",2,0,0.01,400
6723,12312,"Dev_Pervious-C-Low-Unconfined",2,0,0.01,400
6723,12321,"Dev_Pervious-C-Med-Confined",2,0,0.01,300
6723,12322,"Dev_Pervious-C-Med-Unconfined",2,0,0.01,300
6723,12411,"Dev_Pervious-D-Low-Confined",2,0,0.01,400
6723,12412,"Dev_Pervious-D-Low-Unconfined",2,0,0.01,400
6723,12421,"Dev_Pervious-D-Med-Confined",2,0,0.01,300
6723,12422,"Dev_Pervious-D-Med-Unconfined",2,0,0.01,300
6723,13111,"Agriculture-A-Low-Confined",2,0,0.01,400
6723,13112,"Agriculture-A-Low-Unconfined",2,0,0.01,400
6723,13121,"Agriculture-A-Med-Confined",2,0,0.01,300
6723,13122,"Agriculture-A-Med-Unconfined",2,0,0.01,300
6723,13211,"Agriculture-B-Low-Confined",2,0,0.01,400
6723,13212,"Agriculture-B-Low-Unconfined",2,0,0.01,400
6723,13221,"Agriculture-B-Med-Confined",2,0,0.01,300
6723,13222,"Agriculture-B-Med-Unconfined",2,0,0.01,300
6723,13231,"Agriculture-B-High-Confined",2,0,0.01,400
6723,13232,"Agriculture-B-High-Unconfined",2,0,0.01,400
6723,13311,"Agriculture-C-Low-Confined",2,0,0.01,400
6723,13312,"Agriculture-C-Low-Unconfined",2,0,0.01,400
6723,13321,"Agriculture-C-Med-Confined",2,0,0.01,300
6723,13322,"Agriculture-C-Med-Unconfined",2,0,0.01,300
6723,13331,"Agriculture-C-High-Confined",2,0,0.01,400
6723,13411,"Agriculture-D-Low-Confined",2,0,0.01,400
6723,13412,"Agriculture-D-Low-Unconfined",2,0,0.01,400
6723,13421,"Agriculture-D-Med-Confined",2,0,0.01,300
6723,13422,"Agriculture-D-Med-Unconfined",2,0,0.01,300
6723,13431,"Agriculture-D-High-Confined",2,0,0.01,400
6723,13432,"Agriculture-D-High-Unconfined",2,0,0.01,400
6723,14121,"Veg_Low-A-Med-Confined",2,0,0.01,300
6723,14122,"Veg_Low-A-Med-Unconfined",2,0,0.01,300
6723,14131,"Veg_Low-A-High-Confined",2,0,0.01,400
6723,14132,"Veg_Low-A-High-Unconfined",2,0,0.01,400
6723,14221,"Veg_Low-B-Med-Confined",2,0,0.01,300
6723,14222,"Veg_Low-B-Med-Unconfined",2,0,0.01,300
6723,14231,"Veg_Low-B-High-Confined",2,0,0.01,400
6723,14232,"Veg_Low-B-High-Unconfined",2,0,0.01,400
6723,14321,"Veg_Low-C-Med-Confined",2,0,0.01,300
6723,14322,"Veg_Low-C-Med-Unconfined",2,0,0.01,300
6723,14331,"Veg_Low-C-High-Confined",2,0,0.01,400
6723,14332,"Veg_Low-C-High-Unconfined",2,0,0.01,400
6723,14421,"Veg_Low-D-Med-Confined",2,0,0.01,300
6723,14422,"Veg_Low-D-Med-Unconfined",2,0,0.01,300
6723,14431,"Veg_Low-D-High-Confined",2,562.644842,0.53,400
6723,14432,"Veg_Low-D-High-Unconfined",2,0,0.01,400
6723,15121,"Veg_High-A-Med-Confined",2,0,0.01,300
6723,15122,"Veg_High-A-Med-Unconfined",2,0,0.01,300
6723,15131,"Veg_High-A-High-Confined",2,0,0.01,400
6723,15132,"Veg_High-A-High-Unconfined",2,0,0.01,400
6723,15221,"Veg_High-B-Med-Confined",2,0,0.01,300
6723,15222,"Veg_High-B-Med-Unconfined",2,0,0.01,300
6723,15231,"Veg_High-B-High-Confined",2,0,0.01,400
6723,15232,"Veg_High-B-High-Unconfined",2,0,0.01,400
6723,15321,"Veg_High-C-Med-Confined",2,0,0.01,300
6723,15322,"Veg_High-C-Med-Unconfined",2,0,0.01,300
6723,15331,"Veg_High-C-High-Confined",2,0,0.01,400
6723,15332,"Veg_High-C-High-Unconfined",2,0,0.01,400
6723,15421,"Veg_High-D-Med-Confined",2,0,0.01,300
6723,15422,"Veg_High-D-Med-Unconfined",2,0,0.01,300
6723,15431,"Veg_High-D-High-Confined",2,363.719875,0.6,400
6723,15432,"Veg_High-D-High-Unconfined",2,0,0.01,400
6723,16000,"Water-All-All-All",1,0,0.01,100
6724,1000,"Road_Freeway-All-All-All",1,0,0.01,100
6724,2000,"Road_Primary-All-All-All",1,0,0.01,100
6724,3000,"Road_Minor-All-All-All",1,3e-06,0.02,100
6724,4000,"Dev_ResHigh-All-All-All",1,0,0.01,100
6724,5000,"Dev_ResLow-All-All-All",1,0.410549,0.12,100
6724,6000,"Dev_Com-All-All-All",1,0,0.01,100
6724,7000,"Dev_Ind-All-All-All",1,0,0.01,100
6724,8000,"Dev_Inst-All-All-All",1,0.003055,0.04,100
6724,9000,"Dev_Roof-All-All-All",1,0.000157,0.01,100
6724,10000,"Dev_Overspray-All-All-All",1,0.006748,0.12,100
6724,11111,"Dev_Irrigated-A-Low-Confined",2,0,0.01,400
6724,11112,"Dev_Irrigated-A-Low-Unconfined",2,0,0.01,400
6724,11121,"Dev_Irrigated-A-Med-Confined",2,0,0.01,300
6724,11122,"Dev_Irrigated-A-Med-Unconfined",2,0,0.01,300
6724,11211,"Dev_Irrigated-B-Low-Confined",2,0,0.01,400
6724,11212,"Dev_Irrigated-B-Low-Unconfined",2,0,0.01,400
6724,11221,"Dev_Irrigated-B-Med-Confined",2,0,0.01,300
6724,11222,"Dev_Irrigated-B-Med-Unconfined",2,0,0.01,300
6724,11311,"Dev_Irrigated-C-Low-Confined",2,0,0.01,400
6724,11312,"Dev_Irrigated-C-Low-Unconfined",2,0,0.01,400
6724,11321,"Dev_Irrigated-C-Med-Confined",2,0,0.01,300
6724,11322,"Dev_Irrigated-C-Med-Unconfined",2,0,0.01,300
6724,11411,"Dev_Irrigated-D-Low-Confined",2,0.003969,0.07,400
6724,11412,"Dev_Irrigated-D-Low-Unconfined",2,0,0.01,400
6724,11421,"Dev_Irrigated-D-Med-Confined",2,0.130988,0.34,300
6724,11422,"Dev_Irrigated-D-Med-Unconfined",2,0,0.01,300
6724,12111,"Dev_Pervious-A-Low-Confined",2,0,0.01,400
6724,12112,"Dev_Pervious-A-Low-Unconfined",2,0,0.01,400
6724,12121,"Dev_Pervious-A-Med-Confined",2,0,0.01,300
6724,12122,"Dev_Pervious-A-Med-Unconfined",2,0,0.01,300
6724,12211,"Dev_Pervious-B-Low-Confined",2,0,0.01,400
6724,12212,"Dev_Pervious-B-Low-Unconfined",2,0,0.01,400
6724,12221,"Dev_Pervious-B-Med-Confined",2,0,0.01,300
6724,12222,"Dev_Pervious-B-Med-Unconfined",2,0,0.01,300
6724,12311,"Dev_Pervious-C-Low-Confined",2,0,0.01,400
6724,12312,"Dev_Pervious-C-Low-Unconfined",2,0,0.01,400
6724,12321,"Dev_Pervious-C-Med-Confined",2,0,0.01,300
6724,12322,"Dev_Pervious-C-Med-Unconfined",2,0,0.01,300
6724,12411,"Dev_Pervious-D-Low-Confined",2,0.153032,0.07,400
6724,12412,"Dev_Pervious-D-Low-Unconfined",2,0,0.01,400
6724,12421,"Dev_Pervious-D-Med-Confined",2,5.050157,0.1,300
6724,12422,"Dev_Pervious-D-Med-Unconfined",2,0,0.01,300
6724,13111,"Agriculture-A-Low-Confined",2,0,0.01,400
6724,13112,"Agriculture-A-Low-Unconfined",2,0,0.01,400
6724,13121,"Agriculture-A-Med-Confined",2,0,0.01,300
6724,13122,"Agriculture-A-Med-Unconfined",2,0,0.01,300
6724,13211,"Agriculture-B-Low-Confined",2,0,0.01,400
6724,13212,"Agriculture-B-Low-Unconfined",2,0,0.01,400
6724,13221,"Agriculture-B-Med-Confined",2,0,0.01,300
6724,13222,"Agriculture-B-Med-Unconfined",2,0,0.01,300
6724,13231,"Agriculture-B-High-Confined",2,0,0.01,400
6724,13232,"Agriculture-B-High-Unconfined",2,0,0.01,400
6724,13311,"Agriculture-C-Low-Confined",2,0,0.01,400
6724,13312,"Agriculture-C-Low-Unconfined",2,0,0.01,400
6724,13321,"Agriculture-C-Med-Confined",2,0,0.01,300
6724,13322,"Agriculture-C-Med-Unconfined",2,0,0.01,300
6724,13331,"Agriculture-C-High-Confined",2,0,0.01,400
6724,13411,"Agriculture-D-Low-Confined",2,0,0.01,400
6724,13412,"Agriculture-D-Low-Unconfined",2,0,0.01,400
6724,13421,"Agriculture-D-Med-Confined",2,0,0.01,300
6724,13422,"Agriculture-D-Med-Unconfined",2,0,0.01,300
6724,13431,"Agriculture-D-High-Confined",2,0,0.01,400
6724,13432,"Agriculture-D-High-Unconfined",2,0,0.01,400
6724,14121,"Veg_Low-A-Med-Confined",2,0,0.01,300
6724,14122,"Veg_Low-A-Med-Unconfined",2,0,0.01,300
6724,14131,"Veg_Low-A-High-Confined",2,0,0.01,400
6724,14132,"Veg_Low-A-High-Unconfined",2,0,0.01,400
6724,14221,"Veg_Low-B-Med-Confined",2,0,0.01,300
6724,14222,"Veg_Low-B-Med-Unconfined",2,0,0.01,300
6724,14231,"Veg_Low-B-High-Confined",2,0,0.01,400
6724,14232,"Veg_Low-B-High-Unconfined",2,0,0.01,400
6724,14321,"Veg_Low-C-Med-Confined",2,0,0.01,300
6724,14322,"Veg_Low-C-Med-Unconfined",2,0,0.01,300
6724,14331,"Veg_Low-C-High-Confined",2,0,0.01,400
6724,14332,"Veg_Low-C-High-Unconfined",2,0,0.01,400
6724,14421,"Veg_Low-D-Med-Confined",2,0.002962,0.08,300
6724,14422,"Veg_Low-D-Med-Unconfined",2,0,0.01,300
6724,14431,"Veg_Low-D-High-Confined",2,923.792238,0.43,400
6724,14432,"Veg_Low-D-High-Unconfined",2,0,0.01,400
6724,15121,"Veg_High-A-Med-Confined",2,0,0.01,300
6724,15122,"Veg_High-A-Med-Unconfined",2,0,0.01,300
6724,15131,"Veg_High-A-High-Confined",2,0,0.01,400
6724,15132,"Veg_High-A-High-Unconfined",2,0,0.01,400
6724,15221,"Veg_High-B-Med-Confined",2,0,0.01,300
6724,15222,"Veg_High-B-Med-Unconfined",2,0,0.01,300
6724,15231,"Veg_High-B-High-Confined",2,0,0.01,400
6724,15232,"Veg_High-B-High-Unconfined",2,0,0.01,400
6724,15321,"Veg_High-C-Med-Confined",2,0,0.01,300
6724,15322,"Veg_High-C-Med-Unconfined",2,0,0.01,300
6724,15331,"Veg_High-C-High-Confined",2,0,0.01,400
6724,15332,"Veg_High-C-High-Unconfined",2,0,0.01,400
6724,15421,"Veg_High-D-Med-Confined",2,0,0.01,300
6724,15422,"Veg_High-D-Med-Unconfined",2,0,0.01,300
6724,15431,"Veg_High-D-High-Confined",2,567.791026,0.53,400
6724,15432,"Veg_High-D-High-Unconfined",2,0,0.01,400
6724,16000,"Water-All-All-All",1,0,0.01,100
6725,1000,"Road_Freeway-All-All-All",1,0,0.01,100
6725,2000,"Road_Primary-All-All-All",1,0,0.01,100
6725,3000,"Road_Minor-All-All-All",1,0,0.04,100
6725,4000,"Dev_ResHigh-All-All-All",1,0,0.01,100
6725,5000,"Dev_ResLow-All-All-All",1,0,0.14,100
6725,6000,"Dev_Com-All-All-All",1,0,0.01,100
6725,7000,"Dev_Ind-All-All-All",1,0,0.01,100
6725,8000,"Dev_Inst-All-All-All",1,0,0.01,100
6725,9000,"Dev_Roof-All-All-All",1,0,0.03,100
6725,10000,"Dev_Overspray-All-All-All",1,0,0.12,100
6725,11111,"Dev_Irrigated-A-Low-Confined",2,0,0.01,400
6725,11112,"Dev_Irrigated-A-Low-Unconfined",2,0,0.01,400
6725,11121,"Dev_Irrigated-A-Med-Confined",2,0,0.01,300
6725,11122,"Dev_Irrigated-A-Med-Unconfined",2,0,0.01,300
6725,11211,"Dev_Irrigated-B-Low-Confined",2,0,0.01,400
6725,11212,"Dev_Irrigated-B-Low-Unconfined",2,0,0.01,400
6725,11221,"Dev_Irrigated-B-Med-Confined",2,0,0.01,300
6725,11222,"Dev_Irrigated-B-Med-Unconfined",2,0,0.01,300
6725,11311,"Dev_Irrigated-C-Low-Confined",2,0,0.01,400
6725,11312,"Dev_Irrigated-C-Low-Unconfined",2,0,0.01,400
6725,11321,"Dev_Irrigated-C-Med-Confined",2,0,0.01,300
6725,11322,"Dev_Irrigated-C-Med-Unconfined",2,0,0.01,300
6725,11411,"Dev_Irrigated-D-Low-Confined",2,0,0.01,400
6725,11412,"Dev_Irrigated-D-Low-Unconfined",2,0,0.01,400
6725,11421,"Dev_Irrigated-D-Med-Confined",2,0.000594,0.35,300
6725,11422,"Dev_Irrigated-D-Med-Unconfined",2,0,0.01,300
6725,12111,"Dev_Pervious-A-Low-Confined",2,0,0.01,400
6725,12112,"Dev_Pervious-A-Low-Unconfined",2,0,0.01,400
6725,12121,"Dev_Pervious-A-Med-Confined",2,0,0.01,300
6725,12122,"Dev_Pervious-A-Med-Unconfined",2,0,0.01,300
6725,12211,"Dev_Pervious-B-Low-Confined",2,0,0.01,400
6725,12212,"Dev_Pervious-B-Low-Unconfined",2,0,0.01,400
6725,12221,"Dev_Pervious-B-Med-Confined",2,0,0.01,300
6725,12222,"Dev_Pervious-B-Med-Unconfined",2,0,0.01,300
6725,12311,"Dev_Pervious-C-Low-Confined",2,0,0.01,400
6725,12312,"Dev_Pervious-C-Low-Unconfined",2,0,0.01,400
6725,12321,"Dev_Pervious-C-Med-Confined",2,0,0.01,300
6725,12322,"Dev_Pervious-C-Med-Unconfined",2,0,0.01,300
6725,12411,"Dev_Pervious-D-Low-Confined",2,0,0.01,400
6725,12412,"Dev_Pervious-D-Low-Unconfined",2,0,0.01,400
6725,12421,"Dev_Pervious-D-Med-Confined",2,0.020163,0.08,300
6725,12422,"Dev_Pervious-D-Med-Unconfined",2,0,0.01,300
6725,13111,"Agriculture-A-Low-Confined",2,0,0.01,400
6725,13112,"Agriculture-A-Low-Unconfined",2,0,0.01,400
6725,13121,"Agriculture-A-Med-Confined",2,0,0.01,300
6725,13122,"Agriculture-A-Med-Unconfined",2,0,0.01,300
6725,13211,"Agriculture-B-Low-Confined",2,0,0.01,400
6725,13212,"Agriculture-B-Low-Unconfined",2,0,0.01,400
6725,13221,"Agriculture-B-Med-Confined",2,0,0.01,300
6725,13222,"Agriculture-B-Med-Unconfined",2,0,0.01,300
6725,13231,"Agriculture-B-High-Confined",2,0,0.01,400
6725,13232,"Agriculture-B-High-Unconfined",2,0,0.01,400
6725,13311,"Agriculture-C-Low-Confined",2,0,0.01,400
6725,13312,"Agriculture-C-Low-Unconfined",2,0,0.01,400
6725,13321,"Agriculture-C-Med-Confined",2,0,0.01,300
6725,13322,"Agriculture-C-Med-Unconfined",2,0,0.01,300
6725,13331,"Agriculture-C-High-Confined",2,0,0.01,400
6725,13411,"Agriculture-D-Low-Confined",2,0,0.01,400
6725,13412,"Agriculture-D-Low-Unconfined",2,0,0.01,400
6725,13421,"Agriculture-D-Med-Confined",2,0,0.01,300
6725,13422,"Agriculture-D-Med-Unconfined",2,0,0.01,300
6725,13431,"Agriculture-D-High-Confined",2,0,0.01,400
6725,13432,"Agriculture-D-High-Unconfined",2,0,0.01,400
6725,14121,"Veg_Low-A-Med-Confined",2,0,0.01,300
6725,14122,"Veg_Low-A-Med-Unconfined",2,0,0.01,300
6725,14131,"Veg_Low-A-High-Confined",2,0,0.01,400
6725,14132,"Veg_Low-A-High-Unconfined",2,0,0.01,400
6725,14221,"Veg_Low-B-Med-Confined",2,0,0.01,300
6725,14222,"Veg_Low-B-Med-Unconfined",2,0,0.01,300
6725,14231,"Veg_Low-B-High-Confined",2,0,0.01,400
6725,14232,"Veg_Low-B-High-Unconfined",2,0,0.01,400
6725,14321,"Veg_Low-C-Med-Confined",2,0,0.01,300
6725,14322,"Veg_Low-C-Med-Unconfined",2,0,0.01,300
6725,14331,"Veg_Low-C-High-Confined",2,0,0.01,400
6725,14332,"Veg_Low-C-High-Unconfined",2,0,0.01,400
6725,14421,"Veg_Low-D-Med-Confined",2,35.498029,0.16,300
6725,14422,"Veg_Low-D-Med-Unconfined",2,0,0.01,300
6725,14431,"Veg_Low-D-High-Confined",2,2203.20649,0.41,400
6725,14432,"Veg_Low-D-High-Unconfined",2,0,0.01,400
6725,15121,"Veg_High-A-Med-Confined",2,0,0.01,300
6725,15122,"Veg_High-A-Med-Unconfined",2,0,0.01,300
6725,15131,"Veg_High-A-High-Confined",2,0,0.01,400
6725,15132,"Veg_High-A-High-Unconfined",2,0,0.01,400
6725,15221,"Veg_High-B-Med-Confined",2,0,0.01,300
6725,15222,"Veg_High-B-Med-Unconfined",2,0,0.01,300
6725,15231,"Veg_High-B-High-Confined",2,0,0.01,400
6725,15232,"Veg_High-B-High-Unconfined",2,0,0.01,400
6725,15321,"Veg_High-C-Med-Confined",2,0,0.01,300
6725,15322,"Veg_High-C-Med-Unconfined",2,0,0.01,300
6725,15331,"Veg_High-C-High-Confined",2,0,0.01,400
6725,15332,"Veg_High-C-High-Unconfined",2,0,0.01,400
6725,15421,"Veg_High-D-Med-Confined",2,20.149881,0.21,300
6725,15422,"Veg_High-D-Med-Unconfined",2,0,0.01,300
6725,15431,"Veg_High-D-High-Confined",2,2709.213029,0.43,400
6725,15432,"Veg_High-D-High-Unconfined",2,0,0.01,400
6725,16000,"Water-All-All-All",1,0,0.01,100
