rchid,type,parmname,value1
6682,0,DRAT_IVOL,2.384590878421e+06
6682,0,DRAT_OVOL,2.384590878421e+06
6682,-1,USLINK,0.000000000000e+00
6682,-1,PCP,0.000000000000e+00
6682,-1,EVAP,0.000000000000e+00
6682,-1,INFILT,0.000000000000e+00
6682,-1,USIF,0.000000000000e+00
6682,-2,LUIF,2.384590878421e+06
6682,-1,USBP,0.000000000000e+00
6682,-2,LUBP,0.000000000000e+00
6682,-3,PSIF,0.000000000000e+00
6682,-4,PSWD,0.000000000000e+00
6682,-4,PSDT,0.000000000000e+00
6682,-5,IRWD,0.000000000000e+00
6682,0,IVOL,2.384590878421e+06
6682,1,RO,2.384590878421e+06
6682,1,BP,0.000000000000e+00
6682,0,DRAT_ISED_1,1.259696365099e+00
6682,0,DRAT_OSED_1,1.259696365099e+00
6682,-1,USSED_1,0.000000000000e+00
6682,-2,LUSED_1,1.259696365099e+00
6682,-1,USSBP_1,0.000000000000e+00
6682,-2,LUSBP_1,0.000000000000e+00
6682,-3,PSSED_1,0.000000000000e+00
6682,-4,PSWDSED_1,0.000000000000e+00
6682,-4,PSDTSED_1,0.000000000000e+00
6682,-5,IRWDSED_1,0.000000000000e+00
6682,0,ISED_1,1.259696365099e+00
6682,0,DEPSCR_1,0.000000000000e+00
6682,0,DEPMASS_1,0.000000000000e+00
6682,0,SCRMASS_1,0.000000000000e+00
6682,0,BEDSED_1,0.000000000000e+00
6682,1,ROSED_1,1.259696365099e+00
6682,1,BPSED_1,0.000000000000e+00
6682,0,DRAT_ISED_2,5.225324471807e+00
6682,0,DRAT_OSED_2,5.225324471807e+00
6682,-1,USSED_2,0.000000000000e+00
6682,-2,LUSED_2,5.225324471807e+00
6682,-1,USSBP_2,0.000000000000e+00
6682,-2,LUSBP_2,0.000000000000e+00
6682,-3,PSSED_2,0.000000000000e+00
6682,-4,PSWDSED_2,0.000000000000e+00
6682,-4,PSDTSED_2,0.000000000000e+00
6682,-5,IRWDSED_2,0.000000000000e+00
6682,0,ISED_2,5.225324471807e+00
6682,0,DEPSCR_2,0.000000000000e+00
6682,0,DEPMASS_2,0.000000000000e+00
6682,0,SCRMASS_2,0.000000000000e+00
6682,0,BEDSED_2,0.000000000000e+00
6682,1,ROSED_2,5.225324471807e+00
6682,1,BPSED_2,0.000000000000e+00
6682,0,DRAT_ISED_3,1.612305406546e+00
6682,0,DRAT_OSED_3,1.612305406546e+00
6682,-1,USSED_3,0.000000000000e+00
6682,-2,LUSED_3,1.612305406546e+00
6682,-1,USSBP_3,0.000000000000e+00
6682,-2,LUSBP_3,0.000000000000e+00
6682,-3,PSSED_3,0.000000000000e+00
6682,-4,PSWDSED_3,0.000000000000e+00
6682,-4,PSDTSED_3,0.000000000000e+00
6682,-5,IRWDSED_3,0.000000000000e+00
6682,0,ISED_3,1.612305406546e+00
6682,0,DEPSCR_3,0.000000000000e+00
6682,0,DEPMASS_3,0.000000000000e+00
6682,0,SCRMASS_3,0.000000000000e+00
6682,0,BEDSED_3,0.000000000000e+00
6682,1,ROSED_3,1.612305406546e+00
6682,1,BPSED_3,0.000000000000e+00
6682,0,DRAT_IGQL_TN,3.604800176206e+02
6682,0,DRAT_OGQL_TN,3.604800176206e+02
6682,-1,USQUAL_TN,0.000000000000e+00
6682,-2,LUQUAL_TN,3.604800176206e+02
6682,-1,USQUBP_TN,0.000000000000e+00
6682,-2,LUQUBP_TN,0.000000000000e+00
6682,-3,PSQUAL_TN,0.000000000000e+00
6682,-4,PSWDQUAL_TN,0.000000000000e+00
6682,-4,PSDTQUAL_TN,0.000000000000e+00
6682,-5,IRWDQUAL_TN,0.000000000000e+00
6682,-7,INFILTQUAL_TN,0.000000000000e+00
6682,-8,INFILTQUALTARGET_TN,0.000000000000e+00
6682,0,ADTOT_TN,0.000000000000e+00
6682,0,IQUAL_TN,3.604800176206e+02
6682,0,ADQAL_TN,0.000000000000e+00
6682,0,DSQAL_TN,0.000000000000e+00
6682,0,DEPQAL_TN,0.000000000000e+00
6682,0,SCRQAL_TN,0.000000000000e+00
6682,1,QUAL_TN,3.604800176206e+02
6682,1,QUBP_TN,0.000000000000e+00
6682,0,DRAT_IGQL_TP,4.285295502456e+01
6682,0,DRAT_OGQL_TP,4.285295502456e+01
6682,-1,USQUAL_TP,0.000000000000e+00
6682,-2,LUQUAL_TP,4.285295502456e+01
6682,-1,USQUBP_TP,0.000000000000e+00
6682,-2,LUQUBP_TP,0.000000000000e+00
6682,-3,PSQUAL_TP,0.000000000000e+00
6682,-4,PSWDQUAL_TP,0.000000000000e+00
6682,-4,PSDTQUAL_TP,0.000000000000e+00
6682,-5,IRWDQUAL_TP,0.000000000000e+00
6682,-7,INFILTQUAL_TP,0.000000000000e+00
6682,-8,INFILTQUALTARGET_TP,0.000000000000e+00
6682,0,ADTOT_TP,0.000000000000e+00
6682,0,IQUAL_TP,4.285295502456e+01
6682,0,ADQAL_TP,0.000000000000e+00
6682,0,DSQAL_TP,0.000000000000e+00
6682,0,DEPQAL_TP,0.000000000000e+00
6682,0,SCRQAL_TP,0.000000000000e+00
6682,1,QUAL_TP,4.285295502456e+01
6682,1,QUBP_TP,0.000000000000e+00
6682,0,DRAT_IGQL_TCd,6.663874617335e-02
6682,0,DRAT_OGQL_TCd,6.663874617335e-02
6682,-1,USQUAL_TCd,0.000000000000e+00
6682,-2,LUQUAL_TCd,6.663874617335e-02
6682,-1,USQUBP_TCd,0.000000000000e+00
6682,-2,LUQUBP_TCd,0.000000000000e+00
6682,-3,PSQUAL_TCd,0.000000000000e+00
6682,-4,PSWDQUAL_TCd,0.000000000000e+00
6682,-4,PSDTQUAL_TCd,0.000000000000e+00
6682,-5,IRWDQUAL_TCd,0.000000000000e+00
6682,-7,INFILTQUAL_TCd,0.000000000000e+00
6682,-8,INFILTQUALTARGET_TCd,0.000000000000e+00
6682,0,ADTOT_TCd,0.000000000000e+00
6682,0,IQUAL_TCd,6.663874617335e-02
6682,0,ADQAL_TCd,0.000000000000e+00
6682,0,DSQAL_TCd,0.000000000000e+00
6682,0,DEPQAL_TCd,0.000000000000e+00
6682,0,SCRQAL_TCd,0.000000000000e+00
6682,1,QUAL_TCd,6.663874617335e-02
6682,1,QUBP_TCd,0.000000000000e+00
6682,0,DRAT_IGQL_TCu,6.728061289758e+00
6682,0,DRAT_OGQL_TCu,6.728061289758e+00
6682,-1,USQUAL_TCu,0.000000000000e+00
6682,-2,LUQUAL_TCu,6.728061289758e+00
6682,-1,USQUBP_TCu,0.000000000000e+00
6682,-2,LUQUBP_TCu,0.000000000000e+00
6682,-3,PSQUAL_TCu,0.000000000000e+00
6682,-4,PSWDQUAL_TCu,0.000000000000e+00
6682,-4,PSDTQUAL_TCu,0.000000000000e+00
6682,-5,IRWDQUAL_TCu,0.000000000000e+00
6682,-7,INFILTQUAL_TCu,0.000000000000e+00
6682,-8,INFILTQUALTARGET_TCu,0.000000000000e+00
6682,0,ADTOT_TCu,0.000000000000e+00
6682,0,IQUAL_TCu,6.728061289758e+00
6682,0,ADQAL_TCu,0.000000000000e+00
6682,0,DSQAL_TCu,0.000000000000e+00
6682,0,DEPQAL_TCu,0.000000000000e+00
6682,0,SCRQAL_TCu,0.000000000000e+00
6682,1,QUAL_TCu,6.728061289758e+00
6682,1,QUBP_TCu,0.000000000000e+00
6682,0,DRAT_IGQL_TPb,7.890455281173e+00
6682,0,DRAT_OGQL_TPb,7.890455281173e+00
6682,-1,USQUAL_TPb,0.000000000000e+00
6682,-2,LUQUAL_TPb,7.890455281173e+00
6682,-1,USQUBP_TPb,0.000000000000e+00
6682,-2,LUQUBP_TPb,0.000000000000e+00
6682,-3,PSQUAL_TPb,0.000000000000e+00
6682,-4,PSWDQUAL_TPb,0.000000000000e+00
6682,-4,PSDTQUAL_TPb,0.000000000000e+00
6682,-5,IRWDQUAL_TPb,0.000000000000e+00
6682,-7,INFILTQUAL_TPb,0.000000000000e+00
6682,-8,INFILTQUALTARGET_TPb,0.000000000000e+00
6682,0,ADTOT_TPb,0.000000000000e+00
6682,0,IQUAL_TPb,7.890455281173e+00
6682,0,ADQAL_TPb,0.000000000000e+00
6682,0,DSQAL_TPb,0.000000000000e+00
6682,0,DEPQAL_TPb,0.000000000000e+00
6682,0,SCRQAL_TPb,0.000000000000e+00
6682,1,QUAL_TPb,7.890455281173e+00
6682,1,QUBP_TPb,0.000000000000e+00
6682,0,DRAT_IGQL_TZn,2.949842291152e+01
6682,0,DRAT_OGQL_TZn,2.949842291152e+01
6682,-1,USQUAL_TZn,0.000000000000e+00
6682,-2,LUQUAL_TZn,2.949842291152e+01
6682,-1,USQUBP_TZn,0.000000000000e+00
6682,-2,LUQUBP_TZn,0.000000000000e+00
6682,-3,PSQUAL_TZn,0.000000000000e+00
6682,-4,PSWDQUAL_TZn,0.000000000000e+00
6682,-4,PSDTQUAL_TZn,0.000000000000e+00
6682,-5,IRWDQUAL_TZn,0.000000000000e+00
6682,-7,INFILTQUAL_TZn,0.000000000000e+00
6682,-8,INFILTQUALTARGET_TZn,0.000000000000e+00
6682,0,ADTOT_TZn,0.000000000000e+00
6682,0,IQUAL_TZn,2.949842291152e+01
6682,0,ADQAL_TZn,0.000000000000e+00
6682,0,DSQAL_TZn,0.000000000000e+00
6682,0,DEPQAL_TZn,0.000000000000e+00
6682,0,SCRQAL_TZn,0.000000000000e+00
6682,1,QUAL_TZn,2.949842291152e+01
6682,1,QUBP_TZn,0.000000000000e+00
6698,0,DRAT_IVOL,6.349809945530e+06
6698,0,DRAT_OVOL,6.349809945530e+06
6698,-1,USLINK,0.000000000000e+00
6698,-1,PCP,0.000000000000e+00
6698,-1,EVAP,0.000000000000e+00
6698,-1,INFILT,0.000000000000e+00
6698,-1,USIF,0.000000000000e+00
6698,-2,LUIF,6.349809945530e+06
6698,-1,USBP,0.000000000000e+00
6698,-2,LUBP,0.000000000000e+00
6698,-3,PSIF,0.000000000000e+00
6698,-4,PSWD,0.000000000000e+00
6698,-4,PSDT,0.000000000000e+00
6698,-5,IRWD,0.000000000000e+00
6698,0,IVOL,6.349809945530e+06
6698,1,RO,6.349809945530e+06
6698,1,BP,0.000000000000e+00
6698,0,DRAT_ISED_1,3.324835407240e+00
6698,0,DRAT_OSED_1,3.324835407240e+00
6698,-1,USSED_1,0.000000000000e+00
6698,-2,LUSED_1,3.324835407240e+00
6698,-1,USSBP_1,0.000000000000e+00
6698,-2,LUSBP_1,0.000000000000e+00
6698,-3,PSSED_1,0.000000000000e+00
6698,-4,PSWDSED_1,0.000000000000e+00
6698,-4,PSDTSED_1,0.000000000000e+00
6698,-5,IRWDSED_1,0.000000000000e+00
6698,0,ISED_1,3.324835407240e+00
6698,0,DEPSCR_1,0.000000000000e+00
6698,0,DEPMASS_1,0.000000000000e+00
6698,0,SCRMASS_1,0.000000000000e+00
6698,0,BEDSED_1,0.000000000000e+00
6698,1,ROSED_1,3.324835407240e+00
6698,1,BPSED_1,0.000000000000e+00
6698,0,DRAT_ISED_2,1.355846109254e+01
6698,0,DRAT_OSED_2,1.355846109254e+01
6698,-1,USSED_2,0.000000000000e+00
6698,-2,LUSED_2,1.355846109254e+01
6698,-1,USSBP_2,0.000000000000e+00
6698,-2,LUSBP_2,0.000000000000e+00
6698,-3,PSSED_2,0.000000000000e+00
6698,-4,PSWDSED_2,0.000000000000e+00
6698,-4,PSDTSED_2,0.000000000000e+00
6698,-5,IRWDSED_2,0.000000000000e+00
6698,0,ISED_2,1.355846109254e+01
6698,0,DEPSCR_2,0.000000000000e+00
6698,0,DEPMASS_2,0.000000000000e+00
6698,0,SCRMASS_2,0.000000000000e+00
6698,0,BEDSED_2,0.000000000000e+00
6698,1,ROSED_2,1.355846109254e+01
6698,1,BPSED_2,0.000000000000e+00
6698,0,DRAT_ISED_3,4.210639488515e+00
6698,0,DRAT_OSED_3,4.210639488515e+00
6698,-1,USSED_3,0.000000000000e+00
6698,-2,LUSED_3,4.210639488515e+00
6698,-1,USSBP_3,0.000000000000e+00
6698,-2,LUSBP_3,0.000000000000e+00
6698,-3,PSSED_3,0.000000000000e+00
6698,-4,PSWDSED_3,0.000000000000e+00
6698,-4,PSDTSED_3,0.000000000000e+00
6698,-5,IRWDSED_3,0.000000000000e+00
6698,0,ISED_3,4.210639488515e+00
6698,0,DEPSCR_3,0.000000000000e+00
6698,0,DEPMASS_3,0.000000000000e+00
6698,0,SCRMASS_3,0.000000000000e+00
6698,0,BEDSED_3,0.000000000000e+00
6698,1,ROSED_3,4.210639488515e+00
6698,1,BPSED_3,0.000000000000e+00
6698,0,DRAT_IGQL_TN,7.191622623034e+02
6698,0,DRAT_OGQL_TN,7.191622623034e+02
6698,-1,USQUAL_TN,0.000000000000e+00
6698,-2,LUQUAL_TN,7.191622623034e+02
6698,-1,USQUBP_TN,0.000000000000e+00
6698,-2,LUQUBP_TN,0.000000000000e+00
6698,-3,PSQUAL_TN,0.000000000000e+00
6698,-4,PSWDQUAL_TN,0.000000000000e+00
6698,-4,PSDTQUAL_TN,0.000000000000e+00
6698,-5,IRWDQUAL_TN,0.000000000000e+00
6698,-7,INFILTQUAL_TN,0.000000000000e+00
6698,-8,INFILTQUALTARGET_TN,0.000000000000e+00
6698,0,ADTOT_TN,0.000000000000e+00
6698,0,IQUAL_TN,7.191622623034e+02
6698,0,ADQAL_TN,0.000000000000e+00
6698,0,DSQAL_TN,0.000000000000e+00
6698,0,DEPQAL_TN,0.000000000000e+00
6698,0,SCRQAL_TN,0.000000000000e+00
6698,1,QUAL_TN,7.191622623034e+02
6698,1,QUBP_TN,0.000000000000e+00
6698,0,DRAT_IGQL_TP,1.098451149187e+02
6698,0,DRAT_OGQL_TP,1.098451149187e+02
6698,-1,USQUAL_TP,0.000000000000e+00
6698,-2,LUQUAL_TP,1.098451149187e+02
6698,-1,USQUBP_TP,0.000000000000e+00
6698,-2,LUQUBP_TP,0.000000000000e+00
6698,-3,PSQUAL_TP,0.000000000000e+00
6698,-4,PSWDQUAL_TP,0.000000000000e+00
6698,-4,PSDTQUAL_TP,0.000000000000e+00
6698,-5,IRWDQUAL_TP,0.000000000000e+00
6698,-7,INFILTQUAL_TP,0.000000000000e+00
6698,-8,INFILTQUALTARGET_TP,0.000000000000e+00
6698,0,ADTOT_TP,0.000000000000e+00
6698,0,IQUAL_TP,1.098451149187e+02
6698,0,ADQAL_TP,0.000000000000e+00
6698,0,DSQAL_TP,0.000000000000e+00
6698,0,DEPQAL_TP,0.000000000000e+00
6698,0,SCRQAL_TP,0.000000000000e+00
6698,1,QUAL_TP,1.098451149187e+02
6698,1,QUBP_TP,0.000000000000e+00
6698,0,DRAT_IGQL_TCd,2.207599948877e-01
6698,0,DRAT_OGQL_TCd,2.207599948877e-01
6698,-1,USQUAL_TCd,0.000000000000e+00
6698,-2,LUQUAL_TCd,2.207599948877e-01
6698,-1,USQUBP_TCd,0.000000000000e+00
6698,-2,LUQUBP_TCd,0.000000000000e+00
6698,-3,PSQUAL_TCd,0.000000000000e+00
6698,-4,PSWDQUAL_TCd,0.000000000000e+00
6698,-4,PSDTQUAL_TCd,0.000000000000e+00
6698,-5,IRWDQUAL_TCd,0.000000000000e+00
6698,-7,INFILTQUAL_TCd,0.000000000000e+00
6698,-8,INFILTQUALTARGET_TCd,0.000000000000e+00
6698,0,ADTOT_TCd,0.000000000000e+00
6698,0,IQUAL_TCd,2.207599948877e-01
6698,0,ADQAL_TCd,0.000000000000e+00
6698,0,DSQAL_TCd,0.000000000000e+00
6698,0,DEPQAL_TCd,0.000000000000e+00
6698,0,SCRQAL_TCd,0.000000000000e+00
6698,1,QUAL_TCd,2.207599948877e-01
6698,1,QUBP_TCd,0.000000000000e+00
6698,0,DRAT_IGQL_TCu,2.232810166916e+01
6698,0,DRAT_OGQL_TCu,2.232810166916e+01
6698,-1,USQUAL_TCu,0.000000000000e+00
6698,-2,LUQUAL_TCu,2.232810166916e+01
6698,-1,USQUBP_TCu,0.000000000000e+00
6698,-2,LUQUBP_TCu,0.000000000000e+00
6698,-3,PSQUAL_TCu,0.000000000000e+00
6698,-4,PSWDQUAL_TCu,0.000000000000e+00
6698,-4,PSDTQUAL_TCu,0.000000000000e+00
6698,-5,IRWDQUAL_TCu,0.000000000000e+00
6698,-7,INFILTQUAL_TCu,0.000000000000e+00
6698,-8,INFILTQUALTARGET_TCu,0.000000000000e+00
6698,0,ADTOT_TCu,0.000000000000e+00
6698,0,IQUAL_TCu,2.232810166916e+01
6698,0,ADQAL_TCu,0.000000000000e+00
6698,0,DSQAL_TCu,0.000000000000e+00
6698,0,DEPQAL_TCu,0.000000000000e+00
6698,0,SCRQAL_TCu,0.000000000000e+00
6698,1,QUAL_TCu,2.232810166916e+01
6698,1,QUBP_TCu,0.000000000000e+00
6698,0,DRAT_IGQL_TPb,5.928558876307e+00
6698,0,DRAT_OGQL_TPb,5.928558876307e+00
6698,-1,USQUAL_TPb,0.000000000000e+00
6698,-2,LUQUAL_TPb,5.928558876307e+00
6698,-1,USQUBP_TPb,0.000000000000e+00
6698,-2,LUQUBP_TPb,0.000000000000e+00
6698,-3,PSQUAL_TPb,0.000000000000e+00
6698,-4,PSWDQUAL_TPb,0.000000000000e+00
6698,-4,PSDTQUAL_TPb,0.000000000000e+00
6698,-5,IRWDQUAL_TPb,0.000000000000e+00
6698,-7,INFILTQUAL_TPb,0.000000000000e+00
6698,-8,INFILTQUALTARGET_TPb,0.000000000000e+00
6698,0,ADTOT_TPb,0.000000000000e+00
6698,0,IQUAL_TPb,5.928558876307e+00
6698,0,ADQAL_TPb,0.000000000000e+00
6698,0,DSQAL_TPb,0.000000000000e+00
6698,0,DEPQAL_TPb,0.000000000000e+00
6698,0,SCRQAL_TPb,0.000000000000e+00
6698,1,QUAL_TPb,5.928558876307e+00
6698,1,QUBP_TPb,0.000000000000e+00
6698,0,DRAT_IGQL_TZn,9.445951774612e+01
6698,0,DRAT_OGQL_TZn,9.445951774612e+01
6698,-1,USQUAL_TZn,0.000000000000e+00
6698,-2,LUQUAL_TZn,9.445951774612e+01
6698,-1,USQUBP_TZn,0.000000000000e+00
6698,-2,LUQUBP_TZn,0.000000000000e+00
6698,-3,PSQUAL_TZn,0.000000000000e+00
6698,-4,PSWDQUAL_TZn,0.000000000000e+00
6698,-4,PSDTQUAL_TZn,0.000000000000e+00
6698,-5,IRWDQUAL_TZn,0.000000000000e+00
6698,-7,INFILTQUAL_TZn,0.000000000000e+00
6698,-8,INFILTQUALTARGET_TZn,0.000000000000e+00
6698,0,ADTOT_TZn,0.000000000000e+00
6698,0,IQUAL_TZn,9.445951774612e+01
6698,0,ADQAL_TZn,0.000000000000e+00
6698,0,DSQAL_TZn,0.000000000000e+00
6698,0,DEPQAL_TZn,0.000000000000e+00
6698,0,SCRQAL_TZn,0.000000000000e+00
6698,1,QUAL_TZn,9.445951774612e+01
6698,1,QUBP_TZn,0.000000000000e+00
6700,0,DRAT_IVOL,5.590545974741e+06
6700,0,DRAT_OVOL,5.590545974741e+06
6700,-1,USLINK,0.000000000000e+00
6700,-1,PCP,0.000000000000e+00
6700,-1,EVAP,0.000000000000e+00
6700,-1,INFILT,0.000000000000e+00
6700,-1,USIF,0.000000000000e+00
6700,-2,LUIF,5.590545974741e+06
6700,-1,USBP,0.000000000000e+00
6700,-2,LUBP,0.000000000000e+00
6700,-3,PSIF,0.000000000000e+00
6700,-4,PSWD,0.000000000000e+00
6700,-4,PSDT,0.000000000000e+00
6700,-5,IRWD,0.000000000000e+00
6700,0,IVOL,5.590545974741e+06
6700,1,RO,5.590545974741e+06
6700,1,BP,0.000000000000e+00
6700,0,DRAT_ISED_1,3.096134933349e+00
6700,0,DRAT_OSED_1,3.096134933349e+00
6700,-1,USSED_1,0.000000000000e+00
6700,-2,LUSED_1,3.096134933349e+00
6700,-1,USSBP_1,0.000000000000e+00
6700,-2,LUSBP_1,0.000000000000e+00
6700,-3,PSSED_1,0.000000000000e+00
6700,-4,PSWDSED_1,0.000000000000e+00
6700,-4,PSDTSED_1,0.000000000000e+00
6700,-5,IRWDSED_1,0.000000000000e+00
6700,0,ISED_1,3.096134933349e+00
6700,0,DEPSCR_1,0.000000000000e+00
6700,0,DEPMASS_1,0.000000000000e+00
6700,0,SCRMASS_1,0.000000000000e+00
6700,0,BEDSED_1,0.000000000000e+00
6700,1,ROSED_1,3.096134933349e+00
6700,1,BPSED_1,0.000000000000e+00
6700,0,DRAT_ISED_2,1.060551035375e+01
6700,0,DRAT_OSED_2,1.060551035375e+01
6700,-1,USSED_2,0.000000000000e+00
6700,-2,LUSED_2,1.060551035375e+01
6700,-1,USSBP_2,0.000000000000e+00
6700,-2,LUSBP_2,0.000000000000e+00
6700,-3,PSSED_2,0.000000000000e+00
6700,-4,PSWDSED_2,0.000000000000e+00
6700,-4,PSDTSED_2,0.000000000000e+00
6700,-5,IRWDSED_2,0.000000000000e+00
6700,0,ISED_2,1.060551035375e+01
6700,0,DEPSCR_2,0.000000000000e+00
6700,0,DEPMASS_2,0.000000000000e+00
6700,0,SCRMASS_2,0.000000000000e+00
6700,0,BEDSED_2,0.000000000000e+00
6700,1,ROSED_2,1.060551035375e+01
6700,1,BPSED_2,0.000000000000e+00
6700,0,DRAT_ISED_3,3.425466415650e+00
6700,0,DRAT_OSED_3,3.425466415650e+00
6700,-1,USSED_3,0.000000000000e+00
6700,-2,LUSED_3,3.425466415650e+00
6700,-1,USSBP_3,0.000000000000e+00
6700,-2,LUSBP_3,0.000000000000e+00
6700,-3,PSSED_3,0.000000000000e+00
6700,-4,PSWDSED_3,0.000000000000e+00
6700,-4,PSDTSED_3,0.000000000000e+00
6700,-5,IRWDSED_3,0.000000000000e+00
6700,0,ISED_3,3.425466415650e+00
6700,0,DEPSCR_3,0.000000000000e+00
6700,0,DEPMASS_3,0.000000000000e+00
6700,0,SCRMASS_3,0.000000000000e+00
6700,0,BEDSED_3,0.000000000000e+00
6700,1,ROSED_3,3.425466415650e+00
6700,1,BPSED_3,0.000000000000e+00
6700,0,DRAT_IGQL_TN,5.999997240442e+02
6700,0,DRAT_OGQL_TN,5.999997240442e+02
6700,-1,USQUAL_TN,0.000000000000e+00
6700,-2,LUQUAL_TN,5.999997240442e+02
6700,-1,USQUBP_TN,0.000000000000e+00
6700,-2,LUQUBP_TN,0.000000000000e+00
6700,-3,PSQUAL_TN,0.000000000000e+00
6700,-4,PSWDQUAL_TN,0.000000000000e+00
6700,-4,PSDTQUAL_TN,0.000000000000e+00
6700,-5,IRWDQUAL_TN,0.000000000000e+00
6700,-7,INFILTQUAL_TN,0.000000000000e+00
6700,-8,INFILTQUALTARGET_TN,0.000000000000e+00
6700,0,ADTOT_TN,0.000000000000e+00
6700,0,IQUAL_TN,5.999997240442e+02
6700,0,ADQAL_TN,0.000000000000e+00
6700,0,DSQAL_TN,0.000000000000e+00
6700,0,DEPQAL_TN,0.000000000000e+00
6700,0,SCRQAL_TN,0.000000000000e+00
6700,1,QUAL_TN,5.999997240442e+02
6700,1,QUBP_TN,0.000000000000e+00
6700,0,DRAT_IGQL_TP,8.490978235843e+01
6700,0,DRAT_OGQL_TP,8.490978235843e+01
6700,-1,USQUAL_TP,0.000000000000e+00
6700,-2,LUQUAL_TP,8.490978235843e+01
6700,-1,USQUBP_TP,0.000000000000e+00
6700,-2,LUQUBP_TP,0.000000000000e+00
6700,-3,PSQUAL_TP,0.000000000000e+00
6700,-4,PSWDQUAL_TP,0.000000000000e+00
6700,-4,PSDTQUAL_TP,0.000000000000e+00
6700,-5,IRWDQUAL_TP,0.000000000000e+00
6700,-7,INFILTQUAL_TP,0.000000000000e+00
6700,-8,INFILTQUALTARGET_TP,0.000000000000e+00
6700,0,ADTOT_TP,0.000000000000e+00
6700,0,IQUAL_TP,8.490978235843e+01
6700,0,ADQAL_TP,0.000000000000e+00
6700,0,DSQAL_TP,0.000000000000e+00
6700,0,DEPQAL_TP,0.000000000000e+00
6700,0,SCRQAL_TP,0.000000000000e+00
6700,1,QUAL_TP,8.490978235843e+01
6700,1,QUBP_TP,0.000000000000e+00
6700,0,DRAT_IGQL_TCd,1.500805468678e-01
6700,0,DRAT_OGQL_TCd,1.500805468678e-01
6700,-1,USQUAL_TCd,0.000000000000e+00
6700,-2,LUQUAL_TCd,1.500805468678e-01
6700,-1,USQUBP_TCd,0.000000000000e+00
6700,-2,LUQUBP_TCd,0.000000000000e+00
6700,-3,PSQUAL_TCd,0.000000000000e+00
6700,-4,PSWDQUAL_TCd,0.000000000000e+00
6700,-4,PSDTQUAL_TCd,0.000000000000e+00
6700,-5,IRWDQUAL_TCd,0.000000000000e+00
6700,-7,INFILTQUAL_TCd,0.000000000000e+00
6700,-8,INFILTQUALTARGET_TCd,0.000000000000e+00
6700,0,ADTOT_TCd,0.000000000000e+00
6700,0,IQUAL_TCd,1.500805468678e-01
6700,0,ADQAL_TCd,0.000000000000e+00
6700,0,DSQAL_TCd,0.000000000000e+00
6700,0,DEPQAL_TCd,0.000000000000e+00
6700,0,SCRQAL_TCd,0.000000000000e+00
6700,1,QUAL_TCd,1.500805468678e-01
6700,1,QUBP_TCd,0.000000000000e+00
6700,0,DRAT_IGQL_TCu,1.519167535242e+01
6700,0,DRAT_OGQL_TCu,1.519167535242e+01
6700,-1,USQUAL_TCu,0.000000000000e+00
6700,-2,LUQUAL_TCu,1.519167535242e+01
6700,-1,USQUBP_TCu,0.000000000000e+00
6700,-2,LUQUBP_TCu,0.000000000000e+00
6700,-3,PSQUAL_TCu,0.000000000000e+00
6700,-4,PSWDQUAL_TCu,0.000000000000e+00
6700,-4,PSDTQUAL_TCu,0.000000000000e+00
6700,-5,IRWDQUAL_TCu,0.000000000000e+00
6700,-7,INFILTQUAL_TCu,0.000000000000e+00
6700,-8,INFILTQUALTARGET_TCu,0.000000000000e+00
6700,0,ADTOT_TCu,0.000000000000e+00
6700,0,IQUAL_TCu,1.519167535242e+01
6700,0,ADQAL_TCu,0.000000000000e+00
6700,0,DSQAL_TCu,0.000000000000e+00
6700,0,DEPQAL_TCu,0.000000000000e+00
6700,0,SCRQAL_TCu,0.000000000000e+00
6700,1,QUAL_TCu,1.519167535242e+01
6700,1,QUBP_TCu,0.000000000000e+00
6700,0,DRAT_IGQL_TPb,4.188948852942e+00
6700,0,DRAT_OGQL_TPb,4.188948852942e+00
6700,-1,USQUAL_TPb,0.000000000000e+00
6700,-2,LUQUAL_TPb,4.188948852942e+00
6700,-1,USQUBP_TPb,0.000000000000e+00
6700,-2,LUQUBP_TPb,0.000000000000e+00
6700,-3,PSQUAL_TPb,0.000000000000e+00
6700,-4,PSWDQUAL_TPb,0.000000000000e+00
6700,-4,PSDTQUAL_TPb,0.000000000000e+00
6700,-5,IRWDQUAL_TPb,0.000000000000e+00
6700,-7,INFILTQUAL_TPb,0.000000000000e+00
6700,-8,INFILTQUALTARGET_TPb,0.000000000000e+00
6700,0,ADTOT_TPb,0.000000000000e+00
6700,0,IQUAL_TPb,4.188948852942e+00
6700,0,ADQAL_TPb,0.000000000000e+00
6700,0,DSQAL_TPb,0.000000000000e+00
6700,0,DEPQAL_TPb,0.000000000000e+00
6700,0,SCRQAL_TPb,0.000000000000e+00
6700,1,QUAL_TPb,4.188948852942e+00
6700,1,QUBP_TPb,0.000000000000e+00
6700,0,DRAT_IGQL_TZn,6.559921133288e+01
6700,0,DRAT_OGQL_TZn,6.559921133288e+01
6700,-1,USQUAL_TZn,0.000000000000e+00
6700,-2,LUQUAL_TZn,6.559921133288e+01
6700,-1,USQUBP_TZn,0.000000000000e+00
6700,-2,LUQUBP_TZn,0.000000000000e+00
6700,-3,PSQUAL_TZn,0.000000000000e+00
6700,-4,PSWDQUAL_TZn,0.000000000000e+00
6700,-4,PSDTQUAL_TZn,0.000000000000e+00
6700,-5,IRWDQUAL_TZn,0.000000000000e+00
6700,-7,INFILTQUAL_TZn,0.000000000000e+00
6700,-8,INFILTQUALTARGET_TZn,0.000000000000e+00
6700,0,ADTOT_TZn,0.000000000000e+00
6700,0,IQUAL_TZn,6.559921133288e+01
6700,0,ADQAL_TZn,0.000000000000e+00
6700,0,DSQAL_TZn,0.000000000000e+00
6700,0,DEPQAL_TZn,0.000000000000e+00
6700,0,SCRQAL_TZn,0.000000000000e+00
6700,1,QUAL_TZn,6.559921133288e+01
6700,1,QUBP_TZn,0.000000000000e+00
6705,0,DRAT_IVOL,1.179326996552e+06
6705,0,DRAT_OVOL,1.179326996552e+06
6705,-1,USLINK,0.000000000000e+00
6705,-1,PCP,0.000000000000e+00
6705,-1,EVAP,0.000000000000e+00
6705,-1,INFILT,0.000000000000e+00
6705,-1,USIF,0.000000000000e+00
6705,-2,LUIF,1.179326996552e+06
6705,-1,USBP,0.000000000000e+00
6705,-2,LUBP,0.000000000000e+00
6705,-3,PSIF,0.000000000000e+00
6705,-4,PSWD,0.000000000000e+00
6705,-4,PSDT,0.000000000000e+00
6705,-5,IRWD,0.000000000000e+00
6705,0,IVOL,1.179326996552e+06
6705,1,RO,1.179326996552e+06
6705,1,BP,0.000000000000e+00
6705,0,DRAT_ISED_1,1.747351346585e+01
6705,0,DRAT_OSED_1,1.747351346585e+01
6705,-1,USSED_1,0.000000000000e+00
6705,-2,LUSED_1,1.747351346585e+01
6705,-1,USSBP_1,0.000000000000e+00
6705,-2,LUSBP_1,0.000000000000e+00
6705,-3,PSSED_1,0.000000000000e+00
6705,-4,PSWDSED_1,0.000000000000e+00
6705,-4,PSDTSED_1,0.000000000000e+00
6705,-5,IRWDSED_1,0.000000000000e+00
6705,0,ISED_1,1.747351346585e+01
6705,0,DEPSCR_1,0.000000000000e+00
6705,0,DEPMASS_1,0.000000000000e+00
6705,0,SCRMASS_1,0.000000000000e+00
6705,0,BEDSED_1,0.000000000000e+00
6705,1,ROSED_1,1.747351346585e+01
6705,1,BPSED_1,0.000000000000e+00
6705,0,DRAT_ISED_2,5.877984474211e+00
6705,0,DRAT_OSED_2,5.877984474211e+00
6705,-1,USSED_2,0.000000000000e+00
6705,-2,LUSED_2,5.877984474211e+00
6705,-1,USSBP_2,0.000000000000e+00
6705,-2,LUSBP_2,0.000000000000e+00
6705,-3,PSSED_2,0.000000000000e+00
6705,-4,PSWDSED_2,0.000000000000e+00
6705,-4,PSDTSED_2,0.000000000000e+00
6705,-5,IRWDSED_2,0.000000000000e+00
6705,0,ISED_2,5.877984474211e+00
6705,0,DEPSCR_2,0.000000000000e+00
6705,0,DEPMASS_2,0.000000000000e+00
6705,0,SCRMASS_2,0.000000000000e+00
6705,0,BEDSED_2,0.000000000000e+00
6705,1,ROSED_2,5.877984474211e+00
6705,1,BPSED_2,0.000000000000e+00
6705,0,DRAT_ISED_3,6.025742663248e+00
6705,0,DRAT_OSED_3,6.025742663248e+00
6705,-1,USSED_3,0.000000000000e+00
6705,-2,LUSED_3,6.025742663248e+00
6705,-1,USSBP_3,0.000000000000e+00
6705,-2,LUSBP_3,0.000000000000e+00
6705,-3,PSSED_3,0.000000000000e+00
6705,-4,PSWDSED_3,0.000000000000e+00
6705,-4,PSDTSED_3,0.000000000000e+00
6705,-5,IRWDSED_3,0.000000000000e+00
6705,0,ISED_3,6.025742663248e+00
6705,0,DEPSCR_3,0.000000000000e+00
6705,0,DEPMASS_3,0.000000000000e+00
6705,0,SCRMASS_3,0.000000000000e+00
6705,0,BEDSED_3,0.000000000000e+00
6705,1,ROSED_3,6.025742663248e+00
6705,1,BPSED_3,0.000000000000e+00
6705,0,DRAT_IGQL_TN,1.143052121465e+02
6705,0,DRAT_OGQL_TN,1.143052121465e+02
6705,-1,USQUAL_TN,0.000000000000e+00
6705,-2,LUQUAL_TN,1.143052121465e+02
6705,-1,USQUBP_TN,0.000000000000e+00
6705,-2,LUQUBP_TN,0.000000000000e+00
6705,-3,PSQUAL_TN,0.000000000000e+00
6705,-4,PSWDQUAL_TN,0.000000000000e+00
6705,-4,PSDTQUAL_TN,0.000000000000e+00
6705,-5,IRWDQUAL_TN,0.000000000000e+00
6705,-7,INFILTQUAL_TN,0.000000000000e+00
6705,-8,INFILTQUALTARGET_TN,0.000000000000e+00
6705,0,ADTOT_TN,0.000000000000e+00
6705,0,IQUAL_TN,1.143052121465e+02
6705,0,ADQAL_TN,0.000000000000e+00
6705,0,DSQAL_TN,0.000000000000e+00
6705,0,DEPQAL_TN,0.000000000000e+00
6705,0,SCRQAL_TN,0.000000000000e+00
6705,1,QUAL_TN,1.143052121465e+02
6705,1,QUBP_TN,0.000000000000e+00
6705,0,DRAT_IGQL_TP,6.056107974072e+01
6705,0,DRAT_OGQL_TP,6.056107974072e+01
6705,-1,USQUAL_TP,0.000000000000e+00
6705,-2,LUQUAL_TP,6.056107974072e+01
6705,-1,USQUBP_TP,0.000000000000e+00
6705,-2,LUQUBP_TP,0.000000000000e+00
6705,-3,PSQUAL_TP,0.000000000000e+00
6705,-4,PSWDQUAL_TP,0.000000000000e+00
6705,-4,PSDTQUAL_TP,0.000000000000e+00
6705,-5,IRWDQUAL_TP,0.000000000000e+00
6705,-7,INFILTQUAL_TP,0.000000000000e+00
6705,-8,INFILTQUALTARGET_TP,0.000000000000e+00
6705,0,ADTOT_TP,0.000000000000e+00
6705,0,IQUAL_TP,6.056107974072e+01
6705,0,ADQAL_TP,0.000000000000e+00
6705,0,DSQAL_TP,0.000000000000e+00
6705,0,DEPQAL_TP,0.000000000000e+00
6705,0,SCRQAL_TP,0.000000000000e+00
6705,1,QUAL_TP,6.056107974072e+01
6705,1,QUBP_TP,0.000000000000e+00
6705,0,DRAT_IGQL_TCd,2.940813154627e-02
6705,0,DRAT_OGQL_TCd,2.940813154627e-02
6705,-1,USQUAL_TCd,0.000000000000e+00
6705,-2,LUQUAL_TCd,2.940813154627e-02
6705,-1,USQUBP_TCd,0.000000000000e+00
6705,-2,LUQUBP_TCd,0.000000000000e+00
6705,-3,PSQUAL_TCd,0.000000000000e+00
6705,-4,PSWDQUAL_TCd,0.000000000000e+00
6705,-4,PSDTQUAL_TCd,0.000000000000e+00
6705,-5,IRWDQUAL_TCd,0.000000000000e+00
6705,-7,INFILTQUAL_TCd,0.000000000000e+00
6705,-8,INFILTQUALTARGET_TCd,0.000000000000e+00
6705,0,ADTOT_TCd,0.000000000000e+00
6705,0,IQUAL_TCd,2.940813154627e-02
6705,0,ADQAL_TCd,0.000000000000e+00
6705,0,DSQAL_TCd,0.000000000000e+00
6705,0,DEPQAL_TCd,0.000000000000e+00
6705,0,SCRQAL_TCd,0.000000000000e+00
6705,1,QUAL_TCd,2.940813154627e-02
6705,1,QUBP_TCd,0.000000000000e+00
6705,0,DRAT_IGQL_TCu,2.940813154627e+00
6705,0,DRAT_OGQL_TCu,2.940813154627e+00
6705,-1,USQUAL_TCu,0.000000000000e+00
6705,-2,LUQUAL_TCu,2.940813154627e+00
6705,-1,USQUBP_TCu,0.000000000000e+00
6705,-2,LUQUBP_TCu,0.000000000000e+00
6705,-3,PSQUAL_TCu,0.000000000000e+00
6705,-4,PSWDQUAL_TCu,0.000000000000e+00
6705,-4,PSDTQUAL_TCu,0.000000000000e+00
6705,-5,IRWDQUAL_TCu,0.000000000000e+00
6705,-7,INFILTQUAL_TCu,0.000000000000e+00
6705,-8,INFILTQUALTARGET_TCu,0.000000000000e+00
6705,0,ADTOT_TCu,0.000000000000e+00
6705,0,IQUAL_TCu,2.940813154627e+00
6705,0,ADQAL_TCu,0.000000000000e+00
6705,0,DSQAL_TCu,0.000000000000e+00
6705,0,DEPQAL_TCu,0.000000000000e+00
6705,0,SCRQAL_TCu,0.000000000000e+00
6705,1,QUAL_TCu,2.940813154627e+00
6705,1,QUBP_TCu,0.000000000000e+00
6705,0,DRAT_IGQL_TPb,2.937273533627e-01
6705,0,DRAT_OGQL_TPb,2.937273533627e-01
6705,-1,USQUAL_TPb,0.000000000000e+00
6705,-2,LUQUAL_TPb,2.937273533627e-01
6705,-1,USQUBP_TPb,0.000000000000e+00
6705,-2,LUQUBP_TPb,0.000000000000e+00
6705,-3,PSQUAL_TPb,0.000000000000e+00
6705,-4,PSWDQUAL_TPb,0.000000000000e+00
6705,-4,PSDTQUAL_TPb,0.000000000000e+00
6705,-5,IRWDQUAL_TPb,0.000000000000e+00
6705,-7,INFILTQUAL_TPb,0.000000000000e+00
6705,-8,INFILTQUALTARGET_TPb,0.000000000000e+00
6705,0,ADTOT_TPb,0.000000000000e+00
6705,0,IQUAL_TPb,2.937273533627e-01
6705,0,ADQAL_TPb,0.000000000000e+00
6705,0,DSQAL_TPb,0.000000000000e+00
6705,0,DEPQAL_TPb,0.000000000000e+00
6705,0,SCRQAL_TPb,0.000000000000e+00
6705,1,QUAL_TPb,2.937273533627e-01
6705,1,QUBP_TPb,0.000000000000e+00
6705,0,DRAT_IGQL_TZn,2.124028564258e+01
6705,0,DRAT_OGQL_TZn,2.124028564258e+01
6705,-1,USQUAL_TZn,0.000000000000e+00
6705,-2,LUQUAL_TZn,2.124028564258e+01
6705,-1,USQUBP_TZn,0.000000000000e+00
6705,-2,LUQUBP_TZn,0.000000000000e+00
6705,-3,PSQUAL_TZn,0.000000000000e+00
6705,-4,PSWDQUAL_TZn,0.000000000000e+00
6705,-4,PSDTQUAL_TZn,0.000000000000e+00
6705,-5,IRWDQUAL_TZn,0.000000000000e+00
6705,-7,INFILTQUAL_TZn,0.000000000000e+00
6705,-8,INFILTQUALTARGET_TZn,0.000000000000e+00
6705,0,ADTOT_TZn,0.000000000000e+00
6705,0,IQUAL_TZn,2.124028564258e+01
6705,0,ADQAL_TZn,0.000000000000e+00
6705,0,DSQAL_TZn,0.000000000000e+00
6705,0,DEPQAL_TZn,0.000000000000e+00
6705,0,SCRQAL_TZn,0.000000000000e+00
6705,1,QUAL_TZn,2.124028564258e+01
6705,1,QUBP_TZn,0.000000000000e+00
6706,0,DRAT_IVOL,1.926359564087e+06
6706,0,DRAT_OVOL,1.926359564087e+06
6706,-1,USLINK,0.000000000000e+00
6706,-1,PCP,0.000000000000e+00
6706,-1,EVAP,0.000000000000e+00
6706,-1,INFILT,0.000000000000e+00
6706,-1,USIF,0.000000000000e+00
6706,-2,LUIF,1.926359564087e+06
6706,-1,USBP,0.000000000000e+00
6706,-2,LUBP,0.000000000000e+00
6706,-3,PSIF,0.000000000000e+00
6706,-4,PSWD,0.000000000000e+00
6706,-4,PSDT,0.000000000000e+00
6706,-5,IRWD,0.000000000000e+00
6706,0,IVOL,1.926359564087e+06
6706,1,RO,1.926359564087e+06
6706,1,BP,0.000000000000e+00
6706,0,DRAT_ISED_1,6.987157161781e-01
6706,0,DRAT_OSED_1,6.987157161781e-01
6706,-1,USSED_1,0.000000000000e+00
6706,-2,LUSED_1,6.987157161781e-01
6706,-1,USSBP_1,0.000000000000e+00
6706,-2,LUSBP_1,0.000000000000e+00
6706,-3,PSSED_1,0.000000000000e+00
6706,-4,PSWDSED_1,0.000000000000e+00
6706,-4,PSDTSED_1,0.000000000000e+00
6706,-5,IRWDSED_1,0.000000000000e+00
6706,0,ISED_1,6.987157161781e-01
6706,0,DEPSCR_1,0.000000000000e+00
6706,0,DEPMASS_1,0.000000000000e+00
6706,0,SCRMASS_1,0.000000000000e+00
6706,0,BEDSED_1,0.000000000000e+00
6706,1,ROSED_1,6.987157161781e-01
6706,1,BPSED_1,0.000000000000e+00
6706,0,DRAT_ISED_2,3.254668882908e+00
6706,0,DRAT_OSED_2,3.254668882908e+00
6706,-1,USSED_2,0.000000000000e+00
6706,-2,LUSED_2,3.254668882908e+00
6706,-1,USSBP_2,0.000000000000e+00
6706,-2,LUSBP_2,0.000000000000e+00
6706,-3,PSSED_2,0.000000000000e+00
6706,-4,PSWDSED_2,0.000000000000e+00
6706,-4,PSDTSED_2,0.000000000000e+00
6706,-5,IRWDSED_2,0.000000000000e+00
6706,0,ISED_2,3.254668882908e+00
6706,0,DEPSCR_2,0.000000000000e+00
6706,0,DEPMASS_2,0.000000000000e+00
6706,0,SCRMASS_2,0.000000000000e+00
6706,0,BEDSED_2,0.000000000000e+00
6706,1,ROSED_2,3.254668882908e+00
6706,1,BPSED_2,0.000000000000e+00
6706,0,DRAT_ISED_3,1.011767601667e+00
6706,0,DRAT_OSED_3,1.011767601667e+00
6706,-1,USSED_3,0.000000000000e+00
6706,-2,LUSED_3,1.011767601667e+00
6706,-1,USSBP_3,0.000000000000e+00
6706,-2,LUSBP_3,0.000000000000e+00
6706,-3,PSSED_3,0.000000000000e+00
6706,-4,PSWDSED_3,0.000000000000e+00
6706,-4,PSDTSED_3,0.000000000000e+00
6706,-5,IRWDSED_3,0.000000000000e+00
6706,0,ISED_3,1.011767601667e+00
6706,0,DEPSCR_3,0.000000000000e+00
6706,0,DEPMASS_3,0.000000000000e+00
6706,0,SCRMASS_3,0.000000000000e+00
6706,0,BEDSED_3,0.000000000000e+00
6706,1,ROSED_3,1.011767601667e+00
6706,1,BPSED_3,0.000000000000e+00
6706,0,DRAT_IGQL_TN,2.556117034465e+02
6706,0,DRAT_OGQL_TN,2.556117034465e+02
6706,-1,USQUAL_TN,0.000000000000e+00
6706,-2,LUQUAL_TN,2.556117034465e+02
6706,-1,USQUBP_TN,0.000000000000e+00
6706,-2,LUQUBP_TN,0.000000000000e+00
6706,-3,PSQUAL_TN,0.000000000000e+00
6706,-4,PSWDQUAL_TN,0.000000000000e+00
6706,-4,PSDTQUAL_TN,0.000000000000e+00
6706,-5,IRWDQUAL_TN,0.000000000000e+00
6706,-7,INFILTQUAL_TN,0.000000000000e+00
6706,-8,INFILTQUALTARGET_TN,0.000000000000e+00
6706,0,ADTOT_TN,0.000000000000e+00
6706,0,IQUAL_TN,2.556117034465e+02
6706,0,ADQAL_TN,0.000000000000e+00
6706,0,DSQAL_TN,0.000000000000e+00
6706,0,DEPQAL_TN,0.000000000000e+00
6706,0,SCRQAL_TN,0.000000000000e+00
6706,1,QUAL_TN,2.556117034465e+02
6706,1,QUBP_TN,0.000000000000e+00
6706,0,DRAT_IGQL_TP,3.225557987630e+01
6706,0,DRAT_OGQL_TP,3.225557987630e+01
6706,-1,USQUAL_TP,0.000000000000e+00
6706,-2,LUQUAL_TP,3.225557987630e+01
6706,-1,USQUBP_TP,0.000000000000e+00
6706,-2,LUQUBP_TP,0.000000000000e+00
6706,-3,PSQUAL_TP,0.000000000000e+00
6706,-4,PSWDQUAL_TP,0.000000000000e+00
6706,-4,PSDTQUAL_TP,0.000000000000e+00
6706,-5,IRWDQUAL_TP,0.000000000000e+00
6706,-7,INFILTQUAL_TP,0.000000000000e+00
6706,-8,INFILTQUALTARGET_TP,0.000000000000e+00
6706,0,ADTOT_TP,0.000000000000e+00
6706,0,IQUAL_TP,3.225557987630e+01
6706,0,ADQAL_TP,0.000000000000e+00
6706,0,DSQAL_TP,0.000000000000e+00
6706,0,DEPQAL_TP,0.000000000000e+00
6706,0,SCRQAL_TP,0.000000000000e+00
6706,1,QUAL_TP,3.225557987630e+01
6706,1,QUBP_TP,0.000000000000e+00
6706,0,DRAT_IGQL_TCd,3.729735913208e-02
6706,0,DRAT_OGQL_TCd,3.729735913208e-02
6706,-1,USQUAL_TCd,0.000000000000e+00
6706,-2,LUQUAL_TCd,3.729735913208e-02
6706,-1,USQUBP_TCd,0.000000000000e+00
6706,-2,LUQUBP_TCd,0.000000000000e+00
6706,-3,PSQUAL_TCd,0.000000000000e+00
6706,-4,PSWDQUAL_TCd,0.000000000000e+00
6706,-4,PSDTQUAL_TCd,0.000000000000e+00
6706,-5,IRWDQUAL_TCd,0.000000000000e+00
6706,-7,INFILTQUAL_TCd,0.000000000000e+00
6706,-8,INFILTQUALTARGET_TCd,0.000000000000e+00
6706,0,ADTOT_TCd,0.000000000000e+00
6706,0,IQUAL_TCd,3.729735913208e-02
6706,0,ADQAL_TCd,0.000000000000e+00
6706,0,DSQAL_TCd,0.000000000000e+00
6706,0,DEPQAL_TCd,0.000000000000e+00
6706,0,SCRQAL_TCd,0.000000000000e+00
6706,1,QUAL_TCd,3.729735913208e-02
6706,1,QUBP_TCd,0.000000000000e+00
6706,0,DRAT_IGQL_TCu,3.791911909193e+00
6706,0,DRAT_OGQL_TCu,3.791911909193e+00
6706,-1,USQUAL_TCu,0.000000000000e+00
6706,-2,LUQUAL_TCu,3.791911909193e+00
6706,-1,USQUBP_TCu,0.000000000000e+00
6706,-2,LUQUBP_TCu,0.000000000000e+00
6706,-3,PSQUAL_TCu,0.000000000000e+00
6706,-4,PSWDQUAL_TCu,0.000000000000e+00
6706,-4,PSDTQUAL_TCu,0.000000000000e+00
6706,-5,IRWDQUAL_TCu,0.000000000000e+00
6706,-7,INFILTQUAL_TCu,0.000000000000e+00
6706,-8,INFILTQUALTARGET_TCu,0.000000000000e+00
6706,0,ADTOT_TCu,0.000000000000e+00
6706,0,IQUAL_TCu,3.791911909193e+00
6706,0,ADQAL_TCu,0.000000000000e+00
6706,0,DSQAL_TCu,0.000000000000e+00
6706,0,DEPQAL_TCu,0.000000000000e+00
6706,0,SCRQAL_TCu,0.000000000000e+00
6706,1,QUAL_TCu,3.791911909193e+00
6706,1,QUBP_TCu,0.000000000000e+00
6706,0,DRAT_IGQL_TPb,5.236561096550e+00
6706,0,DRAT_OGQL_TPb,5.236561096550e+00
6706,-1,USQUAL_TPb,0.000000000000e+00
6706,-2,LUQUAL_TPb,5.236561096550e+00
6706,-1,USQUBP_TPb,0.000000000000e+00
6706,-2,LUQUBP_TPb,0.000000000000e+00
6706,-3,PSQUAL_TPb,0.000000000000e+00
6706,-4,PSWDQUAL_TPb,0.000000000000e+00
6706,-4,PSDTQUAL_TPb,0.000000000000e+00
6706,-5,IRWDQUAL_TPb,0.000000000000e+00
6706,-7,INFILTQUAL_TPb,0.000000000000e+00
6706,-8,INFILTQUALTARGET_TPb,0.000000000000e+00
6706,0,ADTOT_TPb,0.000000000000e+00
6706,0,IQUAL_TPb,5.236561096550e+00
6706,0,ADQAL_TPb,0.000000000000e+00
6706,0,DSQAL_TPb,0.000000000000e+00
6706,0,DEPQAL_TPb,0.000000000000e+00
6706,0,SCRQAL_TPb,0.000000000000e+00
6706,1,QUAL_TPb,5.236561096550e+00
6706,1,QUBP_TPb,0.000000000000e+00
6706,0,DRAT_IGQL_TZn,1.593848843516e+01
6706,0,DRAT_OGQL_TZn,1.593848843516e+01
6706,-1,USQUAL_TZn,0.000000000000e+00
6706,-2,LUQUAL_TZn,1.593848843516e+01
6706,-1,USQUBP_TZn,0.000000000000e+00
6706,-2,LUQUBP_TZn,0.000000000000e+00
6706,-3,PSQUAL_TZn,0.000000000000e+00
6706,-4,PSWDQUAL_TZn,0.000000000000e+00
6706,-4,PSDTQUAL_TZn,0.000000000000e+00
6706,-5,IRWDQUAL_TZn,0.000000000000e+00
6706,-7,INFILTQUAL_TZn,0.000000000000e+00
6706,-8,INFILTQUALTARGET_TZn,0.000000000000e+00
6706,0,ADTOT_TZn,0.000000000000e+00
6706,0,IQUAL_TZn,1.593848843516e+01
6706,0,ADQAL_TZn,0.000000000000e+00
6706,0,DSQAL_TZn,0.000000000000e+00
6706,0,DEPQAL_TZn,0.000000000000e+00
6706,0,SCRQAL_TZn,0.000000000000e+00
6706,1,QUAL_TZn,1.593848843516e+01
6706,1,QUBP_TZn,0.000000000000e+00
6709,0,DRAT_IVOL,3.045315187191e+04
6709,0,DRAT_OVOL,3.045315187191e+04
6709,-1,USLINK,0.000000000000e+00
6709,-1,PCP,0.000000000000e+00
6709,-1,EVAP,0.000000000000e+00
6709,-1,INFILT,0.000000000000e+00
6709,-1,USIF,0.000000000000e+00
6709,-2,LUIF,3.045315187191e+04
6709,-1,USBP,0.000000000000e+00
6709,-2,LUBP,0.000000000000e+00
6709,-3,PSIF,0.000000000000e+00
6709,-4,PSWD,0.000000000000e+00
6709,-4,PSDT,0.000000000000e+00
6709,-5,IRWD,0.000000000000e+00
6709,0,IVOL,3.045315187191e+04
6709,1,RO,3.045315187191e+04
6709,1,BP,0.000000000000e+00
6709,0,DRAT_ISED_1,3.203757684898e-01
6709,0,DRAT_OSED_1,3.203757684898e-01
6709,-1,USSED_1,0.000000000000e+00
6709,-2,LUSED_1,3.203757684898e-01
6709,-1,USSBP_1,0.000000000000e+00
6709,-2,LUSBP_1,0.000000000000e+00
6709,-3,PSSED_1,0.000000000000e+00
6709,-4,PSWDSED_1,0.000000000000e+00
6709,-4,PSDTSED_1,0.000000000000e+00
6709,-5,IRWDSED_1,0.000000000000e+00
6709,0,ISED_1,3.203757684898e-01
6709,0,DEPSCR_1,0.000000000000e+00
6709,0,DEPMASS_1,0.000000000000e+00
6709,0,SCRMASS_1,0.000000000000e+00
6709,0,BEDSED_1,0.000000000000e+00
6709,1,ROSED_1,3.203757684898e-01
6709,1,BPSED_1,0.000000000000e+00
6709,0,DRAT_ISED_2,1.193665894050e-01
6709,0,DRAT_OSED_2,1.193665894050e-01
6709,-1,USSED_2,0.000000000000e+00
6709,-2,LUSED_2,1.193665894050e-01
6709,-1,USSBP_2,0.000000000000e+00
6709,-2,LUSBP_2,0.000000000000e+00
6709,-3,PSSED_2,0.000000000000e+00
6709,-4,PSWDSED_2,0.000000000000e+00
6709,-4,PSDTSED_2,0.000000000000e+00
6709,-5,IRWDSED_2,0.000000000000e+00
6709,0,ISED_2,1.193665894050e-01
6709,0,DEPSCR_2,0.000000000000e+00
6709,0,DEPMASS_2,0.000000000000e+00
6709,0,SCRMASS_2,0.000000000000e+00
6709,0,BEDSED_2,0.000000000000e+00
6709,1,ROSED_2,1.193665894050e-01
6709,1,BPSED_2,0.000000000000e+00
6709,0,DRAT_ISED_3,1.531819866190e-01
6709,0,DRAT_OSED_3,1.531819866190e-01
6709,-1,USSED_3,0.000000000000e+00
6709,-2,LUSED_3,1.531819866190e-01
6709,-1,USSBP_3,0.000000000000e+00
6709,-2,LUSBP_3,0.000000000000e+00
6709,-3,PSSED_3,0.000000000000e+00
6709,-4,PSWDSED_3,0.000000000000e+00
6709,-4,PSDTSED_3,0.000000000000e+00
6709,-5,IRWDSED_3,0.000000000000e+00
6709,0,ISED_3,1.531819866190e-01
6709,0,DEPSCR_3,0.000000000000e+00
6709,0,DEPMASS_3,0.000000000000e+00
6709,0,SCRMASS_3,0.000000000000e+00
6709,0,BEDSED_3,0.000000000000e+00
6709,1,ROSED_3,1.531819866190e-01
6709,1,BPSED_3,0.000000000000e+00
6709,0,DRAT_IGQL_TN,3.552665355632e+00
6709,0,DRAT_OGQL_TN,3.552665355632e+00
6709,-1,USQUAL_TN,0.000000000000e+00
6709,-2,LUQUAL_TN,3.552665355632e+00
6709,-1,USQUBP_TN,0.000000000000e+00
6709,-2,LUQUBP_TN,0.000000000000e+00
6709,-3,PSQUAL_TN,0.000000000000e+00
6709,-4,PSWDQUAL_TN,0.000000000000e+00
6709,-4,PSDTQUAL_TN,0.000000000000e+00
6709,-5,IRWDQUAL_TN,0.000000000000e+00
6709,-7,INFILTQUAL_TN,0.000000000000e+00
6709,-8,INFILTQUALTARGET_TN,0.000000000000e+00
6709,0,ADTOT_TN,0.000000000000e+00
6709,0,IQUAL_TN,3.552665355632e+00
6709,0,ADQAL_TN,0.000000000000e+00
6709,0,DSQAL_TN,0.000000000000e+00
6709,0,DEPQAL_TN,0.000000000000e+00
6709,0,SCRQAL_TN,0.000000000000e+00
6709,1,QUAL_TN,3.552665355632e+00
6709,1,QUBP_TN,0.000000000000e+00
6709,0,DRAT_IGQL_TP,1.255950982442e+00
6709,0,DRAT_OGQL_TP,1.255950982442e+00
6709,-1,USQUAL_TP,0.000000000000e+00
6709,-2,LUQUAL_TP,1.255950982442e+00
6709,-1,USQUBP_TP,0.000000000000e+00
6709,-2,LUQUBP_TP,0.000000000000e+00
6709,-3,PSQUAL_TP,0.000000000000e+00
6709,-4,PSWDQUAL_TP,0.000000000000e+00
6709,-4,PSDTQUAL_TP,0.000000000000e+00
6709,-5,IRWDQUAL_TP,0.000000000000e+00
6709,-7,INFILTQUAL_TP,0.000000000000e+00
6709,-8,INFILTQUALTARGET_TP,0.000000000000e+00
6709,0,ADTOT_TP,0.000000000000e+00
6709,0,IQUAL_TP,1.255950982442e+00
6709,0,ADQAL_TP,0.000000000000e+00
6709,0,DSQAL_TP,0.000000000000e+00
6709,0,DEPQAL_TP,0.000000000000e+00
6709,0,SCRQAL_TP,0.000000000000e+00
6709,1,QUAL_TP,1.255950982442e+00
6709,1,QUBP_TP,0.000000000000e+00
6709,0,DRAT_IGQL_TCd,5.928070929165e-04
6709,0,DRAT_OGQL_TCd,5.928070929165e-04
6709,-1,USQUAL_TCd,0.000000000000e+00
6709,-2,LUQUAL_TCd,5.928070929165e-04
6709,-1,USQUBP_TCd,0.000000000000e+00
6709,-2,LUQUBP_TCd,0.000000000000e+00
6709,-3,PSQUAL_TCd,0.000000000000e+00
6709,-4,PSWDQUAL_TCd,0.000000000000e+00
6709,-4,PSDTQUAL_TCd,0.000000000000e+00
6709,-5,IRWDQUAL_TCd,0.000000000000e+00
6709,-7,INFILTQUAL_TCd,0.000000000000e+00
6709,-8,INFILTQUALTARGET_TCd,0.000000000000e+00
6709,0,ADTOT_TCd,0.000000000000e+00
6709,0,IQUAL_TCd,5.928070929165e-04
6709,0,ADQAL_TCd,0.000000000000e+00
6709,0,DSQAL_TCd,0.000000000000e+00
6709,0,DEPQAL_TCd,0.000000000000e+00
6709,0,SCRQAL_TCd,0.000000000000e+00
6709,1,QUAL_TCd,5.928070929165e-04
6709,1,QUBP_TCd,0.000000000000e+00
6709,0,DRAT_IGQL_TCu,5.928070929165e-02
6709,0,DRAT_OGQL_TCu,5.928070929165e-02
6709,-1,USQUAL_TCu,0.000000000000e+00
6709,-2,LUQUAL_TCu,5.928070929165e-02
6709,-1,USQUBP_TCu,0.000000000000e+00
6709,-2,LUQUBP_TCu,0.000000000000e+00
6709,-3,PSQUAL_TCu,0.000000000000e+00
6709,-4,PSWDQUAL_TCu,0.000000000000e+00
6709,-4,PSDTQUAL_TCu,0.000000000000e+00
6709,-5,IRWDQUAL_TCu,0.000000000000e+00
6709,-7,INFILTQUAL_TCu,0.000000000000e+00
6709,-8,INFILTQUALTARGET_TCu,0.000000000000e+00
6709,0,ADTOT_TCu,0.000000000000e+00
6709,0,IQUAL_TCu,5.928070929165e-02
6709,0,ADQAL_TCu,0.000000000000e+00
6709,0,DSQAL_TCu,0.000000000000e+00
6709,0,DEPQAL_TCu,0.000000000000e+00
6709,0,SCRQAL_TCu,0.000000000000e+00
6709,1,QUAL_TCu,5.928070929165e-02
6709,1,QUBP_TCu,0.000000000000e+00
6709,0,DRAT_IGQL_TPb,5.927487522439e-03
6709,0,DRAT_OGQL_TPb,5.927487522439e-03
6709,-1,USQUAL_TPb,0.000000000000e+00
6709,-2,LUQUAL_TPb,5.927487522439e-03
6709,-1,USQUBP_TPb,0.000000000000e+00
6709,-2,LUQUBP_TPb,0.000000000000e+00
6709,-3,PSQUAL_TPb,0.000000000000e+00
6709,-4,PSWDQUAL_TPb,0.000000000000e+00
6709,-4,PSDTQUAL_TPb,0.000000000000e+00
6709,-5,IRWDQUAL_TPb,0.000000000000e+00
6709,-7,INFILTQUAL_TPb,0.000000000000e+00
6709,-8,INFILTQUALTARGET_TPb,0.000000000000e+00
6709,0,ADTOT_TPb,0.000000000000e+00
6709,0,IQUAL_TPb,5.927487522439e-03
6709,0,ADQAL_TPb,0.000000000000e+00
6709,0,DSQAL_TPb,0.000000000000e+00
6709,0,DEPQAL_TPb,0.000000000000e+00
6709,0,SCRQAL_TPb,0.000000000000e+00
6709,1,QUAL_TPb,5.927487522439e-03
6709,1,QUBP_TPb,0.000000000000e+00
6709,0,DRAT_IGQL_TZn,4.268411092482e-01
6709,0,DRAT_OGQL_TZn,4.268411092482e-01
6709,-1,USQUAL_TZn,0.000000000000e+00
6709,-2,LUQUAL_TZn,4.268411092482e-01
6709,-1,USQUBP_TZn,0.000000000000e+00
6709,-2,LUQUBP_TZn,0.000000000000e+00
6709,-3,PSQUAL_TZn,0.000000000000e+00
6709,-4,PSWDQUAL_TZn,0.000000000000e+00
6709,-4,PSDTQUAL_TZn,0.000000000000e+00
6709,-5,IRWDQUAL_TZn,0.000000000000e+00
6709,-7,INFILTQUAL_TZn,0.000000000000e+00
6709,-8,INFILTQUALTARGET_TZn,0.000000000000e+00
6709,0,ADTOT_TZn,0.000000000000e+00
6709,0,IQUAL_TZn,4.268411092482e-01
6709,0,ADQAL_TZn,0.000000000000e+00
6709,0,DSQAL_TZn,0.000000000000e+00
6709,0,DEPQAL_TZn,0.000000000000e+00
6709,0,SCRQAL_TZn,0.000000000000e+00
6709,1,QUAL_TZn,4.268411092482e-01
6709,1,QUBP_TZn,0.000000000000e+00
6712,0,DRAT_IVOL,1.706094579959e+05
6712,0,DRAT_OVOL,1.706094579959e+05
6712,-1,USLINK,0.000000000000e+00
6712,-1,PCP,0.000000000000e+00
6712,-1,EVAP,0.000000000000e+00
6712,-1,INFILT,0.000000000000e+00
6712,-1,USIF,0.000000000000e+00
6712,-2,LUIF,1.706094579959e+05
6712,-1,USBP,0.000000000000e+00
6712,-2,LUBP,0.000000000000e+00
6712,-3,PSIF,0.000000000000e+00
6712,-4,PSWD,0.000000000000e+00
6712,-4,PSDT,0.000000000000e+00
6712,-5,IRWD,0.000000000000e+00
6712,0,IVOL,1.706094579959e+05
6712,1,RO,1.706094579959e+05
6712,1,BP,0.000000000000e+00
6712,0,DRAT_ISED_1,7.126237446619e-01
6712,0,DRAT_OSED_1,7.126237446619e-01
6712,-1,USSED_1,0.000000000000e+00
6712,-2,LUSED_1,7.126237446619e-01
6712,-1,USSBP_1,0.000000000000e+00
6712,-2,LUSBP_1,0.000000000000e+00
6712,-3,PSSED_1,0.000000000000e+00
6712,-4,PSWDSED_1,0.000000000000e+00
6712,-4,PSDTSED_1,0.000000000000e+00
6712,-5,IRWDSED_1,0.000000000000e+00
6712,0,ISED_1,7.126237446619e-01
6712,0,DEPSCR_1,0.000000000000e+00
6712,0,DEPMASS_1,0.000000000000e+00
6712,0,SCRMASS_1,0.000000000000e+00
6712,0,BEDSED_1,0.000000000000e+00
6712,1,ROSED_1,7.126237446619e-01
6712,1,BPSED_1,0.000000000000e+00
6712,0,DRAT_ISED_2,2.785910301097e-01
6712,0,DRAT_OSED_2,2.785910301097e-01
6712,-1,USSED_2,0.000000000000e+00
6712,-2,LUSED_2,2.785910301097e-01
6712,-1,USSBP_2,0.000000000000e+00
6712,-2,LUSBP_2,0.000000000000e+00
6712,-3,PSSED_2,0.000000000000e+00
6712,-4,PSWDSED_2,0.000000000000e+00
6712,-4,PSDTSED_2,0.000000000000e+00
6712,-5,IRWDSED_2,0.000000000000e+00
6712,0,ISED_2,2.785910301097e-01
6712,0,DEPSCR_2,0.000000000000e+00
6712,0,DEPMASS_2,0.000000000000e+00
6712,0,SCRMASS_2,0.000000000000e+00
6712,0,BEDSED_2,0.000000000000e+00
6712,1,ROSED_2,2.785910301097e-01
6712,1,BPSED_2,0.000000000000e+00
6712,0,DRAT_ISED_3,2.479381173968e-01
6712,0,DRAT_OSED_3,2.479381173968e-01
6712,-1,USSED_3,0.000000000000e+00
6712,-2,LUSED_3,2.479381173968e-01
6712,-1,USSBP_3,0.000000000000e+00
6712,-2,LUSBP_3,0.000000000000e+00
6712,-3,PSSED_3,0.000000000000e+00
6712,-4,PSWDSED_3,0.000000000000e+00
6712,-4,PSDTSED_3,0.000000000000e+00
6712,-5,IRWDSED_3,0.000000000000e+00
6712,0,ISED_3,2.479381173968e-01
6712,0,DEPSCR_3,0.000000000000e+00
6712,0,DEPMASS_3,0.000000000000e+00
6712,0,SCRMASS_3,0.000000000000e+00
6712,0,BEDSED_3,0.000000000000e+00
6712,1,ROSED_3,2.479381173968e-01
6712,1,BPSED_3,0.000000000000e+00
6712,0,DRAT_IGQL_TN,2.373698826370e+01
6712,0,DRAT_OGQL_TN,2.373698826370e+01
6712,-1,USQUAL_TN,0.000000000000e+00
6712,-2,LUQUAL_TN,2.373698826370e+01
6712,-1,USQUBP_TN,0.000000000000e+00
6712,-2,LUQUBP_TN,0.000000000000e+00
6712,-3,PSQUAL_TN,0.000000000000e+00
6712,-4,PSWDQUAL_TN,0.000000000000e+00
6712,-4,PSDTQUAL_TN,0.000000000000e+00
6712,-5,IRWDQUAL_TN,0.000000000000e+00
6712,-7,INFILTQUAL_TN,0.000000000000e+00
6712,-8,INFILTQUALTARGET_TN,0.000000000000e+00
6712,0,ADTOT_TN,0.000000000000e+00
6712,0,IQUAL_TN,2.373698826370e+01
6712,0,ADQAL_TN,0.000000000000e+00
6712,0,DSQAL_TN,0.000000000000e+00
6712,0,DEPQAL_TN,0.000000000000e+00
6712,0,SCRQAL_TN,0.000000000000e+00
6712,1,QUAL_TN,2.373698826370e+01
6712,1,QUBP_TN,0.000000000000e+00
6712,0,DRAT_IGQL_TP,3.145014119110e+00
6712,0,DRAT_OGQL_TP,3.145014119110e+00
6712,-1,USQUAL_TP,0.000000000000e+00
6712,-2,LUQUAL_TP,3.145014119110e+00
6712,-1,USQUBP_TP,0.000000000000e+00
6712,-2,LUQUBP_TP,0.000000000000e+00
6712,-3,PSQUAL_TP,0.000000000000e+00
6712,-4,PSWDQUAL_TP,0.000000000000e+00
6712,-4,PSDTQUAL_TP,0.000000000000e+00
6712,-5,IRWDQUAL_TP,0.000000000000e+00
6712,-7,INFILTQUAL_TP,0.000000000000e+00
6712,-8,INFILTQUALTARGET_TP,0.000000000000e+00
6712,0,ADTOT_TP,0.000000000000e+00
6712,0,IQUAL_TP,3.145014119110e+00
6712,0,ADQAL_TP,0.000000000000e+00
6712,0,DSQAL_TP,0.000000000000e+00
6712,0,DEPQAL_TP,0.000000000000e+00
6712,0,SCRQAL_TP,0.000000000000e+00
6712,1,QUAL_TP,3.145014119110e+00
6712,1,QUBP_TP,0.000000000000e+00
6712,0,DRAT_IGQL_TCd,1.630725900006e-03
6712,0,DRAT_OGQL_TCd,1.630725900006e-03
6712,-1,USQUAL_TCd,0.000000000000e+00
6712,-2,LUQUAL_TCd,1.630725900006e-03
6712,-1,USQUBP_TCd,0.000000000000e+00
6712,-2,LUQUBP_TCd,0.000000000000e+00
6712,-3,PSQUAL_TCd,0.000000000000e+00
6712,-4,PSWDQUAL_TCd,0.000000000000e+00
6712,-4,PSDTQUAL_TCd,0.000000000000e+00
6712,-5,IRWDQUAL_TCd,0.000000000000e+00
6712,-7,INFILTQUAL_TCd,0.000000000000e+00
6712,-8,INFILTQUALTARGET_TCd,0.000000000000e+00
6712,0,ADTOT_TCd,0.000000000000e+00
6712,0,IQUAL_TCd,1.630725900006e-03
6712,0,ADQAL_TCd,0.000000000000e+00
6712,0,DSQAL_TCd,0.000000000000e+00
6712,0,DEPQAL_TCd,0.000000000000e+00
6712,0,SCRQAL_TCd,0.000000000000e+00
6712,1,QUAL_TCd,1.630725900006e-03
6712,1,QUBP_TCd,0.000000000000e+00
6712,0,DRAT_IGQL_TCu,1.631354593951e-01
6712,0,DRAT_OGQL_TCu,1.631354593951e-01
6712,-1,USQUAL_TCu,0.000000000000e+00
6712,-2,LUQUAL_TCu,1.631354593951e-01
6712,-1,USQUBP_TCu,0.000000000000e+00
6712,-2,LUQUBP_TCu,0.000000000000e+00
6712,-3,PSQUAL_TCu,0.000000000000e+00
6712,-4,PSWDQUAL_TCu,0.000000000000e+00
6712,-4,PSDTQUAL_TCu,0.000000000000e+00
6712,-5,IRWDQUAL_TCu,0.000000000000e+00
6712,-7,INFILTQUAL_TCu,0.000000000000e+00
6712,-8,INFILTQUALTARGET_TCu,0.000000000000e+00
6712,0,ADTOT_TCu,0.000000000000e+00
6712,0,IQUAL_TCu,1.631354593951e-01
6712,0,ADQAL_TCu,0.000000000000e+00
6712,0,DSQAL_TCu,0.000000000000e+00
6712,0,DEPQAL_TCu,0.000000000000e+00
6712,0,SCRQAL_TCu,0.000000000000e+00
6712,1,QUAL_TCu,1.631354593951e-01
6712,1,QUBP_TCu,0.000000000000e+00
6712,0,DRAT_IGQL_TPb,3.373942343911e-02
6712,0,DRAT_OGQL_TPb,3.373942343911e-02
6712,-1,USQUAL_TPb,0.000000000000e+00
6712,-2,LUQUAL_TPb,3.373942343911e-02
6712,-1,USQUBP_TPb,0.000000000000e+00
6712,-2,LUQUBP_TPb,0.000000000000e+00
6712,-3,PSQUAL_TPb,0.000000000000e+00
6712,-4,PSWDQUAL_TPb,0.000000000000e+00
6712,-4,PSDTQUAL_TPb,0.000000000000e+00
6712,-5,IRWDQUAL_TPb,0.000000000000e+00
6712,-7,INFILTQUAL_TPb,0.000000000000e+00
6712,-8,INFILTQUALTARGET_TPb,0.000000000000e+00
6712,0,ADTOT_TPb,0.000000000000e+00
6712,0,IQUAL_TPb,3.373942343911e-02
6712,0,ADQAL_TPb,0.000000000000e+00
6712,0,DSQAL_TPb,0.000000000000e+00
6712,0,DEPQAL_TPb,0.000000000000e+00
6712,0,SCRQAL_TPb,0.000000000000e+00
6712,1,QUAL_TPb,3.373942343911e-02
6712,1,QUBP_TPb,0.000000000000e+00
6712,0,DRAT_IGQL_TZn,1.038883472927e+00
6712,0,DRAT_OGQL_TZn,1.038883472927e+00
6712,-1,USQUAL_TZn,0.000000000000e+00
6712,-2,LUQUAL_TZn,1.038883472927e+00
6712,-1,USQUBP_TZn,0.000000000000e+00
6712,-2,LUQUBP_TZn,0.000000000000e+00
6712,-3,PSQUAL_TZn,0.000000000000e+00
6712,-4,PSWDQUAL_TZn,0.000000000000e+00
6712,-4,PSDTQUAL_TZn,0.000000000000e+00
6712,-5,IRWDQUAL_TZn,0.000000000000e+00
6712,-7,INFILTQUAL_TZn,0.000000000000e+00
6712,-8,INFILTQUALTARGET_TZn,0.000000000000e+00
6712,0,ADTOT_TZn,0.000000000000e+00
6712,0,IQUAL_TZn,1.038883472927e+00
6712,0,ADQAL_TZn,0.000000000000e+00
6712,0,DSQAL_TZn,0.000000000000e+00
6712,0,DEPQAL_TZn,0.000000000000e+00
6712,0,SCRQAL_TZn,0.000000000000e+00
6712,1,QUAL_TZn,1.038883472927e+00
6712,1,QUBP_TZn,0.000000000000e+00
6713,0,DRAT_IVOL,7.537204906628e+04
6713,0,DRAT_OVOL,7.537204906628e+04
6713,-1,USLINK,0.000000000000e+00
6713,-1,PCP,0.000000000000e+00
6713,-1,EVAP,0.000000000000e+00
6713,-1,INFILT,0.000000000000e+00
6713,-1,USIF,0.000000000000e+00
6713,-2,LUIF,7.537204906628e+04
6713,-1,USBP,0.000000000000e+00
6713,-2,LUBP,0.000000000000e+00
6713,-3,PSIF,0.000000000000e+00
6713,-4,PSWD,0.000000000000e+00
6713,-4,PSDT,0.000000000000e+00
6713,-5,IRWD,0.000000000000e+00
6713,0,IVOL,7.537204906628e+04
6713,1,RO,7.537204906628e+04
6713,1,BP,0.000000000000e+00
6713,0,DRAT_ISED_1,4.629768333679e-02
6713,0,DRAT_OSED_1,4.629768333679e-02
6713,-1,USSED_1,0.000000000000e+00
6713,-2,LUSED_1,4.629768333679e-02
6713,-1,USSBP_1,0.000000000000e+00
6713,-2,LUSBP_1,0.000000000000e+00
6713,-3,PSSED_1,0.000000000000e+00
6713,-4,PSWDSED_1,0.000000000000e+00
6713,-4,PSDTSED_1,0.000000000000e+00
6713,-5,IRWDSED_1,0.000000000000e+00
6713,0,ISED_1,4.629768333679e-02
6713,0,DEPSCR_1,0.000000000000e+00
6713,0,DEPMASS_1,0.000000000000e+00
6713,0,SCRMASS_1,0.000000000000e+00
6713,0,BEDSED_1,0.000000000000e+00
6713,1,ROSED_1,4.629768333679e-02
6713,1,BPSED_1,0.000000000000e+00
6713,0,DRAT_ISED_2,7.236747087977e-02
6713,0,DRAT_OSED_2,7.236747087977e-02
6713,-1,USSED_2,0.000000000000e+00
6713,-2,LUSED_2,7.236747087977e-02
6713,-1,USSBP_2,0.000000000000e+00
6713,-2,LUSBP_2,0.000000000000e+00
6713,-3,PSSED_2,0.000000000000e+00
6713,-4,PSWDSED_2,0.000000000000e+00
6713,-4,PSDTSED_2,0.000000000000e+00
6713,-5,IRWDSED_2,0.000000000000e+00
6713,0,ISED_2,7.236747087977e-02
6713,0,DEPSCR_2,0.000000000000e+00
6713,0,DEPMASS_2,0.000000000000e+00
6713,0,SCRMASS_2,0.000000000000e+00
6713,0,BEDSED_2,0.000000000000e+00
6713,1,ROSED_2,7.236747087977e-02
6713,1,BPSED_2,0.000000000000e+00
6713,0,DRAT_ISED_3,2.924317586831e-02
6713,0,DRAT_OSED_3,2.924317586831e-02
6713,-1,USSED_3,0.000000000000e+00
6713,-2,LUSED_3,2.924317586831e-02
6713,-1,USSBP_3,0.000000000000e+00
6713,-2,LUSBP_3,0.000000000000e+00
6713,-3,PSSED_3,0.000000000000e+00
6713,-4,PSWDSED_3,0.000000000000e+00
6713,-4,PSDTSED_3,0.000000000000e+00
6713,-5,IRWDSED_3,0.000000000000e+00
6713,0,ISED_3,2.924317586831e-02
6713,0,DEPSCR_3,0.000000000000e+00
6713,0,DEPMASS_3,0.000000000000e+00
6713,0,SCRMASS_3,0.000000000000e+00
6713,0,BEDSED_3,0.000000000000e+00
6713,1,ROSED_3,2.924317586831e-02
6713,1,BPSED_3,0.000000000000e+00
6713,0,DRAT_IGQL_TN,6.309942862637e+00
6713,0,DRAT_OGQL_TN,6.309942862637e+00
6713,-1,USQUAL_TN,0.000000000000e+00
6713,-2,LUQUAL_TN,6.309942862637e+00
6713,-1,USQUBP_TN,0.000000000000e+00
6713,-2,LUQUBP_TN,0.000000000000e+00
6713,-3,PSQUAL_TN,0.000000000000e+00
6713,-4,PSWDQUAL_TN,0.000000000000e+00
6713,-4,PSDTQUAL_TN,0.000000000000e+00
6713,-5,IRWDQUAL_TN,0.000000000000e+00
6713,-7,INFILTQUAL_TN,0.000000000000e+00
6713,-8,INFILTQUALTARGET_TN,0.000000000000e+00
6713,0,ADTOT_TN,0.000000000000e+00
6713,0,IQUAL_TN,6.309942862637e+00
6713,0,ADQAL_TN,0.000000000000e+00
6713,0,DSQAL_TN,0.000000000000e+00
6713,0,DEPQAL_TN,0.000000000000e+00
6713,0,SCRQAL_TN,0.000000000000e+00
6713,1,QUAL_TN,6.309942862637e+00
6713,1,QUBP_TN,0.000000000000e+00
6713,0,DRAT_IGQL_TP,1.166647601012e+00
6713,0,DRAT_OGQL_TP,1.166647601012e+00
6713,-1,USQUAL_TP,0.000000000000e+00
6713,-2,LUQUAL_TP,1.166647601012e+00
6713,-1,USQUBP_TP,0.000000000000e+00
6713,-2,LUQUBP_TP,0.000000000000e+00
6713,-3,PSQUAL_TP,0.000000000000e+00
6713,-4,PSWDQUAL_TP,0.000000000000e+00
6713,-4,PSDTQUAL_TP,0.000000000000e+00
6713,-5,IRWDQUAL_TP,0.000000000000e+00
6713,-7,INFILTQUAL_TP,0.000000000000e+00
6713,-8,INFILTQUALTARGET_TP,0.000000000000e+00
6713,0,ADTOT_TP,0.000000000000e+00
6713,0,IQUAL_TP,1.166647601012e+00
6713,0,ADQAL_TP,0.000000000000e+00
6713,0,DSQAL_TP,0.000000000000e+00
6713,0,DEPQAL_TP,0.000000000000e+00
6713,0,SCRQAL_TP,0.000000000000e+00
6713,1,QUAL_TP,1.166647601012e+00
6713,1,QUBP_TP,0.000000000000e+00
6713,0,DRAT_IGQL_TCd,6.370660834622e-04
6713,0,DRAT_OGQL_TCd,6.370660834622e-04
6713,-1,USQUAL_TCd,0.000000000000e+00
6713,-2,LUQUAL_TCd,6.370660834622e-04
6713,-1,USQUBP_TCd,0.000000000000e+00
6713,-2,LUQUBP_TCd,0.000000000000e+00
6713,-3,PSQUAL_TCd,0.000000000000e+00
6713,-4,PSWDQUAL_TCd,0.000000000000e+00
6713,-4,PSDTQUAL_TCd,0.000000000000e+00
6713,-5,IRWDQUAL_TCd,0.000000000000e+00
6713,-7,INFILTQUAL_TCd,0.000000000000e+00
6713,-8,INFILTQUALTARGET_TCd,0.000000000000e+00
6713,0,ADTOT_TCd,0.000000000000e+00
6713,0,IQUAL_TCd,6.370660834622e-04
6713,0,ADQAL_TCd,0.000000000000e+00
6713,0,DSQAL_TCd,0.000000000000e+00
6713,0,DEPQAL_TCd,0.000000000000e+00
6713,0,SCRQAL_TCd,0.000000000000e+00
6713,1,QUAL_TCd,6.370660834622e-04
6713,1,QUBP_TCd,0.000000000000e+00
6713,0,DRAT_IGQL_TCu,6.646567000328e-02
6713,0,DRAT_OGQL_TCu,6.646567000328e-02
6713,-1,USQUAL_TCu,0.000000000000e+00
6713,-2,LUQUAL_TCu,6.646567000328e-02
6713,-1,USQUBP_TCu,0.000000000000e+00
6713,-2,LUQUBP_TCu,0.000000000000e+00
6713,-3,PSQUAL_TCu,0.000000000000e+00
6713,-4,PSWDQUAL_TCu,0.000000000000e+00
6713,-4,PSDTQUAL_TCu,0.000000000000e+00
6713,-5,IRWDQUAL_TCu,0.000000000000e+00
6713,-7,INFILTQUAL_TCu,0.000000000000e+00
6713,-8,INFILTQUALTARGET_TCu,0.000000000000e+00
6713,0,ADTOT_TCu,0.000000000000e+00
6713,0,IQUAL_TCu,6.646567000328e-02
6713,0,ADQAL_TCu,0.000000000000e+00
6713,0,DSQAL_TCu,0.000000000000e+00
6713,0,DEPQAL_TCu,0.000000000000e+00
6713,0,SCRQAL_TCu,0.000000000000e+00
6713,1,QUAL_TCu,6.646567000328e-02
6713,1,QUBP_TCu,0.000000000000e+00
6713,0,DRAT_IGQL_TPb,2.337405353704e-02
6713,0,DRAT_OGQL_TPb,2.337405353704e-02
6713,-1,USQUAL_TPb,0.000000000000e+00
6713,-2,LUQUAL_TPb,2.337405353704e-02
6713,-1,USQUBP_TPb,0.000000000000e+00
6713,-2,LUQUBP_TPb,0.000000000000e+00
6713,-3,PSQUAL_TPb,0.000000000000e+00
6713,-4,PSWDQUAL_TPb,0.000000000000e+00
6713,-4,PSDTQUAL_TPb,0.000000000000e+00
6713,-5,IRWDQUAL_TPb,0.000000000000e+00
6713,-7,INFILTQUAL_TPb,0.000000000000e+00
6713,-8,INFILTQUALTARGET_TPb,0.000000000000e+00
6713,0,ADTOT_TPb,0.000000000000e+00
6713,0,IQUAL_TPb,2.337405353704e-02
6713,0,ADQAL_TPb,0.000000000000e+00
6713,0,DSQAL_TPb,0.000000000000e+00
6713,0,DEPQAL_TPb,0.000000000000e+00
6713,0,SCRQAL_TPb,0.000000000000e+00
6713,1,QUAL_TPb,2.337405353704e-02
6713,1,QUBP_TPb,0.000000000000e+00
6713,0,DRAT_IGQL_TZn,4.291907277717e-01
6713,0,DRAT_OGQL_TZn,4.291907277717e-01
6713,-1,USQUAL_TZn,0.000000000000e+00
6713,-2,LUQUAL_TZn,4.291907277717e-01
6713,-1,USQUBP_TZn,0.000000000000e+00
6713,-2,LUQUBP_TZn,0.000000000000e+00
6713,-3,PSQUAL_TZn,0.000000000000e+00
6713,-4,PSWDQUAL_TZn,0.000000000000e+00
6713,-4,PSDTQUAL_TZn,0.000000000000e+00
6713,-5,IRWDQUAL_TZn,0.000000000000e+00
6713,-7,INFILTQUAL_TZn,0.000000000000e+00
6713,-8,INFILTQUALTARGET_TZn,0.000000000000e+00
6713,0,ADTOT_TZn,0.000000000000e+00
6713,0,IQUAL_TZn,4.291907277717e-01
6713,0,ADQAL_TZn,0.000000000000e+00
6713,0,DSQAL_TZn,0.000000000000e+00
6713,0,DEPQAL_TZn,0.000000000000e+00
6713,0,SCRQAL_TZn,0.000000000000e+00
6713,1,QUAL_TZn,4.291907277717e-01
6713,1,QUBP_TZn,0.000000000000e+00
6715,0,DRAT_IVOL,6.384302002637e+05
6715,0,DRAT_OVOL,6.384302002637e+05
6715,-1,USLINK,0.000000000000e+00
6715,-1,PCP,0.000000000000e+00
6715,-1,EVAP,0.000000000000e+00
6715,-1,INFILT,0.000000000000e+00
6715,-1,USIF,0.000000000000e+00
6715,-2,LUIF,6.384302002637e+05
6715,-1,USBP,0.000000000000e+00
6715,-2,LUBP,0.000000000000e+00
6715,-3,PSIF,0.000000000000e+00
6715,-4,PSWD,0.000000000000e+00
6715,-4,PSDT,0.000000000000e+00
6715,-5,IRWD,0.000000000000e+00
6715,0,IVOL,6.384302002637e+05
6715,1,RO,6.384302002637e+05
6715,1,BP,0.000000000000e+00
6715,0,DRAT_ISED_1,1.295851863496e+00
6715,0,DRAT_OSED_1,1.295851863496e+00
6715,-1,USSED_1,0.000000000000e+00
6715,-2,LUSED_1,1.295851863496e+00
6715,-1,USSBP_1,0.000000000000e+00
6715,-2,LUSBP_1,0.000000000000e+00
6715,-3,PSSED_1,0.000000000000e+00
6715,-4,PSWDSED_1,0.000000000000e+00
6715,-4,PSDTSED_1,0.000000000000e+00
6715,-5,IRWDSED_1,0.000000000000e+00
6715,0,ISED_1,1.295851863496e+00
6715,0,DEPSCR_1,0.000000000000e+00
6715,0,DEPMASS_1,0.000000000000e+00
6715,0,SCRMASS_1,0.000000000000e+00
6715,0,BEDSED_1,0.000000000000e+00
6715,1,ROSED_1,1.295851863496e+00
6715,1,BPSED_1,0.000000000000e+00
6715,0,DRAT_ISED_2,5.584071432262e-01
6715,0,DRAT_OSED_2,5.584071432262e-01
6715,-1,USSED_2,0.000000000000e+00
6715,-2,LUSED_2,5.584071432262e-01
6715,-1,USSBP_2,0.000000000000e+00
6715,-2,LUSBP_2,0.000000000000e+00
6715,-3,PSSED_2,0.000000000000e+00
6715,-4,PSWDSED_2,0.000000000000e+00
6715,-4,PSDTSED_2,0.000000000000e+00
6715,-5,IRWDSED_2,0.000000000000e+00
6715,0,ISED_2,5.584071432262e-01
6715,0,DEPSCR_2,0.000000000000e+00
6715,0,DEPMASS_2,0.000000000000e+00
6715,0,SCRMASS_2,0.000000000000e+00
6715,0,BEDSED_2,0.000000000000e+00
6715,1,ROSED_2,5.584071432262e-01
6715,1,BPSED_2,0.000000000000e+00
6715,0,DRAT_ISED_3,4.685951548947e-01
6715,0,DRAT_OSED_3,4.685951548947e-01
6715,-1,USSED_3,0.000000000000e+00
6715,-2,LUSED_3,4.685951548947e-01
6715,-1,USSBP_3,0.000000000000e+00
6715,-2,LUSBP_3,0.000000000000e+00
6715,-3,PSSED_3,0.000000000000e+00
6715,-4,PSWDSED_3,0.000000000000e+00
6715,-4,PSDTSED_3,0.000000000000e+00
6715,-5,IRWDSED_3,0.000000000000e+00
6715,0,ISED_3,4.685951548947e-01
6715,0,DEPSCR_3,0.000000000000e+00
6715,0,DEPMASS_3,0.000000000000e+00
6715,0,SCRMASS_3,0.000000000000e+00
6715,0,BEDSED_3,0.000000000000e+00
6715,1,ROSED_3,4.685951548947e-01
6715,1,BPSED_3,0.000000000000e+00
6715,0,DRAT_IGQL_TN,4.005621788124e+01
6715,0,DRAT_OGQL_TN,4.005621788124e+01
6715,-1,USQUAL_TN,0.000000000000e+00
6715,-2,LUQUAL_TN,4.005621788124e+01
6715,-1,USQUBP_TN,0.000000000000e+00
6715,-2,LUQUBP_TN,0.000000000000e+00
6715,-3,PSQUAL_TN,0.000000000000e+00
6715,-4,PSWDQUAL_TN,0.000000000000e+00
6715,-4,PSDTQUAL_TN,0.000000000000e+00
6715,-5,IRWDQUAL_TN,0.000000000000e+00
6715,-7,INFILTQUAL_TN,0.000000000000e+00
6715,-8,INFILTQUALTARGET_TN,0.000000000000e+00
6715,0,ADTOT_TN,0.000000000000e+00
6715,0,IQUAL_TN,4.005621788124e+01
6715,0,ADQAL_TN,0.000000000000e+00
6715,0,DSQAL_TN,0.000000000000e+00
6715,0,DEPQAL_TN,0.000000000000e+00
6715,0,SCRQAL_TN,0.000000000000e+00
6715,1,QUAL_TN,4.005621788124e+01
6715,1,QUBP_TN,0.000000000000e+00
6715,0,DRAT_IGQL_TP,1.091113883437e+01
6715,0,DRAT_OGQL_TP,1.091113883437e+01
6715,-1,USQUAL_TP,0.000000000000e+00
6715,-2,LUQUAL_TP,1.091113883437e+01
6715,-1,USQUBP_TP,0.000000000000e+00
6715,-2,LUQUBP_TP,0.000000000000e+00
6715,-3,PSQUAL_TP,0.000000000000e+00
6715,-4,PSWDQUAL_TP,0.000000000000e+00
6715,-4,PSDTQUAL_TP,0.000000000000e+00
6715,-5,IRWDQUAL_TP,0.000000000000e+00
6715,-7,INFILTQUAL_TP,0.000000000000e+00
6715,-8,INFILTQUALTARGET_TP,0.000000000000e+00
6715,0,ADTOT_TP,0.000000000000e+00
6715,0,IQUAL_TP,1.091113883437e+01
6715,0,ADQAL_TP,0.000000000000e+00
6715,0,DSQAL_TP,0.000000000000e+00
6715,0,DEPQAL_TP,0.000000000000e+00
6715,0,SCRQAL_TP,0.000000000000e+00
6715,1,QUAL_TP,1.091113883437e+01
6715,1,QUBP_TP,0.000000000000e+00
6715,0,DRAT_IGQL_TCd,3.631697279401e-03
6715,0,DRAT_OGQL_TCd,3.631697279401e-03
6715,-1,USQUAL_TCd,0.000000000000e+00
6715,-2,LUQUAL_TCd,3.631697279401e-03
6715,-1,USQUBP_TCd,0.000000000000e+00
6715,-2,LUQUBP_TCd,0.000000000000e+00
6715,-3,PSQUAL_TCd,0.000000000000e+00
6715,-4,PSWDQUAL_TCd,0.000000000000e+00
6715,-4,PSDTQUAL_TCd,0.000000000000e+00
6715,-5,IRWDQUAL_TCd,0.000000000000e+00
6715,-7,INFILTQUAL_TCd,0.000000000000e+00
6715,-8,INFILTQUALTARGET_TCd,0.000000000000e+00
6715,0,ADTOT_TCd,0.000000000000e+00
6715,0,IQUAL_TCd,3.631697279401e-03
6715,0,ADQAL_TCd,0.000000000000e+00
6715,0,DSQAL_TCd,0.000000000000e+00
6715,0,DEPQAL_TCd,0.000000000000e+00
6715,0,SCRQAL_TCd,0.000000000000e+00
6715,1,QUAL_TCd,3.631697279401e-03
6715,1,QUBP_TCd,0.000000000000e+00
6715,0,DRAT_IGQL_TCu,3.663467385142e-01
6715,0,DRAT_OGQL_TCu,3.663467385142e-01
6715,-1,USQUAL_TCu,0.000000000000e+00
6715,-2,LUQUAL_TCu,3.663467385142e-01
6715,-1,USQUBP_TCu,0.000000000000e+00
6715,-2,LUQUBP_TCu,0.000000000000e+00
6715,-3,PSQUAL_TCu,0.000000000000e+00
6715,-4,PSWDQUAL_TCu,0.000000000000e+00
6715,-4,PSDTQUAL_TCu,0.000000000000e+00
6715,-5,IRWDQUAL_TCu,0.000000000000e+00
6715,-7,INFILTQUAL_TCu,0.000000000000e+00
6715,-8,INFILTQUALTARGET_TCu,0.000000000000e+00
6715,0,ADTOT_TCu,0.000000000000e+00
6715,0,IQUAL_TCu,3.663467385142e-01
6715,0,ADQAL_TCu,0.000000000000e+00
6715,0,DSQAL_TCu,0.000000000000e+00
6715,0,DEPQAL_TCu,0.000000000000e+00
6715,0,SCRQAL_TCu,0.000000000000e+00
6715,1,QUAL_TCu,3.663467385142e-01
6715,1,QUBP_TCu,0.000000000000e+00
6715,0,DRAT_IGQL_TPb,7.560191881597e-02
6715,0,DRAT_OGQL_TPb,7.560191881597e-02
6715,-1,USQUAL_TPb,0.000000000000e+00
6715,-2,LUQUAL_TPb,7.560191881597e-02
6715,-1,USQUBP_TPb,0.000000000000e+00
6715,-2,LUQUBP_TPb,0.000000000000e+00
6715,-3,PSQUAL_TPb,0.000000000000e+00
6715,-4,PSWDQUAL_TPb,0.000000000000e+00
6715,-4,PSDTQUAL_TPb,0.000000000000e+00
6715,-5,IRWDQUAL_TPb,0.000000000000e+00
6715,-7,INFILTQUAL_TPb,0.000000000000e+00
6715,-8,INFILTQUALTARGET_TPb,0.000000000000e+00
6715,0,ADTOT_TPb,0.000000000000e+00
6715,0,IQUAL_TPb,7.560191881597e-02
6715,0,ADQAL_TPb,0.000000000000e+00
6715,0,DSQAL_TPb,0.000000000000e+00
6715,0,DEPQAL_TPb,0.000000000000e+00
6715,0,SCRQAL_TPb,0.000000000000e+00
6715,1,QUAL_TPb,7.560191881597e-02
6715,1,QUBP_TPb,0.000000000000e+00
6715,0,DRAT_IGQL_TZn,3.267259374207e+00
6715,0,DRAT_OGQL_TZn,3.267259374207e+00
6715,-1,USQUAL_TZn,0.000000000000e+00
6715,-2,LUQUAL_TZn,3.267259374207e+00
6715,-1,USQUBP_TZn,0.000000000000e+00
6715,-2,LUQUBP_TZn,0.000000000000e+00
6715,-3,PSQUAL_TZn,0.000000000000e+00
6715,-4,PSWDQUAL_TZn,0.000000000000e+00
6715,-4,PSDTQUAL_TZn,0.000000000000e+00
6715,-5,IRWDQUAL_TZn,0.000000000000e+00
6715,-7,INFILTQUAL_TZn,0.000000000000e+00
6715,-8,INFILTQUALTARGET_TZn,0.000000000000e+00
6715,0,ADTOT_TZn,0.000000000000e+00
6715,0,IQUAL_TZn,3.267259374207e+00
6715,0,ADQAL_TZn,0.000000000000e+00
6715,0,DSQAL_TZn,0.000000000000e+00
6715,0,DEPQAL_TZn,0.000000000000e+00
6715,0,SCRQAL_TZn,0.000000000000e+00
6715,1,QUAL_TZn,3.267259374207e+00
6715,1,QUBP_TZn,0.000000000000e+00
6716,0,DRAT_IVOL,1.458659143698e+06
6716,0,DRAT_OVOL,1.458659143698e+06
6716,-1,USLINK,0.000000000000e+00
6716,-1,PCP,0.000000000000e+00
6716,-1,EVAP,0.000000000000e+00
6716,-1,INFILT,0.000000000000e+00
6716,-1,USIF,0.000000000000e+00
6716,-2,LUIF,1.458659143698e+06
6716,-1,USBP,0.000000000000e+00
6716,-2,LUBP,0.000000000000e+00
6716,-3,PSIF,0.000000000000e+00
6716,-4,PSWD,0.000000000000e+00
6716,-4,PSDT,0.000000000000e+00
6716,-5,IRWD,0.000000000000e+00
6716,0,IVOL,1.458659143698e+06
6716,1,RO,1.458659143698e+06
6716,1,BP,0.000000000000e+00
6716,0,DRAT_ISED_1,4.654952308565e-01
6716,0,DRAT_OSED_1,4.654952308565e-01
6716,-1,USSED_1,0.000000000000e+00
6716,-2,LUSED_1,4.654952308565e-01
6716,-1,USSBP_1,0.000000000000e+00
6716,-2,LUSBP_1,0.000000000000e+00
6716,-3,PSSED_1,0.000000000000e+00
6716,-4,PSWDSED_1,0.000000000000e+00
6716,-4,PSDTSED_1,0.000000000000e+00
6716,-5,IRWDSED_1,0.000000000000e+00
6716,0,ISED_1,4.654952308565e-01
6716,0,DEPSCR_1,0.000000000000e+00
6716,0,DEPMASS_1,0.000000000000e+00
6716,0,SCRMASS_1,0.000000000000e+00
6716,0,BEDSED_1,0.000000000000e+00
6716,1,ROSED_1,4.654952308565e-01
6716,1,BPSED_1,0.000000000000e+00
6716,0,DRAT_ISED_2,2.381322487285e+00
6716,0,DRAT_OSED_2,2.381322487285e+00
6716,-1,USSED_2,0.000000000000e+00
6716,-2,LUSED_2,2.381322487285e+00
6716,-1,USSBP_2,0.000000000000e+00
6716,-2,LUSBP_2,0.000000000000e+00
6716,-3,PSSED_2,0.000000000000e+00
6716,-4,PSWDSED_2,0.000000000000e+00
6716,-4,PSDTSED_2,0.000000000000e+00
6716,-5,IRWDSED_2,0.000000000000e+00
6716,0,ISED_2,2.381322487285e+00
6716,0,DEPSCR_2,0.000000000000e+00
6716,0,DEPMASS_2,0.000000000000e+00
6716,0,SCRMASS_2,0.000000000000e+00
6716,0,BEDSED_2,0.000000000000e+00
6716,1,ROSED_2,2.381322487285e+00
6716,1,BPSED_2,0.000000000000e+00
6716,0,DRAT_ISED_3,7.100185993920e-01
6716,0,DRAT_OSED_3,7.100185993920e-01
6716,-1,USSED_3,0.000000000000e+00
6716,-2,LUSED_3,7.100185993920e-01
6716,-1,USSBP_3,0.000000000000e+00
6716,-2,LUSBP_3,0.000000000000e+00
6716,-3,PSSED_3,0.000000000000e+00
6716,-4,PSWDSED_3,0.000000000000e+00
6716,-4,PSDTSED_3,0.000000000000e+00
6716,-5,IRWDSED_3,0.000000000000e+00
6716,0,ISED_3,7.100185993920e-01
6716,0,DEPSCR_3,0.000000000000e+00
6716,0,DEPMASS_3,0.000000000000e+00
6716,0,SCRMASS_3,0.000000000000e+00
6716,0,BEDSED_3,0.000000000000e+00
6716,1,ROSED_3,7.100185993920e-01
6716,1,BPSED_3,0.000000000000e+00
6716,0,DRAT_IGQL_TN,1.518454081452e+02
6716,0,DRAT_OGQL_TN,1.518454081452e+02
6716,-1,USQUAL_TN,0.000000000000e+00
6716,-2,LUQUAL_TN,1.518454081452e+02
6716,-1,USQUBP_TN,0.000000000000e+00
6716,-2,LUQUBP_TN,0.000000000000e+00
6716,-3,PSQUAL_TN,0.000000000000e+00
6716,-4,PSWDQUAL_TN,0.000000000000e+00
6716,-4,PSDTQUAL_TN,0.000000000000e+00
6716,-5,IRWDQUAL_TN,0.000000000000e+00
6716,-7,INFILTQUAL_TN,0.000000000000e+00
6716,-8,INFILTQUALTARGET_TN,0.000000000000e+00
6716,0,ADTOT_TN,0.000000000000e+00
6716,0,IQUAL_TN,1.518454081452e+02
6716,0,ADQAL_TN,0.000000000000e+00
6716,0,DSQAL_TN,0.000000000000e+00
6716,0,DEPQAL_TN,0.000000000000e+00
6716,0,SCRQAL_TN,0.000000000000e+00
6716,1,QUAL_TN,1.518454081452e+02
6716,1,QUBP_TN,0.000000000000e+00
6716,0,DRAT_IGQL_TP,2.292216872767e+01
6716,0,DRAT_OGQL_TP,2.292216872767e+01
6716,-1,USQUAL_TP,0.000000000000e+00
6716,-2,LUQUAL_TP,2.292216872767e+01
6716,-1,USQUBP_TP,0.000000000000e+00
6716,-2,LUQUBP_TP,0.000000000000e+00
6716,-3,PSQUAL_TP,0.000000000000e+00
6716,-4,PSWDQUAL_TP,0.000000000000e+00
6716,-4,PSDTQUAL_TP,0.000000000000e+00
6716,-5,IRWDQUAL_TP,0.000000000000e+00
6716,-7,INFILTQUAL_TP,0.000000000000e+00
6716,-8,INFILTQUALTARGET_TP,0.000000000000e+00
6716,0,ADTOT_TP,0.000000000000e+00
6716,0,IQUAL_TP,2.292216872767e+01
6716,0,ADQAL_TP,0.000000000000e+00
6716,0,DSQAL_TP,0.000000000000e+00
6716,0,DEPQAL_TP,0.000000000000e+00
6716,0,SCRQAL_TP,0.000000000000e+00
6716,1,QUAL_TP,2.292216872767e+01
6716,1,QUBP_TP,0.000000000000e+00
6716,0,DRAT_IGQL_TCd,2.948329855551e-02
6716,0,DRAT_OGQL_TCd,2.948329855551e-02
6716,-1,USQUAL_TCd,0.000000000000e+00
6716,-2,LUQUAL_TCd,2.948329855551e-02
6716,-1,USQUBP_TCd,0.000000000000e+00
6716,-2,LUQUBP_TCd,0.000000000000e+00
6716,-3,PSQUAL_TCd,0.000000000000e+00
6716,-4,PSWDQUAL_TCd,0.000000000000e+00
6716,-4,PSDTQUAL_TCd,0.000000000000e+00
6716,-5,IRWDQUAL_TCd,0.000000000000e+00
6716,-7,INFILTQUAL_TCd,0.000000000000e+00
6716,-8,INFILTQUALTARGET_TCd,0.000000000000e+00
6716,0,ADTOT_TCd,0.000000000000e+00
6716,0,IQUAL_TCd,2.948329855551e-02
6716,0,ADQAL_TCd,0.000000000000e+00
6716,0,DSQAL_TCd,0.000000000000e+00
6716,0,DEPQAL_TCd,0.000000000000e+00
6716,0,SCRQAL_TCd,0.000000000000e+00
6716,1,QUAL_TCd,2.948329855551e-02
6716,1,QUBP_TCd,0.000000000000e+00
6716,0,DRAT_IGQL_TCu,2.970362093065e+00
6716,0,DRAT_OGQL_TCu,2.970362093065e+00
6716,-1,USQUAL_TCu,0.000000000000e+00
6716,-2,LUQUAL_TCu,2.970362093065e+00
6716,-1,USQUBP_TCu,0.000000000000e+00
6716,-2,LUQUBP_TCu,0.000000000000e+00
6716,-3,PSQUAL_TCu,0.000000000000e+00
6716,-4,PSWDQUAL_TCu,0.000000000000e+00
6716,-4,PSDTQUAL_TCu,0.000000000000e+00
6716,-5,IRWDQUAL_TCu,0.000000000000e+00
6716,-7,INFILTQUAL_TCu,0.000000000000e+00
6716,-8,INFILTQUALTARGET_TCu,0.000000000000e+00
6716,0,ADTOT_TCu,0.000000000000e+00
6716,0,IQUAL_TCu,2.970362093065e+00
6716,0,ADQAL_TCu,0.000000000000e+00
6716,0,DSQAL_TCu,0.000000000000e+00
6716,0,DEPQAL_TCu,0.000000000000e+00
6716,0,SCRQAL_TCu,0.000000000000e+00
6716,1,QUAL_TCu,2.970362093065e+00
6716,1,QUBP_TCu,0.000000000000e+00
6716,0,DRAT_IGQL_TPb,8.980111539963e-01
6716,0,DRAT_OGQL_TPb,8.980111539963e-01
6716,-1,USQUAL_TPb,0.000000000000e+00
6716,-2,LUQUAL_TPb,8.980111539963e-01
6716,-1,USQUBP_TPb,0.000000000000e+00
6716,-2,LUQUBP_TPb,0.000000000000e+00
6716,-3,PSQUAL_TPb,0.000000000000e+00
6716,-4,PSWDQUAL_TPb,0.000000000000e+00
6716,-4,PSDTQUAL_TPb,0.000000000000e+00
6716,-5,IRWDQUAL_TPb,0.000000000000e+00
6716,-7,INFILTQUAL_TPb,0.000000000000e+00
6716,-8,INFILTQUALTARGET_TPb,0.000000000000e+00
6716,0,ADTOT_TPb,0.000000000000e+00
6716,0,IQUAL_TPb,8.980111539963e-01
6716,0,ADQAL_TPb,0.000000000000e+00
6716,0,DSQAL_TPb,0.000000000000e+00
6716,0,DEPQAL_TPb,0.000000000000e+00
6716,0,SCRQAL_TPb,0.000000000000e+00
6716,1,QUAL_TPb,8.980111539963e-01
6716,1,QUBP_TPb,0.000000000000e+00
6716,0,DRAT_IGQL_TZn,1.343937094540e+01
6716,0,DRAT_OGQL_TZn,1.343937094540e+01
6716,-1,USQUAL_TZn,0.000000000000e+00
6716,-2,LUQUAL_TZn,1.343937094540e+01
6716,-1,USQUBP_TZn,0.000000000000e+00
6716,-2,LUQUBP_TZn,0.000000000000e+00
6716,-3,PSQUAL_TZn,0.000000000000e+00
6716,-4,PSWDQUAL_TZn,0.000000000000e+00
6716,-4,PSDTQUAL_TZn,0.000000000000e+00
6716,-5,IRWDQUAL_TZn,0.000000000000e+00
6716,-7,INFILTQUAL_TZn,0.000000000000e+00
6716,-8,INFILTQUALTARGET_TZn,0.000000000000e+00
6716,0,ADTOT_TZn,0.000000000000e+00
6716,0,IQUAL_TZn,1.343937094540e+01
6716,0,ADQAL_TZn,0.000000000000e+00
6716,0,DSQAL_TZn,0.000000000000e+00
6716,0,DEPQAL_TZn,0.000000000000e+00
6716,0,SCRQAL_TZn,0.000000000000e+00
6716,1,QUAL_TZn,1.343937094540e+01
6716,1,QUBP_TZn,0.000000000000e+00
6718,0,DRAT_IVOL,9.977840059724e+05
6718,0,DRAT_OVOL,9.977840059724e+05
6718,-1,USLINK,0.000000000000e+00
6718,-1,PCP,0.000000000000e+00
6718,-1,EVAP,0.000000000000e+00
6718,-1,INFILT,0.000000000000e+00
6718,-1,USIF,0.000000000000e+00
6718,-2,LUIF,9.977840059724e+05
6718,-1,USBP,0.000000000000e+00
6718,-2,LUBP,0.000000000000e+00
6718,-3,PSIF,0.000000000000e+00
6718,-4,PSWD,0.000000000000e+00
6718,-4,PSDT,0.000000000000e+00
6718,-5,IRWD,0.000000000000e+00
6718,0,IVOL,9.977840059724e+05
6718,1,RO,9.977840059724e+05
6718,1,BP,0.000000000000e+00
6718,0,DRAT_ISED_1,8.756967927595e-01
6718,0,DRAT_OSED_1,8.756967927595e-01
6718,-1,USSED_1,0.000000000000e+00
6718,-2,LUSED_1,8.756967927595e-01
6718,-1,USSBP_1,0.000000000000e+00
6718,-2,LUSBP_1,0.000000000000e+00
6718,-3,PSSED_1,0.000000000000e+00
6718,-4,PSWDSED_1,0.000000000000e+00
6718,-4,PSDTSED_1,0.000000000000e+00
6718,-5,IRWDSED_1,0.000000000000e+00
6718,0,ISED_1,8.756967927595e-01
6718,0,DEPSCR_1,0.000000000000e+00
6718,0,DEPMASS_1,0.000000000000e+00
6718,0,SCRMASS_1,0.000000000000e+00
6718,0,BEDSED_1,0.000000000000e+00
6718,1,ROSED_1,8.756967927595e-01
6718,1,BPSED_1,0.000000000000e+00
6718,0,DRAT_ISED_2,3.899868577977e-01
6718,0,DRAT_OSED_2,3.899868577977e-01
6718,-1,USSED_2,0.000000000000e+00
6718,-2,LUSED_2,3.899868577977e-01
6718,-1,USSBP_2,0.000000000000e+00
6718,-2,LUSBP_2,0.000000000000e+00
6718,-3,PSSED_2,0.000000000000e+00
6718,-4,PSWDSED_2,0.000000000000e+00
6718,-4,PSDTSED_2,0.000000000000e+00
6718,-5,IRWDSED_2,0.000000000000e+00
6718,0,ISED_2,3.899868577977e-01
6718,0,DEPSCR_2,0.000000000000e+00
6718,0,DEPMASS_2,0.000000000000e+00
6718,0,SCRMASS_2,0.000000000000e+00
6718,0,BEDSED_2,0.000000000000e+00
6718,1,ROSED_2,3.899868577977e-01
6718,1,BPSED_2,0.000000000000e+00
6718,0,DRAT_ISED_3,3.245934959329e-01
6718,0,DRAT_OSED_3,3.245934959329e-01
6718,-1,USSED_3,0.000000000000e+00
6718,-2,LUSED_3,3.245934959329e-01
6718,-1,USSBP_3,0.000000000000e+00
6718,-2,LUSBP_3,0.000000000000e+00
6718,-3,PSSED_3,0.000000000000e+00
6718,-4,PSWDSED_3,0.000000000000e+00
6718,-4,PSDTSED_3,0.000000000000e+00
6718,-5,IRWDSED_3,0.000000000000e+00
6718,0,ISED_3,3.245934959329e-01
6718,0,DEPSCR_3,0.000000000000e+00
6718,0,DEPMASS_3,0.000000000000e+00
6718,0,SCRMASS_3,0.000000000000e+00
6718,0,BEDSED_3,0.000000000000e+00
6718,1,ROSED_3,3.245934959329e-01
6718,1,BPSED_3,0.000000000000e+00
6718,0,DRAT_IGQL_TN,6.030009701710e+01
6718,0,DRAT_OGQL_TN,6.030009701710e+01
6718,-1,USQUAL_TN,0.000000000000e+00
6718,-2,LUQUAL_TN,6.030009701710e+01
6718,-1,USQUBP_TN,0.000000000000e+00
6718,-2,LUQUBP_TN,0.000000000000e+00
6718,-3,PSQUAL_TN,0.000000000000e+00
6718,-4,PSWDQUAL_TN,0.000000000000e+00
6718,-4,PSDTQUAL_TN,0.000000000000e+00
6718,-5,IRWDQUAL_TN,0.000000000000e+00
6718,-7,INFILTQUAL_TN,0.000000000000e+00
6718,-8,INFILTQUALTARGET_TN,0.000000000000e+00
6718,0,ADTOT_TN,0.000000000000e+00
6718,0,IQUAL_TN,6.030009701710e+01
6718,0,ADQAL_TN,0.000000000000e+00
6718,0,DSQAL_TN,0.000000000000e+00
6718,0,DEPQAL_TN,0.000000000000e+00
6718,0,SCRQAL_TN,0.000000000000e+00
6718,1,QUAL_TN,6.030009701710e+01
6718,1,QUBP_TN,0.000000000000e+00
6718,0,DRAT_IGQL_TP,1.293093224964e+01
6718,0,DRAT_OGQL_TP,1.293093224964e+01
6718,-1,USQUAL_TP,0.000000000000e+00
6718,-2,LUQUAL_TP,1.293093224964e+01
6718,-1,USQUBP_TP,0.000000000000e+00
6718,-2,LUQUBP_TP,0.000000000000e+00
6718,-3,PSQUAL_TP,0.000000000000e+00
6718,-4,PSWDQUAL_TP,0.000000000000e+00
6718,-4,PSDTQUAL_TP,0.000000000000e+00
6718,-5,IRWDQUAL_TP,0.000000000000e+00
6718,-7,INFILTQUAL_TP,0.000000000000e+00
6718,-8,INFILTQUALTARGET_TP,0.000000000000e+00
6718,0,ADTOT_TP,0.000000000000e+00
6718,0,IQUAL_TP,1.293093224964e+01
6718,0,ADQAL_TP,0.000000000000e+00
6718,0,DSQAL_TP,0.000000000000e+00
6718,0,DEPQAL_TP,0.000000000000e+00
6718,0,SCRQAL_TP,0.000000000000e+00
6718,1,QUAL_TP,1.293093224964e+01
6718,1,QUBP_TP,0.000000000000e+00
6718,0,DRAT_IGQL_TCd,2.557453012666e-03
6718,0,DRAT_OGQL_TCd,2.557453012666e-03
6718,-1,USQUAL_TCd,0.000000000000e+00
6718,-2,LUQUAL_TCd,2.557453012666e-03
6718,-1,USQUBP_TCd,0.000000000000e+00
6718,-2,LUQUBP_TCd,0.000000000000e+00
6718,-3,PSQUAL_TCd,0.000000000000e+00
6718,-4,PSWDQUAL_TCd,0.000000000000e+00
6718,-4,PSDTQUAL_TCd,0.000000000000e+00
6718,-5,IRWDQUAL_TCd,0.000000000000e+00
6718,-7,INFILTQUAL_TCd,0.000000000000e+00
6718,-8,INFILTQUALTARGET_TCd,0.000000000000e+00
6718,0,ADTOT_TCd,0.000000000000e+00
6718,0,IQUAL_TCd,2.557453012666e-03
6718,0,ADQAL_TCd,0.000000000000e+00
6718,0,DSQAL_TCd,0.000000000000e+00
6718,0,DEPQAL_TCd,0.000000000000e+00
6718,0,SCRQAL_TCd,0.000000000000e+00
6718,1,QUAL_TCd,2.557453012666e-03
6718,1,QUBP_TCd,0.000000000000e+00
6718,0,DRAT_IGQL_TCu,2.595072715093e-01
6718,0,DRAT_OGQL_TCu,2.595072715093e-01
6718,-1,USQUAL_TCu,0.000000000000e+00
6718,-2,LUQUAL_TCu,2.595072715093e-01
6718,-1,USQUBP_TCu,0.000000000000e+00
6718,-2,LUQUBP_TCu,0.000000000000e+00
6718,-3,PSQUAL_TCu,0.000000000000e+00
6718,-4,PSWDQUAL_TCu,0.000000000000e+00
6718,-4,PSDTQUAL_TCu,0.000000000000e+00
6718,-5,IRWDQUAL_TCu,0.000000000000e+00
6718,-7,INFILTQUAL_TCu,0.000000000000e+00
6718,-8,INFILTQUALTARGET_TCu,0.000000000000e+00
6718,0,ADTOT_TCu,0.000000000000e+00
6718,0,IQUAL_TCu,2.595072715093e-01
6718,0,ADQAL_TCu,0.000000000000e+00
6718,0,DSQAL_TCu,0.000000000000e+00
6718,0,DEPQAL_TCu,0.000000000000e+00
6718,0,SCRQAL_TCu,0.000000000000e+00
6718,1,QUAL_TCu,2.595072715093e-01
6718,1,QUBP_TCu,0.000000000000e+00
6718,0,DRAT_IGQL_TPb,5.606472691534e-02
6718,0,DRAT_OGQL_TPb,5.606472691534e-02
6718,-1,USQUAL_TPb,0.000000000000e+00
6718,-2,LUQUAL_TPb,5.606472691534e-02
6718,-1,USQUBP_TPb,0.000000000000e+00
6718,-2,LUQUBP_TPb,0.000000000000e+00
6718,-3,PSQUAL_TPb,0.000000000000e+00
6718,-4,PSWDQUAL_TPb,0.000000000000e+00
6718,-4,PSDTQUAL_TPb,0.000000000000e+00
6718,-5,IRWDQUAL_TPb,0.000000000000e+00
6718,-7,INFILTQUAL_TPb,0.000000000000e+00
6718,-8,INFILTQUALTARGET_TPb,0.000000000000e+00
6718,0,ADTOT_TPb,0.000000000000e+00
6718,0,IQUAL_TPb,5.606472691534e-02
6718,0,ADQAL_TPb,0.000000000000e+00
6718,0,DSQAL_TPb,0.000000000000e+00
6718,0,DEPQAL_TPb,0.000000000000e+00
6718,0,SCRQAL_TPb,0.000000000000e+00
6718,1,QUAL_TPb,5.606472691534e-02
6718,1,QUBP_TPb,0.000000000000e+00
6718,0,DRAT_IGQL_TZn,3.457276716998e+00
6718,0,DRAT_OGQL_TZn,3.457276716998e+00
6718,-1,USQUAL_TZn,0.000000000000e+00
6718,-2,LUQUAL_TZn,3.457276716998e+00
6718,-1,USQUBP_TZn,0.000000000000e+00
6718,-2,LUQUBP_TZn,0.000000000000e+00
6718,-3,PSQUAL_TZn,0.000000000000e+00
6718,-4,PSWDQUAL_TZn,0.000000000000e+00
6718,-4,PSDTQUAL_TZn,0.000000000000e+00
6718,-5,IRWDQUAL_TZn,0.000000000000e+00
6718,-7,INFILTQUAL_TZn,0.000000000000e+00
6718,-8,INFILTQUALTARGET_TZn,0.000000000000e+00
6718,0,ADTOT_TZn,0.000000000000e+00
6718,0,IQUAL_TZn,3.457276716998e+00
6718,0,ADQAL_TZn,0.000000000000e+00
6718,0,DSQAL_TZn,0.000000000000e+00
6718,0,DEPQAL_TZn,0.000000000000e+00
6718,0,SCRQAL_TZn,0.000000000000e+00
6718,1,QUAL_TZn,3.457276716998e+00
6718,1,QUBP_TZn,0.000000000000e+00
6722,0,DRAT_IVOL,1.050276533940e+07
6722,0,DRAT_OVOL,1.050276533940e+07
6722,-1,USLINK,0.000000000000e+00
6722,-1,PCP,0.000000000000e+00
6722,-1,EVAP,0.000000000000e+00
6722,-1,INFILT,0.000000000000e+00
6722,-1,USIF,0.000000000000e+00
6722,-2,LUIF,1.050276533940e+07
6722,-1,USBP,0.000000000000e+00
6722,-2,LUBP,0.000000000000e+00
6722,-3,PSIF,0.000000000000e+00
6722,-4,PSWD,0.000000000000e+00
6722,-4,PSDT,0.000000000000e+00
6722,-5,IRWD,0.000000000000e+00
6722,0,IVOL,1.050276533940e+07
6722,1,RO,1.050276533940e+07
6722,1,BP,0.000000000000e+00
6722,0,DRAT_ISED_1,7.637220574839e+01
6722,0,DRAT_OSED_1,7.637220574839e+01
6722,-1,USSED_1,0.000000000000e+00
6722,-2,LUSED_1,7.637220574839e+01
6722,-1,USSBP_1,0.000000000000e+00
6722,-2,LUSBP_1,0.000000000000e+00
6722,-3,PSSED_1,0.000000000000e+00
6722,-4,PSWDSED_1,0.000000000000e+00
6722,-4,PSDTSED_1,0.000000000000e+00
6722,-5,IRWDSED_1,0.000000000000e+00
6722,0,ISED_1,7.637220574839e+01
6722,0,DEPSCR_1,0.000000000000e+00
6722,0,DEPMASS_1,0.000000000000e+00
6722,0,SCRMASS_1,0.000000000000e+00
6722,0,BEDSED_1,0.000000000000e+00
6722,1,ROSED_1,7.637220574839e+01
6722,1,BPSED_1,0.000000000000e+00
6722,0,DRAT_ISED_2,2.553880509242e+01
6722,0,DRAT_OSED_2,2.553880509242e+01
6722,-1,USSED_2,0.000000000000e+00
6722,-2,LUSED_2,2.553880509242e+01
6722,-1,USSBP_2,0.000000000000e+00
6722,-2,LUSBP_2,0.000000000000e+00
6722,-3,PSSED_2,0.000000000000e+00
6722,-4,PSWDSED_2,0.000000000000e+00
6722,-4,PSDTSED_2,0.000000000000e+00
6722,-5,IRWDSED_2,0.000000000000e+00
6722,0,ISED_2,2.553880509242e+01
6722,0,DEPSCR_2,0.000000000000e+00
6722,0,DEPMASS_2,0.000000000000e+00
6722,0,SCRMASS_2,0.000000000000e+00
6722,0,BEDSED_2,0.000000000000e+00
6722,1,ROSED_2,2.553880509242e+01
6722,1,BPSED_2,0.000000000000e+00
6722,0,DRAT_ISED_3,2.553880509242e+01
6722,0,DRAT_OSED_3,2.553880509242e+01
6722,-1,USSED_3,0.000000000000e+00
6722,-2,LUSED_3,2.553880509242e+01
6722,-1,USSBP_3,0.000000000000e+00
6722,-2,LUSBP_3,0.000000000000e+00
6722,-3,PSSED_3,0.000000000000e+00
6722,-4,PSWDSED_3,0.000000000000e+00
6722,-4,PSDTSED_3,0.000000000000e+00
6722,-5,IRWDSED_3,0.000000000000e+00
6722,0,ISED_3,2.553880509242e+01
6722,0,DEPSCR_3,0.000000000000e+00
6722,0,DEPMASS_3,0.000000000000e+00
6722,0,SCRMASS_3,0.000000000000e+00
6722,0,BEDSED_3,0.000000000000e+00
6722,1,ROSED_3,2.553880509242e+01
6722,1,BPSED_3,0.000000000000e+00
6722,0,DRAT_IGQL_TN,6.048320153369e+02
6722,0,DRAT_OGQL_TN,6.048320153369e+02
6722,-1,USQUAL_TN,0.000000000000e+00
6722,-2,LUQUAL_TN,6.048320153369e+02
6722,-1,USQUBP_TN,0.000000000000e+00
6722,-2,LUQUBP_TN,0.000000000000e+00
6722,-3,PSQUAL_TN,0.000000000000e+00
6722,-4,PSWDQUAL_TN,0.000000000000e+00
6722,-4,PSDTQUAL_TN,0.000000000000e+00
6722,-5,IRWDQUAL_TN,0.000000000000e+00
6722,-7,INFILTQUAL_TN,0.000000000000e+00
6722,-8,INFILTQUALTARGET_TN,0.000000000000e+00
6722,0,ADTOT_TN,0.000000000000e+00
6722,0,IQUAL_TN,6.048320153369e+02
6722,0,ADQAL_TN,0.000000000000e+00
6722,0,DSQAL_TN,0.000000000000e+00
6722,0,DEPQAL_TN,0.000000000000e+00
6722,0,SCRQAL_TN,0.000000000000e+00
6722,1,QUAL_TN,6.048320153369e+02
6722,1,QUBP_TN,0.000000000000e+00
6722,0,DRAT_IGQL_TP,3.196969848080e+02
6722,0,DRAT_OGQL_TP,3.196969848080e+02
6722,-1,USQUAL_TP,0.000000000000e+00
6722,-2,LUQUAL_TP,3.196969848080e+02
6722,-1,USQUBP_TP,0.000000000000e+00
6722,-2,LUQUBP_TP,0.000000000000e+00
6722,-3,PSQUAL_TP,0.000000000000e+00
6722,-4,PSWDQUAL_TP,0.000000000000e+00
6722,-4,PSDTQUAL_TP,0.000000000000e+00
6722,-5,IRWDQUAL_TP,0.000000000000e+00
6722,-7,INFILTQUAL_TP,0.000000000000e+00
6722,-8,INFILTQUALTARGET_TP,0.000000000000e+00
6722,0,ADTOT_TP,0.000000000000e+00
6722,0,IQUAL_TP,3.196969848080e+02
6722,0,ADQAL_TP,0.000000000000e+00
6722,0,DSQAL_TP,0.000000000000e+00
6722,0,DEPQAL_TP,0.000000000000e+00
6722,0,SCRQAL_TP,0.000000000000e+00
6722,1,QUAL_TP,3.196969848080e+02
6722,1,QUBP_TP,0.000000000000e+00
6722,0,DRAT_IGQL_TCd,1.272893158253e-01
6722,0,DRAT_OGQL_TCd,1.272893158253e-01
6722,-1,USQUAL_TCd,0.000000000000e+00
6722,-2,LUQUAL_TCd,1.272893158253e-01
6722,-1,USQUBP_TCd,0.000000000000e+00
6722,-2,LUQUBP_TCd,0.000000000000e+00
6722,-3,PSQUAL_TCd,0.000000000000e+00
6722,-4,PSWDQUAL_TCd,0.000000000000e+00
6722,-4,PSDTQUAL_TCd,0.000000000000e+00
6722,-5,IRWDQUAL_TCd,0.000000000000e+00
6722,-7,INFILTQUAL_TCd,0.000000000000e+00
6722,-8,INFILTQUALTARGET_TCd,0.000000000000e+00
6722,0,ADTOT_TCd,0.000000000000e+00
6722,0,IQUAL_TCd,1.272893158253e-01
6722,0,ADQAL_TCd,0.000000000000e+00
6722,0,DSQAL_TCd,0.000000000000e+00
6722,0,DEPQAL_TCd,0.000000000000e+00
6722,0,SCRQAL_TCd,0.000000000000e+00
6722,1,QUAL_TCd,1.272893158253e-01
6722,1,QUBP_TCd,0.000000000000e+00
6722,0,DRAT_IGQL_TCu,1.272893158253e+01
6722,0,DRAT_OGQL_TCu,1.272893158253e+01
6722,-1,USQUAL_TCu,0.000000000000e+00
6722,-2,LUQUAL_TCu,1.272893158253e+01
6722,-1,USQUBP_TCu,0.000000000000e+00
6722,-2,LUQUBP_TCu,0.000000000000e+00
6722,-3,PSQUAL_TCu,0.000000000000e+00
6722,-4,PSWDQUAL_TCu,0.000000000000e+00
6722,-4,PSDTQUAL_TCu,0.000000000000e+00
6722,-5,IRWDQUAL_TCu,0.000000000000e+00
6722,-7,INFILTQUAL_TCu,0.000000000000e+00
6722,-8,INFILTQUALTARGET_TCu,0.000000000000e+00
6722,0,ADTOT_TCu,0.000000000000e+00
6722,0,IQUAL_TCu,1.272893158253e+01
6722,0,ADQAL_TCu,0.000000000000e+00
6722,0,DSQAL_TCu,0.000000000000e+00
6722,0,DEPQAL_TCu,0.000000000000e+00
6722,0,SCRQAL_TCu,0.000000000000e+00
6722,1,QUAL_TCu,1.272893158253e+01
6722,1,QUBP_TCu,0.000000000000e+00
6722,0,DRAT_IGQL_TPb,1.272871244764e+00
6722,0,DRAT_OGQL_TPb,1.272871244764e+00
6722,-1,USQUAL_TPb,0.000000000000e+00
6722,-2,LUQUAL_TPb,1.272871244764e+00
6722,-1,USQUBP_TPb,0.000000000000e+00
6722,-2,LUQUBP_TPb,0.000000000000e+00
6722,-3,PSQUAL_TPb,0.000000000000e+00
6722,-4,PSWDQUAL_TPb,0.000000000000e+00
6722,-4,PSDTQUAL_TPb,0.000000000000e+00
6722,-5,IRWDQUAL_TPb,0.000000000000e+00
6722,-7,INFILTQUAL_TPb,0.000000000000e+00
6722,-8,INFILTQUALTARGET_TPb,0.000000000000e+00
6722,0,ADTOT_TPb,0.000000000000e+00
6722,0,IQUAL_TPb,1.272871244764e+00
6722,0,ADQAL_TPb,0.000000000000e+00
6722,0,DSQAL_TPb,0.000000000000e+00
6722,0,DEPQAL_TPb,0.000000000000e+00
6722,0,SCRQAL_TPb,0.000000000000e+00
6722,1,QUAL_TPb,1.272871244764e+00
6722,1,QUBP_TPb,0.000000000000e+00
6722,0,DRAT_IGQL_TZn,1.022073968259e+02
6722,0,DRAT_OGQL_TZn,1.022073968259e+02
6722,-1,USQUAL_TZn,0.000000000000e+00
6722,-2,LUQUAL_TZn,1.022073968259e+02
6722,-1,USQUBP_TZn,0.000000000000e+00
6722,-2,LUQUBP_TZn,0.000000000000e+00
6722,-3,PSQUAL_TZn,0.000000000000e+00
6722,-4,PSWDQUAL_TZn,0.000000000000e+00
6722,-4,PSDTQUAL_TZn,0.000000000000e+00
6722,-5,IRWDQUAL_TZn,0.000000000000e+00
6722,-7,INFILTQUAL_TZn,0.000000000000e+00
6722,-8,INFILTQUALTARGET_TZn,0.000000000000e+00
6722,0,ADTOT_TZn,0.000000000000e+00
6722,0,IQUAL_TZn,1.022073968259e+02
6722,0,ADQAL_TZn,0.000000000000e+00
6722,0,DSQAL_TZn,0.000000000000e+00
6722,0,DEPQAL_TZn,0.000000000000e+00
6722,0,SCRQAL_TZn,0.000000000000e+00
6722,1,QUAL_TZn,1.022073968259e+02
6722,1,QUBP_TZn,0.000000000000e+00
6724,0,DRAT_IVOL,1.307788001106e+07
6724,0,DRAT_OVOL,1.307788001106e+07
6724,-1,USLINK,0.000000000000e+00
6724,-1,PCP,0.000000000000e+00
6724,-1,EVAP,0.000000000000e+00
6724,-1,INFILT,0.000000000000e+00
6724,-1,USIF,0.000000000000e+00
6724,-2,LUIF,1.307788001106e+07
6724,-1,USBP,0.000000000000e+00
6724,-2,LUBP,0.000000000000e+00
6724,-3,PSIF,0.000000000000e+00
6724,-4,PSWD,0.000000000000e+00
6724,-4,PSDT,0.000000000000e+00
6724,-5,IRWD,0.000000000000e+00
6724,0,IVOL,1.307788001106e+07
6724,1,RO,1.307788001106e+07
6724,1,BP,0.000000000000e+00
6724,0,DRAT_ISED_1,2.955482199189e+02
6724,0,DRAT_OSED_1,2.955482199189e+02
6724,-1,USSED_1,0.000000000000e+00
6724,-2,LUSED_1,2.955482199189e+02
6724,-1,USSBP_1,0.000000000000e+00
6724,-2,LUSBP_1,0.000000000000e+00
6724,-3,PSSED_1,0.000000000000e+00
6724,-4,PSWDSED_1,0.000000000000e+00
6724,-4,PSDTSED_1,0.000000000000e+00
6724,-5,IRWDSED_1,0.000000000000e+00
6724,0,ISED_1,2.955482199189e+02
6724,0,DEPSCR_1,0.000000000000e+00
6724,0,DEPMASS_1,0.000000000000e+00
6724,0,SCRMASS_1,0.000000000000e+00
6724,0,BEDSED_1,0.000000000000e+00
6724,1,ROSED_1,2.955482199189e+02
6724,1,BPSED_1,0.000000000000e+00
6724,0,DRAT_ISED_2,9.864103851222e+01
6724,0,DRAT_OSED_2,9.864103851222e+01
6724,-1,USSED_2,0.000000000000e+00
6724,-2,LUSED_2,9.864103851222e+01
6724,-1,USSBP_2,0.000000000000e+00
6724,-2,LUSBP_2,0.000000000000e+00
6724,-3,PSSED_2,0.000000000000e+00
6724,-4,PSWDSED_2,0.000000000000e+00
6724,-4,PSDTSED_2,0.000000000000e+00
6724,-5,IRWDSED_2,0.000000000000e+00
6724,0,ISED_2,9.864103851222e+01
6724,0,DEPSCR_2,0.000000000000e+00
6724,0,DEPMASS_2,0.000000000000e+00
6724,0,SCRMASS_2,0.000000000000e+00
6724,0,BEDSED_2,0.000000000000e+00
6724,1,ROSED_2,9.864103851222e+01
6724,1,BPSED_2,0.000000000000e+00
6724,0,DRAT_ISED_3,9.860346765713e+01
6724,0,DRAT_OSED_3,9.860346765713e+01
6724,-1,USSED_3,0.000000000000e+00
6724,-2,LUSED_3,9.860346765713e+01
6724,-1,USSBP_3,0.000000000000e+00
6724,-2,LUSBP_3,0.000000000000e+00
6724,-3,PSSED_3,0.000000000000e+00
6724,-4,PSWDSED_3,0.000000000000e+00
6724,-4,PSDTSED_3,0.000000000000e+00
6724,-5,IRWDSED_3,0.000000000000e+00
6724,0,ISED_3,9.860346765713e+01
6724,0,DEPSCR_3,0.000000000000e+00
6724,0,DEPMASS_3,0.000000000000e+00
6724,0,SCRMASS_3,0.000000000000e+00
6724,0,BEDSED_3,0.000000000000e+00
6724,1,ROSED_3,9.860346765713e+01
6724,1,BPSED_3,0.000000000000e+00
6724,0,DRAT_IGQL_TN,7.501692199016e+02
6724,0,DRAT_OGQL_TN,7.501692199016e+02
6724,-1,USQUAL_TN,0.000000000000e+00
6724,-2,LUQUAL_TN,7.501692199016e+02
6724,-1,USQUBP_TN,0.000000000000e+00
6724,-2,LUQUBP_TN,0.000000000000e+00
6724,-3,PSQUAL_TN,0.000000000000e+00
6724,-4,PSWDQUAL_TN,0.000000000000e+00
6724,-4,PSDTQUAL_TN,0.000000000000e+00
6724,-5,IRWDQUAL_TN,0.000000000000e+00
6724,-7,INFILTQUAL_TN,0.000000000000e+00
6724,-8,INFILTQUALTARGET_TN,0.000000000000e+00
6724,0,ADTOT_TN,0.000000000000e+00
6724,0,IQUAL_TN,7.501692199016e+02
6724,0,ADQAL_TN,0.000000000000e+00
6724,0,DSQAL_TN,0.000000000000e+00
6724,0,DEPQAL_TN,0.000000000000e+00
6724,0,SCRQAL_TN,0.000000000000e+00
6724,1,QUAL_TN,7.501692199016e+02
6724,1,QUBP_TN,0.000000000000e+00
6724,0,DRAT_IGQL_TP,1.045544842230e+03
6724,0,DRAT_OGQL_TP,1.045544842230e+03
6724,-1,USQUAL_TP,0.000000000000e+00
6724,-2,LUQUAL_TP,1.045544842230e+03
6724,-1,USQUBP_TP,0.000000000000e+00
6724,-2,LUQUBP_TP,0.000000000000e+00
6724,-3,PSQUAL_TP,0.000000000000e+00
6724,-4,PSWDQUAL_TP,0.000000000000e+00
6724,-4,PSDTQUAL_TP,0.000000000000e+00
6724,-5,IRWDQUAL_TP,0.000000000000e+00
6724,-7,INFILTQUAL_TP,0.000000000000e+00
6724,-8,INFILTQUALTARGET_TP,0.000000000000e+00
6724,0,ADTOT_TP,0.000000000000e+00
6724,0,IQUAL_TP,1.045544842230e+03
6724,0,ADQAL_TP,0.000000000000e+00
6724,0,DSQAL_TP,0.000000000000e+00
6724,0,DEPQAL_TP,0.000000000000e+00
6724,0,SCRQAL_TP,0.000000000000e+00
6724,1,QUAL_TP,1.045544842230e+03
6724,1,QUBP_TP,0.000000000000e+00
6724,0,DRAT_IGQL_TCd,4.941059494388e-01
6724,0,DRAT_OGQL_TCd,4.941059494388e-01
6724,-1,USQUAL_TCd,0.000000000000e+00
6724,-2,LUQUAL_TCd,4.941059494388e-01
6724,-1,USQUBP_TCd,0.000000000000e+00
6724,-2,LUQUBP_TCd,0.000000000000e+00
6724,-3,PSQUAL_TCd,0.000000000000e+00
6724,-4,PSWDQUAL_TCd,0.000000000000e+00
6724,-4,PSDTQUAL_TCd,0.000000000000e+00
6724,-5,IRWDQUAL_TCd,0.000000000000e+00
6724,-7,INFILTQUAL_TCd,0.000000000000e+00
6724,-8,INFILTQUALTARGET_TCd,0.000000000000e+00
6724,0,ADTOT_TCd,0.000000000000e+00
6724,0,IQUAL_TCd,4.941059494388e-01
6724,0,ADQAL_TCd,0.000000000000e+00
6724,0,DSQAL_TCd,0.000000000000e+00
6724,0,DEPQAL_TCd,0.000000000000e+00
6724,0,SCRQAL_TCd,0.000000000000e+00
6724,1,QUAL_TCd,4.941059494388e-01
6724,1,QUBP_TCd,0.000000000000e+00
6724,0,DRAT_IGQL_TCu,4.941099465007e+01
6724,0,DRAT_OGQL_TCu,4.941099465007e+01
6724,-1,USQUAL_TCu,0.000000000000e+00
6724,-2,LUQUAL_TCu,4.941099465007e+01
6724,-1,USQUBP_TCu,0.000000000000e+00
6724,-2,LUQUBP_TCu,0.000000000000e+00
6724,-3,PSQUAL_TCu,0.000000000000e+00
6724,-4,PSWDQUAL_TCu,0.000000000000e+00
6724,-4,PSDTQUAL_TCu,0.000000000000e+00
6724,-5,IRWDQUAL_TCu,0.000000000000e+00
6724,-7,INFILTQUAL_TCu,0.000000000000e+00
6724,-8,INFILTQUALTARGET_TCu,0.000000000000e+00
6724,0,ADTOT_TCu,0.000000000000e+00
6724,0,IQUAL_TCu,4.941099465007e+01
6724,0,ADQAL_TCu,0.000000000000e+00
6724,0,DSQAL_TCu,0.000000000000e+00
6724,0,DEPQAL_TCu,0.000000000000e+00
6724,0,SCRQAL_TCu,0.000000000000e+00
6724,1,QUAL_TCu,4.941099465007e+01
6724,1,QUBP_TCu,0.000000000000e+00
6724,0,DRAT_IGQL_TPb,4.953344460345e+00
6724,0,DRAT_OGQL_TPb,4.953344460345e+00
6724,-1,USQUAL_TPb,0.000000000000e+00
6724,-2,LUQUAL_TPb,4.953344460345e+00
6724,-1,USQUBP_TPb,0.000000000000e+00
6724,-2,LUQUBP_TPb,0.000000000000e+00
6724,-3,PSQUAL_TPb,0.000000000000e+00
6724,-4,PSWDQUAL_TPb,0.000000000000e+00
6724,-4,PSDTQUAL_TPb,0.000000000000e+00
6724,-5,IRWDQUAL_TPb,0.000000000000e+00
6724,-7,INFILTQUAL_TPb,0.000000000000e+00
6724,-8,INFILTQUALTARGET_TPb,0.000000000000e+00
6724,0,ADTOT_TPb,0.000000000000e+00
6724,0,IQUAL_TPb,4.953344460345e+00
6724,0,ADQAL_TPb,0.000000000000e+00
6724,0,DSQAL_TPb,0.000000000000e+00
6724,0,DEPQAL_TPb,0.000000000000e+00
6724,0,SCRQAL_TPb,0.000000000000e+00
6724,1,QUAL_TPb,4.953344460345e+00
6724,1,QUBP_TPb,0.000000000000e+00
6724,0,DRAT_IGQL_TZn,3.640544915508e+02
6724,0,DRAT_OGQL_TZn,3.640544915508e+02
6724,-1,USQUAL_TZn,0.000000000000e+00
6724,-2,LUQUAL_TZn,3.640544915508e+02
6724,-1,USQUBP_TZn,0.000000000000e+00
6724,-2,LUQUBP_TZn,0.000000000000e+00
6724,-3,PSQUAL_TZn,0.000000000000e+00
6724,-4,PSWDQUAL_TZn,0.000000000000e+00
6724,-4,PSDTQUAL_TZn,0.000000000000e+00
6724,-5,IRWDQUAL_TZn,0.000000000000e+00
6724,-7,INFILTQUAL_TZn,0.000000000000e+00
6724,-8,INFILTQUALTARGET_TZn,0.000000000000e+00
6724,0,ADTOT_TZn,0.000000000000e+00
6724,0,IQUAL_TZn,3.640544915508e+02
6724,0,ADQAL_TZn,0.000000000000e+00
6724,0,DSQAL_TZn,0.000000000000e+00
6724,0,DEPQAL_TZn,0.000000000000e+00
6724,0,SCRQAL_TZn,0.000000000000e+00
6724,1,QUAL_TZn,3.640544915508e+02
6724,1,QUBP_TZn,0.000000000000e+00
6725,0,DRAT_IVOL,3.560493441285e+07
6725,0,DRAT_OVOL,3.560493441285e+07
6725,-1,USLINK,0.000000000000e+00
6725,-1,PCP,0.000000000000e+00
6725,-1,EVAP,0.000000000000e+00
6725,-1,INFILT,0.000000000000e+00
6725,-1,USIF,0.000000000000e+00
6725,-2,LUIF,3.560493441285e+07
6725,-1,USBP,0.000000000000e+00
6725,-2,LUBP,0.000000000000e+00
6725,-3,PSIF,0.000000000000e+00
6725,-4,PSWD,0.000000000000e+00
6725,-4,PSDT,0.000000000000e+00
6725,-5,IRWD,0.000000000000e+00
6725,0,IVOL,3.560493441285e+07
6725,1,RO,3.560493441285e+07
6725,1,BP,0.000000000000e+00
6725,0,DRAT_ISED_1,1.760122588505e+02
6725,0,DRAT_OSED_1,1.760122588505e+02
6725,-1,USSED_1,0.000000000000e+00
6725,-2,LUSED_1,1.760122588505e+02
6725,-1,USSBP_1,0.000000000000e+00
6725,-2,LUSBP_1,0.000000000000e+00
6725,-3,PSSED_1,0.000000000000e+00
6725,-4,PSWDSED_1,0.000000000000e+00
6725,-4,PSDTSED_1,0.000000000000e+00
6725,-5,IRWDSED_1,0.000000000000e+00
6725,0,ISED_1,1.760122588505e+02
6725,0,DEPSCR_1,0.000000000000e+00
6725,0,DEPMASS_1,0.000000000000e+00
6725,0,SCRMASS_1,0.000000000000e+00
6725,0,BEDSED_1,0.000000000000e+00
6725,1,ROSED_1,1.760122588505e+02
6725,1,BPSED_1,0.000000000000e+00
6725,0,DRAT_ISED_2,5.899299372345e+01
6725,0,DRAT_OSED_2,5.899299372345e+01
6725,-1,USSED_2,0.000000000000e+00
6725,-2,LUSED_2,5.899299372345e+01
6725,-1,USSBP_2,0.000000000000e+00
6725,-2,LUSBP_2,0.000000000000e+00
6725,-3,PSSED_2,0.000000000000e+00
6725,-4,PSWDSED_2,0.000000000000e+00
6725,-4,PSDTSED_2,0.000000000000e+00
6725,-5,IRWDSED_2,0.000000000000e+00
6725,0,ISED_2,5.899299372345e+01
6725,0,DEPSCR_2,0.000000000000e+00
6725,0,DEPMASS_2,0.000000000000e+00
6725,0,SCRMASS_2,0.000000000000e+00
6725,0,BEDSED_2,0.000000000000e+00
6725,1,ROSED_2,5.899299372345e+01
6725,1,BPSED_2,0.000000000000e+00
6725,0,DRAT_ISED_3,5.899299372345e+01
6725,0,DRAT_OSED_3,5.899299372345e+01
6725,-1,USSED_3,0.000000000000e+00
6725,-2,LUSED_3,5.899299372345e+01
6725,-1,USSBP_3,0.000000000000e+00
6725,-2,LUSBP_3,0.000000000000e+00
6725,-3,PSSED_3,0.000000000000e+00
6725,-4,PSWDSED_3,0.000000000000e+00
6725,-4,PSDTSED_3,0.000000000000e+00
6725,-5,IRWDSED_3,0.000000000000e+00
6725,0,ISED_3,5.899299372345e+01
6725,0,DEPSCR_3,0.000000000000e+00
6725,0,DEPMASS_3,0.000000000000e+00
6725,0,SCRMASS_3,0.000000000000e+00
6725,0,BEDSED_3,0.000000000000e+00
6725,1,ROSED_3,5.899299372345e+01
6725,1,BPSED_3,0.000000000000e+00
6725,0,DRAT_IGQL_TN,1.983993948390e+03
6725,0,DRAT_OGQL_TN,1.983993948390e+03
6725,-1,USQUAL_TN,0.000000000000e+00
6725,-2,LUQUAL_TN,1.983993948390e+03
6725,-1,USQUBP_TN,0.000000000000e+00
6725,-2,LUQUBP_TN,0.000000000000e+00
6725,-3,PSQUAL_TN,0.000000000000e+00
6725,-4,PSWDQUAL_TN,0.000000000000e+00
6725,-4,PSDTQUAL_TN,0.000000000000e+00
6725,-5,IRWDQUAL_TN,0.000000000000e+00
6725,-7,INFILTQUAL_TN,0.000000000000e+00
6725,-8,INFILTQUALTARGET_TN,0.000000000000e+00
6725,0,ADTOT_TN,0.000000000000e+00
6725,0,IQUAL_TN,1.983993948390e+03
6725,0,ADQAL_TN,0.000000000000e+00
6725,0,DSQAL_TN,0.000000000000e+00
6725,0,DEPQAL_TN,0.000000000000e+00
6725,0,SCRQAL_TN,0.000000000000e+00
6725,1,QUAL_TN,1.983993948390e+03
6725,1,QUBP_TN,0.000000000000e+00
6725,0,DRAT_IGQL_TP,8.445013191867e+02
6725,0,DRAT_OGQL_TP,8.445013191867e+02
6725,-1,USQUAL_TP,0.000000000000e+00
6725,-2,LUQUAL_TP,8.445013191867e+02
6725,-1,USQUBP_TP,0.000000000000e+00
6725,-2,LUQUBP_TP,0.000000000000e+00
6725,-3,PSQUAL_TP,0.000000000000e+00
6725,-4,PSWDQUAL_TP,0.000000000000e+00
6725,-4,PSDTQUAL_TP,0.000000000000e+00
6725,-5,IRWDQUAL_TP,0.000000000000e+00
6725,-7,INFILTQUAL_TP,0.000000000000e+00
6725,-8,INFILTQUALTARGET_TP,0.000000000000e+00
6725,0,ADTOT_TP,0.000000000000e+00
6725,0,IQUAL_TP,8.445013191867e+02
6725,0,ADQAL_TP,0.000000000000e+00
6725,0,DSQAL_TP,0.000000000000e+00
6725,0,DEPQAL_TP,0.000000000000e+00
6725,0,SCRQAL_TP,0.000000000000e+00
6725,1,QUAL_TP,8.445013191867e+02
6725,1,QUBP_TP,0.000000000000e+00
6725,0,DRAT_IGQL_TCd,2.933561315391e-01
6725,0,DRAT_OGQL_TCd,2.933561315391e-01
6725,-1,USQUAL_TCd,0.000000000000e+00
6725,-2,LUQUAL_TCd,2.933561315391e-01
6725,-1,USQUBP_TCd,0.000000000000e+00
6725,-2,LUQUBP_TCd,0.000000000000e+00
6725,-3,PSQUAL_TCd,0.000000000000e+00
6725,-4,PSWDQUAL_TCd,0.000000000000e+00
6725,-4,PSDTQUAL_TCd,0.000000000000e+00
6725,-5,IRWDQUAL_TCd,0.000000000000e+00
6725,-7,INFILTQUAL_TCd,0.000000000000e+00
6725,-8,INFILTQUALTARGET_TCd,0.000000000000e+00
6725,0,ADTOT_TCd,0.000000000000e+00
6725,0,IQUAL_TCd,2.933561315391e-01
6725,0,ADQAL_TCd,0.000000000000e+00
6725,0,DSQAL_TCd,0.000000000000e+00
6725,0,DEPQAL_TCd,0.000000000000e+00
6725,0,SCRQAL_TCd,0.000000000000e+00
6725,1,QUAL_TCd,2.933561315391e-01
6725,1,QUBP_TCd,0.000000000000e+00
6725,0,DRAT_IGQL_TCu,2.933561315391e+01
6725,0,DRAT_OGQL_TCu,2.933561315391e+01
6725,-1,USQUAL_TCu,0.000000000000e+00
6725,-2,LUQUAL_TCu,2.933561315391e+01
6725,-1,USQUBP_TCu,0.000000000000e+00
6725,-2,LUQUBP_TCu,0.000000000000e+00
6725,-3,PSQUAL_TCu,0.000000000000e+00
6725,-4,PSWDQUAL_TCu,0.000000000000e+00
6725,-4,PSDTQUAL_TCu,0.000000000000e+00
6725,-5,IRWDQUAL_TCu,0.000000000000e+00
6725,-7,INFILTQUAL_TCu,0.000000000000e+00
6725,-8,INFILTQUALTARGET_TCu,0.000000000000e+00
6725,0,ADTOT_TCu,0.000000000000e+00
6725,0,IQUAL_TCu,2.933561315391e+01
6725,0,ADQAL_TCu,0.000000000000e+00
6725,0,DSQAL_TCu,0.000000000000e+00
6725,0,DEPQAL_TCu,0.000000000000e+00
6725,0,SCRQAL_TCu,0.000000000000e+00
6725,1,QUAL_TCu,2.933561315391e+01
6725,1,QUBP_TCu,0.000000000000e+00
6725,0,DRAT_IGQL_TPb,2.933540295469e+00
6725,0,DRAT_OGQL_TPb,2.933540295469e+00
6725,-1,USQUAL_TPb,0.000000000000e+00
6725,-2,LUQUAL_TPb,2.933540295469e+00
6725,-1,USQUBP_TPb,0.000000000000e+00
6725,-2,LUQUBP_TPb,0.000000000000e+00
6725,-3,PSQUAL_TPb,0.000000000000e+00
6725,-4,PSWDQUAL_TPb,0.000000000000e+00
6725,-4,PSDTQUAL_TPb,0.000000000000e+00
6725,-5,IRWDQUAL_TPb,0.000000000000e+00
6725,-7,INFILTQUAL_TPb,0.000000000000e+00
6725,-8,INFILTQUALTARGET_TPb,0.000000000000e+00
6725,0,ADTOT_TPb,0.000000000000e+00
6725,0,IQUAL_TPb,2.933540295469e+00
6725,0,ADQAL_TPb,0.000000000000e+00
6725,0,DSQAL_TPb,0.000000000000e+00
6725,0,DEPQAL_TPb,0.000000000000e+00
6725,0,SCRQAL_TPb,0.000000000000e+00
6725,1,QUAL_TPb,2.933540295469e+00
6725,1,QUBP_TPb,0.000000000000e+00
6725,0,DRAT_IGQL_TZn,2.544899232162e+02
6725,0,DRAT_OGQL_TZn,2.544899232162e+02
6725,-1,USQUAL_TZn,0.000000000000e+00
6725,-2,LUQUAL_TZn,2.544899232162e+02
6725,-1,USQUBP_TZn,0.000000000000e+00
6725,-2,LUQUBP_TZn,0.000000000000e+00
6725,-3,PSQUAL_TZn,0.000000000000e+00
6725,-4,PSWDQUAL_TZn,0.000000000000e+00
6725,-4,PSDTQUAL_TZn,0.000000000000e+00
6725,-5,IRWDQUAL_TZn,0.000000000000e+00
6725,-7,INFILTQUAL_TZn,0.000000000000e+00
6725,-8,INFILTQUALTARGET_TZn,0.000000000000e+00
6725,0,ADTOT_TZn,0.000000000000e+00
6725,0,IQUAL_TZn,2.544899232162e+02
6725,0,ADQAL_TZn,0.000000000000e+00
6725,0,DSQAL_TZn,0.000000000000e+00
6725,0,DEPQAL_TZn,0.000000000000e+00
6725,0,SCRQAL_TZn,0.000000000000e+00
6725,1,QUAL_TZn,2.544899232162e+02
6725,1,QUBP_TZn,0.000000000000e+00
6704,0,DRAT_IVOL,8.849398117543e+06
6704,0,DRAT_OVOL,8.849398117543e+06
6704,-1,USLINK,0.000000000000e+00
6704,-1,PCP,0.000000000000e+00
6704,-1,EVAP,0.000000000000e+00
6704,-1,INFILT,0.000000000000e+00
6704,-1,USIF,3.105686560639e+06
6704,-2,LUIF,5.743711556903e+06
6704,-1,USBP,0.000000000000e+00
6704,-2,LUBP,0.000000000000e+00
6704,-3,PSIF,0.000000000000e+00
6704,-4,PSWD,0.000000000000e+00
6704,-4,PSDT,0.000000000000e+00
6704,-5,IRWD,0.000000000000e+00
6704,0,IVOL,8.849398117543e+06
6704,1,RO,8.849398117543e+06
6704,1,BP,0.000000000000e+00
6704,0,DRAT_ISED_1,2.071701521685e+01
6704,0,DRAT_OSED_1,2.071701521685e+01
6704,-1,USSED_1,1.817222918203e+01
6704,-2,LUSED_1,2.544786034820e+00
6704,-1,USSBP_1,0.000000000000e+00
6704,-2,LUSBP_1,0.000000000000e+00
6704,-3,PSSED_1,0.000000000000e+00
6704,-4,PSWDSED_1,0.000000000000e+00
6704,-4,PSDTSED_1,0.000000000000e+00
6704,-5,IRWDSED_1,0.000000000000e+00
6704,0,ISED_1,2.071701521685e+01
6704,0,DEPSCR_1,0.000000000000e+00
6704,0,DEPMASS_1,0.000000000000e+00
6704,0,SCRMASS_1,0.000000000000e+00
6704,0,BEDSED_1,0.000000000000e+00
6704,1,ROSED_1,2.071701521685e+01
6704,1,BPSED_1,0.000000000000e+00
6704,0,DRAT_ISED_2,2.210704775766e+01
6704,0,DRAT_OSED_2,2.210704775766e+01
6704,-1,USSED_2,9.132653357118e+00
6704,-2,LUSED_2,1.297439440054e+01
6704,-1,USSBP_2,0.000000000000e+00
6704,-2,LUSBP_2,0.000000000000e+00
6704,-3,PSSED_2,0.000000000000e+00
6704,-4,PSWDSED_2,0.000000000000e+00
6704,-4,PSDTSED_2,0.000000000000e+00
6704,-5,IRWDSED_2,0.000000000000e+00
6704,0,ISED_2,2.210704775766e+01
6704,0,DEPSCR_2,0.000000000000e+00
6704,0,DEPMASS_2,0.000000000000e+00
6704,0,SCRMASS_2,0.000000000000e+00
6704,0,BEDSED_2,0.000000000000e+00
6704,1,ROSED_2,2.210704775766e+01
6704,1,BPSED_2,0.000000000000e+00
6704,0,DRAT_ISED_3,1.091819688360e+01
6704,0,DRAT_OSED_3,1.091819688360e+01
6704,-1,USSED_3,7.037510264915e+00
6704,-2,LUSED_3,3.880686618684e+00
6704,-1,USSBP_3,0.000000000000e+00
6704,-2,LUSBP_3,0.000000000000e+00
6704,-3,PSSED_3,0.000000000000e+00
6704,-4,PSWDSED_3,0.000000000000e+00
6704,-4,PSDTSED_3,0.000000000000e+00
6704,-5,IRWDSED_3,0.000000000000e+00
6704,0,ISED_3,1.091819688360e+01
6704,0,DEPSCR_3,0.000000000000e+00
6704,0,DEPMASS_3,0.000000000000e+00
6704,0,SCRMASS_3,0.000000000000e+00
6704,0,BEDSED_3,0.000000000000e+00
6704,1,ROSED_3,1.091819688360e+01
6704,1,BPSED_3,0.000000000000e+00
6704,0,DRAT_IGQL_TN,1.055204126519e+03
6704,0,DRAT_OGQL_TN,1.055204126519e+03
6704,-1,USQUAL_TN,3.699169155930e+02
6704,-2,LUQUAL_TN,6.852872109255e+02
6704,-1,USQUBP_TN,0.000000000000e+00
6704,-2,LUQUBP_TN,0.000000000000e+00
6704,-3,PSQUAL_TN,0.000000000000e+00
6704,-4,PSWDQUAL_TN,0.000000000000e+00
6704,-4,PSDTQUAL_TN,0.000000000000e+00
6704,-5,IRWDQUAL_TN,0.000000000000e+00
6704,-7,INFILTQUAL_TN,0.000000000000e+00
6704,-8,INFILTQUALTARGET_TN,0.000000000000e+00
6704,0,ADTOT_TN,0.000000000000e+00
6704,0,IQUAL_TN,1.055204126519e+03
6704,0,ADQAL_TN,0.000000000000e+00
6704,0,DSQAL_TN,0.000000000000e+00
6704,0,DEPQAL_TN,0.000000000000e+00
6704,0,SCRQAL_TN,0.000000000000e+00
6704,1,QUAL_TN,1.055204126519e+03
6704,1,QUBP_TN,0.000000000000e+00
6704,0,DRAT_IGQL_TP,1.964192403883e+02
6704,0,DRAT_OGQL_TP,1.964192403883e+02
6704,-1,USQUAL_TP,9.281665961702e+01
6704,-2,LUQUAL_TP,1.036025807713e+02
6704,-1,USQUBP_TP,0.000000000000e+00
6704,-2,LUQUBP_TP,0.000000000000e+00
6704,-3,PSQUAL_TP,0.000000000000e+00
6704,-4,PSWDQUAL_TP,0.000000000000e+00
6704,-4,PSDTQUAL_TP,0.000000000000e+00
6704,-5,IRWDQUAL_TP,0.000000000000e+00
6704,-7,INFILTQUAL_TP,0.000000000000e+00
6704,-8,INFILTQUALTARGET_TP,0.000000000000e+00
6704,0,ADTOT_TP,0.000000000000e+00
6704,0,IQUAL_TP,1.964192403883e+02
6704,0,ADQAL_TP,0.000000000000e+00
6704,0,DSQAL_TP,0.000000000000e+00
6704,0,DEPQAL_TP,0.000000000000e+00
6704,0,SCRQAL_TP,0.000000000000e+00
6704,1,QUAL_TP,1.964192403883e+02
6704,1,QUBP_TP,0.000000000000e+00
6704,0,DRAT_IGQL_TCd,2.604438888020e-01
6704,0,DRAT_OGQL_TCd,2.604438888020e-01
6704,-1,USQUAL_TCd,6.670549067835e-02
6704,-2,LUQUAL_TCd,1.937383981236e-01
6704,-1,USQUBP_TCd,0.000000000000e+00
6704,-2,LUQUBP_TCd,0.000000000000e+00
6704,-3,PSQUAL_TCd,0.000000000000e+00
6704,-4,PSWDQUAL_TCd,0.000000000000e+00
6704,-4,PSDTQUAL_TCd,0.000000000000e+00
6704,-5,IRWDQUAL_TCd,0.000000000000e+00
6704,-7,INFILTQUAL_TCd,0.000000000000e+00
6704,-8,INFILTQUALTARGET_TCd,0.000000000000e+00
6704,0,ADTOT_TCd,0.000000000000e+00
6704,0,IQUAL_TCd,2.604438888020e-01
6704,0,ADQAL_TCd,0.000000000000e+00
6704,0,DSQAL_TCd,0.000000000000e+00
6704,0,DEPQAL_TCd,0.000000000000e+00
6704,0,SCRQAL_TCd,0.000000000000e+00
6704,1,QUAL_TCd,2.604438888020e-01
6704,1,QUBP_TCd,0.000000000000e+00
6704,0,DRAT_IGQL_TCu,2.624861337519e+01
6704,0,DRAT_OGQL_TCu,2.624861337519e+01
6704,-1,USQUAL_TCu,6.732725063819e+00
6704,-2,LUQUAL_TCu,1.951588831137e+01
6704,-1,USQUBP_TCu,0.000000000000e+00
6704,-2,LUQUBP_TCu,0.000000000000e+00
6704,-3,PSQUAL_TCu,0.000000000000e+00
6704,-4,PSWDQUAL_TCu,0.000000000000e+00
6704,-4,PSDTQUAL_TCu,0.000000000000e+00
6704,-5,IRWDQUAL_TCu,0.000000000000e+00
6704,-7,INFILTQUAL_TCu,0.000000000000e+00
6704,-8,INFILTQUALTARGET_TCu,0.000000000000e+00
6704,0,ADTOT_TCu,0.000000000000e+00
6704,0,IQUAL_TCu,2.624861337519e+01
6704,0,ADQAL_TCu,0.000000000000e+00
6704,0,DSQAL_TCu,0.000000000000e+00
6704,0,DEPQAL_TCu,0.000000000000e+00
6704,0,SCRQAL_TCu,0.000000000000e+00
6704,1,QUAL_TCu,2.624861337519e+01
6704,1,QUBP_TCu,0.000000000000e+00
6704,0,DRAT_IGQL_TPb,2.501326036056e+01
6704,0,DRAT_OGQL_TPb,2.501326036056e+01
6704,-1,USQUAL_TPb,5.530288449913e+00
6704,-2,LUQUAL_TPb,1.948297191065e+01
6704,-1,USQUBP_TPb,0.000000000000e+00
6704,-2,LUQUBP_TPb,0.000000000000e+00
6704,-3,PSQUAL_TPb,0.000000000000e+00
6704,-4,PSWDQUAL_TPb,0.000000000000e+00
6704,-4,PSDTQUAL_TPb,0.000000000000e+00
6704,-5,IRWDQUAL_TPb,0.000000000000e+00
6704,-7,INFILTQUAL_TPb,0.000000000000e+00
6704,-8,INFILTQUALTARGET_TPb,0.000000000000e+00
6704,0,ADTOT_TPb,0.000000000000e+00
6704,0,IQUAL_TPb,2.501326036056e+01
6704,0,ADQAL_TPb,0.000000000000e+00
6704,0,DSQAL_TPb,0.000000000000e+00
6704,0,DEPQAL_TPb,0.000000000000e+00
6704,0,SCRQAL_TPb,0.000000000000e+00
6704,1,QUAL_TPb,2.501326036056e+01
6704,1,QUBP_TPb,0.000000000000e+00
6704,0,DRAT_IGQL_TZn,1.329111918605e+02
6704,0,DRAT_OGQL_TZn,1.329111918605e+02
6704,-1,USQUAL_TZn,3.717877407775e+01
6704,-2,LUQUAL_TZn,9.573241778278e+01
6704,-1,USQUBP_TZn,0.000000000000e+00
6704,-2,LUQUBP_TZn,0.000000000000e+00
6704,-3,PSQUAL_TZn,0.000000000000e+00
6704,-4,PSWDQUAL_TZn,0.000000000000e+00
6704,-4,PSDTQUAL_TZn,0.000000000000e+00
6704,-5,IRWDQUAL_TZn,0.000000000000e+00
6704,-7,INFILTQUAL_TZn,0.000000000000e+00
6704,-8,INFILTQUALTARGET_TZn,0.000000000000e+00
6704,0,ADTOT_TZn,0.000000000000e+00
6704,0,IQUAL_TZn,1.329111918605e+02
6704,0,ADQAL_TZn,0.000000000000e+00
6704,0,DSQAL_TZn,0.000000000000e+00
6704,0,DEPQAL_TZn,0.000000000000e+00
6704,0,SCRQAL_TZn,0.000000000000e+00
6704,1,QUAL_TZn,1.329111918605e+02
6704,1,QUBP_TZn,0.000000000000e+00
6708,0,DRAT_IVOL,1.020860125838e+06
6708,0,DRAT_OVOL,1.020860125838e+06
6708,-1,USLINK,0.000000000000e+00
6708,-1,PCP,0.000000000000e+00
6708,-1,EVAP,0.000000000000e+00
6708,-1,INFILT,0.000000000000e+00
6708,-1,USIF,3.045315187191e+04
6708,-2,LUIF,9.904069739659e+05
6708,-1,USBP,0.000000000000e+00
6708,-2,LUBP,0.000000000000e+00
6708,-3,PSIF,0.000000000000e+00
6708,-4,PSWD,0.000000000000e+00
6708,-4,PSDT,0.000000000000e+00
6708,-5,IRWD,0.000000000000e+00
6708,0,IVOL,1.020860125838e+06
6708,1,RO,1.020860125838e+06
6708,1,BP,0.000000000000e+00
6708,0,DRAT_ISED_1,9.974639001275e-01
6708,0,DRAT_OSED_1,9.974639001275e-01
6708,-1,USSED_1,3.203757684898e-01
6708,-2,LUSED_1,6.770881316378e-01
6708,-1,USSBP_1,0.000000000000e+00
6708,-2,LUSBP_1,0.000000000000e+00
6708,-3,PSSED_1,0.000000000000e+00
6708,-4,PSWDSED_1,0.000000000000e+00
6708,-4,PSDTSED_1,0.000000000000e+00
6708,-5,IRWDSED_1,0.000000000000e+00
6708,0,ISED_1,9.974639001275e-01
6708,0,DEPSCR_1,0.000000000000e+00
6708,0,DEPMASS_1,0.000000000000e+00
6708,0,SCRMASS_1,0.000000000000e+00
6708,0,BEDSED_1,0.000000000000e+00
6708,1,ROSED_1,9.974639001275e-01
6708,1,BPSED_1,0.000000000000e+00
6708,0,DRAT_ISED_2,2.273427457836e+00
6708,0,DRAT_OSED_2,2.273427457836e+00
6708,-1,USSED_2,1.193665894050e-01
6708,-2,LUSED_2,2.154060868431e+00
6708,-1,USSBP_2,0.000000000000e+00
6708,-2,LUSBP_2,0.000000000000e+00
6708,-3,PSSED_2,0.000000000000e+00
6708,-4,PSWDSED_2,0.000000000000e+00
6708,-4,PSDTSED_2,0.000000000000e+00
6708,-5,IRWDSED_2,0.000000000000e+00
6708,0,ISED_2,2.273427457836e+00
6708,0,DEPSCR_2,0.000000000000e+00
6708,0,DEPMASS_2,0.000000000000e+00
6708,0,SCRMASS_2,0.000000000000e+00
6708,0,BEDSED_2,0.000000000000e+00
6708,1,ROSED_2,2.273427457836e+00
6708,1,BPSED_2,0.000000000000e+00
6708,0,DRAT_ISED_3,8.367346167762e-01
6708,0,DRAT_OSED_3,8.367346167762e-01
6708,-1,USSED_3,1.531819866190e-01
6708,-2,LUSED_3,6.835526301572e-01
6708,-1,USSBP_3,0.000000000000e+00
6708,-2,LUSBP_3,0.000000000000e+00
6708,-3,PSSED_3,0.000000000000e+00
6708,-4,PSWDSED_3,0.000000000000e+00
6708,-4,PSDTSED_3,0.000000000000e+00
6708,-5,IRWDSED_3,0.000000000000e+00
6708,0,ISED_3,8.367346167762e-01
6708,0,DEPSCR_3,0.000000000000e+00
6708,0,DEPMASS_3,0.000000000000e+00
6708,0,SCRMASS_3,0.000000000000e+00
6708,0,BEDSED_3,0.000000000000e+00
6708,1,ROSED_3,8.367346167762e-01
6708,1,BPSED_3,0.000000000000e+00
6708,0,DRAT_IGQL_TN,1.356016804927e+02
6708,0,DRAT_OGQL_TN,1.356016804927e+02
6708,-1,USQUAL_TN,3.552665355632e+00
6708,-2,LUQUAL_TN,1.320490151371e+02
6708,-1,USQUBP_TN,0.000000000000e+00
6708,-2,LUQUBP_TN,0.000000000000e+00
6708,-3,PSQUAL_TN,0.000000000000e+00
6708,-4,PSWDQUAL_TN,0.000000000000e+00
6708,-4,PSDTQUAL_TN,0.000000000000e+00
6708,-5,IRWDQUAL_TN,0.000000000000e+00
6708,-7,INFILTQUAL_TN,0.000000000000e+00
6708,-8,INFILTQUALTARGET_TN,0.000000000000e+00
6708,0,ADTOT_TN,0.000000000000e+00
6708,0,IQUAL_TN,1.356016804927e+02
6708,0,ADQAL_TN,0.000000000000e+00
6708,0,DSQAL_TN,0.000000000000e+00
6708,0,DEPQAL_TN,0.000000000000e+00
6708,0,SCRQAL_TN,0.000000000000e+00
6708,1,QUAL_TN,1.356016804927e+02
6708,1,QUBP_TN,0.000000000000e+00
6708,0,DRAT_IGQL_TP,2.065124216327e+01
6708,0,DRAT_OGQL_TP,2.065124216327e+01
6708,-1,USQUAL_TP,1.255950982442e+00
6708,-2,LUQUAL_TP,1.939529118082e+01
6708,-1,USQUBP_TP,0.000000000000e+00
6708,-2,LUQUBP_TP,0.000000000000e+00
6708,-3,PSQUAL_TP,0.000000000000e+00
6708,-4,PSWDQUAL_TP,0.000000000000e+00
6708,-4,PSDTQUAL_TP,0.000000000000e+00
6708,-5,IRWDQUAL_TP,0.000000000000e+00
6708,-7,INFILTQUAL_TP,0.000000000000e+00
6708,-8,INFILTQUALTARGET_TP,0.000000000000e+00
6708,0,ADTOT_TP,0.000000000000e+00
6708,0,IQUAL_TP,2.065124216327e+01
6708,0,ADQAL_TP,0.000000000000e+00
6708,0,DSQAL_TP,0.000000000000e+00
6708,0,DEPQAL_TP,0.000000000000e+00
6708,0,SCRQAL_TP,0.000000000000e+00
6708,1,QUAL_TP,2.065124216327e+01
6708,1,QUBP_TP,0.000000000000e+00
6708,0,DRAT_IGQL_TCd,2.428980589728e-02
6708,0,DRAT_OGQL_TCd,2.428980589728e-02
6708,-1,USQUAL_TCd,5.928070929165e-04
6708,-2,LUQUAL_TCd,2.369699880436e-02
6708,-1,USQUBP_TCd,0.000000000000e+00
6708,-2,LUQUBP_TCd,0.000000000000e+00
6708,-3,PSQUAL_TCd,0.000000000000e+00
6708,-4,PSWDQUAL_TCd,0.000000000000e+00
6708,-4,PSDTQUAL_TCd,0.000000000000e+00
6708,-5,IRWDQUAL_TCd,0.000000000000e+00
6708,-7,INFILTQUAL_TCd,0.000000000000e+00
6708,-8,INFILTQUALTARGET_TCd,0.000000000000e+00
6708,0,ADTOT_TCd,0.000000000000e+00
6708,0,IQUAL_TCd,2.428980589728e-02
6708,0,ADQAL_TCd,0.000000000000e+00
6708,0,DSQAL_TCd,0.000000000000e+00
6708,0,DEPQAL_TCd,0.000000000000e+00
6708,0,SCRQAL_TCd,0.000000000000e+00
6708,1,QUAL_TCd,2.428980589728e-02
6708,1,QUBP_TCd,0.000000000000e+00
6708,0,DRAT_IGQL_TCu,2.451662373002e+00
6708,0,DRAT_OGQL_TCu,2.451662373002e+00
6708,-1,USQUAL_TCu,5.928070929165e-02
6708,-2,LUQUAL_TCu,2.392381663710e+00
6708,-1,USQUBP_TCu,0.000000000000e+00
6708,-2,LUQUBP_TCu,0.000000000000e+00
6708,-3,PSQUAL_TCu,0.000000000000e+00
6708,-4,PSWDQUAL_TCu,0.000000000000e+00
6708,-4,PSDTQUAL_TCu,0.000000000000e+00
6708,-5,IRWDQUAL_TCu,0.000000000000e+00
6708,-7,INFILTQUAL_TCu,0.000000000000e+00
6708,-8,INFILTQUALTARGET_TCu,0.000000000000e+00
6708,0,ADTOT_TCu,0.000000000000e+00
6708,0,IQUAL_TCu,2.451662373002e+00
6708,0,ADQAL_TCu,0.000000000000e+00
6708,0,DSQAL_TCu,0.000000000000e+00
6708,0,DEPQAL_TCu,0.000000000000e+00
6708,0,SCRQAL_TCu,0.000000000000e+00
6708,1,QUAL_TCu,2.451662373002e+00
6708,1,QUBP_TCu,0.000000000000e+00
6708,0,DRAT_IGQL_TPb,3.039314733016e+00
6708,0,DRAT_OGQL_TPb,3.039314733016e+00
6708,-1,USQUAL_TPb,5.927487522439e-03
6708,-2,LUQUAL_TPb,3.033387245494e+00
6708,-1,USQUBP_TPb,0.000000000000e+00
6708,-2,LUQUBP_TPb,0.000000000000e+00
6708,-3,PSQUAL_TPb,0.000000000000e+00
6708,-4,PSWDQUAL_TPb,0.000000000000e+00
6708,-4,PSDTQUAL_TPb,0.000000000000e+00
6708,-5,IRWDQUAL_TPb,0.000000000000e+00
6708,-7,INFILTQUAL_TPb,0.000000000000e+00
6708,-8,INFILTQUALTARGET_TPb,0.000000000000e+00
6708,0,ADTOT_TPb,0.000000000000e+00
6708,0,IQUAL_TPb,3.039314733016e+00
6708,0,ADQAL_TPb,0.000000000000e+00
6708,0,DSQAL_TPb,0.000000000000e+00
6708,0,DEPQAL_TPb,0.000000000000e+00
6708,0,SCRQAL_TPb,0.000000000000e+00
6708,1,QUAL_TPb,3.039314733016e+00
6708,1,QUBP_TPb,0.000000000000e+00
6708,0,DRAT_IGQL_TZn,1.170786321518e+01
6708,0,DRAT_OGQL_TZn,1.170786321518e+01
6708,-1,USQUAL_TZn,4.268411092482e-01
6708,-2,LUQUAL_TZn,1.128102210593e+01
6708,-1,USQUBP_TZn,0.000000000000e+00
6708,-2,LUQUBP_TZn,0.000000000000e+00
6708,-3,PSQUAL_TZn,0.000000000000e+00
6708,-4,PSWDQUAL_TZn,0.000000000000e+00
6708,-4,PSDTQUAL_TZn,0.000000000000e+00
6708,-5,IRWDQUAL_TZn,0.000000000000e+00
6708,-7,INFILTQUAL_TZn,0.000000000000e+00
6708,-8,INFILTQUALTARGET_TZn,0.000000000000e+00
6708,0,ADTOT_TZn,0.000000000000e+00
6708,0,IQUAL_TZn,1.170786321518e+01
6708,0,ADQAL_TZn,0.000000000000e+00
6708,0,DSQAL_TZn,0.000000000000e+00
6708,0,DEPQAL_TZn,0.000000000000e+00
6708,0,SCRQAL_TZn,0.000000000000e+00
6708,1,QUAL_TZn,1.170786321518e+01
6708,1,QUBP_TZn,0.000000000000e+00
6711,0,DRAT_IVOL,3.342321769908e+06
6711,0,DRAT_OVOL,3.342321769908e+06
6711,-1,USLINK,0.000000000000e+00
6711,-1,PCP,0.000000000000e+00
6711,-1,EVAP,0.000000000000e+00
6711,-1,INFILT,0.000000000000e+00
6711,-1,USIF,2.459815070622e+05
6711,-2,LUIF,3.096340262846e+06
6711,-1,USBP,0.000000000000e+00
6711,-2,LUBP,0.000000000000e+00
6711,-3,PSIF,0.000000000000e+00
6711,-4,PSWD,0.000000000000e+00
6711,-4,PSDT,0.000000000000e+00
6711,-5,IRWD,0.000000000000e+00
6711,0,IVOL,3.342321769908e+06
6711,1,RO,3.342321769908e+06
6711,1,BP,0.000000000000e+00
6711,0,DRAT_ISED_1,1.883811474850e+00
6711,0,DRAT_OSED_1,1.883811474850e+00
6711,-1,USSED_1,7.589214279987e-01
6711,-2,LUSED_1,1.124890046851e+00
6711,-1,USSBP_1,0.000000000000e+00
6711,-2,LUSBP_1,0.000000000000e+00
6711,-3,PSSED_1,0.000000000000e+00
6711,-4,PSWDSED_1,0.000000000000e+00
6711,-4,PSDTSED_1,0.000000000000e+00
6711,-5,IRWDSED_1,0.000000000000e+00
6711,0,ISED_1,1.883811474850e+00
6711,0,DEPSCR_1,0.000000000000e+00
6711,0,DEPMASS_1,0.000000000000e+00
6711,0,SCRMASS_1,0.000000000000e+00
6711,0,BEDSED_1,0.000000000000e+00
6711,1,ROSED_1,1.883811474850e+00
6711,1,BPSED_1,0.000000000000e+00
6711,0,DRAT_ISED_2,6.850569739121e+00
6711,0,DRAT_OSED_2,6.850569739121e+00
6711,-1,USSED_2,3.509585009895e-01
6711,-2,LUSED_2,6.499611238132e+00
6711,-1,USSBP_2,0.000000000000e+00
6711,-2,LUSBP_2,0.000000000000e+00
6711,-3,PSSED_2,0.000000000000e+00
6711,-4,PSWDSED_2,0.000000000000e+00
6711,-4,PSDTSED_2,0.000000000000e+00
6711,-5,IRWDSED_2,0.000000000000e+00
6711,0,ISED_2,6.850569739121e+00
6711,0,DEPSCR_2,0.000000000000e+00
6711,0,DEPMASS_2,0.000000000000e+00
6711,0,SCRMASS_2,0.000000000000e+00
6711,0,BEDSED_2,0.000000000000e+00
6711,1,ROSED_2,6.850569739121e+00
6711,1,BPSED_2,0.000000000000e+00
6711,0,DRAT_ISED_3,2.135191506430e+00
6711,0,DRAT_OSED_3,2.135191506430e+00
6711,-1,USSED_3,2.771812932651e-01
6711,-2,LUSED_3,1.858010213165e+00
6711,-1,USSBP_3,0.000000000000e+00
6711,-2,LUSBP_3,0.000000000000e+00
6711,-3,PSSED_3,0.000000000000e+00
6711,-4,PSWDSED_3,0.000000000000e+00
6711,-4,PSDTSED_3,0.000000000000e+00
6711,-5,IRWDSED_3,0.000000000000e+00
6711,0,ISED_3,2.135191506430e+00
6711,0,DEPSCR_3,0.000000000000e+00
6711,0,DEPMASS_3,0.000000000000e+00
6711,0,SCRMASS_3,0.000000000000e+00
6711,0,BEDSED_3,0.000000000000e+00
6711,1,ROSED_3,2.135191506430e+00
6711,1,BPSED_3,0.000000000000e+00
6711,0,DRAT_IGQL_TN,4.819613926368e+02
6711,0,DRAT_OGQL_TN,4.819613926368e+02
6711,-1,USQUAL_TN,3.004693112634e+01
6711,-2,LUQUAL_TN,4.519144615105e+02
6711,-1,USQUBP_TN,0.000000000000e+00
6711,-2,LUQUBP_TN,0.000000000000e+00
6711,-3,PSQUAL_TN,0.000000000000e+00
6711,-4,PSWDQUAL_TN,0.000000000000e+00
6711,-4,PSDTQUAL_TN,0.000000000000e+00
6711,-5,IRWDQUAL_TN,0.000000000000e+00
6711,-7,INFILTQUAL_TN,0.000000000000e+00
6711,-8,INFILTQUALTARGET_TN,0.000000000000e+00
6711,0,ADTOT_TN,0.000000000000e+00
6711,0,IQUAL_TN,4.819613926368e+02
6711,0,ADQAL_TN,0.000000000000e+00
6711,0,DSQAL_TN,0.000000000000e+00
6711,0,DEPQAL_TN,0.000000000000e+00
6711,0,SCRQAL_TN,0.000000000000e+00
6711,1,QUAL_TN,4.819613926368e+02
6711,1,QUBP_TN,0.000000000000e+00
6711,0,DRAT_IGQL_TP,6.263080208691e+01
6711,0,DRAT_OGQL_TP,6.263080208691e+01
6711,-1,USQUAL_TP,4.311661720122e+00
6711,-2,LUQUAL_TP,5.831914036679e+01
6711,-1,USQUBP_TP,0.000000000000e+00
6711,-2,LUQUBP_TP,0.000000000000e+00
6711,-3,PSQUAL_TP,0.000000000000e+00
6711,-4,PSWDQUAL_TP,0.000000000000e+00
6711,-4,PSDTQUAL_TP,0.000000000000e+00
6711,-5,IRWDQUAL_TP,0.000000000000e+00
6711,-7,INFILTQUAL_TP,0.000000000000e+00
6711,-8,INFILTQUALTARGET_TP,0.000000000000e+00
6711,0,ADTOT_TP,0.000000000000e+00
6711,0,IQUAL_TP,6.263080208691e+01
6711,0,ADQAL_TP,0.000000000000e+00
6711,0,DSQAL_TP,0.000000000000e+00
6711,0,DEPQAL_TP,0.000000000000e+00
6711,0,SCRQAL_TP,0.000000000000e+00
6711,1,QUAL_TP,6.263080208691e+01
6711,1,QUBP_TP,0.000000000000e+00
6711,0,DRAT_IGQL_TCd,7.184783619283e-02
6711,0,DRAT_OGQL_TCd,7.184783619283e-02
6711,-1,USQUAL_TCd,2.267791983468e-03
6711,-2,LUQUAL_TCd,6.958004420935e-02
6711,-1,USQUBP_TCd,0.000000000000e+00
6711,-2,LUQUBP_TCd,0.000000000000e+00
6711,-3,PSQUAL_TCd,0.000000000000e+00
6711,-4,PSWDQUAL_TCd,0.000000000000e+00
6711,-4,PSDTQUAL_TCd,0.000000000000e+00
6711,-5,IRWDQUAL_TCd,0.000000000000e+00
6711,-7,INFILTQUAL_TCd,0.000000000000e+00
6711,-8,INFILTQUALTARGET_TCd,0.000000000000e+00
6711,0,ADTOT_TCd,0.000000000000e+00
6711,0,IQUAL_TCd,7.184783619283e-02
6711,0,ADQAL_TCd,0.000000000000e+00
6711,0,DSQAL_TCd,0.000000000000e+00
6711,0,DEPQAL_TCd,0.000000000000e+00
6711,0,SCRQAL_TCd,0.000000000000e+00
6711,1,QUAL_TCd,7.184783619283e-02
6711,1,QUBP_TCd,0.000000000000e+00
6711,0,DRAT_IGQL_TCu,7.342700325456e+00
6711,0,DRAT_OGQL_TCu,7.342700325456e+00
6711,-1,USQUAL_TCu,2.296011293984e-01
6711,-2,LUQUAL_TCu,7.113099196058e+00
6711,-1,USQUBP_TCu,0.000000000000e+00
6711,-2,LUQUBP_TCu,0.000000000000e+00
6711,-3,PSQUAL_TCu,0.000000000000e+00
6711,-4,PSWDQUAL_TCu,0.000000000000e+00
6711,-4,PSDTQUAL_TCu,0.000000000000e+00
6711,-5,IRWDQUAL_TCu,0.000000000000e+00
6711,-7,INFILTQUAL_TCu,0.000000000000e+00
6711,-8,INFILTQUALTARGET_TCu,0.000000000000e+00
6711,0,ADTOT_TCu,0.000000000000e+00
6711,0,IQUAL_TCu,7.342700325456e+00
6711,0,ADQAL_TCu,0.000000000000e+00
6711,0,DSQAL_TCu,0.000000000000e+00
6711,0,DEPQAL_TCu,0.000000000000e+00
6711,0,SCRQAL_TCu,0.000000000000e+00
6711,1,QUAL_TCu,7.342700325456e+00
6711,1,QUBP_TCu,0.000000000000e+00
6711,0,DRAT_IGQL_TPb,9.343502510325e+00
6711,0,DRAT_OGQL_TPb,9.343502510325e+00
6711,-1,USQUAL_TPb,5.711347697615e-02
6711,-2,LUQUAL_TPb,9.286389033349e+00
6711,-1,USQUBP_TPb,0.000000000000e+00
6711,-2,LUQUBP_TPb,0.000000000000e+00
6711,-3,PSQUAL_TPb,0.000000000000e+00
6711,-4,PSWDQUAL_TPb,0.000000000000e+00
6711,-4,PSDTQUAL_TPb,0.000000000000e+00
6711,-5,IRWDQUAL_TPb,0.000000000000e+00
6711,-7,INFILTQUAL_TPb,0.000000000000e+00
6711,-8,INFILTQUALTARGET_TPb,0.000000000000e+00
6711,0,ADTOT_TPb,0.000000000000e+00
6711,0,IQUAL_TPb,9.343502510325e+00
6711,0,ADQAL_TPb,0.000000000000e+00
6711,0,DSQAL_TPb,0.000000000000e+00
6711,0,DEPQAL_TPb,0.000000000000e+00
6711,0,SCRQAL_TPb,0.000000000000e+00
6711,1,QUAL_TPb,9.343502510325e+00
6711,1,QUBP_TPb,0.000000000000e+00
6711,0,DRAT_IGQL_TZn,3.149980764962e+01
6711,0,DRAT_OGQL_TZn,3.149980764962e+01
6711,-1,USQUAL_TZn,1.468074200699e+00
6711,-2,LUQUAL_TZn,3.003173344892e+01
6711,-1,USQUBP_TZn,0.000000000000e+00
6711,-2,LUQUBP_TZn,0.000000000000e+00
6711,-3,PSQUAL_TZn,0.000000000000e+00
6711,-4,PSWDQUAL_TZn,0.000000000000e+00
6711,-4,PSDTQUAL_TZn,0.000000000000e+00
6711,-5,IRWDQUAL_TZn,0.000000000000e+00
6711,-7,INFILTQUAL_TZn,0.000000000000e+00
6711,-8,INFILTQUALTARGET_TZn,0.000000000000e+00
6711,0,ADTOT_TZn,0.000000000000e+00
6711,0,IQUAL_TZn,3.149980764962e+01
6711,0,ADQAL_TZn,0.000000000000e+00
6711,0,DSQAL_TZn,0.000000000000e+00
6711,0,DEPQAL_TZn,0.000000000000e+00
6711,0,SCRQAL_TZn,0.000000000000e+00
6711,1,QUAL_TZn,3.149980764962e+01
6711,1,QUBP_TZn,0.000000000000e+00
6717,0,DRAT_IVOL,2.290524671299e+06
6717,0,DRAT_OVOL,2.290524671299e+06
6717,-1,USLINK,0.000000000000e+00
6717,-1,PCP,0.000000000000e+00
6717,-1,EVAP,0.000000000000e+00
6717,-1,INFILT,0.000000000000e+00
6717,-1,USIF,9.977840059724e+05
6717,-2,LUIF,1.292740665326e+06
6717,-1,USBP,0.000000000000e+00
6717,-2,LUBP,0.000000000000e+00
6717,-3,PSIF,0.000000000000e+00
6717,-4,PSWD,0.000000000000e+00
6717,-4,PSDT,0.000000000000e+00
6717,-5,IRWD,0.000000000000e+00
6717,0,IVOL,2.290524671299e+06
6717,1,RO,2.290524671299e+06
6717,1,BP,0.000000000000e+00
6717,0,DRAT_ISED_1,1.355595744407e+00
6717,0,DRAT_OSED_1,1.355595744407e+00
6717,-1,USSED_1,8.756967927595e-01
6717,-2,LUSED_1,4.798989516471e-01
6717,-1,USSBP_1,0.000000000000e+00
6717,-2,LUSBP_1,0.000000000000e+00
6717,-3,PSSED_1,0.000000000000e+00
6717,-4,PSWDSED_1,0.000000000000e+00
6717,-4,PSDTSED_1,0.000000000000e+00
6717,-5,IRWDSED_1,0.000000000000e+00
6717,0,ISED_1,1.355595744407e+00
6717,0,DEPSCR_1,0.000000000000e+00
6717,0,DEPMASS_1,0.000000000000e+00
6717,0,SCRMASS_1,0.000000000000e+00
6717,0,BEDSED_1,0.000000000000e+00
6717,1,ROSED_1,1.355595744407e+00
6717,1,BPSED_1,0.000000000000e+00
6717,0,DRAT_ISED_2,2.551425959133e+00
6717,0,DRAT_OSED_2,2.551425959133e+00
6717,-1,USSED_2,3.899868577977e-01
6717,-2,LUSED_2,2.161439101336e+00
6717,-1,USSBP_2,0.000000000000e+00
6717,-2,LUSBP_2,0.000000000000e+00
6717,-3,PSSED_2,0.000000000000e+00
6717,-4,PSWDSED_2,0.000000000000e+00
6717,-4,PSDTSED_2,0.000000000000e+00
6717,-5,IRWDSED_2,0.000000000000e+00
6717,0,ISED_2,2.551425959133e+00
6717,0,DEPSCR_2,0.000000000000e+00
6717,0,DEPMASS_2,0.000000000000e+00
6717,0,SCRMASS_2,0.000000000000e+00
6717,0,BEDSED_2,0.000000000000e+00
6717,1,ROSED_2,2.551425959133e+00
6717,1,BPSED_2,0.000000000000e+00
6717,0,DRAT_ISED_3,9.846363189011e-01
6717,0,DRAT_OSED_3,9.846363189011e-01
6717,-1,USSED_3,3.245934959329e-01
6717,-2,LUSED_3,6.600428229682e-01
6717,-1,USSBP_3,0.000000000000e+00
6717,-2,LUSBP_3,0.000000000000e+00
6717,-3,PSSED_3,0.000000000000e+00
6717,-4,PSWDSED_3,0.000000000000e+00
6717,-4,PSDTSED_3,0.000000000000e+00
6717,-5,IRWDSED_3,0.000000000000e+00
6717,0,ISED_3,9.846363189011e-01
6717,0,DEPSCR_3,0.000000000000e+00
6717,0,DEPMASS_3,0.000000000000e+00
6717,0,SCRMASS_3,0.000000000000e+00
6717,0,BEDSED_3,0.000000000000e+00
6717,1,ROSED_3,9.846363189011e-01
6717,1,BPSED_3,0.000000000000e+00
6717,0,DRAT_IGQL_TN,2.053584979537e+02
6717,0,DRAT_OGQL_TN,2.053584979537e+02
6717,-1,USQUAL_TN,6.030009701710e+01
6717,-2,LUQUAL_TN,1.450584009366e+02
6717,-1,USQUBP_TN,0.000000000000e+00
6717,-2,LUQUBP_TN,0.000000000000e+00
6717,-3,PSQUAL_TN,0.000000000000e+00
6717,-4,PSWDQUAL_TN,0.000000000000e+00
6717,-4,PSDTQUAL_TN,0.000000000000e+00
6717,-5,IRWDQUAL_TN,0.000000000000e+00
6717,-7,INFILTQUAL_TN,0.000000000000e+00
6717,-8,INFILTQUALTARGET_TN,0.000000000000e+00
6717,0,ADTOT_TN,0.000000000000e+00
6717,0,IQUAL_TN,2.053584979537e+02
6717,0,ADQAL_TN,0.000000000000e+00
6717,0,DSQAL_TN,0.000000000000e+00
6717,0,DEPQAL_TN,0.000000000000e+00
6717,0,SCRQAL_TN,0.000000000000e+00
6717,1,QUAL_TN,2.053584979537e+02
6717,1,QUBP_TN,0.000000000000e+00
6717,0,DRAT_IGQL_TP,3.447042706174e+01
6717,0,DRAT_OGQL_TP,3.447042706174e+01
6717,-1,USQUAL_TP,1.293093224964e+01
6717,-2,LUQUAL_TP,2.153949481210e+01
6717,-1,USQUBP_TP,0.000000000000e+00
6717,-2,LUQUBP_TP,0.000000000000e+00
6717,-3,PSQUAL_TP,0.000000000000e+00
6717,-4,PSWDQUAL_TP,0.000000000000e+00
6717,-4,PSDTQUAL_TP,0.000000000000e+00
6717,-5,IRWDQUAL_TP,0.000000000000e+00
6717,-7,INFILTQUAL_TP,0.000000000000e+00
6717,-8,INFILTQUALTARGET_TP,0.000000000000e+00
6717,0,ADTOT_TP,0.000000000000e+00
6717,0,IQUAL_TP,3.447042706174e+01
6717,0,ADQAL_TP,0.000000000000e+00
6717,0,DSQAL_TP,0.000000000000e+00
6717,0,DEPQAL_TP,0.000000000000e+00
6717,0,SCRQAL_TP,0.000000000000e+00
6717,1,QUAL_TP,3.447042706174e+01
6717,1,QUBP_TP,0.000000000000e+00
6717,0,DRAT_IGQL_TCd,3.030563954602e-02
6717,0,DRAT_OGQL_TCd,3.030563954602e-02
6717,-1,USQUAL_TCd,2.557453012666e-03
6717,-2,LUQUAL_TCd,2.774818653336e-02
6717,-1,USQUBP_TCd,0.000000000000e+00
6717,-2,LUQUBP_TCd,0.000000000000e+00
6717,-3,PSQUAL_TCd,0.000000000000e+00
6717,-4,PSWDQUAL_TCd,0.000000000000e+00
6717,-4,PSDTQUAL_TCd,0.000000000000e+00
6717,-5,IRWDQUAL_TCd,0.000000000000e+00
6717,-7,INFILTQUAL_TCd,0.000000000000e+00
6717,-8,INFILTQUALTARGET_TCd,0.000000000000e+00
6717,0,ADTOT_TCd,0.000000000000e+00
6717,0,IQUAL_TCd,3.030563954602e-02
6717,0,ADQAL_TCd,0.000000000000e+00
6717,0,DSQAL_TCd,0.000000000000e+00
6717,0,DEPQAL_TCd,0.000000000000e+00
6717,0,SCRQAL_TCd,0.000000000000e+00
6717,1,QUAL_TCd,3.030563954602e-02
6717,1,QUBP_TCd,0.000000000000e+00
6717,0,DRAT_IGQL_TCu,3.055375626086e+00
6717,0,DRAT_OGQL_TCu,3.055375626086e+00
6717,-1,USQUAL_TCu,2.595072715093e-01
6717,-2,LUQUAL_TCu,2.795868354576e+00
6717,-1,USQUBP_TCu,0.000000000000e+00
6717,-2,LUQUBP_TCu,0.000000000000e+00
6717,-3,PSQUAL_TCu,0.000000000000e+00
6717,-4,PSWDQUAL_TCu,0.000000000000e+00
6717,-4,PSDTQUAL_TCu,0.000000000000e+00
6717,-5,IRWDQUAL_TCu,0.000000000000e+00
6717,-7,INFILTQUAL_TCu,0.000000000000e+00
6717,-8,INFILTQUALTARGET_TCu,0.000000000000e+00
6717,0,ADTOT_TCu,0.000000000000e+00
6717,0,IQUAL_TCu,3.055375626086e+00
6717,0,ADQAL_TCu,0.000000000000e+00
6717,0,DSQAL_TCu,0.000000000000e+00
6717,0,DEPQAL_TCu,0.000000000000e+00
6717,0,SCRQAL_TCu,0.000000000000e+00
6717,1,QUAL_TCu,3.055375626086e+00
6717,1,QUBP_TCu,0.000000000000e+00
6717,0,DRAT_IGQL_TPb,9.850831519736e-01
6717,0,DRAT_OGQL_TPb,9.850831519736e-01
6717,-1,USQUAL_TPb,5.606472691534e-02
6717,-2,LUQUAL_TPb,9.290184250583e-01
6717,-1,USQUBP_TPb,0.000000000000e+00
6717,-2,LUQUBP_TPb,0.000000000000e+00
6717,-3,PSQUAL_TPb,0.000000000000e+00
6717,-4,PSWDQUAL_TPb,0.000000000000e+00
6717,-4,PSDTQUAL_TPb,0.000000000000e+00
6717,-5,IRWDQUAL_TPb,0.000000000000e+00
6717,-7,INFILTQUAL_TPb,0.000000000000e+00
6717,-8,INFILTQUALTARGET_TPb,0.000000000000e+00
6717,0,ADTOT_TPb,0.000000000000e+00
6717,0,IQUAL_TPb,9.850831519736e-01
6717,0,ADQAL_TPb,0.000000000000e+00
6717,0,DSQAL_TPb,0.000000000000e+00
6717,0,DEPQAL_TPb,0.000000000000e+00
6717,0,SCRQAL_TPb,0.000000000000e+00
6717,1,QUAL_TPb,9.850831519736e-01
6717,1,QUBP_TPb,0.000000000000e+00
6717,0,DRAT_IGQL_TZn,1.616535063253e+01
6717,0,DRAT_OGQL_TZn,1.616535063253e+01
6717,-1,USQUAL_TZn,3.457276716998e+00
6717,-2,LUQUAL_TZn,1.270807391553e+01
6717,-1,USQUBP_TZn,0.000000000000e+00
6717,-2,LUQUBP_TZn,0.000000000000e+00
6717,-3,PSQUAL_TZn,0.000000000000e+00
6717,-4,PSWDQUAL_TZn,0.000000000000e+00
6717,-4,PSDTQUAL_TZn,0.000000000000e+00
6717,-5,IRWDQUAL_TZn,0.000000000000e+00
6717,-7,INFILTQUAL_TZn,0.000000000000e+00
6717,-8,INFILTQUALTARGET_TZn,0.000000000000e+00
6717,0,ADTOT_TZn,0.000000000000e+00
6717,0,IQUAL_TZn,1.616535063253e+01
6717,0,ADQAL_TZn,0.000000000000e+00
6717,0,DSQAL_TZn,0.000000000000e+00
6717,0,DEPQAL_TZn,0.000000000000e+00
6717,0,SCRQAL_TZn,0.000000000000e+00
6717,1,QUAL_TZn,1.616535063253e+01
6717,1,QUBP_TZn,0.000000000000e+00
6723,0,DRAT_IVOL,5.807521573789e+07
6723,0,DRAT_OVOL,5.753765062098e+07
6723,-1,USLINK,0.000000000000e+00
6723,-1,PCP,7.600889676790e+05
6723,-1,EVAP,5.375651197163e+05
6723,-1,INFILT,0.000000000000e+00
6723,-1,USIF,4.868281442391e+07
6723,-2,LUIF,8.632312346294e+06
6723,-1,USBP,0.000000000000e+00
6723,-2,LUBP,0.000000000000e+00
6723,-3,PSIF,0.000000000000e+00
6723,-4,PSWD,0.000000000000e+00
6723,-4,PSDT,0.000000000000e+00
6723,-5,IRWD,0.000000000000e+00
6723,0,IVOL,5.731512677021e+07
6723,1,RO,5.753765062098e+07
6723,1,BP,0.000000000000e+00
6723,0,DRAT_ISED_1,7.187475382989e+02
6723,0,DRAT_OSED_1,9.789146491367e+01
6723,-1,USSED_1,4.715604787694e+02
6723,-2,LUSED_1,2.428828855626e+02
6723,-1,USSBP_1,0.000000000000e+00
6723,-2,LUSBP_1,0.000000000000e+00
6723,-3,PSSED_1,0.000000000000e+00
6723,-4,PSWDSED_1,0.000000000000e+00
6723,-4,PSDTSED_1,0.000000000000e+00
6723,-5,IRWDSED_1,0.000000000000e+00
6723,0,ISED_1,7.144433643320e+02
6723,0,DEPSCR_1,6.165518994183e+02
6723,0,DEPMASS_1,6.208560733853e+02
6723,0,SCRMASS_1,4.304173966912e+00
6723,0,BEDSED_1,5.611313802347e+07
6723,1,ROSED_1,9.789146491367e+01
6723,1,BPSED_1,0.000000000000e+00
6723,0,DRAT_ISED_2,3.228475302530e+02
6723,0,DRAT_OSED_2,3.228475302526e+02
6723,-1,USSED_2,1.576340322357e+02
6723,-2,LUSED_2,8.100769088321e+01
6723,-1,USSBP_2,0.000000000000e+00
6723,-2,LUSBP_2,0.000000000000e+00
6723,-3,PSSED_2,0.000000000000e+00
6723,-4,PSWDSED_2,0.000000000000e+00
6723,-4,PSDTSED_2,0.000000000000e+00
6723,-5,IRWDSED_2,0.000000000000e+00
6723,0,ISED_2,2.386417231189e+02
6723,0,DEPSCR_2,-8.420580713408e+01
6723,0,DEPMASS_2,0.000000000000e+00
6723,0,SCRMASS_2,8.420580713408e+01
6723,0,BEDSED_2,3.963810425544e+07
6723,1,ROSED_2,3.228475302526e+02
6723,1,BPSED_2,0.000000000000e+00
6723,0,DRAT_ISED_3,3.033533164136e+02
6723,0,DRAT_OSED_3,3.033533164133e+02
6723,-1,USSED_3,1.575964613806e+02
6723,-2,LUSED_3,8.100769088321e+01
6723,-1,USSBP_3,0.000000000000e+00
6723,-2,LUSBP_3,0.000000000000e+00
6723,-3,PSSED_3,0.000000000000e+00
6723,-4,PSWDSED_3,0.000000000000e+00
6723,-4,PSDTSED_3,0.000000000000e+00
6723,-5,IRWDSED_3,0.000000000000e+00
6723,0,ISED_3,2.386041522638e+02
6723,0,DEPSCR_3,-6.474916414985e+01
6723,0,DEPMASS_3,0.000000000000e+00
6723,0,SCRMASS_3,6.474916414985e+01
6723,0,BEDSED_3,2.531596755129e+06
6723,1,ROSED_3,3.033533164133e+02
6723,1,BPSED_3,0.000000000000e+00
6723,0,DRAT_IGQL_TN,3.231699527908e+03
6723,0,DRAT_OGQL_TN,3.220118040507e+03
6723,-1,USQUAL_TN,2.734163168292e+03
6723,-2,LUQUAL_TN,4.975363596155e+02
6723,-1,USQUBP_TN,0.000000000000e+00
6723,-2,LUQUBP_TN,0.000000000000e+00
6723,-3,PSQUAL_TN,0.000000000000e+00
6723,-4,PSWDQUAL_TN,0.000000000000e+00
6723,-4,PSDTQUAL_TN,0.000000000000e+00
6723,-5,IRWDQUAL_TN,0.000000000000e+00
6723,-7,INFILTQUAL_TN,0.000000000000e+00
6723,-8,INFILTQUALTARGET_TN,0.000000000000e+00
6723,0,ADTOT_TN,0.000000000000e+00
6723,0,IQUAL_TN,3.231699527908e+03
6723,0,ADQAL_TN,0.000000000000e+00
6723,0,DSQAL_TN,0.000000000000e+00
6723,0,DEPQAL_TN,0.000000000000e+00
6723,0,SCRQAL_TN,0.000000000000e+00
6723,1,QUAL_TN,3.220118040507e+03
6723,1,QUBP_TN,0.000000000000e+00
6723,0,DRAT_IGQL_TP,2.737039815537e+03
6723,0,DRAT_OGQL_TP,2.729867608331e+03
6723,-1,USQUAL_TP,1.890046161417e+03
6723,-2,LUQUAL_TP,8.469936541201e+02
6723,-1,USQUBP_TP,0.000000000000e+00
6723,-2,LUQUBP_TP,0.000000000000e+00
6723,-3,PSQUAL_TP,0.000000000000e+00
6723,-4,PSWDQUAL_TP,0.000000000000e+00
6723,-4,PSDTQUAL_TP,0.000000000000e+00
6723,-5,IRWDQUAL_TP,0.000000000000e+00
6723,-7,INFILTQUAL_TP,0.000000000000e+00
6723,-8,INFILTQUALTARGET_TP,0.000000000000e+00
6723,0,ADTOT_TP,0.000000000000e+00
6723,0,IQUAL_TP,2.737039815537e+03
6723,0,ADQAL_TP,0.000000000000e+00
6723,0,DSQAL_TP,0.000000000000e+00
6723,0,DEPQAL_TP,0.000000000000e+00
6723,0,SCRQAL_TP,0.000000000000e+00
6723,1,QUAL_TP,2.729867608331e+03
6723,1,QUBP_TP,0.000000000000e+00
6723,0,DRAT_IGQL_TCd,1.192267255646e+00
6723,0,DRAT_OGQL_TCd,1.189142875609e+00
6723,-1,USQUAL_TCd,7.874620809780e-01
6723,-2,LUQUAL_TCd,4.048051746684e-01
6723,-1,USQUBP_TCd,0.000000000000e+00
6723,-2,LUQUBP_TCd,0.000000000000e+00
6723,-3,PSQUAL_TCd,0.000000000000e+00
6723,-4,PSWDQUAL_TCd,0.000000000000e+00
6723,-4,PSDTQUAL_TCd,0.000000000000e+00
6723,-5,IRWDQUAL_TCd,0.000000000000e+00
6723,-7,INFILTQUAL_TCd,0.000000000000e+00
6723,-8,INFILTQUALTARGET_TCd,0.000000000000e+00
6723,0,ADTOT_TCd,0.000000000000e+00
6723,0,IQUAL_TCd,1.192267255646e+00
6723,0,ADQAL_TCd,0.000000000000e+00
6723,0,DSQAL_TCd,0.000000000000e+00
6723,0,DEPQAL_TCd,0.000000000000e+00
6723,0,SCRQAL_TCd,0.000000000000e+00
6723,1,QUAL_TCd,1.189142875609e+00
6723,1,QUBP_TCd,0.000000000000e+00
6723,0,DRAT_IGQL_TCu,1.192271252708e+02
6723,0,DRAT_OGQL_TCu,1.189146865728e+02
6723,-1,USQUAL_TCu,7.874660780398e+01
6723,-2,LUQUAL_TCu,4.048051746684e+01
6723,-1,USQUBP_TCu,0.000000000000e+00
6723,-2,LUQUBP_TCu,0.000000000000e+00
6723,-3,PSQUAL_TCu,0.000000000000e+00
6723,-4,PSWDQUAL_TCu,0.000000000000e+00
6723,-4,PSDTQUAL_TCu,0.000000000000e+00
6723,-5,IRWDQUAL_TCu,0.000000000000e+00
6723,-7,INFILTQUAL_TCu,0.000000000000e+00
6723,-8,INFILTQUALTARGET_TCu,0.000000000000e+00
6723,0,ADTOT_TCu,0.000000000000e+00
6723,0,IQUAL_TCu,1.192271252708e+02
6723,0,ADQAL_TCu,0.000000000000e+00
6723,0,DSQAL_TCu,0.000000000000e+00
6723,0,DEPQAL_TCu,0.000000000000e+00
6723,0,SCRQAL_TCu,0.000000000000e+00
6723,1,QUAL_TCu,1.189146865728e+02
6723,1,QUBP_TCu,0.000000000000e+00
6723,0,DRAT_IGQL_TPb,1.193493650250e+01
6723,0,DRAT_OGQL_TPb,1.190371161746e+01
6723,-1,USQUAL_TPb,7.886884755814e+00
6723,-2,LUQUAL_TPb,4.048051746684e+00
6723,-1,USQUBP_TPb,0.000000000000e+00
6723,-2,LUQUBP_TPb,0.000000000000e+00
6723,-3,PSQUAL_TPb,0.000000000000e+00
6723,-4,PSWDQUAL_TPb,0.000000000000e+00
6723,-4,PSDTQUAL_TPb,0.000000000000e+00
6723,-5,IRWDQUAL_TPb,0.000000000000e+00
6723,-7,INFILTQUAL_TPb,0.000000000000e+00
6723,-8,INFILTQUALTARGET_TPb,0.000000000000e+00
6723,0,ADTOT_TPb,0.000000000000e+00
6723,0,IQUAL_TPb,1.193493650250e+01
6723,0,ADQAL_TPb,0.000000000000e+00
6723,0,DSQAL_TPb,0.000000000000e+00
6723,0,DEPQAL_TPb,0.000000000000e+00
6723,0,SCRQAL_TPb,0.000000000000e+00
6723,1,QUAL_TPb,1.190371161746e+01
6723,1,QUBP_TPb,0.000000000000e+00
6723,0,DRAT_IGQL_TZn,9.150741440569e+02
6723,0,DRAT_OGQL_TZn,9.127488285657e+02
6723,-1,USQUAL_TZn,6.185444147670e+02
6723,-2,LUQUAL_TZn,2.965297292899e+02
6723,-1,USQUBP_TZn,0.000000000000e+00
6723,-2,LUQUBP_TZn,0.000000000000e+00
6723,-3,PSQUAL_TZn,0.000000000000e+00
6723,-4,PSWDQUAL_TZn,0.000000000000e+00
6723,-4,PSDTQUAL_TZn,0.000000000000e+00
6723,-5,IRWDQUAL_TZn,0.000000000000e+00
6723,-7,INFILTQUAL_TZn,0.000000000000e+00
6723,-8,INFILTQUALTARGET_TZn,0.000000000000e+00
6723,0,ADTOT_TZn,0.000000000000e+00
6723,0,IQUAL_TZn,9.150741440569e+02
6723,0,ADQAL_TZn,0.000000000000e+00
6723,0,DSQAL_TZn,0.000000000000e+00
6723,0,DEPQAL_TZn,0.000000000000e+00
6723,0,SCRQAL_TZn,0.000000000000e+00
6723,1,QUAL_TZn,9.127488285657e+02
6723,1,QUBP_TZn,0.000000000000e+00
6707,0,DRAT_IVOL,3.361168124202e+06
6707,0,DRAT_OVOL,3.361168124202e+06
6707,-1,USLINK,0.000000000000e+00
6707,-1,PCP,0.000000000000e+00
6707,-1,EVAP,0.000000000000e+00
6707,-1,INFILT,0.000000000000e+00
6707,-1,USIF,1.020860125838e+06
6707,-2,LUIF,2.340307998364e+06
6707,-1,USBP,0.000000000000e+00
6707,-2,LUBP,0.000000000000e+00
6707,-3,PSIF,0.000000000000e+00
6707,-4,PSWD,0.000000000000e+00
6707,-4,PSDT,0.000000000000e+00
6707,-5,IRWD,0.000000000000e+00
6707,0,IVOL,3.361168124202e+06
6707,1,RO,3.361168124202e+06
6707,1,BP,0.000000000000e+00
6707,0,DRAT_ISED_1,1.827002961130e+00
6707,0,DRAT_OSED_1,1.827002961130e+00
6707,-1,USSED_1,9.974639001275e-01
6707,-2,LUSED_1,8.295390610025e-01
6707,-1,USSBP_1,0.000000000000e+00
6707,-2,LUSBP_1,0.000000000000e+00
6707,-3,PSSED_1,0.000000000000e+00
6707,-4,PSWDSED_1,0.000000000000e+00
6707,-4,PSDTSED_1,0.000000000000e+00
6707,-5,IRWDSED_1,0.000000000000e+00
6707,0,ISED_1,1.827002961130e+00
6707,0,DEPSCR_1,0.000000000000e+00
6707,0,DEPMASS_1,0.000000000000e+00
6707,0,SCRMASS_1,0.000000000000e+00
6707,0,BEDSED_1,0.000000000000e+00
6707,1,ROSED_1,1.827002961130e+00
6707,1,BPSED_1,0.000000000000e+00
6707,0,DRAT_ISED_2,6.813626444521e+00
6707,0,DRAT_OSED_2,6.813626444521e+00
6707,-1,USSED_2,2.273427457836e+00
6707,-2,LUSED_2,4.540198986685e+00
6707,-1,USSBP_2,0.000000000000e+00
6707,-2,LUSBP_2,0.000000000000e+00
6707,-3,PSSED_2,0.000000000000e+00
6707,-4,PSWDSED_2,0.000000000000e+00
6707,-4,PSDTSED_2,0.000000000000e+00
6707,-5,IRWDSED_2,0.000000000000e+00
6707,0,ISED_2,6.813626444521e+00
6707,0,DEPSCR_2,0.000000000000e+00
6707,0,DEPMASS_2,0.000000000000e+00
6707,0,SCRMASS_2,0.000000000000e+00
6707,0,BEDSED_2,0.000000000000e+00
6707,1,ROSED_2,6.813626444521e+00
6707,1,BPSED_2,0.000000000000e+00
6707,0,DRAT_ISED_3,2.167049211504e+00
6707,0,DRAT_OSED_3,2.167049211504e+00
6707,-1,USSED_3,8.367346167762e-01
6707,-2,LUSED_3,1.330314594728e+00
6707,-1,USSBP_3,0.000000000000e+00
6707,-2,LUSBP_3,0.000000000000e+00
6707,-3,PSSED_3,0.000000000000e+00
6707,-4,PSWDSED_3,0.000000000000e+00
6707,-4,PSDTSED_3,0.000000000000e+00
6707,-5,IRWDSED_3,0.000000000000e+00
6707,0,ISED_3,2.167049211504e+00
6707,0,DEPSCR_3,0.000000000000e+00
6707,0,DEPMASS_3,0.000000000000e+00
6707,0,SCRMASS_3,0.000000000000e+00
6707,0,BEDSED_3,0.000000000000e+00
6707,1,ROSED_3,2.167049211504e+00
6707,1,BPSED_3,0.000000000000e+00
6707,0,DRAT_IGQL_TN,4.360267512187e+02
6707,0,DRAT_OGQL_TN,4.360267512187e+02
6707,-1,USQUAL_TN,1.356016804927e+02
6707,-2,LUQUAL_TN,3.004250707260e+02
6707,-1,USQUBP_TN,0.000000000000e+00
6707,-2,LUQUBP_TN,0.000000000000e+00
6707,-3,PSQUAL_TN,0.000000000000e+00
6707,-4,PSWDQUAL_TN,0.000000000000e+00
6707,-4,PSDTQUAL_TN,0.000000000000e+00
6707,-5,IRWDQUAL_TN,0.000000000000e+00
6707,-7,INFILTQUAL_TN,0.000000000000e+00
6707,-8,INFILTQUALTARGET_TN,0.000000000000e+00
6707,0,ADTOT_TN,0.000000000000e+00
6707,0,IQUAL_TN,4.360267512187e+02
6707,0,ADQAL_TN,0.000000000000e+00
6707,0,DSQAL_TN,0.000000000000e+00
6707,0,DEPQAL_TN,0.000000000000e+00
6707,0,SCRQAL_TN,0.000000000000e+00
6707,1,QUAL_TN,4.360267512187e+02
6707,1,QUBP_TN,0.000000000000e+00
6707,0,DRAT_IGQL_TP,6.044346996245e+01
6707,0,DRAT_OGQL_TP,6.044346996245e+01
6707,-1,USQUAL_TP,2.065124216327e+01
6707,-2,LUQUAL_TP,3.979222779918e+01
6707,-1,USQUBP_TP,0.000000000000e+00
6707,-2,LUQUBP_TP,0.000000000000e+00
6707,-3,PSQUAL_TP,0.000000000000e+00
6707,-4,PSWDQUAL_TP,0.000000000000e+00
6707,-4,PSDTQUAL_TP,0.000000000000e+00
6707,-5,IRWDQUAL_TP,0.000000000000e+00
6707,-7,INFILTQUAL_TP,0.000000000000e+00
6707,-8,INFILTQUALTARGET_TP,0.000000000000e+00
6707,0,ADTOT_TP,0.000000000000e+00
6707,0,IQUAL_TP,6.044346996245e+01
6707,0,ADQAL_TP,0.000000000000e+00
6707,0,DSQAL_TP,0.000000000000e+00
6707,0,DEPQAL_TP,0.000000000000e+00
6707,0,SCRQAL_TP,0.000000000000e+00
6707,1,QUAL_TP,6.044346996245e+01
6707,1,QUBP_TP,0.000000000000e+00
6707,0,DRAT_IGQL_TCd,8.142287555696e-02
6707,0,DRAT_OGQL_TCd,8.142287555696e-02
6707,-1,USQUAL_TCd,2.428980589728e-02
6707,-2,LUQUAL_TCd,5.713306965969e-02
6707,-1,USQUBP_TCd,0.000000000000e+00
6707,-2,LUQUBP_TCd,0.000000000000e+00
6707,-3,PSQUAL_TCd,0.000000000000e+00
6707,-4,PSWDQUAL_TCd,0.000000000000e+00
6707,-4,PSDTQUAL_TCd,0.000000000000e+00
6707,-5,IRWDQUAL_TCd,0.000000000000e+00
6707,-7,INFILTQUAL_TCd,0.000000000000e+00
6707,-8,INFILTQUALTARGET_TCd,0.000000000000e+00
6707,0,ADTOT_TCd,0.000000000000e+00
6707,0,IQUAL_TCd,8.142287555696e-02
6707,0,ADQAL_TCd,0.000000000000e+00
6707,0,DSQAL_TCd,0.000000000000e+00
6707,0,DEPQAL_TCd,0.000000000000e+00
6707,0,SCRQAL_TCd,0.000000000000e+00
6707,1,QUAL_TCd,8.142287555696e-02
6707,1,QUBP_TCd,0.000000000000e+00
6707,0,DRAT_IGQL_TCu,8.240063366005e+00
6707,0,DRAT_OGQL_TCu,8.240063366005e+00
6707,-1,USQUAL_TCu,2.451662373002e+00
6707,-2,LUQUAL_TCu,5.788400993003e+00
6707,-1,USQUBP_TCu,0.000000000000e+00
6707,-2,LUQUBP_TCu,0.000000000000e+00
6707,-3,PSQUAL_TCu,0.000000000000e+00
6707,-4,PSWDQUAL_TCu,0.000000000000e+00
6707,-4,PSDTQUAL_TCu,0.000000000000e+00
6707,-5,IRWDQUAL_TCu,0.000000000000e+00
6707,-7,INFILTQUAL_TCu,0.000000000000e+00
6707,-8,INFILTQUALTARGET_TCu,0.000000000000e+00
6707,0,ADTOT_TCu,0.000000000000e+00
6707,0,IQUAL_TCu,8.240063366005e+00
6707,0,ADQAL_TCu,0.000000000000e+00
6707,0,DSQAL_TCu,0.000000000000e+00
6707,0,DEPQAL_TCu,0.000000000000e+00
6707,0,SCRQAL_TCu,0.000000000000e+00
6707,1,QUAL_TCu,8.240063366005e+00
6707,1,QUBP_TCu,0.000000000000e+00
6707,0,DRAT_IGQL_TPb,9.874801085975e+00
6707,0,DRAT_OGQL_TPb,9.874801085975e+00
6707,-1,USQUAL_TPb,3.039314733016e+00
6707,-2,LUQUAL_TPb,6.835486352959e+00
6707,-1,USQUBP_TPb,0.000000000000e+00
6707,-2,LUQUBP_TPb,0.000000000000e+00
6707,-3,PSQUAL_TPb,0.000000000000e+00
6707,-4,PSWDQUAL_TPb,0.000000000000e+00
6707,-4,PSDTQUAL_TPb,0.000000000000e+00
6707,-5,IRWDQUAL_TPb,0.000000000000e+00
6707,-7,INFILTQUAL_TPb,0.000000000000e+00
6707,-8,INFILTQUALTARGET_TPb,0.000000000000e+00
6707,0,ADTOT_TPb,0.000000000000e+00
6707,0,IQUAL_TPb,9.874801085975e+00
6707,0,ADQAL_TPb,0.000000000000e+00
6707,0,DSQAL_TPb,0.000000000000e+00
6707,0,DEPQAL_TPb,0.000000000000e+00
6707,0,SCRQAL_TPb,0.000000000000e+00
6707,1,QUAL_TPb,9.874801085975e+00
6707,1,QUBP_TPb,0.000000000000e+00
6707,0,DRAT_IGQL_TZn,3.612289450114e+01
6707,0,DRAT_OGQL_TZn,3.612289450114e+01
6707,-1,USQUAL_TZn,1.170786321518e+01
6707,-2,LUQUAL_TZn,2.441503128596e+01
6707,-1,USQUBP_TZn,0.000000000000e+00
6707,-2,LUQUBP_TZn,0.000000000000e+00
6707,-3,PSQUAL_TZn,0.000000000000e+00
6707,-4,PSWDQUAL_TZn,0.000000000000e+00
6707,-4,PSDTQUAL_TZn,0.000000000000e+00
6707,-5,IRWDQUAL_TZn,0.000000000000e+00
6707,-7,INFILTQUAL_TZn,0.000000000000e+00
6707,-8,INFILTQUALTARGET_TZn,0.000000000000e+00
6707,0,ADTOT_TZn,0.000000000000e+00
6707,0,IQUAL_TZn,3.612289450114e+01
6707,0,ADQAL_TZn,0.000000000000e+00
6707,0,DSQAL_TZn,0.000000000000e+00
6707,0,DEPQAL_TZn,0.000000000000e+00
6707,0,SCRQAL_TZn,0.000000000000e+00
6707,1,QUAL_TZn,3.612289450114e+01
6707,1,QUBP_TZn,0.000000000000e+00
6721,0,DRAT_IVOL,1.109846762004e+08
6721,0,DRAT_OVOL,1.109846762004e+08
6721,-1,USLINK,0.000000000000e+00
6721,-1,PCP,0.000000000000e+00
6721,-1,EVAP,0.000000000000e+00
6721,-1,INFILT,0.000000000000e+00
6721,-1,USIF,6.804041596039e+07
6721,-2,LUIF,4.294426023998e+07
6721,-1,USBP,0.000000000000e+00
6721,-2,LUBP,0.000000000000e+00
6721,-3,PSIF,0.000000000000e+00
6721,-4,PSWD,0.000000000000e+00
6721,-4,PSDT,0.000000000000e+00
6721,-5,IRWD,0.000000000000e+00
6721,0,IVOL,1.109846762004e+08
6721,1,RO,1.109846762004e+08
6721,1,BP,0.000000000000e+00
6721,0,DRAT_ISED_1,4.219844790230e+02
6721,0,DRAT_OSED_1,4.219844790230e+02
6721,-1,USSED_1,1.742636706621e+02
6721,-2,LUSED_1,2.477208083609e+02
6721,-1,USSBP_1,0.000000000000e+00
6721,-2,LUSBP_1,0.000000000000e+00
6721,-3,PSSED_1,0.000000000000e+00
6721,-4,PSWDSED_1,0.000000000000e+00
6721,-4,PSDTSED_1,0.000000000000e+00
6721,-5,IRWDSED_1,0.000000000000e+00
6721,0,ISED_1,4.219844790230e+02
6721,0,DEPSCR_1,0.000000000000e+00
6721,0,DEPMASS_1,0.000000000000e+00
6721,0,SCRMASS_1,0.000000000000e+00
6721,0,BEDSED_1,0.000000000000e+00
6721,1,ROSED_1,4.219844790230e+02
6721,1,BPSED_1,0.000000000000e+00
6721,0,DRAT_ISED_2,4.316267226175e+02
6721,0,DRAT_OSED_2,4.316267226175e+02
6721,-1,USSED_2,3.483863353450e+02
6721,-2,LUSED_2,8.324038727249e+01
6721,-1,USSBP_2,0.000000000000e+00
6721,-2,LUSBP_2,0.000000000000e+00
6721,-3,PSSED_2,0.000000000000e+00
6721,-4,PSWDSED_2,0.000000000000e+00
6721,-4,PSDTSED_2,0.000000000000e+00
6721,-5,IRWDSED_2,0.000000000000e+00
6721,0,ISED_2,4.316267226175e+02
6721,0,DEPSCR_2,0.000000000000e+00
6721,0,DEPMASS_2,0.000000000000e+00
6721,0,SCRMASS_2,0.000000000000e+00
6721,0,BEDSED_2,0.000000000000e+00
6721,1,ROSED_2,4.316267226175e+02
6721,1,BPSED_2,0.000000000000e+00
6721,0,DRAT_ISED_3,4.119294900170e+02
6721,0,DRAT_OSED_3,4.119294900170e+02
6721,-1,USSED_3,3.288921215057e+02
6721,-2,LUSED_3,8.303736851121e+01
6721,-1,USSBP_3,0.000000000000e+00
6721,-2,LUSBP_3,0.000000000000e+00
6721,-3,PSSED_3,0.000000000000e+00
6721,-4,PSWDSED_3,0.000000000000e+00
6721,-4,PSDTSED_3,0.000000000000e+00
6721,-5,IRWDSED_3,0.000000000000e+00
6721,0,ISED_3,4.119294900170e+02
6721,0,DEPSCR_3,0.000000000000e+00
6721,0,DEPMASS_3,0.000000000000e+00
6721,0,SCRMASS_3,0.000000000000e+00
6721,0,BEDSED_3,0.000000000000e+00
6721,1,ROSED_3,4.119294900170e+02
6721,1,BPSED_3,0.000000000000e+00
6721,0,DRAT_IGQL_TN,6.492631753817e+03
6721,0,DRAT_OGQL_TN,6.492631753817e+03
6721,-1,USQUAL_TN,3.824950055844e+03
6721,-2,LUQUAL_TN,2.667681697973e+03
6721,-1,USQUBP_TN,0.000000000000e+00
6721,-2,LUQUBP_TN,0.000000000000e+00
6721,-3,PSQUAL_TN,0.000000000000e+00
6721,-4,PSWDQUAL_TN,0.000000000000e+00
6721,-4,PSDTQUAL_TN,0.000000000000e+00
6721,-5,IRWDQUAL_TN,0.000000000000e+00
6721,-7,INFILTQUAL_TN,0.000000000000e+00
6721,-8,INFILTQUALTARGET_TN,0.000000000000e+00
6721,0,ADTOT_TN,0.000000000000e+00
6721,0,IQUAL_TN,6.492631753817e+03
6721,0,ADQAL_TN,0.000000000000e+00
6721,0,DSQAL_TN,0.000000000000e+00
6721,0,DEPQAL_TN,0.000000000000e+00
6721,0,SCRQAL_TN,0.000000000000e+00
6721,1,QUAL_TN,6.492631753817e+03
6721,1,QUBP_TN,0.000000000000e+00
6721,0,DRAT_IGQL_TP,4.186993660954e+03
6721,0,DRAT_OGQL_TP,4.186993660954e+03
6721,-1,USQUAL_TP,3.049564593139e+03
6721,-2,LUQUAL_TP,1.137429067815e+03
6721,-1,USQUBP_TP,0.000000000000e+00
6721,-2,LUQUBP_TP,0.000000000000e+00
6721,-3,PSQUAL_TP,0.000000000000e+00
6721,-4,PSWDQUAL_TP,0.000000000000e+00
6721,-4,PSDTQUAL_TP,0.000000000000e+00
6721,-5,IRWDQUAL_TP,0.000000000000e+00
6721,-7,INFILTQUAL_TP,0.000000000000e+00
6721,-8,INFILTQUALTARGET_TP,0.000000000000e+00
6721,0,ADTOT_TP,0.000000000000e+00
6721,0,IQUAL_TP,4.186993660954e+03
6721,0,ADQAL_TP,0.000000000000e+00
6721,0,DSQAL_TP,0.000000000000e+00
6721,0,DEPQAL_TP,0.000000000000e+00
6721,0,SCRQAL_TP,0.000000000000e+00
6721,1,QUAL_TP,4.186993660954e+03
6721,1,QUBP_TP,0.000000000000e+00
6721,0,DRAT_IGQL_TCd,1.736671234878e+00
6721,0,DRAT_OGQL_TCd,1.736671234878e+00
6721,-1,USQUAL_TCd,1.316432191435e+00
6721,-2,LUQUAL_TCd,4.202390434434e-01
6721,-1,USQUBP_TCd,0.000000000000e+00
6721,-2,LUQUBP_TCd,0.000000000000e+00
6721,-3,PSQUAL_TCd,0.000000000000e+00
6721,-4,PSWDQUAL_TCd,0.000000000000e+00
6721,-4,PSDTQUAL_TCd,0.000000000000e+00
6721,-5,IRWDQUAL_TCd,0.000000000000e+00
6721,-7,INFILTQUAL_TCd,0.000000000000e+00
6721,-8,INFILTQUALTARGET_TCd,0.000000000000e+00
6721,0,ADTOT_TCd,0.000000000000e+00
6721,0,IQUAL_TCd,1.736671234878e+00
6721,0,ADQAL_TCd,0.000000000000e+00
6721,0,DSQAL_TCd,0.000000000000e+00
6721,0,DEPQAL_TCd,0.000000000000e+00
6721,0,SCRQAL_TCd,0.000000000000e+00
6721,1,QUAL_TCd,1.736671234878e+00
6721,1,QUBP_TCd,0.000000000000e+00
6721,0,DRAT_IGQL_TCu,1.736710685211e+02
6721,0,DRAT_OGQL_TCu,1.736710685211e+02
6721,-1,USQUAL_TCu,1.316436181553e+02
6721,-2,LUQUAL_TCu,4.202745036581e+01
6721,-1,USQUBP_TCu,0.000000000000e+00
6721,-2,LUQUBP_TCu,0.000000000000e+00
6721,-3,PSQUAL_TCu,0.000000000000e+00
6721,-4,PSWDQUAL_TCu,0.000000000000e+00
6721,-4,PSDTQUAL_TCu,0.000000000000e+00
6721,-5,IRWDQUAL_TCu,0.000000000000e+00
6721,-7,INFILTQUAL_TCu,0.000000000000e+00
6721,-8,INFILTQUALTARGET_TCu,0.000000000000e+00
6721,0,ADTOT_TCu,0.000000000000e+00
6721,0,IQUAL_TCu,1.736710685211e+02
6721,0,ADQAL_TCu,0.000000000000e+00
6721,0,DSQAL_TCu,0.000000000000e+00
6721,0,DEPQAL_TCu,0.000000000000e+00
6721,0,SCRQAL_TCu,0.000000000000e+00
6721,1,QUAL_TCu,1.736710685211e+02
6721,1,QUBP_TCu,0.000000000000e+00
6721,0,DRAT_IGQL_TPb,1.746167227105e+01
6721,0,DRAT_OGQL_TPb,1.746167227105e+01
6721,-1,USQUAL_TPb,1.317658286222e+01
6721,-2,LUQUAL_TPb,4.285089408829e+00
6721,-1,USQUBP_TPb,0.000000000000e+00
6721,-2,LUQUBP_TPb,0.000000000000e+00
6721,-3,PSQUAL_TPb,0.000000000000e+00
6721,-4,PSWDQUAL_TPb,0.000000000000e+00
6721,-4,PSDTQUAL_TPb,0.000000000000e+00
6721,-5,IRWDQUAL_TPb,0.000000000000e+00
6721,-7,INFILTQUAL_TPb,0.000000000000e+00
6721,-8,INFILTQUALTARGET_TPb,0.000000000000e+00
6721,0,ADTOT_TPb,0.000000000000e+00
6721,0,IQUAL_TPb,1.746167227105e+01
6721,0,ADQAL_TPb,0.000000000000e+00
6721,0,DSQAL_TPb,0.000000000000e+00
6721,0,DEPQAL_TPb,0.000000000000e+00
6721,0,SCRQAL_TPb,0.000000000000e+00
6721,1,QUAL_TPb,1.746167227105e+01
6721,1,QUBP_TPb,0.000000000000e+00
6721,0,DRAT_IGQL_TZn,1.370352410387e+03
6721,0,DRAT_OGQL_TZn,1.370352410387e+03
6721,-1,USQUAL_TZn,1.014956225392e+03
6721,-2,LUQUAL_TZn,3.553961849953e+02
6721,-1,USQUBP_TZn,0.000000000000e+00
6721,-2,LUQUBP_TZn,0.000000000000e+00
6721,-3,PSQUAL_TZn,0.000000000000e+00
6721,-4,PSWDQUAL_TZn,0.000000000000e+00
6721,-4,PSDTQUAL_TZn,0.000000000000e+00
6721,-5,IRWDQUAL_TZn,0.000000000000e+00
6721,-7,INFILTQUAL_TZn,0.000000000000e+00
6721,-8,INFILTQUALTARGET_TZn,0.000000000000e+00
6721,0,ADTOT_TZn,0.000000000000e+00
6721,0,IQUAL_TZn,1.370352410387e+03
6721,0,ADQAL_TZn,0.000000000000e+00
6721,0,DSQAL_TZn,0.000000000000e+00
6721,0,DEPQAL_TZn,0.000000000000e+00
6721,0,SCRQAL_TZn,0.000000000000e+00
6721,1,QUAL_TZn,1.370352410387e+03
6721,1,QUBP_TZn,0.000000000000e+00
6703,0,DRAT_IVOL,1.471399646271e+07
6703,0,DRAT_OVOL,1.471399646271e+07
6703,-1,USLINK,0.000000000000e+00
6703,-1,PCP,0.000000000000e+00
6703,-1,EVAP,0.000000000000e+00
6703,-1,INFILT,0.000000000000e+00
6703,-1,USIF,1.221056624174e+07
6703,-2,LUIF,2.503430220965e+06
6703,-1,USBP,0.000000000000e+00
6703,-2,LUBP,0.000000000000e+00
6703,-3,PSIF,0.000000000000e+00
6703,-4,PSWD,0.000000000000e+00
6703,-4,PSDT,0.000000000000e+00
6703,-5,IRWD,0.000000000000e+00
6703,0,IVOL,1.471399646271e+07
6703,1,RO,1.471399646271e+07
6703,1,BP,0.000000000000e+00
6703,0,DRAT_ISED_1,2.363291683549e+01
6703,0,DRAT_OSED_1,2.363291683549e+01
6703,-1,USSED_1,2.254401817798e+01
6703,-2,LUSED_1,1.088898657515e+00
6703,-1,USSBP_1,0.000000000000e+00
6703,-2,LUSBP_1,0.000000000000e+00
6703,-3,PSSED_1,0.000000000000e+00
6703,-4,PSWDSED_1,0.000000000000e+00
6703,-4,PSDTSED_1,0.000000000000e+00
6703,-5,IRWDSED_1,0.000000000000e+00
6703,0,ISED_1,2.363291683549e+01
6703,0,DEPSCR_1,0.000000000000e+00
6703,0,DEPMASS_1,0.000000000000e+00
6703,0,SCRMASS_1,0.000000000000e+00
6703,0,BEDSED_1,0.000000000000e+00
6703,1,ROSED_1,2.363291683549e+01
6703,1,BPSED_1,0.000000000000e+00
6703,0,DRAT_ISED_2,3.426654633674e+01
6703,0,DRAT_OSED_2,3.426654633674e+01
6703,-1,USSED_2,2.892067420218e+01
6703,-2,LUSED_2,5.345872134555e+00
6703,-1,USSBP_2,0.000000000000e+00
6703,-2,LUSBP_2,0.000000000000e+00
6703,-3,PSSED_2,0.000000000000e+00
6703,-4,PSWDSED_2,0.000000000000e+00
6703,-4,PSDTSED_2,0.000000000000e+00
6703,-5,IRWDSED_2,0.000000000000e+00
6703,0,ISED_2,3.426654633674e+01
6703,0,DEPSCR_2,0.000000000000e+00
6703,0,DEPMASS_2,0.000000000000e+00
6703,0,SCRMASS_2,0.000000000000e+00
6703,0,BEDSED_2,0.000000000000e+00
6703,1,ROSED_2,3.426654633674e+01
6703,1,BPSED_2,0.000000000000e+00
6703,0,DRAT_ISED_3,1.469366087124e+01
6703,0,DRAT_OSED_3,1.469366087124e+01
6703,-1,USSED_3,1.308524609510e+01
6703,-2,LUSED_3,1.608414776137e+00
6703,-1,USSBP_3,0.000000000000e+00
6703,-2,LUSBP_3,0.000000000000e+00
6703,-3,PSSED_3,0.000000000000e+00
6703,-4,PSWDSED_3,0.000000000000e+00
6703,-4,PSDTSED_3,0.000000000000e+00
6703,-5,IRWDSED_3,0.000000000000e+00
6703,0,ISED_3,1.469366087124e+01
6703,0,DEPSCR_3,0.000000000000e+00
6703,0,DEPMASS_3,0.000000000000e+00
6703,0,SCRMASS_3,0.000000000000e+00
6703,0,BEDSED_3,0.000000000000e+00
6703,1,ROSED_3,1.469366087124e+01
6703,1,BPSED_3,0.000000000000e+00
6703,0,DRAT_IGQL_TN,1.775278972237e+03
6703,0,DRAT_OGQL_TN,1.775278972237e+03
6703,-1,USQUAL_TN,1.491230877737e+03
6703,-2,LUQUAL_TN,2.840480945000e+02
6703,-1,USQUBP_TN,0.000000000000e+00
6703,-2,LUQUBP_TN,0.000000000000e+00
6703,-3,PSQUAL_TN,0.000000000000e+00
6703,-4,PSWDQUAL_TN,0.000000000000e+00
6703,-4,PSDTQUAL_TN,0.000000000000e+00
6703,-5,IRWDQUAL_TN,0.000000000000e+00
6703,-7,INFILTQUAL_TN,0.000000000000e+00
6703,-8,INFILTQUALTARGET_TN,0.000000000000e+00
6703,0,ADTOT_TN,0.000000000000e+00
6703,0,IQUAL_TN,1.775278972237e+03
6703,0,ADQAL_TN,0.000000000000e+00
6703,0,DSQAL_TN,0.000000000000e+00
6703,0,DEPQAL_TN,0.000000000000e+00
6703,0,SCRQAL_TN,0.000000000000e+00
6703,1,QUAL_TN,1.775278972237e+03
6703,1,QUBP_TN,0.000000000000e+00
6703,0,DRAT_IGQL_TP,3.056693156599e+02
6703,0,DRAT_OGQL_TP,3.056693156599e+02
6703,-1,USQUAL_TP,2.568627103507e+02
6703,-2,LUQUAL_TP,4.880660530914e+01
6703,-1,USQUBP_TP,0.000000000000e+00
6703,-2,LUQUBP_TP,0.000000000000e+00
6703,-3,PSQUAL_TP,0.000000000000e+00
6703,-4,PSWDQUAL_TP,0.000000000000e+00
6703,-4,PSDTQUAL_TP,0.000000000000e+00
6703,-5,IRWDQUAL_TP,0.000000000000e+00
6703,-7,INFILTQUAL_TP,0.000000000000e+00
6703,-8,INFILTQUALTARGET_TP,0.000000000000e+00
6703,0,ADTOT_TP,0.000000000000e+00
6703,0,IQUAL_TP,3.056693156599e+02
6703,0,ADQAL_TP,0.000000000000e+00
6703,0,DSQAL_TP,0.000000000000e+00
6703,0,DEPQAL_TP,0.000000000000e+00
6703,0,SCRQAL_TP,0.000000000000e+00
6703,1,QUAL_TP,3.056693156599e+02
6703,1,QUBP_TP,0.000000000000e+00
6703,0,DRAT_IGQL_TCd,4.469955292443e-01
6703,0,DRAT_OGQL_TCd,4.469955292443e-01
6703,-1,USQUAL_TCd,3.418667643589e-01
6703,-2,LUQUAL_TCd,1.051287648854e-01
6703,-1,USQUBP_TCd,0.000000000000e+00
6703,-2,LUQUBP_TCd,0.000000000000e+00
6703,-3,PSQUAL_TCd,0.000000000000e+00
6703,-4,PSWDQUAL_TCd,0.000000000000e+00
6703,-4,PSDTQUAL_TCd,0.000000000000e+00
6703,-5,IRWDQUAL_TCd,0.000000000000e+00
6703,-7,INFILTQUAL_TCd,0.000000000000e+00
6703,-8,INFILTQUALTARGET_TCd,0.000000000000e+00
6703,0,ADTOT_TCd,0.000000000000e+00
6703,0,IQUAL_TCd,4.469955292443e-01
6703,0,ADQAL_TCd,0.000000000000e+00
6703,0,DSQAL_TCd,0.000000000000e+00
6703,0,DEPQAL_TCd,0.000000000000e+00
6703,0,SCRQAL_TCd,0.000000000000e+00
6703,1,QUAL_TCd,4.469955292443e-01
6703,1,QUBP_TCd,0.000000000000e+00
6703,0,DRAT_IGQL_TCu,4.503290742016e+01
6703,0,DRAT_OGQL_TCu,4.503290742016e+01
6703,-1,USQUAL_TCu,3.448867674120e+01
6703,-2,LUQUAL_TCu,1.054423067897e+01
6703,-1,USQUBP_TCu,0.000000000000e+00
6703,-2,LUQUBP_TCu,0.000000000000e+00
6703,-3,PSQUAL_TCu,0.000000000000e+00
6703,-4,PSWDQUAL_TCu,0.000000000000e+00
6703,-4,PSDTQUAL_TCu,0.000000000000e+00
6703,-5,IRWDQUAL_TCu,0.000000000000e+00
6703,-7,INFILTQUAL_TCu,0.000000000000e+00
6703,-8,INFILTQUALTARGET_TCu,0.000000000000e+00
6703,0,ADTOT_TCu,0.000000000000e+00
6703,0,IQUAL_TCu,4.503290742016e+01
6703,0,ADQAL_TCu,0.000000000000e+00
6703,0,DSQAL_TCu,0.000000000000e+00
6703,0,DEPQAL_TCu,0.000000000000e+00
6703,0,SCRQAL_TCu,0.000000000000e+00
6703,1,QUAL_TCu,4.503290742016e+01
6703,1,QUBP_TCu,0.000000000000e+00
6703,0,DRAT_IGQL_TPb,4.264172433322e+01
6703,0,DRAT_OGQL_TPb,4.264172433322e+01
6703,-1,USQUAL_TPb,3.488806144654e+01
6703,-2,LUQUAL_TPb,7.753662886689e+00
6703,-1,USQUBP_TPb,0.000000000000e+00
6703,-2,LUQUBP_TPb,0.000000000000e+00
6703,-3,PSQUAL_TPb,0.000000000000e+00
6703,-4,PSWDQUAL_TPb,0.000000000000e+00
6703,-4,PSDTQUAL_TPb,0.000000000000e+00
6703,-5,IRWDQUAL_TPb,0.000000000000e+00
6703,-7,INFILTQUAL_TPb,0.000000000000e+00
6703,-8,INFILTQUALTARGET_TPb,0.000000000000e+00
6703,0,ADTOT_TPb,0.000000000000e+00
6703,0,IQUAL_TPb,4.264172433322e+01
6703,0,ADQAL_TPb,0.000000000000e+00
6703,0,DSQAL_TPb,0.000000000000e+00
6703,0,DEPQAL_TPb,0.000000000000e+00
6703,0,SCRQAL_TPb,0.000000000000e+00
6703,1,QUAL_TPb,4.264172433322e+01
6703,1,QUBP_TPb,0.000000000000e+00
6703,0,DRAT_IGQL_TZn,2.063306750633e+02
6703,0,DRAT_OGQL_TZn,2.063306750633e+02
6703,-1,USQUAL_TZn,1.690340863617e+02
6703,-2,LUQUAL_TZn,3.729658870161e+01
6703,-1,USQUBP_TZn,0.000000000000e+00
6703,-2,LUQUBP_TZn,0.000000000000e+00
6703,-3,PSQUAL_TZn,0.000000000000e+00
6703,-4,PSWDQUAL_TZn,0.000000000000e+00
6703,-4,PSDTQUAL_TZn,0.000000000000e+00
6703,-5,IRWDQUAL_TZn,0.000000000000e+00
6703,-7,INFILTQUAL_TZn,0.000000000000e+00
6703,-8,INFILTQUALTARGET_TZn,0.000000000000e+00
6703,0,ADTOT_TZn,0.000000000000e+00
6703,0,IQUAL_TZn,2.063306750633e+02
6703,0,ADQAL_TZn,0.000000000000e+00
6703,0,DSQAL_TZn,0.000000000000e+00
6703,0,DEPQAL_TZn,0.000000000000e+00
6703,0,SCRQAL_TZn,0.000000000000e+00
6703,1,QUAL_TZn,2.063306750633e+02
6703,1,QUBP_TZn,0.000000000000e+00
6720,0,DRAT_IVOL,1.184057011024e+08
6720,0,DRAT_OVOL,0.000000000000e+00
6720,-1,USLINK,0.000000000000e+00
6720,-1,PCP,3.412545101813e+06
6720,-1,EVAP,9.369609054274e+06
6720,-1,INFILT,0.000000000000e+00
6720,-1,USIF,1.109846762004e+08
6720,-2,LUIF,4.008479800196e+06
6720,-1,USBP,0.000000000000e+00
6720,-2,LUBP,0.000000000000e+00
6720,-3,PSIF,0.000000000000e+00
6720,-4,PSWD,1.189826081347e+08
6720,-4,PSDT,0.000000000000e+00
6720,-5,IRWD,0.000000000000e+00
6720,0,IVOL,1.149931560006e+08
6720,1,RO,0.000000000000e+00
6720,1,BP,0.000000000000e+00
6720,0,DRAT_ISED_1,4.256694293154e+02
6720,0,DRAT_OSED_1,0.000000000000e+00
6720,-1,USSED_1,4.219844790230e+02
6720,-2,LUSED_1,3.684950292349e+00
6720,-1,USSBP_1,0.000000000000e+00
6720,-2,LUSBP_1,0.000000000000e+00
6720,-3,PSSED_1,0.000000000000e+00
6720,-4,PSWDSED_1,0.000000000000e+00
6720,-4,PSDTSED_1,0.000000000000e+00
6720,-5,IRWDSED_1,0.000000000000e+00
6720,0,ISED_1,4.256694293154e+02
6720,0,DEPSCR_1,4.256694275115e+02
6720,0,DEPMASS_1,4.256694275115e+02
6720,0,SCRMASS_1,0.000000000000e+00
6720,0,BEDSED_1,2.734904095851e+07
6720,1,ROSED_1,0.000000000000e+00
6720,1,BPSED_1,0.000000000000e+00
6720,0,DRAT_ISED_2,4.334612506474e+02
6720,0,DRAT_OSED_2,0.000000000000e+00
6720,-1,USSED_2,4.316267226175e+02
6720,-2,LUSED_2,1.834528029878e+00
6720,-1,USSBP_2,0.000000000000e+00
6720,-2,LUSBP_2,0.000000000000e+00
6720,-3,PSSED_2,0.000000000000e+00
6720,-4,PSWDSED_2,1.503747256971e+02
6720,-4,PSDTSED_2,0.000000000000e+00
6720,-5,IRWDSED_2,0.000000000000e+00
6720,0,ISED_2,2.830865249504e+02
6720,0,DEPSCR_2,2.827755512968e+02
6720,0,DEPMASS_2,2.827755512968e+02
6720,0,SCRMASS_2,0.000000000000e+00
6720,0,BEDSED_2,2.143876121813e+07
6720,1,ROSED_2,0.000000000000e+00
6720,1,BPSED_2,0.000000000000e+00
6720,0,DRAT_ISED_3,4.133270433547e+02
6720,0,DRAT_OSED_3,0.000000000000e+00
6720,-1,USSED_3,4.119294900170e+02
6720,-2,LUSED_3,1.397553337692e+00
6720,-1,USSBP_3,0.000000000000e+00
6720,-2,LUSBP_3,0.000000000000e+00
6720,-3,PSSED_3,0.000000000000e+00
6720,-4,PSWDSED_3,2.790215060331e+02
6720,-4,PSDTSED_3,0.000000000000e+00
6720,-5,IRWDSED_3,0.000000000000e+00
6720,0,ISED_3,1.343055373215e+02
6720,0,DEPSCR_3,1.395799926597e+02
6720,0,DEPMASS_3,1.395799926597e+02
6720,0,SCRMASS_3,0.000000000000e+00
6720,0,BEDSED_3,1.112561790736e+07
6720,1,ROSED_3,0.000000000000e+00
6720,1,BPSED_3,0.000000000000e+00
6720,0,DRAT_IGQL_TN,6.667264759518e+03
6720,0,DRAT_OGQL_TN,0.000000000000e+00
6720,-1,USQUAL_TN,6.492631753817e+03
6720,-2,LUQUAL_TN,1.746330057006e+02
6720,-1,USQUBP_TN,0.000000000000e+00
6720,-2,LUQUBP_TN,0.000000000000e+00
6720,-3,PSQUAL_TN,0.000000000000e+00
6720,-4,PSWDQUAL_TN,3.430949670930e+03
6720,-4,PSDTQUAL_TN,0.000000000000e+00
6720,-5,IRWDQUAL_TN,0.000000000000e+00
6720,-7,INFILTQUAL_TN,0.000000000000e+00
6720,-8,INFILTQUALTARGET_TN,0.000000000000e+00
6720,0,ADTOT_TN,0.000000000000e+00
6720,0,IQUAL_TN,3.236315088588e+03
6720,0,ADQAL_TN,0.000000000000e+00
6720,0,DSQAL_TN,0.000000000000e+00
6720,0,DEPQAL_TN,0.000000000000e+00
6720,0,SCRQAL_TN,0.000000000000e+00
6720,1,QUAL_TN,0.000000000000e+00
6720,1,QUBP_TN,0.000000000000e+00
6720,0,DRAT_IGQL_TP,4.223754190321e+03
6720,0,DRAT_OGQL_TP,0.000000000000e+00
6720,-1,USQUAL_TP,4.186993660954e+03
6720,-2,LUQUAL_TP,3.676052936744e+01
6720,-1,USQUBP_TP,0.000000000000e+00
6720,-2,LUQUBP_TP,0.000000000000e+00
6720,-3,PSQUAL_TP,0.000000000000e+00
6720,-4,PSWDQUAL_TP,1.683677927752e+03
6720,-4,PSDTQUAL_TP,0.000000000000e+00
6720,-5,IRWDQUAL_TP,0.000000000000e+00
6720,-7,INFILTQUAL_TP,0.000000000000e+00
6720,-8,INFILTQUALTARGET_TP,0.000000000000e+00
6720,0,ADTOT_TP,0.000000000000e+00
6720,0,IQUAL_TP,2.540076262569e+03
6720,0,ADQAL_TP,0.000000000000e+00
6720,0,DSQAL_TP,0.000000000000e+00
6720,0,DEPQAL_TP,0.000000000000e+00
6720,0,SCRQAL_TP,0.000000000000e+00
6720,1,QUAL_TP,0.000000000000e+00
6720,1,QUBP_TP,0.000000000000e+00
6720,0,DRAT_IGQL_TCd,1.749307047986e+00
6720,0,DRAT_OGQL_TCd,0.000000000000e+00
6720,-1,USQUAL_TCd,1.736671234878e+00
6720,-2,LUQUAL_TCd,1.263581310840e-02
6720,-1,USQUBP_TCd,0.000000000000e+00
6720,-2,LUQUBP_TCd,0.000000000000e+00
6720,-3,PSQUAL_TCd,0.000000000000e+00
6720,-4,PSWDQUAL_TCd,6.549294020021e-01
6720,-4,PSDTQUAL_TCd,0.000000000000e+00
6720,-5,IRWDQUAL_TCd,0.000000000000e+00
6720,-7,INFILTQUAL_TCd,0.000000000000e+00
6720,-8,INFILTQUALTARGET_TCd,0.000000000000e+00
6720,0,ADTOT_TCd,0.000000000000e+00
6720,0,IQUAL_TCd,1.094377645984e+00
6720,0,ADQAL_TCd,0.000000000000e+00
6720,0,DSQAL_TCd,0.000000000000e+00
6720,0,DEPQAL_TCd,0.000000000000e+00
6720,0,SCRQAL_TCd,0.000000000000e+00
6720,1,QUAL_TCd,0.000000000000e+00
6720,1,QUBP_TCd,0.000000000000e+00
6720,0,DRAT_IGQL_TCu,1.749347828293e+02
6720,0,DRAT_OGQL_TCu,0.000000000000e+00
6720,-1,USQUAL_TCu,1.736710685211e+02
6720,-2,LUQUAL_TCu,1.263714308194e+00
6720,-1,USQUBP_TCu,0.000000000000e+00
6720,-2,LUQUBP_TCu,0.000000000000e+00
6720,-3,PSQUAL_TCu,0.000000000000e+00
6720,-4,PSWDQUAL_TCu,6.549408798650e+01
6720,-4,PSDTQUAL_TCu,0.000000000000e+00
6720,-5,IRWDQUAL_TCu,0.000000000000e+00
6720,-7,INFILTQUAL_TCu,0.000000000000e+00
6720,-8,INFILTQUALTARGET_TCu,0.000000000000e+00
6720,0,ADTOT_TCu,0.000000000000e+00
6720,0,IQUAL_TCu,1.094406948428e+02
6720,0,ADQAL_TCu,0.000000000000e+00
6720,0,DSQAL_TCu,0.000000000000e+00
6720,0,DEPQAL_TCu,0.000000000000e+00
6720,0,SCRQAL_TCu,0.000000000000e+00
6720,1,QUAL_TCu,0.000000000000e+00
6720,1,QUBP_TCu,0.000000000000e+00
6720,0,DRAT_IGQL_TPb,1.785125948840e+01
6720,0,DRAT_OGQL_TPb,0.000000000000e+00
6720,-1,USQUAL_TPb,1.746167227105e+01
6720,-2,LUQUAL_TPb,3.895872173460e-01
6720,-1,USQUBP_TPb,0.000000000000e+00
6720,-2,LUQUBP_TPb,0.000000000000e+00
6720,-3,PSQUAL_TPb,0.000000000000e+00
6720,-4,PSWDQUAL_TPb,6.603586155451e+00
6720,-4,PSDTQUAL_TPb,0.000000000000e+00
6720,-5,IRWDQUAL_TPb,0.000000000000e+00
6720,-7,INFILTQUAL_TPb,0.000000000000e+00
6720,-8,INFILTQUALTARGET_TPb,0.000000000000e+00
6720,0,ADTOT_TPb,0.000000000000e+00
6720,0,IQUAL_TPb,1.124767333295e+01
6720,0,ADQAL_TPb,0.000000000000e+00
6720,0,DSQAL_TPb,0.000000000000e+00
6720,0,DEPQAL_TPb,0.000000000000e+00
6720,0,SCRQAL_TPb,0.000000000000e+00
6720,1,QUAL_TPb,0.000000000000e+00
6720,1,QUBP_TPb,0.000000000000e+00
6720,0,DRAT_IGQL_TZn,1.380814788278e+03
6720,0,DRAT_OGQL_TZn,0.000000000000e+00
6720,-1,USQUAL_TZn,1.370352410387e+03
6720,-2,LUQUAL_TZn,1.046237789077e+01
6720,-1,USQUBP_TZn,0.000000000000e+00
6720,-2,LUQUBP_TZn,0.000000000000e+00
6720,-3,PSQUAL_TZn,0.000000000000e+00
6720,-4,PSWDQUAL_TZn,5.316660792810e+02
6720,-4,PSDTQUAL_TZn,0.000000000000e+00
6720,-5,IRWDQUAL_TZn,0.000000000000e+00
6720,-7,INFILTQUAL_TZn,0.000000000000e+00
6720,-8,INFILTQUALTARGET_TZn,0.000000000000e+00
6720,0,ADTOT_TZn,0.000000000000e+00
6720,0,IQUAL_TZn,8.491487089967e+02
6720,0,ADQAL_TZn,0.000000000000e+00
6720,0,DSQAL_TZn,0.000000000000e+00
6720,0,DEPQAL_TZn,0.000000000000e+00
6720,0,SCRQAL_TZn,0.000000000000e+00
6720,1,QUAL_TZn,0.000000000000e+00
6720,1,QUBP_TZn,0.000000000000e+00
6702,0,DRAT_IVOL,2.479143545223e+07
6702,0,DRAT_OVOL,2.479143545223e+07
6702,-1,USLINK,0.000000000000e+00
6702,-1,PCP,0.000000000000e+00
6702,-1,EVAP,0.000000000000e+00
6702,-1,INFILT,0.000000000000e+00
6702,-1,USIF,1.471399646271e+07
6702,-2,LUIF,1.007743898952e+07
6702,-1,USBP,0.000000000000e+00
6702,-2,LUBP,0.000000000000e+00
6702,-3,PSIF,0.000000000000e+00
6702,-4,PSWD,0.000000000000e+00
6702,-4,PSDT,0.000000000000e+00
6702,-5,IRWD,0.000000000000e+00
6702,0,IVOL,2.479143545223e+07
6702,1,RO,2.479143545223e+07
6702,1,BP,0.000000000000e+00
6702,0,DRAT_ISED_1,2.834728551954e+01
6702,0,DRAT_OSED_1,2.834728551954e+01
6702,-1,USSED_1,2.363291683549e+01
6702,-2,LUSED_1,4.714368684043e+00
6702,-1,USSBP_1,0.000000000000e+00
6702,-2,LUSBP_1,0.000000000000e+00
6702,-3,PSSED_1,0.000000000000e+00
6702,-4,PSWDSED_1,0.000000000000e+00
6702,-4,PSDTSED_1,0.000000000000e+00
6702,-5,IRWDSED_1,0.000000000000e+00
6702,0,ISED_1,2.834728551954e+01
6702,0,DEPSCR_1,0.000000000000e+00
6702,0,DEPMASS_1,0.000000000000e+00
6702,0,SCRMASS_1,0.000000000000e+00
6702,0,BEDSED_1,0.000000000000e+00
6702,1,ROSED_1,2.834728551954e+01
6702,1,BPSED_1,0.000000000000e+00
6702,0,DRAT_ISED_2,5.654333410810e+01
6702,0,DRAT_OSED_2,5.654333410810e+01
6702,-1,USSED_2,3.426654633674e+01
6702,-2,LUSED_2,2.227678777136e+01
6702,-1,USSBP_2,0.000000000000e+00
6702,-2,LUSBP_2,0.000000000000e+00
6702,-3,PSSED_2,0.000000000000e+00
6702,-4,PSWDSED_2,0.000000000000e+00
6702,-4,PSDTSED_2,0.000000000000e+00
6702,-5,IRWDSED_2,0.000000000000e+00
6702,0,ISED_2,5.654333410810e+01
6702,0,DEPSCR_2,0.000000000000e+00
6702,0,DEPMASS_2,0.000000000000e+00
6702,0,SCRMASS_2,0.000000000000e+00
6702,0,BEDSED_2,0.000000000000e+00
6702,1,ROSED_2,5.654333410810e+01
6702,1,BPSED_2,0.000000000000e+00
6702,0,DRAT_ISED_3,2.141915824584e+01
6702,0,DRAT_OSED_3,2.141915824584e+01
6702,-1,USSED_3,1.469366087124e+01
6702,-2,LUSED_3,6.725497374596e+00
6702,-1,USSBP_3,0.000000000000e+00
6702,-2,LUSBP_3,0.000000000000e+00
6702,-3,PSSED_3,0.000000000000e+00
6702,-4,PSWDSED_3,0.000000000000e+00
6702,-4,PSDTSED_3,0.000000000000e+00
6702,-5,IRWDSED_3,0.000000000000e+00
6702,0,ISED_3,2.141915824584e+01
6702,0,DEPSCR_3,0.000000000000e+00
6702,0,DEPMASS_3,0.000000000000e+00
6702,0,SCRMASS_3,0.000000000000e+00
6702,0,BEDSED_3,0.000000000000e+00
6702,1,ROSED_3,2.141915824584e+01
6702,1,BPSED_3,0.000000000000e+00
6702,0,DRAT_IGQL_TN,2.961150619425e+03
6702,0,DRAT_OGQL_TN,2.961150619425e+03
6702,-1,USQUAL_TN,1.775278972237e+03
6702,-2,LUQUAL_TN,1.185871647188e+03
6702,-1,USQUBP_TN,0.000000000000e+00
6702,-2,LUQUBP_TN,0.000000000000e+00
6702,-3,PSQUAL_TN,0.000000000000e+00
6702,-4,PSWDQUAL_TN,0.000000000000e+00
6702,-4,PSDTQUAL_TN,0.000000000000e+00
6702,-5,IRWDQUAL_TN,0.000000000000e+00
6702,-7,INFILTQUAL_TN,0.000000000000e+00
6702,-8,INFILTQUALTARGET_TN,0.000000000000e+00
6702,0,ADTOT_TN,0.000000000000e+00
6702,0,IQUAL_TN,2.961150619425e+03
6702,0,ADQAL_TN,0.000000000000e+00
6702,0,DSQAL_TN,0.000000000000e+00
6702,0,DEPQAL_TN,0.000000000000e+00
6702,0,SCRQAL_TN,0.000000000000e+00
6702,1,QUAL_TN,2.961150619425e+03
6702,1,QUBP_TN,0.000000000000e+00
6702,0,DRAT_IGQL_TP,4.890312298867e+02
6702,0,DRAT_OGQL_TP,4.890312298867e+02
6702,-1,USQUAL_TP,3.056693156599e+02
6702,-2,LUQUAL_TP,1.833619142268e+02
6702,-1,USQUBP_TP,0.000000000000e+00
6702,-2,LUQUBP_TP,0.000000000000e+00
6702,-3,PSQUAL_TP,0.000000000000e+00
6702,-4,PSWDQUAL_TP,0.000000000000e+00
6702,-4,PSDTQUAL_TP,0.000000000000e+00
6702,-5,IRWDQUAL_TP,0.000000000000e+00
6702,-7,INFILTQUAL_TP,0.000000000000e+00
6702,-8,INFILTQUALTARGET_TP,0.000000000000e+00
6702,0,ADTOT_TP,0.000000000000e+00
6702,0,IQUAL_TP,4.890312298867e+02
6702,0,ADQAL_TP,0.000000000000e+00
6702,0,DSQAL_TP,0.000000000000e+00
6702,0,DEPQAL_TP,0.000000000000e+00
6702,0,SCRQAL_TP,0.000000000000e+00
6702,1,QUAL_TP,4.890312298867e+02
6702,1,QUBP_TP,0.000000000000e+00
6702,0,DRAT_IGQL_TCd,7.771792016481e-01
6702,0,DRAT_OGQL_TCd,7.771792016481e-01
6702,-1,USQUAL_TCd,4.469955292443e-01
6702,-2,LUQUAL_TCd,3.301836724038e-01
6702,-1,USQUBP_TCd,0.000000000000e+00
6702,-2,LUQUBP_TCd,0.000000000000e+00
6702,-3,PSQUAL_TCd,0.000000000000e+00
6702,-4,PSWDQUAL_TCd,0.000000000000e+00
6702,-4,PSDTQUAL_TCd,0.000000000000e+00
6702,-5,IRWDQUAL_TCd,0.000000000000e+00
6702,-7,INFILTQUAL_TCd,0.000000000000e+00
6702,-8,INFILTQUALTARGET_TCd,0.000000000000e+00
6702,0,ADTOT_TCd,0.000000000000e+00
6702,0,IQUAL_TCd,7.771792016481e-01
6702,0,ADQAL_TCd,0.000000000000e+00
6702,0,DSQAL_TCd,0.000000000000e+00
6702,0,DEPQAL_TCd,0.000000000000e+00
6702,0,SCRQAL_TCd,0.000000000000e+00
6702,1,QUAL_TCd,7.771792016481e-01
6702,1,QUBP_TCd,0.000000000000e+00
6702,0,DRAT_IGQL_TCu,7.830311623251e+01
6702,0,DRAT_OGQL_TCu,7.830311623251e+01
6702,-1,USQUAL_TCu,4.503290742016e+01
6702,-2,LUQUAL_TCu,3.327020881235e+01
6702,-1,USQUBP_TCu,0.000000000000e+00
6702,-2,LUQUBP_TCu,0.000000000000e+00
6702,-3,PSQUAL_TCu,0.000000000000e+00
6702,-4,PSWDQUAL_TCu,0.000000000000e+00
6702,-4,PSDTQUAL_TCu,0.000000000000e+00
6702,-5,IRWDQUAL_TCu,0.000000000000e+00
6702,-7,INFILTQUAL_TCu,0.000000000000e+00
6702,-8,INFILTQUALTARGET_TCu,0.000000000000e+00
6702,0,ADTOT_TCu,0.000000000000e+00
6702,0,IQUAL_TCu,7.830311623251e+01
6702,0,ADQAL_TCu,0.000000000000e+00
6702,0,DSQAL_TCu,0.000000000000e+00
6702,0,DEPQAL_TCu,0.000000000000e+00
6702,0,SCRQAL_TCu,0.000000000000e+00
6702,1,QUAL_TCu,7.830311623251e+01
6702,1,QUBP_TCu,0.000000000000e+00
6702,0,DRAT_IGQL_TPb,7.514599774470e+01
6702,0,DRAT_OGQL_TPb,7.514599774470e+01
6702,-1,USQUAL_TPb,4.264172433322e+01
6702,-2,LUQUAL_TPb,3.250427341148e+01
6702,-1,USQUBP_TPb,0.000000000000e+00
6702,-2,LUQUBP_TPb,0.000000000000e+00
6702,-3,PSQUAL_TPb,0.000000000000e+00
6702,-4,PSWDQUAL_TPb,0.000000000000e+00
6702,-4,PSDTQUAL_TPb,0.000000000000e+00
6702,-5,IRWDQUAL_TPb,0.000000000000e+00
6702,-7,INFILTQUAL_TPb,0.000000000000e+00
6702,-8,INFILTQUALTARGET_TPb,0.000000000000e+00
6702,0,ADTOT_TPb,0.000000000000e+00
6702,0,IQUAL_TPb,7.514599774470e+01
6702,0,ADQAL_TPb,0.000000000000e+00
6702,0,DSQAL_TPb,0.000000000000e+00
6702,0,DEPQAL_TPb,0.000000000000e+00
6702,0,SCRQAL_TPb,0.000000000000e+00
6702,1,QUAL_TPb,7.514599774470e+01
6702,1,QUBP_TPb,0.000000000000e+00
6702,0,DRAT_IGQL_TZn,3.553353073935e+02
6702,0,DRAT_OGQL_TZn,3.553353073935e+02
6702,-1,USQUAL_TZn,2.063306750633e+02
6702,-2,LUQUAL_TZn,1.490046323302e+02
6702,-1,USQUBP_TZn,0.000000000000e+00
6702,-2,LUQUBP_TZn,0.000000000000e+00
6702,-3,PSQUAL_TZn,0.000000000000e+00
6702,-4,PSWDQUAL_TZn,0.000000000000e+00
6702,-4,PSDTQUAL_TZn,0.000000000000e+00
6702,-5,IRWDQUAL_TZn,0.000000000000e+00
6702,-7,INFILTQUAL_TZn,0.000000000000e+00
6702,-8,INFILTQUALTARGET_TZn,0.000000000000e+00
6702,0,ADTOT_TZn,0.000000000000e+00
6702,0,IQUAL_TZn,3.553353073935e+02
6702,0,ADQAL_TZn,0.000000000000e+00
6702,0,DSQAL_TZn,0.000000000000e+00
6702,0,DEPQAL_TZn,0.000000000000e+00
6702,0,SCRQAL_TZn,0.000000000000e+00
6702,1,QUAL_TZn,3.553353073935e+02
6702,1,QUBP_TZn,0.000000000000e+00
6719,0,DRAT_IVOL,1.206343191548e+08
6719,0,DRAT_OVOL,1.194127619997e+08
6719,-1,USLINK,0.000000000000e+00
6719,-1,PCP,7.067855271907e+05
6719,-1,EVAP,1.221557157314e+06
6719,-1,INFILT,0.000000000000e+00
6719,-1,USIF,0.000000000000e+00
6719,-2,LUIF,1.257749286171e+06
6719,-1,USBP,0.000000000000e+00
6719,-2,LUBP,0.000000000000e+00
6719,-3,PSIF,0.000000000000e+00
6719,-4,PSWD,0.000000000000e+00
6719,-4,PSDT,1.186697843415e+08
6719,-5,IRWD,0.000000000000e+00
6719,0,IVOL,1.199275336277e+08
6719,1,RO,1.194127619997e+08
6719,1,BP,0.000000000000e+00
6719,0,DRAT_ISED_1,4.334397712709e+01
6719,0,DRAT_OSED_1,4.229066649068e+01
6719,-1,USSED_1,0.000000000000e+00
6719,-2,LUSED_1,1.188993749433e+00
6719,-1,USSBP_1,0.000000000000e+00
6719,-2,LUSBP_1,0.000000000000e+00
6719,-3,PSSED_1,0.000000000000e+00
6719,-4,PSWDSED_1,0.000000000000e+00
6719,-4,PSDTSED_1,0.000000000000e+00
6719,-5,IRWDSED_1,0.000000000000e+00
6719,0,ISED_1,1.188993749433e+00
6719,0,DEPSCR_1,-4.110167274125e+01
6719,0,DEPMASS_1,1.053310636405e+00
6719,0,SCRMASS_1,4.215498337766e+01
6719,0,BEDSED_1,6.343295899496e+06
6719,1,ROSED_1,4.229066649068e+01
6719,1,BPSED_1,0.000000000000e+00
6719,0,DRAT_ISED_2,7.248220019009e+02
6719,0,DRAT_OSED_2,7.248220018798e+02
6719,-1,USSED_2,0.000000000000e+00
6719,-2,LUSED_2,6.972711930442e-01
6719,-1,USSBP_2,0.000000000000e+00
6719,-2,LUSBP_2,0.000000000000e+00
6719,-3,PSSED_2,0.000000000000e+00
6719,-4,PSWDSED_2,0.000000000000e+00
6719,-4,PSDTSED_2,1.500146389373e+02
6719,-5,IRWDSED_2,0.000000000000e+00
6719,0,ISED_2,1.507119101304e+02
6719,0,DEPSCR_2,-5.741100917705e+02
6719,0,DEPMASS_2,0.000000000000e+00
6719,0,SCRMASS_2,5.741100917705e+02
6719,0,BEDSED_2,2.509917778748e+07
6719,1,ROSED_2,7.248220018798e+02
6719,1,BPSED_2,0.000000000000e+00
6719,0,DRAT_ISED_3,2.999720526658e+02
6719,0,DRAT_OSED_3,2.999720526599e+02
6719,-1,USSED_3,0.000000000000e+00
6719,-2,LUSED_3,4.793997636243e-01
6719,-1,USSBP_3,0.000000000000e+00
6719,-2,LUSBP_3,0.000000000000e+00
6719,-3,PSSED_3,0.000000000000e+00
6719,-4,PSWDSED_3,0.000000000000e+00
6719,-4,PSDTSED_3,2.787878460649e+02
6719,-5,IRWDSED_3,0.000000000000e+00
6719,0,ISED_3,2.792672458285e+02
6719,0,DEPSCR_3,-2.070480683725e+01
6719,0,DEPMASS_3,0.000000000000e+00
6719,0,SCRMASS_3,2.070480683725e+01
6719,0,BEDSED_3,1.238061643908e+05
6719,1,ROSED_3,2.999720526599e+02
6719,1,BPSED_3,0.000000000000e+00
6719,0,DRAT_IGQL_TN,3.494112426176e+03
6719,0,DRAT_OGQL_TN,3.468915457180e+03
6719,-1,USQUAL_TN,0.000000000000e+00
6719,-2,LUQUAL_TN,8.055705149305e+01
6719,-1,USQUBP_TN,0.000000000000e+00
6719,-2,LUQUBP_TN,0.000000000000e+00
6719,-3,PSQUAL_TN,0.000000000000e+00
6719,-4,PSWDQUAL_TN,0.000000000000e+00
6719,-4,PSDTQUAL_TN,3.413555374683e+03
6719,-5,IRWDQUAL_TN,0.000000000000e+00
6719,-7,INFILTQUAL_TN,0.000000000000e+00
6719,-8,INFILTQUALTARGET_TN,0.000000000000e+00
6719,0,ADTOT_TN,0.000000000000e+00
6719,0,IQUAL_TN,3.494112426176e+03
6719,0,ADQAL_TN,0.000000000000e+00
6719,0,DSQAL_TN,0.000000000000e+00
6719,0,DEPQAL_TN,0.000000000000e+00
6719,0,SCRQAL_TN,0.000000000000e+00
6719,1,QUAL_TN,3.468915457180e+03
6719,1,QUBP_TN,0.000000000000e+00
6719,0,DRAT_IGQL_TP,1.697363512564e+03
6719,0,DRAT_OGQL_TP,1.685687409190e+03
6719,-1,USQUAL_TP,0.000000000000e+00
6719,-2,LUQUAL_TP,1.756853590640e+01
6719,-1,USQUBP_TP,0.000000000000e+00
6719,-2,LUQUBP_TP,0.000000000000e+00
6719,-3,PSQUAL_TP,0.000000000000e+00
6719,-4,PSWDQUAL_TP,0.000000000000e+00
6719,-4,PSDTQUAL_TP,1.679794976658e+03
6719,-5,IRWDQUAL_TP,0.000000000000e+00
6719,-7,INFILTQUAL_TP,0.000000000000e+00
6719,-8,INFILTQUALTARGET_TP,0.000000000000e+00
6719,0,ADTOT_TP,0.000000000000e+00
6719,0,IQUAL_TP,1.697363512564e+03
6719,0,ADQAL_TP,0.000000000000e+00
6719,0,DSQAL_TP,0.000000000000e+00
6719,0,DEPQAL_TP,0.000000000000e+00
6719,0,SCRQAL_TP,0.000000000000e+00
6719,1,QUAL_TP,1.685687409190e+03
6719,1,QUBP_TP,0.000000000000e+00
6719,0,DRAT_IGQL_TCd,6.588407247528e-01
6719,0,DRAT_OGQL_TCd,6.542349484483e-01
6719,-1,USQUAL_TCd,0.000000000000e+00
6719,-2,LUQUAL_TCd,5.591277633346e-03
6719,-1,USQUBP_TCd,0.000000000000e+00
6719,-2,LUQUBP_TCd,0.000000000000e+00
6719,-3,PSQUAL_TCd,0.000000000000e+00
6719,-4,PSWDQUAL_TCd,0.000000000000e+00
6719,-4,PSDTQUAL_TCd,6.532494471195e-01
6719,-5,IRWDQUAL_TCd,0.000000000000e+00
6719,-7,INFILTQUAL_TCd,0.000000000000e+00
6719,-8,INFILTQUALTARGET_TCd,0.000000000000e+00
6719,0,ADTOT_TCd,0.000000000000e+00
6719,0,IQUAL_TCd,6.588407247528e-01
6719,0,ADQAL_TCd,0.000000000000e+00
6719,0,DSQAL_TCd,0.000000000000e+00
6719,0,DEPQAL_TCd,0.000000000000e+00
6719,0,SCRQAL_TCd,0.000000000000e+00
6719,1,QUAL_TCd,6.542349484483e-01
6719,1,QUBP_TCd,0.000000000000e+00
6719,0,DRAT_IGQL_TCu,6.589741102137e+01
6719,0,DRAT_OGQL_TCu,6.543679849138e+01
6719,-1,USQUAL_TCu,0.000000000000e+00
6719,-2,LUQUAL_TCu,5.713676298009e-01
6719,-1,USQUBP_TCu,0.000000000000e+00
6719,-2,LUQUBP_TCu,0.000000000000e+00
6719,-3,PSQUAL_TCu,0.000000000000e+00
6719,-4,PSWDQUAL_TCu,0.000000000000e+00
6719,-4,PSDTQUAL_TCu,6.532604339157e+01
6719,-5,IRWDQUAL_TCu,0.000000000000e+00
6719,-7,INFILTQUAL_TCu,0.000000000000e+00
6719,-8,INFILTQUALTARGET_TCu,0.000000000000e+00
6719,0,ADTOT_TCu,0.000000000000e+00
6719,0,IQUAL_TCu,6.589741102137e+01
6719,0,ADQAL_TCu,0.000000000000e+00
6719,0,DSQAL_TCu,0.000000000000e+00
6719,0,DEPQAL_TCu,0.000000000000e+00
6719,0,SCRQAL_TCu,0.000000000000e+00
6719,1,QUAL_TCu,6.543679849138e+01
6719,1,QUBP_TCu,0.000000000000e+00
6719,0,DRAT_IGQL_TPb,6.737652884819e+00
6719,0,DRAT_OGQL_TPb,6.691290781566e+00
6719,-1,USQUAL_TPb,0.000000000000e+00
6719,-2,LUQUAL_TPb,1.553943281803e-01
6719,-1,USQUBP_TPb,0.000000000000e+00
6719,-2,LUQUBP_TPb,0.000000000000e+00
6719,-3,PSQUAL_TPb,0.000000000000e+00
6719,-4,PSWDQUAL_TPb,0.000000000000e+00
6719,-4,PSDTQUAL_TPb,6.582258556639e+00
6719,-5,IRWDQUAL_TPb,0.000000000000e+00
6719,-7,INFILTQUAL_TPb,0.000000000000e+00
6719,-8,INFILTQUALTARGET_TPb,0.000000000000e+00
6719,0,ADTOT_TPb,0.000000000000e+00
6719,0,IQUAL_TPb,6.737652884819e+00
6719,0,ADQAL_TPb,0.000000000000e+00
6719,0,DSQAL_TPb,0.000000000000e+00
6719,0,DEPQAL_TPb,0.000000000000e+00
6719,0,SCRQAL_TPb,0.000000000000e+00
6719,1,QUAL_TPb,6.691290781566e+00
6719,1,QUBP_TPb,0.000000000000e+00
6719,0,DRAT_IGQL_TZn,5.357677078614e+02
6719,0,DRAT_OGQL_TZn,5.320941280222e+02
6719,-1,USQUAL_TZn,0.000000000000e+00
6719,-2,LUQUAL_TZn,5.473329963176e+00
6719,-1,USQUBP_TZn,0.000000000000e+00
6719,-2,LUQUBP_TZn,0.000000000000e+00
6719,-3,PSQUAL_TZn,0.000000000000e+00
6719,-4,PSWDQUAL_TZn,0.000000000000e+00
6719,-4,PSDTQUAL_TZn,5.302943778982e+02
6719,-5,IRWDQUAL_TZn,0.000000000000e+00
6719,-7,INFILTQUAL_TZn,0.000000000000e+00
6719,-8,INFILTQUALTARGET_TZn,0.000000000000e+00
6719,0,ADTOT_TZn,0.000000000000e+00
6719,0,IQUAL_TZn,5.357677078614e+02
6719,0,ADQAL_TZn,0.000000000000e+00
6719,0,DSQAL_TZn,0.000000000000e+00
6719,0,DEPQAL_TZn,0.000000000000e+00
6719,0,SCRQAL_TZn,0.000000000000e+00
6719,1,QUAL_TZn,5.320941280222e+02
6719,1,QUBP_TZn,0.000000000000e+00
6701,0,DRAT_IVOL,3.091365449677e+07
6701,0,DRAT_OVOL,3.058163443005e+07
6701,-1,USLINK,0.000000000000e+00
6701,-1,PCP,4.601450434917e+05
6701,-1,EVAP,3.320264689185e+05
6701,-1,INFILT,0.000000000000e+00
6701,-1,USIF,2.479143545223e+07
6701,-2,LUIF,5.662074001045e+06
6701,-1,USBP,0.000000000000e+00
6701,-2,LUBP,0.000000000000e+00
6701,-3,PSIF,0.000000000000e+00
6701,-4,PSWD,0.000000000000e+00
6701,-4,PSDT,0.000000000000e+00
6701,-5,IRWD,0.000000000000e+00
6701,0,IVOL,3.045350945328e+07
6701,1,RO,3.058163443005e+07
6701,1,BP,0.000000000000e+00
6701,0,DRAT_ISED_1,3.592025670346e+01
6701,0,DRAT_OSED_1,1.479747995457e+01
6701,-1,USSED_1,2.834728551954e+01
6701,-2,LUSED_1,2.578617432921e+00
6701,-1,USSBP_1,0.000000000000e+00
6701,-2,LUSBP_1,0.000000000000e+00
6701,-3,PSSED_1,0.000000000000e+00
6701,-4,PSWDSED_1,0.000000000000e+00
6701,-4,PSDTSED_1,0.000000000000e+00
6701,-5,IRWDSED_1,0.000000000000e+00
6701,0,ISED_1,3.092590295246e+01
6701,0,DEPSCR_1,1.612842299788e+01
6701,0,DEPMASS_1,2.112277674889e+01
6701,0,SCRMASS_1,4.994353751006e+00
6701,0,BEDSED_1,5.815145266474e+06
6701,1,ROSED_1,1.479747995457e+01
6701,1,BPSED_1,0.000000000000e+00
6701,0,DRAT_ISED_2,1.174482509746e+02
6701,0,DRAT_OSED_2,1.174482783436e+02
6701,-1,USSED_2,5.654333410810e+01
6701,-2,LUSED_2,1.314189337216e+01
6701,-1,USSBP_2,0.000000000000e+00
6701,-2,LUSBP_2,0.000000000000e+00
6701,-3,PSSED_2,0.000000000000e+00
6701,-4,PSWDSED_2,0.000000000000e+00
6701,-4,PSDTSED_2,0.000000000000e+00
6701,-5,IRWDSED_2,0.000000000000e+00
6701,0,ISED_2,6.968522748026e+01
6701,0,DEPSCR_2,-4.776302349438e+01
6701,0,DEPMASS_2,0.000000000000e+00
6701,0,SCRMASS_2,4.776302349438e+01
6701,0,BEDSED_2,3.331749205907e+07
6701,1,ROSED_2,1.174482783436e+02
6701,1,BPSED_2,0.000000000000e+00
6701,0,DRAT_ISED_3,9.305914121164e+01
6701,0,DRAT_OSED_3,9.305914902277e+01
6701,-1,USSED_3,2.141915824584e+01
6701,-2,LUSED_3,3.965677536267e+00
6701,-1,USSBP_3,0.000000000000e+00
6701,-2,LUSBP_3,0.000000000000e+00
6701,-3,PSSED_3,0.000000000000e+00
6701,-4,PSWDSED_3,0.000000000000e+00
6701,-4,PSDTSED_3,0.000000000000e+00
6701,-5,IRWDSED_3,0.000000000000e+00
6701,0,ISED_3,2.538483578210e+01
6701,0,DEPSCR_3,-6.767430542954e+01
6701,0,DEPMASS_3,0.000000000000e+00
6701,0,SCRMASS_3,6.767430542954e+01
6701,0,BEDSED_3,5.507679285603e+06
6701,1,ROSED_3,9.305914902277e+01
6701,1,BPSED_3,0.000000000000e+00
6701,0,DRAT_IGQL_TN,3.656301452872e+03
6701,0,DRAT_OGQL_TN,3.604950151596e+03
6701,-1,USQUAL_TN,2.961150619425e+03
6701,-2,LUQUAL_TN,6.951508334469e+02
6701,-1,USQUBP_TN,0.000000000000e+00
6701,-2,LUQUBP_TN,0.000000000000e+00
6701,-3,PSQUAL_TN,0.000000000000e+00
6701,-4,PSWDQUAL_TN,0.000000000000e+00
6701,-4,PSDTQUAL_TN,0.000000000000e+00
6701,-5,IRWDQUAL_TN,0.000000000000e+00
6701,-7,INFILTQUAL_TN,0.000000000000e+00
6701,-8,INFILTQUALTARGET_TN,0.000000000000e+00
6701,0,ADTOT_TN,0.000000000000e+00
6701,0,IQUAL_TN,3.656301452872e+03
6701,0,ADQAL_TN,0.000000000000e+00
6701,0,DSQAL_TN,0.000000000000e+00
6701,0,DEPQAL_TN,0.000000000000e+00
6701,0,SCRQAL_TN,0.000000000000e+00
6701,1,QUAL_TN,3.604950151596e+03
6701,1,QUBP_TN,0.000000000000e+00
6701,0,DRAT_IGQL_TP,5.976661621546e+02
6701,0,DRAT_OGQL_TP,5.950123779780e+02
6701,-1,USQUAL_TP,4.890312298867e+02
6701,-2,LUQUAL_TP,1.086349322679e+02
6701,-1,USQUBP_TP,0.000000000000e+00
6701,-2,LUQUBP_TP,0.000000000000e+00
6701,-3,PSQUAL_TP,0.000000000000e+00
6701,-4,PSWDQUAL_TP,0.000000000000e+00
6701,-4,PSDTQUAL_TP,0.000000000000e+00
6701,-5,IRWDQUAL_TP,0.000000000000e+00
6701,-7,INFILTQUAL_TP,0.000000000000e+00
6701,-8,INFILTQUALTARGET_TP,0.000000000000e+00
6701,0,ADTOT_TP,0.000000000000e+00
6701,0,IQUAL_TP,5.976661621546e+02
6701,0,ADQAL_TP,0.000000000000e+00
6701,0,DSQAL_TP,0.000000000000e+00
6701,0,DEPQAL_TP,0.000000000000e+00
6701,0,SCRQAL_TP,0.000000000000e+00
6701,1,QUAL_TP,5.950123779780e+02
6701,1,QUBP_TP,0.000000000000e+00
6701,0,DRAT_IGQL_TCd,9.779415772876e-01
6701,0,DRAT_OGQL_TCd,9.732571425813e-01
6701,-1,USQUAL_TCd,7.771792016481e-01
6701,-2,LUQUAL_TCd,2.007623756395e-01
6701,-1,USQUBP_TCd,0.000000000000e+00
6701,-2,LUQUBP_TCd,0.000000000000e+00
6701,-3,PSQUAL_TCd,0.000000000000e+00
6701,-4,PSWDQUAL_TCd,0.000000000000e+00
6701,-4,PSDTQUAL_TCd,0.000000000000e+00
6701,-5,IRWDQUAL_TCd,0.000000000000e+00
6701,-7,INFILTQUAL_TCd,0.000000000000e+00
6701,-8,INFILTQUALTARGET_TCd,0.000000000000e+00
6701,0,ADTOT_TCd,0.000000000000e+00
6701,0,IQUAL_TCd,9.779415772876e-01
6701,0,ADQAL_TCd,0.000000000000e+00
6701,0,DSQAL_TCd,0.000000000000e+00
6701,0,DEPQAL_TCd,0.000000000000e+00
6701,0,SCRQAL_TCd,0.000000000000e+00
6701,1,QUAL_TCd,9.732571425813e-01
6701,1,QUBP_TCd,0.000000000000e+00
6701,0,DRAT_IGQL_TCu,9.851607277860e+01
6701,0,DRAT_OGQL_TCu,9.804569754514e+01
6701,-1,USQUAL_TCu,7.830311623251e+01
6701,-2,LUQUAL_TCu,2.021295654609e+01
6701,-1,USQUBP_TCu,0.000000000000e+00
6701,-2,LUQUBP_TCu,0.000000000000e+00
6701,-3,PSQUAL_TCu,0.000000000000e+00
6701,-4,PSWDQUAL_TCu,0.000000000000e+00
6701,-4,PSDTQUAL_TCu,0.000000000000e+00
6701,-5,IRWDQUAL_TCu,0.000000000000e+00
6701,-7,INFILTQUAL_TCu,0.000000000000e+00
6701,-8,INFILTQUALTARGET_TCu,0.000000000000e+00
6701,0,ADTOT_TCu,0.000000000000e+00
6701,0,IQUAL_TCu,9.851607277860e+01
6701,0,ADQAL_TCu,0.000000000000e+00
6701,0,DSQAL_TCu,0.000000000000e+00
6701,0,DEPQAL_TCu,0.000000000000e+00
6701,0,SCRQAL_TCu,0.000000000000e+00
6701,1,QUAL_TCu,9.804569754514e+01
6701,1,QUBP_TCu,0.000000000000e+00
6701,0,DRAT_IGQL_TPb,9.413572719598e+01
6701,0,DRAT_OGQL_TPb,9.369506084364e+01
6701,-1,USQUAL_TPb,7.514599774470e+01
6701,-2,LUQUAL_TPb,1.898972945128e+01
6701,-1,USQUBP_TPb,0.000000000000e+00
6701,-2,LUQUBP_TPb,0.000000000000e+00
6701,-3,PSQUAL_TPb,0.000000000000e+00
6701,-4,PSWDQUAL_TPb,0.000000000000e+00
6701,-4,PSDTQUAL_TPb,0.000000000000e+00
6701,-5,IRWDQUAL_TPb,0.000000000000e+00
6701,-7,INFILTQUAL_TPb,0.000000000000e+00
6701,-8,INFILTQUALTARGET_TPb,0.000000000000e+00
6701,0,ADTOT_TPb,0.000000000000e+00
6701,0,IQUAL_TPb,9.413572719598e+01
6701,0,ADQAL_TPb,0.000000000000e+00
6701,0,DSQAL_TPb,0.000000000000e+00
6701,0,DEPQAL_TPb,0.000000000000e+00
6701,0,SCRQAL_TPb,0.000000000000e+00
6701,1,QUAL_TPb,9.369506084364e+01
6701,1,QUBP_TPb,0.000000000000e+00
6701,0,DRAT_IGQL_TZn,4.551346222199e+02
6701,0,DRAT_OGQL_TZn,4.530312328927e+02
6701,-1,USQUAL_TZn,3.553353073935e+02
6701,-2,LUQUAL_TZn,9.979931482636e+01
6701,-1,USQUBP_TZn,0.000000000000e+00
6701,-2,LUQUBP_TZn,0.000000000000e+00
6701,-3,PSQUAL_TZn,0.000000000000e+00
6701,-4,PSWDQUAL_TZn,0.000000000000e+00
6701,-4,PSDTQUAL_TZn,0.000000000000e+00
6701,-5,IRWDQUAL_TZn,0.000000000000e+00
6701,-7,INFILTQUAL_TZn,0.000000000000e+00
6701,-8,INFILTQUALTARGET_TZn,0.000000000000e+00
6701,0,ADTOT_TZn,0.000000000000e+00
6701,0,IQUAL_TZn,4.551346222199e+02
6701,0,ADQAL_TZn,0.000000000000e+00
6701,0,DSQAL_TZn,0.000000000000e+00
6701,0,DEPQAL_TZn,0.000000000000e+00
6701,0,SCRQAL_TZn,0.000000000000e+00
6701,1,QUAL_TZn,4.530312328927e+02
6701,1,QUBP_TZn,0.000000000000e+00
6714,0,DRAT_IVOL,1.296473935299e+08
6714,0,DRAT_OVOL,1.296473935299e+08
6714,-1,USLINK,0.000000000000e+00
6714,-1,PCP,0.000000000000e+00
6714,-1,EVAP,0.000000000000e+00
6714,-1,INFILT,0.000000000000e+00
6714,-1,USIF,1.238003760149e+08
6714,-2,LUIF,5.847017514954e+06
6714,-1,USBP,0.000000000000e+00
6714,-2,LUBP,0.000000000000e+00
6714,-3,PSIF,0.000000000000e+00
6714,-4,PSWD,0.000000000000e+00
6714,-4,PSDT,0.000000000000e+00
6714,-5,IRWD,0.000000000000e+00
6714,0,IVOL,1.296473935299e+08
6714,1,RO,1.296473935299e+08
6714,1,BP,0.000000000000e+00
6714,0,DRAT_ISED_1,4.738087318930e+01
6714,0,DRAT_OSED_1,4.738087318930e+01
6714,-1,USSED_1,4.540760932944e+01
6714,-2,LUSED_1,1.973263859861e+00
6714,-1,USSBP_1,0.000000000000e+00
6714,-2,LUSBP_1,0.000000000000e+00
6714,-3,PSSED_1,0.000000000000e+00
6714,-4,PSWDSED_1,0.000000000000e+00
6714,-4,PSDTSED_1,0.000000000000e+00
6714,-5,IRWDSED_1,0.000000000000e+00
6714,0,ISED_1,4.738087318930e+01
6714,0,DEPSCR_1,0.000000000000e+00
6714,0,DEPMASS_1,0.000000000000e+00
6714,0,SCRMASS_1,0.000000000000e+00
6714,0,BEDSED_1,0.000000000000e+00
6714,1,ROSED_1,4.738087318930e+01
6714,1,BPSED_1,0.000000000000e+00
6714,0,DRAT_ISED_2,7.361172611356e+02
6714,0,DRAT_OSED_2,7.361172611356e+02
6714,-1,USSED_2,7.303131574695e+02
6714,-2,LUSED_2,5.804103666106e+00
6714,-1,USSBP_2,0.000000000000e+00
6714,-2,LUSBP_2,0.000000000000e+00
6714,-3,PSSED_2,0.000000000000e+00
6714,-4,PSWDSED_2,0.000000000000e+00
6714,-4,PSDTSED_2,0.000000000000e+00
6714,-5,IRWDSED_2,0.000000000000e+00
6714,0,ISED_2,7.361172611356e+02
6714,0,DEPSCR_2,0.000000000000e+00
6714,0,DEPMASS_2,0.000000000000e+00
6714,0,SCRMASS_2,0.000000000000e+00
6714,0,BEDSED_2,0.000000000000e+00
6714,1,ROSED_2,7.361172611356e+02
6714,1,BPSED_2,0.000000000000e+00
6714,0,DRAT_ISED_3,3.041905900379e+02
6714,0,DRAT_OSED_3,3.041905900379e+02
6714,-1,USSED_3,3.021353027331e+02
6714,-2,LUSED_3,2.055287304836e+00
6714,-1,USSBP_3,0.000000000000e+00
6714,-2,LUSBP_3,0.000000000000e+00
6714,-3,PSSED_3,0.000000000000e+00
6714,-4,PSWDSED_3,0.000000000000e+00
6714,-4,PSDTSED_3,0.000000000000e+00
6714,-5,IRWDSED_3,0.000000000000e+00
6714,0,ISED_3,3.041905900379e+02
6714,0,DEPSCR_3,0.000000000000e+00
6714,0,DEPMASS_3,0.000000000000e+00
6714,0,SCRMASS_3,0.000000000000e+00
6714,0,BEDSED_3,0.000000000000e+00
6714,1,ROSED_3,3.041905900379e+02
6714,1,BPSED_3,0.000000000000e+00
6714,0,DRAT_IGQL_TN,4.338068861560e+03
6714,0,DRAT_OGQL_TN,4.338068861560e+03
6714,-1,USQUAL_TN,3.866175581160e+03
6714,-2,LUQUAL_TN,4.718932804002e+02
6714,-1,USQUBP_TN,0.000000000000e+00
6714,-2,LUQUBP_TN,0.000000000000e+00
6714,-3,PSQUAL_TN,0.000000000000e+00
6714,-4,PSWDQUAL_TN,0.000000000000e+00
6714,-4,PSDTQUAL_TN,0.000000000000e+00
6714,-5,IRWDQUAL_TN,0.000000000000e+00
6714,-7,INFILTQUAL_TN,0.000000000000e+00
6714,-8,INFILTQUALTARGET_TN,0.000000000000e+00
6714,0,ADTOT_TN,0.000000000000e+00
6714,0,IQUAL_TN,4.338068861560e+03
6714,0,ADQAL_TN,0.000000000000e+00
6714,0,DSQAL_TN,0.000000000000e+00
6714,0,DEPQAL_TN,0.000000000000e+00
6714,0,SCRQAL_TN,0.000000000000e+00
6714,1,QUAL_TN,4.338068861560e+03
6714,1,QUBP_TN,0.000000000000e+00
6714,0,DRAT_IGQL_TP,1.842276738062e+03
6714,0,DRAT_OGQL_TP,1.842276738062e+03
6714,-1,USQUAL_TP,1.753991143814e+03
6714,-2,LUQUAL_TP,8.828559424790e+01
6714,-1,USQUBP_TP,0.000000000000e+00
6714,-2,LUQUBP_TP,0.000000000000e+00
6714,-3,PSQUAL_TP,0.000000000000e+00
6714,-4,PSWDQUAL_TP,0.000000000000e+00
6714,-4,PSDTQUAL_TP,0.000000000000e+00
6714,-5,IRWDQUAL_TP,0.000000000000e+00
6714,-7,INFILTQUAL_TP,0.000000000000e+00
6714,-8,INFILTQUALTARGET_TP,0.000000000000e+00
6714,0,ADTOT_TP,0.000000000000e+00
6714,0,IQUAL_TP,1.842276738062e+03
6714,0,ADQAL_TP,0.000000000000e+00
6714,0,DSQAL_TP,0.000000000000e+00
6714,0,DEPQAL_TP,0.000000000000e+00
6714,0,SCRQAL_TP,0.000000000000e+00
6714,1,QUAL_TP,1.842276738062e+03
6714,1,QUBP_TP,0.000000000000e+00
6714,0,DRAT_IGQL_TCd,7.859123959506e-01
6714,0,DRAT_OGQL_TCd,7.859123959506e-01
6714,-1,USQUAL_TCd,7.176555838293e-01
6714,-2,LUQUAL_TCd,6.825681212135e-02
6714,-1,USQUBP_TCd,0.000000000000e+00
6714,-2,LUQUBP_TCd,0.000000000000e+00
6714,-3,PSQUAL_TCd,0.000000000000e+00
6714,-4,PSWDQUAL_TCd,0.000000000000e+00
6714,-4,PSDTQUAL_TCd,0.000000000000e+00
6714,-5,IRWDQUAL_TCd,0.000000000000e+00
6714,-7,INFILTQUAL_TCd,0.000000000000e+00
6714,-8,INFILTQUALTARGET_TCd,0.000000000000e+00
6714,0,ADTOT_TCd,0.000000000000e+00
6714,0,IQUAL_TCd,7.859123959506e-01
6714,0,ADQAL_TCd,0.000000000000e+00
6714,0,DSQAL_TCd,0.000000000000e+00
6714,0,DEPQAL_TCd,0.000000000000e+00
6714,0,SCRQAL_TCd,0.000000000000e+00
6714,1,QUAL_TCd,7.859123959506e-01
6714,1,QUBP_TCd,0.000000000000e+00
6714,0,DRAT_IGQL_TCu,7.879674891825e+01
6714,0,DRAT_OGQL_TCu,7.879674891825e+01
6714,-1,USQUAL_TCu,7.182888294904e+01
6714,-2,LUQUAL_TCu,6.967865969214e+00
6714,-1,USQUBP_TCu,0.000000000000e+00
6714,-2,LUQUBP_TCu,0.000000000000e+00
6714,-3,PSQUAL_TCu,0.000000000000e+00
6714,-4,PSWDQUAL_TCu,0.000000000000e+00
6714,-4,PSDTQUAL_TCu,0.000000000000e+00
6714,-5,IRWDQUAL_TCu,0.000000000000e+00
6714,-7,INFILTQUAL_TCu,0.000000000000e+00
6714,-8,INFILTQUALTARGET_TCu,0.000000000000e+00
6714,0,ADTOT_TCu,0.000000000000e+00
6714,0,IQUAL_TCu,7.879674891825e+01
6714,0,ADQAL_TCu,0.000000000000e+00
6714,0,DSQAL_TCu,0.000000000000e+00
6714,0,DEPQAL_TCu,0.000000000000e+00
6714,0,SCRQAL_TCu,0.000000000000e+00
6714,1,QUAL_TCu,7.879674891825e+01
6714,1,QUBP_TCu,0.000000000000e+00
6714,0,DRAT_IGQL_TPb,1.095602457769e+01
6714,0,DRAT_OGQL_TPb,1.095602457769e+01
6714,-1,USQUAL_TPb,8.649987006351e+00
6714,-2,LUQUAL_TPb,2.306037571339e+00
6714,-1,USQUBP_TPb,0.000000000000e+00
6714,-2,LUQUBP_TPb,0.000000000000e+00
6714,-3,PSQUAL_TPb,0.000000000000e+00
6714,-4,PSWDQUAL_TPb,0.000000000000e+00
6714,-4,PSDTQUAL_TPb,0.000000000000e+00
6714,-5,IRWDQUAL_TPb,0.000000000000e+00
6714,-7,INFILTQUAL_TPb,0.000000000000e+00
6714,-8,INFILTQUALTARGET_TPb,0.000000000000e+00
6714,0,ADTOT_TPb,0.000000000000e+00
6714,0,IQUAL_TPb,1.095602457769e+01
6714,0,ADQAL_TPb,0.000000000000e+00
6714,0,DSQAL_TPb,0.000000000000e+00
6714,0,DEPQAL_TPb,0.000000000000e+00
6714,0,SCRQAL_TPb,0.000000000000e+00
6714,1,QUAL_TPb,1.095602457769e+01
6714,1,QUBP_TPb,0.000000000000e+00
6714,0,DRAT_IGQL_TZn,6.031756910962e+02
6714,0,DRAT_OGQL_TZn,6.031756910962e+02
6714,-1,USQUAL_TZn,5.649661089743e+02
6714,-2,LUQUAL_TZn,3.820958212195e+01
6714,-1,USQUBP_TZn,0.000000000000e+00
6714,-2,LUQUBP_TZn,0.000000000000e+00
6714,-3,PSQUAL_TZn,0.000000000000e+00
6714,-4,PSWDQUAL_TZn,0.000000000000e+00
6714,-4,PSDTQUAL_TZn,0.000000000000e+00
6714,-5,IRWDQUAL_TZn,0.000000000000e+00
6714,-7,INFILTQUAL_TZn,0.000000000000e+00
6714,-8,INFILTQUALTARGET_TZn,0.000000000000e+00
6714,0,ADTOT_TZn,0.000000000000e+00
6714,0,IQUAL_TZn,6.031756910962e+02
6714,0,ADQAL_TZn,0.000000000000e+00
6714,0,DSQAL_TZn,0.000000000000e+00
6714,0,DEPQAL_TZn,0.000000000000e+00
6714,0,SCRQAL_TZn,0.000000000000e+00
6714,1,QUAL_TZn,6.031756910962e+02
6714,1,QUBP_TZn,0.000000000000e+00
6699,0,DRAT_IVOL,4.494451845042e+07
6699,0,DRAT_OVOL,4.494451845042e+07
6699,-1,USLINK,0.000000000000e+00
6699,-1,PCP,0.000000000000e+00
6699,-1,EVAP,0.000000000000e+00
6699,-1,INFILT,0.000000000000e+00
6699,-1,USIF,3.617218040479e+07
6699,-2,LUIF,8.772338045627e+06
6699,-1,USBP,0.000000000000e+00
6699,-2,LUBP,0.000000000000e+00
6699,-3,PSIF,0.000000000000e+00
6699,-4,PSWD,0.000000000000e+00
6699,-4,PSDT,0.000000000000e+00
6699,-5,IRWD,0.000000000000e+00
6699,0,IVOL,4.494451845042e+07
6699,1,RO,4.494451845042e+07
6699,1,BP,0.000000000000e+00
6699,0,DRAT_ISED_1,2.197348355777e+01
6699,0,DRAT_OSED_1,2.197348355777e+01
6699,-1,USSED_1,1.789361488792e+01
6699,-2,LUSED_1,4.079868669846e+00
6699,-1,USSBP_1,0.000000000000e+00
6699,-2,LUSBP_1,0.000000000000e+00
6699,-3,PSSED_1,0.000000000000e+00
6699,-4,PSWDSED_1,0.000000000000e+00
6699,-4,PSDTSED_1,0.000000000000e+00
6699,-5,IRWDSED_1,0.000000000000e+00
6699,0,ISED_1,2.197348355777e+01
6699,0,DEPSCR_1,0.000000000000e+00
6699,0,DEPMASS_1,0.000000000000e+00
6699,0,SCRMASS_1,0.000000000000e+00
6699,0,BEDSED_1,0.000000000000e+00
6699,1,ROSED_1,2.197348355777e+01
6699,1,BPSED_1,0.000000000000e+00
6699,0,DRAT_ISED_2,1.521478650012e+02
6699,0,DRAT_OSED_2,1.521478650012e+02
6699,-1,USSED_2,1.280537886974e+02
6699,-2,LUSED_2,2.409407630382e+01
6699,-1,USSBP_2,0.000000000000e+00
6699,-2,LUSBP_2,0.000000000000e+00
6699,-3,PSSED_2,0.000000000000e+00
6699,-4,PSWDSED_2,0.000000000000e+00
6699,-4,PSDTSED_2,0.000000000000e+00
6699,-5,IRWDSED_2,0.000000000000e+00
6699,0,ISED_2,1.521478650012e+02
6699,0,DEPSCR_2,0.000000000000e+00
6699,0,DEPMASS_2,0.000000000000e+00
6699,0,SCRMASS_2,0.000000000000e+00
6699,0,BEDSED_2,0.000000000000e+00
6699,1,ROSED_2,1.521478650012e+02
6699,1,BPSED_2,0.000000000000e+00
6699,0,DRAT_ISED_3,1.035230033493e+02
6699,0,DRAT_OSED_3,1.035230033493e+02
6699,-1,USSED_3,9.648461543842e+01
6699,-2,LUSED_3,7.038387910926e+00
6699,-1,USSBP_3,0.000000000000e+00
6699,-2,LUSBP_3,0.000000000000e+00
6699,-3,PSSED_3,0.000000000000e+00
6699,-4,PSWDSED_3,0.000000000000e+00
6699,-4,PSDTSED_3,0.000000000000e+00
6699,-5,IRWDSED_3,0.000000000000e+00
6699,0,ISED_3,1.035230033493e+02
6699,0,DEPSCR_3,0.000000000000e+00
6699,0,DEPMASS_3,0.000000000000e+00
6699,0,SCRMASS_3,0.000000000000e+00
6699,0,BEDSED_3,0.000000000000e+00
6699,1,ROSED_3,1.035230033493e+02
6699,1,BPSED_3,0.000000000000e+00
6699,0,DRAT_IGQL_TN,5.179519467506e+03
6699,0,DRAT_OGQL_TN,5.179519467506e+03
6699,-1,USQUAL_TN,4.204949875640e+03
6699,-2,LUQUAL_TN,9.745695918654e+02
6699,-1,USQUBP_TN,0.000000000000e+00
6699,-2,LUQUBP_TN,0.000000000000e+00
6699,-3,PSQUAL_TN,0.000000000000e+00
6699,-4,PSWDQUAL_TN,0.000000000000e+00
6699,-4,PSDTQUAL_TN,0.000000000000e+00
6699,-5,IRWDQUAL_TN,0.000000000000e+00
6699,-7,INFILTQUAL_TN,0.000000000000e+00
6699,-8,INFILTQUALTARGET_TN,0.000000000000e+00
6699,0,ADTOT_TN,0.000000000000e+00
6699,0,IQUAL_TN,5.179519467506e+03
6699,0,ADQAL_TN,0.000000000000e+00
6699,0,DSQAL_TN,0.000000000000e+00
6699,0,DEPQAL_TN,0.000000000000e+00
6699,0,SCRQAL_TN,0.000000000000e+00
6699,1,QUAL_TN,5.179519467506e+03
6699,1,QUBP_TN,0.000000000000e+00
6699,0,DRAT_IGQL_TP,8.871994262395e+02
6699,0,DRAT_OGQL_TP,8.871994262395e+02
6699,-1,USQUAL_TP,6.799221603365e+02
6699,-2,LUQUAL_TP,2.072772659030e+02
6699,-1,USQUBP_TP,0.000000000000e+00
6699,-2,LUQUBP_TP,0.000000000000e+00
6699,-3,PSQUAL_TP,0.000000000000e+00
6699,-4,PSWDQUAL_TP,0.000000000000e+00
6699,-4,PSDTQUAL_TP,0.000000000000e+00
6699,-5,IRWDQUAL_TP,0.000000000000e+00
6699,-7,INFILTQUAL_TP,0.000000000000e+00
6699,-8,INFILTQUALTARGET_TP,0.000000000000e+00
6699,0,ADTOT_TP,0.000000000000e+00
6699,0,IQUAL_TP,8.871994262395e+02
6699,0,ADQAL_TP,0.000000000000e+00
6699,0,DSQAL_TP,0.000000000000e+00
6699,0,DEPQAL_TP,0.000000000000e+00
6699,0,SCRQAL_TP,0.000000000000e+00
6699,1,QUAL_TP,8.871994262395e+02
6699,1,QUBP_TP,0.000000000000e+00
6699,0,DRAT_IGQL_TCd,1.726460629109e+00
6699,0,DRAT_OGQL_TCd,1.726460629109e+00
6699,-1,USQUAL_TCd,1.123337689449e+00
6699,-2,LUQUAL_TCd,6.031229396598e-01
6699,-1,USQUBP_TCd,0.000000000000e+00
6699,-2,LUQUBP_TCd,0.000000000000e+00
6699,-3,PSQUAL_TCd,0.000000000000e+00
6699,-4,PSWDQUAL_TCd,0.000000000000e+00
6699,-4,PSDTQUAL_TCd,0.000000000000e+00
6699,-5,IRWDQUAL_TCd,0.000000000000e+00
6699,-7,INFILTQUAL_TCd,0.000000000000e+00
6699,-8,INFILTQUALTARGET_TCd,0.000000000000e+00
6699,0,ADTOT_TCd,0.000000000000e+00
6699,0,IQUAL_TCd,1.726460629109e+00
6699,0,ADQAL_TCd,0.000000000000e+00
6699,0,DSQAL_TCd,0.000000000000e+00
6699,0,DEPQAL_TCd,0.000000000000e+00
6699,0,SCRQAL_TCd,0.000000000000e+00
6699,1,QUAL_TCd,1.726460629109e+00
6699,1,QUBP_TCd,0.000000000000e+00
6699,0,DRAT_IGQL_TCu,1.736917384615e+02
6699,0,DRAT_OGQL_TCu,1.736917384615e+02
6699,-1,USQUAL_TCu,1.132373728976e+02
6699,-2,LUQUAL_TCu,6.045436556399e+01
6699,-1,USQUBP_TCu,0.000000000000e+00
6699,-2,LUQUBP_TCu,0.000000000000e+00
6699,-3,PSQUAL_TCu,0.000000000000e+00
6699,-4,PSWDQUAL_TCu,0.000000000000e+00
6699,-4,PSDTQUAL_TCu,0.000000000000e+00
6699,-5,IRWDQUAL_TCu,0.000000000000e+00
6699,-7,INFILTQUAL_TCu,0.000000000000e+00
6699,-8,INFILTQUALTARGET_TCu,0.000000000000e+00
6699,0,ADTOT_TCu,0.000000000000e+00
6699,0,IQUAL_TCu,1.736917384615e+02
6699,0,ADQAL_TCu,0.000000000000e+00
6699,0,DSQAL_TCu,0.000000000000e+00
6699,0,DEPQAL_TCu,0.000000000000e+00
6699,0,SCRQAL_TCu,0.000000000000e+00
6699,1,QUAL_TCu,1.736917384615e+02
6699,1,QUBP_TCu,0.000000000000e+00
6699,0,DRAT_IGQL_TPb,1.330839033833e+02
6699,0,DRAT_OGQL_TPb,1.330839033833e+02
6699,-1,USQUAL_TPb,9.788400969658e+01
6699,-2,LUQUAL_TPb,3.519989368670e+01
6699,-1,USQUBP_TPb,0.000000000000e+00
6699,-2,LUQUBP_TPb,0.000000000000e+00
6699,-3,PSQUAL_TPb,0.000000000000e+00
6699,-4,PSWDQUAL_TPb,0.000000000000e+00
6699,-4,PSDTQUAL_TPb,0.000000000000e+00
6699,-5,IRWDQUAL_TPb,0.000000000000e+00
6699,-7,INFILTQUAL_TPb,0.000000000000e+00
6699,-8,INFILTQUALTARGET_TPb,0.000000000000e+00
6699,0,ADTOT_TPb,0.000000000000e+00
6699,0,IQUAL_TPb,1.330839033833e+02
6699,0,ADQAL_TPb,0.000000000000e+00
6699,0,DSQAL_TPb,0.000000000000e+00
6699,0,DEPQAL_TPb,0.000000000000e+00
6699,0,SCRQAL_TPb,0.000000000000e+00
6699,1,QUAL_TPb,1.330839033833e+02
6699,1,QUBP_TPb,0.000000000000e+00
6699,0,DRAT_IGQL_TZn,7.788782720790e+02
6699,0,DRAT_OGQL_TZn,7.788782720790e+02
6699,-1,USQUAL_TZn,5.186304442256e+02
6699,-2,LUQUAL_TZn,2.602478278534e+02
6699,-1,USQUBP_TZn,0.000000000000e+00
6699,-2,LUQUBP_TZn,0.000000000000e+00
6699,-3,PSQUAL_TZn,0.000000000000e+00
6699,-4,PSWDQUAL_TZn,0.000000000000e+00
6699,-4,PSDTQUAL_TZn,0.000000000000e+00
6699,-5,IRWDQUAL_TZn,0.000000000000e+00
6699,-7,INFILTQUAL_TZn,0.000000000000e+00
6699,-8,INFILTQUALTARGET_TZn,0.000000000000e+00
6699,0,ADTOT_TZn,0.000000000000e+00
6699,0,IQUAL_TZn,7.788782720790e+02
6699,0,ADQAL_TZn,0.000000000000e+00
6699,0,DSQAL_TZn,0.000000000000e+00
6699,0,DEPQAL_TZn,0.000000000000e+00
6699,0,SCRQAL_TZn,0.000000000000e+00
6699,1,QUAL_TZn,7.788782720790e+02
6699,1,QUBP_TZn,0.000000000000e+00
6710,0,DRAT_IVOL,1.396208828225e+08
6710,0,DRAT_OVOL,7.842480410378e+07
6710,-1,USLINK,0.000000000000e+00
6710,-1,PCP,7.570199603472e+05
6710,-1,EVAP,6.110517200415e+05
6710,-1,INFILT,0.000000000000e+00
6710,-1,USIF,1.329897152998e+08
6710,-2,LUIF,5.874147562326e+06
6710,-1,USBP,0.000000000000e+00
6710,-2,LUBP,0.000000000000e+00
6710,-3,PSIF,0.000000000000e+00
6710,-4,PSWD,6.058502894015e+07
6710,-4,PSDT,0.000000000000e+00
6710,-5,IRWD,0.000000000000e+00
6710,0,IVOL,1.388638628621e+08
6710,1,RO,7.842480410378e+07
6710,1,BP,0.000000000000e+00
6710,0,DRAT_ISED_1,6.120162844584e+01
6710,0,DRAT_OSED_1,4.049446102193e+01
6710,-1,USSED_1,4.926468466415e+01
6710,-2,LUSED_1,2.418378254887e+00
6710,-1,USSBP_1,0.000000000000e+00
6710,-2,LUSBP_1,0.000000000000e+00
6710,-3,PSSED_1,0.000000000000e+00
6710,-4,PSWDSED_1,1.020981493132e+01
6710,-4,PSDTSED_1,0.000000000000e+00
6710,-5,IRWDSED_1,0.000000000000e+00
6710,0,ISED_1,4.147324798772e+01
6710,0,DEPSCR_1,9.787590400037e-01
6710,0,DEPMASS_1,1.049732456680e+01
6710,0,SCRMASS_1,9.518565526798e+00
6710,0,BEDSED_1,6.135233114978e+06
6710,1,ROSED_1,4.049446102193e+01
6710,1,BPSED_1,0.000000000000e+00
6710,0,DRAT_ISED_2,1.013985585670e+03
6710,0,DRAT_OSED_2,6.629193888973e+02
6710,-1,USSED_2,7.429678308747e+02
6710,-2,LUSED_2,1.297395440996e+01
6710,-1,USSBP_2,0.000000000000e+00
6710,-2,LUSBP_2,0.000000000000e+00
6710,-3,PSSED_2,0.000000000000e+00
6710,-4,PSWDSED_2,3.527466571581e+02
6710,-4,PSDTSED_2,0.000000000000e+00
6710,-5,IRWDSED_2,0.000000000000e+00
6710,0,ISED_2,4.031951281265e+02
6710,0,DEPSCR_2,-2.580438003855e+02
6710,0,DEPMASS_2,0.000000000000e+00
6710,0,SCRMASS_2,2.580438003855e+02
6710,0,BEDSED_2,2.373188617910e+07
6710,1,ROSED_2,6.629193888973e+02
6710,1,BPSED_2,0.000000000000e+00
6710,0,DRAT_ISED_3,3.457915074178e+02
6710,0,DRAT_OSED_3,2.404406391214e+02
6710,-1,USSED_3,3.063257815444e+02
6710,-2,LUSED_3,3.965265866390e+00
6710,-1,USSBP_3,0.000000000000e+00
6710,-2,LUSBP_3,0.000000000000e+00
6710,-3,PSSED_3,0.000000000000e+00
6710,-4,PSWDSED_3,1.057762686708e+02
6710,-4,PSDTSED_3,0.000000000000e+00
6710,-5,IRWDSED_3,0.000000000000e+00
6710,0,ISED_3,2.045147787400e+02
6710,0,DEPSCR_3,-3.550046000709e+01
6710,0,DEPMASS_3,0.000000000000e+00
6710,0,SCRMASS_3,3.550046000709e+01
6710,0,BEDSED_3,3.633486751133e+05
6710,1,ROSED_3,2.404406391214e+02
6710,1,BPSED_3,0.000000000000e+00
6710,0,DRAT_IGQL_TN,5.661961125322e+03
6710,0,DRAT_OGQL_TN,3.287996089783e+03
6710,-1,USQUAL_TN,4.820030254197e+03
6710,-2,LUQUAL_TN,8.419308711244e+02
6710,-1,USQUBP_TN,0.000000000000e+00
6710,-2,LUQUBP_TN,0.000000000000e+00
6710,-3,PSQUAL_TN,0.000000000000e+00
6710,-4,PSWDQUAL_TN,2.409989372603e+03
6710,-4,PSDTQUAL_TN,0.000000000000e+00
6710,-5,IRWDQUAL_TN,0.000000000000e+00
6710,-7,INFILTQUAL_TN,0.000000000000e+00
6710,-8,INFILTQUALTARGET_TN,0.000000000000e+00
6710,0,ADTOT_TN,0.000000000000e+00
6710,0,IQUAL_TN,3.251971752719e+03
6710,0,ADQAL_TN,0.000000000000e+00
6710,0,DSQAL_TN,0.000000000000e+00
6710,0,DEPQAL_TN,0.000000000000e+00
6710,0,SCRQAL_TN,0.000000000000e+00
6710,1,QUAL_TN,3.287996089783e+03
6710,1,QUBP_TN,0.000000000000e+00
6710,0,DRAT_IGQL_TP,2.022193025029e+03
6710,0,DRAT_OGQL_TP,1.370772671358e+03
6710,-1,USQUAL_TP,1.904907540149e+03
6710,-2,LUQUAL_TP,1.172854848804e+02
6710,-1,USQUBP_TP,0.000000000000e+00
6710,-2,LUQUBP_TP,0.000000000000e+00
6710,-3,PSQUAL_TP,0.000000000000e+00
6710,-4,PSWDQUAL_TP,6.577284179533e+02
6710,-4,PSDTQUAL_TP,0.000000000000e+00
6710,-5,IRWDQUAL_TP,0.000000000000e+00
6710,-7,INFILTQUAL_TP,0.000000000000e+00
6710,-8,INFILTQUALTARGET_TP,0.000000000000e+00
6710,0,ADTOT_TP,0.000000000000e+00
6710,0,IQUAL_TP,1.364464607076e+03
6710,0,ADQAL_TP,0.000000000000e+00
6710,0,DSQAL_TP,0.000000000000e+00
6710,0,DEPQAL_TP,0.000000000000e+00
6710,0,SCRQAL_TP,0.000000000000e+00
6710,1,QUAL_TP,1.370772671358e+03
6710,1,QUBP_TP,0.000000000000e+00
6710,0,DRAT_IGQL_TCd,1.051842056398e+00
6710,0,DRAT_OGQL_TCd,6.942391274468e-01
6710,-1,USQUAL_TCd,8.577602321435e-01
6710,-2,LUQUAL_TCd,1.940818242544e-01
6710,-1,USQUBP_TCd,0.000000000000e+00
6710,-2,LUQUBP_TCd,0.000000000000e+00
6710,-3,PSQUAL_TCd,0.000000000000e+00
6710,-4,PSWDQUAL_TCd,3.727275449959e-01
6710,-4,PSDTQUAL_TCd,0.000000000000e+00
6710,-5,IRWDQUAL_TCd,0.000000000000e+00
6710,-7,INFILTQUAL_TCd,0.000000000000e+00
6710,-8,INFILTQUALTARGET_TCd,0.000000000000e+00
6710,0,ADTOT_TCd,0.000000000000e+00
6710,0,IQUAL_TCd,6.791145114019e-01
6710,0,ADQAL_TCd,0.000000000000e+00
6710,0,DSQAL_TCd,0.000000000000e+00
6710,0,DEPQAL_TCd,0.000000000000e+00
6710,0,SCRQAL_TCd,0.000000000000e+00
6710,1,QUAL_TCd,6.942391274468e-01
6710,1,QUBP_TCd,0.000000000000e+00
6710,0,DRAT_IGQL_TCu,1.057083033404e+02
6710,0,DRAT_OGQL_TCu,6.962393106136e+01
6710,-1,USQUAL_TCu,8.613944924371e+01
6710,-2,LUQUAL_TCu,1.956885409665e+01
6710,-1,USQUBP_TCu,0.000000000000e+00
6710,-2,LUQUBP_TCu,0.000000000000e+00
6710,-3,PSQUAL_TCu,0.000000000000e+00
6710,-4,PSWDQUAL_TCu,3.759862306003e+01
6710,-4,PSDTQUAL_TCu,0.000000000000e+00
6710,-5,IRWDQUAL_TCu,0.000000000000e+00
6710,-7,INFILTQUAL_TCu,0.000000000000e+00
6710,-8,INFILTQUALTARGET_TCu,0.000000000000e+00
6710,0,ADTOT_TCu,0.000000000000e+00
6710,0,IQUAL_TCu,6.810968028033e+01
6710,0,ADQAL_TCu,0.000000000000e+00
6710,0,DSQAL_TCu,0.000000000000e+00
6710,0,DEPQAL_TCu,0.000000000000e+00
6710,0,SCRQAL_TCu,0.000000000000e+00
6710,1,QUAL_TCu,6.962393106136e+01
6710,1,QUBP_TCu,0.000000000000e+00
6710,0,DRAT_IGQL_TPb,4.043445404195e+01
6710,0,DRAT_OGQL_TPb,2.017643136019e+01
6710,-1,USQUAL_TPb,2.029952708802e+01
6710,-2,LUQUAL_TPb,2.013492695394e+01
6710,-1,USQUBP_TPb,0.000000000000e+00
6710,-2,LUQUBP_TPb,0.000000000000e+00
6710,-3,PSQUAL_TPb,0.000000000000e+00
6710,-4,PSWDQUAL_TPb,2.144866730632e+01
6710,-4,PSDTQUAL_TPb,0.000000000000e+00
6710,-5,IRWDQUAL_TPb,0.000000000000e+00
6710,-7,INFILTQUAL_TPb,0.000000000000e+00
6710,-8,INFILTQUALTARGET_TPb,0.000000000000e+00
6710,0,ADTOT_TPb,0.000000000000e+00
6710,0,IQUAL_TPb,1.898578673563e+01
6710,0,ADQAL_TPb,0.000000000000e+00
6710,0,DSQAL_TPb,0.000000000000e+00
6710,0,DEPQAL_TPb,0.000000000000e+00
6710,0,SCRQAL_TPb,0.000000000000e+00
6710,1,QUAL_TPb,2.017643136019e+01
6710,1,QUBP_TPb,0.000000000000e+00
6710,0,DRAT_IGQL_TZn,7.194904310297e+02
6710,0,DRAT_OGQL_TZn,4.810232906173e+02
6710,-1,USQUAL_TZn,6.346754987458e+02
6710,-2,LUQUAL_TZn,8.481493228384e+01
6710,-1,USQUBP_TZn,0.000000000000e+00
6710,-2,LUQUBP_TZn,0.000000000000e+00
6710,-3,PSQUAL_TZn,0.000000000000e+00
6710,-4,PSWDQUAL_TZn,2.435691489000e+02
6710,-4,PSDTQUAL_TZn,0.000000000000e+00
6710,-5,IRWDQUAL_TZn,0.000000000000e+00
6710,-7,INFILTQUAL_TZn,0.000000000000e+00
6710,-8,INFILTQUALTARGET_TZn,0.000000000000e+00
6710,0,ADTOT_TZn,0.000000000000e+00
6710,0,IQUAL_TZn,4.759212821297e+02
6710,0,ADQAL_TZn,0.000000000000e+00
6710,0,DSQAL_TZn,0.000000000000e+00
6710,0,DEPQAL_TZn,0.000000000000e+00
6710,0,SCRQAL_TZn,0.000000000000e+00
6710,1,QUAL_TZn,4.810232906173e+02
6710,1,QUBP_TZn,0.000000000000e+00
6697,0,DRAT_IVOL,1.379059994868e+08
6697,0,DRAT_OVOL,5.469443334065e+07
6697,-1,USLINK,0.000000000000e+00
6697,-1,PCP,4.888374818857e+05
6697,-1,EVAP,2.637731459425e+05
6697,-1,INFILT,0.000000000000e+00
6697,-1,USIF,1.297191324997e+08
6697,-2,LUIF,7.698029505182e+06
6697,-1,USBP,0.000000000000e+00
6697,-2,LUBP,0.000000000000e+00
6697,-3,PSIF,0.000000000000e+00
6697,-4,PSWD,8.294779822624e+07
6697,-4,PSDT,0.000000000000e+00
6697,-5,IRWD,0.000000000000e+00
6697,0,IVOL,1.374171620049e+08
6697,1,RO,5.469443334065e+07
6697,1,BP,0.000000000000e+00
6697,0,DRAT_ISED_1,6.980037802406e+01
6697,0,DRAT_OSED_1,7.010732384339e+00
6697,-1,USSED_1,6.579277998694e+01
6697,-2,LUSED_1,3.980199284809e+00
6697,-1,USSBP_1,0.000000000000e+00
6697,-2,LUSBP_1,0.000000000000e+00
6697,-3,PSSED_1,0.000000000000e+00
6697,-4,PSWDSED_1,7.094267700517e+00
6697,-4,PSDTSED_1,0.000000000000e+00
6697,-5,IRWDSED_1,0.000000000000e+00
6697,0,ISED_1,6.267871157123e+01
6697,0,DEPSCR_1,5.566797245607e+01
6697,0,DEPMASS_1,5.569537120839e+01
6697,0,SCRMASS_1,2.739875231977e-02
6697,0,BEDSED_1,7.464254775828e+06
6697,1,ROSED_1,7.010732384339e+00
6697,1,BPSED_1,0.000000000000e+00
6697,0,DRAT_ISED_2,8.520188506324e+02
6697,0,DRAT_OSED_2,3.342832714265e+02
6697,-1,USSED_2,8.286257149910e+02
6697,-2,LUSED_2,1.780888831140e+01
6697,-1,USSBP_2,0.000000000000e+00
6697,-2,LUSBP_2,0.000000000000e+00
6697,-3,PSSED_2,0.000000000000e+00
6697,-4,PSWDSED_2,5.221831968017e+02
6697,-4,PSDTSED_2,0.000000000000e+00
6697,-5,IRWDSED_2,0.000000000000e+00
6697,0,ISED_2,3.242514065007e+02
6697,0,DEPSCR_2,-5.584247329986e+00
6697,0,DEPMASS_2,0.000000000000e+00
6697,0,SCRMASS_2,5.584247329986e+00
6697,0,BEDSED_2,2.083531117253e+07
6697,1,ROSED_2,3.342832714265e+02
6697,1,BPSED_2,0.000000000000e+00
6697,0,DRAT_ISED_3,3.703978401388e+02
6697,0,DRAT_OSED_3,1.505894097688e+02
6697,-1,USSED_3,3.481742819593e+02
6697,-2,LUSED_3,5.442643014635e+00
6697,-1,USSBP_3,0.000000000000e+00
6697,-2,LUSBP_3,0.000000000000e+00
6697,-3,PSSED_3,0.000000000000e+00
6697,-4,PSWDSED_3,2.206478105784e+02
6697,-4,PSDTSED_3,0.000000000000e+00
6697,-5,IRWDSED_3,0.000000000000e+00
6697,0,ISED_3,1.329691143955e+02
6697,0,DEPSCR_3,-1.678091516487e+01
6697,0,DEPMASS_3,0.000000000000e+00
6697,0,SCRMASS_3,1.678091516487e+01
6697,0,BEDSED_3,4.679472949000e+06
6697,1,ROSED_3,1.505894097688e+02
6697,1,BPSED_3,0.000000000000e+00
6697,0,DRAT_IGQL_TN,1.005127607923e+04
6697,0,DRAT_OGQL_TN,3.832966592240e+03
6697,-1,USQUAL_TN,9.186677819592e+03
6697,-2,LUQUAL_TN,8.645982596381e+02
6697,-1,USQUBP_TN,0.000000000000e+00
6697,-2,LUQUBP_TN,0.000000000000e+00
6697,-3,PSQUAL_TN,0.000000000000e+00
6697,-4,PSWDQUAL_TN,6.264773812699e+03
6697,-4,PSDTQUAL_TN,0.000000000000e+00
6697,-5,IRWDQUAL_TN,0.000000000000e+00
6697,-7,INFILTQUAL_TN,0.000000000000e+00
6697,-8,INFILTQUALTARGET_TN,0.000000000000e+00
6697,0,ADTOT_TN,0.000000000000e+00
6697,0,IQUAL_TN,3.786502266531e+03
6697,0,ADQAL_TN,0.000000000000e+00
6697,0,DSQAL_TN,0.000000000000e+00
6697,0,DEPQAL_TN,0.000000000000e+00
6697,0,SCRQAL_TN,0.000000000000e+00
6697,1,QUAL_TN,3.832966592240e+03
6697,1,QUBP_TN,0.000000000000e+00
6697,0,DRAT_IGQL_TP,2.511351991901e+03
6697,0,DRAT_OGQL_TP,1.070954323613e+03
6697,-1,USQUAL_TP,2.367817212516e+03
6697,-2,LUQUAL_TP,1.435347793849e+02
6697,-1,USQUBP_TP,0.000000000000e+00
6697,-2,LUQUBP_TP,0.000000000000e+00
6697,-3,PSQUAL_TP,0.000000000000e+00
6697,-4,PSWDQUAL_TP,1.487237311889e+03
6697,-4,PSDTQUAL_TP,0.000000000000e+00
6697,-5,IRWDQUAL_TP,0.000000000000e+00
6697,-7,INFILTQUAL_TP,0.000000000000e+00
6697,-8,INFILTQUALTARGET_TP,0.000000000000e+00
6697,0,ADTOT_TP,0.000000000000e+00
6697,0,IQUAL_TP,1.024114680012e+03
6697,0,ADQAL_TP,0.000000000000e+00
6697,0,DSQAL_TP,0.000000000000e+00
6697,0,DEPQAL_TP,0.000000000000e+00
6697,0,SCRQAL_TP,0.000000000000e+00
6697,1,QUAL_TP,1.070954323613e+03
6697,1,QUBP_TP,0.000000000000e+00
6697,0,DRAT_IGQL_TCd,2.959491631449e+00
6697,0,DRAT_OGQL_TCd,1.279754049827e+00
6697,-1,USQUAL_TCd,2.641459751443e+00
6697,-2,LUQUAL_TCd,3.180318800054e-01
6697,-1,USQUBP_TCd,0.000000000000e+00
6697,-2,LUQUBP_TCd,0.000000000000e+00
6697,-3,PSQUAL_TCd,0.000000000000e+00
6697,-4,PSWDQUAL_TCd,1.813162230270e+00
6697,-4,PSDTQUAL_TCd,0.000000000000e+00
6697,-5,IRWDQUAL_TCd,0.000000000000e+00
6697,-7,INFILTQUAL_TCd,0.000000000000e+00
6697,-8,INFILTQUALTARGET_TCd,0.000000000000e+00
6697,0,ADTOT_TCd,0.000000000000e+00
6697,0,IQUAL_TCd,1.146329401179e+00
6697,0,ADQAL_TCd,0.000000000000e+00
6697,0,DSQAL_TCd,0.000000000000e+00
6697,0,DEPQAL_TCd,0.000000000000e+00
6697,0,SCRQAL_TCd,0.000000000000e+00
6697,1,QUAL_TCd,1.279754049827e+00
6697,1,QUBP_TCd,0.000000000000e+00
6697,0,DRAT_IGQL_TCu,2.975987564781e+02
6697,0,DRAT_OGQL_TCu,1.284667831415e+02
6697,-1,USQUAL_TCu,2.656437711921e+02
6697,-2,LUQUAL_TCu,3.195498528605e+01
6697,-1,USQUBP_TCu,0.000000000000e+00
6697,-2,LUQUBP_TCu,0.000000000000e+00
6697,-3,PSQUAL_TCu,0.000000000000e+00
6697,-4,PSWDQUAL_TCu,1.824380830277e+02
6697,-4,PSDTQUAL_TCu,0.000000000000e+00
6697,-5,IRWDQUAL_TCu,0.000000000000e+00
6697,-7,INFILTQUAL_TCu,0.000000000000e+00
6697,-8,INFILTQUALTARGET_TCu,0.000000000000e+00
6697,0,ADTOT_TCu,0.000000000000e+00
6697,0,IQUAL_TCu,1.151606734504e+02
6697,0,ADQAL_TCu,0.000000000000e+00
6697,0,DSQAL_TCu,0.000000000000e+00
6697,0,DEPQAL_TCu,0.000000000000e+00
6697,0,SCRQAL_TCu,0.000000000000e+00
6697,1,QUAL_TCu,1.284667831415e+02
6697,1,QUBP_TCu,0.000000000000e+00
6697,0,DRAT_IGQL_TPb,1.841671794454e+02
6697,0,DRAT_OGQL_TPb,7.723214438884e+01
6697,-1,USQUAL_TPb,1.591888936198e+02
6697,-2,LUQUAL_TPb,2.497828582564e+01
6697,-1,USQUBP_TPb,0.000000000000e+00
6697,-2,LUQUBP_TPb,0.000000000000e+00
6697,-3,PSQUAL_TPb,0.000000000000e+00
6697,-4,PSWDQUAL_TPb,1.104066915603e+02
6697,-4,PSDTQUAL_TPb,0.000000000000e+00
6697,-5,IRWDQUAL_TPb,0.000000000000e+00
6697,-7,INFILTQUAL_TPb,0.000000000000e+00
6697,-8,INFILTQUALTARGET_TPb,0.000000000000e+00
6697,0,ADTOT_TPb,0.000000000000e+00
6697,0,IQUAL_TPb,7.376048788510e+01
6697,0,ADQAL_TPb,0.000000000000e+00
6697,0,DSQAL_TPb,0.000000000000e+00
6697,0,DEPQAL_TPb,0.000000000000e+00
6697,0,SCRQAL_TPb,0.000000000000e+00
6697,1,QUAL_TPb,7.723214438884e+01
6697,1,QUBP_TPb,0.000000000000e+00
6697,0,DRAT_IGQL_TZn,1.495954192863e+03
6697,0,DRAT_OGQL_TZn,6.466538679412e+02
6697,-1,USQUAL_TZn,1.354361080442e+03
6697,-2,LUQUAL_TZn,1.415931124210e+02
6697,-1,USQUBP_TZn,0.000000000000e+00
6697,-2,LUQUBP_TZn,0.000000000000e+00
6697,-3,PSQUAL_TZn,0.000000000000e+00
6697,-4,PSWDQUAL_TZn,9.030356834063e+02
6697,-4,PSDTQUAL_TZn,0.000000000000e+00
6697,-5,IRWDQUAL_TZn,0.000000000000e+00
6697,-7,INFILTQUAL_TZn,0.000000000000e+00
6697,-8,INFILTQUALTARGET_TZn,0.000000000000e+00
6697,0,ADTOT_TZn,0.000000000000e+00
6697,0,IQUAL_TZn,5.929185094571e+02
6697,0,ADQAL_TZn,0.000000000000e+00
6697,0,DSQAL_TZn,0.000000000000e+00
6697,0,DEPQAL_TZn,0.000000000000e+00
6697,0,SCRQAL_TZn,0.000000000000e+00
6697,1,QUAL_TZn,6.466538679412e+02
6697,1,QUBP_TZn,0.000000000000e+00
