rchid,type,parmname,value1
2035,0,DRAT_IVOL,3.332735278999e+07
2035,0,DRAT_OVOL,3.332735278999e+07
2035,-1,USLINK,0.000000000000e+00
2035,-1,PCP,0.000000000000e+00
2035,-1,EVAP,0.000000000000e+00
2035,-1,INFILT,0.000000000000e+00
2035,-1,USIF,0.000000000000e+00
2035,-2,LUIF,3.332735278999e+07
2035,-1,USBP,0.000000000000e+00
2035,-2,LUBP,0.000000000000e+00
2035,-5,IRWD,0.000000000000e+00
2035,0,IVOL,3.332735278999e+07
2035,1,RO,3.332735278999e+07
2035,1,BP,0.000000000000e+00
2035,0,DRAT_ISED_1,1.817057466771e+01
2035,0,DRAT_OSED_1,1.817057466771e+01
2035,-1,USSED_1,0.000000000000e+00
2035,-2,LUSED_1,1.817057466771e+01
2035,-1,USSBP_1,0.000000000000e+00
2035,-2,LUSBP_1,0.000000000000e+00
2035,-5,IRWDSED_1,0.000000000000e+00
2035,0,ISED_1,1.817057466771e+01
2035,0,DEPSCR_1,0.000000000000e+00
2035,0,DEPMASS_1,0.000000000000e+00
2035,0,SCRMASS_1,0.000000000000e+00
2035,0,BEDSED_1,0.000000000000e+00
2035,1,ROSED_1,1.817057466771e+01
2035,1,BPSED_1,0.000000000000e+00
2035,0,DRAT_ISED_2,9.452965169405e+01
2035,0,DRAT_OSED_2,9.452965169405e+01
2035,-1,USSED_2,0.000000000000e+00
2035,-2,LUSED_2,9.452965169405e+01
2035,-1,USSBP_2,0.000000000000e+00
2035,-2,LUSBP_2,0.000000000000e+00
2035,-5,IRWDSED_2,0.000000000000e+00
2035,0,ISED_2,9.452965169405e+01
2035,0,DEPSCR_2,0.000000000000e+00
2035,0,DEPMASS_2,0.000000000000e+00
2035,0,SCRMASS_2,0.000000000000e+00
2035,0,BEDSED_2,0.000000000000e+00
2035,1,ROSED_2,9.452965169405e+01
2035,1,BPSED_2,0.000000000000e+00
2035,0,DRAT_ISED_3,2.821022860403e+01
2035,0,DRAT_OSED_3,2.821022860403e+01
2035,-1,USSED_3,0.000000000000e+00
2035,-2,LUSED_3,2.821022860403e+01
2035,-1,USSBP_3,0.000000000000e+00
2035,-2,LUSBP_3,0.000000000000e+00
2035,-5,IRWDSED_3,0.000000000000e+00
2035,0,ISED_3,2.821022860403e+01
2035,0,DEPSCR_3,0.000000000000e+00
2035,0,DEPMASS_3,0.000000000000e+00
2035,0,SCRMASS_3,0.000000000000e+00
2035,0,BEDSED_3,0.000000000000e+00
2035,1,ROSED_3,2.821022860403e+01
2035,1,BPSED_3,0.000000000000e+00
2035,0,DRAT_IGQL_TN,4.053115752319e+03
2035,0,DRAT_OGQL_TN,4.053115752319e+03
2035,-1,USQUAL_TN,0.000000000000e+00
2035,-2,LUQUAL_TN,4.053115752319e+03
2035,-1,USQUBP_TN,0.000000000000e+00
2035,-2,LUQUBP_TN,0.000000000000e+00
2035,-5,IRWDQUAL_TN,0.000000000000e+00
2035,-7,INFILTQUAL_TN,0.000000000000e+00
2035,-8,INFILTQUALTARGET_TN,0.000000000000e+00
2035,0,ADTOT_TN,0.000000000000e+00
2035,0,IQUAL_TN,4.053115752319e+03
2035,0,ADQAL_TN,0.000000000000e+00
2035,0,DSQAL_TN,0.000000000000e+00
2035,0,DEPQAL_TN,0.000000000000e+00
2035,0,SCRQAL_TN,0.000000000000e+00
2035,1,QUAL_TN,4.053115752319e+03
2035,1,QUBP_TN,0.000000000000e+00
2035,0,DRAT_IGQL_TP,8.523892024485e+02
2035,0,DRAT_OGQL_TP,8.523892024485e+02
2035,-1,USQUAL_TP,0.000000000000e+00
2035,-2,LUQUAL_TP,8.523892024485e+02
2035,-1,USQUBP_TP,0.000000000000e+00
2035,-2,LUQUBP_TP,0.000000000000e+00
2035,-5,IRWDQUAL_TP,0.000000000000e+00
2035,-7,INFILTQUAL_TP,0.000000000000e+00
2035,-8,INFILTQUALTARGET_TP,0.000000000000e+00
2035,0,ADTOT_TP,0.000000000000e+00
2035,0,IQUAL_TP,8.523892024485e+02
2035,0,ADQAL_TP,0.000000000000e+00
2035,0,DSQAL_TP,0.000000000000e+00
2035,0,DEPQAL_TP,0.000000000000e+00
2035,0,SCRQAL_TP,0.000000000000e+00
2035,1,QUAL_TP,8.523892024485e+02
2035,1,QUBP_TP,0.000000000000e+00
2035,0,DRAT_IGQL_TCd,2.329377940164e+00
2035,0,DRAT_OGQL_TCd,2.329377940164e+00
2035,-1,USQUAL_TCd,0.000000000000e+00
2035,-2,LUQUAL_TCd,2.329377940164e+00
2035,-1,USQUBP_TCd,0.000000000000e+00
2035,-2,LUQUBP_TCd,0.000000000000e+00
2035,-5,IRWDQUAL_TCd,0.000000000000e+00
2035,-7,INFILTQUAL_TCd,0.000000000000e+00
2035,-8,INFILTQUALTARGET_TCd,0.000000000000e+00
2035,0,ADTOT_TCd,0.000000000000e+00
2035,0,IQUAL_TCd,2.329377940164e+00
2035,0,ADQAL_TCd,0.000000000000e+00
2035,0,DSQAL_TCd,0.000000000000e+00
2035,0,DEPQAL_TCd,0.000000000000e+00
2035,0,SCRQAL_TCd,0.000000000000e+00
2035,1,QUAL_TCd,2.329377940164e+00
2035,1,QUBP_TCd,0.000000000000e+00
2035,0,DRAT_IGQL_TCu,2.334838581110e+02
2035,0,DRAT_OGQL_TCu,2.334838581110e+02
2035,-1,USQUAL_TCu,0.000000000000e+00
2035,-2,LUQUAL_TCu,2.334838581110e+02
2035,-1,USQUBP_TCu,0.000000000000e+00
2035,-2,LUQUBP_TCu,0.000000000000e+00
2035,-5,IRWDQUAL_TCu,0.000000000000e+00
2035,-7,INFILTQUAL_TCu,0.000000000000e+00
2035,-8,INFILTQUALTARGET_TCu,0.000000000000e+00
2035,0,ADTOT_TCu,0.000000000000e+00
2035,0,IQUAL_TCu,2.334838581110e+02
2035,0,ADQAL_TCu,0.000000000000e+00
2035,0,DSQAL_TCu,0.000000000000e+00
2035,0,DEPQAL_TCu,0.000000000000e+00
2035,0,SCRQAL_TCu,0.000000000000e+00
2035,1,QUAL_TCu,2.334838581110e+02
2035,1,QUBP_TCu,0.000000000000e+00
2035,0,DRAT_IGQL_TPb,6.231505269498e+01
2035,0,DRAT_OGQL_TPb,6.231505269498e+01
2035,-1,USQUAL_TPb,0.000000000000e+00
2035,-2,LUQUAL_TPb,6.231505269498e+01
2035,-1,USQUBP_TPb,0.000000000000e+00
2035,-2,LUQUBP_TPb,0.000000000000e+00
2035,-5,IRWDQUAL_TPb,0.000000000000e+00
2035,-7,INFILTQUAL_TPb,0.000000000000e+00
2035,-8,INFILTQUALTARGET_TPb,0.000000000000e+00
2035,0,ADTOT_TPb,0.000000000000e+00
2035,0,IQUAL_TPb,6.231505269498e+01
2035,0,ADQAL_TPb,0.000000000000e+00
2035,0,DSQAL_TPb,0.000000000000e+00
2035,0,DEPQAL_TPb,0.000000000000e+00
2035,0,SCRQAL_TPb,0.000000000000e+00
2035,1,QUAL_TPb,6.231505269498e+01
2035,1,QUBP_TPb,0.000000000000e+00
2035,0,DRAT_IGQL_TZn,1.113783508812e+03
2035,0,DRAT_OGQL_TZn,1.113783508812e+03
2035,-1,USQUAL_TZn,0.000000000000e+00
2035,-2,LUQUAL_TZn,1.113783508812e+03
2035,-1,USQUBP_TZn,0.000000000000e+00
2035,-2,LUQUBP_TZn,0.000000000000e+00
2035,-5,IRWDQUAL_TZn,0.000000000000e+00
2035,-7,INFILTQUAL_TZn,0.000000000000e+00
2035,-8,INFILTQUALTARGET_TZn,0.000000000000e+00
2035,0,ADTOT_TZn,0.000000000000e+00
2035,0,IQUAL_TZn,1.113783508812e+03
2035,0,ADQAL_TZn,0.000000000000e+00
2035,0,DSQAL_TZn,0.000000000000e+00
2035,0,DEPQAL_TZn,0.000000000000e+00
2035,0,SCRQAL_TZn,0.000000000000e+00
2035,1,QUAL_TZn,1.113783508812e+03
2035,1,QUBP_TZn,0.000000000000e+00
2037,0,DRAT_IVOL,2.777992156030e+06
2037,0,DRAT_OVOL,2.777992156030e+06
2037,-1,USLINK,0.000000000000e+00
2037,-1,PCP,0.000000000000e+00
2037,-1,EVAP,0.000000000000e+00
2037,-1,INFILT,0.000000000000e+00
2037,-1,USIF,0.000000000000e+00
2037,-2,LUIF,2.777992156030e+06
2037,-1,USBP,0.000000000000e+00
2037,-2,LUBP,0.000000000000e+00
2037,-5,IRWD,0.000000000000e+00
2037,0,IVOL,2.777992156030e+06
2037,1,RO,2.777992156030e+06
2037,1,BP,0.000000000000e+00
2037,0,DRAT_ISED_1,1.416065856907e+00
2037,0,DRAT_OSED_1,1.416065856907e+00
2037,-1,USSED_1,0.000000000000e+00
2037,-2,LUSED_1,1.416065856907e+00
2037,-1,USSBP_1,0.000000000000e+00
2037,-2,LUSBP_1,0.000000000000e+00
2037,-5,IRWDSED_1,0.000000000000e+00
2037,0,ISED_1,1.416065856907e+00
2037,0,DEPSCR_1,0.000000000000e+00
2037,0,DEPMASS_1,0.000000000000e+00
2037,0,SCRMASS_1,0.000000000000e+00
2037,0,BEDSED_1,0.000000000000e+00
2037,1,ROSED_1,1.416065856907e+00
2037,1,BPSED_1,0.000000000000e+00
2037,0,DRAT_ISED_2,4.770366587551e+00
2037,0,DRAT_OSED_2,4.770366587551e+00
2037,-1,USSED_2,0.000000000000e+00
2037,-2,LUSED_2,4.770366587551e+00
2037,-1,USSBP_2,0.000000000000e+00
2037,-2,LUSBP_2,0.000000000000e+00
2037,-5,IRWDSED_2,0.000000000000e+00
2037,0,ISED_2,4.770366587551e+00
2037,0,DEPSCR_2,0.000000000000e+00
2037,0,DEPMASS_2,0.000000000000e+00
2037,0,SCRMASS_2,0.000000000000e+00
2037,0,BEDSED_2,0.000000000000e+00
2037,1,ROSED_2,4.770366587551e+00
2037,1,BPSED_2,0.000000000000e+00
2037,0,DRAT_ISED_3,1.550823232287e+00
2037,0,DRAT_OSED_3,1.550823232287e+00
2037,-1,USSED_3,0.000000000000e+00
2037,-2,LUSED_3,1.550823232287e+00
2037,-1,USSBP_3,0.000000000000e+00
2037,-2,LUSBP_3,0.000000000000e+00
2037,-5,IRWDSED_3,0.000000000000e+00
2037,0,ISED_3,1.550823232287e+00
2037,0,DEPSCR_3,0.000000000000e+00
2037,0,DEPMASS_3,0.000000000000e+00
2037,0,SCRMASS_3,0.000000000000e+00
2037,0,BEDSED_3,0.000000000000e+00
2037,1,ROSED_3,1.550823232287e+00
2037,1,BPSED_3,0.000000000000e+00
2037,0,DRAT_IGQL_TN,3.531306712019e+02
2037,0,DRAT_OGQL_TN,3.531306712019e+02
2037,-1,USQUAL_TN,0.000000000000e+00
2037,-2,LUQUAL_TN,3.531306712019e+02
2037,-1,USQUBP_TN,0.000000000000e+00
2037,-2,LUQUBP_TN,0.000000000000e+00
2037,-5,IRWDQUAL_TN,0.000000000000e+00
2037,-7,INFILTQUAL_TN,0.000000000000e+00
2037,-8,INFILTQUALTARGET_TN,0.000000000000e+00
2037,0,ADTOT_TN,0.000000000000e+00
2037,0,IQUAL_TN,3.531306712019e+02
2037,0,ADQAL_TN,0.000000000000e+00
2037,0,DSQAL_TN,0.000000000000e+00
2037,0,DEPQAL_TN,0.000000000000e+00
2037,0,SCRQAL_TN,0.000000000000e+00
2037,1,QUAL_TN,3.531306712019e+02
2037,1,QUBP_TN,0.000000000000e+00
2037,0,DRAT_IGQL_TP,4.329022836566e+01
2037,0,DRAT_OGQL_TP,4.329022836566e+01
2037,-1,USQUAL_TP,0.000000000000e+00
2037,-2,LUQUAL_TP,4.329022836566e+01
2037,-1,USQUBP_TP,0.000000000000e+00
2037,-2,LUQUBP_TP,0.000000000000e+00
2037,-5,IRWDQUAL_TP,0.000000000000e+00
2037,-7,INFILTQUAL_TP,0.000000000000e+00
2037,-8,INFILTQUALTARGET_TP,0.000000000000e+00
2037,0,ADTOT_TP,0.000000000000e+00
2037,0,IQUAL_TP,4.329022836566e+01
2037,0,ADQAL_TP,0.000000000000e+00
2037,0,DSQAL_TP,0.000000000000e+00
2037,0,DEPQAL_TP,0.000000000000e+00
2037,0,SCRQAL_TP,0.000000000000e+00
2037,1,QUAL_TP,4.329022836566e+01
2037,1,QUBP_TP,0.000000000000e+00
2037,0,DRAT_IGQL_TCd,6.675611669044e-02
2037,0,DRAT_OGQL_TCd,6.675611669044e-02
2037,-1,USQUAL_TCd,0.000000000000e+00
2037,-2,LUQUAL_TCd,6.675611669044e-02
2037,-1,USQUBP_TCd,0.000000000000e+00
2037,-2,LUQUBP_TCd,0.000000000000e+00
2037,-5,IRWDQUAL_TCd,0.000000000000e+00
2037,-7,INFILTQUAL_TCd,0.000000000000e+00
2037,-8,INFILTQUALTARGET_TCd,0.000000000000e+00
2037,0,ADTOT_TCd,0.000000000000e+00
2037,0,IQUAL_TCd,6.675611669044e-02
2037,0,ADQAL_TCd,0.000000000000e+00
2037,0,DSQAL_TCd,0.000000000000e+00
2037,0,DEPQAL_TCd,0.000000000000e+00
2037,0,SCRQAL_TCd,0.000000000000e+00
2037,1,QUAL_TCd,6.675611669044e-02
2037,1,QUBP_TCd,0.000000000000e+00
2037,0,DRAT_IGQL_TCu,6.771397653777e+00
2037,0,DRAT_OGQL_TCu,6.771397653777e+00
2037,-1,USQUAL_TCu,0.000000000000e+00
2037,-2,LUQUAL_TCu,6.771397653777e+00
2037,-1,USQUBP_TCu,0.000000000000e+00
2037,-2,LUQUBP_TCu,0.000000000000e+00
2037,-5,IRWDQUAL_TCu,0.000000000000e+00
2037,-7,INFILTQUAL_TCu,0.000000000000e+00
2037,-8,INFILTQUALTARGET_TCu,0.000000000000e+00
2037,0,ADTOT_TCu,0.000000000000e+00
2037,0,IQUAL_TCu,6.771397653777e+00
2037,0,ADQAL_TCu,0.000000000000e+00
2037,0,DSQAL_TCu,0.000000000000e+00
2037,0,DEPQAL_TCu,0.000000000000e+00
2037,0,SCRQAL_TCu,0.000000000000e+00
2037,1,QUAL_TCu,6.771397653777e+00
2037,1,QUBP_TCu,0.000000000000e+00
2037,0,DRAT_IGQL_TPb,1.790928607014e+00
2037,0,DRAT_OGQL_TPb,1.790928607014e+00
2037,-1,USQUAL_TPb,0.000000000000e+00
2037,-2,LUQUAL_TPb,1.790928607014e+00
2037,-1,USQUBP_TPb,0.000000000000e+00
2037,-2,LUQUBP_TPb,0.000000000000e+00
2037,-5,IRWDQUAL_TPb,0.000000000000e+00
2037,-7,INFILTQUAL_TPb,0.000000000000e+00
2037,-8,INFILTQUALTARGET_TPb,0.000000000000e+00
2037,0,ADTOT_TPb,0.000000000000e+00
2037,0,IQUAL_TPb,1.790928607014e+00
2037,0,ADQAL_TPb,0.000000000000e+00
2037,0,DSQAL_TPb,0.000000000000e+00
2037,0,DEPQAL_TPb,0.000000000000e+00
2037,0,SCRQAL_TPb,0.000000000000e+00
2037,1,QUAL_TPb,1.790928607014e+00
2037,1,QUBP_TPb,0.000000000000e+00
2037,0,DRAT_IGQL_TZn,2.996645003091e+01
2037,0,DRAT_OGQL_TZn,2.996645003091e+01
2037,-1,USQUAL_TZn,0.000000000000e+00
2037,-2,LUQUAL_TZn,2.996645003091e+01
2037,-1,USQUBP_TZn,0.000000000000e+00
2037,-2,LUQUBP_TZn,0.000000000000e+00
2037,-5,IRWDQUAL_TZn,0.000000000000e+00
2037,-7,INFILTQUAL_TZn,0.000000000000e+00
2037,-8,INFILTQUALTARGET_TZn,0.000000000000e+00
2037,0,ADTOT_TZn,0.000000000000e+00
2037,0,IQUAL_TZn,2.996645003091e+01
2037,0,ADQAL_TZn,0.000000000000e+00
2037,0,DSQAL_TZn,0.000000000000e+00
2037,0,DEPQAL_TZn,0.000000000000e+00
2037,0,SCRQAL_TZn,0.000000000000e+00
2037,1,QUAL_TZn,2.996645003091e+01
2037,1,QUBP_TZn,0.000000000000e+00
2038,0,DRAT_IVOL,8.248582034971e+06
2038,0,DRAT_OVOL,8.248582034971e+06
2038,-1,USLINK,0.000000000000e+00
2038,-1,PCP,0.000000000000e+00
2038,-1,EVAP,0.000000000000e+00
2038,-1,INFILT,0.000000000000e+00
2038,-1,USIF,0.000000000000e+00
2038,-2,LUIF,8.248582034971e+06
2038,-1,USBP,0.000000000000e+00
2038,-2,LUBP,0.000000000000e+00
2038,-5,IRWD,0.000000000000e+00
2038,0,IVOL,8.248582034971e+06
2038,1,RO,8.248582034971e+06
2038,1,BP,0.000000000000e+00
2038,0,DRAT_ISED_1,5.346246981676e+00
2038,0,DRAT_OSED_1,5.346246981676e+00
2038,-1,USSED_1,0.000000000000e+00
2038,-2,LUSED_1,5.346246981676e+00
2038,-1,USSBP_1,0.000000000000e+00
2038,-2,LUSBP_1,0.000000000000e+00
2038,-5,IRWDSED_1,0.000000000000e+00
2038,0,ISED_1,5.346246981676e+00
2038,0,DEPSCR_1,0.000000000000e+00
2038,0,DEPMASS_1,0.000000000000e+00
2038,0,SCRMASS_1,0.000000000000e+00
2038,0,BEDSED_1,0.000000000000e+00
2038,1,ROSED_1,5.346246981676e+00
2038,1,BPSED_1,0.000000000000e+00
2038,0,DRAT_ISED_2,2.044341372851e+01
2038,0,DRAT_OSED_2,2.044341372851e+01
2038,-1,USSED_2,0.000000000000e+00
2038,-2,LUSED_2,2.044341372851e+01
2038,-1,USSBP_2,0.000000000000e+00
2038,-2,LUSBP_2,0.000000000000e+00
2038,-5,IRWDSED_2,0.000000000000e+00
2038,0,ISED_2,2.044341372851e+01
2038,0,DEPSCR_2,0.000000000000e+00
2038,0,DEPMASS_2,0.000000000000e+00
2038,0,SCRMASS_2,0.000000000000e+00
2038,0,BEDSED_2,0.000000000000e+00
2038,1,ROSED_2,2.044341372851e+01
2038,1,BPSED_2,0.000000000000e+00
2038,0,DRAT_ISED_3,6.615753124175e+00
2038,0,DRAT_OSED_3,6.615753124175e+00
2038,-1,USSED_3,0.000000000000e+00
2038,-2,LUSED_3,6.615753124175e+00
2038,-1,USSBP_3,0.000000000000e+00
2038,-2,LUSBP_3,0.000000000000e+00
2038,-5,IRWDSED_3,0.000000000000e+00
2038,0,ISED_3,6.615753124175e+00
2038,0,DEPSCR_3,0.000000000000e+00
2038,0,DEPMASS_3,0.000000000000e+00
2038,0,SCRMASS_3,0.000000000000e+00
2038,0,BEDSED_3,0.000000000000e+00
2038,1,ROSED_3,6.615753124175e+00
2038,1,BPSED_3,0.000000000000e+00
2038,0,DRAT_IGQL_TN,1.033104932878e+03
2038,0,DRAT_OGQL_TN,1.033104932878e+03
2038,-1,USQUAL_TN,0.000000000000e+00
2038,-2,LUQUAL_TN,1.033104932878e+03
2038,-1,USQUBP_TN,0.000000000000e+00
2038,-2,LUQUBP_TN,0.000000000000e+00
2038,-5,IRWDQUAL_TN,0.000000000000e+00
2038,-7,INFILTQUAL_TN,0.000000000000e+00
2038,-8,INFILTQUALTARGET_TN,0.000000000000e+00
2038,0,ADTOT_TN,0.000000000000e+00
2038,0,IQUAL_TN,1.033104932878e+03
2038,0,ADQAL_TN,0.000000000000e+00
2038,0,DSQAL_TN,0.000000000000e+00
2038,0,DEPQAL_TN,0.000000000000e+00
2038,0,SCRQAL_TN,0.000000000000e+00
2038,1,QUAL_TN,1.033104932878e+03
2038,1,QUBP_TN,0.000000000000e+00
2038,0,DRAT_IGQL_TP,1.835431491220e+02
2038,0,DRAT_OGQL_TP,1.835431491220e+02
2038,-1,USQUAL_TP,0.000000000000e+00
2038,-2,LUQUAL_TP,1.835431491220e+02
2038,-1,USQUBP_TP,0.000000000000e+00
2038,-2,LUQUBP_TP,0.000000000000e+00
2038,-5,IRWDQUAL_TP,0.000000000000e+00
2038,-7,INFILTQUAL_TP,0.000000000000e+00
2038,-8,INFILTQUALTARGET_TP,0.000000000000e+00
2038,0,ADTOT_TP,0.000000000000e+00
2038,0,IQUAL_TP,1.835431491220e+02
2038,0,ADQAL_TP,0.000000000000e+00
2038,0,DSQAL_TP,0.000000000000e+00
2038,0,DEPQAL_TP,0.000000000000e+00
2038,0,SCRQAL_TP,0.000000000000e+00
2038,1,QUAL_TP,1.835431491220e+02
2038,1,QUBP_TP,0.000000000000e+00
2038,0,DRAT_IGQL_TCd,4.008664338649e-01
2038,0,DRAT_OGQL_TCd,4.008664338649e-01
2038,-1,USQUAL_TCd,0.000000000000e+00
2038,-2,LUQUAL_TCd,4.008664338649e-01
2038,-1,USQUBP_TCd,0.000000000000e+00
2038,-2,LUQUBP_TCd,0.000000000000e+00
2038,-5,IRWDQUAL_TCd,0.000000000000e+00
2038,-7,INFILTQUAL_TCd,0.000000000000e+00
2038,-8,INFILTQUALTARGET_TCd,0.000000000000e+00
2038,0,ADTOT_TCd,0.000000000000e+00
2038,0,IQUAL_TCd,4.008664338649e-01
2038,0,ADQAL_TCd,0.000000000000e+00
2038,0,DSQAL_TCd,0.000000000000e+00
2038,0,DEPQAL_TCd,0.000000000000e+00
2038,0,SCRQAL_TCd,0.000000000000e+00
2038,1,QUAL_TCd,4.008664338649e-01
2038,1,QUBP_TCd,0.000000000000e+00
2038,0,DRAT_IGQL_TCu,4.026048319955e+01
2038,0,DRAT_OGQL_TCu,4.026048319955e+01
2038,-1,USQUAL_TCu,0.000000000000e+00
2038,-2,LUQUAL_TCu,4.026048319955e+01
2038,-1,USQUBP_TCu,0.000000000000e+00
2038,-2,LUQUBP_TCu,0.000000000000e+00
2038,-5,IRWDQUAL_TCu,0.000000000000e+00
2038,-7,INFILTQUAL_TCu,0.000000000000e+00
2038,-8,INFILTQUALTARGET_TCu,0.000000000000e+00
2038,0,ADTOT_TCu,0.000000000000e+00
2038,0,IQUAL_TCu,4.026048319955e+01
2038,0,ADQAL_TCu,0.000000000000e+00
2038,0,DSQAL_TCu,0.000000000000e+00
2038,0,DEPQAL_TCu,0.000000000000e+00
2038,0,SCRQAL_TCu,0.000000000000e+00
2038,1,QUAL_TCu,4.026048319955e+01
2038,1,QUBP_TCu,0.000000000000e+00
2038,0,DRAT_IGQL_TPb,1.045261390721e+01
2038,0,DRAT_OGQL_TPb,1.045261390721e+01
2038,-1,USQUAL_TPb,0.000000000000e+00
2038,-2,LUQUAL_TPb,1.045261390721e+01
2038,-1,USQUBP_TPb,0.000000000000e+00
2038,-2,LUQUBP_TPb,0.000000000000e+00
2038,-5,IRWDQUAL_TPb,0.000000000000e+00
2038,-7,INFILTQUAL_TPb,0.000000000000e+00
2038,-8,INFILTQUALTARGET_TPb,0.000000000000e+00
2038,0,ADTOT_TPb,0.000000000000e+00
2038,0,IQUAL_TPb,1.045261390721e+01
2038,0,ADQAL_TPb,0.000000000000e+00
2038,0,DSQAL_TPb,0.000000000000e+00
2038,0,DEPQAL_TPb,0.000000000000e+00
2038,0,SCRQAL_TPb,0.000000000000e+00
2038,1,QUAL_TPb,1.045261390721e+01
2038,1,QUBP_TPb,0.000000000000e+00
2038,0,DRAT_IGQL_TZn,1.784508719532e+02
2038,0,DRAT_OGQL_TZn,1.784508719532e+02
2038,-1,USQUAL_TZn,0.000000000000e+00
2038,-2,LUQUAL_TZn,1.784508719532e+02
2038,-1,USQUBP_TZn,0.000000000000e+00
2038,-2,LUQUBP_TZn,0.000000000000e+00
2038,-5,IRWDQUAL_TZn,0.000000000000e+00
2038,-7,INFILTQUAL_TZn,0.000000000000e+00
2038,-8,INFILTQUALTARGET_TZn,0.000000000000e+00
2038,0,ADTOT_TZn,0.000000000000e+00
2038,0,IQUAL_TZn,1.784508719532e+02
2038,0,ADQAL_TZn,0.000000000000e+00
2038,0,DSQAL_TZn,0.000000000000e+00
2038,0,DEPQAL_TZn,0.000000000000e+00
2038,0,SCRQAL_TZn,0.000000000000e+00
2038,1,QUAL_TZn,1.784508719532e+02
2038,1,QUBP_TZn,0.000000000000e+00
2039,0,DRAT_IVOL,2.241759163343e+06
2039,0,DRAT_OVOL,2.241759163343e+06
2039,-1,USLINK,0.000000000000e+00
2039,-1,PCP,0.000000000000e+00
2039,-1,EVAP,0.000000000000e+00
2039,-1,INFILT,0.000000000000e+00
2039,-1,USIF,0.000000000000e+00
2039,-2,LUIF,2.241759163343e+06
2039,-1,USBP,0.000000000000e+00
2039,-2,LUBP,0.000000000000e+00
2039,-5,IRWD,0.000000000000e+00
2039,0,IVOL,2.241759163343e+06
2039,1,RO,2.241759163343e+06
2039,1,BP,0.000000000000e+00
2039,0,DRAT_ISED_1,1.300471332750e+00
2039,0,DRAT_OSED_1,1.300471332750e+00
2039,-1,USSED_1,0.000000000000e+00
2039,-2,LUSED_1,1.300471332750e+00
2039,-1,USSBP_1,0.000000000000e+00
2039,-2,LUSBP_1,0.000000000000e+00
2039,-5,IRWDSED_1,0.000000000000e+00
2039,0,ISED_1,1.300471332750e+00
2039,0,DEPSCR_1,0.000000000000e+00
2039,0,DEPMASS_1,0.000000000000e+00
2039,0,SCRMASS_1,0.000000000000e+00
2039,0,BEDSED_1,0.000000000000e+00
2039,1,ROSED_1,1.300471332750e+00
2039,1,BPSED_1,0.000000000000e+00
2039,0,DRAT_ISED_2,5.324093160692e+00
2039,0,DRAT_OSED_2,5.324093160692e+00
2039,-1,USSED_2,0.000000000000e+00
2039,-2,LUSED_2,5.324093160692e+00
2039,-1,USSBP_2,0.000000000000e+00
2039,-2,LUSBP_2,0.000000000000e+00
2039,-5,IRWDSED_2,0.000000000000e+00
2039,0,ISED_2,5.324093160692e+00
2039,0,DEPSCR_2,0.000000000000e+00
2039,0,DEPMASS_2,0.000000000000e+00
2039,0,SCRMASS_2,0.000000000000e+00
2039,0,BEDSED_2,0.000000000000e+00
2039,1,ROSED_2,5.324093160692e+00
2039,1,BPSED_2,0.000000000000e+00
2039,0,DRAT_ISED_3,1.802927042393e+00
2039,0,DRAT_OSED_3,1.802927042393e+00
2039,-1,USSED_3,0.000000000000e+00
2039,-2,LUSED_3,1.802927042393e+00
2039,-1,USSBP_3,0.000000000000e+00
2039,-2,LUSBP_3,0.000000000000e+00
2039,-5,IRWDSED_3,0.000000000000e+00
2039,0,ISED_3,1.802927042393e+00
2039,0,DEPSCR_3,0.000000000000e+00
2039,0,DEPMASS_3,0.000000000000e+00
2039,0,SCRMASS_3,0.000000000000e+00
2039,0,BEDSED_3,0.000000000000e+00
2039,1,ROSED_3,1.802927042393e+00
2039,1,BPSED_3,0.000000000000e+00
2039,0,DRAT_IGQL_TN,2.770111945217e+02
2039,0,DRAT_OGQL_TN,2.770111945217e+02
2039,-1,USQUAL_TN,0.000000000000e+00
2039,-2,LUQUAL_TN,2.770111945217e+02
2039,-1,USQUBP_TN,0.000000000000e+00
2039,-2,LUQUBP_TN,0.000000000000e+00
2039,-5,IRWDQUAL_TN,0.000000000000e+00
2039,-7,INFILTQUAL_TN,0.000000000000e+00
2039,-8,INFILTQUALTARGET_TN,0.000000000000e+00
2039,0,ADTOT_TN,0.000000000000e+00
2039,0,IQUAL_TN,2.770111945217e+02
2039,0,ADQAL_TN,0.000000000000e+00
2039,0,DSQAL_TN,0.000000000000e+00
2039,0,DEPQAL_TN,0.000000000000e+00
2039,0,SCRQAL_TN,0.000000000000e+00
2039,1,QUAL_TN,2.770111945217e+02
2039,1,QUBP_TN,0.000000000000e+00
2039,0,DRAT_IGQL_TP,4.577129697471e+01
2039,0,DRAT_OGQL_TP,4.577129697471e+01
2039,-1,USQUAL_TP,0.000000000000e+00
2039,-2,LUQUAL_TP,4.577129697471e+01
2039,-1,USQUBP_TP,0.000000000000e+00
2039,-2,LUQUBP_TP,0.000000000000e+00
2039,-5,IRWDQUAL_TP,0.000000000000e+00
2039,-7,INFILTQUAL_TP,0.000000000000e+00
2039,-8,INFILTQUALTARGET_TP,0.000000000000e+00
2039,0,ADTOT_TP,0.000000000000e+00
2039,0,IQUAL_TP,4.577129697471e+01
2039,0,ADQAL_TP,0.000000000000e+00
2039,0,DSQAL_TP,0.000000000000e+00
2039,0,DEPQAL_TP,0.000000000000e+00
2039,0,SCRQAL_TP,0.000000000000e+00
2039,1,QUAL_TP,4.577129697471e+01
2039,1,QUBP_TP,0.000000000000e+00
2039,0,DRAT_IGQL_TCd,9.026820993911e-02
2039,0,DRAT_OGQL_TCd,9.026820993911e-02
2039,-1,USQUAL_TCd,0.000000000000e+00
2039,-2,LUQUAL_TCd,9.026820993911e-02
2039,-1,USQUBP_TCd,0.000000000000e+00
2039,-2,LUQUBP_TCd,0.000000000000e+00
2039,-5,IRWDQUAL_TCd,0.000000000000e+00
2039,-7,INFILTQUAL_TCd,0.000000000000e+00
2039,-8,INFILTQUALTARGET_TCd,0.000000000000e+00
2039,0,ADTOT_TCd,0.000000000000e+00
2039,0,IQUAL_TCd,9.026820993911e-02
2039,0,ADQAL_TCd,0.000000000000e+00
2039,0,DSQAL_TCd,0.000000000000e+00
2039,0,DEPQAL_TCd,0.000000000000e+00
2039,0,SCRQAL_TCd,0.000000000000e+00
2039,1,QUAL_TCd,9.026820993911e-02
2039,1,QUBP_TCd,0.000000000000e+00
2039,0,DRAT_IGQL_TCu,9.090138790316e+00
2039,0,DRAT_OGQL_TCu,9.090138790316e+00
2039,-1,USQUAL_TCu,0.000000000000e+00
2039,-2,LUQUAL_TCu,9.090138790316e+00
2039,-1,USQUBP_TCu,0.000000000000e+00
2039,-2,LUQUBP_TCu,0.000000000000e+00
2039,-5,IRWDQUAL_TCu,0.000000000000e+00
2039,-7,INFILTQUAL_TCu,0.000000000000e+00
2039,-8,INFILTQUALTARGET_TCu,0.000000000000e+00
2039,0,ADTOT_TCu,0.000000000000e+00
2039,0,IQUAL_TCu,9.090138790316e+00
2039,0,ADQAL_TCu,0.000000000000e+00
2039,0,DSQAL_TCu,0.000000000000e+00
2039,0,DEPQAL_TCu,0.000000000000e+00
2039,0,SCRQAL_TCu,0.000000000000e+00
2039,1,QUAL_TCu,9.090138790316e+00
2039,1,QUBP_TCu,0.000000000000e+00
2039,0,DRAT_IGQL_TPb,2.254392854822e+00
2039,0,DRAT_OGQL_TPb,2.254392854822e+00
2039,-1,USQUAL_TPb,0.000000000000e+00
2039,-2,LUQUAL_TPb,2.254392854822e+00
2039,-1,USQUBP_TPb,0.000000000000e+00
2039,-2,LUQUBP_TPb,0.000000000000e+00
2039,-5,IRWDQUAL_TPb,0.000000000000e+00
2039,-7,INFILTQUAL_TPb,0.000000000000e+00
2039,-8,INFILTQUALTARGET_TPb,0.000000000000e+00
2039,0,ADTOT_TPb,0.000000000000e+00
2039,0,IQUAL_TPb,2.254392854822e+00
2039,0,ADQAL_TPb,0.000000000000e+00
2039,0,DSQAL_TPb,0.000000000000e+00
2039,0,DEPQAL_TPb,0.000000000000e+00
2039,0,SCRQAL_TPb,0.000000000000e+00
2039,1,QUAL_TPb,2.254392854822e+00
2039,1,QUBP_TPb,0.000000000000e+00
2039,0,DRAT_IGQL_TZn,4.079253753015e+01
2039,0,DRAT_OGQL_TZn,4.079253753015e+01
2039,-1,USQUAL_TZn,0.000000000000e+00
2039,-2,LUQUAL_TZn,4.079253753015e+01
2039,-1,USQUBP_TZn,0.000000000000e+00
2039,-2,LUQUBP_TZn,0.000000000000e+00
2039,-5,IRWDQUAL_TZn,0.000000000000e+00
2039,-7,INFILTQUAL_TZn,0.000000000000e+00
2039,-8,INFILTQUALTARGET_TZn,0.000000000000e+00
2039,0,ADTOT_TZn,0.000000000000e+00
2039,0,IQUAL_TZn,4.079253753015e+01
2039,0,ADQAL_TZn,0.000000000000e+00
2039,0,DSQAL_TZn,0.000000000000e+00
2039,0,DEPQAL_TZn,0.000000000000e+00
2039,0,SCRQAL_TZn,0.000000000000e+00
2039,1,QUAL_TZn,4.079253753015e+01
2039,1,QUBP_TZn,0.000000000000e+00
2041,0,DRAT_IVOL,2.031055399326e+07
2041,0,DRAT_OVOL,2.017123583163e+07
2041,-1,USLINK,0.000000000000e+00
2041,-1,PCP,1.329745292224e+05
2041,-1,EVAP,1.393106650592e+05
2041,-1,INFILT,0.000000000000e+00
2041,-1,USIF,0.000000000000e+00
2041,-2,LUIF,2.017757946404e+07
2041,-1,USBP,0.000000000000e+00
2041,-2,LUBP,0.000000000000e+00
2041,-5,IRWD,0.000000000000e+00
2041,0,IVOL,2.017757946404e+07
2041,1,RO,2.017123583163e+07
2041,1,BP,0.000000000000e+00
2041,0,DRAT_ISED_1,1.187399509718e+01
2041,0,DRAT_OSED_1,3.008334213911e+00
2041,-1,USSED_1,0.000000000000e+00
2041,-2,LUSED_1,1.152841812044e+01
2041,-1,USSBP_1,0.000000000000e+00
2041,-2,LUSBP_1,0.000000000000e+00
2041,-5,IRWDSED_1,0.000000000000e+00
2041,0,ISED_1,1.152841812044e+01
2041,0,DEPSCR_1,8.520083906533e+00
2041,0,DEPMASS_1,8.865660883265e+00
2041,0,SCRMASS_1,3.455769767317e-01
2041,0,BEDSED_1,1.968358963987e+06
2041,1,ROSED_1,3.008334213911e+00
2041,1,BPSED_1,0.000000000000e+00
2041,0,DRAT_ISED_2,5.508566896692e+01
2041,0,DRAT_OSED_2,5.505337881355e+01
2041,-1,USSED_2,0.000000000000e+00
2041,-2,LUSED_2,5.492075109975e+01
2041,-1,USSBP_2,0.000000000000e+00
2041,-2,LUSBP_2,0.000000000000e+00
2041,-5,IRWDSED_2,0.000000000000e+00
2041,0,ISED_2,5.492075109975e+01
2041,0,DEPSCR_2,-1.325826243614e-01
2041,0,DEPMASS_2,3.233524280715e-02
2041,0,SCRMASS_2,1.649178671685e-01
2041,0,BEDSED_2,1.061985953112e+07
2041,1,ROSED_2,5.505337881355e+01
2041,1,BPSED_2,0.000000000000e+00
2041,0,DRAT_ISED_3,1.874786181009e+01
2041,0,DRAT_OSED_3,1.874787439324e+01
2041,-1,USSED_3,0.000000000000e+00
2041,-2,LUSED_3,1.664974960771e+01
2041,-1,USSBP_3,0.000000000000e+00
2041,-2,LUSBP_3,0.000000000000e+00
2041,-5,IRWDSED_3,0.000000000000e+00
2041,0,ISED_3,1.664974960771e+01
2041,0,DEPSCR_3,-2.098112202378e+00
2041,0,DEPMASS_3,0.000000000000e+00
2041,0,SCRMASS_3,2.098112202378e+00
2041,0,BEDSED_3,2.906067766019e+06
2041,1,ROSED_3,1.874787439324e+01
2041,1,BPSED_3,0.000000000000e+00
2041,0,DRAT_IGQL_TN,2.406506608174e+03
2041,0,DRAT_OGQL_TN,2.398281622803e+03
2041,-1,USQUAL_TN,0.000000000000e+00
2041,-2,LUQUAL_TN,2.406506608174e+03
2041,-1,USQUBP_TN,0.000000000000e+00
2041,-2,LUQUBP_TN,0.000000000000e+00
2041,-5,IRWDQUAL_TN,0.000000000000e+00
2041,-7,INFILTQUAL_TN,0.000000000000e+00
2041,-8,INFILTQUALTARGET_TN,0.000000000000e+00
2041,0,ADTOT_TN,0.000000000000e+00
2041,0,IQUAL_TN,2.406506608174e+03
2041,0,ADQAL_TN,0.000000000000e+00
2041,0,DSQAL_TN,0.000000000000e+00
2041,0,DEPQAL_TN,0.000000000000e+00
2041,0,SCRQAL_TN,0.000000000000e+00
2041,1,QUAL_TN,2.398281622803e+03
2041,1,QUBP_TN,0.000000000000e+00
2041,0,DRAT_IGQL_TP,4.733133116893e+02
2041,0,DRAT_OGQL_TP,4.719225404293e+02
2041,-1,USQUAL_TP,0.000000000000e+00
2041,-2,LUQUAL_TP,4.733133116893e+02
2041,-1,USQUBP_TP,0.000000000000e+00
2041,-2,LUQUBP_TP,0.000000000000e+00
2041,-5,IRWDQUAL_TP,0.000000000000e+00
2041,-7,INFILTQUAL_TP,0.000000000000e+00
2041,-8,INFILTQUALTARGET_TP,0.000000000000e+00
2041,0,ADTOT_TP,0.000000000000e+00
2041,0,IQUAL_TP,4.733133116893e+02
2041,0,ADQAL_TP,0.000000000000e+00
2041,0,DSQAL_TP,0.000000000000e+00
2041,0,DEPQAL_TP,0.000000000000e+00
2041,0,SCRQAL_TP,0.000000000000e+00
2041,1,QUAL_TP,4.719225404293e+02
2041,1,QUBP_TP,0.000000000000e+00
2041,0,DRAT_IGQL_TCd,1.191457360770e+00
2041,0,DRAT_OGQL_TCd,1.187839380504e+00
2041,-1,USQUAL_TCd,0.000000000000e+00
2041,-2,LUQUAL_TCd,1.191457360770e+00
2041,-1,USQUBP_TCd,0.000000000000e+00
2041,-2,LUQUBP_TCd,0.000000000000e+00
2041,-5,IRWDQUAL_TCd,0.000000000000e+00
2041,-7,INFILTQUAL_TCd,0.000000000000e+00
2041,-8,INFILTQUALTARGET_TCd,0.000000000000e+00
2041,0,ADTOT_TCd,0.000000000000e+00
2041,0,IQUAL_TCd,1.191457360770e+00
2041,0,ADQAL_TCd,0.000000000000e+00
2041,0,DSQAL_TCd,0.000000000000e+00
2041,0,DEPQAL_TCd,0.000000000000e+00
2041,0,SCRQAL_TCd,0.000000000000e+00
2041,1,QUAL_TCd,1.187839380504e+00
2041,1,QUBP_TCd,0.000000000000e+00
2041,0,DRAT_IGQL_TCu,1.195220842825e+02
2041,0,DRAT_OGQL_TCu,1.191599099507e+02
2041,-1,USQUAL_TCu,0.000000000000e+00
2041,-2,LUQUAL_TCu,1.195220842825e+02
2041,-1,USQUBP_TCu,0.000000000000e+00
2041,-2,LUQUBP_TCu,0.000000000000e+00
2041,-5,IRWDQUAL_TCu,0.000000000000e+00
2041,-7,INFILTQUAL_TCu,0.000000000000e+00
2041,-8,INFILTQUALTARGET_TCu,0.000000000000e+00
2041,0,ADTOT_TCu,0.000000000000e+00
2041,0,IQUAL_TCu,1.195220842825e+02
2041,0,ADQAL_TCu,0.000000000000e+00
2041,0,DSQAL_TCu,0.000000000000e+00
2041,0,DEPQAL_TCu,0.000000000000e+00
2041,0,SCRQAL_TCu,0.000000000000e+00
2041,1,QUAL_TCu,1.191599099507e+02
2041,1,QUBP_TCu,0.000000000000e+00
2041,0,DRAT_IGQL_TPb,3.136619909510e+01
2041,0,DRAT_OGQL_TPb,3.126998064766e+01
2041,-1,USQUAL_TPb,0.000000000000e+00
2041,-2,LUQUAL_TPb,3.136619909510e+01
2041,-1,USQUBP_TPb,0.000000000000e+00
2041,-2,LUQUBP_TPb,0.000000000000e+00
2041,-5,IRWDQUAL_TPb,0.000000000000e+00
2041,-7,INFILTQUAL_TPb,0.000000000000e+00
2041,-8,INFILTQUALTARGET_TPb,0.000000000000e+00
2041,0,ADTOT_TPb,0.000000000000e+00
2041,0,IQUAL_TPb,3.136619909510e+01
2041,0,ADQAL_TPb,0.000000000000e+00
2041,0,DSQAL_TPb,0.000000000000e+00
2041,0,DEPQAL_TPb,0.000000000000e+00
2041,0,SCRQAL_TPb,0.000000000000e+00
2041,1,QUAL_TPb,3.126998064766e+01
2041,1,QUBP_TPb,0.000000000000e+00
2041,0,DRAT_IGQL_TZn,5.625206222814e+02
2041,0,DRAT_OGQL_TZn,5.608103611959e+02
2041,-1,USQUAL_TZn,0.000000000000e+00
2041,-2,LUQUAL_TZn,5.625206222814e+02
2041,-1,USQUBP_TZn,0.000000000000e+00
2041,-2,LUQUBP_TZn,0.000000000000e+00
2041,-5,IRWDQUAL_TZn,0.000000000000e+00
2041,-7,INFILTQUAL_TZn,0.000000000000e+00
2041,-8,INFILTQUALTARGET_TZn,0.000000000000e+00
2041,0,ADTOT_TZn,0.000000000000e+00
2041,0,IQUAL_TZn,5.625206222814e+02
2041,0,ADQAL_TZn,0.000000000000e+00
2041,0,DSQAL_TZn,0.000000000000e+00
2041,0,DEPQAL_TZn,0.000000000000e+00
2041,0,SCRQAL_TZn,0.000000000000e+00
2041,1,QUAL_TZn,5.608103611959e+02
2041,1,QUBP_TZn,0.000000000000e+00
2043,0,DRAT_IVOL,7.167796389628e+06
2043,0,DRAT_OVOL,7.167796389628e+06
2043,-1,USLINK,0.000000000000e+00
2043,-1,PCP,0.000000000000e+00
2043,-1,EVAP,0.000000000000e+00
2043,-1,INFILT,0.000000000000e+00
2043,-1,USIF,0.000000000000e+00
2043,-2,LUIF,7.167796389628e+06
2043,-1,USBP,0.000000000000e+00
2043,-2,LUBP,0.000000000000e+00
2043,-5,IRWD,0.000000000000e+00
2043,0,IVOL,7.167796389628e+06
2043,1,RO,7.167796389628e+06
2043,1,BP,0.000000000000e+00
2043,0,DRAT_ISED_1,3.695654139001e+00
2043,0,DRAT_OSED_1,3.695654139001e+00
2043,-1,USSED_1,0.000000000000e+00
2043,-2,LUSED_1,3.695654139001e+00
2043,-1,USSBP_1,0.000000000000e+00
2043,-2,LUSBP_1,0.000000000000e+00
2043,-5,IRWDSED_1,0.000000000000e+00
2043,0,ISED_1,3.695654139001e+00
2043,0,DEPSCR_1,0.000000000000e+00
2043,0,DEPMASS_1,0.000000000000e+00
2043,0,SCRMASS_1,0.000000000000e+00
2043,0,BEDSED_1,0.000000000000e+00
2043,1,ROSED_1,3.695654139001e+00
2043,1,BPSED_1,0.000000000000e+00
2043,0,DRAT_ISED_2,1.570608041665e+01
2043,0,DRAT_OSED_2,1.570608041665e+01
2043,-1,USSED_2,0.000000000000e+00
2043,-2,LUSED_2,1.570608041665e+01
2043,-1,USSBP_2,0.000000000000e+00
2043,-2,LUSBP_2,0.000000000000e+00
2043,-5,IRWDSED_2,0.000000000000e+00
2043,0,ISED_2,1.570608041665e+01
2043,0,DEPSCR_2,0.000000000000e+00
2043,0,DEPMASS_2,0.000000000000e+00
2043,0,SCRMASS_2,0.000000000000e+00
2043,0,BEDSED_2,0.000000000000e+00
2043,1,ROSED_2,1.570608041665e+01
2043,1,BPSED_2,0.000000000000e+00
2043,0,DRAT_ISED_3,4.859182755679e+00
2043,0,DRAT_OSED_3,4.859182755679e+00
2043,-1,USSED_3,0.000000000000e+00
2043,-2,LUSED_3,4.859182755679e+00
2043,-1,USSBP_3,0.000000000000e+00
2043,-2,LUSBP_3,0.000000000000e+00
2043,-5,IRWDSED_3,0.000000000000e+00
2043,0,ISED_3,4.859182755679e+00
2043,0,DEPSCR_3,0.000000000000e+00
2043,0,DEPMASS_3,0.000000000000e+00
2043,0,SCRMASS_3,0.000000000000e+00
2043,0,BEDSED_3,0.000000000000e+00
2043,1,ROSED_3,4.859182755679e+00
2043,1,BPSED_3,0.000000000000e+00
2043,0,DRAT_IGQL_TN,8.890081009889e+02
2043,0,DRAT_OGQL_TN,8.890081009889e+02
2043,-1,USQUAL_TN,0.000000000000e+00
2043,-2,LUQUAL_TN,8.890081009889e+02
2043,-1,USQUBP_TN,0.000000000000e+00
2043,-2,LUQUBP_TN,0.000000000000e+00
2043,-5,IRWDQUAL_TN,0.000000000000e+00
2043,-7,INFILTQUAL_TN,0.000000000000e+00
2043,-8,INFILTQUALTARGET_TN,0.000000000000e+00
2043,0,ADTOT_TN,0.000000000000e+00
2043,0,IQUAL_TN,8.890081009889e+02
2043,0,ADQAL_TN,0.000000000000e+00
2043,0,DSQAL_TN,0.000000000000e+00
2043,0,DEPQAL_TN,0.000000000000e+00
2043,0,SCRQAL_TN,0.000000000000e+00
2043,1,QUAL_TN,8.890081009889e+02
2043,1,QUBP_TN,0.000000000000e+00
2043,0,DRAT_IGQL_TP,1.377783946120e+02
2043,0,DRAT_OGQL_TP,1.377783946120e+02
2043,-1,USQUAL_TP,0.000000000000e+00
2043,-2,LUQUAL_TP,1.377783946120e+02
2043,-1,USQUBP_TP,0.000000000000e+00
2043,-2,LUQUBP_TP,0.000000000000e+00
2043,-5,IRWDQUAL_TP,0.000000000000e+00
2043,-7,INFILTQUAL_TP,0.000000000000e+00
2043,-8,INFILTQUALTARGET_TP,0.000000000000e+00
2043,0,ADTOT_TP,0.000000000000e+00
2043,0,IQUAL_TP,1.377783946120e+02
2043,0,ADQAL_TP,0.000000000000e+00
2043,0,DSQAL_TP,0.000000000000e+00
2043,0,DEPQAL_TP,0.000000000000e+00
2043,0,SCRQAL_TP,0.000000000000e+00
2043,1,QUAL_TP,1.377783946120e+02
2043,1,QUBP_TP,0.000000000000e+00
2043,0,DRAT_IGQL_TCd,2.542718837274e-01
2043,0,DRAT_OGQL_TCd,2.542718837274e-01
2043,-1,USQUAL_TCd,0.000000000000e+00
2043,-2,LUQUAL_TCd,2.542718837274e-01
2043,-1,USQUBP_TCd,0.000000000000e+00
2043,-2,LUQUBP_TCd,0.000000000000e+00
2043,-5,IRWDQUAL_TCd,0.000000000000e+00
2043,-7,INFILTQUAL_TCd,0.000000000000e+00
2043,-8,INFILTQUALTARGET_TCd,0.000000000000e+00
2043,0,ADTOT_TCd,0.000000000000e+00
2043,0,IQUAL_TCd,2.542718837274e-01
2043,0,ADQAL_TCd,0.000000000000e+00
2043,0,DSQAL_TCd,0.000000000000e+00
2043,0,DEPQAL_TCd,0.000000000000e+00
2043,0,SCRQAL_TCd,0.000000000000e+00
2043,1,QUAL_TCd,2.542718837274e-01
2043,1,QUBP_TCd,0.000000000000e+00
2043,0,DRAT_IGQL_TCu,2.563158306991e+01
2043,0,DRAT_OGQL_TCu,2.563158306991e+01
2043,-1,USQUAL_TCu,0.000000000000e+00
2043,-2,LUQUAL_TCu,2.563158306991e+01
2043,-1,USQUBP_TCu,0.000000000000e+00
2043,-2,LUQUBP_TCu,0.000000000000e+00
2043,-5,IRWDQUAL_TCu,0.000000000000e+00
2043,-7,INFILTQUAL_TCu,0.000000000000e+00
2043,-8,INFILTQUALTARGET_TCu,0.000000000000e+00
2043,0,ADTOT_TCu,0.000000000000e+00
2043,0,IQUAL_TCu,2.563158306991e+01
2043,0,ADQAL_TCu,0.000000000000e+00
2043,0,DSQAL_TCu,0.000000000000e+00
2043,0,DEPQAL_TCu,0.000000000000e+00
2043,0,SCRQAL_TCu,0.000000000000e+00
2043,1,QUAL_TCu,2.563158306991e+01
2043,1,QUBP_TCu,0.000000000000e+00
2043,0,DRAT_IGQL_TPb,6.346253056823e+00
2043,0,DRAT_OGQL_TPb,6.346253056823e+00
2043,-1,USQUAL_TPb,0.000000000000e+00
2043,-2,LUQUAL_TPb,6.346253056823e+00
2043,-1,USQUBP_TPb,0.000000000000e+00
2043,-2,LUQUBP_TPb,0.000000000000e+00
2043,-5,IRWDQUAL_TPb,0.000000000000e+00
2043,-7,INFILTQUAL_TPb,0.000000000000e+00
2043,-8,INFILTQUALTARGET_TPb,0.000000000000e+00
2043,0,ADTOT_TPb,0.000000000000e+00
2043,0,IQUAL_TPb,6.346253056823e+00
2043,0,ADQAL_TPb,0.000000000000e+00
2043,0,DSQAL_TPb,0.000000000000e+00
2043,0,DEPQAL_TPb,0.000000000000e+00
2043,0,SCRQAL_TPb,0.000000000000e+00
2043,1,QUAL_TPb,6.346253056823e+00
2043,1,QUBP_TPb,0.000000000000e+00
2043,0,DRAT_IGQL_TZn,1.062628045866e+02
2043,0,DRAT_OGQL_TZn,1.062628045866e+02
2043,-1,USQUAL_TZn,0.000000000000e+00
2043,-2,LUQUAL_TZn,1.062628045866e+02
2043,-1,USQUBP_TZn,0.000000000000e+00
2043,-2,LUQUBP_TZn,0.000000000000e+00
2043,-5,IRWDQUAL_TZn,0.000000000000e+00
2043,-7,INFILTQUAL_TZn,0.000000000000e+00
2043,-8,INFILTQUALTARGET_TZn,0.000000000000e+00
2043,0,ADTOT_TZn,0.000000000000e+00
2043,0,IQUAL_TZn,1.062628045866e+02
2043,0,ADQAL_TZn,0.000000000000e+00
2043,0,DSQAL_TZn,0.000000000000e+00
2043,0,DEPQAL_TZn,0.000000000000e+00
2043,0,SCRQAL_TZn,0.000000000000e+00
2043,1,QUAL_TZn,1.062628045866e+02
2043,1,QUBP_TZn,0.000000000000e+00
2044,0,DRAT_IVOL,1.712191981117e+06
2044,0,DRAT_OVOL,1.712191981117e+06
2044,-1,USLINK,0.000000000000e+00
2044,-1,PCP,0.000000000000e+00
2044,-1,EVAP,0.000000000000e+00
2044,-1,INFILT,0.000000000000e+00
2044,-1,USIF,0.000000000000e+00
2044,-2,LUIF,1.712191981117e+06
2044,-1,USBP,0.000000000000e+00
2044,-2,LUBP,0.000000000000e+00
2044,-5,IRWD,0.000000000000e+00
2044,0,IVOL,1.712191981117e+06
2044,1,RO,1.712191981117e+06
2044,1,BP,0.000000000000e+00
2044,0,DRAT_ISED_1,8.927666090348e-01
2044,0,DRAT_OSED_1,8.927666090348e-01
2044,-1,USSED_1,0.000000000000e+00
2044,-2,LUSED_1,8.927666090348e-01
2044,-1,USSBP_1,0.000000000000e+00
2044,-2,LUSBP_1,0.000000000000e+00
2044,-5,IRWDSED_1,0.000000000000e+00
2044,0,ISED_1,8.927666090348e-01
2044,0,DEPSCR_1,0.000000000000e+00
2044,0,DEPMASS_1,0.000000000000e+00
2044,0,SCRMASS_1,0.000000000000e+00
2044,0,BEDSED_1,0.000000000000e+00
2044,1,ROSED_1,8.927666090348e-01
2044,1,BPSED_1,0.000000000000e+00
2044,0,DRAT_ISED_2,4.687127466304e+00
2044,0,DRAT_OSED_2,4.687127466304e+00
2044,-1,USSED_2,0.000000000000e+00
2044,-2,LUSED_2,4.687127466304e+00
2044,-1,USSBP_2,0.000000000000e+00
2044,-2,LUSBP_2,0.000000000000e+00
2044,-5,IRWDSED_2,0.000000000000e+00
2044,0,ISED_2,4.687127466304e+00
2044,0,DEPSCR_2,0.000000000000e+00
2044,0,DEPMASS_2,0.000000000000e+00
2044,0,SCRMASS_2,0.000000000000e+00
2044,0,BEDSED_2,0.000000000000e+00
2044,1,ROSED_2,4.687127466304e+00
2044,1,BPSED_2,0.000000000000e+00
2044,0,DRAT_ISED_3,1.396213066624e+00
2044,0,DRAT_OSED_3,1.396213066624e+00
2044,-1,USSED_3,0.000000000000e+00
2044,-2,LUSED_3,1.396213066624e+00
2044,-1,USSBP_3,0.000000000000e+00
2044,-2,LUSBP_3,0.000000000000e+00
2044,-5,IRWDSED_3,0.000000000000e+00
2044,0,ISED_3,1.396213066624e+00
2044,0,DEPSCR_3,0.000000000000e+00
2044,0,DEPMASS_3,0.000000000000e+00
2044,0,SCRMASS_3,0.000000000000e+00
2044,0,BEDSED_3,0.000000000000e+00
2044,1,ROSED_3,1.396213066624e+00
2044,1,BPSED_3,0.000000000000e+00
2044,0,DRAT_IGQL_TN,2.035523996714e+02
2044,0,DRAT_OGQL_TN,2.035523996714e+02
2044,-1,USQUAL_TN,0.000000000000e+00
2044,-2,LUQUAL_TN,2.035523996714e+02
2044,-1,USQUBP_TN,0.000000000000e+00
2044,-2,LUQUBP_TN,0.000000000000e+00
2044,-5,IRWDQUAL_TN,0.000000000000e+00
2044,-7,INFILTQUAL_TN,0.000000000000e+00
2044,-8,INFILTQUALTARGET_TN,0.000000000000e+00
2044,0,ADTOT_TN,0.000000000000e+00
2044,0,IQUAL_TN,2.035523996714e+02
2044,0,ADQAL_TN,0.000000000000e+00
2044,0,DSQAL_TN,0.000000000000e+00
2044,0,DEPQAL_TN,0.000000000000e+00
2044,0,SCRQAL_TN,0.000000000000e+00
2044,1,QUAL_TN,2.035523996714e+02
2044,1,QUBP_TN,0.000000000000e+00
2044,0,DRAT_IGQL_TP,3.248802300358e+01
2044,0,DRAT_OGQL_TP,3.248802300358e+01
2044,-1,USQUAL_TP,0.000000000000e+00
2044,-2,LUQUAL_TP,3.248802300358e+01
2044,-1,USQUBP_TP,0.000000000000e+00
2044,-2,LUQUBP_TP,0.000000000000e+00
2044,-5,IRWDQUAL_TP,0.000000000000e+00
2044,-7,INFILTQUAL_TP,0.000000000000e+00
2044,-8,INFILTQUALTARGET_TP,0.000000000000e+00
2044,0,ADTOT_TP,0.000000000000e+00
2044,0,IQUAL_TP,3.248802300358e+01
2044,0,ADQAL_TP,0.000000000000e+00
2044,0,DSQAL_TP,0.000000000000e+00
2044,0,DEPQAL_TP,0.000000000000e+00
2044,0,SCRQAL_TP,0.000000000000e+00
2044,1,QUAL_TP,3.248802300358e+01
2044,1,QUBP_TP,0.000000000000e+00
2044,0,DRAT_IGQL_TCd,8.435421336748e-02
2044,0,DRAT_OGQL_TCd,8.435421336748e-02
2044,-1,USQUAL_TCd,0.000000000000e+00
2044,-2,LUQUAL_TCd,8.435421336748e-02
2044,-1,USQUBP_TCd,0.000000000000e+00
2044,-2,LUQUBP_TCd,0.000000000000e+00
2044,-5,IRWDQUAL_TCd,0.000000000000e+00
2044,-7,INFILTQUAL_TCd,0.000000000000e+00
2044,-8,INFILTQUALTARGET_TCd,0.000000000000e+00
2044,0,ADTOT_TCd,0.000000000000e+00
2044,0,IQUAL_TCd,8.435421336748e-02
2044,0,ADQAL_TCd,0.000000000000e+00
2044,0,DSQAL_TCd,0.000000000000e+00
2044,0,DEPQAL_TCd,0.000000000000e+00
2044,0,SCRQAL_TCd,0.000000000000e+00
2044,1,QUAL_TCd,8.435421336748e-02
2044,1,QUBP_TCd,0.000000000000e+00
2044,0,DRAT_IGQL_TCu,8.464121807749e+00
2044,0,DRAT_OGQL_TCu,8.464121807749e+00
2044,-1,USQUAL_TCu,0.000000000000e+00
2044,-2,LUQUAL_TCu,8.464121807749e+00
2044,-1,USQUBP_TCu,0.000000000000e+00
2044,-2,LUQUBP_TCu,0.000000000000e+00
2044,-5,IRWDQUAL_TCu,0.000000000000e+00
2044,-7,INFILTQUAL_TCu,0.000000000000e+00
2044,-8,INFILTQUALTARGET_TCu,0.000000000000e+00
2044,0,ADTOT_TCu,0.000000000000e+00
2044,0,IQUAL_TCu,8.464121807749e+00
2044,0,ADQAL_TCu,0.000000000000e+00
2044,0,DSQAL_TCu,0.000000000000e+00
2044,0,DEPQAL_TCu,0.000000000000e+00
2044,0,SCRQAL_TCu,0.000000000000e+00
2044,1,QUAL_TCu,8.464121807749e+00
2044,1,QUBP_TCu,0.000000000000e+00
2044,0,DRAT_IGQL_TPb,2.122505215979e+00
2044,0,DRAT_OGQL_TPb,2.122505215979e+00
2044,-1,USQUAL_TPb,0.000000000000e+00
2044,-2,LUQUAL_TPb,2.122505215979e+00
2044,-1,USQUBP_TPb,0.000000000000e+00
2044,-2,LUQUBP_TPb,0.000000000000e+00
2044,-5,IRWDQUAL_TPb,0.000000000000e+00
2044,-7,INFILTQUAL_TPb,0.000000000000e+00
2044,-8,INFILTQUALTARGET_TPb,0.000000000000e+00
2044,0,ADTOT_TPb,0.000000000000e+00
2044,0,IQUAL_TPb,2.122505215979e+00
2044,0,ADQAL_TPb,0.000000000000e+00
2044,0,DSQAL_TPb,0.000000000000e+00
2044,0,DEPQAL_TPb,0.000000000000e+00
2044,0,SCRQAL_TPb,0.000000000000e+00
2044,1,QUAL_TPb,2.122505215979e+00
2044,1,QUBP_TPb,0.000000000000e+00
2044,0,DRAT_IGQL_TZn,3.344429152387e+01
2044,0,DRAT_OGQL_TZn,3.344429152387e+01
2044,-1,USQUAL_TZn,0.000000000000e+00
2044,-2,LUQUAL_TZn,3.344429152387e+01
2044,-1,USQUBP_TZn,0.000000000000e+00
2044,-2,LUQUBP_TZn,0.000000000000e+00
2044,-5,IRWDQUAL_TZn,0.000000000000e+00
2044,-7,INFILTQUAL_TZn,0.000000000000e+00
2044,-8,INFILTQUALTARGET_TZn,0.000000000000e+00
2044,0,ADTOT_TZn,0.000000000000e+00
2044,0,IQUAL_TZn,3.344429152387e+01
2044,0,ADQAL_TZn,0.000000000000e+00
2044,0,DSQAL_TZn,0.000000000000e+00
2044,0,DEPQAL_TZn,0.000000000000e+00
2044,0,SCRQAL_TZn,0.000000000000e+00
2044,1,QUAL_TZn,3.344429152387e+01
2044,1,QUBP_TZn,0.000000000000e+00
2045,0,DRAT_IVOL,3.051216230637e+06
2045,0,DRAT_OVOL,3.051216230637e+06
2045,-1,USLINK,0.000000000000e+00
2045,-1,PCP,0.000000000000e+00
2045,-1,EVAP,0.000000000000e+00
2045,-1,INFILT,0.000000000000e+00
2045,-1,USIF,0.000000000000e+00
2045,-2,LUIF,3.051216230637e+06
2045,-1,USBP,0.000000000000e+00
2045,-2,LUBP,0.000000000000e+00
2045,-5,IRWD,0.000000000000e+00
2045,0,IVOL,3.051216230637e+06
2045,1,RO,3.051216230637e+06
2045,1,BP,0.000000000000e+00
2045,0,DRAT_ISED_1,1.491455640232e+00
2045,0,DRAT_OSED_1,1.491455640232e+00
2045,-1,USSED_1,0.000000000000e+00
2045,-2,LUSED_1,1.491455640232e+00
2045,-1,USSBP_1,0.000000000000e+00
2045,-2,LUSBP_1,0.000000000000e+00
2045,-5,IRWDSED_1,0.000000000000e+00
2045,0,ISED_1,1.491455640232e+00
2045,0,DEPSCR_1,0.000000000000e+00
2045,0,DEPMASS_1,0.000000000000e+00
2045,0,SCRMASS_1,0.000000000000e+00
2045,0,BEDSED_1,0.000000000000e+00
2045,1,ROSED_1,1.491455640232e+00
2045,1,BPSED_1,0.000000000000e+00
2045,0,DRAT_ISED_2,6.780411664783e+00
2045,0,DRAT_OSED_2,6.780411664783e+00
2045,-1,USSED_2,0.000000000000e+00
2045,-2,LUSED_2,6.780411664783e+00
2045,-1,USSBP_2,0.000000000000e+00
2045,-2,LUSBP_2,0.000000000000e+00
2045,-5,IRWDSED_2,0.000000000000e+00
2045,0,ISED_2,6.780411664783e+00
2045,0,DEPSCR_2,0.000000000000e+00
2045,0,DEPMASS_2,0.000000000000e+00
2045,0,SCRMASS_2,0.000000000000e+00
2045,0,BEDSED_2,0.000000000000e+00
2045,1,ROSED_2,6.780411664783e+00
2045,1,BPSED_2,0.000000000000e+00
2045,0,DRAT_ISED_3,2.071229498745e+00
2045,0,DRAT_OSED_3,2.071229498745e+00
2045,-1,USSED_3,0.000000000000e+00
2045,-2,LUSED_3,2.071229498745e+00
2045,-1,USSBP_3,0.000000000000e+00
2045,-2,LUSBP_3,0.000000000000e+00
2045,-5,IRWDSED_3,0.000000000000e+00
2045,0,ISED_3,2.071229498745e+00
2045,0,DEPSCR_3,0.000000000000e+00
2045,0,DEPMASS_3,0.000000000000e+00
2045,0,SCRMASS_3,0.000000000000e+00
2045,0,BEDSED_3,0.000000000000e+00
2045,1,ROSED_3,2.071229498745e+00
2045,1,BPSED_3,0.000000000000e+00
2045,0,DRAT_IGQL_TN,4.025144687692e+02
2045,0,DRAT_OGQL_TN,4.025144687692e+02
2045,-1,USQUAL_TN,0.000000000000e+00
2045,-2,LUQUAL_TN,4.025144687692e+02
2045,-1,USQUBP_TN,0.000000000000e+00
2045,-2,LUQUBP_TN,0.000000000000e+00
2045,-5,IRWDQUAL_TN,0.000000000000e+00
2045,-7,INFILTQUAL_TN,0.000000000000e+00
2045,-8,INFILTQUALTARGET_TN,0.000000000000e+00
2045,0,ADTOT_TN,0.000000000000e+00
2045,0,IQUAL_TN,4.025144687692e+02
2045,0,ADQAL_TN,0.000000000000e+00
2045,0,DSQAL_TN,0.000000000000e+00
2045,0,DEPQAL_TN,0.000000000000e+00
2045,0,SCRQAL_TN,0.000000000000e+00
2045,1,QUAL_TN,4.025144687692e+02
2045,1,QUBP_TN,0.000000000000e+00
2045,0,DRAT_IGQL_TP,6.254007921199e+01
2045,0,DRAT_OGQL_TP,6.254007921199e+01
2045,-1,USQUAL_TP,0.000000000000e+00
2045,-2,LUQUAL_TP,6.254007921199e+01
2045,-1,USQUBP_TP,0.000000000000e+00
2045,-2,LUQUBP_TP,0.000000000000e+00
2045,-5,IRWDQUAL_TP,0.000000000000e+00
2045,-7,INFILTQUAL_TP,0.000000000000e+00
2045,-8,INFILTQUALTARGET_TP,0.000000000000e+00
2045,0,ADTOT_TP,0.000000000000e+00
2045,0,IQUAL_TP,6.254007921199e+01
2045,0,ADQAL_TP,0.000000000000e+00
2045,0,DSQAL_TP,0.000000000000e+00
2045,0,DEPQAL_TP,0.000000000000e+00
2045,0,SCRQAL_TP,0.000000000000e+00
2045,1,QUAL_TP,6.254007921199e+01
2045,1,QUBP_TP,0.000000000000e+00
2045,0,DRAT_IGQL_TCd,1.212557522482e-01
2045,0,DRAT_OGQL_TCd,1.212557522482e-01
2045,-1,USQUAL_TCd,0.000000000000e+00
2045,-2,LUQUAL_TCd,1.212557522482e-01
2045,-1,USQUBP_TCd,0.000000000000e+00
2045,-2,LUQUBP_TCd,0.000000000000e+00
2045,-5,IRWDQUAL_TCd,0.000000000000e+00
2045,-7,INFILTQUAL_TCd,0.000000000000e+00
2045,-8,INFILTQUALTARGET_TCd,0.000000000000e+00
2045,0,ADTOT_TCd,0.000000000000e+00
2045,0,IQUAL_TCd,1.212557522482e-01
2045,0,ADQAL_TCd,0.000000000000e+00
2045,0,DSQAL_TCd,0.000000000000e+00
2045,0,DEPQAL_TCd,0.000000000000e+00
2045,0,SCRQAL_TCd,0.000000000000e+00
2045,1,QUAL_TCd,1.212557522482e-01
2045,1,QUBP_TCd,0.000000000000e+00
2045,0,DRAT_IGQL_TCu,1.220180832326e+01
2045,0,DRAT_OGQL_TCu,1.220180832326e+01
2045,-1,USQUAL_TCu,0.000000000000e+00
2045,-2,LUQUAL_TCu,1.220180832326e+01
2045,-1,USQUBP_TCu,0.000000000000e+00
2045,-2,LUQUBP_TCu,0.000000000000e+00
2045,-5,IRWDQUAL_TCu,0.000000000000e+00
2045,-7,INFILTQUAL_TCu,0.000000000000e+00
2045,-8,INFILTQUALTARGET_TCu,0.000000000000e+00
2045,0,ADTOT_TCu,0.000000000000e+00
2045,0,IQUAL_TCu,1.220180832326e+01
2045,0,ADQAL_TCu,0.000000000000e+00
2045,0,DSQAL_TCu,0.000000000000e+00
2045,0,DEPQAL_TCu,0.000000000000e+00
2045,0,SCRQAL_TCu,0.000000000000e+00
2045,1,QUAL_TCu,1.220180832326e+01
2045,1,QUBP_TCu,0.000000000000e+00
2045,0,DRAT_IGQL_TPb,3.163742620290e+00
2045,0,DRAT_OGQL_TPb,3.163742620290e+00
2045,-1,USQUAL_TPb,0.000000000000e+00
2045,-2,LUQUAL_TPb,3.163742620290e+00
2045,-1,USQUBP_TPb,0.000000000000e+00
2045,-2,LUQUBP_TPb,0.000000000000e+00
2045,-5,IRWDQUAL_TPb,0.000000000000e+00
2045,-7,INFILTQUAL_TPb,0.000000000000e+00
2045,-8,INFILTQUALTARGET_TPb,0.000000000000e+00
2045,0,ADTOT_TPb,0.000000000000e+00
2045,0,IQUAL_TPb,3.163742620290e+00
2045,0,ADQAL_TPb,0.000000000000e+00
2045,0,DSQAL_TPb,0.000000000000e+00
2045,0,DEPQAL_TPb,0.000000000000e+00
2045,0,SCRQAL_TPb,0.000000000000e+00
2045,1,QUAL_TPb,3.163742620290e+00
2045,1,QUBP_TPb,0.000000000000e+00
2045,0,DRAT_IGQL_TZn,5.048796356946e+01
2045,0,DRAT_OGQL_TZn,5.048796356946e+01
2045,-1,USQUAL_TZn,0.000000000000e+00
2045,-2,LUQUAL_TZn,5.048796356946e+01
2045,-1,USQUBP_TZn,0.000000000000e+00
2045,-2,LUQUBP_TZn,0.000000000000e+00
2045,-5,IRWDQUAL_TZn,0.000000000000e+00
2045,-7,INFILTQUAL_TZn,0.000000000000e+00
2045,-8,INFILTQUALTARGET_TZn,0.000000000000e+00
2045,0,ADTOT_TZn,0.000000000000e+00
2045,0,IQUAL_TZn,5.048796356946e+01
2045,0,ADQAL_TZn,0.000000000000e+00
2045,0,DSQAL_TZn,0.000000000000e+00
2045,0,DEPQAL_TZn,0.000000000000e+00
2045,0,SCRQAL_TZn,0.000000000000e+00
2045,1,QUAL_TZn,5.048796356946e+01
2045,1,QUBP_TZn,0.000000000000e+00
2046,0,DRAT_IVOL,2.856631026479e+06
2046,0,DRAT_OVOL,2.856631026479e+06
2046,-1,USLINK,0.000000000000e+00
2046,-1,PCP,0.000000000000e+00
2046,-1,EVAP,0.000000000000e+00
2046,-1,INFILT,0.000000000000e+00
2046,-1,USIF,0.000000000000e+00
2046,-2,LUIF,2.856631026479e+06
2046,-1,USBP,0.000000000000e+00
2046,-2,LUBP,0.000000000000e+00
2046,-5,IRWD,0.000000000000e+00
2046,0,IVOL,2.856631026479e+06
2046,1,RO,2.856631026479e+06
2046,1,BP,0.000000000000e+00
2046,0,DRAT_ISED_1,1.462198587315e+00
2046,0,DRAT_OSED_1,1.462198587315e+00
2046,-1,USSED_1,0.000000000000e+00
2046,-2,LUSED_1,1.462198587315e+00
2046,-1,USSBP_1,0.000000000000e+00
2046,-2,LUSBP_1,0.000000000000e+00
2046,-5,IRWDSED_1,0.000000000000e+00
2046,0,ISED_1,1.462198587315e+00
2046,0,DEPSCR_1,0.000000000000e+00
2046,0,DEPMASS_1,0.000000000000e+00
2046,0,SCRMASS_1,0.000000000000e+00
2046,0,BEDSED_1,0.000000000000e+00
2046,1,ROSED_1,1.462198587315e+00
2046,1,BPSED_1,0.000000000000e+00
2046,0,DRAT_ISED_2,6.363854070488e+00
2046,0,DRAT_OSED_2,6.363854070488e+00
2046,-1,USSED_2,0.000000000000e+00
2046,-2,LUSED_2,6.363854070488e+00
2046,-1,USSBP_2,0.000000000000e+00
2046,-2,LUSBP_2,0.000000000000e+00
2046,-5,IRWDSED_2,0.000000000000e+00
2046,0,ISED_2,6.363854070488e+00
2046,0,DEPSCR_2,0.000000000000e+00
2046,0,DEPMASS_2,0.000000000000e+00
2046,0,SCRMASS_2,0.000000000000e+00
2046,0,BEDSED_2,0.000000000000e+00
2046,1,ROSED_2,6.363854070488e+00
2046,1,BPSED_2,0.000000000000e+00
2046,0,DRAT_ISED_3,1.959753970624e+00
2046,0,DRAT_OSED_3,1.959753970624e+00
2046,-1,USSED_3,0.000000000000e+00
2046,-2,LUSED_3,1.959753970624e+00
2046,-1,USSBP_3,0.000000000000e+00
2046,-2,LUSBP_3,0.000000000000e+00
2046,-5,IRWDSED_3,0.000000000000e+00
2046,0,ISED_3,1.959753970624e+00
2046,0,DEPSCR_3,0.000000000000e+00
2046,0,DEPMASS_3,0.000000000000e+00
2046,0,SCRMASS_3,0.000000000000e+00
2046,0,BEDSED_3,0.000000000000e+00
2046,1,ROSED_3,1.959753970624e+00
2046,1,BPSED_3,0.000000000000e+00
2046,0,DRAT_IGQL_TN,3.768167001851e+02
2046,0,DRAT_OGQL_TN,3.768167001851e+02
2046,-1,USQUAL_TN,0.000000000000e+00
2046,-2,LUQUAL_TN,3.768167001851e+02
2046,-1,USQUBP_TN,0.000000000000e+00
2046,-2,LUQUBP_TN,0.000000000000e+00
2046,-5,IRWDQUAL_TN,0.000000000000e+00
2046,-7,INFILTQUAL_TN,0.000000000000e+00
2046,-8,INFILTQUALTARGET_TN,0.000000000000e+00
2046,0,ADTOT_TN,0.000000000000e+00
2046,0,IQUAL_TN,3.768167001851e+02
2046,0,ADQAL_TN,0.000000000000e+00
2046,0,DSQAL_TN,0.000000000000e+00
2046,0,DEPQAL_TN,0.000000000000e+00
2046,0,SCRQAL_TN,0.000000000000e+00
2046,1,QUAL_TN,3.768167001851e+02
2046,1,QUBP_TN,0.000000000000e+00
2046,0,DRAT_IGQL_TP,5.902504616339e+01
2046,0,DRAT_OGQL_TP,5.902504616339e+01
2046,-1,USQUAL_TP,0.000000000000e+00
2046,-2,LUQUAL_TP,5.902504616339e+01
2046,-1,USQUBP_TP,0.000000000000e+00
2046,-2,LUQUBP_TP,0.000000000000e+00
2046,-5,IRWDQUAL_TP,0.000000000000e+00
2046,-7,INFILTQUAL_TP,0.000000000000e+00
2046,-8,INFILTQUALTARGET_TP,0.000000000000e+00
2046,0,ADTOT_TP,0.000000000000e+00
2046,0,IQUAL_TP,5.902504616339e+01
2046,0,ADQAL_TP,0.000000000000e+00
2046,0,DSQAL_TP,0.000000000000e+00
2046,0,DEPQAL_TP,0.000000000000e+00
2046,0,SCRQAL_TP,0.000000000000e+00
2046,1,QUAL_TP,5.902504616339e+01
2046,1,QUBP_TP,0.000000000000e+00
2046,0,DRAT_IGQL_TCd,1.111666272878e-01
2046,0,DRAT_OGQL_TCd,1.111666272878e-01
2046,-1,USQUAL_TCd,0.000000000000e+00
2046,-2,LUQUAL_TCd,1.111666272878e-01
2046,-1,USQUBP_TCd,0.000000000000e+00
2046,-2,LUQUBP_TCd,0.000000000000e+00
2046,-5,IRWDQUAL_TCd,0.000000000000e+00
2046,-7,INFILTQUAL_TCd,0.000000000000e+00
2046,-8,INFILTQUALTARGET_TCd,0.000000000000e+00
2046,0,ADTOT_TCd,0.000000000000e+00
2046,0,IQUAL_TCd,1.111666272878e-01
2046,0,ADQAL_TCd,0.000000000000e+00
2046,0,DSQAL_TCd,0.000000000000e+00
2046,0,DEPQAL_TCd,0.000000000000e+00
2046,0,SCRQAL_TCd,0.000000000000e+00
2046,1,QUAL_TCd,1.111666272878e-01
2046,1,QUBP_TCd,0.000000000000e+00
2046,0,DRAT_IGQL_TCu,1.119422709832e+01
2046,0,DRAT_OGQL_TCu,1.119422709832e+01
2046,-1,USQUAL_TCu,0.000000000000e+00
2046,-2,LUQUAL_TCu,1.119422709832e+01
2046,-1,USQUBP_TCu,0.000000000000e+00
2046,-2,LUQUBP_TCu,0.000000000000e+00
2046,-5,IRWDQUAL_TCu,0.000000000000e+00
2046,-7,INFILTQUAL_TCu,0.000000000000e+00
2046,-8,INFILTQUALTARGET_TCu,0.000000000000e+00
2046,0,ADTOT_TCu,0.000000000000e+00
2046,0,IQUAL_TCu,1.119422709832e+01
2046,0,ADQAL_TCu,0.000000000000e+00
2046,0,DSQAL_TCu,0.000000000000e+00
2046,0,DEPQAL_TCu,0.000000000000e+00
2046,0,SCRQAL_TCu,0.000000000000e+00
2046,1,QUAL_TCu,1.119422709832e+01
2046,1,QUBP_TCu,0.000000000000e+00
2046,0,DRAT_IGQL_TPb,2.856747997370e+00
2046,0,DRAT_OGQL_TPb,2.856747997370e+00
2046,-1,USQUAL_TPb,0.000000000000e+00
2046,-2,LUQUAL_TPb,2.856747997370e+00
2046,-1,USQUBP_TPb,0.000000000000e+00
2046,-2,LUQUBP_TPb,0.000000000000e+00
2046,-5,IRWDQUAL_TPb,0.000000000000e+00
2046,-7,INFILTQUAL_TPb,0.000000000000e+00
2046,-8,INFILTQUALTARGET_TPb,0.000000000000e+00
2046,0,ADTOT_TPb,0.000000000000e+00
2046,0,IQUAL_TPb,2.856747997370e+00
2046,0,ADQAL_TPb,0.000000000000e+00
2046,0,DSQAL_TPb,0.000000000000e+00
2046,0,DEPQAL_TPb,0.000000000000e+00
2046,0,SCRQAL_TPb,0.000000000000e+00
2046,1,QUAL_TPb,2.856747997370e+00
2046,1,QUBP_TPb,0.000000000000e+00
2046,0,DRAT_IGQL_TZn,4.323143270321e+01
2046,0,DRAT_OGQL_TZn,4.323143270321e+01
2046,-1,USQUAL_TZn,0.000000000000e+00
2046,-2,LUQUAL_TZn,4.323143270321e+01
2046,-1,USQUBP_TZn,0.000000000000e+00
2046,-2,LUQUBP_TZn,0.000000000000e+00
2046,-5,IRWDQUAL_TZn,0.000000000000e+00
2046,-7,INFILTQUAL_TZn,0.000000000000e+00
2046,-8,INFILTQUALTARGET_TZn,0.000000000000e+00
2046,0,ADTOT_TZn,0.000000000000e+00
2046,0,IQUAL_TZn,4.323143270321e+01
2046,0,ADQAL_TZn,0.000000000000e+00
2046,0,DSQAL_TZn,0.000000000000e+00
2046,0,DEPQAL_TZn,0.000000000000e+00
2046,0,SCRQAL_TZn,0.000000000000e+00
2046,1,QUAL_TZn,4.323143270321e+01
2046,1,QUBP_TZn,0.000000000000e+00
2047,0,DRAT_IVOL,3.424667038453e+06
2047,0,DRAT_OVOL,3.424667038453e+06
2047,-1,USLINK,0.000000000000e+00
2047,-1,PCP,0.000000000000e+00
2047,-1,EVAP,0.000000000000e+00
2047,-1,INFILT,0.000000000000e+00
2047,-1,USIF,0.000000000000e+00
2047,-2,LUIF,3.424667038453e+06
2047,-1,USBP,0.000000000000e+00
2047,-2,LUBP,0.000000000000e+00
2047,-5,IRWD,0.000000000000e+00
2047,0,IVOL,3.424667038453e+06
2047,1,RO,3.424667038453e+06
2047,1,BP,0.000000000000e+00
2047,0,DRAT_ISED_1,1.933939303908e+00
2047,0,DRAT_OSED_1,1.933939303908e+00
2047,-1,USSED_1,0.000000000000e+00
2047,-2,LUSED_1,1.933939303908e+00
2047,-1,USSBP_1,0.000000000000e+00
2047,-2,LUSBP_1,0.000000000000e+00
2047,-5,IRWDSED_1,0.000000000000e+00
2047,0,ISED_1,1.933939303908e+00
2047,0,DEPSCR_1,0.000000000000e+00
2047,0,DEPMASS_1,0.000000000000e+00
2047,0,SCRMASS_1,0.000000000000e+00
2047,0,BEDSED_1,0.000000000000e+00
2047,1,ROSED_1,1.933939303908e+00
2047,1,BPSED_1,0.000000000000e+00
2047,0,DRAT_ISED_2,9.445859354147e+00
2047,0,DRAT_OSED_2,9.445859354147e+00
2047,-1,USSED_2,0.000000000000e+00
2047,-2,LUSED_2,9.445859354147e+00
2047,-1,USSBP_2,0.000000000000e+00
2047,-2,LUSBP_2,0.000000000000e+00
2047,-5,IRWDSED_2,0.000000000000e+00
2047,0,ISED_2,9.445859354147e+00
2047,0,DEPSCR_2,0.000000000000e+00
2047,0,DEPMASS_2,0.000000000000e+00
2047,0,SCRMASS_2,0.000000000000e+00
2047,0,BEDSED_2,0.000000000000e+00
2047,1,ROSED_2,9.445859354147e+00
2047,1,BPSED_2,0.000000000000e+00
2047,0,DRAT_ISED_3,2.848405165069e+00
2047,0,DRAT_OSED_3,2.848405165069e+00
2047,-1,USSED_3,0.000000000000e+00
2047,-2,LUSED_3,2.848405165069e+00
2047,-1,USSBP_3,0.000000000000e+00
2047,-2,LUSBP_3,0.000000000000e+00
2047,-5,IRWDSED_3,0.000000000000e+00
2047,0,ISED_3,2.848405165069e+00
2047,0,DEPSCR_3,0.000000000000e+00
2047,0,DEPMASS_3,0.000000000000e+00
2047,0,SCRMASS_3,0.000000000000e+00
2047,0,BEDSED_3,0.000000000000e+00
2047,1,ROSED_3,2.848405165069e+00
2047,1,BPSED_3,0.000000000000e+00
2047,0,DRAT_IGQL_TN,4.331099094238e+02
2047,0,DRAT_OGQL_TN,4.331099094238e+02
2047,-1,USQUAL_TN,0.000000000000e+00
2047,-2,LUQUAL_TN,4.331099094238e+02
2047,-1,USQUBP_TN,0.000000000000e+00
2047,-2,LUQUBP_TN,0.000000000000e+00
2047,-5,IRWDQUAL_TN,0.000000000000e+00
2047,-7,INFILTQUAL_TN,0.000000000000e+00
2047,-8,INFILTQUALTARGET_TN,0.000000000000e+00
2047,0,ADTOT_TN,0.000000000000e+00
2047,0,IQUAL_TN,4.331099094238e+02
2047,0,ADQAL_TN,0.000000000000e+00
2047,0,DSQAL_TN,0.000000000000e+00
2047,0,DEPQAL_TN,0.000000000000e+00
2047,0,SCRQAL_TN,0.000000000000e+00
2047,1,QUAL_TN,4.331099094238e+02
2047,1,QUBP_TN,0.000000000000e+00
2047,0,DRAT_IGQL_TP,8.541876866828e+01
2047,0,DRAT_OGQL_TP,8.541876866828e+01
2047,-1,USQUAL_TP,0.000000000000e+00
2047,-2,LUQUAL_TP,8.541876866828e+01
2047,-1,USQUBP_TP,0.000000000000e+00
2047,-2,LUQUBP_TP,0.000000000000e+00
2047,-5,IRWDQUAL_TP,0.000000000000e+00
2047,-7,INFILTQUAL_TP,0.000000000000e+00
2047,-8,INFILTQUALTARGET_TP,0.000000000000e+00
2047,0,ADTOT_TP,0.000000000000e+00
2047,0,IQUAL_TP,8.541876866828e+01
2047,0,ADQAL_TP,0.000000000000e+00
2047,0,DSQAL_TP,0.000000000000e+00
2047,0,DEPQAL_TP,0.000000000000e+00
2047,0,SCRQAL_TP,0.000000000000e+00
2047,1,QUAL_TP,8.541876866828e+01
2047,1,QUBP_TP,0.000000000000e+00
2047,0,DRAT_IGQL_TCd,1.917423548876e-01
2047,0,DRAT_OGQL_TCd,1.917423548876e-01
2047,-1,USQUAL_TCd,0.000000000000e+00
2047,-2,LUQUAL_TCd,1.917423548876e-01
2047,-1,USQUBP_TCd,0.000000000000e+00
2047,-2,LUQUBP_TCd,0.000000000000e+00
2047,-5,IRWDQUAL_TCd,0.000000000000e+00
2047,-7,INFILTQUAL_TCd,0.000000000000e+00
2047,-8,INFILTQUALTARGET_TCd,0.000000000000e+00
2047,0,ADTOT_TCd,0.000000000000e+00
2047,0,IQUAL_TCd,1.917423548876e-01
2047,0,ADQAL_TCd,0.000000000000e+00
2047,0,DSQAL_TCd,0.000000000000e+00
2047,0,DEPQAL_TCd,0.000000000000e+00
2047,0,SCRQAL_TCd,0.000000000000e+00
2047,1,QUAL_TCd,1.917423548876e-01
2047,1,QUBP_TCd,0.000000000000e+00
2047,0,DRAT_IGQL_TCu,1.925392063969e+01
2047,0,DRAT_OGQL_TCu,1.925392063969e+01
2047,-1,USQUAL_TCu,0.000000000000e+00
2047,-2,LUQUAL_TCu,1.925392063969e+01
2047,-1,USQUBP_TCu,0.000000000000e+00
2047,-2,LUQUBP_TCu,0.000000000000e+00
2047,-5,IRWDQUAL_TCu,0.000000000000e+00
2047,-7,INFILTQUAL_TCu,0.000000000000e+00
2047,-8,INFILTQUALTARGET_TCu,0.000000000000e+00
2047,0,ADTOT_TCu,0.000000000000e+00
2047,0,IQUAL_TCu,1.925392063969e+01
2047,0,ADQAL_TCu,0.000000000000e+00
2047,0,DSQAL_TCu,0.000000000000e+00
2047,0,DEPQAL_TCu,0.000000000000e+00
2047,0,SCRQAL_TCu,0.000000000000e+00
2047,1,QUAL_TCu,1.925392063969e+01
2047,1,QUBP_TCu,0.000000000000e+00
2047,0,DRAT_IGQL_TPb,4.975780029427e+00
2047,0,DRAT_OGQL_TPb,4.975780029427e+00
2047,-1,USQUAL_TPb,0.000000000000e+00
2047,-2,LUQUAL_TPb,4.975780029427e+00
2047,-1,USQUBP_TPb,0.000000000000e+00
2047,-2,LUQUBP_TPb,0.000000000000e+00
2047,-5,IRWDQUAL_TPb,0.000000000000e+00
2047,-7,INFILTQUAL_TPb,0.000000000000e+00
2047,-8,INFILTQUALTARGET_TPb,0.000000000000e+00
2047,0,ADTOT_TPb,0.000000000000e+00
2047,0,IQUAL_TPb,4.975780029427e+00
2047,0,ADQAL_TPb,0.000000000000e+00
2047,0,DSQAL_TPb,0.000000000000e+00
2047,0,DEPQAL_TPb,0.000000000000e+00
2047,0,SCRQAL_TPb,0.000000000000e+00
2047,1,QUAL_TPb,4.975780029427e+00
2047,1,QUBP_TPb,0.000000000000e+00
2047,0,DRAT_IGQL_TZn,7.857149058568e+01
2047,0,DRAT_OGQL_TZn,7.857149058568e+01
2047,-1,USQUAL_TZn,0.000000000000e+00
2047,-2,LUQUAL_TZn,7.857149058568e+01
2047,-1,USQUBP_TZn,0.000000000000e+00
2047,-2,LUQUBP_TZn,0.000000000000e+00
2047,-5,IRWDQUAL_TZn,0.000000000000e+00
2047,-7,INFILTQUAL_TZn,0.000000000000e+00
2047,-8,INFILTQUALTARGET_TZn,0.000000000000e+00
2047,0,ADTOT_TZn,0.000000000000e+00
2047,0,IQUAL_TZn,7.857149058568e+01
2047,0,ADQAL_TZn,0.000000000000e+00
2047,0,DSQAL_TZn,0.000000000000e+00
2047,0,DEPQAL_TZn,0.000000000000e+00
2047,0,SCRQAL_TZn,0.000000000000e+00
2047,1,QUAL_TZn,7.857149058568e+01
2047,1,QUBP_TZn,0.000000000000e+00
2048,0,DRAT_IVOL,1.004027420249e+06
2048,0,DRAT_OVOL,1.004027420249e+06
2048,-1,USLINK,0.000000000000e+00
2048,-1,PCP,0.000000000000e+00
2048,-1,EVAP,0.000000000000e+00
2048,-1,INFILT,0.000000000000e+00
2048,-1,USIF,0.000000000000e+00
2048,-2,LUIF,1.004027420249e+06
2048,-1,USBP,0.000000000000e+00
2048,-2,LUBP,0.000000000000e+00
2048,-5,IRWD,0.000000000000e+00
2048,0,IVOL,1.004027420249e+06
2048,1,RO,1.004027420249e+06
2048,1,BP,0.000000000000e+00
2048,0,DRAT_ISED_1,4.594238897524e-01
2048,0,DRAT_OSED_1,4.594238897524e-01
2048,-1,USSED_1,0.000000000000e+00
2048,-2,LUSED_1,4.594238897524e-01
2048,-1,USSBP_1,0.000000000000e+00
2048,-2,LUSBP_1,0.000000000000e+00
2048,-5,IRWDSED_1,0.000000000000e+00
2048,0,ISED_1,4.594238897524e-01
2048,0,DEPSCR_1,0.000000000000e+00
2048,0,DEPMASS_1,0.000000000000e+00
2048,0,SCRMASS_1,0.000000000000e+00
2048,0,BEDSED_1,0.000000000000e+00
2048,1,ROSED_1,4.594238897524e-01
2048,1,BPSED_1,0.000000000000e+00
2048,0,DRAT_ISED_2,1.874617845330e+00
2048,0,DRAT_OSED_2,1.874617845330e+00
2048,-1,USSED_2,0.000000000000e+00
2048,-2,LUSED_2,1.874617845330e+00
2048,-1,USSBP_2,0.000000000000e+00
2048,-2,LUSBP_2,0.000000000000e+00
2048,-5,IRWDSED_2,0.000000000000e+00
2048,0,ISED_2,1.874617845330e+00
2048,0,DEPSCR_2,0.000000000000e+00
2048,0,DEPMASS_2,0.000000000000e+00
2048,0,SCRMASS_2,0.000000000000e+00
2048,0,BEDSED_2,0.000000000000e+00
2048,1,ROSED_2,1.874617845330e+00
2048,1,BPSED_2,0.000000000000e+00
2048,0,DRAT_ISED_3,5.846699133837e-01
2048,0,DRAT_OSED_3,5.846699133837e-01
2048,-1,USSED_3,0.000000000000e+00
2048,-2,LUSED_3,5.846699133837e-01
2048,-1,USSBP_3,0.000000000000e+00
2048,-2,LUSBP_3,0.000000000000e+00
2048,-5,IRWDSED_3,0.000000000000e+00
2048,0,ISED_3,5.846699133837e-01
2048,0,DEPSCR_3,0.000000000000e+00
2048,0,DEPMASS_3,0.000000000000e+00
2048,0,SCRMASS_3,0.000000000000e+00
2048,0,BEDSED_3,0.000000000000e+00
2048,1,ROSED_3,5.846699133837e-01
2048,1,BPSED_3,0.000000000000e+00
2048,0,DRAT_IGQL_TN,1.240651050462e+02
2048,0,DRAT_OGQL_TN,1.240651050462e+02
2048,-1,USQUAL_TN,0.000000000000e+00
2048,-2,LUQUAL_TN,1.240651050462e+02
2048,-1,USQUBP_TN,0.000000000000e+00
2048,-2,LUQUBP_TN,0.000000000000e+00
2048,-5,IRWDQUAL_TN,0.000000000000e+00
2048,-7,INFILTQUAL_TN,0.000000000000e+00
2048,-8,INFILTQUALTARGET_TN,0.000000000000e+00
2048,0,ADTOT_TN,0.000000000000e+00
2048,0,IQUAL_TN,1.240651050462e+02
2048,0,ADQAL_TN,0.000000000000e+00
2048,0,DSQAL_TN,0.000000000000e+00
2048,0,DEPQAL_TN,0.000000000000e+00
2048,0,SCRQAL_TN,0.000000000000e+00
2048,1,QUAL_TN,1.240651050462e+02
2048,1,QUBP_TN,0.000000000000e+00
2048,0,DRAT_IGQL_TP,1.666878542093e+01
2048,0,DRAT_OGQL_TP,1.666878542093e+01
2048,-1,USQUAL_TP,0.000000000000e+00
2048,-2,LUQUAL_TP,1.666878542093e+01
2048,-1,USQUBP_TP,0.000000000000e+00
2048,-2,LUQUBP_TP,0.000000000000e+00
2048,-5,IRWDQUAL_TP,0.000000000000e+00
2048,-7,INFILTQUAL_TP,0.000000000000e+00
2048,-8,INFILTQUALTARGET_TP,0.000000000000e+00
2048,0,ADTOT_TP,0.000000000000e+00
2048,0,IQUAL_TP,1.666878542093e+01
2048,0,ADQAL_TP,0.000000000000e+00
2048,0,DSQAL_TP,0.000000000000e+00
2048,0,DEPQAL_TP,0.000000000000e+00
2048,0,SCRQAL_TP,0.000000000000e+00
2048,1,QUAL_TP,1.666878542093e+01
2048,1,QUBP_TP,0.000000000000e+00
2048,0,DRAT_IGQL_TCd,2.858503142176e-02
2048,0,DRAT_OGQL_TCd,2.858503142176e-02
2048,-1,USQUAL_TCd,0.000000000000e+00
2048,-2,LUQUAL_TCd,2.858503142176e-02
2048,-1,USQUBP_TCd,0.000000000000e+00
2048,-2,LUQUBP_TCd,0.000000000000e+00
2048,-5,IRWDQUAL_TCd,0.000000000000e+00
2048,-7,INFILTQUAL_TCd,0.000000000000e+00
2048,-8,INFILTQUALTARGET_TCd,0.000000000000e+00
2048,0,ADTOT_TCd,0.000000000000e+00
2048,0,IQUAL_TCd,2.858503142176e-02
2048,0,ADQAL_TCd,0.000000000000e+00
2048,0,DSQAL_TCd,0.000000000000e+00
2048,0,DEPQAL_TCd,0.000000000000e+00
2048,0,SCRQAL_TCd,0.000000000000e+00
2048,1,QUAL_TCd,2.858503142176e-02
2048,1,QUBP_TCd,0.000000000000e+00
2048,0,DRAT_IGQL_TCu,2.885344975013e+00
2048,0,DRAT_OGQL_TCu,2.885344975013e+00
2048,-1,USQUAL_TCu,0.000000000000e+00
2048,-2,LUQUAL_TCu,2.885344975013e+00
2048,-1,USQUBP_TCu,0.000000000000e+00
2048,-2,LUQUBP_TCu,0.000000000000e+00
2048,-5,IRWDQUAL_TCu,0.000000000000e+00
2048,-7,INFILTQUAL_TCu,0.000000000000e+00
2048,-8,INFILTQUALTARGET_TCu,0.000000000000e+00
2048,0,ADTOT_TCu,0.000000000000e+00
2048,0,IQUAL_TCu,2.885344975013e+00
2048,0,ADQAL_TCu,0.000000000000e+00
2048,0,DSQAL_TCu,0.000000000000e+00
2048,0,DEPQAL_TCu,0.000000000000e+00
2048,0,SCRQAL_TCu,0.000000000000e+00
2048,1,QUAL_TCu,2.885344975013e+00
2048,1,QUBP_TCu,0.000000000000e+00
2048,0,DRAT_IGQL_TPb,7.327773819510e-01
2048,0,DRAT_OGQL_TPb,7.327773819510e-01
2048,-1,USQUAL_TPb,0.000000000000e+00
2048,-2,LUQUAL_TPb,7.327773819510e-01
2048,-1,USQUBP_TPb,0.000000000000e+00
2048,-2,LUQUBP_TPb,0.000000000000e+00
2048,-5,IRWDQUAL_TPb,0.000000000000e+00
2048,-7,INFILTQUAL_TPb,0.000000000000e+00
2048,-8,INFILTQUALTARGET_TPb,0.000000000000e+00
2048,0,ADTOT_TPb,0.000000000000e+00
2048,0,IQUAL_TPb,7.327773819510e-01
2048,0,ADQAL_TPb,0.000000000000e+00
2048,0,DSQAL_TPb,0.000000000000e+00
2048,0,DEPQAL_TPb,0.000000000000e+00
2048,0,SCRQAL_TPb,0.000000000000e+00
2048,1,QUAL_TPb,7.327773819510e-01
2048,1,QUBP_TPb,0.000000000000e+00
2048,0,DRAT_IGQL_TZn,1.253938123182e+01
2048,0,DRAT_OGQL_TZn,1.253938123182e+01
2048,-1,USQUAL_TZn,0.000000000000e+00
2048,-2,LUQUAL_TZn,1.253938123182e+01
2048,-1,USQUBP_TZn,0.000000000000e+00
2048,-2,LUQUBP_TZn,0.000000000000e+00
2048,-5,IRWDQUAL_TZn,0.000000000000e+00
2048,-7,INFILTQUAL_TZn,0.000000000000e+00
2048,-8,INFILTQUALTARGET_TZn,0.000000000000e+00
2048,0,ADTOT_TZn,0.000000000000e+00
2048,0,IQUAL_TZn,1.253938123182e+01
2048,0,ADQAL_TZn,0.000000000000e+00
2048,0,DSQAL_TZn,0.000000000000e+00
2048,0,DEPQAL_TZn,0.000000000000e+00
2048,0,SCRQAL_TZn,0.000000000000e+00
2048,1,QUAL_TZn,1.253938123182e+01
2048,1,QUBP_TZn,0.000000000000e+00
2049,0,DRAT_IVOL,1.134971542550e+06
2049,0,DRAT_OVOL,1.134971542550e+06
2049,-1,USLINK,0.000000000000e+00
2049,-1,PCP,0.000000000000e+00
2049,-1,EVAP,0.000000000000e+00
2049,-1,INFILT,0.000000000000e+00
2049,-1,USIF,0.000000000000e+00
2049,-2,LUIF,1.134971542550e+06
2049,-1,USBP,0.000000000000e+00
2049,-2,LUBP,0.000000000000e+00
2049,-5,IRWD,0.000000000000e+00
2049,0,IVOL,1.134971542550e+06
2049,1,RO,1.134971542550e+06
2049,1,BP,0.000000000000e+00
2049,0,DRAT_ISED_1,6.210293271640e-01
2049,0,DRAT_OSED_1,6.210293271640e-01
2049,-1,USSED_1,0.000000000000e+00
2049,-2,LUSED_1,6.210293271640e-01
2049,-1,USSBP_1,0.000000000000e+00
2049,-2,LUSBP_1,0.000000000000e+00
2049,-5,IRWDSED_1,0.000000000000e+00
2049,0,ISED_1,6.210293271640e-01
2049,0,DEPSCR_1,0.000000000000e+00
2049,0,DEPMASS_1,0.000000000000e+00
2049,0,SCRMASS_1,0.000000000000e+00
2049,0,BEDSED_1,0.000000000000e+00
2049,1,ROSED_1,6.210293271640e-01
2049,1,BPSED_1,0.000000000000e+00
2049,0,DRAT_ISED_2,2.294976260578e+00
2049,0,DRAT_OSED_2,2.294976260578e+00
2049,-1,USSED_2,0.000000000000e+00
2049,-2,LUSED_2,2.294976260578e+00
2049,-1,USSBP_2,0.000000000000e+00
2049,-2,LUSBP_2,0.000000000000e+00
2049,-5,IRWDSED_2,0.000000000000e+00
2049,0,ISED_2,2.294976260578e+00
2049,0,DEPSCR_2,0.000000000000e+00
2049,0,DEPMASS_2,0.000000000000e+00
2049,0,SCRMASS_2,0.000000000000e+00
2049,0,BEDSED_2,0.000000000000e+00
2049,1,ROSED_2,2.294976260578e+00
2049,1,BPSED_2,0.000000000000e+00
2049,0,DRAT_ISED_3,7.306074104009e-01
2049,0,DRAT_OSED_3,7.306074104009e-01
2049,-1,USSED_3,0.000000000000e+00
2049,-2,LUSED_3,7.306074104009e-01
2049,-1,USSBP_3,0.000000000000e+00
2049,-2,LUSBP_3,0.000000000000e+00
2049,-5,IRWDSED_3,0.000000000000e+00
2049,0,ISED_3,7.306074104009e-01
2049,0,DEPSCR_3,0.000000000000e+00
2049,0,DEPMASS_3,0.000000000000e+00
2049,0,SCRMASS_3,0.000000000000e+00
2049,0,BEDSED_3,0.000000000000e+00
2049,1,ROSED_3,7.306074104009e-01
2049,1,BPSED_3,0.000000000000e+00
2049,0,DRAT_IGQL_TN,1.455077892753e+02
2049,0,DRAT_OGQL_TN,1.455077892753e+02
2049,-1,USQUAL_TN,0.000000000000e+00
2049,-2,LUQUAL_TN,1.455077892753e+02
2049,-1,USQUBP_TN,0.000000000000e+00
2049,-2,LUQUBP_TN,0.000000000000e+00
2049,-5,IRWDQUAL_TN,0.000000000000e+00
2049,-7,INFILTQUAL_TN,0.000000000000e+00
2049,-8,INFILTQUALTARGET_TN,0.000000000000e+00
2049,0,ADTOT_TN,0.000000000000e+00
2049,0,IQUAL_TN,1.455077892753e+02
2049,0,ADQAL_TN,0.000000000000e+00
2049,0,DSQAL_TN,0.000000000000e+00
2049,0,DEPQAL_TN,0.000000000000e+00
2049,0,SCRQAL_TN,0.000000000000e+00
2049,1,QUAL_TN,1.455077892753e+02
2049,1,QUBP_TN,0.000000000000e+00
2049,0,DRAT_IGQL_TP,2.119849474546e+01
2049,0,DRAT_OGQL_TP,2.119849474546e+01
2049,-1,USQUAL_TP,0.000000000000e+00
2049,-2,LUQUAL_TP,2.119849474546e+01
2049,-1,USQUBP_TP,0.000000000000e+00
2049,-2,LUQUBP_TP,0.000000000000e+00
2049,-5,IRWDQUAL_TP,0.000000000000e+00
2049,-7,INFILTQUAL_TP,0.000000000000e+00
2049,-8,INFILTQUALTARGET_TP,0.000000000000e+00
2049,0,ADTOT_TP,0.000000000000e+00
2049,0,IQUAL_TP,2.119849474546e+01
2049,0,ADQAL_TP,0.000000000000e+00
2049,0,DSQAL_TP,0.000000000000e+00
2049,0,DEPQAL_TP,0.000000000000e+00
2049,0,SCRQAL_TP,0.000000000000e+00
2049,1,QUAL_TP,2.119849474546e+01
2049,1,QUBP_TP,0.000000000000e+00
2049,0,DRAT_IGQL_TCd,3.460963120646e-02
2049,0,DRAT_OGQL_TCd,3.460963120646e-02
2049,-1,USQUAL_TCd,0.000000000000e+00
2049,-2,LUQUAL_TCd,3.460963120646e-02
2049,-1,USQUBP_TCd,0.000000000000e+00
2049,-2,LUQUBP_TCd,0.000000000000e+00
2049,-5,IRWDQUAL_TCd,0.000000000000e+00
2049,-7,INFILTQUAL_TCd,0.000000000000e+00
2049,-8,INFILTQUALTARGET_TCd,0.000000000000e+00
2049,0,ADTOT_TCd,0.000000000000e+00
2049,0,IQUAL_TCd,3.460963120646e-02
2049,0,ADQAL_TCd,0.000000000000e+00
2049,0,DSQAL_TCd,0.000000000000e+00
2049,0,DEPQAL_TCd,0.000000000000e+00
2049,0,SCRQAL_TCd,0.000000000000e+00
2049,1,QUAL_TCd,3.460963120646e-02
2049,1,QUBP_TCd,0.000000000000e+00
2049,0,DRAT_IGQL_TCu,3.497360939058e+00
2049,0,DRAT_OGQL_TCu,3.497360939058e+00
2049,-1,USQUAL_TCu,0.000000000000e+00
2049,-2,LUQUAL_TCu,3.497360939058e+00
2049,-1,USQUBP_TCu,0.000000000000e+00
2049,-2,LUQUBP_TCu,0.000000000000e+00
2049,-5,IRWDQUAL_TCu,0.000000000000e+00
2049,-7,INFILTQUAL_TCu,0.000000000000e+00
2049,-8,INFILTQUALTARGET_TCu,0.000000000000e+00
2049,0,ADTOT_TCu,0.000000000000e+00
2049,0,IQUAL_TCu,3.497360939058e+00
2049,0,ADQAL_TCu,0.000000000000e+00
2049,0,DSQAL_TCu,0.000000000000e+00
2049,0,DEPQAL_TCu,0.000000000000e+00
2049,0,SCRQAL_TCu,0.000000000000e+00
2049,1,QUAL_TCu,3.497360939058e+00
2049,1,QUBP_TCu,0.000000000000e+00
2049,0,DRAT_IGQL_TPb,9.213260955107e-01
2049,0,DRAT_OGQL_TPb,9.213260955107e-01
2049,-1,USQUAL_TPb,0.000000000000e+00
2049,-2,LUQUAL_TPb,9.213260955107e-01
2049,-1,USQUBP_TPb,0.000000000000e+00
2049,-2,LUQUBP_TPb,0.000000000000e+00
2049,-5,IRWDQUAL_TPb,0.000000000000e+00
2049,-7,INFILTQUAL_TPb,0.000000000000e+00
2049,-8,INFILTQUALTARGET_TPb,0.000000000000e+00
2049,0,ADTOT_TPb,0.000000000000e+00
2049,0,IQUAL_TPb,9.213260955107e-01
2049,0,ADQAL_TPb,0.000000000000e+00
2049,0,DSQAL_TPb,0.000000000000e+00
2049,0,DEPQAL_TPb,0.000000000000e+00
2049,0,SCRQAL_TPb,0.000000000000e+00
2049,1,QUAL_TPb,9.213260955107e-01
2049,1,QUBP_TPb,0.000000000000e+00
2049,0,DRAT_IGQL_TZn,1.506785445426e+01
2049,0,DRAT_OGQL_TZn,1.506785445426e+01
2049,-1,USQUAL_TZn,0.000000000000e+00
2049,-2,LUQUAL_TZn,1.506785445426e+01
2049,-1,USQUBP_TZn,0.000000000000e+00
2049,-2,LUQUBP_TZn,0.000000000000e+00
2049,-5,IRWDQUAL_TZn,0.000000000000e+00
2049,-7,INFILTQUAL_TZn,0.000000000000e+00
2049,-8,INFILTQUALTARGET_TZn,0.000000000000e+00
2049,0,ADTOT_TZn,0.000000000000e+00
2049,0,IQUAL_TZn,1.506785445426e+01
2049,0,ADQAL_TZn,0.000000000000e+00
2049,0,DSQAL_TZn,0.000000000000e+00
2049,0,DEPQAL_TZn,0.000000000000e+00
2049,0,SCRQAL_TZn,0.000000000000e+00
2049,1,QUAL_TZn,1.506785445426e+01
2049,1,QUBP_TZn,0.000000000000e+00
2050,0,DRAT_IVOL,2.457039316631e+06
2050,0,DRAT_OVOL,2.457039316631e+06
2050,-1,USLINK,0.000000000000e+00
2050,-1,PCP,0.000000000000e+00
2050,-1,EVAP,0.000000000000e+00
2050,-1,INFILT,0.000000000000e+00
2050,-1,USIF,0.000000000000e+00
2050,-2,LUIF,2.457039316631e+06
2050,-1,USBP,0.000000000000e+00
2050,-2,LUBP,0.000000000000e+00
2050,-5,IRWD,0.000000000000e+00
2050,0,IVOL,2.457039316631e+06
2050,1,RO,2.457039316631e+06
2050,1,BP,0.000000000000e+00
2050,0,DRAT_ISED_1,1.291867942869e+00
2050,0,DRAT_OSED_1,1.291867942869e+00
2050,-1,USSED_1,0.000000000000e+00
2050,-2,LUSED_1,1.291867942869e+00
2050,-1,USSBP_1,0.000000000000e+00
2050,-2,LUSBP_1,0.000000000000e+00
2050,-5,IRWDSED_1,0.000000000000e+00
2050,0,ISED_1,1.291867942869e+00
2050,0,DEPSCR_1,0.000000000000e+00
2050,0,DEPMASS_1,0.000000000000e+00
2050,0,SCRMASS_1,0.000000000000e+00
2050,0,BEDSED_1,0.000000000000e+00
2050,1,ROSED_1,1.291867942869e+00
2050,1,BPSED_1,0.000000000000e+00
2050,0,DRAT_ISED_2,4.986052781056e+00
2050,0,DRAT_OSED_2,4.986052781056e+00
2050,-1,USSED_2,0.000000000000e+00
2050,-2,LUSED_2,4.986052781056e+00
2050,-1,USSBP_2,0.000000000000e+00
2050,-2,LUSBP_2,0.000000000000e+00
2050,-5,IRWDSED_2,0.000000000000e+00
2050,0,ISED_2,4.986052781056e+00
2050,0,DEPSCR_2,0.000000000000e+00
2050,0,DEPMASS_2,0.000000000000e+00
2050,0,SCRMASS_2,0.000000000000e+00
2050,0,BEDSED_2,0.000000000000e+00
2050,1,ROSED_2,4.986052781056e+00
2050,1,BPSED_2,0.000000000000e+00
2050,0,DRAT_ISED_3,1.572878174724e+00
2050,0,DRAT_OSED_3,1.572878174724e+00
2050,-1,USSED_3,0.000000000000e+00
2050,-2,LUSED_3,1.572878174724e+00
2050,-1,USSBP_3,0.000000000000e+00
2050,-2,LUSBP_3,0.000000000000e+00
2050,-5,IRWDSED_3,0.000000000000e+00
2050,0,ISED_3,1.572878174724e+00
2050,0,DEPSCR_3,0.000000000000e+00
2050,0,DEPMASS_3,0.000000000000e+00
2050,0,SCRMASS_3,0.000000000000e+00
2050,0,BEDSED_3,0.000000000000e+00
2050,1,ROSED_3,1.572878174724e+00
2050,1,BPSED_3,0.000000000000e+00
2050,0,DRAT_IGQL_TN,3.202798047365e+02
2050,0,DRAT_OGQL_TN,3.202798047365e+02
2050,-1,USQUAL_TN,0.000000000000e+00
2050,-2,LUQUAL_TN,3.202798047365e+02
2050,-1,USQUBP_TN,0.000000000000e+00
2050,-2,LUQUBP_TN,0.000000000000e+00
2050,-5,IRWDQUAL_TN,0.000000000000e+00
2050,-7,INFILTQUAL_TN,0.000000000000e+00
2050,-8,INFILTQUALTARGET_TN,0.000000000000e+00
2050,0,ADTOT_TN,0.000000000000e+00
2050,0,IQUAL_TN,3.202798047365e+02
2050,0,ADQAL_TN,0.000000000000e+00
2050,0,DSQAL_TN,0.000000000000e+00
2050,0,DEPQAL_TN,0.000000000000e+00
2050,0,SCRQAL_TN,0.000000000000e+00
2050,1,QUAL_TN,3.202798047365e+02
2050,1,QUBP_TN,0.000000000000e+00
2050,0,DRAT_IGQL_TP,4.399816963645e+01
2050,0,DRAT_OGQL_TP,4.399816963645e+01
2050,-1,USQUAL_TP,0.000000000000e+00
2050,-2,LUQUAL_TP,4.399816963645e+01
2050,-1,USQUBP_TP,0.000000000000e+00
2050,-2,LUQUBP_TP,0.000000000000e+00
2050,-5,IRWDQUAL_TP,0.000000000000e+00
2050,-7,INFILTQUAL_TP,0.000000000000e+00
2050,-8,INFILTQUALTARGET_TP,0.000000000000e+00
2050,0,ADTOT_TP,0.000000000000e+00
2050,0,IQUAL_TP,4.399816963645e+01
2050,0,ADQAL_TP,0.000000000000e+00
2050,0,DSQAL_TP,0.000000000000e+00
2050,0,DEPQAL_TP,0.000000000000e+00
2050,0,SCRQAL_TP,0.000000000000e+00
2050,1,QUAL_TP,4.399816963645e+01
2050,1,QUBP_TP,0.000000000000e+00
2050,0,DRAT_IGQL_TCd,7.498174579012e-02
2050,0,DRAT_OGQL_TCd,7.498174579012e-02
2050,-1,USQUAL_TCd,0.000000000000e+00
2050,-2,LUQUAL_TCd,7.498174579012e-02
2050,-1,USQUBP_TCd,0.000000000000e+00
2050,-2,LUQUBP_TCd,0.000000000000e+00
2050,-5,IRWDQUAL_TCd,0.000000000000e+00
2050,-7,INFILTQUAL_TCd,0.000000000000e+00
2050,-8,INFILTQUALTARGET_TCd,0.000000000000e+00
2050,0,ADTOT_TCd,0.000000000000e+00
2050,0,IQUAL_TCd,7.498174579012e-02
2050,0,ADQAL_TCd,0.000000000000e+00
2050,0,DSQAL_TCd,0.000000000000e+00
2050,0,DEPQAL_TCd,0.000000000000e+00
2050,0,SCRQAL_TCd,0.000000000000e+00
2050,1,QUAL_TCd,7.498174579012e-02
2050,1,QUBP_TCd,0.000000000000e+00
2050,0,DRAT_IGQL_TCu,7.576276524284e+00
2050,0,DRAT_OGQL_TCu,7.576276524284e+00
2050,-1,USQUAL_TCu,0.000000000000e+00
2050,-2,LUQUAL_TCu,7.576276524284e+00
2050,-1,USQUBP_TCu,0.000000000000e+00
2050,-2,LUQUBP_TCu,0.000000000000e+00
2050,-5,IRWDQUAL_TCu,0.000000000000e+00
2050,-7,INFILTQUAL_TCu,0.000000000000e+00
2050,-8,INFILTQUALTARGET_TCu,0.000000000000e+00
2050,0,ADTOT_TCu,0.000000000000e+00
2050,0,IQUAL_TCu,7.576276524284e+00
2050,0,ADQAL_TCu,0.000000000000e+00
2050,0,DSQAL_TCu,0.000000000000e+00
2050,0,DEPQAL_TCu,0.000000000000e+00
2050,0,SCRQAL_TCu,0.000000000000e+00
2050,1,QUAL_TCu,7.576276524284e+00
2050,1,QUBP_TCu,0.000000000000e+00
2050,0,DRAT_IGQL_TPb,2.019206045235e+00
2050,0,DRAT_OGQL_TPb,2.019206045235e+00
2050,-1,USQUAL_TPb,0.000000000000e+00
2050,-2,LUQUAL_TPb,2.019206045235e+00
2050,-1,USQUBP_TPb,0.000000000000e+00
2050,-2,LUQUBP_TPb,0.000000000000e+00
2050,-5,IRWDQUAL_TPb,0.000000000000e+00
2050,-7,INFILTQUAL_TPb,0.000000000000e+00
2050,-8,INFILTQUALTARGET_TPb,0.000000000000e+00
2050,0,ADTOT_TPb,0.000000000000e+00
2050,0,IQUAL_TPb,2.019206045235e+00
2050,0,ADQAL_TPb,0.000000000000e+00
2050,0,DSQAL_TPb,0.000000000000e+00
2050,0,DEPQAL_TPb,0.000000000000e+00
2050,0,SCRQAL_TPb,0.000000000000e+00
2050,1,QUAL_TPb,2.019206045235e+00
2050,1,QUBP_TPb,0.000000000000e+00
2050,0,DRAT_IGQL_TZn,3.198861292173e+01
2050,0,DRAT_OGQL_TZn,3.198861292173e+01
2050,-1,USQUAL_TZn,0.000000000000e+00
2050,-2,LUQUAL_TZn,3.198861292173e+01
2050,-1,USQUBP_TZn,0.000000000000e+00
2050,-2,LUQUBP_TZn,0.000000000000e+00
2050,-5,IRWDQUAL_TZn,0.000000000000e+00
2050,-7,INFILTQUAL_TZn,0.000000000000e+00
2050,-8,INFILTQUALTARGET_TZn,0.000000000000e+00
2050,0,ADTOT_TZn,0.000000000000e+00
2050,0,IQUAL_TZn,3.198861292173e+01
2050,0,ADQAL_TZn,0.000000000000e+00
2050,0,DSQAL_TZn,0.000000000000e+00
2050,0,DEPQAL_TZn,0.000000000000e+00
2050,0,SCRQAL_TZn,0.000000000000e+00
2050,1,QUAL_TZn,3.198861292173e+01
2050,1,QUBP_TZn,0.000000000000e+00
2051,0,DRAT_IVOL,1.523117096734e+07
2051,0,DRAT_OVOL,1.513964109708e+07
2051,-1,USLINK,0.000000000000e+00
2051,-1,PCP,9.788137722150e+04
2051,-1,EVAP,9.152069483914e+04
2051,-1,INFILT,0.000000000000e+00
2051,-1,USIF,0.000000000000e+00
2051,-2,LUIF,1.513328959012e+07
2051,-1,USBP,0.000000000000e+00
2051,-2,LUBP,0.000000000000e+00
2051,-5,IRWD,0.000000000000e+00
2051,0,IVOL,1.513328959012e+07
2051,1,RO,1.513964109708e+07
2051,1,BP,0.000000000000e+00
2051,0,DRAT_ISED_1,8.387454846820e+00
2051,0,DRAT_OSED_1,1.099327739837e+00
2051,-1,USSED_1,0.000000000000e+00
2051,-2,LUSED_1,8.368156804938e+00
2051,-1,USSBP_1,0.000000000000e+00
2051,-2,LUSBP_1,0.000000000000e+00
2051,-5,IRWDSED_1,0.000000000000e+00
2051,0,ISED_1,8.368156804938e+00
2051,0,DEPSCR_1,7.268829065101e+00
2051,0,DEPMASS_1,7.288127106983e+00
2051,0,SCRMASS_1,1.929804188159e-02
2051,0,BEDSED_1,1.577604369754e+06
2051,1,ROSED_1,1.099327739837e+00
2051,1,BPSED_1,0.000000000000e+00
2051,0,DRAT_ISED_2,3.281415956991e+01
2051,0,DRAT_OSED_2,3.253025015342e+01
2051,-1,USSED_2,0.000000000000e+00
2051,-2,LUSED_2,3.281122457142e+01
2051,-1,USSBP_2,0.000000000000e+00
2051,-2,LUSBP_2,0.000000000000e+00
2051,-5,IRWDSED_2,0.000000000000e+00
2051,0,ISED_2,3.281122457142e+01
2051,0,DEPSCR_2,2.810129117499e-01
2051,0,DEPMASS_2,2.839479102378e-01
2051,0,SCRMASS_2,2.934998487929e-03
2051,0,BEDSED_2,8.392480754557e+06
2051,1,ROSED_2,3.253025015342e+01
2051,1,BPSED_2,0.000000000000e+00
2051,0,DRAT_ISED_3,1.035109512250e+01
2051,0,DRAT_OSED_3,1.035110584601e+01
2051,-1,USSED_3,0.000000000000e+00
2051,-2,LUSED_3,1.031466246110e+01
2051,-1,USSBP_3,0.000000000000e+00
2051,-2,LUSBP_3,0.000000000000e+00
2051,-5,IRWDSED_3,0.000000000000e+00
2051,0,ISED_3,1.031466246110e+01
2051,0,DEPSCR_3,-3.643266139591e-02
2051,0,DEPMASS_3,0.000000000000e+00
2051,0,SCRMASS_3,3.643266139591e-02
2051,0,BEDSED_3,2.391577739729e+06
2051,1,ROSED_3,1.035110584601e+01
2051,1,BPSED_3,0.000000000000e+00
2051,0,DRAT_IGQL_TN,1.947467298833e+03
2051,0,DRAT_OGQL_TN,1.940721842543e+03
2051,-1,USQUAL_TN,0.000000000000e+00
2051,-2,LUQUAL_TN,1.947467298833e+03
2051,-1,USQUBP_TN,0.000000000000e+00
2051,-2,LUQUBP_TN,0.000000000000e+00
2051,-5,IRWDQUAL_TN,0.000000000000e+00
2051,-7,INFILTQUAL_TN,0.000000000000e+00
2051,-8,INFILTQUALTARGET_TN,0.000000000000e+00
2051,0,ADTOT_TN,0.000000000000e+00
2051,0,IQUAL_TN,1.947467298833e+03
2051,0,ADQAL_TN,0.000000000000e+00
2051,0,DSQAL_TN,0.000000000000e+00
2051,0,DEPQAL_TN,0.000000000000e+00
2051,0,SCRQAL_TN,0.000000000000e+00
2051,1,QUAL_TN,1.940721842543e+03
2051,1,QUBP_TN,0.000000000000e+00
2051,0,DRAT_IGQL_TP,2.940074705072e+02
2051,0,DRAT_OGQL_TP,2.931217863466e+02
2051,-1,USQUAL_TP,0.000000000000e+00
2051,-2,LUQUAL_TP,2.940074705072e+02
2051,-1,USQUBP_TP,0.000000000000e+00
2051,-2,LUQUBP_TP,0.000000000000e+00
2051,-5,IRWDQUAL_TP,0.000000000000e+00
2051,-7,INFILTQUAL_TP,0.000000000000e+00
2051,-8,INFILTQUALTARGET_TP,0.000000000000e+00
2051,0,ADTOT_TP,0.000000000000e+00
2051,0,IQUAL_TP,2.940074705072e+02
2051,0,ADQAL_TP,0.000000000000e+00
2051,0,DSQAL_TP,0.000000000000e+00
2051,0,DEPQAL_TP,0.000000000000e+00
2051,0,SCRQAL_TP,0.000000000000e+00
2051,1,QUAL_TP,2.931217863466e+02
2051,1,QUBP_TP,0.000000000000e+00
2051,0,DRAT_IGQL_TCd,5.567107152433e-01
2051,0,DRAT_OGQL_TCd,5.548475342603e-01
2051,-1,USQUAL_TCd,0.000000000000e+00
2051,-2,LUQUAL_TCd,5.567107152433e-01
2051,-1,USQUBP_TCd,0.000000000000e+00
2051,-2,LUQUBP_TCd,0.000000000000e+00
2051,-5,IRWDQUAL_TCd,0.000000000000e+00
2051,-7,INFILTQUAL_TCd,0.000000000000e+00
2051,-8,INFILTQUALTARGET_TCd,0.000000000000e+00
2051,0,ADTOT_TCd,0.000000000000e+00
2051,0,IQUAL_TCd,5.567107152433e-01
2051,0,ADQAL_TCd,0.000000000000e+00
2051,0,DSQAL_TCd,0.000000000000e+00
2051,0,DEPQAL_TCd,0.000000000000e+00
2051,0,SCRQAL_TCd,0.000000000000e+00
2051,1,QUAL_TCd,5.548475342603e-01
2051,1,QUBP_TCd,0.000000000000e+00
2051,0,DRAT_IGQL_TCu,5.612424054395e+01
2051,0,DRAT_OGQL_TCu,5.593748499544e+01
2051,-1,USQUAL_TCu,0.000000000000e+00
2051,-2,LUQUAL_TCu,5.612424054395e+01
2051,-1,USQUBP_TCu,0.000000000000e+00
2051,-2,LUQUBP_TCu,0.000000000000e+00
2051,-5,IRWDQUAL_TCu,0.000000000000e+00
2051,-7,INFILTQUAL_TCu,0.000000000000e+00
2051,-8,INFILTQUALTARGET_TCu,0.000000000000e+00
2051,0,ADTOT_TCu,0.000000000000e+00
2051,0,IQUAL_TCu,5.612424054395e+01
2051,0,ADQAL_TCu,0.000000000000e+00
2051,0,DSQAL_TCu,0.000000000000e+00
2051,0,DEPQAL_TCu,0.000000000000e+00
2051,0,SCRQAL_TCu,0.000000000000e+00
2051,1,QUAL_TCu,5.593748499544e+01
2051,1,QUBP_TCu,0.000000000000e+00
2051,0,DRAT_IGQL_TPb,1.487786969698e+01
2051,0,DRAT_OGQL_TPb,1.482688013525e+01
2051,-1,USQUAL_TPb,0.000000000000e+00
2051,-2,LUQUAL_TPb,1.487786969698e+01
2051,-1,USQUBP_TPb,0.000000000000e+00
2051,-2,LUQUBP_TPb,0.000000000000e+00
2051,-5,IRWDQUAL_TPb,0.000000000000e+00
2051,-7,INFILTQUAL_TPb,0.000000000000e+00
2051,-8,INFILTQUALTARGET_TPb,0.000000000000e+00
2051,0,ADTOT_TPb,0.000000000000e+00
2051,0,IQUAL_TPb,1.487786969698e+01
2051,0,ADQAL_TPb,0.000000000000e+00
2051,0,DSQAL_TPb,0.000000000000e+00
2051,0,DEPQAL_TPb,0.000000000000e+00
2051,0,SCRQAL_TPb,0.000000000000e+00
2051,1,QUAL_TPb,1.482688013525e+01
2051,1,QUBP_TPb,0.000000000000e+00
2051,0,DRAT_IGQL_TZn,2.538308229812e+02
2051,0,DRAT_OGQL_TZn,2.529898620003e+02
2051,-1,USQUAL_TZn,0.000000000000e+00
2051,-2,LUQUAL_TZn,2.538308229812e+02
2051,-1,USQUBP_TZn,0.000000000000e+00
2051,-2,LUQUBP_TZn,0.000000000000e+00
2051,-5,IRWDQUAL_TZn,0.000000000000e+00
2051,-7,INFILTQUAL_TZn,0.000000000000e+00
2051,-8,INFILTQUALTARGET_TZn,0.000000000000e+00
2051,0,ADTOT_TZn,0.000000000000e+00
2051,0,IQUAL_TZn,2.538308229812e+02
2051,0,ADQAL_TZn,0.000000000000e+00
2051,0,DSQAL_TZn,0.000000000000e+00
2051,0,DEPQAL_TZn,0.000000000000e+00
2051,0,SCRQAL_TZn,0.000000000000e+00
2051,1,QUAL_TZn,2.529898620003e+02
2051,1,QUBP_TZn,0.000000000000e+00
2053,0,DRAT_IVOL,8.825901313057e+06
2053,0,DRAT_OVOL,8.825901313057e+06
2053,-1,USLINK,0.000000000000e+00
2053,-1,PCP,0.000000000000e+00
2053,-1,EVAP,0.000000000000e+00
2053,-1,INFILT,0.000000000000e+00
2053,-1,USIF,0.000000000000e+00
2053,-2,LUIF,8.825901313057e+06
2053,-1,USBP,0.000000000000e+00
2053,-2,LUBP,0.000000000000e+00
2053,-5,IRWD,0.000000000000e+00
2053,0,IVOL,8.825901313057e+06
2053,1,RO,8.825901313057e+06
2053,1,BP,0.000000000000e+00
2053,0,DRAT_ISED_1,4.136509012191e+00
2053,0,DRAT_OSED_1,4.136509012191e+00
2053,-1,USSED_1,0.000000000000e+00
2053,-2,LUSED_1,4.136509012191e+00
2053,-1,USSBP_1,0.000000000000e+00
2053,-2,LUSBP_1,0.000000000000e+00
2053,-5,IRWDSED_1,0.000000000000e+00
2053,0,ISED_1,4.136509012191e+00
2053,0,DEPSCR_1,0.000000000000e+00
2053,0,DEPMASS_1,0.000000000000e+00
2053,0,SCRMASS_1,0.000000000000e+00
2053,0,BEDSED_1,0.000000000000e+00
2053,1,ROSED_1,4.136509012191e+00
2053,1,BPSED_1,0.000000000000e+00
2053,0,DRAT_ISED_2,1.983632103827e+01
2053,0,DRAT_OSED_2,1.983632103827e+01
2053,-1,USSED_2,0.000000000000e+00
2053,-2,LUSED_2,1.983632103827e+01
2053,-1,USSBP_2,0.000000000000e+00
2053,-2,LUSBP_2,0.000000000000e+00
2053,-5,IRWDSED_2,0.000000000000e+00
2053,0,ISED_2,1.983632103827e+01
2053,0,DEPSCR_2,0.000000000000e+00
2053,0,DEPMASS_2,0.000000000000e+00
2053,0,SCRMASS_2,0.000000000000e+00
2053,0,BEDSED_2,0.000000000000e+00
2053,1,ROSED_2,1.983632103827e+01
2053,1,BPSED_2,0.000000000000e+00
2053,0,DRAT_ISED_3,6.001283540375e+00
2053,0,DRAT_OSED_3,6.001283540375e+00
2053,-1,USSED_3,0.000000000000e+00
2053,-2,LUSED_3,6.001283540375e+00
2053,-1,USSBP_3,0.000000000000e+00
2053,-2,LUSBP_3,0.000000000000e+00
2053,-5,IRWDSED_3,0.000000000000e+00
2053,0,ISED_3,6.001283540375e+00
2053,0,DEPSCR_3,0.000000000000e+00
2053,0,DEPMASS_3,0.000000000000e+00
2053,0,SCRMASS_3,0.000000000000e+00
2053,0,BEDSED_3,0.000000000000e+00
2053,1,ROSED_3,6.001283540375e+00
2053,1,BPSED_3,0.000000000000e+00
2053,0,DRAT_IGQL_TN,1.149821048901e+03
2053,0,DRAT_OGQL_TN,1.149821048901e+03
2053,-1,USQUAL_TN,0.000000000000e+00
2053,-2,LUQUAL_TN,1.149821048901e+03
2053,-1,USQUBP_TN,0.000000000000e+00
2053,-2,LUQUBP_TN,0.000000000000e+00
2053,-5,IRWDQUAL_TN,0.000000000000e+00
2053,-7,INFILTQUAL_TN,0.000000000000e+00
2053,-8,INFILTQUALTARGET_TN,0.000000000000e+00
2053,0,ADTOT_TN,0.000000000000e+00
2053,0,IQUAL_TN,1.149821048901e+03
2053,0,ADQAL_TN,0.000000000000e+00
2053,0,DSQAL_TN,0.000000000000e+00
2053,0,DEPQAL_TN,0.000000000000e+00
2053,0,SCRQAL_TN,0.000000000000e+00
2053,1,QUAL_TN,1.149821048901e+03
2053,1,QUBP_TN,0.000000000000e+00
2053,0,DRAT_IGQL_TP,1.799899208483e+02
2053,0,DRAT_OGQL_TP,1.799899208483e+02
2053,-1,USQUAL_TP,0.000000000000e+00
2053,-2,LUQUAL_TP,1.799899208483e+02
2053,-1,USQUBP_TP,0.000000000000e+00
2053,-2,LUQUBP_TP,0.000000000000e+00
2053,-5,IRWDQUAL_TP,0.000000000000e+00
2053,-7,INFILTQUAL_TP,0.000000000000e+00
2053,-8,INFILTQUALTARGET_TP,0.000000000000e+00
2053,0,ADTOT_TP,0.000000000000e+00
2053,0,IQUAL_TP,1.799899208483e+02
2053,0,ADQAL_TP,0.000000000000e+00
2053,0,DSQAL_TP,0.000000000000e+00
2053,0,DEPQAL_TP,0.000000000000e+00
2053,0,SCRQAL_TP,0.000000000000e+00
2053,1,QUAL_TP,1.799899208483e+02
2053,1,QUBP_TP,0.000000000000e+00
2053,0,DRAT_IGQL_TCd,3.653020213819e-01
2053,0,DRAT_OGQL_TCd,3.653020213819e-01
2053,-1,USQUAL_TCd,0.000000000000e+00
2053,-2,LUQUAL_TCd,3.653020213819e-01
2053,-1,USQUBP_TCd,0.000000000000e+00
2053,-2,LUQUBP_TCd,0.000000000000e+00
2053,-5,IRWDQUAL_TCd,0.000000000000e+00
2053,-7,INFILTQUAL_TCd,0.000000000000e+00
2053,-8,INFILTQUALTARGET_TCd,0.000000000000e+00
2053,0,ADTOT_TCd,0.000000000000e+00
2053,0,IQUAL_TCd,3.653020213819e-01
2053,0,ADQAL_TCd,0.000000000000e+00
2053,0,DSQAL_TCd,0.000000000000e+00
2053,0,DEPQAL_TCd,0.000000000000e+00
2053,0,SCRQAL_TCd,0.000000000000e+00
2053,1,QUAL_TCd,3.653020213819e-01
2053,1,QUBP_TCd,0.000000000000e+00
2053,0,DRAT_IGQL_TCu,3.672396197531e+01
2053,0,DRAT_OGQL_TCu,3.672396197531e+01
2053,-1,USQUAL_TCu,0.000000000000e+00
2053,-2,LUQUAL_TCu,3.672396197531e+01
2053,-1,USQUBP_TCu,0.000000000000e+00
2053,-2,LUQUBP_TCu,0.000000000000e+00
2053,-5,IRWDQUAL_TCu,0.000000000000e+00
2053,-7,INFILTQUAL_TCu,0.000000000000e+00
2053,-8,INFILTQUALTARGET_TCu,0.000000000000e+00
2053,0,ADTOT_TCu,0.000000000000e+00
2053,0,IQUAL_TCu,3.672396197531e+01
2053,0,ADQAL_TCu,0.000000000000e+00
2053,0,DSQAL_TCu,0.000000000000e+00
2053,0,DEPQAL_TCu,0.000000000000e+00
2053,0,SCRQAL_TCu,0.000000000000e+00
2053,1,QUAL_TCu,3.672396197531e+01
2053,1,QUBP_TCu,0.000000000000e+00
2053,0,DRAT_IGQL_TPb,9.483899776740e+00
2053,0,DRAT_OGQL_TPb,9.483899776740e+00
2053,-1,USQUAL_TPb,0.000000000000e+00
2053,-2,LUQUAL_TPb,9.483899776740e+00
2053,-1,USQUBP_TPb,0.000000000000e+00
2053,-2,LUQUBP_TPb,0.000000000000e+00
2053,-5,IRWDQUAL_TPb,0.000000000000e+00
2053,-7,INFILTQUAL_TPb,0.000000000000e+00
2053,-8,INFILTQUALTARGET_TPb,0.000000000000e+00
2053,0,ADTOT_TPb,0.000000000000e+00
2053,0,IQUAL_TPb,9.483899776740e+00
2053,0,ADQAL_TPb,0.000000000000e+00
2053,0,DSQAL_TPb,0.000000000000e+00
2053,0,DEPQAL_TPb,0.000000000000e+00
2053,0,SCRQAL_TPb,0.000000000000e+00
2053,1,QUAL_TPb,9.483899776740e+00
2053,1,QUBP_TPb,0.000000000000e+00
2053,0,DRAT_IGQL_TZn,1.519985108005e+02
2053,0,DRAT_OGQL_TZn,1.519985108005e+02
2053,-1,USQUAL_TZn,0.000000000000e+00
2053,-2,LUQUAL_TZn,1.519985108005e+02
2053,-1,USQUBP_TZn,0.000000000000e+00
2053,-2,LUQUBP_TZn,0.000000000000e+00
2053,-5,IRWDQUAL_TZn,0.000000000000e+00
2053,-7,INFILTQUAL_TZn,0.000000000000e+00
2053,-8,INFILTQUALTARGET_TZn,0.000000000000e+00
2053,0,ADTOT_TZn,0.000000000000e+00
2053,0,IQUAL_TZn,1.519985108005e+02
2053,0,ADQAL_TZn,0.000000000000e+00
2053,0,DSQAL_TZn,0.000000000000e+00
2053,0,DEPQAL_TZn,0.000000000000e+00
2053,0,SCRQAL_TZn,0.000000000000e+00
2053,1,QUAL_TZn,1.519985108005e+02
2053,1,QUBP_TZn,0.000000000000e+00
2055,0,DRAT_IVOL,4.138147642288e+07
2055,0,DRAT_OVOL,4.106971454192e+07
2055,-1,USLINK,0.000000000000e+00
2055,-1,PCP,2.663659847628e+05
2055,-1,EVAP,3.117414490277e+05
2055,-1,INFILT,0.000000000000e+00
2055,-1,USIF,0.000000000000e+00
2055,-2,LUIF,4.111511043812e+07
2055,-1,USBP,0.000000000000e+00
2055,-2,LUBP,0.000000000000e+00
2055,-5,IRWD,0.000000000000e+00
2055,0,IVOL,4.111511043812e+07
2055,1,RO,4.106971454192e+07
2055,1,BP,0.000000000000e+00
2055,0,DRAT_ISED_1,2.183895909296e+01
2055,0,DRAT_OSED_1,3.549948074558e+00
2055,-1,USSED_1,0.000000000000e+00
2055,-2,LUSED_1,2.150565273552e+01
2055,-1,USSBP_1,0.000000000000e+00
2055,-2,LUSBP_1,0.000000000000e+00
2055,-5,IRWDSED_1,0.000000000000e+00
2055,0,ISED_1,2.150565273552e+01
2055,0,DEPSCR_1,1.795570466096e+01
2055,0,DEPMASS_1,1.828901101840e+01
2055,0,SCRMASS_1,3.333063574446e-01
2055,0,BEDSED_1,3.163060897868e+06
2055,1,ROSED_1,3.549948074558e+00
2055,1,BPSED_1,0.000000000000e+00
2055,0,DRAT_ISED_2,1.228475448876e+02
2055,0,DRAT_OSED_2,1.215536670710e+02
2055,-1,USSED_2,0.000000000000e+00
2055,-2,LUSED_2,1.228394331997e+02
2055,-1,USSBP_2,0.000000000000e+00
2055,-2,LUSBP_2,0.000000000000e+00
2055,-5,IRWDSED_2,0.000000000000e+00
2055,0,ISED_2,1.228394331997e+02
2055,0,DEPSCR_2,1.285910764528e+00
2055,0,DEPMASS_2,1.294022452490e+00
2055,0,SCRMASS_2,8.111687962082e-03
2055,0,BEDSED_2,1.507533477140e+07
2055,1,ROSED_2,1.215536670710e+02
2055,1,BPSED_2,0.000000000000e+00
2055,0,DRAT_ISED_3,3.641096389330e+01
2055,0,DRAT_OSED_3,3.641100421531e+01
2055,-1,USSED_3,0.000000000000e+00
2055,-2,LUSED_3,3.633472956114e+01
2055,-1,USSBP_3,0.000000000000e+00
2055,-2,LUSBP_3,0.000000000000e+00
2055,-5,IRWDSED_3,0.000000000000e+00
2055,0,ISED_3,3.633472956114e+01
2055,0,DEPSCR_3,-7.623433215972e-02
2055,0,DEPMASS_3,0.000000000000e+00
2055,0,SCRMASS_3,7.623433215972e-02
2055,0,BEDSED_3,4.282645644475e+06
2055,1,ROSED_3,3.641100421531e+01
2055,1,BPSED_3,0.000000000000e+00
2055,0,DRAT_IGQL_TN,5.904346069900e+03
2055,0,DRAT_OGQL_TN,5.873126127292e+03
2055,-1,USQUAL_TN,0.000000000000e+00
2055,-2,LUQUAL_TN,5.904346069900e+03
2055,-1,USQUBP_TN,0.000000000000e+00
2055,-2,LUQUBP_TN,0.000000000000e+00
2055,-5,IRWDQUAL_TN,0.000000000000e+00
2055,-7,INFILTQUAL_TN,0.000000000000e+00
2055,-8,INFILTQUALTARGET_TN,0.000000000000e+00
2055,0,ADTOT_TN,0.000000000000e+00
2055,0,IQUAL_TN,5.904346069900e+03
2055,0,ADQAL_TN,0.000000000000e+00
2055,0,DSQAL_TN,0.000000000000e+00
2055,0,DEPQAL_TN,0.000000000000e+00
2055,0,SCRQAL_TN,0.000000000000e+00
2055,1,QUAL_TN,5.873126127292e+03
2055,1,QUBP_TN,0.000000000000e+00
2055,0,DRAT_IGQL_TP,1.114754059343e+03
2055,0,DRAT_OGQL_TP,1.109757747690e+03
2055,-1,USQUAL_TP,0.000000000000e+00
2055,-2,LUQUAL_TP,1.114754059343e+03
2055,-1,USQUBP_TP,0.000000000000e+00
2055,-2,LUQUBP_TP,0.000000000000e+00
2055,-5,IRWDQUAL_TP,0.000000000000e+00
2055,-7,INFILTQUAL_TP,0.000000000000e+00
2055,-8,INFILTQUALTARGET_TP,0.000000000000e+00
2055,0,ADTOT_TP,0.000000000000e+00
2055,0,IQUAL_TP,1.114754059343e+03
2055,0,ADQAL_TP,0.000000000000e+00
2055,0,DSQAL_TP,0.000000000000e+00
2055,0,DEPQAL_TP,0.000000000000e+00
2055,0,SCRQAL_TP,0.000000000000e+00
2055,1,QUAL_TP,1.109757747690e+03
2055,1,QUBP_TP,0.000000000000e+00
2055,0,DRAT_IGQL_TCd,2.915638498869e+00
2055,0,DRAT_OGQL_TCd,2.902374472866e+00
2055,-1,USQUAL_TCd,0.000000000000e+00
2055,-2,LUQUAL_TCd,2.915638498869e+00
2055,-1,USQUBP_TCd,0.000000000000e+00
2055,-2,LUQUBP_TCd,0.000000000000e+00
2055,-5,IRWDQUAL_TCd,0.000000000000e+00
2055,-7,INFILTQUAL_TCd,0.000000000000e+00
2055,-8,INFILTQUALTARGET_TCd,0.000000000000e+00
2055,0,ADTOT_TCd,0.000000000000e+00
2055,0,IQUAL_TCd,2.915638498869e+00
2055,0,ADQAL_TCd,0.000000000000e+00
2055,0,DSQAL_TCd,0.000000000000e+00
2055,0,DEPQAL_TCd,0.000000000000e+00
2055,0,SCRQAL_TCd,0.000000000000e+00
2055,1,QUAL_TCd,2.902374472866e+00
2055,1,QUBP_TCd,0.000000000000e+00
2055,0,DRAT_IGQL_TCu,2.922887906063e+02
2055,0,DRAT_OGQL_TCu,2.909612710901e+02
2055,-1,USQUAL_TCu,0.000000000000e+00
2055,-2,LUQUAL_TCu,2.922887906063e+02
2055,-1,USQUBP_TCu,0.000000000000e+00
2055,-2,LUQUBP_TCu,0.000000000000e+00
2055,-5,IRWDQUAL_TCu,0.000000000000e+00
2055,-7,INFILTQUAL_TCu,0.000000000000e+00
2055,-8,INFILTQUALTARGET_TCu,0.000000000000e+00
2055,0,ADTOT_TCu,0.000000000000e+00
2055,0,IQUAL_TCu,2.922887906063e+02
2055,0,ADQAL_TCu,0.000000000000e+00
2055,0,DSQAL_TCu,0.000000000000e+00
2055,0,DEPQAL_TCu,0.000000000000e+00
2055,0,SCRQAL_TCu,0.000000000000e+00
2055,1,QUAL_TCu,2.909612710901e+02
2055,1,QUBP_TCu,0.000000000000e+00
2055,0,DRAT_IGQL_TPb,7.921424274833e+01
2055,0,DRAT_OGQL_TPb,7.885164031197e+01
2055,-1,USQUAL_TPb,0.000000000000e+00
2055,-2,LUQUAL_TPb,7.921424274833e+01
2055,-1,USQUBP_TPb,0.000000000000e+00
2055,-2,LUQUBP_TPb,0.000000000000e+00
2055,-5,IRWDQUAL_TPb,0.000000000000e+00
2055,-7,INFILTQUAL_TPb,0.000000000000e+00
2055,-8,INFILTQUALTARGET_TPb,0.000000000000e+00
2055,0,ADTOT_TPb,0.000000000000e+00
2055,0,IQUAL_TPb,7.921424274833e+01
2055,0,ADQAL_TPb,0.000000000000e+00
2055,0,DSQAL_TPb,0.000000000000e+00
2055,0,DEPQAL_TPb,0.000000000000e+00
2055,0,SCRQAL_TPb,0.000000000000e+00
2055,1,QUAL_TPb,7.885164031197e+01
2055,1,QUBP_TPb,0.000000000000e+00
2055,0,DRAT_IGQL_TZn,1.224573487604e+03
2055,0,DRAT_OGQL_TZn,1.218990792702e+03
2055,-1,USQUAL_TZn,0.000000000000e+00
2055,-2,LUQUAL_TZn,1.224573487604e+03
2055,-1,USQUBP_TZn,0.000000000000e+00
2055,-2,LUQUBP_TZn,0.000000000000e+00
2055,-5,IRWDQUAL_TZn,0.000000000000e+00
2055,-7,INFILTQUAL_TZn,0.000000000000e+00
2055,-8,INFILTQUALTARGET_TZn,0.000000000000e+00
2055,0,ADTOT_TZn,0.000000000000e+00
2055,0,IQUAL_TZn,1.224573487604e+03
2055,0,ADQAL_TZn,0.000000000000e+00
2055,0,DSQAL_TZn,0.000000000000e+00
2055,0,DEPQAL_TZn,0.000000000000e+00
2055,0,SCRQAL_TZn,0.000000000000e+00
2055,1,QUAL_TZn,1.218990792702e+03
2055,1,QUBP_TZn,0.000000000000e+00
2056,0,DRAT_IVOL,1.090452930961e+07
2056,0,DRAT_OVOL,1.082786356853e+07
2056,-1,USLINK,0.000000000000e+00
2056,-1,PCP,6.196561662680e+04
2056,-1,EVAP,7.666050476950e+04
2056,-1,INFILT,0.000000000000e+00
2056,-1,USIF,0.000000000000e+00
2056,-2,LUIF,1.084256369299e+07
2056,-1,USBP,0.000000000000e+00
2056,-2,LUBP,0.000000000000e+00
2056,-5,IRWD,0.000000000000e+00
2056,0,IVOL,1.084256369299e+07
2056,1,RO,1.082786356853e+07
2056,1,BP,0.000000000000e+00
2056,0,DRAT_ISED_1,5.406586331310e+00
2056,0,DRAT_OSED_1,5.502645963555e-01
2056,-1,USSED_1,0.000000000000e+00
2056,-2,LUSED_1,5.396548072556e+00
2056,-1,USSBP_1,0.000000000000e+00
2056,-2,LUSBP_1,0.000000000000e+00
2056,-5,IRWDSED_1,0.000000000000e+00
2056,0,ISED_1,5.396548072556e+00
2056,0,DEPSCR_1,4.846283476200e+00
2056,0,DEPMASS_1,4.856321734954e+00
2056,0,SCRMASS_1,1.003825875391e-02
2056,0,BEDSED_1,1.120282908584e+06
2056,1,ROSED_1,5.502645963555e-01
2056,1,BPSED_1,0.000000000000e+00
2056,0,DRAT_ISED_2,2.668700399017e+01
2056,0,DRAT_OSED_2,2.592236740990e+01
2056,-1,USSED_2,0.000000000000e+00
2056,-2,LUSED_2,2.668684277730e+01
2056,-1,USSBP_2,0.000000000000e+00
2056,-2,LUSBP_2,0.000000000000e+00
2056,-5,IRWDSED_2,0.000000000000e+00
2056,0,ISED_2,2.668684277730e+01
2056,0,DEPSCR_2,7.645050965796e-01
2056,0,DEPMASS_2,7.646663094434e-01
2056,0,SCRMASS_2,1.612128638260e-04
2056,0,BEDSED_2,6.013131414188e+06
2056,1,ROSED_2,2.592236740990e+01
2056,1,BPSED_2,0.000000000000e+00
2056,0,DRAT_ISED_3,8.034239070505e+00
2056,0,DRAT_OSED_3,8.034247373320e+00
2056,-1,USSED_3,0.000000000000e+00
2056,-2,LUSED_3,8.030742783075e+00
2056,-1,USSBP_3,0.000000000000e+00
2056,-2,LUSBP_3,0.000000000000e+00
2056,-5,IRWDSED_3,0.000000000000e+00
2056,0,ISED_3,8.030742783075e+00
2056,0,DEPSCR_3,-3.496287430964e-03
2056,0,DEPMASS_3,0.000000000000e+00
2056,0,SCRMASS_3,3.496287430964e-03
2056,0,BEDSED_3,1.704328119495e+06
2056,1,ROSED_3,8.034247373320e+00
2056,1,BPSED_3,0.000000000000e+00
2056,0,DRAT_IGQL_TN,1.385851061524e+03
2056,0,DRAT_OGQL_TN,1.381580607983e+03
2056,-1,USQUAL_TN,0.000000000000e+00
2056,-2,LUQUAL_TN,1.385851061524e+03
2056,-1,USQUBP_TN,0.000000000000e+00
2056,-2,LUQUBP_TN,0.000000000000e+00
2056,-5,IRWDQUAL_TN,0.000000000000e+00
2056,-7,INFILTQUAL_TN,0.000000000000e+00
2056,-8,INFILTQUALTARGET_TN,0.000000000000e+00
2056,0,ADTOT_TN,0.000000000000e+00
2056,0,IQUAL_TN,1.385851061524e+03
2056,0,ADQAL_TN,0.000000000000e+00
2056,0,DSQAL_TN,0.000000000000e+00
2056,0,DEPQAL_TN,0.000000000000e+00
2056,0,SCRQAL_TN,0.000000000000e+00
2056,1,QUAL_TN,1.381580607983e+03
2056,1,QUBP_TN,0.000000000000e+00
2056,0,DRAT_IGQL_TP,2.235692665438e+02
2056,0,DRAT_OGQL_TP,2.229797599458e+02
2056,-1,USQUAL_TP,0.000000000000e+00
2056,-2,LUQUAL_TP,2.235692665438e+02
2056,-1,USQUBP_TP,0.000000000000e+00
2056,-2,LUQUBP_TP,0.000000000000e+00
2056,-5,IRWDQUAL_TP,0.000000000000e+00
2056,-7,INFILTQUAL_TP,0.000000000000e+00
2056,-8,INFILTQUALTARGET_TP,0.000000000000e+00
2056,0,ADTOT_TP,0.000000000000e+00
2056,0,IQUAL_TP,2.235692665438e+02
2056,0,ADQAL_TP,0.000000000000e+00
2056,0,DSQAL_TP,0.000000000000e+00
2056,0,DEPQAL_TP,0.000000000000e+00
2056,0,SCRQAL_TP,0.000000000000e+00
2056,1,QUAL_TP,2.229797599458e+02
2056,1,QUBP_TP,0.000000000000e+00
2056,0,DRAT_IGQL_TCd,4.876047533763e-01
2056,0,DRAT_OGQL_TCd,4.862409805010e-01
2056,-1,USQUAL_TCd,0.000000000000e+00
2056,-2,LUQUAL_TCd,4.876047533763e-01
2056,-1,USQUBP_TCd,0.000000000000e+00
2056,-2,LUQUBP_TCd,0.000000000000e+00
2056,-5,IRWDQUAL_TCd,0.000000000000e+00
2056,-7,INFILTQUAL_TCd,0.000000000000e+00
2056,-8,INFILTQUALTARGET_TCd,0.000000000000e+00
2056,0,ADTOT_TCd,0.000000000000e+00
2056,0,IQUAL_TCd,4.876047533763e-01
2056,0,ADQAL_TCd,0.000000000000e+00
2056,0,DSQAL_TCd,0.000000000000e+00
2056,0,DEPQAL_TCd,0.000000000000e+00
2056,0,SCRQAL_TCd,0.000000000000e+00
2056,1,QUAL_TCd,4.862409805010e-01
2056,1,QUBP_TCd,0.000000000000e+00
2056,0,DRAT_IGQL_TCu,4.908668774925e+01
2056,0,DRAT_OGQL_TCu,4.895003280500e+01
2056,-1,USQUAL_TCu,0.000000000000e+00
2056,-2,LUQUAL_TCu,4.908668774925e+01
2056,-1,USQUBP_TCu,0.000000000000e+00
2056,-2,LUQUBP_TCu,0.000000000000e+00
2056,-5,IRWDQUAL_TCu,0.000000000000e+00
2056,-7,INFILTQUAL_TCu,0.000000000000e+00
2056,-8,INFILTQUALTARGET_TCu,0.000000000000e+00
2056,0,ADTOT_TCu,0.000000000000e+00
2056,0,IQUAL_TCu,4.908668774925e+01
2056,0,ADQAL_TCu,0.000000000000e+00
2056,0,DSQAL_TCu,0.000000000000e+00
2056,0,DEPQAL_TCu,0.000000000000e+00
2056,0,SCRQAL_TCu,0.000000000000e+00
2056,1,QUAL_TCu,4.895003280500e+01
2056,1,QUBP_TCu,0.000000000000e+00
2056,0,DRAT_IGQL_TPb,1.264953645975e+01
2056,0,DRAT_OGQL_TPb,1.261360878402e+01
2056,-1,USQUAL_TPb,0.000000000000e+00
2056,-2,LUQUAL_TPb,1.264953645975e+01
2056,-1,USQUBP_TPb,0.000000000000e+00
2056,-2,LUQUBP_TPb,0.000000000000e+00
2056,-5,IRWDQUAL_TPb,0.000000000000e+00
2056,-7,INFILTQUAL_TPb,0.000000000000e+00
2056,-8,INFILTQUALTARGET_TPb,0.000000000000e+00
2056,0,ADTOT_TPb,0.000000000000e+00
2056,0,IQUAL_TPb,1.264953645975e+01
2056,0,ADQAL_TPb,0.000000000000e+00
2056,0,DSQAL_TPb,0.000000000000e+00
2056,0,DEPQAL_TPb,0.000000000000e+00
2056,0,SCRQAL_TPb,0.000000000000e+00
2056,1,QUAL_TPb,1.261360878402e+01
2056,1,QUBP_TPb,0.000000000000e+00
2056,0,DRAT_IGQL_TZn,2.340741044678e+02
2056,0,DRAT_OGQL_TZn,2.334218751526e+02
2056,-1,USQUAL_TZn,0.000000000000e+00
2056,-2,LUQUAL_TZn,2.340741044678e+02
2056,-1,USQUBP_TZn,0.000000000000e+00
2056,-2,LUQUBP_TZn,0.000000000000e+00
2056,-5,IRWDQUAL_TZn,0.000000000000e+00
2056,-7,INFILTQUAL_TZn,0.000000000000e+00
2056,-8,INFILTQUALTARGET_TZn,0.000000000000e+00
2056,0,ADTOT_TZn,0.000000000000e+00
2056,0,IQUAL_TZn,2.340741044678e+02
2056,0,ADQAL_TZn,0.000000000000e+00
2056,0,DSQAL_TZn,0.000000000000e+00
2056,0,DEPQAL_TZn,0.000000000000e+00
2056,0,SCRQAL_TZn,0.000000000000e+00
2056,1,QUAL_TZn,2.334218751526e+02
2056,1,QUBP_TZn,0.000000000000e+00
2057,0,DRAT_IVOL,1.444921774860e+07
2057,0,DRAT_OVOL,1.444921774860e+07
2057,-1,USLINK,0.000000000000e+00
2057,-1,PCP,0.000000000000e+00
2057,-1,EVAP,0.000000000000e+00
2057,-1,INFILT,0.000000000000e+00
2057,-1,USIF,0.000000000000e+00
2057,-2,LUIF,1.444921774860e+07
2057,-1,USBP,0.000000000000e+00
2057,-2,LUBP,0.000000000000e+00
2057,-5,IRWD,0.000000000000e+00
2057,0,IVOL,1.444921774860e+07
2057,1,RO,1.444921774860e+07
2057,1,BP,0.000000000000e+00
2057,0,DRAT_ISED_1,6.296008133431e+00
2057,0,DRAT_OSED_1,6.296008133431e+00
2057,-1,USSED_1,0.000000000000e+00
2057,-2,LUSED_1,6.296008133431e+00
2057,-1,USSBP_1,0.000000000000e+00
2057,-2,LUSBP_1,0.000000000000e+00
2057,-5,IRWDSED_1,0.000000000000e+00
2057,0,ISED_1,6.296008133431e+00
2057,0,DEPSCR_1,0.000000000000e+00
2057,0,DEPMASS_1,0.000000000000e+00
2057,0,SCRMASS_1,0.000000000000e+00
2057,0,BEDSED_1,0.000000000000e+00
2057,1,ROSED_1,6.296008133431e+00
2057,1,BPSED_1,0.000000000000e+00
2057,0,DRAT_ISED_2,2.778892856438e+01
2057,0,DRAT_OSED_2,2.778892856438e+01
2057,-1,USSED_2,0.000000000000e+00
2057,-2,LUSED_2,2.778892856438e+01
2057,-1,USSBP_2,0.000000000000e+00
2057,-2,LUSBP_2,0.000000000000e+00
2057,-5,IRWDSED_2,0.000000000000e+00
2057,0,ISED_2,2.778892856438e+01
2057,0,DEPSCR_2,0.000000000000e+00
2057,0,DEPMASS_2,0.000000000000e+00
2057,0,SCRMASS_2,0.000000000000e+00
2057,0,BEDSED_2,0.000000000000e+00
2057,1,ROSED_2,2.778892856438e+01
2057,1,BPSED_2,0.000000000000e+00
2057,0,DRAT_ISED_3,8.536635366479e+00
2057,0,DRAT_OSED_3,8.536635366479e+00
2057,-1,USSED_3,0.000000000000e+00
2057,-2,LUSED_3,8.536635366479e+00
2057,-1,USSBP_3,0.000000000000e+00
2057,-2,LUSBP_3,0.000000000000e+00
2057,-5,IRWDSED_3,0.000000000000e+00
2057,0,ISED_3,8.536635366479e+00
2057,0,DEPSCR_3,0.000000000000e+00
2057,0,DEPMASS_3,0.000000000000e+00
2057,0,SCRMASS_3,0.000000000000e+00
2057,0,BEDSED_3,0.000000000000e+00
2057,1,ROSED_3,8.536635366479e+00
2057,1,BPSED_3,0.000000000000e+00
2057,0,DRAT_IGQL_TN,1.874397580750e+03
2057,0,DRAT_OGQL_TN,1.874397580750e+03
2057,-1,USQUAL_TN,0.000000000000e+00
2057,-2,LUQUAL_TN,1.874397580750e+03
2057,-1,USQUBP_TN,0.000000000000e+00
2057,-2,LUQUBP_TN,0.000000000000e+00
2057,-5,IRWDQUAL_TN,0.000000000000e+00
2057,-7,INFILTQUAL_TN,0.000000000000e+00
2057,-8,INFILTQUALTARGET_TN,0.000000000000e+00
2057,0,ADTOT_TN,0.000000000000e+00
2057,0,IQUAL_TN,1.874397580750e+03
2057,0,ADQAL_TN,0.000000000000e+00
2057,0,DSQAL_TN,0.000000000000e+00
2057,0,DEPQAL_TN,0.000000000000e+00
2057,0,SCRQAL_TN,0.000000000000e+00
2057,1,QUAL_TN,1.874397580750e+03
2057,1,QUBP_TN,0.000000000000e+00
2057,0,DRAT_IGQL_TP,2.457099876333e+02
2057,0,DRAT_OGQL_TP,2.457099876333e+02
2057,-1,USQUAL_TP,0.000000000000e+00
2057,-2,LUQUAL_TP,2.457099876333e+02
2057,-1,USQUBP_TP,0.000000000000e+00
2057,-2,LUQUBP_TP,0.000000000000e+00
2057,-5,IRWDQUAL_TP,0.000000000000e+00
2057,-7,INFILTQUAL_TP,0.000000000000e+00
2057,-8,INFILTQUALTARGET_TP,0.000000000000e+00
2057,0,ADTOT_TP,0.000000000000e+00
2057,0,IQUAL_TP,2.457099876333e+02
2057,0,ADQAL_TP,0.000000000000e+00
2057,0,DSQAL_TP,0.000000000000e+00
2057,0,DEPQAL_TP,0.000000000000e+00
2057,0,SCRQAL_TP,0.000000000000e+00
2057,1,QUAL_TP,2.457099876333e+02
2057,1,QUBP_TP,0.000000000000e+00
2057,0,DRAT_IGQL_TCd,4.192310411123e-01
2057,0,DRAT_OGQL_TCd,4.192310411123e-01
2057,-1,USQUAL_TCd,0.000000000000e+00
2057,-2,LUQUAL_TCd,4.192310411123e-01
2057,-1,USQUBP_TCd,0.000000000000e+00
2057,-2,LUQUBP_TCd,0.000000000000e+00
2057,-5,IRWDQUAL_TCd,0.000000000000e+00
2057,-7,INFILTQUAL_TCd,0.000000000000e+00
2057,-8,INFILTQUALTARGET_TCd,0.000000000000e+00
2057,0,ADTOT_TCd,0.000000000000e+00
2057,0,IQUAL_TCd,4.192310411123e-01
2057,0,ADQAL_TCd,0.000000000000e+00
2057,0,DSQAL_TCd,0.000000000000e+00
2057,0,DEPQAL_TCd,0.000000000000e+00
2057,0,SCRQAL_TCd,0.000000000000e+00
2057,1,QUAL_TCd,4.192310411123e-01
2057,1,QUBP_TCd,0.000000000000e+00
2057,0,DRAT_IGQL_TCu,4.227637887627e+01
2057,0,DRAT_OGQL_TCu,4.227637887627e+01
2057,-1,USQUAL_TCu,0.000000000000e+00
2057,-2,LUQUAL_TCu,4.227637887627e+01
2057,-1,USQUBP_TCu,0.000000000000e+00
2057,-2,LUQUBP_TCu,0.000000000000e+00
2057,-5,IRWDQUAL_TCu,0.000000000000e+00
2057,-7,INFILTQUAL_TCu,0.000000000000e+00
2057,-8,INFILTQUALTARGET_TCu,0.000000000000e+00
2057,0,ADTOT_TCu,0.000000000000e+00
2057,0,IQUAL_TCu,4.227637887627e+01
2057,0,ADQAL_TCu,0.000000000000e+00
2057,0,DSQAL_TCu,0.000000000000e+00
2057,0,DEPQAL_TCu,0.000000000000e+00
2057,0,SCRQAL_TCu,0.000000000000e+00
2057,1,QUAL_TCu,4.227637887627e+01
2057,1,QUBP_TCu,0.000000000000e+00
2057,0,DRAT_IGQL_TPb,1.110409437221e+01
2057,0,DRAT_OGQL_TPb,1.110409437221e+01
2057,-1,USQUAL_TPb,0.000000000000e+00
2057,-2,LUQUAL_TPb,1.110409437221e+01
2057,-1,USQUBP_TPb,0.000000000000e+00
2057,-2,LUQUBP_TPb,0.000000000000e+00
2057,-5,IRWDQUAL_TPb,0.000000000000e+00
2057,-7,INFILTQUAL_TPb,0.000000000000e+00
2057,-8,INFILTQUALTARGET_TPb,0.000000000000e+00
2057,0,ADTOT_TPb,0.000000000000e+00
2057,0,IQUAL_TPb,1.110409437221e+01
2057,0,ADQAL_TPb,0.000000000000e+00
2057,0,DSQAL_TPb,0.000000000000e+00
2057,0,DEPQAL_TPb,0.000000000000e+00
2057,0,SCRQAL_TPb,0.000000000000e+00
2057,1,QUAL_TPb,1.110409437221e+01
2057,1,QUBP_TPb,0.000000000000e+00
2057,0,DRAT_IGQL_TZn,1.788024994563e+02
2057,0,DRAT_OGQL_TZn,1.788024994563e+02
2057,-1,USQUAL_TZn,0.000000000000e+00
2057,-2,LUQUAL_TZn,1.788024994563e+02
2057,-1,USQUBP_TZn,0.000000000000e+00
2057,-2,LUQUBP_TZn,0.000000000000e+00
2057,-5,IRWDQUAL_TZn,0.000000000000e+00
2057,-7,INFILTQUAL_TZn,0.000000000000e+00
2057,-8,INFILTQUALTARGET_TZn,0.000000000000e+00
2057,0,ADTOT_TZn,0.000000000000e+00
2057,0,IQUAL_TZn,1.788024994563e+02
2057,0,ADQAL_TZn,0.000000000000e+00
2057,0,DSQAL_TZn,0.000000000000e+00
2057,0,DEPQAL_TZn,0.000000000000e+00
2057,0,SCRQAL_TZn,0.000000000000e+00
2057,1,QUAL_TZn,1.788024994563e+02
2057,1,QUBP_TZn,0.000000000000e+00
2059,0,DRAT_IVOL,1.907380924880e+06
2059,0,DRAT_OVOL,1.907380924880e+06
2059,-1,USLINK,0.000000000000e+00
2059,-1,PCP,0.000000000000e+00
2059,-1,EVAP,0.000000000000e+00
2059,-1,INFILT,0.000000000000e+00
2059,-1,USIF,0.000000000000e+00
2059,-2,LUIF,1.907380924880e+06
2059,-1,USBP,0.000000000000e+00
2059,-2,LUBP,0.000000000000e+00
2059,-5,IRWD,0.000000000000e+00
2059,0,IVOL,1.907380924880e+06
2059,1,RO,1.907380924880e+06
2059,1,BP,0.000000000000e+00
2059,0,DRAT_ISED_1,1.024448303940e+00
2059,0,DRAT_OSED_1,1.024448303940e+00
2059,-1,USSED_1,0.000000000000e+00
2059,-2,LUSED_1,1.024448303940e+00
2059,-1,USSBP_1,0.000000000000e+00
2059,-2,LUSBP_1,0.000000000000e+00
2059,-5,IRWDSED_1,0.000000000000e+00
2059,0,ISED_1,1.024448303940e+00
2059,0,DEPSCR_1,0.000000000000e+00
2059,0,DEPMASS_1,0.000000000000e+00
2059,0,SCRMASS_1,0.000000000000e+00
2059,0,BEDSED_1,0.000000000000e+00
2059,1,ROSED_1,1.024448303940e+00
2059,1,BPSED_1,0.000000000000e+00
2059,0,DRAT_ISED_2,3.687578303062e+00
2059,0,DRAT_OSED_2,3.687578303062e+00
2059,-1,USSED_2,0.000000000000e+00
2059,-2,LUSED_2,3.687578303062e+00
2059,-1,USSBP_2,0.000000000000e+00
2059,-2,LUSBP_2,0.000000000000e+00
2059,-5,IRWDSED_2,0.000000000000e+00
2059,0,ISED_2,3.687578303062e+00
2059,0,DEPSCR_2,0.000000000000e+00
2059,0,DEPMASS_2,0.000000000000e+00
2059,0,SCRMASS_2,0.000000000000e+00
2059,0,BEDSED_2,0.000000000000e+00
2059,1,ROSED_2,3.687578303062e+00
2059,1,BPSED_2,0.000000000000e+00
2059,0,DRAT_ISED_3,1.180320461039e+00
2059,0,DRAT_OSED_3,1.180320461039e+00
2059,-1,USSED_3,0.000000000000e+00
2059,-2,LUSED_3,1.180320461039e+00
2059,-1,USSBP_3,0.000000000000e+00
2059,-2,LUSBP_3,0.000000000000e+00
2059,-5,IRWDSED_3,0.000000000000e+00
2059,0,ISED_3,1.180320461039e+00
2059,0,DEPSCR_3,0.000000000000e+00
2059,0,DEPMASS_3,0.000000000000e+00
2059,0,SCRMASS_3,0.000000000000e+00
2059,0,BEDSED_3,0.000000000000e+00
2059,1,ROSED_3,1.180320461039e+00
2059,1,BPSED_3,0.000000000000e+00
2059,0,DRAT_IGQL_TN,2.588290761201e+02
2059,0,DRAT_OGQL_TN,2.588290761201e+02
2059,-1,USQUAL_TN,0.000000000000e+00
2059,-2,LUQUAL_TN,2.588290761201e+02
2059,-1,USQUBP_TN,0.000000000000e+00
2059,-2,LUQUBP_TN,0.000000000000e+00
2059,-5,IRWDQUAL_TN,0.000000000000e+00
2059,-7,INFILTQUAL_TN,0.000000000000e+00
2059,-8,INFILTQUALTARGET_TN,0.000000000000e+00
2059,0,ADTOT_TN,0.000000000000e+00
2059,0,IQUAL_TN,2.588290761201e+02
2059,0,ADQAL_TN,0.000000000000e+00
2059,0,DSQAL_TN,0.000000000000e+00
2059,0,DEPQAL_TN,0.000000000000e+00
2059,0,SCRQAL_TN,0.000000000000e+00
2059,1,QUAL_TN,2.588290761201e+02
2059,1,QUBP_TN,0.000000000000e+00
2059,0,DRAT_IGQL_TP,3.327666337727e+01
2059,0,DRAT_OGQL_TP,3.327666337727e+01
2059,-1,USQUAL_TP,0.000000000000e+00
2059,-2,LUQUAL_TP,3.327666337727e+01
2059,-1,USQUBP_TP,0.000000000000e+00
2059,-2,LUQUBP_TP,0.000000000000e+00
2059,-5,IRWDQUAL_TP,0.000000000000e+00
2059,-7,INFILTQUAL_TP,0.000000000000e+00
2059,-8,INFILTQUALTARGET_TP,0.000000000000e+00
2059,0,ADTOT_TP,0.000000000000e+00
2059,0,IQUAL_TP,3.327666337727e+01
2059,0,ADQAL_TP,0.000000000000e+00
2059,0,DSQAL_TP,0.000000000000e+00
2059,0,DEPQAL_TP,0.000000000000e+00
2059,0,SCRQAL_TP,0.000000000000e+00
2059,1,QUAL_TP,3.327666337727e+01
2059,1,QUBP_TP,0.000000000000e+00
2059,0,DRAT_IGQL_TCd,5.071757224771e-02
2059,0,DRAT_OGQL_TCd,5.071757224771e-02
2059,-1,USQUAL_TCd,0.000000000000e+00
2059,-2,LUQUAL_TCd,5.071757224771e-02
2059,-1,USQUBP_TCd,0.000000000000e+00
2059,-2,LUQUBP_TCd,0.000000000000e+00
2059,-5,IRWDQUAL_TCd,0.000000000000e+00
2059,-7,INFILTQUAL_TCd,0.000000000000e+00
2059,-8,INFILTQUALTARGET_TCd,0.000000000000e+00
2059,0,ADTOT_TCd,0.000000000000e+00
2059,0,IQUAL_TCd,5.071757224771e-02
2059,0,ADQAL_TCd,0.000000000000e+00
2059,0,DSQAL_TCd,0.000000000000e+00
2059,0,DEPQAL_TCd,0.000000000000e+00
2059,0,SCRQAL_TCd,0.000000000000e+00
2059,1,QUAL_TCd,5.071757224771e-02
2059,1,QUBP_TCd,0.000000000000e+00
2059,0,DRAT_IGQL_TCu,5.142497961621e+00
2059,0,DRAT_OGQL_TCu,5.142497961621e+00
2059,-1,USQUAL_TCu,0.000000000000e+00
2059,-2,LUQUAL_TCu,5.142497961621e+00
2059,-1,USQUBP_TCu,0.000000000000e+00
2059,-2,LUQUBP_TCu,0.000000000000e+00
2059,-5,IRWDQUAL_TCu,0.000000000000e+00
2059,-7,INFILTQUAL_TCu,0.000000000000e+00
2059,-8,INFILTQUALTARGET_TCu,0.000000000000e+00
2059,0,ADTOT_TCu,0.000000000000e+00
2059,0,IQUAL_TCu,5.142497961621e+00
2059,0,ADQAL_TCu,0.000000000000e+00
2059,0,DSQAL_TCu,0.000000000000e+00
2059,0,DEPQAL_TCu,0.000000000000e+00
2059,0,SCRQAL_TCu,0.000000000000e+00
2059,1,QUAL_TCu,5.142497961621e+00
2059,1,QUBP_TCu,0.000000000000e+00
2059,0,DRAT_IGQL_TPb,1.384460275510e+00
2059,0,DRAT_OGQL_TPb,1.384460275510e+00
2059,-1,USQUAL_TPb,0.000000000000e+00
2059,-2,LUQUAL_TPb,1.384460275510e+00
2059,-1,USQUBP_TPb,0.000000000000e+00
2059,-2,LUQUBP_TPb,0.000000000000e+00
2059,-5,IRWDQUAL_TPb,0.000000000000e+00
2059,-7,INFILTQUAL_TPb,0.000000000000e+00
2059,-8,INFILTQUALTARGET_TPb,0.000000000000e+00
2059,0,ADTOT_TPb,0.000000000000e+00
2059,0,IQUAL_TPb,1.384460275510e+00
2059,0,ADQAL_TPb,0.000000000000e+00
2059,0,DSQAL_TPb,0.000000000000e+00
2059,0,DEPQAL_TPb,0.000000000000e+00
2059,0,SCRQAL_TPb,0.000000000000e+00
2059,1,QUAL_TPb,1.384460275510e+00
2059,1,QUBP_TPb,0.000000000000e+00
2059,0,DRAT_IGQL_TZn,2.257000327407e+01
2059,0,DRAT_OGQL_TZn,2.257000327407e+01
2059,-1,USQUAL_TZn,0.000000000000e+00
2059,-2,LUQUAL_TZn,2.257000327407e+01
2059,-1,USQUBP_TZn,0.000000000000e+00
2059,-2,LUQUBP_TZn,0.000000000000e+00
2059,-5,IRWDQUAL_TZn,0.000000000000e+00
2059,-7,INFILTQUAL_TZn,0.000000000000e+00
2059,-8,INFILTQUALTARGET_TZn,0.000000000000e+00
2059,0,ADTOT_TZn,0.000000000000e+00
2059,0,IQUAL_TZn,2.257000327407e+01
2059,0,ADQAL_TZn,0.000000000000e+00
2059,0,DSQAL_TZn,0.000000000000e+00
2059,0,DEPQAL_TZn,0.000000000000e+00
2059,0,SCRQAL_TZn,0.000000000000e+00
2059,1,QUAL_TZn,2.257000327407e+01
2059,1,QUBP_TZn,0.000000000000e+00
2060,0,DRAT_IVOL,1.354507252464e+07
2060,0,DRAT_OVOL,1.341869449882e+07
2060,-1,USLINK,0.000000000000e+00
2060,-1,PCP,1.184499895801e+05
2060,-1,EVAP,1.263697194420e+05
2060,-1,INFILT,0.000000000000e+00
2060,-1,USIF,0.000000000000e+00
2060,-2,LUIF,1.342662253506e+07
2060,-1,USBP,0.000000000000e+00
2060,-2,LUBP,0.000000000000e+00
2060,-5,IRWD,0.000000000000e+00
2060,0,IVOL,1.342662253506e+07
2060,1,RO,1.341869449882e+07
2060,1,BP,0.000000000000e+00
2060,0,DRAT_ISED_1,6.008650107724e+00
2060,0,DRAT_OSED_1,9.483341782739e-01
2060,-1,USSED_1,0.000000000000e+00
2060,-2,LUSED_1,5.955623651425e+00
2060,-1,USSBP_1,0.000000000000e+00
2060,-2,LUSBP_1,0.000000000000e+00
2060,-5,IRWDSED_1,0.000000000000e+00
2060,0,ISED_1,5.955623651425e+00
2060,0,DEPSCR_1,5.007289473151e+00
2060,0,DEPMASS_1,5.060315929450e+00
2060,0,SCRMASS_1,5.302645629921e-02
2060,0,BEDSED_1,1.830604611142e+06
2060,1,ROSED_1,9.483341782739e-01
2060,1,BPSED_1,0.000000000000e+00
2060,0,DRAT_ISED_2,2.985625147967e+01
2060,0,DRAT_OSED_2,2.949112237109e+01
2060,-1,USSED_2,0.000000000000e+00
2060,-2,LUSED_2,2.985473937953e+01
2060,-1,USSBP_2,0.000000000000e+00
2060,-2,LUSBP_2,0.000000000000e+00
2060,-5,IRWDSED_2,0.000000000000e+00
2060,0,ISED_2,2.985473937953e+01
2060,0,DEPSCR_2,3.636583579159e-01
2060,0,DEPMASS_2,3.651704580581e-01
2060,0,SCRMASS_2,1.512100142202e-03
2060,0,BEDSED_2,1.088403348144e+07
2060,1,ROSED_2,2.949112237109e+01
2060,1,BPSED_2,0.000000000000e+00
2060,0,DRAT_ISED_3,8.985468404424e+00
2060,0,DRAT_OSED_3,8.985479902240e+00
2060,-1,USSED_3,0.000000000000e+00
2060,-2,LUSED_3,8.960506346798e+00
2060,-1,USSBP_3,0.000000000000e+00
2060,-2,LUSBP_3,0.000000000000e+00
2060,-5,IRWDSED_3,0.000000000000e+00
2060,0,ISED_3,8.960506346798e+00
2060,0,DEPSCR_3,-2.496205762643e-02
2060,0,DEPMASS_3,0.000000000000e+00
2060,0,SCRMASS_3,2.496205762643e-02
2060,0,BEDSED_3,3.102854056070e+06
2060,1,ROSED_3,8.985479902240e+00
2060,1,BPSED_3,0.000000000000e+00
2060,0,DRAT_IGQL_TN,1.769127770888e+03
2060,0,DRAT_OGQL_TN,1.761207637930e+03
2060,-1,USQUAL_TN,0.000000000000e+00
2060,-2,LUQUAL_TN,1.769127770888e+03
2060,-1,USQUBP_TN,0.000000000000e+00
2060,-2,LUQUBP_TN,0.000000000000e+00
2060,-5,IRWDQUAL_TN,0.000000000000e+00
2060,-7,INFILTQUAL_TN,0.000000000000e+00
2060,-8,INFILTQUALTARGET_TN,0.000000000000e+00
2060,0,ADTOT_TN,0.000000000000e+00
2060,0,IQUAL_TN,1.769127770888e+03
2060,0,ADQAL_TN,0.000000000000e+00
2060,0,DSQAL_TN,0.000000000000e+00
2060,0,DEPQAL_TN,0.000000000000e+00
2060,0,SCRQAL_TN,0.000000000000e+00
2060,1,QUAL_TN,1.761207637930e+03
2060,1,QUBP_TN,0.000000000000e+00
2060,0,DRAT_IGQL_TP,2.541242929643e+02
2060,0,DRAT_OGQL_TP,2.531397551484e+02
2060,-1,USQUAL_TP,0.000000000000e+00
2060,-2,LUQUAL_TP,2.541242929643e+02
2060,-1,USQUBP_TP,0.000000000000e+00
2060,-2,LUQUBP_TP,0.000000000000e+00
2060,-5,IRWDQUAL_TP,0.000000000000e+00
2060,-7,INFILTQUAL_TP,0.000000000000e+00
2060,-8,INFILTQUALTARGET_TP,0.000000000000e+00
2060,0,ADTOT_TP,0.000000000000e+00
2060,0,IQUAL_TP,2.541242929643e+02
2060,0,ADQAL_TP,0.000000000000e+00
2060,0,DSQAL_TP,0.000000000000e+00
2060,0,DEPQAL_TP,0.000000000000e+00
2060,0,SCRQAL_TP,0.000000000000e+00
2060,1,QUAL_TP,2.531397551484e+02
2060,1,QUBP_TP,0.000000000000e+00
2060,0,DRAT_IGQL_TCd,5.215987055148e-01
2060,0,DRAT_OGQL_TCd,5.194776629188e-01
2060,-1,USQUAL_TCd,0.000000000000e+00
2060,-2,LUQUAL_TCd,5.215987055148e-01
2060,-1,USQUBP_TCd,0.000000000000e+00
2060,-2,LUQUBP_TCd,0.000000000000e+00
2060,-5,IRWDQUAL_TCd,0.000000000000e+00
2060,-7,INFILTQUAL_TCd,0.000000000000e+00
2060,-8,INFILTQUALTARGET_TCd,0.000000000000e+00
2060,0,ADTOT_TCd,0.000000000000e+00
2060,0,IQUAL_TCd,5.215987055148e-01
2060,0,ADQAL_TCd,0.000000000000e+00
2060,0,DSQAL_TCd,0.000000000000e+00
2060,0,DEPQAL_TCd,0.000000000000e+00
2060,0,SCRQAL_TCd,0.000000000000e+00
2060,1,QUAL_TCd,5.194776629188e-01
2060,1,QUBP_TCd,0.000000000000e+00
2060,0,DRAT_IGQL_TCu,5.241594238442e+01
2060,0,DRAT_OGQL_TCu,5.220350514901e+01
2060,-1,USQUAL_TCu,0.000000000000e+00
2060,-2,LUQUAL_TCu,5.241594238442e+01
2060,-1,USQUBP_TCu,0.000000000000e+00
2060,-2,LUQUBP_TCu,0.000000000000e+00
2060,-5,IRWDQUAL_TCu,0.000000000000e+00
2060,-7,INFILTQUAL_TCu,0.000000000000e+00
2060,-8,INFILTQUALTARGET_TCu,0.000000000000e+00
2060,0,ADTOT_TCu,0.000000000000e+00
2060,0,IQUAL_TCu,5.241594238442e+01
2060,0,ADQAL_TCu,0.000000000000e+00
2060,0,DSQAL_TCu,0.000000000000e+00
2060,0,DEPQAL_TCu,0.000000000000e+00
2060,0,SCRQAL_TCu,0.000000000000e+00
2060,1,QUAL_TCu,5.220350514901e+01
2060,1,QUBP_TCu,0.000000000000e+00
2060,0,DRAT_IGQL_TPb,1.389369154571e+01
2060,0,DRAT_OGQL_TPb,1.383665429366e+01
2060,-1,USQUAL_TPb,0.000000000000e+00
2060,-2,LUQUAL_TPb,1.389369154571e+01
2060,-1,USQUBP_TPb,0.000000000000e+00
2060,-2,LUQUBP_TPb,0.000000000000e+00
2060,-5,IRWDQUAL_TPb,0.000000000000e+00
2060,-7,INFILTQUAL_TPb,0.000000000000e+00
2060,-8,INFILTQUALTARGET_TPb,0.000000000000e+00
2060,0,ADTOT_TPb,0.000000000000e+00
2060,0,IQUAL_TPb,1.389369154571e+01
2060,0,ADQAL_TPb,0.000000000000e+00
2060,0,DSQAL_TPb,0.000000000000e+00
2060,0,DEPQAL_TPb,0.000000000000e+00
2060,0,SCRQAL_TPb,0.000000000000e+00
2060,1,QUAL_TPb,1.383665429366e+01
2060,1,QUBP_TPb,0.000000000000e+00
2060,0,DRAT_IGQL_TZn,2.102023991346e+02
2060,0,DRAT_OGQL_TZn,2.093330063928e+02
2060,-1,USQUAL_TZn,0.000000000000e+00
2060,-2,LUQUAL_TZn,2.102023991346e+02
2060,-1,USQUBP_TZn,0.000000000000e+00
2060,-2,LUQUBP_TZn,0.000000000000e+00
2060,-5,IRWDQUAL_TZn,0.000000000000e+00
2060,-7,INFILTQUAL_TZn,0.000000000000e+00
2060,-8,INFILTQUALTARGET_TZn,0.000000000000e+00
2060,0,ADTOT_TZn,0.000000000000e+00
2060,0,IQUAL_TZn,2.102023991346e+02
2060,0,ADQAL_TZn,0.000000000000e+00
2060,0,DSQAL_TZn,0.000000000000e+00
2060,0,DEPQAL_TZn,0.000000000000e+00
2060,0,SCRQAL_TZn,0.000000000000e+00
2060,1,QUAL_TZn,2.093330063928e+02
2060,1,QUBP_TZn,0.000000000000e+00
2062,0,DRAT_IVOL,3.154635584202e+07
2062,0,DRAT_OVOL,3.131813871566e+07
2062,-1,USLINK,0.000000000000e+00
2062,-1,PCP,1.892654081691e+05
2062,-1,EVAP,2.281999627328e+05
2062,-1,INFILT,0.000000000000e+00
2062,-1,USIF,0.000000000000e+00
2062,-2,LUIF,3.135709043385e+07
2062,-1,USBP,0.000000000000e+00
2062,-2,LUBP,0.000000000000e+00
2062,-5,IRWD,0.000000000000e+00
2062,0,IVOL,3.135709043385e+07
2062,1,RO,3.131813871566e+07
2062,1,BP,0.000000000000e+00
2062,0,DRAT_ISED_1,2.011290252450e+01
2062,0,DRAT_OSED_1,7.528108814210e+00
2062,-1,USSED_1,0.000000000000e+00
2062,-2,LUSED_1,1.893149442767e+01
2062,-1,USSBP_1,0.000000000000e+00
2062,-2,LUSBP_1,0.000000000000e+00
2062,-5,IRWDSED_1,0.000000000000e+00
2062,0,ISED_1,1.893149442767e+01
2062,0,DEPSCR_1,1.140338561346e+01
2062,0,DEPMASS_1,1.258479371029e+01
2062,0,SCRMASS_1,1.181408096832e+00
2062,0,BEDSED_1,2.463663403043e+06
2062,1,ROSED_1,7.528108814210e+00
2062,1,BPSED_1,0.000000000000e+00
2062,0,DRAT_ISED_2,7.742725313235e+01
2062,0,DRAT_OSED_2,7.742734089928e+01
2062,-1,USSED_2,0.000000000000e+00
2062,-2,LUSED_2,7.471405471555e+01
2062,-1,USSBP_2,0.000000000000e+00
2062,-2,LUSBP_2,0.000000000000e+00
2062,-5,IRWDSED_2,0.000000000000e+00
2062,0,ISED_2,7.471405471555e+01
2062,0,DEPSCR_2,-2.713198416794e+00
2062,0,DEPMASS_2,0.000000000000e+00
2062,0,SCRMASS_2,2.713198416794e+00
2062,0,BEDSED_2,1.313282455556e+07
2062,1,ROSED_2,7.742734089928e+01
2062,1,BPSED_2,0.000000000000e+00
2062,0,DRAT_ISED_3,3.165954488608e+01
2062,0,DRAT_OSED_3,3.165956938015e+01
2062,-1,USSED_3,0.000000000000e+00
2062,-2,LUSED_3,2.343885655649e+01
2062,-1,USSBP_3,0.000000000000e+00
2062,-2,LUSBP_3,0.000000000000e+00
2062,-5,IRWDSED_3,0.000000000000e+00
2062,0,ISED_3,2.343885655649e+01
2062,0,DEPSCR_3,-8.220688329587e+00
2062,0,DEPMASS_3,0.000000000000e+00
2062,0,SCRMASS_3,8.220688329587e+00
2062,0,BEDSED_3,3.271315280431e+06
2062,1,ROSED_3,3.165956938015e+01
2062,1,BPSED_3,0.000000000000e+00
2062,0,DRAT_IGQL_TN,3.692117256330e+03
2062,0,DRAT_OGQL_TN,3.679866032074e+03
2062,-1,USQUAL_TN,0.000000000000e+00
2062,-2,LUQUAL_TN,3.692117256330e+03
2062,-1,USQUBP_TN,0.000000000000e+00
2062,-2,LUQUBP_TN,0.000000000000e+00
2062,-5,IRWDQUAL_TN,0.000000000000e+00
2062,-7,INFILTQUAL_TN,0.000000000000e+00
2062,-8,INFILTQUALTARGET_TN,0.000000000000e+00
2062,0,ADTOT_TN,0.000000000000e+00
2062,0,IQUAL_TN,3.692117256330e+03
2062,0,ADQAL_TN,0.000000000000e+00
2062,0,DSQAL_TN,0.000000000000e+00
2062,0,DEPQAL_TN,0.000000000000e+00
2062,0,SCRQAL_TN,0.000000000000e+00
2062,1,QUAL_TN,3.679866032074e+03
2062,1,QUBP_TN,0.000000000000e+00
2062,0,DRAT_IGQL_TP,6.232384801201e+02
2062,0,DRAT_OGQL_TP,6.214147966930e+02
2062,-1,USQUAL_TP,0.000000000000e+00
2062,-2,LUQUAL_TP,6.232384801201e+02
2062,-1,USQUBP_TP,0.000000000000e+00
2062,-2,LUQUBP_TP,0.000000000000e+00
2062,-5,IRWDQUAL_TP,0.000000000000e+00
2062,-7,INFILTQUAL_TP,0.000000000000e+00
2062,-8,INFILTQUALTARGET_TP,0.000000000000e+00
2062,0,ADTOT_TP,0.000000000000e+00
2062,0,IQUAL_TP,6.232384801201e+02
2062,0,ADQAL_TP,0.000000000000e+00
2062,0,DSQAL_TP,0.000000000000e+00
2062,0,DEPQAL_TP,0.000000000000e+00
2062,0,SCRQAL_TP,0.000000000000e+00
2062,1,QUAL_TP,6.214147966930e+02
2062,1,QUBP_TP,0.000000000000e+00
2062,0,DRAT_IGQL_TCd,1.387552563112e+00
2062,0,DRAT_OGQL_TCd,1.383202588553e+00
2062,-1,USQUAL_TCd,0.000000000000e+00
2062,-2,LUQUAL_TCd,1.387552563112e+00
2062,-1,USQUBP_TCd,0.000000000000e+00
2062,-2,LUQUBP_TCd,0.000000000000e+00
2062,-5,IRWDQUAL_TCd,0.000000000000e+00
2062,-7,INFILTQUAL_TCd,0.000000000000e+00
2062,-8,INFILTQUALTARGET_TCd,0.000000000000e+00
2062,0,ADTOT_TCd,0.000000000000e+00
2062,0,IQUAL_TCd,1.387552563112e+00
2062,0,ADQAL_TCd,0.000000000000e+00
2062,0,DSQAL_TCd,0.000000000000e+00
2062,0,DEPQAL_TCd,0.000000000000e+00
2062,0,SCRQAL_TCd,0.000000000000e+00
2062,1,QUAL_TCd,1.383202588553e+00
2062,1,QUBP_TCd,0.000000000000e+00
2062,0,DRAT_IGQL_TCu,1.396401024164e+02
2062,0,DRAT_OGQL_TCu,1.392042043432e+02
2062,-1,USQUAL_TCu,0.000000000000e+00
2062,-2,LUQUAL_TCu,1.396401024164e+02
2062,-1,USQUBP_TCu,0.000000000000e+00
2062,-2,LUQUBP_TCu,0.000000000000e+00
2062,-5,IRWDQUAL_TCu,0.000000000000e+00
2062,-7,INFILTQUAL_TCu,0.000000000000e+00
2062,-8,INFILTQUALTARGET_TCu,0.000000000000e+00
2062,0,ADTOT_TCu,0.000000000000e+00
2062,0,IQUAL_TCu,1.396401024164e+02
2062,0,ADQAL_TCu,0.000000000000e+00
2062,0,DSQAL_TCu,0.000000000000e+00
2062,0,DEPQAL_TCu,0.000000000000e+00
2062,0,SCRQAL_TCu,0.000000000000e+00
2062,1,QUAL_TCu,1.392042043432e+02
2062,1,QUBP_TCu,0.000000000000e+00
2062,0,DRAT_IGQL_TPb,3.571576170332e+01
2062,0,DRAT_OGQL_TPb,3.560171752798e+01
2062,-1,USQUAL_TPb,0.000000000000e+00
2062,-2,LUQUAL_TPb,3.571576170332e+01
2062,-1,USQUBP_TPb,0.000000000000e+00
2062,-2,LUQUBP_TPb,0.000000000000e+00
2062,-5,IRWDQUAL_TPb,0.000000000000e+00
2062,-7,INFILTQUAL_TPb,0.000000000000e+00
2062,-8,INFILTQUALTARGET_TPb,0.000000000000e+00
2062,0,ADTOT_TPb,0.000000000000e+00
2062,0,IQUAL_TPb,3.571576170332e+01
2062,0,ADQAL_TPb,0.000000000000e+00
2062,0,DSQAL_TPb,0.000000000000e+00
2062,0,DEPQAL_TPb,0.000000000000e+00
2062,0,SCRQAL_TPb,0.000000000000e+00
2062,1,QUAL_TPb,3.560171752798e+01
2062,1,QUBP_TPb,0.000000000000e+00
2062,0,DRAT_IGQL_TZn,6.466237701230e+02
2062,0,DRAT_OGQL_TZn,6.446103024194e+02
2062,-1,USQUAL_TZn,0.000000000000e+00
2062,-2,LUQUAL_TZn,6.466237701230e+02
2062,-1,USQUBP_TZn,0.000000000000e+00
2062,-2,LUQUBP_TZn,0.000000000000e+00
2062,-5,IRWDQUAL_TZn,0.000000000000e+00
2062,-7,INFILTQUAL_TZn,0.000000000000e+00
2062,-8,INFILTQUALTARGET_TZn,0.000000000000e+00
2062,0,ADTOT_TZn,0.000000000000e+00
2062,0,IQUAL_TZn,6.466237701230e+02
2062,0,ADQAL_TZn,0.000000000000e+00
2062,0,DSQAL_TZn,0.000000000000e+00
2062,0,DEPQAL_TZn,0.000000000000e+00
2062,0,SCRQAL_TZn,0.000000000000e+00
2062,1,QUAL_TZn,6.446103024194e+02
2062,1,QUBP_TZn,0.000000000000e+00
2063,0,DRAT_IVOL,3.335188152413e+07
2063,0,DRAT_OVOL,3.311209759729e+07
2063,-1,USLINK,0.000000000000e+00
2063,-1,PCP,2.202512203003e+05
2063,-1,EVAP,2.397630523822e+05
2063,-1,INFILT,0.000000000000e+00
2063,-1,USIF,0.000000000000e+00
2063,-2,LUIF,3.313163030383e+07
2063,-1,USBP,0.000000000000e+00
2063,-2,LUBP,0.000000000000e+00
2063,-5,IRWD,0.000000000000e+00
2063,0,IVOL,3.313163030383e+07
2063,1,RO,3.311209759729e+07
2063,1,BP,0.000000000000e+00
2063,0,DRAT_ISED_1,1.673198332160e+01
2063,0,DRAT_OSED_1,3.551598563125e+00
2063,-1,USSED_1,0.000000000000e+00
2063,-2,LUSED_1,1.641654088977e+01
2063,-1,USSBP_1,0.000000000000e+00
2063,-2,LUSBP_1,0.000000000000e+00
2063,-5,IRWDSED_1,0.000000000000e+00
2063,0,ISED_1,1.641654088977e+01
2063,0,DEPSCR_1,1.286494232665e+01
2063,0,DEPMASS_1,1.318038475847e+01
2063,0,SCRMASS_1,3.154424318228e-01
2063,0,BEDSED_1,2.710291176301e+06
2063,1,ROSED_1,3.551598563125e+00
2063,1,BPSED_1,0.000000000000e+00
2063,0,DRAT_ISED_2,8.647433158444e+01
2063,0,DRAT_OSED_2,8.604563975557e+01
2063,-1,USSED_2,0.000000000000e+00
2063,-2,LUSED_2,8.645796562303e+01
2063,-1,USSBP_2,0.000000000000e+00
2063,-2,LUSBP_2,0.000000000000e+00
2063,-5,IRWDSED_2,0.000000000000e+00
2063,0,ISED_2,8.645796562303e+01
2063,0,DEPSCR_2,4.124263258344e-01
2063,0,DEPMASS_2,4.287922872465e-01
2063,0,SCRMASS_2,1.636596141218e-02
2063,0,BEDSED_2,1.393847309336e+07
2063,1,ROSED_2,8.604563975557e+01
2063,1,BPSED_2,0.000000000000e+00
2063,0,DRAT_ISED_3,2.610245556882e+01
2063,0,DRAT_OSED_3,2.610248350725e+01
2063,-1,USSED_3,0.000000000000e+00
2063,-2,LUSED_3,2.579122607332e+01
2063,-1,USSBP_3,0.000000000000e+00
2063,-2,LUSBP_3,0.000000000000e+00
2063,-5,IRWDSED_3,0.000000000000e+00
2063,0,ISED_3,2.579122607332e+01
2063,0,DEPSCR_3,-3.112294954970e-01
2063,0,DEPMASS_3,0.000000000000e+00
2063,0,SCRMASS_3,3.112294954970e-01
2063,0,BEDSED_3,3.959642103423e+06
2063,1,ROSED_3,2.610248350725e+01
2063,1,BPSED_3,0.000000000000e+00
2063,0,DRAT_IGQL_TN,4.135524789583e+03
2063,0,DRAT_OGQL_TN,4.116361098126e+03
2063,-1,USQUAL_TN,0.000000000000e+00
2063,-2,LUQUAL_TN,4.135524789583e+03
2063,-1,USQUBP_TN,0.000000000000e+00
2063,-2,LUQUBP_TN,0.000000000000e+00
2063,-5,IRWDQUAL_TN,0.000000000000e+00
2063,-7,INFILTQUAL_TN,0.000000000000e+00
2063,-8,INFILTQUALTARGET_TN,0.000000000000e+00
2063,0,ADTOT_TN,0.000000000000e+00
2063,0,IQUAL_TN,4.135524789583e+03
2063,0,ADQAL_TN,0.000000000000e+00
2063,0,DSQAL_TN,0.000000000000e+00
2063,0,DEPQAL_TN,0.000000000000e+00
2063,0,SCRQAL_TN,0.000000000000e+00
2063,1,QUAL_TN,4.116361098126e+03
2063,1,QUBP_TN,0.000000000000e+00
2063,0,DRAT_IGQL_TP,6.812765394138e+02
2063,0,DRAT_OGQL_TP,6.785538491901e+02
2063,-1,USQUAL_TP,0.000000000000e+00
2063,-2,LUQUAL_TP,6.812765394138e+02
2063,-1,USQUBP_TP,0.000000000000e+00
2063,-2,LUQUBP_TP,0.000000000000e+00
2063,-5,IRWDQUAL_TP,0.000000000000e+00
2063,-7,INFILTQUAL_TP,0.000000000000e+00
2063,-8,INFILTQUALTARGET_TP,0.000000000000e+00
2063,0,ADTOT_TP,0.000000000000e+00
2063,0,IQUAL_TP,6.812765394138e+02
2063,0,ADQAL_TP,0.000000000000e+00
2063,0,DSQAL_TP,0.000000000000e+00
2063,0,DEPQAL_TP,0.000000000000e+00
2063,0,SCRQAL_TP,0.000000000000e+00
2063,1,QUAL_TP,6.785538491901e+02
2063,1,QUBP_TP,0.000000000000e+00
2063,0,DRAT_IGQL_TCd,1.714646086991e+00
2063,0,DRAT_OGQL_TCd,1.707563014405e+00
2063,-1,USQUAL_TCd,0.000000000000e+00
2063,-2,LUQUAL_TCd,1.714646086991e+00
2063,-1,USQUBP_TCd,0.000000000000e+00
2063,-2,LUQUBP_TCd,0.000000000000e+00
2063,-5,IRWDQUAL_TCd,0.000000000000e+00
2063,-7,INFILTQUAL_TCd,0.000000000000e+00
2063,-8,INFILTQUALTARGET_TCd,0.000000000000e+00
2063,0,ADTOT_TCd,0.000000000000e+00
2063,0,IQUAL_TCd,1.714646086991e+00
2063,0,ADQAL_TCd,0.000000000000e+00
2063,0,DSQAL_TCd,0.000000000000e+00
2063,0,DEPQAL_TCd,0.000000000000e+00
2063,0,SCRQAL_TCd,0.000000000000e+00
2063,1,QUAL_TCd,1.707563014405e+00
2063,1,QUBP_TCd,0.000000000000e+00
2063,0,DRAT_IGQL_TCu,1.720631499849e+02
2063,0,DRAT_OGQL_TCu,1.713540224803e+02
2063,-1,USQUAL_TCu,0.000000000000e+00
2063,-2,LUQUAL_TCu,1.720631499849e+02
2063,-1,USQUBP_TCu,0.000000000000e+00
2063,-2,LUQUBP_TCu,0.000000000000e+00
2063,-5,IRWDQUAL_TCu,0.000000000000e+00
2063,-7,INFILTQUAL_TCu,0.000000000000e+00
2063,-8,INFILTQUALTARGET_TCu,0.000000000000e+00
2063,0,ADTOT_TCu,0.000000000000e+00
2063,0,IQUAL_TCu,1.720631499849e+02
2063,0,ADQAL_TCu,0.000000000000e+00
2063,0,DSQAL_TCu,0.000000000000e+00
2063,0,DEPQAL_TCu,0.000000000000e+00
2063,0,SCRQAL_TCu,0.000000000000e+00
2063,1,QUAL_TCu,1.713540224803e+02
2063,1,QUBP_TCu,0.000000000000e+00
2063,0,DRAT_IGQL_TPb,4.476947262046e+01
2063,0,DRAT_OGQL_TPb,4.458319836315e+01
2063,-1,USQUAL_TPb,0.000000000000e+00
2063,-2,LUQUAL_TPb,4.476947262046e+01
2063,-1,USQUBP_TPb,0.000000000000e+00
2063,-2,LUQUBP_TPb,0.000000000000e+00
2063,-5,IRWDQUAL_TPb,0.000000000000e+00
2063,-7,INFILTQUAL_TPb,0.000000000000e+00
2063,-8,INFILTQUALTARGET_TPb,0.000000000000e+00
2063,0,ADTOT_TPb,0.000000000000e+00
2063,0,IQUAL_TPb,4.476947262046e+01
2063,0,ADQAL_TPb,0.000000000000e+00
2063,0,DSQAL_TPb,0.000000000000e+00
2063,0,DEPQAL_TPb,0.000000000000e+00
2063,0,SCRQAL_TPb,0.000000000000e+00
2063,1,QUAL_TPb,4.458319836315e+01
2063,1,QUBP_TPb,0.000000000000e+00
2063,0,DRAT_IGQL_TZn,7.622701751023e+02
2063,0,DRAT_OGQL_TZn,7.591028136290e+02
2063,-1,USQUAL_TZn,0.000000000000e+00
2063,-2,LUQUAL_TZn,7.622701751023e+02
2063,-1,USQUBP_TZn,0.000000000000e+00
2063,-2,LUQUBP_TZn,0.000000000000e+00
2063,-5,IRWDQUAL_TZn,0.000000000000e+00
2063,-7,INFILTQUAL_TZn,0.000000000000e+00
2063,-8,INFILTQUALTARGET_TZn,0.000000000000e+00
2063,0,ADTOT_TZn,0.000000000000e+00
2063,0,IQUAL_TZn,7.622701751023e+02
2063,0,ADQAL_TZn,0.000000000000e+00
2063,0,DSQAL_TZn,0.000000000000e+00
2063,0,DEPQAL_TZn,0.000000000000e+00
2063,0,SCRQAL_TZn,0.000000000000e+00
2063,1,QUAL_TZn,7.591028136290e+02
2063,1,QUBP_TZn,0.000000000000e+00
2065,0,DRAT_IVOL,1.181299806287e+06
2065,0,DRAT_OVOL,1.181299806287e+06
2065,-1,USLINK,0.000000000000e+00
2065,-1,PCP,0.000000000000e+00
2065,-1,EVAP,0.000000000000e+00
2065,-1,INFILT,0.000000000000e+00
2065,-1,USIF,0.000000000000e+00
2065,-2,LUIF,1.181299806287e+06
2065,-1,USBP,0.000000000000e+00
2065,-2,LUBP,0.000000000000e+00
2065,-5,IRWD,0.000000000000e+00
2065,0,IVOL,1.181299806287e+06
2065,1,RO,1.181299806287e+06
2065,1,BP,0.000000000000e+00
2065,0,DRAT_ISED_1,5.073516465299e-01
2065,0,DRAT_OSED_1,5.073516465299e-01
2065,-1,USSED_1,0.000000000000e+00
2065,-2,LUSED_1,5.073516465299e-01
2065,-1,USSBP_1,0.000000000000e+00
2065,-2,LUSBP_1,0.000000000000e+00
2065,-5,IRWDSED_1,0.000000000000e+00
2065,0,ISED_1,5.073516465299e-01
2065,0,DEPSCR_1,0.000000000000e+00
2065,0,DEPMASS_1,0.000000000000e+00
2065,0,SCRMASS_1,0.000000000000e+00
2065,0,BEDSED_1,0.000000000000e+00
2065,1,ROSED_1,5.073516465299e-01
2065,1,BPSED_1,0.000000000000e+00
2065,0,DRAT_ISED_2,3.262755494627e+00
2065,0,DRAT_OSED_2,3.262755494627e+00
2065,-1,USSED_2,0.000000000000e+00
2065,-2,LUSED_2,3.262755494627e+00
2065,-1,USSBP_2,0.000000000000e+00
2065,-2,LUSBP_2,0.000000000000e+00
2065,-5,IRWDSED_2,0.000000000000e+00
2065,0,ISED_2,3.262755494627e+00
2065,0,DEPSCR_2,0.000000000000e+00
2065,0,DEPMASS_2,0.000000000000e+00
2065,0,SCRMASS_2,0.000000000000e+00
2065,0,BEDSED_2,0.000000000000e+00
2065,1,ROSED_2,3.262755494627e+00
2065,1,BPSED_2,0.000000000000e+00
2065,0,DRAT_ISED_3,9.427438641431e-01
2065,0,DRAT_OSED_3,9.427438641431e-01
2065,-1,USSED_3,0.000000000000e+00
2065,-2,LUSED_3,9.427438641431e-01
2065,-1,USSBP_3,0.000000000000e+00
2065,-2,LUSBP_3,0.000000000000e+00
2065,-5,IRWDSED_3,0.000000000000e+00
2065,0,ISED_3,9.427438641431e-01
2065,0,DEPSCR_3,0.000000000000e+00
2065,0,DEPMASS_3,0.000000000000e+00
2065,0,SCRMASS_3,0.000000000000e+00
2065,0,BEDSED_3,0.000000000000e+00
2065,1,ROSED_3,9.427438641431e-01
2065,1,BPSED_3,0.000000000000e+00
2065,0,DRAT_IGQL_TN,1.502381913595e+02
2065,0,DRAT_OGQL_TN,1.502381913595e+02
2065,-1,USQUAL_TN,0.000000000000e+00
2065,-2,LUQUAL_TN,1.502381913595e+02
2065,-1,USQUBP_TN,0.000000000000e+00
2065,-2,LUQUBP_TN,0.000000000000e+00
2065,-5,IRWDQUAL_TN,0.000000000000e+00
2065,-7,INFILTQUAL_TN,0.000000000000e+00
2065,-8,INFILTQUALTARGET_TN,0.000000000000e+00
2065,0,ADTOT_TN,0.000000000000e+00
2065,0,IQUAL_TN,1.502381913595e+02
2065,0,ADQAL_TN,0.000000000000e+00
2065,0,DSQAL_TN,0.000000000000e+00
2065,0,DEPQAL_TN,0.000000000000e+00
2065,0,SCRQAL_TN,0.000000000000e+00
2065,1,QUAL_TN,1.502381913595e+02
2065,1,QUBP_TN,0.000000000000e+00
2065,0,DRAT_IGQL_TP,3.082596329748e+01
2065,0,DRAT_OGQL_TP,3.082596329748e+01
2065,-1,USQUAL_TP,0.000000000000e+00
2065,-2,LUQUAL_TP,3.082596329748e+01
2065,-1,USQUBP_TP,0.000000000000e+00
2065,-2,LUQUBP_TP,0.000000000000e+00
2065,-5,IRWDQUAL_TP,0.000000000000e+00
2065,-7,INFILTQUAL_TP,0.000000000000e+00
2065,-8,INFILTQUALTARGET_TP,0.000000000000e+00
2065,0,ADTOT_TP,0.000000000000e+00
2065,0,IQUAL_TP,3.082596329748e+01
2065,0,ADQAL_TP,0.000000000000e+00
2065,0,DSQAL_TP,0.000000000000e+00
2065,0,DEPQAL_TP,0.000000000000e+00
2065,0,SCRQAL_TP,0.000000000000e+00
2065,1,QUAL_TP,3.082596329748e+01
2065,1,QUBP_TP,0.000000000000e+00
2065,0,DRAT_IGQL_TCd,9.720134611479e-02
2065,0,DRAT_OGQL_TCd,9.720134611479e-02
2065,-1,USQUAL_TCd,0.000000000000e+00
2065,-2,LUQUAL_TCd,9.720134611479e-02
2065,-1,USQUBP_TCd,0.000000000000e+00
2065,-2,LUQUBP_TCd,0.000000000000e+00
2065,-5,IRWDQUAL_TCd,0.000000000000e+00
2065,-7,INFILTQUAL_TCd,0.000000000000e+00
2065,-8,INFILTQUALTARGET_TCd,0.000000000000e+00
2065,0,ADTOT_TCd,0.000000000000e+00
2065,0,IQUAL_TCd,9.720134611479e-02
2065,0,ADQAL_TCd,0.000000000000e+00
2065,0,DSQAL_TCd,0.000000000000e+00
2065,0,DEPQAL_TCd,0.000000000000e+00
2065,0,SCRQAL_TCd,0.000000000000e+00
2065,1,QUAL_TCd,9.720134611479e-02
2065,1,QUBP_TCd,0.000000000000e+00
2065,0,DRAT_IGQL_TCu,9.727138249558e+00
2065,0,DRAT_OGQL_TCu,9.727138249558e+00
2065,-1,USQUAL_TCu,0.000000000000e+00
2065,-2,LUQUAL_TCu,9.727138249558e+00
2065,-1,USQUBP_TCu,0.000000000000e+00
2065,-2,LUQUBP_TCu,0.000000000000e+00
2065,-5,IRWDQUAL_TCu,0.000000000000e+00
2065,-7,INFILTQUAL_TCu,0.000000000000e+00
2065,-8,INFILTQUALTARGET_TCu,0.000000000000e+00
2065,0,ADTOT_TCu,0.000000000000e+00
2065,0,IQUAL_TCu,9.727138249558e+00
2065,0,ADQAL_TCu,0.000000000000e+00
2065,0,DSQAL_TCu,0.000000000000e+00
2065,0,DEPQAL_TCu,0.000000000000e+00
2065,0,SCRQAL_TCu,0.000000000000e+00
2065,1,QUAL_TCu,9.727138249558e+00
2065,1,QUBP_TCu,0.000000000000e+00
2065,0,DRAT_IGQL_TPb,2.640414737446e+00
2065,0,DRAT_OGQL_TPb,2.640414737446e+00
2065,-1,USQUAL_TPb,0.000000000000e+00
2065,-2,LUQUAL_TPb,2.640414737446e+00
2065,-1,USQUBP_TPb,0.000000000000e+00
2065,-2,LUQUBP_TPb,0.000000000000e+00
2065,-5,IRWDQUAL_TPb,0.000000000000e+00
2065,-7,INFILTQUAL_TPb,0.000000000000e+00
2065,-8,INFILTQUALTARGET_TPb,0.000000000000e+00
2065,0,ADTOT_TPb,0.000000000000e+00
2065,0,IQUAL_TPb,2.640414737446e+00
2065,0,ADQAL_TPb,0.000000000000e+00
2065,0,DSQAL_TPb,0.000000000000e+00
2065,0,DEPQAL_TPb,0.000000000000e+00
2065,0,SCRQAL_TPb,0.000000000000e+00
2065,1,QUAL_TPb,2.640414737446e+00
2065,1,QUBP_TPb,0.000000000000e+00
2065,0,DRAT_IGQL_TZn,4.569307801108e+01
2065,0,DRAT_OGQL_TZn,4.569307801108e+01
2065,-1,USQUAL_TZn,0.000000000000e+00
2065,-2,LUQUAL_TZn,4.569307801108e+01
2065,-1,USQUBP_TZn,0.000000000000e+00
2065,-2,LUQUBP_TZn,0.000000000000e+00
2065,-5,IRWDQUAL_TZn,0.000000000000e+00
2065,-7,INFILTQUAL_TZn,0.000000000000e+00
2065,-8,INFILTQUALTARGET_TZn,0.000000000000e+00
2065,0,ADTOT_TZn,0.000000000000e+00
2065,0,IQUAL_TZn,4.569307801108e+01
2065,0,ADQAL_TZn,0.000000000000e+00
2065,0,DSQAL_TZn,0.000000000000e+00
2065,0,DEPQAL_TZn,0.000000000000e+00
2065,0,SCRQAL_TZn,0.000000000000e+00
2065,1,QUAL_TZn,4.569307801108e+01
2065,1,QUBP_TZn,0.000000000000e+00
2067,0,DRAT_IVOL,6.571505585563e+05
2067,0,DRAT_OVOL,6.571505585563e+05
2067,-1,USLINK,0.000000000000e+00
2067,-1,PCP,0.000000000000e+00
2067,-1,EVAP,0.000000000000e+00
2067,-1,INFILT,0.000000000000e+00
2067,-1,USIF,0.000000000000e+00
2067,-2,LUIF,6.571505585563e+05
2067,-1,USBP,0.000000000000e+00
2067,-2,LUBP,0.000000000000e+00
2067,-5,IRWD,0.000000000000e+00
2067,0,IVOL,6.571505585563e+05
2067,1,RO,6.571505585563e+05
2067,1,BP,0.000000000000e+00
2067,0,DRAT_ISED_1,2.829119173114e-01
2067,0,DRAT_OSED_1,2.829119173114e-01
2067,-1,USSED_1,0.000000000000e+00
2067,-2,LUSED_1,2.829119173114e-01
2067,-1,USSBP_1,0.000000000000e+00
2067,-2,LUSBP_1,0.000000000000e+00
2067,-5,IRWDSED_1,0.000000000000e+00
2067,0,ISED_1,2.829119173114e-01
2067,0,DEPSCR_1,0.000000000000e+00
2067,0,DEPMASS_1,0.000000000000e+00
2067,0,SCRMASS_1,0.000000000000e+00
2067,0,BEDSED_1,0.000000000000e+00
2067,1,ROSED_1,2.829119173114e-01
2067,1,BPSED_1,0.000000000000e+00
2067,0,DRAT_ISED_2,1.635545971883e+00
2067,0,DRAT_OSED_2,1.635545971883e+00
2067,-1,USSED_2,0.000000000000e+00
2067,-2,LUSED_2,1.635545971883e+00
2067,-1,USSBP_2,0.000000000000e+00
2067,-2,LUSBP_2,0.000000000000e+00
2067,-5,IRWDSED_2,0.000000000000e+00
2067,0,ISED_2,1.635545971883e+00
2067,0,DEPSCR_2,0.000000000000e+00
2067,0,DEPMASS_2,0.000000000000e+00
2067,0,SCRMASS_2,0.000000000000e+00
2067,0,BEDSED_2,0.000000000000e+00
2067,1,ROSED_2,1.635545971883e+00
2067,1,BPSED_2,0.000000000000e+00
2067,0,DRAT_ISED_3,4.798310491245e-01
2067,0,DRAT_OSED_3,4.798310491245e-01
2067,-1,USSED_3,0.000000000000e+00
2067,-2,LUSED_3,4.798310491245e-01
2067,-1,USSBP_3,0.000000000000e+00
2067,-2,LUSBP_3,0.000000000000e+00
2067,-5,IRWDSED_3,0.000000000000e+00
2067,0,ISED_3,4.798310491245e-01
2067,0,DEPSCR_3,0.000000000000e+00
2067,0,DEPMASS_3,0.000000000000e+00
2067,0,SCRMASS_3,0.000000000000e+00
2067,0,BEDSED_3,0.000000000000e+00
2067,1,ROSED_3,4.798310491245e-01
2067,1,BPSED_3,0.000000000000e+00
2067,0,DRAT_IGQL_TN,8.353288850898e+01
2067,0,DRAT_OGQL_TN,8.353288850898e+01
2067,-1,USQUAL_TN,0.000000000000e+00
2067,-2,LUQUAL_TN,8.353288850898e+01
2067,-1,USQUBP_TN,0.000000000000e+00
2067,-2,LUQUBP_TN,0.000000000000e+00
2067,-5,IRWDQUAL_TN,0.000000000000e+00
2067,-7,INFILTQUAL_TN,0.000000000000e+00
2067,-8,INFILTQUALTARGET_TN,0.000000000000e+00
2067,0,ADTOT_TN,0.000000000000e+00
2067,0,IQUAL_TN,8.353288850898e+01
2067,0,ADQAL_TN,0.000000000000e+00
2067,0,DSQAL_TN,0.000000000000e+00
2067,0,DEPQAL_TN,0.000000000000e+00
2067,0,SCRQAL_TN,0.000000000000e+00
2067,1,QUAL_TN,8.353288850898e+01
2067,1,QUBP_TN,0.000000000000e+00
2067,0,DRAT_IGQL_TP,1.431591491485e+01
2067,0,DRAT_OGQL_TP,1.431591491485e+01
2067,-1,USQUAL_TP,0.000000000000e+00
2067,-2,LUQUAL_TP,1.431591491485e+01
2067,-1,USQUBP_TP,0.000000000000e+00
2067,-2,LUQUBP_TP,0.000000000000e+00
2067,-5,IRWDQUAL_TP,0.000000000000e+00
2067,-7,INFILTQUAL_TP,0.000000000000e+00
2067,-8,INFILTQUALTARGET_TP,0.000000000000e+00
2067,0,ADTOT_TP,0.000000000000e+00
2067,0,IQUAL_TP,1.431591491485e+01
2067,0,ADQAL_TP,0.000000000000e+00
2067,0,DSQAL_TP,0.000000000000e+00
2067,0,DEPQAL_TP,0.000000000000e+00
2067,0,SCRQAL_TP,0.000000000000e+00
2067,1,QUAL_TP,1.431591491485e+01
2067,1,QUBP_TP,0.000000000000e+00
2067,0,DRAT_IGQL_TCd,4.159614490858e-02
2067,0,DRAT_OGQL_TCd,4.159614490858e-02
2067,-1,USQUAL_TCd,0.000000000000e+00
2067,-2,LUQUAL_TCd,4.159614490858e-02
2067,-1,USQUBP_TCd,0.000000000000e+00
2067,-2,LUQUBP_TCd,0.000000000000e+00
2067,-5,IRWDQUAL_TCd,0.000000000000e+00
2067,-7,INFILTQUAL_TCd,0.000000000000e+00
2067,-8,INFILTQUALTARGET_TCd,0.000000000000e+00
2067,0,ADTOT_TCd,0.000000000000e+00
2067,0,IQUAL_TCd,4.159614490858e-02
2067,0,ADQAL_TCd,0.000000000000e+00
2067,0,DSQAL_TCd,0.000000000000e+00
2067,0,DEPQAL_TCd,0.000000000000e+00
2067,0,SCRQAL_TCd,0.000000000000e+00
2067,1,QUAL_TCd,4.159614490858e-02
2067,1,QUBP_TCd,0.000000000000e+00
2067,0,DRAT_IGQL_TCu,4.166456834079e+00
2067,0,DRAT_OGQL_TCu,4.166456834079e+00
2067,-1,USQUAL_TCu,0.000000000000e+00
2067,-2,LUQUAL_TCu,4.166456834079e+00
2067,-1,USQUBP_TCu,0.000000000000e+00
2067,-2,LUQUBP_TCu,0.000000000000e+00
2067,-5,IRWDQUAL_TCu,0.000000000000e+00
2067,-7,INFILTQUAL_TCu,0.000000000000e+00
2067,-8,INFILTQUALTARGET_TCu,0.000000000000e+00
2067,0,ADTOT_TCu,0.000000000000e+00
2067,0,IQUAL_TCu,4.166456834079e+00
2067,0,ADQAL_TCu,0.000000000000e+00
2067,0,DSQAL_TCu,0.000000000000e+00
2067,0,DEPQAL_TCu,0.000000000000e+00
2067,0,SCRQAL_TCu,0.000000000000e+00
2067,1,QUAL_TCu,4.166456834079e+00
2067,1,QUBP_TCu,0.000000000000e+00
2067,0,DRAT_IGQL_TPb,1.132081365142e+00
2067,0,DRAT_OGQL_TPb,1.132081365142e+00
2067,-1,USQUAL_TPb,0.000000000000e+00
2067,-2,LUQUAL_TPb,1.132081365142e+00
2067,-1,USQUBP_TPb,0.000000000000e+00
2067,-2,LUQUBP_TPb,0.000000000000e+00
2067,-5,IRWDQUAL_TPb,0.000000000000e+00
2067,-7,INFILTQUAL_TPb,0.000000000000e+00
2067,-8,INFILTQUALTARGET_TPb,0.000000000000e+00
2067,0,ADTOT_TPb,0.000000000000e+00
2067,0,IQUAL_TPb,1.132081365142e+00
2067,0,ADQAL_TPb,0.000000000000e+00
2067,0,DSQAL_TPb,0.000000000000e+00
2067,0,DEPQAL_TPb,0.000000000000e+00
2067,0,SCRQAL_TPb,0.000000000000e+00
2067,1,QUAL_TPb,1.132081365142e+00
2067,1,QUBP_TPb,0.000000000000e+00
2067,0,DRAT_IGQL_TZn,1.968496196935e+01
2067,0,DRAT_OGQL_TZn,1.968496196935e+01
2067,-1,USQUAL_TZn,0.000000000000e+00
2067,-2,LUQUAL_TZn,1.968496196935e+01
2067,-1,USQUBP_TZn,0.000000000000e+00
2067,-2,LUQUBP_TZn,0.000000000000e+00
2067,-5,IRWDQUAL_TZn,0.000000000000e+00
2067,-7,INFILTQUAL_TZn,0.000000000000e+00
2067,-8,INFILTQUALTARGET_TZn,0.000000000000e+00
2067,0,ADTOT_TZn,0.000000000000e+00
2067,0,IQUAL_TZn,1.968496196935e+01
2067,0,ADQAL_TZn,0.000000000000e+00
2067,0,DSQAL_TZn,0.000000000000e+00
2067,0,DEPQAL_TZn,0.000000000000e+00
2067,0,SCRQAL_TZn,0.000000000000e+00
2067,1,QUAL_TZn,1.968496196935e+01
2067,1,QUBP_TZn,0.000000000000e+00
2069,0,DRAT_IVOL,3.949071413113e+06
2069,0,DRAT_OVOL,3.949071413113e+06
2069,-1,USLINK,0.000000000000e+00
2069,-1,PCP,0.000000000000e+00
2069,-1,EVAP,0.000000000000e+00
2069,-1,INFILT,0.000000000000e+00
2069,-1,USIF,0.000000000000e+00
2069,-2,LUIF,3.949071413113e+06
2069,-1,USBP,0.000000000000e+00
2069,-2,LUBP,0.000000000000e+00
2069,-5,IRWD,0.000000000000e+00
2069,0,IVOL,3.949071413113e+06
2069,1,RO,3.949071413113e+06
2069,1,BP,0.000000000000e+00
2069,0,DRAT_ISED_1,2.175487779123e+00
2069,0,DRAT_OSED_1,2.175487779123e+00
2069,-1,USSED_1,0.000000000000e+00
2069,-2,LUSED_1,2.175487779123e+00
2069,-1,USSBP_1,0.000000000000e+00
2069,-2,LUSBP_1,0.000000000000e+00
2069,-5,IRWDSED_1,0.000000000000e+00
2069,0,ISED_1,2.175487779123e+00
2069,0,DEPSCR_1,0.000000000000e+00
2069,0,DEPMASS_1,0.000000000000e+00
2069,0,SCRMASS_1,0.000000000000e+00
2069,0,BEDSED_1,0.000000000000e+00
2069,1,ROSED_1,2.175487779123e+00
2069,1,BPSED_1,0.000000000000e+00
2069,0,DRAT_ISED_2,1.056017685567e+01
2069,0,DRAT_OSED_2,1.056017685567e+01
2069,-1,USSED_2,0.000000000000e+00
2069,-2,LUSED_2,1.056017685567e+01
2069,-1,USSBP_2,0.000000000000e+00
2069,-2,LUSBP_2,0.000000000000e+00
2069,-5,IRWDSED_2,0.000000000000e+00
2069,0,ISED_2,1.056017685567e+01
2069,0,DEPSCR_2,0.000000000000e+00
2069,0,DEPMASS_2,0.000000000000e+00
2069,0,SCRMASS_2,0.000000000000e+00
2069,0,BEDSED_2,0.000000000000e+00
2069,1,ROSED_2,1.056017685567e+01
2069,1,BPSED_2,0.000000000000e+00
2069,0,DRAT_ISED_3,3.186697403781e+00
2069,0,DRAT_OSED_3,3.186697403781e+00
2069,-1,USSED_3,0.000000000000e+00
2069,-2,LUSED_3,3.186697403781e+00
2069,-1,USSBP_3,0.000000000000e+00
2069,-2,LUSBP_3,0.000000000000e+00
2069,-5,IRWDSED_3,0.000000000000e+00
2069,0,ISED_3,3.186697403781e+00
2069,0,DEPSCR_3,0.000000000000e+00
2069,0,DEPMASS_3,0.000000000000e+00
2069,0,SCRMASS_3,0.000000000000e+00
2069,0,BEDSED_3,0.000000000000e+00
2069,1,ROSED_3,3.186697403781e+00
2069,1,BPSED_3,0.000000000000e+00
2069,0,DRAT_IGQL_TN,5.261835725713e+02
2069,0,DRAT_OGQL_TN,5.261835725713e+02
2069,-1,USQUAL_TN,0.000000000000e+00
2069,-2,LUQUAL_TN,5.261835725713e+02
2069,-1,USQUBP_TN,0.000000000000e+00
2069,-2,LUQUBP_TN,0.000000000000e+00
2069,-5,IRWDQUAL_TN,0.000000000000e+00
2069,-7,INFILTQUAL_TN,0.000000000000e+00
2069,-8,INFILTQUALTARGET_TN,0.000000000000e+00
2069,0,ADTOT_TN,0.000000000000e+00
2069,0,IQUAL_TN,5.261835725713e+02
2069,0,ADQAL_TN,0.000000000000e+00
2069,0,DSQAL_TN,0.000000000000e+00
2069,0,DEPQAL_TN,0.000000000000e+00
2069,0,SCRQAL_TN,0.000000000000e+00
2069,1,QUAL_TN,5.261835725713e+02
2069,1,QUBP_TN,0.000000000000e+00
2069,0,DRAT_IGQL_TP,9.373026167509e+01
2069,0,DRAT_OGQL_TP,9.373026167509e+01
2069,-1,USQUAL_TP,0.000000000000e+00
2069,-2,LUQUAL_TP,9.373026167509e+01
2069,-1,USQUBP_TP,0.000000000000e+00
2069,-2,LUQUBP_TP,0.000000000000e+00
2069,-5,IRWDQUAL_TP,0.000000000000e+00
2069,-7,INFILTQUAL_TP,0.000000000000e+00
2069,-8,INFILTQUALTARGET_TP,0.000000000000e+00
2069,0,ADTOT_TP,0.000000000000e+00
2069,0,IQUAL_TP,9.373026167509e+01
2069,0,ADQAL_TP,0.000000000000e+00
2069,0,DSQAL_TP,0.000000000000e+00
2069,0,DEPQAL_TP,0.000000000000e+00
2069,0,SCRQAL_TP,0.000000000000e+00
2069,1,QUAL_TP,9.373026167509e+01
2069,1,QUBP_TP,0.000000000000e+00
2069,0,DRAT_IGQL_TCd,2.205075444800e-01
2069,0,DRAT_OGQL_TCd,2.205075444800e-01
2069,-1,USQUAL_TCd,0.000000000000e+00
2069,-2,LUQUAL_TCd,2.205075444800e-01
2069,-1,USQUBP_TCd,0.000000000000e+00
2069,-2,LUQUBP_TCd,0.000000000000e+00
2069,-5,IRWDQUAL_TCd,0.000000000000e+00
2069,-7,INFILTQUAL_TCd,0.000000000000e+00
2069,-8,INFILTQUALTARGET_TCd,0.000000000000e+00
2069,0,ADTOT_TCd,0.000000000000e+00
2069,0,IQUAL_TCd,2.205075444800e-01
2069,0,ADQAL_TCd,0.000000000000e+00
2069,0,DSQAL_TCd,0.000000000000e+00
2069,0,DEPQAL_TCd,0.000000000000e+00
2069,0,SCRQAL_TCd,0.000000000000e+00
2069,1,QUAL_TCd,2.205075444800e-01
2069,1,QUBP_TCd,0.000000000000e+00
2069,0,DRAT_IGQL_TCu,2.214271741336e+01
2069,0,DRAT_OGQL_TCu,2.214271741336e+01
2069,-1,USQUAL_TCu,0.000000000000e+00
2069,-2,LUQUAL_TCu,2.214271741336e+01
2069,-1,USQUBP_TCu,0.000000000000e+00
2069,-2,LUQUBP_TCu,0.000000000000e+00
2069,-5,IRWDQUAL_TCu,0.000000000000e+00
2069,-7,INFILTQUAL_TCu,0.000000000000e+00
2069,-8,INFILTQUALTARGET_TCu,0.000000000000e+00
2069,0,ADTOT_TCu,0.000000000000e+00
2069,0,IQUAL_TCu,2.214271741336e+01
2069,0,ADQAL_TCu,0.000000000000e+00
2069,0,DSQAL_TCu,0.000000000000e+00
2069,0,DEPQAL_TCu,0.000000000000e+00
2069,0,SCRQAL_TCu,0.000000000000e+00
2069,1,QUAL_TCu,2.214271741336e+01
2069,1,QUBP_TCu,0.000000000000e+00
2069,0,DRAT_IGQL_TPb,5.851792622915e+00
2069,0,DRAT_OGQL_TPb,5.851792622915e+00
2069,-1,USQUAL_TPb,0.000000000000e+00
2069,-2,LUQUAL_TPb,5.851792622915e+00
2069,-1,USQUBP_TPb,0.000000000000e+00
2069,-2,LUQUBP_TPb,0.000000000000e+00
2069,-5,IRWDQUAL_TPb,0.000000000000e+00
2069,-7,INFILTQUAL_TPb,0.000000000000e+00
2069,-8,INFILTQUALTARGET_TPb,0.000000000000e+00
2069,0,ADTOT_TPb,0.000000000000e+00
2069,0,IQUAL_TPb,5.851792622915e+00
2069,0,ADQAL_TPb,0.000000000000e+00
2069,0,DSQAL_TPb,0.000000000000e+00
2069,0,DEPQAL_TPb,0.000000000000e+00
2069,0,SCRQAL_TPb,0.000000000000e+00
2069,1,QUAL_TPb,5.851792622915e+00
2069,1,QUBP_TPb,0.000000000000e+00
2069,0,DRAT_IGQL_TZn,9.564174248365e+01
2069,0,DRAT_OGQL_TZn,9.564174248365e+01
2069,-1,USQUAL_TZn,0.000000000000e+00
2069,-2,LUQUAL_TZn,9.564174248365e+01
2069,-1,USQUBP_TZn,0.000000000000e+00
2069,-2,LUQUBP_TZn,0.000000000000e+00
2069,-5,IRWDQUAL_TZn,0.000000000000e+00
2069,-7,INFILTQUAL_TZn,0.000000000000e+00
2069,-8,INFILTQUALTARGET_TZn,0.000000000000e+00
2069,0,ADTOT_TZn,0.000000000000e+00
2069,0,IQUAL_TZn,9.564174248365e+01
2069,0,ADQAL_TZn,0.000000000000e+00
2069,0,DSQAL_TZn,0.000000000000e+00
2069,0,DEPQAL_TZn,0.000000000000e+00
2069,0,SCRQAL_TZn,0.000000000000e+00
2069,1,QUAL_TZn,9.564174248365e+01
2069,1,QUBP_TZn,0.000000000000e+00
2071,0,DRAT_IVOL,3.922837441388e+06
2071,0,DRAT_OVOL,3.922837441388e+06
2071,-1,USLINK,0.000000000000e+00
2071,-1,PCP,0.000000000000e+00
2071,-1,EVAP,0.000000000000e+00
2071,-1,INFILT,0.000000000000e+00
2071,-1,USIF,0.000000000000e+00
2071,-2,LUIF,3.922837441388e+06
2071,-1,USBP,0.000000000000e+00
2071,-2,LUBP,0.000000000000e+00
2071,-5,IRWD,0.000000000000e+00
2071,0,IVOL,3.922837441388e+06
2071,1,RO,3.922837441388e+06
2071,1,BP,0.000000000000e+00
2071,0,DRAT_ISED_1,1.986432735668e+00
2071,0,DRAT_OSED_1,1.986432735668e+00
2071,-1,USSED_1,0.000000000000e+00
2071,-2,LUSED_1,1.986432735668e+00
2071,-1,USSBP_1,0.000000000000e+00
2071,-2,LUSBP_1,0.000000000000e+00
2071,-5,IRWDSED_1,0.000000000000e+00
2071,0,ISED_1,1.986432735668e+00
2071,0,DEPSCR_1,0.000000000000e+00
2071,0,DEPMASS_1,0.000000000000e+00
2071,0,SCRMASS_1,0.000000000000e+00
2071,0,BEDSED_1,0.000000000000e+00
2071,1,ROSED_1,1.986432735668e+00
2071,1,BPSED_1,0.000000000000e+00
2071,0,DRAT_ISED_2,8.170642515272e+00
2071,0,DRAT_OSED_2,8.170642515272e+00
2071,-1,USSED_2,0.000000000000e+00
2071,-2,LUSED_2,8.170642515272e+00
2071,-1,USSBP_2,0.000000000000e+00
2071,-2,LUSBP_2,0.000000000000e+00
2071,-5,IRWDSED_2,0.000000000000e+00
2071,0,ISED_2,8.170642515272e+00
2071,0,DEPSCR_2,0.000000000000e+00
2071,0,DEPMASS_2,0.000000000000e+00
2071,0,SCRMASS_2,0.000000000000e+00
2071,0,BEDSED_2,0.000000000000e+00
2071,1,ROSED_2,8.170642515272e+00
2071,1,BPSED_2,0.000000000000e+00
2071,0,DRAT_ISED_3,2.575522374946e+00
2071,0,DRAT_OSED_3,2.575522374946e+00
2071,-1,USSED_3,0.000000000000e+00
2071,-2,LUSED_3,2.575522374946e+00
2071,-1,USSBP_3,0.000000000000e+00
2071,-2,LUSBP_3,0.000000000000e+00
2071,-5,IRWDSED_3,0.000000000000e+00
2071,0,ISED_3,2.575522374946e+00
2071,0,DEPSCR_3,0.000000000000e+00
2071,0,DEPMASS_3,0.000000000000e+00
2071,0,SCRMASS_3,0.000000000000e+00
2071,0,BEDSED_3,0.000000000000e+00
2071,1,ROSED_3,2.575522374946e+00
2071,1,BPSED_3,0.000000000000e+00
2071,0,DRAT_IGQL_TN,5.415778963507e+02
2071,0,DRAT_OGQL_TN,5.415778963507e+02
2071,-1,USQUAL_TN,0.000000000000e+00
2071,-2,LUQUAL_TN,5.415778963507e+02
2071,-1,USQUBP_TN,0.000000000000e+00
2071,-2,LUQUBP_TN,0.000000000000e+00
2071,-5,IRWDQUAL_TN,0.000000000000e+00
2071,-7,INFILTQUAL_TN,0.000000000000e+00
2071,-8,INFILTQUALTARGET_TN,0.000000000000e+00
2071,0,ADTOT_TN,0.000000000000e+00
2071,0,IQUAL_TN,5.415778963507e+02
2071,0,ADQAL_TN,0.000000000000e+00
2071,0,DSQAL_TN,0.000000000000e+00
2071,0,DEPQAL_TN,0.000000000000e+00
2071,0,SCRQAL_TN,0.000000000000e+00
2071,1,QUAL_TN,5.415778963507e+02
2071,1,QUBP_TN,0.000000000000e+00
2071,0,DRAT_IGQL_TP,6.883712331472e+01
2071,0,DRAT_OGQL_TP,6.883712331472e+01
2071,-1,USQUAL_TP,0.000000000000e+00
2071,-2,LUQUAL_TP,6.883712331472e+01
2071,-1,USQUBP_TP,0.000000000000e+00
2071,-2,LUQUBP_TP,0.000000000000e+00
2071,-5,IRWDQUAL_TP,0.000000000000e+00
2071,-7,INFILTQUAL_TP,0.000000000000e+00
2071,-8,INFILTQUALTARGET_TP,0.000000000000e+00
2071,0,ADTOT_TP,0.000000000000e+00
2071,0,IQUAL_TP,6.883712331472e+01
2071,0,ADQAL_TP,0.000000000000e+00
2071,0,DSQAL_TP,0.000000000000e+00
2071,0,DEPQAL_TP,0.000000000000e+00
2071,0,SCRQAL_TP,0.000000000000e+00
2071,1,QUAL_TP,6.883712331472e+01
2071,1,QUBP_TP,0.000000000000e+00
2071,0,DRAT_IGQL_TCd,1.226511154772e-01
2071,0,DRAT_OGQL_TCd,1.226511154772e-01
2071,-1,USQUAL_TCd,0.000000000000e+00
2071,-2,LUQUAL_TCd,1.226511154772e-01
2071,-1,USQUBP_TCd,0.000000000000e+00
2071,-2,LUQUBP_TCd,0.000000000000e+00
2071,-5,IRWDQUAL_TCd,0.000000000000e+00
2071,-7,INFILTQUAL_TCd,0.000000000000e+00
2071,-8,INFILTQUALTARGET_TCd,0.000000000000e+00
2071,0,ADTOT_TCd,0.000000000000e+00
2071,0,IQUAL_TCd,1.226511154772e-01
2071,0,ADQAL_TCd,0.000000000000e+00
2071,0,DSQAL_TCd,0.000000000000e+00
2071,0,DEPQAL_TCd,0.000000000000e+00
2071,0,SCRQAL_TCd,0.000000000000e+00
2071,1,QUAL_TCd,1.226511154772e-01
2071,1,QUBP_TCd,0.000000000000e+00
2071,0,DRAT_IGQL_TCu,1.239299637913e+01
2071,0,DRAT_OGQL_TCu,1.239299637913e+01
2071,-1,USQUAL_TCu,0.000000000000e+00
2071,-2,LUQUAL_TCu,1.239299637913e+01
2071,-1,USQUBP_TCu,0.000000000000e+00
2071,-2,LUQUBP_TCu,0.000000000000e+00
2071,-5,IRWDQUAL_TCu,0.000000000000e+00
2071,-7,INFILTQUAL_TCu,0.000000000000e+00
2071,-8,INFILTQUALTARGET_TCu,0.000000000000e+00
2071,0,ADTOT_TCu,0.000000000000e+00
2071,0,IQUAL_TCu,1.239299637913e+01
2071,0,ADQAL_TCu,0.000000000000e+00
2071,0,DSQAL_TCu,0.000000000000e+00
2071,0,DEPQAL_TCu,0.000000000000e+00
2071,0,SCRQAL_TCu,0.000000000000e+00
2071,1,QUAL_TCu,1.239299637913e+01
2071,1,QUBP_TCu,0.000000000000e+00
2071,0,DRAT_IGQL_TPb,3.498061459584e+00
2071,0,DRAT_OGQL_TPb,3.498061459584e+00
2071,-1,USQUAL_TPb,0.000000000000e+00
2071,-2,LUQUAL_TPb,3.498061459584e+00
2071,-1,USQUBP_TPb,0.000000000000e+00
2071,-2,LUQUBP_TPb,0.000000000000e+00
2071,-5,IRWDQUAL_TPb,0.000000000000e+00
2071,-7,INFILTQUAL_TPb,0.000000000000e+00
2071,-8,INFILTQUALTARGET_TPb,0.000000000000e+00
2071,0,ADTOT_TPb,0.000000000000e+00
2071,0,IQUAL_TPb,3.498061459584e+00
2071,0,ADQAL_TPb,0.000000000000e+00
2071,0,DSQAL_TPb,0.000000000000e+00
2071,0,DEPQAL_TPb,0.000000000000e+00
2071,0,SCRQAL_TPb,0.000000000000e+00
2071,1,QUAL_TPb,3.498061459584e+00
2071,1,QUBP_TPb,0.000000000000e+00
2071,0,DRAT_IGQL_TZn,5.447475141659e+01
2071,0,DRAT_OGQL_TZn,5.447475141659e+01
2071,-1,USQUAL_TZn,0.000000000000e+00
2071,-2,LUQUAL_TZn,5.447475141659e+01
2071,-1,USQUBP_TZn,0.000000000000e+00
2071,-2,LUQUBP_TZn,0.000000000000e+00
2071,-5,IRWDQUAL_TZn,0.000000000000e+00
2071,-7,INFILTQUAL_TZn,0.000000000000e+00
2071,-8,INFILTQUALTARGET_TZn,0.000000000000e+00
2071,0,ADTOT_TZn,0.000000000000e+00
2071,0,IQUAL_TZn,5.447475141659e+01
2071,0,ADQAL_TZn,0.000000000000e+00
2071,0,DSQAL_TZn,0.000000000000e+00
2071,0,DEPQAL_TZn,0.000000000000e+00
2071,0,SCRQAL_TZn,0.000000000000e+00
2071,1,QUAL_TZn,5.447475141659e+01
2071,1,QUBP_TZn,0.000000000000e+00
2072,0,DRAT_IVOL,2.516481508800e+06
2072,0,DRAT_OVOL,2.516481508800e+06
2072,-1,USLINK,0.000000000000e+00
2072,-1,PCP,0.000000000000e+00
2072,-1,EVAP,0.000000000000e+00
2072,-1,INFILT,0.000000000000e+00
2072,-1,USIF,0.000000000000e+00
2072,-2,LUIF,2.516481508800e+06
2072,-1,USBP,0.000000000000e+00
2072,-2,LUBP,0.000000000000e+00
2072,-5,IRWD,0.000000000000e+00
2072,0,IVOL,2.516481508800e+06
2072,1,RO,2.516481508800e+06
2072,1,BP,0.000000000000e+00
2072,0,DRAT_ISED_1,1.273427618297e+00
2072,0,DRAT_OSED_1,1.273427618297e+00
2072,-1,USSED_1,0.000000000000e+00
2072,-2,LUSED_1,1.273427618297e+00
2072,-1,USSBP_1,0.000000000000e+00
2072,-2,LUSBP_1,0.000000000000e+00
2072,-5,IRWDSED_1,0.000000000000e+00
2072,0,ISED_1,1.273427618297e+00
2072,0,DEPSCR_1,0.000000000000e+00
2072,0,DEPMASS_1,0.000000000000e+00
2072,0,SCRMASS_1,0.000000000000e+00
2072,0,BEDSED_1,0.000000000000e+00
2072,1,ROSED_1,1.273427618297e+00
2072,1,BPSED_1,0.000000000000e+00
2072,0,DRAT_ISED_2,5.656405286829e+00
2072,0,DRAT_OSED_2,5.656405286829e+00
2072,-1,USSED_2,0.000000000000e+00
2072,-2,LUSED_2,5.656405286829e+00
2072,-1,USSBP_2,0.000000000000e+00
2072,-2,LUSBP_2,0.000000000000e+00
2072,-5,IRWDSED_2,0.000000000000e+00
2072,0,ISED_2,5.656405286829e+00
2072,0,DEPSCR_2,0.000000000000e+00
2072,0,DEPMASS_2,0.000000000000e+00
2072,0,SCRMASS_2,0.000000000000e+00
2072,0,BEDSED_2,0.000000000000e+00
2072,1,ROSED_2,5.656405286829e+00
2072,1,BPSED_2,0.000000000000e+00
2072,0,DRAT_ISED_3,1.736297318215e+00
2072,0,DRAT_OSED_3,1.736297318215e+00
2072,-1,USSED_3,0.000000000000e+00
2072,-2,LUSED_3,1.736297318215e+00
2072,-1,USSBP_3,0.000000000000e+00
2072,-2,LUSBP_3,0.000000000000e+00
2072,-5,IRWDSED_3,0.000000000000e+00
2072,0,ISED_3,1.736297318215e+00
2072,0,DEPSCR_3,0.000000000000e+00
2072,0,DEPMASS_3,0.000000000000e+00
2072,0,SCRMASS_3,0.000000000000e+00
2072,0,BEDSED_3,0.000000000000e+00
2072,1,ROSED_3,1.736297318215e+00
2072,1,BPSED_3,0.000000000000e+00
2072,0,DRAT_IGQL_TN,3.594068723023e+02
2072,0,DRAT_OGQL_TN,3.594068723023e+02
2072,-1,USQUAL_TN,0.000000000000e+00
2072,-2,LUQUAL_TN,3.594068723023e+02
2072,-1,USQUBP_TN,0.000000000000e+00
2072,-2,LUQUBP_TN,0.000000000000e+00
2072,-5,IRWDQUAL_TN,0.000000000000e+00
2072,-7,INFILTQUAL_TN,0.000000000000e+00
2072,-8,INFILTQUALTARGET_TN,0.000000000000e+00
2072,0,ADTOT_TN,0.000000000000e+00
2072,0,IQUAL_TN,3.594068723023e+02
2072,0,ADQAL_TN,0.000000000000e+00
2072,0,DSQAL_TN,0.000000000000e+00
2072,0,DEPQAL_TN,0.000000000000e+00
2072,0,SCRQAL_TN,0.000000000000e+00
2072,1,QUAL_TN,3.594068723023e+02
2072,1,QUBP_TN,0.000000000000e+00
2072,0,DRAT_IGQL_TP,4.834177579755e+01
2072,0,DRAT_OGQL_TP,4.834177579755e+01
2072,-1,USQUAL_TP,0.000000000000e+00
2072,-2,LUQUAL_TP,4.834177579755e+01
2072,-1,USQUBP_TP,0.000000000000e+00
2072,-2,LUQUBP_TP,0.000000000000e+00
2072,-5,IRWDQUAL_TP,0.000000000000e+00
2072,-7,INFILTQUAL_TP,0.000000000000e+00
2072,-8,INFILTQUALTARGET_TP,0.000000000000e+00
2072,0,ADTOT_TP,0.000000000000e+00
2072,0,IQUAL_TP,4.834177579755e+01
2072,0,ADQAL_TP,0.000000000000e+00
2072,0,DSQAL_TP,0.000000000000e+00
2072,0,DEPQAL_TP,0.000000000000e+00
2072,0,SCRQAL_TP,0.000000000000e+00
2072,1,QUAL_TP,4.834177579755e+01
2072,1,QUBP_TP,0.000000000000e+00
2072,0,DRAT_IGQL_TCd,8.877977530617e-02
2072,0,DRAT_OGQL_TCd,8.877977530617e-02
2072,-1,USQUAL_TCd,0.000000000000e+00
2072,-2,LUQUAL_TCd,8.877977530617e-02
2072,-1,USQUBP_TCd,0.000000000000e+00
2072,-2,LUQUBP_TCd,0.000000000000e+00
2072,-5,IRWDQUAL_TCd,0.000000000000e+00
2072,-7,INFILTQUAL_TCd,0.000000000000e+00
2072,-8,INFILTQUALTARGET_TCd,0.000000000000e+00
2072,0,ADTOT_TCd,0.000000000000e+00
2072,0,IQUAL_TCd,8.877977530617e-02
2072,0,ADQAL_TCd,0.000000000000e+00
2072,0,DSQAL_TCd,0.000000000000e+00
2072,0,DEPQAL_TCd,0.000000000000e+00
2072,0,SCRQAL_TCd,0.000000000000e+00
2072,1,QUAL_TCd,8.877977530617e-02
2072,1,QUBP_TCd,0.000000000000e+00
2072,0,DRAT_IGQL_TCu,8.946318425819e+00
2072,0,DRAT_OGQL_TCu,8.946318425819e+00
2072,-1,USQUAL_TCu,0.000000000000e+00
2072,-2,LUQUAL_TCu,8.946318425819e+00
2072,-1,USQUBP_TCu,0.000000000000e+00
2072,-2,LUQUBP_TCu,0.000000000000e+00
2072,-5,IRWDQUAL_TCu,0.000000000000e+00
2072,-7,INFILTQUAL_TCu,0.000000000000e+00
2072,-8,INFILTQUALTARGET_TCu,0.000000000000e+00
2072,0,ADTOT_TCu,0.000000000000e+00
2072,0,IQUAL_TCu,8.946318425819e+00
2072,0,ADQAL_TCu,0.000000000000e+00
2072,0,DSQAL_TCu,0.000000000000e+00
2072,0,DEPQAL_TCu,0.000000000000e+00
2072,0,SCRQAL_TCu,0.000000000000e+00
2072,1,QUAL_TCu,8.946318425819e+00
2072,1,QUBP_TCu,0.000000000000e+00
2072,0,DRAT_IGQL_TPb,2.572312752549e+00
2072,0,DRAT_OGQL_TPb,2.572312752549e+00
2072,-1,USQUAL_TPb,0.000000000000e+00
2072,-2,LUQUAL_TPb,2.572312752549e+00
2072,-1,USQUBP_TPb,0.000000000000e+00
2072,-2,LUQUBP_TPb,0.000000000000e+00
2072,-5,IRWDQUAL_TPb,0.000000000000e+00
2072,-7,INFILTQUAL_TPb,0.000000000000e+00
2072,-8,INFILTQUALTARGET_TPb,0.000000000000e+00
2072,0,ADTOT_TPb,0.000000000000e+00
2072,0,IQUAL_TPb,2.572312752549e+00
2072,0,ADQAL_TPb,0.000000000000e+00
2072,0,DSQAL_TPb,0.000000000000e+00
2072,0,DEPQAL_TPb,0.000000000000e+00
2072,0,SCRQAL_TPb,0.000000000000e+00
2072,1,QUAL_TPb,2.572312752549e+00
2072,1,QUBP_TPb,0.000000000000e+00
2072,0,DRAT_IGQL_TZn,3.735757189388e+01
2072,0,DRAT_OGQL_TZn,3.735757189388e+01
2072,-1,USQUAL_TZn,0.000000000000e+00
2072,-2,LUQUAL_TZn,3.735757189388e+01
2072,-1,USQUBP_TZn,0.000000000000e+00
2072,-2,LUQUBP_TZn,0.000000000000e+00
2072,-5,IRWDQUAL_TZn,0.000000000000e+00
2072,-7,INFILTQUAL_TZn,0.000000000000e+00
2072,-8,INFILTQUALTARGET_TZn,0.000000000000e+00
2072,0,ADTOT_TZn,0.000000000000e+00
2072,0,IQUAL_TZn,3.735757189388e+01
2072,0,ADQAL_TZn,0.000000000000e+00
2072,0,DSQAL_TZn,0.000000000000e+00
2072,0,DEPQAL_TZn,0.000000000000e+00
2072,0,SCRQAL_TZn,0.000000000000e+00
2072,1,QUAL_TZn,3.735757189388e+01
2072,1,QUBP_TZn,0.000000000000e+00
2074,0,DRAT_IVOL,1.048412039422e+07
2074,0,DRAT_OVOL,1.048412039422e+07
2074,-1,USLINK,0.000000000000e+00
2074,-1,PCP,0.000000000000e+00
2074,-1,EVAP,0.000000000000e+00
2074,-1,INFILT,0.000000000000e+00
2074,-1,USIF,0.000000000000e+00
2074,-2,LUIF,1.048412039422e+07
2074,-1,USBP,0.000000000000e+00
2074,-2,LUBP,0.000000000000e+00
2074,-5,IRWD,0.000000000000e+00
2074,0,IVOL,1.048412039422e+07
2074,1,RO,1.048412039422e+07
2074,1,BP,0.000000000000e+00
2074,0,DRAT_ISED_1,6.275513630464e+00
2074,0,DRAT_OSED_1,6.275513630464e+00
2074,-1,USSED_1,0.000000000000e+00
2074,-2,LUSED_1,6.275513630464e+00
2074,-1,USSBP_1,0.000000000000e+00
2074,-2,LUSBP_1,0.000000000000e+00
2074,-5,IRWDSED_1,0.000000000000e+00
2074,0,ISED_1,6.275513630464e+00
2074,0,DEPSCR_1,0.000000000000e+00
2074,0,DEPMASS_1,0.000000000000e+00
2074,0,SCRMASS_1,0.000000000000e+00
2074,0,BEDSED_1,0.000000000000e+00
2074,1,ROSED_1,6.275513630464e+00
2074,1,BPSED_1,0.000000000000e+00
2074,0,DRAT_ISED_2,1.878057018687e+01
2074,0,DRAT_OSED_2,1.878057018687e+01
2074,-1,USSED_2,0.000000000000e+00
2074,-2,LUSED_2,1.878057018687e+01
2074,-1,USSBP_2,0.000000000000e+00
2074,-2,LUSBP_2,0.000000000000e+00
2074,-5,IRWDSED_2,0.000000000000e+00
2074,0,ISED_2,1.878057018687e+01
2074,0,DEPSCR_2,0.000000000000e+00
2074,0,DEPMASS_2,0.000000000000e+00
2074,0,SCRMASS_2,0.000000000000e+00
2074,0,BEDSED_2,0.000000000000e+00
2074,1,ROSED_2,1.878057018687e+01
2074,1,BPSED_2,0.000000000000e+00
2074,0,DRAT_ISED_3,6.731640112572e+00
2074,0,DRAT_OSED_3,6.731640112572e+00
2074,-1,USSED_3,0.000000000000e+00
2074,-2,LUSED_3,6.731640112572e+00
2074,-1,USSBP_3,0.000000000000e+00
2074,-2,LUSBP_3,0.000000000000e+00
2074,-5,IRWDSED_3,0.000000000000e+00
2074,0,ISED_3,6.731640112572e+00
2074,0,DEPSCR_3,0.000000000000e+00
2074,0,DEPMASS_3,0.000000000000e+00
2074,0,SCRMASS_3,0.000000000000e+00
2074,0,BEDSED_3,0.000000000000e+00
2074,1,ROSED_3,6.731640112572e+00
2074,1,BPSED_3,0.000000000000e+00
2074,0,DRAT_IGQL_TN,1.234512807814e+03
2074,0,DRAT_OGQL_TN,1.234512807814e+03
2074,-1,USQUAL_TN,0.000000000000e+00
2074,-2,LUQUAL_TN,1.234512807814e+03
2074,-1,USQUBP_TN,0.000000000000e+00
2074,-2,LUQUBP_TN,0.000000000000e+00
2074,-5,IRWDQUAL_TN,0.000000000000e+00
2074,-7,INFILTQUAL_TN,0.000000000000e+00
2074,-8,INFILTQUALTARGET_TN,0.000000000000e+00
2074,0,ADTOT_TN,0.000000000000e+00
2074,0,IQUAL_TN,1.234512807814e+03
2074,0,ADQAL_TN,0.000000000000e+00
2074,0,DSQAL_TN,0.000000000000e+00
2074,0,DEPQAL_TN,0.000000000000e+00
2074,0,SCRQAL_TN,0.000000000000e+00
2074,1,QUAL_TN,1.234512807814e+03
2074,1,QUBP_TN,0.000000000000e+00
2074,0,DRAT_IGQL_TP,1.620305079468e+02
2074,0,DRAT_OGQL_TP,1.620305079468e+02
2074,-1,USQUAL_TP,0.000000000000e+00
2074,-2,LUQUAL_TP,1.620305079468e+02
2074,-1,USQUBP_TP,0.000000000000e+00
2074,-2,LUQUBP_TP,0.000000000000e+00
2074,-5,IRWDQUAL_TP,0.000000000000e+00
2074,-7,INFILTQUAL_TP,0.000000000000e+00
2074,-8,INFILTQUALTARGET_TP,0.000000000000e+00
2074,0,ADTOT_TP,0.000000000000e+00
2074,0,IQUAL_TP,1.620305079468e+02
2074,0,ADQAL_TP,0.000000000000e+00
2074,0,DSQAL_TP,0.000000000000e+00
2074,0,DEPQAL_TP,0.000000000000e+00
2074,0,SCRQAL_TP,0.000000000000e+00
2074,1,QUAL_TP,1.620305079468e+02
2074,1,QUBP_TP,0.000000000000e+00
2074,0,DRAT_IGQL_TCd,2.653984387792e-01
2074,0,DRAT_OGQL_TCd,2.653984387792e-01
2074,-1,USQUAL_TCd,0.000000000000e+00
2074,-2,LUQUAL_TCd,2.653984387792e-01
2074,-1,USQUBP_TCd,0.000000000000e+00
2074,-2,LUQUBP_TCd,0.000000000000e+00
2074,-5,IRWDQUAL_TCd,0.000000000000e+00
2074,-7,INFILTQUAL_TCd,0.000000000000e+00
2074,-8,INFILTQUALTARGET_TCd,0.000000000000e+00
2074,0,ADTOT_TCd,0.000000000000e+00
2074,0,IQUAL_TCd,2.653984387792e-01
2074,0,ADQAL_TCd,0.000000000000e+00
2074,0,DSQAL_TCd,0.000000000000e+00
2074,0,DEPQAL_TCd,0.000000000000e+00
2074,0,SCRQAL_TCd,0.000000000000e+00
2074,1,QUAL_TCd,2.653984387792e-01
2074,1,QUBP_TCd,0.000000000000e+00
2074,0,DRAT_IGQL_TCu,2.690931218114e+01
2074,0,DRAT_OGQL_TCu,2.690931218114e+01
2074,-1,USQUAL_TCu,0.000000000000e+00
2074,-2,LUQUAL_TCu,2.690931218114e+01
2074,-1,USQUBP_TCu,0.000000000000e+00
2074,-2,LUQUBP_TCu,0.000000000000e+00
2074,-5,IRWDQUAL_TCu,0.000000000000e+00
2074,-7,INFILTQUAL_TCu,0.000000000000e+00
2074,-8,INFILTQUALTARGET_TCu,0.000000000000e+00
2074,0,ADTOT_TCu,0.000000000000e+00
2074,0,IQUAL_TCu,2.690931218114e+01
2074,0,ADQAL_TCu,0.000000000000e+00
2074,0,DSQAL_TCu,0.000000000000e+00
2074,0,DEPQAL_TCu,0.000000000000e+00
2074,0,SCRQAL_TCu,0.000000000000e+00
2074,1,QUAL_TCu,2.690931218114e+01
2074,1,QUBP_TCu,0.000000000000e+00
2074,0,DRAT_IGQL_TPb,6.776075573967e+00
2074,0,DRAT_OGQL_TPb,6.776075573967e+00
2074,-1,USQUAL_TPb,0.000000000000e+00
2074,-2,LUQUAL_TPb,6.776075573967e+00
2074,-1,USQUBP_TPb,0.000000000000e+00
2074,-2,LUQUBP_TPb,0.000000000000e+00
2074,-5,IRWDQUAL_TPb,0.000000000000e+00
2074,-7,INFILTQUAL_TPb,0.000000000000e+00
2074,-8,INFILTQUALTARGET_TPb,0.000000000000e+00
2074,0,ADTOT_TPb,0.000000000000e+00
2074,0,IQUAL_TPb,6.776075573967e+00
2074,0,ADQAL_TPb,0.000000000000e+00
2074,0,DSQAL_TPb,0.000000000000e+00
2074,0,DEPQAL_TPb,0.000000000000e+00
2074,0,SCRQAL_TPb,0.000000000000e+00
2074,1,QUAL_TPb,6.776075573967e+00
2074,1,QUBP_TPb,0.000000000000e+00
2074,0,DRAT_IGQL_TZn,1.234317954740e+02
2074,0,DRAT_OGQL_TZn,1.234317954740e+02
2074,-1,USQUAL_TZn,0.000000000000e+00
2074,-2,LUQUAL_TZn,1.234317954740e+02
2074,-1,USQUBP_TZn,0.000000000000e+00
2074,-2,LUQUBP_TZn,0.000000000000e+00
2074,-5,IRWDQUAL_TZn,0.000000000000e+00
2074,-7,INFILTQUAL_TZn,0.000000000000e+00
2074,-8,INFILTQUALTARGET_TZn,0.000000000000e+00
2074,0,ADTOT_TZn,0.000000000000e+00
2074,0,IQUAL_TZn,1.234317954740e+02
2074,0,ADQAL_TZn,0.000000000000e+00
2074,0,DSQAL_TZn,0.000000000000e+00
2074,0,DEPQAL_TZn,0.000000000000e+00
2074,0,SCRQAL_TZn,0.000000000000e+00
2074,1,QUAL_TZn,1.234317954740e+02
2074,1,QUBP_TZn,0.000000000000e+00
2076,0,DRAT_IVOL,1.833544561693e+07
2076,0,DRAT_OVOL,1.816661367120e+07
2076,-1,USLINK,0.000000000000e+00
2076,-1,PCP,1.662015310280e+05
2076,-1,EVAP,1.688231819968e+05
2076,-1,INFILT,0.000000000000e+00
2076,-1,USIF,0.000000000000e+00
2076,-2,LUIF,1.816924408591e+07
2076,-1,USBP,0.000000000000e+00
2076,-2,LUBP,0.000000000000e+00
2076,-5,IRWD,0.000000000000e+00
2076,0,IVOL,1.816924408591e+07
2076,1,RO,1.816661367120e+07
2076,1,BP,0.000000000000e+00
2076,0,DRAT_ISED_1,8.704774057019e+00
2076,0,DRAT_OSED_1,1.025560091095e+00
2076,-1,USSED_1,0.000000000000e+00
2076,-2,LUSED_1,8.659406034145e+00
2076,-1,USSBP_1,0.000000000000e+00
2076,-2,LUSBP_1,0.000000000000e+00
2076,-5,IRWDSED_1,0.000000000000e+00
2076,0,ISED_1,8.659406034145e+00
2076,0,DEPSCR_1,7.633845943050e+00
2076,0,DEPMASS_1,7.679213965924e+00
2076,0,SCRMASS_1,4.536802287400e-02
2076,0,BEDSED_1,2.055997357958e+06
2076,1,ROSED_1,1.025560091095e+00
2076,1,BPSED_1,0.000000000000e+00
2076,0,DRAT_ISED_2,4.117117080180e+01
2076,0,DRAT_OSED_2,3.895627083823e+01
2076,-1,USSED_2,0.000000000000e+00
2076,-2,LUSED_2,4.117117080180e+01
2076,-1,USSBP_2,0.000000000000e+00
2076,-2,LUSBP_2,0.000000000000e+00
2076,-5,IRWDSED_2,0.000000000000e+00
2076,0,ISED_2,4.117117080180e+01
2076,0,DEPSCR_2,2.214964104282e+00
2076,0,DEPMASS_2,2.214964104282e+00
2076,0,SCRMASS_2,0.000000000000e+00
2076,0,BEDSED_2,1.147038724877e+07
2076,1,ROSED_2,3.895627083823e+01
2076,1,BPSED_2,0.000000000000e+00
2076,0,DRAT_ISED_3,1.262874454928e+01
2076,0,DRAT_OSED_3,1.262875909998e+01
2076,-1,USSED_3,0.000000000000e+00
2076,-2,LUSED_3,1.262488038663e+01
2076,-1,USSBP_3,0.000000000000e+00
2076,-2,LUSBP_3,0.000000000000e+00
2076,-5,IRWDSED_3,0.000000000000e+00
2076,0,ISED_3,1.262488038663e+01
2076,0,DEPSCR_3,-3.860832046120e-03
2076,0,DEPMASS_3,3.330607588614e-06
2076,0,SCRMASS_3,3.864162653709e-03
2076,0,BEDSED_3,3.236864115802e+06
2076,1,ROSED_3,1.262875909998e+01
2076,1,BPSED_3,0.000000000000e+00
2076,0,DRAT_IGQL_TN,2.227589476173e+03
2076,0,DRAT_OGQL_TN,2.216449013187e+03
2076,-1,USQUAL_TN,0.000000000000e+00
2076,-2,LUQUAL_TN,2.227589476173e+03
2076,-1,USQUBP_TN,0.000000000000e+00
2076,-2,LUQUBP_TN,0.000000000000e+00
2076,-5,IRWDQUAL_TN,0.000000000000e+00
2076,-7,INFILTQUAL_TN,0.000000000000e+00
2076,-8,INFILTQUALTARGET_TN,0.000000000000e+00
2076,0,ADTOT_TN,0.000000000000e+00
2076,0,IQUAL_TN,2.227589476173e+03
2076,0,ADQAL_TN,0.000000000000e+00
2076,0,DSQAL_TN,0.000000000000e+00
2076,0,DEPQAL_TN,0.000000000000e+00
2076,0,SCRQAL_TN,0.000000000000e+00
2076,1,QUAL_TN,2.216449013187e+03
2076,1,QUBP_TN,0.000000000000e+00
2076,0,DRAT_IGQL_TP,3.478301343355e+02
2076,0,DRAT_OGQL_TP,3.463087417602e+02
2076,-1,USQUAL_TP,0.000000000000e+00
2076,-2,LUQUAL_TP,3.478301343355e+02
2076,-1,USQUBP_TP,0.000000000000e+00
2076,-2,LUQUBP_TP,0.000000000000e+00
2076,-5,IRWDQUAL_TP,0.000000000000e+00
2076,-7,INFILTQUAL_TP,0.000000000000e+00
2076,-8,INFILTQUALTARGET_TP,0.000000000000e+00
2076,0,ADTOT_TP,0.000000000000e+00
2076,0,IQUAL_TP,3.478301343355e+02
2076,0,ADQAL_TP,0.000000000000e+00
2076,0,DSQAL_TP,0.000000000000e+00
2076,0,DEPQAL_TP,0.000000000000e+00
2076,0,SCRQAL_TP,0.000000000000e+00
2076,1,QUAL_TP,3.463087417602e+02
2076,1,QUBP_TP,0.000000000000e+00
2076,0,DRAT_IGQL_TCd,7.014092834264e-01
2076,0,DRAT_OGQL_TCd,6.982214177538e-01
2076,-1,USQUAL_TCd,0.000000000000e+00
2076,-2,LUQUAL_TCd,7.014092834264e-01
2076,-1,USQUBP_TCd,0.000000000000e+00
2076,-2,LUQUBP_TCd,0.000000000000e+00
2076,-5,IRWDQUAL_TCd,0.000000000000e+00
2076,-7,INFILTQUAL_TCd,0.000000000000e+00
2076,-8,INFILTQUALTARGET_TCd,0.000000000000e+00
2076,0,ADTOT_TCd,0.000000000000e+00
2076,0,IQUAL_TCd,7.014092834264e-01
2076,0,ADQAL_TCd,0.000000000000e+00
2076,0,DSQAL_TCd,0.000000000000e+00
2076,0,DEPQAL_TCd,0.000000000000e+00
2076,0,SCRQAL_TCd,0.000000000000e+00
2076,1,QUAL_TCd,6.982214177538e-01
2076,1,QUBP_TCd,0.000000000000e+00
2076,0,DRAT_IGQL_TCu,7.049983309036e+01
2076,0,DRAT_OGQL_TCu,7.018050061862e+01
2076,-1,USQUAL_TCu,0.000000000000e+00
2076,-2,LUQUAL_TCu,7.049983309036e+01
2076,-1,USQUBP_TCu,0.000000000000e+00
2076,-2,LUQUBP_TCu,0.000000000000e+00
2076,-5,IRWDQUAL_TCu,0.000000000000e+00
2076,-7,INFILTQUAL_TCu,0.000000000000e+00
2076,-8,INFILTQUALTARGET_TCu,0.000000000000e+00
2076,0,ADTOT_TCu,0.000000000000e+00
2076,0,IQUAL_TCu,7.049983309036e+01
2076,0,ADQAL_TCu,0.000000000000e+00
2076,0,DSQAL_TCu,0.000000000000e+00
2076,0,DEPQAL_TCu,0.000000000000e+00
2076,0,SCRQAL_TCu,0.000000000000e+00
2076,1,QUAL_TCu,7.018050061862e+01
2076,1,QUBP_TCu,0.000000000000e+00
2076,0,DRAT_IGQL_TPb,1.845409255848e+01
2076,0,DRAT_OGQL_TPb,1.836891371234e+01
2076,-1,USQUAL_TPb,0.000000000000e+00
2076,-2,LUQUAL_TPb,1.845409255848e+01
2076,-1,USQUBP_TPb,0.000000000000e+00
2076,-2,LUQUBP_TPb,0.000000000000e+00
2076,-5,IRWDQUAL_TPb,0.000000000000e+00
2076,-7,INFILTQUAL_TPb,0.000000000000e+00
2076,-8,INFILTQUALTARGET_TPb,0.000000000000e+00
2076,0,ADTOT_TPb,0.000000000000e+00
2076,0,IQUAL_TPb,1.845409255848e+01
2076,0,ADQAL_TPb,0.000000000000e+00
2076,0,DSQAL_TPb,0.000000000000e+00
2076,0,DEPQAL_TPb,0.000000000000e+00
2076,0,SCRQAL_TPb,0.000000000000e+00
2076,1,QUAL_TPb,1.836891371234e+01
2076,1,QUBP_TPb,0.000000000000e+00
2076,0,DRAT_IGQL_TZn,2.814724209208e+02
2076,0,DRAT_OGQL_TZn,2.801870073111e+02
2076,-1,USQUAL_TZn,0.000000000000e+00
2076,-2,LUQUAL_TZn,2.814724209208e+02
2076,-1,USQUBP_TZn,0.000000000000e+00
2076,-2,LUQUBP_TZn,0.000000000000e+00
2076,-5,IRWDQUAL_TZn,0.000000000000e+00
2076,-7,INFILTQUAL_TZn,0.000000000000e+00
2076,-8,INFILTQUALTARGET_TZn,0.000000000000e+00
2076,0,ADTOT_TZn,0.000000000000e+00
2076,0,IQUAL_TZn,2.814724209208e+02
2076,0,ADQAL_TZn,0.000000000000e+00
2076,0,DSQAL_TZn,0.000000000000e+00
2076,0,DEPQAL_TZn,0.000000000000e+00
2076,0,SCRQAL_TZn,0.000000000000e+00
2076,1,QUAL_TZn,2.801870073111e+02
2076,1,QUBP_TZn,0.000000000000e+00
2078,0,DRAT_IVOL,7.584728037995e+06
2078,0,DRAT_OVOL,7.584728037995e+06
2078,-1,USLINK,0.000000000000e+00
2078,-1,PCP,0.000000000000e+00
2078,-1,EVAP,0.000000000000e+00
2078,-1,INFILT,0.000000000000e+00
2078,-1,USIF,0.000000000000e+00
2078,-2,LUIF,7.584728037995e+06
2078,-1,USBP,0.000000000000e+00
2078,-2,LUBP,0.000000000000e+00
2078,-5,IRWD,0.000000000000e+00
2078,0,IVOL,7.584728037995e+06
2078,1,RO,7.584728037995e+06
2078,1,BP,0.000000000000e+00
2078,0,DRAT_ISED_1,4.646620924239e+00
2078,0,DRAT_OSED_1,4.646620924239e+00
2078,-1,USSED_1,0.000000000000e+00
2078,-2,LUSED_1,4.646620924239e+00
2078,-1,USSBP_1,0.000000000000e+00
2078,-2,LUSBP_1,0.000000000000e+00
2078,-5,IRWDSED_1,0.000000000000e+00
2078,0,ISED_1,4.646620924239e+00
2078,0,DEPSCR_1,0.000000000000e+00
2078,0,DEPMASS_1,0.000000000000e+00
2078,0,SCRMASS_1,0.000000000000e+00
2078,0,BEDSED_1,0.000000000000e+00
2078,1,ROSED_1,4.646620924239e+00
2078,1,BPSED_1,0.000000000000e+00
2078,0,DRAT_ISED_2,1.475054945723e+01
2078,0,DRAT_OSED_2,1.475054945723e+01
2078,-1,USSED_2,0.000000000000e+00
2078,-2,LUSED_2,1.475054945723e+01
2078,-1,USSBP_2,0.000000000000e+00
2078,-2,LUSBP_2,0.000000000000e+00
2078,-5,IRWDSED_2,0.000000000000e+00
2078,0,ISED_2,1.475054945723e+01
2078,0,DEPSCR_2,0.000000000000e+00
2078,0,DEPMASS_2,0.000000000000e+00
2078,0,SCRMASS_2,0.000000000000e+00
2078,0,BEDSED_2,0.000000000000e+00
2078,1,ROSED_2,1.475054945723e+01
2078,1,BPSED_2,0.000000000000e+00
2078,0,DRAT_ISED_3,5.538934907912e+00
2078,0,DRAT_OSED_3,5.538934907912e+00
2078,-1,USSED_3,0.000000000000e+00
2078,-2,LUSED_3,5.538934907912e+00
2078,-1,USSBP_3,0.000000000000e+00
2078,-2,LUSBP_3,0.000000000000e+00
2078,-5,IRWDSED_3,0.000000000000e+00
2078,0,ISED_3,5.538934907912e+00
2078,0,DEPSCR_3,0.000000000000e+00
2078,0,DEPMASS_3,0.000000000000e+00
2078,0,SCRMASS_3,0.000000000000e+00
2078,0,BEDSED_3,0.000000000000e+00
2078,1,ROSED_3,5.538934907912e+00
2078,1,BPSED_3,0.000000000000e+00
2078,0,DRAT_IGQL_TN,9.598673840812e+02
2078,0,DRAT_OGQL_TN,9.598673840812e+02
2078,-1,USQUAL_TN,0.000000000000e+00
2078,-2,LUQUAL_TN,9.598673840812e+02
2078,-1,USQUBP_TN,0.000000000000e+00
2078,-2,LUQUBP_TN,0.000000000000e+00
2078,-5,IRWDQUAL_TN,0.000000000000e+00
2078,-7,INFILTQUAL_TN,0.000000000000e+00
2078,-8,INFILTQUALTARGET_TN,0.000000000000e+00
2078,0,ADTOT_TN,0.000000000000e+00
2078,0,IQUAL_TN,9.598673840812e+02
2078,0,ADQAL_TN,0.000000000000e+00
2078,0,DSQAL_TN,0.000000000000e+00
2078,0,DEPQAL_TN,0.000000000000e+00
2078,0,SCRQAL_TN,0.000000000000e+00
2078,1,QUAL_TN,9.598673840812e+02
2078,1,QUBP_TN,0.000000000000e+00
2078,0,DRAT_IGQL_TP,1.388278547675e+02
2078,0,DRAT_OGQL_TP,1.388278547675e+02
2078,-1,USQUAL_TP,0.000000000000e+00
2078,-2,LUQUAL_TP,1.388278547675e+02
2078,-1,USQUBP_TP,0.000000000000e+00
2078,-2,LUQUBP_TP,0.000000000000e+00
2078,-5,IRWDQUAL_TP,0.000000000000e+00
2078,-7,INFILTQUAL_TP,0.000000000000e+00
2078,-8,INFILTQUALTARGET_TP,0.000000000000e+00
2078,0,ADTOT_TP,0.000000000000e+00
2078,0,IQUAL_TP,1.388278547675e+02
2078,0,ADQAL_TP,0.000000000000e+00
2078,0,DSQAL_TP,0.000000000000e+00
2078,0,DEPQAL_TP,0.000000000000e+00
2078,0,SCRQAL_TP,0.000000000000e+00
2078,1,QUAL_TP,1.388278547675e+02
2078,1,QUBP_TP,0.000000000000e+00
2078,0,DRAT_IGQL_TCd,2.346907961494e-01
2078,0,DRAT_OGQL_TCd,2.346907961494e-01
2078,-1,USQUAL_TCd,0.000000000000e+00
2078,-2,LUQUAL_TCd,2.346907961494e-01
2078,-1,USQUBP_TCd,0.000000000000e+00
2078,-2,LUQUBP_TCd,0.000000000000e+00
2078,-5,IRWDQUAL_TCd,0.000000000000e+00
2078,-7,INFILTQUAL_TCd,0.000000000000e+00
2078,-8,INFILTQUALTARGET_TCd,0.000000000000e+00
2078,0,ADTOT_TCd,0.000000000000e+00
2078,0,IQUAL_TCd,2.346907961494e-01
2078,0,ADQAL_TCd,0.000000000000e+00
2078,0,DSQAL_TCd,0.000000000000e+00
2078,0,DEPQAL_TCd,0.000000000000e+00
2078,0,SCRQAL_TCd,0.000000000000e+00
2078,1,QUAL_TCd,2.346907961494e-01
2078,1,QUBP_TCd,0.000000000000e+00
2078,0,DRAT_IGQL_TCu,2.381119979534e+01
2078,0,DRAT_OGQL_TCu,2.381119979534e+01
2078,-1,USQUAL_TCu,0.000000000000e+00
2078,-2,LUQUAL_TCu,2.381119979534e+01
2078,-1,USQUBP_TCu,0.000000000000e+00
2078,-2,LUQUBP_TCu,0.000000000000e+00
2078,-5,IRWDQUAL_TCu,0.000000000000e+00
2078,-7,INFILTQUAL_TCu,0.000000000000e+00
2078,-8,INFILTQUALTARGET_TCu,0.000000000000e+00
2078,0,ADTOT_TCu,0.000000000000e+00
2078,0,IQUAL_TCu,2.381119979534e+01
2078,0,ADQAL_TCu,0.000000000000e+00
2078,0,DSQAL_TCu,0.000000000000e+00
2078,0,DEPQAL_TCu,0.000000000000e+00
2078,0,SCRQAL_TCu,0.000000000000e+00
2078,1,QUAL_TCu,2.381119979534e+01
2078,1,QUBP_TCu,0.000000000000e+00
2078,0,DRAT_IGQL_TPb,5.929653567210e+00
2078,0,DRAT_OGQL_TPb,5.929653567210e+00
2078,-1,USQUAL_TPb,0.000000000000e+00
2078,-2,LUQUAL_TPb,5.929653567210e+00
2078,-1,USQUBP_TPb,0.000000000000e+00
2078,-2,LUQUBP_TPb,0.000000000000e+00
2078,-5,IRWDQUAL_TPb,0.000000000000e+00
2078,-7,INFILTQUAL_TPb,0.000000000000e+00
2078,-8,INFILTQUALTARGET_TPb,0.000000000000e+00
2078,0,ADTOT_TPb,0.000000000000e+00
2078,0,IQUAL_TPb,5.929653567210e+00
2078,0,ADQAL_TPb,0.000000000000e+00
2078,0,DSQAL_TPb,0.000000000000e+00
2078,0,DEPQAL_TPb,0.000000000000e+00
2078,0,SCRQAL_TPb,0.000000000000e+00
2078,1,QUAL_TPb,5.929653567210e+00
2078,1,QUBP_TPb,0.000000000000e+00
2078,0,DRAT_IGQL_TZn,1.024905946194e+02
2078,0,DRAT_OGQL_TZn,1.024905946194e+02
2078,-1,USQUAL_TZn,0.000000000000e+00
2078,-2,LUQUAL_TZn,1.024905946194e+02
2078,-1,USQUBP_TZn,0.000000000000e+00
2078,-2,LUQUBP_TZn,0.000000000000e+00
2078,-5,IRWDQUAL_TZn,0.000000000000e+00
2078,-7,INFILTQUAL_TZn,0.000000000000e+00
2078,-8,INFILTQUALTARGET_TZn,0.000000000000e+00
2078,0,ADTOT_TZn,0.000000000000e+00
2078,0,IQUAL_TZn,1.024905946194e+02
2078,0,ADQAL_TZn,0.000000000000e+00
2078,0,DSQAL_TZn,0.000000000000e+00
2078,0,DEPQAL_TZn,0.000000000000e+00
2078,0,SCRQAL_TZn,0.000000000000e+00
2078,1,QUAL_TZn,1.024905946194e+02
2078,1,QUBP_TZn,0.000000000000e+00
2081,0,DRAT_IVOL,2.208598718033e+07
2081,0,DRAT_OVOL,2.192995120962e+07
2081,-1,USLINK,0.000000000000e+00
2081,-1,PCP,1.582832390428e+05
2081,-1,EVAP,1.560231682543e+05
2081,-1,INFILT,0.000000000000e+00
2081,-1,USIF,0.000000000000e+00
2081,-2,LUIF,2.192770394129e+07
2081,-1,USBP,0.000000000000e+00
2081,-2,LUBP,0.000000000000e+00
2081,-5,IRWD,0.000000000000e+00
2081,0,IVOL,2.192770394129e+07
2081,1,RO,2.192995120962e+07
2081,1,BP,0.000000000000e+00
2081,0,DRAT_ISED_1,1.207161511622e+01
2081,0,DRAT_OSED_1,1.490494844408e+00
2081,-1,USSED_1,0.000000000000e+00
2081,-2,LUSED_1,1.199618627536e+01
2081,-1,USSBP_1,0.000000000000e+00
2081,-2,LUSBP_1,0.000000000000e+00
2081,-5,IRWDSED_1,0.000000000000e+00
2081,0,ISED_1,1.199618627536e+01
2081,0,DEPSCR_1,1.050569143095e+01
2081,0,DEPMASS_1,1.058112027181e+01
2081,0,SCRMASS_1,7.542884085771e-02
2081,0,BEDSED_1,2.093447233765e+06
2081,1,ROSED_1,1.490494844408e+00
2081,1,BPSED_1,0.000000000000e+00
2081,0,DRAT_ISED_2,6.480709283690e+01
2081,0,DRAT_OSED_2,6.354662069539e+01
2081,-1,USSED_2,0.000000000000e+00
2081,-2,LUSED_2,6.480677222560e+01
2081,-1,USSBP_2,0.000000000000e+00
2081,-2,LUSBP_2,0.000000000000e+00
2081,-5,IRWDSED_2,0.000000000000e+00
2081,0,ISED_2,6.480677222560e+01
2081,0,DEPSCR_2,1.260216534398e+00
2081,0,DEPMASS_2,1.260537145695e+00
2081,0,SCRMASS_2,3.206112976563e-04
2081,0,BEDSED_2,1.040345015175e+07
2081,1,ROSED_2,6.354662069539e+01
2081,1,BPSED_2,0.000000000000e+00
2081,0,DRAT_ISED_3,1.922615782182e+01
2081,0,DRAT_OSED_3,1.922617590996e+01
2081,-1,USSED_3,0.000000000000e+00
2081,-2,LUSED_3,1.921386257749e+01
2081,-1,USSBP_3,0.000000000000e+00
2081,-2,LUSBP_3,0.000000000000e+00
2081,-5,IRWDSED_3,0.000000000000e+00
2081,0,ISED_3,1.921386257749e+01
2081,0,DEPSCR_3,-1.229524432915e-02
2081,0,DEPMASS_3,0.000000000000e+00
2081,0,SCRMASS_3,1.229524432915e-02
2081,0,BEDSED_3,2.948776860464e+06
2081,1,ROSED_3,1.922617590996e+01
2081,1,BPSED_3,0.000000000000e+00
2081,0,DRAT_IGQL_TN,2.800139734776e+03
2081,0,DRAT_OGQL_TN,2.788117104553e+03
2081,-1,USQUAL_TN,0.000000000000e+00
2081,-2,LUQUAL_TN,2.800139734776e+03
2081,-1,USQUBP_TN,0.000000000000e+00
2081,-2,LUQUBP_TN,0.000000000000e+00
2081,-5,IRWDQUAL_TN,0.000000000000e+00
2081,-7,INFILTQUAL_TN,0.000000000000e+00
2081,-8,INFILTQUALTARGET_TN,0.000000000000e+00
2081,0,ADTOT_TN,0.000000000000e+00
2081,0,IQUAL_TN,2.800139734776e+03
2081,0,ADQAL_TN,0.000000000000e+00
2081,0,DSQAL_TN,0.000000000000e+00
2081,0,DEPQAL_TN,0.000000000000e+00
2081,0,SCRQAL_TN,0.000000000000e+00
2081,1,QUAL_TN,2.788117104553e+03
2081,1,QUBP_TN,0.000000000000e+00
2081,0,DRAT_IGQL_TP,5.556858521214e+02
2081,0,DRAT_OGQL_TP,5.536227768980e+02
2081,-1,USQUAL_TP,0.000000000000e+00
2081,-2,LUQUAL_TP,5.556858521214e+02
2081,-1,USQUBP_TP,0.000000000000e+00
2081,-2,LUQUBP_TP,0.000000000000e+00
2081,-5,IRWDQUAL_TP,0.000000000000e+00
2081,-7,INFILTQUAL_TP,0.000000000000e+00
2081,-8,INFILTQUALTARGET_TP,0.000000000000e+00
2081,0,ADTOT_TP,0.000000000000e+00
2081,0,IQUAL_TP,5.556858521214e+02
2081,0,ADQAL_TP,0.000000000000e+00
2081,0,DSQAL_TP,0.000000000000e+00
2081,0,DEPQAL_TP,0.000000000000e+00
2081,0,SCRQAL_TP,0.000000000000e+00
2081,1,QUAL_TP,5.536227768980e+02
2081,1,QUBP_TP,0.000000000000e+00
2081,0,DRAT_IGQL_TCd,1.460875040539e+00
2081,0,DRAT_OGQL_TCd,1.455300541263e+00
2081,-1,USQUAL_TCd,0.000000000000e+00
2081,-2,LUQUAL_TCd,1.460875040539e+00
2081,-1,USQUBP_TCd,0.000000000000e+00
2081,-2,LUQUBP_TCd,0.000000000000e+00
2081,-5,IRWDQUAL_TCd,0.000000000000e+00
2081,-7,INFILTQUAL_TCd,0.000000000000e+00
2081,-8,INFILTQUALTARGET_TCd,0.000000000000e+00
2081,0,ADTOT_TCd,0.000000000000e+00
2081,0,IQUAL_TCd,1.460875040539e+00
2081,0,ADQAL_TCd,0.000000000000e+00
2081,0,DSQAL_TCd,0.000000000000e+00
2081,0,DEPQAL_TCd,0.000000000000e+00
2081,0,SCRQAL_TCd,0.000000000000e+00
2081,1,QUAL_TCd,1.455300541263e+00
2081,1,QUBP_TCd,0.000000000000e+00
2081,0,DRAT_IGQL_TCu,1.465135580535e+02
2081,0,DRAT_OGQL_TCu,1.459555584837e+02
2081,-1,USQUAL_TCu,0.000000000000e+00
2081,-2,LUQUAL_TCu,1.465135580535e+02
2081,-1,USQUBP_TCu,0.000000000000e+00
2081,-2,LUQUBP_TCu,0.000000000000e+00
2081,-5,IRWDQUAL_TCu,0.000000000000e+00
2081,-7,INFILTQUAL_TCu,0.000000000000e+00
2081,-8,INFILTQUALTARGET_TCu,0.000000000000e+00
2081,0,ADTOT_TCu,0.000000000000e+00
2081,0,IQUAL_TCu,1.465135580535e+02
2081,0,ADQAL_TCu,0.000000000000e+00
2081,0,DSQAL_TCu,0.000000000000e+00
2081,0,DEPQAL_TCu,0.000000000000e+00
2081,0,SCRQAL_TCu,0.000000000000e+00
2081,1,QUAL_TCu,1.459555584837e+02
2081,1,QUBP_TCu,0.000000000000e+00
2081,0,DRAT_IGQL_TPb,3.838597491823e+01
2081,0,DRAT_OGQL_TPb,3.823854495429e+01
2081,-1,USQUAL_TPb,0.000000000000e+00
2081,-2,LUQUAL_TPb,3.838597491823e+01
2081,-1,USQUBP_TPb,0.000000000000e+00
2081,-2,LUQUBP_TPb,0.000000000000e+00
2081,-5,IRWDQUAL_TPb,0.000000000000e+00
2081,-7,INFILTQUAL_TPb,0.000000000000e+00
2081,-8,INFILTQUALTARGET_TPb,0.000000000000e+00
2081,0,ADTOT_TPb,0.000000000000e+00
2081,0,IQUAL_TPb,3.838597491823e+01
2081,0,ADQAL_TPb,0.000000000000e+00
2081,0,DSQAL_TPb,0.000000000000e+00
2081,0,DEPQAL_TPb,0.000000000000e+00
2081,0,SCRQAL_TPb,0.000000000000e+00
2081,1,QUAL_TPb,3.823854495429e+01
2081,1,QUBP_TPb,0.000000000000e+00
2081,0,DRAT_IGQL_TZn,5.684399395243e+02
2081,0,DRAT_OGQL_TZn,5.662722441641e+02
2081,-1,USQUAL_TZn,0.000000000000e+00
2081,-2,LUQUAL_TZn,5.684399395243e+02
2081,-1,USQUBP_TZn,0.000000000000e+00
2081,-2,LUQUBP_TZn,0.000000000000e+00
2081,-5,IRWDQUAL_TZn,0.000000000000e+00
2081,-7,INFILTQUAL_TZn,0.000000000000e+00
2081,-8,INFILTQUALTARGET_TZn,0.000000000000e+00
2081,0,ADTOT_TZn,0.000000000000e+00
2081,0,IQUAL_TZn,5.684399395243e+02
2081,0,ADQAL_TZn,0.000000000000e+00
2081,0,DSQAL_TZn,0.000000000000e+00
2081,0,DEPQAL_TZn,0.000000000000e+00
2081,0,SCRQAL_TZn,0.000000000000e+00
2081,1,QUAL_TZn,5.662722441641e+02
2081,1,QUBP_TZn,0.000000000000e+00
2083,0,DRAT_IVOL,6.309493104563e+06
2083,0,DRAT_OVOL,6.309493104563e+06
2083,-1,USLINK,0.000000000000e+00
2083,-1,PCP,0.000000000000e+00
2083,-1,EVAP,0.000000000000e+00
2083,-1,INFILT,0.000000000000e+00
2083,-1,USIF,0.000000000000e+00
2083,-2,LUIF,6.309493104563e+06
2083,-1,USBP,0.000000000000e+00
2083,-2,LUBP,0.000000000000e+00
2083,-5,IRWD,0.000000000000e+00
2083,0,IVOL,6.309493104563e+06
2083,1,RO,6.309493104563e+06
2083,1,BP,0.000000000000e+00
2083,0,DRAT_ISED_1,3.180202784273e+00
2083,0,DRAT_OSED_1,3.180202784273e+00
2083,-1,USSED_1,0.000000000000e+00
2083,-2,LUSED_1,3.180202784273e+00
2083,-1,USSBP_1,0.000000000000e+00
2083,-2,LUSBP_1,0.000000000000e+00
2083,-5,IRWDSED_1,0.000000000000e+00
2083,0,ISED_1,3.180202784273e+00
2083,0,DEPSCR_1,0.000000000000e+00
2083,0,DEPMASS_1,0.000000000000e+00
2083,0,SCRMASS_1,0.000000000000e+00
2083,0,BEDSED_1,0.000000000000e+00
2083,1,ROSED_1,3.180202784273e+00
2083,1,BPSED_1,0.000000000000e+00
2083,0,DRAT_ISED_2,1.876325288018e+01
2083,0,DRAT_OSED_2,1.876325288018e+01
2083,-1,USSED_2,0.000000000000e+00
2083,-2,LUSED_2,1.876325288018e+01
2083,-1,USSBP_2,0.000000000000e+00
2083,-2,LUSBP_2,0.000000000000e+00
2083,-5,IRWDSED_2,0.000000000000e+00
2083,0,ISED_2,1.876325288018e+01
2083,0,DEPSCR_2,0.000000000000e+00
2083,0,DEPMASS_2,0.000000000000e+00
2083,0,SCRMASS_2,0.000000000000e+00
2083,0,BEDSED_2,0.000000000000e+00
2083,1,ROSED_2,1.876325288018e+01
2083,1,BPSED_2,0.000000000000e+00
2083,0,DRAT_ISED_3,5.488130022224e+00
2083,0,DRAT_OSED_3,5.488130022224e+00
2083,-1,USSED_3,0.000000000000e+00
2083,-2,LUSED_3,5.488130022224e+00
2083,-1,USSBP_3,0.000000000000e+00
2083,-2,LUSBP_3,0.000000000000e+00
2083,-5,IRWDSED_3,0.000000000000e+00
2083,0,ISED_3,5.488130022224e+00
2083,0,DEPSCR_3,0.000000000000e+00
2083,0,DEPMASS_3,0.000000000000e+00
2083,0,SCRMASS_3,0.000000000000e+00
2083,0,BEDSED_3,0.000000000000e+00
2083,1,ROSED_3,5.488130022224e+00
2083,1,BPSED_3,0.000000000000e+00
2083,0,DRAT_IGQL_TN,7.803523141752e+02
2083,0,DRAT_OGQL_TN,7.803523141752e+02
2083,-1,USQUAL_TN,0.000000000000e+00
2083,-2,LUQUAL_TN,7.803523141752e+02
2083,-1,USQUBP_TN,0.000000000000e+00
2083,-2,LUQUBP_TN,0.000000000000e+00
2083,-5,IRWDQUAL_TN,0.000000000000e+00
2083,-7,INFILTQUAL_TN,0.000000000000e+00
2083,-8,INFILTQUALTARGET_TN,0.000000000000e+00
2083,0,ADTOT_TN,0.000000000000e+00
2083,0,IQUAL_TN,7.803523141752e+02
2083,0,ADQAL_TN,0.000000000000e+00
2083,0,DSQAL_TN,0.000000000000e+00
2083,0,DEPQAL_TN,0.000000000000e+00
2083,0,SCRQAL_TN,0.000000000000e+00
2083,1,QUAL_TN,7.803523141752e+02
2083,1,QUBP_TN,0.000000000000e+00
2083,0,DRAT_IGQL_TP,1.764478003170e+02
2083,0,DRAT_OGQL_TP,1.764478003170e+02
2083,-1,USQUAL_TP,0.000000000000e+00
2083,-2,LUQUAL_TP,1.764478003170e+02
2083,-1,USQUBP_TP,0.000000000000e+00
2083,-2,LUQUBP_TP,0.000000000000e+00
2083,-5,IRWDQUAL_TP,0.000000000000e+00
2083,-7,INFILTQUAL_TP,0.000000000000e+00
2083,-8,INFILTQUALTARGET_TP,0.000000000000e+00
2083,0,ADTOT_TP,0.000000000000e+00
2083,0,IQUAL_TP,1.764478003170e+02
2083,0,ADQAL_TP,0.000000000000e+00
2083,0,DSQAL_TP,0.000000000000e+00
2083,0,DEPQAL_TP,0.000000000000e+00
2083,0,SCRQAL_TP,0.000000000000e+00
2083,1,QUAL_TP,1.764478003170e+02
2083,1,QUBP_TP,0.000000000000e+00
2083,0,DRAT_IGQL_TCd,4.673683978694e-01
2083,0,DRAT_OGQL_TCd,4.673683978694e-01
2083,-1,USQUAL_TCd,0.000000000000e+00
2083,-2,LUQUAL_TCd,4.673683978694e-01
2083,-1,USQUBP_TCd,0.000000000000e+00
2083,-2,LUQUBP_TCd,0.000000000000e+00
2083,-5,IRWDQUAL_TCd,0.000000000000e+00
2083,-7,INFILTQUAL_TCd,0.000000000000e+00
2083,-8,INFILTQUALTARGET_TCd,0.000000000000e+00
2083,0,ADTOT_TCd,0.000000000000e+00
2083,0,IQUAL_TCd,4.673683978694e-01
2083,0,ADQAL_TCd,0.000000000000e+00
2083,0,DSQAL_TCd,0.000000000000e+00
2083,0,DEPQAL_TCd,0.000000000000e+00
2083,0,SCRQAL_TCd,0.000000000000e+00
2083,1,QUAL_TCd,4.673683978694e-01
2083,1,QUBP_TCd,0.000000000000e+00
2083,0,DRAT_IGQL_TCu,4.680932693003e+01
2083,0,DRAT_OGQL_TCu,4.680932693003e+01
2083,-1,USQUAL_TCu,0.000000000000e+00
2083,-2,LUQUAL_TCu,4.680932693003e+01
2083,-1,USQUBP_TCu,0.000000000000e+00
2083,-2,LUQUBP_TCu,0.000000000000e+00
2083,-5,IRWDQUAL_TCu,0.000000000000e+00
2083,-7,INFILTQUAL_TCu,0.000000000000e+00
2083,-8,INFILTQUALTARGET_TCu,0.000000000000e+00
2083,0,ADTOT_TCu,0.000000000000e+00
2083,0,IQUAL_TCu,4.680932693003e+01
2083,0,ADQAL_TCu,0.000000000000e+00
2083,0,DSQAL_TCu,0.000000000000e+00
2083,0,DEPQAL_TCu,0.000000000000e+00
2083,0,SCRQAL_TCu,0.000000000000e+00
2083,1,QUAL_TCu,4.680932693003e+01
2083,1,QUBP_TCu,0.000000000000e+00
2083,0,DRAT_IGQL_TPb,1.227396775978e+01
2083,0,DRAT_OGQL_TPb,1.227396775978e+01
2083,-1,USQUAL_TPb,0.000000000000e+00
2083,-2,LUQUAL_TPb,1.227396775978e+01
2083,-1,USQUBP_TPb,0.000000000000e+00
2083,-2,LUQUBP_TPb,0.000000000000e+00
2083,-5,IRWDQUAL_TPb,0.000000000000e+00
2083,-7,INFILTQUAL_TPb,0.000000000000e+00
2083,-8,INFILTQUALTARGET_TPb,0.000000000000e+00
2083,0,ADTOT_TPb,0.000000000000e+00
2083,0,IQUAL_TPb,1.227396775978e+01
2083,0,ADQAL_TPb,0.000000000000e+00
2083,0,DSQAL_TPb,0.000000000000e+00
2083,0,DEPQAL_TPb,0.000000000000e+00
2083,0,SCRQAL_TPb,0.000000000000e+00
2083,1,QUAL_TPb,1.227396775978e+01
2083,1,QUBP_TPb,0.000000000000e+00
2083,0,DRAT_IGQL_TZn,1.878479647855e+02
2083,0,DRAT_OGQL_TZn,1.878479647855e+02
2083,-1,USQUAL_TZn,0.000000000000e+00
2083,-2,LUQUAL_TZn,1.878479647855e+02
2083,-1,USQUBP_TZn,0.000000000000e+00
2083,-2,LUQUBP_TZn,0.000000000000e+00
2083,-5,IRWDQUAL_TZn,0.000000000000e+00
2083,-7,INFILTQUAL_TZn,0.000000000000e+00
2083,-8,INFILTQUALTARGET_TZn,0.000000000000e+00
2083,0,ADTOT_TZn,0.000000000000e+00
2083,0,IQUAL_TZn,1.878479647855e+02
2083,0,ADQAL_TZn,0.000000000000e+00
2083,0,DSQAL_TZn,0.000000000000e+00
2083,0,DEPQAL_TZn,0.000000000000e+00
2083,0,SCRQAL_TZn,0.000000000000e+00
2083,1,QUAL_TZn,1.878479647855e+02
2083,1,QUBP_TZn,0.000000000000e+00
2040,0,DRAT_IVOL,4.109684006450e+07
2040,0,DRAT_OVOL,4.097757749052e+07
2040,-1,USLINK,0.000000000000e+00
2040,-1,PCP,1.425807120032e+05
2040,-1,EVAP,1.192492460447e+05
2040,-1,INFILT,0.000000000000e+00
2040,-1,USIF,2.017123583163e+07
2040,-2,LUIF,2.078302352086e+07
2040,-1,USBP,0.000000000000e+00
2040,-2,LUBP,0.000000000000e+00
2040,-5,IRWD,0.000000000000e+00
2040,0,IVOL,4.095425935250e+07
2040,1,RO,4.097757749052e+07
2040,1,BP,0.000000000000e+00
2040,0,DRAT_ISED_1,1.342378617062e+01
2040,0,DRAT_OSED_1,4.663250617185e+00
2040,-1,USSED_1,3.008334213911e+00
2040,-2,LUSED_1,1.025691164227e+01
2040,-1,USSBP_1,0.000000000000e+00
2040,-2,LUSBP_1,0.000000000000e+00
2040,-5,IRWDSED_1,0.000000000000e+00
2040,0,ISED_1,1.326524585618e+01
2040,0,DEPSCR_1,8.601995239000e+00
2040,0,DEPMASS_1,8.760535553438e+00
2040,0,SCRMASS_1,1.585403144375e-01
2040,0,BEDSED_1,1.628388768112e+06
2040,1,ROSED_1,4.663250617185e+00
2040,1,BPSED_1,0.000000000000e+00
2040,0,DRAT_ISED_2,1.012275865378e+02
2040,0,DRAT_OSED_2,1.007457900905e+02
2040,-1,USSED_2,5.505337881355e+01
2040,-2,LUSED_2,4.615949820837e+01
2040,-1,USSBP_2,0.000000000000e+00
2040,-2,LUSBP_2,0.000000000000e+00
2040,-5,IRWDSED_2,0.000000000000e+00
2040,0,ISED_2,1.012128770219e+02
2040,0,DEPSCR_2,4.671588370760e-01
2040,0,DEPMASS_2,4.818683529528e-01
2040,0,SCRMASS_2,1.470951587690e-02
2040,0,BEDSED_2,8.147337334023e+06
2040,1,ROSED_2,1.007457900905e+02
2040,1,BPSED_2,0.000000000000e+00
2040,0,DRAT_ISED_3,3.311618933754e+01
2040,0,DRAT_OSED_3,3.311620936299e+01
2040,-1,USSED_3,1.874787439324e+01
2040,-2,LUSED_3,1.412482437970e+01
2040,-1,USSBP_3,0.000000000000e+00
2040,-2,LUSBP_3,0.000000000000e+00
2040,-5,IRWDSED_3,0.000000000000e+00
2040,0,ISED_3,3.287269877293e+01
2040,0,DEPSCR_3,-2.434905646032e-01
2040,0,DEPMASS_3,0.000000000000e+00
2040,0,SCRMASS_3,2.434905646032e-01
2040,0,BEDSED_3,2.306023696052e+06
2040,1,ROSED_3,3.311620936299e+01
2040,1,BPSED_3,0.000000000000e+00
2040,0,DRAT_IGQL_TN,5.072808140901e+03
2040,0,DRAT_OGQL_TN,5.058929751540e+03
2040,-1,USQUAL_TN,2.398281622803e+03
2040,-2,LUQUAL_TN,2.674526518098e+03
2040,-1,USQUBP_TN,0.000000000000e+00
2040,-2,LUQUBP_TN,0.000000000000e+00
2040,-5,IRWDQUAL_TN,0.000000000000e+00
2040,-7,INFILTQUAL_TN,0.000000000000e+00
2040,-8,INFILTQUALTARGET_TN,0.000000000000e+00
2040,0,ADTOT_TN,0.000000000000e+00
2040,0,IQUAL_TN,5.072808140901e+03
2040,0,ADQAL_TN,0.000000000000e+00
2040,0,DSQAL_TN,0.000000000000e+00
2040,0,DEPQAL_TN,0.000000000000e+00
2040,0,SCRQAL_TN,0.000000000000e+00
2040,1,QUAL_TN,5.058929751540e+03
2040,1,QUBP_TN,0.000000000000e+00
2040,0,DRAT_IGQL_TP,8.788299905652e+02
2040,0,DRAT_OGQL_TP,8.768679459807e+02
2040,-1,USQUAL_TP,4.719225404293e+02
2040,-2,LUQUAL_TP,4.069074501360e+02
2040,-1,USQUBP_TP,0.000000000000e+00
2040,-2,LUQUBP_TP,0.000000000000e+00
2040,-5,IRWDQUAL_TP,0.000000000000e+00
2040,-7,INFILTQUAL_TP,0.000000000000e+00
2040,-8,INFILTQUALTARGET_TP,0.000000000000e+00
2040,0,ADTOT_TP,0.000000000000e+00
2040,0,IQUAL_TP,8.788299905652e+02
2040,0,ADQAL_TP,0.000000000000e+00
2040,0,DSQAL_TP,0.000000000000e+00
2040,0,DEPQAL_TP,0.000000000000e+00
2040,0,SCRQAL_TP,0.000000000000e+00
2040,1,QUAL_TP,8.768679459807e+02
2040,1,QUBP_TP,0.000000000000e+00
2040,0,DRAT_IGQL_TCd,1.991534870355e+00
2040,0,DRAT_OGQL_TCd,1.986938998311e+00
2040,-1,USQUAL_TCd,1.187839380504e+00
2040,-2,LUQUAL_TCd,8.036954898509e-01
2040,-1,USQUBP_TCd,0.000000000000e+00
2040,-2,LUQUBP_TCd,0.000000000000e+00
2040,-5,IRWDQUAL_TCd,0.000000000000e+00
2040,-7,INFILTQUAL_TCd,0.000000000000e+00
2040,-8,INFILTQUALTARGET_TCd,0.000000000000e+00
2040,0,ADTOT_TCd,0.000000000000e+00
2040,0,IQUAL_TCd,1.991534870355e+00
2040,0,ADQAL_TCd,0.000000000000e+00
2040,0,DSQAL_TCd,0.000000000000e+00
2040,0,DEPQAL_TCd,0.000000000000e+00
2040,0,SCRQAL_TCd,0.000000000000e+00
2040,1,QUAL_TCd,1.986938998311e+00
2040,1,QUBP_TCd,0.000000000000e+00
2040,0,DRAT_IGQL_TCu,2.000128566335e+02
2040,0,DRAT_OGQL_TCu,1.995525945294e+02
2040,-1,USQUAL_TCu,1.191599099507e+02
2040,-2,LUQUAL_TCu,8.085294668272e+01
2040,-1,USQUBP_TCu,0.000000000000e+00
2040,-2,LUQUBP_TCu,0.000000000000e+00
2040,-5,IRWDQUAL_TCu,0.000000000000e+00
2040,-7,INFILTQUAL_TCu,0.000000000000e+00
2040,-8,INFILTQUALTARGET_TCu,0.000000000000e+00
2040,0,ADTOT_TCu,0.000000000000e+00
2040,0,IQUAL_TCu,2.000128566335e+02
2040,0,ADQAL_TCu,0.000000000000e+00
2040,0,DSQAL_TCu,0.000000000000e+00
2040,0,DEPQAL_TCu,0.000000000000e+00
2040,0,SCRQAL_TCu,0.000000000000e+00
2040,1,QUAL_TCu,1.995525945294e+02
2040,1,QUBP_TCu,0.000000000000e+00
2040,0,DRAT_IGQL_TPb,5.204131482333e+01
2040,0,DRAT_OGQL_TPb,5.191993403745e+01
2040,-1,USQUAL_TPb,3.126998064766e+01
2040,-2,LUQUAL_TPb,2.077133417567e+01
2040,-1,USQUBP_TPb,0.000000000000e+00
2040,-2,LUQUBP_TPb,0.000000000000e+00
2040,-5,IRWDQUAL_TPb,0.000000000000e+00
2040,-7,INFILTQUAL_TPb,0.000000000000e+00
2040,-8,INFILTQUALTARGET_TPb,0.000000000000e+00
2040,0,ADTOT_TPb,0.000000000000e+00
2040,0,IQUAL_TPb,5.204131482333e+01
2040,0,ADQAL_TPb,0.000000000000e+00
2040,0,DSQAL_TPb,0.000000000000e+00
2040,0,DEPQAL_TPb,0.000000000000e+00
2040,0,SCRQAL_TPb,0.000000000000e+00
2040,1,QUAL_TPb,5.191993403745e+01
2040,1,QUBP_TPb,0.000000000000e+00
2040,0,DRAT_IGQL_TZn,8.799780045080e+02
2040,0,DRAT_OGQL_TZn,8.779550616640e+02
2040,-1,USQUAL_TZn,5.608103611959e+02
2040,-2,LUQUAL_TZn,3.191676433121e+02
2040,-1,USQUBP_TZn,0.000000000000e+00
2040,-2,LUQUBP_TZn,0.000000000000e+00
2040,-5,IRWDQUAL_TZn,0.000000000000e+00
2040,-7,INFILTQUAL_TZn,0.000000000000e+00
2040,-8,INFILTQUALTARGET_TZn,0.000000000000e+00
2040,0,ADTOT_TZn,0.000000000000e+00
2040,0,IQUAL_TZn,8.799780045080e+02
2040,0,ADQAL_TZn,0.000000000000e+00
2040,0,DSQAL_TZn,0.000000000000e+00
2040,0,DEPQAL_TZn,0.000000000000e+00
2040,0,SCRQAL_TZn,0.000000000000e+00
2040,1,QUAL_TZn,8.779550616640e+02
2040,1,QUBP_TZn,0.000000000000e+00
2054,0,DRAT_IVOL,8.395284196964e+07
2054,0,DRAT_OVOL,8.395284196964e+07
2054,-1,USLINK,0.000000000000e+00
2054,-1,PCP,0.000000000000e+00
2054,-1,EVAP,0.000000000000e+00
2054,-1,INFILT,0.000000000000e+00
2054,-1,USIF,6.634679585905e+07
2054,-2,LUIF,1.760604611059e+07
2054,-1,USBP,0.000000000000e+00
2054,-2,LUBP,0.000000000000e+00
2054,-5,IRWD,0.000000000000e+00
2054,0,IVOL,8.395284196964e+07
2054,1,RO,8.395284196964e+07
2054,1,BP,0.000000000000e+00
2054,0,DRAT_ISED_1,1.914688507804e+01
2054,0,DRAT_OSED_1,1.914688507804e+01
2054,-1,USSED_1,1.039622080434e+01
2054,-2,LUSED_1,8.750664273693e+00
2054,-1,USSBP_1,0.000000000000e+00
2054,-2,LUSBP_1,0.000000000000e+00
2054,-5,IRWDSED_1,0.000000000000e+00
2054,0,ISED_1,1.914688507804e+01
2054,0,DEPSCR_1,0.000000000000e+00
2054,0,DEPMASS_1,0.000000000000e+00
2054,0,SCRMASS_1,0.000000000000e+00
2054,0,BEDSED_1,0.000000000000e+00
2054,1,ROSED_1,1.914688507804e+01
2054,1,BPSED_1,0.000000000000e+00
2054,0,DRAT_ISED_2,2.130426629602e+02
2054,0,DRAT_OSED_2,2.130426629602e+02
2054,-1,USSED_2,1.752649630452e+02
2054,-2,LUSED_2,3.777769991497e+01
2054,-1,USSBP_2,0.000000000000e+00
2054,-2,LUSBP_2,0.000000000000e+00
2054,-5,IRWDSED_2,0.000000000000e+00
2054,0,ISED_2,2.130426629602e+02
2054,0,DEPSCR_2,0.000000000000e+00
2054,0,DEPMASS_2,0.000000000000e+00
2054,0,SCRMASS_2,0.000000000000e+00
2054,0,BEDSED_2,0.000000000000e+00
2054,1,ROSED_2,2.130426629602e+02
2054,1,BPSED_2,0.000000000000e+00
2054,0,DRAT_ISED_3,6.463415679210e+01
2054,0,DRAT_OSED_3,6.463415679210e+01
2054,-1,USSED_3,5.298188695511e+01
2054,-2,LUSED_3,1.165226983699e+01
2054,-1,USSBP_3,0.000000000000e+00
2054,-2,LUSBP_3,0.000000000000e+00
2054,-5,IRWDSED_3,0.000000000000e+00
2054,0,ISED_3,6.463415679210e+01
2054,0,DEPSCR_3,0.000000000000e+00
2054,0,DEPMASS_3,0.000000000000e+00
2054,0,SCRMASS_3,0.000000000000e+00
2054,0,BEDSED_3,0.000000000000e+00
2054,1,ROSED_3,6.463415679210e+01
2054,1,BPSED_3,0.000000000000e+00
2054,0,DRAT_IGQL_TN,1.135568330613e+04
2054,0,DRAT_OGQL_TN,1.135568330613e+04
2054,-1,USQUAL_TN,9.129104316024e+03
2054,-2,LUQUAL_TN,2.226578990104e+03
2054,-1,USQUBP_TN,0.000000000000e+00
2054,-2,LUQUBP_TN,0.000000000000e+00
2054,-5,IRWDQUAL_TN,0.000000000000e+00
2054,-7,INFILTQUAL_TN,0.000000000000e+00
2054,-8,INFILTQUALTARGET_TN,0.000000000000e+00
2054,0,ADTOT_TN,0.000000000000e+00
2054,0,IQUAL_TN,1.135568330613e+04
2054,0,ADQAL_TN,0.000000000000e+00
2054,0,DSQAL_TN,0.000000000000e+00
2054,0,DEPQAL_TN,0.000000000000e+00
2054,0,SCRQAL_TN,0.000000000000e+00
2054,1,QUAL_TN,1.135568330613e+04
2054,1,QUBP_TN,0.000000000000e+00
2054,0,DRAT_IGQL_TP,1.901649654671e+03
2054,0,DRAT_OGQL_TP,1.901649654671e+03
2054,-1,USQUAL_TP,1.578447495269e+03
2054,-2,LUQUAL_TP,3.232021594024e+02
2054,-1,USQUBP_TP,0.000000000000e+00
2054,-2,LUQUBP_TP,0.000000000000e+00
2054,-5,IRWDQUAL_TP,0.000000000000e+00
2054,-7,INFILTQUAL_TP,0.000000000000e+00
2054,-8,INFILTQUALTARGET_TP,0.000000000000e+00
2054,0,ADTOT_TP,0.000000000000e+00
2054,0,IQUAL_TP,1.901649654671e+03
2054,0,ADQAL_TP,0.000000000000e+00
2054,0,DSQAL_TP,0.000000000000e+00
2054,0,DEPQAL_TP,0.000000000000e+00
2054,0,SCRQAL_TP,0.000000000000e+00
2054,1,QUAL_TP,1.901649654671e+03
2054,1,QUBP_TP,0.000000000000e+00
2054,0,DRAT_IGQL_TCd,4.439018905497e+00
2054,0,DRAT_OGQL_TCd,4.439018905497e+00
2054,-1,USQUAL_TCd,3.807846494480e+00
2054,-2,LUQUAL_TCd,6.311724110175e-01
2054,-1,USQUBP_TCd,0.000000000000e+00
2054,-2,LUQUBP_TCd,0.000000000000e+00
2054,-5,IRWDQUAL_TCd,0.000000000000e+00
2054,-7,INFILTQUAL_TCd,0.000000000000e+00
2054,-8,INFILTQUALTARGET_TCd,0.000000000000e+00
2054,0,ADTOT_TCd,0.000000000000e+00
2054,0,IQUAL_TCd,4.439018905497e+00
2054,0,ADQAL_TCd,0.000000000000e+00
2054,0,DSQAL_TCd,0.000000000000e+00
2054,0,DEPQAL_TCd,0.000000000000e+00
2054,0,SCRQAL_TCd,0.000000000000e+00
2054,1,QUAL_TCd,4.439018905497e+00
2054,1,QUBP_TCd,0.000000000000e+00
2054,0,DRAT_IGQL_TCu,4.457805416353e+02
2054,0,DRAT_OGQL_TCu,4.457805416353e+02
2054,-1,USQUAL_TCu,3.821876827714e+02
2054,-2,LUQUAL_TCu,6.359285886391e+01
2054,-1,USQUBP_TCu,0.000000000000e+00
2054,-2,LUQUBP_TCu,0.000000000000e+00
2054,-5,IRWDQUAL_TCu,0.000000000000e+00
2054,-7,INFILTQUAL_TCu,0.000000000000e+00
2054,-8,INFILTQUALTARGET_TCu,0.000000000000e+00
2054,0,ADTOT_TCu,0.000000000000e+00
2054,0,IQUAL_TCu,4.457805416353e+02
2054,0,ADQAL_TCu,0.000000000000e+00
2054,0,DSQAL_TCu,0.000000000000e+00
2054,0,DEPQAL_TCu,0.000000000000e+00
2054,0,SCRQAL_TCu,0.000000000000e+00
2054,1,QUAL_TCu,4.457805416353e+02
2054,1,QUBP_TCu,0.000000000000e+00
2054,0,DRAT_IGQL_TPb,1.188945925211e+02
2054,0,DRAT_OGQL_TPb,1.188945925211e+02
2054,-1,USQUAL_TPb,1.025693434682e+02
2054,-2,LUQUAL_TPb,1.632524905289e+01
2054,-1,USQUBP_TPb,0.000000000000e+00
2054,-2,LUQUBP_TPb,0.000000000000e+00
2054,-5,IRWDQUAL_TPb,0.000000000000e+00
2054,-7,INFILTQUAL_TPb,0.000000000000e+00
2054,-8,INFILTQUALTARGET_TPb,0.000000000000e+00
2054,0,ADTOT_TPb,0.000000000000e+00
2054,0,IQUAL_TPb,1.188945925211e+02
2054,0,ADQAL_TPb,0.000000000000e+00
2054,0,DSQAL_TPb,0.000000000000e+00
2054,0,DEPQAL_TPb,0.000000000000e+00
2054,0,SCRQAL_TPb,0.000000000000e+00
2054,1,QUAL_TPb,1.188945925211e+02
2054,1,QUBP_TPb,0.000000000000e+00
2054,0,DRAT_IGQL_TZn,1.901164648431e+03
2054,0,DRAT_OGQL_TZn,1.901164648431e+03
2054,-1,USQUAL_TZn,1.631215167311e+03
2054,-2,LUQUAL_TZn,2.699494811197e+02
2054,-1,USQUBP_TZn,0.000000000000e+00
2054,-2,LUQUBP_TZn,0.000000000000e+00
2054,-5,IRWDQUAL_TZn,0.000000000000e+00
2054,-7,INFILTQUAL_TZn,0.000000000000e+00
2054,-8,INFILTQUALTARGET_TZn,0.000000000000e+00
2054,0,ADTOT_TZn,0.000000000000e+00
2054,0,IQUAL_TZn,1.901164648431e+03
2054,0,ADQAL_TZn,0.000000000000e+00
2054,0,DSQAL_TZn,0.000000000000e+00
2054,0,DEPQAL_TZn,0.000000000000e+00
2054,0,SCRQAL_TZn,0.000000000000e+00
2054,1,QUAL_TZn,1.901164648431e+03
2054,1,QUBP_TZn,0.000000000000e+00
2064,0,DRAT_IVOL,2.584151649995e+06
2064,0,DRAT_OVOL,2.584151649995e+06
2064,-1,USLINK,0.000000000000e+00
2064,-1,PCP,0.000000000000e+00
2064,-1,EVAP,0.000000000000e+00
2064,-1,INFILT,0.000000000000e+00
2064,-1,USIF,1.181299806287e+06
2064,-2,LUIF,1.402851843708e+06
2064,-1,USBP,0.000000000000e+00
2064,-2,LUBP,0.000000000000e+00
2064,-5,IRWD,0.000000000000e+00
2064,0,IVOL,2.584151649995e+06
2064,1,RO,2.584151649995e+06
2064,1,BP,0.000000000000e+00
2064,0,DRAT_ISED_1,1.193419256828e+00
2064,0,DRAT_OSED_1,1.193419256828e+00
2064,-1,USSED_1,5.073516465299e-01
2064,-2,LUSED_1,6.860676102983e-01
2064,-1,USSBP_1,0.000000000000e+00
2064,-2,LUSBP_1,0.000000000000e+00
2064,-5,IRWDSED_1,0.000000000000e+00
2064,0,ISED_1,1.193419256828e+00
2064,0,DEPSCR_1,0.000000000000e+00
2064,0,DEPMASS_1,0.000000000000e+00
2064,0,SCRMASS_1,0.000000000000e+00
2064,0,BEDSED_1,0.000000000000e+00
2064,1,ROSED_1,1.193419256828e+00
2064,1,BPSED_1,0.000000000000e+00
2064,0,DRAT_ISED_2,5.752193168891e+00
2064,0,DRAT_OSED_2,5.752193168891e+00
2064,-1,USSED_2,3.262755494627e+00
2064,-2,LUSED_2,2.489437674264e+00
2064,-1,USSBP_2,0.000000000000e+00
2064,-2,LUSBP_2,0.000000000000e+00
2064,-5,IRWDSED_2,0.000000000000e+00
2064,0,ISED_2,5.752193168891e+00
2064,0,DEPSCR_2,0.000000000000e+00
2064,0,DEPMASS_2,0.000000000000e+00
2064,0,SCRMASS_2,0.000000000000e+00
2064,0,BEDSED_2,0.000000000000e+00
2064,1,ROSED_2,5.752193168891e+00
2064,1,BPSED_2,0.000000000000e+00
2064,0,DRAT_ISED_3,1.738109411402e+00
2064,0,DRAT_OSED_3,1.738109411402e+00
2064,-1,USSED_3,9.427438641431e-01
2064,-2,LUSED_3,7.953655472584e-01
2064,-1,USSBP_3,0.000000000000e+00
2064,-2,LUSBP_3,0.000000000000e+00
2064,-5,IRWDSED_3,0.000000000000e+00
2064,0,ISED_3,1.738109411402e+00
2064,0,DEPSCR_3,0.000000000000e+00
2064,0,DEPMASS_3,0.000000000000e+00
2064,0,SCRMASS_3,0.000000000000e+00
2064,0,BEDSED_3,0.000000000000e+00
2064,1,ROSED_3,1.738109411402e+00
2064,1,BPSED_3,0.000000000000e+00
2064,0,DRAT_IGQL_TN,3.258420037057e+02
2064,0,DRAT_OGQL_TN,3.258420037057e+02
2064,-1,USQUAL_TN,1.502381913595e+02
2064,-2,LUQUAL_TN,1.756038123462e+02
2064,-1,USQUBP_TN,0.000000000000e+00
2064,-2,LUQUBP_TN,0.000000000000e+00
2064,-5,IRWDQUAL_TN,0.000000000000e+00
2064,-7,INFILTQUAL_TN,0.000000000000e+00
2064,-8,INFILTQUALTARGET_TN,0.000000000000e+00
2064,0,ADTOT_TN,0.000000000000e+00
2064,0,IQUAL_TN,3.258420037057e+02
2064,0,ADQAL_TN,0.000000000000e+00
2064,0,DSQAL_TN,0.000000000000e+00
2064,0,DEPQAL_TN,0.000000000000e+00
2064,0,SCRQAL_TN,0.000000000000e+00
2064,1,QUAL_TN,3.258420037057e+02
2064,1,QUBP_TN,0.000000000000e+00
2064,0,DRAT_IGQL_TP,5.202639079875e+01
2064,0,DRAT_OGQL_TP,5.202639079875e+01
2064,-1,USQUAL_TP,3.082596329748e+01
2064,-2,LUQUAL_TP,2.120042750127e+01
2064,-1,USQUBP_TP,0.000000000000e+00
2064,-2,LUQUBP_TP,0.000000000000e+00
2064,-5,IRWDQUAL_TP,0.000000000000e+00
2064,-7,INFILTQUAL_TP,0.000000000000e+00
2064,-8,INFILTQUALTARGET_TP,0.000000000000e+00
2064,0,ADTOT_TP,0.000000000000e+00
2064,0,IQUAL_TP,5.202639079875e+01
2064,0,ADQAL_TP,0.000000000000e+00
2064,0,DSQAL_TP,0.000000000000e+00
2064,0,DEPQAL_TP,0.000000000000e+00
2064,0,SCRQAL_TP,0.000000000000e+00
2064,1,QUAL_TP,5.202639079875e+01
2064,1,QUBP_TP,0.000000000000e+00
2064,0,DRAT_IGQL_TCd,1.284760104194e-01
2064,0,DRAT_OGQL_TCd,1.284760104194e-01
2064,-1,USQUAL_TCd,9.720134611479e-02
2064,-2,LUQUAL_TCd,3.127466430457e-02
2064,-1,USQUBP_TCd,0.000000000000e+00
2064,-2,LUQUBP_TCd,0.000000000000e+00
2064,-5,IRWDQUAL_TCd,0.000000000000e+00
2064,-7,INFILTQUAL_TCd,0.000000000000e+00
2064,-8,INFILTQUALTARGET_TCd,0.000000000000e+00
2064,0,ADTOT_TCd,0.000000000000e+00
2064,0,IQUAL_TCd,1.284760104194e-01
2064,0,ADQAL_TCd,0.000000000000e+00
2064,0,DSQAL_TCd,0.000000000000e+00
2064,0,DEPQAL_TCd,0.000000000000e+00
2064,0,SCRQAL_TCd,0.000000000000e+00
2064,1,QUAL_TCd,1.284760104194e-01
2064,1,QUBP_TCd,0.000000000000e+00
2064,0,DRAT_IGQL_TCu,1.290167547973e+01
2064,0,DRAT_OGQL_TCu,1.290167547973e+01
2064,-1,USQUAL_TCu,9.727138249558e+00
2064,-2,LUQUAL_TCu,3.174537230173e+00
2064,-1,USQUBP_TCu,0.000000000000e+00
2064,-2,LUQUBP_TCu,0.000000000000e+00
2064,-5,IRWDQUAL_TCu,0.000000000000e+00
2064,-7,INFILTQUAL_TCu,0.000000000000e+00
2064,-8,INFILTQUALTARGET_TCu,0.000000000000e+00
2064,0,ADTOT_TCu,0.000000000000e+00
2064,0,IQUAL_TCu,1.290167547973e+01
2064,0,ADQAL_TCu,0.000000000000e+00
2064,0,DSQAL_TCu,0.000000000000e+00
2064,0,DEPQAL_TCu,0.000000000000e+00
2064,0,SCRQAL_TCu,0.000000000000e+00
2064,1,QUAL_TCu,1.290167547973e+01
2064,1,QUBP_TCu,0.000000000000e+00
2064,0,DRAT_IGQL_TPb,3.417551846461e+00
2064,0,DRAT_OGQL_TPb,3.417551846461e+00
2064,-1,USQUAL_TPb,2.640414737446e+00
2064,-2,LUQUAL_TPb,7.771371090146e-01
2064,-1,USQUBP_TPb,0.000000000000e+00
2064,-2,LUQUBP_TPb,0.000000000000e+00
2064,-5,IRWDQUAL_TPb,0.000000000000e+00
2064,-7,INFILTQUAL_TPb,0.000000000000e+00
2064,-8,INFILTQUALTARGET_TPb,0.000000000000e+00
2064,0,ADTOT_TPb,0.000000000000e+00
2064,0,IQUAL_TPb,3.417551846461e+00
2064,0,ADQAL_TPb,0.000000000000e+00
2064,0,DSQAL_TPb,0.000000000000e+00
2064,0,DEPQAL_TPb,0.000000000000e+00
2064,0,SCRQAL_TPb,0.000000000000e+00
2064,1,QUAL_TPb,3.417551846461e+00
2064,1,QUBP_TPb,0.000000000000e+00
2064,0,DRAT_IGQL_TZn,6.051348400625e+01
2064,0,DRAT_OGQL_TZn,6.051348400625e+01
2064,-1,USQUAL_TZn,4.569307801108e+01
2064,-2,LUQUAL_TZn,1.482040599517e+01
2064,-1,USQUBP_TZn,0.000000000000e+00
2064,-2,LUQUBP_TZn,0.000000000000e+00
2064,-5,IRWDQUAL_TZn,0.000000000000e+00
2064,-7,INFILTQUAL_TZn,0.000000000000e+00
2064,-8,INFILTQUALTARGET_TZn,0.000000000000e+00
2064,0,ADTOT_TZn,0.000000000000e+00
2064,0,IQUAL_TZn,6.051348400625e+01
2064,0,ADQAL_TZn,0.000000000000e+00
2064,0,DSQAL_TZn,0.000000000000e+00
2064,0,DEPQAL_TZn,0.000000000000e+00
2064,0,SCRQAL_TZn,0.000000000000e+00
2064,1,QUAL_TZn,6.051348400625e+01
2064,1,QUBP_TZn,0.000000000000e+00
2066,0,DRAT_IVOL,1.711712105609e+07
2066,0,DRAT_OVOL,1.701129251831e+07
2066,-1,USLINK,0.000000000000e+00
2066,-1,PCP,1.276693999776e+05
2066,-1,EVAP,1.058218046215e+05
2066,-1,INFILT,0.000000000000e+00
2066,-1,USIF,6.571505585563e+05
2066,-2,LUIF,1.633230109756e+07
2066,-1,USBP,0.000000000000e+00
2066,-2,LUBP,0.000000000000e+00
2066,-5,IRWD,0.000000000000e+00
2066,0,IVOL,1.698945165611e+07
2066,1,RO,1.701129251831e+07
2066,1,BP,0.000000000000e+00
2066,0,DRAT_ISED_1,1.027014494869e+01
2066,0,DRAT_OSED_1,5.642250029948e+00
2066,-1,USSED_1,2.829119173114e-01
2066,-2,LUSED_1,8.199540716775e+00
2066,-1,USSBP_1,0.000000000000e+00
2066,-2,LUSBP_1,0.000000000000e+00
2066,-5,IRWDSED_1,0.000000000000e+00
2066,0,ISED_1,8.482452634086e+00
2066,0,DEPSCR_1,2.840202604139e+00
2066,0,DEPMASS_1,4.627894918742e+00
2066,0,SCRMASS_1,1.787692314604e+00
2066,0,BEDSED_1,2.090962981232e+06
2066,1,ROSED_1,5.642250029948e+00
2066,1,BPSED_1,0.000000000000e+00
2066,0,DRAT_ISED_2,4.935899702677e+01
2066,0,DRAT_OSED_2,4.935901991037e+01
2066,-1,USSED_2,1.635545971883e+00
2066,-2,LUSED_2,4.274045535715e+01
2066,-1,USSBP_2,0.000000000000e+00
2066,-2,LUSBP_2,0.000000000000e+00
2066,-5,IRWDSED_2,0.000000000000e+00
2066,0,ISED_2,4.437600132903e+01
2066,0,DEPSCR_2,-4.982995697736e+00
2066,0,DEPMASS_2,0.000000000000e+00
2066,0,SCRMASS_2,4.982995697736e+00
2066,0,BEDSED_2,1.323346705284e+07
2066,1,ROSED_2,4.935901991037e+01
2066,1,BPSED_2,0.000000000000e+00
2066,0,DRAT_ISED_3,2.466731292756e+01
2066,0,DRAT_OSED_3,2.466731926623e+01
2066,-1,USSED_3,4.798310491245e-01
2066,-2,LUSED_3,1.274281036271e+01
2066,-1,USSBP_3,0.000000000000e+00
2066,-2,LUSBP_3,0.000000000000e+00
2066,-5,IRWDSED_3,0.000000000000e+00
2066,0,ISED_3,1.322264141184e+01
2066,0,DEPSCR_3,-1.144467151573e+01
2066,0,DEPMASS_3,0.000000000000e+00
2066,0,SCRMASS_3,1.144467151573e+01
2066,0,BEDSED_3,3.120210524389e+06
2066,1,ROSED_3,2.466731926623e+01
2066,1,BPSED_3,0.000000000000e+00
2066,0,DRAT_IGQL_TN,2.151224297239e+03
2066,0,DRAT_OGQL_TN,2.144584238938e+03
2066,-1,USQUAL_TN,8.353288850898e+01
2066,-2,LUQUAL_TN,2.067691408730e+03
2066,-1,USQUBP_TN,0.000000000000e+00
2066,-2,LUQUBP_TN,0.000000000000e+00
2066,-5,IRWDQUAL_TN,0.000000000000e+00
2066,-7,INFILTQUAL_TN,0.000000000000e+00
2066,-8,INFILTQUALTARGET_TN,0.000000000000e+00
2066,0,ADTOT_TN,0.000000000000e+00
2066,0,IQUAL_TN,2.151224297239e+03
2066,0,ADQAL_TN,0.000000000000e+00
2066,0,DSQAL_TN,0.000000000000e+00
2066,0,DEPQAL_TN,0.000000000000e+00
2066,0,SCRQAL_TN,0.000000000000e+00
2066,1,QUAL_TN,2.144584238938e+03
2066,1,QUBP_TN,0.000000000000e+00
2066,0,DRAT_IGQL_TP,4.011906299422e+02
2066,0,DRAT_OGQL_TP,4.001477110240e+02
2066,-1,USQUAL_TP,1.431591491485e+01
2066,-2,LUQUAL_TP,3.868747150273e+02
2066,-1,USQUBP_TP,0.000000000000e+00
2066,-2,LUQUBP_TP,0.000000000000e+00
2066,-5,IRWDQUAL_TP,0.000000000000e+00
2066,-7,INFILTQUAL_TP,0.000000000000e+00
2066,-8,INFILTQUALTARGET_TP,0.000000000000e+00
2066,0,ADTOT_TP,0.000000000000e+00
2066,0,IQUAL_TP,4.011906299422e+02
2066,0,ADQAL_TP,0.000000000000e+00
2066,0,DSQAL_TP,0.000000000000e+00
2066,0,DEPQAL_TP,0.000000000000e+00
2066,0,SCRQAL_TP,0.000000000000e+00
2066,1,QUAL_TP,4.001477110240e+02
2066,1,QUBP_TP,0.000000000000e+00
2066,0,DRAT_IGQL_TCd,1.030924954947e+00
2066,0,DRAT_OGQL_TCd,1.028172467995e+00
2066,-1,USQUAL_TCd,4.159614490858e-02
2066,-2,LUQUAL_TCd,9.893288100383e-01
2066,-1,USQUBP_TCd,0.000000000000e+00
2066,-2,LUQUBP_TCd,0.000000000000e+00
2066,-5,IRWDQUAL_TCd,0.000000000000e+00
2066,-7,INFILTQUAL_TCd,0.000000000000e+00
2066,-8,INFILTQUALTARGET_TCd,0.000000000000e+00
2066,0,ADTOT_TCd,0.000000000000e+00
2066,0,IQUAL_TCd,1.030924954947e+00
2066,0,ADQAL_TCd,0.000000000000e+00
2066,0,DSQAL_TCd,0.000000000000e+00
2066,0,DEPQAL_TCd,0.000000000000e+00
2066,0,SCRQAL_TCd,0.000000000000e+00
2066,1,QUAL_TCd,1.028172467995e+00
2066,1,QUBP_TCd,0.000000000000e+00
2066,0,DRAT_IGQL_TCu,1.033412593163e+02
2066,0,DRAT_OGQL_TCu,1.030657933468e+02
2066,-1,USQUAL_TCu,4.166456834079e+00
2066,-2,LUQUAL_TCu,9.917480248227e+01
2066,-1,USQUBP_TCu,0.000000000000e+00
2066,-2,LUQUBP_TCu,0.000000000000e+00
2066,-5,IRWDQUAL_TCu,0.000000000000e+00
2066,-7,INFILTQUAL_TCu,0.000000000000e+00
2066,-8,INFILTQUALTARGET_TCu,0.000000000000e+00
2066,0,ADTOT_TCu,0.000000000000e+00
2066,0,IQUAL_TCu,1.033412593163e+02
2066,0,ADQAL_TCu,0.000000000000e+00
2066,0,DSQAL_TCu,0.000000000000e+00
2066,0,DEPQAL_TCu,0.000000000000e+00
2066,0,SCRQAL_TCu,0.000000000000e+00
2066,1,QUAL_TCu,1.030657933468e+02
2066,1,QUBP_TCu,0.000000000000e+00
2066,0,DRAT_IGQL_TPb,2.751329740852e+01
2066,0,DRAT_OGQL_TPb,2.743932212471e+01
2066,-1,USQUAL_TPb,1.132081365142e+00
2066,-2,LUQUAL_TPb,2.638121604337e+01
2066,-1,USQUBP_TPb,0.000000000000e+00
2066,-2,LUQUBP_TPb,0.000000000000e+00
2066,-5,IRWDQUAL_TPb,0.000000000000e+00
2066,-7,INFILTQUAL_TPb,0.000000000000e+00
2066,-8,INFILTQUALTARGET_TPb,0.000000000000e+00
2066,0,ADTOT_TPb,0.000000000000e+00
2066,0,IQUAL_TPb,2.751329740852e+01
2066,0,ADQAL_TPb,0.000000000000e+00
2066,0,DSQAL_TPb,0.000000000000e+00
2066,0,DEPQAL_TPb,0.000000000000e+00
2066,0,SCRQAL_TPb,0.000000000000e+00
2066,1,QUAL_TPb,2.743932212471e+01
2066,1,QUBP_TPb,0.000000000000e+00
2066,0,DRAT_IGQL_TZn,4.492867265997e+02
2066,0,DRAT_OGQL_TZn,4.480733909393e+02
2066,-1,USQUAL_TZn,1.968496196935e+01
2066,-2,LUQUAL_TZn,4.296017646304e+02
2066,-1,USQUBP_TZn,0.000000000000e+00
2066,-2,LUQUBP_TZn,0.000000000000e+00
2066,-5,IRWDQUAL_TZn,0.000000000000e+00
2066,-7,INFILTQUAL_TZn,0.000000000000e+00
2066,-8,INFILTQUALTARGET_TZn,0.000000000000e+00
2066,0,ADTOT_TZn,0.000000000000e+00
2066,0,IQUAL_TZn,4.492867265997e+02
2066,0,ADQAL_TZn,0.000000000000e+00
2066,0,DSQAL_TZn,0.000000000000e+00
2066,0,DEPQAL_TZn,0.000000000000e+00
2066,0,SCRQAL_TZn,0.000000000000e+00
2066,1,QUAL_TZn,4.480733909393e+02
2066,1,QUBP_TZn,0.000000000000e+00
2073,0,DRAT_IVOL,2.022067957482e+07
2073,0,DRAT_OVOL,2.022067957482e+07
2073,-1,USLINK,0.000000000000e+00
2073,-1,PCP,0.000000000000e+00
2073,-1,EVAP,0.000000000000e+00
2073,-1,INFILT,0.000000000000e+00
2073,-1,USIF,1.048412039422e+07
2073,-2,LUIF,9.736559180598e+06
2073,-1,USBP,0.000000000000e+00
2073,-2,LUBP,0.000000000000e+00
2073,-5,IRWD,0.000000000000e+00
2073,0,IVOL,2.022067957482e+07
2073,1,RO,2.022067957482e+07
2073,1,BP,0.000000000000e+00
2073,0,DRAT_ISED_1,1.130381699945e+01
2073,0,DRAT_OSED_1,1.130381699945e+01
2073,-1,USSED_1,6.275513630464e+00
2073,-2,LUSED_1,5.028303368984e+00
2073,-1,USSBP_1,0.000000000000e+00
2073,-2,LUSBP_1,0.000000000000e+00
2073,-5,IRWDSED_1,0.000000000000e+00
2073,0,ISED_1,1.130381699945e+01
2073,0,DEPSCR_1,0.000000000000e+00
2073,0,DEPMASS_1,0.000000000000e+00
2073,0,SCRMASS_1,0.000000000000e+00
2073,0,BEDSED_1,0.000000000000e+00
2073,1,ROSED_1,1.130381699945e+01
2073,1,BPSED_1,0.000000000000e+00
2073,0,DRAT_ISED_2,4.089000721110e+01
2073,0,DRAT_OSED_2,4.089000721110e+01
2073,-1,USSED_2,1.878057018687e+01
2073,-2,LUSED_2,2.210943702423e+01
2073,-1,USSBP_2,0.000000000000e+00
2073,-2,LUSBP_2,0.000000000000e+00
2073,-5,IRWDSED_2,0.000000000000e+00
2073,0,ISED_2,4.089000721110e+01
2073,0,DEPSCR_2,0.000000000000e+00
2073,0,DEPMASS_2,0.000000000000e+00
2073,0,SCRMASS_2,0.000000000000e+00
2073,0,BEDSED_2,0.000000000000e+00
2073,1,ROSED_2,4.089000721110e+01
2073,1,BPSED_2,0.000000000000e+00
2073,0,DRAT_ISED_3,1.352544553278e+01
2073,0,DRAT_OSED_3,1.352544553278e+01
2073,-1,USSED_3,6.731640112572e+00
2073,-2,LUSED_3,6.793805420205e+00
2073,-1,USSBP_3,0.000000000000e+00
2073,-2,LUSBP_3,0.000000000000e+00
2073,-5,IRWDSED_3,0.000000000000e+00
2073,0,ISED_3,1.352544553278e+01
2073,0,DEPSCR_3,0.000000000000e+00
2073,0,DEPMASS_3,0.000000000000e+00
2073,0,SCRMASS_3,0.000000000000e+00
2073,0,BEDSED_3,0.000000000000e+00
2073,1,ROSED_3,1.352544553278e+01
2073,1,BPSED_3,0.000000000000e+00
2073,0,DRAT_IGQL_TN,2.409086420816e+03
2073,0,DRAT_OGQL_TN,2.409086420816e+03
2073,-1,USQUAL_TN,1.234512807814e+03
2073,-2,LUQUAL_TN,1.174573613003e+03
2073,-1,USQUBP_TN,0.000000000000e+00
2073,-2,LUQUBP_TN,0.000000000000e+00
2073,-5,IRWDQUAL_TN,0.000000000000e+00
2073,-7,INFILTQUAL_TN,0.000000000000e+00
2073,-8,INFILTQUALTARGET_TN,0.000000000000e+00
2073,0,ADTOT_TN,0.000000000000e+00
2073,0,IQUAL_TN,2.409086420816e+03
2073,0,ADQAL_TN,0.000000000000e+00
2073,0,DSQAL_TN,0.000000000000e+00
2073,0,DEPQAL_TN,0.000000000000e+00
2073,0,SCRQAL_TN,0.000000000000e+00
2073,1,QUAL_TN,2.409086420816e+03
2073,1,QUBP_TN,0.000000000000e+00
2073,0,DRAT_IGQL_TP,3.513630788428e+02
2073,0,DRAT_OGQL_TP,3.513630788428e+02
2073,-1,USQUAL_TP,1.620305079468e+02
2073,-2,LUQUAL_TP,1.893325708960e+02
2073,-1,USQUBP_TP,0.000000000000e+00
2073,-2,LUQUBP_TP,0.000000000000e+00
2073,-5,IRWDQUAL_TP,0.000000000000e+00
2073,-7,INFILTQUAL_TP,0.000000000000e+00
2073,-8,INFILTQUALTARGET_TP,0.000000000000e+00
2073,0,ADTOT_TP,0.000000000000e+00
2073,0,IQUAL_TP,3.513630788428e+02
2073,0,ADQAL_TP,0.000000000000e+00
2073,0,DSQAL_TP,0.000000000000e+00
2073,0,DEPQAL_TP,0.000000000000e+00
2073,0,SCRQAL_TP,0.000000000000e+00
2073,1,QUAL_TP,3.513630788428e+02
2073,1,QUBP_TP,0.000000000000e+00
2073,0,DRAT_IGQL_TCd,6.313828090736e-01
2073,0,DRAT_OGQL_TCd,6.313828090736e-01
2073,-1,USQUAL_TCd,2.653984387792e-01
2073,-2,LUQUAL_TCd,3.659843702945e-01
2073,-1,USQUBP_TCd,0.000000000000e+00
2073,-2,LUQUBP_TCd,0.000000000000e+00
2073,-5,IRWDQUAL_TCd,0.000000000000e+00
2073,-7,INFILTQUAL_TCd,0.000000000000e+00
2073,-8,INFILTQUALTARGET_TCd,0.000000000000e+00
2073,0,ADTOT_TCd,0.000000000000e+00
2073,0,IQUAL_TCd,6.313828090736e-01
2073,0,ADQAL_TCd,0.000000000000e+00
2073,0,DSQAL_TCd,0.000000000000e+00
2073,0,DEPQAL_TCd,0.000000000000e+00
2073,0,SCRQAL_TCd,0.000000000000e+00
2073,1,QUAL_TCd,6.313828090736e-01
2073,1,QUBP_TCd,0.000000000000e+00
2073,0,DRAT_IGQL_TCu,6.381385470505e+01
2073,0,DRAT_OGQL_TCu,6.381385470505e+01
2073,-1,USQUAL_TCu,2.690931218114e+01
2073,-2,LUQUAL_TCu,3.690454252390e+01
2073,-1,USQUBP_TCu,0.000000000000e+00
2073,-2,LUQUBP_TCu,0.000000000000e+00
2073,-5,IRWDQUAL_TCu,0.000000000000e+00
2073,-7,INFILTQUAL_TCu,0.000000000000e+00
2073,-8,INFILTQUALTARGET_TCu,0.000000000000e+00
2073,0,ADTOT_TCu,0.000000000000e+00
2073,0,IQUAL_TCu,6.381385470505e+01
2073,0,ADQAL_TCu,0.000000000000e+00
2073,0,DSQAL_TCu,0.000000000000e+00
2073,0,DEPQAL_TCu,0.000000000000e+00
2073,0,SCRQAL_TCu,0.000000000000e+00
2073,1,QUAL_TCu,6.381385470505e+01
2073,1,QUBP_TCu,0.000000000000e+00
2073,0,DRAT_IGQL_TPb,1.580690799765e+01
2073,0,DRAT_OGQL_TPb,1.580690799765e+01
2073,-1,USQUAL_TPb,6.776075573967e+00
2073,-2,LUQUAL_TPb,9.030832423686e+00
2073,-1,USQUBP_TPb,0.000000000000e+00
2073,-2,LUQUBP_TPb,0.000000000000e+00
2073,-5,IRWDQUAL_TPb,0.000000000000e+00
2073,-7,INFILTQUAL_TPb,0.000000000000e+00
2073,-8,INFILTQUALTARGET_TPb,0.000000000000e+00
2073,0,ADTOT_TPb,0.000000000000e+00
2073,0,IQUAL_TPb,1.580690799765e+01
2073,0,ADQAL_TPb,0.000000000000e+00
2073,0,DSQAL_TPb,0.000000000000e+00
2073,0,DEPQAL_TPb,0.000000000000e+00
2073,0,SCRQAL_TPb,0.000000000000e+00
2073,1,QUAL_TPb,1.580690799765e+01
2073,1,QUBP_TPb,0.000000000000e+00
2073,0,DRAT_IGQL_TZn,2.920601169658e+02
2073,0,DRAT_OGQL_TZn,2.920601169658e+02
2073,-1,USQUAL_TZn,1.234317954740e+02
2073,-2,LUQUAL_TZn,1.686283214918e+02
2073,-1,USQUBP_TZn,0.000000000000e+00
2073,-2,LUQUBP_TZn,0.000000000000e+00
2073,-5,IRWDQUAL_TZn,0.000000000000e+00
2073,-7,INFILTQUAL_TZn,0.000000000000e+00
2073,-8,INFILTQUALTARGET_TZn,0.000000000000e+00
2073,0,ADTOT_TZn,0.000000000000e+00
2073,0,IQUAL_TZn,2.920601169658e+02
2073,0,ADQAL_TZn,0.000000000000e+00
2073,0,DSQAL_TZn,0.000000000000e+00
2073,0,DEPQAL_TZn,0.000000000000e+00
2073,0,SCRQAL_TZn,0.000000000000e+00
2073,1,QUAL_TZn,2.920601169658e+02
2073,1,QUBP_TZn,0.000000000000e+00
2077,0,DRAT_IVOL,1.826146489812e+07
2077,0,DRAT_OVOL,1.826146489812e+07
2077,-1,USLINK,0.000000000000e+00
2077,-1,PCP,0.000000000000e+00
2077,-1,EVAP,0.000000000000e+00
2077,-1,INFILT,0.000000000000e+00
2077,-1,USIF,7.584728037995e+06
2077,-2,LUIF,1.067673686013e+07
2077,-1,USBP,0.000000000000e+00
2077,-2,LUBP,0.000000000000e+00
2077,-5,IRWD,0.000000000000e+00
2077,0,IVOL,1.826146489812e+07
2077,1,RO,1.826146489812e+07
2077,1,BP,0.000000000000e+00
2077,0,DRAT_ISED_1,1.076982389291e+01
2077,0,DRAT_OSED_1,1.076982389291e+01
2077,-1,USSED_1,4.646620924239e+00
2077,-2,LUSED_1,6.123202968668e+00
2077,-1,USSBP_1,0.000000000000e+00
2077,-2,LUSBP_1,0.000000000000e+00
2077,-5,IRWDSED_1,0.000000000000e+00
2077,0,ISED_1,1.076982389291e+01
2077,0,DEPSCR_1,0.000000000000e+00
2077,0,DEPMASS_1,0.000000000000e+00
2077,0,SCRMASS_1,0.000000000000e+00
2077,0,BEDSED_1,0.000000000000e+00
2077,1,ROSED_1,1.076982389291e+01
2077,1,BPSED_1,0.000000000000e+00
2077,0,DRAT_ISED_2,3.898968049016e+01
2077,0,DRAT_OSED_2,3.898968049016e+01
2077,-1,USSED_2,1.475054945723e+01
2077,-2,LUSED_2,2.423913103294e+01
2077,-1,USSBP_2,0.000000000000e+00
2077,-2,LUSBP_2,0.000000000000e+00
2077,-5,IRWDSED_2,0.000000000000e+00
2077,0,ISED_2,3.898968049016e+01
2077,0,DEPSCR_2,0.000000000000e+00
2077,0,DEPMASS_2,0.000000000000e+00
2077,0,SCRMASS_2,0.000000000000e+00
2077,0,BEDSED_2,0.000000000000e+00
2077,1,ROSED_2,3.898968049016e+01
2077,1,BPSED_2,0.000000000000e+00
2077,0,DRAT_ISED_3,1.374430869124e+01
2077,0,DRAT_OSED_3,1.374430869124e+01
2077,-1,USSED_3,5.538934907912e+00
2077,-2,LUSED_3,8.205373783325e+00
2077,-1,USSBP_3,0.000000000000e+00
2077,-2,LUSBP_3,0.000000000000e+00
2077,-5,IRWDSED_3,0.000000000000e+00
2077,0,ISED_3,1.374430869124e+01
2077,0,DEPSCR_3,0.000000000000e+00
2077,0,DEPMASS_3,0.000000000000e+00
2077,0,SCRMASS_3,0.000000000000e+00
2077,0,BEDSED_3,0.000000000000e+00
2077,1,ROSED_3,1.374430869124e+01
2077,1,BPSED_3,0.000000000000e+00
2077,0,DRAT_IGQL_TN,2.549258476387e+03
2077,0,DRAT_OGQL_TN,2.549258476387e+03
2077,-1,USQUAL_TN,9.598673840812e+02
2077,-2,LUQUAL_TN,1.589391092306e+03
2077,-1,USQUBP_TN,0.000000000000e+00
2077,-2,LUQUBP_TN,0.000000000000e+00
2077,-5,IRWDQUAL_TN,0.000000000000e+00
2077,-7,INFILTQUAL_TN,0.000000000000e+00
2077,-8,INFILTQUALTARGET_TN,0.000000000000e+00
2077,0,ADTOT_TN,0.000000000000e+00
2077,0,IQUAL_TN,2.549258476387e+03
2077,0,ADQAL_TN,0.000000000000e+00
2077,0,DSQAL_TN,0.000000000000e+00
2077,0,DEPQAL_TN,0.000000000000e+00
2077,0,SCRQAL_TN,0.000000000000e+00
2077,1,QUAL_TN,2.549258476387e+03
2077,1,QUBP_TN,0.000000000000e+00
2077,0,DRAT_IGQL_TP,3.798116267308e+02
2077,0,DRAT_OGQL_TP,3.798116267308e+02
2077,-1,USQUAL_TP,1.388278547675e+02
2077,-2,LUQUAL_TP,2.409837719633e+02
2077,-1,USQUBP_TP,0.000000000000e+00
2077,-2,LUQUBP_TP,0.000000000000e+00
2077,-5,IRWDQUAL_TP,0.000000000000e+00
2077,-7,INFILTQUAL_TP,0.000000000000e+00
2077,-8,INFILTQUALTARGET_TP,0.000000000000e+00
2077,0,ADTOT_TP,0.000000000000e+00
2077,0,IQUAL_TP,3.798116267308e+02
2077,0,ADQAL_TP,0.000000000000e+00
2077,0,DSQAL_TP,0.000000000000e+00
2077,0,DEPQAL_TP,0.000000000000e+00
2077,0,SCRQAL_TP,0.000000000000e+00
2077,1,QUAL_TP,3.798116267308e+02
2077,1,QUBP_TP,0.000000000000e+00
2077,0,DRAT_IGQL_TCd,6.639662213412e-01
2077,0,DRAT_OGQL_TCd,6.639662213412e-01
2077,-1,USQUAL_TCd,2.346907961494e-01
2077,-2,LUQUAL_TCd,4.292754251918e-01
2077,-1,USQUBP_TCd,0.000000000000e+00
2077,-2,LUQUBP_TCd,0.000000000000e+00
2077,-5,IRWDQUAL_TCd,0.000000000000e+00
2077,-7,INFILTQUAL_TCd,0.000000000000e+00
2077,-8,INFILTQUALTARGET_TCd,0.000000000000e+00
2077,0,ADTOT_TCd,0.000000000000e+00
2077,0,IQUAL_TCd,6.639662213412e-01
2077,0,ADQAL_TCd,0.000000000000e+00
2077,0,DSQAL_TCd,0.000000000000e+00
2077,0,DEPQAL_TCd,0.000000000000e+00
2077,0,SCRQAL_TCd,0.000000000000e+00
2077,1,QUAL_TCd,6.639662213412e-01
2077,1,QUBP_TCd,0.000000000000e+00
2077,0,DRAT_IGQL_TCu,6.699665254169e+01
2077,0,DRAT_OGQL_TCu,6.699665254169e+01
2077,-1,USQUAL_TCu,2.381119979534e+01
2077,-2,LUQUAL_TCu,4.318545274635e+01
2077,-1,USQUBP_TCu,0.000000000000e+00
2077,-2,LUQUBP_TCu,0.000000000000e+00
2077,-5,IRWDQUAL_TCu,0.000000000000e+00
2077,-7,INFILTQUAL_TCu,0.000000000000e+00
2077,-8,INFILTQUALTARGET_TCu,0.000000000000e+00
2077,0,ADTOT_TCu,0.000000000000e+00
2077,0,IQUAL_TCu,6.699665254169e+01
2077,0,ADQAL_TCu,0.000000000000e+00
2077,0,DSQAL_TCu,0.000000000000e+00
2077,0,DEPQAL_TCu,0.000000000000e+00
2077,0,SCRQAL_TCu,0.000000000000e+00
2077,1,QUAL_TCu,6.699665254169e+01
2077,1,QUBP_TCu,0.000000000000e+00
2077,0,DRAT_IGQL_TPb,1.860312264107e+01
2077,0,DRAT_OGQL_TPb,1.860312264107e+01
2077,-1,USQUAL_TPb,5.929653567210e+00
2077,-2,LUQUAL_TPb,1.267346907386e+01
2077,-1,USQUBP_TPb,0.000000000000e+00
2077,-2,LUQUBP_TPb,0.000000000000e+00
2077,-5,IRWDQUAL_TPb,0.000000000000e+00
2077,-7,INFILTQUAL_TPb,0.000000000000e+00
2077,-8,INFILTQUALTARGET_TPb,0.000000000000e+00
2077,0,ADTOT_TPb,0.000000000000e+00
2077,0,IQUAL_TPb,1.860312264107e+01
2077,0,ADQAL_TPb,0.000000000000e+00
2077,0,DSQAL_TPb,0.000000000000e+00
2077,0,DEPQAL_TPb,0.000000000000e+00
2077,0,SCRQAL_TPb,0.000000000000e+00
2077,1,QUAL_TPb,1.860312264107e+01
2077,1,QUBP_TPb,0.000000000000e+00
2077,0,DRAT_IGQL_TZn,2.655600092276e+02
2077,0,DRAT_OGQL_TZn,2.655600092276e+02
2077,-1,USQUAL_TZn,1.024905946194e+02
2077,-2,LUQUAL_TZn,1.630694146082e+02
2077,-1,USQUBP_TZn,0.000000000000e+00
2077,-2,LUQUBP_TZn,0.000000000000e+00
2077,-5,IRWDQUAL_TZn,0.000000000000e+00
2077,-7,INFILTQUAL_TZn,0.000000000000e+00
2077,-8,INFILTQUALTARGET_TZn,0.000000000000e+00
2077,0,ADTOT_TZn,0.000000000000e+00
2077,0,IQUAL_TZn,2.655600092276e+02
2077,0,ADQAL_TZn,0.000000000000e+00
2077,0,DSQAL_TZn,0.000000000000e+00
2077,0,DEPQAL_TZn,0.000000000000e+00
2077,0,SCRQAL_TZn,0.000000000000e+00
2077,1,QUAL_TZn,2.655600092276e+02
2077,1,QUBP_TZn,0.000000000000e+00
2080,0,DRAT_IVOL,5.092524710056e+07
2080,0,DRAT_OVOL,5.092524710056e+07
2080,-1,USLINK,0.000000000000e+00
2080,-1,PCP,0.000000000000e+00
2080,-1,EVAP,0.000000000000e+00
2080,-1,INFILT,0.000000000000e+00
2080,-1,USIF,2.192995120962e+07
2080,-2,LUIF,2.899529589094e+07
2080,-1,USBP,0.000000000000e+00
2080,-2,LUBP,0.000000000000e+00
2080,-5,IRWD,0.000000000000e+00
2080,0,IVOL,5.092524710056e+07
2080,1,RO,5.092524710056e+07
2080,1,BP,0.000000000000e+00
2080,0,DRAT_ISED_1,1.699474779341e+01
2080,0,DRAT_OSED_1,1.699474779341e+01
2080,-1,USSED_1,1.490494844408e+00
2080,-2,LUSED_1,1.550425294901e+01
2080,-1,USSBP_1,0.000000000000e+00
2080,-2,LUSBP_1,0.000000000000e+00
2080,-5,IRWDSED_1,0.000000000000e+00
2080,0,ISED_1,1.699474779341e+01
2080,0,DEPSCR_1,0.000000000000e+00
2080,0,DEPMASS_1,0.000000000000e+00
2080,0,SCRMASS_1,0.000000000000e+00
2080,0,BEDSED_1,0.000000000000e+00
2080,1,ROSED_1,1.699474779341e+01
2080,1,BPSED_1,0.000000000000e+00
2080,0,DRAT_ISED_2,1.574299591241e+02
2080,0,DRAT_OSED_2,1.574299591241e+02
2080,-1,USSED_2,6.354662069539e+01
2080,-2,LUSED_2,9.388333842872e+01
2080,-1,USSBP_2,0.000000000000e+00
2080,-2,LUSBP_2,0.000000000000e+00
2080,-5,IRWDSED_2,0.000000000000e+00
2080,0,ISED_2,1.574299591241e+02
2080,0,DEPSCR_2,0.000000000000e+00
2080,0,DEPMASS_2,0.000000000000e+00
2080,0,SCRMASS_2,0.000000000000e+00
2080,0,BEDSED_2,0.000000000000e+00
2080,1,ROSED_2,1.574299591241e+02
2080,1,BPSED_2,0.000000000000e+00
2080,0,DRAT_ISED_3,4.665904685529e+01
2080,0,DRAT_OSED_3,4.665904685529e+01
2080,-1,USSED_3,1.922617590996e+01
2080,-2,LUSED_3,2.743287094533e+01
2080,-1,USSBP_3,0.000000000000e+00
2080,-2,LUSBP_3,0.000000000000e+00
2080,-5,IRWDSED_3,0.000000000000e+00
2080,0,ISED_3,4.665904685529e+01
2080,0,DEPSCR_3,0.000000000000e+00
2080,0,DEPMASS_3,0.000000000000e+00
2080,0,SCRMASS_3,0.000000000000e+00
2080,0,BEDSED_3,0.000000000000e+00
2080,1,ROSED_3,4.665904685529e+01
2080,1,BPSED_3,0.000000000000e+00
2080,0,DRAT_IGQL_TN,6.149822388752e+03
2080,0,DRAT_OGQL_TN,6.149822388752e+03
2080,-1,USQUAL_TN,2.788117104553e+03
2080,-2,LUQUAL_TN,3.361705284199e+03
2080,-1,USQUBP_TN,0.000000000000e+00
2080,-2,LUQUBP_TN,0.000000000000e+00
2080,-5,IRWDQUAL_TN,0.000000000000e+00
2080,-7,INFILTQUAL_TN,0.000000000000e+00
2080,-8,INFILTQUALTARGET_TN,0.000000000000e+00
2080,0,ADTOT_TN,0.000000000000e+00
2080,0,IQUAL_TN,6.149822388752e+03
2080,0,ADQAL_TN,0.000000000000e+00
2080,0,DSQAL_TN,0.000000000000e+00
2080,0,DEPQAL_TN,0.000000000000e+00
2080,0,SCRQAL_TN,0.000000000000e+00
2080,1,QUAL_TN,6.149822388752e+03
2080,1,QUBP_TN,0.000000000000e+00
2080,0,DRAT_IGQL_TP,1.052725094460e+03
2080,0,DRAT_OGQL_TP,1.052725094460e+03
2080,-1,USQUAL_TP,5.536227768980e+02
2080,-2,LUQUAL_TP,4.991023175616e+02
2080,-1,USQUBP_TP,0.000000000000e+00
2080,-2,LUQUBP_TP,0.000000000000e+00
2080,-5,IRWDQUAL_TP,0.000000000000e+00
2080,-7,INFILTQUAL_TP,0.000000000000e+00
2080,-8,INFILTQUALTARGET_TP,0.000000000000e+00
2080,0,ADTOT_TP,0.000000000000e+00
2080,0,IQUAL_TP,1.052725094460e+03
2080,0,ADQAL_TP,0.000000000000e+00
2080,0,DSQAL_TP,0.000000000000e+00
2080,0,DEPQAL_TP,0.000000000000e+00
2080,0,SCRQAL_TP,0.000000000000e+00
2080,1,QUAL_TP,1.052725094460e+03
2080,1,QUBP_TP,0.000000000000e+00
2080,0,DRAT_IGQL_TCd,3.229383185247e+00
2080,0,DRAT_OGQL_TCd,3.229383185247e+00
2080,-1,USQUAL_TCd,1.455300541263e+00
2080,-2,LUQUAL_TCd,1.774082643984e+00
2080,-1,USQUBP_TCd,0.000000000000e+00
2080,-2,LUQUBP_TCd,0.000000000000e+00
2080,-5,IRWDQUAL_TCd,0.000000000000e+00
2080,-7,INFILTQUAL_TCd,0.000000000000e+00
2080,-8,INFILTQUALTARGET_TCd,0.000000000000e+00
2080,0,ADTOT_TCd,0.000000000000e+00
2080,0,IQUAL_TCd,3.229383185247e+00
2080,0,ADQAL_TCd,0.000000000000e+00
2080,0,DSQAL_TCd,0.000000000000e+00
2080,0,DEPQAL_TCd,0.000000000000e+00
2080,0,SCRQAL_TCd,0.000000000000e+00
2080,1,QUAL_TCd,3.229383185247e+00
2080,1,QUBP_TCd,0.000000000000e+00
2080,0,DRAT_IGQL_TCu,3.238239513792e+02
2080,0,DRAT_OGQL_TCu,3.238239513792e+02
2080,-1,USQUAL_TCu,1.459555584837e+02
2080,-2,LUQUAL_TCu,1.778683928956e+02
2080,-1,USQUBP_TCu,0.000000000000e+00
2080,-2,LUQUBP_TCu,0.000000000000e+00
2080,-5,IRWDQUAL_TCu,0.000000000000e+00
2080,-7,INFILTQUAL_TCu,0.000000000000e+00
2080,-8,INFILTQUALTARGET_TCu,0.000000000000e+00
2080,0,ADTOT_TCu,0.000000000000e+00
2080,0,IQUAL_TCu,3.238239513792e+02
2080,0,ADQAL_TCu,0.000000000000e+00
2080,0,DSQAL_TCu,0.000000000000e+00
2080,0,DEPQAL_TCu,0.000000000000e+00
2080,0,SCRQAL_TCu,0.000000000000e+00
2080,1,QUAL_TCu,3.238239513792e+02
2080,1,QUBP_TCu,0.000000000000e+00
2080,0,DRAT_IGQL_TPb,8.330266629930e+01
2080,0,DRAT_OGQL_TPb,8.330266629930e+01
2080,-1,USQUAL_TPb,3.823854495429e+01
2080,-2,LUQUAL_TPb,4.506412134501e+01
2080,-1,USQUBP_TPb,0.000000000000e+00
2080,-2,LUQUBP_TPb,0.000000000000e+00
2080,-5,IRWDQUAL_TPb,0.000000000000e+00
2080,-7,INFILTQUAL_TPb,0.000000000000e+00
2080,-8,INFILTQUALTARGET_TPb,0.000000000000e+00
2080,0,ADTOT_TPb,0.000000000000e+00
2080,0,IQUAL_TPb,8.330266629930e+01
2080,0,ADQAL_TPb,0.000000000000e+00
2080,0,DSQAL_TPb,0.000000000000e+00
2080,0,DEPQAL_TPb,0.000000000000e+00
2080,0,SCRQAL_TPb,0.000000000000e+00
2080,1,QUAL_TPb,8.330266629930e+01
2080,1,QUBP_TPb,0.000000000000e+00
2080,0,DRAT_IGQL_TZn,1.375257504864e+03
2080,0,DRAT_OGQL_TZn,1.375257504864e+03
2080,-1,USQUAL_TZn,5.662722441641e+02
2080,-2,LUQUAL_TZn,8.089852607000e+02
2080,-1,USQUBP_TZn,0.000000000000e+00
2080,-2,LUQUBP_TZn,0.000000000000e+00
2080,-5,IRWDQUAL_TZn,0.000000000000e+00
2080,-7,INFILTQUAL_TZn,0.000000000000e+00
2080,-8,INFILTQUALTARGET_TZn,0.000000000000e+00
2080,0,ADTOT_TZn,0.000000000000e+00
2080,0,IQUAL_TZn,1.375257504864e+03
2080,0,ADQAL_TZn,0.000000000000e+00
2080,0,DSQAL_TZn,0.000000000000e+00
2080,0,DEPQAL_TZn,0.000000000000e+00
2080,0,SCRQAL_TZn,0.000000000000e+00
2080,1,QUAL_TZn,1.375257504864e+03
2080,1,QUBP_TZn,0.000000000000e+00
2082,0,DRAT_IVOL,2.520725034277e+07
2082,0,DRAT_OVOL,2.499116920177e+07
2082,-1,USLINK,0.000000000000e+00
2082,-1,PCP,2.158773369992e+05
2082,-1,EVAP,2.160631956572e+05
2082,-1,INFILT,0.000000000000e+00
2082,-1,USIF,6.309493104563e+06
2082,-2,LUIF,1.868187990121e+07
2082,-1,USBP,0.000000000000e+00
2082,-2,LUBP,0.000000000000e+00
2082,-5,IRWD,0.000000000000e+00
2082,0,IVOL,2.499137300577e+07
2082,1,RO,2.499116920177e+07
2082,1,BP,0.000000000000e+00
2082,0,DRAT_ISED_1,1.358639217014e+01
2082,0,DRAT_OSED_1,2.077096566150e+00
2082,-1,USSED_1,3.180202784273e+00
2082,-2,LUSED_1,1.027559426604e+01
2082,-1,USSBP_1,0.000000000000e+00
2082,-2,LUSBP_1,0.000000000000e+00
2082,-5,IRWDSED_1,0.000000000000e+00
2082,0,ISED_1,1.345579705031e+01
2082,0,DEPSCR_1,1.137870048416e+01
2082,0,DEPMASS_1,1.150929560399e+01
2082,0,SCRMASS_1,1.305951198315e-01
2082,0,BEDSED_1,2.561650073738e+06
2082,1,ROSED_1,2.077096566150e+00
2082,1,BPSED_1,0.000000000000e+00
2082,0,DRAT_ISED_2,6.779392805419e+01
2082,0,DRAT_OSED_2,6.719333000348e+01
2082,-1,USSED_2,1.876325288018e+01
2082,-2,LUSED_2,4.902878682143e+01
2082,-1,USSBP_2,0.000000000000e+00
2082,-2,LUSBP_2,0.000000000000e+00
2082,-5,IRWDSED_2,0.000000000000e+00
2082,0,ISED_2,6.779203970161e+01
2082,0,DEPSCR_2,5.987949095795e-01
2082,0,DEPMASS_2,6.006832621597e-01
2082,0,SCRMASS_2,1.888352580181e-03
2082,0,BEDSED_2,1.347134496466e+07
2082,1,ROSED_2,6.719333000348e+01
2082,1,BPSED_2,0.000000000000e+00
2082,0,DRAT_ISED_3,2.038256896897e+01
2082,0,DRAT_OSED_3,2.038259264432e+01
2082,-1,USSED_3,5.488130022224e+00
2082,-2,LUSED_3,1.483909928502e+01
2082,-1,USSBP_3,0.000000000000e+00
2082,-2,LUSBP_3,0.000000000000e+00
2082,-5,IRWDSED_3,0.000000000000e+00
2082,0,ISED_3,2.032722930725e+01
2082,0,DEPSCR_3,-5.533966171998e-02
2082,0,DEPMASS_3,0.000000000000e+00
2082,0,SCRMASS_3,5.533966171998e-02
2082,0,BEDSED_3,3.835597913559e+06
2082,1,ROSED_3,2.038259264432e+01
2082,1,BPSED_3,0.000000000000e+00
2082,0,DRAT_IGQL_TN,2.927149123653e+03
2082,0,DRAT_OGQL_TN,2.912691462596e+03
2082,-1,USQUAL_TN,7.803523141752e+02
2082,-2,LUQUAL_TN,2.146796809478e+03
2082,-1,USQUBP_TN,0.000000000000e+00
2082,-2,LUQUBP_TN,0.000000000000e+00
2082,-5,IRWDQUAL_TN,0.000000000000e+00
2082,-7,INFILTQUAL_TN,0.000000000000e+00
2082,-8,INFILTQUALTARGET_TN,0.000000000000e+00
2082,0,ADTOT_TN,0.000000000000e+00
2082,0,IQUAL_TN,2.927149123653e+03
2082,0,ADQAL_TN,0.000000000000e+00
2082,0,DSQAL_TN,0.000000000000e+00
2082,0,DEPQAL_TN,0.000000000000e+00
2082,0,SCRQAL_TN,0.000000000000e+00
2082,1,QUAL_TN,2.912691462596e+03
2082,1,QUBP_TN,0.000000000000e+00
2082,0,DRAT_IGQL_TP,5.770787059474e+02
2082,0,DRAT_OGQL_TP,5.745971813710e+02
2082,-1,USQUAL_TP,1.764478003170e+02
2082,-2,LUQUAL_TP,4.006309056304e+02
2082,-1,USQUBP_TP,0.000000000000e+00
2082,-2,LUQUBP_TP,0.000000000000e+00
2082,-5,IRWDQUAL_TP,0.000000000000e+00
2082,-7,INFILTQUAL_TP,0.000000000000e+00
2082,-8,INFILTQUALTARGET_TP,0.000000000000e+00
2082,0,ADTOT_TP,0.000000000000e+00
2082,0,IQUAL_TP,5.770787059474e+02
2082,0,ADQAL_TP,0.000000000000e+00
2082,0,DSQAL_TP,0.000000000000e+00
2082,0,DEPQAL_TP,0.000000000000e+00
2082,0,SCRQAL_TP,0.000000000000e+00
2082,1,QUAL_TP,5.745971813710e+02
2082,1,QUBP_TP,0.000000000000e+00
2082,0,DRAT_IGQL_TCd,1.384316987200e+00
2082,0,DRAT_OGQL_TCd,1.378207076947e+00
2082,-1,USQUAL_TCd,4.673683978694e-01
2082,-2,LUQUAL_TCd,9.169485893305e-01
2082,-1,USQUBP_TCd,0.000000000000e+00
2082,-2,LUQUBP_TCd,0.000000000000e+00
2082,-5,IRWDQUAL_TCd,0.000000000000e+00
2082,-7,INFILTQUAL_TCd,0.000000000000e+00
2082,-8,INFILTQUALTARGET_TCd,0.000000000000e+00
2082,0,ADTOT_TCd,0.000000000000e+00
2082,0,IQUAL_TCd,1.384316987200e+00
2082,0,ADQAL_TCd,0.000000000000e+00
2082,0,DSQAL_TCd,0.000000000000e+00
2082,0,DEPQAL_TCd,0.000000000000e+00
2082,0,SCRQAL_TCd,0.000000000000e+00
2082,1,QUAL_TCd,1.378207076947e+00
2082,1,QUBP_TCd,0.000000000000e+00
2082,0,DRAT_IGQL_TCu,1.389063902476e+02
2082,0,DRAT_OGQL_TCu,1.382946861724e+02
2082,-1,USQUAL_TCu,4.680932693003e+01
2082,-2,LUQUAL_TCu,9.209706331754e+01
2082,-1,USQUBP_TCu,0.000000000000e+00
2082,-2,LUQUBP_TCu,0.000000000000e+00
2082,-5,IRWDQUAL_TCu,0.000000000000e+00
2082,-7,INFILTQUAL_TCu,0.000000000000e+00
2082,-8,INFILTQUALTARGET_TCu,0.000000000000e+00
2082,0,ADTOT_TCu,0.000000000000e+00
2082,0,IQUAL_TCu,1.389063902476e+02
2082,0,ADQAL_TCu,0.000000000000e+00
2082,0,DSQAL_TCu,0.000000000000e+00
2082,0,DEPQAL_TCu,0.000000000000e+00
2082,0,SCRQAL_TCu,0.000000000000e+00
2082,1,QUAL_TCu,1.382946861724e+02
2082,1,QUBP_TCu,0.000000000000e+00
2082,0,DRAT_IGQL_TPb,3.645958677780e+01
2082,0,DRAT_OGQL_TPb,3.629705642984e+01
2082,-1,USQUAL_TPb,1.227396775978e+01
2082,-2,LUQUAL_TPb,2.418561901802e+01
2082,-1,USQUBP_TPb,0.000000000000e+00
2082,-2,LUQUBP_TPb,0.000000000000e+00
2082,-5,IRWDQUAL_TPb,0.000000000000e+00
2082,-7,INFILTQUAL_TPb,0.000000000000e+00
2082,-8,INFILTQUALTARGET_TPb,0.000000000000e+00
2082,0,ADTOT_TPb,0.000000000000e+00
2082,0,IQUAL_TPb,3.645958677780e+01
2082,0,ADQAL_TPb,0.000000000000e+00
2082,0,DSQAL_TPb,0.000000000000e+00
2082,0,DEPQAL_TPb,0.000000000000e+00
2082,0,SCRQAL_TPb,0.000000000000e+00
2082,1,QUAL_TPb,3.629705642984e+01
2082,1,QUBP_TPb,0.000000000000e+00
2082,0,DRAT_IGQL_TZn,6.601091475423e+02
2082,0,DRAT_OGQL_TZn,6.572073516128e+02
2082,-1,USQUAL_TZn,1.878479647855e+02
2082,-2,LUQUAL_TZn,4.722611827568e+02
2082,-1,USQUBP_TZn,0.000000000000e+00
2082,-2,LUQUBP_TZn,0.000000000000e+00
2082,-5,IRWDQUAL_TZn,0.000000000000e+00
2082,-7,INFILTQUAL_TZn,0.000000000000e+00
2082,-8,INFILTQUALTARGET_TZn,0.000000000000e+00
2082,0,ADTOT_TZn,0.000000000000e+00
2082,0,IQUAL_TZn,6.601091475423e+02
2082,0,ADQAL_TZn,0.000000000000e+00
2082,0,DSQAL_TZn,0.000000000000e+00
2082,0,DEPQAL_TZn,0.000000000000e+00
2082,0,SCRQAL_TZn,0.000000000000e+00
2082,1,QUAL_TZn,6.572073516128e+02
2082,1,QUBP_TZn,0.000000000000e+00
2075,0,DRAT_IVOL,4.269271686197e+07
2075,0,DRAT_OVOL,4.248768295234e+07
2075,-1,USLINK,0.000000000000e+00
2075,-1,PCP,1.838883458813e+05
2075,-1,EVAP,2.050278943646e+05
2075,-1,INFILT,0.000000000000e+00
2075,-1,USIF,3.642807856932e+07
2075,-2,LUIF,6.080749946770e+06
2075,-1,USBP,0.000000000000e+00
2075,-2,LUBP,0.000000000000e+00
2075,-5,IRWD,0.000000000000e+00
2075,0,IVOL,4.250882851609e+07
2075,1,RO,4.248768295234e+07
2075,1,BP,0.000000000000e+00
2075,0,DRAT_ISED_1,1.847683874262e+01
2075,0,DRAT_OSED_1,1.262461465911e+01
2075,-1,USSED_1,1.179538398400e+01
2075,-2,LUSED_1,3.402945205174e+00
2075,-1,USSBP_1,0.000000000000e+00
2075,-2,LUSBP_1,0.000000000000e+00
2075,-5,IRWDSED_1,0.000000000000e+00
2075,0,ISED_1,1.519832918918e+01
2075,0,DEPSCR_1,2.573714530066e+00
2075,0,DEPMASS_1,5.852224083512e+00
2075,0,SCRMASS_1,3.278509553446e+00
2075,0,BEDSED_1,1.638213985491e+06
2075,1,ROSED_1,1.262461465911e+01
2075,1,BPSED_1,0.000000000000e+00
2075,0,DRAT_ISED_2,9.751758196640e+01
2075,0,DRAT_OSED_2,9.751766061789e+01
2075,-1,USSED_2,7.794595132840e+01
2075,-2,LUSED_2,1.573371080483e+01
2075,-1,USSBP_2,0.000000000000e+00
2075,-2,LUSBP_2,0.000000000000e+00
2075,-5,IRWDSED_2,0.000000000000e+00
2075,0,ISED_2,9.367966213322e+01
2075,0,DEPSCR_2,-3.837919833171e+00
2075,0,DEPMASS_2,0.000000000000e+00
2075,0,SCRMASS_2,3.837919833171e+00
2075,0,BEDSED_2,1.020537672463e+07
2075,1,ROSED_2,9.751766061789e+01
2075,1,BPSED_2,0.000000000000e+00
2075,0,DRAT_ISED_3,4.089726400260e+01
2075,0,DRAT_OSED_3,4.089728603255e+01
2075,-1,USSED_3,2.637306779122e+01
2075,-2,LUSED_3,4.833580900366e+00
2075,-1,USSBP_3,0.000000000000e+00
2075,-2,LUSBP_3,0.000000000000e+00
2075,-5,IRWDSED_3,0.000000000000e+00
2075,0,ISED_3,3.120664869159e+01
2075,0,DEPSCR_3,-9.690615311015e+00
2075,0,DEPMASS_3,0.000000000000e+00
2075,0,SCRMASS_3,9.690615311015e+00
2075,0,BEDSED_3,2.358276644158e+06
2075,1,ROSED_3,4.089728603255e+01
2075,1,BPSED_3,0.000000000000e+00
2075,0,DRAT_IGQL_TN,5.603473694825e+03
2075,0,DRAT_OGQL_TN,5.590245332322e+03
2075,-1,USQUAL_TN,4.765707489574e+03
2075,-2,LUQUAL_TN,8.377662052510e+02
2075,-1,USQUBP_TN,0.000000000000e+00
2075,-2,LUQUBP_TN,0.000000000000e+00
2075,-5,IRWDQUAL_TN,0.000000000000e+00
2075,-7,INFILTQUAL_TN,0.000000000000e+00
2075,-8,INFILTQUALTARGET_TN,0.000000000000e+00
2075,0,ADTOT_TN,0.000000000000e+00
2075,0,IQUAL_TN,5.603473694825e+03
2075,0,ADQAL_TN,0.000000000000e+00
2075,0,DSQAL_TN,0.000000000000e+00
2075,0,DEPQAL_TN,0.000000000000e+00
2075,0,SCRQAL_TN,0.000000000000e+00
2075,1,QUAL_TN,5.590245332322e+03
2075,1,QUBP_TN,0.000000000000e+00
2075,0,DRAT_IGQL_TP,8.769140933048e+02
2075,0,DRAT_OGQL_TP,8.751546498092e+02
2075,-1,USQUAL_TP,7.261203684910e+02
2075,-2,LUQUAL_TP,1.507937248139e+02
2075,-1,USQUBP_TP,0.000000000000e+00
2075,-2,LUQUBP_TP,0.000000000000e+00
2075,-5,IRWDQUAL_TP,0.000000000000e+00
2075,-7,INFILTQUAL_TP,0.000000000000e+00
2075,-8,INFILTQUALTARGET_TP,0.000000000000e+00
2075,0,ADTOT_TP,0.000000000000e+00
2075,0,IQUAL_TP,8.769140933048e+02
2075,0,ADQAL_TP,0.000000000000e+00
2075,0,DSQAL_TP,0.000000000000e+00
2075,0,DEPQAL_TP,0.000000000000e+00
2075,0,SCRQAL_TP,0.000000000000e+00
2075,1,QUAL_TP,8.751546498092e+02
2075,1,QUBP_TP,0.000000000000e+00
2075,0,DRAT_IGQL_TCd,1.672277172183e+00
2075,0,DRAT_OGQL_TCd,1.668785024131e+00
2075,-1,USQUAL_TCd,1.362187639095e+00
2075,-2,LUQUAL_TCd,3.100895330882e-01
2075,-1,USQUBP_TCd,0.000000000000e+00
2075,-2,LUQUBP_TCd,0.000000000000e+00
2075,-5,IRWDQUAL_TCd,0.000000000000e+00
2075,-7,INFILTQUAL_TCd,0.000000000000e+00
2075,-8,INFILTQUALTARGET_TCd,0.000000000000e+00
2075,0,ADTOT_TCd,0.000000000000e+00
2075,0,IQUAL_TCd,1.672277172183e+00
2075,0,ADQAL_TCd,0.000000000000e+00
2075,0,DSQAL_TCd,0.000000000000e+00
2075,0,DEPQAL_TCd,0.000000000000e+00
2075,0,SCRQAL_TCd,0.000000000000e+00
2075,1,QUAL_TCd,1.668785024131e+00
2075,1,QUBP_TCd,0.000000000000e+00
2075,0,DRAT_IGQL_TCu,1.682985608159e+02
2075,0,DRAT_OGQL_TCu,1.679485884535e+02
2075,-1,USQUAL_TCu,1.371771531603e+02
2075,-2,LUQUAL_TCu,3.112140765560e+01
2075,-1,USQUBP_TCu,0.000000000000e+00
2075,-2,LUQUBP_TCu,0.000000000000e+00
2075,-5,IRWDQUAL_TCu,0.000000000000e+00
2075,-7,INFILTQUAL_TCu,0.000000000000e+00
2075,-8,INFILTQUALTARGET_TCu,0.000000000000e+00
2075,0,ADTOT_TCu,0.000000000000e+00
2075,0,IQUAL_TCu,1.682985608159e+02
2075,0,ADQAL_TCu,0.000000000000e+00
2075,0,DSQAL_TCu,0.000000000000e+00
2075,0,DEPQAL_TCu,0.000000000000e+00
2075,0,SCRQAL_TCu,0.000000000000e+00
2075,1,QUAL_TCu,1.679485884535e+02
2075,1,QUBP_TCu,0.000000000000e+00
2075,0,DRAT_IGQL_TPb,4.552794444906e+01
2075,0,DRAT_OGQL_TPb,4.542933907798e+01
2075,-1,USQUAL_TPb,3.697203635340e+01
2075,-2,LUQUAL_TPb,8.555908095659e+00
2075,-1,USQUBP_TPb,0.000000000000e+00
2075,-2,LUQUBP_TPb,0.000000000000e+00
2075,-5,IRWDQUAL_TPb,0.000000000000e+00
2075,-7,INFILTQUAL_TPb,0.000000000000e+00
2075,-8,INFILTQUALTARGET_TPb,0.000000000000e+00
2075,0,ADTOT_TPb,0.000000000000e+00
2075,0,IQUAL_TPb,4.552794444906e+01
2075,0,ADQAL_TPb,0.000000000000e+00
2075,0,DSQAL_TPb,0.000000000000e+00
2075,0,DEPQAL_TPb,0.000000000000e+00
2075,0,SCRQAL_TPb,0.000000000000e+00
2075,1,QUAL_TPb,4.542933907798e+01
2075,1,QUBP_TPb,0.000000000000e+00
2075,0,DRAT_IGQL_TZn,6.578690491315e+02
2075,0,DRAT_OGQL_TZn,6.565077535771e+02
2075,-1,USQUAL_TZn,5.457470165387e+02
2075,-2,LUQUAL_TZn,1.121220325928e+02
2075,-1,USQUBP_TZn,0.000000000000e+00
2075,-2,LUQUBP_TZn,0.000000000000e+00
2075,-5,IRWDQUAL_TZn,0.000000000000e+00
2075,-7,INFILTQUAL_TZn,0.000000000000e+00
2075,-8,INFILTQUALTARGET_TZn,0.000000000000e+00
2075,0,ADTOT_TZn,0.000000000000e+00
2075,0,IQUAL_TZn,6.578690491315e+02
2075,0,ADQAL_TZn,0.000000000000e+00
2075,0,DSQAL_TZn,0.000000000000e+00
2075,0,DEPQAL_TZn,0.000000000000e+00
2075,0,SCRQAL_TZn,0.000000000000e+00
2075,1,QUAL_TZn,6.565077535771e+02
2075,1,QUBP_TZn,0.000000000000e+00
2079,0,DRAT_IVOL,8.027385772869e+07
2079,0,DRAT_OVOL,8.007760691936e+07
2079,-1,USLINK,0.000000000000e+00
2079,-1,PCP,1.883694998094e+05
2079,-1,EVAP,1.962307811407e+05
2079,-1,INFILT,0.000000000000e+00
2079,-1,USIF,7.591641630233e+07
2079,-2,LUIF,4.169071926547e+06
2079,-1,USBP,0.000000000000e+00
2079,-2,LUBP,0.000000000000e+00
2079,-5,IRWD,0.000000000000e+00
2079,0,IVOL,8.008548822888e+07
2079,1,RO,8.007760691936e+07
2079,1,BP,0.000000000000e+00
2079,0,DRAT_ISED_1,2.479249756923e+01
2079,0,DRAT_OSED_1,1.452005472662e+01
2079,-1,USSED_1,1.907184435956e+01
2079,-2,LUSED_1,2.432265841446e+00
2079,-1,USSBP_1,0.000000000000e+00
2079,-2,LUSBP_1,0.000000000000e+00
2079,-5,IRWDSED_1,0.000000000000e+00
2079,0,ISED_1,2.150411020101e+01
2079,0,DEPSCR_1,6.984055474390e+00
2079,0,DEPMASS_1,1.027244284261e+01
2079,0,SCRMASS_1,3.288387368217e+00
2079,0,BEDSED_1,1.566210625181e+06
2079,1,ROSED_1,1.452005472662e+01
2079,1,BPSED_1,0.000000000000e+00
2079,0,DRAT_ISED_2,2.367531627661e+02
2079,0,DRAT_OSED_2,2.365134890494e+02
2079,-1,USSED_2,2.246232891276e+02
2079,-2,LUSED_2,1.200326260354e+01
2079,-1,USSBP_2,0.000000000000e+00
2079,-2,LUSBP_2,0.000000000000e+00
2079,-5,IRWDSED_2,0.000000000000e+00
2079,0,ISED_2,2.366265517311e+02
2079,0,DEPSCR_2,1.131681306502e-01
2079,0,DEPMASS_2,2.397791655989e-01
2079,0,SCRMASS_2,1.266110349488e-01
2079,0,BEDSED_2,7.803076383334e+06
2079,1,ROSED_2,2.365134890494e+02
2079,1,BPSED_2,0.000000000000e+00
2079,0,DRAT_ISED_3,7.273073635423e+01
2079,0,DRAT_OSED_3,7.273076568364e+01
2079,-1,USSED_3,6.704163949961e+01
2079,-2,LUSED_3,3.611244865948e+00
2079,-1,USSBP_3,0.000000000000e+00
2079,-2,LUSBP_3,0.000000000000e+00
2079,-5,IRWDSED_3,0.000000000000e+00
2079,0,ISED_3,7.065288436556e+01
2079,0,DEPSCR_3,-2.077851988672e+00
2079,0,DEPMASS_3,0.000000000000e+00
2079,0,SCRMASS_3,2.077851988672e+00
2079,0,BEDSED_3,2.101258824881e+06
2079,1,ROSED_3,7.273076568364e+01
2079,1,BPSED_3,0.000000000000e+00
2079,0,DRAT_IGQL_TN,9.581507968091e+03
2079,0,DRAT_OGQL_TN,9.562013013923e+03
2079,-1,USQUAL_TN,9.062513851347e+03
2079,-2,LUQUAL_TN,5.189941167432e+02
2079,-1,USQUBP_TN,0.000000000000e+00
2079,-2,LUQUBP_TN,0.000000000000e+00
2079,-5,IRWDQUAL_TN,0.000000000000e+00
2079,-7,INFILTQUAL_TN,0.000000000000e+00
2079,-8,INFILTQUALTARGET_TN,0.000000000000e+00
2079,0,ADTOT_TN,0.000000000000e+00
2079,0,IQUAL_TN,9.581507968091e+03
2079,0,ADQAL_TN,0.000000000000e+00
2079,0,DSQAL_TN,0.000000000000e+00
2079,0,DEPQAL_TN,0.000000000000e+00
2079,0,SCRQAL_TN,0.000000000000e+00
2079,1,QUAL_TN,9.562013013923e+03
2079,1,QUBP_TN,0.000000000000e+00
2079,0,DRAT_IGQL_TP,1.726512459954e+03
2079,0,DRAT_OGQL_TP,1.723730242544e+03
2079,-1,USQUAL_TP,1.627322275831e+03
2079,-2,LUQUAL_TP,9.919018412294e+01
2079,-1,USQUBP_TP,0.000000000000e+00
2079,-2,LUQUBP_TP,0.000000000000e+00
2079,-5,IRWDQUAL_TP,0.000000000000e+00
2079,-7,INFILTQUAL_TP,0.000000000000e+00
2079,-8,INFILTQUALTARGET_TP,0.000000000000e+00
2079,0,ADTOT_TP,0.000000000000e+00
2079,0,IQUAL_TP,1.726512459954e+03
2079,0,ADQAL_TP,0.000000000000e+00
2079,0,DSQAL_TP,0.000000000000e+00
2079,0,DEPQAL_TP,0.000000000000e+00
2079,0,SCRQAL_TP,0.000000000000e+00
2079,1,QUAL_TP,1.723730242544e+03
2079,1,QUBP_TP,0.000000000000e+00
2079,0,DRAT_IGQL_TCd,4.838672835837e+00
2079,0,DRAT_OGQL_TCd,4.830605492075e+00
2079,-1,USQUAL_TCd,4.607590262194e+00
2079,-2,LUQUAL_TCd,2.310825736431e-01
2079,-1,USQUBP_TCd,0.000000000000e+00
2079,-2,LUQUBP_TCd,0.000000000000e+00
2079,-5,IRWDQUAL_TCd,0.000000000000e+00
2079,-7,INFILTQUAL_TCd,0.000000000000e+00
2079,-8,INFILTQUALTARGET_TCd,0.000000000000e+00
2079,0,ADTOT_TCd,0.000000000000e+00
2079,0,IQUAL_TCd,4.838672835837e+00
2079,0,ADQAL_TCd,0.000000000000e+00
2079,0,DSQAL_TCd,0.000000000000e+00
2079,0,DEPQAL_TCd,0.000000000000e+00
2079,0,SCRQAL_TCd,0.000000000000e+00
2079,1,QUAL_TCd,4.830605492075e+00
2079,1,QUBP_TCd,0.000000000000e+00
2079,0,DRAT_IGQL_TCu,4.852990836891e+02
2079,0,DRAT_OGQL_TCu,4.844914809245e+02
2079,-1,USQUAL_TCu,4.621186375516e+02
2079,-2,LUQUAL_TCu,2.318044613751e+01
2079,-1,USQUBP_TCu,0.000000000000e+00
2079,-2,LUQUBP_TCu,0.000000000000e+00
2079,-5,IRWDQUAL_TCu,0.000000000000e+00
2079,-7,INFILTQUAL_TCu,0.000000000000e+00
2079,-8,INFILTQUALTARGET_TCu,0.000000000000e+00
2079,0,ADTOT_TCu,0.000000000000e+00
2079,0,IQUAL_TCu,4.852990836891e+02
2079,0,ADQAL_TCu,0.000000000000e+00
2079,0,DSQAL_TCu,0.000000000000e+00
2079,0,DEPQAL_TCu,0.000000000000e+00
2079,0,SCRQAL_TCu,0.000000000000e+00
2079,1,QUAL_TCu,4.844914809245e+02
2079,1,QUBP_TCu,0.000000000000e+00
2079,0,DRAT_IGQL_TPb,1.258095263925e+02
2079,0,DRAT_OGQL_TPb,1.255987928660e+02
2079,-1,USQUAL_TPb,1.195997227291e+02
2079,-2,LUQUAL_TPb,6.209803663412e+00
2079,-1,USQUBP_TPb,0.000000000000e+00
2079,-2,LUQUBP_TPb,0.000000000000e+00
2079,-5,IRWDQUAL_TPb,0.000000000000e+00
2079,-7,INFILTQUAL_TPb,0.000000000000e+00
2079,-8,INFILTQUALTARGET_TPb,0.000000000000e+00
2079,0,ADTOT_TPb,0.000000000000e+00
2079,0,IQUAL_TPb,1.258095263925e+02
2079,0,ADQAL_TPb,0.000000000000e+00
2079,0,DSQAL_TPb,0.000000000000e+00
2079,0,DEPQAL_TPb,0.000000000000e+00
2079,0,SCRQAL_TPb,0.000000000000e+00
2079,1,QUAL_TPb,1.255987928660e+02
2079,1,QUBP_TPb,0.000000000000e+00
2079,0,DRAT_IGQL_TZn,2.157885908265e+03
2079,0,DRAT_OGQL_TZn,2.154264979794e+03
2079,-1,USQUAL_TZn,2.032464856477e+03
2079,-2,LUQUAL_TZn,1.254210517884e+02
2079,-1,USQUBP_TZn,0.000000000000e+00
2079,-2,LUQUBP_TZn,0.000000000000e+00
2079,-5,IRWDQUAL_TZn,0.000000000000e+00
2079,-7,INFILTQUAL_TZn,0.000000000000e+00
2079,-8,INFILTQUALTARGET_TZn,0.000000000000e+00
2079,0,ADTOT_TZn,0.000000000000e+00
2079,0,IQUAL_TZn,2.157885908265e+03
2079,0,ADQAL_TZn,0.000000000000e+00
2079,0,DSQAL_TZn,0.000000000000e+00
2079,0,DEPQAL_TZn,0.000000000000e+00
2079,0,SCRQAL_TZn,0.000000000000e+00
2079,1,QUAL_TZn,2.154264979794e+03
2079,1,QUBP_TZn,0.000000000000e+00
2070,0,DRAT_IVOL,1.526575037545e+08
2070,0,DRAT_OVOL,1.526575037545e+08
2070,-1,USLINK,0.000000000000e+00
2070,-1,PCP,0.000000000000e+00
2070,-1,EVAP,0.000000000000e+00
2070,-1,INFILT,0.000000000000e+00
2070,-1,USIF,1.492252883967e+08
2070,-2,LUIF,3.432215357765e+06
2070,-1,USBP,0.000000000000e+00
2070,-2,LUBP,0.000000000000e+00
2070,-5,IRWD,0.000000000000e+00
2070,0,IVOL,1.526575037545e+08
2070,1,RO,1.526575037545e+08
2070,1,BP,0.000000000000e+00
2070,0,DRAT_ISED_1,4.380515272420e+01
2070,0,DRAT_OSED_1,4.380515272420e+01
2070,-1,USSED_1,4.170834673914e+01
2070,-2,LUSED_1,2.096805985056e+00
2070,-1,USSBP_1,0.000000000000e+00
2070,-2,LUSBP_1,0.000000000000e+00
2070,-5,IRWDSED_1,0.000000000000e+00
2070,0,ISED_1,4.380515272420e+01
2070,0,DEPSCR_1,0.000000000000e+00
2070,0,DEPMASS_1,0.000000000000e+00
2070,0,SCRMASS_1,0.000000000000e+00
2070,0,BEDSED_1,0.000000000000e+00
2070,1,ROSED_1,4.380515272420e+01
2070,1,BPSED_1,0.000000000000e+00
2070,0,DRAT_ISED_2,3.992151003915e+02
2070,0,DRAT_OSED_2,3.992151003915e+02
2070,-1,USSED_2,3.887482046805e+02
2070,-2,LUSED_2,1.046689571094e+01
2070,-1,USSBP_2,0.000000000000e+00
2070,-2,LUSBP_2,0.000000000000e+00
2070,-5,IRWDSED_2,0.000000000000e+00
2070,0,ISED_2,3.992151003915e+02
2070,0,DEPSCR_2,0.000000000000e+00
2070,0,DEPMASS_2,0.000000000000e+00
2070,0,SCRMASS_2,0.000000000000e+00
2070,0,BEDSED_2,0.000000000000e+00
2070,1,ROSED_2,3.992151003915e+02
2070,1,BPSED_2,0.000000000000e+00
2070,0,DRAT_ISED_3,1.346083427907e+02
2070,0,DRAT_OSED_3,1.346083427907e+02
2070,-1,USSED_3,1.314653169421e+02
2070,-2,LUSED_3,3.143025848549e+00
2070,-1,USSBP_3,0.000000000000e+00
2070,-2,LUSBP_3,0.000000000000e+00
2070,-5,IRWDSED_3,0.000000000000e+00
2070,0,ISED_3,1.346083427907e+02
2070,0,DEPSCR_3,0.000000000000e+00
2070,0,DEPMASS_3,0.000000000000e+00
2070,0,SCRMASS_3,0.000000000000e+00
2070,0,BEDSED_3,0.000000000000e+00
2070,1,ROSED_3,1.346083427907e+02
2070,1,BPSED_3,0.000000000000e+00
2070,0,DRAT_IGQL_TN,1.887233410962e+04
2070,0,DRAT_OGQL_TN,1.887233410962e+04
2070,-1,USQUAL_TN,1.846232953571e+04
2070,-2,LUQUAL_TN,4.100045739038e+02
2070,-1,USQUBP_TN,0.000000000000e+00
2070,-2,LUQUBP_TN,0.000000000000e+00
2070,-5,IRWDQUAL_TN,0.000000000000e+00
2070,-7,INFILTQUAL_TN,0.000000000000e+00
2070,-8,INFILTQUALTARGET_TN,0.000000000000e+00
2070,0,ADTOT_TN,0.000000000000e+00
2070,0,IQUAL_TN,1.887233410962e+04
2070,0,ADQAL_TN,0.000000000000e+00
2070,0,DSQAL_TN,0.000000000000e+00
2070,0,DEPQAL_TN,0.000000000000e+00
2070,0,SCRQAL_TN,0.000000000000e+00
2070,1,QUAL_TN,1.887233410962e+04
2070,1,QUBP_TN,0.000000000000e+00
2070,0,DRAT_IGQL_TP,3.144640863017e+03
2070,0,DRAT_OGQL_TP,3.144640863017e+03
2070,-1,USQUAL_TP,3.067426870309e+03
2070,-2,LUQUAL_TP,7.721399270847e+01
2070,-1,USQUBP_TP,0.000000000000e+00
2070,-2,LUQUBP_TP,0.000000000000e+00
2070,-5,IRWDQUAL_TP,0.000000000000e+00
2070,-7,INFILTQUAL_TP,0.000000000000e+00
2070,-8,INFILTQUALTARGET_TP,0.000000000000e+00
2070,0,ADTOT_TP,0.000000000000e+00
2070,0,IQUAL_TP,3.144640863017e+03
2070,0,ADQAL_TP,0.000000000000e+00
2070,0,DSQAL_TP,0.000000000000e+00
2070,0,DEPQAL_TP,0.000000000000e+00
2070,0,SCRQAL_TP,0.000000000000e+00
2070,1,QUAL_TP,3.144640863017e+03
2070,1,QUBP_TP,0.000000000000e+00
2070,0,DRAT_IGQL_TCd,7.543214046787e+00
2070,0,DRAT_OGQL_TCd,7.543214046787e+00
2070,-1,USQUAL_TCd,7.342204216063e+00
2070,-2,LUQUAL_TCd,2.010098307247e-01
2070,-1,USQUBP_TCd,0.000000000000e+00
2070,-2,LUQUBP_TCd,0.000000000000e+00
2070,-5,IRWDQUAL_TCd,0.000000000000e+00
2070,-7,INFILTQUAL_TCd,0.000000000000e+00
2070,-8,INFILTQUALTARGET_TCd,0.000000000000e+00
2070,0,ADTOT_TCd,0.000000000000e+00
2070,0,IQUAL_TCd,7.543214046787e+00
2070,0,ADQAL_TCd,0.000000000000e+00
2070,0,DSQAL_TCd,0.000000000000e+00
2070,0,DEPQAL_TCd,0.000000000000e+00
2070,0,SCRQAL_TCd,0.000000000000e+00
2070,1,QUAL_TCd,7.543214046787e+00
2070,1,QUBP_TCd,0.000000000000e+00
2070,0,DRAT_IGQL_TCu,7.577566900750e+02
2070,0,DRAT_OGQL_TCu,7.577566900750e+02
2070,-1,USQUAL_TCu,7.375932388880e+02
2070,-2,LUQUAL_TCu,2.016345118705e+01
2070,-1,USQUBP_TCu,0.000000000000e+00
2070,-2,LUQUBP_TCu,0.000000000000e+00
2070,-5,IRWDQUAL_TCu,0.000000000000e+00
2070,-7,INFILTQUAL_TCu,0.000000000000e+00
2070,-8,INFILTQUALTARGET_TCu,0.000000000000e+00
2070,0,ADTOT_TCu,0.000000000000e+00
2070,0,IQUAL_TCu,7.577566900750e+02
2070,0,ADQAL_TCu,0.000000000000e+00
2070,0,DSQAL_TCu,0.000000000000e+00
2070,0,DEPQAL_TCu,0.000000000000e+00
2070,0,SCRQAL_TCu,0.000000000000e+00
2070,1,QUAL_TCu,7.577566900750e+02
2070,1,QUBP_TCu,0.000000000000e+00
2070,0,DRAT_IGQL_TPb,1.982386736859e+02
2070,0,DRAT_OGQL_TPb,1.982386736859e+02
2070,-1,USQUAL_TPb,1.929054141538e+02
2070,-2,LUQUAL_TPb,5.333259532096e+00
2070,-1,USQUBP_TPb,0.000000000000e+00
2070,-2,LUQUBP_TPb,0.000000000000e+00
2070,-5,IRWDQUAL_TPb,0.000000000000e+00
2070,-7,INFILTQUAL_TPb,0.000000000000e+00
2070,-8,INFILTQUALTARGET_TPb,0.000000000000e+00
2070,0,ADTOT_TPb,0.000000000000e+00
2070,0,IQUAL_TPb,1.982386736859e+02
2070,0,ADQAL_TPb,0.000000000000e+00
2070,0,DSQAL_TPb,0.000000000000e+00
2070,0,DEPQAL_TPb,0.000000000000e+00
2070,0,SCRQAL_TPb,0.000000000000e+00
2070,1,QUAL_TPb,1.982386736859e+02
2070,1,QUBP_TPb,0.000000000000e+00
2070,0,DRAT_IGQL_TZn,3.300788486358e+03
2070,0,DRAT_OGQL_TZn,3.300788486358e+03
2070,-1,USQUAL_TZn,3.194665173648e+03
2070,-2,LUQUAL_TZn,1.061233127101e+02
2070,-1,USQUBP_TZn,0.000000000000e+00
2070,-2,LUQUBP_TZn,0.000000000000e+00
2070,-5,IRWDQUAL_TZn,0.000000000000e+00
2070,-7,INFILTQUAL_TZn,0.000000000000e+00
2070,-8,INFILTQUALTARGET_TZn,0.000000000000e+00
2070,0,ADTOT_TZn,0.000000000000e+00
2070,0,IQUAL_TZn,3.300788486358e+03
2070,0,ADQAL_TZn,0.000000000000e+00
2070,0,DSQAL_TZn,0.000000000000e+00
2070,0,DEPQAL_TZn,0.000000000000e+00
2070,0,SCRQAL_TZn,0.000000000000e+00
2070,1,QUAL_TZn,3.300788486358e+03
2070,1,QUBP_TZn,0.000000000000e+00
2068,0,DRAT_IVOL,1.611754332365e+08
2068,0,DRAT_OVOL,1.601891183901e+08
2068,-1,USLINK,0.000000000000e+00
2068,-1,PCP,8.137289117342e+05
2068,-1,EVAP,9.862183478176e+05
2068,-1,INFILT,0.000000000000e+00
2068,-1,USIF,1.566065751676e+08
2068,-2,LUIF,3.755129157214e+06
2068,-1,USBP,0.000000000000e+00
2068,-2,LUBP,0.000000000000e+00
2068,-5,IRWD,0.000000000000e+00
2068,0,IVOL,1.603617043248e+08
2068,1,RO,1.601891183901e+08
2068,1,BP,0.000000000000e+00
2068,0,DRAT_ISED_1,6.742651868873e+01
2068,0,DRAT_OSED_1,6.141849827520e+01
2068,-1,USSED_1,4.598064050332e+01
2068,-2,LUSED_1,2.040789081804e+00
2068,-1,USSBP_1,0.000000000000e+00
2068,-2,LUSBP_1,0.000000000000e+00
2068,-5,IRWDSED_1,0.000000000000e+00
2068,0,ISED_1,4.802142958513e+01
2068,0,DEPSCR_1,-1.339706869007e+01
2068,0,DEPMASS_1,6.008020413533e+00
2068,0,SCRMASS_1,1.940508910361e+01
2068,0,BEDSED_1,3.451049242135e+06
2068,1,ROSED_1,6.141849827520e+01
2068,1,BPSED_1,0.000000000000e+00
2068,0,DRAT_ISED_2,4.442009068250e+02
2068,0,DRAT_OSED_2,4.440211850601e+02
2068,-1,USSED_2,4.097752772471e+02
2068,-2,LUSED_2,1.016152521215e+01
2068,-1,USSBP_2,0.000000000000e+00
2068,-2,LUSBP_2,0.000000000000e+00
2068,-5,IRWDSED_2,0.000000000000e+00
2068,0,ISED_2,4.199368024593e+02
2068,0,DEPSCR_2,-2.408379466550e+01
2068,0,DEPMASS_2,1.803097001973e-01
2068,0,SCRMASS_2,2.426410436570e+01
2068,0,BEDSED_2,2.718402412417e+07
2068,1,ROSED_2,4.440211850601e+02
2068,1,BPSED_2,0.000000000000e+00
2068,0,DRAT_ISED_3,1.887756518053e+02
2068,0,DRAT_OSED_3,1.887758153317e+02
2068,-1,USSED_3,1.377950401945e+02
2068,-2,LUSED_3,3.053539965729e+00
2068,-1,USSBP_3,0.000000000000e+00
2068,-2,LUSBP_3,0.000000000000e+00
2068,-5,IRWDSED_3,0.000000000000e+00
2068,0,ISED_3,1.408485801602e+02
2068,0,DEPSCR_3,-4.792707164515e+01
2068,0,DEPMASS_3,0.000000000000e+00
2068,0,SCRMASS_3,4.792707164515e+01
2068,0,BEDSED_3,4.759926115845e+06
2068,1,ROSED_3,1.887758153317e+02
2068,1,BPSED_3,0.000000000000e+00
2068,0,DRAT_IGQL_TN,1.987257105593e+04
2068,0,DRAT_OGQL_TN,1.977235460805e+04
2068,-1,USQUAL_TN,1.939851768219e+04
2068,-2,LUQUAL_TN,4.740533737448e+02
2068,-1,USQUBP_TN,0.000000000000e+00
2068,-2,LUQUBP_TN,0.000000000000e+00
2068,-5,IRWDQUAL_TN,0.000000000000e+00
2068,-7,INFILTQUAL_TN,0.000000000000e+00
2068,-8,INFILTQUALTARGET_TN,0.000000000000e+00
2068,0,ADTOT_TN,0.000000000000e+00
2068,0,IQUAL_TN,1.987257105593e+04
2068,0,ADQAL_TN,0.000000000000e+00
2068,0,DSQAL_TN,0.000000000000e+00
2068,0,DEPQAL_TN,0.000000000000e+00
2068,0,SCRQAL_TN,0.000000000000e+00
2068,1,QUAL_TN,1.977235460805e+04
2068,1,QUBP_TN,0.000000000000e+00
2068,0,DRAT_IGQL_TP,3.332214740889e+03
2068,0,DRAT_OGQL_TP,3.317972901391e+03
2068,-1,USQUAL_TP,3.238371124692e+03
2068,-2,LUQUAL_TP,9.384361619678e+01
2068,-1,USQUBP_TP,0.000000000000e+00
2068,-2,LUQUBP_TP,0.000000000000e+00
2068,-5,IRWDQUAL_TP,0.000000000000e+00
2068,-7,INFILTQUAL_TP,0.000000000000e+00
2068,-8,INFILTQUALTARGET_TP,0.000000000000e+00
2068,0,ADTOT_TP,0.000000000000e+00
2068,0,IQUAL_TP,3.332214740889e+03
2068,0,ADQAL_TP,0.000000000000e+00
2068,0,DSQAL_TP,0.000000000000e+00
2068,0,DEPQAL_TP,0.000000000000e+00
2068,0,SCRQAL_TP,0.000000000000e+00
2068,1,QUAL_TP,3.317972901391e+03
2068,1,QUBP_TP,0.000000000000e+00
2068,0,DRAT_IGQL_TCd,8.018304455204e+00
2068,0,DRAT_OGQL_TCd,7.983223926486e+00
2068,-1,USQUAL_TCd,7.763721591267e+00
2068,-2,LUQUAL_TCd,2.545828639370e-01
2068,-1,USQUBP_TCd,0.000000000000e+00
2068,-2,LUQUBP_TCd,0.000000000000e+00
2068,-5,IRWDQUAL_TCd,0.000000000000e+00
2068,-7,INFILTQUAL_TCd,0.000000000000e+00
2068,-8,INFILTQUALTARGET_TCd,0.000000000000e+00
2068,0,ADTOT_TCd,0.000000000000e+00
2068,0,IQUAL_TCd,8.018304455204e+00
2068,0,ADQAL_TCd,0.000000000000e+00
2068,0,DSQAL_TCd,0.000000000000e+00
2068,0,DEPQAL_TCd,0.000000000000e+00
2068,0,SCRQAL_TCd,0.000000000000e+00
2068,1,QUAL_TCd,7.983223926486e+00
2068,1,QUBP_TCd,0.000000000000e+00
2068,0,DRAT_IGQL_TCu,8.054519946617e+02
2068,0,DRAT_OGQL_TCu,8.019381240523e+02
2068,-1,USQUAL_TCu,7.798994074884e+02
2068,-2,LUQUAL_TCu,2.555258717328e+01
2068,-1,USQUBP_TCu,0.000000000000e+00
2068,-2,LUQUBP_TCu,0.000000000000e+00
2068,-5,IRWDQUAL_TCu,0.000000000000e+00
2068,-7,INFILTQUAL_TCu,0.000000000000e+00
2068,-8,INFILTQUALTARGET_TCu,0.000000000000e+00
2068,0,ADTOT_TCu,0.000000000000e+00
2068,0,IQUAL_TCu,8.054519946617e+02
2068,0,ADQAL_TCu,0.000000000000e+00
2068,0,DSQAL_TCu,0.000000000000e+00
2068,0,DEPQAL_TCu,0.000000000000e+00
2068,0,SCRQAL_TCu,0.000000000000e+00
2068,1,QUAL_TCu,8.019381240523e+02
2068,1,QUBP_TCu,0.000000000000e+00
2068,0,DRAT_IGQL_TPb,2.108839762281e+02
2068,0,DRAT_OGQL_TPb,2.099492351234e+02
2068,-1,USQUAL_TPb,2.040904663088e+02
2068,-2,LUQUAL_TPb,6.793509919299e+00
2068,-1,USQUBP_TPb,0.000000000000e+00
2068,-2,LUQUBP_TPb,0.000000000000e+00
2068,-5,IRWDQUAL_TPb,0.000000000000e+00
2068,-7,INFILTQUAL_TPb,0.000000000000e+00
2068,-8,INFILTQUALTARGET_TPb,0.000000000000e+00
2068,0,ADTOT_TPb,0.000000000000e+00
2068,0,IQUAL_TPb,2.108839762281e+02
2068,0,ADQAL_TPb,0.000000000000e+00
2068,0,DSQAL_TPb,0.000000000000e+00
2068,0,DEPQAL_TPb,0.000000000000e+00
2068,0,SCRQAL_TPb,0.000000000000e+00
2068,1,QUAL_TPb,2.099492351234e+02
2068,1,QUBP_TPb,0.000000000000e+00
2068,0,DRAT_IGQL_TZn,3.512014258171e+03
2068,0,DRAT_OGQL_TZn,3.496685050216e+03
2068,-1,USQUAL_TZn,3.396430228842e+03
2068,-2,LUQUAL_TZn,1.155840293296e+02
2068,-1,USQUBP_TZn,0.000000000000e+00
2068,-2,LUQUBP_TZn,0.000000000000e+00
2068,-5,IRWDQUAL_TZn,0.000000000000e+00
2068,-7,INFILTQUAL_TZn,0.000000000000e+00
2068,-8,INFILTQUALTARGET_TZn,0.000000000000e+00
2068,0,ADTOT_TZn,0.000000000000e+00
2068,0,IQUAL_TZn,3.512014258171e+03
2068,0,ADQAL_TZn,0.000000000000e+00
2068,0,DSQAL_TZn,0.000000000000e+00
2068,0,DEPQAL_TZn,0.000000000000e+00
2068,0,SCRQAL_TZn,0.000000000000e+00
2068,1,QUAL_TZn,3.496685050216e+03
2068,1,QUBP_TZn,0.000000000000e+00
2061,0,DRAT_IVOL,2.529800079001e+08
2061,0,DRAT_OVOL,2.523572788005e+08
2061,-1,USLINK,0.000000000000e+00
2061,-1,PCP,5.189591292248e+05
2061,-1,EVAP,6.226620271102e+05
2061,-1,INFILT,0.000000000000e+00
2061,-1,USIF,2.442147988713e+08
2061,-2,LUIF,8.246249899535e+06
2061,-1,USBP,0.000000000000e+00
2061,-2,LUBP,0.000000000000e+00
2061,-5,IRWD,0.000000000000e+00
2061,0,IVOL,2.524610487709e+08
2061,1,RO,2.523572788005e+08
2061,1,BP,0.000000000000e+00
2061,0,DRAT_ISED_1,1.017557131453e+02
2061,0,DRAT_OSED_1,1.016230111750e+02
2061,-1,USSED_1,7.933387493931e+01
2061,-2,LUSED_1,3.782268053262e+00
2061,-1,USSBP_1,0.000000000000e+00
2061,-2,LUSBP_1,0.000000000000e+00
2061,-5,IRWDSED_1,0.000000000000e+00
2061,0,ISED_1,8.311614299257e+01
2061,0,DEPSCR_1,-1.850686818240e+01
2061,0,DEPMASS_1,1.327019703086e-01
2061,0,SCRMASS_1,1.863957015271e+01
2061,0,BEDSED_1,3.837046549823e+04
2061,1,ROSED_1,1.016230111750e+02
2061,1,BPSED_1,0.000000000000e+00
2061,0,DRAT_ISED_2,8.219575817605e+02
2061,0,DRAT_OSED_2,8.219579240918e+02
2061,-1,USSED_2,6.626053787942e+02
2061,-2,LUSED_2,1.980753483718e+01
2061,-1,USSBP_2,0.000000000000e+00
2061,-2,LUSBP_2,0.000000000000e+00
2061,-5,IRWDSED_2,0.000000000000e+00
2061,0,ISED_2,6.824129136314e+02
2061,0,DEPSCR_2,-1.395446681291e+02
2061,0,DEPMASS_2,0.000000000000e+00
2061,0,SCRMASS_2,1.395446681291e+02
2061,0,BEDSED_2,1.059426994475e+07
2061,1,ROSED_2,8.219579240918e+02
2061,1,BPSED_2,0.000000000000e+00
2061,0,DRAT_ISED_3,3.117165437457e+02
2061,0,DRAT_OSED_3,3.117166385887e+02
2061,-1,USSED_3,2.729432968968e+02
2061,-2,LUSED_3,5.901847826292e+00
2061,-1,USSBP_3,0.000000000000e+00
2061,-2,LUSBP_3,0.000000000000e+00
2061,-5,IRWDSED_3,0.000000000000e+00
2061,0,ISED_3,2.788451447231e+02
2061,0,DEPSCR_3,-3.287139902260e+01
2061,0,DEPMASS_3,0.000000000000e+00
2061,0,SCRMASS_3,3.287139902260e+01
2061,0,BEDSED_3,3.763442846598e+05
2061,1,ROSED_3,3.117166385887e+02
2061,1,BPSED_3,0.000000000000e+00
2061,0,DRAT_IGQL_TN,3.109501291299e+04
2061,0,DRAT_OGQL_TN,3.103915156525e+04
2061,-1,USQUAL_TN,3.003900798089e+04
2061,-2,LUQUAL_TN,1.056004932095e+03
2061,-1,USQUBP_TN,0.000000000000e+00
2061,-2,LUQUBP_TN,0.000000000000e+00
2061,-5,IRWDQUAL_TN,0.000000000000e+00
2061,-7,INFILTQUAL_TN,0.000000000000e+00
2061,-8,INFILTQUALTARGET_TN,0.000000000000e+00
2061,0,ADTOT_TN,0.000000000000e+00
2061,0,IQUAL_TN,3.109501291299e+04
2061,0,ADQAL_TN,0.000000000000e+00
2061,0,DSQAL_TN,0.000000000000e+00
2061,0,DEPQAL_TN,0.000000000000e+00
2061,0,SCRQAL_TN,0.000000000000e+00
2061,1,QUAL_TN,3.103915156525e+04
2061,1,QUBP_TN,0.000000000000e+00
2061,0,DRAT_IGQL_TP,5.236246301815e+03
2061,0,DRAT_OGQL_TP,5.228224948036e+03
2061,-1,USQUAL_TP,5.070115649097e+03
2061,-2,LUQUAL_TP,1.661306527178e+02
2061,-1,USQUBP_TP,0.000000000000e+00
2061,-2,LUQUBP_TP,0.000000000000e+00
2061,-5,IRWDQUAL_TP,0.000000000000e+00
2061,-7,INFILTQUAL_TP,0.000000000000e+00
2061,-8,INFILTQUALTARGET_TP,0.000000000000e+00
2061,0,ADTOT_TP,0.000000000000e+00
2061,0,IQUAL_TP,5.236246301815e+03
2061,0,ADQAL_TP,0.000000000000e+00
2061,0,DSQAL_TP,0.000000000000e+00
2061,0,DEPQAL_TP,0.000000000000e+00
2061,0,SCRQAL_TP,0.000000000000e+00
2061,1,QUAL_TP,5.228224948036e+03
2061,1,QUBP_TP,0.000000000000e+00
2061,0,DRAT_IGQL_TCd,1.259002381177e+01
2061,0,DRAT_OGQL_TCd,1.257014022048e+01
2061,-1,USQUAL_TCd,1.223063800786e+01
2061,-2,LUQUAL_TCd,3.593858039129e-01
2061,-1,USQUBP_TCd,0.000000000000e+00
2061,-2,LUQUBP_TCd,0.000000000000e+00
2061,-5,IRWDQUAL_TCd,0.000000000000e+00
2061,-7,INFILTQUAL_TCd,0.000000000000e+00
2061,-8,INFILTQUALTARGET_TCd,0.000000000000e+00
2061,0,ADTOT_TCd,0.000000000000e+00
2061,0,IQUAL_TCd,1.259002381177e+01
2061,0,ADQAL_TCd,0.000000000000e+00
2061,0,DSQAL_TCd,0.000000000000e+00
2061,0,DEPQAL_TCd,0.000000000000e+00
2061,0,SCRQAL_TCd,0.000000000000e+00
2061,1,QUAL_TCd,1.257014022048e+01
2061,1,QUBP_TCd,0.000000000000e+00
2061,0,DRAT_IGQL_TCu,1.264541570258e+03
2061,0,DRAT_OGQL_TCu,1.262550065709e+03
2061,-1,USQUAL_TCu,1.228463819702e+03
2061,-2,LUQUAL_TCu,3.607775055530e+01
2061,-1,USQUBP_TCu,0.000000000000e+00
2061,-2,LUQUBP_TCu,0.000000000000e+00
2061,-5,IRWDQUAL_TCu,0.000000000000e+00
2061,-7,INFILTQUAL_TCu,0.000000000000e+00
2061,-8,INFILTQUALTARGET_TCu,0.000000000000e+00
2061,0,ADTOT_TCu,0.000000000000e+00
2061,0,IQUAL_TCu,1.264541570258e+03
2061,0,ADQAL_TCu,0.000000000000e+00
2061,0,DSQAL_TCu,0.000000000000e+00
2061,0,DEPQAL_TCu,0.000000000000e+00
2061,0,SCRQAL_TCu,0.000000000000e+00
2061,1,QUAL_TCu,1.262550065709e+03
2061,1,QUBP_TCu,0.000000000000e+00
2061,0,DRAT_IGQL_TPb,3.303837618926e+02
2061,0,DRAT_OGQL_TPb,3.298565419284e+02
2061,-1,USQUAL_TPb,3.209910249857e+02
2061,-2,LUQUAL_TPb,9.392736906864e+00
2061,-1,USQUBP_TPb,0.000000000000e+00
2061,-2,LUQUBP_TPb,0.000000000000e+00
2061,-5,IRWDQUAL_TPb,0.000000000000e+00
2061,-7,INFILTQUAL_TPb,0.000000000000e+00
2061,-8,INFILTQUALTARGET_TPb,0.000000000000e+00
2061,0,ADTOT_TPb,0.000000000000e+00
2061,0,IQUAL_TPb,3.303837618926e+02
2061,0,ADQAL_TPb,0.000000000000e+00
2061,0,DSQAL_TPb,0.000000000000e+00
2061,0,DEPQAL_TPb,0.000000000000e+00
2061,0,SCRQAL_TPb,0.000000000000e+00
2061,1,QUAL_TPb,3.298565419284e+02
2061,1,QUBP_TPb,0.000000000000e+00
2061,0,DRAT_IGQL_TZn,5.554758316542e+03
2061,0,DRAT_OGQL_TZn,5.546003511515e+03
2061,-1,USQUAL_TZn,5.408985041210e+03
2061,-2,LUQUAL_TZn,1.457732753314e+02
2061,-1,USQUBP_TZn,0.000000000000e+00
2061,-2,LUQUBP_TZn,0.000000000000e+00
2061,-5,IRWDQUAL_TZn,0.000000000000e+00
2061,-7,INFILTQUAL_TZn,0.000000000000e+00
2061,-8,INFILTQUALTARGET_TZn,0.000000000000e+00
2061,0,ADTOT_TZn,0.000000000000e+00
2061,0,IQUAL_TZn,5.554758316542e+03
2061,0,ADQAL_TZn,0.000000000000e+00
2061,0,DSQAL_TZn,0.000000000000e+00
2061,0,DEPQAL_TZn,0.000000000000e+00
2061,0,SCRQAL_TZn,0.000000000000e+00
2061,1,QUAL_TZn,5.546003511515e+03
2061,1,QUBP_TZn,0.000000000000e+00
2058,0,DRAT_IVOL,2.729592492683e+08
2058,0,DRAT_OVOL,2.727648515701e+08
2058,-1,USLINK,0.000000000000e+00
2058,-1,PCP,2.179457163822e+05
2058,-1,EVAP,1.943490297167e+05
2058,-1,INFILT,0.000000000000e+00
2058,-1,USIF,2.676833542242e+08
2058,-2,LUIF,5.057949327768e+06
2058,-1,USBP,0.000000000000e+00
2058,-2,LUBP,0.000000000000e+00
2058,-5,IRWD,0.000000000000e+00
2058,0,IVOL,2.727413035519e+08
2058,1,RO,2.727648515701e+08
2058,1,BP,0.000000000000e+00
2058,0,DRAT_ISED_1,1.136952252024e+02
2058,0,DRAT_OSED_1,7.570327916086e+01
2058,-1,USSED_1,1.035957936572e+02
2058,-2,LUSED_1,2.583835433933e+00
2058,-1,USSBP_1,0.000000000000e+00
2058,-2,LUSBP_1,0.000000000000e+00
2058,-5,IRWDSED_1,0.000000000000e+00
2058,0,ISED_1,1.061796290911e+02
2058,0,DEPSCR_1,3.047634993026e+01
2058,0,DEPMASS_1,3.799194604149e+01
2058,0,SCRMASS_1,7.515596111234e+00
2058,0,BEDSED_1,4.098396763072e+06
2058,1,ROSED_1,7.570327916086e+01
2058,1,BPSED_1,0.000000000000e+00
2058,0,DRAT_ISED_2,8.658513999824e+02
2058,0,DRAT_OSED_2,8.647468729022e+02
2058,-1,USSED_2,8.551366247660e+02
2058,-2,LUSED_2,9.811217569704e+00
2058,-1,USSBP_2,0.000000000000e+00
2058,-2,LUSBP_2,0.000000000000e+00
2058,-5,IRWDSED_2,0.000000000000e+00
2058,0,ISED_2,8.649478423357e+02
2058,0,DEPSCR_2,2.012044012177e-01
2058,0,DEPMASS_2,1.104762047942e+00
2058,0,SCRMASS_2,9.035576467247e-01
2058,0,BEDSED_2,6.164973887265e+06
2058,1,ROSED_2,8.647468729022e+02
2058,1,BPSED_2,0.000000000000e+00
2058,0,DRAT_ISED_3,3.300542781291e+02
2058,0,DRAT_OSED_3,3.300543431685e+02
2058,-1,USSED_3,3.218824389519e+02
2058,-2,LUSED_3,3.105373712039e+00
2058,-1,USSBP_3,0.000000000000e+00
2058,-2,LUSBP_3,0.000000000000e+00
2058,-5,IRWDSED_3,0.000000000000e+00
2058,0,ISED_3,3.249878126640e+02
2058,0,DEPSCR_3,-5.066465465135e+00
2058,0,DEPMASS_3,0.000000000000e+00
2058,0,SCRMASS_3,5.066465465135e+00
2058,0,BEDSED_3,1.403777231184e+06
2058,1,ROSED_3,3.300543431685e+02
2058,1,BPSED_3,0.000000000000e+00
2058,0,DRAT_IGQL_TN,3.372050995243e+04
2058,0,DRAT_OGQL_TN,3.367785231627e+04
2058,-1,USQUAL_TN,3.305918827930e+04
2058,-2,LUQUAL_TN,6.613216731261e+02
2058,-1,USQUBP_TN,0.000000000000e+00
2058,-2,LUQUBP_TN,0.000000000000e+00
2058,-5,IRWDQUAL_TN,0.000000000000e+00
2058,-7,INFILTQUAL_TN,0.000000000000e+00
2058,-8,INFILTQUALTARGET_TN,0.000000000000e+00
2058,0,ADTOT_TN,0.000000000000e+00
2058,0,IQUAL_TN,3.372050995243e+04
2058,0,ADQAL_TN,0.000000000000e+00
2058,0,DSQAL_TN,0.000000000000e+00
2058,0,DEPQAL_TN,0.000000000000e+00
2058,0,SCRQAL_TN,0.000000000000e+00
2058,1,QUAL_TN,3.367785231627e+04
2058,1,QUBP_TN,0.000000000000e+00
2058,0,DRAT_IGQL_TP,5.601076598846e+03
2058,0,DRAT_OGQL_TP,5.595197191866e+03
2058,-1,USQUAL_TP,5.514641366562e+03
2058,-2,LUQUAL_TP,8.643523228391e+01
2058,-1,USQUBP_TP,0.000000000000e+00
2058,-2,LUQUBP_TP,0.000000000000e+00
2058,-5,IRWDQUAL_TP,0.000000000000e+00
2058,-7,INFILTQUAL_TP,0.000000000000e+00
2058,-8,INFILTQUALTARGET_TP,0.000000000000e+00
2058,0,ADTOT_TP,0.000000000000e+00
2058,0,IQUAL_TP,5.601076598846e+03
2058,0,ADQAL_TP,0.000000000000e+00
2058,0,DSQAL_TP,0.000000000000e+00
2058,0,DEPQAL_TP,0.000000000000e+00
2058,0,SCRQAL_TP,0.000000000000e+00
2058,1,QUAL_TP,5.595197191866e+03
2058,1,QUBP_TP,0.000000000000e+00
2058,0,DRAT_IGQL_TCd,1.328420270900e+01
2058,0,DRAT_OGQL_TCd,1.327017654303e+01
2058,-1,USQUAL_TCd,1.314033545564e+01
2058,-2,LUQUAL_TCd,1.438672533557e-01
2058,-1,USQUBP_TCd,0.000000000000e+00
2058,-2,LUQUBP_TCd,0.000000000000e+00
2058,-5,IRWDQUAL_TCd,0.000000000000e+00
2058,-7,INFILTQUAL_TCd,0.000000000000e+00
2058,-8,INFILTQUALTARGET_TCd,0.000000000000e+00
2058,0,ADTOT_TCd,0.000000000000e+00
2058,0,IQUAL_TCd,1.328420270900e+01
2058,0,ADQAL_TCd,0.000000000000e+00
2058,0,DSQAL_TCd,0.000000000000e+00
2058,0,DEPQAL_TCd,0.000000000000e+00
2058,0,SCRQAL_TCd,0.000000000000e+00
2058,1,QUAL_TCd,1.327017654303e+01
2058,1,QUBP_TCd,0.000000000000e+00
2058,0,DRAT_IGQL_TCu,1.334440295025e+03
2058,0,DRAT_OGQL_TCu,1.333035092397e+03
2058,-1,USQUAL_TCu,1.319896068820e+03
2058,-2,LUQUAL_TCu,1.454422620462e+01
2058,-1,USQUBP_TCu,0.000000000000e+00
2058,-2,LUQUBP_TCu,0.000000000000e+00
2058,-5,IRWDQUAL_TCu,0.000000000000e+00
2058,-7,INFILTQUAL_TCu,0.000000000000e+00
2058,-8,INFILTQUALTARGET_TCu,0.000000000000e+00
2058,0,ADTOT_TCu,0.000000000000e+00
2058,0,IQUAL_TCu,1.334440295025e+03
2058,0,ADQAL_TCu,0.000000000000e+00
2058,0,DSQAL_TCu,0.000000000000e+00
2058,0,DEPQAL_TCu,0.000000000000e+00
2058,0,SCRQAL_TCu,0.000000000000e+00
2058,1,QUAL_TCu,1.333035092397e+03
2058,1,QUBP_TCu,0.000000000000e+00
2058,0,DRAT_IGQL_TPb,3.490216153993e+02
2058,0,DRAT_OGQL_TPb,3.486493294061e+02
2058,-1,USQUAL_TPb,3.450776564976e+02
2058,-2,LUQUAL_TPb,3.943958901692e+00
2058,-1,USQUBP_TPb,0.000000000000e+00
2058,-2,LUQUBP_TPb,0.000000000000e+00
2058,-5,IRWDQUAL_TPb,0.000000000000e+00
2058,-7,INFILTQUAL_TPb,0.000000000000e+00
2058,-8,INFILTQUALTARGET_TPb,0.000000000000e+00
2058,0,ADTOT_TPb,0.000000000000e+00
2058,0,IQUAL_TPb,3.490216153993e+02
2058,0,ADQAL_TPb,0.000000000000e+00
2058,0,DSQAL_TPb,0.000000000000e+00
2058,0,DEPQAL_TPb,0.000000000000e+00
2058,0,SCRQAL_TPb,0.000000000000e+00
2058,1,QUAL_TPb,3.486493294061e+02
2058,1,QUBP_TPb,0.000000000000e+00
2058,0,DRAT_IGQL_TZn,5.838919680561e+03
2058,0,DRAT_OGQL_TZn,5.832735123969e+03
2058,-1,USQUAL_TZn,5.777906521182e+03
2058,-2,LUQUAL_TZn,6.101315937967e+01
2058,-1,USQUBP_TZn,0.000000000000e+00
2058,-2,LUQUBP_TZn,0.000000000000e+00
2058,-5,IRWDQUAL_TZn,0.000000000000e+00
2058,-7,INFILTQUAL_TZn,0.000000000000e+00
2058,-8,INFILTQUALTARGET_TZn,0.000000000000e+00
2058,0,ADTOT_TZn,0.000000000000e+00
2058,0,IQUAL_TZn,5.838919680561e+03
2058,0,ADQAL_TZn,0.000000000000e+00
2058,0,DSQAL_TZn,0.000000000000e+00
2058,0,DEPQAL_TZn,0.000000000000e+00
2058,0,SCRQAL_TZn,0.000000000000e+00
2058,1,QUAL_TZn,5.832735123969e+03
2058,1,QUBP_TZn,0.000000000000e+00
2052,0,DRAT_IVOL,3.747993944891e+08
2052,0,DRAT_OVOL,3.741860699506e+08
2052,-1,USLINK,0.000000000000e+00
2052,-1,PCP,6.519237953022e+05
2052,-1,EVAP,6.131785557125e+05
2052,-1,INFILT,0.000000000000e+00
2052,-1,USIF,3.655435948528e+08
2052,-2,LUIF,8.603875841022e+06
2052,-1,USBP,0.000000000000e+00
2052,-2,LUBP,0.000000000000e+00
2052,-5,IRWD,0.000000000000e+00
2052,0,IVOL,3.741474706938e+08
2052,1,RO,3.741860699506e+08
2052,1,BP,0.000000000000e+00
2052,0,DRAT_ISED_1,1.332930433855e+02
2052,0,DRAT_OSED_1,1.278636231425e+02
2052,-1,USSED_1,9.898667325109e+01
2052,-2,LUSED_1,4.705160874201e+00
2052,-1,USSBP_1,0.000000000000e+00
2052,-2,LUSBP_1,0.000000000000e+00
2052,-5,IRWDSED_1,0.000000000000e+00
2052,0,ISED_1,1.036918341253e+02
2052,0,DEPSCR_1,-2.417178901717e+01
2052,0,DEPMASS_1,5.429420243013e+00
2052,0,SCRMASS_1,2.960120926018e+01
2052,0,BEDSED_1,1.973293139741e+05
2052,1,ROSED_1,1.278636231425e+02
2052,1,BPSED_1,0.000000000000e+00
2052,0,DRAT_ISED_2,1.155598486104e+03
2052,0,DRAT_OSED_2,1.155391721853e+03
2052,-1,USSED_2,1.097625856901e+03
2052,-2,LUSED_2,1.532713225816e+01
2052,-1,USSBP_2,0.000000000000e+00
2052,-2,LUSBP_2,0.000000000000e+00
2052,-5,IRWDSED_2,0.000000000000e+00
2052,0,ISED_2,1.112952989159e+03
2052,0,DEPSCR_2,-4.243810306547e+01
2052,0,DEPMASS_2,2.073938793958e-01
2052,0,SCRMASS_2,4.264549694487e+01
2052,0,BEDSED_2,1.537309970745e+07
2052,1,ROSED_2,1.155391721853e+03
2052,1,BPSED_2,0.000000000000e+00
2052,0,DRAT_ISED_3,4.467745509540e+02
2052,0,DRAT_OSED_3,4.467747254026e+02
2052,-1,USSED_3,4.006897835010e+02
2052,-2,LUSED_3,5.023885963738e+00
2052,-1,USSBP_3,0.000000000000e+00
2052,-2,LUSBP_3,0.000000000000e+00
2052,-5,IRWDSED_3,0.000000000000e+00
2052,0,ISED_3,4.057136694648e+02
2052,0,DEPSCR_3,-4.106088148925e+01
2052,0,DEPMASS_3,0.000000000000e+00
2052,0,SCRMASS_3,4.106088148925e+01
2052,0,BEDSED_3,1.434620011914e+06
2052,1,ROSED_3,4.467747254026e+02
2052,1,BPSED_3,0.000000000000e+00
2052,0,DRAT_IGQL_TN,4.717683556980e+04
2052,0,DRAT_OGQL_TN,4.704710999682e+04
2052,-1,USQUAL_TN,4.618335667130e+04
2052,-2,LUQUAL_TN,9.934788985019e+02
2052,-1,USQUBP_TN,0.000000000000e+00
2052,-2,LUQUBP_TN,0.000000000000e+00
2052,-5,IRWDQUAL_TN,0.000000000000e+00
2052,-7,INFILTQUAL_TN,0.000000000000e+00
2052,-8,INFILTQUALTARGET_TN,0.000000000000e+00
2052,0,ADTOT_TN,0.000000000000e+00
2052,0,IQUAL_TN,4.717683556980e+04
2052,0,ADQAL_TN,0.000000000000e+00
2052,0,DSQAL_TN,0.000000000000e+00
2052,0,DEPQAL_TN,0.000000000000e+00
2052,0,SCRQAL_TN,0.000000000000e+00
2052,1,QUAL_TN,4.704710999682e+04
2052,1,QUBP_TN,0.000000000000e+00
2052,0,DRAT_IGQL_TP,7.810333380872e+03
2052,0,DRAT_OGQL_TP,7.792562260536e+03
2052,-1,USQUAL_TP,7.676836767385e+03
2052,-2,LUQUAL_TP,1.334966134861e+02
2052,-1,USQUBP_TP,0.000000000000e+00
2052,-2,LUQUBP_TP,0.000000000000e+00
2052,-5,IRWDQUAL_TP,0.000000000000e+00
2052,-7,INFILTQUAL_TP,0.000000000000e+00
2052,-8,INFILTQUALTARGET_TP,0.000000000000e+00
2052,0,ADTOT_TP,0.000000000000e+00
2052,0,IQUAL_TP,7.810333380872e+03
2052,0,ADQAL_TP,0.000000000000e+00
2052,0,DSQAL_TP,0.000000000000e+00
2052,0,DEPQAL_TP,0.000000000000e+00
2052,0,SCRQAL_TP,0.000000000000e+00
2052,1,QUAL_TP,7.792562260536e+03
2052,1,QUBP_TP,0.000000000000e+00
2052,0,DRAT_IGQL_TCd,1.831516522577e+01
2052,0,DRAT_OGQL_TCd,1.827305110481e+01
2052,-1,USQUAL_TCd,1.807449746991e+01
2052,-2,LUQUAL_TCd,2.406677558624e-01
2052,-1,USQUBP_TCd,0.000000000000e+00
2052,-2,LUQUBP_TCd,0.000000000000e+00
2052,-5,IRWDQUAL_TCd,0.000000000000e+00
2052,-7,INFILTQUAL_TCd,0.000000000000e+00
2052,-8,INFILTQUALTARGET_TCd,0.000000000000e+00
2052,0,ADTOT_TCd,0.000000000000e+00
2052,0,IQUAL_TCd,1.831516522577e+01
2052,0,ADQAL_TCd,0.000000000000e+00
2052,0,DSQAL_TCd,0.000000000000e+00
2052,0,DEPQAL_TCd,0.000000000000e+00
2052,0,SCRQAL_TCd,0.000000000000e+00
2052,1,QUAL_TCd,1.827305110481e+01
2052,1,QUBP_TCd,0.000000000000e+00
2052,0,DRAT_IGQL_TCu,1.839975103033e+03
2052,0,DRAT_OGQL_TCu,1.835756082165e+03
2052,-1,USQUAL_TCu,1.815539596007e+03
2052,-2,LUQUAL_TCu,2.443550702572e+01
2052,-1,USQUBP_TCu,0.000000000000e+00
2052,-2,LUQUBP_TCu,0.000000000000e+00
2052,-5,IRWDQUAL_TCu,0.000000000000e+00
2052,-7,INFILTQUAL_TCu,0.000000000000e+00
2052,-8,INFILTQUALTARGET_TCu,0.000000000000e+00
2052,0,ADTOT_TCu,0.000000000000e+00
2052,0,IQUAL_TCu,1.839975103033e+03
2052,0,ADQAL_TCu,0.000000000000e+00
2052,0,DSQAL_TCu,0.000000000000e+00
2052,0,DEPQAL_TCu,0.000000000000e+00
2052,0,SCRQAL_TCu,0.000000000000e+00
2052,1,QUAL_TCu,1.835756082165e+03
2052,1,QUBP_TCu,0.000000000000e+00
2052,0,DRAT_IGQL_TPb,4.831342892023e+02
2052,0,DRAT_OGQL_TPb,4.820111923363e+02
2052,-1,USQUAL_TPb,4.770278217039e+02
2052,-2,LUQUAL_TPb,6.106467498372e+00
2052,-1,USQUBP_TPb,0.000000000000e+00
2052,-2,LUQUBP_TPb,0.000000000000e+00
2052,-5,IRWDQUAL_TPb,0.000000000000e+00
2052,-7,INFILTQUAL_TPb,0.000000000000e+00
2052,-8,INFILTQUALTARGET_TPb,0.000000000000e+00
2052,0,ADTOT_TPb,0.000000000000e+00
2052,0,IQUAL_TPb,4.831342892023e+02
2052,0,ADQAL_TPb,0.000000000000e+00
2052,0,DSQAL_TPb,0.000000000000e+00
2052,0,DEPQAL_TPb,0.000000000000e+00
2052,0,SCRQAL_TPb,0.000000000000e+00
2052,1,QUAL_TPb,4.820111923363e+02
2052,1,QUBP_TPb,0.000000000000e+00
2052,0,DRAT_IGQL_TZn,8.005152896462e+03
2052,0,DRAT_OGQL_TZn,7.986692112218e+03
2052,-1,USQUAL_TZn,7.885898283201e+03
2052,-2,LUQUAL_TZn,1.192546132615e+02
2052,-1,USQUBP_TZn,0.000000000000e+00
2052,-2,LUQUBP_TZn,0.000000000000e+00
2052,-5,IRWDQUAL_TZn,0.000000000000e+00
2052,-7,INFILTQUAL_TZn,0.000000000000e+00
2052,-8,INFILTQUALTARGET_TZn,0.000000000000e+00
2052,0,ADTOT_TZn,0.000000000000e+00
2052,0,IQUAL_TZn,8.005152896462e+03
2052,0,ADQAL_TZn,0.000000000000e+00
2052,0,DSQAL_TZn,0.000000000000e+00
2052,0,DEPQAL_TZn,0.000000000000e+00
2052,0,SCRQAL_TZn,0.000000000000e+00
2052,1,QUAL_TZn,7.986692112218e+03
2052,1,QUBP_TZn,0.000000000000e+00
2042,0,DRAT_IVOL,4.205627260413e+08
2042,0,DRAT_OVOL,4.193540179390e+08
2042,-1,USLINK,0.000000000000e+00
2042,-1,PCP,1.246327491545e+06
2042,-1,EVAP,1.208334389271e+06
2042,-1,INFILT,0.000000000000e+00
2042,-1,USIF,4.121342519934e+08
2042,-2,LUIF,7.182146556295e+06
2042,-1,USBP,0.000000000000e+00
2042,-2,LUBP,0.000000000000e+00
2042,-5,IRWD,0.000000000000e+00
2042,0,IVOL,4.193163985497e+08
2042,1,RO,4.193540179390e+08
2042,1,BP,0.000000000000e+00
2042,0,DRAT_ISED_1,1.995837488474e+02
2042,0,DRAT_OSED_1,1.961618339575e+02
2042,-1,USSED_1,1.408112863216e+02
2042,-2,LUSED_1,3.679193013454e+00
2042,-1,USSBP_1,0.000000000000e+00
2042,-2,LUSBP_1,0.000000000000e+00
2042,-5,IRWDSED_1,0.000000000000e+00
2042,0,ISED_1,1.444904793350e+02
2042,0,DEPSCR_1,-5.167135462251e+01
2042,0,DEPMASS_1,3.421914889912e+00
2042,0,SCRMASS_1,5.509326951243e+01
2042,0,BEDSED_1,8.491157797506e+05
2042,1,ROSED_1,1.961618339575e+02
2042,1,BPSED_1,0.000000000000e+00
2042,0,DRAT_ISED_2,1.397210541839e+03
2042,0,DRAT_OSED_2,1.397211611782e+03
2042,-1,USSED_2,1.240060951866e+03
2042,-2,LUSED_2,1.764482358689e+01
2042,-1,USSBP_2,0.000000000000e+00
2042,-2,LUSBP_2,0.000000000000e+00
2042,-5,IRWDSED_2,0.000000000000e+00
2042,0,ISED_2,1.257705775453e+03
2042,0,DEPSCR_2,-1.395047663869e+02
2042,0,DEPMASS_2,0.000000000000e+00
2042,0,SCRMASS_2,1.395047663869e+02
2042,0,BEDSED_2,2.619031806920e+07
2042,1,ROSED_2,1.397211611782e+03
2042,1,BPSED_2,0.000000000000e+00
2042,0,DRAT_ISED_3,5.529246791093e+02
2042,0,DRAT_OSED_3,5.529249744744e+02
2042,-1,USSED_3,4.731487712039e+02
2042,-2,LUSED_3,5.337883779028e+00
2042,-1,USSBP_3,0.000000000000e+00
2042,-2,LUSBP_3,0.000000000000e+00
2042,-5,IRWDSED_3,0.000000000000e+00
2042,0,ISED_3,4.784866549829e+02
2042,0,DEPSCR_3,-7.443802412631e+01
2042,0,DEPMASS_3,0.000000000000e+00
2042,0,SCRMASS_3,7.443802412631e+01
2042,0,BEDSED_3,1.558516996684e+06
2042,1,ROSED_3,5.529249744744e+02
2042,1,BPSED_3,0.000000000000e+00
2042,0,DRAT_IGQL_TN,5.280626060529e+04
2042,0,DRAT_OGQL_TN,5.256181743172e+04
2042,-1,USQUAL_TN,5.188268611746e+04
2042,-2,LUQUAL_TN,9.235744878237e+02
2042,-1,USQUBP_TN,0.000000000000e+00
2042,-2,LUQUBP_TN,0.000000000000e+00
2042,-5,IRWDQUAL_TN,0.000000000000e+00
2042,-7,INFILTQUAL_TN,0.000000000000e+00
2042,-8,INFILTQUALTARGET_TN,0.000000000000e+00
2042,0,ADTOT_TN,0.000000000000e+00
2042,0,IQUAL_TN,5.280626060529e+04
2042,0,ADQAL_TN,0.000000000000e+00
2042,0,DSQAL_TN,0.000000000000e+00
2042,0,DEPQAL_TN,0.000000000000e+00
2042,0,SCRQAL_TN,0.000000000000e+00
2042,1,QUAL_TN,5.256181743172e+04
2042,1,QUBP_TN,0.000000000000e+00
2042,0,DRAT_IGQL_TP,8.689207681989e+03
2042,0,DRAT_OGQL_TP,8.655175116740e+03
2042,-1,USQUAL_TP,8.544799808344e+03
2042,-2,LUQUAL_TP,1.444078736444e+02
2042,-1,USQUBP_TP,0.000000000000e+00
2042,-2,LUQUBP_TP,0.000000000000e+00
2042,-5,IRWDQUAL_TP,0.000000000000e+00
2042,-7,INFILTQUAL_TP,0.000000000000e+00
2042,-8,INFILTQUALTARGET_TP,0.000000000000e+00
2042,0,ADTOT_TP,0.000000000000e+00
2042,0,IQUAL_TP,8.689207681989e+03
2042,0,ADQAL_TP,0.000000000000e+00
2042,0,DSQAL_TP,0.000000000000e+00
2042,0,DEPQAL_TP,0.000000000000e+00
2042,0,SCRQAL_TP,0.000000000000e+00
2042,1,QUAL_TP,8.655175116740e+03
2042,1,QUBP_TP,0.000000000000e+00
2042,0,DRAT_IGQL_TCd,2.007882808462e+01
2042,0,DRAT_OGQL_TCd,1.999853165771e+01
2042,-1,USQUAL_TCd,1.972886587901e+01
2042,-2,LUQUAL_TCd,3.499622056134e-01
2042,-1,USQUBP_TCd,0.000000000000e+00
2042,-2,LUQUBP_TCd,0.000000000000e+00
2042,-5,IRWDQUAL_TCd,0.000000000000e+00
2042,-7,INFILTQUAL_TCd,0.000000000000e+00
2042,-8,INFILTQUALTARGET_TCd,0.000000000000e+00
2042,0,ADTOT_TCd,0.000000000000e+00
2042,0,IQUAL_TCd,2.007882808462e+01
2042,0,ADQAL_TCd,0.000000000000e+00
2042,0,DSQAL_TCd,0.000000000000e+00
2042,0,DEPQAL_TCd,0.000000000000e+00
2042,0,SCRQAL_TCd,0.000000000000e+00
2042,1,QUAL_TCd,1.999853165771e+01
2042,1,QUBP_TCd,0.000000000000e+00
2042,0,DRAT_IGQL_TCu,2.017560557278e+03
2042,0,DRAT_OGQL_TCu,2.009516185254e+03
2042,-1,USQUAL_TCu,1.982398210537e+03
2042,-2,LUQUAL_TCu,3.516234674123e+01
2042,-1,USQUBP_TCu,0.000000000000e+00
2042,-2,LUQUBP_TCu,0.000000000000e+00
2042,-5,IRWDQUAL_TCu,0.000000000000e+00
2042,-7,INFILTQUAL_TCu,0.000000000000e+00
2042,-8,INFILTQUALTARGET_TCu,0.000000000000e+00
2042,0,ADTOT_TCu,0.000000000000e+00
2042,0,IQUAL_TCu,2.017560557278e+03
2042,0,ADQAL_TCu,0.000000000000e+00
2042,0,DSQAL_TCu,0.000000000000e+00
2042,0,DEPQAL_TCu,0.000000000000e+00
2042,0,SCRQAL_TCu,0.000000000000e+00
2042,1,QUAL_TCu,2.009516185254e+03
2042,1,QUBP_TCu,0.000000000000e+00
2042,0,DRAT_IGQL_TPb,5.293264055359e+02
2042,0,DRAT_OGQL_TPb,5.271852002275e+02
2042,-1,USQUAL_TPb,5.199764109141e+02
2042,-2,LUQUAL_TPb,9.349994621780e+00
2042,-1,USQUBP_TPb,0.000000000000e+00
2042,-2,LUQUBP_TPb,0.000000000000e+00
2042,-5,IRWDQUAL_TPb,0.000000000000e+00
2042,-7,INFILTQUAL_TPb,0.000000000000e+00
2042,-8,INFILTQUALTARGET_TPb,0.000000000000e+00
2042,0,ADTOT_TPb,0.000000000000e+00
2042,0,IQUAL_TPb,5.293264055359e+02
2042,0,ADQAL_TPb,0.000000000000e+00
2042,0,DSQAL_TPb,0.000000000000e+00
2042,0,DEPQAL_TPb,0.000000000000e+00
2042,0,SCRQAL_TPb,0.000000000000e+00
2042,1,QUAL_TPb,5.271852002275e+02
2042,1,QUBP_TPb,0.000000000000e+00
2042,0,DRAT_IGQL_TZn,8.762579297938e+03
2042,0,DRAT_OGQL_TZn,8.727555393406e+03
2042,-1,USQUAL_TZn,8.611275805795e+03
2042,-2,LUQUAL_TZn,1.513034921437e+02
2042,-1,USQUBP_TZn,0.000000000000e+00
2042,-2,LUQUBP_TZn,0.000000000000e+00
2042,-5,IRWDQUAL_TZn,0.000000000000e+00
2042,-7,INFILTQUAL_TZn,0.000000000000e+00
2042,-8,INFILTQUALTARGET_TZn,0.000000000000e+00
2042,0,ADTOT_TZn,0.000000000000e+00
2042,0,IQUAL_TZn,8.762579297938e+03
2042,0,ADQAL_TZn,0.000000000000e+00
2042,0,DSQAL_TZn,0.000000000000e+00
2042,0,DEPQAL_TZn,0.000000000000e+00
2042,0,SCRQAL_TZn,0.000000000000e+00
2042,1,QUAL_TZn,8.727555393406e+03
2042,1,QUBP_TZn,0.000000000000e+00
2036,0,DRAT_IVOL,4.803812779448e+08
2036,0,DRAT_OVOL,4.797095065660e+08
2036,-1,USLINK,0.000000000000e+00
2036,-1,PCP,7.725179397166e+05
2036,-1,EVAP,6.714847448023e+05
2036,-1,INFILT,0.000000000000e+00
2036,-1,USIF,4.735999287839e+08
2036,-2,LUIF,6.008831221221e+06
2036,-1,USBP,0.000000000000e+00
2036,-2,LUBP,0.000000000000e+00
2036,-5,IRWD,0.000000000000e+00
2036,0,IVOL,4.796087600051e+08
2036,1,RO,4.797095065660e+08
2036,1,BP,0.000000000000e+00
2036,0,DRAT_ISED_1,2.745367605477e+02
2036,0,DRAT_OSED_1,2.429650428051e+02
2036,-1,USSED_1,2.088878687461e+02
2036,-2,LUSED_1,3.507349325522e+00
2036,-1,USSBP_1,0.000000000000e+00
2036,-2,LUSBP_1,0.000000000000e+00
2036,-5,IRWDSED_1,0.000000000000e+00
2036,0,ISED_1,2.123952180716e+02
2036,0,DEPSCR_1,-3.056982473348e+01
2036,0,DEPMASS_1,3.157171774261e+01
2036,0,SCRMASS_1,6.214154247610e+01
2036,0,BEDSED_1,2.997432910091e+06
2036,1,ROSED_1,2.429650428051e+02
2036,1,BPSED_1,0.000000000000e+00
2036,0,DRAT_ISED_2,1.579784061743e+03
2036,0,DRAT_OSED_2,1.578678837619e+03
2036,-1,USSED_2,1.528495275349e+03
2036,-2,LUSED_2,1.587479780440e+01
2036,-1,USSBP_2,0.000000000000e+00
2036,-2,LUSBP_2,0.000000000000e+00
2036,-5,IRWDSED_2,0.000000000000e+00
2036,0,ISED_2,1.544370073153e+03
2036,0,DEPSCR_2,-3.430810466056e+01
2036,0,DEPMASS_2,1.105883929111e+00
2036,0,SCRMASS_2,3.541398858967e+01
2036,0,BEDSED_2,1.481490276449e+07
2036,1,ROSED_2,1.578678837619e+03
2036,1,BPSED_2,0.000000000000e+00
2036,0,DRAT_ISED_3,6.384528782971e+02
2036,0,DRAT_OSED_3,6.384530599325e+02
2036,-1,USSED_3,5.960106872362e+02
2036,-2,LUSED_3,4.923553370220e+00
2036,-1,USSBP_3,0.000000000000e+00
2036,-2,LUSBP_3,0.000000000000e+00
2036,-5,IRWDSED_3,0.000000000000e+00
2036,0,ISED_3,6.009342406064e+02
2036,0,DEPSCR_3,-3.751863769064e+01
2036,0,DEPMASS_3,0.000000000000e+00
2036,0,SCRMASS_3,3.751863769064e+01
2036,0,BEDSED_3,1.465735069726e+06
2036,1,ROSED_3,6.384530599325e+02
2036,1,BPSED_3,0.000000000000e+00
2036,0,DRAT_IGQL_TN,6.004759483615e+04
2036,0,DRAT_OGQL_TN,5.988632234741e+04
2036,-1,USQUAL_TN,5.928399398186e+04
2036,-2,LUQUAL_TN,7.636008542874e+02
2036,-1,USQUBP_TN,0.000000000000e+00
2036,-2,LUQUBP_TN,0.000000000000e+00
2036,-5,IRWDQUAL_TN,0.000000000000e+00
2036,-7,INFILTQUAL_TN,0.000000000000e+00
2036,-8,INFILTQUALTARGET_TN,0.000000000000e+00
2036,0,ADTOT_TN,0.000000000000e+00
2036,0,IQUAL_TN,6.004759483615e+04
2036,0,ADQAL_TN,0.000000000000e+00
2036,0,DSQAL_TN,0.000000000000e+00
2036,0,DEPQAL_TN,0.000000000000e+00
2036,0,SCRQAL_TN,0.000000000000e+00
2036,1,QUAL_TN,5.988632234741e+04
2036,1,QUBP_TN,0.000000000000e+00
2036,0,DRAT_IGQL_TP,9.943513160331e+03
2036,0,DRAT_OGQL_TP,9.921126392920e+03
2036,-1,USQUAL_TP,9.804647737183e+03
2036,-2,LUQUAL_TP,1.388654231481e+02
2036,-1,USQUBP_TP,0.000000000000e+00
2036,-2,LUQUBP_TP,0.000000000000e+00
2036,-5,IRWDQUAL_TP,0.000000000000e+00
2036,-7,INFILTQUAL_TP,0.000000000000e+00
2036,-8,INFILTQUALTARGET_TP,0.000000000000e+00
2036,0,ADTOT_TP,0.000000000000e+00
2036,0,IQUAL_TP,9.943513160331e+03
2036,0,ADQAL_TP,0.000000000000e+00
2036,0,DSQAL_TP,0.000000000000e+00
2036,0,DEPQAL_TP,0.000000000000e+00
2036,0,SCRQAL_TP,0.000000000000e+00
2036,1,QUAL_TP,9.921126392920e+03
2036,1,QUBP_TP,0.000000000000e+00
2036,0,DRAT_IGQL_TCd,2.287572342899e+01
2036,0,DRAT_OGQL_TCd,2.282341602858e+01
2036,-1,USQUAL_TCd,2.254336141652e+01
2036,-2,LUQUAL_TCd,3.323620124678e-01
2036,-1,USQUBP_TCd,0.000000000000e+00
2036,-2,LUQUBP_TCd,0.000000000000e+00
2036,-5,IRWDQUAL_TCd,0.000000000000e+00
2036,-7,INFILTQUAL_TCd,0.000000000000e+00
2036,-8,INFILTQUALTARGET_TCd,0.000000000000e+00
2036,0,ADTOT_TCd,0.000000000000e+00
2036,0,IQUAL_TCd,2.287572342899e+01
2036,0,ADQAL_TCd,0.000000000000e+00
2036,0,DSQAL_TCd,0.000000000000e+00
2036,0,DEPQAL_TCd,0.000000000000e+00
2036,0,SCRQAL_TCd,0.000000000000e+00
2036,1,QUAL_TCd,2.282341602858e+01
2036,1,QUBP_TCd,0.000000000000e+00
2036,0,DRAT_IGQL_TCu,2.298546441804e+03
2036,0,DRAT_OGQL_TCu,2.293305650589e+03
2036,-1,USQUAL_TCu,2.265190799427e+03
2036,-2,LUQUAL_TCu,3.335564237738e+01
2036,-1,USQUBP_TCu,0.000000000000e+00
2036,-2,LUQUBP_TCu,0.000000000000e+00
2036,-5,IRWDQUAL_TCu,0.000000000000e+00
2036,-7,INFILTQUAL_TCu,0.000000000000e+00
2036,-8,INFILTQUALTARGET_TCu,0.000000000000e+00
2036,0,ADTOT_TCu,0.000000000000e+00
2036,0,IQUAL_TCu,2.298546441804e+03
2036,0,ADQAL_TCu,0.000000000000e+00
2036,0,DSQAL_TCu,0.000000000000e+00
2036,0,DEPQAL_TCu,0.000000000000e+00
2036,0,SCRQAL_TCu,0.000000000000e+00
2036,1,QUAL_TCu,2.293305650589e+03
2036,1,QUBP_TCu,0.000000000000e+00
2036,0,DRAT_IGQL_TPb,6.022549361675e+02
2036,0,DRAT_OGQL_TPb,6.008624984967e+02
2036,-1,USQUAL_TPb,5.936030696340e+02
2036,-2,LUQUAL_TPb,8.651866533514e+00
2036,-1,USQUBP_TPb,0.000000000000e+00
2036,-2,LUQUBP_TPb,0.000000000000e+00
2036,-5,IRWDQUAL_TPb,0.000000000000e+00
2036,-7,INFILTQUAL_TPb,0.000000000000e+00
2036,-8,INFILTQUALTARGET_TPb,0.000000000000e+00
2036,0,ADTOT_TPb,0.000000000000e+00
2036,0,IQUAL_TPb,6.022549361675e+02
2036,0,ADQAL_TPb,0.000000000000e+00
2036,0,DSQAL_TPb,0.000000000000e+00
2036,0,DEPQAL_TPb,0.000000000000e+00
2036,0,SCRQAL_TPb,0.000000000000e+00
2036,1,QUAL_TPb,6.008624984967e+02
2036,1,QUBP_TPb,0.000000000000e+00
2036,0,DRAT_IGQL_TZn,9.985561959698e+03
2036,0,DRAT_OGQL_TZn,9.962697857506e+03
2036,-1,USQUAL_TZn,9.854720314585e+03
2036,-2,LUQUAL_TZn,1.308416451140e+02
2036,-1,USQUBP_TZn,0.000000000000e+00
2036,-2,LUQUBP_TZn,0.000000000000e+00
2036,-5,IRWDQUAL_TZn,0.000000000000e+00
2036,-7,INFILTQUAL_TZn,0.000000000000e+00
2036,-8,INFILTQUALTARGET_TZn,0.000000000000e+00
2036,0,ADTOT_TZn,0.000000000000e+00
2036,0,IQUAL_TZn,9.985561959698e+03
2036,0,ADQAL_TZn,0.000000000000e+00
2036,0,DSQAL_TZn,0.000000000000e+00
2036,0,DEPQAL_TZn,0.000000000000e+00
2036,0,SCRQAL_TZn,0.000000000000e+00
2036,1,QUAL_TZn,9.962697857506e+03
2036,1,QUBP_TZn,0.000000000000e+00
2034,0,DRAT_IVOL,5.265336007275e+08
2034,0,DRAT_OVOL,5.259758624038e+08
2034,-1,USLINK,0.000000000000e+00
2034,-1,PCP,6.335149317934e+05
2034,-1,EVAP,5.574710148070e+05
2034,-1,INFILT,0.000000000000e+00
2034,-1,USIF,5.130368593560e+08
2034,-2,LUIF,1.286322643969e+07
2034,-1,USBP,0.000000000000e+00
2034,-2,LUBP,0.000000000000e+00
2034,-5,IRWD,0.000000000000e+00
2034,0,IVOL,5.259000857957e+08
2034,1,RO,5.259758624038e+08
2034,1,BP,0.000000000000e+00
2034,0,DRAT_ISED_1,2.978556616478e+02
2034,0,DRAT_OSED_1,2.892811543615e+02
2034,-1,USSED_1,2.611356174728e+02
2034,-2,LUSED_1,7.835917130779e+00
2034,-1,USSBP_1,0.000000000000e+00
2034,-2,LUSBP_1,0.000000000000e+00
2034,-5,IRWDSED_1,0.000000000000e+00
2034,0,ISED_1,2.689715346036e+02
2034,0,DEPSCR_1,-2.030961975796e+01
2034,0,DEPMASS_1,8.574507286282e+00
2034,0,SCRMASS_1,2.888412704424e+01
2034,0,BEDSED_1,4.488812159479e+05
2034,1,ROSED_1,2.892811543615e+02
2034,1,BPSED_1,0.000000000000e+00
2034,0,DRAT_ISED_2,1.747542180568e+03
2034,0,DRAT_OSED_2,1.747020109098e+03
2034,-1,USSED_2,1.673208489313e+03
2034,-2,LUSED_2,3.289836323743e+01
2034,-1,USSBP_2,0.000000000000e+00
2034,-2,LUSBP_2,0.000000000000e+00
2034,-5,IRWDSED_2,0.000000000000e+00
2034,0,ISED_2,1.706106852551e+03
2034,0,DEPSCR_2,-4.091274136187e+01
2034,0,DEPMASS_2,5.225866552843e-01
2034,0,SCRMASS_2,4.143532801715e+01
2034,0,BEDSED_2,1.126573486960e+07
2034,1,ROSED_2,1.747020109098e+03
2034,1,BPSED_2,0.000000000000e+00
2034,0,DRAT_ISED_3,7.083127252991e+02
2034,0,DRAT_OSED_3,7.083128667305e+02
2034,-1,USSED_3,6.666632885365e+02
2034,-2,LUSED_3,1.060476065146e+01
2034,-1,USSBP_3,0.000000000000e+00
2034,-2,LUSBP_3,0.000000000000e+00
2034,-5,IRWDSED_3,0.000000000000e+00
2034,0,ISED_3,6.772680491880e+02
2034,0,DEPSCR_3,-3.104467611117e+01
2034,0,DEPMASS_3,0.000000000000e+00
2034,0,SCRMASS_3,3.104467611117e+01
2034,0,BEDSED_3,8.356865610274e+05
2034,1,ROSED_3,7.083128667305e+02
2034,1,BPSED_3,0.000000000000e+00
2034,0,DRAT_IGQL_TN,6.552103886644e+04
2034,0,DRAT_OGQL_TN,6.538307822268e+04
2034,-1,USQUAL_TN,6.393943809972e+04
2034,-2,LUQUAL_TN,1.581600766721e+03
2034,-1,USQUBP_TN,0.000000000000e+00
2034,-2,LUQUBP_TN,0.000000000000e+00
2034,-5,IRWDQUAL_TN,0.000000000000e+00
2034,-7,INFILTQUAL_TN,0.000000000000e+00
2034,-8,INFILTQUALTARGET_TN,0.000000000000e+00
2034,0,ADTOT_TN,0.000000000000e+00
2034,0,IQUAL_TN,6.552103886644e+04
2034,0,ADQAL_TN,0.000000000000e+00
2034,0,DSQAL_TN,0.000000000000e+00
2034,0,DEPQAL_TN,0.000000000000e+00
2034,0,SCRQAL_TN,0.000000000000e+00
2034,1,QUAL_TN,6.538307822268e+04
2034,1,QUBP_TN,0.000000000000e+00
2034,0,DRAT_IGQL_TP,1.107068542094e+04
2034,0,DRAT_OGQL_TP,1.105109343965e+04
2034,-1,USQUAL_TP,1.077351559537e+04
2034,-2,LUQUAL_TP,2.971698255699e+02
2034,-1,USQUBP_TP,0.000000000000e+00
2034,-2,LUQUBP_TP,0.000000000000e+00
2034,-5,IRWDQUAL_TP,0.000000000000e+00
2034,-7,INFILTQUAL_TP,0.000000000000e+00
2034,-8,INFILTQUALTARGET_TP,0.000000000000e+00
2034,0,ADTOT_TP,0.000000000000e+00
2034,0,IQUAL_TP,1.107068542094e+04
2034,0,ADQAL_TP,0.000000000000e+00
2034,0,DSQAL_TP,0.000000000000e+00
2034,0,DEPQAL_TP,0.000000000000e+00
2034,0,SCRQAL_TP,0.000000000000e+00
2034,1,QUAL_TP,1.105109343965e+04
2034,1,QUBP_TP,0.000000000000e+00
2034,0,DRAT_IGQL_TCd,2.589677221766e+01
2034,0,DRAT_OGQL_TCd,2.584997164857e+01
2034,-1,USQUAL_TCd,2.515279396875e+01
2034,-2,LUQUAL_TCd,7.439782489123e-01
2034,-1,USQUBP_TCd,0.000000000000e+00
2034,-2,LUQUBP_TCd,0.000000000000e+00
2034,-5,IRWDQUAL_TCd,0.000000000000e+00
2034,-7,INFILTQUAL_TCd,0.000000000000e+00
2034,-8,INFILTQUALTARGET_TCd,0.000000000000e+00
2034,0,ADTOT_TCd,0.000000000000e+00
2034,0,IQUAL_TCd,2.589677221766e+01
2034,0,ADQAL_TCd,0.000000000000e+00
2034,0,DSQAL_TCd,0.000000000000e+00
2034,0,DEPQAL_TCd,0.000000000000e+00
2034,0,SCRQAL_TCd,0.000000000000e+00
2034,1,QUAL_TCd,2.584997164857e+01
2034,1,QUBP_TCd,0.000000000000e+00
2034,0,DRAT_IGQL_TCu,2.601478741548e+03
2034,0,DRAT_OGQL_TCu,2.596790251812e+03
2034,-1,USQUAL_TCu,2.526789508700e+03
2034,-2,LUQUAL_TCu,7.468923284847e+01
2034,-1,USQUBP_TCu,0.000000000000e+00
2034,-2,LUQUBP_TCu,0.000000000000e+00
2034,-5,IRWDQUAL_TCu,0.000000000000e+00
2034,-7,INFILTQUAL_TCu,0.000000000000e+00
2034,-8,INFILTQUALTARGET_TCu,0.000000000000e+00
2034,0,ADTOT_TCu,0.000000000000e+00
2034,0,IQUAL_TCu,2.601478741548e+03
2034,0,ADQAL_TCu,0.000000000000e+00
2034,0,DSQAL_TCu,0.000000000000e+00
2034,0,DEPQAL_TCu,0.000000000000e+00
2034,0,SCRQAL_TCu,0.000000000000e+00
2034,1,QUAL_TCu,2.596790251812e+03
2034,1,QUBP_TCu,0.000000000000e+00
2034,0,DRAT_IGQL_TPb,6.835403633311e+02
2034,0,DRAT_OGQL_TPb,6.822908556839e+02
2034,-1,USQUAL_TPb,6.631775511917e+02
2034,-2,LUQUAL_TPb,2.036281213948e+01
2034,-1,USQUBP_TPb,0.000000000000e+00
2034,-2,LUQUBP_TPb,0.000000000000e+00
2034,-5,IRWDQUAL_TPb,0.000000000000e+00
2034,-7,INFILTQUAL_TPb,0.000000000000e+00
2034,-8,INFILTQUALTARGET_TPb,0.000000000000e+00
2034,0,ADTOT_TPb,0.000000000000e+00
2034,0,IQUAL_TPb,6.835403633311e+02
2034,0,ADQAL_TPb,0.000000000000e+00
2034,0,DSQAL_TPb,0.000000000000e+00
2034,0,DEPQAL_TPb,0.000000000000e+00
2034,0,SCRQAL_TPb,0.000000000000e+00
2034,1,QUAL_TPb,6.822908556839e+02
2034,1,QUBP_TPb,0.000000000000e+00
2034,0,DRAT_IGQL_TZn,1.141860179485e+04
2034,0,DRAT_OGQL_TZn,1.139789213444e+04
2034,-1,USQUAL_TZn,1.107648136632e+04
2034,-2,LUQUAL_TZn,3.421204285289e+02
2034,-1,USQUBP_TZn,0.000000000000e+00
2034,-2,LUQUBP_TZn,0.000000000000e+00
2034,-5,IRWDQUAL_TZn,0.000000000000e+00
2034,-7,INFILTQUAL_TZn,0.000000000000e+00
2034,-8,INFILTQUALTARGET_TZn,0.000000000000e+00
2034,0,ADTOT_TZn,0.000000000000e+00
2034,0,IQUAL_TZn,1.141860179485e+04
2034,0,ADQAL_TZn,0.000000000000e+00
2034,0,DSQAL_TZn,0.000000000000e+00
2034,0,DEPQAL_TZn,0.000000000000e+00
2034,0,SCRQAL_TZn,0.000000000000e+00
2034,1,QUAL_TZn,1.139789213444e+04
2034,1,QUBP_TZn,0.000000000000e+00
