subbasin,deluid,parmname,value1
1077,1000,AREA,0.000000000000e+00
1077,1000,PREC,0.000000000000e+00
1077,1000,SURO,0.000000000000e+00
1077,1000,IFWO,0.000000000000e+00
1077,1000,AGWO,0.000000000000e+00
1077,1000,PERO,0.000000000000e+00
1077,1000,TAET,0.000000000000e+00
1077,1000,SEDLOAD,0.000000000000e+00
1077,1000,SEDWSSD, 0.00000e+00
1077,1000,SEDSCRS, 0.00000e+00
1077,1000,SEDSURO, 0.00000e+00
1077,1000,SEDIFWO, 0.00000e+00
1077,1000,SEDAGWO, 0.00000e+00
1077,1000,SO_TN,0.000000000000e+00
1077,1000,IO_TN,0.000000000000e+00
1077,1000,AO_TN,0.000000000000e+00
1077,1000,PO_TN,0.000000000000e+00
1077,1000,SO_TP,0.000000000000e+00
1077,1000,IO_TP,0.000000000000e+00
1077,1000,AO_TP,0.000000000000e+00
1077,1000,PO_TP,0.000000000000e+00
1077,1000,SED_TP,0.000000000000e+00
1077,1000,SEDWSSD_TP,0.000000000000e+00
1077,1000,SEDSCRS_TP,0.000000000000e+00
1077,1000,SO_TCd,0.000000000000e+00
1077,1000,IO_TCd,0.000000000000e+00
1077,1000,AO_TCd,0.000000000000e+00
1077,1000,PO_TCd,0.000000000000e+00
1077,1000,SED_TCd,0.000000000000e+00
1077,1000,SEDWSSD_TCd,0.000000000000e+00
1077,1000,SEDSCRS_TCd,0.000000000000e+00
1077,1000,SO_TCu,0.000000000000e+00
1077,1000,IO_TCu,0.000000000000e+00
1077,1000,AO_TCu,0.000000000000e+00
1077,1000,PO_TCu,0.000000000000e+00
1077,1000,SED_TCu,0.000000000000e+00
1077,1000,SEDWSSD_TCu,0.000000000000e+00
1077,1000,SEDSCRS_TCu,0.000000000000e+00
1077,1000,SO_TPb,0.000000000000e+00
1077,1000,IO_TPb,0.000000000000e+00
1077,1000,AO_TPb,0.000000000000e+00
1077,1000,PO_TPb,0.000000000000e+00
1077,1000,SED_TPb,0.000000000000e+00
1077,1000,SEDWSSD_TPb,0.000000000000e+00
1077,1000,SEDSCRS_TPb,0.000000000000e+00
1077,1000,SO_TZn,0.000000000000e+00
1077,1000,IO_TZn,0.000000000000e+00
1077,1000,AO_TZn,0.000000000000e+00
1077,1000,PO_TZn,0.000000000000e+00
1077,1000,SED_TZn,0.000000000000e+00
1077,1000,SEDWSSD_TZn,0.000000000000e+00
1077,1000,SEDSCRS_TZn,0.000000000000e+00
1077,2000,AREA,2.090328299999e+01
1077,2000,PREC,1.959121946110e+02
1077,2000,SURO,1.788004365306e+02
1077,2000,IFWO,0.000000000000e+00
1077,2000,AGWO,0.000000000000e+00
1077,2000,PERO,1.788004365306e+02
1077,2000,TAET,1.711175808043e+01
1077,2000,SEDLOAD,4.304618551059e+00
1077,2000,SEDWSSD, 4.30462e+00
1077,2000,SEDSCRS, 0.00000e+00
1077,2000,SEDSURO, 0.00000e+00
1077,2000,SEDIFWO, 0.00000e+00
1077,2000,SEDAGWO, 0.00000e+00
1077,2000,SO_TN,6.673548123442e+00
1077,2000,IO_TN,0.000000000000e+00
1077,2000,AO_TN,0.000000000000e+00
1077,2000,PO_TN,6.673548123442e+00
1077,2000,SO_TP,1.920936028410e+01
1077,2000,IO_TP,0.000000000000e+00
1077,2000,AO_TP,0.000000000000e+00
1077,2000,PO_TP,1.920936028410e+01
1077,2000,SED_TP,1.920936028410e+01
1077,2000,SEDWSSD_TP,1.920936028410e+01
1077,2000,SEDSCRS_TP,0.000000000000e+00
1077,2000,SO_TCd,6.456927826588e-02
1077,2000,IO_TCd,0.000000000000e+00
1077,2000,AO_TCd,0.000000000000e+00
1077,2000,PO_TCd,6.456927826588e-02
1077,2000,SED_TCd,6.456927826588e-02
1077,2000,SEDWSSD_TCd,6.456927826588e-02
1077,2000,SEDSCRS_TCd,0.000000000000e+00
1077,2000,SO_TCu,6.456927826588e+00
1077,2000,IO_TCu,0.000000000000e+00
1077,2000,AO_TCu,0.000000000000e+00
1077,2000,PO_TCu,6.456927826588e+00
1077,2000,SED_TCu,6.456927826588e+00
1077,2000,SEDWSSD_TCu,6.456927826588e+00
1077,2000,SEDSCRS_TCu,0.000000000000e+00
1077,2000,SO_TPb,3.420626445659e+00
1077,2000,IO_TPb,0.000000000000e+00
1077,2000,AO_TPb,0.000000000000e+00
1077,2000,PO_TPb,3.420626445659e+00
1077,2000,SED_TPb,1.394696410543e+00
1077,2000,SEDWSSD_TPb,1.394696410543e+00
1077,2000,SEDSCRS_TPb,0.000000000000e+00
1077,2000,SO_TZn,2.975352342492e+01
1077,2000,IO_TZn,0.000000000000e+00
1077,2000,AO_TZn,0.000000000000e+00
1077,2000,PO_TZn,2.975352342492e+01
1077,2000,SED_TZn,2.975352342492e+01
1077,2000,SEDWSSD_TZn,2.975352342492e+01
1077,2000,SEDSCRS_TZn,0.000000000000e+00
1077,3000,AREA,4.095664200000e+01
1077,3000,PREC,3.838586320683e+02
1077,3000,SURO,3.503308771367e+02
1077,3000,IFWO,0.000000000000e+00
1077,3000,AGWO,0.000000000000e+00
1077,3000,PERO,3.503308771367e+02
1077,3000,TAET,3.352775493164e+01
1077,3000,SEDLOAD,6.421425326268e+00
1077,3000,SEDWSSD, 6.42143e+00
1077,3000,SEDSCRS, 0.00000e+00
1077,3000,SEDSURO, 0.00000e+00
1077,3000,SEDIFWO, 0.00000e+00
1077,3000,SEDAGWO, 0.00000e+00
1077,3000,SO_TN,1.307575089337e+01
1077,3000,IO_TN,0.000000000000e+00
1077,3000,AO_TN,0.000000000000e+00
1077,3000,PO_TN,1.307575089337e+01
1077,3000,SO_TP,2.865561051847e+01
1077,3000,IO_TP,0.000000000000e+00
1077,3000,AO_TP,0.000000000000e+00
1077,3000,PO_TP,2.865561051847e+01
1077,3000,SED_TP,2.865561051847e+01
1077,3000,SEDWSSD_TP,2.865561051847e+01
1077,3000,SEDSCRS_TP,0.000000000000e+00
1077,3000,SO_TCd,7.705710391521e-02
1077,3000,IO_TCd,0.000000000000e+00
1077,3000,AO_TCd,0.000000000000e+00
1077,3000,PO_TCd,7.705710391521e-02
1077,3000,SED_TCd,7.705710391521e-02
1077,3000,SEDWSSD_TCd,7.705710391521e-02
1077,3000,SEDSCRS_TCd,0.000000000000e+00
1077,3000,SO_TCu,7.705710391521e+00
1077,3000,IO_TCu,0.000000000000e+00
1077,3000,AO_TCu,0.000000000000e+00
1077,3000,PO_TCu,7.705710391521e+00
1077,3000,SED_TCu,7.705710391521e+00
1077,3000,SEDWSSD_TCu,7.705710391521e+00
1077,3000,SEDSCRS_TCu,0.000000000000e+00
1077,3000,SO_TPb,4.663000028176e+00
1077,3000,IO_TPb,0.000000000000e+00
1077,3000,AO_TPb,0.000000000000e+00
1077,3000,PO_TPb,4.663000028176e+00
1077,3000,SED_TPb,6.935139352369e-01
1077,3000,SEDWSSD_TPb,6.935139352369e-01
1077,3000,SEDSCRS_TPb,0.000000000000e+00
1077,3000,SO_TZn,3.328866889137e+01
1077,3000,IO_TZn,0.000000000000e+00
1077,3000,AO_TZn,0.000000000000e+00
1077,3000,PO_TZn,3.328866889137e+01
1077,3000,SED_TZn,3.328866889137e+01
1077,3000,SEDWSSD_TZn,3.328866889137e+01
1077,3000,SEDSCRS_TZn,0.000000000000e+00
1077,4000,AREA,3.458206199995e+01
1077,4000,PREC,3.241140475682e+02
1077,4000,SURO,2.958046246480e+02
1077,4000,IFWO,0.000000000000e+00
1077,4000,AGWO,0.000000000000e+00
1077,4000,PERO,2.958046246480e+02
1077,4000,TAET,2.830942292014e+01
1077,4000,SEDLOAD,7.121493098432e+00
1077,4000,SEDWSSD, 7.12149e+00
1077,4000,SEDSCRS, 0.00000e+00
1077,4000,SEDSURO, 0.00000e+00
1077,4000,SEDIFWO, 0.00000e+00
1077,4000,SEDAGWO, 0.00000e+00
1077,4000,SO_TN,2.253532133411e+02
1077,4000,IO_TN,0.000000000000e+00
1077,4000,AO_TN,0.000000000000e+00
1077,4000,PO_TN,2.253532133411e+02
1077,4000,SO_TP,5.234297427348e+01
1077,4000,IO_TP,0.000000000000e+00
1077,4000,AO_TP,0.000000000000e+00
1077,4000,PO_TP,5.234297427348e+01
1077,4000,SED_TP,5.234297427348e+01
1077,4000,SEDWSSD_TP,5.234297427348e+01
1077,4000,SEDSCRS_TP,0.000000000000e+00
1077,4000,SO_TCd,1.068223964765e-01
1077,4000,IO_TCd,0.000000000000e+00
1077,4000,AO_TCd,0.000000000000e+00
1077,4000,PO_TCd,1.068223964765e-01
1077,4000,SED_TCd,1.068223964765e-01
1077,4000,SEDWSSD_TCd,1.068223964765e-01
1077,4000,SEDSCRS_TCd,0.000000000000e+00
1077,4000,SO_TCu,1.068223964765e+01
1077,4000,IO_TCu,0.000000000000e+00
1077,4000,AO_TCu,0.000000000000e+00
1077,4000,PO_TCu,1.068223964765e+01
1077,4000,SED_TCu,1.068223964765e+01
1077,4000,SEDWSSD_TCu,1.068223964765e+01
1077,4000,SEDSCRS_TCu,0.000000000000e+00
1077,4000,SO_TPb,6.428151743890e+00
1077,4000,IO_TPb,0.000000000000e+00
1077,4000,AO_TPb,0.000000000000e+00
1077,4000,PO_TPb,6.428151743890e+00
1077,4000,SED_TPb,3.076485018523e+00
1077,4000,SEDWSSD_TPb,3.076485018523e+00
1077,4000,SEDSCRS_TPb,0.000000000000e+00
1077,4000,SO_TZn,3.204671894294e+01
1077,4000,IO_TZn,0.000000000000e+00
1077,4000,AO_TZn,0.000000000000e+00
1077,4000,PO_TZn,3.204671894294e+01
1077,4000,SED_TZn,3.204671894294e+01
1077,4000,SEDWSSD_TZn,3.204671894294e+01
1077,4000,SEDSCRS_TZn,0.000000000000e+00
1077,5000,AREA,1.174394370001e+02
1077,5000,PREC,1.100679631833e+03
1077,5000,SURO,1.004541851225e+03
1077,5000,IFWO,0.000000000000e+00
1077,5000,AGWO,0.000000000000e+00
1077,5000,PERO,1.004541851225e+03
1077,5000,TAET,9.613778060823e+01
1077,5000,SEDLOAD,1.489350691418e+01
1077,5000,SEDWSSD, 1.48935e+01
1077,5000,SEDSCRS, 0.00000e+00
1077,5000,SEDSURO, 0.00000e+00
1077,5000,SEDIFWO, 0.00000e+00
1077,5000,SEDAGWO, 0.00000e+00
1077,5000,SO_TN,8.590955331389e+02
1077,5000,IO_TN,0.000000000000e+00
1077,5000,AO_TN,0.000000000000e+00
1077,5000,PO_TN,8.590955331389e+02
1077,5000,SO_TP,1.016481846893e+02
1077,5000,IO_TP,0.000000000000e+00
1077,5000,AO_TP,0.000000000000e+00
1077,5000,PO_TP,1.016481846893e+02
1077,5000,SED_TP,1.016481846893e+02
1077,5000,SEDWSSD_TP,1.016481846893e+02
1077,5000,SEDSCRS_TP,0.000000000000e+00
1077,5000,SO_TCd,1.117013018564e-01
1077,5000,IO_TCd,0.000000000000e+00
1077,5000,AO_TCd,0.000000000000e+00
1077,5000,PO_TCd,1.117013018564e-01
1077,5000,SED_TCd,1.117013018564e-01
1077,5000,SEDWSSD_TCd,1.117013018564e-01
1077,5000,SEDSCRS_TCd,0.000000000000e+00
1077,5000,SO_TCu,1.117013018564e+01
1077,5000,IO_TCu,0.000000000000e+00
1077,5000,AO_TCu,0.000000000000e+00
1077,5000,PO_TCu,1.117013018564e+01
1077,5000,SED_TCu,1.117013018564e+01
1077,5000,SEDWSSD_TCu,1.117013018564e+01
1077,5000,SEDSCRS_TCu,0.000000000000e+00
1077,5000,SO_TPb,1.701188509497e+01
1077,5000,IO_TPb,0.000000000000e+00
1077,5000,AO_TPb,0.000000000000e+00
1077,5000,PO_TPb,1.701188509497e+01
1077,5000,SED_TPb,5.629745613561e+00
1077,5000,SEDWSSD_TPb,5.629745613561e+00
1077,5000,SEDSCRS_TPb,0.000000000000e+00
1077,5000,SO_TZn,4.021246866829e+01
1077,5000,IO_TZn,0.000000000000e+00
1077,5000,AO_TZn,0.000000000000e+00
1077,5000,PO_TZn,4.021246866829e+01
1077,5000,SED_TZn,4.021246866829e+01
1077,5000,SEDWSSD_TZn,4.021246866829e+01
1077,5000,SEDSCRS_TZn,0.000000000000e+00
1077,6000,AREA,8.519270000009e+00
1077,6000,PREC,7.984529904626e+01
1077,6000,SURO,7.287128987928e+01
1077,6000,IFWO,0.000000000000e+00
1077,6000,AGWO,0.000000000000e+00
1077,6000,PERO,7.287128987928e+01
1077,6000,TAET,6.974009166974e+00
1077,6000,SEDLOAD,1.754375505679e+00
1077,6000,SEDWSSD, 1.75438e+00
1077,6000,SEDSCRS, 0.00000e+00
1077,6000,SEDSURO, 0.00000e+00
1077,6000,SEDIFWO, 0.00000e+00
1077,6000,SEDAGWO, 0.00000e+00
1077,6000,SO_TN,4.736458321034e+01
1077,6000,IO_TN,0.000000000000e+00
1077,6000,AO_TN,0.000000000000e+00
1077,6000,PO_TN,4.736458321034e+01
1077,6000,SO_TP,1.381570710722e+01
1077,6000,IO_TP,0.000000000000e+00
1077,6000,AO_TP,0.000000000000e+00
1077,6000,PO_TP,1.381570710722e+01
1077,6000,SED_TP,1.381570710722e+01
1077,6000,SEDWSSD_TP,1.381570710722e+01
1077,6000,SEDSCRS_TP,0.000000000000e+00
1077,6000,SO_TCd,3.508751011358e-02
1077,6000,IO_TCd,0.000000000000e+00
1077,6000,AO_TCd,0.000000000000e+00
1077,6000,PO_TCd,3.508751011358e-02
1077,6000,SED_TCd,3.508751011358e-02
1077,6000,SEDWSSD_TCd,3.508751011358e-02
1077,6000,SEDSCRS_TCd,0.000000000000e+00
1077,6000,SO_TCu,3.508751011358e+00
1077,6000,IO_TCu,0.000000000000e+00
1077,6000,AO_TCu,0.000000000000e+00
1077,6000,PO_TCu,3.508751011358e+00
1077,6000,SED_TCu,3.508751011358e+00
1077,6000,SEDWSSD_TCu,3.508751011358e+00
1077,6000,SEDSCRS_TCu,0.000000000000e+00
1077,6000,SO_TPb,1.735149327183e+00
1077,6000,IO_TPb,0.000000000000e+00
1077,6000,AO_TPb,0.000000000000e+00
1077,6000,PO_TPb,1.735149327183e+00
1077,6000,SED_TPb,9.094682621441e-01
1077,6000,SEDWSSD_TPb,9.094682621441e-01
1077,6000,SEDSCRS_TPb,0.000000000000e+00
1077,6000,SO_TZn,1.010520291271e+01
1077,6000,IO_TZn,0.000000000000e+00
1077,6000,AO_TZn,0.000000000000e+00
1077,6000,PO_TZn,1.010520291271e+01
1077,6000,SED_TZn,1.010520291271e+01
1077,6000,SEDWSSD_TZn,1.010520291271e+01
1077,6000,SEDSCRS_TZn,0.000000000000e+00
1077,7000,AREA,2.168299999999e-02
1077,7000,PREC,2.032199495051e-01
1077,7000,SURO,1.854699027560e-01
1077,7000,IFWO,0.000000000000e+00
1077,7000,AGWO,0.000000000000e+00
1077,7000,PERO,1.854699027560e-01
1077,7000,TAET,1.775004674902e-02
1077,7000,SEDLOAD,5.263078407938e-03
1077,7000,SEDWSSD, 5.26308e-03
1077,7000,SEDSCRS, 0.00000e+00
1077,7000,SEDSURO, 0.00000e+00
1077,7000,SEDIFWO, 0.00000e+00
1077,7000,SEDAGWO, 0.00000e+00
1077,7000,SO_TN,1.025523284273e-01
1077,7000,IO_TN,0.000000000000e+00
1077,7000,AO_TN,0.000000000000e+00
1077,7000,PO_TN,1.025523284273e-01
1077,7000,SO_TP,3.868362629835e-02
1077,7000,IO_TP,0.000000000000e+00
1077,7000,AO_TP,0.000000000000e+00
1077,7000,PO_TP,3.868362629835e-02
1077,7000,SED_TP,3.868362629835e-02
1077,7000,SEDWSSD_TP,3.868362629835e-02
1077,7000,SEDSCRS_TP,0.000000000000e+00
1077,7000,SO_TCd,1.315769601985e-04
1077,7000,IO_TCd,0.000000000000e+00
1077,7000,AO_TCd,0.000000000000e+00
1077,7000,PO_TCd,1.315769601985e-04
1077,7000,SED_TCd,1.315769601985e-04
1077,7000,SEDWSSD_TCd,1.315769601985e-04
1077,7000,SEDSCRS_TCd,0.000000000000e+00
1077,7000,SO_TCu,1.315769601985e-02
1077,7000,IO_TCu,0.000000000000e+00
1077,7000,AO_TCu,0.000000000000e+00
1077,7000,PO_TCu,1.315769601985e-02
1077,7000,SED_TCu,1.315769601985e-02
1077,7000,SEDWSSD_TCu,1.315769601985e-02
1077,7000,SEDSCRS_TCu,0.000000000000e+00
1077,7000,SO_TPb,5.739339399787e-03
1077,7000,IO_TPb,0.000000000000e+00
1077,7000,AO_TPb,0.000000000000e+00
1077,7000,PO_TPb,5.739339399787e-03
1077,7000,SED_TPb,3.637839795567e-03
1077,7000,SEDWSSD_TPb,3.637839795567e-03
1077,7000,SEDSCRS_TPb,0.000000000000e+00
1077,7000,SO_TZn,6.063066325945e-02
1077,7000,IO_TZn,0.000000000000e+00
1077,7000,AO_TZn,0.000000000000e+00
1077,7000,PO_TZn,6.063066325945e-02
1077,7000,SED_TZn,6.063066325945e-02
1077,7000,SEDWSSD_TZn,6.063066325945e-02
1077,7000,SEDSCRS_TZn,0.000000000000e+00
1077,8000,AREA,1.595074900000e+01
1077,8000,PREC,1.494954760111e+02
1077,8000,SURO,1.364379405948e+02
1077,8000,IFWO,0.000000000000e+00
1077,8000,AGWO,0.000000000000e+00
1077,8000,PERO,1.364379405948e+02
1077,8000,TAET,1.305753541631e+01
1077,8000,SEDLOAD,2.920671168424e+00
1077,8000,SEDWSSD, 2.92067e+00
1077,8000,SEDSCRS, 0.00000e+00
1077,8000,SEDSURO, 0.00000e+00
1077,8000,SEDIFWO, 0.00000e+00
1077,8000,SEDAGWO, 0.00000e+00
1077,8000,SO_TN,4.632618235412e+01
1077,8000,IO_TN,0.000000000000e+00
1077,8000,AO_TN,0.000000000000e+00
1077,8000,PO_TN,4.632618235412e+01
1077,8000,SO_TP,3.066704726845e+00
1077,8000,IO_TP,0.000000000000e+00
1077,8000,AO_TP,0.000000000000e+00
1077,8000,PO_TP,3.066704726845e+00
1077,8000,SED_TP,3.066704726845e+00
1077,8000,SEDWSSD_TP,3.066704726845e+00
1077,8000,SEDSCRS_TP,0.000000000000e+00
1077,8000,SO_TCd,3.285755064476e-02
1077,8000,IO_TCd,0.000000000000e+00
1077,8000,AO_TCd,0.000000000000e+00
1077,8000,PO_TCd,3.285755064476e-02
1077,8000,SED_TCd,3.285755064476e-02
1077,8000,SEDWSSD_TCd,3.285755064476e-02
1077,8000,SEDSCRS_TCd,0.000000000000e+00
1077,8000,SO_TCu,3.285755064476e+00
1077,8000,IO_TCu,0.000000000000e+00
1077,8000,AO_TCu,0.000000000000e+00
1077,8000,PO_TCu,3.285755064476e+00
1077,8000,SED_TCu,3.285755064476e+00
1077,8000,SEDWSSD_TCu,3.285755064476e+00
1077,8000,SEDSCRS_TCu,0.000000000000e+00
1077,8000,SO_TPb,2.334515482436e+00
1077,8000,IO_TPb,0.000000000000e+00
1077,8000,AO_TPb,0.000000000000e+00
1077,8000,PO_TPb,2.334515482436e+00
1077,8000,SED_TPb,7.885812154744e-01
1077,8000,SEDWSSD_TPb,7.885812154744e-01
1077,8000,SEDSCRS_TPb,0.000000000000e+00
1077,8000,SO_TZn,1.261729944759e+01
1077,8000,IO_TZn,0.000000000000e+00
1077,8000,AO_TZn,0.000000000000e+00
1077,8000,PO_TZn,1.261729944759e+01
1077,8000,SED_TZn,1.261729944759e+01
1077,8000,SEDWSSD_TZn,1.261729944759e+01
1077,8000,SEDSCRS_TZn,0.000000000000e+00
1077,9000,AREA,1.356498520001e+02
1077,9000,PREC,1.271353413910e+03
1077,9000,SURO,1.201485395817e+03
1077,9000,IFWO,0.000000000000e+00
1077,9000,AGWO,0.000000000000e+00
1077,9000,PERO,1.201485395817e+03
1077,9000,TAET,6.986801809304e+01
1077,9000,SEDLOAD,3.246225521553e+00
1077,9000,SEDWSSD, 3.24623e+00
1077,9000,SEDSCRS, 0.00000e+00
1077,9000,SEDSURO, 0.00000e+00
1077,9000,SEDIFWO, 0.00000e+00
1077,9000,SEDAGWO, 0.00000e+00
1077,9000,SO_TN,4.067933499305e+02
1077,9000,IO_TN,0.000000000000e+00
1077,9000,AO_TN,0.000000000000e+00
1077,9000,PO_TN,4.067933499305e+02
1077,9000,SO_TP,3.408536797630e+00
1077,9000,IO_TP,0.000000000000e+00
1077,9000,AO_TP,0.000000000000e+00
1077,9000,PO_TP,3.408536797630e+00
1077,9000,SED_TP,3.408536797630e+00
1077,9000,SEDWSSD_TP,3.408536797630e+00
1077,9000,SEDSCRS_TP,0.000000000000e+00
1077,9000,SO_TCd,1.217334570582e-02
1077,9000,IO_TCd,0.000000000000e+00
1077,9000,AO_TCd,0.000000000000e+00
1077,9000,PO_TCd,1.217334570582e-02
1077,9000,SED_TCd,1.217334570582e-02
1077,9000,SEDWSSD_TCd,1.217334570582e-02
1077,9000,SEDSCRS_TCd,0.000000000000e+00
1077,9000,SO_TCu,1.217334570582e+00
1077,9000,IO_TCu,0.000000000000e+00
1077,9000,AO_TCu,0.000000000000e+00
1077,9000,PO_TCu,1.217334570582e+00
1077,9000,SED_TCu,1.217334570582e+00
1077,9000,SEDWSSD_TCu,1.217334570582e+00
1077,9000,SEDSCRS_TCu,0.000000000000e+00
1077,9000,SO_TPb,2.921602969397e-01
1077,9000,IO_TPb,0.000000000000e+00
1077,9000,AO_TPb,0.000000000000e+00
1077,9000,PO_TPb,2.921602969397e-01
1077,9000,SED_TPb,2.921602969397e-01
1077,9000,SEDWSSD_TPb,2.921602969397e-01
1077,9000,SEDSCRS_TPb,0.000000000000e+00
1077,9000,SO_TZn,1.752961781638e+01
1077,9000,IO_TZn,0.000000000000e+00
1077,9000,AO_TZn,0.000000000000e+00
1077,9000,PO_TZn,1.752961781638e+01
1077,9000,SED_TZn,1.752961781638e+01
1077,9000,SEDWSSD_TZn,1.752961781638e+01
1077,9000,SEDSCRS_TZn,0.000000000000e+00
1077,10000,AREA,4.859394000010e+00
1077,10000,PREC,4.554378099457e+01
1077,10000,SURO,1.369452831502e+02
1077,10000,IFWO,0.000000000000e+00
1077,10000,AGWO,0.000000000000e+00
1077,10000,PERO,1.369452831502e+02
1077,10000,TAET,5.065281021797e+01
1077,10000,SEDLOAD,2.327521224422e+00
1077,10000,SEDWSSD, 0.00000e+00
1077,10000,SEDSCRS, 0.00000e+00
1077,10000,SEDSURO, 2.32752e+00
1077,10000,SEDIFWO, 0.00000e+00
1077,10000,SEDAGWO, 0.00000e+00
1077,10000,SO_TN,1.241346241362e+02
1077,10000,IO_TN,0.000000000000e+00
1077,10000,AO_TN,0.000000000000e+00
1077,10000,PO_TN,1.241346241362e+02
1077,10000,SO_TP,1.241346241362e+01
1077,10000,IO_TP,0.000000000000e+00
1077,10000,AO_TP,0.000000000000e+00
1077,10000,PO_TP,1.241346241362e+01
1077,10000,SED_TP,0.000000000000e+00
1077,10000,SEDWSSD_TP,0.000000000000e+00
1077,10000,SEDSCRS_TP,0.000000000000e+00
1077,10000,SO_TCd,3.103365603404e-03
1077,10000,IO_TCd,0.000000000000e+00
1077,10000,AO_TCd,0.000000000000e+00
1077,10000,PO_TCd,3.103365603404e-03
1077,10000,SED_TCd,0.000000000000e+00
1077,10000,SEDWSSD_TCd,0.000000000000e+00
1077,10000,SEDSCRS_TCd,0.000000000000e+00
1077,10000,SO_TCu,7.758414008511e-01
1077,10000,IO_TCu,0.000000000000e+00
1077,10000,AO_TCu,0.000000000000e+00
1077,10000,PO_TCu,7.758414008511e-01
1077,10000,SED_TCu,0.000000000000e+00
1077,10000,SEDWSSD_TCu,0.000000000000e+00
1077,10000,SEDSCRS_TCu,0.000000000000e+00
1077,10000,SO_TPb,1.241346241362e-01
1077,10000,IO_TPb,0.000000000000e+00
1077,10000,AO_TPb,0.000000000000e+00
1077,10000,PO_TPb,1.241346241362e-01
1077,10000,SED_TPb,0.000000000000e+00
1077,10000,SEDWSSD_TPb,0.000000000000e+00
1077,10000,SEDSCRS_TPb,0.000000000000e+00
1077,10000,SO_TZn,2.482692482724e+00
1077,10000,IO_TZn,0.000000000000e+00
1077,10000,AO_TZn,0.000000000000e+00
1077,10000,PO_TZn,2.482692482724e+00
1077,10000,SED_TZn,0.000000000000e+00
1077,10000,SEDWSSD_TZn,0.000000000000e+00
1077,10000,SEDSCRS_TZn,0.000000000000e+00
1077,11111,AREA,0.000000000000e+00
1077,11111,PREC,0.000000000000e+00
1077,11111,SURO,0.000000000000e+00
1077,11111,IFWO,0.000000000000e+00
1077,11111,AGWO,0.000000000000e+00
1077,11111,PERO,0.000000000000e+00
1077,11111,TAET,0.000000000000e+00
1077,11111,SEDLOAD,0.000000000000e+00
1077,11111,SEDWSSD, 0.00000e+00
1077,11111,SEDSCRS, 0.00000e+00
1077,11111,SEDSURO, 0.00000e+00
1077,11111,SEDIFWO, 0.00000e+00
1077,11111,SEDAGWO, 0.00000e+00
1077,11111,SO_TN,0.000000000000e+00
1077,11111,IO_TN,0.000000000000e+00
1077,11111,AO_TN,0.000000000000e+00
1077,11111,PO_TN,0.000000000000e+00
1077,11111,SO_TP,0.000000000000e+00
1077,11111,IO_TP,0.000000000000e+00
1077,11111,AO_TP,0.000000000000e+00
1077,11111,PO_TP,0.000000000000e+00
1077,11111,SED_TP,0.000000000000e+00
1077,11111,SEDWSSD_TP,0.000000000000e+00
1077,11111,SEDSCRS_TP,0.000000000000e+00
1077,11111,SO_TCd,0.000000000000e+00
1077,11111,IO_TCd,0.000000000000e+00
1077,11111,AO_TCd,0.000000000000e+00
1077,11111,PO_TCd,0.000000000000e+00
1077,11111,SED_TCd,0.000000000000e+00
1077,11111,SEDWSSD_TCd,0.000000000000e+00
1077,11111,SEDSCRS_TCd,0.000000000000e+00
1077,11111,SO_TCu,0.000000000000e+00
1077,11111,IO_TCu,0.000000000000e+00
1077,11111,AO_TCu,0.000000000000e+00
1077,11111,PO_TCu,0.000000000000e+00
1077,11111,SED_TCu,0.000000000000e+00
1077,11111,SEDWSSD_TCu,0.000000000000e+00
1077,11111,SEDSCRS_TCu,0.000000000000e+00
1077,11111,SO_TPb,0.000000000000e+00
1077,11111,IO_TPb,0.000000000000e+00
1077,11111,AO_TPb,0.000000000000e+00
1077,11111,PO_TPb,0.000000000000e+00
1077,11111,SED_TPb,0.000000000000e+00
1077,11111,SEDWSSD_TPb,0.000000000000e+00
1077,11111,SEDSCRS_TPb,0.000000000000e+00
1077,11111,SO_TZn,0.000000000000e+00
1077,11111,IO_TZn,0.000000000000e+00
1077,11111,AO_TZn,0.000000000000e+00
1077,11111,PO_TZn,0.000000000000e+00
1077,11111,SED_TZn,0.000000000000e+00
1077,11111,SEDWSSD_TZn,0.000000000000e+00
1077,11111,SEDSCRS_TZn,0.000000000000e+00
1077,11112,AREA,0.000000000000e+00
1077,11112,PREC,0.000000000000e+00
1077,11112,SURO,0.000000000000e+00
1077,11112,IFWO,0.000000000000e+00
1077,11112,AGWO,0.000000000000e+00
1077,11112,PERO,0.000000000000e+00
1077,11112,TAET,0.000000000000e+00
1077,11112,SEDLOAD,0.000000000000e+00
1077,11112,SEDWSSD, 0.00000e+00
1077,11112,SEDSCRS, 0.00000e+00
1077,11112,SEDSURO, 0.00000e+00
1077,11112,SEDIFWO, 0.00000e+00
1077,11112,SEDAGWO, 0.00000e+00
1077,11112,SO_TN,0.000000000000e+00
1077,11112,IO_TN,0.000000000000e+00
1077,11112,AO_TN,0.000000000000e+00
1077,11112,PO_TN,0.000000000000e+00
1077,11112,SO_TP,0.000000000000e+00
1077,11112,IO_TP,0.000000000000e+00
1077,11112,AO_TP,0.000000000000e+00
1077,11112,PO_TP,0.000000000000e+00
1077,11112,SED_TP,0.000000000000e+00
1077,11112,SEDWSSD_TP,0.000000000000e+00
1077,11112,SEDSCRS_TP,0.000000000000e+00
1077,11112,SO_TCd,0.000000000000e+00
1077,11112,IO_TCd,0.000000000000e+00
1077,11112,AO_TCd,0.000000000000e+00
1077,11112,PO_TCd,0.000000000000e+00
1077,11112,SED_TCd,0.000000000000e+00
1077,11112,SEDWSSD_TCd,0.000000000000e+00
1077,11112,SEDSCRS_TCd,0.000000000000e+00
1077,11112,SO_TCu,0.000000000000e+00
1077,11112,IO_TCu,0.000000000000e+00
1077,11112,AO_TCu,0.000000000000e+00
1077,11112,PO_TCu,0.000000000000e+00
1077,11112,SED_TCu,0.000000000000e+00
1077,11112,SEDWSSD_TCu,0.000000000000e+00
1077,11112,SEDSCRS_TCu,0.000000000000e+00
1077,11112,SO_TPb,0.000000000000e+00
1077,11112,IO_TPb,0.000000000000e+00
1077,11112,AO_TPb,0.000000000000e+00
1077,11112,PO_TPb,0.000000000000e+00
1077,11112,SED_TPb,0.000000000000e+00
1077,11112,SEDWSSD_TPb,0.000000000000e+00
1077,11112,SEDSCRS_TPb,0.000000000000e+00
1077,11112,SO_TZn,0.000000000000e+00
1077,11112,IO_TZn,0.000000000000e+00
1077,11112,AO_TZn,0.000000000000e+00
1077,11112,PO_TZn,0.000000000000e+00
1077,11112,SED_TZn,0.000000000000e+00
1077,11112,SEDWSSD_TZn,0.000000000000e+00
1077,11112,SEDSCRS_TZn,0.000000000000e+00
1077,11121,AREA,0.000000000000e+00
1077,11121,PREC,0.000000000000e+00
1077,11121,SURO,0.000000000000e+00
1077,11121,IFWO,0.000000000000e+00
1077,11121,AGWO,0.000000000000e+00
1077,11121,PERO,0.000000000000e+00
1077,11121,TAET,0.000000000000e+00
1077,11121,SEDLOAD,0.000000000000e+00
1077,11121,SEDWSSD, 0.00000e+00
1077,11121,SEDSCRS, 0.00000e+00
1077,11121,SEDSURO, 0.00000e+00
1077,11121,SEDIFWO, 0.00000e+00
1077,11121,SEDAGWO, 0.00000e+00
1077,11121,SO_TN,0.000000000000e+00
1077,11121,IO_TN,0.000000000000e+00
1077,11121,AO_TN,0.000000000000e+00
1077,11121,PO_TN,0.000000000000e+00
1077,11121,SO_TP,0.000000000000e+00
1077,11121,IO_TP,0.000000000000e+00
1077,11121,AO_TP,0.000000000000e+00
1077,11121,PO_TP,0.000000000000e+00
1077,11121,SED_TP,0.000000000000e+00
1077,11121,SEDWSSD_TP,0.000000000000e+00
1077,11121,SEDSCRS_TP,0.000000000000e+00
1077,11121,SO_TCd,0.000000000000e+00
1077,11121,IO_TCd,0.000000000000e+00
1077,11121,AO_TCd,0.000000000000e+00
1077,11121,PO_TCd,0.000000000000e+00
1077,11121,SED_TCd,0.000000000000e+00
1077,11121,SEDWSSD_TCd,0.000000000000e+00
1077,11121,SEDSCRS_TCd,0.000000000000e+00
1077,11121,SO_TCu,0.000000000000e+00
1077,11121,IO_TCu,0.000000000000e+00
1077,11121,AO_TCu,0.000000000000e+00
1077,11121,PO_TCu,0.000000000000e+00
1077,11121,SED_TCu,0.000000000000e+00
1077,11121,SEDWSSD_TCu,0.000000000000e+00
1077,11121,SEDSCRS_TCu,0.000000000000e+00
1077,11121,SO_TPb,0.000000000000e+00
1077,11121,IO_TPb,0.000000000000e+00
1077,11121,AO_TPb,0.000000000000e+00
1077,11121,PO_TPb,0.000000000000e+00
1077,11121,SED_TPb,0.000000000000e+00
1077,11121,SEDWSSD_TPb,0.000000000000e+00
1077,11121,SEDSCRS_TPb,0.000000000000e+00
1077,11121,SO_TZn,0.000000000000e+00
1077,11121,IO_TZn,0.000000000000e+00
1077,11121,AO_TZn,0.000000000000e+00
1077,11121,PO_TZn,0.000000000000e+00
1077,11121,SED_TZn,0.000000000000e+00
1077,11121,SEDWSSD_TZn,0.000000000000e+00
1077,11121,SEDSCRS_TZn,0.000000000000e+00
1077,11122,AREA,0.000000000000e+00
1077,11122,PREC,0.000000000000e+00
1077,11122,SURO,0.000000000000e+00
1077,11122,IFWO,0.000000000000e+00
1077,11122,AGWO,0.000000000000e+00
1077,11122,PERO,0.000000000000e+00
1077,11122,TAET,0.000000000000e+00
1077,11122,SEDLOAD,0.000000000000e+00
1077,11122,SEDWSSD, 0.00000e+00
1077,11122,SEDSCRS, 0.00000e+00
1077,11122,SEDSURO, 0.00000e+00
1077,11122,SEDIFWO, 0.00000e+00
1077,11122,SEDAGWO, 0.00000e+00
1077,11122,SO_TN,0.000000000000e+00
1077,11122,IO_TN,0.000000000000e+00
1077,11122,AO_TN,0.000000000000e+00
1077,11122,PO_TN,0.000000000000e+00
1077,11122,SO_TP,0.000000000000e+00
1077,11122,IO_TP,0.000000000000e+00
1077,11122,AO_TP,0.000000000000e+00
1077,11122,PO_TP,0.000000000000e+00
1077,11122,SED_TP,0.000000000000e+00
1077,11122,SEDWSSD_TP,0.000000000000e+00
1077,11122,SEDSCRS_TP,0.000000000000e+00
1077,11122,SO_TCd,0.000000000000e+00
1077,11122,IO_TCd,0.000000000000e+00
1077,11122,AO_TCd,0.000000000000e+00
1077,11122,PO_TCd,0.000000000000e+00
1077,11122,SED_TCd,0.000000000000e+00
1077,11122,SEDWSSD_TCd,0.000000000000e+00
1077,11122,SEDSCRS_TCd,0.000000000000e+00
1077,11122,SO_TCu,0.000000000000e+00
1077,11122,IO_TCu,0.000000000000e+00
1077,11122,AO_TCu,0.000000000000e+00
1077,11122,PO_TCu,0.000000000000e+00
1077,11122,SED_TCu,0.000000000000e+00
1077,11122,SEDWSSD_TCu,0.000000000000e+00
1077,11122,SEDSCRS_TCu,0.000000000000e+00
1077,11122,SO_TPb,0.000000000000e+00
1077,11122,IO_TPb,0.000000000000e+00
1077,11122,AO_TPb,0.000000000000e+00
1077,11122,PO_TPb,0.000000000000e+00
1077,11122,SED_TPb,0.000000000000e+00
1077,11122,SEDWSSD_TPb,0.000000000000e+00
1077,11122,SEDSCRS_TPb,0.000000000000e+00
1077,11122,SO_TZn,0.000000000000e+00
1077,11122,IO_TZn,0.000000000000e+00
1077,11122,AO_TZn,0.000000000000e+00
1077,11122,PO_TZn,0.000000000000e+00
1077,11122,SED_TZn,0.000000000000e+00
1077,11122,SEDWSSD_TZn,0.000000000000e+00
1077,11122,SEDSCRS_TZn,0.000000000000e+00
1077,11211,AREA,5.273873300004e+01
1077,11211,PREC,4.942841238399e+02
1077,11211,SURO,5.727752596680e+01
1077,11211,IFWO,6.822060985863e+01
1077,11211,AGWO,8.924067444553e+02
1077,11211,PERO,1.017904880281e+03
1077,11211,TAET,1.002913166300e+03
1077,11211,SEDLOAD,1.953676801909e+00
1077,11211,SEDWSSD, 1.84483e+00
1077,11211,SEDSCRS, 0.00000e+00
1077,11211,SEDSURO, 0.00000e+00
1077,11211,SEDIFWO, 7.72985e-03
1077,11211,SEDAGWO, 1.01116e-01
1077,11211,SO_TN,2.956770916116e+01
1077,11211,IO_TN,3.091942843280e+01
1077,11211,AO_TN,1.516735917048e+02
1077,11211,PO_TN,2.121607292987e+02
1077,11211,SO_TP,3.689662712538e+00
1077,11211,IO_TP,6.183885686560e+00
1077,11211,AO_TP,4.044629112128e+01
1077,11211,PO_TP,5.031983952037e+01
1077,11211,SED_TP,3.689662712538e+00
1077,11211,SEDWSSD_TP,3.689662712538e+00
1077,11211,SEDSCRS_TP,0.000000000000e+00
1077,11211,SO_TCd,9.224156781344e-03
1077,11211,IO_TCd,0.000000000000e+00
1077,11211,AO_TCd,0.000000000000e+00
1077,11211,PO_TCd,9.224156781344e-03
1077,11211,SED_TCd,9.224156781344e-03
1077,11211,SEDWSSD_TCd,9.224156781344e-03
1077,11211,SEDSCRS_TCd,0.000000000000e+00
1077,11211,SO_TCu,9.224156781344e-01
1077,11211,IO_TCu,0.000000000000e+00
1077,11211,AO_TCu,0.000000000000e+00
1077,11211,PO_TCu,9.224156781344e-01
1077,11211,SED_TCu,9.224156781344e-01
1077,11211,SEDWSSD_TCu,9.224156781344e-01
1077,11211,SEDSCRS_TCu,0.000000000000e+00
1077,11211,SO_TPb,1.844831356269e-02
1077,11211,IO_TPb,0.000000000000e+00
1077,11211,AO_TPb,0.000000000000e+00
1077,11211,PO_TPb,1.844831356269e-02
1077,11211,SED_TPb,1.844831356269e-02
1077,11211,SEDWSSD_TPb,1.844831356269e-02
1077,11211,SEDSCRS_TPb,0.000000000000e+00
1077,11211,SO_TZn,6.641392882568e+00
1077,11211,IO_TZn,0.000000000000e+00
1077,11211,AO_TZn,1.011157278032e+01
1077,11211,PO_TZn,1.675296566289e+01
1077,11211,SED_TZn,6.641392882568e+00
1077,11211,SEDWSSD_TZn,6.641392882568e+00
1077,11211,SEDSCRS_TZn,0.000000000000e+00
1077,11212,AREA,0.000000000000e+00
1077,11212,PREC,0.000000000000e+00
1077,11212,SURO,0.000000000000e+00
1077,11212,IFWO,0.000000000000e+00
1077,11212,AGWO,0.000000000000e+00
1077,11212,PERO,0.000000000000e+00
1077,11212,TAET,0.000000000000e+00
1077,11212,SEDLOAD,0.000000000000e+00
1077,11212,SEDWSSD, 0.00000e+00
1077,11212,SEDSCRS, 0.00000e+00
1077,11212,SEDSURO, 0.00000e+00
1077,11212,SEDIFWO, 0.00000e+00
1077,11212,SEDAGWO, 0.00000e+00
1077,11212,SO_TN,0.000000000000e+00
1077,11212,IO_TN,0.000000000000e+00
1077,11212,AO_TN,0.000000000000e+00
1077,11212,PO_TN,0.000000000000e+00
1077,11212,SO_TP,0.000000000000e+00
1077,11212,IO_TP,0.000000000000e+00
1077,11212,AO_TP,0.000000000000e+00
1077,11212,PO_TP,0.000000000000e+00
1077,11212,SED_TP,0.000000000000e+00
1077,11212,SEDWSSD_TP,0.000000000000e+00
1077,11212,SEDSCRS_TP,0.000000000000e+00
1077,11212,SO_TCd,0.000000000000e+00
1077,11212,IO_TCd,0.000000000000e+00
1077,11212,AO_TCd,0.000000000000e+00
1077,11212,PO_TCd,0.000000000000e+00
1077,11212,SED_TCd,0.000000000000e+00
1077,11212,SEDWSSD_TCd,0.000000000000e+00
1077,11212,SEDSCRS_TCd,0.000000000000e+00
1077,11212,SO_TCu,0.000000000000e+00
1077,11212,IO_TCu,0.000000000000e+00
1077,11212,AO_TCu,0.000000000000e+00
1077,11212,PO_TCu,0.000000000000e+00
1077,11212,SED_TCu,0.000000000000e+00
1077,11212,SEDWSSD_TCu,0.000000000000e+00
1077,11212,SEDSCRS_TCu,0.000000000000e+00
1077,11212,SO_TPb,0.000000000000e+00
1077,11212,IO_TPb,0.000000000000e+00
1077,11212,AO_TPb,0.000000000000e+00
1077,11212,PO_TPb,0.000000000000e+00
1077,11212,SED_TPb,0.000000000000e+00
1077,11212,SEDWSSD_TPb,0.000000000000e+00
1077,11212,SEDSCRS_TPb,0.000000000000e+00
1077,11212,SO_TZn,0.000000000000e+00
1077,11212,IO_TZn,0.000000000000e+00
1077,11212,AO_TZn,0.000000000000e+00
1077,11212,PO_TZn,0.000000000000e+00
1077,11212,SED_TZn,0.000000000000e+00
1077,11212,SEDWSSD_TZn,0.000000000000e+00
1077,11212,SEDSCRS_TZn,0.000000000000e+00
1077,11221,AREA,0.000000000000e+00
1077,11221,PREC,0.000000000000e+00
1077,11221,SURO,0.000000000000e+00
1077,11221,IFWO,0.000000000000e+00
1077,11221,AGWO,0.000000000000e+00
1077,11221,PERO,0.000000000000e+00
1077,11221,TAET,0.000000000000e+00
1077,11221,SEDLOAD,0.000000000000e+00
1077,11221,SEDWSSD, 0.00000e+00
1077,11221,SEDSCRS, 0.00000e+00
1077,11221,SEDSURO, 0.00000e+00
1077,11221,SEDIFWO, 0.00000e+00
1077,11221,SEDAGWO, 0.00000e+00
1077,11221,SO_TN,0.000000000000e+00
1077,11221,IO_TN,0.000000000000e+00
1077,11221,AO_TN,0.000000000000e+00
1077,11221,PO_TN,0.000000000000e+00
1077,11221,SO_TP,0.000000000000e+00
1077,11221,IO_TP,0.000000000000e+00
1077,11221,AO_TP,0.000000000000e+00
1077,11221,PO_TP,0.000000000000e+00
1077,11221,SED_TP,0.000000000000e+00
1077,11221,SEDWSSD_TP,0.000000000000e+00
1077,11221,SEDSCRS_TP,0.000000000000e+00
1077,11221,SO_TCd,0.000000000000e+00
1077,11221,IO_TCd,0.000000000000e+00
1077,11221,AO_TCd,0.000000000000e+00
1077,11221,PO_TCd,0.000000000000e+00
1077,11221,SED_TCd,0.000000000000e+00
1077,11221,SEDWSSD_TCd,0.000000000000e+00
1077,11221,SEDSCRS_TCd,0.000000000000e+00
1077,11221,SO_TCu,0.000000000000e+00
1077,11221,IO_TCu,0.000000000000e+00
1077,11221,AO_TCu,0.000000000000e+00
1077,11221,PO_TCu,0.000000000000e+00
1077,11221,SED_TCu,0.000000000000e+00
1077,11221,SEDWSSD_TCu,0.000000000000e+00
1077,11221,SEDSCRS_TCu,0.000000000000e+00
1077,11221,SO_TPb,0.000000000000e+00
1077,11221,IO_TPb,0.000000000000e+00
1077,11221,AO_TPb,0.000000000000e+00
1077,11221,PO_TPb,0.000000000000e+00
1077,11221,SED_TPb,0.000000000000e+00
1077,11221,SEDWSSD_TPb,0.000000000000e+00
1077,11221,SEDSCRS_TPb,0.000000000000e+00
1077,11221,SO_TZn,0.000000000000e+00
1077,11221,IO_TZn,0.000000000000e+00
1077,11221,AO_TZn,0.000000000000e+00
1077,11221,PO_TZn,0.000000000000e+00
1077,11221,SED_TZn,0.000000000000e+00
1077,11221,SEDWSSD_TZn,0.000000000000e+00
1077,11221,SEDSCRS_TZn,0.000000000000e+00
1077,11222,AREA,0.000000000000e+00
1077,11222,PREC,0.000000000000e+00
1077,11222,SURO,0.000000000000e+00
1077,11222,IFWO,0.000000000000e+00
1077,11222,AGWO,0.000000000000e+00
1077,11222,PERO,0.000000000000e+00
1077,11222,TAET,0.000000000000e+00
1077,11222,SEDLOAD,0.000000000000e+00
1077,11222,SEDWSSD, 0.00000e+00
1077,11222,SEDSCRS, 0.00000e+00
1077,11222,SEDSURO, 0.00000e+00
1077,11222,SEDIFWO, 0.00000e+00
1077,11222,SEDAGWO, 0.00000e+00
1077,11222,SO_TN,0.000000000000e+00
1077,11222,IO_TN,0.000000000000e+00
1077,11222,AO_TN,0.000000000000e+00
1077,11222,PO_TN,0.000000000000e+00
1077,11222,SO_TP,0.000000000000e+00
1077,11222,IO_TP,0.000000000000e+00
1077,11222,AO_TP,0.000000000000e+00
1077,11222,PO_TP,0.000000000000e+00
1077,11222,SED_TP,0.000000000000e+00
1077,11222,SEDWSSD_TP,0.000000000000e+00
1077,11222,SEDSCRS_TP,0.000000000000e+00
1077,11222,SO_TCd,0.000000000000e+00
1077,11222,IO_TCd,0.000000000000e+00
1077,11222,AO_TCd,0.000000000000e+00
1077,11222,PO_TCd,0.000000000000e+00
1077,11222,SED_TCd,0.000000000000e+00
1077,11222,SEDWSSD_TCd,0.000000000000e+00
1077,11222,SEDSCRS_TCd,0.000000000000e+00
1077,11222,SO_TCu,0.000000000000e+00
1077,11222,IO_TCu,0.000000000000e+00
1077,11222,AO_TCu,0.000000000000e+00
1077,11222,PO_TCu,0.000000000000e+00
1077,11222,SED_TCu,0.000000000000e+00
1077,11222,SEDWSSD_TCu,0.000000000000e+00
1077,11222,SEDSCRS_TCu,0.000000000000e+00
1077,11222,SO_TPb,0.000000000000e+00
1077,11222,IO_TPb,0.000000000000e+00
1077,11222,AO_TPb,0.000000000000e+00
1077,11222,PO_TPb,0.000000000000e+00
1077,11222,SED_TPb,0.000000000000e+00
1077,11222,SEDWSSD_TPb,0.000000000000e+00
1077,11222,SEDSCRS_TPb,0.000000000000e+00
1077,11222,SO_TZn,0.000000000000e+00
1077,11222,IO_TZn,0.000000000000e+00
1077,11222,AO_TZn,0.000000000000e+00
1077,11222,PO_TZn,0.000000000000e+00
1077,11222,SED_TZn,0.000000000000e+00
1077,11222,SEDWSSD_TZn,0.000000000000e+00
1077,11222,SEDSCRS_TZn,0.000000000000e+00
1077,11311,AREA,0.000000000000e+00
1077,11311,PREC,0.000000000000e+00
1077,11311,SURO,0.000000000000e+00
1077,11311,IFWO,0.000000000000e+00
1077,11311,AGWO,0.000000000000e+00
1077,11311,PERO,0.000000000000e+00
1077,11311,TAET,0.000000000000e+00
1077,11311,SEDLOAD,0.000000000000e+00
1077,11311,SEDWSSD, 0.00000e+00
1077,11311,SEDSCRS, 0.00000e+00
1077,11311,SEDSURO, 0.00000e+00
1077,11311,SEDIFWO, 0.00000e+00
1077,11311,SEDAGWO, 0.00000e+00
1077,11311,SO_TN,0.000000000000e+00
1077,11311,IO_TN,0.000000000000e+00
1077,11311,AO_TN,0.000000000000e+00
1077,11311,PO_TN,0.000000000000e+00
1077,11311,SO_TP,0.000000000000e+00
1077,11311,IO_TP,0.000000000000e+00
1077,11311,AO_TP,0.000000000000e+00
1077,11311,PO_TP,0.000000000000e+00
1077,11311,SED_TP,0.000000000000e+00
1077,11311,SEDWSSD_TP,0.000000000000e+00
1077,11311,SEDSCRS_TP,0.000000000000e+00
1077,11311,SO_TCd,0.000000000000e+00
1077,11311,IO_TCd,0.000000000000e+00
1077,11311,AO_TCd,0.000000000000e+00
1077,11311,PO_TCd,0.000000000000e+00
1077,11311,SED_TCd,0.000000000000e+00
1077,11311,SEDWSSD_TCd,0.000000000000e+00
1077,11311,SEDSCRS_TCd,0.000000000000e+00
1077,11311,SO_TCu,0.000000000000e+00
1077,11311,IO_TCu,0.000000000000e+00
1077,11311,AO_TCu,0.000000000000e+00
1077,11311,PO_TCu,0.000000000000e+00
1077,11311,SED_TCu,0.000000000000e+00
1077,11311,SEDWSSD_TCu,0.000000000000e+00
1077,11311,SEDSCRS_TCu,0.000000000000e+00
1077,11311,SO_TPb,0.000000000000e+00
1077,11311,IO_TPb,0.000000000000e+00
1077,11311,AO_TPb,0.000000000000e+00
1077,11311,PO_TPb,0.000000000000e+00
1077,11311,SED_TPb,0.000000000000e+00
1077,11311,SEDWSSD_TPb,0.000000000000e+00
1077,11311,SEDSCRS_TPb,0.000000000000e+00
1077,11311,SO_TZn,0.000000000000e+00
1077,11311,IO_TZn,0.000000000000e+00
1077,11311,AO_TZn,0.000000000000e+00
1077,11311,PO_TZn,0.000000000000e+00
1077,11311,SED_TZn,0.000000000000e+00
1077,11311,SEDWSSD_TZn,0.000000000000e+00
1077,11311,SEDSCRS_TZn,0.000000000000e+00
1077,11312,AREA,0.000000000000e+00
1077,11312,PREC,0.000000000000e+00
1077,11312,SURO,0.000000000000e+00
1077,11312,IFWO,0.000000000000e+00
1077,11312,AGWO,0.000000000000e+00
1077,11312,PERO,0.000000000000e+00
1077,11312,TAET,0.000000000000e+00
1077,11312,SEDLOAD,0.000000000000e+00
1077,11312,SEDWSSD, 0.00000e+00
1077,11312,SEDSCRS, 0.00000e+00
1077,11312,SEDSURO, 0.00000e+00
1077,11312,SEDIFWO, 0.00000e+00
1077,11312,SEDAGWO, 0.00000e+00
1077,11312,SO_TN,0.000000000000e+00
1077,11312,IO_TN,0.000000000000e+00
1077,11312,AO_TN,0.000000000000e+00
1077,11312,PO_TN,0.000000000000e+00
1077,11312,SO_TP,0.000000000000e+00
1077,11312,IO_TP,0.000000000000e+00
1077,11312,AO_TP,0.000000000000e+00
1077,11312,PO_TP,0.000000000000e+00
1077,11312,SED_TP,0.000000000000e+00
1077,11312,SEDWSSD_TP,0.000000000000e+00
1077,11312,SEDSCRS_TP,0.000000000000e+00
1077,11312,SO_TCd,0.000000000000e+00
1077,11312,IO_TCd,0.000000000000e+00
1077,11312,AO_TCd,0.000000000000e+00
1077,11312,PO_TCd,0.000000000000e+00
1077,11312,SED_TCd,0.000000000000e+00
1077,11312,SEDWSSD_TCd,0.000000000000e+00
1077,11312,SEDSCRS_TCd,0.000000000000e+00
1077,11312,SO_TCu,0.000000000000e+00
1077,11312,IO_TCu,0.000000000000e+00
1077,11312,AO_TCu,0.000000000000e+00
1077,11312,PO_TCu,0.000000000000e+00
1077,11312,SED_TCu,0.000000000000e+00
1077,11312,SEDWSSD_TCu,0.000000000000e+00
1077,11312,SEDSCRS_TCu,0.000000000000e+00
1077,11312,SO_TPb,0.000000000000e+00
1077,11312,IO_TPb,0.000000000000e+00
1077,11312,AO_TPb,0.000000000000e+00
1077,11312,PO_TPb,0.000000000000e+00
1077,11312,SED_TPb,0.000000000000e+00
1077,11312,SEDWSSD_TPb,0.000000000000e+00
1077,11312,SEDSCRS_TPb,0.000000000000e+00
1077,11312,SO_TZn,0.000000000000e+00
1077,11312,IO_TZn,0.000000000000e+00
1077,11312,AO_TZn,0.000000000000e+00
1077,11312,PO_TZn,0.000000000000e+00
1077,11312,SED_TZn,0.000000000000e+00
1077,11312,SEDWSSD_TZn,0.000000000000e+00
1077,11312,SEDSCRS_TZn,0.000000000000e+00
1077,11321,AREA,0.000000000000e+00
1077,11321,PREC,0.000000000000e+00
1077,11321,SURO,0.000000000000e+00
1077,11321,IFWO,0.000000000000e+00
1077,11321,AGWO,0.000000000000e+00
1077,11321,PERO,0.000000000000e+00
1077,11321,TAET,0.000000000000e+00
1077,11321,SEDLOAD,0.000000000000e+00
1077,11321,SEDWSSD, 0.00000e+00
1077,11321,SEDSCRS, 0.00000e+00
1077,11321,SEDSURO, 0.00000e+00
1077,11321,SEDIFWO, 0.00000e+00
1077,11321,SEDAGWO, 0.00000e+00
1077,11321,SO_TN,0.000000000000e+00
1077,11321,IO_TN,0.000000000000e+00
1077,11321,AO_TN,0.000000000000e+00
1077,11321,PO_TN,0.000000000000e+00
1077,11321,SO_TP,0.000000000000e+00
1077,11321,IO_TP,0.000000000000e+00
1077,11321,AO_TP,0.000000000000e+00
1077,11321,PO_TP,0.000000000000e+00
1077,11321,SED_TP,0.000000000000e+00
1077,11321,SEDWSSD_TP,0.000000000000e+00
1077,11321,SEDSCRS_TP,0.000000000000e+00
1077,11321,SO_TCd,0.000000000000e+00
1077,11321,IO_TCd,0.000000000000e+00
1077,11321,AO_TCd,0.000000000000e+00
1077,11321,PO_TCd,0.000000000000e+00
1077,11321,SED_TCd,0.000000000000e+00
1077,11321,SEDWSSD_TCd,0.000000000000e+00
1077,11321,SEDSCRS_TCd,0.000000000000e+00
1077,11321,SO_TCu,0.000000000000e+00
1077,11321,IO_TCu,0.000000000000e+00
1077,11321,AO_TCu,0.000000000000e+00
1077,11321,PO_TCu,0.000000000000e+00
1077,11321,SED_TCu,0.000000000000e+00
1077,11321,SEDWSSD_TCu,0.000000000000e+00
1077,11321,SEDSCRS_TCu,0.000000000000e+00
1077,11321,SO_TPb,0.000000000000e+00
1077,11321,IO_TPb,0.000000000000e+00
1077,11321,AO_TPb,0.000000000000e+00
1077,11321,PO_TPb,0.000000000000e+00
1077,11321,SED_TPb,0.000000000000e+00
1077,11321,SEDWSSD_TPb,0.000000000000e+00
1077,11321,SEDSCRS_TPb,0.000000000000e+00
1077,11321,SO_TZn,0.000000000000e+00
1077,11321,IO_TZn,0.000000000000e+00
1077,11321,AO_TZn,0.000000000000e+00
1077,11321,PO_TZn,0.000000000000e+00
1077,11321,SED_TZn,0.000000000000e+00
1077,11321,SEDWSSD_TZn,0.000000000000e+00
1077,11321,SEDSCRS_TZn,0.000000000000e+00
1077,11322,AREA,0.000000000000e+00
1077,11322,PREC,0.000000000000e+00
1077,11322,SURO,0.000000000000e+00
1077,11322,IFWO,0.000000000000e+00
1077,11322,AGWO,0.000000000000e+00
1077,11322,PERO,0.000000000000e+00
1077,11322,TAET,0.000000000000e+00
1077,11322,SEDLOAD,0.000000000000e+00
1077,11322,SEDWSSD, 0.00000e+00
1077,11322,SEDSCRS, 0.00000e+00
1077,11322,SEDSURO, 0.00000e+00
1077,11322,SEDIFWO, 0.00000e+00
1077,11322,SEDAGWO, 0.00000e+00
1077,11322,SO_TN,0.000000000000e+00
1077,11322,IO_TN,0.000000000000e+00
1077,11322,AO_TN,0.000000000000e+00
1077,11322,PO_TN,0.000000000000e+00
1077,11322,SO_TP,0.000000000000e+00
1077,11322,IO_TP,0.000000000000e+00
1077,11322,AO_TP,0.000000000000e+00
1077,11322,PO_TP,0.000000000000e+00
1077,11322,SED_TP,0.000000000000e+00
1077,11322,SEDWSSD_TP,0.000000000000e+00
1077,11322,SEDSCRS_TP,0.000000000000e+00
1077,11322,SO_TCd,0.000000000000e+00
1077,11322,IO_TCd,0.000000000000e+00
1077,11322,AO_TCd,0.000000000000e+00
1077,11322,PO_TCd,0.000000000000e+00
1077,11322,SED_TCd,0.000000000000e+00
1077,11322,SEDWSSD_TCd,0.000000000000e+00
1077,11322,SEDSCRS_TCd,0.000000000000e+00
1077,11322,SO_TCu,0.000000000000e+00
1077,11322,IO_TCu,0.000000000000e+00
1077,11322,AO_TCu,0.000000000000e+00
1077,11322,PO_TCu,0.000000000000e+00
1077,11322,SED_TCu,0.000000000000e+00
1077,11322,SEDWSSD_TCu,0.000000000000e+00
1077,11322,SEDSCRS_TCu,0.000000000000e+00
1077,11322,SO_TPb,0.000000000000e+00
1077,11322,IO_TPb,0.000000000000e+00
1077,11322,AO_TPb,0.000000000000e+00
1077,11322,PO_TPb,0.000000000000e+00
1077,11322,SED_TPb,0.000000000000e+00
1077,11322,SEDWSSD_TPb,0.000000000000e+00
1077,11322,SEDSCRS_TPb,0.000000000000e+00
1077,11322,SO_TZn,0.000000000000e+00
1077,11322,IO_TZn,0.000000000000e+00
1077,11322,AO_TZn,0.000000000000e+00
1077,11322,PO_TZn,0.000000000000e+00
1077,11322,SED_TZn,0.000000000000e+00
1077,11322,SEDWSSD_TZn,0.000000000000e+00
1077,11322,SEDSCRS_TZn,0.000000000000e+00
1077,11411,AREA,3.242699699993e+01
1077,11411,PREC,3.039160952332e+02
1077,11411,SURO,1.266803206715e+02
1077,11411,IFWO,5.231939992883e+01
1077,11411,AGWO,4.393541039447e+02
1077,11411,PERO,6.183538245450e+02
1077,11411,TAET,6.230446808844e+02
1077,11411,SEDLOAD,7.923466276588e-01
1077,11411,SEDWSSD, 7.36637e-01
1077,11411,SEDSCRS, 0.00000e+00
1077,11411,SEDSURO, 0.00000e+00
1077,11411,SEDIFWO, 5.92813e-03
1077,11411,SEDAGWO, 4.97817e-02
1077,11411,SO_TN,3.974455719393e+01
1077,11411,IO_TN,2.371256934083e+01
1077,11411,AO_TN,7.467269312964e+01
1077,11411,PO_TN,1.381298196644e+02
1077,11411,SO_TP,1.473273522372e+00
1077,11411,IO_TP,4.742513868166e+00
1077,11411,AO_TP,1.991271816790e+01
1077,11411,PO_TP,2.612850555844e+01
1077,11411,SED_TP,1.473273522372e+00
1077,11411,SEDWSSD_TP,1.473273522372e+00
1077,11411,SEDSCRS_TP,0.000000000000e+00
1077,11411,SO_TCd,3.683183805931e-03
1077,11411,IO_TCd,0.000000000000e+00
1077,11411,AO_TCd,0.000000000000e+00
1077,11411,PO_TCd,3.683183805931e-03
1077,11411,SED_TCd,3.683183805931e-03
1077,11411,SEDWSSD_TCd,3.683183805931e-03
1077,11411,SEDSCRS_TCd,0.000000000000e+00
1077,11411,SO_TCu,3.683183805931e-01
1077,11411,IO_TCu,0.000000000000e+00
1077,11411,AO_TCu,0.000000000000e+00
1077,11411,PO_TCu,3.683183805931e-01
1077,11411,SED_TCu,3.683183805931e-01
1077,11411,SEDWSSD_TCu,3.683183805931e-01
1077,11411,SEDSCRS_TCu,0.000000000000e+00
1077,11411,SO_TPb,7.366367611863e-03
1077,11411,IO_TPb,0.000000000000e+00
1077,11411,AO_TPb,0.000000000000e+00
1077,11411,PO_TPb,7.366367611863e-03
1077,11411,SED_TPb,7.366367611863e-03
1077,11411,SEDWSSD_TPb,7.366367611863e-03
1077,11411,SEDSCRS_TPb,0.000000000000e+00
1077,11411,SO_TZn,2.651892340270e+00
1077,11411,IO_TZn,0.000000000000e+00
1077,11411,AO_TZn,4.978179541976e+00
1077,11411,PO_TZn,7.630071882246e+00
1077,11411,SED_TZn,2.651892340270e+00
1077,11411,SEDWSSD_TZn,2.651892340270e+00
1077,11411,SEDSCRS_TZn,0.000000000000e+00
1077,11412,AREA,1.202214500002e+01
1077,11412,PREC,1.126753539567e+02
1077,11412,SURO,4.696608766328e+01
1077,11412,IFWO,1.939715269525e+01
1077,11412,AGWO,1.140218170920e+02
1077,11412,PERO,1.803850574505e+02
1077,11412,TAET,2.309906617338e+02
1077,11412,SEDLOAD,2.882216040184e-01
1077,11412,SEDWSSD, 2.73104e-01
1077,11412,SEDSCRS, 0.00000e+00
1077,11412,SEDSURO, 0.00000e+00
1077,11412,SEDIFWO, 2.19783e-03
1077,11412,SEDAGWO, 1.29194e-02
1077,11412,SO_TN,1.473509340215e+01
1077,11412,IO_TN,8.791315055724e+00
1077,11412,AO_TN,1.937916610167e+01
1077,11412,PO_TN,4.290557455955e+01
1077,11412,SO_TP,5.462087010593e-01
1077,11412,IO_TP,1.758263011145e+00
1077,11412,AO_TP,5.167777627113e+00
1077,11412,PO_TP,7.472249339317e+00
1077,11412,SED_TP,5.462087010593e-01
1077,11412,SEDWSSD_TP,5.462087010593e-01
1077,11412,SEDSCRS_TP,0.000000000000e+00
1077,11412,SO_TCd,1.365521752648e-03
1077,11412,IO_TCd,0.000000000000e+00
1077,11412,AO_TCd,0.000000000000e+00
1077,11412,PO_TCd,1.365521752648e-03
1077,11412,SED_TCd,1.365521752648e-03
1077,11412,SEDWSSD_TCd,1.365521752648e-03
1077,11412,SEDSCRS_TCd,0.000000000000e+00
1077,11412,SO_TCu,1.365521752648e-01
1077,11412,IO_TCu,0.000000000000e+00
1077,11412,AO_TCu,0.000000000000e+00
1077,11412,PO_TCu,1.365521752648e-01
1077,11412,SED_TCu,1.365521752648e-01
1077,11412,SEDWSSD_TCu,1.365521752648e-01
1077,11412,SEDSCRS_TCu,0.000000000000e+00
1077,11412,SO_TPb,2.731043505296e-03
1077,11412,IO_TPb,0.000000000000e+00
1077,11412,AO_TPb,0.000000000000e+00
1077,11412,PO_TPb,2.731043505296e-03
1077,11412,SED_TPb,2.731043505296e-03
1077,11412,SEDWSSD_TPb,2.731043505296e-03
1077,11412,SEDSCRS_TPb,0.000000000000e+00
1077,11412,SO_TZn,9.831756619067e-01
1077,11412,IO_TZn,0.000000000000e+00
1077,11412,AO_TZn,1.291944406778e+00
1077,11412,PO_TZn,2.275120068685e+00
1077,11412,SED_TZn,9.831756619067e-01
1077,11412,SEDWSSD_TZn,9.831756619067e-01
1077,11412,SEDSCRS_TZn,0.000000000000e+00
1077,11421,AREA,0.000000000000e+00
1077,11421,PREC,0.000000000000e+00
1077,11421,SURO,0.000000000000e+00
1077,11421,IFWO,0.000000000000e+00
1077,11421,AGWO,0.000000000000e+00
1077,11421,PERO,0.000000000000e+00
1077,11421,TAET,0.000000000000e+00
1077,11421,SEDLOAD,0.000000000000e+00
1077,11421,SEDWSSD, 0.00000e+00
1077,11421,SEDSCRS, 0.00000e+00
1077,11421,SEDSURO, 0.00000e+00
1077,11421,SEDIFWO, 0.00000e+00
1077,11421,SEDAGWO, 0.00000e+00
1077,11421,SO_TN,0.000000000000e+00
1077,11421,IO_TN,0.000000000000e+00
1077,11421,AO_TN,0.000000000000e+00
1077,11421,PO_TN,0.000000000000e+00
1077,11421,SO_TP,0.000000000000e+00
1077,11421,IO_TP,0.000000000000e+00
1077,11421,AO_TP,0.000000000000e+00
1077,11421,PO_TP,0.000000000000e+00
1077,11421,SED_TP,0.000000000000e+00
1077,11421,SEDWSSD_TP,0.000000000000e+00
1077,11421,SEDSCRS_TP,0.000000000000e+00
1077,11421,SO_TCd,0.000000000000e+00
1077,11421,IO_TCd,0.000000000000e+00
1077,11421,AO_TCd,0.000000000000e+00
1077,11421,PO_TCd,0.000000000000e+00
1077,11421,SED_TCd,0.000000000000e+00
1077,11421,SEDWSSD_TCd,0.000000000000e+00
1077,11421,SEDSCRS_TCd,0.000000000000e+00
1077,11421,SO_TCu,0.000000000000e+00
1077,11421,IO_TCu,0.000000000000e+00
1077,11421,AO_TCu,0.000000000000e+00
1077,11421,PO_TCu,0.000000000000e+00
1077,11421,SED_TCu,0.000000000000e+00
1077,11421,SEDWSSD_TCu,0.000000000000e+00
1077,11421,SEDSCRS_TCu,0.000000000000e+00
1077,11421,SO_TPb,0.000000000000e+00
1077,11421,IO_TPb,0.000000000000e+00
1077,11421,AO_TPb,0.000000000000e+00
1077,11421,PO_TPb,0.000000000000e+00
1077,11421,SED_TPb,0.000000000000e+00
1077,11421,SEDWSSD_TPb,0.000000000000e+00
1077,11421,SEDSCRS_TPb,0.000000000000e+00
1077,11421,SO_TZn,0.000000000000e+00
1077,11421,IO_TZn,0.000000000000e+00
1077,11421,AO_TZn,0.000000000000e+00
1077,11421,PO_TZn,0.000000000000e+00
1077,11421,SED_TZn,0.000000000000e+00
1077,11421,SEDWSSD_TZn,0.000000000000e+00
1077,11421,SEDSCRS_TZn,0.000000000000e+00
1077,11422,AREA,0.000000000000e+00
1077,11422,PREC,0.000000000000e+00
1077,11422,SURO,0.000000000000e+00
1077,11422,IFWO,0.000000000000e+00
1077,11422,AGWO,0.000000000000e+00
1077,11422,PERO,0.000000000000e+00
1077,11422,TAET,0.000000000000e+00
1077,11422,SEDLOAD,0.000000000000e+00
1077,11422,SEDWSSD, 0.00000e+00
1077,11422,SEDSCRS, 0.00000e+00
1077,11422,SEDSURO, 0.00000e+00
1077,11422,SEDIFWO, 0.00000e+00
1077,11422,SEDAGWO, 0.00000e+00
1077,11422,SO_TN,0.000000000000e+00
1077,11422,IO_TN,0.000000000000e+00
1077,11422,AO_TN,0.000000000000e+00
1077,11422,PO_TN,0.000000000000e+00
1077,11422,SO_TP,0.000000000000e+00
1077,11422,IO_TP,0.000000000000e+00
1077,11422,AO_TP,0.000000000000e+00
1077,11422,PO_TP,0.000000000000e+00
1077,11422,SED_TP,0.000000000000e+00
1077,11422,SEDWSSD_TP,0.000000000000e+00
1077,11422,SEDSCRS_TP,0.000000000000e+00
1077,11422,SO_TCd,0.000000000000e+00
1077,11422,IO_TCd,0.000000000000e+00
1077,11422,AO_TCd,0.000000000000e+00
1077,11422,PO_TCd,0.000000000000e+00
1077,11422,SED_TCd,0.000000000000e+00
1077,11422,SEDWSSD_TCd,0.000000000000e+00
1077,11422,SEDSCRS_TCd,0.000000000000e+00
1077,11422,SO_TCu,0.000000000000e+00
1077,11422,IO_TCu,0.000000000000e+00
1077,11422,AO_TCu,0.000000000000e+00
1077,11422,PO_TCu,0.000000000000e+00
1077,11422,SED_TCu,0.000000000000e+00
1077,11422,SEDWSSD_TCu,0.000000000000e+00
1077,11422,SEDSCRS_TCu,0.000000000000e+00
1077,11422,SO_TPb,0.000000000000e+00
1077,11422,IO_TPb,0.000000000000e+00
1077,11422,AO_TPb,0.000000000000e+00
1077,11422,PO_TPb,0.000000000000e+00
1077,11422,SED_TPb,0.000000000000e+00
1077,11422,SEDWSSD_TPb,0.000000000000e+00
1077,11422,SEDSCRS_TPb,0.000000000000e+00
1077,11422,SO_TZn,0.000000000000e+00
1077,11422,IO_TZn,0.000000000000e+00
1077,11422,AO_TZn,0.000000000000e+00
1077,11422,PO_TZn,0.000000000000e+00
1077,11422,SED_TZn,0.000000000000e+00
1077,11422,SEDWSSD_TZn,0.000000000000e+00
1077,11422,SEDSCRS_TZn,0.000000000000e+00
1077,12111,AREA,0.000000000000e+00
1077,12111,PREC,0.000000000000e+00
1077,12111,SURO,0.000000000000e+00
1077,12111,IFWO,0.000000000000e+00
1077,12111,AGWO,0.000000000000e+00
1077,12111,PERO,0.000000000000e+00
1077,12111,TAET,0.000000000000e+00
1077,12111,SEDLOAD,0.000000000000e+00
1077,12111,SEDWSSD, 0.00000e+00
1077,12111,SEDSCRS, 0.00000e+00
1077,12111,SEDSURO, 0.00000e+00
1077,12111,SEDIFWO, 0.00000e+00
1077,12111,SEDAGWO, 0.00000e+00
1077,12111,SO_TN,0.000000000000e+00
1077,12111,IO_TN,0.000000000000e+00
1077,12111,AO_TN,0.000000000000e+00
1077,12111,PO_TN,0.000000000000e+00
1077,12111,SO_TP,0.000000000000e+00
1077,12111,IO_TP,0.000000000000e+00
1077,12111,AO_TP,0.000000000000e+00
1077,12111,PO_TP,0.000000000000e+00
1077,12111,SED_TP,0.000000000000e+00
1077,12111,SEDWSSD_TP,0.000000000000e+00
1077,12111,SEDSCRS_TP,0.000000000000e+00
1077,12111,SO_TCd,0.000000000000e+00
1077,12111,IO_TCd,0.000000000000e+00
1077,12111,AO_TCd,0.000000000000e+00
1077,12111,PO_TCd,0.000000000000e+00
1077,12111,SED_TCd,0.000000000000e+00
1077,12111,SEDWSSD_TCd,0.000000000000e+00
1077,12111,SEDSCRS_TCd,0.000000000000e+00
1077,12111,SO_TCu,0.000000000000e+00
1077,12111,IO_TCu,0.000000000000e+00
1077,12111,AO_TCu,0.000000000000e+00
1077,12111,PO_TCu,0.000000000000e+00
1077,12111,SED_TCu,0.000000000000e+00
1077,12111,SEDWSSD_TCu,0.000000000000e+00
1077,12111,SEDSCRS_TCu,0.000000000000e+00
1077,12111,SO_TPb,0.000000000000e+00
1077,12111,IO_TPb,0.000000000000e+00
1077,12111,AO_TPb,0.000000000000e+00
1077,12111,PO_TPb,0.000000000000e+00
1077,12111,SED_TPb,0.000000000000e+00
1077,12111,SEDWSSD_TPb,0.000000000000e+00
1077,12111,SEDSCRS_TPb,0.000000000000e+00
1077,12111,SO_TZn,0.000000000000e+00
1077,12111,IO_TZn,0.000000000000e+00
1077,12111,AO_TZn,0.000000000000e+00
1077,12111,PO_TZn,0.000000000000e+00
1077,12111,SED_TZn,0.000000000000e+00
1077,12111,SEDWSSD_TZn,0.000000000000e+00
1077,12111,SEDSCRS_TZn,0.000000000000e+00
1077,12112,AREA,0.000000000000e+00
1077,12112,PREC,0.000000000000e+00
1077,12112,SURO,0.000000000000e+00
1077,12112,IFWO,0.000000000000e+00
1077,12112,AGWO,0.000000000000e+00
1077,12112,PERO,0.000000000000e+00
1077,12112,TAET,0.000000000000e+00
1077,12112,SEDLOAD,0.000000000000e+00
1077,12112,SEDWSSD, 0.00000e+00
1077,12112,SEDSCRS, 0.00000e+00
1077,12112,SEDSURO, 0.00000e+00
1077,12112,SEDIFWO, 0.00000e+00
1077,12112,SEDAGWO, 0.00000e+00
1077,12112,SO_TN,0.000000000000e+00
1077,12112,IO_TN,0.000000000000e+00
1077,12112,AO_TN,0.000000000000e+00
1077,12112,PO_TN,0.000000000000e+00
1077,12112,SO_TP,0.000000000000e+00
1077,12112,IO_TP,0.000000000000e+00
1077,12112,AO_TP,0.000000000000e+00
1077,12112,PO_TP,0.000000000000e+00
1077,12112,SED_TP,0.000000000000e+00
1077,12112,SEDWSSD_TP,0.000000000000e+00
1077,12112,SEDSCRS_TP,0.000000000000e+00
1077,12112,SO_TCd,0.000000000000e+00
1077,12112,IO_TCd,0.000000000000e+00
1077,12112,AO_TCd,0.000000000000e+00
1077,12112,PO_TCd,0.000000000000e+00
1077,12112,SED_TCd,0.000000000000e+00
1077,12112,SEDWSSD_TCd,0.000000000000e+00
1077,12112,SEDSCRS_TCd,0.000000000000e+00
1077,12112,SO_TCu,0.000000000000e+00
1077,12112,IO_TCu,0.000000000000e+00
1077,12112,AO_TCu,0.000000000000e+00
1077,12112,PO_TCu,0.000000000000e+00
1077,12112,SED_TCu,0.000000000000e+00
1077,12112,SEDWSSD_TCu,0.000000000000e+00
1077,12112,SEDSCRS_TCu,0.000000000000e+00
1077,12112,SO_TPb,0.000000000000e+00
1077,12112,IO_TPb,0.000000000000e+00
1077,12112,AO_TPb,0.000000000000e+00
1077,12112,PO_TPb,0.000000000000e+00
1077,12112,SED_TPb,0.000000000000e+00
1077,12112,SEDWSSD_TPb,0.000000000000e+00
1077,12112,SEDSCRS_TPb,0.000000000000e+00
1077,12112,SO_TZn,0.000000000000e+00
1077,12112,IO_TZn,0.000000000000e+00
1077,12112,AO_TZn,0.000000000000e+00
1077,12112,PO_TZn,0.000000000000e+00
1077,12112,SED_TZn,0.000000000000e+00
1077,12112,SEDWSSD_TZn,0.000000000000e+00
1077,12112,SEDSCRS_TZn,0.000000000000e+00
1077,12121,AREA,0.000000000000e+00
1077,12121,PREC,0.000000000000e+00
1077,12121,SURO,0.000000000000e+00
1077,12121,IFWO,0.000000000000e+00
1077,12121,AGWO,0.000000000000e+00
1077,12121,PERO,0.000000000000e+00
1077,12121,TAET,0.000000000000e+00
1077,12121,SEDLOAD,0.000000000000e+00
1077,12121,SEDWSSD, 0.00000e+00
1077,12121,SEDSCRS, 0.00000e+00
1077,12121,SEDSURO, 0.00000e+00
1077,12121,SEDIFWO, 0.00000e+00
1077,12121,SEDAGWO, 0.00000e+00
1077,12121,SO_TN,0.000000000000e+00
1077,12121,IO_TN,0.000000000000e+00
1077,12121,AO_TN,0.000000000000e+00
1077,12121,PO_TN,0.000000000000e+00
1077,12121,SO_TP,0.000000000000e+00
1077,12121,IO_TP,0.000000000000e+00
1077,12121,AO_TP,0.000000000000e+00
1077,12121,PO_TP,0.000000000000e+00
1077,12121,SED_TP,0.000000000000e+00
1077,12121,SEDWSSD_TP,0.000000000000e+00
1077,12121,SEDSCRS_TP,0.000000000000e+00
1077,12121,SO_TCd,0.000000000000e+00
1077,12121,IO_TCd,0.000000000000e+00
1077,12121,AO_TCd,0.000000000000e+00
1077,12121,PO_TCd,0.000000000000e+00
1077,12121,SED_TCd,0.000000000000e+00
1077,12121,SEDWSSD_TCd,0.000000000000e+00
1077,12121,SEDSCRS_TCd,0.000000000000e+00
1077,12121,SO_TCu,0.000000000000e+00
1077,12121,IO_TCu,0.000000000000e+00
1077,12121,AO_TCu,0.000000000000e+00
1077,12121,PO_TCu,0.000000000000e+00
1077,12121,SED_TCu,0.000000000000e+00
1077,12121,SEDWSSD_TCu,0.000000000000e+00
1077,12121,SEDSCRS_TCu,0.000000000000e+00
1077,12121,SO_TPb,0.000000000000e+00
1077,12121,IO_TPb,0.000000000000e+00
1077,12121,AO_TPb,0.000000000000e+00
1077,12121,PO_TPb,0.000000000000e+00
1077,12121,SED_TPb,0.000000000000e+00
1077,12121,SEDWSSD_TPb,0.000000000000e+00
1077,12121,SEDSCRS_TPb,0.000000000000e+00
1077,12121,SO_TZn,0.000000000000e+00
1077,12121,IO_TZn,0.000000000000e+00
1077,12121,AO_TZn,0.000000000000e+00
1077,12121,PO_TZn,0.000000000000e+00
1077,12121,SED_TZn,0.000000000000e+00
1077,12121,SEDWSSD_TZn,0.000000000000e+00
1077,12121,SEDSCRS_TZn,0.000000000000e+00
1077,12122,AREA,0.000000000000e+00
1077,12122,PREC,0.000000000000e+00
1077,12122,SURO,0.000000000000e+00
1077,12122,IFWO,0.000000000000e+00
1077,12122,AGWO,0.000000000000e+00
1077,12122,PERO,0.000000000000e+00
1077,12122,TAET,0.000000000000e+00
1077,12122,SEDLOAD,0.000000000000e+00
1077,12122,SEDWSSD, 0.00000e+00
1077,12122,SEDSCRS, 0.00000e+00
1077,12122,SEDSURO, 0.00000e+00
1077,12122,SEDIFWO, 0.00000e+00
1077,12122,SEDAGWO, 0.00000e+00
1077,12122,SO_TN,0.000000000000e+00
1077,12122,IO_TN,0.000000000000e+00
1077,12122,AO_TN,0.000000000000e+00
1077,12122,PO_TN,0.000000000000e+00
1077,12122,SO_TP,0.000000000000e+00
1077,12122,IO_TP,0.000000000000e+00
1077,12122,AO_TP,0.000000000000e+00
1077,12122,PO_TP,0.000000000000e+00
1077,12122,SED_TP,0.000000000000e+00
1077,12122,SEDWSSD_TP,0.000000000000e+00
1077,12122,SEDSCRS_TP,0.000000000000e+00
1077,12122,SO_TCd,0.000000000000e+00
1077,12122,IO_TCd,0.000000000000e+00
1077,12122,AO_TCd,0.000000000000e+00
1077,12122,PO_TCd,0.000000000000e+00
1077,12122,SED_TCd,0.000000000000e+00
1077,12122,SEDWSSD_TCd,0.000000000000e+00
1077,12122,SEDSCRS_TCd,0.000000000000e+00
1077,12122,SO_TCu,0.000000000000e+00
1077,12122,IO_TCu,0.000000000000e+00
1077,12122,AO_TCu,0.000000000000e+00
1077,12122,PO_TCu,0.000000000000e+00
1077,12122,SED_TCu,0.000000000000e+00
1077,12122,SEDWSSD_TCu,0.000000000000e+00
1077,12122,SEDSCRS_TCu,0.000000000000e+00
1077,12122,SO_TPb,0.000000000000e+00
1077,12122,IO_TPb,0.000000000000e+00
1077,12122,AO_TPb,0.000000000000e+00
1077,12122,PO_TPb,0.000000000000e+00
1077,12122,SED_TPb,0.000000000000e+00
1077,12122,SEDWSSD_TPb,0.000000000000e+00
1077,12122,SEDSCRS_TPb,0.000000000000e+00
1077,12122,SO_TZn,0.000000000000e+00
1077,12122,IO_TZn,0.000000000000e+00
1077,12122,AO_TZn,0.000000000000e+00
1077,12122,PO_TZn,0.000000000000e+00
1077,12122,SED_TZn,0.000000000000e+00
1077,12122,SEDWSSD_TZn,0.000000000000e+00
1077,12122,SEDSCRS_TZn,0.000000000000e+00
1077,12211,AREA,1.359311870001e+02
1077,12211,PREC,1.273990174713e+03
1077,12211,SURO,3.652548504235e+00
1077,12211,IFWO,3.384059033047e+00
1077,12211,AGWO,3.184435788110e+02
1077,12211,PERO,3.254801863483e+02
1077,12211,TAET,9.698206125591e+02
1077,12211,SEDLOAD,6.650996102911e-02
1077,12211,SEDWSSD, 3.00448e-02
1077,12211,SEDSCRS, 0.00000e+00
1077,12211,SEDSURO, 0.00000e+00
1077,12211,SEDIFWO, 3.83436e-04
1077,12211,SEDAGWO, 3.60818e-02
1077,12211,SO_TN,3.801630412216e+00
1077,12211,IO_TN,1.533747225384e+00
1077,12211,AO_TN,5.412272111758e+01
1077,12211,PO_TN,5.945809875518e+01
1077,12211,SO_TP,6.008951360534e-02
1077,12211,IO_TP,3.067494450768e-01
1077,12211,AO_TP,1.443272563135e+01
1077,12211,PO_TP,1.479956459004e+01
1077,12211,SED_TP,6.008951360534e-02
1077,12211,SEDWSSD_TP,6.008951360534e-02
1077,12211,SEDSCRS_TP,0.000000000000e+00
1077,12211,SO_TCd,1.502237840134e-04
1077,12211,IO_TCd,0.000000000000e+00
1077,12211,AO_TCd,0.000000000000e+00
1077,12211,PO_TCd,1.502237840134e-04
1077,12211,SED_TCd,1.502237840134e-04
1077,12211,SEDWSSD_TCd,1.502237840134e-04
1077,12211,SEDSCRS_TCd,0.000000000000e+00
1077,12211,SO_TCu,1.502237840134e-02
1077,12211,IO_TCu,0.000000000000e+00
1077,12211,AO_TCu,0.000000000000e+00
1077,12211,PO_TCu,1.502237840134e-02
1077,12211,SED_TCu,1.502237840134e-02
1077,12211,SEDWSSD_TCu,1.502237840134e-02
1077,12211,SEDSCRS_TCu,0.000000000000e+00
1077,12211,SO_TPb,3.004475680267e-04
1077,12211,IO_TPb,0.000000000000e+00
1077,12211,AO_TPb,0.000000000000e+00
1077,12211,PO_TPb,3.004475680267e-04
1077,12211,SED_TPb,3.004475680267e-04
1077,12211,SEDWSSD_TPb,3.004475680267e-04
1077,12211,SEDSCRS_TPb,0.000000000000e+00
1077,12211,SO_TZn,1.081611244896e-01
1077,12211,IO_TZn,0.000000000000e+00
1077,12211,AO_TZn,3.608181407839e+00
1077,12211,PO_TZn,3.716342532328e+00
1077,12211,SED_TZn,1.081611244896e-01
1077,12211,SEDWSSD_TZn,1.081611244896e-01
1077,12211,SEDSCRS_TZn,0.000000000000e+00
1077,12212,AREA,0.000000000000e+00
1077,12212,PREC,0.000000000000e+00
1077,12212,SURO,0.000000000000e+00
1077,12212,IFWO,0.000000000000e+00
1077,12212,AGWO,0.000000000000e+00
1077,12212,PERO,0.000000000000e+00
1077,12212,TAET,0.000000000000e+00
1077,12212,SEDLOAD,0.000000000000e+00
1077,12212,SEDWSSD, 0.00000e+00
1077,12212,SEDSCRS, 0.00000e+00
1077,12212,SEDSURO, 0.00000e+00
1077,12212,SEDIFWO, 0.00000e+00
1077,12212,SEDAGWO, 0.00000e+00
1077,12212,SO_TN,0.000000000000e+00
1077,12212,IO_TN,0.000000000000e+00
1077,12212,AO_TN,0.000000000000e+00
1077,12212,PO_TN,0.000000000000e+00
1077,12212,SO_TP,0.000000000000e+00
1077,12212,IO_TP,0.000000000000e+00
1077,12212,AO_TP,0.000000000000e+00
1077,12212,PO_TP,0.000000000000e+00
1077,12212,SED_TP,0.000000000000e+00
1077,12212,SEDWSSD_TP,0.000000000000e+00
1077,12212,SEDSCRS_TP,0.000000000000e+00
1077,12212,SO_TCd,0.000000000000e+00
1077,12212,IO_TCd,0.000000000000e+00
1077,12212,AO_TCd,0.000000000000e+00
1077,12212,PO_TCd,0.000000000000e+00
1077,12212,SED_TCd,0.000000000000e+00
1077,12212,SEDWSSD_TCd,0.000000000000e+00
1077,12212,SEDSCRS_TCd,0.000000000000e+00
1077,12212,SO_TCu,0.000000000000e+00
1077,12212,IO_TCu,0.000000000000e+00
1077,12212,AO_TCu,0.000000000000e+00
1077,12212,PO_TCu,0.000000000000e+00
1077,12212,SED_TCu,0.000000000000e+00
1077,12212,SEDWSSD_TCu,0.000000000000e+00
1077,12212,SEDSCRS_TCu,0.000000000000e+00
1077,12212,SO_TPb,0.000000000000e+00
1077,12212,IO_TPb,0.000000000000e+00
1077,12212,AO_TPb,0.000000000000e+00
1077,12212,PO_TPb,0.000000000000e+00
1077,12212,SED_TPb,0.000000000000e+00
1077,12212,SEDWSSD_TPb,0.000000000000e+00
1077,12212,SEDSCRS_TPb,0.000000000000e+00
1077,12212,SO_TZn,0.000000000000e+00
1077,12212,IO_TZn,0.000000000000e+00
1077,12212,AO_TZn,0.000000000000e+00
1077,12212,PO_TZn,0.000000000000e+00
1077,12212,SED_TZn,0.000000000000e+00
1077,12212,SEDWSSD_TZn,0.000000000000e+00
1077,12212,SEDSCRS_TZn,0.000000000000e+00
1077,12221,AREA,0.000000000000e+00
1077,12221,PREC,0.000000000000e+00
1077,12221,SURO,0.000000000000e+00
1077,12221,IFWO,0.000000000000e+00
1077,12221,AGWO,0.000000000000e+00
1077,12221,PERO,0.000000000000e+00
1077,12221,TAET,0.000000000000e+00
1077,12221,SEDLOAD,0.000000000000e+00
1077,12221,SEDWSSD, 0.00000e+00
1077,12221,SEDSCRS, 0.00000e+00
1077,12221,SEDSURO, 0.00000e+00
1077,12221,SEDIFWO, 0.00000e+00
1077,12221,SEDAGWO, 0.00000e+00
1077,12221,SO_TN,0.000000000000e+00
1077,12221,IO_TN,0.000000000000e+00
1077,12221,AO_TN,0.000000000000e+00
1077,12221,PO_TN,0.000000000000e+00
1077,12221,SO_TP,0.000000000000e+00
1077,12221,IO_TP,0.000000000000e+00
1077,12221,AO_TP,0.000000000000e+00
1077,12221,PO_TP,0.000000000000e+00
1077,12221,SED_TP,0.000000000000e+00
1077,12221,SEDWSSD_TP,0.000000000000e+00
1077,12221,SEDSCRS_TP,0.000000000000e+00
1077,12221,SO_TCd,0.000000000000e+00
1077,12221,IO_TCd,0.000000000000e+00
1077,12221,AO_TCd,0.000000000000e+00
1077,12221,PO_TCd,0.000000000000e+00
1077,12221,SED_TCd,0.000000000000e+00
1077,12221,SEDWSSD_TCd,0.000000000000e+00
1077,12221,SEDSCRS_TCd,0.000000000000e+00
1077,12221,SO_TCu,0.000000000000e+00
1077,12221,IO_TCu,0.000000000000e+00
1077,12221,AO_TCu,0.000000000000e+00
1077,12221,PO_TCu,0.000000000000e+00
1077,12221,SED_TCu,0.000000000000e+00
1077,12221,SEDWSSD_TCu,0.000000000000e+00
1077,12221,SEDSCRS_TCu,0.000000000000e+00
1077,12221,SO_TPb,0.000000000000e+00
1077,12221,IO_TPb,0.000000000000e+00
1077,12221,AO_TPb,0.000000000000e+00
1077,12221,PO_TPb,0.000000000000e+00
1077,12221,SED_TPb,0.000000000000e+00
1077,12221,SEDWSSD_TPb,0.000000000000e+00
1077,12221,SEDSCRS_TPb,0.000000000000e+00
1077,12221,SO_TZn,0.000000000000e+00
1077,12221,IO_TZn,0.000000000000e+00
1077,12221,AO_TZn,0.000000000000e+00
1077,12221,PO_TZn,0.000000000000e+00
1077,12221,SED_TZn,0.000000000000e+00
1077,12221,SEDWSSD_TZn,0.000000000000e+00
1077,12221,SEDSCRS_TZn,0.000000000000e+00
1077,12222,AREA,0.000000000000e+00
1077,12222,PREC,0.000000000000e+00
1077,12222,SURO,0.000000000000e+00
1077,12222,IFWO,0.000000000000e+00
1077,12222,AGWO,0.000000000000e+00
1077,12222,PERO,0.000000000000e+00
1077,12222,TAET,0.000000000000e+00
1077,12222,SEDLOAD,0.000000000000e+00
1077,12222,SEDWSSD, 0.00000e+00
1077,12222,SEDSCRS, 0.00000e+00
1077,12222,SEDSURO, 0.00000e+00
1077,12222,SEDIFWO, 0.00000e+00
1077,12222,SEDAGWO, 0.00000e+00
1077,12222,SO_TN,0.000000000000e+00
1077,12222,IO_TN,0.000000000000e+00
1077,12222,AO_TN,0.000000000000e+00
1077,12222,PO_TN,0.000000000000e+00
1077,12222,SO_TP,0.000000000000e+00
1077,12222,IO_TP,0.000000000000e+00
1077,12222,AO_TP,0.000000000000e+00
1077,12222,PO_TP,0.000000000000e+00
1077,12222,SED_TP,0.000000000000e+00
1077,12222,SEDWSSD_TP,0.000000000000e+00
1077,12222,SEDSCRS_TP,0.000000000000e+00
1077,12222,SO_TCd,0.000000000000e+00
1077,12222,IO_TCd,0.000000000000e+00
1077,12222,AO_TCd,0.000000000000e+00
1077,12222,PO_TCd,0.000000000000e+00
1077,12222,SED_TCd,0.000000000000e+00
1077,12222,SEDWSSD_TCd,0.000000000000e+00
1077,12222,SEDSCRS_TCd,0.000000000000e+00
1077,12222,SO_TCu,0.000000000000e+00
1077,12222,IO_TCu,0.000000000000e+00
1077,12222,AO_TCu,0.000000000000e+00
1077,12222,PO_TCu,0.000000000000e+00
1077,12222,SED_TCu,0.000000000000e+00
1077,12222,SEDWSSD_TCu,0.000000000000e+00
1077,12222,SEDSCRS_TCu,0.000000000000e+00
1077,12222,SO_TPb,0.000000000000e+00
1077,12222,IO_TPb,0.000000000000e+00
1077,12222,AO_TPb,0.000000000000e+00
1077,12222,PO_TPb,0.000000000000e+00
1077,12222,SED_TPb,0.000000000000e+00
1077,12222,SEDWSSD_TPb,0.000000000000e+00
1077,12222,SEDSCRS_TPb,0.000000000000e+00
1077,12222,SO_TZn,0.000000000000e+00
1077,12222,IO_TZn,0.000000000000e+00
1077,12222,AO_TZn,0.000000000000e+00
1077,12222,PO_TZn,0.000000000000e+00
1077,12222,SED_TZn,0.000000000000e+00
1077,12222,SEDWSSD_TZn,0.000000000000e+00
1077,12222,SEDSCRS_TZn,0.000000000000e+00
1077,12311,AREA,0.000000000000e+00
1077,12311,PREC,0.000000000000e+00
1077,12311,SURO,0.000000000000e+00
1077,12311,IFWO,0.000000000000e+00
1077,12311,AGWO,0.000000000000e+00
1077,12311,PERO,0.000000000000e+00
1077,12311,TAET,0.000000000000e+00
1077,12311,SEDLOAD,0.000000000000e+00
1077,12311,SEDWSSD, 0.00000e+00
1077,12311,SEDSCRS, 0.00000e+00
1077,12311,SEDSURO, 0.00000e+00
1077,12311,SEDIFWO, 0.00000e+00
1077,12311,SEDAGWO, 0.00000e+00
1077,12311,SO_TN,0.000000000000e+00
1077,12311,IO_TN,0.000000000000e+00
1077,12311,AO_TN,0.000000000000e+00
1077,12311,PO_TN,0.000000000000e+00
1077,12311,SO_TP,0.000000000000e+00
1077,12311,IO_TP,0.000000000000e+00
1077,12311,AO_TP,0.000000000000e+00
1077,12311,PO_TP,0.000000000000e+00
1077,12311,SED_TP,0.000000000000e+00
1077,12311,SEDWSSD_TP,0.000000000000e+00
1077,12311,SEDSCRS_TP,0.000000000000e+00
1077,12311,SO_TCd,0.000000000000e+00
1077,12311,IO_TCd,0.000000000000e+00
1077,12311,AO_TCd,0.000000000000e+00
1077,12311,PO_TCd,0.000000000000e+00
1077,12311,SED_TCd,0.000000000000e+00
1077,12311,SEDWSSD_TCd,0.000000000000e+00
1077,12311,SEDSCRS_TCd,0.000000000000e+00
1077,12311,SO_TCu,0.000000000000e+00
1077,12311,IO_TCu,0.000000000000e+00
1077,12311,AO_TCu,0.000000000000e+00
1077,12311,PO_TCu,0.000000000000e+00
1077,12311,SED_TCu,0.000000000000e+00
1077,12311,SEDWSSD_TCu,0.000000000000e+00
1077,12311,SEDSCRS_TCu,0.000000000000e+00
1077,12311,SO_TPb,0.000000000000e+00
1077,12311,IO_TPb,0.000000000000e+00
1077,12311,AO_TPb,0.000000000000e+00
1077,12311,PO_TPb,0.000000000000e+00
1077,12311,SED_TPb,0.000000000000e+00
1077,12311,SEDWSSD_TPb,0.000000000000e+00
1077,12311,SEDSCRS_TPb,0.000000000000e+00
1077,12311,SO_TZn,0.000000000000e+00
1077,12311,IO_TZn,0.000000000000e+00
1077,12311,AO_TZn,0.000000000000e+00
1077,12311,PO_TZn,0.000000000000e+00
1077,12311,SED_TZn,0.000000000000e+00
1077,12311,SEDWSSD_TZn,0.000000000000e+00
1077,12311,SEDSCRS_TZn,0.000000000000e+00
1077,12312,AREA,0.000000000000e+00
1077,12312,PREC,0.000000000000e+00
1077,12312,SURO,0.000000000000e+00
1077,12312,IFWO,0.000000000000e+00
1077,12312,AGWO,0.000000000000e+00
1077,12312,PERO,0.000000000000e+00
1077,12312,TAET,0.000000000000e+00
1077,12312,SEDLOAD,0.000000000000e+00
1077,12312,SEDWSSD, 0.00000e+00
1077,12312,SEDSCRS, 0.00000e+00
1077,12312,SEDSURO, 0.00000e+00
1077,12312,SEDIFWO, 0.00000e+00
1077,12312,SEDAGWO, 0.00000e+00
1077,12312,SO_TN,0.000000000000e+00
1077,12312,IO_TN,0.000000000000e+00
1077,12312,AO_TN,0.000000000000e+00
1077,12312,PO_TN,0.000000000000e+00
1077,12312,SO_TP,0.000000000000e+00
1077,12312,IO_TP,0.000000000000e+00
1077,12312,AO_TP,0.000000000000e+00
1077,12312,PO_TP,0.000000000000e+00
1077,12312,SED_TP,0.000000000000e+00
1077,12312,SEDWSSD_TP,0.000000000000e+00
1077,12312,SEDSCRS_TP,0.000000000000e+00
1077,12312,SO_TCd,0.000000000000e+00
1077,12312,IO_TCd,0.000000000000e+00
1077,12312,AO_TCd,0.000000000000e+00
1077,12312,PO_TCd,0.000000000000e+00
1077,12312,SED_TCd,0.000000000000e+00
1077,12312,SEDWSSD_TCd,0.000000000000e+00
1077,12312,SEDSCRS_TCd,0.000000000000e+00
1077,12312,SO_TCu,0.000000000000e+00
1077,12312,IO_TCu,0.000000000000e+00
1077,12312,AO_TCu,0.000000000000e+00
1077,12312,PO_TCu,0.000000000000e+00
1077,12312,SED_TCu,0.000000000000e+00
1077,12312,SEDWSSD_TCu,0.000000000000e+00
1077,12312,SEDSCRS_TCu,0.000000000000e+00
1077,12312,SO_TPb,0.000000000000e+00
1077,12312,IO_TPb,0.000000000000e+00
1077,12312,AO_TPb,0.000000000000e+00
1077,12312,PO_TPb,0.000000000000e+00
1077,12312,SED_TPb,0.000000000000e+00
1077,12312,SEDWSSD_TPb,0.000000000000e+00
1077,12312,SEDSCRS_TPb,0.000000000000e+00
1077,12312,SO_TZn,0.000000000000e+00
1077,12312,IO_TZn,0.000000000000e+00
1077,12312,AO_TZn,0.000000000000e+00
1077,12312,PO_TZn,0.000000000000e+00
1077,12312,SED_TZn,0.000000000000e+00
1077,12312,SEDWSSD_TZn,0.000000000000e+00
1077,12312,SEDSCRS_TZn,0.000000000000e+00
1077,12321,AREA,0.000000000000e+00
1077,12321,PREC,0.000000000000e+00
1077,12321,SURO,0.000000000000e+00
1077,12321,IFWO,0.000000000000e+00
1077,12321,AGWO,0.000000000000e+00
1077,12321,PERO,0.000000000000e+00
1077,12321,TAET,0.000000000000e+00
1077,12321,SEDLOAD,0.000000000000e+00
1077,12321,SEDWSSD, 0.00000e+00
1077,12321,SEDSCRS, 0.00000e+00
1077,12321,SEDSURO, 0.00000e+00
1077,12321,SEDIFWO, 0.00000e+00
1077,12321,SEDAGWO, 0.00000e+00
1077,12321,SO_TN,0.000000000000e+00
1077,12321,IO_TN,0.000000000000e+00
1077,12321,AO_TN,0.000000000000e+00
1077,12321,PO_TN,0.000000000000e+00
1077,12321,SO_TP,0.000000000000e+00
1077,12321,IO_TP,0.000000000000e+00
1077,12321,AO_TP,0.000000000000e+00
1077,12321,PO_TP,0.000000000000e+00
1077,12321,SED_TP,0.000000000000e+00
1077,12321,SEDWSSD_TP,0.000000000000e+00
1077,12321,SEDSCRS_TP,0.000000000000e+00
1077,12321,SO_TCd,0.000000000000e+00
1077,12321,IO_TCd,0.000000000000e+00
1077,12321,AO_TCd,0.000000000000e+00
1077,12321,PO_TCd,0.000000000000e+00
1077,12321,SED_TCd,0.000000000000e+00
1077,12321,SEDWSSD_TCd,0.000000000000e+00
1077,12321,SEDSCRS_TCd,0.000000000000e+00
1077,12321,SO_TCu,0.000000000000e+00
1077,12321,IO_TCu,0.000000000000e+00
1077,12321,AO_TCu,0.000000000000e+00
1077,12321,PO_TCu,0.000000000000e+00
1077,12321,SED_TCu,0.000000000000e+00
1077,12321,SEDWSSD_TCu,0.000000000000e+00
1077,12321,SEDSCRS_TCu,0.000000000000e+00
1077,12321,SO_TPb,0.000000000000e+00
1077,12321,IO_TPb,0.000000000000e+00
1077,12321,AO_TPb,0.000000000000e+00
1077,12321,PO_TPb,0.000000000000e+00
1077,12321,SED_TPb,0.000000000000e+00
1077,12321,SEDWSSD_TPb,0.000000000000e+00
1077,12321,SEDSCRS_TPb,0.000000000000e+00
1077,12321,SO_TZn,0.000000000000e+00
1077,12321,IO_TZn,0.000000000000e+00
1077,12321,AO_TZn,0.000000000000e+00
1077,12321,PO_TZn,0.000000000000e+00
1077,12321,SED_TZn,0.000000000000e+00
1077,12321,SEDWSSD_TZn,0.000000000000e+00
1077,12321,SEDSCRS_TZn,0.000000000000e+00
1077,12322,AREA,0.000000000000e+00
1077,12322,PREC,0.000000000000e+00
1077,12322,SURO,0.000000000000e+00
1077,12322,IFWO,0.000000000000e+00
1077,12322,AGWO,0.000000000000e+00
1077,12322,PERO,0.000000000000e+00
1077,12322,TAET,0.000000000000e+00
1077,12322,SEDLOAD,0.000000000000e+00
1077,12322,SEDWSSD, 0.00000e+00
1077,12322,SEDSCRS, 0.00000e+00
1077,12322,SEDSURO, 0.00000e+00
1077,12322,SEDIFWO, 0.00000e+00
1077,12322,SEDAGWO, 0.00000e+00
1077,12322,SO_TN,0.000000000000e+00
1077,12322,IO_TN,0.000000000000e+00
1077,12322,AO_TN,0.000000000000e+00
1077,12322,PO_TN,0.000000000000e+00
1077,12322,SO_TP,0.000000000000e+00
1077,12322,IO_TP,0.000000000000e+00
1077,12322,AO_TP,0.000000000000e+00
1077,12322,PO_TP,0.000000000000e+00
1077,12322,SED_TP,0.000000000000e+00
1077,12322,SEDWSSD_TP,0.000000000000e+00
1077,12322,SEDSCRS_TP,0.000000000000e+00
1077,12322,SO_TCd,0.000000000000e+00
1077,12322,IO_TCd,0.000000000000e+00
1077,12322,AO_TCd,0.000000000000e+00
1077,12322,PO_TCd,0.000000000000e+00
1077,12322,SED_TCd,0.000000000000e+00
1077,12322,SEDWSSD_TCd,0.000000000000e+00
1077,12322,SEDSCRS_TCd,0.000000000000e+00
1077,12322,SO_TCu,0.000000000000e+00
1077,12322,IO_TCu,0.000000000000e+00
1077,12322,AO_TCu,0.000000000000e+00
1077,12322,PO_TCu,0.000000000000e+00
1077,12322,SED_TCu,0.000000000000e+00
1077,12322,SEDWSSD_TCu,0.000000000000e+00
1077,12322,SEDSCRS_TCu,0.000000000000e+00
1077,12322,SO_TPb,0.000000000000e+00
1077,12322,IO_TPb,0.000000000000e+00
1077,12322,AO_TPb,0.000000000000e+00
1077,12322,PO_TPb,0.000000000000e+00
1077,12322,SED_TPb,0.000000000000e+00
1077,12322,SEDWSSD_TPb,0.000000000000e+00
1077,12322,SEDSCRS_TPb,0.000000000000e+00
1077,12322,SO_TZn,0.000000000000e+00
1077,12322,IO_TZn,0.000000000000e+00
1077,12322,AO_TZn,0.000000000000e+00
1077,12322,PO_TZn,0.000000000000e+00
1077,12322,SED_TZn,0.000000000000e+00
1077,12322,SEDWSSD_TZn,0.000000000000e+00
1077,12322,SEDSCRS_TZn,0.000000000000e+00
1077,12411,AREA,8.357880400008e+01
1077,12411,PREC,7.833270455460e+02
1077,12411,SURO,5.322941930271e+01
1077,12411,IFWO,1.923739513273e+00
1077,12411,AGWO,1.116486828702e+02
1077,12411,PERO,1.668018416861e+02
1077,12411,TAET,6.306187706939e+02
1077,12411,SEDLOAD,4.166657930611e-01
1077,12411,SEDWSSD, 4.03797e-01
1077,12411,SEDSCRS, 0.00000e+00
1077,12411,SEDSURO, 0.00000e+00
1077,12411,SEDIFWO, 2.17972e-04
1077,12411,SEDAGWO, 1.26505e-02
1077,12411,SO_TN,2.217778995980e+01
1077,12411,IO_TN,8.718908600677e-01
1077,12411,AO_TN,1.897582783326e+01
1077,12411,PO_TN,4.202550865313e+01
1077,12411,SO_TP,8.075945698457e-01
1077,12411,IO_TP,1.743781720135e-01
1077,12411,AO_TP,5.060220755537e+00
1077,12411,PO_TP,6.042193497396e+00
1077,12411,SED_TP,8.075945698457e-01
1077,12411,SEDWSSD_TP,8.075945698457e-01
1077,12411,SEDSCRS_TP,0.000000000000e+00
1077,12411,SO_TCd,2.018986424614e-03
1077,12411,IO_TCd,0.000000000000e+00
1077,12411,AO_TCd,0.000000000000e+00
1077,12411,PO_TCd,2.018986424614e-03
1077,12411,SED_TCd,2.018986424614e-03
1077,12411,SEDWSSD_TCd,2.018986424614e-03
1077,12411,SEDSCRS_TCd,0.000000000000e+00
1077,12411,SO_TCu,2.018986424614e-01
1077,12411,IO_TCu,0.000000000000e+00
1077,12411,AO_TCu,0.000000000000e+00
1077,12411,PO_TCu,2.018986424614e-01
1077,12411,SED_TCu,2.018986424614e-01
1077,12411,SEDWSSD_TCu,2.018986424614e-01
1077,12411,SEDSCRS_TCu,0.000000000000e+00
1077,12411,SO_TPb,4.037972849228e-03
1077,12411,IO_TPb,0.000000000000e+00
1077,12411,AO_TPb,0.000000000000e+00
1077,12411,PO_TPb,4.037972849228e-03
1077,12411,SED_TPb,4.037972849228e-03
1077,12411,SEDWSSD_TPb,4.037972849228e-03
1077,12411,SEDSCRS_TPb,0.000000000000e+00
1077,12411,SO_TZn,1.453670225722e+00
1077,12411,IO_TZn,0.000000000000e+00
1077,12411,AO_TZn,1.265055188884e+00
1077,12411,PO_TZn,2.718725414607e+00
1077,12411,SED_TZn,1.453670225722e+00
1077,12411,SEDWSSD_TZn,1.453670225722e+00
1077,12411,SEDSCRS_TZn,0.000000000000e+00
1077,12412,AREA,3.098641799997e+01
1077,12412,PREC,2.904145321820e+02
1077,12412,SURO,1.973453743620e+01
1077,12412,IFWO,7.132166749046e-01
1077,12412,AGWO,2.897522833176e+01
1077,12412,PERO,4.942298244286e+01
1077,12412,TAET,2.337987132164e+02
1077,12412,SEDLOAD,1.530696944878e-01
1077,12412,SEDWSSD, 1.49706e-01
1077,12412,SEDSCRS, 0.00000e+00
1077,12412,SEDSURO, 0.00000e+00
1077,12412,SEDIFWO, 8.08122e-05
1077,12412,SEDAGWO, 3.28309e-03
1077,12412,SO_TN,8.222303229064e+00
1077,12412,IO_TN,3.232491175686e-01
1077,12412,AO_TN,4.924634398888e+00
1077,12412,PO_TN,1.347018674552e+01
1077,12412,SO_TP,2.994115938267e-01
1077,12412,IO_TP,6.464982351372e-02
1077,12412,AO_TP,1.313235839703e+00
1077,12412,PO_TP,1.677297257044e+00
1077,12412,SED_TP,2.994115938267e-01
1077,12412,SEDWSSD_TP,2.994115938267e-01
1077,12412,SEDSCRS_TP,0.000000000000e+00
1077,12412,SO_TCd,7.485289845667e-04
1077,12412,IO_TCd,0.000000000000e+00
1077,12412,AO_TCd,0.000000000000e+00
1077,12412,PO_TCd,7.485289845667e-04
1077,12412,SED_TCd,7.485289845667e-04
1077,12412,SEDWSSD_TCd,7.485289845667e-04
1077,12412,SEDSCRS_TCd,0.000000000000e+00
1077,12412,SO_TCu,7.485289845667e-02
1077,12412,IO_TCu,0.000000000000e+00
1077,12412,AO_TCu,0.000000000000e+00
1077,12412,PO_TCu,7.485289845667e-02
1077,12412,SED_TCu,7.485289845667e-02
1077,12412,SEDWSSD_TCu,7.485289845667e-02
1077,12412,SEDSCRS_TCu,0.000000000000e+00
1077,12412,SO_TPb,1.497057969133e-03
1077,12412,IO_TPb,0.000000000000e+00
1077,12412,AO_TPb,0.000000000000e+00
1077,12412,PO_TPb,1.497057969133e-03
1077,12412,SED_TPb,1.497057969133e-03
1077,12412,SEDWSSD_TPb,1.497057969133e-03
1077,12412,SEDSCRS_TPb,0.000000000000e+00
1077,12412,SO_TZn,5.389408688881e-01
1077,12412,IO_TZn,0.000000000000e+00
1077,12412,AO_TZn,3.283089599258e-01
1077,12412,PO_TZn,8.672498288139e-01
1077,12412,SED_TZn,5.389408688881e-01
1077,12412,SEDWSSD_TZn,5.389408688881e-01
1077,12412,SEDSCRS_TZn,0.000000000000e+00
1077,12421,AREA,0.000000000000e+00
1077,12421,PREC,0.000000000000e+00
1077,12421,SURO,0.000000000000e+00
1077,12421,IFWO,0.000000000000e+00
1077,12421,AGWO,0.000000000000e+00
1077,12421,PERO,0.000000000000e+00
1077,12421,TAET,0.000000000000e+00
1077,12421,SEDLOAD,0.000000000000e+00
1077,12421,SEDWSSD, 0.00000e+00
1077,12421,SEDSCRS, 0.00000e+00
1077,12421,SEDSURO, 0.00000e+00
1077,12421,SEDIFWO, 0.00000e+00
1077,12421,SEDAGWO, 0.00000e+00
1077,12421,SO_TN,0.000000000000e+00
1077,12421,IO_TN,0.000000000000e+00
1077,12421,AO_TN,0.000000000000e+00
1077,12421,PO_TN,0.000000000000e+00
1077,12421,SO_TP,0.000000000000e+00
1077,12421,IO_TP,0.000000000000e+00
1077,12421,AO_TP,0.000000000000e+00
1077,12421,PO_TP,0.000000000000e+00
1077,12421,SED_TP,0.000000000000e+00
1077,12421,SEDWSSD_TP,0.000000000000e+00
1077,12421,SEDSCRS_TP,0.000000000000e+00
1077,12421,SO_TCd,0.000000000000e+00
1077,12421,IO_TCd,0.000000000000e+00
1077,12421,AO_TCd,0.000000000000e+00
1077,12421,PO_TCd,0.000000000000e+00
1077,12421,SED_TCd,0.000000000000e+00
1077,12421,SEDWSSD_TCd,0.000000000000e+00
1077,12421,SEDSCRS_TCd,0.000000000000e+00
1077,12421,SO_TCu,0.000000000000e+00
1077,12421,IO_TCu,0.000000000000e+00
1077,12421,AO_TCu,0.000000000000e+00
1077,12421,PO_TCu,0.000000000000e+00
1077,12421,SED_TCu,0.000000000000e+00
1077,12421,SEDWSSD_TCu,0.000000000000e+00
1077,12421,SEDSCRS_TCu,0.000000000000e+00
1077,12421,SO_TPb,0.000000000000e+00
1077,12421,IO_TPb,0.000000000000e+00
1077,12421,AO_TPb,0.000000000000e+00
1077,12421,PO_TPb,0.000000000000e+00
1077,12421,SED_TPb,0.000000000000e+00
1077,12421,SEDWSSD_TPb,0.000000000000e+00
1077,12421,SEDSCRS_TPb,0.000000000000e+00
1077,12421,SO_TZn,0.000000000000e+00
1077,12421,IO_TZn,0.000000000000e+00
1077,12421,AO_TZn,0.000000000000e+00
1077,12421,PO_TZn,0.000000000000e+00
1077,12421,SED_TZn,0.000000000000e+00
1077,12421,SEDWSSD_TZn,0.000000000000e+00
1077,12421,SEDSCRS_TZn,0.000000000000e+00
1077,12422,AREA,0.000000000000e+00
1077,12422,PREC,0.000000000000e+00
1077,12422,SURO,0.000000000000e+00
1077,12422,IFWO,0.000000000000e+00
1077,12422,AGWO,0.000000000000e+00
1077,12422,PERO,0.000000000000e+00
1077,12422,TAET,0.000000000000e+00
1077,12422,SEDLOAD,0.000000000000e+00
1077,12422,SEDWSSD, 0.00000e+00
1077,12422,SEDSCRS, 0.00000e+00
1077,12422,SEDSURO, 0.00000e+00
1077,12422,SEDIFWO, 0.00000e+00
1077,12422,SEDAGWO, 0.00000e+00
1077,12422,SO_TN,0.000000000000e+00
1077,12422,IO_TN,0.000000000000e+00
1077,12422,AO_TN,0.000000000000e+00
1077,12422,PO_TN,0.000000000000e+00
1077,12422,SO_TP,0.000000000000e+00
1077,12422,IO_TP,0.000000000000e+00
1077,12422,AO_TP,0.000000000000e+00
1077,12422,PO_TP,0.000000000000e+00
1077,12422,SED_TP,0.000000000000e+00
1077,12422,SEDWSSD_TP,0.000000000000e+00
1077,12422,SEDSCRS_TP,0.000000000000e+00
1077,12422,SO_TCd,0.000000000000e+00
1077,12422,IO_TCd,0.000000000000e+00
1077,12422,AO_TCd,0.000000000000e+00
1077,12422,PO_TCd,0.000000000000e+00
1077,12422,SED_TCd,0.000000000000e+00
1077,12422,SEDWSSD_TCd,0.000000000000e+00
1077,12422,SEDSCRS_TCd,0.000000000000e+00
1077,12422,SO_TCu,0.000000000000e+00
1077,12422,IO_TCu,0.000000000000e+00
1077,12422,AO_TCu,0.000000000000e+00
1077,12422,PO_TCu,0.000000000000e+00
1077,12422,SED_TCu,0.000000000000e+00
1077,12422,SEDWSSD_TCu,0.000000000000e+00
1077,12422,SEDSCRS_TCu,0.000000000000e+00
1077,12422,SO_TPb,0.000000000000e+00
1077,12422,IO_TPb,0.000000000000e+00
1077,12422,AO_TPb,0.000000000000e+00
1077,12422,PO_TPb,0.000000000000e+00
1077,12422,SED_TPb,0.000000000000e+00
1077,12422,SEDWSSD_TPb,0.000000000000e+00
1077,12422,SEDSCRS_TPb,0.000000000000e+00
1077,12422,SO_TZn,0.000000000000e+00
1077,12422,IO_TZn,0.000000000000e+00
1077,12422,AO_TZn,0.000000000000e+00
1077,12422,PO_TZn,0.000000000000e+00
1077,12422,SED_TZn,0.000000000000e+00
1077,12422,SEDWSSD_TZn,0.000000000000e+00
1077,12422,SEDSCRS_TZn,0.000000000000e+00
1077,13111,AREA,0.000000000000e+00
1077,13111,PREC,0.000000000000e+00
1077,13111,SURO,0.000000000000e+00
1077,13111,IFWO,0.000000000000e+00
1077,13111,AGWO,0.000000000000e+00
1077,13111,PERO,0.000000000000e+00
1077,13111,TAET,0.000000000000e+00
1077,13111,SEDLOAD,0.000000000000e+00
1077,13111,SEDWSSD, 0.00000e+00
1077,13111,SEDSCRS, 0.00000e+00
1077,13111,SEDSURO, 0.00000e+00
1077,13111,SEDIFWO, 0.00000e+00
1077,13111,SEDAGWO, 0.00000e+00
1077,13111,SO_TN,0.000000000000e+00
1077,13111,IO_TN,0.000000000000e+00
1077,13111,AO_TN,0.000000000000e+00
1077,13111,PO_TN,0.000000000000e+00
1077,13111,SO_TP,0.000000000000e+00
1077,13111,IO_TP,0.000000000000e+00
1077,13111,AO_TP,0.000000000000e+00
1077,13111,PO_TP,0.000000000000e+00
1077,13111,SED_TP,0.000000000000e+00
1077,13111,SEDWSSD_TP,0.000000000000e+00
1077,13111,SEDSCRS_TP,0.000000000000e+00
1077,13111,SO_TCd,0.000000000000e+00
1077,13111,IO_TCd,0.000000000000e+00
1077,13111,AO_TCd,0.000000000000e+00
1077,13111,PO_TCd,0.000000000000e+00
1077,13111,SED_TCd,0.000000000000e+00
1077,13111,SEDWSSD_TCd,0.000000000000e+00
1077,13111,SEDSCRS_TCd,0.000000000000e+00
1077,13111,SO_TCu,0.000000000000e+00
1077,13111,IO_TCu,0.000000000000e+00
1077,13111,AO_TCu,0.000000000000e+00
1077,13111,PO_TCu,0.000000000000e+00
1077,13111,SED_TCu,0.000000000000e+00
1077,13111,SEDWSSD_TCu,0.000000000000e+00
1077,13111,SEDSCRS_TCu,0.000000000000e+00
1077,13111,SO_TPb,0.000000000000e+00
1077,13111,IO_TPb,0.000000000000e+00
1077,13111,AO_TPb,0.000000000000e+00
1077,13111,PO_TPb,0.000000000000e+00
1077,13111,SED_TPb,0.000000000000e+00
1077,13111,SEDWSSD_TPb,0.000000000000e+00
1077,13111,SEDSCRS_TPb,0.000000000000e+00
1077,13111,SO_TZn,0.000000000000e+00
1077,13111,IO_TZn,0.000000000000e+00
1077,13111,AO_TZn,0.000000000000e+00
1077,13111,PO_TZn,0.000000000000e+00
1077,13111,SED_TZn,0.000000000000e+00
1077,13111,SEDWSSD_TZn,0.000000000000e+00
1077,13111,SEDSCRS_TZn,0.000000000000e+00
1077,13112,AREA,0.000000000000e+00
1077,13112,PREC,0.000000000000e+00
1077,13112,SURO,0.000000000000e+00
1077,13112,IFWO,0.000000000000e+00
1077,13112,AGWO,0.000000000000e+00
1077,13112,PERO,0.000000000000e+00
1077,13112,TAET,0.000000000000e+00
1077,13112,SEDLOAD,0.000000000000e+00
1077,13112,SEDWSSD, 0.00000e+00
1077,13112,SEDSCRS, 0.00000e+00
1077,13112,SEDSURO, 0.00000e+00
1077,13112,SEDIFWO, 0.00000e+00
1077,13112,SEDAGWO, 0.00000e+00
1077,13112,SO_TN,0.000000000000e+00
1077,13112,IO_TN,0.000000000000e+00
1077,13112,AO_TN,0.000000000000e+00
1077,13112,PO_TN,0.000000000000e+00
1077,13112,SO_TP,0.000000000000e+00
1077,13112,IO_TP,0.000000000000e+00
1077,13112,AO_TP,0.000000000000e+00
1077,13112,PO_TP,0.000000000000e+00
1077,13112,SED_TP,0.000000000000e+00
1077,13112,SEDWSSD_TP,0.000000000000e+00
1077,13112,SEDSCRS_TP,0.000000000000e+00
1077,13112,SO_TCd,0.000000000000e+00
1077,13112,IO_TCd,0.000000000000e+00
1077,13112,AO_TCd,0.000000000000e+00
1077,13112,PO_TCd,0.000000000000e+00
1077,13112,SED_TCd,0.000000000000e+00
1077,13112,SEDWSSD_TCd,0.000000000000e+00
1077,13112,SEDSCRS_TCd,0.000000000000e+00
1077,13112,SO_TCu,0.000000000000e+00
1077,13112,IO_TCu,0.000000000000e+00
1077,13112,AO_TCu,0.000000000000e+00
1077,13112,PO_TCu,0.000000000000e+00
1077,13112,SED_TCu,0.000000000000e+00
1077,13112,SEDWSSD_TCu,0.000000000000e+00
1077,13112,SEDSCRS_TCu,0.000000000000e+00
1077,13112,SO_TPb,0.000000000000e+00
1077,13112,IO_TPb,0.000000000000e+00
1077,13112,AO_TPb,0.000000000000e+00
1077,13112,PO_TPb,0.000000000000e+00
1077,13112,SED_TPb,0.000000000000e+00
1077,13112,SEDWSSD_TPb,0.000000000000e+00
1077,13112,SEDSCRS_TPb,0.000000000000e+00
1077,13112,SO_TZn,0.000000000000e+00
1077,13112,IO_TZn,0.000000000000e+00
1077,13112,AO_TZn,0.000000000000e+00
1077,13112,PO_TZn,0.000000000000e+00
1077,13112,SED_TZn,0.000000000000e+00
1077,13112,SEDWSSD_TZn,0.000000000000e+00
1077,13112,SEDSCRS_TZn,0.000000000000e+00
1077,13121,AREA,0.000000000000e+00
1077,13121,PREC,0.000000000000e+00
1077,13121,SURO,0.000000000000e+00
1077,13121,IFWO,0.000000000000e+00
1077,13121,AGWO,0.000000000000e+00
1077,13121,PERO,0.000000000000e+00
1077,13121,TAET,0.000000000000e+00
1077,13121,SEDLOAD,0.000000000000e+00
1077,13121,SEDWSSD, 0.00000e+00
1077,13121,SEDSCRS, 0.00000e+00
1077,13121,SEDSURO, 0.00000e+00
1077,13121,SEDIFWO, 0.00000e+00
1077,13121,SEDAGWO, 0.00000e+00
1077,13121,SO_TN,0.000000000000e+00
1077,13121,IO_TN,0.000000000000e+00
1077,13121,AO_TN,0.000000000000e+00
1077,13121,PO_TN,0.000000000000e+00
1077,13121,SO_TP,0.000000000000e+00
1077,13121,IO_TP,0.000000000000e+00
1077,13121,AO_TP,0.000000000000e+00
1077,13121,PO_TP,0.000000000000e+00
1077,13121,SED_TP,0.000000000000e+00
1077,13121,SEDWSSD_TP,0.000000000000e+00
1077,13121,SEDSCRS_TP,0.000000000000e+00
1077,13121,SO_TCd,0.000000000000e+00
1077,13121,IO_TCd,0.000000000000e+00
1077,13121,AO_TCd,0.000000000000e+00
1077,13121,PO_TCd,0.000000000000e+00
1077,13121,SED_TCd,0.000000000000e+00
1077,13121,SEDWSSD_TCd,0.000000000000e+00
1077,13121,SEDSCRS_TCd,0.000000000000e+00
1077,13121,SO_TCu,0.000000000000e+00
1077,13121,IO_TCu,0.000000000000e+00
1077,13121,AO_TCu,0.000000000000e+00
1077,13121,PO_TCu,0.000000000000e+00
1077,13121,SED_TCu,0.000000000000e+00
1077,13121,SEDWSSD_TCu,0.000000000000e+00
1077,13121,SEDSCRS_TCu,0.000000000000e+00
1077,13121,SO_TPb,0.000000000000e+00
1077,13121,IO_TPb,0.000000000000e+00
1077,13121,AO_TPb,0.000000000000e+00
1077,13121,PO_TPb,0.000000000000e+00
1077,13121,SED_TPb,0.000000000000e+00
1077,13121,SEDWSSD_TPb,0.000000000000e+00
1077,13121,SEDSCRS_TPb,0.000000000000e+00
1077,13121,SO_TZn,0.000000000000e+00
1077,13121,IO_TZn,0.000000000000e+00
1077,13121,AO_TZn,0.000000000000e+00
1077,13121,PO_TZn,0.000000000000e+00
1077,13121,SED_TZn,0.000000000000e+00
1077,13121,SEDWSSD_TZn,0.000000000000e+00
1077,13121,SEDSCRS_TZn,0.000000000000e+00
1077,13122,AREA,0.000000000000e+00
1077,13122,PREC,0.000000000000e+00
1077,13122,SURO,0.000000000000e+00
1077,13122,IFWO,0.000000000000e+00
1077,13122,AGWO,0.000000000000e+00
1077,13122,PERO,0.000000000000e+00
1077,13122,TAET,0.000000000000e+00
1077,13122,SEDLOAD,0.000000000000e+00
1077,13122,SEDWSSD, 0.00000e+00
1077,13122,SEDSCRS, 0.00000e+00
1077,13122,SEDSURO, 0.00000e+00
1077,13122,SEDIFWO, 0.00000e+00
1077,13122,SEDAGWO, 0.00000e+00
1077,13122,SO_TN,0.000000000000e+00
1077,13122,IO_TN,0.000000000000e+00
1077,13122,AO_TN,0.000000000000e+00
1077,13122,PO_TN,0.000000000000e+00
1077,13122,SO_TP,0.000000000000e+00
1077,13122,IO_TP,0.000000000000e+00
1077,13122,AO_TP,0.000000000000e+00
1077,13122,PO_TP,0.000000000000e+00
1077,13122,SED_TP,0.000000000000e+00
1077,13122,SEDWSSD_TP,0.000000000000e+00
1077,13122,SEDSCRS_TP,0.000000000000e+00
1077,13122,SO_TCd,0.000000000000e+00
1077,13122,IO_TCd,0.000000000000e+00
1077,13122,AO_TCd,0.000000000000e+00
1077,13122,PO_TCd,0.000000000000e+00
1077,13122,SED_TCd,0.000000000000e+00
1077,13122,SEDWSSD_TCd,0.000000000000e+00
1077,13122,SEDSCRS_TCd,0.000000000000e+00
1077,13122,SO_TCu,0.000000000000e+00
1077,13122,IO_TCu,0.000000000000e+00
1077,13122,AO_TCu,0.000000000000e+00
1077,13122,PO_TCu,0.000000000000e+00
1077,13122,SED_TCu,0.000000000000e+00
1077,13122,SEDWSSD_TCu,0.000000000000e+00
1077,13122,SEDSCRS_TCu,0.000000000000e+00
1077,13122,SO_TPb,0.000000000000e+00
1077,13122,IO_TPb,0.000000000000e+00
1077,13122,AO_TPb,0.000000000000e+00
1077,13122,PO_TPb,0.000000000000e+00
1077,13122,SED_TPb,0.000000000000e+00
1077,13122,SEDWSSD_TPb,0.000000000000e+00
1077,13122,SEDSCRS_TPb,0.000000000000e+00
1077,13122,SO_TZn,0.000000000000e+00
1077,13122,IO_TZn,0.000000000000e+00
1077,13122,AO_TZn,0.000000000000e+00
1077,13122,PO_TZn,0.000000000000e+00
1077,13122,SED_TZn,0.000000000000e+00
1077,13122,SEDWSSD_TZn,0.000000000000e+00
1077,13122,SEDSCRS_TZn,0.000000000000e+00
1077,13211,AREA,0.000000000000e+00
1077,13211,PREC,0.000000000000e+00
1077,13211,SURO,0.000000000000e+00
1077,13211,IFWO,0.000000000000e+00
1077,13211,AGWO,0.000000000000e+00
1077,13211,PERO,0.000000000000e+00
1077,13211,TAET,0.000000000000e+00
1077,13211,SEDLOAD,0.000000000000e+00
1077,13211,SEDWSSD, 0.00000e+00
1077,13211,SEDSCRS, 0.00000e+00
1077,13211,SEDSURO, 0.00000e+00
1077,13211,SEDIFWO, 0.00000e+00
1077,13211,SEDAGWO, 0.00000e+00
1077,13211,SO_TN,0.000000000000e+00
1077,13211,IO_TN,0.000000000000e+00
1077,13211,AO_TN,0.000000000000e+00
1077,13211,PO_TN,0.000000000000e+00
1077,13211,SO_TP,0.000000000000e+00
1077,13211,IO_TP,0.000000000000e+00
1077,13211,AO_TP,0.000000000000e+00
1077,13211,PO_TP,0.000000000000e+00
1077,13211,SED_TP,0.000000000000e+00
1077,13211,SEDWSSD_TP,0.000000000000e+00
1077,13211,SEDSCRS_TP,0.000000000000e+00
1077,13211,SO_TCd,0.000000000000e+00
1077,13211,IO_TCd,0.000000000000e+00
1077,13211,AO_TCd,0.000000000000e+00
1077,13211,PO_TCd,0.000000000000e+00
1077,13211,SED_TCd,0.000000000000e+00
1077,13211,SEDWSSD_TCd,0.000000000000e+00
1077,13211,SEDSCRS_TCd,0.000000000000e+00
1077,13211,SO_TCu,0.000000000000e+00
1077,13211,IO_TCu,0.000000000000e+00
1077,13211,AO_TCu,0.000000000000e+00
1077,13211,PO_TCu,0.000000000000e+00
1077,13211,SED_TCu,0.000000000000e+00
1077,13211,SEDWSSD_TCu,0.000000000000e+00
1077,13211,SEDSCRS_TCu,0.000000000000e+00
1077,13211,SO_TPb,0.000000000000e+00
1077,13211,IO_TPb,0.000000000000e+00
1077,13211,AO_TPb,0.000000000000e+00
1077,13211,PO_TPb,0.000000000000e+00
1077,13211,SED_TPb,0.000000000000e+00
1077,13211,SEDWSSD_TPb,0.000000000000e+00
1077,13211,SEDSCRS_TPb,0.000000000000e+00
1077,13211,SO_TZn,0.000000000000e+00
1077,13211,IO_TZn,0.000000000000e+00
1077,13211,AO_TZn,0.000000000000e+00
1077,13211,PO_TZn,0.000000000000e+00
1077,13211,SED_TZn,0.000000000000e+00
1077,13211,SEDWSSD_TZn,0.000000000000e+00
1077,13211,SEDSCRS_TZn,0.000000000000e+00
1077,13212,AREA,0.000000000000e+00
1077,13212,PREC,0.000000000000e+00
1077,13212,SURO,0.000000000000e+00
1077,13212,IFWO,0.000000000000e+00
1077,13212,AGWO,0.000000000000e+00
1077,13212,PERO,0.000000000000e+00
1077,13212,TAET,0.000000000000e+00
1077,13212,SEDLOAD,0.000000000000e+00
1077,13212,SEDWSSD, 0.00000e+00
1077,13212,SEDSCRS, 0.00000e+00
1077,13212,SEDSURO, 0.00000e+00
1077,13212,SEDIFWO, 0.00000e+00
1077,13212,SEDAGWO, 0.00000e+00
1077,13212,SO_TN,0.000000000000e+00
1077,13212,IO_TN,0.000000000000e+00
1077,13212,AO_TN,0.000000000000e+00
1077,13212,PO_TN,0.000000000000e+00
1077,13212,SO_TP,0.000000000000e+00
1077,13212,IO_TP,0.000000000000e+00
1077,13212,AO_TP,0.000000000000e+00
1077,13212,PO_TP,0.000000000000e+00
1077,13212,SED_TP,0.000000000000e+00
1077,13212,SEDWSSD_TP,0.000000000000e+00
1077,13212,SEDSCRS_TP,0.000000000000e+00
1077,13212,SO_TCd,0.000000000000e+00
1077,13212,IO_TCd,0.000000000000e+00
1077,13212,AO_TCd,0.000000000000e+00
1077,13212,PO_TCd,0.000000000000e+00
1077,13212,SED_TCd,0.000000000000e+00
1077,13212,SEDWSSD_TCd,0.000000000000e+00
1077,13212,SEDSCRS_TCd,0.000000000000e+00
1077,13212,SO_TCu,0.000000000000e+00
1077,13212,IO_TCu,0.000000000000e+00
1077,13212,AO_TCu,0.000000000000e+00
1077,13212,PO_TCu,0.000000000000e+00
1077,13212,SED_TCu,0.000000000000e+00
1077,13212,SEDWSSD_TCu,0.000000000000e+00
1077,13212,SEDSCRS_TCu,0.000000000000e+00
1077,13212,SO_TPb,0.000000000000e+00
1077,13212,IO_TPb,0.000000000000e+00
1077,13212,AO_TPb,0.000000000000e+00
1077,13212,PO_TPb,0.000000000000e+00
1077,13212,SED_TPb,0.000000000000e+00
1077,13212,SEDWSSD_TPb,0.000000000000e+00
1077,13212,SEDSCRS_TPb,0.000000000000e+00
1077,13212,SO_TZn,0.000000000000e+00
1077,13212,IO_TZn,0.000000000000e+00
1077,13212,AO_TZn,0.000000000000e+00
1077,13212,PO_TZn,0.000000000000e+00
1077,13212,SED_TZn,0.000000000000e+00
1077,13212,SEDWSSD_TZn,0.000000000000e+00
1077,13212,SEDSCRS_TZn,0.000000000000e+00
1077,13221,AREA,0.000000000000e+00
1077,13221,PREC,0.000000000000e+00
1077,13221,SURO,0.000000000000e+00
1077,13221,IFWO,0.000000000000e+00
1077,13221,AGWO,0.000000000000e+00
1077,13221,PERO,0.000000000000e+00
1077,13221,TAET,0.000000000000e+00
1077,13221,SEDLOAD,0.000000000000e+00
1077,13221,SEDWSSD, 0.00000e+00
1077,13221,SEDSCRS, 0.00000e+00
1077,13221,SEDSURO, 0.00000e+00
1077,13221,SEDIFWO, 0.00000e+00
1077,13221,SEDAGWO, 0.00000e+00
1077,13221,SO_TN,0.000000000000e+00
1077,13221,IO_TN,0.000000000000e+00
1077,13221,AO_TN,0.000000000000e+00
1077,13221,PO_TN,0.000000000000e+00
1077,13221,SO_TP,0.000000000000e+00
1077,13221,IO_TP,0.000000000000e+00
1077,13221,AO_TP,0.000000000000e+00
1077,13221,PO_TP,0.000000000000e+00
1077,13221,SED_TP,0.000000000000e+00
1077,13221,SEDWSSD_TP,0.000000000000e+00
1077,13221,SEDSCRS_TP,0.000000000000e+00
1077,13221,SO_TCd,0.000000000000e+00
1077,13221,IO_TCd,0.000000000000e+00
1077,13221,AO_TCd,0.000000000000e+00
1077,13221,PO_TCd,0.000000000000e+00
1077,13221,SED_TCd,0.000000000000e+00
1077,13221,SEDWSSD_TCd,0.000000000000e+00
1077,13221,SEDSCRS_TCd,0.000000000000e+00
1077,13221,SO_TCu,0.000000000000e+00
1077,13221,IO_TCu,0.000000000000e+00
1077,13221,AO_TCu,0.000000000000e+00
1077,13221,PO_TCu,0.000000000000e+00
1077,13221,SED_TCu,0.000000000000e+00
1077,13221,SEDWSSD_TCu,0.000000000000e+00
1077,13221,SEDSCRS_TCu,0.000000000000e+00
1077,13221,SO_TPb,0.000000000000e+00
1077,13221,IO_TPb,0.000000000000e+00
1077,13221,AO_TPb,0.000000000000e+00
1077,13221,PO_TPb,0.000000000000e+00
1077,13221,SED_TPb,0.000000000000e+00
1077,13221,SEDWSSD_TPb,0.000000000000e+00
1077,13221,SEDSCRS_TPb,0.000000000000e+00
1077,13221,SO_TZn,0.000000000000e+00
1077,13221,IO_TZn,0.000000000000e+00
1077,13221,AO_TZn,0.000000000000e+00
1077,13221,PO_TZn,0.000000000000e+00
1077,13221,SED_TZn,0.000000000000e+00
1077,13221,SEDWSSD_TZn,0.000000000000e+00
1077,13221,SEDSCRS_TZn,0.000000000000e+00
1077,13222,AREA,0.000000000000e+00
1077,13222,PREC,0.000000000000e+00
1077,13222,SURO,0.000000000000e+00
1077,13222,IFWO,0.000000000000e+00
1077,13222,AGWO,0.000000000000e+00
1077,13222,PERO,0.000000000000e+00
1077,13222,TAET,0.000000000000e+00
1077,13222,SEDLOAD,0.000000000000e+00
1077,13222,SEDWSSD, 0.00000e+00
1077,13222,SEDSCRS, 0.00000e+00
1077,13222,SEDSURO, 0.00000e+00
1077,13222,SEDIFWO, 0.00000e+00
1077,13222,SEDAGWO, 0.00000e+00
1077,13222,SO_TN,0.000000000000e+00
1077,13222,IO_TN,0.000000000000e+00
1077,13222,AO_TN,0.000000000000e+00
1077,13222,PO_TN,0.000000000000e+00
1077,13222,SO_TP,0.000000000000e+00
1077,13222,IO_TP,0.000000000000e+00
1077,13222,AO_TP,0.000000000000e+00
1077,13222,PO_TP,0.000000000000e+00
1077,13222,SED_TP,0.000000000000e+00
1077,13222,SEDWSSD_TP,0.000000000000e+00
1077,13222,SEDSCRS_TP,0.000000000000e+00
1077,13222,SO_TCd,0.000000000000e+00
1077,13222,IO_TCd,0.000000000000e+00
1077,13222,AO_TCd,0.000000000000e+00
1077,13222,PO_TCd,0.000000000000e+00
1077,13222,SED_TCd,0.000000000000e+00
1077,13222,SEDWSSD_TCd,0.000000000000e+00
1077,13222,SEDSCRS_TCd,0.000000000000e+00
1077,13222,SO_TCu,0.000000000000e+00
1077,13222,IO_TCu,0.000000000000e+00
1077,13222,AO_TCu,0.000000000000e+00
1077,13222,PO_TCu,0.000000000000e+00
1077,13222,SED_TCu,0.000000000000e+00
1077,13222,SEDWSSD_TCu,0.000000000000e+00
1077,13222,SEDSCRS_TCu,0.000000000000e+00
1077,13222,SO_TPb,0.000000000000e+00
1077,13222,IO_TPb,0.000000000000e+00
1077,13222,AO_TPb,0.000000000000e+00
1077,13222,PO_TPb,0.000000000000e+00
1077,13222,SED_TPb,0.000000000000e+00
1077,13222,SEDWSSD_TPb,0.000000000000e+00
1077,13222,SEDSCRS_TPb,0.000000000000e+00
1077,13222,SO_TZn,0.000000000000e+00
1077,13222,IO_TZn,0.000000000000e+00
1077,13222,AO_TZn,0.000000000000e+00
1077,13222,PO_TZn,0.000000000000e+00
1077,13222,SED_TZn,0.000000000000e+00
1077,13222,SEDWSSD_TZn,0.000000000000e+00
1077,13222,SEDSCRS_TZn,0.000000000000e+00
1077,13231,AREA,0.000000000000e+00
1077,13231,PREC,0.000000000000e+00
1077,13231,SURO,0.000000000000e+00
1077,13231,IFWO,0.000000000000e+00
1077,13231,AGWO,0.000000000000e+00
1077,13231,PERO,0.000000000000e+00
1077,13231,TAET,0.000000000000e+00
1077,13231,SEDLOAD,0.000000000000e+00
1077,13231,SEDWSSD, 0.00000e+00
1077,13231,SEDSCRS, 0.00000e+00
1077,13231,SEDSURO, 0.00000e+00
1077,13231,SEDIFWO, 0.00000e+00
1077,13231,SEDAGWO, 0.00000e+00
1077,13231,SO_TN,0.000000000000e+00
1077,13231,IO_TN,0.000000000000e+00
1077,13231,AO_TN,0.000000000000e+00
1077,13231,PO_TN,0.000000000000e+00
1077,13231,SO_TP,0.000000000000e+00
1077,13231,IO_TP,0.000000000000e+00
1077,13231,AO_TP,0.000000000000e+00
1077,13231,PO_TP,0.000000000000e+00
1077,13231,SED_TP,0.000000000000e+00
1077,13231,SEDWSSD_TP,0.000000000000e+00
1077,13231,SEDSCRS_TP,0.000000000000e+00
1077,13231,SO_TCd,0.000000000000e+00
1077,13231,IO_TCd,0.000000000000e+00
1077,13231,AO_TCd,0.000000000000e+00
1077,13231,PO_TCd,0.000000000000e+00
1077,13231,SED_TCd,0.000000000000e+00
1077,13231,SEDWSSD_TCd,0.000000000000e+00
1077,13231,SEDSCRS_TCd,0.000000000000e+00
1077,13231,SO_TCu,0.000000000000e+00
1077,13231,IO_TCu,0.000000000000e+00
1077,13231,AO_TCu,0.000000000000e+00
1077,13231,PO_TCu,0.000000000000e+00
1077,13231,SED_TCu,0.000000000000e+00
1077,13231,SEDWSSD_TCu,0.000000000000e+00
1077,13231,SEDSCRS_TCu,0.000000000000e+00
1077,13231,SO_TPb,0.000000000000e+00
1077,13231,IO_TPb,0.000000000000e+00
1077,13231,AO_TPb,0.000000000000e+00
1077,13231,PO_TPb,0.000000000000e+00
1077,13231,SED_TPb,0.000000000000e+00
1077,13231,SEDWSSD_TPb,0.000000000000e+00
1077,13231,SEDSCRS_TPb,0.000000000000e+00
1077,13231,SO_TZn,0.000000000000e+00
1077,13231,IO_TZn,0.000000000000e+00
1077,13231,AO_TZn,0.000000000000e+00
1077,13231,PO_TZn,0.000000000000e+00
1077,13231,SED_TZn,0.000000000000e+00
1077,13231,SEDWSSD_TZn,0.000000000000e+00
1077,13231,SEDSCRS_TZn,0.000000000000e+00
1077,13232,AREA,0.000000000000e+00
1077,13232,PREC,0.000000000000e+00
1077,13232,SURO,0.000000000000e+00
1077,13232,IFWO,0.000000000000e+00
1077,13232,AGWO,0.000000000000e+00
1077,13232,PERO,0.000000000000e+00
1077,13232,TAET,0.000000000000e+00
1077,13232,SEDLOAD,0.000000000000e+00
1077,13232,SEDWSSD, 0.00000e+00
1077,13232,SEDSCRS, 0.00000e+00
1077,13232,SEDSURO, 0.00000e+00
1077,13232,SEDIFWO, 0.00000e+00
1077,13232,SEDAGWO, 0.00000e+00
1077,13232,SO_TN,0.000000000000e+00
1077,13232,IO_TN,0.000000000000e+00
1077,13232,AO_TN,0.000000000000e+00
1077,13232,PO_TN,0.000000000000e+00
1077,13232,SO_TP,0.000000000000e+00
1077,13232,IO_TP,0.000000000000e+00
1077,13232,AO_TP,0.000000000000e+00
1077,13232,PO_TP,0.000000000000e+00
1077,13232,SED_TP,0.000000000000e+00
1077,13232,SEDWSSD_TP,0.000000000000e+00
1077,13232,SEDSCRS_TP,0.000000000000e+00
1077,13232,SO_TCd,0.000000000000e+00
1077,13232,IO_TCd,0.000000000000e+00
1077,13232,AO_TCd,0.000000000000e+00
1077,13232,PO_TCd,0.000000000000e+00
1077,13232,SED_TCd,0.000000000000e+00
1077,13232,SEDWSSD_TCd,0.000000000000e+00
1077,13232,SEDSCRS_TCd,0.000000000000e+00
1077,13232,SO_TCu,0.000000000000e+00
1077,13232,IO_TCu,0.000000000000e+00
1077,13232,AO_TCu,0.000000000000e+00
1077,13232,PO_TCu,0.000000000000e+00
1077,13232,SED_TCu,0.000000000000e+00
1077,13232,SEDWSSD_TCu,0.000000000000e+00
1077,13232,SEDSCRS_TCu,0.000000000000e+00
1077,13232,SO_TPb,0.000000000000e+00
1077,13232,IO_TPb,0.000000000000e+00
1077,13232,AO_TPb,0.000000000000e+00
1077,13232,PO_TPb,0.000000000000e+00
1077,13232,SED_TPb,0.000000000000e+00
1077,13232,SEDWSSD_TPb,0.000000000000e+00
1077,13232,SEDSCRS_TPb,0.000000000000e+00
1077,13232,SO_TZn,0.000000000000e+00
1077,13232,IO_TZn,0.000000000000e+00
1077,13232,AO_TZn,0.000000000000e+00
1077,13232,PO_TZn,0.000000000000e+00
1077,13232,SED_TZn,0.000000000000e+00
1077,13232,SEDWSSD_TZn,0.000000000000e+00
1077,13232,SEDSCRS_TZn,0.000000000000e+00
1077,13311,AREA,0.000000000000e+00
1077,13311,PREC,0.000000000000e+00
1077,13311,SURO,0.000000000000e+00
1077,13311,IFWO,0.000000000000e+00
1077,13311,AGWO,0.000000000000e+00
1077,13311,PERO,0.000000000000e+00
1077,13311,TAET,0.000000000000e+00
1077,13311,SEDLOAD,0.000000000000e+00
1077,13311,SEDWSSD, 0.00000e+00
1077,13311,SEDSCRS, 0.00000e+00
1077,13311,SEDSURO, 0.00000e+00
1077,13311,SEDIFWO, 0.00000e+00
1077,13311,SEDAGWO, 0.00000e+00
1077,13311,SO_TN,0.000000000000e+00
1077,13311,IO_TN,0.000000000000e+00
1077,13311,AO_TN,0.000000000000e+00
1077,13311,PO_TN,0.000000000000e+00
1077,13311,SO_TP,0.000000000000e+00
1077,13311,IO_TP,0.000000000000e+00
1077,13311,AO_TP,0.000000000000e+00
1077,13311,PO_TP,0.000000000000e+00
1077,13311,SED_TP,0.000000000000e+00
1077,13311,SEDWSSD_TP,0.000000000000e+00
1077,13311,SEDSCRS_TP,0.000000000000e+00
1077,13311,SO_TCd,0.000000000000e+00
1077,13311,IO_TCd,0.000000000000e+00
1077,13311,AO_TCd,0.000000000000e+00
1077,13311,PO_TCd,0.000000000000e+00
1077,13311,SED_TCd,0.000000000000e+00
1077,13311,SEDWSSD_TCd,0.000000000000e+00
1077,13311,SEDSCRS_TCd,0.000000000000e+00
1077,13311,SO_TCu,0.000000000000e+00
1077,13311,IO_TCu,0.000000000000e+00
1077,13311,AO_TCu,0.000000000000e+00
1077,13311,PO_TCu,0.000000000000e+00
1077,13311,SED_TCu,0.000000000000e+00
1077,13311,SEDWSSD_TCu,0.000000000000e+00
1077,13311,SEDSCRS_TCu,0.000000000000e+00
1077,13311,SO_TPb,0.000000000000e+00
1077,13311,IO_TPb,0.000000000000e+00
1077,13311,AO_TPb,0.000000000000e+00
1077,13311,PO_TPb,0.000000000000e+00
1077,13311,SED_TPb,0.000000000000e+00
1077,13311,SEDWSSD_TPb,0.000000000000e+00
1077,13311,SEDSCRS_TPb,0.000000000000e+00
1077,13311,SO_TZn,0.000000000000e+00
1077,13311,IO_TZn,0.000000000000e+00
1077,13311,AO_TZn,0.000000000000e+00
1077,13311,PO_TZn,0.000000000000e+00
1077,13311,SED_TZn,0.000000000000e+00
1077,13311,SEDWSSD_TZn,0.000000000000e+00
1077,13311,SEDSCRS_TZn,0.000000000000e+00
1077,13312,AREA,0.000000000000e+00
1077,13312,PREC,0.000000000000e+00
1077,13312,SURO,0.000000000000e+00
1077,13312,IFWO,0.000000000000e+00
1077,13312,AGWO,0.000000000000e+00
1077,13312,PERO,0.000000000000e+00
1077,13312,TAET,0.000000000000e+00
1077,13312,SEDLOAD,0.000000000000e+00
1077,13312,SEDWSSD, 0.00000e+00
1077,13312,SEDSCRS, 0.00000e+00
1077,13312,SEDSURO, 0.00000e+00
1077,13312,SEDIFWO, 0.00000e+00
1077,13312,SEDAGWO, 0.00000e+00
1077,13312,SO_TN,0.000000000000e+00
1077,13312,IO_TN,0.000000000000e+00
1077,13312,AO_TN,0.000000000000e+00
1077,13312,PO_TN,0.000000000000e+00
1077,13312,SO_TP,0.000000000000e+00
1077,13312,IO_TP,0.000000000000e+00
1077,13312,AO_TP,0.000000000000e+00
1077,13312,PO_TP,0.000000000000e+00
1077,13312,SED_TP,0.000000000000e+00
1077,13312,SEDWSSD_TP,0.000000000000e+00
1077,13312,SEDSCRS_TP,0.000000000000e+00
1077,13312,SO_TCd,0.000000000000e+00
1077,13312,IO_TCd,0.000000000000e+00
1077,13312,AO_TCd,0.000000000000e+00
1077,13312,PO_TCd,0.000000000000e+00
1077,13312,SED_TCd,0.000000000000e+00
1077,13312,SEDWSSD_TCd,0.000000000000e+00
1077,13312,SEDSCRS_TCd,0.000000000000e+00
1077,13312,SO_TCu,0.000000000000e+00
1077,13312,IO_TCu,0.000000000000e+00
1077,13312,AO_TCu,0.000000000000e+00
1077,13312,PO_TCu,0.000000000000e+00
1077,13312,SED_TCu,0.000000000000e+00
1077,13312,SEDWSSD_TCu,0.000000000000e+00
1077,13312,SEDSCRS_TCu,0.000000000000e+00
1077,13312,SO_TPb,0.000000000000e+00
1077,13312,IO_TPb,0.000000000000e+00
1077,13312,AO_TPb,0.000000000000e+00
1077,13312,PO_TPb,0.000000000000e+00
1077,13312,SED_TPb,0.000000000000e+00
1077,13312,SEDWSSD_TPb,0.000000000000e+00
1077,13312,SEDSCRS_TPb,0.000000000000e+00
1077,13312,SO_TZn,0.000000000000e+00
1077,13312,IO_TZn,0.000000000000e+00
1077,13312,AO_TZn,0.000000000000e+00
1077,13312,PO_TZn,0.000000000000e+00
1077,13312,SED_TZn,0.000000000000e+00
1077,13312,SEDWSSD_TZn,0.000000000000e+00
1077,13312,SEDSCRS_TZn,0.000000000000e+00
1077,13321,AREA,0.000000000000e+00
1077,13321,PREC,0.000000000000e+00
1077,13321,SURO,0.000000000000e+00
1077,13321,IFWO,0.000000000000e+00
1077,13321,AGWO,0.000000000000e+00
1077,13321,PERO,0.000000000000e+00
1077,13321,TAET,0.000000000000e+00
1077,13321,SEDLOAD,0.000000000000e+00
1077,13321,SEDWSSD, 0.00000e+00
1077,13321,SEDSCRS, 0.00000e+00
1077,13321,SEDSURO, 0.00000e+00
1077,13321,SEDIFWO, 0.00000e+00
1077,13321,SEDAGWO, 0.00000e+00
1077,13321,SO_TN,0.000000000000e+00
1077,13321,IO_TN,0.000000000000e+00
1077,13321,AO_TN,0.000000000000e+00
1077,13321,PO_TN,0.000000000000e+00
1077,13321,SO_TP,0.000000000000e+00
1077,13321,IO_TP,0.000000000000e+00
1077,13321,AO_TP,0.000000000000e+00
1077,13321,PO_TP,0.000000000000e+00
1077,13321,SED_TP,0.000000000000e+00
1077,13321,SEDWSSD_TP,0.000000000000e+00
1077,13321,SEDSCRS_TP,0.000000000000e+00
1077,13321,SO_TCd,0.000000000000e+00
1077,13321,IO_TCd,0.000000000000e+00
1077,13321,AO_TCd,0.000000000000e+00
1077,13321,PO_TCd,0.000000000000e+00
1077,13321,SED_TCd,0.000000000000e+00
1077,13321,SEDWSSD_TCd,0.000000000000e+00
1077,13321,SEDSCRS_TCd,0.000000000000e+00
1077,13321,SO_TCu,0.000000000000e+00
1077,13321,IO_TCu,0.000000000000e+00
1077,13321,AO_TCu,0.000000000000e+00
1077,13321,PO_TCu,0.000000000000e+00
1077,13321,SED_TCu,0.000000000000e+00
1077,13321,SEDWSSD_TCu,0.000000000000e+00
1077,13321,SEDSCRS_TCu,0.000000000000e+00
1077,13321,SO_TPb,0.000000000000e+00
1077,13321,IO_TPb,0.000000000000e+00
1077,13321,AO_TPb,0.000000000000e+00
1077,13321,PO_TPb,0.000000000000e+00
1077,13321,SED_TPb,0.000000000000e+00
1077,13321,SEDWSSD_TPb,0.000000000000e+00
1077,13321,SEDSCRS_TPb,0.000000000000e+00
1077,13321,SO_TZn,0.000000000000e+00
1077,13321,IO_TZn,0.000000000000e+00
1077,13321,AO_TZn,0.000000000000e+00
1077,13321,PO_TZn,0.000000000000e+00
1077,13321,SED_TZn,0.000000000000e+00
1077,13321,SEDWSSD_TZn,0.000000000000e+00
1077,13321,SEDSCRS_TZn,0.000000000000e+00
1077,13322,AREA,0.000000000000e+00
1077,13322,PREC,0.000000000000e+00
1077,13322,SURO,0.000000000000e+00
1077,13322,IFWO,0.000000000000e+00
1077,13322,AGWO,0.000000000000e+00
1077,13322,PERO,0.000000000000e+00
1077,13322,TAET,0.000000000000e+00
1077,13322,SEDLOAD,0.000000000000e+00
1077,13322,SEDWSSD, 0.00000e+00
1077,13322,SEDSCRS, 0.00000e+00
1077,13322,SEDSURO, 0.00000e+00
1077,13322,SEDIFWO, 0.00000e+00
1077,13322,SEDAGWO, 0.00000e+00
1077,13322,SO_TN,0.000000000000e+00
1077,13322,IO_TN,0.000000000000e+00
1077,13322,AO_TN,0.000000000000e+00
1077,13322,PO_TN,0.000000000000e+00
1077,13322,SO_TP,0.000000000000e+00
1077,13322,IO_TP,0.000000000000e+00
1077,13322,AO_TP,0.000000000000e+00
1077,13322,PO_TP,0.000000000000e+00
1077,13322,SED_TP,0.000000000000e+00
1077,13322,SEDWSSD_TP,0.000000000000e+00
1077,13322,SEDSCRS_TP,0.000000000000e+00
1077,13322,SO_TCd,0.000000000000e+00
1077,13322,IO_TCd,0.000000000000e+00
1077,13322,AO_TCd,0.000000000000e+00
1077,13322,PO_TCd,0.000000000000e+00
1077,13322,SED_TCd,0.000000000000e+00
1077,13322,SEDWSSD_TCd,0.000000000000e+00
1077,13322,SEDSCRS_TCd,0.000000000000e+00
1077,13322,SO_TCu,0.000000000000e+00
1077,13322,IO_TCu,0.000000000000e+00
1077,13322,AO_TCu,0.000000000000e+00
1077,13322,PO_TCu,0.000000000000e+00
1077,13322,SED_TCu,0.000000000000e+00
1077,13322,SEDWSSD_TCu,0.000000000000e+00
1077,13322,SEDSCRS_TCu,0.000000000000e+00
1077,13322,SO_TPb,0.000000000000e+00
1077,13322,IO_TPb,0.000000000000e+00
1077,13322,AO_TPb,0.000000000000e+00
1077,13322,PO_TPb,0.000000000000e+00
1077,13322,SED_TPb,0.000000000000e+00
1077,13322,SEDWSSD_TPb,0.000000000000e+00
1077,13322,SEDSCRS_TPb,0.000000000000e+00
1077,13322,SO_TZn,0.000000000000e+00
1077,13322,IO_TZn,0.000000000000e+00
1077,13322,AO_TZn,0.000000000000e+00
1077,13322,PO_TZn,0.000000000000e+00
1077,13322,SED_TZn,0.000000000000e+00
1077,13322,SEDWSSD_TZn,0.000000000000e+00
1077,13322,SEDSCRS_TZn,0.000000000000e+00
1077,13331,AREA,0.000000000000e+00
1077,13331,PREC,0.000000000000e+00
1077,13331,SURO,0.000000000000e+00
1077,13331,IFWO,0.000000000000e+00
1077,13331,AGWO,0.000000000000e+00
1077,13331,PERO,0.000000000000e+00
1077,13331,TAET,0.000000000000e+00
1077,13331,SEDLOAD,0.000000000000e+00
1077,13331,SEDWSSD, 0.00000e+00
1077,13331,SEDSCRS, 0.00000e+00
1077,13331,SEDSURO, 0.00000e+00
1077,13331,SEDIFWO, 0.00000e+00
1077,13331,SEDAGWO, 0.00000e+00
1077,13331,SO_TN,0.000000000000e+00
1077,13331,IO_TN,0.000000000000e+00
1077,13331,AO_TN,0.000000000000e+00
1077,13331,PO_TN,0.000000000000e+00
1077,13331,SO_TP,0.000000000000e+00
1077,13331,IO_TP,0.000000000000e+00
1077,13331,AO_TP,0.000000000000e+00
1077,13331,PO_TP,0.000000000000e+00
1077,13331,SED_TP,0.000000000000e+00
1077,13331,SEDWSSD_TP,0.000000000000e+00
1077,13331,SEDSCRS_TP,0.000000000000e+00
1077,13331,SO_TCd,0.000000000000e+00
1077,13331,IO_TCd,0.000000000000e+00
1077,13331,AO_TCd,0.000000000000e+00
1077,13331,PO_TCd,0.000000000000e+00
1077,13331,SED_TCd,0.000000000000e+00
1077,13331,SEDWSSD_TCd,0.000000000000e+00
1077,13331,SEDSCRS_TCd,0.000000000000e+00
1077,13331,SO_TCu,0.000000000000e+00
1077,13331,IO_TCu,0.000000000000e+00
1077,13331,AO_TCu,0.000000000000e+00
1077,13331,PO_TCu,0.000000000000e+00
1077,13331,SED_TCu,0.000000000000e+00
1077,13331,SEDWSSD_TCu,0.000000000000e+00
1077,13331,SEDSCRS_TCu,0.000000000000e+00
1077,13331,SO_TPb,0.000000000000e+00
1077,13331,IO_TPb,0.000000000000e+00
1077,13331,AO_TPb,0.000000000000e+00
1077,13331,PO_TPb,0.000000000000e+00
1077,13331,SED_TPb,0.000000000000e+00
1077,13331,SEDWSSD_TPb,0.000000000000e+00
1077,13331,SEDSCRS_TPb,0.000000000000e+00
1077,13331,SO_TZn,0.000000000000e+00
1077,13331,IO_TZn,0.000000000000e+00
1077,13331,AO_TZn,0.000000000000e+00
1077,13331,PO_TZn,0.000000000000e+00
1077,13331,SED_TZn,0.000000000000e+00
1077,13331,SEDWSSD_TZn,0.000000000000e+00
1077,13331,SEDSCRS_TZn,0.000000000000e+00
1077,13411,AREA,0.000000000000e+00
1077,13411,PREC,0.000000000000e+00
1077,13411,SURO,0.000000000000e+00
1077,13411,IFWO,0.000000000000e+00
1077,13411,AGWO,0.000000000000e+00
1077,13411,PERO,0.000000000000e+00
1077,13411,TAET,0.000000000000e+00
1077,13411,SEDLOAD,0.000000000000e+00
1077,13411,SEDWSSD, 0.00000e+00
1077,13411,SEDSCRS, 0.00000e+00
1077,13411,SEDSURO, 0.00000e+00
1077,13411,SEDIFWO, 0.00000e+00
1077,13411,SEDAGWO, 0.00000e+00
1077,13411,SO_TN,0.000000000000e+00
1077,13411,IO_TN,0.000000000000e+00
1077,13411,AO_TN,0.000000000000e+00
1077,13411,PO_TN,0.000000000000e+00
1077,13411,SO_TP,0.000000000000e+00
1077,13411,IO_TP,0.000000000000e+00
1077,13411,AO_TP,0.000000000000e+00
1077,13411,PO_TP,0.000000000000e+00
1077,13411,SED_TP,0.000000000000e+00
1077,13411,SEDWSSD_TP,0.000000000000e+00
1077,13411,SEDSCRS_TP,0.000000000000e+00
1077,13411,SO_TCd,0.000000000000e+00
1077,13411,IO_TCd,0.000000000000e+00
1077,13411,AO_TCd,0.000000000000e+00
1077,13411,PO_TCd,0.000000000000e+00
1077,13411,SED_TCd,0.000000000000e+00
1077,13411,SEDWSSD_TCd,0.000000000000e+00
1077,13411,SEDSCRS_TCd,0.000000000000e+00
1077,13411,SO_TCu,0.000000000000e+00
1077,13411,IO_TCu,0.000000000000e+00
1077,13411,AO_TCu,0.000000000000e+00
1077,13411,PO_TCu,0.000000000000e+00
1077,13411,SED_TCu,0.000000000000e+00
1077,13411,SEDWSSD_TCu,0.000000000000e+00
1077,13411,SEDSCRS_TCu,0.000000000000e+00
1077,13411,SO_TPb,0.000000000000e+00
1077,13411,IO_TPb,0.000000000000e+00
1077,13411,AO_TPb,0.000000000000e+00
1077,13411,PO_TPb,0.000000000000e+00
1077,13411,SED_TPb,0.000000000000e+00
1077,13411,SEDWSSD_TPb,0.000000000000e+00
1077,13411,SEDSCRS_TPb,0.000000000000e+00
1077,13411,SO_TZn,0.000000000000e+00
1077,13411,IO_TZn,0.000000000000e+00
1077,13411,AO_TZn,0.000000000000e+00
1077,13411,PO_TZn,0.000000000000e+00
1077,13411,SED_TZn,0.000000000000e+00
1077,13411,SEDWSSD_TZn,0.000000000000e+00
1077,13411,SEDSCRS_TZn,0.000000000000e+00
1077,13412,AREA,0.000000000000e+00
1077,13412,PREC,0.000000000000e+00
1077,13412,SURO,0.000000000000e+00
1077,13412,IFWO,0.000000000000e+00
1077,13412,AGWO,0.000000000000e+00
1077,13412,PERO,0.000000000000e+00
1077,13412,TAET,0.000000000000e+00
1077,13412,SEDLOAD,0.000000000000e+00
1077,13412,SEDWSSD, 0.00000e+00
1077,13412,SEDSCRS, 0.00000e+00
1077,13412,SEDSURO, 0.00000e+00
1077,13412,SEDIFWO, 0.00000e+00
1077,13412,SEDAGWO, 0.00000e+00
1077,13412,SO_TN,0.000000000000e+00
1077,13412,IO_TN,0.000000000000e+00
1077,13412,AO_TN,0.000000000000e+00
1077,13412,PO_TN,0.000000000000e+00
1077,13412,SO_TP,0.000000000000e+00
1077,13412,IO_TP,0.000000000000e+00
1077,13412,AO_TP,0.000000000000e+00
1077,13412,PO_TP,0.000000000000e+00
1077,13412,SED_TP,0.000000000000e+00
1077,13412,SEDWSSD_TP,0.000000000000e+00
1077,13412,SEDSCRS_TP,0.000000000000e+00
1077,13412,SO_TCd,0.000000000000e+00
1077,13412,IO_TCd,0.000000000000e+00
1077,13412,AO_TCd,0.000000000000e+00
1077,13412,PO_TCd,0.000000000000e+00
1077,13412,SED_TCd,0.000000000000e+00
1077,13412,SEDWSSD_TCd,0.000000000000e+00
1077,13412,SEDSCRS_TCd,0.000000000000e+00
1077,13412,SO_TCu,0.000000000000e+00
1077,13412,IO_TCu,0.000000000000e+00
1077,13412,AO_TCu,0.000000000000e+00
1077,13412,PO_TCu,0.000000000000e+00
1077,13412,SED_TCu,0.000000000000e+00
1077,13412,SEDWSSD_TCu,0.000000000000e+00
1077,13412,SEDSCRS_TCu,0.000000000000e+00
1077,13412,SO_TPb,0.000000000000e+00
1077,13412,IO_TPb,0.000000000000e+00
1077,13412,AO_TPb,0.000000000000e+00
1077,13412,PO_TPb,0.000000000000e+00
1077,13412,SED_TPb,0.000000000000e+00
1077,13412,SEDWSSD_TPb,0.000000000000e+00
1077,13412,SEDSCRS_TPb,0.000000000000e+00
1077,13412,SO_TZn,0.000000000000e+00
1077,13412,IO_TZn,0.000000000000e+00
1077,13412,AO_TZn,0.000000000000e+00
1077,13412,PO_TZn,0.000000000000e+00
1077,13412,SED_TZn,0.000000000000e+00
1077,13412,SEDWSSD_TZn,0.000000000000e+00
1077,13412,SEDSCRS_TZn,0.000000000000e+00
1077,13421,AREA,0.000000000000e+00
1077,13421,PREC,0.000000000000e+00
1077,13421,SURO,0.000000000000e+00
1077,13421,IFWO,0.000000000000e+00
1077,13421,AGWO,0.000000000000e+00
1077,13421,PERO,0.000000000000e+00
1077,13421,TAET,0.000000000000e+00
1077,13421,SEDLOAD,0.000000000000e+00
1077,13421,SEDWSSD, 0.00000e+00
1077,13421,SEDSCRS, 0.00000e+00
1077,13421,SEDSURO, 0.00000e+00
1077,13421,SEDIFWO, 0.00000e+00
1077,13421,SEDAGWO, 0.00000e+00
1077,13421,SO_TN,0.000000000000e+00
1077,13421,IO_TN,0.000000000000e+00
1077,13421,AO_TN,0.000000000000e+00
1077,13421,PO_TN,0.000000000000e+00
1077,13421,SO_TP,0.000000000000e+00
1077,13421,IO_TP,0.000000000000e+00
1077,13421,AO_TP,0.000000000000e+00
1077,13421,PO_TP,0.000000000000e+00
1077,13421,SED_TP,0.000000000000e+00
1077,13421,SEDWSSD_TP,0.000000000000e+00
1077,13421,SEDSCRS_TP,0.000000000000e+00
1077,13421,SO_TCd,0.000000000000e+00
1077,13421,IO_TCd,0.000000000000e+00
1077,13421,AO_TCd,0.000000000000e+00
1077,13421,PO_TCd,0.000000000000e+00
1077,13421,SED_TCd,0.000000000000e+00
1077,13421,SEDWSSD_TCd,0.000000000000e+00
1077,13421,SEDSCRS_TCd,0.000000000000e+00
1077,13421,SO_TCu,0.000000000000e+00
1077,13421,IO_TCu,0.000000000000e+00
1077,13421,AO_TCu,0.000000000000e+00
1077,13421,PO_TCu,0.000000000000e+00
1077,13421,SED_TCu,0.000000000000e+00
1077,13421,SEDWSSD_TCu,0.000000000000e+00
1077,13421,SEDSCRS_TCu,0.000000000000e+00
1077,13421,SO_TPb,0.000000000000e+00
1077,13421,IO_TPb,0.000000000000e+00
1077,13421,AO_TPb,0.000000000000e+00
1077,13421,PO_TPb,0.000000000000e+00
1077,13421,SED_TPb,0.000000000000e+00
1077,13421,SEDWSSD_TPb,0.000000000000e+00
1077,13421,SEDSCRS_TPb,0.000000000000e+00
1077,13421,SO_TZn,0.000000000000e+00
1077,13421,IO_TZn,0.000000000000e+00
1077,13421,AO_TZn,0.000000000000e+00
1077,13421,PO_TZn,0.000000000000e+00
1077,13421,SED_TZn,0.000000000000e+00
1077,13421,SEDWSSD_TZn,0.000000000000e+00
1077,13421,SEDSCRS_TZn,0.000000000000e+00
1077,13422,AREA,0.000000000000e+00
1077,13422,PREC,0.000000000000e+00
1077,13422,SURO,0.000000000000e+00
1077,13422,IFWO,0.000000000000e+00
1077,13422,AGWO,0.000000000000e+00
1077,13422,PERO,0.000000000000e+00
1077,13422,TAET,0.000000000000e+00
1077,13422,SEDLOAD,0.000000000000e+00
1077,13422,SEDWSSD, 0.00000e+00
1077,13422,SEDSCRS, 0.00000e+00
1077,13422,SEDSURO, 0.00000e+00
1077,13422,SEDIFWO, 0.00000e+00
1077,13422,SEDAGWO, 0.00000e+00
1077,13422,SO_TN,0.000000000000e+00
1077,13422,IO_TN,0.000000000000e+00
1077,13422,AO_TN,0.000000000000e+00
1077,13422,PO_TN,0.000000000000e+00
1077,13422,SO_TP,0.000000000000e+00
1077,13422,IO_TP,0.000000000000e+00
1077,13422,AO_TP,0.000000000000e+00
1077,13422,PO_TP,0.000000000000e+00
1077,13422,SED_TP,0.000000000000e+00
1077,13422,SEDWSSD_TP,0.000000000000e+00
1077,13422,SEDSCRS_TP,0.000000000000e+00
1077,13422,SO_TCd,0.000000000000e+00
1077,13422,IO_TCd,0.000000000000e+00
1077,13422,AO_TCd,0.000000000000e+00
1077,13422,PO_TCd,0.000000000000e+00
1077,13422,SED_TCd,0.000000000000e+00
1077,13422,SEDWSSD_TCd,0.000000000000e+00
1077,13422,SEDSCRS_TCd,0.000000000000e+00
1077,13422,SO_TCu,0.000000000000e+00
1077,13422,IO_TCu,0.000000000000e+00
1077,13422,AO_TCu,0.000000000000e+00
1077,13422,PO_TCu,0.000000000000e+00
1077,13422,SED_TCu,0.000000000000e+00
1077,13422,SEDWSSD_TCu,0.000000000000e+00
1077,13422,SEDSCRS_TCu,0.000000000000e+00
1077,13422,SO_TPb,0.000000000000e+00
1077,13422,IO_TPb,0.000000000000e+00
1077,13422,AO_TPb,0.000000000000e+00
1077,13422,PO_TPb,0.000000000000e+00
1077,13422,SED_TPb,0.000000000000e+00
1077,13422,SEDWSSD_TPb,0.000000000000e+00
1077,13422,SEDSCRS_TPb,0.000000000000e+00
1077,13422,SO_TZn,0.000000000000e+00
1077,13422,IO_TZn,0.000000000000e+00
1077,13422,AO_TZn,0.000000000000e+00
1077,13422,PO_TZn,0.000000000000e+00
1077,13422,SED_TZn,0.000000000000e+00
1077,13422,SEDWSSD_TZn,0.000000000000e+00
1077,13422,SEDSCRS_TZn,0.000000000000e+00
1077,13431,AREA,0.000000000000e+00
1077,13431,PREC,0.000000000000e+00
1077,13431,SURO,0.000000000000e+00
1077,13431,IFWO,0.000000000000e+00
1077,13431,AGWO,0.000000000000e+00
1077,13431,PERO,0.000000000000e+00
1077,13431,TAET,0.000000000000e+00
1077,13431,SEDLOAD,0.000000000000e+00
1077,13431,SEDWSSD, 0.00000e+00
1077,13431,SEDSCRS, 0.00000e+00
1077,13431,SEDSURO, 0.00000e+00
1077,13431,SEDIFWO, 0.00000e+00
1077,13431,SEDAGWO, 0.00000e+00
1077,13431,SO_TN,0.000000000000e+00
1077,13431,IO_TN,0.000000000000e+00
1077,13431,AO_TN,0.000000000000e+00
1077,13431,PO_TN,0.000000000000e+00
1077,13431,SO_TP,0.000000000000e+00
1077,13431,IO_TP,0.000000000000e+00
1077,13431,AO_TP,0.000000000000e+00
1077,13431,PO_TP,0.000000000000e+00
1077,13431,SED_TP,0.000000000000e+00
1077,13431,SEDWSSD_TP,0.000000000000e+00
1077,13431,SEDSCRS_TP,0.000000000000e+00
1077,13431,SO_TCd,0.000000000000e+00
1077,13431,IO_TCd,0.000000000000e+00
1077,13431,AO_TCd,0.000000000000e+00
1077,13431,PO_TCd,0.000000000000e+00
1077,13431,SED_TCd,0.000000000000e+00
1077,13431,SEDWSSD_TCd,0.000000000000e+00
1077,13431,SEDSCRS_TCd,0.000000000000e+00
1077,13431,SO_TCu,0.000000000000e+00
1077,13431,IO_TCu,0.000000000000e+00
1077,13431,AO_TCu,0.000000000000e+00
1077,13431,PO_TCu,0.000000000000e+00
1077,13431,SED_TCu,0.000000000000e+00
1077,13431,SEDWSSD_TCu,0.000000000000e+00
1077,13431,SEDSCRS_TCu,0.000000000000e+00
1077,13431,SO_TPb,0.000000000000e+00
1077,13431,IO_TPb,0.000000000000e+00
1077,13431,AO_TPb,0.000000000000e+00
1077,13431,PO_TPb,0.000000000000e+00
1077,13431,SED_TPb,0.000000000000e+00
1077,13431,SEDWSSD_TPb,0.000000000000e+00
1077,13431,SEDSCRS_TPb,0.000000000000e+00
1077,13431,SO_TZn,0.000000000000e+00
1077,13431,IO_TZn,0.000000000000e+00
1077,13431,AO_TZn,0.000000000000e+00
1077,13431,PO_TZn,0.000000000000e+00
1077,13431,SED_TZn,0.000000000000e+00
1077,13431,SEDWSSD_TZn,0.000000000000e+00
1077,13431,SEDSCRS_TZn,0.000000000000e+00
1077,13432,AREA,0.000000000000e+00
1077,13432,PREC,0.000000000000e+00
1077,13432,SURO,0.000000000000e+00
1077,13432,IFWO,0.000000000000e+00
1077,13432,AGWO,0.000000000000e+00
1077,13432,PERO,0.000000000000e+00
1077,13432,TAET,0.000000000000e+00
1077,13432,SEDLOAD,0.000000000000e+00
1077,13432,SEDWSSD, 0.00000e+00
1077,13432,SEDSCRS, 0.00000e+00
1077,13432,SEDSURO, 0.00000e+00
1077,13432,SEDIFWO, 0.00000e+00
1077,13432,SEDAGWO, 0.00000e+00
1077,13432,SO_TN,0.000000000000e+00
1077,13432,IO_TN,0.000000000000e+00
1077,13432,AO_TN,0.000000000000e+00
1077,13432,PO_TN,0.000000000000e+00
1077,13432,SO_TP,0.000000000000e+00
1077,13432,IO_TP,0.000000000000e+00
1077,13432,AO_TP,0.000000000000e+00
1077,13432,PO_TP,0.000000000000e+00
1077,13432,SED_TP,0.000000000000e+00
1077,13432,SEDWSSD_TP,0.000000000000e+00
1077,13432,SEDSCRS_TP,0.000000000000e+00
1077,13432,SO_TCd,0.000000000000e+00
1077,13432,IO_TCd,0.000000000000e+00
1077,13432,AO_TCd,0.000000000000e+00
1077,13432,PO_TCd,0.000000000000e+00
1077,13432,SED_TCd,0.000000000000e+00
1077,13432,SEDWSSD_TCd,0.000000000000e+00
1077,13432,SEDSCRS_TCd,0.000000000000e+00
1077,13432,SO_TCu,0.000000000000e+00
1077,13432,IO_TCu,0.000000000000e+00
1077,13432,AO_TCu,0.000000000000e+00
1077,13432,PO_TCu,0.000000000000e+00
1077,13432,SED_TCu,0.000000000000e+00
1077,13432,SEDWSSD_TCu,0.000000000000e+00
1077,13432,SEDSCRS_TCu,0.000000000000e+00
1077,13432,SO_TPb,0.000000000000e+00
1077,13432,IO_TPb,0.000000000000e+00
1077,13432,AO_TPb,0.000000000000e+00
1077,13432,PO_TPb,0.000000000000e+00
1077,13432,SED_TPb,0.000000000000e+00
1077,13432,SEDWSSD_TPb,0.000000000000e+00
1077,13432,SEDSCRS_TPb,0.000000000000e+00
1077,13432,SO_TZn,0.000000000000e+00
1077,13432,IO_TZn,0.000000000000e+00
1077,13432,AO_TZn,0.000000000000e+00
1077,13432,PO_TZn,0.000000000000e+00
1077,13432,SED_TZn,0.000000000000e+00
1077,13432,SEDWSSD_TZn,0.000000000000e+00
1077,13432,SEDSCRS_TZn,0.000000000000e+00
1077,14121,AREA,0.000000000000e+00
1077,14121,PREC,0.000000000000e+00
1077,14121,SURO,0.000000000000e+00
1077,14121,IFWO,0.000000000000e+00
1077,14121,AGWO,0.000000000000e+00
1077,14121,PERO,0.000000000000e+00
1077,14121,TAET,0.000000000000e+00
1077,14121,SEDLOAD,0.000000000000e+00
1077,14121,SEDWSSD, 0.00000e+00
1077,14121,SEDSCRS, 0.00000e+00
1077,14121,SEDSURO, 0.00000e+00
1077,14121,SEDIFWO, 0.00000e+00
1077,14121,SEDAGWO, 0.00000e+00
1077,14121,SO_TN,0.000000000000e+00
1077,14121,IO_TN,0.000000000000e+00
1077,14121,AO_TN,0.000000000000e+00
1077,14121,PO_TN,0.000000000000e+00
1077,14121,SO_TP,0.000000000000e+00
1077,14121,IO_TP,0.000000000000e+00
1077,14121,AO_TP,0.000000000000e+00
1077,14121,PO_TP,0.000000000000e+00
1077,14121,SED_TP,0.000000000000e+00
1077,14121,SEDWSSD_TP,0.000000000000e+00
1077,14121,SEDSCRS_TP,0.000000000000e+00
1077,14121,SO_TCd,0.000000000000e+00
1077,14121,IO_TCd,0.000000000000e+00
1077,14121,AO_TCd,0.000000000000e+00
1077,14121,PO_TCd,0.000000000000e+00
1077,14121,SED_TCd,0.000000000000e+00
1077,14121,SEDWSSD_TCd,0.000000000000e+00
1077,14121,SEDSCRS_TCd,0.000000000000e+00
1077,14121,SO_TCu,0.000000000000e+00
1077,14121,IO_TCu,0.000000000000e+00
1077,14121,AO_TCu,0.000000000000e+00
1077,14121,PO_TCu,0.000000000000e+00
1077,14121,SED_TCu,0.000000000000e+00
1077,14121,SEDWSSD_TCu,0.000000000000e+00
1077,14121,SEDSCRS_TCu,0.000000000000e+00
1077,14121,SO_TPb,0.000000000000e+00
1077,14121,IO_TPb,0.000000000000e+00
1077,14121,AO_TPb,0.000000000000e+00
1077,14121,PO_TPb,0.000000000000e+00
1077,14121,SED_TPb,0.000000000000e+00
1077,14121,SEDWSSD_TPb,0.000000000000e+00
1077,14121,SEDSCRS_TPb,0.000000000000e+00
1077,14121,SO_TZn,0.000000000000e+00
1077,14121,IO_TZn,0.000000000000e+00
1077,14121,AO_TZn,0.000000000000e+00
1077,14121,PO_TZn,0.000000000000e+00
1077,14121,SED_TZn,0.000000000000e+00
1077,14121,SEDWSSD_TZn,0.000000000000e+00
1077,14121,SEDSCRS_TZn,0.000000000000e+00
1077,14122,AREA,0.000000000000e+00
1077,14122,PREC,0.000000000000e+00
1077,14122,SURO,0.000000000000e+00
1077,14122,IFWO,0.000000000000e+00
1077,14122,AGWO,0.000000000000e+00
1077,14122,PERO,0.000000000000e+00
1077,14122,TAET,0.000000000000e+00
1077,14122,SEDLOAD,0.000000000000e+00
1077,14122,SEDWSSD, 0.00000e+00
1077,14122,SEDSCRS, 0.00000e+00
1077,14122,SEDSURO, 0.00000e+00
1077,14122,SEDIFWO, 0.00000e+00
1077,14122,SEDAGWO, 0.00000e+00
1077,14122,SO_TN,0.000000000000e+00
1077,14122,IO_TN,0.000000000000e+00
1077,14122,AO_TN,0.000000000000e+00
1077,14122,PO_TN,0.000000000000e+00
1077,14122,SO_TP,0.000000000000e+00
1077,14122,IO_TP,0.000000000000e+00
1077,14122,AO_TP,0.000000000000e+00
1077,14122,PO_TP,0.000000000000e+00
1077,14122,SED_TP,0.000000000000e+00
1077,14122,SEDWSSD_TP,0.000000000000e+00
1077,14122,SEDSCRS_TP,0.000000000000e+00
1077,14122,SO_TCd,0.000000000000e+00
1077,14122,IO_TCd,0.000000000000e+00
1077,14122,AO_TCd,0.000000000000e+00
1077,14122,PO_TCd,0.000000000000e+00
1077,14122,SED_TCd,0.000000000000e+00
1077,14122,SEDWSSD_TCd,0.000000000000e+00
1077,14122,SEDSCRS_TCd,0.000000000000e+00
1077,14122,SO_TCu,0.000000000000e+00
1077,14122,IO_TCu,0.000000000000e+00
1077,14122,AO_TCu,0.000000000000e+00
1077,14122,PO_TCu,0.000000000000e+00
1077,14122,SED_TCu,0.000000000000e+00
1077,14122,SEDWSSD_TCu,0.000000000000e+00
1077,14122,SEDSCRS_TCu,0.000000000000e+00
1077,14122,SO_TPb,0.000000000000e+00
1077,14122,IO_TPb,0.000000000000e+00
1077,14122,AO_TPb,0.000000000000e+00
1077,14122,PO_TPb,0.000000000000e+00
1077,14122,SED_TPb,0.000000000000e+00
1077,14122,SEDWSSD_TPb,0.000000000000e+00
1077,14122,SEDSCRS_TPb,0.000000000000e+00
1077,14122,SO_TZn,0.000000000000e+00
1077,14122,IO_TZn,0.000000000000e+00
1077,14122,AO_TZn,0.000000000000e+00
1077,14122,PO_TZn,0.000000000000e+00
1077,14122,SED_TZn,0.000000000000e+00
1077,14122,SEDWSSD_TZn,0.000000000000e+00
1077,14122,SEDSCRS_TZn,0.000000000000e+00
1077,14131,AREA,0.000000000000e+00
1077,14131,PREC,0.000000000000e+00
1077,14131,SURO,0.000000000000e+00
1077,14131,IFWO,0.000000000000e+00
1077,14131,AGWO,0.000000000000e+00
1077,14131,PERO,0.000000000000e+00
1077,14131,TAET,0.000000000000e+00
1077,14131,SEDLOAD,0.000000000000e+00
1077,14131,SEDWSSD, 0.00000e+00
1077,14131,SEDSCRS, 0.00000e+00
1077,14131,SEDSURO, 0.00000e+00
1077,14131,SEDIFWO, 0.00000e+00
1077,14131,SEDAGWO, 0.00000e+00
1077,14131,SO_TN,0.000000000000e+00
1077,14131,IO_TN,0.000000000000e+00
1077,14131,AO_TN,0.000000000000e+00
1077,14131,PO_TN,0.000000000000e+00
1077,14131,SO_TP,0.000000000000e+00
1077,14131,IO_TP,0.000000000000e+00
1077,14131,AO_TP,0.000000000000e+00
1077,14131,PO_TP,0.000000000000e+00
1077,14131,SED_TP,0.000000000000e+00
1077,14131,SEDWSSD_TP,0.000000000000e+00
1077,14131,SEDSCRS_TP,0.000000000000e+00
1077,14131,SO_TCd,0.000000000000e+00
1077,14131,IO_TCd,0.000000000000e+00
1077,14131,AO_TCd,0.000000000000e+00
1077,14131,PO_TCd,0.000000000000e+00
1077,14131,SED_TCd,0.000000000000e+00
1077,14131,SEDWSSD_TCd,0.000000000000e+00
1077,14131,SEDSCRS_TCd,0.000000000000e+00
1077,14131,SO_TCu,0.000000000000e+00
1077,14131,IO_TCu,0.000000000000e+00
1077,14131,AO_TCu,0.000000000000e+00
1077,14131,PO_TCu,0.000000000000e+00
1077,14131,SED_TCu,0.000000000000e+00
1077,14131,SEDWSSD_TCu,0.000000000000e+00
1077,14131,SEDSCRS_TCu,0.000000000000e+00
1077,14131,SO_TPb,0.000000000000e+00
1077,14131,IO_TPb,0.000000000000e+00
1077,14131,AO_TPb,0.000000000000e+00
1077,14131,PO_TPb,0.000000000000e+00
1077,14131,SED_TPb,0.000000000000e+00
1077,14131,SEDWSSD_TPb,0.000000000000e+00
1077,14131,SEDSCRS_TPb,0.000000000000e+00
1077,14131,SO_TZn,0.000000000000e+00
1077,14131,IO_TZn,0.000000000000e+00
1077,14131,AO_TZn,0.000000000000e+00
1077,14131,PO_TZn,0.000000000000e+00
1077,14131,SED_TZn,0.000000000000e+00
1077,14131,SEDWSSD_TZn,0.000000000000e+00
1077,14131,SEDSCRS_TZn,0.000000000000e+00
1077,14132,AREA,0.000000000000e+00
1077,14132,PREC,0.000000000000e+00
1077,14132,SURO,0.000000000000e+00
1077,14132,IFWO,0.000000000000e+00
1077,14132,AGWO,0.000000000000e+00
1077,14132,PERO,0.000000000000e+00
1077,14132,TAET,0.000000000000e+00
1077,14132,SEDLOAD,0.000000000000e+00
1077,14132,SEDWSSD, 0.00000e+00
1077,14132,SEDSCRS, 0.00000e+00
1077,14132,SEDSURO, 0.00000e+00
1077,14132,SEDIFWO, 0.00000e+00
1077,14132,SEDAGWO, 0.00000e+00
1077,14132,SO_TN,0.000000000000e+00
1077,14132,IO_TN,0.000000000000e+00
1077,14132,AO_TN,0.000000000000e+00
1077,14132,PO_TN,0.000000000000e+00
1077,14132,SO_TP,0.000000000000e+00
1077,14132,IO_TP,0.000000000000e+00
1077,14132,AO_TP,0.000000000000e+00
1077,14132,PO_TP,0.000000000000e+00
1077,14132,SED_TP,0.000000000000e+00
1077,14132,SEDWSSD_TP,0.000000000000e+00
1077,14132,SEDSCRS_TP,0.000000000000e+00
1077,14132,SO_TCd,0.000000000000e+00
1077,14132,IO_TCd,0.000000000000e+00
1077,14132,AO_TCd,0.000000000000e+00
1077,14132,PO_TCd,0.000000000000e+00
1077,14132,SED_TCd,0.000000000000e+00
1077,14132,SEDWSSD_TCd,0.000000000000e+00
1077,14132,SEDSCRS_TCd,0.000000000000e+00
1077,14132,SO_TCu,0.000000000000e+00
1077,14132,IO_TCu,0.000000000000e+00
1077,14132,AO_TCu,0.000000000000e+00
1077,14132,PO_TCu,0.000000000000e+00
1077,14132,SED_TCu,0.000000000000e+00
1077,14132,SEDWSSD_TCu,0.000000000000e+00
1077,14132,SEDSCRS_TCu,0.000000000000e+00
1077,14132,SO_TPb,0.000000000000e+00
1077,14132,IO_TPb,0.000000000000e+00
1077,14132,AO_TPb,0.000000000000e+00
1077,14132,PO_TPb,0.000000000000e+00
1077,14132,SED_TPb,0.000000000000e+00
1077,14132,SEDWSSD_TPb,0.000000000000e+00
1077,14132,SEDSCRS_TPb,0.000000000000e+00
1077,14132,SO_TZn,0.000000000000e+00
1077,14132,IO_TZn,0.000000000000e+00
1077,14132,AO_TZn,0.000000000000e+00
1077,14132,PO_TZn,0.000000000000e+00
1077,14132,SED_TZn,0.000000000000e+00
1077,14132,SEDWSSD_TZn,0.000000000000e+00
1077,14132,SEDSCRS_TZn,0.000000000000e+00
1077,14221,AREA,3.549405399993e+01
1077,14221,PREC,3.326615256934e+02
1077,14221,SURO,1.181944843798e-02
1077,14221,IFWO,1.294155903539e-02
1077,14221,AGWO,1.378685117274e+01
1077,14221,PERO,1.381161218022e+01
1077,14221,TAET,3.188499381890e+02
1077,14221,SEDLOAD,1.563961497926e-03
1077,14221,SEDWSSD, 3.45234e-07
1077,14221,SEDSCRS, 8.29201e-09
1077,14221,SEDSURO, 0.00000e+00
1077,14221,SEDIFWO, 1.46636e-06
1077,14221,SEDAGWO, 1.56214e-03
1077,14221,SO_TN,7.134090950143e-03
1077,14221,IO_TN,2.932732565955e-03
1077,14221,AO_TN,1.562143606722e+00
1077,14221,PO_TN,1.572210430238e+00
1077,14221,SO_TP,7.070512056705e-07
1077,14221,IO_TP,5.865465131911e-04
1077,14221,AO_TP,6.248574426888e-01
1077,14221,PO_TP,6.254446962532e-01
1077,14221,SED_TP,7.070512056705e-07
1077,14221,SEDWSSD_TP,6.904671935546e-07
1077,14221,SEDSCRS_TP,1.658401211598e-08
1077,14221,SO_TCd,3.535256028353e-10
1077,14221,IO_TCd,0.000000000000e+00
1077,14221,AO_TCd,0.000000000000e+00
1077,14221,PO_TCd,3.535256028353e-10
1077,14221,SED_TCd,3.535256028353e-10
1077,14221,SEDWSSD_TCd,3.452335967773e-10
1077,14221,SEDSCRS_TCd,8.292006057989e-12
1077,14221,SO_TCu,3.535256028353e-08
1077,14221,IO_TCu,0.000000000000e+00
1077,14221,AO_TCu,0.000000000000e+00
1077,14221,PO_TCu,3.535256028353e-08
1077,14221,SED_TCu,3.535256028353e-08
1077,14221,SEDWSSD_TCu,3.452335967773e-08
1077,14221,SEDSCRS_TCu,8.292006057989e-10
1077,14221,SO_TPb,3.535256028353e-09
1077,14221,IO_TPb,0.000000000000e+00
1077,14221,AO_TPb,0.000000000000e+00
1077,14221,PO_TPb,3.535256028353e-09
1077,14221,SED_TPb,3.535256028353e-09
1077,14221,SEDWSSD_TPb,3.452335967773e-09
1077,14221,SEDSCRS_TPb,8.292006057989e-11
1077,14221,SO_TZn,2.545384340414e-07
1077,14221,IO_TZn,0.000000000000e+00
1077,14221,AO_TZn,1.562143606722e-01
1077,14221,PO_TZn,1.562146152106e-01
1077,14221,SED_TZn,2.545384340414e-07
1077,14221,SEDWSSD_TZn,2.485681896796e-07
1077,14221,SEDSCRS_TZn,5.970244361752e-09
1077,14222,AREA,0.000000000000e+00
1077,14222,PREC,0.000000000000e+00
1077,14222,SURO,0.000000000000e+00
1077,14222,IFWO,0.000000000000e+00
1077,14222,AGWO,0.000000000000e+00
1077,14222,PERO,0.000000000000e+00
1077,14222,TAET,0.000000000000e+00
1077,14222,SEDLOAD,0.000000000000e+00
1077,14222,SEDWSSD, 0.00000e+00
1077,14222,SEDSCRS, 0.00000e+00
1077,14222,SEDSURO, 0.00000e+00
1077,14222,SEDIFWO, 0.00000e+00
1077,14222,SEDAGWO, 0.00000e+00
1077,14222,SO_TN,0.000000000000e+00
1077,14222,IO_TN,0.000000000000e+00
1077,14222,AO_TN,0.000000000000e+00
1077,14222,PO_TN,0.000000000000e+00
1077,14222,SO_TP,0.000000000000e+00
1077,14222,IO_TP,0.000000000000e+00
1077,14222,AO_TP,0.000000000000e+00
1077,14222,PO_TP,0.000000000000e+00
1077,14222,SED_TP,0.000000000000e+00
1077,14222,SEDWSSD_TP,0.000000000000e+00
1077,14222,SEDSCRS_TP,0.000000000000e+00
1077,14222,SO_TCd,0.000000000000e+00
1077,14222,IO_TCd,0.000000000000e+00
1077,14222,AO_TCd,0.000000000000e+00
1077,14222,PO_TCd,0.000000000000e+00
1077,14222,SED_TCd,0.000000000000e+00
1077,14222,SEDWSSD_TCd,0.000000000000e+00
1077,14222,SEDSCRS_TCd,0.000000000000e+00
1077,14222,SO_TCu,0.000000000000e+00
1077,14222,IO_TCu,0.000000000000e+00
1077,14222,AO_TCu,0.000000000000e+00
1077,14222,PO_TCu,0.000000000000e+00
1077,14222,SED_TCu,0.000000000000e+00
1077,14222,SEDWSSD_TCu,0.000000000000e+00
1077,14222,SEDSCRS_TCu,0.000000000000e+00
1077,14222,SO_TPb,0.000000000000e+00
1077,14222,IO_TPb,0.000000000000e+00
1077,14222,AO_TPb,0.000000000000e+00
1077,14222,PO_TPb,0.000000000000e+00
1077,14222,SED_TPb,0.000000000000e+00
1077,14222,SEDWSSD_TPb,0.000000000000e+00
1077,14222,SEDSCRS_TPb,0.000000000000e+00
1077,14222,SO_TZn,0.000000000000e+00
1077,14222,IO_TZn,0.000000000000e+00
1077,14222,AO_TZn,0.000000000000e+00
1077,14222,PO_TZn,0.000000000000e+00
1077,14222,SED_TZn,0.000000000000e+00
1077,14222,SEDWSSD_TZn,0.000000000000e+00
1077,14222,SEDSCRS_TZn,0.000000000000e+00
1077,14231,AREA,0.000000000000e+00
1077,14231,PREC,0.000000000000e+00
1077,14231,SURO,0.000000000000e+00
1077,14231,IFWO,0.000000000000e+00
1077,14231,AGWO,0.000000000000e+00
1077,14231,PERO,0.000000000000e+00
1077,14231,TAET,0.000000000000e+00
1077,14231,SEDLOAD,0.000000000000e+00
1077,14231,SEDWSSD, 0.00000e+00
1077,14231,SEDSCRS, 0.00000e+00
1077,14231,SEDSURO, 0.00000e+00
1077,14231,SEDIFWO, 0.00000e+00
1077,14231,SEDAGWO, 0.00000e+00
1077,14231,SO_TN,0.000000000000e+00
1077,14231,IO_TN,0.000000000000e+00
1077,14231,AO_TN,0.000000000000e+00
1077,14231,PO_TN,0.000000000000e+00
1077,14231,SO_TP,0.000000000000e+00
1077,14231,IO_TP,0.000000000000e+00
1077,14231,AO_TP,0.000000000000e+00
1077,14231,PO_TP,0.000000000000e+00
1077,14231,SED_TP,0.000000000000e+00
1077,14231,SEDWSSD_TP,0.000000000000e+00
1077,14231,SEDSCRS_TP,0.000000000000e+00
1077,14231,SO_TCd,0.000000000000e+00
1077,14231,IO_TCd,0.000000000000e+00
1077,14231,AO_TCd,0.000000000000e+00
1077,14231,PO_TCd,0.000000000000e+00
1077,14231,SED_TCd,0.000000000000e+00
1077,14231,SEDWSSD_TCd,0.000000000000e+00
1077,14231,SEDSCRS_TCd,0.000000000000e+00
1077,14231,SO_TCu,0.000000000000e+00
1077,14231,IO_TCu,0.000000000000e+00
1077,14231,AO_TCu,0.000000000000e+00
1077,14231,PO_TCu,0.000000000000e+00
1077,14231,SED_TCu,0.000000000000e+00
1077,14231,SEDWSSD_TCu,0.000000000000e+00
1077,14231,SEDSCRS_TCu,0.000000000000e+00
1077,14231,SO_TPb,0.000000000000e+00
1077,14231,IO_TPb,0.000000000000e+00
1077,14231,AO_TPb,0.000000000000e+00
1077,14231,PO_TPb,0.000000000000e+00
1077,14231,SED_TPb,0.000000000000e+00
1077,14231,SEDWSSD_TPb,0.000000000000e+00
1077,14231,SEDSCRS_TPb,0.000000000000e+00
1077,14231,SO_TZn,0.000000000000e+00
1077,14231,IO_TZn,0.000000000000e+00
1077,14231,AO_TZn,0.000000000000e+00
1077,14231,PO_TZn,0.000000000000e+00
1077,14231,SED_TZn,0.000000000000e+00
1077,14231,SEDWSSD_TZn,0.000000000000e+00
1077,14231,SEDSCRS_TZn,0.000000000000e+00
1077,14232,AREA,0.000000000000e+00
1077,14232,PREC,0.000000000000e+00
1077,14232,SURO,0.000000000000e+00
1077,14232,IFWO,0.000000000000e+00
1077,14232,AGWO,0.000000000000e+00
1077,14232,PERO,0.000000000000e+00
1077,14232,TAET,0.000000000000e+00
1077,14232,SEDLOAD,0.000000000000e+00
1077,14232,SEDWSSD, 0.00000e+00
1077,14232,SEDSCRS, 0.00000e+00
1077,14232,SEDSURO, 0.00000e+00
1077,14232,SEDIFWO, 0.00000e+00
1077,14232,SEDAGWO, 0.00000e+00
1077,14232,SO_TN,0.000000000000e+00
1077,14232,IO_TN,0.000000000000e+00
1077,14232,AO_TN,0.000000000000e+00
1077,14232,PO_TN,0.000000000000e+00
1077,14232,SO_TP,0.000000000000e+00
1077,14232,IO_TP,0.000000000000e+00
1077,14232,AO_TP,0.000000000000e+00
1077,14232,PO_TP,0.000000000000e+00
1077,14232,SED_TP,0.000000000000e+00
1077,14232,SEDWSSD_TP,0.000000000000e+00
1077,14232,SEDSCRS_TP,0.000000000000e+00
1077,14232,SO_TCd,0.000000000000e+00
1077,14232,IO_TCd,0.000000000000e+00
1077,14232,AO_TCd,0.000000000000e+00
1077,14232,PO_TCd,0.000000000000e+00
1077,14232,SED_TCd,0.000000000000e+00
1077,14232,SEDWSSD_TCd,0.000000000000e+00
1077,14232,SEDSCRS_TCd,0.000000000000e+00
1077,14232,SO_TCu,0.000000000000e+00
1077,14232,IO_TCu,0.000000000000e+00
1077,14232,AO_TCu,0.000000000000e+00
1077,14232,PO_TCu,0.000000000000e+00
1077,14232,SED_TCu,0.000000000000e+00
1077,14232,SEDWSSD_TCu,0.000000000000e+00
1077,14232,SEDSCRS_TCu,0.000000000000e+00
1077,14232,SO_TPb,0.000000000000e+00
1077,14232,IO_TPb,0.000000000000e+00
1077,14232,AO_TPb,0.000000000000e+00
1077,14232,PO_TPb,0.000000000000e+00
1077,14232,SED_TPb,0.000000000000e+00
1077,14232,SEDWSSD_TPb,0.000000000000e+00
1077,14232,SEDSCRS_TPb,0.000000000000e+00
1077,14232,SO_TZn,0.000000000000e+00
1077,14232,IO_TZn,0.000000000000e+00
1077,14232,AO_TZn,0.000000000000e+00
1077,14232,PO_TZn,0.000000000000e+00
1077,14232,SED_TZn,0.000000000000e+00
1077,14232,SEDWSSD_TZn,0.000000000000e+00
1077,14232,SEDSCRS_TZn,0.000000000000e+00
1077,14321,AREA,0.000000000000e+00
1077,14321,PREC,0.000000000000e+00
1077,14321,SURO,0.000000000000e+00
1077,14321,IFWO,0.000000000000e+00
1077,14321,AGWO,0.000000000000e+00
1077,14321,PERO,0.000000000000e+00
1077,14321,TAET,0.000000000000e+00
1077,14321,SEDLOAD,0.000000000000e+00
1077,14321,SEDWSSD, 0.00000e+00
1077,14321,SEDSCRS, 0.00000e+00
1077,14321,SEDSURO, 0.00000e+00
1077,14321,SEDIFWO, 0.00000e+00
1077,14321,SEDAGWO, 0.00000e+00
1077,14321,SO_TN,0.000000000000e+00
1077,14321,IO_TN,0.000000000000e+00
1077,14321,AO_TN,0.000000000000e+00
1077,14321,PO_TN,0.000000000000e+00
1077,14321,SO_TP,0.000000000000e+00
1077,14321,IO_TP,0.000000000000e+00
1077,14321,AO_TP,0.000000000000e+00
1077,14321,PO_TP,0.000000000000e+00
1077,14321,SED_TP,0.000000000000e+00
1077,14321,SEDWSSD_TP,0.000000000000e+00
1077,14321,SEDSCRS_TP,0.000000000000e+00
1077,14321,SO_TCd,0.000000000000e+00
1077,14321,IO_TCd,0.000000000000e+00
1077,14321,AO_TCd,0.000000000000e+00
1077,14321,PO_TCd,0.000000000000e+00
1077,14321,SED_TCd,0.000000000000e+00
1077,14321,SEDWSSD_TCd,0.000000000000e+00
1077,14321,SEDSCRS_TCd,0.000000000000e+00
1077,14321,SO_TCu,0.000000000000e+00
1077,14321,IO_TCu,0.000000000000e+00
1077,14321,AO_TCu,0.000000000000e+00
1077,14321,PO_TCu,0.000000000000e+00
1077,14321,SED_TCu,0.000000000000e+00
1077,14321,SEDWSSD_TCu,0.000000000000e+00
1077,14321,SEDSCRS_TCu,0.000000000000e+00
1077,14321,SO_TPb,0.000000000000e+00
1077,14321,IO_TPb,0.000000000000e+00
1077,14321,AO_TPb,0.000000000000e+00
1077,14321,PO_TPb,0.000000000000e+00
1077,14321,SED_TPb,0.000000000000e+00
1077,14321,SEDWSSD_TPb,0.000000000000e+00
1077,14321,SEDSCRS_TPb,0.000000000000e+00
1077,14321,SO_TZn,0.000000000000e+00
1077,14321,IO_TZn,0.000000000000e+00
1077,14321,AO_TZn,0.000000000000e+00
1077,14321,PO_TZn,0.000000000000e+00
1077,14321,SED_TZn,0.000000000000e+00
1077,14321,SEDWSSD_TZn,0.000000000000e+00
1077,14321,SEDSCRS_TZn,0.000000000000e+00
1077,14322,AREA,0.000000000000e+00
1077,14322,PREC,0.000000000000e+00
1077,14322,SURO,0.000000000000e+00
1077,14322,IFWO,0.000000000000e+00
1077,14322,AGWO,0.000000000000e+00
1077,14322,PERO,0.000000000000e+00
1077,14322,TAET,0.000000000000e+00
1077,14322,SEDLOAD,0.000000000000e+00
1077,14322,SEDWSSD, 0.00000e+00
1077,14322,SEDSCRS, 0.00000e+00
1077,14322,SEDSURO, 0.00000e+00
1077,14322,SEDIFWO, 0.00000e+00
1077,14322,SEDAGWO, 0.00000e+00
1077,14322,SO_TN,0.000000000000e+00
1077,14322,IO_TN,0.000000000000e+00
1077,14322,AO_TN,0.000000000000e+00
1077,14322,PO_TN,0.000000000000e+00
1077,14322,SO_TP,0.000000000000e+00
1077,14322,IO_TP,0.000000000000e+00
1077,14322,AO_TP,0.000000000000e+00
1077,14322,PO_TP,0.000000000000e+00
1077,14322,SED_TP,0.000000000000e+00
1077,14322,SEDWSSD_TP,0.000000000000e+00
1077,14322,SEDSCRS_TP,0.000000000000e+00
1077,14322,SO_TCd,0.000000000000e+00
1077,14322,IO_TCd,0.000000000000e+00
1077,14322,AO_TCd,0.000000000000e+00
1077,14322,PO_TCd,0.000000000000e+00
1077,14322,SED_TCd,0.000000000000e+00
1077,14322,SEDWSSD_TCd,0.000000000000e+00
1077,14322,SEDSCRS_TCd,0.000000000000e+00
1077,14322,SO_TCu,0.000000000000e+00
1077,14322,IO_TCu,0.000000000000e+00
1077,14322,AO_TCu,0.000000000000e+00
1077,14322,PO_TCu,0.000000000000e+00
1077,14322,SED_TCu,0.000000000000e+00
1077,14322,SEDWSSD_TCu,0.000000000000e+00
1077,14322,SEDSCRS_TCu,0.000000000000e+00
1077,14322,SO_TPb,0.000000000000e+00
1077,14322,IO_TPb,0.000000000000e+00
1077,14322,AO_TPb,0.000000000000e+00
1077,14322,PO_TPb,0.000000000000e+00
1077,14322,SED_TPb,0.000000000000e+00
1077,14322,SEDWSSD_TPb,0.000000000000e+00
1077,14322,SEDSCRS_TPb,0.000000000000e+00
1077,14322,SO_TZn,0.000000000000e+00
1077,14322,IO_TZn,0.000000000000e+00
1077,14322,AO_TZn,0.000000000000e+00
1077,14322,PO_TZn,0.000000000000e+00
1077,14322,SED_TZn,0.000000000000e+00
1077,14322,SEDWSSD_TZn,0.000000000000e+00
1077,14322,SEDSCRS_TZn,0.000000000000e+00
1077,14331,AREA,0.000000000000e+00
1077,14331,PREC,0.000000000000e+00
1077,14331,SURO,0.000000000000e+00
1077,14331,IFWO,0.000000000000e+00
1077,14331,AGWO,0.000000000000e+00
1077,14331,PERO,0.000000000000e+00
1077,14331,TAET,0.000000000000e+00
1077,14331,SEDLOAD,0.000000000000e+00
1077,14331,SEDWSSD, 0.00000e+00
1077,14331,SEDSCRS, 0.00000e+00
1077,14331,SEDSURO, 0.00000e+00
1077,14331,SEDIFWO, 0.00000e+00
1077,14331,SEDAGWO, 0.00000e+00
1077,14331,SO_TN,0.000000000000e+00
1077,14331,IO_TN,0.000000000000e+00
1077,14331,AO_TN,0.000000000000e+00
1077,14331,PO_TN,0.000000000000e+00
1077,14331,SO_TP,0.000000000000e+00
1077,14331,IO_TP,0.000000000000e+00
1077,14331,AO_TP,0.000000000000e+00
1077,14331,PO_TP,0.000000000000e+00
1077,14331,SED_TP,0.000000000000e+00
1077,14331,SEDWSSD_TP,0.000000000000e+00
1077,14331,SEDSCRS_TP,0.000000000000e+00
1077,14331,SO_TCd,0.000000000000e+00
1077,14331,IO_TCd,0.000000000000e+00
1077,14331,AO_TCd,0.000000000000e+00
1077,14331,PO_TCd,0.000000000000e+00
1077,14331,SED_TCd,0.000000000000e+00
1077,14331,SEDWSSD_TCd,0.000000000000e+00
1077,14331,SEDSCRS_TCd,0.000000000000e+00
1077,14331,SO_TCu,0.000000000000e+00
1077,14331,IO_TCu,0.000000000000e+00
1077,14331,AO_TCu,0.000000000000e+00
1077,14331,PO_TCu,0.000000000000e+00
1077,14331,SED_TCu,0.000000000000e+00
1077,14331,SEDWSSD_TCu,0.000000000000e+00
1077,14331,SEDSCRS_TCu,0.000000000000e+00
1077,14331,SO_TPb,0.000000000000e+00
1077,14331,IO_TPb,0.000000000000e+00
1077,14331,AO_TPb,0.000000000000e+00
1077,14331,PO_TPb,0.000000000000e+00
1077,14331,SED_TPb,0.000000000000e+00
1077,14331,SEDWSSD_TPb,0.000000000000e+00
1077,14331,SEDSCRS_TPb,0.000000000000e+00
1077,14331,SO_TZn,0.000000000000e+00
1077,14331,IO_TZn,0.000000000000e+00
1077,14331,AO_TZn,0.000000000000e+00
1077,14331,PO_TZn,0.000000000000e+00
1077,14331,SED_TZn,0.000000000000e+00
1077,14331,SEDWSSD_TZn,0.000000000000e+00
1077,14331,SEDSCRS_TZn,0.000000000000e+00
1077,14332,AREA,0.000000000000e+00
1077,14332,PREC,0.000000000000e+00
1077,14332,SURO,0.000000000000e+00
1077,14332,IFWO,0.000000000000e+00
1077,14332,AGWO,0.000000000000e+00
1077,14332,PERO,0.000000000000e+00
1077,14332,TAET,0.000000000000e+00
1077,14332,SEDLOAD,0.000000000000e+00
1077,14332,SEDWSSD, 0.00000e+00
1077,14332,SEDSCRS, 0.00000e+00
1077,14332,SEDSURO, 0.00000e+00
1077,14332,SEDIFWO, 0.00000e+00
1077,14332,SEDAGWO, 0.00000e+00
1077,14332,SO_TN,0.000000000000e+00
1077,14332,IO_TN,0.000000000000e+00
1077,14332,AO_TN,0.000000000000e+00
1077,14332,PO_TN,0.000000000000e+00
1077,14332,SO_TP,0.000000000000e+00
1077,14332,IO_TP,0.000000000000e+00
1077,14332,AO_TP,0.000000000000e+00
1077,14332,PO_TP,0.000000000000e+00
1077,14332,SED_TP,0.000000000000e+00
1077,14332,SEDWSSD_TP,0.000000000000e+00
1077,14332,SEDSCRS_TP,0.000000000000e+00
1077,14332,SO_TCd,0.000000000000e+00
1077,14332,IO_TCd,0.000000000000e+00
1077,14332,AO_TCd,0.000000000000e+00
1077,14332,PO_TCd,0.000000000000e+00
1077,14332,SED_TCd,0.000000000000e+00
1077,14332,SEDWSSD_TCd,0.000000000000e+00
1077,14332,SEDSCRS_TCd,0.000000000000e+00
1077,14332,SO_TCu,0.000000000000e+00
1077,14332,IO_TCu,0.000000000000e+00
1077,14332,AO_TCu,0.000000000000e+00
1077,14332,PO_TCu,0.000000000000e+00
1077,14332,SED_TCu,0.000000000000e+00
1077,14332,SEDWSSD_TCu,0.000000000000e+00
1077,14332,SEDSCRS_TCu,0.000000000000e+00
1077,14332,SO_TPb,0.000000000000e+00
1077,14332,IO_TPb,0.000000000000e+00
1077,14332,AO_TPb,0.000000000000e+00
1077,14332,PO_TPb,0.000000000000e+00
1077,14332,SED_TPb,0.000000000000e+00
1077,14332,SEDWSSD_TPb,0.000000000000e+00
1077,14332,SEDSCRS_TPb,0.000000000000e+00
1077,14332,SO_TZn,0.000000000000e+00
1077,14332,IO_TZn,0.000000000000e+00
1077,14332,AO_TZn,0.000000000000e+00
1077,14332,PO_TZn,0.000000000000e+00
1077,14332,SED_TZn,0.000000000000e+00
1077,14332,SEDWSSD_TZn,0.000000000000e+00
1077,14332,SEDSCRS_TZn,0.000000000000e+00
1077,14421,AREA,3.122583300001e+01
1077,14421,PREC,2.926584054565e+02
1077,14421,SURO,1.059892245005e+00
1077,14421,IFWO,1.755429392995e+00
1077,14421,AGWO,7.333578015302e+00
1077,14421,PERO,1.014889965330e+01
1077,14421,TAET,2.825095193725e+02
1077,14421,SEDLOAD,2.649129500798e-02
1077,14421,SEDWSSD, 1.68432e-02
1077,14421,SEDSCRS, 8.61824e-03
1077,14421,SEDSURO, 0.00000e+00
1077,14421,SEDIFWO, 1.98902e-04
1077,14421,SEDAGWO, 8.30943e-04
1077,14421,SO_TN,6.653214580864e-01
1077,14421,IO_TN,3.978040770818e-01
1077,14421,AO_TN,8.309440544081e-01
1077,14421,PO_TN,1.894069589576e+00
1077,14421,SO_TP,5.092290046550e-02
1077,14421,IO_TP,7.956081541636e-02
1077,14421,AO_TP,3.323776217632e-01
1077,14421,PO_TP,4.628613376451e-01
1077,14421,SED_TP,5.092290046550e-02
1077,14421,SEDWSSD_TP,3.368642558520e-02
1077,14421,SEDSCRS_TP,1.723647488029e-02
1077,14421,SO_TCd,2.546145023275e-05
1077,14421,IO_TCd,0.000000000000e+00
1077,14421,AO_TCd,0.000000000000e+00
1077,14421,PO_TCd,2.546145023275e-05
1077,14421,SED_TCd,2.546145023275e-05
1077,14421,SEDWSSD_TCd,1.684321279260e-05
1077,14421,SEDSCRS_TCd,8.618237440147e-06
1077,14421,SO_TCu,2.546145023275e-03
1077,14421,IO_TCu,0.000000000000e+00
1077,14421,AO_TCu,0.000000000000e+00
1077,14421,PO_TCu,2.546145023275e-03
1077,14421,SED_TCu,2.546145023275e-03
1077,14421,SEDWSSD_TCu,1.684321279260e-03
1077,14421,SEDSCRS_TCu,8.618237440147e-04
1077,14421,SO_TPb,2.546145023275e-04
1077,14421,IO_TPb,0.000000000000e+00
1077,14421,AO_TPb,0.000000000000e+00
1077,14421,PO_TPb,2.546145023275e-04
1077,14421,SED_TPb,2.546145023275e-04
1077,14421,SEDWSSD_TPb,1.684321279260e-04
1077,14421,SEDSCRS_TPb,8.618237440147e-05
1077,14421,SO_TZn,1.833224416758e-02
1077,14421,IO_TZn,0.000000000000e+00
1077,14421,AO_TZn,8.309440544081e-02
1077,14421,PO_TZn,1.014266496084e-01
1077,14421,SED_TZn,1.833224416758e-02
1077,14421,SEDWSSD_TZn,1.212711321067e-02
1077,14421,SEDSCRS_TZn,6.205130956906e-03
1077,14422,AREA,5.364541999996e+00
1077,14422,PREC,5.027818818235e+01
1077,14422,SURO,1.819847491289e-01
1077,14422,IFWO,3.014818441224e-01
1077,14422,AGWO,7.926929653608e-01
1077,14422,PERO,1.276159558612e+00
1077,14422,TAET,4.839424477309e+01
1077,14422,SEDLOAD,4.493951144279e-03
1077,14422,SEDWSSD, 2.89099e-03
1077,14422,SEDSCRS, 1.47899e-03
1077,14422,SEDSURO, 0.00000e+00
1077,14422,SEDIFWO, 3.41599e-05
1077,14422,SEDAGWO, 8.98174e-05
1077,14422,SO_TN,1.142396435764e-01
1077,14422,IO_TN,6.831986933603e-02
1077,14422,AO_TN,8.981748133902e-02
1077,14422,PO_TN,2.723769942514e-01
1077,14422,SO_TP,8.739947773810e-03
1077,14422,IO_TP,1.366397386721e-02
1077,14422,AO_TP,3.592699253561e-02
1077,14422,PO_TP,5.833091417662e-02
1077,14422,SED_TP,8.739947773810e-03
1077,14422,SEDWSSD_TP,5.781973549526e-03
1077,14422,SEDSCRS_TP,2.957974224284e-03
1077,14422,SO_TCd,4.369973886905e-06
1077,14422,IO_TCd,0.000000000000e+00
1077,14422,AO_TCd,0.000000000000e+00
1077,14422,PO_TCd,4.369973886905e-06
1077,14422,SED_TCd,4.369973886905e-06
1077,14422,SEDWSSD_TCd,2.890986774763e-06
1077,14422,SEDSCRS_TCd,1.478987112142e-06
1077,14422,SO_TCu,4.369973886905e-04
1077,14422,IO_TCu,0.000000000000e+00
1077,14422,AO_TCu,0.000000000000e+00
1077,14422,PO_TCu,4.369973886905e-04
1077,14422,SED_TCu,4.369973886905e-04
1077,14422,SEDWSSD_TCu,2.890986774763e-04
1077,14422,SEDSCRS_TCu,1.478987112142e-04
1077,14422,SO_TPb,4.369973886905e-05
1077,14422,IO_TPb,0.000000000000e+00
1077,14422,AO_TPb,0.000000000000e+00
1077,14422,PO_TPb,4.369973886905e-05
1077,14422,SED_TPb,4.369973886905e-05
1077,14422,SEDWSSD_TPb,2.890986774763e-05
1077,14422,SEDSCRS_TPb,1.478987112142e-05
1077,14422,SO_TZn,3.146381198571e-03
1077,14422,IO_TZn,0.000000000000e+00
1077,14422,AO_TZn,8.981748133902e-03
1077,14422,PO_TZn,1.212812933247e-02
1077,14422,SED_TZn,3.146381198571e-03
1077,14422,SEDWSSD_TZn,2.081510477829e-03
1077,14422,SEDSCRS_TZn,1.064870720742e-03
1077,14431,AREA,0.000000000000e+00
1077,14431,PREC,0.000000000000e+00
1077,14431,SURO,0.000000000000e+00
1077,14431,IFWO,0.000000000000e+00
1077,14431,AGWO,0.000000000000e+00
1077,14431,PERO,0.000000000000e+00
1077,14431,TAET,0.000000000000e+00
1077,14431,SEDLOAD,0.000000000000e+00
1077,14431,SEDWSSD, 0.00000e+00
1077,14431,SEDSCRS, 0.00000e+00
1077,14431,SEDSURO, 0.00000e+00
1077,14431,SEDIFWO, 0.00000e+00
1077,14431,SEDAGWO, 0.00000e+00
1077,14431,SO_TN,0.000000000000e+00
1077,14431,IO_TN,0.000000000000e+00
1077,14431,AO_TN,0.000000000000e+00
1077,14431,PO_TN,0.000000000000e+00
1077,14431,SO_TP,0.000000000000e+00
1077,14431,IO_TP,0.000000000000e+00
1077,14431,AO_TP,0.000000000000e+00
1077,14431,PO_TP,0.000000000000e+00
1077,14431,SED_TP,0.000000000000e+00
1077,14431,SEDWSSD_TP,0.000000000000e+00
1077,14431,SEDSCRS_TP,0.000000000000e+00
1077,14431,SO_TCd,0.000000000000e+00
1077,14431,IO_TCd,0.000000000000e+00
1077,14431,AO_TCd,0.000000000000e+00
1077,14431,PO_TCd,0.000000000000e+00
1077,14431,SED_TCd,0.000000000000e+00
1077,14431,SEDWSSD_TCd,0.000000000000e+00
1077,14431,SEDSCRS_TCd,0.000000000000e+00
1077,14431,SO_TCu,0.000000000000e+00
1077,14431,IO_TCu,0.000000000000e+00
1077,14431,AO_TCu,0.000000000000e+00
1077,14431,PO_TCu,0.000000000000e+00
1077,14431,SED_TCu,0.000000000000e+00
1077,14431,SEDWSSD_TCu,0.000000000000e+00
1077,14431,SEDSCRS_TCu,0.000000000000e+00
1077,14431,SO_TPb,0.000000000000e+00
1077,14431,IO_TPb,0.000000000000e+00
1077,14431,AO_TPb,0.000000000000e+00
1077,14431,PO_TPb,0.000000000000e+00
1077,14431,SED_TPb,0.000000000000e+00
1077,14431,SEDWSSD_TPb,0.000000000000e+00
1077,14431,SEDSCRS_TPb,0.000000000000e+00
1077,14431,SO_TZn,0.000000000000e+00
1077,14431,IO_TZn,0.000000000000e+00
1077,14431,AO_TZn,0.000000000000e+00
1077,14431,PO_TZn,0.000000000000e+00
1077,14431,SED_TZn,0.000000000000e+00
1077,14431,SEDWSSD_TZn,0.000000000000e+00
1077,14431,SEDSCRS_TZn,0.000000000000e+00
1077,14432,AREA,0.000000000000e+00
1077,14432,PREC,0.000000000000e+00
1077,14432,SURO,0.000000000000e+00
1077,14432,IFWO,0.000000000000e+00
1077,14432,AGWO,0.000000000000e+00
1077,14432,PERO,0.000000000000e+00
1077,14432,TAET,0.000000000000e+00
1077,14432,SEDLOAD,0.000000000000e+00
1077,14432,SEDWSSD, 0.00000e+00
1077,14432,SEDSCRS, 0.00000e+00
1077,14432,SEDSURO, 0.00000e+00
1077,14432,SEDIFWO, 0.00000e+00
1077,14432,SEDAGWO, 0.00000e+00
1077,14432,SO_TN,0.000000000000e+00
1077,14432,IO_TN,0.000000000000e+00
1077,14432,AO_TN,0.000000000000e+00
1077,14432,PO_TN,0.000000000000e+00
1077,14432,SO_TP,0.000000000000e+00
1077,14432,IO_TP,0.000000000000e+00
1077,14432,AO_TP,0.000000000000e+00
1077,14432,PO_TP,0.000000000000e+00
1077,14432,SED_TP,0.000000000000e+00
1077,14432,SEDWSSD_TP,0.000000000000e+00
1077,14432,SEDSCRS_TP,0.000000000000e+00
1077,14432,SO_TCd,0.000000000000e+00
1077,14432,IO_TCd,0.000000000000e+00
1077,14432,AO_TCd,0.000000000000e+00
1077,14432,PO_TCd,0.000000000000e+00
1077,14432,SED_TCd,0.000000000000e+00
1077,14432,SEDWSSD_TCd,0.000000000000e+00
1077,14432,SEDSCRS_TCd,0.000000000000e+00
1077,14432,SO_TCu,0.000000000000e+00
1077,14432,IO_TCu,0.000000000000e+00
1077,14432,AO_TCu,0.000000000000e+00
1077,14432,PO_TCu,0.000000000000e+00
1077,14432,SED_TCu,0.000000000000e+00
1077,14432,SEDWSSD_TCu,0.000000000000e+00
1077,14432,SEDSCRS_TCu,0.000000000000e+00
1077,14432,SO_TPb,0.000000000000e+00
1077,14432,IO_TPb,0.000000000000e+00
1077,14432,AO_TPb,0.000000000000e+00
1077,14432,PO_TPb,0.000000000000e+00
1077,14432,SED_TPb,0.000000000000e+00
1077,14432,SEDWSSD_TPb,0.000000000000e+00
1077,14432,SEDSCRS_TPb,0.000000000000e+00
1077,14432,SO_TZn,0.000000000000e+00
1077,14432,IO_TZn,0.000000000000e+00
1077,14432,AO_TZn,0.000000000000e+00
1077,14432,PO_TZn,0.000000000000e+00
1077,14432,SED_TZn,0.000000000000e+00
1077,14432,SEDWSSD_TZn,0.000000000000e+00
1077,14432,SEDSCRS_TZn,0.000000000000e+00
1077,15121,AREA,0.000000000000e+00
1077,15121,PREC,0.000000000000e+00
1077,15121,SURO,0.000000000000e+00
1077,15121,IFWO,0.000000000000e+00
1077,15121,AGWO,0.000000000000e+00
1077,15121,PERO,0.000000000000e+00
1077,15121,TAET,0.000000000000e+00
1077,15121,SEDLOAD,0.000000000000e+00
1077,15121,SEDWSSD, 0.00000e+00
1077,15121,SEDSCRS, 0.00000e+00
1077,15121,SEDSURO, 0.00000e+00
1077,15121,SEDIFWO, 0.00000e+00
1077,15121,SEDAGWO, 0.00000e+00
1077,15121,SO_TN,0.000000000000e+00
1077,15121,IO_TN,0.000000000000e+00
1077,15121,AO_TN,0.000000000000e+00
1077,15121,PO_TN,0.000000000000e+00
1077,15121,SO_TP,0.000000000000e+00
1077,15121,IO_TP,0.000000000000e+00
1077,15121,AO_TP,0.000000000000e+00
1077,15121,PO_TP,0.000000000000e+00
1077,15121,SED_TP,0.000000000000e+00
1077,15121,SEDWSSD_TP,0.000000000000e+00
1077,15121,SEDSCRS_TP,0.000000000000e+00
1077,15121,SO_TCd,0.000000000000e+00
1077,15121,IO_TCd,0.000000000000e+00
1077,15121,AO_TCd,0.000000000000e+00
1077,15121,PO_TCd,0.000000000000e+00
1077,15121,SED_TCd,0.000000000000e+00
1077,15121,SEDWSSD_TCd,0.000000000000e+00
1077,15121,SEDSCRS_TCd,0.000000000000e+00
1077,15121,SO_TCu,0.000000000000e+00
1077,15121,IO_TCu,0.000000000000e+00
1077,15121,AO_TCu,0.000000000000e+00
1077,15121,PO_TCu,0.000000000000e+00
1077,15121,SED_TCu,0.000000000000e+00
1077,15121,SEDWSSD_TCu,0.000000000000e+00
1077,15121,SEDSCRS_TCu,0.000000000000e+00
1077,15121,SO_TPb,0.000000000000e+00
1077,15121,IO_TPb,0.000000000000e+00
1077,15121,AO_TPb,0.000000000000e+00
1077,15121,PO_TPb,0.000000000000e+00
1077,15121,SED_TPb,0.000000000000e+00
1077,15121,SEDWSSD_TPb,0.000000000000e+00
1077,15121,SEDSCRS_TPb,0.000000000000e+00
1077,15121,SO_TZn,0.000000000000e+00
1077,15121,IO_TZn,0.000000000000e+00
1077,15121,AO_TZn,0.000000000000e+00
1077,15121,PO_TZn,0.000000000000e+00
1077,15121,SED_TZn,0.000000000000e+00
1077,15121,SEDWSSD_TZn,0.000000000000e+00
1077,15121,SEDSCRS_TZn,0.000000000000e+00
1077,15122,AREA,0.000000000000e+00
1077,15122,PREC,0.000000000000e+00
1077,15122,SURO,0.000000000000e+00
1077,15122,IFWO,0.000000000000e+00
1077,15122,AGWO,0.000000000000e+00
1077,15122,PERO,0.000000000000e+00
1077,15122,TAET,0.000000000000e+00
1077,15122,SEDLOAD,0.000000000000e+00
1077,15122,SEDWSSD, 0.00000e+00
1077,15122,SEDSCRS, 0.00000e+00
1077,15122,SEDSURO, 0.00000e+00
1077,15122,SEDIFWO, 0.00000e+00
1077,15122,SEDAGWO, 0.00000e+00
1077,15122,SO_TN,0.000000000000e+00
1077,15122,IO_TN,0.000000000000e+00
1077,15122,AO_TN,0.000000000000e+00
1077,15122,PO_TN,0.000000000000e+00
1077,15122,SO_TP,0.000000000000e+00
1077,15122,IO_TP,0.000000000000e+00
1077,15122,AO_TP,0.000000000000e+00
1077,15122,PO_TP,0.000000000000e+00
1077,15122,SED_TP,0.000000000000e+00
1077,15122,SEDWSSD_TP,0.000000000000e+00
1077,15122,SEDSCRS_TP,0.000000000000e+00
1077,15122,SO_TCd,0.000000000000e+00
1077,15122,IO_TCd,0.000000000000e+00
1077,15122,AO_TCd,0.000000000000e+00
1077,15122,PO_TCd,0.000000000000e+00
1077,15122,SED_TCd,0.000000000000e+00
1077,15122,SEDWSSD_TCd,0.000000000000e+00
1077,15122,SEDSCRS_TCd,0.000000000000e+00
1077,15122,SO_TCu,0.000000000000e+00
1077,15122,IO_TCu,0.000000000000e+00
1077,15122,AO_TCu,0.000000000000e+00
1077,15122,PO_TCu,0.000000000000e+00
1077,15122,SED_TCu,0.000000000000e+00
1077,15122,SEDWSSD_TCu,0.000000000000e+00
1077,15122,SEDSCRS_TCu,0.000000000000e+00
1077,15122,SO_TPb,0.000000000000e+00
1077,15122,IO_TPb,0.000000000000e+00
1077,15122,AO_TPb,0.000000000000e+00
1077,15122,PO_TPb,0.000000000000e+00
1077,15122,SED_TPb,0.000000000000e+00
1077,15122,SEDWSSD_TPb,0.000000000000e+00
1077,15122,SEDSCRS_TPb,0.000000000000e+00
1077,15122,SO_TZn,0.000000000000e+00
1077,15122,IO_TZn,0.000000000000e+00
1077,15122,AO_TZn,0.000000000000e+00
1077,15122,PO_TZn,0.000000000000e+00
1077,15122,SED_TZn,0.000000000000e+00
1077,15122,SEDWSSD_TZn,0.000000000000e+00
1077,15122,SEDSCRS_TZn,0.000000000000e+00
1077,15131,AREA,0.000000000000e+00
1077,15131,PREC,0.000000000000e+00
1077,15131,SURO,0.000000000000e+00
1077,15131,IFWO,0.000000000000e+00
1077,15131,AGWO,0.000000000000e+00
1077,15131,PERO,0.000000000000e+00
1077,15131,TAET,0.000000000000e+00
1077,15131,SEDLOAD,0.000000000000e+00
1077,15131,SEDWSSD, 0.00000e+00
1077,15131,SEDSCRS, 0.00000e+00
1077,15131,SEDSURO, 0.00000e+00
1077,15131,SEDIFWO, 0.00000e+00
1077,15131,SEDAGWO, 0.00000e+00
1077,15131,SO_TN,0.000000000000e+00
1077,15131,IO_TN,0.000000000000e+00
1077,15131,AO_TN,0.000000000000e+00
1077,15131,PO_TN,0.000000000000e+00
1077,15131,SO_TP,0.000000000000e+00
1077,15131,IO_TP,0.000000000000e+00
1077,15131,AO_TP,0.000000000000e+00
1077,15131,PO_TP,0.000000000000e+00
1077,15131,SED_TP,0.000000000000e+00
1077,15131,SEDWSSD_TP,0.000000000000e+00
1077,15131,SEDSCRS_TP,0.000000000000e+00
1077,15131,SO_TCd,0.000000000000e+00
1077,15131,IO_TCd,0.000000000000e+00
1077,15131,AO_TCd,0.000000000000e+00
1077,15131,PO_TCd,0.000000000000e+00
1077,15131,SED_TCd,0.000000000000e+00
1077,15131,SEDWSSD_TCd,0.000000000000e+00
1077,15131,SEDSCRS_TCd,0.000000000000e+00
1077,15131,SO_TCu,0.000000000000e+00
1077,15131,IO_TCu,0.000000000000e+00
1077,15131,AO_TCu,0.000000000000e+00
1077,15131,PO_TCu,0.000000000000e+00
1077,15131,SED_TCu,0.000000000000e+00
1077,15131,SEDWSSD_TCu,0.000000000000e+00
1077,15131,SEDSCRS_TCu,0.000000000000e+00
1077,15131,SO_TPb,0.000000000000e+00
1077,15131,IO_TPb,0.000000000000e+00
1077,15131,AO_TPb,0.000000000000e+00
1077,15131,PO_TPb,0.000000000000e+00
1077,15131,SED_TPb,0.000000000000e+00
1077,15131,SEDWSSD_TPb,0.000000000000e+00
1077,15131,SEDSCRS_TPb,0.000000000000e+00
1077,15131,SO_TZn,0.000000000000e+00
1077,15131,IO_TZn,0.000000000000e+00
1077,15131,AO_TZn,0.000000000000e+00
1077,15131,PO_TZn,0.000000000000e+00
1077,15131,SED_TZn,0.000000000000e+00
1077,15131,SEDWSSD_TZn,0.000000000000e+00
1077,15131,SEDSCRS_TZn,0.000000000000e+00
1077,15132,AREA,0.000000000000e+00
1077,15132,PREC,0.000000000000e+00
1077,15132,SURO,0.000000000000e+00
1077,15132,IFWO,0.000000000000e+00
1077,15132,AGWO,0.000000000000e+00
1077,15132,PERO,0.000000000000e+00
1077,15132,TAET,0.000000000000e+00
1077,15132,SEDLOAD,0.000000000000e+00
1077,15132,SEDWSSD, 0.00000e+00
1077,15132,SEDSCRS, 0.00000e+00
1077,15132,SEDSURO, 0.00000e+00
1077,15132,SEDIFWO, 0.00000e+00
1077,15132,SEDAGWO, 0.00000e+00
1077,15132,SO_TN,0.000000000000e+00
1077,15132,IO_TN,0.000000000000e+00
1077,15132,AO_TN,0.000000000000e+00
1077,15132,PO_TN,0.000000000000e+00
1077,15132,SO_TP,0.000000000000e+00
1077,15132,IO_TP,0.000000000000e+00
1077,15132,AO_TP,0.000000000000e+00
1077,15132,PO_TP,0.000000000000e+00
1077,15132,SED_TP,0.000000000000e+00
1077,15132,SEDWSSD_TP,0.000000000000e+00
1077,15132,SEDSCRS_TP,0.000000000000e+00
1077,15132,SO_TCd,0.000000000000e+00
1077,15132,IO_TCd,0.000000000000e+00
1077,15132,AO_TCd,0.000000000000e+00
1077,15132,PO_TCd,0.000000000000e+00
1077,15132,SED_TCd,0.000000000000e+00
1077,15132,SEDWSSD_TCd,0.000000000000e+00
1077,15132,SEDSCRS_TCd,0.000000000000e+00
1077,15132,SO_TCu,0.000000000000e+00
1077,15132,IO_TCu,0.000000000000e+00
1077,15132,AO_TCu,0.000000000000e+00
1077,15132,PO_TCu,0.000000000000e+00
1077,15132,SED_TCu,0.000000000000e+00
1077,15132,SEDWSSD_TCu,0.000000000000e+00
1077,15132,SEDSCRS_TCu,0.000000000000e+00
1077,15132,SO_TPb,0.000000000000e+00
1077,15132,IO_TPb,0.000000000000e+00
1077,15132,AO_TPb,0.000000000000e+00
1077,15132,PO_TPb,0.000000000000e+00
1077,15132,SED_TPb,0.000000000000e+00
1077,15132,SEDWSSD_TPb,0.000000000000e+00
1077,15132,SEDSCRS_TPb,0.000000000000e+00
1077,15132,SO_TZn,0.000000000000e+00
1077,15132,IO_TZn,0.000000000000e+00
1077,15132,AO_TZn,0.000000000000e+00
1077,15132,PO_TZn,0.000000000000e+00
1077,15132,SED_TZn,0.000000000000e+00
1077,15132,SEDWSSD_TZn,0.000000000000e+00
1077,15132,SEDSCRS_TZn,0.000000000000e+00
1077,15221,AREA,3.334777399995e+01
1077,15221,PREC,3.125459091632e+02
1077,15221,SURO,1.074479418033e-02
1077,15221,IFWO,1.179345467797e-02
1077,15221,AGWO,1.261886544691e+01
1077,15221,PERO,1.264140369577e+01
1077,15221,TAET,2.999045084922e+02
1077,15221,SEDLOAD,1.431442230014e-03
1077,15221,SEDWSSD, 3.01326e-07
1077,15221,SEDSCRS, 3.54314e-09
1077,15221,SEDSURO, 0.00000e+00
1077,15221,SEDIFWO, 1.33628e-06
1077,15221,SEDAGWO, 1.42980e-03
1077,15221,SO_TN,6.474945775441e-03
1077,15221,IO_TN,2.672556567924e-03
1077,15221,AO_TN,1.429802914022e+00
1077,15221,PO_TN,1.438950416366e+00
1077,15221,SO_TP,6.097377801262e-07
1077,15221,IO_TP,5.345113135847e-04
1077,15221,AO_TP,5.719211656089e-01
1077,15221,PO_TP,5.724562866603e-01
1077,15221,SED_TP,6.097377801262e-07
1077,15221,SEDWSSD_TP,6.026514901854e-07
1077,15221,SEDSCRS_TP,7.086289940765e-09
1077,15221,SO_TCd,3.048688900631e-10
1077,15221,IO_TCd,0.000000000000e+00
1077,15221,AO_TCd,0.000000000000e+00
1077,15221,PO_TCd,3.048688900631e-10
1077,15221,SED_TCd,3.048688900631e-10
1077,15221,SEDWSSD_TCd,3.013257450927e-10
1077,15221,SEDSCRS_TCd,3.543144970383e-12
1077,15221,SO_TCu,3.048688900631e-08
1077,15221,IO_TCu,0.000000000000e+00
1077,15221,AO_TCu,0.000000000000e+00
1077,15221,PO_TCu,3.048688900631e-08
1077,15221,SED_TCu,3.048688900631e-08
1077,15221,SEDWSSD_TCu,3.013257450927e-08
1077,15221,SEDSCRS_TCu,3.543144970383e-10
1077,15221,SO_TPb,3.048688900631e-09
1077,15221,IO_TPb,0.000000000000e+00
1077,15221,AO_TPb,0.000000000000e+00
1077,15221,PO_TPb,3.048688900631e-09
1077,15221,SED_TPb,3.048688900631e-09
1077,15221,SEDWSSD_TPb,3.013257450927e-09
1077,15221,SEDSCRS_TPb,3.543144970383e-11
1077,15221,SO_TZn,2.195056008454e-07
1077,15221,IO_TZn,0.000000000000e+00
1077,15221,AO_TZn,1.429802914022e-01
1077,15221,PO_TZn,1.429805109078e-01
1077,15221,SED_TZn,2.195056008454e-07
1077,15221,SEDWSSD_TZn,2.169545364668e-07
1077,15221,SEDSCRS_TZn,2.551064378676e-09
1077,15222,AREA,0.000000000000e+00
1077,15222,PREC,0.000000000000e+00
1077,15222,SURO,0.000000000000e+00
1077,15222,IFWO,0.000000000000e+00
1077,15222,AGWO,0.000000000000e+00
1077,15222,PERO,0.000000000000e+00
1077,15222,TAET,0.000000000000e+00
1077,15222,SEDLOAD,0.000000000000e+00
1077,15222,SEDWSSD, 0.00000e+00
1077,15222,SEDSCRS, 0.00000e+00
1077,15222,SEDSURO, 0.00000e+00
1077,15222,SEDIFWO, 0.00000e+00
1077,15222,SEDAGWO, 0.00000e+00
1077,15222,SO_TN,0.000000000000e+00
1077,15222,IO_TN,0.000000000000e+00
1077,15222,AO_TN,0.000000000000e+00
1077,15222,PO_TN,0.000000000000e+00
1077,15222,SO_TP,0.000000000000e+00
1077,15222,IO_TP,0.000000000000e+00
1077,15222,AO_TP,0.000000000000e+00
1077,15222,PO_TP,0.000000000000e+00
1077,15222,SED_TP,0.000000000000e+00
1077,15222,SEDWSSD_TP,0.000000000000e+00
1077,15222,SEDSCRS_TP,0.000000000000e+00
1077,15222,SO_TCd,0.000000000000e+00
1077,15222,IO_TCd,0.000000000000e+00
1077,15222,AO_TCd,0.000000000000e+00
1077,15222,PO_TCd,0.000000000000e+00
1077,15222,SED_TCd,0.000000000000e+00
1077,15222,SEDWSSD_TCd,0.000000000000e+00
1077,15222,SEDSCRS_TCd,0.000000000000e+00
1077,15222,SO_TCu,0.000000000000e+00
1077,15222,IO_TCu,0.000000000000e+00
1077,15222,AO_TCu,0.000000000000e+00
1077,15222,PO_TCu,0.000000000000e+00
1077,15222,SED_TCu,0.000000000000e+00
1077,15222,SEDWSSD_TCu,0.000000000000e+00
1077,15222,SEDSCRS_TCu,0.000000000000e+00
1077,15222,SO_TPb,0.000000000000e+00
1077,15222,IO_TPb,0.000000000000e+00
1077,15222,AO_TPb,0.000000000000e+00
1077,15222,PO_TPb,0.000000000000e+00
1077,15222,SED_TPb,0.000000000000e+00
1077,15222,SEDWSSD_TPb,0.000000000000e+00
1077,15222,SEDSCRS_TPb,0.000000000000e+00
1077,15222,SO_TZn,0.000000000000e+00
1077,15222,IO_TZn,0.000000000000e+00
1077,15222,AO_TZn,0.000000000000e+00
1077,15222,PO_TZn,0.000000000000e+00
1077,15222,SED_TZn,0.000000000000e+00
1077,15222,SEDWSSD_TZn,0.000000000000e+00
1077,15222,SEDSCRS_TZn,0.000000000000e+00
1077,15231,AREA,0.000000000000e+00
1077,15231,PREC,0.000000000000e+00
1077,15231,SURO,0.000000000000e+00
1077,15231,IFWO,0.000000000000e+00
1077,15231,AGWO,0.000000000000e+00
1077,15231,PERO,0.000000000000e+00
1077,15231,TAET,0.000000000000e+00
1077,15231,SEDLOAD,0.000000000000e+00
1077,15231,SEDWSSD, 0.00000e+00
1077,15231,SEDSCRS, 0.00000e+00
1077,15231,SEDSURO, 0.00000e+00
1077,15231,SEDIFWO, 0.00000e+00
1077,15231,SEDAGWO, 0.00000e+00
1077,15231,SO_TN,0.000000000000e+00
1077,15231,IO_TN,0.000000000000e+00
1077,15231,AO_TN,0.000000000000e+00
1077,15231,PO_TN,0.000000000000e+00
1077,15231,SO_TP,0.000000000000e+00
1077,15231,IO_TP,0.000000000000e+00
1077,15231,AO_TP,0.000000000000e+00
1077,15231,PO_TP,0.000000000000e+00
1077,15231,SED_TP,0.000000000000e+00
1077,15231,SEDWSSD_TP,0.000000000000e+00
1077,15231,SEDSCRS_TP,0.000000000000e+00
1077,15231,SO_TCd,0.000000000000e+00
1077,15231,IO_TCd,0.000000000000e+00
1077,15231,AO_TCd,0.000000000000e+00
1077,15231,PO_TCd,0.000000000000e+00
1077,15231,SED_TCd,0.000000000000e+00
1077,15231,SEDWSSD_TCd,0.000000000000e+00
1077,15231,SEDSCRS_TCd,0.000000000000e+00
1077,15231,SO_TCu,0.000000000000e+00
1077,15231,IO_TCu,0.000000000000e+00
1077,15231,AO_TCu,0.000000000000e+00
1077,15231,PO_TCu,0.000000000000e+00
1077,15231,SED_TCu,0.000000000000e+00
1077,15231,SEDWSSD_TCu,0.000000000000e+00
1077,15231,SEDSCRS_TCu,0.000000000000e+00
1077,15231,SO_TPb,0.000000000000e+00
1077,15231,IO_TPb,0.000000000000e+00
1077,15231,AO_TPb,0.000000000000e+00
1077,15231,PO_TPb,0.000000000000e+00
1077,15231,SED_TPb,0.000000000000e+00
1077,15231,SEDWSSD_TPb,0.000000000000e+00
1077,15231,SEDSCRS_TPb,0.000000000000e+00
1077,15231,SO_TZn,0.000000000000e+00
1077,15231,IO_TZn,0.000000000000e+00
1077,15231,AO_TZn,0.000000000000e+00
1077,15231,PO_TZn,0.000000000000e+00
1077,15231,SED_TZn,0.000000000000e+00
1077,15231,SEDWSSD_TZn,0.000000000000e+00
1077,15231,SEDSCRS_TZn,0.000000000000e+00
1077,15232,AREA,0.000000000000e+00
1077,15232,PREC,0.000000000000e+00
1077,15232,SURO,0.000000000000e+00
1077,15232,IFWO,0.000000000000e+00
1077,15232,AGWO,0.000000000000e+00
1077,15232,PERO,0.000000000000e+00
1077,15232,TAET,0.000000000000e+00
1077,15232,SEDLOAD,0.000000000000e+00
1077,15232,SEDWSSD, 0.00000e+00
1077,15232,SEDSCRS, 0.00000e+00
1077,15232,SEDSURO, 0.00000e+00
1077,15232,SEDIFWO, 0.00000e+00
1077,15232,SEDAGWO, 0.00000e+00
1077,15232,SO_TN,0.000000000000e+00
1077,15232,IO_TN,0.000000000000e+00
1077,15232,AO_TN,0.000000000000e+00
1077,15232,PO_TN,0.000000000000e+00
1077,15232,SO_TP,0.000000000000e+00
1077,15232,IO_TP,0.000000000000e+00
1077,15232,AO_TP,0.000000000000e+00
1077,15232,PO_TP,0.000000000000e+00
1077,15232,SED_TP,0.000000000000e+00
1077,15232,SEDWSSD_TP,0.000000000000e+00
1077,15232,SEDSCRS_TP,0.000000000000e+00
1077,15232,SO_TCd,0.000000000000e+00
1077,15232,IO_TCd,0.000000000000e+00
1077,15232,AO_TCd,0.000000000000e+00
1077,15232,PO_TCd,0.000000000000e+00
1077,15232,SED_TCd,0.000000000000e+00
1077,15232,SEDWSSD_TCd,0.000000000000e+00
1077,15232,SEDSCRS_TCd,0.000000000000e+00
1077,15232,SO_TCu,0.000000000000e+00
1077,15232,IO_TCu,0.000000000000e+00
1077,15232,AO_TCu,0.000000000000e+00
1077,15232,PO_TCu,0.000000000000e+00
1077,15232,SED_TCu,0.000000000000e+00
1077,15232,SEDWSSD_TCu,0.000000000000e+00
1077,15232,SEDSCRS_TCu,0.000000000000e+00
1077,15232,SO_TPb,0.000000000000e+00
1077,15232,IO_TPb,0.000000000000e+00
1077,15232,AO_TPb,0.000000000000e+00
1077,15232,PO_TPb,0.000000000000e+00
1077,15232,SED_TPb,0.000000000000e+00
1077,15232,SEDWSSD_TPb,0.000000000000e+00
1077,15232,SEDSCRS_TPb,0.000000000000e+00
1077,15232,SO_TZn,0.000000000000e+00
1077,15232,IO_TZn,0.000000000000e+00
1077,15232,AO_TZn,0.000000000000e+00
1077,15232,PO_TZn,0.000000000000e+00
1077,15232,SED_TZn,0.000000000000e+00
1077,15232,SEDWSSD_TZn,0.000000000000e+00
1077,15232,SEDSCRS_TZn,0.000000000000e+00
1077,15321,AREA,0.000000000000e+00
1077,15321,PREC,0.000000000000e+00
1077,15321,SURO,0.000000000000e+00
1077,15321,IFWO,0.000000000000e+00
1077,15321,AGWO,0.000000000000e+00
1077,15321,PERO,0.000000000000e+00
1077,15321,TAET,0.000000000000e+00
1077,15321,SEDLOAD,0.000000000000e+00
1077,15321,SEDWSSD, 0.00000e+00
1077,15321,SEDSCRS, 0.00000e+00
1077,15321,SEDSURO, 0.00000e+00
1077,15321,SEDIFWO, 0.00000e+00
1077,15321,SEDAGWO, 0.00000e+00
1077,15321,SO_TN,0.000000000000e+00
1077,15321,IO_TN,0.000000000000e+00
1077,15321,AO_TN,0.000000000000e+00
1077,15321,PO_TN,0.000000000000e+00
1077,15321,SO_TP,0.000000000000e+00
1077,15321,IO_TP,0.000000000000e+00
1077,15321,AO_TP,0.000000000000e+00
1077,15321,PO_TP,0.000000000000e+00
1077,15321,SED_TP,0.000000000000e+00
1077,15321,SEDWSSD_TP,0.000000000000e+00
1077,15321,SEDSCRS_TP,0.000000000000e+00
1077,15321,SO_TCd,0.000000000000e+00
1077,15321,IO_TCd,0.000000000000e+00
1077,15321,AO_TCd,0.000000000000e+00
1077,15321,PO_TCd,0.000000000000e+00
1077,15321,SED_TCd,0.000000000000e+00
1077,15321,SEDWSSD_TCd,0.000000000000e+00
1077,15321,SEDSCRS_TCd,0.000000000000e+00
1077,15321,SO_TCu,0.000000000000e+00
1077,15321,IO_TCu,0.000000000000e+00
1077,15321,AO_TCu,0.000000000000e+00
1077,15321,PO_TCu,0.000000000000e+00
1077,15321,SED_TCu,0.000000000000e+00
1077,15321,SEDWSSD_TCu,0.000000000000e+00
1077,15321,SEDSCRS_TCu,0.000000000000e+00
1077,15321,SO_TPb,0.000000000000e+00
1077,15321,IO_TPb,0.000000000000e+00
1077,15321,AO_TPb,0.000000000000e+00
1077,15321,PO_TPb,0.000000000000e+00
1077,15321,SED_TPb,0.000000000000e+00
1077,15321,SEDWSSD_TPb,0.000000000000e+00
1077,15321,SEDSCRS_TPb,0.000000000000e+00
1077,15321,SO_TZn,0.000000000000e+00
1077,15321,IO_TZn,0.000000000000e+00
1077,15321,AO_TZn,0.000000000000e+00
1077,15321,PO_TZn,0.000000000000e+00
1077,15321,SED_TZn,0.000000000000e+00
1077,15321,SEDWSSD_TZn,0.000000000000e+00
1077,15321,SEDSCRS_TZn,0.000000000000e+00
1077,15322,AREA,0.000000000000e+00
1077,15322,PREC,0.000000000000e+00
1077,15322,SURO,0.000000000000e+00
1077,15322,IFWO,0.000000000000e+00
1077,15322,AGWO,0.000000000000e+00
1077,15322,PERO,0.000000000000e+00
1077,15322,TAET,0.000000000000e+00
1077,15322,SEDLOAD,0.000000000000e+00
1077,15322,SEDWSSD, 0.00000e+00
1077,15322,SEDSCRS, 0.00000e+00
1077,15322,SEDSURO, 0.00000e+00
1077,15322,SEDIFWO, 0.00000e+00
1077,15322,SEDAGWO, 0.00000e+00
1077,15322,SO_TN,0.000000000000e+00
1077,15322,IO_TN,0.000000000000e+00
1077,15322,AO_TN,0.000000000000e+00
1077,15322,PO_TN,0.000000000000e+00
1077,15322,SO_TP,0.000000000000e+00
1077,15322,IO_TP,0.000000000000e+00
1077,15322,AO_TP,0.000000000000e+00
1077,15322,PO_TP,0.000000000000e+00
1077,15322,SED_TP,0.000000000000e+00
1077,15322,SEDWSSD_TP,0.000000000000e+00
1077,15322,SEDSCRS_TP,0.000000000000e+00
1077,15322,SO_TCd,0.000000000000e+00
1077,15322,IO_TCd,0.000000000000e+00
1077,15322,AO_TCd,0.000000000000e+00
1077,15322,PO_TCd,0.000000000000e+00
1077,15322,SED_TCd,0.000000000000e+00
1077,15322,SEDWSSD_TCd,0.000000000000e+00
1077,15322,SEDSCRS_TCd,0.000000000000e+00
1077,15322,SO_TCu,0.000000000000e+00
1077,15322,IO_TCu,0.000000000000e+00
1077,15322,AO_TCu,0.000000000000e+00
1077,15322,PO_TCu,0.000000000000e+00
1077,15322,SED_TCu,0.000000000000e+00
1077,15322,SEDWSSD_TCu,0.000000000000e+00
1077,15322,SEDSCRS_TCu,0.000000000000e+00
1077,15322,SO_TPb,0.000000000000e+00
1077,15322,IO_TPb,0.000000000000e+00
1077,15322,AO_TPb,0.000000000000e+00
1077,15322,PO_TPb,0.000000000000e+00
1077,15322,SED_TPb,0.000000000000e+00
1077,15322,SEDWSSD_TPb,0.000000000000e+00
1077,15322,SEDSCRS_TPb,0.000000000000e+00
1077,15322,SO_TZn,0.000000000000e+00
1077,15322,IO_TZn,0.000000000000e+00
1077,15322,AO_TZn,0.000000000000e+00
1077,15322,PO_TZn,0.000000000000e+00
1077,15322,SED_TZn,0.000000000000e+00
1077,15322,SEDWSSD_TZn,0.000000000000e+00
1077,15322,SEDSCRS_TZn,0.000000000000e+00
1077,15331,AREA,0.000000000000e+00
1077,15331,PREC,0.000000000000e+00
1077,15331,SURO,0.000000000000e+00
1077,15331,IFWO,0.000000000000e+00
1077,15331,AGWO,0.000000000000e+00
1077,15331,PERO,0.000000000000e+00
1077,15331,TAET,0.000000000000e+00
1077,15331,SEDLOAD,0.000000000000e+00
1077,15331,SEDWSSD, 0.00000e+00
1077,15331,SEDSCRS, 0.00000e+00
1077,15331,SEDSURO, 0.00000e+00
1077,15331,SEDIFWO, 0.00000e+00
1077,15331,SEDAGWO, 0.00000e+00
1077,15331,SO_TN,0.000000000000e+00
1077,15331,IO_TN,0.000000000000e+00
1077,15331,AO_TN,0.000000000000e+00
1077,15331,PO_TN,0.000000000000e+00
1077,15331,SO_TP,0.000000000000e+00
1077,15331,IO_TP,0.000000000000e+00
1077,15331,AO_TP,0.000000000000e+00
1077,15331,PO_TP,0.000000000000e+00
1077,15331,SED_TP,0.000000000000e+00
1077,15331,SEDWSSD_TP,0.000000000000e+00
1077,15331,SEDSCRS_TP,0.000000000000e+00
1077,15331,SO_TCd,0.000000000000e+00
1077,15331,IO_TCd,0.000000000000e+00
1077,15331,AO_TCd,0.000000000000e+00
1077,15331,PO_TCd,0.000000000000e+00
1077,15331,SED_TCd,0.000000000000e+00
1077,15331,SEDWSSD_TCd,0.000000000000e+00
1077,15331,SEDSCRS_TCd,0.000000000000e+00
1077,15331,SO_TCu,0.000000000000e+00
1077,15331,IO_TCu,0.000000000000e+00
1077,15331,AO_TCu,0.000000000000e+00
1077,15331,PO_TCu,0.000000000000e+00
1077,15331,SED_TCu,0.000000000000e+00
1077,15331,SEDWSSD_TCu,0.000000000000e+00
1077,15331,SEDSCRS_TCu,0.000000000000e+00
1077,15331,SO_TPb,0.000000000000e+00
1077,15331,IO_TPb,0.000000000000e+00
1077,15331,AO_TPb,0.000000000000e+00
1077,15331,PO_TPb,0.000000000000e+00
1077,15331,SED_TPb,0.000000000000e+00
1077,15331,SEDWSSD_TPb,0.000000000000e+00
1077,15331,SEDSCRS_TPb,0.000000000000e+00
1077,15331,SO_TZn,0.000000000000e+00
1077,15331,IO_TZn,0.000000000000e+00
1077,15331,AO_TZn,0.000000000000e+00
1077,15331,PO_TZn,0.000000000000e+00
1077,15331,SED_TZn,0.000000000000e+00
1077,15331,SEDWSSD_TZn,0.000000000000e+00
1077,15331,SEDSCRS_TZn,0.000000000000e+00
1077,15332,AREA,0.000000000000e+00
1077,15332,PREC,0.000000000000e+00
1077,15332,SURO,0.000000000000e+00
1077,15332,IFWO,0.000000000000e+00
1077,15332,AGWO,0.000000000000e+00
1077,15332,PERO,0.000000000000e+00
1077,15332,TAET,0.000000000000e+00
1077,15332,SEDLOAD,0.000000000000e+00
1077,15332,SEDWSSD, 0.00000e+00
1077,15332,SEDSCRS, 0.00000e+00
1077,15332,SEDSURO, 0.00000e+00
1077,15332,SEDIFWO, 0.00000e+00
1077,15332,SEDAGWO, 0.00000e+00
1077,15332,SO_TN,0.000000000000e+00
1077,15332,IO_TN,0.000000000000e+00
1077,15332,AO_TN,0.000000000000e+00
1077,15332,PO_TN,0.000000000000e+00
1077,15332,SO_TP,0.000000000000e+00
1077,15332,IO_TP,0.000000000000e+00
1077,15332,AO_TP,0.000000000000e+00
1077,15332,PO_TP,0.000000000000e+00
1077,15332,SED_TP,0.000000000000e+00
1077,15332,SEDWSSD_TP,0.000000000000e+00
1077,15332,SEDSCRS_TP,0.000000000000e+00
1077,15332,SO_TCd,0.000000000000e+00
1077,15332,IO_TCd,0.000000000000e+00
1077,15332,AO_TCd,0.000000000000e+00
1077,15332,PO_TCd,0.000000000000e+00
1077,15332,SED_TCd,0.000000000000e+00
1077,15332,SEDWSSD_TCd,0.000000000000e+00
1077,15332,SEDSCRS_TCd,0.000000000000e+00
1077,15332,SO_TCu,0.000000000000e+00
1077,15332,IO_TCu,0.000000000000e+00
1077,15332,AO_TCu,0.000000000000e+00
1077,15332,PO_TCu,0.000000000000e+00
1077,15332,SED_TCu,0.000000000000e+00
1077,15332,SEDWSSD_TCu,0.000000000000e+00
1077,15332,SEDSCRS_TCu,0.000000000000e+00
1077,15332,SO_TPb,0.000000000000e+00
1077,15332,IO_TPb,0.000000000000e+00
1077,15332,AO_TPb,0.000000000000e+00
1077,15332,PO_TPb,0.000000000000e+00
1077,15332,SED_TPb,0.000000000000e+00
1077,15332,SEDWSSD_TPb,0.000000000000e+00
1077,15332,SEDSCRS_TPb,0.000000000000e+00
1077,15332,SO_TZn,0.000000000000e+00
1077,15332,IO_TZn,0.000000000000e+00
1077,15332,AO_TZn,0.000000000000e+00
1077,15332,PO_TZn,0.000000000000e+00
1077,15332,SED_TZn,0.000000000000e+00
1077,15332,SEDWSSD_TZn,0.000000000000e+00
1077,15332,SEDSCRS_TZn,0.000000000000e+00
1077,15421,AREA,2.151178700005e+01
1077,15421,PREC,2.016152869946e+02
1077,15421,SURO,5.860789643095e-01
1077,15421,IFWO,1.201031905836e+00
1077,15421,AGWO,4.986150651755e+00
1077,15421,PERO,6.773261521901e+00
1077,15421,TAET,1.948420187381e+02
1077,15421,SEDLOAD,9.130246753138e-03
1077,15421,SEDWSSD, 7.97217e-03
1077,15421,SEDSCRS, 4.57023e-04
1077,15421,SEDSURO, 0.00000e+00
1077,15421,SEDIFWO, 1.36085e-04
1077,15421,SEDAGWO, 5.64964e-04
1077,15421,SO_TN,3.721427910714e-01
1077,15421,IO_TN,2.721700973867e-01
1077,15421,AO_TN,5.649646366090e-01
1077,15421,PO_TN,1.209277525067e+00
1077,15421,SO_TP,1.685839592970e-02
1077,15421,IO_TP,5.443401947733e-02
1077,15421,AO_TP,2.259858546436e-01
1077,15421,PO_TP,2.972782700506e-01
1077,15421,SED_TP,1.685839592970e-02
1077,15421,SEDWSSD_TP,1.594434995577e-02
1077,15421,SEDSCRS_TP,9.140459739272e-04
1077,15421,SO_TCd,8.429197964849e-06
1077,15421,IO_TCd,0.000000000000e+00
1077,15421,AO_TCd,0.000000000000e+00
1077,15421,PO_TCd,8.429197964849e-06
1077,15421,SED_TCd,8.429197964849e-06
1077,15421,SEDWSSD_TCd,7.972174977885e-06
1077,15421,SEDSCRS_TCd,4.570229869636e-07
1077,15421,SO_TCu,8.429197964849e-04
1077,15421,IO_TCu,0.000000000000e+00
1077,15421,AO_TCu,0.000000000000e+00
1077,15421,PO_TCu,8.429197964849e-04
1077,15421,SED_TCu,8.429197964849e-04
1077,15421,SEDWSSD_TCu,7.972174977885e-04
1077,15421,SEDSCRS_TCu,4.570229869636e-05
1077,15421,SO_TPb,8.429197964849e-05
1077,15421,IO_TPb,0.000000000000e+00
1077,15421,AO_TPb,0.000000000000e+00
1077,15421,PO_TPb,8.429197964849e-05
1077,15421,SED_TPb,8.429197964849e-05
1077,15421,SEDWSSD_TPb,7.972174977885e-05
1077,15421,SEDSCRS_TPb,4.570229869636e-06
1077,15421,SO_TZn,6.069022534691e-03
1077,15421,IO_TZn,0.000000000000e+00
1077,15421,AO_TZn,5.649646366090e-02
1077,15421,PO_TZn,6.256548619559e-02
1077,15421,SED_TZn,6.069022534691e-03
1077,15421,SEDWSSD_TZn,5.739965984077e-03
1077,15421,SEDSCRS_TZn,3.290565506138e-04
1077,15422,AREA,1.247164000000e+01
1077,15422,PREC,1.168881635865e+02
1077,15422,SURO,3.396096916442e-01
1077,15422,IFWO,6.961102766718e-01
1077,15422,AGWO,1.819171303654e+00
1077,15422,PERO,2.854891271970e+00
1077,15422,TAET,1.126429117477e+02
1077,15422,SEDLOAD,5.169071627583e-03
1077,15422,SEDWSSD, 4.61938e-03
1077,15422,SEDSCRS, 2.64697e-04
1077,15422,SEDSURO, 0.00000e+00
1077,15422,SEDIFWO, 7.88739e-05
1077,15422,SEDAGWO, 2.06124e-04
1077,15422,SO_TN,2.156467755399e-01
1077,15422,IO_TN,1.577480172450e-01
1077,15422,AO_TN,2.061244286986e-01
1077,15422,PO_TN,5.795192214835e-01
1077,15422,SO_TP,9.768147109850e-03
1077,15422,IO_TP,3.154960344900e-02
1077,15422,AO_TP,8.244977147946e-02
1077,15422,PO_TP,1.237675220383e-01
1077,15422,SED_TP,9.768147109850e-03
1077,15422,SEDWSSD_TP,9.238753375546e-03
1077,15422,SEDSCRS_TP,5.293937343036e-04
1077,15422,SO_TCd,4.884073554925e-06
1077,15422,IO_TCd,0.000000000000e+00
1077,15422,AO_TCd,0.000000000000e+00
1077,15422,PO_TCd,4.884073554925e-06
1077,15422,SED_TCd,4.884073554925e-06
1077,15422,SEDWSSD_TCd,4.619376687773e-06
1077,15422,SEDSCRS_TCd,2.646968671518e-07
1077,15422,SO_TCu,4.884073554925e-04
1077,15422,IO_TCu,0.000000000000e+00
1077,15422,AO_TCu,0.000000000000e+00
1077,15422,PO_TCu,4.884073554925e-04
1077,15422,SED_TCu,4.884073554925e-04
1077,15422,SEDWSSD_TCu,4.619376687773e-04
1077,15422,SEDSCRS_TCu,2.646968671518e-05
1077,15422,SO_TPb,4.884073554925e-05
1077,15422,IO_TPb,0.000000000000e+00
1077,15422,AO_TPb,0.000000000000e+00
1077,15422,PO_TPb,4.884073554925e-05
1077,15422,SED_TPb,4.884073554925e-05
1077,15422,SEDWSSD_TPb,4.619376687773e-05
1077,15422,SEDSCRS_TPb,2.646968671518e-06
1077,15422,SO_TZn,3.516532959546e-03
1077,15422,IO_TZn,0.000000000000e+00
1077,15422,AO_TZn,2.061244286986e-02
1077,15422,PO_TZn,2.412897582941e-02
1077,15422,SED_TZn,3.516532959546e-03
1077,15422,SEDWSSD_TZn,3.325951215197e-03
1077,15422,SEDSCRS_TZn,1.905817443493e-04
1077,15431,AREA,0.000000000000e+00
1077,15431,PREC,0.000000000000e+00
1077,15431,SURO,0.000000000000e+00
1077,15431,IFWO,0.000000000000e+00
1077,15431,AGWO,0.000000000000e+00
1077,15431,PERO,0.000000000000e+00
1077,15431,TAET,0.000000000000e+00
1077,15431,SEDLOAD,0.000000000000e+00
1077,15431,SEDWSSD, 0.00000e+00
1077,15431,SEDSCRS, 0.00000e+00
1077,15431,SEDSURO, 0.00000e+00
1077,15431,SEDIFWO, 0.00000e+00
1077,15431,SEDAGWO, 0.00000e+00
1077,15431,SO_TN,0.000000000000e+00
1077,15431,IO_TN,0.000000000000e+00
1077,15431,AO_TN,0.000000000000e+00
1077,15431,PO_TN,0.000000000000e+00
1077,15431,SO_TP,0.000000000000e+00
1077,15431,IO_TP,0.000000000000e+00
1077,15431,AO_TP,0.000000000000e+00
1077,15431,PO_TP,0.000000000000e+00
1077,15431,SED_TP,0.000000000000e+00
1077,15431,SEDWSSD_TP,0.000000000000e+00
1077,15431,SEDSCRS_TP,0.000000000000e+00
1077,15431,SO_TCd,0.000000000000e+00
1077,15431,IO_TCd,0.000000000000e+00
1077,15431,AO_TCd,0.000000000000e+00
1077,15431,PO_TCd,0.000000000000e+00
1077,15431,SED_TCd,0.000000000000e+00
1077,15431,SEDWSSD_TCd,0.000000000000e+00
1077,15431,SEDSCRS_TCd,0.000000000000e+00
1077,15431,SO_TCu,0.000000000000e+00
1077,15431,IO_TCu,0.000000000000e+00
1077,15431,AO_TCu,0.000000000000e+00
1077,15431,PO_TCu,0.000000000000e+00
1077,15431,SED_TCu,0.000000000000e+00
1077,15431,SEDWSSD_TCu,0.000000000000e+00
1077,15431,SEDSCRS_TCu,0.000000000000e+00
1077,15431,SO_TPb,0.000000000000e+00
1077,15431,IO_TPb,0.000000000000e+00
1077,15431,AO_TPb,0.000000000000e+00
1077,15431,PO_TPb,0.000000000000e+00
1077,15431,SED_TPb,0.000000000000e+00
1077,15431,SEDWSSD_TPb,0.000000000000e+00
1077,15431,SEDSCRS_TPb,0.000000000000e+00
1077,15431,SO_TZn,0.000000000000e+00
1077,15431,IO_TZn,0.000000000000e+00
1077,15431,AO_TZn,0.000000000000e+00
1077,15431,PO_TZn,0.000000000000e+00
1077,15431,SED_TZn,0.000000000000e+00
1077,15431,SEDWSSD_TZn,0.000000000000e+00
1077,15431,SEDSCRS_TZn,0.000000000000e+00
1077,15432,AREA,0.000000000000e+00
1077,15432,PREC,0.000000000000e+00
1077,15432,SURO,0.000000000000e+00
1077,15432,IFWO,0.000000000000e+00
1077,15432,AGWO,0.000000000000e+00
1077,15432,PERO,0.000000000000e+00
1077,15432,TAET,0.000000000000e+00
1077,15432,SEDLOAD,0.000000000000e+00
1077,15432,SEDWSSD, 0.00000e+00
1077,15432,SEDSCRS, 0.00000e+00
1077,15432,SEDSURO, 0.00000e+00
1077,15432,SEDIFWO, 0.00000e+00
1077,15432,SEDAGWO, 0.00000e+00
1077,15432,SO_TN,0.000000000000e+00
1077,15432,IO_TN,0.000000000000e+00
1077,15432,AO_TN,0.000000000000e+00
1077,15432,PO_TN,0.000000000000e+00
1077,15432,SO_TP,0.000000000000e+00
1077,15432,IO_TP,0.000000000000e+00
1077,15432,AO_TP,0.000000000000e+00
1077,15432,PO_TP,0.000000000000e+00
1077,15432,SED_TP,0.000000000000e+00
1077,15432,SEDWSSD_TP,0.000000000000e+00
1077,15432,SEDSCRS_TP,0.000000000000e+00
1077,15432,SO_TCd,0.000000000000e+00
1077,15432,IO_TCd,0.000000000000e+00
1077,15432,AO_TCd,0.000000000000e+00
1077,15432,PO_TCd,0.000000000000e+00
1077,15432,SED_TCd,0.000000000000e+00
1077,15432,SEDWSSD_TCd,0.000000000000e+00
1077,15432,SEDSCRS_TCd,0.000000000000e+00
1077,15432,SO_TCu,0.000000000000e+00
1077,15432,IO_TCu,0.000000000000e+00
1077,15432,AO_TCu,0.000000000000e+00
1077,15432,PO_TCu,0.000000000000e+00
1077,15432,SED_TCu,0.000000000000e+00
1077,15432,SEDWSSD_TCu,0.000000000000e+00
1077,15432,SEDSCRS_TCu,0.000000000000e+00
1077,15432,SO_TPb,0.000000000000e+00
1077,15432,IO_TPb,0.000000000000e+00
1077,15432,AO_TPb,0.000000000000e+00
1077,15432,PO_TPb,0.000000000000e+00
1077,15432,SED_TPb,0.000000000000e+00
1077,15432,SEDWSSD_TPb,0.000000000000e+00
1077,15432,SEDSCRS_TPb,0.000000000000e+00
1077,15432,SO_TZn,0.000000000000e+00
1077,15432,IO_TZn,0.000000000000e+00
1077,15432,AO_TZn,0.000000000000e+00
1077,15432,PO_TZn,0.000000000000e+00
1077,15432,SED_TZn,0.000000000000e+00
1077,15432,SEDWSSD_TZn,0.000000000000e+00
1077,15432,SEDSCRS_TZn,0.000000000000e+00
1077,16000,AREA,0.000000000000e+00
1077,16000,PREC,0.000000000000e+00
1077,16000,SURO,0.000000000000e+00
1077,16000,IFWO,0.000000000000e+00
1077,16000,AGWO,0.000000000000e+00
1077,16000,PERO,0.000000000000e+00
1077,16000,TAET,0.000000000000e+00
1077,16000,SEDLOAD,0.000000000000e+00
1077,16000,SEDWSSD, 0.00000e+00
1077,16000,SEDSCRS, 0.00000e+00
1077,16000,SEDSURO, 0.00000e+00
1077,16000,SEDIFWO, 0.00000e+00
1077,16000,SEDAGWO, 0.00000e+00
1077,16000,SO_TN,0.000000000000e+00
1077,16000,IO_TN,0.000000000000e+00
1077,16000,AO_TN,0.000000000000e+00
1077,16000,PO_TN,0.000000000000e+00
1077,16000,SO_TP,0.000000000000e+00
1077,16000,IO_TP,0.000000000000e+00
1077,16000,AO_TP,0.000000000000e+00
1077,16000,PO_TP,0.000000000000e+00
1077,16000,SED_TP,0.000000000000e+00
1077,16000,SEDWSSD_TP,0.000000000000e+00
1077,16000,SEDSCRS_TP,0.000000000000e+00
1077,16000,SO_TCd,0.000000000000e+00
1077,16000,IO_TCd,0.000000000000e+00
1077,16000,AO_TCd,0.000000000000e+00
1077,16000,PO_TCd,0.000000000000e+00
1077,16000,SED_TCd,0.000000000000e+00
1077,16000,SEDWSSD_TCd,0.000000000000e+00
1077,16000,SEDSCRS_TCd,0.000000000000e+00
1077,16000,SO_TCu,0.000000000000e+00
1077,16000,IO_TCu,0.000000000000e+00
1077,16000,AO_TCu,0.000000000000e+00
1077,16000,PO_TCu,0.000000000000e+00
1077,16000,SED_TCu,0.000000000000e+00
1077,16000,SEDWSSD_TCu,0.000000000000e+00
1077,16000,SEDSCRS_TCu,0.000000000000e+00
1077,16000,SO_TPb,0.000000000000e+00
1077,16000,IO_TPb,0.000000000000e+00
1077,16000,AO_TPb,0.000000000000e+00
1077,16000,PO_TPb,0.000000000000e+00
1077,16000,SED_TPb,0.000000000000e+00
1077,16000,SEDWSSD_TPb,0.000000000000e+00
1077,16000,SEDSCRS_TPb,0.000000000000e+00
1077,16000,SO_TZn,0.000000000000e+00
1077,16000,IO_TZn,0.000000000000e+00
1077,16000,AO_TZn,0.000000000000e+00
1077,16000,PO_TZn,0.000000000000e+00
1077,16000,SED_TZn,0.000000000000e+00
1077,16000,SEDWSSD_TZn,0.000000000000e+00
1077,16000,SEDSCRS_TZn,0.000000000000e+00
