subbasin,deluid,parmname,value1
5120,1000,AREA,2.971977499998e+01
5120,1000,PREC,2.957960920268e+02
5120,1000,SURO,2.674019186763e+02
5120,1000,IFWO,0.000000000000e+00
5120,1000,AGWO,0.000000000000e+00
5120,1000,PERO,2.674019186763e+02
5120,1000,TAET,2.839417335052e+01
5120,1000,SEDLOAD,1.993311640685e+00
5120,1000,SEDWSSD, 1.99331e+00
5120,1000,SEDSCRS, 0.00000e+00
5120,1000,SEDSURO, 0.00000e+00
5120,1000,SEDIFWO, 0.00000e+00
5120,1000,SEDAGWO, 0.00000e+00
5120,1000,SO_TN,9.528175870691e+00
5120,1000,IO_TN,0.000000000000e+00
5120,1000,AO_TN,0.000000000000e+00
5120,1000,PO_TN,9.528175870691e+00
5120,1000,SO_TP,8.895153196555e+00
5120,1000,IO_TP,0.000000000000e+00
5120,1000,AO_TP,0.000000000000e+00
5120,1000,PO_TP,8.895153196555e+00
5120,1000,SED_TP,8.895153196555e+00
5120,1000,SEDWSSD_TP,8.895153196555e+00
5120,1000,SEDSCRS_TP,0.000000000000e+00
5120,1000,SO_TCd,3.488295371198e-02
5120,1000,IO_TCd,0.000000000000e+00
5120,1000,AO_TCd,0.000000000000e+00
5120,1000,PO_TCd,3.488295371198e-02
5120,1000,SED_TCd,3.488295371198e-02
5120,1000,SEDWSSD_TCd,3.488295371198e-02
5120,1000,SEDSCRS_TCd,0.000000000000e+00
5120,1000,SO_TCu,3.488295371198e+00
5120,1000,IO_TCu,0.000000000000e+00
5120,1000,AO_TCu,0.000000000000e+00
5120,1000,PO_TCu,3.488295371198e+00
5120,1000,SED_TCu,3.488295371198e+00
5120,1000,SEDWSSD_TCu,3.488295371198e+00
5120,1000,SEDSCRS_TCu,0.000000000000e+00
5120,1000,SO_TPb,8.611106287757e-01
5120,1000,IO_TPb,0.000000000000e+00
5120,1000,AO_TPb,0.000000000000e+00
5120,1000,PO_TPb,8.611106287757e-01
5120,1000,SED_TPb,8.611106287757e-01
5120,1000,SEDWSSD_TPb,8.611106287757e-01
5120,1000,SEDSCRS_TPb,0.000000000000e+00
5120,1000,SO_TZn,2.755554012082e+01
5120,1000,IO_TZn,0.000000000000e+00
5120,1000,AO_TZn,0.000000000000e+00
5120,1000,PO_TZn,2.755554012082e+01
5120,1000,SED_TZn,2.755554012082e+01
5120,1000,SEDWSSD_TZn,2.755554012082e+01
5120,1000,SEDSCRS_TZn,0.000000000000e+00
5120,2000,AREA,2.403924400005e+01
5120,2000,PREC,2.392586898952e+02
5120,2000,SURO,2.162916768087e+02
5120,2000,IFWO,0.000000000000e+00
5120,2000,AGWO,0.000000000000e+00
5120,2000,PERO,2.162916768087e+02
5120,2000,TAET,2.296701308645e+01
5120,2000,SEDLOAD,4.886193645816e+00
5120,2000,SEDWSSD, 4.88619e+00
5120,2000,SEDSCRS, 0.00000e+00
5120,2000,SEDSURO, 0.00000e+00
5120,2000,SEDIFWO, 0.00000e+00
5120,2000,SEDAGWO, 0.00000e+00
5120,2000,SO_TN,7.706994572821e+00
5120,2000,IO_TN,0.000000000000e+00
5120,2000,AO_TN,0.000000000000e+00
5120,2000,PO_TN,7.706994572821e+00
5120,2000,SO_TP,2.180463914445e+01
5120,2000,IO_TP,0.000000000000e+00
5120,2000,AO_TP,0.000000000000e+00
5120,2000,PO_TP,2.180463914445e+01
5120,2000,SED_TP,2.180463914445e+01
5120,2000,SEDWSSD_TP,2.180463914445e+01
5120,2000,SEDSCRS_TP,0.000000000000e+00
5120,2000,SO_TCd,7.329290468724e-02
5120,2000,IO_TCd,0.000000000000e+00
5120,2000,AO_TCd,0.000000000000e+00
5120,2000,PO_TCd,7.329290468724e-02
5120,2000,SED_TCd,7.329290468724e-02
5120,2000,SEDWSSD_TCd,7.329290468724e-02
5120,2000,SEDSCRS_TCd,0.000000000000e+00
5120,2000,SO_TCu,7.329290468724e+00
5120,2000,IO_TCu,0.000000000000e+00
5120,2000,AO_TCu,0.000000000000e+00
5120,2000,PO_TCu,7.329290468724e+00
5120,2000,SED_TCu,7.329290468724e+00
5120,2000,SEDWSSD_TCu,7.329290468724e+00
5120,2000,SEDSCRS_TCu,0.000000000000e+00
5120,2000,SO_TPb,1.583126741244e+00
5120,2000,IO_TPb,0.000000000000e+00
5120,2000,AO_TPb,0.000000000000e+00
5120,2000,PO_TPb,1.583126741244e+00
5120,2000,SED_TPb,1.583126741244e+00
5120,2000,SEDWSSD_TPb,1.583126741244e+00
5120,2000,SEDSCRS_TPb,0.000000000000e+00
5120,2000,SO_TZn,3.377337047988e+01
5120,2000,IO_TZn,0.000000000000e+00
5120,2000,AO_TZn,0.000000000000e+00
5120,2000,PO_TZn,3.377337047988e+01
5120,2000,SED_TZn,3.377337047988e+01
5120,2000,SEDWSSD_TZn,3.377337047988e+01
5120,2000,SEDSCRS_TZn,0.000000000000e+00
5120,3000,AREA,7.184646899998e+01
5120,3000,PREC,7.150762331184e+02
5120,3000,SURO,6.464343576194e+02
5120,3000,IFWO,0.000000000000e+00
5120,3000,AGWO,0.000000000000e+00
5120,3000,PERO,6.464343576194e+02
5120,3000,TAET,6.864187549901e+01
5120,3000,SEDLOAD,1.140773038624e+01
5120,3000,SEDWSSD, 1.14077e+01
5120,3000,SEDSCRS, 0.00000e+00
5120,3000,SEDSURO, 0.00000e+00
5120,3000,SEDIFWO, 0.00000e+00
5120,3000,SEDAGWO, 0.00000e+00
5120,3000,SO_TN,2.303401665457e+01
5120,3000,IO_TN,0.000000000000e+00
5120,3000,AO_TN,0.000000000000e+00
5120,3000,PO_TN,2.303401665457e+01
5120,3000,SO_TP,5.090699684861e+01
5120,3000,IO_TP,0.000000000000e+00
5120,3000,AO_TP,0.000000000000e+00
5120,3000,PO_TP,5.090699684861e+01
5120,3000,SED_TP,5.090699684861e+01
5120,3000,SEDWSSD_TP,5.090699684861e+01
5120,3000,SEDSCRS_TP,0.000000000000e+00
5120,3000,SO_TCd,1.368927646349e-01
5120,3000,IO_TCd,0.000000000000e+00
5120,3000,AO_TCd,0.000000000000e+00
5120,3000,PO_TCd,1.368927646349e-01
5120,3000,SED_TCd,1.368927646349e-01
5120,3000,SEDWSSD_TCd,1.368927646349e-01
5120,3000,SEDSCRS_TCd,0.000000000000e+00
5120,3000,SO_TCu,1.368927646349e+01
5120,3000,IO_TCu,0.000000000000e+00
5120,3000,AO_TCu,0.000000000000e+00
5120,3000,PO_TCu,1.368927646349e+01
5120,3000,SED_TCu,1.368927646349e+01
5120,3000,SEDWSSD_TCu,1.368927646349e+01
5120,3000,SEDSCRS_TCu,0.000000000000e+00
5120,3000,SO_TPb,1.232034881714e+00
5120,3000,IO_TPb,0.000000000000e+00
5120,3000,AO_TPb,0.000000000000e+00
5120,3000,PO_TPb,1.232034881714e+00
5120,3000,SED_TPb,1.232034881714e+00
5120,3000,SEDWSSD_TPb,1.232034881714e+00
5120,3000,SEDSCRS_TPb,0.000000000000e+00
5120,3000,SO_TZn,5.913767432228e+01
5120,3000,IO_TZn,0.000000000000e+00
5120,3000,AO_TZn,0.000000000000e+00
5120,3000,PO_TZn,5.913767432228e+01
5120,3000,SED_TZn,5.913767432228e+01
5120,3000,SEDWSSD_TZn,5.913767432228e+01
5120,3000,SEDSCRS_TZn,0.000000000000e+00
5120,4000,AREA,4.889916000001e+00
5120,4000,PREC,4.866853948724e+01
5120,4000,SURO,4.399673014234e+01
5120,4000,IFWO,0.000000000000e+00
5120,4000,AGWO,0.000000000000e+00
5120,4000,PERO,4.399673014234e+01
5120,4000,TAET,4.671809344905e+00
5120,4000,SEDLOAD,9.939196294098e-01
5120,4000,SEDWSSD, 9.93920e-01
5120,4000,SEDSCRS, 0.00000e+00
5120,4000,SEDSURO, 0.00000e+00
5120,4000,SEDIFWO, 0.00000e+00
5120,4000,SEDAGWO, 0.00000e+00
5120,4000,SO_TN,3.294993210912e+01
5120,4000,IO_TN,0.000000000000e+00
5120,4000,AO_TN,0.000000000000e+00
5120,4000,PO_TN,3.294993210912e+01
5120,4000,SO_TP,7.305309276162e+00
5120,4000,IO_TP,0.000000000000e+00
5120,4000,AO_TP,0.000000000000e+00
5120,4000,PO_TP,7.305309276162e+00
5120,4000,SED_TP,7.305309276162e+00
5120,4000,SEDWSSD_TP,7.305309276162e+00
5120,4000,SEDSCRS_TP,0.000000000000e+00
5120,4000,SO_TCd,1.490879444115e-02
5120,4000,IO_TCd,0.000000000000e+00
5120,4000,AO_TCd,0.000000000000e+00
5120,4000,PO_TCd,1.490879444115e-02
5120,4000,SED_TCd,1.490879444115e-02
5120,4000,SEDWSSD_TCd,1.490879444115e-02
5120,4000,SEDSCRS_TCd,0.000000000000e+00
5120,4000,SO_TCu,1.490879444115e+00
5120,4000,IO_TCu,0.000000000000e+00
5120,4000,AO_TCu,0.000000000000e+00
5120,4000,PO_TCu,1.490879444115e+00
5120,4000,SED_TCu,1.490879444115e+00
5120,4000,SEDWSSD_TCu,1.490879444115e+00
5120,4000,SEDSCRS_TCu,0.000000000000e+00
5120,4000,SO_TPb,4.293732799050e-01
5120,4000,IO_TPb,0.000000000000e+00
5120,4000,AO_TPb,0.000000000000e+00
5120,4000,PO_TPb,4.293732799050e-01
5120,4000,SED_TPb,4.293732799050e-01
5120,4000,SEDWSSD_TPb,4.293732799050e-01
5120,4000,SEDSCRS_TPb,0.000000000000e+00
5120,4000,SO_TZn,4.472638332344e+00
5120,4000,IO_TZn,0.000000000000e+00
5120,4000,AO_TZn,0.000000000000e+00
5120,4000,PO_TZn,4.472638332344e+00
5120,4000,SED_TZn,4.472638332344e+00
5120,4000,SEDWSSD_TZn,4.472638332344e+00
5120,4000,SEDSCRS_TZn,0.000000000000e+00
5120,5000,AREA,2.090088509996e+02
5120,5000,PREC,2.080231136501e+03
5120,5000,SURO,1.880544781302e+03
5120,5000,IFWO,0.000000000000e+00
5120,5000,AGWO,0.000000000000e+00
5120,5000,PERO,1.880544781302e+03
5120,5000,TAET,1.996863551991e+02
5120,5000,SEDLOAD,2.708493022774e+01
5120,5000,SEDWSSD, 2.70849e+01
5120,5000,SEDSCRS, 0.00000e+00
5120,5000,SEDSURO, 0.00000e+00
5120,5000,SEDIFWO, 0.00000e+00
5120,5000,SEDAGWO, 0.00000e+00
5120,5000,SO_TN,1.584632716211e+03
5120,5000,IO_TN,0.000000000000e+00
5120,5000,AO_TN,0.000000000000e+00
5120,5000,PO_TN,1.584632716211e+03
5120,5000,SO_TP,1.848546488043e+02
5120,5000,IO_TP,0.000000000000e+00
5120,5000,AO_TP,0.000000000000e+00
5120,5000,PO_TP,1.848546488043e+02
5120,5000,SED_TP,1.848546488043e+02
5120,5000,SEDWSSD_TP,1.848546488043e+02
5120,5000,SEDSCRS_TP,0.000000000000e+00
5120,5000,SO_TCd,2.031369767081e-01
5120,5000,IO_TCd,0.000000000000e+00
5120,5000,AO_TCd,0.000000000000e+00
5120,5000,PO_TCd,2.031369767081e-01
5120,5000,SED_TCd,2.031369767081e-01
5120,5000,SEDWSSD_TCd,2.031369767081e-01
5120,5000,SEDSCRS_TCd,0.000000000000e+00
5120,5000,SO_TCu,2.031369767081e+01
5120,5000,IO_TCu,0.000000000000e+00
5120,5000,AO_TCu,0.000000000000e+00
5120,5000,PO_TCu,2.031369767081e+01
5120,5000,SED_TCu,2.031369767081e+01
5120,5000,SEDWSSD_TCu,2.031369767081e+01
5120,5000,SEDSCRS_TCu,0.000000000000e+00
5120,5000,SO_TPb,1.023810362609e+01
5120,5000,IO_TPb,0.000000000000e+00
5120,5000,AO_TPb,0.000000000000e+00
5120,5000,PO_TPb,1.023810362609e+01
5120,5000,SED_TPb,1.023810362609e+01
5120,5000,SEDWSSD_TPb,1.023810362609e+01
5120,5000,SEDSCRS_TPb,0.000000000000e+00
5120,5000,SO_TZn,7.312931161491e+01
5120,5000,IO_TZn,0.000000000000e+00
5120,5000,AO_TZn,0.000000000000e+00
5120,5000,PO_TZn,7.312931161491e+01
5120,5000,SED_TZn,7.312931161491e+01
5120,5000,SEDWSSD_TZn,7.312931161491e+01
5120,5000,SEDSCRS_TZn,0.000000000000e+00
5120,6000,AREA,2.023094099998e+01
5120,6000,PREC,2.013552688681e+02
5120,6000,SURO,1.820266956943e+02
5120,6000,IFWO,0.000000000000e+00
5120,6000,AGWO,0.000000000000e+00
5120,6000,PERO,1.820266956943e+02
5120,6000,TAET,1.932857317386e+01
5120,6000,SEDLOAD,4.112121635900e+00
5120,6000,SEDWSSD, 4.11212e+00
5120,6000,SEDSCRS, 0.00000e+00
5120,6000,SEDSURO, 0.00000e+00
5120,6000,SEDIFWO, 0.00000e+00
5120,6000,SEDAGWO, 0.00000e+00
5120,6000,SO_TN,1.166627345218e+02
5120,6000,IO_TN,0.000000000000e+00
5120,6000,AO_TN,0.000000000000e+00
5120,6000,PO_TN,1.166627345218e+02
5120,6000,SO_TP,3.238295788271e+01
5120,6000,IO_TP,0.000000000000e+00
5120,6000,AO_TP,0.000000000000e+00
5120,6000,PO_TP,3.238295788271e+01
5120,6000,SED_TP,3.238295788271e+01
5120,6000,SEDWSSD_TP,3.238295788271e+01
5120,6000,SEDSCRS_TP,0.000000000000e+00
5120,6000,SO_TCd,8.224243271799e-02
5120,6000,IO_TCd,0.000000000000e+00
5120,6000,AO_TCd,0.000000000000e+00
5120,6000,PO_TCd,8.224243271799e-02
5120,6000,SED_TCd,8.224243271799e-02
5120,6000,SEDWSSD_TCd,8.224243271799e-02
5120,6000,SEDSCRS_TCd,0.000000000000e+00
5120,6000,SO_TCu,8.224243271799e+00
5120,6000,IO_TCu,0.000000000000e+00
5120,6000,AO_TCu,0.000000000000e+00
5120,6000,PO_TCu,8.224243271799e+00
5120,6000,SED_TCu,8.224243271799e+00
5120,6000,SEDWSSD_TCu,8.224243271799e+00
5120,6000,SEDSCRS_TCu,0.000000000000e+00
5120,6000,SO_TPb,2.131723856050e+00
5120,6000,IO_TPb,0.000000000000e+00
5120,6000,AO_TPb,0.000000000000e+00
5120,6000,PO_TPb,2.131723856050e+00
5120,6000,SED_TPb,2.131723856050e+00
5120,6000,SEDWSSD_TPb,2.131723856050e+00
5120,6000,SEDSCRS_TPb,0.000000000000e+00
5120,6000,SO_TZn,2.368582062278e+01
5120,6000,IO_TZn,0.000000000000e+00
5120,6000,AO_TZn,0.000000000000e+00
5120,6000,PO_TZn,2.368582062278e+01
5120,6000,SED_TZn,2.368582062278e+01
5120,6000,SEDWSSD_TZn,2.368582062278e+01
5120,6000,SEDSCRS_TZn,0.000000000000e+00
5120,7000,AREA,5.567022999994e+00
5120,7000,PREC,5.540767544921e+01
5120,7000,SURO,5.008896034762e+01
5120,7000,IFWO,0.000000000000e+00
5120,7000,AGWO,0.000000000000e+00
5120,7000,PERO,5.008896034762e+01
5120,7000,TAET,5.318715101588e+00
5120,7000,SEDLOAD,1.340044083216e+00
5120,7000,SEDWSSD, 1.34004e+00
5120,7000,SEDSCRS, 0.00000e+00
5120,7000,SEDSURO, 0.00000e+00
5120,7000,SEDIFWO, 0.00000e+00
5120,7000,SEDAGWO, 0.00000e+00
5120,7000,SO_TN,2.723892638763e+01
5120,7000,IO_TN,0.000000000000e+00
5120,7000,AO_TN,0.000000000000e+00
5120,7000,PO_TN,2.723892638763e+01
5120,7000,SO_TP,9.849324011638e+00
5120,7000,IO_TP,0.000000000000e+00
5120,7000,AO_TP,0.000000000000e+00
5120,7000,PO_TP,9.849324011638e+00
5120,7000,SED_TP,9.849324011638e+00
5120,7000,SEDWSSD_TP,9.849324011638e+00
5120,7000,SEDSCRS_TP,0.000000000000e+00
5120,7000,SO_TCd,3.350110208040e-02
5120,7000,IO_TCd,0.000000000000e+00
5120,7000,AO_TCd,0.000000000000e+00
5120,7000,PO_TCd,3.350110208040e-02
5120,7000,SED_TCd,3.350110208040e-02
5120,7000,SEDWSSD_TCd,3.350110208040e-02
5120,7000,SEDSCRS_TCd,0.000000000000e+00
5120,7000,SO_TCu,3.350110208040e+00
5120,7000,IO_TCu,0.000000000000e+00
5120,7000,AO_TCu,0.000000000000e+00
5120,7000,PO_TCu,3.350110208040e+00
5120,7000,SED_TCu,3.350110208040e+00
5120,7000,SEDWSSD_TCu,3.350110208040e+00
5120,7000,SEDSCRS_TCu,0.000000000000e+00
5120,7000,SO_TPb,9.262384703189e-01
5120,7000,IO_TPb,0.000000000000e+00
5120,7000,AO_TPb,0.000000000000e+00
5120,7000,PO_TPb,9.262384703189e-01
5120,7000,SED_TPb,9.262384703189e-01
5120,7000,SEDWSSD_TPb,9.262384703189e-01
5120,7000,SEDSCRS_TPb,0.000000000000e+00
5120,7000,SO_TZn,1.543730783865e+01
5120,7000,IO_TZn,0.000000000000e+00
5120,7000,AO_TZn,0.000000000000e+00
5120,7000,PO_TZn,1.543730783865e+01
5120,7000,SED_TZn,1.543730783865e+01
5120,7000,SEDWSSD_TZn,1.543730783865e+01
5120,7000,SEDSCRS_TZn,0.000000000000e+00
5120,8000,AREA,1.848512599997e+01
5120,8000,PREC,1.839794558143e+02
5120,8000,SURO,1.663188284357e+02
5120,8000,IFWO,0.000000000000e+00
5120,8000,AGWO,0.000000000000e+00
5120,8000,PERO,1.663188284357e+02
5120,8000,TAET,1.766062737858e+01
5120,8000,SEDLOAD,3.378085286623e+00
5120,8000,SEDWSSD, 3.37809e+00
5120,8000,SEDSCRS, 0.00000e+00
5120,8000,SEDSURO, 0.00000e+00
5120,8000,SEDIFWO, 0.00000e+00
5120,8000,SEDAGWO, 0.00000e+00
5120,8000,SO_TN,5.522584040108e+01
5120,8000,IO_TN,0.000000000000e+00
5120,8000,AO_TN,0.000000000000e+00
5120,8000,PO_TN,5.522584040108e+01
5120,8000,SO_TP,3.546989550954e+00
5120,8000,IO_TP,0.000000000000e+00
5120,8000,AO_TP,0.000000000000e+00
5120,8000,PO_TP,3.546989550954e+00
5120,8000,SED_TP,3.546989550954e+00
5120,8000,SEDWSSD_TP,3.546989550954e+00
5120,8000,SEDSCRS_TP,0.000000000000e+00
5120,8000,SO_TCd,3.800345947451e-02
5120,8000,IO_TCd,0.000000000000e+00
5120,8000,AO_TCd,0.000000000000e+00
5120,8000,PO_TCd,3.800345947451e-02
5120,8000,SED_TCd,3.800345947451e-02
5120,8000,SEDWSSD_TCd,3.800345947451e-02
5120,8000,SEDSCRS_TCd,0.000000000000e+00
5120,8000,SO_TCu,3.800345947451e+00
5120,8000,IO_TCu,0.000000000000e+00
5120,8000,AO_TCu,0.000000000000e+00
5120,8000,PO_TCu,3.800345947451e+00
5120,8000,SED_TCu,3.800345947451e+00
5120,8000,SEDWSSD_TCu,3.800345947451e+00
5120,8000,SEDSCRS_TCu,0.000000000000e+00
5120,8000,SO_TPb,9.120830273882e-01
5120,8000,IO_TPb,0.000000000000e+00
5120,8000,AO_TPb,0.000000000000e+00
5120,8000,PO_TPb,9.120830273882e-01
5120,8000,SED_TPb,9.120830273882e-01
5120,8000,SEDWSSD_TPb,9.120830273882e-01
5120,8000,SEDSCRS_TPb,0.000000000000e+00
5120,8000,SO_TZn,1.459332843821e+01
5120,8000,IO_TZn,0.000000000000e+00
5120,8000,AO_TZn,0.000000000000e+00
5120,8000,PO_TZn,1.459332843821e+01
5120,8000,SED_TZn,1.459332843821e+01
5120,8000,SEDWSSD_TZn,1.459332843821e+01
5120,8000,SEDSCRS_TZn,0.000000000000e+00
5120,9000,AREA,1.276026850001e+02
5120,9000,PREC,1.270008792298e+03
5120,9000,SURO,1.190211441095e+03
5120,9000,IFWO,0.000000000000e+00
5120,9000,AGWO,0.000000000000e+00
5120,9000,PERO,1.190211441095e+03
5120,9000,TAET,7.979735120314e+01
5120,9000,SEDLOAD,3.104350785135e+00
5120,9000,SEDWSSD, 3.10435e+00
5120,9000,SEDSCRS, 0.00000e+00
5120,9000,SEDSURO, 0.00000e+00
5120,9000,SEDIFWO, 0.00000e+00
5120,9000,SEDAGWO, 0.00000e+00
5120,9000,SO_TN,3.932741842090e+02
5120,9000,IO_TN,0.000000000000e+00
5120,9000,AO_TN,0.000000000000e+00
5120,9000,PO_TN,3.932741842090e+02
5120,9000,SO_TP,3.259568324392e+00
5120,9000,IO_TP,0.000000000000e+00
5120,9000,AO_TP,0.000000000000e+00
5120,9000,PO_TP,3.259568324392e+00
5120,9000,SED_TP,3.259568324392e+00
5120,9000,SEDWSSD_TP,3.259568324392e+00
5120,9000,SEDSCRS_TP,0.000000000000e+00
5120,9000,SO_TCd,1.164131544426e-02
5120,9000,IO_TCd,0.000000000000e+00
5120,9000,AO_TCd,0.000000000000e+00
5120,9000,PO_TCd,1.164131544426e-02
5120,9000,SED_TCd,1.164131544426e-02
5120,9000,SEDWSSD_TCd,1.164131544426e-02
5120,9000,SEDSCRS_TCd,0.000000000000e+00
5120,9000,SO_TCu,1.164131544426e+00
5120,9000,IO_TCu,0.000000000000e+00
5120,9000,AO_TCu,0.000000000000e+00
5120,9000,PO_TCu,1.164131544426e+00
5120,9000,SED_TCu,1.164131544426e+00
5120,9000,SEDWSSD_TCu,1.164131544426e+00
5120,9000,SEDSCRS_TCu,0.000000000000e+00
5120,9000,SO_TPb,2.793915706621e-01
5120,9000,IO_TPb,0.000000000000e+00
5120,9000,AO_TPb,0.000000000000e+00
5120,9000,PO_TPb,2.793915706621e-01
5120,9000,SED_TPb,2.793915706621e-01
5120,9000,SEDWSSD_TPb,2.793915706621e-01
5120,9000,SEDSCRS_TPb,0.000000000000e+00
5120,9000,SO_TZn,1.676349423973e+01
5120,9000,IO_TZn,0.000000000000e+00
5120,9000,AO_TZn,0.000000000000e+00
5120,9000,PO_TZn,1.676349423973e+01
5120,9000,SED_TZn,1.676349423973e+01
5120,9000,SEDWSSD_TZn,1.676349423973e+01
5120,9000,SEDSCRS_TZn,0.000000000000e+00
5120,10000,AREA,4.799525999992e+00
5120,10000,PREC,4.776890250283e+01
5120,10000,SURO,9.766487523511e+01
5120,10000,IFWO,0.000000000000e+00
5120,10000,AGWO,0.000000000000e+00
5120,10000,PERO,9.766487523511e+01
5120,10000,TAET,9.040822243891e+01
5120,10000,SEDLOAD,1.659911643258e+00
5120,10000,SEDWSSD, 0.00000e+00
5120,10000,SEDSCRS, 0.00000e+00
5120,10000,SEDSURO, 1.65991e+00
5120,10000,SEDIFWO, 0.00000e+00
5120,10000,SEDAGWO, 0.00000e+00
5120,10000,SO_TN,8.852873424872e+01
5120,10000,IO_TN,0.000000000000e+00
5120,10000,AO_TN,0.000000000000e+00
5120,10000,PO_TN,8.852873424872e+01
5120,10000,SO_TP,8.852873424872e+00
5120,10000,IO_TP,0.000000000000e+00
5120,10000,AO_TP,0.000000000000e+00
5120,10000,PO_TP,8.852873424872e+00
5120,10000,SED_TP,0.000000000000e+00
5120,10000,SEDWSSD_TP,0.000000000000e+00
5120,10000,SEDSCRS_TP,0.000000000000e+00
5120,10000,SO_TCd,2.213218356218e-03
5120,10000,IO_TCd,0.000000000000e+00
5120,10000,AO_TCd,0.000000000000e+00
5120,10000,PO_TCd,2.213218356218e-03
5120,10000,SED_TCd,0.000000000000e+00
5120,10000,SEDWSSD_TCd,0.000000000000e+00
5120,10000,SEDSCRS_TCd,0.000000000000e+00
5120,10000,SO_TCu,5.533045890545e-01
5120,10000,IO_TCu,0.000000000000e+00
5120,10000,AO_TCu,0.000000000000e+00
5120,10000,PO_TCu,5.533045890545e-01
5120,10000,SED_TCu,0.000000000000e+00
5120,10000,SEDWSSD_TCu,0.000000000000e+00
5120,10000,SEDSCRS_TCu,0.000000000000e+00
5120,10000,SO_TPb,8.852873424872e-02
5120,10000,IO_TPb,0.000000000000e+00
5120,10000,AO_TPb,0.000000000000e+00
5120,10000,PO_TPb,8.852873424872e-02
5120,10000,SED_TPb,0.000000000000e+00
5120,10000,SEDWSSD_TPb,0.000000000000e+00
5120,10000,SEDSCRS_TPb,0.000000000000e+00
5120,10000,SO_TZn,1.770574684974e+00
5120,10000,IO_TZn,0.000000000000e+00
5120,10000,AO_TZn,0.000000000000e+00
5120,10000,PO_TZn,1.770574684974e+00
5120,10000,SED_TZn,0.000000000000e+00
5120,10000,SEDWSSD_TZn,0.000000000000e+00
5120,10000,SEDSCRS_TZn,0.000000000000e+00
5120,11111,AREA,0.000000000000e+00
5120,11111,PREC,0.000000000000e+00
5120,11111,SURO,0.000000000000e+00
5120,11111,IFWO,0.000000000000e+00
5120,11111,AGWO,0.000000000000e+00
5120,11111,PERO,0.000000000000e+00
5120,11111,TAET,0.000000000000e+00
5120,11111,SEDLOAD,0.000000000000e+00
5120,11111,SEDWSSD, 0.00000e+00
5120,11111,SEDSCRS, 0.00000e+00
5120,11111,SEDSURO, 0.00000e+00
5120,11111,SEDIFWO, 0.00000e+00
5120,11111,SEDAGWO, 0.00000e+00
5120,11111,SO_TN,0.000000000000e+00
5120,11111,IO_TN,0.000000000000e+00
5120,11111,AO_TN,0.000000000000e+00
5120,11111,PO_TN,0.000000000000e+00
5120,11111,SO_TP,0.000000000000e+00
5120,11111,IO_TP,0.000000000000e+00
5120,11111,AO_TP,0.000000000000e+00
5120,11111,PO_TP,0.000000000000e+00
5120,11111,SED_TP,0.000000000000e+00
5120,11111,SEDWSSD_TP,0.000000000000e+00
5120,11111,SEDSCRS_TP,0.000000000000e+00
5120,11111,SO_TCd,0.000000000000e+00
5120,11111,IO_TCd,0.000000000000e+00
5120,11111,AO_TCd,0.000000000000e+00
5120,11111,PO_TCd,0.000000000000e+00
5120,11111,SED_TCd,0.000000000000e+00
5120,11111,SEDWSSD_TCd,0.000000000000e+00
5120,11111,SEDSCRS_TCd,0.000000000000e+00
5120,11111,SO_TCu,0.000000000000e+00
5120,11111,IO_TCu,0.000000000000e+00
5120,11111,AO_TCu,0.000000000000e+00
5120,11111,PO_TCu,0.000000000000e+00
5120,11111,SED_TCu,0.000000000000e+00
5120,11111,SEDWSSD_TCu,0.000000000000e+00
5120,11111,SEDSCRS_TCu,0.000000000000e+00
5120,11111,SO_TPb,0.000000000000e+00
5120,11111,IO_TPb,0.000000000000e+00
5120,11111,AO_TPb,0.000000000000e+00
5120,11111,PO_TPb,0.000000000000e+00
5120,11111,SED_TPb,0.000000000000e+00
5120,11111,SEDWSSD_TPb,0.000000000000e+00
5120,11111,SEDSCRS_TPb,0.000000000000e+00
5120,11111,SO_TZn,0.000000000000e+00
5120,11111,IO_TZn,0.000000000000e+00
5120,11111,AO_TZn,0.000000000000e+00
5120,11111,PO_TZn,0.000000000000e+00
5120,11111,SED_TZn,0.000000000000e+00
5120,11111,SEDWSSD_TZn,0.000000000000e+00
5120,11111,SEDSCRS_TZn,0.000000000000e+00
5120,11112,AREA,0.000000000000e+00
5120,11112,PREC,0.000000000000e+00
5120,11112,SURO,0.000000000000e+00
5120,11112,IFWO,0.000000000000e+00
5120,11112,AGWO,0.000000000000e+00
5120,11112,PERO,0.000000000000e+00
5120,11112,TAET,0.000000000000e+00
5120,11112,SEDLOAD,0.000000000000e+00
5120,11112,SEDWSSD, 0.00000e+00
5120,11112,SEDSCRS, 0.00000e+00
5120,11112,SEDSURO, 0.00000e+00
5120,11112,SEDIFWO, 0.00000e+00
5120,11112,SEDAGWO, 0.00000e+00
5120,11112,SO_TN,0.000000000000e+00
5120,11112,IO_TN,0.000000000000e+00
5120,11112,AO_TN,0.000000000000e+00
5120,11112,PO_TN,0.000000000000e+00
5120,11112,SO_TP,0.000000000000e+00
5120,11112,IO_TP,0.000000000000e+00
5120,11112,AO_TP,0.000000000000e+00
5120,11112,PO_TP,0.000000000000e+00
5120,11112,SED_TP,0.000000000000e+00
5120,11112,SEDWSSD_TP,0.000000000000e+00
5120,11112,SEDSCRS_TP,0.000000000000e+00
5120,11112,SO_TCd,0.000000000000e+00
5120,11112,IO_TCd,0.000000000000e+00
5120,11112,AO_TCd,0.000000000000e+00
5120,11112,PO_TCd,0.000000000000e+00
5120,11112,SED_TCd,0.000000000000e+00
5120,11112,SEDWSSD_TCd,0.000000000000e+00
5120,11112,SEDSCRS_TCd,0.000000000000e+00
5120,11112,SO_TCu,0.000000000000e+00
5120,11112,IO_TCu,0.000000000000e+00
5120,11112,AO_TCu,0.000000000000e+00
5120,11112,PO_TCu,0.000000000000e+00
5120,11112,SED_TCu,0.000000000000e+00
5120,11112,SEDWSSD_TCu,0.000000000000e+00
5120,11112,SEDSCRS_TCu,0.000000000000e+00
5120,11112,SO_TPb,0.000000000000e+00
5120,11112,IO_TPb,0.000000000000e+00
5120,11112,AO_TPb,0.000000000000e+00
5120,11112,PO_TPb,0.000000000000e+00
5120,11112,SED_TPb,0.000000000000e+00
5120,11112,SEDWSSD_TPb,0.000000000000e+00
5120,11112,SEDSCRS_TPb,0.000000000000e+00
5120,11112,SO_TZn,0.000000000000e+00
5120,11112,IO_TZn,0.000000000000e+00
5120,11112,AO_TZn,0.000000000000e+00
5120,11112,PO_TZn,0.000000000000e+00
5120,11112,SED_TZn,0.000000000000e+00
5120,11112,SEDWSSD_TZn,0.000000000000e+00
5120,11112,SEDSCRS_TZn,0.000000000000e+00
5120,11121,AREA,0.000000000000e+00
5120,11121,PREC,0.000000000000e+00
5120,11121,SURO,0.000000000000e+00
5120,11121,IFWO,0.000000000000e+00
5120,11121,AGWO,0.000000000000e+00
5120,11121,PERO,0.000000000000e+00
5120,11121,TAET,0.000000000000e+00
5120,11121,SEDLOAD,0.000000000000e+00
5120,11121,SEDWSSD, 0.00000e+00
5120,11121,SEDSCRS, 0.00000e+00
5120,11121,SEDSURO, 0.00000e+00
5120,11121,SEDIFWO, 0.00000e+00
5120,11121,SEDAGWO, 0.00000e+00
5120,11121,SO_TN,0.000000000000e+00
5120,11121,IO_TN,0.000000000000e+00
5120,11121,AO_TN,0.000000000000e+00
5120,11121,PO_TN,0.000000000000e+00
5120,11121,SO_TP,0.000000000000e+00
5120,11121,IO_TP,0.000000000000e+00
5120,11121,AO_TP,0.000000000000e+00
5120,11121,PO_TP,0.000000000000e+00
5120,11121,SED_TP,0.000000000000e+00
5120,11121,SEDWSSD_TP,0.000000000000e+00
5120,11121,SEDSCRS_TP,0.000000000000e+00
5120,11121,SO_TCd,0.000000000000e+00
5120,11121,IO_TCd,0.000000000000e+00
5120,11121,AO_TCd,0.000000000000e+00
5120,11121,PO_TCd,0.000000000000e+00
5120,11121,SED_TCd,0.000000000000e+00
5120,11121,SEDWSSD_TCd,0.000000000000e+00
5120,11121,SEDSCRS_TCd,0.000000000000e+00
5120,11121,SO_TCu,0.000000000000e+00
5120,11121,IO_TCu,0.000000000000e+00
5120,11121,AO_TCu,0.000000000000e+00
5120,11121,PO_TCu,0.000000000000e+00
5120,11121,SED_TCu,0.000000000000e+00
5120,11121,SEDWSSD_TCu,0.000000000000e+00
5120,11121,SEDSCRS_TCu,0.000000000000e+00
5120,11121,SO_TPb,0.000000000000e+00
5120,11121,IO_TPb,0.000000000000e+00
5120,11121,AO_TPb,0.000000000000e+00
5120,11121,PO_TPb,0.000000000000e+00
5120,11121,SED_TPb,0.000000000000e+00
5120,11121,SEDWSSD_TPb,0.000000000000e+00
5120,11121,SEDSCRS_TPb,0.000000000000e+00
5120,11121,SO_TZn,0.000000000000e+00
5120,11121,IO_TZn,0.000000000000e+00
5120,11121,AO_TZn,0.000000000000e+00
5120,11121,PO_TZn,0.000000000000e+00
5120,11121,SED_TZn,0.000000000000e+00
5120,11121,SEDWSSD_TZn,0.000000000000e+00
5120,11121,SEDSCRS_TZn,0.000000000000e+00
5120,11122,AREA,0.000000000000e+00
5120,11122,PREC,0.000000000000e+00
5120,11122,SURO,0.000000000000e+00
5120,11122,IFWO,0.000000000000e+00
5120,11122,AGWO,0.000000000000e+00
5120,11122,PERO,0.000000000000e+00
5120,11122,TAET,0.000000000000e+00
5120,11122,SEDLOAD,0.000000000000e+00
5120,11122,SEDWSSD, 0.00000e+00
5120,11122,SEDSCRS, 0.00000e+00
5120,11122,SEDSURO, 0.00000e+00
5120,11122,SEDIFWO, 0.00000e+00
5120,11122,SEDAGWO, 0.00000e+00
5120,11122,SO_TN,0.000000000000e+00
5120,11122,IO_TN,0.000000000000e+00
5120,11122,AO_TN,0.000000000000e+00
5120,11122,PO_TN,0.000000000000e+00
5120,11122,SO_TP,0.000000000000e+00
5120,11122,IO_TP,0.000000000000e+00
5120,11122,AO_TP,0.000000000000e+00
5120,11122,PO_TP,0.000000000000e+00
5120,11122,SED_TP,0.000000000000e+00
5120,11122,SEDWSSD_TP,0.000000000000e+00
5120,11122,SEDSCRS_TP,0.000000000000e+00
5120,11122,SO_TCd,0.000000000000e+00
5120,11122,IO_TCd,0.000000000000e+00
5120,11122,AO_TCd,0.000000000000e+00
5120,11122,PO_TCd,0.000000000000e+00
5120,11122,SED_TCd,0.000000000000e+00
5120,11122,SEDWSSD_TCd,0.000000000000e+00
5120,11122,SEDSCRS_TCd,0.000000000000e+00
5120,11122,SO_TCu,0.000000000000e+00
5120,11122,IO_TCu,0.000000000000e+00
5120,11122,AO_TCu,0.000000000000e+00
5120,11122,PO_TCu,0.000000000000e+00
5120,11122,SED_TCu,0.000000000000e+00
5120,11122,SEDWSSD_TCu,0.000000000000e+00
5120,11122,SEDSCRS_TCu,0.000000000000e+00
5120,11122,SO_TPb,0.000000000000e+00
5120,11122,IO_TPb,0.000000000000e+00
5120,11122,AO_TPb,0.000000000000e+00
5120,11122,PO_TPb,0.000000000000e+00
5120,11122,SED_TPb,0.000000000000e+00
5120,11122,SEDWSSD_TPb,0.000000000000e+00
5120,11122,SEDSCRS_TPb,0.000000000000e+00
5120,11122,SO_TZn,0.000000000000e+00
5120,11122,IO_TZn,0.000000000000e+00
5120,11122,AO_TZn,0.000000000000e+00
5120,11122,PO_TZn,0.000000000000e+00
5120,11122,SED_TZn,0.000000000000e+00
5120,11122,SEDWSSD_TZn,0.000000000000e+00
5120,11122,SEDSCRS_TZn,0.000000000000e+00
5120,11211,AREA,8.084500000015e-02
5120,11211,PREC,8.046371501773e-01
5120,11211,SURO,4.036563080245e-02
5120,11211,IFWO,1.656019090940e-02
5120,11211,AGWO,6.031919464660e-01
5120,11211,PERO,6.601177681778e-01
5120,11211,TAET,2.509339073779e+00
5120,11211,SEDLOAD,2.358805933327e-03
5120,11211,SEDWSSD, 2.28858e-03
5120,11211,SEDSCRS, 0.00000e+00
5120,11211,SEDSURO, 0.00000e+00
5120,11211,SEDIFWO, 1.87638e-06
5120,11211,SEDAGWO, 6.83456e-05
5120,11211,SO_TN,1.939458016408e-02
5120,11211,IO_TN,7.505527123224e-03
5120,11211,AO_TN,1.025185988075e-01
5120,11211,PO_TN,1.294187060948e-01
5120,11211,SO_TP,4.577167817717e-03
5120,11211,IO_TP,1.501105424645e-03
5120,11211,AO_TP,2.733829301533e-02
5120,11211,PO_TP,3.341656625769e-02
5120,11211,SED_TP,4.577167817717e-03
5120,11211,SEDWSSD_TP,4.577167817717e-03
5120,11211,SEDSCRS_TP,0.000000000000e+00
5120,11211,SO_TCd,1.144291954429e-05
5120,11211,IO_TCd,0.000000000000e+00
5120,11211,AO_TCd,0.000000000000e+00
5120,11211,PO_TCd,1.144291954429e-05
5120,11211,SED_TCd,1.144291954429e-05
5120,11211,SEDWSSD_TCd,1.144291954429e-05
5120,11211,SEDSCRS_TCd,0.000000000000e+00
5120,11211,SO_TCu,1.144291954429e-03
5120,11211,IO_TCu,0.000000000000e+00
5120,11211,AO_TCu,0.000000000000e+00
5120,11211,PO_TCu,1.144291954429e-03
5120,11211,SED_TCu,1.144291954429e-03
5120,11211,SEDWSSD_TCu,1.144291954429e-03
5120,11211,SEDSCRS_TCu,0.000000000000e+00
5120,11211,SO_TPb,2.288583908859e-05
5120,11211,IO_TPb,0.000000000000e+00
5120,11211,AO_TPb,0.000000000000e+00
5120,11211,PO_TPb,2.288583908859e-05
5120,11211,SED_TPb,2.288583908859e-05
5120,11211,SEDWSSD_TPb,2.288583908859e-05
5120,11211,SEDSCRS_TPb,0.000000000000e+00
5120,11211,SO_TZn,8.238902071891e-03
5120,11211,IO_TZn,0.000000000000e+00
5120,11211,AO_TZn,6.834573253832e-03
5120,11211,PO_TZn,1.507347532572e-02
5120,11211,SED_TZn,8.238902071891e-03
5120,11211,SEDWSSD_TZn,8.238902071891e-03
5120,11211,SEDSCRS_TZn,0.000000000000e+00
5120,11212,AREA,0.000000000000e+00
5120,11212,PREC,0.000000000000e+00
5120,11212,SURO,0.000000000000e+00
5120,11212,IFWO,0.000000000000e+00
5120,11212,AGWO,0.000000000000e+00
5120,11212,PERO,0.000000000000e+00
5120,11212,TAET,0.000000000000e+00
5120,11212,SEDLOAD,0.000000000000e+00
5120,11212,SEDWSSD, 0.00000e+00
5120,11212,SEDSCRS, 0.00000e+00
5120,11212,SEDSURO, 0.00000e+00
5120,11212,SEDIFWO, 0.00000e+00
5120,11212,SEDAGWO, 0.00000e+00
5120,11212,SO_TN,0.000000000000e+00
5120,11212,IO_TN,0.000000000000e+00
5120,11212,AO_TN,0.000000000000e+00
5120,11212,PO_TN,0.000000000000e+00
5120,11212,SO_TP,0.000000000000e+00
5120,11212,IO_TP,0.000000000000e+00
5120,11212,AO_TP,0.000000000000e+00
5120,11212,PO_TP,0.000000000000e+00
5120,11212,SED_TP,0.000000000000e+00
5120,11212,SEDWSSD_TP,0.000000000000e+00
5120,11212,SEDSCRS_TP,0.000000000000e+00
5120,11212,SO_TCd,0.000000000000e+00
5120,11212,IO_TCd,0.000000000000e+00
5120,11212,AO_TCd,0.000000000000e+00
5120,11212,PO_TCd,0.000000000000e+00
5120,11212,SED_TCd,0.000000000000e+00
5120,11212,SEDWSSD_TCd,0.000000000000e+00
5120,11212,SEDSCRS_TCd,0.000000000000e+00
5120,11212,SO_TCu,0.000000000000e+00
5120,11212,IO_TCu,0.000000000000e+00
5120,11212,AO_TCu,0.000000000000e+00
5120,11212,PO_TCu,0.000000000000e+00
5120,11212,SED_TCu,0.000000000000e+00
5120,11212,SEDWSSD_TCu,0.000000000000e+00
5120,11212,SEDSCRS_TCu,0.000000000000e+00
5120,11212,SO_TPb,0.000000000000e+00
5120,11212,IO_TPb,0.000000000000e+00
5120,11212,AO_TPb,0.000000000000e+00
5120,11212,PO_TPb,0.000000000000e+00
5120,11212,SED_TPb,0.000000000000e+00
5120,11212,SEDWSSD_TPb,0.000000000000e+00
5120,11212,SEDSCRS_TPb,0.000000000000e+00
5120,11212,SO_TZn,0.000000000000e+00
5120,11212,IO_TZn,0.000000000000e+00
5120,11212,AO_TZn,0.000000000000e+00
5120,11212,PO_TZn,0.000000000000e+00
5120,11212,SED_TZn,0.000000000000e+00
5120,11212,SEDWSSD_TZn,0.000000000000e+00
5120,11212,SEDSCRS_TZn,0.000000000000e+00
5120,11221,AREA,0.000000000000e+00
5120,11221,PREC,0.000000000000e+00
5120,11221,SURO,0.000000000000e+00
5120,11221,IFWO,0.000000000000e+00
5120,11221,AGWO,0.000000000000e+00
5120,11221,PERO,0.000000000000e+00
5120,11221,TAET,0.000000000000e+00
5120,11221,SEDLOAD,0.000000000000e+00
5120,11221,SEDWSSD, 0.00000e+00
5120,11221,SEDSCRS, 0.00000e+00
5120,11221,SEDSURO, 0.00000e+00
5120,11221,SEDIFWO, 0.00000e+00
5120,11221,SEDAGWO, 0.00000e+00
5120,11221,SO_TN,0.000000000000e+00
5120,11221,IO_TN,0.000000000000e+00
5120,11221,AO_TN,0.000000000000e+00
5120,11221,PO_TN,0.000000000000e+00
5120,11221,SO_TP,0.000000000000e+00
5120,11221,IO_TP,0.000000000000e+00
5120,11221,AO_TP,0.000000000000e+00
5120,11221,PO_TP,0.000000000000e+00
5120,11221,SED_TP,0.000000000000e+00
5120,11221,SEDWSSD_TP,0.000000000000e+00
5120,11221,SEDSCRS_TP,0.000000000000e+00
5120,11221,SO_TCd,0.000000000000e+00
5120,11221,IO_TCd,0.000000000000e+00
5120,11221,AO_TCd,0.000000000000e+00
5120,11221,PO_TCd,0.000000000000e+00
5120,11221,SED_TCd,0.000000000000e+00
5120,11221,SEDWSSD_TCd,0.000000000000e+00
5120,11221,SEDSCRS_TCd,0.000000000000e+00
5120,11221,SO_TCu,0.000000000000e+00
5120,11221,IO_TCu,0.000000000000e+00
5120,11221,AO_TCu,0.000000000000e+00
5120,11221,PO_TCu,0.000000000000e+00
5120,11221,SED_TCu,0.000000000000e+00
5120,11221,SEDWSSD_TCu,0.000000000000e+00
5120,11221,SEDSCRS_TCu,0.000000000000e+00
5120,11221,SO_TPb,0.000000000000e+00
5120,11221,IO_TPb,0.000000000000e+00
5120,11221,AO_TPb,0.000000000000e+00
5120,11221,PO_TPb,0.000000000000e+00
5120,11221,SED_TPb,0.000000000000e+00
5120,11221,SEDWSSD_TPb,0.000000000000e+00
5120,11221,SEDSCRS_TPb,0.000000000000e+00
5120,11221,SO_TZn,0.000000000000e+00
5120,11221,IO_TZn,0.000000000000e+00
5120,11221,AO_TZn,0.000000000000e+00
5120,11221,PO_TZn,0.000000000000e+00
5120,11221,SED_TZn,0.000000000000e+00
5120,11221,SEDWSSD_TZn,0.000000000000e+00
5120,11221,SEDSCRS_TZn,0.000000000000e+00
5120,11222,AREA,0.000000000000e+00
5120,11222,PREC,0.000000000000e+00
5120,11222,SURO,0.000000000000e+00
5120,11222,IFWO,0.000000000000e+00
5120,11222,AGWO,0.000000000000e+00
5120,11222,PERO,0.000000000000e+00
5120,11222,TAET,0.000000000000e+00
5120,11222,SEDLOAD,0.000000000000e+00
5120,11222,SEDWSSD, 0.00000e+00
5120,11222,SEDSCRS, 0.00000e+00
5120,11222,SEDSURO, 0.00000e+00
5120,11222,SEDIFWO, 0.00000e+00
5120,11222,SEDAGWO, 0.00000e+00
5120,11222,SO_TN,0.000000000000e+00
5120,11222,IO_TN,0.000000000000e+00
5120,11222,AO_TN,0.000000000000e+00
5120,11222,PO_TN,0.000000000000e+00
5120,11222,SO_TP,0.000000000000e+00
5120,11222,IO_TP,0.000000000000e+00
5120,11222,AO_TP,0.000000000000e+00
5120,11222,PO_TP,0.000000000000e+00
5120,11222,SED_TP,0.000000000000e+00
5120,11222,SEDWSSD_TP,0.000000000000e+00
5120,11222,SEDSCRS_TP,0.000000000000e+00
5120,11222,SO_TCd,0.000000000000e+00
5120,11222,IO_TCd,0.000000000000e+00
5120,11222,AO_TCd,0.000000000000e+00
5120,11222,PO_TCd,0.000000000000e+00
5120,11222,SED_TCd,0.000000000000e+00
5120,11222,SEDWSSD_TCd,0.000000000000e+00
5120,11222,SEDSCRS_TCd,0.000000000000e+00
5120,11222,SO_TCu,0.000000000000e+00
5120,11222,IO_TCu,0.000000000000e+00
5120,11222,AO_TCu,0.000000000000e+00
5120,11222,PO_TCu,0.000000000000e+00
5120,11222,SED_TCu,0.000000000000e+00
5120,11222,SEDWSSD_TCu,0.000000000000e+00
5120,11222,SEDSCRS_TCu,0.000000000000e+00
5120,11222,SO_TPb,0.000000000000e+00
5120,11222,IO_TPb,0.000000000000e+00
5120,11222,AO_TPb,0.000000000000e+00
5120,11222,PO_TPb,0.000000000000e+00
5120,11222,SED_TPb,0.000000000000e+00
5120,11222,SEDWSSD_TPb,0.000000000000e+00
5120,11222,SEDSCRS_TPb,0.000000000000e+00
5120,11222,SO_TZn,0.000000000000e+00
5120,11222,IO_TZn,0.000000000000e+00
5120,11222,AO_TZn,0.000000000000e+00
5120,11222,PO_TZn,0.000000000000e+00
5120,11222,SED_TZn,0.000000000000e+00
5120,11222,SEDWSSD_TZn,0.000000000000e+00
5120,11222,SEDSCRS_TZn,0.000000000000e+00
5120,11311,AREA,0.000000000000e+00
5120,11311,PREC,0.000000000000e+00
5120,11311,SURO,0.000000000000e+00
5120,11311,IFWO,0.000000000000e+00
5120,11311,AGWO,0.000000000000e+00
5120,11311,PERO,0.000000000000e+00
5120,11311,TAET,0.000000000000e+00
5120,11311,SEDLOAD,0.000000000000e+00
5120,11311,SEDWSSD, 0.00000e+00
5120,11311,SEDSCRS, 0.00000e+00
5120,11311,SEDSURO, 0.00000e+00
5120,11311,SEDIFWO, 0.00000e+00
5120,11311,SEDAGWO, 0.00000e+00
5120,11311,SO_TN,0.000000000000e+00
5120,11311,IO_TN,0.000000000000e+00
5120,11311,AO_TN,0.000000000000e+00
5120,11311,PO_TN,0.000000000000e+00
5120,11311,SO_TP,0.000000000000e+00
5120,11311,IO_TP,0.000000000000e+00
5120,11311,AO_TP,0.000000000000e+00
5120,11311,PO_TP,0.000000000000e+00
5120,11311,SED_TP,0.000000000000e+00
5120,11311,SEDWSSD_TP,0.000000000000e+00
5120,11311,SEDSCRS_TP,0.000000000000e+00
5120,11311,SO_TCd,0.000000000000e+00
5120,11311,IO_TCd,0.000000000000e+00
5120,11311,AO_TCd,0.000000000000e+00
5120,11311,PO_TCd,0.000000000000e+00
5120,11311,SED_TCd,0.000000000000e+00
5120,11311,SEDWSSD_TCd,0.000000000000e+00
5120,11311,SEDSCRS_TCd,0.000000000000e+00
5120,11311,SO_TCu,0.000000000000e+00
5120,11311,IO_TCu,0.000000000000e+00
5120,11311,AO_TCu,0.000000000000e+00
5120,11311,PO_TCu,0.000000000000e+00
5120,11311,SED_TCu,0.000000000000e+00
5120,11311,SEDWSSD_TCu,0.000000000000e+00
5120,11311,SEDSCRS_TCu,0.000000000000e+00
5120,11311,SO_TPb,0.000000000000e+00
5120,11311,IO_TPb,0.000000000000e+00
5120,11311,AO_TPb,0.000000000000e+00
5120,11311,PO_TPb,0.000000000000e+00
5120,11311,SED_TPb,0.000000000000e+00
5120,11311,SEDWSSD_TPb,0.000000000000e+00
5120,11311,SEDSCRS_TPb,0.000000000000e+00
5120,11311,SO_TZn,0.000000000000e+00
5120,11311,IO_TZn,0.000000000000e+00
5120,11311,AO_TZn,0.000000000000e+00
5120,11311,PO_TZn,0.000000000000e+00
5120,11311,SED_TZn,0.000000000000e+00
5120,11311,SEDWSSD_TZn,0.000000000000e+00
5120,11311,SEDSCRS_TZn,0.000000000000e+00
5120,11312,AREA,0.000000000000e+00
5120,11312,PREC,0.000000000000e+00
5120,11312,SURO,0.000000000000e+00
5120,11312,IFWO,0.000000000000e+00
5120,11312,AGWO,0.000000000000e+00
5120,11312,PERO,0.000000000000e+00
5120,11312,TAET,0.000000000000e+00
5120,11312,SEDLOAD,0.000000000000e+00
5120,11312,SEDWSSD, 0.00000e+00
5120,11312,SEDSCRS, 0.00000e+00
5120,11312,SEDSURO, 0.00000e+00
5120,11312,SEDIFWO, 0.00000e+00
5120,11312,SEDAGWO, 0.00000e+00
5120,11312,SO_TN,0.000000000000e+00
5120,11312,IO_TN,0.000000000000e+00
5120,11312,AO_TN,0.000000000000e+00
5120,11312,PO_TN,0.000000000000e+00
5120,11312,SO_TP,0.000000000000e+00
5120,11312,IO_TP,0.000000000000e+00
5120,11312,AO_TP,0.000000000000e+00
5120,11312,PO_TP,0.000000000000e+00
5120,11312,SED_TP,0.000000000000e+00
5120,11312,SEDWSSD_TP,0.000000000000e+00
5120,11312,SEDSCRS_TP,0.000000000000e+00
5120,11312,SO_TCd,0.000000000000e+00
5120,11312,IO_TCd,0.000000000000e+00
5120,11312,AO_TCd,0.000000000000e+00
5120,11312,PO_TCd,0.000000000000e+00
5120,11312,SED_TCd,0.000000000000e+00
5120,11312,SEDWSSD_TCd,0.000000000000e+00
5120,11312,SEDSCRS_TCd,0.000000000000e+00
5120,11312,SO_TCu,0.000000000000e+00
5120,11312,IO_TCu,0.000000000000e+00
5120,11312,AO_TCu,0.000000000000e+00
5120,11312,PO_TCu,0.000000000000e+00
5120,11312,SED_TCu,0.000000000000e+00
5120,11312,SEDWSSD_TCu,0.000000000000e+00
5120,11312,SEDSCRS_TCu,0.000000000000e+00
5120,11312,SO_TPb,0.000000000000e+00
5120,11312,IO_TPb,0.000000000000e+00
5120,11312,AO_TPb,0.000000000000e+00
5120,11312,PO_TPb,0.000000000000e+00
5120,11312,SED_TPb,0.000000000000e+00
5120,11312,SEDWSSD_TPb,0.000000000000e+00
5120,11312,SEDSCRS_TPb,0.000000000000e+00
5120,11312,SO_TZn,0.000000000000e+00
5120,11312,IO_TZn,0.000000000000e+00
5120,11312,AO_TZn,0.000000000000e+00
5120,11312,PO_TZn,0.000000000000e+00
5120,11312,SED_TZn,0.000000000000e+00
5120,11312,SEDWSSD_TZn,0.000000000000e+00
5120,11312,SEDSCRS_TZn,0.000000000000e+00
5120,11321,AREA,0.000000000000e+00
5120,11321,PREC,0.000000000000e+00
5120,11321,SURO,0.000000000000e+00
5120,11321,IFWO,0.000000000000e+00
5120,11321,AGWO,0.000000000000e+00
5120,11321,PERO,0.000000000000e+00
5120,11321,TAET,0.000000000000e+00
5120,11321,SEDLOAD,0.000000000000e+00
5120,11321,SEDWSSD, 0.00000e+00
5120,11321,SEDSCRS, 0.00000e+00
5120,11321,SEDSURO, 0.00000e+00
5120,11321,SEDIFWO, 0.00000e+00
5120,11321,SEDAGWO, 0.00000e+00
5120,11321,SO_TN,0.000000000000e+00
5120,11321,IO_TN,0.000000000000e+00
5120,11321,AO_TN,0.000000000000e+00
5120,11321,PO_TN,0.000000000000e+00
5120,11321,SO_TP,0.000000000000e+00
5120,11321,IO_TP,0.000000000000e+00
5120,11321,AO_TP,0.000000000000e+00
5120,11321,PO_TP,0.000000000000e+00
5120,11321,SED_TP,0.000000000000e+00
5120,11321,SEDWSSD_TP,0.000000000000e+00
5120,11321,SEDSCRS_TP,0.000000000000e+00
5120,11321,SO_TCd,0.000000000000e+00
5120,11321,IO_TCd,0.000000000000e+00
5120,11321,AO_TCd,0.000000000000e+00
5120,11321,PO_TCd,0.000000000000e+00
5120,11321,SED_TCd,0.000000000000e+00
5120,11321,SEDWSSD_TCd,0.000000000000e+00
5120,11321,SEDSCRS_TCd,0.000000000000e+00
5120,11321,SO_TCu,0.000000000000e+00
5120,11321,IO_TCu,0.000000000000e+00
5120,11321,AO_TCu,0.000000000000e+00
5120,11321,PO_TCu,0.000000000000e+00
5120,11321,SED_TCu,0.000000000000e+00
5120,11321,SEDWSSD_TCu,0.000000000000e+00
5120,11321,SEDSCRS_TCu,0.000000000000e+00
5120,11321,SO_TPb,0.000000000000e+00
5120,11321,IO_TPb,0.000000000000e+00
5120,11321,AO_TPb,0.000000000000e+00
5120,11321,PO_TPb,0.000000000000e+00
5120,11321,SED_TPb,0.000000000000e+00
5120,11321,SEDWSSD_TPb,0.000000000000e+00
5120,11321,SEDSCRS_TPb,0.000000000000e+00
5120,11321,SO_TZn,0.000000000000e+00
5120,11321,IO_TZn,0.000000000000e+00
5120,11321,AO_TZn,0.000000000000e+00
5120,11321,PO_TZn,0.000000000000e+00
5120,11321,SED_TZn,0.000000000000e+00
5120,11321,SEDWSSD_TZn,0.000000000000e+00
5120,11321,SEDSCRS_TZn,0.000000000000e+00
5120,11322,AREA,0.000000000000e+00
5120,11322,PREC,0.000000000000e+00
5120,11322,SURO,0.000000000000e+00
5120,11322,IFWO,0.000000000000e+00
5120,11322,AGWO,0.000000000000e+00
5120,11322,PERO,0.000000000000e+00
5120,11322,TAET,0.000000000000e+00
5120,11322,SEDLOAD,0.000000000000e+00
5120,11322,SEDWSSD, 0.00000e+00
5120,11322,SEDSCRS, 0.00000e+00
5120,11322,SEDSURO, 0.00000e+00
5120,11322,SEDIFWO, 0.00000e+00
5120,11322,SEDAGWO, 0.00000e+00
5120,11322,SO_TN,0.000000000000e+00
5120,11322,IO_TN,0.000000000000e+00
5120,11322,AO_TN,0.000000000000e+00
5120,11322,PO_TN,0.000000000000e+00
5120,11322,SO_TP,0.000000000000e+00
5120,11322,IO_TP,0.000000000000e+00
5120,11322,AO_TP,0.000000000000e+00
5120,11322,PO_TP,0.000000000000e+00
5120,11322,SED_TP,0.000000000000e+00
5120,11322,SEDWSSD_TP,0.000000000000e+00
5120,11322,SEDSCRS_TP,0.000000000000e+00
5120,11322,SO_TCd,0.000000000000e+00
5120,11322,IO_TCd,0.000000000000e+00
5120,11322,AO_TCd,0.000000000000e+00
5120,11322,PO_TCd,0.000000000000e+00
5120,11322,SED_TCd,0.000000000000e+00
5120,11322,SEDWSSD_TCd,0.000000000000e+00
5120,11322,SEDSCRS_TCd,0.000000000000e+00
5120,11322,SO_TCu,0.000000000000e+00
5120,11322,IO_TCu,0.000000000000e+00
5120,11322,AO_TCu,0.000000000000e+00
5120,11322,PO_TCu,0.000000000000e+00
5120,11322,SED_TCu,0.000000000000e+00
5120,11322,SEDWSSD_TCu,0.000000000000e+00
5120,11322,SEDSCRS_TCu,0.000000000000e+00
5120,11322,SO_TPb,0.000000000000e+00
5120,11322,IO_TPb,0.000000000000e+00
5120,11322,AO_TPb,0.000000000000e+00
5120,11322,PO_TPb,0.000000000000e+00
5120,11322,SED_TPb,0.000000000000e+00
5120,11322,SEDWSSD_TPb,0.000000000000e+00
5120,11322,SEDSCRS_TPb,0.000000000000e+00
5120,11322,SO_TZn,0.000000000000e+00
5120,11322,IO_TZn,0.000000000000e+00
5120,11322,AO_TZn,0.000000000000e+00
5120,11322,PO_TZn,0.000000000000e+00
5120,11322,SED_TZn,0.000000000000e+00
5120,11322,SEDWSSD_TZn,0.000000000000e+00
5120,11322,SEDSCRS_TZn,0.000000000000e+00
5120,11411,AREA,6.843018900012e+01
5120,11411,PREC,6.810745533187e+02
5120,11411,SURO,1.381455855752e+02
5120,11411,IFWO,1.598610516729e+01
5120,11411,AGWO,3.437438527279e+02
5120,11411,PERO,4.978755434704e+02
5120,11411,TAET,2.185087577883e+03
5120,11411,SEDLOAD,1.444054271118e+00
5120,11411,SEDWSSD, 1.40329e+00
5120,11411,SEDSCRS, 0.00000e+00
5120,11411,SEDSURO, 0.00000e+00
5120,11411,SEDIFWO, 1.81133e-03
5120,11411,SEDAGWO, 3.89485e-02
5120,11411,SO_TN,3.730687383569e+01
5120,11411,IO_TN,7.245335913349e+00
5120,11411,AO_TN,5.842275968175e+01
5120,11411,PO_TN,1.029749694308e+02
5120,11411,SO_TP,2.806588965678e+00
5120,11411,IO_TP,1.449067182670e+00
5120,11411,AO_TP,1.557940258180e+01
5120,11411,PO_TP,1.983505873015e+01
5120,11411,SED_TP,2.806588965678e+00
5120,11411,SEDWSSD_TP,2.806588965678e+00
5120,11411,SEDSCRS_TP,0.000000000000e+00
5120,11411,SO_TCd,7.016472414194e-03
5120,11411,IO_TCd,0.000000000000e+00
5120,11411,AO_TCd,0.000000000000e+00
5120,11411,PO_TCd,7.016472414194e-03
5120,11411,SED_TCd,7.016472414194e-03
5120,11411,SEDWSSD_TCd,7.016472414194e-03
5120,11411,SEDSCRS_TCd,0.000000000000e+00
5120,11411,SO_TCu,7.016472414194e-01
5120,11411,IO_TCu,0.000000000000e+00
5120,11411,AO_TCu,0.000000000000e+00
5120,11411,PO_TCu,7.016472414194e-01
5120,11411,SED_TCu,7.016472414194e-01
5120,11411,SEDWSSD_TCu,7.016472414194e-01
5120,11411,SEDSCRS_TCu,0.000000000000e+00
5120,11411,SO_TPb,1.403294482839e-02
5120,11411,IO_TPb,0.000000000000e+00
5120,11411,AO_TPb,0.000000000000e+00
5120,11411,PO_TPb,1.403294482839e-02
5120,11411,SED_TPb,1.403294482839e-02
5120,11411,SEDWSSD_TPb,1.403294482839e-02
5120,11411,SEDSCRS_TPb,0.000000000000e+00
5120,11411,SO_TZn,5.051860138220e+00
5120,11411,IO_TZn,0.000000000000e+00
5120,11411,AO_TZn,3.894850645450e+00
5120,11411,PO_TZn,8.946710783670e+00
5120,11411,SED_TZn,5.051860138220e+00
5120,11411,SEDWSSD_TZn,5.051860138220e+00
5120,11411,SEDSCRS_TZn,0.000000000000e+00
5120,11412,AREA,2.747948300000e+01
5120,11412,PREC,2.734988297293e+02
5120,11412,SURO,5.547506628015e+01
5120,11412,IFWO,6.419533711661e+00
5120,11412,AGWO,9.662595481322e+01
5120,11412,PERO,1.585205548050e+02
5120,11412,TAET,8.774647246691e+02
5120,11412,SEDLOAD,5.751961281126e-01
5120,11412,SEDWSSD, 5.63520e-01
5120,11412,SEDSCRS, 0.00000e+00
5120,11412,SEDSURO, 0.00000e+00
5120,11412,SEDIFWO, 7.27376e-04
5120,11412,SEDAGWO, 1.09484e-02
5120,11412,SO_TN,1.498130606290e+01
5120,11412,IO_TN,2.909506578451e+00
5120,11412,AO_TN,1.642256259210e+01
5120,11412,PO_TN,3.431337523344e+01
5120,11412,SO_TP,1.127040782692e+00
5120,11412,IO_TP,5.819013156903e-01
5120,11412,AO_TP,4.379350024559e+00
5120,11412,PO_TP,6.088292122941e+00
5120,11412,SED_TP,1.127040782692e+00
5120,11412,SEDWSSD_TP,1.127040782692e+00
5120,11412,SEDSCRS_TP,0.000000000000e+00
5120,11412,SO_TCd,2.817601956730e-03
5120,11412,IO_TCd,0.000000000000e+00
5120,11412,AO_TCd,0.000000000000e+00
5120,11412,PO_TCd,2.817601956730e-03
5120,11412,SED_TCd,2.817601956730e-03
5120,11412,SEDWSSD_TCd,2.817601956730e-03
5120,11412,SEDSCRS_TCd,0.000000000000e+00
5120,11412,SO_TCu,2.817601956730e-01
5120,11412,IO_TCu,0.000000000000e+00
5120,11412,AO_TCu,0.000000000000e+00
5120,11412,PO_TCu,2.817601956730e-01
5120,11412,SED_TCu,2.817601956730e-01
5120,11412,SEDWSSD_TCu,2.817601956730e-01
5120,11412,SEDSCRS_TCu,0.000000000000e+00
5120,11412,SO_TPb,5.635203913460e-03
5120,11412,IO_TPb,0.000000000000e+00
5120,11412,AO_TPb,0.000000000000e+00
5120,11412,PO_TPb,5.635203913460e-03
5120,11412,SED_TPb,5.635203913460e-03
5120,11412,SEDWSSD_TPb,5.635203913460e-03
5120,11412,SEDSCRS_TPb,0.000000000000e+00
5120,11412,SO_TZn,2.028673408846e+00
5120,11412,IO_TZn,0.000000000000e+00
5120,11412,AO_TZn,1.094837506140e+00
5120,11412,PO_TZn,3.123510914985e+00
5120,11412,SED_TZn,2.028673408846e+00
5120,11412,SEDWSSD_TZn,2.028673408846e+00
5120,11412,SEDSCRS_TZn,0.000000000000e+00
5120,11421,AREA,0.000000000000e+00
5120,11421,PREC,0.000000000000e+00
5120,11421,SURO,0.000000000000e+00
5120,11421,IFWO,0.000000000000e+00
5120,11421,AGWO,0.000000000000e+00
5120,11421,PERO,0.000000000000e+00
5120,11421,TAET,0.000000000000e+00
5120,11421,SEDLOAD,0.000000000000e+00
5120,11421,SEDWSSD, 0.00000e+00
5120,11421,SEDSCRS, 0.00000e+00
5120,11421,SEDSURO, 0.00000e+00
5120,11421,SEDIFWO, 0.00000e+00
5120,11421,SEDAGWO, 0.00000e+00
5120,11421,SO_TN,0.000000000000e+00
5120,11421,IO_TN,0.000000000000e+00
5120,11421,AO_TN,0.000000000000e+00
5120,11421,PO_TN,0.000000000000e+00
5120,11421,SO_TP,0.000000000000e+00
5120,11421,IO_TP,0.000000000000e+00
5120,11421,AO_TP,0.000000000000e+00
5120,11421,PO_TP,0.000000000000e+00
5120,11421,SED_TP,0.000000000000e+00
5120,11421,SEDWSSD_TP,0.000000000000e+00
5120,11421,SEDSCRS_TP,0.000000000000e+00
5120,11421,SO_TCd,0.000000000000e+00
5120,11421,IO_TCd,0.000000000000e+00
5120,11421,AO_TCd,0.000000000000e+00
5120,11421,PO_TCd,0.000000000000e+00
5120,11421,SED_TCd,0.000000000000e+00
5120,11421,SEDWSSD_TCd,0.000000000000e+00
5120,11421,SEDSCRS_TCd,0.000000000000e+00
5120,11421,SO_TCu,0.000000000000e+00
5120,11421,IO_TCu,0.000000000000e+00
5120,11421,AO_TCu,0.000000000000e+00
5120,11421,PO_TCu,0.000000000000e+00
5120,11421,SED_TCu,0.000000000000e+00
5120,11421,SEDWSSD_TCu,0.000000000000e+00
5120,11421,SEDSCRS_TCu,0.000000000000e+00
5120,11421,SO_TPb,0.000000000000e+00
5120,11421,IO_TPb,0.000000000000e+00
5120,11421,AO_TPb,0.000000000000e+00
5120,11421,PO_TPb,0.000000000000e+00
5120,11421,SED_TPb,0.000000000000e+00
5120,11421,SEDWSSD_TPb,0.000000000000e+00
5120,11421,SEDSCRS_TPb,0.000000000000e+00
5120,11421,SO_TZn,0.000000000000e+00
5120,11421,IO_TZn,0.000000000000e+00
5120,11421,AO_TZn,0.000000000000e+00
5120,11421,PO_TZn,0.000000000000e+00
5120,11421,SED_TZn,0.000000000000e+00
5120,11421,SEDWSSD_TZn,0.000000000000e+00
5120,11421,SEDSCRS_TZn,0.000000000000e+00
5120,11422,AREA,0.000000000000e+00
5120,11422,PREC,0.000000000000e+00
5120,11422,SURO,0.000000000000e+00
5120,11422,IFWO,0.000000000000e+00
5120,11422,AGWO,0.000000000000e+00
5120,11422,PERO,0.000000000000e+00
5120,11422,TAET,0.000000000000e+00
5120,11422,SEDLOAD,0.000000000000e+00
5120,11422,SEDWSSD, 0.00000e+00
5120,11422,SEDSCRS, 0.00000e+00
5120,11422,SEDSURO, 0.00000e+00
5120,11422,SEDIFWO, 0.00000e+00
5120,11422,SEDAGWO, 0.00000e+00
5120,11422,SO_TN,0.000000000000e+00
5120,11422,IO_TN,0.000000000000e+00
5120,11422,AO_TN,0.000000000000e+00
5120,11422,PO_TN,0.000000000000e+00
5120,11422,SO_TP,0.000000000000e+00
5120,11422,IO_TP,0.000000000000e+00
5120,11422,AO_TP,0.000000000000e+00
5120,11422,PO_TP,0.000000000000e+00
5120,11422,SED_TP,0.000000000000e+00
5120,11422,SEDWSSD_TP,0.000000000000e+00
5120,11422,SEDSCRS_TP,0.000000000000e+00
5120,11422,SO_TCd,0.000000000000e+00
5120,11422,IO_TCd,0.000000000000e+00
5120,11422,AO_TCd,0.000000000000e+00
5120,11422,PO_TCd,0.000000000000e+00
5120,11422,SED_TCd,0.000000000000e+00
5120,11422,SEDWSSD_TCd,0.000000000000e+00
5120,11422,SEDSCRS_TCd,0.000000000000e+00
5120,11422,SO_TCu,0.000000000000e+00
5120,11422,IO_TCu,0.000000000000e+00
5120,11422,AO_TCu,0.000000000000e+00
5120,11422,PO_TCu,0.000000000000e+00
5120,11422,SED_TCu,0.000000000000e+00
5120,11422,SEDWSSD_TCu,0.000000000000e+00
5120,11422,SEDSCRS_TCu,0.000000000000e+00
5120,11422,SO_TPb,0.000000000000e+00
5120,11422,IO_TPb,0.000000000000e+00
5120,11422,AO_TPb,0.000000000000e+00
5120,11422,PO_TPb,0.000000000000e+00
5120,11422,SED_TPb,0.000000000000e+00
5120,11422,SEDWSSD_TPb,0.000000000000e+00
5120,11422,SEDSCRS_TPb,0.000000000000e+00
5120,11422,SO_TZn,0.000000000000e+00
5120,11422,IO_TZn,0.000000000000e+00
5120,11422,AO_TZn,0.000000000000e+00
5120,11422,PO_TZn,0.000000000000e+00
5120,11422,SED_TZn,0.000000000000e+00
5120,11422,SEDWSSD_TZn,0.000000000000e+00
5120,11422,SEDSCRS_TZn,0.000000000000e+00
5120,12111,AREA,0.000000000000e+00
5120,12111,PREC,0.000000000000e+00
5120,12111,SURO,0.000000000000e+00
5120,12111,IFWO,0.000000000000e+00
5120,12111,AGWO,0.000000000000e+00
5120,12111,PERO,0.000000000000e+00
5120,12111,TAET,0.000000000000e+00
5120,12111,SEDLOAD,0.000000000000e+00
5120,12111,SEDWSSD, 0.00000e+00
5120,12111,SEDSCRS, 0.00000e+00
5120,12111,SEDSURO, 0.00000e+00
5120,12111,SEDIFWO, 0.00000e+00
5120,12111,SEDAGWO, 0.00000e+00
5120,12111,SO_TN,0.000000000000e+00
5120,12111,IO_TN,0.000000000000e+00
5120,12111,AO_TN,0.000000000000e+00
5120,12111,PO_TN,0.000000000000e+00
5120,12111,SO_TP,0.000000000000e+00
5120,12111,IO_TP,0.000000000000e+00
5120,12111,AO_TP,0.000000000000e+00
5120,12111,PO_TP,0.000000000000e+00
5120,12111,SED_TP,0.000000000000e+00
5120,12111,SEDWSSD_TP,0.000000000000e+00
5120,12111,SEDSCRS_TP,0.000000000000e+00
5120,12111,SO_TCd,0.000000000000e+00
5120,12111,IO_TCd,0.000000000000e+00
5120,12111,AO_TCd,0.000000000000e+00
5120,12111,PO_TCd,0.000000000000e+00
5120,12111,SED_TCd,0.000000000000e+00
5120,12111,SEDWSSD_TCd,0.000000000000e+00
5120,12111,SEDSCRS_TCd,0.000000000000e+00
5120,12111,SO_TCu,0.000000000000e+00
5120,12111,IO_TCu,0.000000000000e+00
5120,12111,AO_TCu,0.000000000000e+00
5120,12111,PO_TCu,0.000000000000e+00
5120,12111,SED_TCu,0.000000000000e+00
5120,12111,SEDWSSD_TCu,0.000000000000e+00
5120,12111,SEDSCRS_TCu,0.000000000000e+00
5120,12111,SO_TPb,0.000000000000e+00
5120,12111,IO_TPb,0.000000000000e+00
5120,12111,AO_TPb,0.000000000000e+00
5120,12111,PO_TPb,0.000000000000e+00
5120,12111,SED_TPb,0.000000000000e+00
5120,12111,SEDWSSD_TPb,0.000000000000e+00
5120,12111,SEDSCRS_TPb,0.000000000000e+00
5120,12111,SO_TZn,0.000000000000e+00
5120,12111,IO_TZn,0.000000000000e+00
5120,12111,AO_TZn,0.000000000000e+00
5120,12111,PO_TZn,0.000000000000e+00
5120,12111,SED_TZn,0.000000000000e+00
5120,12111,SEDWSSD_TZn,0.000000000000e+00
5120,12111,SEDSCRS_TZn,0.000000000000e+00
5120,12112,AREA,0.000000000000e+00
5120,12112,PREC,0.000000000000e+00
5120,12112,SURO,0.000000000000e+00
5120,12112,IFWO,0.000000000000e+00
5120,12112,AGWO,0.000000000000e+00
5120,12112,PERO,0.000000000000e+00
5120,12112,TAET,0.000000000000e+00
5120,12112,SEDLOAD,0.000000000000e+00
5120,12112,SEDWSSD, 0.00000e+00
5120,12112,SEDSCRS, 0.00000e+00
5120,12112,SEDSURO, 0.00000e+00
5120,12112,SEDIFWO, 0.00000e+00
5120,12112,SEDAGWO, 0.00000e+00
5120,12112,SO_TN,0.000000000000e+00
5120,12112,IO_TN,0.000000000000e+00
5120,12112,AO_TN,0.000000000000e+00
5120,12112,PO_TN,0.000000000000e+00
5120,12112,SO_TP,0.000000000000e+00
5120,12112,IO_TP,0.000000000000e+00
5120,12112,AO_TP,0.000000000000e+00
5120,12112,PO_TP,0.000000000000e+00
5120,12112,SED_TP,0.000000000000e+00
5120,12112,SEDWSSD_TP,0.000000000000e+00
5120,12112,SEDSCRS_TP,0.000000000000e+00
5120,12112,SO_TCd,0.000000000000e+00
5120,12112,IO_TCd,0.000000000000e+00
5120,12112,AO_TCd,0.000000000000e+00
5120,12112,PO_TCd,0.000000000000e+00
5120,12112,SED_TCd,0.000000000000e+00
5120,12112,SEDWSSD_TCd,0.000000000000e+00
5120,12112,SEDSCRS_TCd,0.000000000000e+00
5120,12112,SO_TCu,0.000000000000e+00
5120,12112,IO_TCu,0.000000000000e+00
5120,12112,AO_TCu,0.000000000000e+00
5120,12112,PO_TCu,0.000000000000e+00
5120,12112,SED_TCu,0.000000000000e+00
5120,12112,SEDWSSD_TCu,0.000000000000e+00
5120,12112,SEDSCRS_TCu,0.000000000000e+00
5120,12112,SO_TPb,0.000000000000e+00
5120,12112,IO_TPb,0.000000000000e+00
5120,12112,AO_TPb,0.000000000000e+00
5120,12112,PO_TPb,0.000000000000e+00
5120,12112,SED_TPb,0.000000000000e+00
5120,12112,SEDWSSD_TPb,0.000000000000e+00
5120,12112,SEDSCRS_TPb,0.000000000000e+00
5120,12112,SO_TZn,0.000000000000e+00
5120,12112,IO_TZn,0.000000000000e+00
5120,12112,AO_TZn,0.000000000000e+00
5120,12112,PO_TZn,0.000000000000e+00
5120,12112,SED_TZn,0.000000000000e+00
5120,12112,SEDWSSD_TZn,0.000000000000e+00
5120,12112,SEDSCRS_TZn,0.000000000000e+00
5120,12121,AREA,0.000000000000e+00
5120,12121,PREC,0.000000000000e+00
5120,12121,SURO,0.000000000000e+00
5120,12121,IFWO,0.000000000000e+00
5120,12121,AGWO,0.000000000000e+00
5120,12121,PERO,0.000000000000e+00
5120,12121,TAET,0.000000000000e+00
5120,12121,SEDLOAD,0.000000000000e+00
5120,12121,SEDWSSD, 0.00000e+00
5120,12121,SEDSCRS, 0.00000e+00
5120,12121,SEDSURO, 0.00000e+00
5120,12121,SEDIFWO, 0.00000e+00
5120,12121,SEDAGWO, 0.00000e+00
5120,12121,SO_TN,0.000000000000e+00
5120,12121,IO_TN,0.000000000000e+00
5120,12121,AO_TN,0.000000000000e+00
5120,12121,PO_TN,0.000000000000e+00
5120,12121,SO_TP,0.000000000000e+00
5120,12121,IO_TP,0.000000000000e+00
5120,12121,AO_TP,0.000000000000e+00
5120,12121,PO_TP,0.000000000000e+00
5120,12121,SED_TP,0.000000000000e+00
5120,12121,SEDWSSD_TP,0.000000000000e+00
5120,12121,SEDSCRS_TP,0.000000000000e+00
5120,12121,SO_TCd,0.000000000000e+00
5120,12121,IO_TCd,0.000000000000e+00
5120,12121,AO_TCd,0.000000000000e+00
5120,12121,PO_TCd,0.000000000000e+00
5120,12121,SED_TCd,0.000000000000e+00
5120,12121,SEDWSSD_TCd,0.000000000000e+00
5120,12121,SEDSCRS_TCd,0.000000000000e+00
5120,12121,SO_TCu,0.000000000000e+00
5120,12121,IO_TCu,0.000000000000e+00
5120,12121,AO_TCu,0.000000000000e+00
5120,12121,PO_TCu,0.000000000000e+00
5120,12121,SED_TCu,0.000000000000e+00
5120,12121,SEDWSSD_TCu,0.000000000000e+00
5120,12121,SEDSCRS_TCu,0.000000000000e+00
5120,12121,SO_TPb,0.000000000000e+00
5120,12121,IO_TPb,0.000000000000e+00
5120,12121,AO_TPb,0.000000000000e+00
5120,12121,PO_TPb,0.000000000000e+00
5120,12121,SED_TPb,0.000000000000e+00
5120,12121,SEDWSSD_TPb,0.000000000000e+00
5120,12121,SEDSCRS_TPb,0.000000000000e+00
5120,12121,SO_TZn,0.000000000000e+00
5120,12121,IO_TZn,0.000000000000e+00
5120,12121,AO_TZn,0.000000000000e+00
5120,12121,PO_TZn,0.000000000000e+00
5120,12121,SED_TZn,0.000000000000e+00
5120,12121,SEDWSSD_TZn,0.000000000000e+00
5120,12121,SEDSCRS_TZn,0.000000000000e+00
5120,12122,AREA,0.000000000000e+00
5120,12122,PREC,0.000000000000e+00
5120,12122,SURO,0.000000000000e+00
5120,12122,IFWO,0.000000000000e+00
5120,12122,AGWO,0.000000000000e+00
5120,12122,PERO,0.000000000000e+00
5120,12122,TAET,0.000000000000e+00
5120,12122,SEDLOAD,0.000000000000e+00
5120,12122,SEDWSSD, 0.00000e+00
5120,12122,SEDSCRS, 0.00000e+00
5120,12122,SEDSURO, 0.00000e+00
5120,12122,SEDIFWO, 0.00000e+00
5120,12122,SEDAGWO, 0.00000e+00
5120,12122,SO_TN,0.000000000000e+00
5120,12122,IO_TN,0.000000000000e+00
5120,12122,AO_TN,0.000000000000e+00
5120,12122,PO_TN,0.000000000000e+00
5120,12122,SO_TP,0.000000000000e+00
5120,12122,IO_TP,0.000000000000e+00
5120,12122,AO_TP,0.000000000000e+00
5120,12122,PO_TP,0.000000000000e+00
5120,12122,SED_TP,0.000000000000e+00
5120,12122,SEDWSSD_TP,0.000000000000e+00
5120,12122,SEDSCRS_TP,0.000000000000e+00
5120,12122,SO_TCd,0.000000000000e+00
5120,12122,IO_TCd,0.000000000000e+00
5120,12122,AO_TCd,0.000000000000e+00
5120,12122,PO_TCd,0.000000000000e+00
5120,12122,SED_TCd,0.000000000000e+00
5120,12122,SEDWSSD_TCd,0.000000000000e+00
5120,12122,SEDSCRS_TCd,0.000000000000e+00
5120,12122,SO_TCu,0.000000000000e+00
5120,12122,IO_TCu,0.000000000000e+00
5120,12122,AO_TCu,0.000000000000e+00
5120,12122,PO_TCu,0.000000000000e+00
5120,12122,SED_TCu,0.000000000000e+00
5120,12122,SEDWSSD_TCu,0.000000000000e+00
5120,12122,SEDSCRS_TCu,0.000000000000e+00
5120,12122,SO_TPb,0.000000000000e+00
5120,12122,IO_TPb,0.000000000000e+00
5120,12122,AO_TPb,0.000000000000e+00
5120,12122,PO_TPb,0.000000000000e+00
5120,12122,SED_TPb,0.000000000000e+00
5120,12122,SEDWSSD_TPb,0.000000000000e+00
5120,12122,SEDSCRS_TPb,0.000000000000e+00
5120,12122,SO_TZn,0.000000000000e+00
5120,12122,IO_TZn,0.000000000000e+00
5120,12122,AO_TZn,0.000000000000e+00
5120,12122,PO_TZn,0.000000000000e+00
5120,12122,SED_TZn,0.000000000000e+00
5120,12122,SEDWSSD_TZn,0.000000000000e+00
5120,12122,SEDSCRS_TZn,0.000000000000e+00
5120,12211,AREA,2.185559999998e-01
5120,12211,PREC,2.175252359381e+00
5120,12211,SURO,2.620828559220e-02
5120,12211,IFWO,4.078521390400e-03
5120,12211,AGWO,4.580592602746e-01
5120,12211,PERO,4.883460672572e-01
5120,12211,TAET,1.709219195527e+00
5120,12211,SEDLOAD,1.506205423361e-03
5120,12211,SEDWSSD, 1.45384e-03
5120,12211,SEDSCRS, 0.00000e+00
5120,12211,SEDSURO, 0.00000e+00
5120,12211,SEDIFWO, 4.62124e-07
5120,12211,SEDAGWO, 5.19011e-05
5120,12211,SO_TN,1.776996126580e-02
5120,12211,IO_TN,1.848496378198e-03
5120,12211,AO_TN,7.785182446362e-02
5120,12211,PO_TN,9.747028210762e-02
5120,12211,SO_TP,2.907684299915e-03
5120,12211,IO_TP,3.696992756396e-04
5120,12211,AO_TP,2.076048652363e-02
5120,12211,PO_TP,2.403787009919e-02
5120,12211,SED_TP,2.907684299915e-03
5120,12211,SEDWSSD_TP,2.907684299915e-03
5120,12211,SEDSCRS_TP,0.000000000000e+00
5120,12211,SO_TCd,7.269210749787e-06
5120,12211,IO_TCd,0.000000000000e+00
5120,12211,AO_TCd,0.000000000000e+00
5120,12211,PO_TCd,7.269210749787e-06
5120,12211,SED_TCd,7.269210749787e-06
5120,12211,SEDWSSD_TCd,7.269210749787e-06
5120,12211,SEDSCRS_TCd,0.000000000000e+00
5120,12211,SO_TCu,7.269210749787e-04
5120,12211,IO_TCu,0.000000000000e+00
5120,12211,AO_TCu,0.000000000000e+00
5120,12211,PO_TCu,7.269210749787e-04
5120,12211,SED_TCu,7.269210749787e-04
5120,12211,SEDWSSD_TCu,7.269210749787e-04
5120,12211,SEDSCRS_TCu,0.000000000000e+00
5120,12211,SO_TPb,1.453842149957e-05
5120,12211,IO_TPb,0.000000000000e+00
5120,12211,AO_TPb,0.000000000000e+00
5120,12211,PO_TPb,1.453842149957e-05
5120,12211,SED_TPb,1.453842149957e-05
5120,12211,SEDWSSD_TPb,1.453842149957e-05
5120,12211,SEDSCRS_TPb,0.000000000000e+00
5120,12211,SO_TZn,5.233831739846e-03
5120,12211,IO_TZn,0.000000000000e+00
5120,12211,AO_TZn,5.190121630908e-03
5120,12211,PO_TZn,1.042395337075e-02
5120,12211,SED_TZn,5.233831739846e-03
5120,12211,SEDWSSD_TZn,5.233831739846e-03
5120,12211,SEDSCRS_TZn,0.000000000000e+00
5120,12212,AREA,0.000000000000e+00
5120,12212,PREC,0.000000000000e+00
5120,12212,SURO,0.000000000000e+00
5120,12212,IFWO,0.000000000000e+00
5120,12212,AGWO,0.000000000000e+00
5120,12212,PERO,0.000000000000e+00
5120,12212,TAET,0.000000000000e+00
5120,12212,SEDLOAD,0.000000000000e+00
5120,12212,SEDWSSD, 0.00000e+00
5120,12212,SEDSCRS, 0.00000e+00
5120,12212,SEDSURO, 0.00000e+00
5120,12212,SEDIFWO, 0.00000e+00
5120,12212,SEDAGWO, 0.00000e+00
5120,12212,SO_TN,0.000000000000e+00
5120,12212,IO_TN,0.000000000000e+00
5120,12212,AO_TN,0.000000000000e+00
5120,12212,PO_TN,0.000000000000e+00
5120,12212,SO_TP,0.000000000000e+00
5120,12212,IO_TP,0.000000000000e+00
5120,12212,AO_TP,0.000000000000e+00
5120,12212,PO_TP,0.000000000000e+00
5120,12212,SED_TP,0.000000000000e+00
5120,12212,SEDWSSD_TP,0.000000000000e+00
5120,12212,SEDSCRS_TP,0.000000000000e+00
5120,12212,SO_TCd,0.000000000000e+00
5120,12212,IO_TCd,0.000000000000e+00
5120,12212,AO_TCd,0.000000000000e+00
5120,12212,PO_TCd,0.000000000000e+00
5120,12212,SED_TCd,0.000000000000e+00
5120,12212,SEDWSSD_TCd,0.000000000000e+00
5120,12212,SEDSCRS_TCd,0.000000000000e+00
5120,12212,SO_TCu,0.000000000000e+00
5120,12212,IO_TCu,0.000000000000e+00
5120,12212,AO_TCu,0.000000000000e+00
5120,12212,PO_TCu,0.000000000000e+00
5120,12212,SED_TCu,0.000000000000e+00
5120,12212,SEDWSSD_TCu,0.000000000000e+00
5120,12212,SEDSCRS_TCu,0.000000000000e+00
5120,12212,SO_TPb,0.000000000000e+00
5120,12212,IO_TPb,0.000000000000e+00
5120,12212,AO_TPb,0.000000000000e+00
5120,12212,PO_TPb,0.000000000000e+00
5120,12212,SED_TPb,0.000000000000e+00
5120,12212,SEDWSSD_TPb,0.000000000000e+00
5120,12212,SEDSCRS_TPb,0.000000000000e+00
5120,12212,SO_TZn,0.000000000000e+00
5120,12212,IO_TZn,0.000000000000e+00
5120,12212,AO_TZn,0.000000000000e+00
5120,12212,PO_TZn,0.000000000000e+00
5120,12212,SED_TZn,0.000000000000e+00
5120,12212,SEDWSSD_TZn,0.000000000000e+00
5120,12212,SEDSCRS_TZn,0.000000000000e+00
5120,12221,AREA,0.000000000000e+00
5120,12221,PREC,0.000000000000e+00
5120,12221,SURO,0.000000000000e+00
5120,12221,IFWO,0.000000000000e+00
5120,12221,AGWO,0.000000000000e+00
5120,12221,PERO,0.000000000000e+00
5120,12221,TAET,0.000000000000e+00
5120,12221,SEDLOAD,0.000000000000e+00
5120,12221,SEDWSSD, 0.00000e+00
5120,12221,SEDSCRS, 0.00000e+00
5120,12221,SEDSURO, 0.00000e+00
5120,12221,SEDIFWO, 0.00000e+00
5120,12221,SEDAGWO, 0.00000e+00
5120,12221,SO_TN,0.000000000000e+00
5120,12221,IO_TN,0.000000000000e+00
5120,12221,AO_TN,0.000000000000e+00
5120,12221,PO_TN,0.000000000000e+00
5120,12221,SO_TP,0.000000000000e+00
5120,12221,IO_TP,0.000000000000e+00
5120,12221,AO_TP,0.000000000000e+00
5120,12221,PO_TP,0.000000000000e+00
5120,12221,SED_TP,0.000000000000e+00
5120,12221,SEDWSSD_TP,0.000000000000e+00
5120,12221,SEDSCRS_TP,0.000000000000e+00
5120,12221,SO_TCd,0.000000000000e+00
5120,12221,IO_TCd,0.000000000000e+00
5120,12221,AO_TCd,0.000000000000e+00
5120,12221,PO_TCd,0.000000000000e+00
5120,12221,SED_TCd,0.000000000000e+00
5120,12221,SEDWSSD_TCd,0.000000000000e+00
5120,12221,SEDSCRS_TCd,0.000000000000e+00
5120,12221,SO_TCu,0.000000000000e+00
5120,12221,IO_TCu,0.000000000000e+00
5120,12221,AO_TCu,0.000000000000e+00
5120,12221,PO_TCu,0.000000000000e+00
5120,12221,SED_TCu,0.000000000000e+00
5120,12221,SEDWSSD_TCu,0.000000000000e+00
5120,12221,SEDSCRS_TCu,0.000000000000e+00
5120,12221,SO_TPb,0.000000000000e+00
5120,12221,IO_TPb,0.000000000000e+00
5120,12221,AO_TPb,0.000000000000e+00
5120,12221,PO_TPb,0.000000000000e+00
5120,12221,SED_TPb,0.000000000000e+00
5120,12221,SEDWSSD_TPb,0.000000000000e+00
5120,12221,SEDSCRS_TPb,0.000000000000e+00
5120,12221,SO_TZn,0.000000000000e+00
5120,12221,IO_TZn,0.000000000000e+00
5120,12221,AO_TZn,0.000000000000e+00
5120,12221,PO_TZn,0.000000000000e+00
5120,12221,SED_TZn,0.000000000000e+00
5120,12221,SEDWSSD_TZn,0.000000000000e+00
5120,12221,SEDSCRS_TZn,0.000000000000e+00
5120,12222,AREA,0.000000000000e+00
5120,12222,PREC,0.000000000000e+00
5120,12222,SURO,0.000000000000e+00
5120,12222,IFWO,0.000000000000e+00
5120,12222,AGWO,0.000000000000e+00
5120,12222,PERO,0.000000000000e+00
5120,12222,TAET,0.000000000000e+00
5120,12222,SEDLOAD,0.000000000000e+00
5120,12222,SEDWSSD, 0.00000e+00
5120,12222,SEDSCRS, 0.00000e+00
5120,12222,SEDSURO, 0.00000e+00
5120,12222,SEDIFWO, 0.00000e+00
5120,12222,SEDAGWO, 0.00000e+00
5120,12222,SO_TN,0.000000000000e+00
5120,12222,IO_TN,0.000000000000e+00
5120,12222,AO_TN,0.000000000000e+00
5120,12222,PO_TN,0.000000000000e+00
5120,12222,SO_TP,0.000000000000e+00
5120,12222,IO_TP,0.000000000000e+00
5120,12222,AO_TP,0.000000000000e+00
5120,12222,PO_TP,0.000000000000e+00
5120,12222,SED_TP,0.000000000000e+00
5120,12222,SEDWSSD_TP,0.000000000000e+00
5120,12222,SEDSCRS_TP,0.000000000000e+00
5120,12222,SO_TCd,0.000000000000e+00
5120,12222,IO_TCd,0.000000000000e+00
5120,12222,AO_TCd,0.000000000000e+00
5120,12222,PO_TCd,0.000000000000e+00
5120,12222,SED_TCd,0.000000000000e+00
5120,12222,SEDWSSD_TCd,0.000000000000e+00
5120,12222,SEDSCRS_TCd,0.000000000000e+00
5120,12222,SO_TCu,0.000000000000e+00
5120,12222,IO_TCu,0.000000000000e+00
5120,12222,AO_TCu,0.000000000000e+00
5120,12222,PO_TCu,0.000000000000e+00
5120,12222,SED_TCu,0.000000000000e+00
5120,12222,SEDWSSD_TCu,0.000000000000e+00
5120,12222,SEDSCRS_TCu,0.000000000000e+00
5120,12222,SO_TPb,0.000000000000e+00
5120,12222,IO_TPb,0.000000000000e+00
5120,12222,AO_TPb,0.000000000000e+00
5120,12222,PO_TPb,0.000000000000e+00
5120,12222,SED_TPb,0.000000000000e+00
5120,12222,SEDWSSD_TPb,0.000000000000e+00
5120,12222,SEDSCRS_TPb,0.000000000000e+00
5120,12222,SO_TZn,0.000000000000e+00
5120,12222,IO_TZn,0.000000000000e+00
5120,12222,AO_TZn,0.000000000000e+00
5120,12222,PO_TZn,0.000000000000e+00
5120,12222,SED_TZn,0.000000000000e+00
5120,12222,SEDWSSD_TZn,0.000000000000e+00
5120,12222,SEDSCRS_TZn,0.000000000000e+00
5120,12311,AREA,0.000000000000e+00
5120,12311,PREC,0.000000000000e+00
5120,12311,SURO,0.000000000000e+00
5120,12311,IFWO,0.000000000000e+00
5120,12311,AGWO,0.000000000000e+00
5120,12311,PERO,0.000000000000e+00
5120,12311,TAET,0.000000000000e+00
5120,12311,SEDLOAD,0.000000000000e+00
5120,12311,SEDWSSD, 0.00000e+00
5120,12311,SEDSCRS, 0.00000e+00
5120,12311,SEDSURO, 0.00000e+00
5120,12311,SEDIFWO, 0.00000e+00
5120,12311,SEDAGWO, 0.00000e+00
5120,12311,SO_TN,0.000000000000e+00
5120,12311,IO_TN,0.000000000000e+00
5120,12311,AO_TN,0.000000000000e+00
5120,12311,PO_TN,0.000000000000e+00
5120,12311,SO_TP,0.000000000000e+00
5120,12311,IO_TP,0.000000000000e+00
5120,12311,AO_TP,0.000000000000e+00
5120,12311,PO_TP,0.000000000000e+00
5120,12311,SED_TP,0.000000000000e+00
5120,12311,SEDWSSD_TP,0.000000000000e+00
5120,12311,SEDSCRS_TP,0.000000000000e+00
5120,12311,SO_TCd,0.000000000000e+00
5120,12311,IO_TCd,0.000000000000e+00
5120,12311,AO_TCd,0.000000000000e+00
5120,12311,PO_TCd,0.000000000000e+00
5120,12311,SED_TCd,0.000000000000e+00
5120,12311,SEDWSSD_TCd,0.000000000000e+00
5120,12311,SEDSCRS_TCd,0.000000000000e+00
5120,12311,SO_TCu,0.000000000000e+00
5120,12311,IO_TCu,0.000000000000e+00
5120,12311,AO_TCu,0.000000000000e+00
5120,12311,PO_TCu,0.000000000000e+00
5120,12311,SED_TCu,0.000000000000e+00
5120,12311,SEDWSSD_TCu,0.000000000000e+00
5120,12311,SEDSCRS_TCu,0.000000000000e+00
5120,12311,SO_TPb,0.000000000000e+00
5120,12311,IO_TPb,0.000000000000e+00
5120,12311,AO_TPb,0.000000000000e+00
5120,12311,PO_TPb,0.000000000000e+00
5120,12311,SED_TPb,0.000000000000e+00
5120,12311,SEDWSSD_TPb,0.000000000000e+00
5120,12311,SEDSCRS_TPb,0.000000000000e+00
5120,12311,SO_TZn,0.000000000000e+00
5120,12311,IO_TZn,0.000000000000e+00
5120,12311,AO_TZn,0.000000000000e+00
5120,12311,PO_TZn,0.000000000000e+00
5120,12311,SED_TZn,0.000000000000e+00
5120,12311,SEDWSSD_TZn,0.000000000000e+00
5120,12311,SEDSCRS_TZn,0.000000000000e+00
5120,12312,AREA,0.000000000000e+00
5120,12312,PREC,0.000000000000e+00
5120,12312,SURO,0.000000000000e+00
5120,12312,IFWO,0.000000000000e+00
5120,12312,AGWO,0.000000000000e+00
5120,12312,PERO,0.000000000000e+00
5120,12312,TAET,0.000000000000e+00
5120,12312,SEDLOAD,0.000000000000e+00
5120,12312,SEDWSSD, 0.00000e+00
5120,12312,SEDSCRS, 0.00000e+00
5120,12312,SEDSURO, 0.00000e+00
5120,12312,SEDIFWO, 0.00000e+00
5120,12312,SEDAGWO, 0.00000e+00
5120,12312,SO_TN,0.000000000000e+00
5120,12312,IO_TN,0.000000000000e+00
5120,12312,AO_TN,0.000000000000e+00
5120,12312,PO_TN,0.000000000000e+00
5120,12312,SO_TP,0.000000000000e+00
5120,12312,IO_TP,0.000000000000e+00
5120,12312,AO_TP,0.000000000000e+00
5120,12312,PO_TP,0.000000000000e+00
5120,12312,SED_TP,0.000000000000e+00
5120,12312,SEDWSSD_TP,0.000000000000e+00
5120,12312,SEDSCRS_TP,0.000000000000e+00
5120,12312,SO_TCd,0.000000000000e+00
5120,12312,IO_TCd,0.000000000000e+00
5120,12312,AO_TCd,0.000000000000e+00
5120,12312,PO_TCd,0.000000000000e+00
5120,12312,SED_TCd,0.000000000000e+00
5120,12312,SEDWSSD_TCd,0.000000000000e+00
5120,12312,SEDSCRS_TCd,0.000000000000e+00
5120,12312,SO_TCu,0.000000000000e+00
5120,12312,IO_TCu,0.000000000000e+00
5120,12312,AO_TCu,0.000000000000e+00
5120,12312,PO_TCu,0.000000000000e+00
5120,12312,SED_TCu,0.000000000000e+00
5120,12312,SEDWSSD_TCu,0.000000000000e+00
5120,12312,SEDSCRS_TCu,0.000000000000e+00
5120,12312,SO_TPb,0.000000000000e+00
5120,12312,IO_TPb,0.000000000000e+00
5120,12312,AO_TPb,0.000000000000e+00
5120,12312,PO_TPb,0.000000000000e+00
5120,12312,SED_TPb,0.000000000000e+00
5120,12312,SEDWSSD_TPb,0.000000000000e+00
5120,12312,SEDSCRS_TPb,0.000000000000e+00
5120,12312,SO_TZn,0.000000000000e+00
5120,12312,IO_TZn,0.000000000000e+00
5120,12312,AO_TZn,0.000000000000e+00
5120,12312,PO_TZn,0.000000000000e+00
5120,12312,SED_TZn,0.000000000000e+00
5120,12312,SEDWSSD_TZn,0.000000000000e+00
5120,12312,SEDSCRS_TZn,0.000000000000e+00
5120,12321,AREA,0.000000000000e+00
5120,12321,PREC,0.000000000000e+00
5120,12321,SURO,0.000000000000e+00
5120,12321,IFWO,0.000000000000e+00
5120,12321,AGWO,0.000000000000e+00
5120,12321,PERO,0.000000000000e+00
5120,12321,TAET,0.000000000000e+00
5120,12321,SEDLOAD,0.000000000000e+00
5120,12321,SEDWSSD, 0.00000e+00
5120,12321,SEDSCRS, 0.00000e+00
5120,12321,SEDSURO, 0.00000e+00
5120,12321,SEDIFWO, 0.00000e+00
5120,12321,SEDAGWO, 0.00000e+00
5120,12321,SO_TN,0.000000000000e+00
5120,12321,IO_TN,0.000000000000e+00
5120,12321,AO_TN,0.000000000000e+00
5120,12321,PO_TN,0.000000000000e+00
5120,12321,SO_TP,0.000000000000e+00
5120,12321,IO_TP,0.000000000000e+00
5120,12321,AO_TP,0.000000000000e+00
5120,12321,PO_TP,0.000000000000e+00
5120,12321,SED_TP,0.000000000000e+00
5120,12321,SEDWSSD_TP,0.000000000000e+00
5120,12321,SEDSCRS_TP,0.000000000000e+00
5120,12321,SO_TCd,0.000000000000e+00
5120,12321,IO_TCd,0.000000000000e+00
5120,12321,AO_TCd,0.000000000000e+00
5120,12321,PO_TCd,0.000000000000e+00
5120,12321,SED_TCd,0.000000000000e+00
5120,12321,SEDWSSD_TCd,0.000000000000e+00
5120,12321,SEDSCRS_TCd,0.000000000000e+00
5120,12321,SO_TCu,0.000000000000e+00
5120,12321,IO_TCu,0.000000000000e+00
5120,12321,AO_TCu,0.000000000000e+00
5120,12321,PO_TCu,0.000000000000e+00
5120,12321,SED_TCu,0.000000000000e+00
5120,12321,SEDWSSD_TCu,0.000000000000e+00
5120,12321,SEDSCRS_TCu,0.000000000000e+00
5120,12321,SO_TPb,0.000000000000e+00
5120,12321,IO_TPb,0.000000000000e+00
5120,12321,AO_TPb,0.000000000000e+00
5120,12321,PO_TPb,0.000000000000e+00
5120,12321,SED_TPb,0.000000000000e+00
5120,12321,SEDWSSD_TPb,0.000000000000e+00
5120,12321,SEDSCRS_TPb,0.000000000000e+00
5120,12321,SO_TZn,0.000000000000e+00
5120,12321,IO_TZn,0.000000000000e+00
5120,12321,AO_TZn,0.000000000000e+00
5120,12321,PO_TZn,0.000000000000e+00
5120,12321,SED_TZn,0.000000000000e+00
5120,12321,SEDWSSD_TZn,0.000000000000e+00
5120,12321,SEDSCRS_TZn,0.000000000000e+00
5120,12322,AREA,0.000000000000e+00
5120,12322,PREC,0.000000000000e+00
5120,12322,SURO,0.000000000000e+00
5120,12322,IFWO,0.000000000000e+00
5120,12322,AGWO,0.000000000000e+00
5120,12322,PERO,0.000000000000e+00
5120,12322,TAET,0.000000000000e+00
5120,12322,SEDLOAD,0.000000000000e+00
5120,12322,SEDWSSD, 0.00000e+00
5120,12322,SEDSCRS, 0.00000e+00
5120,12322,SEDSURO, 0.00000e+00
5120,12322,SEDIFWO, 0.00000e+00
5120,12322,SEDAGWO, 0.00000e+00
5120,12322,SO_TN,0.000000000000e+00
5120,12322,IO_TN,0.000000000000e+00
5120,12322,AO_TN,0.000000000000e+00
5120,12322,PO_TN,0.000000000000e+00
5120,12322,SO_TP,0.000000000000e+00
5120,12322,IO_TP,0.000000000000e+00
5120,12322,AO_TP,0.000000000000e+00
5120,12322,PO_TP,0.000000000000e+00
5120,12322,SED_TP,0.000000000000e+00
5120,12322,SEDWSSD_TP,0.000000000000e+00
5120,12322,SEDSCRS_TP,0.000000000000e+00
5120,12322,SO_TCd,0.000000000000e+00
5120,12322,IO_TCd,0.000000000000e+00
5120,12322,AO_TCd,0.000000000000e+00
5120,12322,PO_TCd,0.000000000000e+00
5120,12322,SED_TCd,0.000000000000e+00
5120,12322,SEDWSSD_TCd,0.000000000000e+00
5120,12322,SEDSCRS_TCd,0.000000000000e+00
5120,12322,SO_TCu,0.000000000000e+00
5120,12322,IO_TCu,0.000000000000e+00
5120,12322,AO_TCu,0.000000000000e+00
5120,12322,PO_TCu,0.000000000000e+00
5120,12322,SED_TCu,0.000000000000e+00
5120,12322,SEDWSSD_TCu,0.000000000000e+00
5120,12322,SEDSCRS_TCu,0.000000000000e+00
5120,12322,SO_TPb,0.000000000000e+00
5120,12322,IO_TPb,0.000000000000e+00
5120,12322,AO_TPb,0.000000000000e+00
5120,12322,PO_TPb,0.000000000000e+00
5120,12322,SED_TPb,0.000000000000e+00
5120,12322,SEDWSSD_TPb,0.000000000000e+00
5120,12322,SEDSCRS_TPb,0.000000000000e+00
5120,12322,SO_TZn,0.000000000000e+00
5120,12322,IO_TZn,0.000000000000e+00
5120,12322,AO_TZn,0.000000000000e+00
5120,12322,PO_TZn,0.000000000000e+00
5120,12322,SED_TZn,0.000000000000e+00
5120,12322,SEDWSSD_TZn,0.000000000000e+00
5120,12322,SEDSCRS_TZn,0.000000000000e+00
5120,12411,AREA,1.849930240004e+02
5120,12411,PREC,1.841205512203e+03
5120,12411,SURO,1.436824137254e+02
5120,12411,IFWO,1.839458795257e+00
5120,12411,AGWO,2.270750762818e+02
5120,12411,PERO,3.725969488024e+02
5120,12411,TAET,1.489002497537e+03
5120,12411,SEDLOAD,1.766256812127e+00
5120,12411,SEDWSSD, 1.74032e+00
5120,12411,SEDSCRS, 0.00000e+00
5120,12411,SEDSURO, 0.00000e+00
5120,12411,SEDIFWO, 2.08423e-04
5120,12411,SEDAGWO, 2.57291e-02
5120,12411,SO_TN,5.238826185905e+01
5120,12411,IO_TN,8.336925555618e-01
5120,12411,AO_TN,3.859371594879e+01
5120,12411,PO_TN,9.181567036341e+01
5120,12411,SO_TP,3.480638556421e+00
5120,12411,IO_TP,1.667385111124e-01
5120,12411,AO_TP,1.029165758634e+01
5120,12411,PO_TP,1.393903465388e+01
5120,12411,SED_TP,3.480638556421e+00
5120,12411,SEDWSSD_TP,3.480638556421e+00
5120,12411,SEDSCRS_TP,0.000000000000e+00
5120,12411,SO_TCd,8.701596391052e-03
5120,12411,IO_TCd,0.000000000000e+00
5120,12411,AO_TCd,0.000000000000e+00
5120,12411,PO_TCd,8.701596391052e-03
5120,12411,SED_TCd,8.701596391052e-03
5120,12411,SEDWSSD_TCd,8.701596391052e-03
5120,12411,SEDSCRS_TCd,0.000000000000e+00
5120,12411,SO_TCu,8.701596391052e-01
5120,12411,IO_TCu,0.000000000000e+00
5120,12411,AO_TCu,0.000000000000e+00
5120,12411,PO_TCu,8.701596391052e-01
5120,12411,SED_TCu,8.701596391052e-01
5120,12411,SEDWSSD_TCu,8.701596391052e-01
5120,12411,SEDSCRS_TCu,0.000000000000e+00
5120,12411,SO_TPb,1.740319278210e-02
5120,12411,IO_TPb,0.000000000000e+00
5120,12411,AO_TPb,0.000000000000e+00
5120,12411,PO_TPb,1.740319278210e-02
5120,12411,SED_TPb,1.740319278210e-02
5120,12411,SEDWSSD_TPb,1.740319278210e-02
5120,12411,SEDSCRS_TPb,0.000000000000e+00
5120,12411,SO_TZn,6.265149401557e+00
5120,12411,IO_TZn,0.000000000000e+00
5120,12411,AO_TZn,2.572914396586e+00
5120,12411,PO_TZn,8.838063798144e+00
5120,12411,SED_TZn,6.265149401557e+00
5120,12411,SEDWSSD_TZn,6.265149401557e+00
5120,12411,SEDSCRS_TZn,0.000000000000e+00
5120,12412,AREA,7.428757200011e+01
5120,12412,PREC,7.393721346733e+02
5120,12412,SURO,5.769848734816e+01
5120,12412,IFWO,7.386707062731e-01
5120,12412,AGWO,6.383051100933e+01
5120,12412,PERO,1.222676690638e+02
5120,12412,TAET,5.979381160016e+02
5120,12412,SEDLOAD,7.061754076988e-01
5120,12412,SEDWSSD, 6.98859e-01
5120,12412,SEDSCRS, 0.00000e+00
5120,12412,SEDSURO, 0.00000e+00
5120,12412,SEDIFWO, 8.36963e-05
5120,12412,SEDAGWO, 7.23242e-03
5120,12412,SO_TN,2.103753260885e+01
5120,12412,IO_TN,3.347855741153e-01
5120,12412,AO_TN,1.084864376619e+01
5120,12412,PO_TN,3.222096194915e+01
5120,12412,SO_TP,1.397718582978e+00
5120,12412,IO_TP,6.695711482305e-02
5120,12412,AO_TP,2.892971670983e+00
5120,12412,PO_TP,4.357647368784e+00
5120,12412,SED_TP,1.397718582978e+00
5120,12412,SEDWSSD_TP,1.397718582978e+00
5120,12412,SEDSCRS_TP,0.000000000000e+00
5120,12412,SO_TCd,3.494296457445e-03
5120,12412,IO_TCd,0.000000000000e+00
5120,12412,AO_TCd,0.000000000000e+00
5120,12412,PO_TCd,3.494296457445e-03
5120,12412,SED_TCd,3.494296457445e-03
5120,12412,SEDWSSD_TCd,3.494296457445e-03
5120,12412,SEDSCRS_TCd,0.000000000000e+00
5120,12412,SO_TCu,3.494296457445e-01
5120,12412,IO_TCu,0.000000000000e+00
5120,12412,AO_TCu,0.000000000000e+00
5120,12412,PO_TCu,3.494296457445e-01
5120,12412,SED_TCu,3.494296457445e-01
5120,12412,SEDWSSD_TCu,3.494296457445e-01
5120,12412,SEDSCRS_TCu,0.000000000000e+00
5120,12412,SO_TPb,6.988592914890e-03
5120,12412,IO_TPb,0.000000000000e+00
5120,12412,AO_TPb,0.000000000000e+00
5120,12412,PO_TPb,6.988592914890e-03
5120,12412,SED_TPb,6.988592914890e-03
5120,12412,SEDWSSD_TPb,6.988592914890e-03
5120,12412,SEDSCRS_TPb,0.000000000000e+00
5120,12412,SO_TZn,2.515893449360e+00
5120,12412,IO_TZn,0.000000000000e+00
5120,12412,AO_TZn,7.232429177457e-01
5120,12412,PO_TZn,3.239136367106e+00
5120,12412,SED_TZn,2.515893449360e+00
5120,12412,SEDWSSD_TZn,2.515893449360e+00
5120,12412,SEDSCRS_TZn,0.000000000000e+00
5120,12421,AREA,0.000000000000e+00
5120,12421,PREC,0.000000000000e+00
5120,12421,SURO,0.000000000000e+00
5120,12421,IFWO,0.000000000000e+00
5120,12421,AGWO,0.000000000000e+00
5120,12421,PERO,0.000000000000e+00
5120,12421,TAET,0.000000000000e+00
5120,12421,SEDLOAD,0.000000000000e+00
5120,12421,SEDWSSD, 0.00000e+00
5120,12421,SEDSCRS, 0.00000e+00
5120,12421,SEDSURO, 0.00000e+00
5120,12421,SEDIFWO, 0.00000e+00
5120,12421,SEDAGWO, 0.00000e+00
5120,12421,SO_TN,0.000000000000e+00
5120,12421,IO_TN,0.000000000000e+00
5120,12421,AO_TN,0.000000000000e+00
5120,12421,PO_TN,0.000000000000e+00
5120,12421,SO_TP,0.000000000000e+00
5120,12421,IO_TP,0.000000000000e+00
5120,12421,AO_TP,0.000000000000e+00
5120,12421,PO_TP,0.000000000000e+00
5120,12421,SED_TP,0.000000000000e+00
5120,12421,SEDWSSD_TP,0.000000000000e+00
5120,12421,SEDSCRS_TP,0.000000000000e+00
5120,12421,SO_TCd,0.000000000000e+00
5120,12421,IO_TCd,0.000000000000e+00
5120,12421,AO_TCd,0.000000000000e+00
5120,12421,PO_TCd,0.000000000000e+00
5120,12421,SED_TCd,0.000000000000e+00
5120,12421,SEDWSSD_TCd,0.000000000000e+00
5120,12421,SEDSCRS_TCd,0.000000000000e+00
5120,12421,SO_TCu,0.000000000000e+00
5120,12421,IO_TCu,0.000000000000e+00
5120,12421,AO_TCu,0.000000000000e+00
5120,12421,PO_TCu,0.000000000000e+00
5120,12421,SED_TCu,0.000000000000e+00
5120,12421,SEDWSSD_TCu,0.000000000000e+00
5120,12421,SEDSCRS_TCu,0.000000000000e+00
5120,12421,SO_TPb,0.000000000000e+00
5120,12421,IO_TPb,0.000000000000e+00
5120,12421,AO_TPb,0.000000000000e+00
5120,12421,PO_TPb,0.000000000000e+00
5120,12421,SED_TPb,0.000000000000e+00
5120,12421,SEDWSSD_TPb,0.000000000000e+00
5120,12421,SEDSCRS_TPb,0.000000000000e+00
5120,12421,SO_TZn,0.000000000000e+00
5120,12421,IO_TZn,0.000000000000e+00
5120,12421,AO_TZn,0.000000000000e+00
5120,12421,PO_TZn,0.000000000000e+00
5120,12421,SED_TZn,0.000000000000e+00
5120,12421,SEDWSSD_TZn,0.000000000000e+00
5120,12421,SEDSCRS_TZn,0.000000000000e+00
5120,12422,AREA,0.000000000000e+00
5120,12422,PREC,0.000000000000e+00
5120,12422,SURO,0.000000000000e+00
5120,12422,IFWO,0.000000000000e+00
5120,12422,AGWO,0.000000000000e+00
5120,12422,PERO,0.000000000000e+00
5120,12422,TAET,0.000000000000e+00
5120,12422,SEDLOAD,0.000000000000e+00
5120,12422,SEDWSSD, 0.00000e+00
5120,12422,SEDSCRS, 0.00000e+00
5120,12422,SEDSURO, 0.00000e+00
5120,12422,SEDIFWO, 0.00000e+00
5120,12422,SEDAGWO, 0.00000e+00
5120,12422,SO_TN,0.000000000000e+00
5120,12422,IO_TN,0.000000000000e+00
5120,12422,AO_TN,0.000000000000e+00
5120,12422,PO_TN,0.000000000000e+00
5120,12422,SO_TP,0.000000000000e+00
5120,12422,IO_TP,0.000000000000e+00
5120,12422,AO_TP,0.000000000000e+00
5120,12422,PO_TP,0.000000000000e+00
5120,12422,SED_TP,0.000000000000e+00
5120,12422,SEDWSSD_TP,0.000000000000e+00
5120,12422,SEDSCRS_TP,0.000000000000e+00
5120,12422,SO_TCd,0.000000000000e+00
5120,12422,IO_TCd,0.000000000000e+00
5120,12422,AO_TCd,0.000000000000e+00
5120,12422,PO_TCd,0.000000000000e+00
5120,12422,SED_TCd,0.000000000000e+00
5120,12422,SEDWSSD_TCd,0.000000000000e+00
5120,12422,SEDSCRS_TCd,0.000000000000e+00
5120,12422,SO_TCu,0.000000000000e+00
5120,12422,IO_TCu,0.000000000000e+00
5120,12422,AO_TCu,0.000000000000e+00
5120,12422,PO_TCu,0.000000000000e+00
5120,12422,SED_TCu,0.000000000000e+00
5120,12422,SEDWSSD_TCu,0.000000000000e+00
5120,12422,SEDSCRS_TCu,0.000000000000e+00
5120,12422,SO_TPb,0.000000000000e+00
5120,12422,IO_TPb,0.000000000000e+00
5120,12422,AO_TPb,0.000000000000e+00
5120,12422,PO_TPb,0.000000000000e+00
5120,12422,SED_TPb,0.000000000000e+00
5120,12422,SEDWSSD_TPb,0.000000000000e+00
5120,12422,SEDSCRS_TPb,0.000000000000e+00
5120,12422,SO_TZn,0.000000000000e+00
5120,12422,IO_TZn,0.000000000000e+00
5120,12422,AO_TZn,0.000000000000e+00
5120,12422,PO_TZn,0.000000000000e+00
5120,12422,SED_TZn,0.000000000000e+00
5120,12422,SEDWSSD_TZn,0.000000000000e+00
5120,12422,SEDSCRS_TZn,0.000000000000e+00
5120,13111,AREA,0.000000000000e+00
5120,13111,PREC,0.000000000000e+00
5120,13111,SURO,0.000000000000e+00
5120,13111,IFWO,0.000000000000e+00
5120,13111,AGWO,0.000000000000e+00
5120,13111,PERO,0.000000000000e+00
5120,13111,TAET,0.000000000000e+00
5120,13111,SEDLOAD,0.000000000000e+00
5120,13111,SEDWSSD, 0.00000e+00
5120,13111,SEDSCRS, 0.00000e+00
5120,13111,SEDSURO, 0.00000e+00
5120,13111,SEDIFWO, 0.00000e+00
5120,13111,SEDAGWO, 0.00000e+00
5120,13111,SO_TN,0.000000000000e+00
5120,13111,IO_TN,0.000000000000e+00
5120,13111,AO_TN,0.000000000000e+00
5120,13111,PO_TN,0.000000000000e+00
5120,13111,SO_TP,0.000000000000e+00
5120,13111,IO_TP,0.000000000000e+00
5120,13111,AO_TP,0.000000000000e+00
5120,13111,PO_TP,0.000000000000e+00
5120,13111,SED_TP,0.000000000000e+00
5120,13111,SEDWSSD_TP,0.000000000000e+00
5120,13111,SEDSCRS_TP,0.000000000000e+00
5120,13111,SO_TCd,0.000000000000e+00
5120,13111,IO_TCd,0.000000000000e+00
5120,13111,AO_TCd,0.000000000000e+00
5120,13111,PO_TCd,0.000000000000e+00
5120,13111,SED_TCd,0.000000000000e+00
5120,13111,SEDWSSD_TCd,0.000000000000e+00
5120,13111,SEDSCRS_TCd,0.000000000000e+00
5120,13111,SO_TCu,0.000000000000e+00
5120,13111,IO_TCu,0.000000000000e+00
5120,13111,AO_TCu,0.000000000000e+00
5120,13111,PO_TCu,0.000000000000e+00
5120,13111,SED_TCu,0.000000000000e+00
5120,13111,SEDWSSD_TCu,0.000000000000e+00
5120,13111,SEDSCRS_TCu,0.000000000000e+00
5120,13111,SO_TPb,0.000000000000e+00
5120,13111,IO_TPb,0.000000000000e+00
5120,13111,AO_TPb,0.000000000000e+00
5120,13111,PO_TPb,0.000000000000e+00
5120,13111,SED_TPb,0.000000000000e+00
5120,13111,SEDWSSD_TPb,0.000000000000e+00
5120,13111,SEDSCRS_TPb,0.000000000000e+00
5120,13111,SO_TZn,0.000000000000e+00
5120,13111,IO_TZn,0.000000000000e+00
5120,13111,AO_TZn,0.000000000000e+00
5120,13111,PO_TZn,0.000000000000e+00
5120,13111,SED_TZn,0.000000000000e+00
5120,13111,SEDWSSD_TZn,0.000000000000e+00
5120,13111,SEDSCRS_TZn,0.000000000000e+00
5120,13112,AREA,0.000000000000e+00
5120,13112,PREC,0.000000000000e+00
5120,13112,SURO,0.000000000000e+00
5120,13112,IFWO,0.000000000000e+00
5120,13112,AGWO,0.000000000000e+00
5120,13112,PERO,0.000000000000e+00
5120,13112,TAET,0.000000000000e+00
5120,13112,SEDLOAD,0.000000000000e+00
5120,13112,SEDWSSD, 0.00000e+00
5120,13112,SEDSCRS, 0.00000e+00
5120,13112,SEDSURO, 0.00000e+00
5120,13112,SEDIFWO, 0.00000e+00
5120,13112,SEDAGWO, 0.00000e+00
5120,13112,SO_TN,0.000000000000e+00
5120,13112,IO_TN,0.000000000000e+00
5120,13112,AO_TN,0.000000000000e+00
5120,13112,PO_TN,0.000000000000e+00
5120,13112,SO_TP,0.000000000000e+00
5120,13112,IO_TP,0.000000000000e+00
5120,13112,AO_TP,0.000000000000e+00
5120,13112,PO_TP,0.000000000000e+00
5120,13112,SED_TP,0.000000000000e+00
5120,13112,SEDWSSD_TP,0.000000000000e+00
5120,13112,SEDSCRS_TP,0.000000000000e+00
5120,13112,SO_TCd,0.000000000000e+00
5120,13112,IO_TCd,0.000000000000e+00
5120,13112,AO_TCd,0.000000000000e+00
5120,13112,PO_TCd,0.000000000000e+00
5120,13112,SED_TCd,0.000000000000e+00
5120,13112,SEDWSSD_TCd,0.000000000000e+00
5120,13112,SEDSCRS_TCd,0.000000000000e+00
5120,13112,SO_TCu,0.000000000000e+00
5120,13112,IO_TCu,0.000000000000e+00
5120,13112,AO_TCu,0.000000000000e+00
5120,13112,PO_TCu,0.000000000000e+00
5120,13112,SED_TCu,0.000000000000e+00
5120,13112,SEDWSSD_TCu,0.000000000000e+00
5120,13112,SEDSCRS_TCu,0.000000000000e+00
5120,13112,SO_TPb,0.000000000000e+00
5120,13112,IO_TPb,0.000000000000e+00
5120,13112,AO_TPb,0.000000000000e+00
5120,13112,PO_TPb,0.000000000000e+00
5120,13112,SED_TPb,0.000000000000e+00
5120,13112,SEDWSSD_TPb,0.000000000000e+00
5120,13112,SEDSCRS_TPb,0.000000000000e+00
5120,13112,SO_TZn,0.000000000000e+00
5120,13112,IO_TZn,0.000000000000e+00
5120,13112,AO_TZn,0.000000000000e+00
5120,13112,PO_TZn,0.000000000000e+00
5120,13112,SED_TZn,0.000000000000e+00
5120,13112,SEDWSSD_TZn,0.000000000000e+00
5120,13112,SEDSCRS_TZn,0.000000000000e+00
5120,13121,AREA,0.000000000000e+00
5120,13121,PREC,0.000000000000e+00
5120,13121,SURO,0.000000000000e+00
5120,13121,IFWO,0.000000000000e+00
5120,13121,AGWO,0.000000000000e+00
5120,13121,PERO,0.000000000000e+00
5120,13121,TAET,0.000000000000e+00
5120,13121,SEDLOAD,0.000000000000e+00
5120,13121,SEDWSSD, 0.00000e+00
5120,13121,SEDSCRS, 0.00000e+00
5120,13121,SEDSURO, 0.00000e+00
5120,13121,SEDIFWO, 0.00000e+00
5120,13121,SEDAGWO, 0.00000e+00
5120,13121,SO_TN,0.000000000000e+00
5120,13121,IO_TN,0.000000000000e+00
5120,13121,AO_TN,0.000000000000e+00
5120,13121,PO_TN,0.000000000000e+00
5120,13121,SO_TP,0.000000000000e+00
5120,13121,IO_TP,0.000000000000e+00
5120,13121,AO_TP,0.000000000000e+00
5120,13121,PO_TP,0.000000000000e+00
5120,13121,SED_TP,0.000000000000e+00
5120,13121,SEDWSSD_TP,0.000000000000e+00
5120,13121,SEDSCRS_TP,0.000000000000e+00
5120,13121,SO_TCd,0.000000000000e+00
5120,13121,IO_TCd,0.000000000000e+00
5120,13121,AO_TCd,0.000000000000e+00
5120,13121,PO_TCd,0.000000000000e+00
5120,13121,SED_TCd,0.000000000000e+00
5120,13121,SEDWSSD_TCd,0.000000000000e+00
5120,13121,SEDSCRS_TCd,0.000000000000e+00
5120,13121,SO_TCu,0.000000000000e+00
5120,13121,IO_TCu,0.000000000000e+00
5120,13121,AO_TCu,0.000000000000e+00
5120,13121,PO_TCu,0.000000000000e+00
5120,13121,SED_TCu,0.000000000000e+00
5120,13121,SEDWSSD_TCu,0.000000000000e+00
5120,13121,SEDSCRS_TCu,0.000000000000e+00
5120,13121,SO_TPb,0.000000000000e+00
5120,13121,IO_TPb,0.000000000000e+00
5120,13121,AO_TPb,0.000000000000e+00
5120,13121,PO_TPb,0.000000000000e+00
5120,13121,SED_TPb,0.000000000000e+00
5120,13121,SEDWSSD_TPb,0.000000000000e+00
5120,13121,SEDSCRS_TPb,0.000000000000e+00
5120,13121,SO_TZn,0.000000000000e+00
5120,13121,IO_TZn,0.000000000000e+00
5120,13121,AO_TZn,0.000000000000e+00
5120,13121,PO_TZn,0.000000000000e+00
5120,13121,SED_TZn,0.000000000000e+00
5120,13121,SEDWSSD_TZn,0.000000000000e+00
5120,13121,SEDSCRS_TZn,0.000000000000e+00
5120,13122,AREA,0.000000000000e+00
5120,13122,PREC,0.000000000000e+00
5120,13122,SURO,0.000000000000e+00
5120,13122,IFWO,0.000000000000e+00
5120,13122,AGWO,0.000000000000e+00
5120,13122,PERO,0.000000000000e+00
5120,13122,TAET,0.000000000000e+00
5120,13122,SEDLOAD,0.000000000000e+00
5120,13122,SEDWSSD, 0.00000e+00
5120,13122,SEDSCRS, 0.00000e+00
5120,13122,SEDSURO, 0.00000e+00
5120,13122,SEDIFWO, 0.00000e+00
5120,13122,SEDAGWO, 0.00000e+00
5120,13122,SO_TN,0.000000000000e+00
5120,13122,IO_TN,0.000000000000e+00
5120,13122,AO_TN,0.000000000000e+00
5120,13122,PO_TN,0.000000000000e+00
5120,13122,SO_TP,0.000000000000e+00
5120,13122,IO_TP,0.000000000000e+00
5120,13122,AO_TP,0.000000000000e+00
5120,13122,PO_TP,0.000000000000e+00
5120,13122,SED_TP,0.000000000000e+00
5120,13122,SEDWSSD_TP,0.000000000000e+00
5120,13122,SEDSCRS_TP,0.000000000000e+00
5120,13122,SO_TCd,0.000000000000e+00
5120,13122,IO_TCd,0.000000000000e+00
5120,13122,AO_TCd,0.000000000000e+00
5120,13122,PO_TCd,0.000000000000e+00
5120,13122,SED_TCd,0.000000000000e+00
5120,13122,SEDWSSD_TCd,0.000000000000e+00
5120,13122,SEDSCRS_TCd,0.000000000000e+00
5120,13122,SO_TCu,0.000000000000e+00
5120,13122,IO_TCu,0.000000000000e+00
5120,13122,AO_TCu,0.000000000000e+00
5120,13122,PO_TCu,0.000000000000e+00
5120,13122,SED_TCu,0.000000000000e+00
5120,13122,SEDWSSD_TCu,0.000000000000e+00
5120,13122,SEDSCRS_TCu,0.000000000000e+00
5120,13122,SO_TPb,0.000000000000e+00
5120,13122,IO_TPb,0.000000000000e+00
5120,13122,AO_TPb,0.000000000000e+00
5120,13122,PO_TPb,0.000000000000e+00
5120,13122,SED_TPb,0.000000000000e+00
5120,13122,SEDWSSD_TPb,0.000000000000e+00
5120,13122,SEDSCRS_TPb,0.000000000000e+00
5120,13122,SO_TZn,0.000000000000e+00
5120,13122,IO_TZn,0.000000000000e+00
5120,13122,AO_TZn,0.000000000000e+00
5120,13122,PO_TZn,0.000000000000e+00
5120,13122,SED_TZn,0.000000000000e+00
5120,13122,SEDWSSD_TZn,0.000000000000e+00
5120,13122,SEDSCRS_TZn,0.000000000000e+00
5120,13211,AREA,0.000000000000e+00
5120,13211,PREC,0.000000000000e+00
5120,13211,SURO,0.000000000000e+00
5120,13211,IFWO,0.000000000000e+00
5120,13211,AGWO,0.000000000000e+00
5120,13211,PERO,0.000000000000e+00
5120,13211,TAET,0.000000000000e+00
5120,13211,SEDLOAD,0.000000000000e+00
5120,13211,SEDWSSD, 0.00000e+00
5120,13211,SEDSCRS, 0.00000e+00
5120,13211,SEDSURO, 0.00000e+00
5120,13211,SEDIFWO, 0.00000e+00
5120,13211,SEDAGWO, 0.00000e+00
5120,13211,SO_TN,0.000000000000e+00
5120,13211,IO_TN,0.000000000000e+00
5120,13211,AO_TN,0.000000000000e+00
5120,13211,PO_TN,0.000000000000e+00
5120,13211,SO_TP,0.000000000000e+00
5120,13211,IO_TP,0.000000000000e+00
5120,13211,AO_TP,0.000000000000e+00
5120,13211,PO_TP,0.000000000000e+00
5120,13211,SED_TP,0.000000000000e+00
5120,13211,SEDWSSD_TP,0.000000000000e+00
5120,13211,SEDSCRS_TP,0.000000000000e+00
5120,13211,SO_TCd,0.000000000000e+00
5120,13211,IO_TCd,0.000000000000e+00
5120,13211,AO_TCd,0.000000000000e+00
5120,13211,PO_TCd,0.000000000000e+00
5120,13211,SED_TCd,0.000000000000e+00
5120,13211,SEDWSSD_TCd,0.000000000000e+00
5120,13211,SEDSCRS_TCd,0.000000000000e+00
5120,13211,SO_TCu,0.000000000000e+00
5120,13211,IO_TCu,0.000000000000e+00
5120,13211,AO_TCu,0.000000000000e+00
5120,13211,PO_TCu,0.000000000000e+00
5120,13211,SED_TCu,0.000000000000e+00
5120,13211,SEDWSSD_TCu,0.000000000000e+00
5120,13211,SEDSCRS_TCu,0.000000000000e+00
5120,13211,SO_TPb,0.000000000000e+00
5120,13211,IO_TPb,0.000000000000e+00
5120,13211,AO_TPb,0.000000000000e+00
5120,13211,PO_TPb,0.000000000000e+00
5120,13211,SED_TPb,0.000000000000e+00
5120,13211,SEDWSSD_TPb,0.000000000000e+00
5120,13211,SEDSCRS_TPb,0.000000000000e+00
5120,13211,SO_TZn,0.000000000000e+00
5120,13211,IO_TZn,0.000000000000e+00
5120,13211,AO_TZn,0.000000000000e+00
5120,13211,PO_TZn,0.000000000000e+00
5120,13211,SED_TZn,0.000000000000e+00
5120,13211,SEDWSSD_TZn,0.000000000000e+00
5120,13211,SEDSCRS_TZn,0.000000000000e+00
5120,13212,AREA,0.000000000000e+00
5120,13212,PREC,0.000000000000e+00
5120,13212,SURO,0.000000000000e+00
5120,13212,IFWO,0.000000000000e+00
5120,13212,AGWO,0.000000000000e+00
5120,13212,PERO,0.000000000000e+00
5120,13212,TAET,0.000000000000e+00
5120,13212,SEDLOAD,0.000000000000e+00
5120,13212,SEDWSSD, 0.00000e+00
5120,13212,SEDSCRS, 0.00000e+00
5120,13212,SEDSURO, 0.00000e+00
5120,13212,SEDIFWO, 0.00000e+00
5120,13212,SEDAGWO, 0.00000e+00
5120,13212,SO_TN,0.000000000000e+00
5120,13212,IO_TN,0.000000000000e+00
5120,13212,AO_TN,0.000000000000e+00
5120,13212,PO_TN,0.000000000000e+00
5120,13212,SO_TP,0.000000000000e+00
5120,13212,IO_TP,0.000000000000e+00
5120,13212,AO_TP,0.000000000000e+00
5120,13212,PO_TP,0.000000000000e+00
5120,13212,SED_TP,0.000000000000e+00
5120,13212,SEDWSSD_TP,0.000000000000e+00
5120,13212,SEDSCRS_TP,0.000000000000e+00
5120,13212,SO_TCd,0.000000000000e+00
5120,13212,IO_TCd,0.000000000000e+00
5120,13212,AO_TCd,0.000000000000e+00
5120,13212,PO_TCd,0.000000000000e+00
5120,13212,SED_TCd,0.000000000000e+00
5120,13212,SEDWSSD_TCd,0.000000000000e+00
5120,13212,SEDSCRS_TCd,0.000000000000e+00
5120,13212,SO_TCu,0.000000000000e+00
5120,13212,IO_TCu,0.000000000000e+00
5120,13212,AO_TCu,0.000000000000e+00
5120,13212,PO_TCu,0.000000000000e+00
5120,13212,SED_TCu,0.000000000000e+00
5120,13212,SEDWSSD_TCu,0.000000000000e+00
5120,13212,SEDSCRS_TCu,0.000000000000e+00
5120,13212,SO_TPb,0.000000000000e+00
5120,13212,IO_TPb,0.000000000000e+00
5120,13212,AO_TPb,0.000000000000e+00
5120,13212,PO_TPb,0.000000000000e+00
5120,13212,SED_TPb,0.000000000000e+00
5120,13212,SEDWSSD_TPb,0.000000000000e+00
5120,13212,SEDSCRS_TPb,0.000000000000e+00
5120,13212,SO_TZn,0.000000000000e+00
5120,13212,IO_TZn,0.000000000000e+00
5120,13212,AO_TZn,0.000000000000e+00
5120,13212,PO_TZn,0.000000000000e+00
5120,13212,SED_TZn,0.000000000000e+00
5120,13212,SEDWSSD_TZn,0.000000000000e+00
5120,13212,SEDSCRS_TZn,0.000000000000e+00
5120,13221,AREA,0.000000000000e+00
5120,13221,PREC,0.000000000000e+00
5120,13221,SURO,0.000000000000e+00
5120,13221,IFWO,0.000000000000e+00
5120,13221,AGWO,0.000000000000e+00
5120,13221,PERO,0.000000000000e+00
5120,13221,TAET,0.000000000000e+00
5120,13221,SEDLOAD,0.000000000000e+00
5120,13221,SEDWSSD, 0.00000e+00
5120,13221,SEDSCRS, 0.00000e+00
5120,13221,SEDSURO, 0.00000e+00
5120,13221,SEDIFWO, 0.00000e+00
5120,13221,SEDAGWO, 0.00000e+00
5120,13221,SO_TN,0.000000000000e+00
5120,13221,IO_TN,0.000000000000e+00
5120,13221,AO_TN,0.000000000000e+00
5120,13221,PO_TN,0.000000000000e+00
5120,13221,SO_TP,0.000000000000e+00
5120,13221,IO_TP,0.000000000000e+00
5120,13221,AO_TP,0.000000000000e+00
5120,13221,PO_TP,0.000000000000e+00
5120,13221,SED_TP,0.000000000000e+00
5120,13221,SEDWSSD_TP,0.000000000000e+00
5120,13221,SEDSCRS_TP,0.000000000000e+00
5120,13221,SO_TCd,0.000000000000e+00
5120,13221,IO_TCd,0.000000000000e+00
5120,13221,AO_TCd,0.000000000000e+00
5120,13221,PO_TCd,0.000000000000e+00
5120,13221,SED_TCd,0.000000000000e+00
5120,13221,SEDWSSD_TCd,0.000000000000e+00
5120,13221,SEDSCRS_TCd,0.000000000000e+00
5120,13221,SO_TCu,0.000000000000e+00
5120,13221,IO_TCu,0.000000000000e+00
5120,13221,AO_TCu,0.000000000000e+00
5120,13221,PO_TCu,0.000000000000e+00
5120,13221,SED_TCu,0.000000000000e+00
5120,13221,SEDWSSD_TCu,0.000000000000e+00
5120,13221,SEDSCRS_TCu,0.000000000000e+00
5120,13221,SO_TPb,0.000000000000e+00
5120,13221,IO_TPb,0.000000000000e+00
5120,13221,AO_TPb,0.000000000000e+00
5120,13221,PO_TPb,0.000000000000e+00
5120,13221,SED_TPb,0.000000000000e+00
5120,13221,SEDWSSD_TPb,0.000000000000e+00
5120,13221,SEDSCRS_TPb,0.000000000000e+00
5120,13221,SO_TZn,0.000000000000e+00
5120,13221,IO_TZn,0.000000000000e+00
5120,13221,AO_TZn,0.000000000000e+00
5120,13221,PO_TZn,0.000000000000e+00
5120,13221,SED_TZn,0.000000000000e+00
5120,13221,SEDWSSD_TZn,0.000000000000e+00
5120,13221,SEDSCRS_TZn,0.000000000000e+00
5120,13222,AREA,0.000000000000e+00
5120,13222,PREC,0.000000000000e+00
5120,13222,SURO,0.000000000000e+00
5120,13222,IFWO,0.000000000000e+00
5120,13222,AGWO,0.000000000000e+00
5120,13222,PERO,0.000000000000e+00
5120,13222,TAET,0.000000000000e+00
5120,13222,SEDLOAD,0.000000000000e+00
5120,13222,SEDWSSD, 0.00000e+00
5120,13222,SEDSCRS, 0.00000e+00
5120,13222,SEDSURO, 0.00000e+00
5120,13222,SEDIFWO, 0.00000e+00
5120,13222,SEDAGWO, 0.00000e+00
5120,13222,SO_TN,0.000000000000e+00
5120,13222,IO_TN,0.000000000000e+00
5120,13222,AO_TN,0.000000000000e+00
5120,13222,PO_TN,0.000000000000e+00
5120,13222,SO_TP,0.000000000000e+00
5120,13222,IO_TP,0.000000000000e+00
5120,13222,AO_TP,0.000000000000e+00
5120,13222,PO_TP,0.000000000000e+00
5120,13222,SED_TP,0.000000000000e+00
5120,13222,SEDWSSD_TP,0.000000000000e+00
5120,13222,SEDSCRS_TP,0.000000000000e+00
5120,13222,SO_TCd,0.000000000000e+00
5120,13222,IO_TCd,0.000000000000e+00
5120,13222,AO_TCd,0.000000000000e+00
5120,13222,PO_TCd,0.000000000000e+00
5120,13222,SED_TCd,0.000000000000e+00
5120,13222,SEDWSSD_TCd,0.000000000000e+00
5120,13222,SEDSCRS_TCd,0.000000000000e+00
5120,13222,SO_TCu,0.000000000000e+00
5120,13222,IO_TCu,0.000000000000e+00
5120,13222,AO_TCu,0.000000000000e+00
5120,13222,PO_TCu,0.000000000000e+00
5120,13222,SED_TCu,0.000000000000e+00
5120,13222,SEDWSSD_TCu,0.000000000000e+00
5120,13222,SEDSCRS_TCu,0.000000000000e+00
5120,13222,SO_TPb,0.000000000000e+00
5120,13222,IO_TPb,0.000000000000e+00
5120,13222,AO_TPb,0.000000000000e+00
5120,13222,PO_TPb,0.000000000000e+00
5120,13222,SED_TPb,0.000000000000e+00
5120,13222,SEDWSSD_TPb,0.000000000000e+00
5120,13222,SEDSCRS_TPb,0.000000000000e+00
5120,13222,SO_TZn,0.000000000000e+00
5120,13222,IO_TZn,0.000000000000e+00
5120,13222,AO_TZn,0.000000000000e+00
5120,13222,PO_TZn,0.000000000000e+00
5120,13222,SED_TZn,0.000000000000e+00
5120,13222,SEDWSSD_TZn,0.000000000000e+00
5120,13222,SEDSCRS_TZn,0.000000000000e+00
5120,13231,AREA,0.000000000000e+00
5120,13231,PREC,0.000000000000e+00
5120,13231,SURO,0.000000000000e+00
5120,13231,IFWO,0.000000000000e+00
5120,13231,AGWO,0.000000000000e+00
5120,13231,PERO,0.000000000000e+00
5120,13231,TAET,0.000000000000e+00
5120,13231,SEDLOAD,0.000000000000e+00
5120,13231,SEDWSSD, 0.00000e+00
5120,13231,SEDSCRS, 0.00000e+00
5120,13231,SEDSURO, 0.00000e+00
5120,13231,SEDIFWO, 0.00000e+00
5120,13231,SEDAGWO, 0.00000e+00
5120,13231,SO_TN,0.000000000000e+00
5120,13231,IO_TN,0.000000000000e+00
5120,13231,AO_TN,0.000000000000e+00
5120,13231,PO_TN,0.000000000000e+00
5120,13231,SO_TP,0.000000000000e+00
5120,13231,IO_TP,0.000000000000e+00
5120,13231,AO_TP,0.000000000000e+00
5120,13231,PO_TP,0.000000000000e+00
5120,13231,SED_TP,0.000000000000e+00
5120,13231,SEDWSSD_TP,0.000000000000e+00
5120,13231,SEDSCRS_TP,0.000000000000e+00
5120,13231,SO_TCd,0.000000000000e+00
5120,13231,IO_TCd,0.000000000000e+00
5120,13231,AO_TCd,0.000000000000e+00
5120,13231,PO_TCd,0.000000000000e+00
5120,13231,SED_TCd,0.000000000000e+00
5120,13231,SEDWSSD_TCd,0.000000000000e+00
5120,13231,SEDSCRS_TCd,0.000000000000e+00
5120,13231,SO_TCu,0.000000000000e+00
5120,13231,IO_TCu,0.000000000000e+00
5120,13231,AO_TCu,0.000000000000e+00
5120,13231,PO_TCu,0.000000000000e+00
5120,13231,SED_TCu,0.000000000000e+00
5120,13231,SEDWSSD_TCu,0.000000000000e+00
5120,13231,SEDSCRS_TCu,0.000000000000e+00
5120,13231,SO_TPb,0.000000000000e+00
5120,13231,IO_TPb,0.000000000000e+00
5120,13231,AO_TPb,0.000000000000e+00
5120,13231,PO_TPb,0.000000000000e+00
5120,13231,SED_TPb,0.000000000000e+00
5120,13231,SEDWSSD_TPb,0.000000000000e+00
5120,13231,SEDSCRS_TPb,0.000000000000e+00
5120,13231,SO_TZn,0.000000000000e+00
5120,13231,IO_TZn,0.000000000000e+00
5120,13231,AO_TZn,0.000000000000e+00
5120,13231,PO_TZn,0.000000000000e+00
5120,13231,SED_TZn,0.000000000000e+00
5120,13231,SEDWSSD_TZn,0.000000000000e+00
5120,13231,SEDSCRS_TZn,0.000000000000e+00
5120,13232,AREA,0.000000000000e+00
5120,13232,PREC,0.000000000000e+00
5120,13232,SURO,0.000000000000e+00
5120,13232,IFWO,0.000000000000e+00
5120,13232,AGWO,0.000000000000e+00
5120,13232,PERO,0.000000000000e+00
5120,13232,TAET,0.000000000000e+00
5120,13232,SEDLOAD,0.000000000000e+00
5120,13232,SEDWSSD, 0.00000e+00
5120,13232,SEDSCRS, 0.00000e+00
5120,13232,SEDSURO, 0.00000e+00
5120,13232,SEDIFWO, 0.00000e+00
5120,13232,SEDAGWO, 0.00000e+00
5120,13232,SO_TN,0.000000000000e+00
5120,13232,IO_TN,0.000000000000e+00
5120,13232,AO_TN,0.000000000000e+00
5120,13232,PO_TN,0.000000000000e+00
5120,13232,SO_TP,0.000000000000e+00
5120,13232,IO_TP,0.000000000000e+00
5120,13232,AO_TP,0.000000000000e+00
5120,13232,PO_TP,0.000000000000e+00
5120,13232,SED_TP,0.000000000000e+00
5120,13232,SEDWSSD_TP,0.000000000000e+00
5120,13232,SEDSCRS_TP,0.000000000000e+00
5120,13232,SO_TCd,0.000000000000e+00
5120,13232,IO_TCd,0.000000000000e+00
5120,13232,AO_TCd,0.000000000000e+00
5120,13232,PO_TCd,0.000000000000e+00
5120,13232,SED_TCd,0.000000000000e+00
5120,13232,SEDWSSD_TCd,0.000000000000e+00
5120,13232,SEDSCRS_TCd,0.000000000000e+00
5120,13232,SO_TCu,0.000000000000e+00
5120,13232,IO_TCu,0.000000000000e+00
5120,13232,AO_TCu,0.000000000000e+00
5120,13232,PO_TCu,0.000000000000e+00
5120,13232,SED_TCu,0.000000000000e+00
5120,13232,SEDWSSD_TCu,0.000000000000e+00
5120,13232,SEDSCRS_TCu,0.000000000000e+00
5120,13232,SO_TPb,0.000000000000e+00
5120,13232,IO_TPb,0.000000000000e+00
5120,13232,AO_TPb,0.000000000000e+00
5120,13232,PO_TPb,0.000000000000e+00
5120,13232,SED_TPb,0.000000000000e+00
5120,13232,SEDWSSD_TPb,0.000000000000e+00
5120,13232,SEDSCRS_TPb,0.000000000000e+00
5120,13232,SO_TZn,0.000000000000e+00
5120,13232,IO_TZn,0.000000000000e+00
5120,13232,AO_TZn,0.000000000000e+00
5120,13232,PO_TZn,0.000000000000e+00
5120,13232,SED_TZn,0.000000000000e+00
5120,13232,SEDWSSD_TZn,0.000000000000e+00
5120,13232,SEDSCRS_TZn,0.000000000000e+00
5120,13311,AREA,0.000000000000e+00
5120,13311,PREC,0.000000000000e+00
5120,13311,SURO,0.000000000000e+00
5120,13311,IFWO,0.000000000000e+00
5120,13311,AGWO,0.000000000000e+00
5120,13311,PERO,0.000000000000e+00
5120,13311,TAET,0.000000000000e+00
5120,13311,SEDLOAD,0.000000000000e+00
5120,13311,SEDWSSD, 0.00000e+00
5120,13311,SEDSCRS, 0.00000e+00
5120,13311,SEDSURO, 0.00000e+00
5120,13311,SEDIFWO, 0.00000e+00
5120,13311,SEDAGWO, 0.00000e+00
5120,13311,SO_TN,0.000000000000e+00
5120,13311,IO_TN,0.000000000000e+00
5120,13311,AO_TN,0.000000000000e+00
5120,13311,PO_TN,0.000000000000e+00
5120,13311,SO_TP,0.000000000000e+00
5120,13311,IO_TP,0.000000000000e+00
5120,13311,AO_TP,0.000000000000e+00
5120,13311,PO_TP,0.000000000000e+00
5120,13311,SED_TP,0.000000000000e+00
5120,13311,SEDWSSD_TP,0.000000000000e+00
5120,13311,SEDSCRS_TP,0.000000000000e+00
5120,13311,SO_TCd,0.000000000000e+00
5120,13311,IO_TCd,0.000000000000e+00
5120,13311,AO_TCd,0.000000000000e+00
5120,13311,PO_TCd,0.000000000000e+00
5120,13311,SED_TCd,0.000000000000e+00
5120,13311,SEDWSSD_TCd,0.000000000000e+00
5120,13311,SEDSCRS_TCd,0.000000000000e+00
5120,13311,SO_TCu,0.000000000000e+00
5120,13311,IO_TCu,0.000000000000e+00
5120,13311,AO_TCu,0.000000000000e+00
5120,13311,PO_TCu,0.000000000000e+00
5120,13311,SED_TCu,0.000000000000e+00
5120,13311,SEDWSSD_TCu,0.000000000000e+00
5120,13311,SEDSCRS_TCu,0.000000000000e+00
5120,13311,SO_TPb,0.000000000000e+00
5120,13311,IO_TPb,0.000000000000e+00
5120,13311,AO_TPb,0.000000000000e+00
5120,13311,PO_TPb,0.000000000000e+00
5120,13311,SED_TPb,0.000000000000e+00
5120,13311,SEDWSSD_TPb,0.000000000000e+00
5120,13311,SEDSCRS_TPb,0.000000000000e+00
5120,13311,SO_TZn,0.000000000000e+00
5120,13311,IO_TZn,0.000000000000e+00
5120,13311,AO_TZn,0.000000000000e+00
5120,13311,PO_TZn,0.000000000000e+00
5120,13311,SED_TZn,0.000000000000e+00
5120,13311,SEDWSSD_TZn,0.000000000000e+00
5120,13311,SEDSCRS_TZn,0.000000000000e+00
5120,13312,AREA,0.000000000000e+00
5120,13312,PREC,0.000000000000e+00
5120,13312,SURO,0.000000000000e+00
5120,13312,IFWO,0.000000000000e+00
5120,13312,AGWO,0.000000000000e+00
5120,13312,PERO,0.000000000000e+00
5120,13312,TAET,0.000000000000e+00
5120,13312,SEDLOAD,0.000000000000e+00
5120,13312,SEDWSSD, 0.00000e+00
5120,13312,SEDSCRS, 0.00000e+00
5120,13312,SEDSURO, 0.00000e+00
5120,13312,SEDIFWO, 0.00000e+00
5120,13312,SEDAGWO, 0.00000e+00
5120,13312,SO_TN,0.000000000000e+00
5120,13312,IO_TN,0.000000000000e+00
5120,13312,AO_TN,0.000000000000e+00
5120,13312,PO_TN,0.000000000000e+00
5120,13312,SO_TP,0.000000000000e+00
5120,13312,IO_TP,0.000000000000e+00
5120,13312,AO_TP,0.000000000000e+00
5120,13312,PO_TP,0.000000000000e+00
5120,13312,SED_TP,0.000000000000e+00
5120,13312,SEDWSSD_TP,0.000000000000e+00
5120,13312,SEDSCRS_TP,0.000000000000e+00
5120,13312,SO_TCd,0.000000000000e+00
5120,13312,IO_TCd,0.000000000000e+00
5120,13312,AO_TCd,0.000000000000e+00
5120,13312,PO_TCd,0.000000000000e+00
5120,13312,SED_TCd,0.000000000000e+00
5120,13312,SEDWSSD_TCd,0.000000000000e+00
5120,13312,SEDSCRS_TCd,0.000000000000e+00
5120,13312,SO_TCu,0.000000000000e+00
5120,13312,IO_TCu,0.000000000000e+00
5120,13312,AO_TCu,0.000000000000e+00
5120,13312,PO_TCu,0.000000000000e+00
5120,13312,SED_TCu,0.000000000000e+00
5120,13312,SEDWSSD_TCu,0.000000000000e+00
5120,13312,SEDSCRS_TCu,0.000000000000e+00
5120,13312,SO_TPb,0.000000000000e+00
5120,13312,IO_TPb,0.000000000000e+00
5120,13312,AO_TPb,0.000000000000e+00
5120,13312,PO_TPb,0.000000000000e+00
5120,13312,SED_TPb,0.000000000000e+00
5120,13312,SEDWSSD_TPb,0.000000000000e+00
5120,13312,SEDSCRS_TPb,0.000000000000e+00
5120,13312,SO_TZn,0.000000000000e+00
5120,13312,IO_TZn,0.000000000000e+00
5120,13312,AO_TZn,0.000000000000e+00
5120,13312,PO_TZn,0.000000000000e+00
5120,13312,SED_TZn,0.000000000000e+00
5120,13312,SEDWSSD_TZn,0.000000000000e+00
5120,13312,SEDSCRS_TZn,0.000000000000e+00
5120,13321,AREA,0.000000000000e+00
5120,13321,PREC,0.000000000000e+00
5120,13321,SURO,0.000000000000e+00
5120,13321,IFWO,0.000000000000e+00
5120,13321,AGWO,0.000000000000e+00
5120,13321,PERO,0.000000000000e+00
5120,13321,TAET,0.000000000000e+00
5120,13321,SEDLOAD,0.000000000000e+00
5120,13321,SEDWSSD, 0.00000e+00
5120,13321,SEDSCRS, 0.00000e+00
5120,13321,SEDSURO, 0.00000e+00
5120,13321,SEDIFWO, 0.00000e+00
5120,13321,SEDAGWO, 0.00000e+00
5120,13321,SO_TN,0.000000000000e+00
5120,13321,IO_TN,0.000000000000e+00
5120,13321,AO_TN,0.000000000000e+00
5120,13321,PO_TN,0.000000000000e+00
5120,13321,SO_TP,0.000000000000e+00
5120,13321,IO_TP,0.000000000000e+00
5120,13321,AO_TP,0.000000000000e+00
5120,13321,PO_TP,0.000000000000e+00
5120,13321,SED_TP,0.000000000000e+00
5120,13321,SEDWSSD_TP,0.000000000000e+00
5120,13321,SEDSCRS_TP,0.000000000000e+00
5120,13321,SO_TCd,0.000000000000e+00
5120,13321,IO_TCd,0.000000000000e+00
5120,13321,AO_TCd,0.000000000000e+00
5120,13321,PO_TCd,0.000000000000e+00
5120,13321,SED_TCd,0.000000000000e+00
5120,13321,SEDWSSD_TCd,0.000000000000e+00
5120,13321,SEDSCRS_TCd,0.000000000000e+00
5120,13321,SO_TCu,0.000000000000e+00
5120,13321,IO_TCu,0.000000000000e+00
5120,13321,AO_TCu,0.000000000000e+00
5120,13321,PO_TCu,0.000000000000e+00
5120,13321,SED_TCu,0.000000000000e+00
5120,13321,SEDWSSD_TCu,0.000000000000e+00
5120,13321,SEDSCRS_TCu,0.000000000000e+00
5120,13321,SO_TPb,0.000000000000e+00
5120,13321,IO_TPb,0.000000000000e+00
5120,13321,AO_TPb,0.000000000000e+00
5120,13321,PO_TPb,0.000000000000e+00
5120,13321,SED_TPb,0.000000000000e+00
5120,13321,SEDWSSD_TPb,0.000000000000e+00
5120,13321,SEDSCRS_TPb,0.000000000000e+00
5120,13321,SO_TZn,0.000000000000e+00
5120,13321,IO_TZn,0.000000000000e+00
5120,13321,AO_TZn,0.000000000000e+00
5120,13321,PO_TZn,0.000000000000e+00
5120,13321,SED_TZn,0.000000000000e+00
5120,13321,SEDWSSD_TZn,0.000000000000e+00
5120,13321,SEDSCRS_TZn,0.000000000000e+00
5120,13322,AREA,0.000000000000e+00
5120,13322,PREC,0.000000000000e+00
5120,13322,SURO,0.000000000000e+00
5120,13322,IFWO,0.000000000000e+00
5120,13322,AGWO,0.000000000000e+00
5120,13322,PERO,0.000000000000e+00
5120,13322,TAET,0.000000000000e+00
5120,13322,SEDLOAD,0.000000000000e+00
5120,13322,SEDWSSD, 0.00000e+00
5120,13322,SEDSCRS, 0.00000e+00
5120,13322,SEDSURO, 0.00000e+00
5120,13322,SEDIFWO, 0.00000e+00
5120,13322,SEDAGWO, 0.00000e+00
5120,13322,SO_TN,0.000000000000e+00
5120,13322,IO_TN,0.000000000000e+00
5120,13322,AO_TN,0.000000000000e+00
5120,13322,PO_TN,0.000000000000e+00
5120,13322,SO_TP,0.000000000000e+00
5120,13322,IO_TP,0.000000000000e+00
5120,13322,AO_TP,0.000000000000e+00
5120,13322,PO_TP,0.000000000000e+00
5120,13322,SED_TP,0.000000000000e+00
5120,13322,SEDWSSD_TP,0.000000000000e+00
5120,13322,SEDSCRS_TP,0.000000000000e+00
5120,13322,SO_TCd,0.000000000000e+00
5120,13322,IO_TCd,0.000000000000e+00
5120,13322,AO_TCd,0.000000000000e+00
5120,13322,PO_TCd,0.000000000000e+00
5120,13322,SED_TCd,0.000000000000e+00
5120,13322,SEDWSSD_TCd,0.000000000000e+00
5120,13322,SEDSCRS_TCd,0.000000000000e+00
5120,13322,SO_TCu,0.000000000000e+00
5120,13322,IO_TCu,0.000000000000e+00
5120,13322,AO_TCu,0.000000000000e+00
5120,13322,PO_TCu,0.000000000000e+00
5120,13322,SED_TCu,0.000000000000e+00
5120,13322,SEDWSSD_TCu,0.000000000000e+00
5120,13322,SEDSCRS_TCu,0.000000000000e+00
5120,13322,SO_TPb,0.000000000000e+00
5120,13322,IO_TPb,0.000000000000e+00
5120,13322,AO_TPb,0.000000000000e+00
5120,13322,PO_TPb,0.000000000000e+00
5120,13322,SED_TPb,0.000000000000e+00
5120,13322,SEDWSSD_TPb,0.000000000000e+00
5120,13322,SEDSCRS_TPb,0.000000000000e+00
5120,13322,SO_TZn,0.000000000000e+00
5120,13322,IO_TZn,0.000000000000e+00
5120,13322,AO_TZn,0.000000000000e+00
5120,13322,PO_TZn,0.000000000000e+00
5120,13322,SED_TZn,0.000000000000e+00
5120,13322,SEDWSSD_TZn,0.000000000000e+00
5120,13322,SEDSCRS_TZn,0.000000000000e+00
5120,13331,AREA,0.000000000000e+00
5120,13331,PREC,0.000000000000e+00
5120,13331,SURO,0.000000000000e+00
5120,13331,IFWO,0.000000000000e+00
5120,13331,AGWO,0.000000000000e+00
5120,13331,PERO,0.000000000000e+00
5120,13331,TAET,0.000000000000e+00
5120,13331,SEDLOAD,0.000000000000e+00
5120,13331,SEDWSSD, 0.00000e+00
5120,13331,SEDSCRS, 0.00000e+00
5120,13331,SEDSURO, 0.00000e+00
5120,13331,SEDIFWO, 0.00000e+00
5120,13331,SEDAGWO, 0.00000e+00
5120,13331,SO_TN,0.000000000000e+00
5120,13331,IO_TN,0.000000000000e+00
5120,13331,AO_TN,0.000000000000e+00
5120,13331,PO_TN,0.000000000000e+00
5120,13331,SO_TP,0.000000000000e+00
5120,13331,IO_TP,0.000000000000e+00
5120,13331,AO_TP,0.000000000000e+00
5120,13331,PO_TP,0.000000000000e+00
5120,13331,SED_TP,0.000000000000e+00
5120,13331,SEDWSSD_TP,0.000000000000e+00
5120,13331,SEDSCRS_TP,0.000000000000e+00
5120,13331,SO_TCd,0.000000000000e+00
5120,13331,IO_TCd,0.000000000000e+00
5120,13331,AO_TCd,0.000000000000e+00
5120,13331,PO_TCd,0.000000000000e+00
5120,13331,SED_TCd,0.000000000000e+00
5120,13331,SEDWSSD_TCd,0.000000000000e+00
5120,13331,SEDSCRS_TCd,0.000000000000e+00
5120,13331,SO_TCu,0.000000000000e+00
5120,13331,IO_TCu,0.000000000000e+00
5120,13331,AO_TCu,0.000000000000e+00
5120,13331,PO_TCu,0.000000000000e+00
5120,13331,SED_TCu,0.000000000000e+00
5120,13331,SEDWSSD_TCu,0.000000000000e+00
5120,13331,SEDSCRS_TCu,0.000000000000e+00
5120,13331,SO_TPb,0.000000000000e+00
5120,13331,IO_TPb,0.000000000000e+00
5120,13331,AO_TPb,0.000000000000e+00
5120,13331,PO_TPb,0.000000000000e+00
5120,13331,SED_TPb,0.000000000000e+00
5120,13331,SEDWSSD_TPb,0.000000000000e+00
5120,13331,SEDSCRS_TPb,0.000000000000e+00
5120,13331,SO_TZn,0.000000000000e+00
5120,13331,IO_TZn,0.000000000000e+00
5120,13331,AO_TZn,0.000000000000e+00
5120,13331,PO_TZn,0.000000000000e+00
5120,13331,SED_TZn,0.000000000000e+00
5120,13331,SEDWSSD_TZn,0.000000000000e+00
5120,13331,SEDSCRS_TZn,0.000000000000e+00
5120,13411,AREA,0.000000000000e+00
5120,13411,PREC,0.000000000000e+00
5120,13411,SURO,0.000000000000e+00
5120,13411,IFWO,0.000000000000e+00
5120,13411,AGWO,0.000000000000e+00
5120,13411,PERO,0.000000000000e+00
5120,13411,TAET,0.000000000000e+00
5120,13411,SEDLOAD,0.000000000000e+00
5120,13411,SEDWSSD, 0.00000e+00
5120,13411,SEDSCRS, 0.00000e+00
5120,13411,SEDSURO, 0.00000e+00
5120,13411,SEDIFWO, 0.00000e+00
5120,13411,SEDAGWO, 0.00000e+00
5120,13411,SO_TN,0.000000000000e+00
5120,13411,IO_TN,0.000000000000e+00
5120,13411,AO_TN,0.000000000000e+00
5120,13411,PO_TN,0.000000000000e+00
5120,13411,SO_TP,0.000000000000e+00
5120,13411,IO_TP,0.000000000000e+00
5120,13411,AO_TP,0.000000000000e+00
5120,13411,PO_TP,0.000000000000e+00
5120,13411,SED_TP,0.000000000000e+00
5120,13411,SEDWSSD_TP,0.000000000000e+00
5120,13411,SEDSCRS_TP,0.000000000000e+00
5120,13411,SO_TCd,0.000000000000e+00
5120,13411,IO_TCd,0.000000000000e+00
5120,13411,AO_TCd,0.000000000000e+00
5120,13411,PO_TCd,0.000000000000e+00
5120,13411,SED_TCd,0.000000000000e+00
5120,13411,SEDWSSD_TCd,0.000000000000e+00
5120,13411,SEDSCRS_TCd,0.000000000000e+00
5120,13411,SO_TCu,0.000000000000e+00
5120,13411,IO_TCu,0.000000000000e+00
5120,13411,AO_TCu,0.000000000000e+00
5120,13411,PO_TCu,0.000000000000e+00
5120,13411,SED_TCu,0.000000000000e+00
5120,13411,SEDWSSD_TCu,0.000000000000e+00
5120,13411,SEDSCRS_TCu,0.000000000000e+00
5120,13411,SO_TPb,0.000000000000e+00
5120,13411,IO_TPb,0.000000000000e+00
5120,13411,AO_TPb,0.000000000000e+00
5120,13411,PO_TPb,0.000000000000e+00
5120,13411,SED_TPb,0.000000000000e+00
5120,13411,SEDWSSD_TPb,0.000000000000e+00
5120,13411,SEDSCRS_TPb,0.000000000000e+00
5120,13411,SO_TZn,0.000000000000e+00
5120,13411,IO_TZn,0.000000000000e+00
5120,13411,AO_TZn,0.000000000000e+00
5120,13411,PO_TZn,0.000000000000e+00
5120,13411,SED_TZn,0.000000000000e+00
5120,13411,SEDWSSD_TZn,0.000000000000e+00
5120,13411,SEDSCRS_TZn,0.000000000000e+00
5120,13412,AREA,0.000000000000e+00
5120,13412,PREC,0.000000000000e+00
5120,13412,SURO,0.000000000000e+00
5120,13412,IFWO,0.000000000000e+00
5120,13412,AGWO,0.000000000000e+00
5120,13412,PERO,0.000000000000e+00
5120,13412,TAET,0.000000000000e+00
5120,13412,SEDLOAD,0.000000000000e+00
5120,13412,SEDWSSD, 0.00000e+00
5120,13412,SEDSCRS, 0.00000e+00
5120,13412,SEDSURO, 0.00000e+00
5120,13412,SEDIFWO, 0.00000e+00
5120,13412,SEDAGWO, 0.00000e+00
5120,13412,SO_TN,0.000000000000e+00
5120,13412,IO_TN,0.000000000000e+00
5120,13412,AO_TN,0.000000000000e+00
5120,13412,PO_TN,0.000000000000e+00
5120,13412,SO_TP,0.000000000000e+00
5120,13412,IO_TP,0.000000000000e+00
5120,13412,AO_TP,0.000000000000e+00
5120,13412,PO_TP,0.000000000000e+00
5120,13412,SED_TP,0.000000000000e+00
5120,13412,SEDWSSD_TP,0.000000000000e+00
5120,13412,SEDSCRS_TP,0.000000000000e+00
5120,13412,SO_TCd,0.000000000000e+00
5120,13412,IO_TCd,0.000000000000e+00
5120,13412,AO_TCd,0.000000000000e+00
5120,13412,PO_TCd,0.000000000000e+00
5120,13412,SED_TCd,0.000000000000e+00
5120,13412,SEDWSSD_TCd,0.000000000000e+00
5120,13412,SEDSCRS_TCd,0.000000000000e+00
5120,13412,SO_TCu,0.000000000000e+00
5120,13412,IO_TCu,0.000000000000e+00
5120,13412,AO_TCu,0.000000000000e+00
5120,13412,PO_TCu,0.000000000000e+00
5120,13412,SED_TCu,0.000000000000e+00
5120,13412,SEDWSSD_TCu,0.000000000000e+00
5120,13412,SEDSCRS_TCu,0.000000000000e+00
5120,13412,SO_TPb,0.000000000000e+00
5120,13412,IO_TPb,0.000000000000e+00
5120,13412,AO_TPb,0.000000000000e+00
5120,13412,PO_TPb,0.000000000000e+00
5120,13412,SED_TPb,0.000000000000e+00
5120,13412,SEDWSSD_TPb,0.000000000000e+00
5120,13412,SEDSCRS_TPb,0.000000000000e+00
5120,13412,SO_TZn,0.000000000000e+00
5120,13412,IO_TZn,0.000000000000e+00
5120,13412,AO_TZn,0.000000000000e+00
5120,13412,PO_TZn,0.000000000000e+00
5120,13412,SED_TZn,0.000000000000e+00
5120,13412,SEDWSSD_TZn,0.000000000000e+00
5120,13412,SEDSCRS_TZn,0.000000000000e+00
5120,13421,AREA,0.000000000000e+00
5120,13421,PREC,0.000000000000e+00
5120,13421,SURO,0.000000000000e+00
5120,13421,IFWO,0.000000000000e+00
5120,13421,AGWO,0.000000000000e+00
5120,13421,PERO,0.000000000000e+00
5120,13421,TAET,0.000000000000e+00
5120,13421,SEDLOAD,0.000000000000e+00
5120,13421,SEDWSSD, 0.00000e+00
5120,13421,SEDSCRS, 0.00000e+00
5120,13421,SEDSURO, 0.00000e+00
5120,13421,SEDIFWO, 0.00000e+00
5120,13421,SEDAGWO, 0.00000e+00
5120,13421,SO_TN,0.000000000000e+00
5120,13421,IO_TN,0.000000000000e+00
5120,13421,AO_TN,0.000000000000e+00
5120,13421,PO_TN,0.000000000000e+00
5120,13421,SO_TP,0.000000000000e+00
5120,13421,IO_TP,0.000000000000e+00
5120,13421,AO_TP,0.000000000000e+00
5120,13421,PO_TP,0.000000000000e+00
5120,13421,SED_TP,0.000000000000e+00
5120,13421,SEDWSSD_TP,0.000000000000e+00
5120,13421,SEDSCRS_TP,0.000000000000e+00
5120,13421,SO_TCd,0.000000000000e+00
5120,13421,IO_TCd,0.000000000000e+00
5120,13421,AO_TCd,0.000000000000e+00
5120,13421,PO_TCd,0.000000000000e+00
5120,13421,SED_TCd,0.000000000000e+00
5120,13421,SEDWSSD_TCd,0.000000000000e+00
5120,13421,SEDSCRS_TCd,0.000000000000e+00
5120,13421,SO_TCu,0.000000000000e+00
5120,13421,IO_TCu,0.000000000000e+00
5120,13421,AO_TCu,0.000000000000e+00
5120,13421,PO_TCu,0.000000000000e+00
5120,13421,SED_TCu,0.000000000000e+00
5120,13421,SEDWSSD_TCu,0.000000000000e+00
5120,13421,SEDSCRS_TCu,0.000000000000e+00
5120,13421,SO_TPb,0.000000000000e+00
5120,13421,IO_TPb,0.000000000000e+00
5120,13421,AO_TPb,0.000000000000e+00
5120,13421,PO_TPb,0.000000000000e+00
5120,13421,SED_TPb,0.000000000000e+00
5120,13421,SEDWSSD_TPb,0.000000000000e+00
5120,13421,SEDSCRS_TPb,0.000000000000e+00
5120,13421,SO_TZn,0.000000000000e+00
5120,13421,IO_TZn,0.000000000000e+00
5120,13421,AO_TZn,0.000000000000e+00
5120,13421,PO_TZn,0.000000000000e+00
5120,13421,SED_TZn,0.000000000000e+00
5120,13421,SEDWSSD_TZn,0.000000000000e+00
5120,13421,SEDSCRS_TZn,0.000000000000e+00
5120,13422,AREA,0.000000000000e+00
5120,13422,PREC,0.000000000000e+00
5120,13422,SURO,0.000000000000e+00
5120,13422,IFWO,0.000000000000e+00
5120,13422,AGWO,0.000000000000e+00
5120,13422,PERO,0.000000000000e+00
5120,13422,TAET,0.000000000000e+00
5120,13422,SEDLOAD,0.000000000000e+00
5120,13422,SEDWSSD, 0.00000e+00
5120,13422,SEDSCRS, 0.00000e+00
5120,13422,SEDSURO, 0.00000e+00
5120,13422,SEDIFWO, 0.00000e+00
5120,13422,SEDAGWO, 0.00000e+00
5120,13422,SO_TN,0.000000000000e+00
5120,13422,IO_TN,0.000000000000e+00
5120,13422,AO_TN,0.000000000000e+00
5120,13422,PO_TN,0.000000000000e+00
5120,13422,SO_TP,0.000000000000e+00
5120,13422,IO_TP,0.000000000000e+00
5120,13422,AO_TP,0.000000000000e+00
5120,13422,PO_TP,0.000000000000e+00
5120,13422,SED_TP,0.000000000000e+00
5120,13422,SEDWSSD_TP,0.000000000000e+00
5120,13422,SEDSCRS_TP,0.000000000000e+00
5120,13422,SO_TCd,0.000000000000e+00
5120,13422,IO_TCd,0.000000000000e+00
5120,13422,AO_TCd,0.000000000000e+00
5120,13422,PO_TCd,0.000000000000e+00
5120,13422,SED_TCd,0.000000000000e+00
5120,13422,SEDWSSD_TCd,0.000000000000e+00
5120,13422,SEDSCRS_TCd,0.000000000000e+00
5120,13422,SO_TCu,0.000000000000e+00
5120,13422,IO_TCu,0.000000000000e+00
5120,13422,AO_TCu,0.000000000000e+00
5120,13422,PO_TCu,0.000000000000e+00
5120,13422,SED_TCu,0.000000000000e+00
5120,13422,SEDWSSD_TCu,0.000000000000e+00
5120,13422,SEDSCRS_TCu,0.000000000000e+00
5120,13422,SO_TPb,0.000000000000e+00
5120,13422,IO_TPb,0.000000000000e+00
5120,13422,AO_TPb,0.000000000000e+00
5120,13422,PO_TPb,0.000000000000e+00
5120,13422,SED_TPb,0.000000000000e+00
5120,13422,SEDWSSD_TPb,0.000000000000e+00
5120,13422,SEDSCRS_TPb,0.000000000000e+00
5120,13422,SO_TZn,0.000000000000e+00
5120,13422,IO_TZn,0.000000000000e+00
5120,13422,AO_TZn,0.000000000000e+00
5120,13422,PO_TZn,0.000000000000e+00
5120,13422,SED_TZn,0.000000000000e+00
5120,13422,SEDWSSD_TZn,0.000000000000e+00
5120,13422,SEDSCRS_TZn,0.000000000000e+00
5120,13431,AREA,0.000000000000e+00
5120,13431,PREC,0.000000000000e+00
5120,13431,SURO,0.000000000000e+00
5120,13431,IFWO,0.000000000000e+00
5120,13431,AGWO,0.000000000000e+00
5120,13431,PERO,0.000000000000e+00
5120,13431,TAET,0.000000000000e+00
5120,13431,SEDLOAD,0.000000000000e+00
5120,13431,SEDWSSD, 0.00000e+00
5120,13431,SEDSCRS, 0.00000e+00
5120,13431,SEDSURO, 0.00000e+00
5120,13431,SEDIFWO, 0.00000e+00
5120,13431,SEDAGWO, 0.00000e+00
5120,13431,SO_TN,0.000000000000e+00
5120,13431,IO_TN,0.000000000000e+00
5120,13431,AO_TN,0.000000000000e+00
5120,13431,PO_TN,0.000000000000e+00
5120,13431,SO_TP,0.000000000000e+00
5120,13431,IO_TP,0.000000000000e+00
5120,13431,AO_TP,0.000000000000e+00
5120,13431,PO_TP,0.000000000000e+00
5120,13431,SED_TP,0.000000000000e+00
5120,13431,SEDWSSD_TP,0.000000000000e+00
5120,13431,SEDSCRS_TP,0.000000000000e+00
5120,13431,SO_TCd,0.000000000000e+00
5120,13431,IO_TCd,0.000000000000e+00
5120,13431,AO_TCd,0.000000000000e+00
5120,13431,PO_TCd,0.000000000000e+00
5120,13431,SED_TCd,0.000000000000e+00
5120,13431,SEDWSSD_TCd,0.000000000000e+00
5120,13431,SEDSCRS_TCd,0.000000000000e+00
5120,13431,SO_TCu,0.000000000000e+00
5120,13431,IO_TCu,0.000000000000e+00
5120,13431,AO_TCu,0.000000000000e+00
5120,13431,PO_TCu,0.000000000000e+00
5120,13431,SED_TCu,0.000000000000e+00
5120,13431,SEDWSSD_TCu,0.000000000000e+00
5120,13431,SEDSCRS_TCu,0.000000000000e+00
5120,13431,SO_TPb,0.000000000000e+00
5120,13431,IO_TPb,0.000000000000e+00
5120,13431,AO_TPb,0.000000000000e+00
5120,13431,PO_TPb,0.000000000000e+00
5120,13431,SED_TPb,0.000000000000e+00
5120,13431,SEDWSSD_TPb,0.000000000000e+00
5120,13431,SEDSCRS_TPb,0.000000000000e+00
5120,13431,SO_TZn,0.000000000000e+00
5120,13431,IO_TZn,0.000000000000e+00
5120,13431,AO_TZn,0.000000000000e+00
5120,13431,PO_TZn,0.000000000000e+00
5120,13431,SED_TZn,0.000000000000e+00
5120,13431,SEDWSSD_TZn,0.000000000000e+00
5120,13431,SEDSCRS_TZn,0.000000000000e+00
5120,13432,AREA,0.000000000000e+00
5120,13432,PREC,0.000000000000e+00
5120,13432,SURO,0.000000000000e+00
5120,13432,IFWO,0.000000000000e+00
5120,13432,AGWO,0.000000000000e+00
5120,13432,PERO,0.000000000000e+00
5120,13432,TAET,0.000000000000e+00
5120,13432,SEDLOAD,0.000000000000e+00
5120,13432,SEDWSSD, 0.00000e+00
5120,13432,SEDSCRS, 0.00000e+00
5120,13432,SEDSURO, 0.00000e+00
5120,13432,SEDIFWO, 0.00000e+00
5120,13432,SEDAGWO, 0.00000e+00
5120,13432,SO_TN,0.000000000000e+00
5120,13432,IO_TN,0.000000000000e+00
5120,13432,AO_TN,0.000000000000e+00
5120,13432,PO_TN,0.000000000000e+00
5120,13432,SO_TP,0.000000000000e+00
5120,13432,IO_TP,0.000000000000e+00
5120,13432,AO_TP,0.000000000000e+00
5120,13432,PO_TP,0.000000000000e+00
5120,13432,SED_TP,0.000000000000e+00
5120,13432,SEDWSSD_TP,0.000000000000e+00
5120,13432,SEDSCRS_TP,0.000000000000e+00
5120,13432,SO_TCd,0.000000000000e+00
5120,13432,IO_TCd,0.000000000000e+00
5120,13432,AO_TCd,0.000000000000e+00
5120,13432,PO_TCd,0.000000000000e+00
5120,13432,SED_TCd,0.000000000000e+00
5120,13432,SEDWSSD_TCd,0.000000000000e+00
5120,13432,SEDSCRS_TCd,0.000000000000e+00
5120,13432,SO_TCu,0.000000000000e+00
5120,13432,IO_TCu,0.000000000000e+00
5120,13432,AO_TCu,0.000000000000e+00
5120,13432,PO_TCu,0.000000000000e+00
5120,13432,SED_TCu,0.000000000000e+00
5120,13432,SEDWSSD_TCu,0.000000000000e+00
5120,13432,SEDSCRS_TCu,0.000000000000e+00
5120,13432,SO_TPb,0.000000000000e+00
5120,13432,IO_TPb,0.000000000000e+00
5120,13432,AO_TPb,0.000000000000e+00
5120,13432,PO_TPb,0.000000000000e+00
5120,13432,SED_TPb,0.000000000000e+00
5120,13432,SEDWSSD_TPb,0.000000000000e+00
5120,13432,SEDSCRS_TPb,0.000000000000e+00
5120,13432,SO_TZn,0.000000000000e+00
5120,13432,IO_TZn,0.000000000000e+00
5120,13432,AO_TZn,0.000000000000e+00
5120,13432,PO_TZn,0.000000000000e+00
5120,13432,SED_TZn,0.000000000000e+00
5120,13432,SEDWSSD_TZn,0.000000000000e+00
5120,13432,SEDSCRS_TZn,0.000000000000e+00
5120,14121,AREA,0.000000000000e+00
5120,14121,PREC,0.000000000000e+00
5120,14121,SURO,0.000000000000e+00
5120,14121,IFWO,0.000000000000e+00
5120,14121,AGWO,0.000000000000e+00
5120,14121,PERO,0.000000000000e+00
5120,14121,TAET,0.000000000000e+00
5120,14121,SEDLOAD,0.000000000000e+00
5120,14121,SEDWSSD, 0.00000e+00
5120,14121,SEDSCRS, 0.00000e+00
5120,14121,SEDSURO, 0.00000e+00
5120,14121,SEDIFWO, 0.00000e+00
5120,14121,SEDAGWO, 0.00000e+00
5120,14121,SO_TN,0.000000000000e+00
5120,14121,IO_TN,0.000000000000e+00
5120,14121,AO_TN,0.000000000000e+00
5120,14121,PO_TN,0.000000000000e+00
5120,14121,SO_TP,0.000000000000e+00
5120,14121,IO_TP,0.000000000000e+00
5120,14121,AO_TP,0.000000000000e+00
5120,14121,PO_TP,0.000000000000e+00
5120,14121,SED_TP,0.000000000000e+00
5120,14121,SEDWSSD_TP,0.000000000000e+00
5120,14121,SEDSCRS_TP,0.000000000000e+00
5120,14121,SO_TCd,0.000000000000e+00
5120,14121,IO_TCd,0.000000000000e+00
5120,14121,AO_TCd,0.000000000000e+00
5120,14121,PO_TCd,0.000000000000e+00
5120,14121,SED_TCd,0.000000000000e+00
5120,14121,SEDWSSD_TCd,0.000000000000e+00
5120,14121,SEDSCRS_TCd,0.000000000000e+00
5120,14121,SO_TCu,0.000000000000e+00
5120,14121,IO_TCu,0.000000000000e+00
5120,14121,AO_TCu,0.000000000000e+00
5120,14121,PO_TCu,0.000000000000e+00
5120,14121,SED_TCu,0.000000000000e+00
5120,14121,SEDWSSD_TCu,0.000000000000e+00
5120,14121,SEDSCRS_TCu,0.000000000000e+00
5120,14121,SO_TPb,0.000000000000e+00
5120,14121,IO_TPb,0.000000000000e+00
5120,14121,AO_TPb,0.000000000000e+00
5120,14121,PO_TPb,0.000000000000e+00
5120,14121,SED_TPb,0.000000000000e+00
5120,14121,SEDWSSD_TPb,0.000000000000e+00
5120,14121,SEDSCRS_TPb,0.000000000000e+00
5120,14121,SO_TZn,0.000000000000e+00
5120,14121,IO_TZn,0.000000000000e+00
5120,14121,AO_TZn,0.000000000000e+00
5120,14121,PO_TZn,0.000000000000e+00
5120,14121,SED_TZn,0.000000000000e+00
5120,14121,SEDWSSD_TZn,0.000000000000e+00
5120,14121,SEDSCRS_TZn,0.000000000000e+00
5120,14122,AREA,0.000000000000e+00
5120,14122,PREC,0.000000000000e+00
5120,14122,SURO,0.000000000000e+00
5120,14122,IFWO,0.000000000000e+00
5120,14122,AGWO,0.000000000000e+00
5120,14122,PERO,0.000000000000e+00
5120,14122,TAET,0.000000000000e+00
5120,14122,SEDLOAD,0.000000000000e+00
5120,14122,SEDWSSD, 0.00000e+00
5120,14122,SEDSCRS, 0.00000e+00
5120,14122,SEDSURO, 0.00000e+00
5120,14122,SEDIFWO, 0.00000e+00
5120,14122,SEDAGWO, 0.00000e+00
5120,14122,SO_TN,0.000000000000e+00
5120,14122,IO_TN,0.000000000000e+00
5120,14122,AO_TN,0.000000000000e+00
5120,14122,PO_TN,0.000000000000e+00
5120,14122,SO_TP,0.000000000000e+00
5120,14122,IO_TP,0.000000000000e+00
5120,14122,AO_TP,0.000000000000e+00
5120,14122,PO_TP,0.000000000000e+00
5120,14122,SED_TP,0.000000000000e+00
5120,14122,SEDWSSD_TP,0.000000000000e+00
5120,14122,SEDSCRS_TP,0.000000000000e+00
5120,14122,SO_TCd,0.000000000000e+00
5120,14122,IO_TCd,0.000000000000e+00
5120,14122,AO_TCd,0.000000000000e+00
5120,14122,PO_TCd,0.000000000000e+00
5120,14122,SED_TCd,0.000000000000e+00
5120,14122,SEDWSSD_TCd,0.000000000000e+00
5120,14122,SEDSCRS_TCd,0.000000000000e+00
5120,14122,SO_TCu,0.000000000000e+00
5120,14122,IO_TCu,0.000000000000e+00
5120,14122,AO_TCu,0.000000000000e+00
5120,14122,PO_TCu,0.000000000000e+00
5120,14122,SED_TCu,0.000000000000e+00
5120,14122,SEDWSSD_TCu,0.000000000000e+00
5120,14122,SEDSCRS_TCu,0.000000000000e+00
5120,14122,SO_TPb,0.000000000000e+00
5120,14122,IO_TPb,0.000000000000e+00
5120,14122,AO_TPb,0.000000000000e+00
5120,14122,PO_TPb,0.000000000000e+00
5120,14122,SED_TPb,0.000000000000e+00
5120,14122,SEDWSSD_TPb,0.000000000000e+00
5120,14122,SEDSCRS_TPb,0.000000000000e+00
5120,14122,SO_TZn,0.000000000000e+00
5120,14122,IO_TZn,0.000000000000e+00
5120,14122,AO_TZn,0.000000000000e+00
5120,14122,PO_TZn,0.000000000000e+00
5120,14122,SED_TZn,0.000000000000e+00
5120,14122,SEDWSSD_TZn,0.000000000000e+00
5120,14122,SEDSCRS_TZn,0.000000000000e+00
5120,14131,AREA,0.000000000000e+00
5120,14131,PREC,0.000000000000e+00
5120,14131,SURO,0.000000000000e+00
5120,14131,IFWO,0.000000000000e+00
5120,14131,AGWO,0.000000000000e+00
5120,14131,PERO,0.000000000000e+00
5120,14131,TAET,0.000000000000e+00
5120,14131,SEDLOAD,0.000000000000e+00
5120,14131,SEDWSSD, 0.00000e+00
5120,14131,SEDSCRS, 0.00000e+00
5120,14131,SEDSURO, 0.00000e+00
5120,14131,SEDIFWO, 0.00000e+00
5120,14131,SEDAGWO, 0.00000e+00
5120,14131,SO_TN,0.000000000000e+00
5120,14131,IO_TN,0.000000000000e+00
5120,14131,AO_TN,0.000000000000e+00
5120,14131,PO_TN,0.000000000000e+00
5120,14131,SO_TP,0.000000000000e+00
5120,14131,IO_TP,0.000000000000e+00
5120,14131,AO_TP,0.000000000000e+00
5120,14131,PO_TP,0.000000000000e+00
5120,14131,SED_TP,0.000000000000e+00
5120,14131,SEDWSSD_TP,0.000000000000e+00
5120,14131,SEDSCRS_TP,0.000000000000e+00
5120,14131,SO_TCd,0.000000000000e+00
5120,14131,IO_TCd,0.000000000000e+00
5120,14131,AO_TCd,0.000000000000e+00
5120,14131,PO_TCd,0.000000000000e+00
5120,14131,SED_TCd,0.000000000000e+00
5120,14131,SEDWSSD_TCd,0.000000000000e+00
5120,14131,SEDSCRS_TCd,0.000000000000e+00
5120,14131,SO_TCu,0.000000000000e+00
5120,14131,IO_TCu,0.000000000000e+00
5120,14131,AO_TCu,0.000000000000e+00
5120,14131,PO_TCu,0.000000000000e+00
5120,14131,SED_TCu,0.000000000000e+00
5120,14131,SEDWSSD_TCu,0.000000000000e+00
5120,14131,SEDSCRS_TCu,0.000000000000e+00
5120,14131,SO_TPb,0.000000000000e+00
5120,14131,IO_TPb,0.000000000000e+00
5120,14131,AO_TPb,0.000000000000e+00
5120,14131,PO_TPb,0.000000000000e+00
5120,14131,SED_TPb,0.000000000000e+00
5120,14131,SEDWSSD_TPb,0.000000000000e+00
5120,14131,SEDSCRS_TPb,0.000000000000e+00
5120,14131,SO_TZn,0.000000000000e+00
5120,14131,IO_TZn,0.000000000000e+00
5120,14131,AO_TZn,0.000000000000e+00
5120,14131,PO_TZn,0.000000000000e+00
5120,14131,SED_TZn,0.000000000000e+00
5120,14131,SEDWSSD_TZn,0.000000000000e+00
5120,14131,SEDSCRS_TZn,0.000000000000e+00
5120,14132,AREA,0.000000000000e+00
5120,14132,PREC,0.000000000000e+00
5120,14132,SURO,0.000000000000e+00
5120,14132,IFWO,0.000000000000e+00
5120,14132,AGWO,0.000000000000e+00
5120,14132,PERO,0.000000000000e+00
5120,14132,TAET,0.000000000000e+00
5120,14132,SEDLOAD,0.000000000000e+00
5120,14132,SEDWSSD, 0.00000e+00
5120,14132,SEDSCRS, 0.00000e+00
5120,14132,SEDSURO, 0.00000e+00
5120,14132,SEDIFWO, 0.00000e+00
5120,14132,SEDAGWO, 0.00000e+00
5120,14132,SO_TN,0.000000000000e+00
5120,14132,IO_TN,0.000000000000e+00
5120,14132,AO_TN,0.000000000000e+00
5120,14132,PO_TN,0.000000000000e+00
5120,14132,SO_TP,0.000000000000e+00
5120,14132,IO_TP,0.000000000000e+00
5120,14132,AO_TP,0.000000000000e+00
5120,14132,PO_TP,0.000000000000e+00
5120,14132,SED_TP,0.000000000000e+00
5120,14132,SEDWSSD_TP,0.000000000000e+00
5120,14132,SEDSCRS_TP,0.000000000000e+00
5120,14132,SO_TCd,0.000000000000e+00
5120,14132,IO_TCd,0.000000000000e+00
5120,14132,AO_TCd,0.000000000000e+00
5120,14132,PO_TCd,0.000000000000e+00
5120,14132,SED_TCd,0.000000000000e+00
5120,14132,SEDWSSD_TCd,0.000000000000e+00
5120,14132,SEDSCRS_TCd,0.000000000000e+00
5120,14132,SO_TCu,0.000000000000e+00
5120,14132,IO_TCu,0.000000000000e+00
5120,14132,AO_TCu,0.000000000000e+00
5120,14132,PO_TCu,0.000000000000e+00
5120,14132,SED_TCu,0.000000000000e+00
5120,14132,SEDWSSD_TCu,0.000000000000e+00
5120,14132,SEDSCRS_TCu,0.000000000000e+00
5120,14132,SO_TPb,0.000000000000e+00
5120,14132,IO_TPb,0.000000000000e+00
5120,14132,AO_TPb,0.000000000000e+00
5120,14132,PO_TPb,0.000000000000e+00
5120,14132,SED_TPb,0.000000000000e+00
5120,14132,SEDWSSD_TPb,0.000000000000e+00
5120,14132,SEDSCRS_TPb,0.000000000000e+00
5120,14132,SO_TZn,0.000000000000e+00
5120,14132,IO_TZn,0.000000000000e+00
5120,14132,AO_TZn,0.000000000000e+00
5120,14132,PO_TZn,0.000000000000e+00
5120,14132,SED_TZn,0.000000000000e+00
5120,14132,SEDWSSD_TZn,0.000000000000e+00
5120,14132,SEDSCRS_TZn,0.000000000000e+00
5120,14221,AREA,4.230000000006e-03
5120,14221,PREC,4.210050275527e-02
5120,14221,SURO,2.614158292017e-06
5120,14221,IFWO,1.429205987336e-05
5120,14221,AGWO,1.585180593415e-03
5120,14221,PERO,1.602086811580e-03
5120,14221,TAET,4.049841292702e-02
5120,14221,SEDLOAD,1.830057991984e-07
5120,14221,SEDWSSD, 1.52091e-09
5120,14221,SEDSCRS, 2.54033e-10
5120,14221,SEDSURO, 0.00000e+00
5120,14221,SEDIFWO, 1.61939e-09
5120,14221,SEDAGWO, 1.79611e-07
5120,14221,SO_TN,1.646679732007e-06
5120,14221,IO_TN,3.238774347865e-06
5120,14221,AO_TN,1.796116965706e-04
5120,14221,PO_TN,1.844971506505e-04
5120,14221,SO_TP,3.549894688015e-09
5120,14221,IO_TP,6.477548695730e-07
5120,14221,AO_TP,7.184467862824e-05
5120,14221,PO_TP,7.249598339250e-05
5120,14221,SED_TP,3.549894688015e-09
5120,14221,SEDWSSD_TP,3.041828827887e-09
5120,14221,SEDSCRS_TP,5.080658601281e-10
5120,14221,SO_TCd,1.774947344008e-12
5120,14221,IO_TCd,0.000000000000e+00
5120,14221,AO_TCd,0.000000000000e+00
5120,14221,PO_TCd,1.774947344008e-12
5120,14221,SED_TCd,1.774947344008e-12
5120,14221,SEDWSSD_TCd,1.520914413944e-12
5120,14221,SEDSCRS_TCd,2.540329300640e-13
5120,14221,SO_TCu,1.774947344008e-10
5120,14221,IO_TCu,0.000000000000e+00
5120,14221,AO_TCu,0.000000000000e+00
5120,14221,PO_TCu,1.774947344008e-10
5120,14221,SED_TCu,1.774947344008e-10
5120,14221,SEDWSSD_TCu,1.520914413944e-10
5120,14221,SEDSCRS_TCu,2.540329300640e-11
5120,14221,SO_TPb,1.774947344008e-11
5120,14221,IO_TPb,0.000000000000e+00
5120,14221,AO_TPb,0.000000000000e+00
5120,14221,PO_TPb,1.774947344008e-11
5120,14221,SED_TPb,1.774947344008e-11
5120,14221,SEDWSSD_TPb,1.520914413944e-11
5120,14221,SEDSCRS_TPb,2.540329300640e-12
5120,14221,SO_TZn,1.277962087686e-09
5120,14221,IO_TZn,0.000000000000e+00
5120,14221,AO_TZn,1.796116965706e-05
5120,14221,PO_TZn,1.796244761915e-05
5120,14221,SED_TZn,1.277962087686e-09
5120,14221,SEDWSSD_TZn,1.095058378039e-09
5120,14221,SEDSCRS_TZn,1.829037096461e-10
5120,14222,AREA,0.000000000000e+00
5120,14222,PREC,0.000000000000e+00
5120,14222,SURO,0.000000000000e+00
5120,14222,IFWO,0.000000000000e+00
5120,14222,AGWO,0.000000000000e+00
5120,14222,PERO,0.000000000000e+00
5120,14222,TAET,0.000000000000e+00
5120,14222,SEDLOAD,0.000000000000e+00
5120,14222,SEDWSSD, 0.00000e+00
5120,14222,SEDSCRS, 0.00000e+00
5120,14222,SEDSURO, 0.00000e+00
5120,14222,SEDIFWO, 0.00000e+00
5120,14222,SEDAGWO, 0.00000e+00
5120,14222,SO_TN,0.000000000000e+00
5120,14222,IO_TN,0.000000000000e+00
5120,14222,AO_TN,0.000000000000e+00
5120,14222,PO_TN,0.000000000000e+00
5120,14222,SO_TP,0.000000000000e+00
5120,14222,IO_TP,0.000000000000e+00
5120,14222,AO_TP,0.000000000000e+00
5120,14222,PO_TP,0.000000000000e+00
5120,14222,SED_TP,0.000000000000e+00
5120,14222,SEDWSSD_TP,0.000000000000e+00
5120,14222,SEDSCRS_TP,0.000000000000e+00
5120,14222,SO_TCd,0.000000000000e+00
5120,14222,IO_TCd,0.000000000000e+00
5120,14222,AO_TCd,0.000000000000e+00
5120,14222,PO_TCd,0.000000000000e+00
5120,14222,SED_TCd,0.000000000000e+00
5120,14222,SEDWSSD_TCd,0.000000000000e+00
5120,14222,SEDSCRS_TCd,0.000000000000e+00
5120,14222,SO_TCu,0.000000000000e+00
5120,14222,IO_TCu,0.000000000000e+00
5120,14222,AO_TCu,0.000000000000e+00
5120,14222,PO_TCu,0.000000000000e+00
5120,14222,SED_TCu,0.000000000000e+00
5120,14222,SEDWSSD_TCu,0.000000000000e+00
5120,14222,SEDSCRS_TCu,0.000000000000e+00
5120,14222,SO_TPb,0.000000000000e+00
5120,14222,IO_TPb,0.000000000000e+00
5120,14222,AO_TPb,0.000000000000e+00
5120,14222,PO_TPb,0.000000000000e+00
5120,14222,SED_TPb,0.000000000000e+00
5120,14222,SEDWSSD_TPb,0.000000000000e+00
5120,14222,SEDSCRS_TPb,0.000000000000e+00
5120,14222,SO_TZn,0.000000000000e+00
5120,14222,IO_TZn,0.000000000000e+00
5120,14222,AO_TZn,0.000000000000e+00
5120,14222,PO_TZn,0.000000000000e+00
5120,14222,SED_TZn,0.000000000000e+00
5120,14222,SEDWSSD_TZn,0.000000000000e+00
5120,14222,SEDSCRS_TZn,0.000000000000e+00
5120,14231,AREA,0.000000000000e+00
5120,14231,PREC,0.000000000000e+00
5120,14231,SURO,0.000000000000e+00
5120,14231,IFWO,0.000000000000e+00
5120,14231,AGWO,0.000000000000e+00
5120,14231,PERO,0.000000000000e+00
5120,14231,TAET,0.000000000000e+00
5120,14231,SEDLOAD,0.000000000000e+00
5120,14231,SEDWSSD, 0.00000e+00
5120,14231,SEDSCRS, 0.00000e+00
5120,14231,SEDSURO, 0.00000e+00
5120,14231,SEDIFWO, 0.00000e+00
5120,14231,SEDAGWO, 0.00000e+00
5120,14231,SO_TN,0.000000000000e+00
5120,14231,IO_TN,0.000000000000e+00
5120,14231,AO_TN,0.000000000000e+00
5120,14231,PO_TN,0.000000000000e+00
5120,14231,SO_TP,0.000000000000e+00
5120,14231,IO_TP,0.000000000000e+00
5120,14231,AO_TP,0.000000000000e+00
5120,14231,PO_TP,0.000000000000e+00
5120,14231,SED_TP,0.000000000000e+00
5120,14231,SEDWSSD_TP,0.000000000000e+00
5120,14231,SEDSCRS_TP,0.000000000000e+00
5120,14231,SO_TCd,0.000000000000e+00
5120,14231,IO_TCd,0.000000000000e+00
5120,14231,AO_TCd,0.000000000000e+00
5120,14231,PO_TCd,0.000000000000e+00
5120,14231,SED_TCd,0.000000000000e+00
5120,14231,SEDWSSD_TCd,0.000000000000e+00
5120,14231,SEDSCRS_TCd,0.000000000000e+00
5120,14231,SO_TCu,0.000000000000e+00
5120,14231,IO_TCu,0.000000000000e+00
5120,14231,AO_TCu,0.000000000000e+00
5120,14231,PO_TCu,0.000000000000e+00
5120,14231,SED_TCu,0.000000000000e+00
5120,14231,SEDWSSD_TCu,0.000000000000e+00
5120,14231,SEDSCRS_TCu,0.000000000000e+00
5120,14231,SO_TPb,0.000000000000e+00
5120,14231,IO_TPb,0.000000000000e+00
5120,14231,AO_TPb,0.000000000000e+00
5120,14231,PO_TPb,0.000000000000e+00
5120,14231,SED_TPb,0.000000000000e+00
5120,14231,SEDWSSD_TPb,0.000000000000e+00
5120,14231,SEDSCRS_TPb,0.000000000000e+00
5120,14231,SO_TZn,0.000000000000e+00
5120,14231,IO_TZn,0.000000000000e+00
5120,14231,AO_TZn,0.000000000000e+00
5120,14231,PO_TZn,0.000000000000e+00
5120,14231,SED_TZn,0.000000000000e+00
5120,14231,SEDWSSD_TZn,0.000000000000e+00
5120,14231,SEDSCRS_TZn,0.000000000000e+00
5120,14232,AREA,0.000000000000e+00
5120,14232,PREC,0.000000000000e+00
5120,14232,SURO,0.000000000000e+00
5120,14232,IFWO,0.000000000000e+00
5120,14232,AGWO,0.000000000000e+00
5120,14232,PERO,0.000000000000e+00
5120,14232,TAET,0.000000000000e+00
5120,14232,SEDLOAD,0.000000000000e+00
5120,14232,SEDWSSD, 0.00000e+00
5120,14232,SEDSCRS, 0.00000e+00
5120,14232,SEDSURO, 0.00000e+00
5120,14232,SEDIFWO, 0.00000e+00
5120,14232,SEDAGWO, 0.00000e+00
5120,14232,SO_TN,0.000000000000e+00
5120,14232,IO_TN,0.000000000000e+00
5120,14232,AO_TN,0.000000000000e+00
5120,14232,PO_TN,0.000000000000e+00
5120,14232,SO_TP,0.000000000000e+00
5120,14232,IO_TP,0.000000000000e+00
5120,14232,AO_TP,0.000000000000e+00
5120,14232,PO_TP,0.000000000000e+00
5120,14232,SED_TP,0.000000000000e+00
5120,14232,SEDWSSD_TP,0.000000000000e+00
5120,14232,SEDSCRS_TP,0.000000000000e+00
5120,14232,SO_TCd,0.000000000000e+00
5120,14232,IO_TCd,0.000000000000e+00
5120,14232,AO_TCd,0.000000000000e+00
5120,14232,PO_TCd,0.000000000000e+00
5120,14232,SED_TCd,0.000000000000e+00
5120,14232,SEDWSSD_TCd,0.000000000000e+00
5120,14232,SEDSCRS_TCd,0.000000000000e+00
5120,14232,SO_TCu,0.000000000000e+00
5120,14232,IO_TCu,0.000000000000e+00
5120,14232,AO_TCu,0.000000000000e+00
5120,14232,PO_TCu,0.000000000000e+00
5120,14232,SED_TCu,0.000000000000e+00
5120,14232,SEDWSSD_TCu,0.000000000000e+00
5120,14232,SEDSCRS_TCu,0.000000000000e+00
5120,14232,SO_TPb,0.000000000000e+00
5120,14232,IO_TPb,0.000000000000e+00
5120,14232,AO_TPb,0.000000000000e+00
5120,14232,PO_TPb,0.000000000000e+00
5120,14232,SED_TPb,0.000000000000e+00
5120,14232,SEDWSSD_TPb,0.000000000000e+00
5120,14232,SEDSCRS_TPb,0.000000000000e+00
5120,14232,SO_TZn,0.000000000000e+00
5120,14232,IO_TZn,0.000000000000e+00
5120,14232,AO_TZn,0.000000000000e+00
5120,14232,PO_TZn,0.000000000000e+00
5120,14232,SED_TZn,0.000000000000e+00
5120,14232,SEDWSSD_TZn,0.000000000000e+00
5120,14232,SEDSCRS_TZn,0.000000000000e+00
5120,14321,AREA,0.000000000000e+00
5120,14321,PREC,0.000000000000e+00
5120,14321,SURO,0.000000000000e+00
5120,14321,IFWO,0.000000000000e+00
5120,14321,AGWO,0.000000000000e+00
5120,14321,PERO,0.000000000000e+00
5120,14321,TAET,0.000000000000e+00
5120,14321,SEDLOAD,0.000000000000e+00
5120,14321,SEDWSSD, 0.00000e+00
5120,14321,SEDSCRS, 0.00000e+00
5120,14321,SEDSURO, 0.00000e+00
5120,14321,SEDIFWO, 0.00000e+00
5120,14321,SEDAGWO, 0.00000e+00
5120,14321,SO_TN,0.000000000000e+00
5120,14321,IO_TN,0.000000000000e+00
5120,14321,AO_TN,0.000000000000e+00
5120,14321,PO_TN,0.000000000000e+00
5120,14321,SO_TP,0.000000000000e+00
5120,14321,IO_TP,0.000000000000e+00
5120,14321,AO_TP,0.000000000000e+00
5120,14321,PO_TP,0.000000000000e+00
5120,14321,SED_TP,0.000000000000e+00
5120,14321,SEDWSSD_TP,0.000000000000e+00
5120,14321,SEDSCRS_TP,0.000000000000e+00
5120,14321,SO_TCd,0.000000000000e+00
5120,14321,IO_TCd,0.000000000000e+00
5120,14321,AO_TCd,0.000000000000e+00
5120,14321,PO_TCd,0.000000000000e+00
5120,14321,SED_TCd,0.000000000000e+00
5120,14321,SEDWSSD_TCd,0.000000000000e+00
5120,14321,SEDSCRS_TCd,0.000000000000e+00
5120,14321,SO_TCu,0.000000000000e+00
5120,14321,IO_TCu,0.000000000000e+00
5120,14321,AO_TCu,0.000000000000e+00
5120,14321,PO_TCu,0.000000000000e+00
5120,14321,SED_TCu,0.000000000000e+00
5120,14321,SEDWSSD_TCu,0.000000000000e+00
5120,14321,SEDSCRS_TCu,0.000000000000e+00
5120,14321,SO_TPb,0.000000000000e+00
5120,14321,IO_TPb,0.000000000000e+00
5120,14321,AO_TPb,0.000000000000e+00
5120,14321,PO_TPb,0.000000000000e+00
5120,14321,SED_TPb,0.000000000000e+00
5120,14321,SEDWSSD_TPb,0.000000000000e+00
5120,14321,SEDSCRS_TPb,0.000000000000e+00
5120,14321,SO_TZn,0.000000000000e+00
5120,14321,IO_TZn,0.000000000000e+00
5120,14321,AO_TZn,0.000000000000e+00
5120,14321,PO_TZn,0.000000000000e+00
5120,14321,SED_TZn,0.000000000000e+00
5120,14321,SEDWSSD_TZn,0.000000000000e+00
5120,14321,SEDSCRS_TZn,0.000000000000e+00
5120,14322,AREA,0.000000000000e+00
5120,14322,PREC,0.000000000000e+00
5120,14322,SURO,0.000000000000e+00
5120,14322,IFWO,0.000000000000e+00
5120,14322,AGWO,0.000000000000e+00
5120,14322,PERO,0.000000000000e+00
5120,14322,TAET,0.000000000000e+00
5120,14322,SEDLOAD,0.000000000000e+00
5120,14322,SEDWSSD, 0.00000e+00
5120,14322,SEDSCRS, 0.00000e+00
5120,14322,SEDSURO, 0.00000e+00
5120,14322,SEDIFWO, 0.00000e+00
5120,14322,SEDAGWO, 0.00000e+00
5120,14322,SO_TN,0.000000000000e+00
5120,14322,IO_TN,0.000000000000e+00
5120,14322,AO_TN,0.000000000000e+00
5120,14322,PO_TN,0.000000000000e+00
5120,14322,SO_TP,0.000000000000e+00
5120,14322,IO_TP,0.000000000000e+00
5120,14322,AO_TP,0.000000000000e+00
5120,14322,PO_TP,0.000000000000e+00
5120,14322,SED_TP,0.000000000000e+00
5120,14322,SEDWSSD_TP,0.000000000000e+00
5120,14322,SEDSCRS_TP,0.000000000000e+00
5120,14322,SO_TCd,0.000000000000e+00
5120,14322,IO_TCd,0.000000000000e+00
5120,14322,AO_TCd,0.000000000000e+00
5120,14322,PO_TCd,0.000000000000e+00
5120,14322,SED_TCd,0.000000000000e+00
5120,14322,SEDWSSD_TCd,0.000000000000e+00
5120,14322,SEDSCRS_TCd,0.000000000000e+00
5120,14322,SO_TCu,0.000000000000e+00
5120,14322,IO_TCu,0.000000000000e+00
5120,14322,AO_TCu,0.000000000000e+00
5120,14322,PO_TCu,0.000000000000e+00
5120,14322,SED_TCu,0.000000000000e+00
5120,14322,SEDWSSD_TCu,0.000000000000e+00
5120,14322,SEDSCRS_TCu,0.000000000000e+00
5120,14322,SO_TPb,0.000000000000e+00
5120,14322,IO_TPb,0.000000000000e+00
5120,14322,AO_TPb,0.000000000000e+00
5120,14322,PO_TPb,0.000000000000e+00
5120,14322,SED_TPb,0.000000000000e+00
5120,14322,SEDWSSD_TPb,0.000000000000e+00
5120,14322,SEDSCRS_TPb,0.000000000000e+00
5120,14322,SO_TZn,0.000000000000e+00
5120,14322,IO_TZn,0.000000000000e+00
5120,14322,AO_TZn,0.000000000000e+00
5120,14322,PO_TZn,0.000000000000e+00
5120,14322,SED_TZn,0.000000000000e+00
5120,14322,SEDWSSD_TZn,0.000000000000e+00
5120,14322,SEDSCRS_TZn,0.000000000000e+00
5120,14331,AREA,0.000000000000e+00
5120,14331,PREC,0.000000000000e+00
5120,14331,SURO,0.000000000000e+00
5120,14331,IFWO,0.000000000000e+00
5120,14331,AGWO,0.000000000000e+00
5120,14331,PERO,0.000000000000e+00
5120,14331,TAET,0.000000000000e+00
5120,14331,SEDLOAD,0.000000000000e+00
5120,14331,SEDWSSD, 0.00000e+00
5120,14331,SEDSCRS, 0.00000e+00
5120,14331,SEDSURO, 0.00000e+00
5120,14331,SEDIFWO, 0.00000e+00
5120,14331,SEDAGWO, 0.00000e+00
5120,14331,SO_TN,0.000000000000e+00
5120,14331,IO_TN,0.000000000000e+00
5120,14331,AO_TN,0.000000000000e+00
5120,14331,PO_TN,0.000000000000e+00
5120,14331,SO_TP,0.000000000000e+00
5120,14331,IO_TP,0.000000000000e+00
5120,14331,AO_TP,0.000000000000e+00
5120,14331,PO_TP,0.000000000000e+00
5120,14331,SED_TP,0.000000000000e+00
5120,14331,SEDWSSD_TP,0.000000000000e+00
5120,14331,SEDSCRS_TP,0.000000000000e+00
5120,14331,SO_TCd,0.000000000000e+00
5120,14331,IO_TCd,0.000000000000e+00
5120,14331,AO_TCd,0.000000000000e+00
5120,14331,PO_TCd,0.000000000000e+00
5120,14331,SED_TCd,0.000000000000e+00
5120,14331,SEDWSSD_TCd,0.000000000000e+00
5120,14331,SEDSCRS_TCd,0.000000000000e+00
5120,14331,SO_TCu,0.000000000000e+00
5120,14331,IO_TCu,0.000000000000e+00
5120,14331,AO_TCu,0.000000000000e+00
5120,14331,PO_TCu,0.000000000000e+00
5120,14331,SED_TCu,0.000000000000e+00
5120,14331,SEDWSSD_TCu,0.000000000000e+00
5120,14331,SEDSCRS_TCu,0.000000000000e+00
5120,14331,SO_TPb,0.000000000000e+00
5120,14331,IO_TPb,0.000000000000e+00
5120,14331,AO_TPb,0.000000000000e+00
5120,14331,PO_TPb,0.000000000000e+00
5120,14331,SED_TPb,0.000000000000e+00
5120,14331,SEDWSSD_TPb,0.000000000000e+00
5120,14331,SEDSCRS_TPb,0.000000000000e+00
5120,14331,SO_TZn,0.000000000000e+00
5120,14331,IO_TZn,0.000000000000e+00
5120,14331,AO_TZn,0.000000000000e+00
5120,14331,PO_TZn,0.000000000000e+00
5120,14331,SED_TZn,0.000000000000e+00
5120,14331,SEDWSSD_TZn,0.000000000000e+00
5120,14331,SEDSCRS_TZn,0.000000000000e+00
5120,14332,AREA,0.000000000000e+00
5120,14332,PREC,0.000000000000e+00
5120,14332,SURO,0.000000000000e+00
5120,14332,IFWO,0.000000000000e+00
5120,14332,AGWO,0.000000000000e+00
5120,14332,PERO,0.000000000000e+00
5120,14332,TAET,0.000000000000e+00
5120,14332,SEDLOAD,0.000000000000e+00
5120,14332,SEDWSSD, 0.00000e+00
5120,14332,SEDSCRS, 0.00000e+00
5120,14332,SEDSURO, 0.00000e+00
5120,14332,SEDIFWO, 0.00000e+00
5120,14332,SEDAGWO, 0.00000e+00
5120,14332,SO_TN,0.000000000000e+00
5120,14332,IO_TN,0.000000000000e+00
5120,14332,AO_TN,0.000000000000e+00
5120,14332,PO_TN,0.000000000000e+00
5120,14332,SO_TP,0.000000000000e+00
5120,14332,IO_TP,0.000000000000e+00
5120,14332,AO_TP,0.000000000000e+00
5120,14332,PO_TP,0.000000000000e+00
5120,14332,SED_TP,0.000000000000e+00
5120,14332,SEDWSSD_TP,0.000000000000e+00
5120,14332,SEDSCRS_TP,0.000000000000e+00
5120,14332,SO_TCd,0.000000000000e+00
5120,14332,IO_TCd,0.000000000000e+00
5120,14332,AO_TCd,0.000000000000e+00
5120,14332,PO_TCd,0.000000000000e+00
5120,14332,SED_TCd,0.000000000000e+00
5120,14332,SEDWSSD_TCd,0.000000000000e+00
5120,14332,SEDSCRS_TCd,0.000000000000e+00
5120,14332,SO_TCu,0.000000000000e+00
5120,14332,IO_TCu,0.000000000000e+00
5120,14332,AO_TCu,0.000000000000e+00
5120,14332,PO_TCu,0.000000000000e+00
5120,14332,SED_TCu,0.000000000000e+00
5120,14332,SEDWSSD_TCu,0.000000000000e+00
5120,14332,SEDSCRS_TCu,0.000000000000e+00
5120,14332,SO_TPb,0.000000000000e+00
5120,14332,IO_TPb,0.000000000000e+00
5120,14332,AO_TPb,0.000000000000e+00
5120,14332,PO_TPb,0.000000000000e+00
5120,14332,SED_TPb,0.000000000000e+00
5120,14332,SEDWSSD_TPb,0.000000000000e+00
5120,14332,SEDSCRS_TPb,0.000000000000e+00
5120,14332,SO_TZn,0.000000000000e+00
5120,14332,IO_TZn,0.000000000000e+00
5120,14332,AO_TZn,0.000000000000e+00
5120,14332,PO_TZn,0.000000000000e+00
5120,14332,SED_TZn,0.000000000000e+00
5120,14332,SEDWSSD_TZn,0.000000000000e+00
5120,14332,SEDSCRS_TZn,0.000000000000e+00
5120,14421,AREA,8.398373300003e+01
5120,14421,PREC,8.358764497788e+02
5120,14421,SURO,1.257017541215e+01
5120,14421,IFWO,5.811409376415e+00
5120,14421,AGWO,1.662217252163e+01
5120,14421,PERO,3.500375731019e+01
5120,14421,TAET,8.008726695199e+02
5120,14421,SEDLOAD,2.972986805110e+00
5120,14421,SEDWSSD, 1.29367e+00
5120,14421,SEDSCRS, 1.67677e+00
5120,14421,SEDSURO, 0.00000e+00
5120,14421,SEDIFWO, 6.58471e-04
5120,14421,SEDAGWO, 1.88340e-03
5120,14421,SO_TN,5.065573616503e+00
5120,14421,IO_TN,1.316944078044e+00
5120,14421,AO_TN,1.883404717230e+00
5120,14421,PO_TN,8.265922411777e+00
5120,14421,SO_TP,5.940889863212e+00
5120,14421,IO_TP,2.633888156088e-01
5120,14421,AO_TP,7.533618868919e-01
5120,14421,PO_TP,6.957640565712e+00
5120,14421,SED_TP,5.940889863212e+00
5120,14421,SEDWSSD_TP,2.587349569585e+00
5120,14421,SEDSCRS_TP,3.353540293627e+00
5120,14421,SO_TCd,2.970444931606e-03
5120,14421,IO_TCd,0.000000000000e+00
5120,14421,AO_TCd,0.000000000000e+00
5120,14421,PO_TCd,2.970444931606e-03
5120,14421,SED_TCd,2.970444931606e-03
5120,14421,SEDWSSD_TCd,1.293674784792e-03
5120,14421,SEDSCRS_TCd,1.676770146814e-03
5120,14421,SO_TCu,2.970444931606e-01
5120,14421,IO_TCu,0.000000000000e+00
5120,14421,AO_TCu,0.000000000000e+00
5120,14421,PO_TCu,2.970444931606e-01
5120,14421,SED_TCu,2.970444931606e-01
5120,14421,SEDWSSD_TCu,1.293674784792e-01
5120,14421,SEDSCRS_TCu,1.676770146814e-01
5120,14421,SO_TPb,2.970444931606e-02
5120,14421,IO_TPb,0.000000000000e+00
5120,14421,AO_TPb,0.000000000000e+00
5120,14421,PO_TPb,2.970444931606e-02
5120,14421,SED_TPb,2.970444931606e-02
5120,14421,SEDWSSD_TPb,1.293674784792e-02
5120,14421,SEDSCRS_TPb,1.676770146814e-02
5120,14421,SO_TZn,2.138720350756e+00
5120,14421,IO_TZn,0.000000000000e+00
5120,14421,AO_TZn,1.883404717230e-01
5120,14421,PO_TZn,2.327060822479e+00
5120,14421,SED_TZn,2.138720350756e+00
5120,14421,SEDWSSD_TZn,9.314458450504e-01
5120,14421,SEDSCRS_TZn,1.207274505706e+00
5120,14422,AREA,2.638568300004e+01
5120,14422,PREC,2.626124160381e+02
5120,14422,SURO,3.948177432727e+00
5120,14422,IFWO,1.825394025624e+00
5120,14422,AGWO,3.235918328525e+00
5120,14422,PERO,9.009489786877e+00
5120,14422,TAET,2.506403698987e+02
5120,14422,SEDLOAD,9.336337956168e-01
5120,14422,SEDWSSD, 4.06357e-01
5120,14422,SEDSCRS, 5.26704e-01
5120,14422,SEDSURO, 0.00000e+00
5120,14422,SEDIFWO, 2.06829e-04
5120,14422,SEDAGWO, 3.66651e-04
5120,14422,SO_TN,1.591163288357e+00
5120,14422,IO_TN,4.136590104802e-01
5120,14422,AO_TN,3.666514612686e-01
5120,14422,PO_TN,2.371473760106e+00
5120,14422,SO_TP,1.866120630768e+00
5120,14422,IO_TP,8.273180209604e-02
5120,14422,AO_TP,1.466605845075e-01
5120,14422,PO_TP,2.095513017372e+00
5120,14422,SED_TP,1.866120630768e+00
5120,14422,SEDWSSD_TP,8.127130227831e-01
5120,14422,SEDSCRS_TP,1.053407607985e+00
5120,14422,SO_TCd,9.330603153841e-04
5120,14422,IO_TCd,0.000000000000e+00
5120,14422,AO_TCd,0.000000000000e+00
5120,14422,PO_TCd,9.330603153841e-04
5120,14422,SED_TCd,9.330603153841e-04
5120,14422,SEDWSSD_TCd,4.063565113915e-04
5120,14422,SEDSCRS_TCd,5.267038039926e-04
5120,14422,SO_TCu,9.330603153841e-02
5120,14422,IO_TCu,0.000000000000e+00
5120,14422,AO_TCu,0.000000000000e+00
5120,14422,PO_TCu,9.330603153841e-02
5120,14422,SED_TCu,9.330603153841e-02
5120,14422,SEDWSSD_TCu,4.063565113915e-02
5120,14422,SEDSCRS_TCu,5.267038039926e-02
5120,14422,SO_TPb,9.330603153841e-03
5120,14422,IO_TPb,0.000000000000e+00
5120,14422,AO_TPb,0.000000000000e+00
5120,14422,PO_TPb,9.330603153841e-03
5120,14422,SED_TPb,9.330603153841e-03
5120,14422,SEDWSSD_TPb,4.063565113915e-03
5120,14422,SEDSCRS_TPb,5.267038039926e-03
5120,14422,SO_TZn,6.718034270766e-01
5120,14422,IO_TZn,0.000000000000e+00
5120,14422,AO_TZn,3.666514612687e-02
5120,14422,PO_TZn,7.084685732034e-01
5120,14422,SED_TZn,6.718034270766e-01
5120,14422,SEDWSSD_TZn,2.925766882019e-01
5120,14422,SEDSCRS_TZn,3.792267388747e-01
5120,14431,AREA,0.000000000000e+00
5120,14431,PREC,0.000000000000e+00
5120,14431,SURO,0.000000000000e+00
5120,14431,IFWO,0.000000000000e+00
5120,14431,AGWO,0.000000000000e+00
5120,14431,PERO,0.000000000000e+00
5120,14431,TAET,0.000000000000e+00
5120,14431,SEDLOAD,0.000000000000e+00
5120,14431,SEDWSSD, 0.00000e+00
5120,14431,SEDSCRS, 0.00000e+00
5120,14431,SEDSURO, 0.00000e+00
5120,14431,SEDIFWO, 0.00000e+00
5120,14431,SEDAGWO, 0.00000e+00
5120,14431,SO_TN,0.000000000000e+00
5120,14431,IO_TN,0.000000000000e+00
5120,14431,AO_TN,0.000000000000e+00
5120,14431,PO_TN,0.000000000000e+00
5120,14431,SO_TP,0.000000000000e+00
5120,14431,IO_TP,0.000000000000e+00
5120,14431,AO_TP,0.000000000000e+00
5120,14431,PO_TP,0.000000000000e+00
5120,14431,SED_TP,0.000000000000e+00
5120,14431,SEDWSSD_TP,0.000000000000e+00
5120,14431,SEDSCRS_TP,0.000000000000e+00
5120,14431,SO_TCd,0.000000000000e+00
5120,14431,IO_TCd,0.000000000000e+00
5120,14431,AO_TCd,0.000000000000e+00
5120,14431,PO_TCd,0.000000000000e+00
5120,14431,SED_TCd,0.000000000000e+00
5120,14431,SEDWSSD_TCd,0.000000000000e+00
5120,14431,SEDSCRS_TCd,0.000000000000e+00
5120,14431,SO_TCu,0.000000000000e+00
5120,14431,IO_TCu,0.000000000000e+00
5120,14431,AO_TCu,0.000000000000e+00
5120,14431,PO_TCu,0.000000000000e+00
5120,14431,SED_TCu,0.000000000000e+00
5120,14431,SEDWSSD_TCu,0.000000000000e+00
5120,14431,SEDSCRS_TCu,0.000000000000e+00
5120,14431,SO_TPb,0.000000000000e+00
5120,14431,IO_TPb,0.000000000000e+00
5120,14431,AO_TPb,0.000000000000e+00
5120,14431,PO_TPb,0.000000000000e+00
5120,14431,SED_TPb,0.000000000000e+00
5120,14431,SEDWSSD_TPb,0.000000000000e+00
5120,14431,SEDSCRS_TPb,0.000000000000e+00
5120,14431,SO_TZn,0.000000000000e+00
5120,14431,IO_TZn,0.000000000000e+00
5120,14431,AO_TZn,0.000000000000e+00
5120,14431,PO_TZn,0.000000000000e+00
5120,14431,SED_TZn,0.000000000000e+00
5120,14431,SEDWSSD_TZn,0.000000000000e+00
5120,14431,SEDSCRS_TZn,0.000000000000e+00
5120,14432,AREA,0.000000000000e+00
5120,14432,PREC,0.000000000000e+00
5120,14432,SURO,0.000000000000e+00
5120,14432,IFWO,0.000000000000e+00
5120,14432,AGWO,0.000000000000e+00
5120,14432,PERO,0.000000000000e+00
5120,14432,TAET,0.000000000000e+00
5120,14432,SEDLOAD,0.000000000000e+00
5120,14432,SEDWSSD, 0.00000e+00
5120,14432,SEDSCRS, 0.00000e+00
5120,14432,SEDSURO, 0.00000e+00
5120,14432,SEDIFWO, 0.00000e+00
5120,14432,SEDAGWO, 0.00000e+00
5120,14432,SO_TN,0.000000000000e+00
5120,14432,IO_TN,0.000000000000e+00
5120,14432,AO_TN,0.000000000000e+00
5120,14432,PO_TN,0.000000000000e+00
5120,14432,SO_TP,0.000000000000e+00
5120,14432,IO_TP,0.000000000000e+00
5120,14432,AO_TP,0.000000000000e+00
5120,14432,PO_TP,0.000000000000e+00
5120,14432,SED_TP,0.000000000000e+00
5120,14432,SEDWSSD_TP,0.000000000000e+00
5120,14432,SEDSCRS_TP,0.000000000000e+00
5120,14432,SO_TCd,0.000000000000e+00
5120,14432,IO_TCd,0.000000000000e+00
5120,14432,AO_TCd,0.000000000000e+00
5120,14432,PO_TCd,0.000000000000e+00
5120,14432,SED_TCd,0.000000000000e+00
5120,14432,SEDWSSD_TCd,0.000000000000e+00
5120,14432,SEDSCRS_TCd,0.000000000000e+00
5120,14432,SO_TCu,0.000000000000e+00
5120,14432,IO_TCu,0.000000000000e+00
5120,14432,AO_TCu,0.000000000000e+00
5120,14432,PO_TCu,0.000000000000e+00
5120,14432,SED_TCu,0.000000000000e+00
5120,14432,SEDWSSD_TCu,0.000000000000e+00
5120,14432,SEDSCRS_TCu,0.000000000000e+00
5120,14432,SO_TPb,0.000000000000e+00
5120,14432,IO_TPb,0.000000000000e+00
5120,14432,AO_TPb,0.000000000000e+00
5120,14432,PO_TPb,0.000000000000e+00
5120,14432,SED_TPb,0.000000000000e+00
5120,14432,SEDWSSD_TPb,0.000000000000e+00
5120,14432,SEDSCRS_TPb,0.000000000000e+00
5120,14432,SO_TZn,0.000000000000e+00
5120,14432,IO_TZn,0.000000000000e+00
5120,14432,AO_TZn,0.000000000000e+00
5120,14432,PO_TZn,0.000000000000e+00
5120,14432,SED_TZn,0.000000000000e+00
5120,14432,SEDWSSD_TZn,0.000000000000e+00
5120,14432,SEDSCRS_TZn,0.000000000000e+00
5120,15121,AREA,0.000000000000e+00
5120,15121,PREC,0.000000000000e+00
5120,15121,SURO,0.000000000000e+00
5120,15121,IFWO,0.000000000000e+00
5120,15121,AGWO,0.000000000000e+00
5120,15121,PERO,0.000000000000e+00
5120,15121,TAET,0.000000000000e+00
5120,15121,SEDLOAD,0.000000000000e+00
5120,15121,SEDWSSD, 0.00000e+00
5120,15121,SEDSCRS, 0.00000e+00
5120,15121,SEDSURO, 0.00000e+00
5120,15121,SEDIFWO, 0.00000e+00
5120,15121,SEDAGWO, 0.00000e+00
5120,15121,SO_TN,0.000000000000e+00
5120,15121,IO_TN,0.000000000000e+00
5120,15121,AO_TN,0.000000000000e+00
5120,15121,PO_TN,0.000000000000e+00
5120,15121,SO_TP,0.000000000000e+00
5120,15121,IO_TP,0.000000000000e+00
5120,15121,AO_TP,0.000000000000e+00
5120,15121,PO_TP,0.000000000000e+00
5120,15121,SED_TP,0.000000000000e+00
5120,15121,SEDWSSD_TP,0.000000000000e+00
5120,15121,SEDSCRS_TP,0.000000000000e+00
5120,15121,SO_TCd,0.000000000000e+00
5120,15121,IO_TCd,0.000000000000e+00
5120,15121,AO_TCd,0.000000000000e+00
5120,15121,PO_TCd,0.000000000000e+00
5120,15121,SED_TCd,0.000000000000e+00
5120,15121,SEDWSSD_TCd,0.000000000000e+00
5120,15121,SEDSCRS_TCd,0.000000000000e+00
5120,15121,SO_TCu,0.000000000000e+00
5120,15121,IO_TCu,0.000000000000e+00
5120,15121,AO_TCu,0.000000000000e+00
5120,15121,PO_TCu,0.000000000000e+00
5120,15121,SED_TCu,0.000000000000e+00
5120,15121,SEDWSSD_TCu,0.000000000000e+00
5120,15121,SEDSCRS_TCu,0.000000000000e+00
5120,15121,SO_TPb,0.000000000000e+00
5120,15121,IO_TPb,0.000000000000e+00
5120,15121,AO_TPb,0.000000000000e+00
5120,15121,PO_TPb,0.000000000000e+00
5120,15121,SED_TPb,0.000000000000e+00
5120,15121,SEDWSSD_TPb,0.000000000000e+00
5120,15121,SEDSCRS_TPb,0.000000000000e+00
5120,15121,SO_TZn,0.000000000000e+00
5120,15121,IO_TZn,0.000000000000e+00
5120,15121,AO_TZn,0.000000000000e+00
5120,15121,PO_TZn,0.000000000000e+00
5120,15121,SED_TZn,0.000000000000e+00
5120,15121,SEDWSSD_TZn,0.000000000000e+00
5120,15121,SEDSCRS_TZn,0.000000000000e+00
5120,15122,AREA,0.000000000000e+00
5120,15122,PREC,0.000000000000e+00
5120,15122,SURO,0.000000000000e+00
5120,15122,IFWO,0.000000000000e+00
5120,15122,AGWO,0.000000000000e+00
5120,15122,PERO,0.000000000000e+00
5120,15122,TAET,0.000000000000e+00
5120,15122,SEDLOAD,0.000000000000e+00
5120,15122,SEDWSSD, 0.00000e+00
5120,15122,SEDSCRS, 0.00000e+00
5120,15122,SEDSURO, 0.00000e+00
5120,15122,SEDIFWO, 0.00000e+00
5120,15122,SEDAGWO, 0.00000e+00
5120,15122,SO_TN,0.000000000000e+00
5120,15122,IO_TN,0.000000000000e+00
5120,15122,AO_TN,0.000000000000e+00
5120,15122,PO_TN,0.000000000000e+00
5120,15122,SO_TP,0.000000000000e+00
5120,15122,IO_TP,0.000000000000e+00
5120,15122,AO_TP,0.000000000000e+00
5120,15122,PO_TP,0.000000000000e+00
5120,15122,SED_TP,0.000000000000e+00
5120,15122,SEDWSSD_TP,0.000000000000e+00
5120,15122,SEDSCRS_TP,0.000000000000e+00
5120,15122,SO_TCd,0.000000000000e+00
5120,15122,IO_TCd,0.000000000000e+00
5120,15122,AO_TCd,0.000000000000e+00
5120,15122,PO_TCd,0.000000000000e+00
5120,15122,SED_TCd,0.000000000000e+00
5120,15122,SEDWSSD_TCd,0.000000000000e+00
5120,15122,SEDSCRS_TCd,0.000000000000e+00
5120,15122,SO_TCu,0.000000000000e+00
5120,15122,IO_TCu,0.000000000000e+00
5120,15122,AO_TCu,0.000000000000e+00
5120,15122,PO_TCu,0.000000000000e+00
5120,15122,SED_TCu,0.000000000000e+00
5120,15122,SEDWSSD_TCu,0.000000000000e+00
5120,15122,SEDSCRS_TCu,0.000000000000e+00
5120,15122,SO_TPb,0.000000000000e+00
5120,15122,IO_TPb,0.000000000000e+00
5120,15122,AO_TPb,0.000000000000e+00
5120,15122,PO_TPb,0.000000000000e+00
5120,15122,SED_TPb,0.000000000000e+00
5120,15122,SEDWSSD_TPb,0.000000000000e+00
5120,15122,SEDSCRS_TPb,0.000000000000e+00
5120,15122,SO_TZn,0.000000000000e+00
5120,15122,IO_TZn,0.000000000000e+00
5120,15122,AO_TZn,0.000000000000e+00
5120,15122,PO_TZn,0.000000000000e+00
5120,15122,SED_TZn,0.000000000000e+00
5120,15122,SEDWSSD_TZn,0.000000000000e+00
5120,15122,SEDSCRS_TZn,0.000000000000e+00
5120,15131,AREA,0.000000000000e+00
5120,15131,PREC,0.000000000000e+00
5120,15131,SURO,0.000000000000e+00
5120,15131,IFWO,0.000000000000e+00
5120,15131,AGWO,0.000000000000e+00
5120,15131,PERO,0.000000000000e+00
5120,15131,TAET,0.000000000000e+00
5120,15131,SEDLOAD,0.000000000000e+00
5120,15131,SEDWSSD, 0.00000e+00
5120,15131,SEDSCRS, 0.00000e+00
5120,15131,SEDSURO, 0.00000e+00
5120,15131,SEDIFWO, 0.00000e+00
5120,15131,SEDAGWO, 0.00000e+00
5120,15131,SO_TN,0.000000000000e+00
5120,15131,IO_TN,0.000000000000e+00
5120,15131,AO_TN,0.000000000000e+00
5120,15131,PO_TN,0.000000000000e+00
5120,15131,SO_TP,0.000000000000e+00
5120,15131,IO_TP,0.000000000000e+00
5120,15131,AO_TP,0.000000000000e+00
5120,15131,PO_TP,0.000000000000e+00
5120,15131,SED_TP,0.000000000000e+00
5120,15131,SEDWSSD_TP,0.000000000000e+00
5120,15131,SEDSCRS_TP,0.000000000000e+00
5120,15131,SO_TCd,0.000000000000e+00
5120,15131,IO_TCd,0.000000000000e+00
5120,15131,AO_TCd,0.000000000000e+00
5120,15131,PO_TCd,0.000000000000e+00
5120,15131,SED_TCd,0.000000000000e+00
5120,15131,SEDWSSD_TCd,0.000000000000e+00
5120,15131,SEDSCRS_TCd,0.000000000000e+00
5120,15131,SO_TCu,0.000000000000e+00
5120,15131,IO_TCu,0.000000000000e+00
5120,15131,AO_TCu,0.000000000000e+00
5120,15131,PO_TCu,0.000000000000e+00
5120,15131,SED_TCu,0.000000000000e+00
5120,15131,SEDWSSD_TCu,0.000000000000e+00
5120,15131,SEDSCRS_TCu,0.000000000000e+00
5120,15131,SO_TPb,0.000000000000e+00
5120,15131,IO_TPb,0.000000000000e+00
5120,15131,AO_TPb,0.000000000000e+00
5120,15131,PO_TPb,0.000000000000e+00
5120,15131,SED_TPb,0.000000000000e+00
5120,15131,SEDWSSD_TPb,0.000000000000e+00
5120,15131,SEDSCRS_TPb,0.000000000000e+00
5120,15131,SO_TZn,0.000000000000e+00
5120,15131,IO_TZn,0.000000000000e+00
5120,15131,AO_TZn,0.000000000000e+00
5120,15131,PO_TZn,0.000000000000e+00
5120,15131,SED_TZn,0.000000000000e+00
5120,15131,SEDWSSD_TZn,0.000000000000e+00
5120,15131,SEDSCRS_TZn,0.000000000000e+00
5120,15132,AREA,0.000000000000e+00
5120,15132,PREC,0.000000000000e+00
5120,15132,SURO,0.000000000000e+00
5120,15132,IFWO,0.000000000000e+00
5120,15132,AGWO,0.000000000000e+00
5120,15132,PERO,0.000000000000e+00
5120,15132,TAET,0.000000000000e+00
5120,15132,SEDLOAD,0.000000000000e+00
5120,15132,SEDWSSD, 0.00000e+00
5120,15132,SEDSCRS, 0.00000e+00
5120,15132,SEDSURO, 0.00000e+00
5120,15132,SEDIFWO, 0.00000e+00
5120,15132,SEDAGWO, 0.00000e+00
5120,15132,SO_TN,0.000000000000e+00
5120,15132,IO_TN,0.000000000000e+00
5120,15132,AO_TN,0.000000000000e+00
5120,15132,PO_TN,0.000000000000e+00
5120,15132,SO_TP,0.000000000000e+00
5120,15132,IO_TP,0.000000000000e+00
5120,15132,AO_TP,0.000000000000e+00
5120,15132,PO_TP,0.000000000000e+00
5120,15132,SED_TP,0.000000000000e+00
5120,15132,SEDWSSD_TP,0.000000000000e+00
5120,15132,SEDSCRS_TP,0.000000000000e+00
5120,15132,SO_TCd,0.000000000000e+00
5120,15132,IO_TCd,0.000000000000e+00
5120,15132,AO_TCd,0.000000000000e+00
5120,15132,PO_TCd,0.000000000000e+00
5120,15132,SED_TCd,0.000000000000e+00
5120,15132,SEDWSSD_TCd,0.000000000000e+00
5120,15132,SEDSCRS_TCd,0.000000000000e+00
5120,15132,SO_TCu,0.000000000000e+00
5120,15132,IO_TCu,0.000000000000e+00
5120,15132,AO_TCu,0.000000000000e+00
5120,15132,PO_TCu,0.000000000000e+00
5120,15132,SED_TCu,0.000000000000e+00
5120,15132,SEDWSSD_TCu,0.000000000000e+00
5120,15132,SEDSCRS_TCu,0.000000000000e+00
5120,15132,SO_TPb,0.000000000000e+00
5120,15132,IO_TPb,0.000000000000e+00
5120,15132,AO_TPb,0.000000000000e+00
5120,15132,PO_TPb,0.000000000000e+00
5120,15132,SED_TPb,0.000000000000e+00
5120,15132,SEDWSSD_TPb,0.000000000000e+00
5120,15132,SEDSCRS_TPb,0.000000000000e+00
5120,15132,SO_TZn,0.000000000000e+00
5120,15132,IO_TZn,0.000000000000e+00
5120,15132,AO_TZn,0.000000000000e+00
5120,15132,PO_TZn,0.000000000000e+00
5120,15132,SED_TZn,0.000000000000e+00
5120,15132,SEDWSSD_TZn,0.000000000000e+00
5120,15132,SEDSCRS_TZn,0.000000000000e+00
5120,15221,AREA,1.756000000000e-02
5120,15221,PREC,1.747718270408e-01
5120,15221,SURO,9.696889673397e-06
5120,15221,IFWO,5.825849269522e-05
5120,15221,AGWO,6.389371819393e-03
5120,15221,PERO,6.457327201762e-03
5120,15221,TAET,1.683144981739e-01
5120,15221,SEDLOAD,7.359900113382e-07
5120,15221,SEDWSSD, 5.01158e-09
5120,15221,SEDSCRS, 4.19182e-10
5120,15221,SEDSURO, 0.00000e+00
5120,15221,SEDIFWO, 6.60107e-09
5120,15221,SEDAGWO, 7.23958e-07
5120,15221,SO_TN,6.085813748586e-06
5120,15221,IO_TN,1.320216353405e-05
5120,15221,AO_TN,7.239590979531e-04
5120,15221,PO_TN,7.432470752358e-04
5120,15221,SO_TP,1.086153277995e-08
5120,15221,IO_TP,2.640432706810e-06
5120,15221,AO_TP,2.895836391813e-04
5120,15221,PO_TP,2.922349334208e-04
5120,15221,SED_TP,1.086153277995e-08
5120,15221,SEDWSSD_TP,1.002316806062e-08
5120,15221,SEDSCRS_TP,8.383647193378e-10
5120,15221,SO_TCd,5.430766389977e-12
5120,15221,IO_TCd,0.000000000000e+00
5120,15221,AO_TCd,0.000000000000e+00
5120,15221,PO_TCd,5.430766389977e-12
5120,15221,SED_TCd,5.430766389977e-12
5120,15221,SEDWSSD_TCd,5.011584030308e-12
5120,15221,SEDSCRS_TCd,4.191823596689e-13
5120,15221,SO_TCu,5.430766389977e-10
5120,15221,IO_TCu,0.000000000000e+00
5120,15221,AO_TCu,0.000000000000e+00
5120,15221,PO_TCu,5.430766389977e-10
5120,15221,SED_TCu,5.430766389977e-10
5120,15221,SEDWSSD_TCu,5.011584030308e-10
5120,15221,SEDSCRS_TCu,4.191823596689e-11
5120,15221,SO_TPb,5.430766389977e-11
5120,15221,IO_TPb,0.000000000000e+00
5120,15221,AO_TPb,0.000000000000e+00
5120,15221,PO_TPb,5.430766389977e-11
5120,15221,SED_TPb,5.430766389977e-11
5120,15221,SEDWSSD_TPb,5.011584030308e-11
5120,15221,SEDSCRS_TPb,4.191823596689e-12
5120,15221,SO_TZn,3.910151800783e-09
5120,15221,IO_TZn,0.000000000000e+00
5120,15221,AO_TZn,7.239590979531e-05
5120,15221,PO_TZn,7.239981994712e-05
5120,15221,SED_TZn,3.910151800783e-09
5120,15221,SEDWSSD_TZn,3.608340501822e-09
5120,15221,SEDSCRS_TZn,3.018112989616e-10
5120,15222,AREA,0.000000000000e+00
5120,15222,PREC,0.000000000000e+00
5120,15222,SURO,0.000000000000e+00
5120,15222,IFWO,0.000000000000e+00
5120,15222,AGWO,0.000000000000e+00
5120,15222,PERO,0.000000000000e+00
5120,15222,TAET,0.000000000000e+00
5120,15222,SEDLOAD,0.000000000000e+00
5120,15222,SEDWSSD, 0.00000e+00
5120,15222,SEDSCRS, 0.00000e+00
5120,15222,SEDSURO, 0.00000e+00
5120,15222,SEDIFWO, 0.00000e+00
5120,15222,SEDAGWO, 0.00000e+00
5120,15222,SO_TN,0.000000000000e+00
5120,15222,IO_TN,0.000000000000e+00
5120,15222,AO_TN,0.000000000000e+00
5120,15222,PO_TN,0.000000000000e+00
5120,15222,SO_TP,0.000000000000e+00
5120,15222,IO_TP,0.000000000000e+00
5120,15222,AO_TP,0.000000000000e+00
5120,15222,PO_TP,0.000000000000e+00
5120,15222,SED_TP,0.000000000000e+00
5120,15222,SEDWSSD_TP,0.000000000000e+00
5120,15222,SEDSCRS_TP,0.000000000000e+00
5120,15222,SO_TCd,0.000000000000e+00
5120,15222,IO_TCd,0.000000000000e+00
5120,15222,AO_TCd,0.000000000000e+00
5120,15222,PO_TCd,0.000000000000e+00
5120,15222,SED_TCd,0.000000000000e+00
5120,15222,SEDWSSD_TCd,0.000000000000e+00
5120,15222,SEDSCRS_TCd,0.000000000000e+00
5120,15222,SO_TCu,0.000000000000e+00
5120,15222,IO_TCu,0.000000000000e+00
5120,15222,AO_TCu,0.000000000000e+00
5120,15222,PO_TCu,0.000000000000e+00
5120,15222,SED_TCu,0.000000000000e+00
5120,15222,SEDWSSD_TCu,0.000000000000e+00
5120,15222,SEDSCRS_TCu,0.000000000000e+00
5120,15222,SO_TPb,0.000000000000e+00
5120,15222,IO_TPb,0.000000000000e+00
5120,15222,AO_TPb,0.000000000000e+00
5120,15222,PO_TPb,0.000000000000e+00
5120,15222,SED_TPb,0.000000000000e+00
5120,15222,SEDWSSD_TPb,0.000000000000e+00
5120,15222,SEDSCRS_TPb,0.000000000000e+00
5120,15222,SO_TZn,0.000000000000e+00
5120,15222,IO_TZn,0.000000000000e+00
5120,15222,AO_TZn,0.000000000000e+00
5120,15222,PO_TZn,0.000000000000e+00
5120,15222,SED_TZn,0.000000000000e+00
5120,15222,SEDWSSD_TZn,0.000000000000e+00
5120,15222,SEDSCRS_TZn,0.000000000000e+00
5120,15231,AREA,0.000000000000e+00
5120,15231,PREC,0.000000000000e+00
5120,15231,SURO,0.000000000000e+00
5120,15231,IFWO,0.000000000000e+00
5120,15231,AGWO,0.000000000000e+00
5120,15231,PERO,0.000000000000e+00
5120,15231,TAET,0.000000000000e+00
5120,15231,SEDLOAD,0.000000000000e+00
5120,15231,SEDWSSD, 0.00000e+00
5120,15231,SEDSCRS, 0.00000e+00
5120,15231,SEDSURO, 0.00000e+00
5120,15231,SEDIFWO, 0.00000e+00
5120,15231,SEDAGWO, 0.00000e+00
5120,15231,SO_TN,0.000000000000e+00
5120,15231,IO_TN,0.000000000000e+00
5120,15231,AO_TN,0.000000000000e+00
5120,15231,PO_TN,0.000000000000e+00
5120,15231,SO_TP,0.000000000000e+00
5120,15231,IO_TP,0.000000000000e+00
5120,15231,AO_TP,0.000000000000e+00
5120,15231,PO_TP,0.000000000000e+00
5120,15231,SED_TP,0.000000000000e+00
5120,15231,SEDWSSD_TP,0.000000000000e+00
5120,15231,SEDSCRS_TP,0.000000000000e+00
5120,15231,SO_TCd,0.000000000000e+00
5120,15231,IO_TCd,0.000000000000e+00
5120,15231,AO_TCd,0.000000000000e+00
5120,15231,PO_TCd,0.000000000000e+00
5120,15231,SED_TCd,0.000000000000e+00
5120,15231,SEDWSSD_TCd,0.000000000000e+00
5120,15231,SEDSCRS_TCd,0.000000000000e+00
5120,15231,SO_TCu,0.000000000000e+00
5120,15231,IO_TCu,0.000000000000e+00
5120,15231,AO_TCu,0.000000000000e+00
5120,15231,PO_TCu,0.000000000000e+00
5120,15231,SED_TCu,0.000000000000e+00
5120,15231,SEDWSSD_TCu,0.000000000000e+00
5120,15231,SEDSCRS_TCu,0.000000000000e+00
5120,15231,SO_TPb,0.000000000000e+00
5120,15231,IO_TPb,0.000000000000e+00
5120,15231,AO_TPb,0.000000000000e+00
5120,15231,PO_TPb,0.000000000000e+00
5120,15231,SED_TPb,0.000000000000e+00
5120,15231,SEDWSSD_TPb,0.000000000000e+00
5120,15231,SEDSCRS_TPb,0.000000000000e+00
5120,15231,SO_TZn,0.000000000000e+00
5120,15231,IO_TZn,0.000000000000e+00
5120,15231,AO_TZn,0.000000000000e+00
5120,15231,PO_TZn,0.000000000000e+00
5120,15231,SED_TZn,0.000000000000e+00
5120,15231,SEDWSSD_TZn,0.000000000000e+00
5120,15231,SEDSCRS_TZn,0.000000000000e+00
5120,15232,AREA,0.000000000000e+00
5120,15232,PREC,0.000000000000e+00
5120,15232,SURO,0.000000000000e+00
5120,15232,IFWO,0.000000000000e+00
5120,15232,AGWO,0.000000000000e+00
5120,15232,PERO,0.000000000000e+00
5120,15232,TAET,0.000000000000e+00
5120,15232,SEDLOAD,0.000000000000e+00
5120,15232,SEDWSSD, 0.00000e+00
5120,15232,SEDSCRS, 0.00000e+00
5120,15232,SEDSURO, 0.00000e+00
5120,15232,SEDIFWO, 0.00000e+00
5120,15232,SEDAGWO, 0.00000e+00
5120,15232,SO_TN,0.000000000000e+00
5120,15232,IO_TN,0.000000000000e+00
5120,15232,AO_TN,0.000000000000e+00
5120,15232,PO_TN,0.000000000000e+00
5120,15232,SO_TP,0.000000000000e+00
5120,15232,IO_TP,0.000000000000e+00
5120,15232,AO_TP,0.000000000000e+00
5120,15232,PO_TP,0.000000000000e+00
5120,15232,SED_TP,0.000000000000e+00
5120,15232,SEDWSSD_TP,0.000000000000e+00
5120,15232,SEDSCRS_TP,0.000000000000e+00
5120,15232,SO_TCd,0.000000000000e+00
5120,15232,IO_TCd,0.000000000000e+00
5120,15232,AO_TCd,0.000000000000e+00
5120,15232,PO_TCd,0.000000000000e+00
5120,15232,SED_TCd,0.000000000000e+00
5120,15232,SEDWSSD_TCd,0.000000000000e+00
5120,15232,SEDSCRS_TCd,0.000000000000e+00
5120,15232,SO_TCu,0.000000000000e+00
5120,15232,IO_TCu,0.000000000000e+00
5120,15232,AO_TCu,0.000000000000e+00
5120,15232,PO_TCu,0.000000000000e+00
5120,15232,SED_TCu,0.000000000000e+00
5120,15232,SEDWSSD_TCu,0.000000000000e+00
5120,15232,SEDSCRS_TCu,0.000000000000e+00
5120,15232,SO_TPb,0.000000000000e+00
5120,15232,IO_TPb,0.000000000000e+00
5120,15232,AO_TPb,0.000000000000e+00
5120,15232,PO_TPb,0.000000000000e+00
5120,15232,SED_TPb,0.000000000000e+00
5120,15232,SEDWSSD_TPb,0.000000000000e+00
5120,15232,SEDSCRS_TPb,0.000000000000e+00
5120,15232,SO_TZn,0.000000000000e+00
5120,15232,IO_TZn,0.000000000000e+00
5120,15232,AO_TZn,0.000000000000e+00
5120,15232,PO_TZn,0.000000000000e+00
5120,15232,SED_TZn,0.000000000000e+00
5120,15232,SEDWSSD_TZn,0.000000000000e+00
5120,15232,SEDSCRS_TZn,0.000000000000e+00
5120,15321,AREA,0.000000000000e+00
5120,15321,PREC,0.000000000000e+00
5120,15321,SURO,0.000000000000e+00
5120,15321,IFWO,0.000000000000e+00
5120,15321,AGWO,0.000000000000e+00
5120,15321,PERO,0.000000000000e+00
5120,15321,TAET,0.000000000000e+00
5120,15321,SEDLOAD,0.000000000000e+00
5120,15321,SEDWSSD, 0.00000e+00
5120,15321,SEDSCRS, 0.00000e+00
5120,15321,SEDSURO, 0.00000e+00
5120,15321,SEDIFWO, 0.00000e+00
5120,15321,SEDAGWO, 0.00000e+00
5120,15321,SO_TN,0.000000000000e+00
5120,15321,IO_TN,0.000000000000e+00
5120,15321,AO_TN,0.000000000000e+00
5120,15321,PO_TN,0.000000000000e+00
5120,15321,SO_TP,0.000000000000e+00
5120,15321,IO_TP,0.000000000000e+00
5120,15321,AO_TP,0.000000000000e+00
5120,15321,PO_TP,0.000000000000e+00
5120,15321,SED_TP,0.000000000000e+00
5120,15321,SEDWSSD_TP,0.000000000000e+00
5120,15321,SEDSCRS_TP,0.000000000000e+00
5120,15321,SO_TCd,0.000000000000e+00
5120,15321,IO_TCd,0.000000000000e+00
5120,15321,AO_TCd,0.000000000000e+00
5120,15321,PO_TCd,0.000000000000e+00
5120,15321,SED_TCd,0.000000000000e+00
5120,15321,SEDWSSD_TCd,0.000000000000e+00
5120,15321,SEDSCRS_TCd,0.000000000000e+00
5120,15321,SO_TCu,0.000000000000e+00
5120,15321,IO_TCu,0.000000000000e+00
5120,15321,AO_TCu,0.000000000000e+00
5120,15321,PO_TCu,0.000000000000e+00
5120,15321,SED_TCu,0.000000000000e+00
5120,15321,SEDWSSD_TCu,0.000000000000e+00
5120,15321,SEDSCRS_TCu,0.000000000000e+00
5120,15321,SO_TPb,0.000000000000e+00
5120,15321,IO_TPb,0.000000000000e+00
5120,15321,AO_TPb,0.000000000000e+00
5120,15321,PO_TPb,0.000000000000e+00
5120,15321,SED_TPb,0.000000000000e+00
5120,15321,SEDWSSD_TPb,0.000000000000e+00
5120,15321,SEDSCRS_TPb,0.000000000000e+00
5120,15321,SO_TZn,0.000000000000e+00
5120,15321,IO_TZn,0.000000000000e+00
5120,15321,AO_TZn,0.000000000000e+00
5120,15321,PO_TZn,0.000000000000e+00
5120,15321,SED_TZn,0.000000000000e+00
5120,15321,SEDWSSD_TZn,0.000000000000e+00
5120,15321,SEDSCRS_TZn,0.000000000000e+00
5120,15322,AREA,0.000000000000e+00
5120,15322,PREC,0.000000000000e+00
5120,15322,SURO,0.000000000000e+00
5120,15322,IFWO,0.000000000000e+00
5120,15322,AGWO,0.000000000000e+00
5120,15322,PERO,0.000000000000e+00
5120,15322,TAET,0.000000000000e+00
5120,15322,SEDLOAD,0.000000000000e+00
5120,15322,SEDWSSD, 0.00000e+00
5120,15322,SEDSCRS, 0.00000e+00
5120,15322,SEDSURO, 0.00000e+00
5120,15322,SEDIFWO, 0.00000e+00
5120,15322,SEDAGWO, 0.00000e+00
5120,15322,SO_TN,0.000000000000e+00
5120,15322,IO_TN,0.000000000000e+00
5120,15322,AO_TN,0.000000000000e+00
5120,15322,PO_TN,0.000000000000e+00
5120,15322,SO_TP,0.000000000000e+00
5120,15322,IO_TP,0.000000000000e+00
5120,15322,AO_TP,0.000000000000e+00
5120,15322,PO_TP,0.000000000000e+00
5120,15322,SED_TP,0.000000000000e+00
5120,15322,SEDWSSD_TP,0.000000000000e+00
5120,15322,SEDSCRS_TP,0.000000000000e+00
5120,15322,SO_TCd,0.000000000000e+00
5120,15322,IO_TCd,0.000000000000e+00
5120,15322,AO_TCd,0.000000000000e+00
5120,15322,PO_TCd,0.000000000000e+00
5120,15322,SED_TCd,0.000000000000e+00
5120,15322,SEDWSSD_TCd,0.000000000000e+00
5120,15322,SEDSCRS_TCd,0.000000000000e+00
5120,15322,SO_TCu,0.000000000000e+00
5120,15322,IO_TCu,0.000000000000e+00
5120,15322,AO_TCu,0.000000000000e+00
5120,15322,PO_TCu,0.000000000000e+00
5120,15322,SED_TCu,0.000000000000e+00
5120,15322,SEDWSSD_TCu,0.000000000000e+00
5120,15322,SEDSCRS_TCu,0.000000000000e+00
5120,15322,SO_TPb,0.000000000000e+00
5120,15322,IO_TPb,0.000000000000e+00
5120,15322,AO_TPb,0.000000000000e+00
5120,15322,PO_TPb,0.000000000000e+00
5120,15322,SED_TPb,0.000000000000e+00
5120,15322,SEDWSSD_TPb,0.000000000000e+00
5120,15322,SEDSCRS_TPb,0.000000000000e+00
5120,15322,SO_TZn,0.000000000000e+00
5120,15322,IO_TZn,0.000000000000e+00
5120,15322,AO_TZn,0.000000000000e+00
5120,15322,PO_TZn,0.000000000000e+00
5120,15322,SED_TZn,0.000000000000e+00
5120,15322,SEDWSSD_TZn,0.000000000000e+00
5120,15322,SEDSCRS_TZn,0.000000000000e+00
5120,15331,AREA,0.000000000000e+00
5120,15331,PREC,0.000000000000e+00
5120,15331,SURO,0.000000000000e+00
5120,15331,IFWO,0.000000000000e+00
5120,15331,AGWO,0.000000000000e+00
5120,15331,PERO,0.000000000000e+00
5120,15331,TAET,0.000000000000e+00
5120,15331,SEDLOAD,0.000000000000e+00
5120,15331,SEDWSSD, 0.00000e+00
5120,15331,SEDSCRS, 0.00000e+00
5120,15331,SEDSURO, 0.00000e+00
5120,15331,SEDIFWO, 0.00000e+00
5120,15331,SEDAGWO, 0.00000e+00
5120,15331,SO_TN,0.000000000000e+00
5120,15331,IO_TN,0.000000000000e+00
5120,15331,AO_TN,0.000000000000e+00
5120,15331,PO_TN,0.000000000000e+00
5120,15331,SO_TP,0.000000000000e+00
5120,15331,IO_TP,0.000000000000e+00
5120,15331,AO_TP,0.000000000000e+00
5120,15331,PO_TP,0.000000000000e+00
5120,15331,SED_TP,0.000000000000e+00
5120,15331,SEDWSSD_TP,0.000000000000e+00
5120,15331,SEDSCRS_TP,0.000000000000e+00
5120,15331,SO_TCd,0.000000000000e+00
5120,15331,IO_TCd,0.000000000000e+00
5120,15331,AO_TCd,0.000000000000e+00
5120,15331,PO_TCd,0.000000000000e+00
5120,15331,SED_TCd,0.000000000000e+00
5120,15331,SEDWSSD_TCd,0.000000000000e+00
5120,15331,SEDSCRS_TCd,0.000000000000e+00
5120,15331,SO_TCu,0.000000000000e+00
5120,15331,IO_TCu,0.000000000000e+00
5120,15331,AO_TCu,0.000000000000e+00
5120,15331,PO_TCu,0.000000000000e+00
5120,15331,SED_TCu,0.000000000000e+00
5120,15331,SEDWSSD_TCu,0.000000000000e+00
5120,15331,SEDSCRS_TCu,0.000000000000e+00
5120,15331,SO_TPb,0.000000000000e+00
5120,15331,IO_TPb,0.000000000000e+00
5120,15331,AO_TPb,0.000000000000e+00
5120,15331,PO_TPb,0.000000000000e+00
5120,15331,SED_TPb,0.000000000000e+00
5120,15331,SEDWSSD_TPb,0.000000000000e+00
5120,15331,SEDSCRS_TPb,0.000000000000e+00
5120,15331,SO_TZn,0.000000000000e+00
5120,15331,IO_TZn,0.000000000000e+00
5120,15331,AO_TZn,0.000000000000e+00
5120,15331,PO_TZn,0.000000000000e+00
5120,15331,SED_TZn,0.000000000000e+00
5120,15331,SEDWSSD_TZn,0.000000000000e+00
5120,15331,SEDSCRS_TZn,0.000000000000e+00
5120,15332,AREA,0.000000000000e+00
5120,15332,PREC,0.000000000000e+00
5120,15332,SURO,0.000000000000e+00
5120,15332,IFWO,0.000000000000e+00
5120,15332,AGWO,0.000000000000e+00
5120,15332,PERO,0.000000000000e+00
5120,15332,TAET,0.000000000000e+00
5120,15332,SEDLOAD,0.000000000000e+00
5120,15332,SEDWSSD, 0.00000e+00
5120,15332,SEDSCRS, 0.00000e+00
5120,15332,SEDSURO, 0.00000e+00
5120,15332,SEDIFWO, 0.00000e+00
5120,15332,SEDAGWO, 0.00000e+00
5120,15332,SO_TN,0.000000000000e+00
5120,15332,IO_TN,0.000000000000e+00
5120,15332,AO_TN,0.000000000000e+00
5120,15332,PO_TN,0.000000000000e+00
5120,15332,SO_TP,0.000000000000e+00
5120,15332,IO_TP,0.000000000000e+00
5120,15332,AO_TP,0.000000000000e+00
5120,15332,PO_TP,0.000000000000e+00
5120,15332,SED_TP,0.000000000000e+00
5120,15332,SEDWSSD_TP,0.000000000000e+00
5120,15332,SEDSCRS_TP,0.000000000000e+00
5120,15332,SO_TCd,0.000000000000e+00
5120,15332,IO_TCd,0.000000000000e+00
5120,15332,AO_TCd,0.000000000000e+00
5120,15332,PO_TCd,0.000000000000e+00
5120,15332,SED_TCd,0.000000000000e+00
5120,15332,SEDWSSD_TCd,0.000000000000e+00
5120,15332,SEDSCRS_TCd,0.000000000000e+00
5120,15332,SO_TCu,0.000000000000e+00
5120,15332,IO_TCu,0.000000000000e+00
5120,15332,AO_TCu,0.000000000000e+00
5120,15332,PO_TCu,0.000000000000e+00
5120,15332,SED_TCu,0.000000000000e+00
5120,15332,SEDWSSD_TCu,0.000000000000e+00
5120,15332,SEDSCRS_TCu,0.000000000000e+00
5120,15332,SO_TPb,0.000000000000e+00
5120,15332,IO_TPb,0.000000000000e+00
5120,15332,AO_TPb,0.000000000000e+00
5120,15332,PO_TPb,0.000000000000e+00
5120,15332,SED_TPb,0.000000000000e+00
5120,15332,SEDWSSD_TPb,0.000000000000e+00
5120,15332,SEDSCRS_TPb,0.000000000000e+00
5120,15332,SO_TZn,0.000000000000e+00
5120,15332,IO_TZn,0.000000000000e+00
5120,15332,AO_TZn,0.000000000000e+00
5120,15332,PO_TZn,0.000000000000e+00
5120,15332,SED_TZn,0.000000000000e+00
5120,15332,SEDWSSD_TZn,0.000000000000e+00
5120,15332,SEDSCRS_TZn,0.000000000000e+00
5120,15421,AREA,4.522547599999e+01
5120,15421,PREC,4.501218148809e+02
5120,15421,SURO,6.350854930959e+00
5120,15421,IFWO,3.115592370988e+00
5120,15421,AGWO,8.819443878196e+00
5120,15421,PERO,1.828589118014e+01
5120,15421,TAET,4.318359472896e+02
5120,15421,SEDLOAD,1.477350350901e-01
5120,15421,SEDWSSD, 4.77057e-02
5120,15421,SEDSCRS, 9.86770e-02
5120,15421,SEDSURO, 0.00000e+00
5120,15421,SEDIFWO, 3.53017e-04
5120,15421,SEDAGWO, 9.99301e-04
5120,15421,SO_TN,2.596089286202e+00
5120,15421,IO_TN,7.060354307896e-01
5120,15421,AO_TN,9.993027194203e-01
5120,15421,PO_TN,4.301427436412e+00
5120,15421,SO_TP,2.927654327713e-01
5120,15421,IO_TP,1.412070861579e-01
5120,15421,AO_TP,3.997210877681e-01
5120,15421,PO_TP,8.336936066974e-01
5120,15421,SED_TP,2.927654327713e-01
5120,15421,SEDWSSD_TP,9.541149210585e-02
5120,15421,SEDSCRS_TP,1.973539406655e-01
5120,15421,SO_TCd,1.463827163857e-04
5120,15421,IO_TCd,0.000000000000e+00
5120,15421,AO_TCd,0.000000000000e+00
5120,15421,PO_TCd,1.463827163857e-04
5120,15421,SED_TCd,1.463827163857e-04
5120,15421,SEDWSSD_TCd,4.770574605292e-05
5120,15421,SEDSCRS_TCd,9.867697033273e-05
5120,15421,SO_TCu,1.463827163857e-02
5120,15421,IO_TCu,0.000000000000e+00
5120,15421,AO_TCu,0.000000000000e+00
5120,15421,PO_TCu,1.463827163857e-02
5120,15421,SED_TCu,1.463827163857e-02
5120,15421,SEDWSSD_TCu,4.770574605292e-03
5120,15421,SEDSCRS_TCu,9.867697033273e-03
5120,15421,SO_TPb,1.463827163857e-03
5120,15421,IO_TPb,0.000000000000e+00
5120,15421,AO_TPb,0.000000000000e+00
5120,15421,PO_TPb,1.463827163857e-03
5120,15421,SED_TPb,1.463827163857e-03
5120,15421,SEDWSSD_TPb,4.770574605292e-04
5120,15421,SEDSCRS_TPb,9.867697033273e-04
5120,15421,SO_TZn,1.053955557977e-01
5120,15421,IO_TZn,0.000000000000e+00
5120,15421,AO_TZn,9.993027194203e-02
5120,15421,PO_TZn,2.053258277397e-01
5120,15421,SED_TZn,1.053955557977e-01
5120,15421,SEDWSSD_TZn,3.434813715810e-02
5120,15421,SEDSCRS_TZn,7.104741863957e-02
5120,15422,AREA,1.465040599998e+01
5120,15422,PREC,1.458131106782e+02
5120,15422,SURO,2.056718087617e+00
5120,15422,IFWO,1.009039151311e+00
5120,15422,AGWO,1.772090040077e+00
5120,15422,PERO,4.837847279006e+00
5120,15422,TAET,1.393610683523e+02
5120,15422,SEDLOAD,4.772163532188e-02
5120,15422,SEDWSSD, 1.54516e-02
5120,15422,SEDSCRS, 3.19549e-02
5120,15422,SEDSURO, 0.00000e+00
5120,15422,SEDIFWO, 1.14331e-04
5120,15422,SEDAGWO, 2.00790e-04
5120,15422,SO_TN,8.408096654670e-01
5120,15422,IO_TN,2.286619387419e-01
5120,15422,AO_TN,2.007898026864e-01
5120,15422,PO_TN,1.270261406895e+00
5120,15422,SO_TP,9.481302990605e-02
5120,15422,IO_TP,4.573238774838e-02
5120,15422,AO_TP,8.031592107457e-02
5120,15422,PO_TP,2.208613387290e-01
5120,15422,SED_TP,9.481302990605e-02
5120,15422,SEDWSSD_TP,3.090326606931e-02
5120,15422,SEDSCRS_TP,6.390976383674e-02
5120,15422,SO_TCd,4.740651495302e-05
5120,15422,IO_TCd,0.000000000000e+00
5120,15422,AO_TCd,0.000000000000e+00
5120,15422,PO_TCd,4.740651495302e-05
5120,15422,SED_TCd,4.740651495302e-05
5120,15422,SEDWSSD_TCd,1.545163303465e-05
5120,15422,SEDSCRS_TCd,3.195488191837e-05
5120,15422,SO_TCu,4.740651495302e-03
5120,15422,IO_TCu,0.000000000000e+00
5120,15422,AO_TCu,0.000000000000e+00
5120,15422,PO_TCu,4.740651495302e-03
5120,15422,SED_TCu,4.740651495302e-03
5120,15422,SEDWSSD_TCu,1.545163303465e-03
5120,15422,SEDSCRS_TCu,3.195488191837e-03
5120,15422,SO_TPb,4.740651495302e-04
5120,15422,IO_TPb,0.000000000000e+00
5120,15422,AO_TPb,0.000000000000e+00
5120,15422,PO_TPb,4.740651495302e-04
5120,15422,SED_TPb,4.740651495302e-04
5120,15422,SEDWSSD_TPb,1.545163303465e-04
5120,15422,SEDSCRS_TPb,3.195488191837e-04
5120,15422,SO_TZn,3.413269076618e-02
5120,15422,IO_TZn,0.000000000000e+00
5120,15422,AO_TZn,2.007898026864e-02
5120,15422,PO_TZn,5.421167103482e-02
5120,15422,SED_TZn,3.413269076618e-02
5120,15422,SEDWSSD_TZn,1.112517578495e-02
5120,15422,SEDSCRS_TZn,2.300751498123e-02
5120,15431,AREA,0.000000000000e+00
5120,15431,PREC,0.000000000000e+00
5120,15431,SURO,0.000000000000e+00
5120,15431,IFWO,0.000000000000e+00
5120,15431,AGWO,0.000000000000e+00
5120,15431,PERO,0.000000000000e+00
5120,15431,TAET,0.000000000000e+00
5120,15431,SEDLOAD,0.000000000000e+00
5120,15431,SEDWSSD, 0.00000e+00
5120,15431,SEDSCRS, 0.00000e+00
5120,15431,SEDSURO, 0.00000e+00
5120,15431,SEDIFWO, 0.00000e+00
5120,15431,SEDAGWO, 0.00000e+00
5120,15431,SO_TN,0.000000000000e+00
5120,15431,IO_TN,0.000000000000e+00
5120,15431,AO_TN,0.000000000000e+00
5120,15431,PO_TN,0.000000000000e+00
5120,15431,SO_TP,0.000000000000e+00
5120,15431,IO_TP,0.000000000000e+00
5120,15431,AO_TP,0.000000000000e+00
5120,15431,PO_TP,0.000000000000e+00
5120,15431,SED_TP,0.000000000000e+00
5120,15431,SEDWSSD_TP,0.000000000000e+00
5120,15431,SEDSCRS_TP,0.000000000000e+00
5120,15431,SO_TCd,0.000000000000e+00
5120,15431,IO_TCd,0.000000000000e+00
5120,15431,AO_TCd,0.000000000000e+00
5120,15431,PO_TCd,0.000000000000e+00
5120,15431,SED_TCd,0.000000000000e+00
5120,15431,SEDWSSD_TCd,0.000000000000e+00
5120,15431,SEDSCRS_TCd,0.000000000000e+00
5120,15431,SO_TCu,0.000000000000e+00
5120,15431,IO_TCu,0.000000000000e+00
5120,15431,AO_TCu,0.000000000000e+00
5120,15431,PO_TCu,0.000000000000e+00
5120,15431,SED_TCu,0.000000000000e+00
5120,15431,SEDWSSD_TCu,0.000000000000e+00
5120,15431,SEDSCRS_TCu,0.000000000000e+00
5120,15431,SO_TPb,0.000000000000e+00
5120,15431,IO_TPb,0.000000000000e+00
5120,15431,AO_TPb,0.000000000000e+00
5120,15431,PO_TPb,0.000000000000e+00
5120,15431,SED_TPb,0.000000000000e+00
5120,15431,SEDWSSD_TPb,0.000000000000e+00
5120,15431,SEDSCRS_TPb,0.000000000000e+00
5120,15431,SO_TZn,0.000000000000e+00
5120,15431,IO_TZn,0.000000000000e+00
5120,15431,AO_TZn,0.000000000000e+00
5120,15431,PO_TZn,0.000000000000e+00
5120,15431,SED_TZn,0.000000000000e+00
5120,15431,SEDWSSD_TZn,0.000000000000e+00
5120,15431,SEDSCRS_TZn,0.000000000000e+00
5120,15432,AREA,0.000000000000e+00
5120,15432,PREC,0.000000000000e+00
5120,15432,SURO,0.000000000000e+00
5120,15432,IFWO,0.000000000000e+00
5120,15432,AGWO,0.000000000000e+00
5120,15432,PERO,0.000000000000e+00
5120,15432,TAET,0.000000000000e+00
5120,15432,SEDLOAD,0.000000000000e+00
5120,15432,SEDWSSD, 0.00000e+00
5120,15432,SEDSCRS, 0.00000e+00
5120,15432,SEDSURO, 0.00000e+00
5120,15432,SEDIFWO, 0.00000e+00
5120,15432,SEDAGWO, 0.00000e+00
5120,15432,SO_TN,0.000000000000e+00
5120,15432,IO_TN,0.000000000000e+00
5120,15432,AO_TN,0.000000000000e+00
5120,15432,PO_TN,0.000000000000e+00
5120,15432,SO_TP,0.000000000000e+00
5120,15432,IO_TP,0.000000000000e+00
5120,15432,AO_TP,0.000000000000e+00
5120,15432,PO_TP,0.000000000000e+00
5120,15432,SED_TP,0.000000000000e+00
5120,15432,SEDWSSD_TP,0.000000000000e+00
5120,15432,SEDSCRS_TP,0.000000000000e+00
5120,15432,SO_TCd,0.000000000000e+00
5120,15432,IO_TCd,0.000000000000e+00
5120,15432,AO_TCd,0.000000000000e+00
5120,15432,PO_TCd,0.000000000000e+00
5120,15432,SED_TCd,0.000000000000e+00
5120,15432,SEDWSSD_TCd,0.000000000000e+00
5120,15432,SEDSCRS_TCd,0.000000000000e+00
5120,15432,SO_TCu,0.000000000000e+00
5120,15432,IO_TCu,0.000000000000e+00
5120,15432,AO_TCu,0.000000000000e+00
5120,15432,PO_TCu,0.000000000000e+00
5120,15432,SED_TCu,0.000000000000e+00
5120,15432,SEDWSSD_TCu,0.000000000000e+00
5120,15432,SEDSCRS_TCu,0.000000000000e+00
5120,15432,SO_TPb,0.000000000000e+00
5120,15432,IO_TPb,0.000000000000e+00
5120,15432,AO_TPb,0.000000000000e+00
5120,15432,PO_TPb,0.000000000000e+00
5120,15432,SED_TPb,0.000000000000e+00
5120,15432,SEDWSSD_TPb,0.000000000000e+00
5120,15432,SEDSCRS_TPb,0.000000000000e+00
5120,15432,SO_TZn,0.000000000000e+00
5120,15432,IO_TZn,0.000000000000e+00
5120,15432,AO_TZn,0.000000000000e+00
5120,15432,PO_TZn,0.000000000000e+00
5120,15432,SED_TZn,0.000000000000e+00
5120,15432,SEDWSSD_TZn,0.000000000000e+00
5120,15432,SEDSCRS_TZn,0.000000000000e+00
5120,16000,AREA,0.000000000000e+00
5120,16000,PREC,0.000000000000e+00
5120,16000,SURO,0.000000000000e+00
5120,16000,IFWO,0.000000000000e+00
5120,16000,AGWO,0.000000000000e+00
5120,16000,PERO,0.000000000000e+00
5120,16000,TAET,0.000000000000e+00
5120,16000,SEDLOAD,0.000000000000e+00
5120,16000,SEDWSSD, 0.00000e+00
5120,16000,SEDSCRS, 0.00000e+00
5120,16000,SEDSURO, 0.00000e+00
5120,16000,SEDIFWO, 0.00000e+00
5120,16000,SEDAGWO, 0.00000e+00
5120,16000,SO_TN,0.000000000000e+00
5120,16000,IO_TN,0.000000000000e+00
5120,16000,AO_TN,0.000000000000e+00
5120,16000,PO_TN,0.000000000000e+00
5120,16000,SO_TP,0.000000000000e+00
5120,16000,IO_TP,0.000000000000e+00
5120,16000,AO_TP,0.000000000000e+00
5120,16000,PO_TP,0.000000000000e+00
5120,16000,SED_TP,0.000000000000e+00
5120,16000,SEDWSSD_TP,0.000000000000e+00
5120,16000,SEDSCRS_TP,0.000000000000e+00
5120,16000,SO_TCd,0.000000000000e+00
5120,16000,IO_TCd,0.000000000000e+00
5120,16000,AO_TCd,0.000000000000e+00
5120,16000,PO_TCd,0.000000000000e+00
5120,16000,SED_TCd,0.000000000000e+00
5120,16000,SEDWSSD_TCd,0.000000000000e+00
5120,16000,SEDSCRS_TCd,0.000000000000e+00
5120,16000,SO_TCu,0.000000000000e+00
5120,16000,IO_TCu,0.000000000000e+00
5120,16000,AO_TCu,0.000000000000e+00
5120,16000,PO_TCu,0.000000000000e+00
5120,16000,SED_TCu,0.000000000000e+00
5120,16000,SEDWSSD_TCu,0.000000000000e+00
5120,16000,SEDSCRS_TCu,0.000000000000e+00
5120,16000,SO_TPb,0.000000000000e+00
5120,16000,IO_TPb,0.000000000000e+00
5120,16000,AO_TPb,0.000000000000e+00
5120,16000,PO_TPb,0.000000000000e+00
5120,16000,SED_TPb,0.000000000000e+00
5120,16000,SEDWSSD_TPb,0.000000000000e+00
5120,16000,SEDSCRS_TPb,0.000000000000e+00
5120,16000,SO_TZn,0.000000000000e+00
5120,16000,IO_TZn,0.000000000000e+00
5120,16000,AO_TZn,0.000000000000e+00
5120,16000,PO_TZn,0.000000000000e+00
5120,16000,SED_TZn,0.000000000000e+00
5120,16000,SEDWSSD_TZn,0.000000000000e+00
5120,16000,SEDSCRS_TZn,0.000000000000e+00
