subbasin,deluid,parmname,value1
6480,1000,AREA,1.605698899997e+01
6480,1000,PREC,2.104012498814e+02
6480,1000,SURO,1.966969720008e+02
6480,1000,IFWO,0.000000000000e+00
6480,1000,AGWO,0.000000000000e+00
6480,1000,PERO,1.966969720008e+02
6480,1000,TAET,1.370427788059e+01
6480,1000,SEDLOAD,1.193515477892e+00
6480,1000,SEDWSSD, 1.19352e+00
6480,1000,SEDSCRS, 0.00000e+00
6480,1000,SEDSURO, 0.00000e+00
6480,1000,SEDIFWO, 0.00000e+00
6480,1000,SEDAGWO, 0.00000e+00
6480,1000,SO_TN,5.196224814722e+00
6480,1000,IO_TN,0.000000000000e+00
6480,1000,AO_TN,0.000000000000e+00
6480,1000,PO_TN,5.196224814722e+00
6480,1000,SO_TP,5.326062820092e+00
6480,1000,IO_TP,0.000000000000e+00
6480,1000,AO_TP,0.000000000000e+00
6480,1000,PO_TP,5.326062820092e+00
6480,1000,SED_TP,5.326062820092e+00
6480,1000,SEDWSSD_TP,5.326062820092e+00
6480,1000,SEDSCRS_TP,0.000000000000e+00
6480,1000,SO_TCd,2.088652086310e-02
6480,1000,IO_TCd,0.000000000000e+00
6480,1000,AO_TCd,0.000000000000e+00
6480,1000,PO_TCd,2.088652086310e-02
6480,1000,SED_TCd,2.088652086310e-02
6480,1000,SEDWSSD_TCd,2.088652086310e-02
6480,1000,SEDSCRS_TCd,0.000000000000e+00
6480,1000,SO_TCu,2.088652086310e+00
6480,1000,IO_TCu,0.000000000000e+00
6480,1000,AO_TCu,0.000000000000e+00
6480,1000,PO_TCu,2.088652086310e+00
6480,1000,SED_TCu,2.088652086310e+00
6480,1000,SEDWSSD_TCu,2.088652086310e+00
6480,1000,SEDSCRS_TCu,0.000000000000e+00
6480,1000,SO_TPb,2.744308588534e+00
6480,1000,IO_TPb,0.000000000000e+00
6480,1000,AO_TPb,0.000000000000e+00
6480,1000,PO_TPb,2.744308588534e+00
6480,1000,SED_TPb,5.155986864492e-01
6480,1000,SEDWSSD_TPb,5.155986864492e-01
6480,1000,SEDSCRS_TPb,0.000000000000e+00
6480,1000,SO_TZn,1.649915796637e+01
6480,1000,IO_TZn,0.000000000000e+00
6480,1000,AO_TZn,0.000000000000e+00
6480,1000,PO_TZn,1.649915796637e+01
6480,1000,SED_TZn,1.649915796637e+01
6480,1000,SEDWSSD_TZn,1.649915796637e+01
6480,1000,SEDSCRS_TZn,0.000000000000e+00
6480,2000,AREA,2.935298600001e+01
6480,2000,PREC,3.846240999575e+02
6480,2000,SURO,3.595719885828e+02
6480,2000,IFWO,0.000000000000e+00
6480,2000,AGWO,0.000000000000e+00
6480,2000,PERO,3.595719885828e+02
6480,2000,TAET,2.505211137462e+01
6480,2000,SEDLOAD,7.350726594344e+00
6480,2000,SEDWSSD, 7.35073e+00
6480,2000,SEDSCRS, 0.00000e+00
6480,2000,SEDSURO, 0.00000e+00
6480,2000,SEDIFWO, 0.00000e+00
6480,2000,SEDAGWO, 0.00000e+00
6480,2000,SO_TN,9.498961121502e+00
6480,2000,IO_TN,0.000000000000e+00
6480,2000,AO_TN,0.000000000000e+00
6480,2000,PO_TN,9.498961121502e+00
6480,2000,SO_TP,3.280261742726e+01
6480,2000,IO_TP,0.000000000000e+00
6480,2000,AO_TP,0.000000000000e+00
6480,2000,PO_TP,3.280261742726e+01
6480,2000,SED_TP,3.280261742726e+01
6480,2000,SEDWSSD_TP,3.280261742726e+01
6480,2000,SEDSCRS_TP,0.000000000000e+00
6480,2000,SO_TCd,1.102608989152e-01
6480,2000,IO_TCd,0.000000000000e+00
6480,2000,AO_TCd,0.000000000000e+00
6480,2000,PO_TCd,1.102608989152e-01
6480,2000,SED_TCd,1.102608989152e-01
6480,2000,SEDWSSD_TCd,1.102608989152e-01
6480,2000,SEDSCRS_TCd,0.000000000000e+00
6480,2000,SO_TCu,1.102608989152e+01
6480,2000,IO_TCu,0.000000000000e+00
6480,2000,AO_TCu,0.000000000000e+00
6480,2000,PO_TCu,1.102608989152e+01
6480,2000,SED_TCu,1.102608989152e+01
6480,2000,SEDWSSD_TCu,1.102608989152e+01
6480,2000,SEDSCRS_TCu,0.000000000000e+00
6480,2000,SO_TPb,6.455829560561e+00
6480,2000,IO_TPb,0.000000000000e+00
6480,2000,AO_TPb,0.000000000000e+00
6480,2000,PO_TPb,6.455829560561e+00
6480,2000,SED_TPb,2.381635416568e+00
6480,2000,SEDWSSD_TPb,2.381635416568e+00
6480,2000,SEDSCRS_TPb,0.000000000000e+00
6480,2000,SO_TZn,5.080822222011e+01
6480,2000,IO_TZn,0.000000000000e+00
6480,2000,AO_TZn,0.000000000000e+00
6480,2000,PO_TZn,5.080822222011e+01
6480,2000,SED_TZn,5.080822222011e+01
6480,2000,SEDWSSD_TZn,5.080822222011e+01
6480,2000,SEDSCRS_TZn,0.000000000000e+00
6480,3000,AREA,6.062891199999e+01
6480,3000,PREC,7.944452639128e+02
6480,3000,SURO,7.426998552534e+02
6480,3000,IFWO,0.000000000000e+00
6480,3000,AGWO,0.000000000000e+00
6480,3000,PERO,7.426998552534e+02
6480,3000,TAET,5.174540865947e+01
6480,3000,SEDLOAD,1.128501419766e+01
6480,3000,SEDWSSD, 1.12850e+01
6480,3000,SEDSCRS, 0.00000e+00
6480,3000,SEDSURO, 0.00000e+00
6480,3000,SEDIFWO, 0.00000e+00
6480,3000,SEDAGWO, 0.00000e+00
6480,3000,SO_TN,1.962020756345e+01
6480,3000,IO_TN,0.000000000000e+00
6480,3000,AO_TN,0.000000000000e+00
6480,3000,PO_TN,1.962020756345e+01
6480,3000,SO_TP,5.035937585707e+01
6480,3000,IO_TP,0.000000000000e+00
6480,3000,AO_TP,0.000000000000e+00
6480,3000,PO_TP,5.035937585707e+01
6480,3000,SED_TP,5.035937585707e+01
6480,3000,SEDWSSD_TP,5.035937585707e+01
6480,3000,SEDSCRS_TP,0.000000000000e+00
6480,3000,SO_TCd,1.354201703720e-01
6480,3000,IO_TCd,0.000000000000e+00
6480,3000,AO_TCd,0.000000000000e+00
6480,3000,PO_TCd,1.354201703720e-01
6480,3000,SED_TCd,1.354201703720e-01
6480,3000,SEDWSSD_TCd,1.354201703720e-01
6480,3000,SEDSCRS_TCd,0.000000000000e+00
6480,3000,SO_TCu,1.354201703720e+01
6480,3000,IO_TCu,0.000000000000e+00
6480,3000,AO_TCu,0.000000000000e+00
6480,3000,PO_TCu,1.354201703720e+01
6480,3000,SED_TCu,1.354201703720e+01
6480,3000,SEDWSSD_TCu,1.354201703720e+01
6480,3000,SEDSCRS_TCu,0.000000000000e+00
6480,3000,SO_TPb,9.634073872841e+00
6480,3000,IO_TPb,0.000000000000e+00
6480,3000,AO_TPb,0.000000000000e+00
6480,3000,PO_TPb,9.634073872841e+00
6480,3000,SED_TPb,1.218781533348e+00
6480,3000,SEDWSSD_TPb,1.218781533348e+00
6480,3000,SEDSCRS_TPb,0.000000000000e+00
6480,3000,SO_TZn,5.850151360069e+01
6480,3000,IO_TZn,0.000000000000e+00
6480,3000,AO_TZn,0.000000000000e+00
6480,3000,PO_TZn,5.850151360069e+01
6480,3000,SED_TZn,5.850151360069e+01
6480,3000,SEDWSSD_TZn,5.850151360069e+01
6480,3000,SEDSCRS_TZn,0.000000000000e+00
6480,4000,AREA,2.223808900005e+01
6480,4000,PREC,2.913947142004e+02
6480,4000,SURO,2.724150069098e+02
6480,4000,IFWO,0.000000000000e+00
6480,4000,AGWO,0.000000000000e+00
6480,4000,PERO,2.724150069098e+02
6480,4000,TAET,1.897970729065e+01
6480,4000,SEDLOAD,5.568977282914e+00
6480,4000,SEDWSSD, 5.56898e+00
6480,4000,SEDSCRS, 0.00000e+00
6480,4000,SEDSURO, 0.00000e+00
6480,4000,SEDIFWO, 0.00000e+00
6480,4000,SEDAGWO, 0.00000e+00
6480,4000,SO_TN,1.631110161837e+02
6480,4000,IO_TN,0.000000000000e+00
6480,4000,AO_TN,0.000000000000e+00
6480,4000,PO_TN,1.631110161837e+02
6480,4000,SO_TP,4.093198302942e+01
6480,4000,IO_TP,0.000000000000e+00
6480,4000,AO_TP,0.000000000000e+00
6480,4000,PO_TP,4.093198302942e+01
6480,4000,SED_TP,4.093198302942e+01
6480,4000,SEDWSSD_TP,4.093198302942e+01
6480,4000,SEDSCRS_TP,0.000000000000e+00
6480,4000,SO_TCd,8.353465924371e-02
6480,4000,IO_TCd,0.000000000000e+00
6480,4000,AO_TCd,0.000000000000e+00
6480,4000,PO_TCd,8.353465924371e-02
6480,4000,SED_TCd,8.353465924371e-02
6480,4000,SEDWSSD_TCd,8.353465924371e-02
6480,4000,SEDSCRS_TCd,0.000000000000e+00
6480,4000,SO_TCu,8.353465924371e+00
6480,4000,IO_TCu,0.000000000000e+00
6480,4000,AO_TCu,0.000000000000e+00
6480,4000,PO_TCu,8.353465924371e+00
6480,4000,SED_TCu,8.353465924371e+00
6480,4000,SEDWSSD_TCu,8.353465924371e+00
6480,4000,SEDSCRS_TCu,0.000000000000e+00
6480,4000,SO_TPb,5.492444702433e+00
6480,4000,IO_TPb,0.000000000000e+00
6480,4000,AO_TPb,0.000000000000e+00
6480,4000,PO_TPb,5.492444702433e+00
6480,4000,SED_TPb,2.405798186219e+00
6480,4000,SEDWSSD_TPb,2.405798186219e+00
6480,4000,SEDSCRS_TPb,0.000000000000e+00
6480,4000,SO_TZn,2.506039777311e+01
6480,4000,IO_TZn,0.000000000000e+00
6480,4000,AO_TZn,0.000000000000e+00
6480,4000,PO_TZn,2.506039777311e+01
6480,4000,SED_TZn,2.506039777311e+01
6480,4000,SEDWSSD_TZn,2.506039777311e+01
6480,4000,SEDSCRS_TZn,0.000000000000e+00
6480,5000,AREA,2.046742900000e+02
6480,5000,PREC,2.681930369049e+03
6480,5000,SURO,2.507245479798e+03
6480,5000,IFWO,0.000000000000e+00
6480,5000,AGWO,0.000000000000e+00
6480,5000,PERO,2.507245479798e+03
6480,5000,TAET,1.746848892511e+02
6480,5000,SEDLOAD,3.048402204291e+01
6480,5000,SEDWSSD, 3.04840e+01
6480,5000,SEDSCRS, 0.00000e+00
6480,5000,SEDSURO, 0.00000e+00
6480,5000,SEDIFWO, 0.00000e+00
6480,5000,SEDAGWO, 0.00000e+00
6480,5000,SO_TN,1.702316537951e+03
6480,5000,IO_TN,0.000000000000e+00
6480,5000,AO_TN,0.000000000000e+00
6480,5000,PO_TN,1.702316537951e+03
6480,5000,SO_TP,2.080534504429e+02
6480,5000,IO_TP,0.000000000000e+00
6480,5000,AO_TP,0.000000000000e+00
6480,5000,PO_TP,2.080534504429e+02
6480,5000,SED_TP,2.080534504429e+02
6480,5000,SEDWSSD_TP,2.080534504429e+02
6480,5000,SEDSCRS_TP,0.000000000000e+00
6480,5000,SO_TCd,2.286301653218e-01
6480,5000,IO_TCd,0.000000000000e+00
6480,5000,AO_TCd,0.000000000000e+00
6480,5000,PO_TCd,2.286301653218e-01
6480,5000,SED_TCd,2.286301653218e-01
6480,5000,SEDWSSD_TCd,2.286301653218e-01
6480,5000,SEDSCRS_TCd,0.000000000000e+00
6480,5000,SO_TCu,2.286301653218e+01
6480,5000,IO_TCu,0.000000000000e+00
6480,5000,AO_TCu,0.000000000000e+00
6480,5000,PO_TCu,2.286301653218e+01
6480,5000,SED_TCu,2.286301653218e+01
6480,5000,SEDWSSD_TCu,2.286301653218e+01
6480,5000,SEDSCRS_TCu,0.000000000000e+00
6480,5000,SO_TPb,3.993174960306e+01
6480,5000,IO_TPb,0.000000000000e+00
6480,5000,AO_TPb,0.000000000000e+00
6480,5000,PO_TPb,3.993174960306e+01
6480,5000,SED_TPb,1.152296033222e+01
6480,5000,SEDWSSD_TPb,1.152296033222e+01
6480,5000,SEDSCRS_TPb,0.000000000000e+00
6480,5000,SO_TZn,8.230685951585e+01
6480,5000,IO_TZn,0.000000000000e+00
6480,5000,AO_TZn,0.000000000000e+00
6480,5000,PO_TZn,8.230685951585e+01
6480,5000,SED_TZn,8.230685951585e+01
6480,5000,SEDWSSD_TZn,8.230685951585e+01
6480,5000,SEDSCRS_TZn,0.000000000000e+00
6480,6000,AREA,1.701407300004e+01
6480,6000,PREC,2.229423103406e+02
6480,6000,SURO,2.084211828570e+02
6480,6000,IFWO,0.000000000000e+00
6480,6000,AGWO,0.000000000000e+00
6480,6000,PERO,2.084211828570e+02
6480,6000,TAET,1.452112748365e+01
6480,6000,SEDLOAD,4.260752172853e+00
6480,6000,SEDWSSD, 4.26075e+00
6480,6000,SEDSCRS, 0.00000e+00
6480,6000,SEDSURO, 0.00000e+00
6480,6000,SEDIFWO, 0.00000e+00
6480,6000,SEDAGWO, 0.00000e+00
6480,6000,SO_TN,1.130417159212e+02
6480,6000,IO_TN,0.000000000000e+00
6480,6000,AO_TN,0.000000000000e+00
6480,6000,PO_TN,1.130417159212e+02
6480,6000,SO_TP,3.355342336122e+01
6480,6000,IO_TP,0.000000000000e+00
6480,6000,AO_TP,0.000000000000e+00
6480,6000,PO_TP,3.355342336122e+01
6480,6000,SED_TP,3.355342336122e+01
6480,6000,SEDWSSD_TP,3.355342336122e+01
6480,6000,SEDSCRS_TP,0.000000000000e+00
6480,6000,SO_TCd,8.521504345705e-02
6480,6000,IO_TCd,0.000000000000e+00
6480,6000,AO_TCd,0.000000000000e+00
6480,6000,PO_TCd,8.521504345705e-02
6480,6000,SED_TCd,8.521504345705e-02
6480,6000,SEDWSSD_TCd,8.521504345705e-02
6480,6000,SEDSCRS_TCd,0.000000000000e+00
6480,6000,SO_TCu,8.521504345705e+00
6480,6000,IO_TCu,0.000000000000e+00
6480,6000,AO_TCu,0.000000000000e+00
6480,6000,PO_TCu,8.521504345705e+00
6480,6000,SED_TCu,8.521504345705e+00
6480,6000,SEDWSSD_TCu,8.521504345705e+00
6480,6000,SEDSCRS_TCu,0.000000000000e+00
6480,6000,SO_TPb,4.570327077492e+00
6480,6000,IO_TPb,0.000000000000e+00
6480,6000,AO_TPb,0.000000000000e+00
6480,6000,PO_TPb,4.570327077492e+00
6480,6000,SED_TPb,2.208773926407e+00
6480,6000,SEDWSSD_TPb,2.208773926407e+00
6480,6000,SEDSCRS_TPb,0.000000000000e+00
6480,6000,SO_TZn,2.454193251563e+01
6480,6000,IO_TZn,0.000000000000e+00
6480,6000,AO_TZn,0.000000000000e+00
6480,6000,PO_TZn,2.454193251563e+01
6480,6000,SED_TZn,2.454193251563e+01
6480,6000,SEDWSSD_TZn,2.454193251563e+01
6480,6000,SEDSCRS_TZn,0.000000000000e+00
6480,7000,AREA,4.415695999997e+00
6480,7000,PREC,5.786065852673e+01
6480,7000,SURO,5.409196160477e+01
6480,7000,IFWO,0.000000000000e+00
6480,7000,AGWO,0.000000000000e+00
6480,7000,PERO,5.409196160477e+01
6480,7000,TAET,3.768696921957e+00
6480,7000,SEDLOAD,1.345246063732e+00
6480,7000,SEDWSSD, 1.34525e+00
6480,7000,SEDSCRS, 0.00000e+00
6480,7000,SEDSURO, 0.00000e+00
6480,7000,SEDIFWO, 0.00000e+00
6480,7000,SEDAGWO, 0.00000e+00
6480,7000,SO_TN,2.470459493308e+01
6480,7000,IO_TN,0.000000000000e+00
6480,7000,AO_TN,0.000000000000e+00
6480,7000,PO_TN,2.470459493308e+01
6480,7000,SO_TP,9.887558568427e+00
6480,7000,IO_TP,0.000000000000e+00
6480,7000,AO_TP,0.000000000000e+00
6480,7000,PO_TP,9.887558568427e+00
6480,7000,SED_TP,9.887558568427e+00
6480,7000,SEDWSSD_TP,9.887558568427e+00
6480,7000,SEDSCRS_TP,0.000000000000e+00
6480,7000,SO_TCd,3.363115159329e-02
6480,7000,IO_TCd,0.000000000000e+00
6480,7000,AO_TCd,0.000000000000e+00
6480,7000,PO_TCd,3.363115159329e-02
6480,7000,SED_TCd,3.363115159329e-02
6480,7000,SEDWSSD_TCd,3.363115159329e-02
6480,7000,SEDSCRS_TCd,0.000000000000e+00
6480,7000,SO_TCu,3.363115159329e+00
6480,7000,IO_TCu,0.000000000000e+00
6480,7000,AO_TCu,0.000000000000e+00
6480,7000,PO_TCu,3.363115159329e+00
6480,7000,SED_TCu,3.363115159329e+00
6480,7000,SEDWSSD_TCu,3.363115159329e+00
6480,7000,SEDSCRS_TCu,0.000000000000e+00
6480,7000,SO_TPb,1.542732636994e+00
6480,7000,IO_TPb,0.000000000000e+00
6480,7000,AO_TPb,0.000000000000e+00
6480,7000,PO_TPb,1.542732636994e+00
6480,7000,SED_TPb,9.298340792513e-01
6480,7000,SEDWSSD_TPb,9.298340792513e-01
6480,7000,SEDSCRS_TPb,0.000000000000e+00
6480,7000,SO_TZn,1.549723465419e+01
6480,7000,IO_TZn,0.000000000000e+00
6480,7000,AO_TZn,0.000000000000e+00
6480,7000,PO_TZn,1.549723465419e+01
6480,7000,SED_TZn,1.549723465419e+01
6480,7000,SEDWSSD_TZn,1.549723465419e+01
6480,7000,SEDSCRS_TZn,0.000000000000e+00
6480,8000,AREA,9.495837999982e+00
6480,8000,PREC,1.244278229170e+02
6480,8000,SURO,1.163233394013e+02
6480,8000,IFWO,0.000000000000e+00
6480,8000,AGWO,0.000000000000e+00
6480,8000,PERO,1.163233394013e+02
6480,8000,TAET,8.104483515623e+00
6480,8000,SEDLOAD,2.095508781139e+00
6480,8000,SEDWSSD, 2.09551e+00
6480,8000,SEDSCRS, 0.00000e+00
6480,8000,SEDSURO, 0.00000e+00
6480,8000,SEDIFWO, 0.00000e+00
6480,8000,SEDAGWO, 0.00000e+00
6480,8000,SO_TN,3.041196250747e+01
6480,8000,IO_TN,0.000000000000e+00
6480,8000,AO_TN,0.000000000000e+00
6480,8000,PO_TN,3.041196250747e+01
6480,8000,SO_TP,2.200284220196e+00
6480,8000,IO_TP,0.000000000000e+00
6480,8000,AO_TP,0.000000000000e+00
6480,8000,PO_TP,2.200284220196e+00
6480,8000,SED_TP,2.200284220196e+00
6480,8000,SEDWSSD_TP,2.200284220196e+00
6480,8000,SEDSCRS_TP,0.000000000000e+00
6480,8000,SO_TCd,2.357447378781e-02
6480,8000,IO_TCd,0.000000000000e+00
6480,8000,AO_TCd,0.000000000000e+00
6480,8000,PO_TCd,2.357447378781e-02
6480,8000,SED_TCd,2.357447378781e-02
6480,8000,SEDWSSD_TCd,2.357447378781e-02
6480,8000,SEDSCRS_TCd,0.000000000000e+00
6480,8000,SO_TCu,2.357447378781e+00
6480,8000,IO_TCu,0.000000000000e+00
6480,8000,AO_TCu,0.000000000000e+00
6480,8000,PO_TCu,2.357447378781e+00
6480,8000,SED_TCu,2.357447378781e+00
6480,8000,SEDWSSD_TCu,2.357447378781e+00
6480,8000,SEDSCRS_TCu,0.000000000000e+00
6480,8000,SO_TPb,1.883809584113e+00
6480,8000,IO_TPb,0.000000000000e+00
6480,8000,AO_TPb,0.000000000000e+00
6480,8000,PO_TPb,1.883809584113e+00
6480,8000,SED_TPb,5.657873709075e-01
6480,8000,SEDWSSD_TPb,5.657873709075e-01
6480,8000,SEDSCRS_TPb,0.000000000000e+00
6480,8000,SO_TZn,9.052597934521e+00
6480,8000,IO_TZn,0.000000000000e+00
6480,8000,AO_TZn,0.000000000000e+00
6480,8000,PO_TZn,9.052597934521e+00
6480,8000,SED_TZn,9.052597934521e+00
6480,8000,SEDWSSD_TZn,9.052597934521e+00
6480,8000,SEDSCRS_TZn,0.000000000000e+00
6480,9000,AREA,1.066059940000e+02
6480,9000,PREC,1.396901647155e+03
6480,9000,SURO,1.341903727418e+03
6480,9000,IFWO,0.000000000000e+00
6480,9000,AGWO,0.000000000000e+00
6480,9000,PERO,1.341903727418e+03
6480,9000,TAET,5.499791973676e+01
6480,9000,SEDLOAD,2.817709451834e+00
6480,9000,SEDWSSD, 2.81771e+00
6480,9000,SEDSCRS, 0.00000e+00
6480,9000,SEDSURO, 0.00000e+00
6480,9000,SEDIFWO, 0.00000e+00
6480,9000,SEDAGWO, 0.00000e+00
6480,9000,SO_TN,3.510305420581e+02
6480,9000,IO_TN,0.000000000000e+00
6480,9000,AO_TN,0.000000000000e+00
6480,9000,PO_TN,3.510305420581e+02
6480,9000,SO_TP,2.958594924426e+00
6480,9000,IO_TP,0.000000000000e+00
6480,9000,AO_TP,0.000000000000e+00
6480,9000,PO_TP,2.958594924426e+00
6480,9000,SED_TP,2.958594924426e+00
6480,9000,SEDWSSD_TP,2.958594924426e+00
6480,9000,SEDSCRS_TP,0.000000000000e+00
6480,9000,SO_TCd,1.056641044438e-02
6480,9000,IO_TCd,0.000000000000e+00
6480,9000,AO_TCd,0.000000000000e+00
6480,9000,PO_TCd,1.056641044438e-02
6480,9000,SED_TCd,1.056641044438e-02
6480,9000,SEDWSSD_TCd,1.056641044438e-02
6480,9000,SEDSCRS_TCd,0.000000000000e+00
6480,9000,SO_TCu,1.056641044438e+00
6480,9000,IO_TCu,0.000000000000e+00
6480,9000,AO_TCu,0.000000000000e+00
6480,9000,PO_TCu,1.056641044438e+00
6480,9000,SED_TCu,1.056641044438e+00
6480,9000,SEDWSSD_TCu,1.056641044438e+00
6480,9000,SEDSCRS_TCu,0.000000000000e+00
6480,9000,SO_TPb,2.535938506651e-01
6480,9000,IO_TPb,0.000000000000e+00
6480,9000,AO_TPb,0.000000000000e+00
6480,9000,PO_TPb,2.535938506651e-01
6480,9000,SED_TPb,2.535938506651e-01
6480,9000,SEDWSSD_TPb,2.535938506651e-01
6480,9000,SEDSCRS_TPb,0.000000000000e+00
6480,9000,SO_TZn,1.521563103990e+01
6480,9000,IO_TZn,0.000000000000e+00
6480,9000,AO_TZn,0.000000000000e+00
6480,9000,PO_TZn,1.521563103990e+01
6480,9000,SED_TZn,1.521563103990e+01
6480,9000,SEDWSSD_TZn,1.521563103990e+01
6480,9000,SEDSCRS_TZn,0.000000000000e+00
6480,10000,AREA,1.070754300000e+01
6480,10000,PREC,1.403052857767e+02
6480,10000,SURO,2.974363626249e+02
6480,10000,IFWO,0.000000000000e+00
6480,10000,AGWO,0.000000000000e+00
6480,10000,PERO,2.974363626249e+02
6480,10000,TAET,1.558817414423e+02
6480,10000,SEDLOAD,5.055226664251e+00
6480,10000,SEDWSSD, 0.00000e+00
6480,10000,SEDSCRS, 0.00000e+00
6480,10000,SEDSURO, 5.05523e+00
6480,10000,SEDIFWO, 0.00000e+00
6480,10000,SEDAGWO, 0.00000e+00
6480,10000,SO_TN,2.696124337366e+02
6480,10000,IO_TN,0.000000000000e+00
6480,10000,AO_TN,0.000000000000e+00
6480,10000,PO_TN,2.696124337366e+02
6480,10000,SO_TP,2.696124337366e+01
6480,10000,IO_TP,0.000000000000e+00
6480,10000,AO_TP,0.000000000000e+00
6480,10000,PO_TP,2.696124337366e+01
6480,10000,SED_TP,0.000000000000e+00
6480,10000,SEDWSSD_TP,0.000000000000e+00
6480,10000,SEDSCRS_TP,0.000000000000e+00
6480,10000,SO_TCd,6.740310843415e-03
6480,10000,IO_TCd,0.000000000000e+00
6480,10000,AO_TCd,0.000000000000e+00
6480,10000,PO_TCd,6.740310843415e-03
6480,10000,SED_TCd,0.000000000000e+00
6480,10000,SEDWSSD_TCd,0.000000000000e+00
6480,10000,SEDSCRS_TCd,0.000000000000e+00
6480,10000,SO_TCu,1.685077710854e+00
6480,10000,IO_TCu,0.000000000000e+00
6480,10000,AO_TCu,0.000000000000e+00
6480,10000,PO_TCu,1.685077710854e+00
6480,10000,SED_TCu,0.000000000000e+00
6480,10000,SEDWSSD_TCu,0.000000000000e+00
6480,10000,SEDSCRS_TCu,0.000000000000e+00
6480,10000,SO_TPb,2.696124337366e-01
6480,10000,IO_TPb,0.000000000000e+00
6480,10000,AO_TPb,0.000000000000e+00
6480,10000,PO_TPb,2.696124337366e-01
6480,10000,SED_TPb,0.000000000000e+00
6480,10000,SEDWSSD_TPb,0.000000000000e+00
6480,10000,SEDSCRS_TPb,0.000000000000e+00
6480,10000,SO_TZn,5.392248674732e+00
6480,10000,IO_TZn,0.000000000000e+00
6480,10000,AO_TZn,0.000000000000e+00
6480,10000,PO_TZn,5.392248674732e+00
6480,10000,SED_TZn,0.000000000000e+00
6480,10000,SEDWSSD_TZn,0.000000000000e+00
6480,10000,SEDSCRS_TZn,0.000000000000e+00
6480,11111,AREA,0.000000000000e+00
6480,11111,PREC,0.000000000000e+00
6480,11111,SURO,0.000000000000e+00
6480,11111,IFWO,0.000000000000e+00
6480,11111,AGWO,0.000000000000e+00
6480,11111,PERO,0.000000000000e+00
6480,11111,TAET,0.000000000000e+00
6480,11111,SEDLOAD,0.000000000000e+00
6480,11111,SEDWSSD, 0.00000e+00
6480,11111,SEDSCRS, 0.00000e+00
6480,11111,SEDSURO, 0.00000e+00
6480,11111,SEDIFWO, 0.00000e+00
6480,11111,SEDAGWO, 0.00000e+00
6480,11111,SO_TN,0.000000000000e+00
6480,11111,IO_TN,0.000000000000e+00
6480,11111,AO_TN,0.000000000000e+00
6480,11111,PO_TN,0.000000000000e+00
6480,11111,SO_TP,0.000000000000e+00
6480,11111,IO_TP,0.000000000000e+00
6480,11111,AO_TP,0.000000000000e+00
6480,11111,PO_TP,0.000000000000e+00
6480,11111,SED_TP,0.000000000000e+00
6480,11111,SEDWSSD_TP,0.000000000000e+00
6480,11111,SEDSCRS_TP,0.000000000000e+00
6480,11111,SO_TCd,0.000000000000e+00
6480,11111,IO_TCd,0.000000000000e+00
6480,11111,AO_TCd,0.000000000000e+00
6480,11111,PO_TCd,0.000000000000e+00
6480,11111,SED_TCd,0.000000000000e+00
6480,11111,SEDWSSD_TCd,0.000000000000e+00
6480,11111,SEDSCRS_TCd,0.000000000000e+00
6480,11111,SO_TCu,0.000000000000e+00
6480,11111,IO_TCu,0.000000000000e+00
6480,11111,AO_TCu,0.000000000000e+00
6480,11111,PO_TCu,0.000000000000e+00
6480,11111,SED_TCu,0.000000000000e+00
6480,11111,SEDWSSD_TCu,0.000000000000e+00
6480,11111,SEDSCRS_TCu,0.000000000000e+00
6480,11111,SO_TPb,0.000000000000e+00
6480,11111,IO_TPb,0.000000000000e+00
6480,11111,AO_TPb,0.000000000000e+00
6480,11111,PO_TPb,0.000000000000e+00
6480,11111,SED_TPb,0.000000000000e+00
6480,11111,SEDWSSD_TPb,0.000000000000e+00
6480,11111,SEDSCRS_TPb,0.000000000000e+00
6480,11111,SO_TZn,0.000000000000e+00
6480,11111,IO_TZn,0.000000000000e+00
6480,11111,AO_TZn,0.000000000000e+00
6480,11111,PO_TZn,0.000000000000e+00
6480,11111,SED_TZn,0.000000000000e+00
6480,11111,SEDWSSD_TZn,0.000000000000e+00
6480,11111,SEDSCRS_TZn,0.000000000000e+00
6480,11112,AREA,0.000000000000e+00
6480,11112,PREC,0.000000000000e+00
6480,11112,SURO,0.000000000000e+00
6480,11112,IFWO,0.000000000000e+00
6480,11112,AGWO,0.000000000000e+00
6480,11112,PERO,0.000000000000e+00
6480,11112,TAET,0.000000000000e+00
6480,11112,SEDLOAD,0.000000000000e+00
6480,11112,SEDWSSD, 0.00000e+00
6480,11112,SEDSCRS, 0.00000e+00
6480,11112,SEDSURO, 0.00000e+00
6480,11112,SEDIFWO, 0.00000e+00
6480,11112,SEDAGWO, 0.00000e+00
6480,11112,SO_TN,0.000000000000e+00
6480,11112,IO_TN,0.000000000000e+00
6480,11112,AO_TN,0.000000000000e+00
6480,11112,PO_TN,0.000000000000e+00
6480,11112,SO_TP,0.000000000000e+00
6480,11112,IO_TP,0.000000000000e+00
6480,11112,AO_TP,0.000000000000e+00
6480,11112,PO_TP,0.000000000000e+00
6480,11112,SED_TP,0.000000000000e+00
6480,11112,SEDWSSD_TP,0.000000000000e+00
6480,11112,SEDSCRS_TP,0.000000000000e+00
6480,11112,SO_TCd,0.000000000000e+00
6480,11112,IO_TCd,0.000000000000e+00
6480,11112,AO_TCd,0.000000000000e+00
6480,11112,PO_TCd,0.000000000000e+00
6480,11112,SED_TCd,0.000000000000e+00
6480,11112,SEDWSSD_TCd,0.000000000000e+00
6480,11112,SEDSCRS_TCd,0.000000000000e+00
6480,11112,SO_TCu,0.000000000000e+00
6480,11112,IO_TCu,0.000000000000e+00
6480,11112,AO_TCu,0.000000000000e+00
6480,11112,PO_TCu,0.000000000000e+00
6480,11112,SED_TCu,0.000000000000e+00
6480,11112,SEDWSSD_TCu,0.000000000000e+00
6480,11112,SEDSCRS_TCu,0.000000000000e+00
6480,11112,SO_TPb,0.000000000000e+00
6480,11112,IO_TPb,0.000000000000e+00
6480,11112,AO_TPb,0.000000000000e+00
6480,11112,PO_TPb,0.000000000000e+00
6480,11112,SED_TPb,0.000000000000e+00
6480,11112,SEDWSSD_TPb,0.000000000000e+00
6480,11112,SEDSCRS_TPb,0.000000000000e+00
6480,11112,SO_TZn,0.000000000000e+00
6480,11112,IO_TZn,0.000000000000e+00
6480,11112,AO_TZn,0.000000000000e+00
6480,11112,PO_TZn,0.000000000000e+00
6480,11112,SED_TZn,0.000000000000e+00
6480,11112,SEDWSSD_TZn,0.000000000000e+00
6480,11112,SEDSCRS_TZn,0.000000000000e+00
6480,11121,AREA,0.000000000000e+00
6480,11121,PREC,0.000000000000e+00
6480,11121,SURO,0.000000000000e+00
6480,11121,IFWO,0.000000000000e+00
6480,11121,AGWO,0.000000000000e+00
6480,11121,PERO,0.000000000000e+00
6480,11121,TAET,0.000000000000e+00
6480,11121,SEDLOAD,0.000000000000e+00
6480,11121,SEDWSSD, 0.00000e+00
6480,11121,SEDSCRS, 0.00000e+00
6480,11121,SEDSURO, 0.00000e+00
6480,11121,SEDIFWO, 0.00000e+00
6480,11121,SEDAGWO, 0.00000e+00
6480,11121,SO_TN,0.000000000000e+00
6480,11121,IO_TN,0.000000000000e+00
6480,11121,AO_TN,0.000000000000e+00
6480,11121,PO_TN,0.000000000000e+00
6480,11121,SO_TP,0.000000000000e+00
6480,11121,IO_TP,0.000000000000e+00
6480,11121,AO_TP,0.000000000000e+00
6480,11121,PO_TP,0.000000000000e+00
6480,11121,SED_TP,0.000000000000e+00
6480,11121,SEDWSSD_TP,0.000000000000e+00
6480,11121,SEDSCRS_TP,0.000000000000e+00
6480,11121,SO_TCd,0.000000000000e+00
6480,11121,IO_TCd,0.000000000000e+00
6480,11121,AO_TCd,0.000000000000e+00
6480,11121,PO_TCd,0.000000000000e+00
6480,11121,SED_TCd,0.000000000000e+00
6480,11121,SEDWSSD_TCd,0.000000000000e+00
6480,11121,SEDSCRS_TCd,0.000000000000e+00
6480,11121,SO_TCu,0.000000000000e+00
6480,11121,IO_TCu,0.000000000000e+00
6480,11121,AO_TCu,0.000000000000e+00
6480,11121,PO_TCu,0.000000000000e+00
6480,11121,SED_TCu,0.000000000000e+00
6480,11121,SEDWSSD_TCu,0.000000000000e+00
6480,11121,SEDSCRS_TCu,0.000000000000e+00
6480,11121,SO_TPb,0.000000000000e+00
6480,11121,IO_TPb,0.000000000000e+00
6480,11121,AO_TPb,0.000000000000e+00
6480,11121,PO_TPb,0.000000000000e+00
6480,11121,SED_TPb,0.000000000000e+00
6480,11121,SEDWSSD_TPb,0.000000000000e+00
6480,11121,SEDSCRS_TPb,0.000000000000e+00
6480,11121,SO_TZn,0.000000000000e+00
6480,11121,IO_TZn,0.000000000000e+00
6480,11121,AO_TZn,0.000000000000e+00
6480,11121,PO_TZn,0.000000000000e+00
6480,11121,SED_TZn,0.000000000000e+00
6480,11121,SEDWSSD_TZn,0.000000000000e+00
6480,11121,SEDSCRS_TZn,0.000000000000e+00
6480,11122,AREA,0.000000000000e+00
6480,11122,PREC,0.000000000000e+00
6480,11122,SURO,0.000000000000e+00
6480,11122,IFWO,0.000000000000e+00
6480,11122,AGWO,0.000000000000e+00
6480,11122,PERO,0.000000000000e+00
6480,11122,TAET,0.000000000000e+00
6480,11122,SEDLOAD,0.000000000000e+00
6480,11122,SEDWSSD, 0.00000e+00
6480,11122,SEDSCRS, 0.00000e+00
6480,11122,SEDSURO, 0.00000e+00
6480,11122,SEDIFWO, 0.00000e+00
6480,11122,SEDAGWO, 0.00000e+00
6480,11122,SO_TN,0.000000000000e+00
6480,11122,IO_TN,0.000000000000e+00
6480,11122,AO_TN,0.000000000000e+00
6480,11122,PO_TN,0.000000000000e+00
6480,11122,SO_TP,0.000000000000e+00
6480,11122,IO_TP,0.000000000000e+00
6480,11122,AO_TP,0.000000000000e+00
6480,11122,PO_TP,0.000000000000e+00
6480,11122,SED_TP,0.000000000000e+00
6480,11122,SEDWSSD_TP,0.000000000000e+00
6480,11122,SEDSCRS_TP,0.000000000000e+00
6480,11122,SO_TCd,0.000000000000e+00
6480,11122,IO_TCd,0.000000000000e+00
6480,11122,AO_TCd,0.000000000000e+00
6480,11122,PO_TCd,0.000000000000e+00
6480,11122,SED_TCd,0.000000000000e+00
6480,11122,SEDWSSD_TCd,0.000000000000e+00
6480,11122,SEDSCRS_TCd,0.000000000000e+00
6480,11122,SO_TCu,0.000000000000e+00
6480,11122,IO_TCu,0.000000000000e+00
6480,11122,AO_TCu,0.000000000000e+00
6480,11122,PO_TCu,0.000000000000e+00
6480,11122,SED_TCu,0.000000000000e+00
6480,11122,SEDWSSD_TCu,0.000000000000e+00
6480,11122,SEDSCRS_TCu,0.000000000000e+00
6480,11122,SO_TPb,0.000000000000e+00
6480,11122,IO_TPb,0.000000000000e+00
6480,11122,AO_TPb,0.000000000000e+00
6480,11122,PO_TPb,0.000000000000e+00
6480,11122,SED_TPb,0.000000000000e+00
6480,11122,SEDWSSD_TPb,0.000000000000e+00
6480,11122,SEDSCRS_TPb,0.000000000000e+00
6480,11122,SO_TZn,0.000000000000e+00
6480,11122,IO_TZn,0.000000000000e+00
6480,11122,AO_TZn,0.000000000000e+00
6480,11122,PO_TZn,0.000000000000e+00
6480,11122,SED_TZn,0.000000000000e+00
6480,11122,SEDWSSD_TZn,0.000000000000e+00
6480,11122,SEDSCRS_TZn,0.000000000000e+00
6480,11211,AREA,2.506813000006e+00
6480,11211,PREC,3.284778911034e+01
6480,11211,SURO,5.464577909949e+00
6480,11211,IFWO,3.339405956687e+00
6480,11211,AGWO,3.123519989665e+01
6480,11211,PERO,4.003918376328e+01
6480,11211,TAET,6.548310405799e+01
6480,11211,SEDLOAD,1.836815541670e-01
6480,11211,SEDWSSD, 1.79764e-01
6480,11211,SEDSCRS, 0.00000e+00
6480,11211,SEDSURO, 0.00000e+00
6480,11211,SEDIFWO, 3.78377e-04
6480,11211,SEDAGWO, 3.53916e-03
6480,11211,SO_TN,2.116936871258e+00
6480,11211,IO_TN,7.567546207796e-01
6480,11211,AO_TN,2.123495809675e+00
6480,11211,PO_TN,4.997187301713e+00
6480,11211,SO_TP,3.595280443728e-01
6480,11211,IO_TP,3.027018483118e-01
6480,11211,AO_TP,1.415663873117e+00
6480,11211,PO_TP,2.077893765801e+00
6480,11211,SED_TP,3.595280443728e-01
6480,11211,SEDWSSD_TP,3.595280443728e-01
6480,11211,SEDSCRS_TP,0.000000000000e+00
6480,11211,SO_TCd,8.988201109320e-04
6480,11211,IO_TCd,0.000000000000e+00
6480,11211,AO_TCd,0.000000000000e+00
6480,11211,PO_TCd,8.988201109320e-04
6480,11211,SED_TCd,8.988201109320e-04
6480,11211,SEDWSSD_TCd,8.988201109320e-04
6480,11211,SEDSCRS_TCd,0.000000000000e+00
6480,11211,SO_TCu,8.988201109320e-02
6480,11211,IO_TCu,0.000000000000e+00
6480,11211,AO_TCu,0.000000000000e+00
6480,11211,PO_TCu,8.988201109320e-02
6480,11211,SED_TCu,8.988201109320e-02
6480,11211,SEDWSSD_TCu,8.988201109320e-02
6480,11211,SEDSCRS_TCu,0.000000000000e+00
6480,11211,SO_TPb,1.797640221864e-03
6480,11211,IO_TPb,0.000000000000e+00
6480,11211,AO_TPb,0.000000000000e+00
6480,11211,PO_TPb,1.797640221864e-03
6480,11211,SED_TPb,1.797640221864e-03
6480,11211,SEDWSSD_TPb,1.797640221864e-03
6480,11211,SEDSCRS_TPb,0.000000000000e+00
6480,11211,SO_TZn,6.471504798710e-01
6480,11211,IO_TZn,0.000000000000e+00
6480,11211,AO_TZn,3.539159682792e-01
6480,11211,PO_TZn,1.001066448150e+00
6480,11211,SED_TZn,6.471504798710e-01
6480,11211,SEDWSSD_TZn,6.471504798710e-01
6480,11211,SEDSCRS_TZn,0.000000000000e+00
6480,11212,AREA,1.460645100001e+01
6480,11212,PREC,1.913942611988e+02
6480,11212,SURO,3.147693623386e+01
6480,11212,IFWO,1.961748712495e+01
6480,11212,AGWO,1.275296430213e+02
6480,11212,PERO,1.786240663801e+02
6480,11212,TAET,3.815603143296e+02
6480,11212,SEDLOAD,1.062818689169e+00
6480,11212,SEDWSSD, 1.04615e+00
6480,11212,SEDSCRS, 0.00000e+00
6480,11212,SEDSURO, 0.00000e+00
6480,11212,SEDIFWO, 2.22279e-03
6480,11212,SEDAGWO, 1.44500e-02
6480,11212,SO_TN,1.221374866939e+01
6480,11212,IO_TN,4.445588293978e+00
6480,11212,AO_TN,8.669983334862e+00
6480,11212,PO_TN,2.532932029823e+01
6480,11212,SO_TP,2.092291888260e+00
6480,11212,IO_TP,1.778235317591e+00
6480,11212,AO_TP,5.779988889908e+00
6480,11212,PO_TP,9.650516095759e+00
6480,11212,SED_TP,2.092291888260e+00
6480,11212,SEDWSSD_TP,2.092291888260e+00
6480,11212,SEDSCRS_TP,0.000000000000e+00
6480,11212,SO_TCd,5.230729720650e-03
6480,11212,IO_TCd,0.000000000000e+00
6480,11212,AO_TCd,0.000000000000e+00
6480,11212,PO_TCd,5.230729720650e-03
6480,11212,SED_TCd,5.230729720650e-03
6480,11212,SEDWSSD_TCd,5.230729720650e-03
6480,11212,SEDSCRS_TCd,0.000000000000e+00
6480,11212,SO_TCu,5.230729720650e-01
6480,11212,IO_TCu,0.000000000000e+00
6480,11212,AO_TCu,0.000000000000e+00
6480,11212,PO_TCu,5.230729720650e-01
6480,11212,SED_TCu,5.230729720650e-01
6480,11212,SEDWSSD_TCu,5.230729720650e-01
6480,11212,SEDSCRS_TCu,0.000000000000e+00
6480,11212,SO_TPb,1.046145944130e-02
6480,11212,IO_TPb,0.000000000000e+00
6480,11212,AO_TPb,0.000000000000e+00
6480,11212,PO_TPb,1.046145944130e-02
6480,11212,SED_TPb,1.046145944130e-02
6480,11212,SEDWSSD_TPb,1.046145944130e-02
6480,11212,SEDSCRS_TPb,0.000000000000e+00
6480,11212,SO_TZn,3.766125398868e+00
6480,11212,IO_TZn,0.000000000000e+00
6480,11212,AO_TZn,1.444997222477e+00
6480,11212,PO_TZn,5.211122621345e+00
6480,11212,SED_TZn,3.766125398868e+00
6480,11212,SEDWSSD_TZn,3.766125398868e+00
6480,11212,SEDSCRS_TZn,0.000000000000e+00
6480,11221,AREA,8.418900000010e-02
6480,11221,PREC,1.103162668061e+00
6480,11221,SURO,2.153631385734e-01
6480,11221,IFWO,1.035252454877e-01
6480,11221,AGWO,1.039483010005e+00
6480,11221,PERO,1.358371394066e+00
6480,11221,TAET,2.188186345960e+00
6480,11221,SEDLOAD,6.750500317999e-03
6480,11221,SEDWSSD, 6.62099e-03
6480,11221,SEDSCRS, 0.00000e+00
6480,11221,SEDSURO, 0.00000e+00
6480,11221,SEDIFWO, 1.17301e-05
6480,11221,SEDAGWO, 1.17780e-04
6480,11221,SO_TN,7.864423585848e-02
6480,11221,IO_TN,2.346022283793e-02
6480,11221,AO_TN,7.066827884175e-02
6480,11221,PO_TN,1.727727375382e-01
6480,11221,SO_TP,1.324197981511e-02
6480,11221,IO_TP,9.384089135173e-03
6480,11221,AO_TP,4.711218589450e-02
6480,11221,PO_TP,6.973825484478e-02
6480,11221,SED_TP,1.324197981511e-02
6480,11221,SEDWSSD_TP,1.324197981511e-02
6480,11221,SEDSCRS_TP,0.000000000000e+00
6480,11221,SO_TCd,3.310494953778e-05
6480,11221,IO_TCd,0.000000000000e+00
6480,11221,AO_TCd,0.000000000000e+00
6480,11221,PO_TCd,3.310494953778e-05
6480,11221,SED_TCd,3.310494953778e-05
6480,11221,SEDWSSD_TCd,3.310494953778e-05
6480,11221,SEDSCRS_TCd,0.000000000000e+00
6480,11221,SO_TCu,3.310494953778e-03
6480,11221,IO_TCu,0.000000000000e+00
6480,11221,AO_TCu,0.000000000000e+00
6480,11221,PO_TCu,3.310494953778e-03
6480,11221,SED_TCu,3.310494953778e-03
6480,11221,SEDWSSD_TCu,3.310494953778e-03
6480,11221,SEDSCRS_TCu,0.000000000000e+00
6480,11221,SO_TPb,6.620989907557e-05
6480,11221,IO_TPb,0.000000000000e+00
6480,11221,AO_TPb,0.000000000000e+00
6480,11221,PO_TPb,6.620989907557e-05
6480,11221,SED_TPb,6.620989907557e-05
6480,11221,SEDWSSD_TPb,6.620989907557e-05
6480,11221,SEDSCRS_TPb,0.000000000000e+00
6480,11221,SO_TZn,2.383556366720e-02
6480,11221,IO_TZn,0.000000000000e+00
6480,11221,AO_TZn,1.177804647362e-02
6480,11221,PO_TZn,3.561361014083e-02
6480,11221,SED_TZn,2.383556366720e-02
6480,11221,SEDWSSD_TZn,2.383556366720e-02
6480,11221,SEDSCRS_TZn,0.000000000000e+00
6480,11222,AREA,0.000000000000e+00
6480,11222,PREC,0.000000000000e+00
6480,11222,SURO,0.000000000000e+00
6480,11222,IFWO,0.000000000000e+00
6480,11222,AGWO,0.000000000000e+00
6480,11222,PERO,0.000000000000e+00
6480,11222,TAET,0.000000000000e+00
6480,11222,SEDLOAD,0.000000000000e+00
6480,11222,SEDWSSD, 0.00000e+00
6480,11222,SEDSCRS, 0.00000e+00
6480,11222,SEDSURO, 0.00000e+00
6480,11222,SEDIFWO, 0.00000e+00
6480,11222,SEDAGWO, 0.00000e+00
6480,11222,SO_TN,0.000000000000e+00
6480,11222,IO_TN,0.000000000000e+00
6480,11222,AO_TN,0.000000000000e+00
6480,11222,PO_TN,0.000000000000e+00
6480,11222,SO_TP,0.000000000000e+00
6480,11222,IO_TP,0.000000000000e+00
6480,11222,AO_TP,0.000000000000e+00
6480,11222,PO_TP,0.000000000000e+00
6480,11222,SED_TP,0.000000000000e+00
6480,11222,SEDWSSD_TP,0.000000000000e+00
6480,11222,SEDSCRS_TP,0.000000000000e+00
6480,11222,SO_TCd,0.000000000000e+00
6480,11222,IO_TCd,0.000000000000e+00
6480,11222,AO_TCd,0.000000000000e+00
6480,11222,PO_TCd,0.000000000000e+00
6480,11222,SED_TCd,0.000000000000e+00
6480,11222,SEDWSSD_TCd,0.000000000000e+00
6480,11222,SEDSCRS_TCd,0.000000000000e+00
6480,11222,SO_TCu,0.000000000000e+00
6480,11222,IO_TCu,0.000000000000e+00
6480,11222,AO_TCu,0.000000000000e+00
6480,11222,PO_TCu,0.000000000000e+00
6480,11222,SED_TCu,0.000000000000e+00
6480,11222,SEDWSSD_TCu,0.000000000000e+00
6480,11222,SEDSCRS_TCu,0.000000000000e+00
6480,11222,SO_TPb,0.000000000000e+00
6480,11222,IO_TPb,0.000000000000e+00
6480,11222,AO_TPb,0.000000000000e+00
6480,11222,PO_TPb,0.000000000000e+00
6480,11222,SED_TPb,0.000000000000e+00
6480,11222,SEDWSSD_TPb,0.000000000000e+00
6480,11222,SEDSCRS_TPb,0.000000000000e+00
6480,11222,SO_TZn,0.000000000000e+00
6480,11222,IO_TZn,0.000000000000e+00
6480,11222,AO_TZn,0.000000000000e+00
6480,11222,PO_TZn,0.000000000000e+00
6480,11222,SED_TZn,0.000000000000e+00
6480,11222,SEDWSSD_TZn,0.000000000000e+00
6480,11222,SEDSCRS_TZn,0.000000000000e+00
6480,11311,AREA,9.188199999990e-02
6480,11311,PREC,1.203967172276e+00
6480,11311,SURO,4.303320981518e-01
6480,11311,IFWO,1.081039307922e-01
6480,11311,AGWO,9.100184585637e-01
6480,11311,PERO,1.448454487508e+00
6480,11311,TAET,2.417002149100e+00
6480,11311,SEDLOAD,6.245812751562e-03
6480,11311,SEDWSSD, 6.13045e-03
6480,11311,SEDSCRS, 0.00000e+00
6480,11311,SEDSURO, 0.00000e+00
6480,11311,SEDIFWO, 1.22489e-05
6480,11311,SEDAGWO, 1.03111e-04
6480,11311,SO_TN,1.159224662654e-01
6480,11311,IO_TN,2.449781494448e-02
6480,11311,AO_TN,6.186675257021e-02
6480,11311,PO_TN,2.022870337801e-01
6480,11311,SO_TP,1.226090547482e-02
6480,11311,IO_TP,9.799125977794e-03
6480,11311,AO_TP,4.124450171348e-02
6480,11311,PO_TP,6.330453316610e-02
6480,11311,SED_TP,1.226090547482e-02
6480,11311,SEDWSSD_TP,1.226090547482e-02
6480,11311,SEDSCRS_TP,0.000000000000e+00
6480,11311,SO_TCd,3.065226368706e-05
6480,11311,IO_TCd,0.000000000000e+00
6480,11311,AO_TCd,0.000000000000e+00
6480,11311,PO_TCd,3.065226368706e-05
6480,11311,SED_TCd,3.065226368706e-05
6480,11311,SEDWSSD_TCd,3.065226368706e-05
6480,11311,SEDSCRS_TCd,0.000000000000e+00
6480,11311,SO_TCu,3.065226368706e-03
6480,11311,IO_TCu,0.000000000000e+00
6480,11311,AO_TCu,0.000000000000e+00
6480,11311,PO_TCu,3.065226368706e-03
6480,11311,SED_TCu,3.065226368706e-03
6480,11311,SEDWSSD_TCu,3.065226368706e-03
6480,11311,SEDSCRS_TCu,0.000000000000e+00
6480,11311,SO_TPb,6.130452737412e-05
6480,11311,IO_TPb,0.000000000000e+00
6480,11311,AO_TPb,0.000000000000e+00
6480,11311,PO_TPb,6.130452737412e-05
6480,11311,SED_TPb,6.130452737412e-05
6480,11311,SEDWSSD_TPb,6.130452737412e-05
6480,11311,SEDSCRS_TPb,0.000000000000e+00
6480,11311,SO_TZn,2.206962985468e-02
6480,11311,IO_TZn,0.000000000000e+00
6480,11311,AO_TZn,1.031112542837e-02
6480,11311,PO_TZn,3.238075528305e-02
6480,11311,SED_TZn,2.206962985468e-02
6480,11311,SEDWSSD_TZn,2.206962985468e-02
6480,11311,SEDSCRS_TZn,0.000000000000e+00
6480,11312,AREA,5.402199999996e-02
6480,11312,PREC,7.078722119754e-01
6480,11312,SURO,2.505248935106e-01
6480,11312,IFWO,6.463140578495e-02
6480,11312,AGWO,3.754097692087e-01
6480,11312,PERO,6.905660685043e-01
6480,11312,TAET,1.421202221259e+00
6480,11312,SEDLOAD,3.651177048938e-03
6480,11312,SEDWSSD, 3.60132e-03
6480,11312,SEDSCRS, 0.00000e+00
6480,11312,SEDSURO, 0.00000e+00
6480,11312,SEDIFWO, 7.32317e-06
6480,11312,SEDAGWO, 4.25364e-05
6480,11312,SO_TN,6.781792116325e-02
6480,11312,IO_TN,1.464635195889e-02
6480,11312,AO_TN,2.552188154594e-02
6480,11312,PO_TN,1.079861546681e-01
6480,11312,SO_TP,7.202634935023e-03
6480,11312,IO_TP,5.858540783555e-03
6480,11312,AO_TP,1.701458769729e-02
6480,11312,PO_TP,3.007576341587e-02
6480,11312,SED_TP,7.202634935023e-03
6480,11312,SEDWSSD_TP,7.202634935023e-03
6480,11312,SEDSCRS_TP,0.000000000000e+00
6480,11312,SO_TCd,1.800658733756e-05
6480,11312,IO_TCd,0.000000000000e+00
6480,11312,AO_TCd,0.000000000000e+00
6480,11312,PO_TCd,1.800658733756e-05
6480,11312,SED_TCd,1.800658733756e-05
6480,11312,SEDWSSD_TCd,1.800658733756e-05
6480,11312,SEDSCRS_TCd,0.000000000000e+00
6480,11312,SO_TCu,1.800658733756e-03
6480,11312,IO_TCu,0.000000000000e+00
6480,11312,AO_TCu,0.000000000000e+00
6480,11312,PO_TCu,1.800658733756e-03
6480,11312,SED_TCu,1.800658733756e-03
6480,11312,SEDWSSD_TCu,1.800658733756e-03
6480,11312,SEDSCRS_TCu,0.000000000000e+00
6480,11312,SO_TPb,3.601317467512e-05
6480,11312,IO_TPb,0.000000000000e+00
6480,11312,AO_TPb,0.000000000000e+00
6480,11312,PO_TPb,3.601317467512e-05
6480,11312,SED_TPb,3.601317467512e-05
6480,11312,SEDWSSD_TPb,3.601317467512e-05
6480,11312,SEDSCRS_TPb,0.000000000000e+00
6480,11312,SO_TZn,1.296474288304e-02
6480,11312,IO_TZn,0.000000000000e+00
6480,11312,AO_TZn,4.253646924322e-03
6480,11312,PO_TZn,1.721838980736e-02
6480,11312,SED_TZn,1.296474288304e-02
6480,11312,SEDWSSD_TZn,1.296474288304e-02
6480,11312,SEDSCRS_TZn,0.000000000000e+00
6480,11321,AREA,1.850076500000e+01
6480,11321,PREC,2.424230395725e+02
6480,11321,SURO,9.387272469068e+01
6480,11321,IFWO,2.024641509688e+01
6480,11321,AGWO,1.807420880746e+02
6480,11321,PERO,2.948612278622e+02
6480,11321,TAET,4.841458352362e+02
6480,11321,SEDLOAD,1.044333001859e+00
6480,11321,SEDWSSD, 1.02156e+00
6480,11321,SEDSCRS, 0.00000e+00
6480,11321,SEDSURO, 0.00000e+00
6480,11321,SEDIFWO, 2.29405e-03
6480,11321,SEDAGWO, 2.04793e-02
6480,11321,SO_TN,2.436337734538e+01
6480,11321,IO_TN,4.588111891011e+00
6480,11321,AO_TN,1.228758157234e+01
6480,11321,PO_TN,4.123907080873e+01
6480,11321,SO_TP,2.043119344864e+00
6480,11321,IO_TP,1.835244756404e+00
6480,11321,AO_TP,8.191721048226e+00
6480,11321,PO_TP,1.207008514949e+01
6480,11321,SED_TP,2.043119344864e+00
6480,11321,SEDWSSD_TP,2.043119344864e+00
6480,11321,SEDSCRS_TP,0.000000000000e+00
6480,11321,SO_TCd,5.107798362161e-03
6480,11321,IO_TCd,0.000000000000e+00
6480,11321,AO_TCd,0.000000000000e+00
6480,11321,PO_TCd,5.107798362161e-03
6480,11321,SED_TCd,5.107798362161e-03
6480,11321,SEDWSSD_TCd,5.107798362161e-03
6480,11321,SEDSCRS_TCd,0.000000000000e+00
6480,11321,SO_TCu,5.107798362161e-01
6480,11321,IO_TCu,0.000000000000e+00
6480,11321,AO_TCu,0.000000000000e+00
6480,11321,PO_TCu,5.107798362161e-01
6480,11321,SED_TCu,5.107798362161e-01
6480,11321,SEDWSSD_TCu,5.107798362161e-01
6480,11321,SEDSCRS_TCu,0.000000000000e+00
6480,11321,SO_TPb,1.021559672432e-02
6480,11321,IO_TPb,0.000000000000e+00
6480,11321,AO_TPb,0.000000000000e+00
6480,11321,PO_TPb,1.021559672432e-02
6480,11321,SED_TPb,1.021559672432e-02
6480,11321,SEDWSSD_TPb,1.021559672432e-02
6480,11321,SEDSCRS_TPb,0.000000000000e+00
6480,11321,SO_TZn,3.677614820756e+00
6480,11321,IO_TZn,0.000000000000e+00
6480,11321,AO_TZn,2.047930262057e+00
6480,11321,PO_TZn,5.725545082812e+00
6480,11321,SED_TZn,3.677614820756e+00
6480,11321,SEDWSSD_TZn,3.677614820756e+00
6480,11321,SEDSCRS_TZn,0.000000000000e+00
6480,11322,AREA,2.101614000003e+00
6480,11322,PREC,2.753830200471e+01
6480,11322,SURO,1.055671851580e+01
6480,11322,IFWO,2.333687478965e+00
6480,11322,AGWO,1.442011771737e+01
6480,11322,PERO,2.731052371213e+01
6480,11322,TAET,5.500189948303e+01
6480,11322,SEDLOAD,1.177849994187e-01
6480,11322,SEDWSSD, 1.15887e-01
6480,11322,SEDSCRS, 0.00000e+00
6480,11322,SEDSURO, 0.00000e+00
6480,11322,SEDIFWO, 2.64422e-04
6480,11322,SEDAGWO, 1.63389e-03
6480,11322,SO_TN,2.751229650515e+00
6480,11322,IO_TN,5.288451916503e-01
6480,11322,AO_TN,9.803381969438e-01
6480,11322,PO_TN,4.260413039109e+00
6480,11322,SO_TP,2.317733645138e-01
6480,11322,IO_TP,2.115380766601e-01
6480,11322,AO_TP,6.535587979625e-01
6480,11322,PO_TP,1.096870239136e+00
6480,11322,SED_TP,2.317733645138e-01
6480,11322,SEDWSSD_TP,2.317733645138e-01
6480,11322,SEDSCRS_TP,0.000000000000e+00
6480,11322,SO_TCd,5.794334112844e-04
6480,11322,IO_TCd,0.000000000000e+00
6480,11322,AO_TCd,0.000000000000e+00
6480,11322,PO_TCd,5.794334112844e-04
6480,11322,SED_TCd,5.794334112844e-04
6480,11322,SEDWSSD_TCd,5.794334112844e-04
6480,11322,SEDSCRS_TCd,0.000000000000e+00
6480,11322,SO_TCu,5.794334112844e-02
6480,11322,IO_TCu,0.000000000000e+00
6480,11322,AO_TCu,0.000000000000e+00
6480,11322,PO_TCu,5.794334112844e-02
6480,11322,SED_TCu,5.794334112844e-02
6480,11322,SEDWSSD_TCu,5.794334112844e-02
6480,11322,SEDSCRS_TCu,0.000000000000e+00
6480,11322,SO_TPb,1.158866822569e-03
6480,11322,IO_TPb,0.000000000000e+00
6480,11322,AO_TPb,0.000000000000e+00
6480,11322,PO_TPb,1.158866822569e-03
6480,11322,SED_TPb,1.158866822569e-03
6480,11322,SEDWSSD_TPb,1.158866822569e-03
6480,11322,SEDSCRS_TPb,0.000000000000e+00
6480,11322,SO_TZn,4.171920561248e-01
6480,11322,IO_TZn,0.000000000000e+00
6480,11322,AO_TZn,1.633896994906e-01
6480,11322,PO_TZn,5.805817556154e-01
6480,11322,SED_TZn,4.171920561248e-01
6480,11322,SEDWSSD_TZn,4.171920561248e-01
6480,11322,SEDSCRS_TZn,0.000000000000e+00
6480,11411,AREA,8.704158999990e+00
6480,11411,PREC,1.140541313671e+02
6480,11411,SURO,5.501451945540e+01
6480,11411,IFWO,8.199314323131e+00
6480,11411,AGWO,7.317796374423e+01
6480,11411,PERO,1.363917975228e+02
6480,11411,TAET,2.297260010025e+02
6480,11411,SEDLOAD,3.729377922139e-01
6480,11411,SEDWSSD, 3.63717e-01
6480,11411,SEDSCRS, 0.00000e+00
6480,11411,SEDSURO, 0.00000e+00
6480,11411,SEDIFWO, 9.29037e-04
6480,11411,SEDAGWO, 8.29155e-03
6480,11411,SO_TN,1.267029146592e+01
6480,11411,IO_TN,1.858075682242e+00
6480,11411,AO_TN,4.974935325710e+00
6480,11411,PO_TN,1.950330247387e+01
6480,11411,SO_TP,7.274344145891e-01
6480,11411,IO_TP,7.432302728968e-01
6480,11411,AO_TP,3.316623550473e+00
6480,11411,PO_TP,4.787288237959e+00
6480,11411,SED_TP,7.274344145891e-01
6480,11411,SEDWSSD_TP,7.274344145891e-01
6480,11411,SEDSCRS_TP,0.000000000000e+00
6480,11411,SO_TCd,1.818586036473e-03
6480,11411,IO_TCd,0.000000000000e+00
6480,11411,AO_TCd,0.000000000000e+00
6480,11411,PO_TCd,1.818586036473e-03
6480,11411,SED_TCd,1.818586036473e-03
6480,11411,SEDWSSD_TCd,1.818586036473e-03
6480,11411,SEDSCRS_TCd,0.000000000000e+00
6480,11411,SO_TCu,1.818586036473e-01
6480,11411,IO_TCu,0.000000000000e+00
6480,11411,AO_TCu,0.000000000000e+00
6480,11411,PO_TCu,1.818586036473e-01
6480,11411,SED_TCu,1.818586036473e-01
6480,11411,SEDWSSD_TCu,1.818586036473e-01
6480,11411,SEDSCRS_TCu,0.000000000000e+00
6480,11411,SO_TPb,3.637172072946e-03
6480,11411,IO_TPb,0.000000000000e+00
6480,11411,AO_TPb,0.000000000000e+00
6480,11411,PO_TPb,3.637172072946e-03
6480,11411,SED_TPb,3.637172072946e-03
6480,11411,SEDWSSD_TPb,3.637172072946e-03
6480,11411,SEDSCRS_TPb,0.000000000000e+00
6480,11411,SO_TZn,1.309381946260e+00
6480,11411,IO_TZn,0.000000000000e+00
6480,11411,AO_TZn,8.291558876183e-01
6480,11411,PO_TZn,2.138537833879e+00
6480,11411,SED_TZn,1.309381946260e+00
6480,11411,SEDWSSD_TZn,1.309381946260e+00
6480,11411,SEDSCRS_TZn,0.000000000000e+00
6480,11412,AREA,5.710093999997e+01
6480,11412,PREC,7.482168135884e+02
6480,11412,SURO,3.500903003298e+02
6480,11412,IFWO,5.738339019730e+01
6480,11412,AGWO,3.403948975633e+02
6480,11412,PERO,7.478685880903e+02
6480,11412,TAET,1.507813361535e+03
6480,11412,SEDLOAD,2.427225499194e+00
6480,11412,SEDWSSD, 2.38215e+00
6480,11412,SEDSCRS, 0.00000e+00
6480,11412,SEDSURO, 0.00000e+00
6480,11412,SEDIFWO, 6.50192e-03
6480,11412,SEDAGWO, 3.85690e-02
6480,11412,SO_TN,8.181210088535e+01
6480,11412,IO_TN,1.300385345509e+01
6480,11412,AO_TN,2.314142829251e+01
6480,11412,PO_TN,1.179573826329e+02
6480,11412,SO_TP,4.764309165964e+00
6480,11412,IO_TP,5.201541382035e+00
6480,11412,AO_TP,1.542761886167e+01
6480,11412,PO_TP,2.539346940967e+01
6480,11412,SED_TP,4.764309165964e+00
6480,11412,SEDWSSD_TP,4.764309165964e+00
6480,11412,SEDSCRS_TP,0.000000000000e+00
6480,11412,SO_TCd,1.191077291491e-02
6480,11412,IO_TCd,0.000000000000e+00
6480,11412,AO_TCd,0.000000000000e+00
6480,11412,PO_TCd,1.191077291491e-02
6480,11412,SED_TCd,1.191077291491e-02
6480,11412,SEDWSSD_TCd,1.191077291491e-02
6480,11412,SEDSCRS_TCd,0.000000000000e+00
6480,11412,SO_TCu,1.191077291491e+00
6480,11412,IO_TCu,0.000000000000e+00
6480,11412,AO_TCu,0.000000000000e+00
6480,11412,PO_TCu,1.191077291491e+00
6480,11412,SED_TCu,1.191077291491e+00
6480,11412,SEDWSSD_TCu,1.191077291491e+00
6480,11412,SEDSCRS_TCu,0.000000000000e+00
6480,11412,SO_TPb,2.382154582982e-02
6480,11412,IO_TPb,0.000000000000e+00
6480,11412,AO_TPb,0.000000000000e+00
6480,11412,PO_TPb,2.382154582982e-02
6480,11412,SED_TPb,2.382154582982e-02
6480,11412,SEDWSSD_TPb,2.382154582982e-02
6480,11412,SEDSCRS_TPb,0.000000000000e+00
6480,11412,SO_TZn,8.575756498734e+00
6480,11412,IO_TZn,0.000000000000e+00
6480,11412,AO_TZn,3.856904715418e+00
6480,11412,PO_TZn,1.243266121415e+01
6480,11412,SED_TZn,8.575756498734e+00
6480,11412,SEDWSSD_TZn,8.575756498734e+00
6480,11412,SEDSCRS_TZn,0.000000000000e+00
6480,11421,AREA,1.091743269999e+02
6480,11421,PREC,1.430555557817e+03
6480,11421,SURO,7.285838875470e+02
6480,11421,IFWO,9.492899925381e+01
6480,11421,AGWO,9.062573057539e+02
6480,11421,PERO,1.729770192555e+03
6480,11421,TAET,2.866425463949e+03
6480,11421,SEDLOAD,3.820242779285e+00
6480,11421,SEDWSSD, 3.70680e+00
6480,11421,SEDSCRS, 0.00000e+00
6480,11421,SEDSURO, 0.00000e+00
6480,11421,SEDIFWO, 1.07561e-02
6480,11421,SEDAGWO, 1.02685e-01
6480,11421,SO_TN,1.631357193408e+02
6480,11421,IO_TN,2.151219700841e+01
6480,11421,AO_TN,6.161105411918e+01
6480,11421,PO_TN,2.462589704684e+02
6480,11421,SO_TP,7.413603471467e+00
6480,11421,IO_TP,8.604878803364e+00
6480,11421,AO_TP,4.107403607946e+01
6480,11421,PO_TP,5.709251835429e+01
6480,11421,SED_TP,7.413603471467e+00
6480,11421,SEDWSSD_TP,7.413603471467e+00
6480,11421,SEDSCRS_TP,0.000000000000e+00
6480,11421,SO_TCd,1.853400867867e-02
6480,11421,IO_TCd,0.000000000000e+00
6480,11421,AO_TCd,0.000000000000e+00
6480,11421,PO_TCd,1.853400867867e-02
6480,11421,SED_TCd,1.853400867867e-02
6480,11421,SEDWSSD_TCd,1.853400867867e-02
6480,11421,SEDSCRS_TCd,0.000000000000e+00
6480,11421,SO_TCu,1.853400867867e+00
6480,11421,IO_TCu,0.000000000000e+00
6480,11421,AO_TCu,0.000000000000e+00
6480,11421,PO_TCu,1.853400867867e+00
6480,11421,SED_TCu,1.853400867867e+00
6480,11421,SEDWSSD_TCu,1.853400867867e+00
6480,11421,SEDSCRS_TCu,0.000000000000e+00
6480,11421,SO_TPb,3.706801735734e-02
6480,11421,IO_TPb,0.000000000000e+00
6480,11421,AO_TPb,0.000000000000e+00
6480,11421,PO_TPb,3.706801735734e-02
6480,11421,SED_TPb,3.706801735734e-02
6480,11421,SEDWSSD_TPb,3.706801735734e-02
6480,11421,SEDSCRS_TPb,0.000000000000e+00
6480,11421,SO_TZn,1.334448624864e+01
6480,11421,IO_TZn,0.000000000000e+00
6480,11421,AO_TZn,1.026850901986e+01
6480,11421,PO_TZn,2.361299526851e+01
6480,11421,SED_TZn,1.334448624864e+01
6480,11421,SEDWSSD_TZn,1.334448624864e+01
6480,11421,SEDSCRS_TZn,0.000000000000e+00
6480,11422,AREA,1.225703999998e+00
6480,11422,PREC,1.606089744376e+01
6480,11422,SURO,7.930689171268e+00
6480,11422,IFWO,1.156966574593e+00
6480,11422,AGWO,7.220683639504e+00
6480,11422,PERO,1.630833938537e+01
6480,11422,TAET,3.219628716830e+01
6480,11422,SEDLOAD,4.249837871356e-02
6480,11422,SEDWSSD, 4.15491e-02
6480,11422,SEDSCRS, 0.00000e+00
6480,11422,SEDSURO, 0.00000e+00
6480,11422,SEDIFWO, 1.31092e-04
6480,11422,SEDAGWO, 8.18151e-04
6480,11422,SO_TN,1.802885441141e+00
6480,11422,IO_TN,2.621842964786e-01
6480,11422,AO_TN,4.908914142445e-01
6480,11422,PO_TN,2.555961151864e+00
6480,11422,SO_TP,8.309827084567e-02
6480,11422,IO_TP,1.048737185914e-01
6480,11422,AO_TP,3.272609428297e-01
6480,11422,PO_TP,5.152329322668e-01
6480,11422,SED_TP,8.309827084567e-02
6480,11422,SEDWSSD_TP,8.309827084567e-02
6480,11422,SEDSCRS_TP,0.000000000000e+00
6480,11422,SO_TCd,2.077456771142e-04
6480,11422,IO_TCd,0.000000000000e+00
6480,11422,AO_TCd,0.000000000000e+00
6480,11422,PO_TCd,2.077456771142e-04
6480,11422,SED_TCd,2.077456771142e-04
6480,11422,SEDWSSD_TCd,2.077456771142e-04
6480,11422,SEDSCRS_TCd,0.000000000000e+00
6480,11422,SO_TCu,2.077456771142e-02
6480,11422,IO_TCu,0.000000000000e+00
6480,11422,AO_TCu,0.000000000000e+00
6480,11422,PO_TCu,2.077456771142e-02
6480,11422,SED_TCu,2.077456771142e-02
6480,11422,SEDWSSD_TCu,2.077456771142e-02
6480,11422,SEDSCRS_TCu,0.000000000000e+00
6480,11422,SO_TPb,4.154913542284e-04
6480,11422,IO_TPb,0.000000000000e+00
6480,11422,AO_TPb,0.000000000000e+00
6480,11422,PO_TPb,4.154913542284e-04
6480,11422,SED_TPb,4.154913542284e-04
6480,11422,SEDWSSD_TPb,4.154913542284e-04
6480,11422,SEDSCRS_TPb,0.000000000000e+00
6480,11422,SO_TZn,1.495768875222e-01
6480,11422,IO_TZn,0.000000000000e+00
6480,11422,AO_TZn,8.181523570742e-02
6480,11422,PO_TZn,2.313921232296e-01
6480,11422,SED_TZn,1.495768875222e-01
6480,11422,SEDWSSD_TZn,1.495768875222e-01
6480,11422,SEDSCRS_TZn,0.000000000000e+00
6480,12111,AREA,0.000000000000e+00
6480,12111,PREC,0.000000000000e+00
6480,12111,SURO,0.000000000000e+00
6480,12111,IFWO,0.000000000000e+00
6480,12111,AGWO,0.000000000000e+00
6480,12111,PERO,0.000000000000e+00
6480,12111,TAET,0.000000000000e+00
6480,12111,SEDLOAD,0.000000000000e+00
6480,12111,SEDWSSD, 0.00000e+00
6480,12111,SEDSCRS, 0.00000e+00
6480,12111,SEDSURO, 0.00000e+00
6480,12111,SEDIFWO, 0.00000e+00
6480,12111,SEDAGWO, 0.00000e+00
6480,12111,SO_TN,0.000000000000e+00
6480,12111,IO_TN,0.000000000000e+00
6480,12111,AO_TN,0.000000000000e+00
6480,12111,PO_TN,0.000000000000e+00
6480,12111,SO_TP,0.000000000000e+00
6480,12111,IO_TP,0.000000000000e+00
6480,12111,AO_TP,0.000000000000e+00
6480,12111,PO_TP,0.000000000000e+00
6480,12111,SED_TP,0.000000000000e+00
6480,12111,SEDWSSD_TP,0.000000000000e+00
6480,12111,SEDSCRS_TP,0.000000000000e+00
6480,12111,SO_TCd,0.000000000000e+00
6480,12111,IO_TCd,0.000000000000e+00
6480,12111,AO_TCd,0.000000000000e+00
6480,12111,PO_TCd,0.000000000000e+00
6480,12111,SED_TCd,0.000000000000e+00
6480,12111,SEDWSSD_TCd,0.000000000000e+00
6480,12111,SEDSCRS_TCd,0.000000000000e+00
6480,12111,SO_TCu,0.000000000000e+00
6480,12111,IO_TCu,0.000000000000e+00
6480,12111,AO_TCu,0.000000000000e+00
6480,12111,PO_TCu,0.000000000000e+00
6480,12111,SED_TCu,0.000000000000e+00
6480,12111,SEDWSSD_TCu,0.000000000000e+00
6480,12111,SEDSCRS_TCu,0.000000000000e+00
6480,12111,SO_TPb,0.000000000000e+00
6480,12111,IO_TPb,0.000000000000e+00
6480,12111,AO_TPb,0.000000000000e+00
6480,12111,PO_TPb,0.000000000000e+00
6480,12111,SED_TPb,0.000000000000e+00
6480,12111,SEDWSSD_TPb,0.000000000000e+00
6480,12111,SEDSCRS_TPb,0.000000000000e+00
6480,12111,SO_TZn,0.000000000000e+00
6480,12111,IO_TZn,0.000000000000e+00
6480,12111,AO_TZn,0.000000000000e+00
6480,12111,PO_TZn,0.000000000000e+00
6480,12111,SED_TZn,0.000000000000e+00
6480,12111,SEDWSSD_TZn,0.000000000000e+00
6480,12111,SEDSCRS_TZn,0.000000000000e+00
6480,12112,AREA,0.000000000000e+00
6480,12112,PREC,0.000000000000e+00
6480,12112,SURO,0.000000000000e+00
6480,12112,IFWO,0.000000000000e+00
6480,12112,AGWO,0.000000000000e+00
6480,12112,PERO,0.000000000000e+00
6480,12112,TAET,0.000000000000e+00
6480,12112,SEDLOAD,0.000000000000e+00
6480,12112,SEDWSSD, 0.00000e+00
6480,12112,SEDSCRS, 0.00000e+00
6480,12112,SEDSURO, 0.00000e+00
6480,12112,SEDIFWO, 0.00000e+00
6480,12112,SEDAGWO, 0.00000e+00
6480,12112,SO_TN,0.000000000000e+00
6480,12112,IO_TN,0.000000000000e+00
6480,12112,AO_TN,0.000000000000e+00
6480,12112,PO_TN,0.000000000000e+00
6480,12112,SO_TP,0.000000000000e+00
6480,12112,IO_TP,0.000000000000e+00
6480,12112,AO_TP,0.000000000000e+00
6480,12112,PO_TP,0.000000000000e+00
6480,12112,SED_TP,0.000000000000e+00
6480,12112,SEDWSSD_TP,0.000000000000e+00
6480,12112,SEDSCRS_TP,0.000000000000e+00
6480,12112,SO_TCd,0.000000000000e+00
6480,12112,IO_TCd,0.000000000000e+00
6480,12112,AO_TCd,0.000000000000e+00
6480,12112,PO_TCd,0.000000000000e+00
6480,12112,SED_TCd,0.000000000000e+00
6480,12112,SEDWSSD_TCd,0.000000000000e+00
6480,12112,SEDSCRS_TCd,0.000000000000e+00
6480,12112,SO_TCu,0.000000000000e+00
6480,12112,IO_TCu,0.000000000000e+00
6480,12112,AO_TCu,0.000000000000e+00
6480,12112,PO_TCu,0.000000000000e+00
6480,12112,SED_TCu,0.000000000000e+00
6480,12112,SEDWSSD_TCu,0.000000000000e+00
6480,12112,SEDSCRS_TCu,0.000000000000e+00
6480,12112,SO_TPb,0.000000000000e+00
6480,12112,IO_TPb,0.000000000000e+00
6480,12112,AO_TPb,0.000000000000e+00
6480,12112,PO_TPb,0.000000000000e+00
6480,12112,SED_TPb,0.000000000000e+00
6480,12112,SEDWSSD_TPb,0.000000000000e+00
6480,12112,SEDSCRS_TPb,0.000000000000e+00
6480,12112,SO_TZn,0.000000000000e+00
6480,12112,IO_TZn,0.000000000000e+00
6480,12112,AO_TZn,0.000000000000e+00
6480,12112,PO_TZn,0.000000000000e+00
6480,12112,SED_TZn,0.000000000000e+00
6480,12112,SEDWSSD_TZn,0.000000000000e+00
6480,12112,SEDSCRS_TZn,0.000000000000e+00
6480,12121,AREA,0.000000000000e+00
6480,12121,PREC,0.000000000000e+00
6480,12121,SURO,0.000000000000e+00
6480,12121,IFWO,0.000000000000e+00
6480,12121,AGWO,0.000000000000e+00
6480,12121,PERO,0.000000000000e+00
6480,12121,TAET,0.000000000000e+00
6480,12121,SEDLOAD,0.000000000000e+00
6480,12121,SEDWSSD, 0.00000e+00
6480,12121,SEDSCRS, 0.00000e+00
6480,12121,SEDSURO, 0.00000e+00
6480,12121,SEDIFWO, 0.00000e+00
6480,12121,SEDAGWO, 0.00000e+00
6480,12121,SO_TN,0.000000000000e+00
6480,12121,IO_TN,0.000000000000e+00
6480,12121,AO_TN,0.000000000000e+00
6480,12121,PO_TN,0.000000000000e+00
6480,12121,SO_TP,0.000000000000e+00
6480,12121,IO_TP,0.000000000000e+00
6480,12121,AO_TP,0.000000000000e+00
6480,12121,PO_TP,0.000000000000e+00
6480,12121,SED_TP,0.000000000000e+00
6480,12121,SEDWSSD_TP,0.000000000000e+00
6480,12121,SEDSCRS_TP,0.000000000000e+00
6480,12121,SO_TCd,0.000000000000e+00
6480,12121,IO_TCd,0.000000000000e+00
6480,12121,AO_TCd,0.000000000000e+00
6480,12121,PO_TCd,0.000000000000e+00
6480,12121,SED_TCd,0.000000000000e+00
6480,12121,SEDWSSD_TCd,0.000000000000e+00
6480,12121,SEDSCRS_TCd,0.000000000000e+00
6480,12121,SO_TCu,0.000000000000e+00
6480,12121,IO_TCu,0.000000000000e+00
6480,12121,AO_TCu,0.000000000000e+00
6480,12121,PO_TCu,0.000000000000e+00
6480,12121,SED_TCu,0.000000000000e+00
6480,12121,SEDWSSD_TCu,0.000000000000e+00
6480,12121,SEDSCRS_TCu,0.000000000000e+00
6480,12121,SO_TPb,0.000000000000e+00
6480,12121,IO_TPb,0.000000000000e+00
6480,12121,AO_TPb,0.000000000000e+00
6480,12121,PO_TPb,0.000000000000e+00
6480,12121,SED_TPb,0.000000000000e+00
6480,12121,SEDWSSD_TPb,0.000000000000e+00
6480,12121,SEDSCRS_TPb,0.000000000000e+00
6480,12121,SO_TZn,0.000000000000e+00
6480,12121,IO_TZn,0.000000000000e+00
6480,12121,AO_TZn,0.000000000000e+00
6480,12121,PO_TZn,0.000000000000e+00
6480,12121,SED_TZn,0.000000000000e+00
6480,12121,SEDWSSD_TZn,0.000000000000e+00
6480,12121,SEDSCRS_TZn,0.000000000000e+00
6480,12122,AREA,0.000000000000e+00
6480,12122,PREC,0.000000000000e+00
6480,12122,SURO,0.000000000000e+00
6480,12122,IFWO,0.000000000000e+00
6480,12122,AGWO,0.000000000000e+00
6480,12122,PERO,0.000000000000e+00
6480,12122,TAET,0.000000000000e+00
6480,12122,SEDLOAD,0.000000000000e+00
6480,12122,SEDWSSD, 0.00000e+00
6480,12122,SEDSCRS, 0.00000e+00
6480,12122,SEDSURO, 0.00000e+00
6480,12122,SEDIFWO, 0.00000e+00
6480,12122,SEDAGWO, 0.00000e+00
6480,12122,SO_TN,0.000000000000e+00
6480,12122,IO_TN,0.000000000000e+00
6480,12122,AO_TN,0.000000000000e+00
6480,12122,PO_TN,0.000000000000e+00
6480,12122,SO_TP,0.000000000000e+00
6480,12122,IO_TP,0.000000000000e+00
6480,12122,AO_TP,0.000000000000e+00
6480,12122,PO_TP,0.000000000000e+00
6480,12122,SED_TP,0.000000000000e+00
6480,12122,SEDWSSD_TP,0.000000000000e+00
6480,12122,SEDSCRS_TP,0.000000000000e+00
6480,12122,SO_TCd,0.000000000000e+00
6480,12122,IO_TCd,0.000000000000e+00
6480,12122,AO_TCd,0.000000000000e+00
6480,12122,PO_TCd,0.000000000000e+00
6480,12122,SED_TCd,0.000000000000e+00
6480,12122,SEDWSSD_TCd,0.000000000000e+00
6480,12122,SEDSCRS_TCd,0.000000000000e+00
6480,12122,SO_TCu,0.000000000000e+00
6480,12122,IO_TCu,0.000000000000e+00
6480,12122,AO_TCu,0.000000000000e+00
6480,12122,PO_TCu,0.000000000000e+00
6480,12122,SED_TCu,0.000000000000e+00
6480,12122,SEDWSSD_TCu,0.000000000000e+00
6480,12122,SEDSCRS_TCu,0.000000000000e+00
6480,12122,SO_TPb,0.000000000000e+00
6480,12122,IO_TPb,0.000000000000e+00
6480,12122,AO_TPb,0.000000000000e+00
6480,12122,PO_TPb,0.000000000000e+00
6480,12122,SED_TPb,0.000000000000e+00
6480,12122,SEDWSSD_TPb,0.000000000000e+00
6480,12122,SEDSCRS_TPb,0.000000000000e+00
6480,12122,SO_TZn,0.000000000000e+00
6480,12122,IO_TZn,0.000000000000e+00
6480,12122,AO_TZn,0.000000000000e+00
6480,12122,PO_TZn,0.000000000000e+00
6480,12122,SED_TZn,0.000000000000e+00
6480,12122,SEDWSSD_TZn,0.000000000000e+00
6480,12122,SEDSCRS_TZn,0.000000000000e+00
6480,12211,AREA,6.446233000011e+00
6480,12211,PREC,8.446760972601e+01
6480,12211,SURO,2.578150818366e+00
6480,12211,IFWO,6.353794298859e-01
6480,12211,AGWO,2.554081612646e+01
6480,12211,PERO,2.875434637471e+01
6480,12211,TAET,5.651861611200e+01
6480,12211,SEDLOAD,9.341304523968e-02
6480,12211,SEDWSSD, 9.04471e-02
6480,12211,SEDSCRS, 0.00000e+00
6480,12211,SEDSURO, 0.00000e+00
6480,12211,SEDIFWO, 7.19927e-05
6480,12211,SEDAGWO, 2.89394e-03
6480,12211,SO_TN,1.534956501342e+00
6480,12211,IO_TN,1.439855847869e-01
6480,12211,AO_TN,1.736368462493e+00
6480,12211,PO_TN,3.415310548622e+00
6480,12211,SO_TP,1.808942176096e-01
6480,12211,IO_TP,5.759423391477e-02
6480,12211,AO_TP,1.157578974996e+00
6480,12211,PO_TP,1.396067426520e+00
6480,12211,SED_TP,1.808942176096e-01
6480,12211,SEDWSSD_TP,1.808942176096e-01
6480,12211,SEDSCRS_TP,0.000000000000e+00
6480,12211,SO_TCd,4.522355440240e-04
6480,12211,IO_TCd,0.000000000000e+00
6480,12211,AO_TCd,0.000000000000e+00
6480,12211,PO_TCd,4.522355440240e-04
6480,12211,SED_TCd,4.522355440240e-04
6480,12211,SEDWSSD_TCd,4.522355440240e-04
6480,12211,SEDSCRS_TCd,0.000000000000e+00
6480,12211,SO_TCu,4.522355440240e-02
6480,12211,IO_TCu,0.000000000000e+00
6480,12211,AO_TCu,0.000000000000e+00
6480,12211,PO_TCu,4.522355440240e-02
6480,12211,SED_TCu,4.522355440240e-02
6480,12211,SEDWSSD_TCu,4.522355440240e-02
6480,12211,SEDSCRS_TCu,0.000000000000e+00
6480,12211,SO_TPb,9.044710880480e-04
6480,12211,IO_TPb,0.000000000000e+00
6480,12211,AO_TPb,0.000000000000e+00
6480,12211,PO_TPb,9.044710880480e-04
6480,12211,SED_TPb,9.044710880480e-04
6480,12211,SEDWSSD_TPb,9.044710880480e-04
6480,12211,SEDSCRS_TPb,0.000000000000e+00
6480,12211,SO_TZn,3.256095916973e-01
6480,12211,IO_TZn,0.000000000000e+00
6480,12211,AO_TZn,2.893947437489e-01
6480,12211,PO_TZn,6.150043354462e-01
6480,12211,SED_TZn,3.256095916973e-01
6480,12211,SEDWSSD_TZn,3.256095916973e-01
6480,12211,SEDSCRS_TZn,0.000000000000e+00
6480,12212,AREA,3.756027700004e+01
6480,12212,PREC,4.921675680722e+02
6480,12212,SURO,1.457138597473e+01
6480,12212,IFWO,3.764432250763e+00
6480,12212,AGWO,1.044112153107e+02
6480,12212,PERO,1.227470335362e+02
6480,12212,TAET,3.293723306458e+02
6480,12212,SEDLOAD,5.495806813216e-01
6480,12212,SEDWSSD, 5.37324e-01
6480,12212,SEDSCRS, 0.00000e+00
6480,12212,SEDSURO, 0.00000e+00
6480,12212,SEDIFWO, 4.26535e-04
6480,12212,SEDAGWO, 1.18305e-02
6480,12212,SO_TN,8.784835193856e+00
6480,12212,IO_TN,8.530713358381e-01
6480,12212,AO_TN,7.098298679983e+00
6480,12212,PO_TN,1.673620520968e+01
6480,12212,SO_TP,1.074647327074e+00
6480,12212,IO_TP,3.412285343353e-01
6480,12212,AO_TP,4.732199119988e+00
6480,12212,PO_TP,6.148074981398e+00
6480,12212,SED_TP,1.074647327074e+00
6480,12212,SEDWSSD_TP,1.074647327074e+00
6480,12212,SEDSCRS_TP,0.000000000000e+00
6480,12212,SO_TCd,2.686618317685e-03
6480,12212,IO_TCd,0.000000000000e+00
6480,12212,AO_TCd,0.000000000000e+00
6480,12212,PO_TCd,2.686618317685e-03
6480,12212,SED_TCd,2.686618317685e-03
6480,12212,SEDWSSD_TCd,2.686618317685e-03
6480,12212,SEDSCRS_TCd,0.000000000000e+00
6480,12212,SO_TCu,2.686618317685e-01
6480,12212,IO_TCu,0.000000000000e+00
6480,12212,AO_TCu,0.000000000000e+00
6480,12212,PO_TCu,2.686618317685e-01
6480,12212,SED_TCu,2.686618317685e-01
6480,12212,SEDWSSD_TCu,2.686618317685e-01
6480,12212,SEDSCRS_TCu,0.000000000000e+00
6480,12212,SO_TPb,5.373236635369e-03
6480,12212,IO_TPb,0.000000000000e+00
6480,12212,AO_TPb,0.000000000000e+00
6480,12212,PO_TPb,5.373236635369e-03
6480,12212,SED_TPb,5.373236635369e-03
6480,12212,SEDWSSD_TPb,5.373236635369e-03
6480,12212,SEDSCRS_TPb,0.000000000000e+00
6480,12212,SO_TZn,1.934365188733e+00
6480,12212,IO_TZn,0.000000000000e+00
6480,12212,AO_TZn,1.183049779997e+00
6480,12212,PO_TZn,3.117414968730e+00
6480,12212,SED_TZn,1.934365188733e+00
6480,12212,SEDWSSD_TZn,1.934365188733e+00
6480,12212,SEDSCRS_TZn,0.000000000000e+00
6480,12221,AREA,2.164919999997e-01
6480,12221,PREC,2.836782624023e+00
6480,12221,SURO,1.023754509011e-01
6480,12221,IFWO,2.341775028277e-02
6480,12221,AGWO,8.592184776921e-01
6480,12221,PERO,9.850116788759e-01
6480,12221,TAET,1.878577984620e+00
6480,12221,SEDLOAD,4.534716669987e-03
6480,12221,SEDWSSD, 4.43471e-03
6480,12221,SEDSCRS, 0.00000e+00
6480,12221,SEDSURO, 0.00000e+00
6480,12221,SEDIFWO, 2.65339e-06
6480,12221,SEDAGWO, 9.73551e-05
6480,12221,SO_TN,5.615215818031e-02
6480,12221,IO_TN,5.306779398672e-03
6480,12221,AO_TN,5.841316345059e-02
6480,12221,PO_TN,1.198721010296e-01
6480,12221,SO_TP,8.869416271668e-03
6480,12221,IO_TP,2.122711759469e-03
6480,12221,AO_TP,3.894210896706e-02
6480,12221,PO_TP,4.993423699820e-02
6480,12221,SED_TP,8.869416271668e-03
6480,12221,SEDWSSD_TP,8.869416271668e-03
6480,12221,SEDSCRS_TP,0.000000000000e+00
6480,12221,SO_TCd,2.217354067917e-05
6480,12221,IO_TCd,0.000000000000e+00
6480,12221,AO_TCd,0.000000000000e+00
6480,12221,PO_TCd,2.217354067917e-05
6480,12221,SED_TCd,2.217354067917e-05
6480,12221,SEDWSSD_TCd,2.217354067917e-05
6480,12221,SEDSCRS_TCd,0.000000000000e+00
6480,12221,SO_TCu,2.217354067917e-03
6480,12221,IO_TCu,0.000000000000e+00
6480,12221,AO_TCu,0.000000000000e+00
6480,12221,PO_TCu,2.217354067917e-03
6480,12221,SED_TCu,2.217354067917e-03
6480,12221,SEDWSSD_TCu,2.217354067917e-03
6480,12221,SEDSCRS_TCu,0.000000000000e+00
6480,12221,SO_TPb,4.434708135834e-05
6480,12221,IO_TPb,0.000000000000e+00
6480,12221,AO_TPb,0.000000000000e+00
6480,12221,PO_TPb,4.434708135834e-05
6480,12221,SED_TPb,4.434708135834e-05
6480,12221,SEDWSSD_TPb,4.434708135834e-05
6480,12221,SEDSCRS_TPb,0.000000000000e+00
6480,12221,SO_TZn,1.596494928900e-02
6480,12221,IO_TZn,0.000000000000e+00
6480,12221,AO_TZn,9.735527241765e-03
6480,12221,PO_TZn,2.570047653077e-02
6480,12221,SED_TZn,1.596494928900e-02
6480,12221,SEDWSSD_TZn,1.596494928900e-02
6480,12221,SEDSCRS_TZn,0.000000000000e+00
6480,12222,AREA,0.000000000000e+00
6480,12222,PREC,0.000000000000e+00
6480,12222,SURO,0.000000000000e+00
6480,12222,IFWO,0.000000000000e+00
6480,12222,AGWO,0.000000000000e+00
6480,12222,PERO,0.000000000000e+00
6480,12222,TAET,0.000000000000e+00
6480,12222,SEDLOAD,0.000000000000e+00
6480,12222,SEDWSSD, 0.00000e+00
6480,12222,SEDSCRS, 0.00000e+00
6480,12222,SEDSURO, 0.00000e+00
6480,12222,SEDIFWO, 0.00000e+00
6480,12222,SEDAGWO, 0.00000e+00
6480,12222,SO_TN,0.000000000000e+00
6480,12222,IO_TN,0.000000000000e+00
6480,12222,AO_TN,0.000000000000e+00
6480,12222,PO_TN,0.000000000000e+00
6480,12222,SO_TP,0.000000000000e+00
6480,12222,IO_TP,0.000000000000e+00
6480,12222,AO_TP,0.000000000000e+00
6480,12222,PO_TP,0.000000000000e+00
6480,12222,SED_TP,0.000000000000e+00
6480,12222,SEDWSSD_TP,0.000000000000e+00
6480,12222,SEDSCRS_TP,0.000000000000e+00
6480,12222,SO_TCd,0.000000000000e+00
6480,12222,IO_TCd,0.000000000000e+00
6480,12222,AO_TCd,0.000000000000e+00
6480,12222,PO_TCd,0.000000000000e+00
6480,12222,SED_TCd,0.000000000000e+00
6480,12222,SEDWSSD_TCd,0.000000000000e+00
6480,12222,SEDSCRS_TCd,0.000000000000e+00
6480,12222,SO_TCu,0.000000000000e+00
6480,12222,IO_TCu,0.000000000000e+00
6480,12222,AO_TCu,0.000000000000e+00
6480,12222,PO_TCu,0.000000000000e+00
6480,12222,SED_TCu,0.000000000000e+00
6480,12222,SEDWSSD_TCu,0.000000000000e+00
6480,12222,SEDSCRS_TCu,0.000000000000e+00
6480,12222,SO_TPb,0.000000000000e+00
6480,12222,IO_TPb,0.000000000000e+00
6480,12222,AO_TPb,0.000000000000e+00
6480,12222,PO_TPb,0.000000000000e+00
6480,12222,SED_TPb,0.000000000000e+00
6480,12222,SEDWSSD_TPb,0.000000000000e+00
6480,12222,SEDSCRS_TPb,0.000000000000e+00
6480,12222,SO_TZn,0.000000000000e+00
6480,12222,IO_TZn,0.000000000000e+00
6480,12222,AO_TZn,0.000000000000e+00
6480,12222,PO_TZn,0.000000000000e+00
6480,12222,SED_TZn,0.000000000000e+00
6480,12222,SEDWSSD_TZn,0.000000000000e+00
6480,12222,SEDSCRS_TZn,0.000000000000e+00
6480,12311,AREA,2.362730000000e-01
6480,12311,PREC,3.095981102885e+00
6480,12311,SURO,2.967960309741e-01
6480,12311,IFWO,1.864500297858e-02
6480,12311,AGWO,6.671664453107e-01
6480,12311,PERO,9.826074792633e-01
6480,12311,TAET,2.141069927921e+00
6480,12311,SEDLOAD,5.760762169610e-03
6480,12311,SEDWSSD, 5.68306e-03
6480,12311,SEDSCRS, 0.00000e+00
6480,12311,SEDSURO, 0.00000e+00
6480,12311,SEDIFWO, 2.11260e-06
6480,12311,SEDAGWO, 7.55944e-05
6480,12311,SO_TN,9.644046364979e-02
6480,12311,IO_TN,4.225210214481e-03
6480,12311,AO_TN,4.535668590759e-02
6480,12311,PO_TN,1.460223597719e-01
6480,12311,SO_TP,1.136611037484e-02
6480,12311,IO_TP,1.690084085792e-03
6480,12311,AO_TP,3.023779060506e-02
6480,12311,PO_TP,4.329398506569e-02
6480,12311,SED_TP,1.136611037484e-02
6480,12311,SEDWSSD_TP,1.136611037484e-02
6480,12311,SEDSCRS_TP,0.000000000000e+00
6480,12311,SO_TCd,2.841527593709e-05
6480,12311,IO_TCd,0.000000000000e+00
6480,12311,AO_TCd,0.000000000000e+00
6480,12311,PO_TCd,2.841527593709e-05
6480,12311,SED_TCd,2.841527593709e-05
6480,12311,SEDWSSD_TCd,2.841527593709e-05
6480,12311,SEDSCRS_TCd,0.000000000000e+00
6480,12311,SO_TCu,2.841527593709e-03
6480,12311,IO_TCu,0.000000000000e+00
6480,12311,AO_TCu,0.000000000000e+00
6480,12311,PO_TCu,2.841527593709e-03
6480,12311,SED_TCu,2.841527593709e-03
6480,12311,SEDWSSD_TCu,2.841527593709e-03
6480,12311,SEDSCRS_TCu,0.000000000000e+00
6480,12311,SO_TPb,5.683055187419e-05
6480,12311,IO_TPb,0.000000000000e+00
6480,12311,AO_TPb,0.000000000000e+00
6480,12311,PO_TPb,5.683055187419e-05
6480,12311,SED_TPb,5.683055187419e-05
6480,12311,SEDWSSD_TPb,5.683055187419e-05
6480,12311,SEDSCRS_TPb,0.000000000000e+00
6480,12311,SO_TZn,2.045899867471e-02
6480,12311,IO_TZn,0.000000000000e+00
6480,12311,AO_TZn,7.559447651265e-03
6480,12311,PO_TZn,2.801844632597e-02
6480,12311,SED_TZn,2.045899867471e-02
6480,12311,SEDWSSD_TZn,2.045899867471e-02
6480,12311,SEDSCRS_TZn,0.000000000000e+00
6480,12312,AREA,1.389159999999e-01
6480,12312,PREC,1.820272781437e+00
6480,12312,SURO,1.721467727761e-01
6480,12312,IFWO,1.121133704785e-02
6480,12312,AGWO,2.756385991241e-01
6480,12312,PERO,4.589967089481e-01
6480,12312,TAET,1.259409999450e+00
6480,12312,SEDLOAD,3.353367073302e-03
6480,12312,SEDWSSD, 3.32087e-03
6480,12312,SEDSCRS, 0.00000e+00
6480,12312,SEDSURO, 0.00000e+00
6480,12312,SEDIFWO, 1.27032e-06
6480,12312,SEDAGWO, 3.12317e-05
6480,12312,SO_TN,5.610080971386e-02
6480,12312,IO_TN,2.540640828376e-03
6480,12312,AO_TN,1.873903199472e-02
6480,12312,PO_TN,7.738048253696e-02
6480,12312,SO_TP,6.641730148967e-03
6480,12312,IO_TP,1.016256331350e-03
6480,12312,AO_TP,1.249268799648e-02
6480,12312,PO_TP,2.015067447680e-02
6480,12312,SED_TP,6.641730148967e-03
6480,12312,SEDWSSD_TP,6.641730148967e-03
6480,12312,SEDSCRS_TP,0.000000000000e+00
6480,12312,SO_TCd,1.660432537242e-05
6480,12312,IO_TCd,0.000000000000e+00
6480,12312,AO_TCd,0.000000000000e+00
6480,12312,PO_TCd,1.660432537242e-05
6480,12312,SED_TCd,1.660432537242e-05
6480,12312,SEDWSSD_TCd,1.660432537242e-05
6480,12312,SEDSCRS_TCd,0.000000000000e+00
6480,12312,SO_TCu,1.660432537242e-03
6480,12312,IO_TCu,0.000000000000e+00
6480,12312,AO_TCu,0.000000000000e+00
6480,12312,PO_TCu,1.660432537242e-03
6480,12312,SED_TCu,1.660432537242e-03
6480,12312,SEDWSSD_TCu,1.660432537242e-03
6480,12312,SEDSCRS_TCu,0.000000000000e+00
6480,12312,SO_TPb,3.320865074484e-05
6480,12312,IO_TPb,0.000000000000e+00
6480,12312,AO_TPb,0.000000000000e+00
6480,12312,PO_TPb,3.320865074484e-05
6480,12312,SED_TPb,3.320865074484e-05
6480,12312,SEDWSSD_TPb,3.320865074484e-05
6480,12312,SEDSCRS_TPb,0.000000000000e+00
6480,12312,SO_TZn,1.195511426814e-02
6480,12312,IO_TZn,0.000000000000e+00
6480,12312,AO_TZn,3.123171999121e-03
6480,12312,PO_TZn,1.507828626726e-02
6480,12312,SED_TZn,1.195511426814e-02
6480,12312,SEDWSSD_TZn,1.195511426814e-02
6480,12312,SEDSCRS_TZn,0.000000000000e+00
6480,12321,AREA,4.757444699996e+01
6480,12321,PREC,6.233873057531e+02
6480,12321,SURO,6.875789718574e+01
6480,12321,IFWO,3.824178130312e+00
6480,12321,AGWO,1.321736896062e+02
6480,12321,PERO,2.047557649223e+02
6480,12321,TAET,4.239144869723e+02
6480,12321,SEDLOAD,1.226519134232e+00
6480,12321,SEDWSSD, 1.21111e+00
6480,12321,SEDSCRS, 0.00000e+00
6480,12321,SEDSURO, 0.00000e+00
6480,12321,SEDIFWO, 4.33305e-04
6480,12321,SEDAGWO, 1.49762e-02
6480,12321,SO_TN,2.120135451990e+01
6480,12321,IO_TN,8.666105613793e-01
6480,12321,AO_TN,8.985704492264e+00
6480,12321,PO_TN,3.105366957354e+01
6480,12321,SO_TP,2.422219349029e+00
6480,12321,IO_TP,3.466442245517e-01
6480,12321,AO_TP,5.990469661509e+00
6480,12321,PO_TP,8.759333235090e+00
6480,12321,SED_TP,2.422219349029e+00
6480,12321,SEDWSSD_TP,2.422219349029e+00
6480,12321,SEDSCRS_TP,0.000000000000e+00
6480,12321,SO_TCd,6.055548372573e-03
6480,12321,IO_TCd,0.000000000000e+00
6480,12321,AO_TCd,0.000000000000e+00
6480,12321,PO_TCd,6.055548372573e-03
6480,12321,SED_TCd,6.055548372573e-03
6480,12321,SEDWSSD_TCd,6.055548372573e-03
6480,12321,SEDSCRS_TCd,0.000000000000e+00
6480,12321,SO_TCu,6.055548372573e-01
6480,12321,IO_TCu,0.000000000000e+00
6480,12321,AO_TCu,0.000000000000e+00
6480,12321,PO_TCu,6.055548372573e-01
6480,12321,SED_TCu,6.055548372573e-01
6480,12321,SEDWSSD_TCu,6.055548372573e-01
6480,12321,SEDSCRS_TCu,0.000000000000e+00
6480,12321,SO_TPb,1.211109674515e-02
6480,12321,IO_TPb,0.000000000000e+00
6480,12321,AO_TPb,0.000000000000e+00
6480,12321,PO_TPb,1.211109674515e-02
6480,12321,SED_TPb,1.211109674515e-02
6480,12321,SEDWSSD_TPb,1.211109674515e-02
6480,12321,SEDSCRS_TPb,0.000000000000e+00
6480,12321,SO_TZn,4.359994828252e+00
6480,12321,IO_TZn,0.000000000000e+00
6480,12321,AO_TZn,1.497617415377e+00
6480,12321,PO_TZn,5.857612243630e+00
6480,12321,SED_TZn,4.359994828252e+00
6480,12321,SEDWSSD_TZn,4.359994828252e+00
6480,12321,SEDSCRS_TZn,0.000000000000e+00
6480,12322,AREA,5.404269999999e+00
6480,12322,PREC,7.081434524846e+01
6480,12322,SURO,7.679822221662e+00
6480,12322,IFWO,4.454591355255e-01
6480,12322,AGWO,1.057625213292e+01
6480,12322,PERO,1.870153349011e+01
6480,12322,TAET,4.818096084500e+01
6480,12322,SEDLOAD,1.383905247181e-01
6480,12322,SEDWSSD, 1.37142e-01
6480,12322,SEDSCRS, 0.00000e+00
6480,12322,SEDSURO, 0.00000e+00
6480,12322,SEDIFWO, 5.04735e-05
6480,12322,SEDAGWO, 1.19836e-03
6480,12322,SO_TN,2.391497232864e+00
6480,12322,IO_TN,1.009470736861e-01
6480,12322,AO_TN,7.190165954000e-01
6480,12322,PO_TN,3.211460901951e+00
6480,12322,SO_TP,2.742833835736e-01
6480,12322,IO_TP,4.037882947443e-02
6480,12322,AO_TP,4.793443969334e-01
6480,12322,PO_TP,7.940066099814e-01
6480,12322,SED_TP,2.742833835736e-01
6480,12322,SEDWSSD_TP,2.742833835736e-01
6480,12322,SEDSCRS_TP,0.000000000000e+00
6480,12322,SO_TCd,6.857084589340e-04
6480,12322,IO_TCd,0.000000000000e+00
6480,12322,AO_TCd,0.000000000000e+00
6480,12322,PO_TCd,6.857084589340e-04
6480,12322,SED_TCd,6.857084589340e-04
6480,12322,SEDWSSD_TCd,6.857084589340e-04
6480,12322,SEDSCRS_TCd,0.000000000000e+00
6480,12322,SO_TCu,6.857084589340e-02
6480,12322,IO_TCu,0.000000000000e+00
6480,12322,AO_TCu,0.000000000000e+00
6480,12322,PO_TCu,6.857084589340e-02
6480,12322,SED_TCu,6.857084589340e-02
6480,12322,SEDWSSD_TCu,6.857084589340e-02
6480,12322,SEDSCRS_TCu,0.000000000000e+00
6480,12322,SO_TPb,1.371416917868e-03
6480,12322,IO_TPb,0.000000000000e+00
6480,12322,AO_TPb,0.000000000000e+00
6480,12322,PO_TPb,1.371416917868e-03
6480,12322,SED_TPb,1.371416917868e-03
6480,12322,SEDWSSD_TPb,1.371416917868e-03
6480,12322,SEDSCRS_TPb,0.000000000000e+00
6480,12322,SO_TZn,4.937100904325e-01
6480,12322,IO_TZn,0.000000000000e+00
6480,12322,AO_TZn,1.198360992333e-01
6480,12322,PO_TZn,6.135461896658e-01
6480,12322,SED_TZn,4.937100904325e-01
6480,12322,SEDWSSD_TZn,4.937100904325e-01
6480,12322,SEDSCRS_TZn,0.000000000000e+00
6480,12411,AREA,2.238261800002e+01
6480,12411,PREC,2.932885364011e+02
6480,12411,SURO,4.458288301769e+01
6480,12411,IFWO,8.695797280773e-01
6480,12411,AGWO,4.455030723109e+01
6480,12411,PERO,9.000276997686e+01
6480,12411,TAET,2.056264250787e+02
6480,12411,SEDLOAD,3.465650592614e-01
6480,12411,SEDWSSD, 3.41419e-01
6480,12411,SEDSCRS, 0.00000e+00
6480,12411,SEDSURO, 0.00000e+00
6480,12411,SEDIFWO, 9.85291e-05
6480,12411,SEDAGWO, 5.04785e-03
6480,12411,SO_TN,1.125635555164e+01
6480,12411,IO_TN,1.970585445118e-01
6480,12411,AO_TN,3.028710910703e+00
6480,12411,PO_TN,1.448212500686e+01
6480,12411,SO_TP,6.828373701125e-01
6480,12411,IO_TP,7.882341780473e-02
6480,12411,AO_TP,2.019140607135e+00
6480,12411,PO_TP,2.780801395052e+00
6480,12411,SED_TP,6.828373701125e-01
6480,12411,SEDWSSD_TP,6.828373701125e-01
6480,12411,SEDSCRS_TP,0.000000000000e+00
6480,12411,SO_TCd,1.707093425281e-03
6480,12411,IO_TCd,0.000000000000e+00
6480,12411,AO_TCd,0.000000000000e+00
6480,12411,PO_TCd,1.707093425281e-03
6480,12411,SED_TCd,1.707093425281e-03
6480,12411,SEDWSSD_TCd,1.707093425281e-03
6480,12411,SEDSCRS_TCd,0.000000000000e+00
6480,12411,SO_TCu,1.707093425281e-01
6480,12411,IO_TCu,0.000000000000e+00
6480,12411,AO_TCu,0.000000000000e+00
6480,12411,PO_TCu,1.707093425281e-01
6480,12411,SED_TCu,1.707093425281e-01
6480,12411,SEDWSSD_TCu,1.707093425281e-01
6480,12411,SEDSCRS_TCu,0.000000000000e+00
6480,12411,SO_TPb,3.414186850562e-03
6480,12411,IO_TPb,0.000000000000e+00
6480,12411,AO_TPb,0.000000000000e+00
6480,12411,PO_TPb,3.414186850562e-03
6480,12411,SED_TPb,3.414186850562e-03
6480,12411,SEDWSSD_TPb,3.414186850562e-03
6480,12411,SEDSCRS_TPb,0.000000000000e+00
6480,12411,SO_TZn,1.229107266202e+00
6480,12411,IO_TZn,0.000000000000e+00
6480,12411,AO_TZn,5.047851517838e-01
6480,12411,PO_TZn,1.733892417986e+00
6480,12411,SED_TZn,1.229107266202e+00
6480,12411,SEDWSSD_TZn,1.229107266202e+00
6480,12411,SEDSCRS_TZn,0.000000000000e+00
6480,12412,AREA,1.468342359998e+02
6480,12412,PREC,1.924028644460e+03
6480,12412,SURO,2.804317128875e+02
6480,12412,IFWO,6.418404339267e+00
6480,12412,AGWO,2.099206138476e+02
6480,12412,PERO,4.967707310743e+02
6480,12412,TAET,1.352642387301e+03
6480,12412,SEDLOAD,2.224148030739e+00
6480,12412,SEDWSSD, 2.19964e+00
6480,12412,SEDSCRS, 0.00000e+00
6480,12412,SEDSURO, 0.00000e+00
6480,12412,SEDIFWO, 7.27248e-04
6480,12412,SEDAGWO, 2.37854e-02
6480,12412,SO_TN,7.154764171654e+01
6480,12412,IO_TN,1.454497358144e+00
6480,12412,AO_TN,1.427125631803e+01
6480,12412,PO_TN,8.727339539271e+01
6480,12412,SO_TP,4.399270772456e+00
6480,12412,IO_TP,5.817989432577e-01
6480,12412,AO_TP,9.514170878684e+00
6480,12412,PO_TP,1.449524059440e+01
6480,12412,SED_TP,4.399270772456e+00
6480,12412,SEDWSSD_TP,4.399270772456e+00
6480,12412,SEDSCRS_TP,0.000000000000e+00
6480,12412,SO_TCd,1.099817693114e-02
6480,12412,IO_TCd,0.000000000000e+00
6480,12412,AO_TCd,0.000000000000e+00
6480,12412,PO_TCd,1.099817693114e-02
6480,12412,SED_TCd,1.099817693114e-02
6480,12412,SEDWSSD_TCd,1.099817693114e-02
6480,12412,SEDSCRS_TCd,0.000000000000e+00
6480,12412,SO_TCu,1.099817693114e+00
6480,12412,IO_TCu,0.000000000000e+00
6480,12412,AO_TCu,0.000000000000e+00
6480,12412,PO_TCu,1.099817693114e+00
6480,12412,SED_TCu,1.099817693114e+00
6480,12412,SEDWSSD_TCu,1.099817693114e+00
6480,12412,SEDSCRS_TCu,0.000000000000e+00
6480,12412,SO_TPb,2.199635386228e-02
6480,12412,IO_TPb,0.000000000000e+00
6480,12412,AO_TPb,0.000000000000e+00
6480,12412,PO_TPb,2.199635386228e-02
6480,12412,SED_TPb,2.199635386228e-02
6480,12412,SEDWSSD_TPb,2.199635386228e-02
6480,12412,SEDSCRS_TPb,0.000000000000e+00
6480,12412,SO_TZn,7.918687390421e+00
6480,12412,IO_TZn,0.000000000000e+00
6480,12412,AO_TZn,2.378542719671e+00
6480,12412,PO_TZn,1.029723011009e+01
6480,12412,SED_TZn,7.918687390421e+00
6480,12412,SEDWSSD_TZn,7.918687390421e+00
6480,12412,SEDSCRS_TZn,0.000000000000e+00
6480,12421,AREA,2.807401919998e+02
6480,12421,PREC,3.678652784077e+03
6480,12421,SURO,6.482561315892e+02
6480,12421,IFWO,9.131412434927e+00
6480,12421,AGWO,5.284921002464e+02
6480,12421,PERO,1.185879644271e+03
6480,12421,TAET,2.519022275799e+03
6480,12421,SEDLOAD,4.336880205191e+00
6480,12421,SEDWSSD, 4.27596e+00
6480,12421,SEDSCRS, 0.00000e+00
6480,12421,SEDSURO, 0.00000e+00
6480,12421,SEDIFWO, 1.03465e-03
6480,12421,SEDAGWO, 5.98817e-02
6480,12421,SO_TN,1.590135974920e+02
6480,12421,IO_TN,2.069301739292e+00
6480,12421,AO_TN,3.592904044261e+01
6480,12421,PO_TN,1.970119396739e+02
6480,12421,SO_TP,8.551927796389e+00
6480,12421,IO_TP,8.277206957169e-01
6480,12421,AO_TP,2.395269362841e+01
6480,12421,PO_TP,3.333234212051e+01
6480,12421,SED_TP,8.551927796389e+00
6480,12421,SEDWSSD_TP,8.551927796389e+00
6480,12421,SEDSCRS_TP,0.000000000000e+00
6480,12421,SO_TCd,2.137981949097e-02
6480,12421,IO_TCd,0.000000000000e+00
6480,12421,AO_TCd,0.000000000000e+00
6480,12421,PO_TCd,2.137981949097e-02
6480,12421,SED_TCd,2.137981949097e-02
6480,12421,SEDWSSD_TCd,2.137981949097e-02
6480,12421,SEDSCRS_TCd,0.000000000000e+00
6480,12421,SO_TCu,2.137981949097e+00
6480,12421,IO_TCu,0.000000000000e+00
6480,12421,AO_TCu,0.000000000000e+00
6480,12421,PO_TCu,2.137981949097e+00
6480,12421,SED_TCu,2.137981949097e+00
6480,12421,SEDWSSD_TCu,2.137981949097e+00
6480,12421,SEDSCRS_TCu,0.000000000000e+00
6480,12421,SO_TPb,4.275963898195e-02
6480,12421,IO_TPb,0.000000000000e+00
6480,12421,AO_TPb,0.000000000000e+00
6480,12421,PO_TPb,4.275963898195e-02
6480,12421,SED_TPb,4.275963898195e-02
6480,12421,SEDWSSD_TPb,4.275963898195e-02
6480,12421,SEDSCRS_TPb,0.000000000000e+00
6480,12421,SO_TZn,1.539347003350e+01
6480,12421,IO_TZn,0.000000000000e+00
6480,12421,AO_TZn,5.988173407101e+00
6480,12421,PO_TZn,2.138164344060e+01
6480,12421,SED_TZn,1.539347003350e+01
6480,12421,SEDWSSD_TZn,1.539347003350e+01
6480,12421,SEDSCRS_TZn,0.000000000000e+00
6480,12422,AREA,3.151879000005e+00
6480,12422,PREC,4.130035096088e+01
6480,12422,SURO,7.038785539176e+00
6480,12422,IFWO,1.161279659160e-01
6480,12422,AGWO,4.261911210048e+00
6480,12422,PERO,1.141682471514e+01
6480,12422,TAET,2.835921216586e+01
6480,12422,SEDLOAD,4.797527292297e-02
6480,12422,SEDWSSD, 4.74792e-02
6480,12422,SEDSCRS, 0.00000e+00
6480,12422,SEDSURO, 0.00000e+00
6480,12422,SEDIFWO, 1.31581e-05
6480,12422,SEDAGWO, 4.82903e-04
6480,12422,SO_TN,1.740421362154e+00
6480,12422,IO_TN,2.631616998608e-02
6480,12422,AO_TN,2.897420418531e-01
6480,12422,PO_TN,2.056479573993e+00
6480,12422,SO_TP,9.495842413923e-02
6480,12422,IO_TP,1.052646799443e-02
6480,12422,AO_TP,1.931613612354e-01
6480,12422,PO_TP,2.986462533691e-01
6480,12422,SED_TP,9.495842413923e-02
6480,12422,SEDWSSD_TP,9.495842413923e-02
6480,12422,SEDSCRS_TP,0.000000000000e+00
6480,12422,SO_TCd,2.373960603481e-04
6480,12422,IO_TCd,0.000000000000e+00
6480,12422,AO_TCd,0.000000000000e+00
6480,12422,PO_TCd,2.373960603481e-04
6480,12422,SED_TCd,2.373960603481e-04
6480,12422,SEDWSSD_TCd,2.373960603481e-04
6480,12422,SEDSCRS_TCd,0.000000000000e+00
6480,12422,SO_TCu,2.373960603481e-02
6480,12422,IO_TCu,0.000000000000e+00
6480,12422,AO_TCu,0.000000000000e+00
6480,12422,PO_TCu,2.373960603481e-02
6480,12422,SED_TCu,2.373960603481e-02
6480,12422,SEDWSSD_TCu,2.373960603481e-02
6480,12422,SEDSCRS_TCu,0.000000000000e+00
6480,12422,SO_TPb,4.747921206961e-04
6480,12422,IO_TPb,0.000000000000e+00
6480,12422,AO_TPb,0.000000000000e+00
6480,12422,PO_TPb,4.747921206961e-04
6480,12422,SED_TPb,4.747921206961e-04
6480,12422,SEDWSSD_TPb,4.747921206961e-04
6480,12422,SEDSCRS_TPb,0.000000000000e+00
6480,12422,SO_TZn,1.709251634506e-01
6480,12422,IO_TZn,0.000000000000e+00
6480,12422,AO_TZn,4.829034030885e-02
6480,12422,PO_TZn,2.192155037595e-01
6480,12422,SED_TZn,1.709251634506e-01
6480,12422,SEDWSSD_TZn,1.709251634506e-01
6480,12422,SEDSCRS_TZn,0.000000000000e+00
6480,13111,AREA,0.000000000000e+00
6480,13111,PREC,0.000000000000e+00
6480,13111,SURO,0.000000000000e+00
6480,13111,IFWO,0.000000000000e+00
6480,13111,AGWO,0.000000000000e+00
6480,13111,PERO,0.000000000000e+00
6480,13111,TAET,0.000000000000e+00
6480,13111,SEDLOAD,0.000000000000e+00
6480,13111,SEDWSSD, 0.00000e+00
6480,13111,SEDSCRS, 0.00000e+00
6480,13111,SEDSURO, 0.00000e+00
6480,13111,SEDIFWO, 0.00000e+00
6480,13111,SEDAGWO, 0.00000e+00
6480,13111,SO_TN,0.000000000000e+00
6480,13111,IO_TN,0.000000000000e+00
6480,13111,AO_TN,0.000000000000e+00
6480,13111,PO_TN,0.000000000000e+00
6480,13111,SO_TP,0.000000000000e+00
6480,13111,IO_TP,0.000000000000e+00
6480,13111,AO_TP,0.000000000000e+00
6480,13111,PO_TP,0.000000000000e+00
6480,13111,SED_TP,0.000000000000e+00
6480,13111,SEDWSSD_TP,0.000000000000e+00
6480,13111,SEDSCRS_TP,0.000000000000e+00
6480,13111,SO_TCd,0.000000000000e+00
6480,13111,IO_TCd,0.000000000000e+00
6480,13111,AO_TCd,0.000000000000e+00
6480,13111,PO_TCd,0.000000000000e+00
6480,13111,SED_TCd,0.000000000000e+00
6480,13111,SEDWSSD_TCd,0.000000000000e+00
6480,13111,SEDSCRS_TCd,0.000000000000e+00
6480,13111,SO_TCu,0.000000000000e+00
6480,13111,IO_TCu,0.000000000000e+00
6480,13111,AO_TCu,0.000000000000e+00
6480,13111,PO_TCu,0.000000000000e+00
6480,13111,SED_TCu,0.000000000000e+00
6480,13111,SEDWSSD_TCu,0.000000000000e+00
6480,13111,SEDSCRS_TCu,0.000000000000e+00
6480,13111,SO_TPb,0.000000000000e+00
6480,13111,IO_TPb,0.000000000000e+00
6480,13111,AO_TPb,0.000000000000e+00
6480,13111,PO_TPb,0.000000000000e+00
6480,13111,SED_TPb,0.000000000000e+00
6480,13111,SEDWSSD_TPb,0.000000000000e+00
6480,13111,SEDSCRS_TPb,0.000000000000e+00
6480,13111,SO_TZn,0.000000000000e+00
6480,13111,IO_TZn,0.000000000000e+00
6480,13111,AO_TZn,0.000000000000e+00
6480,13111,PO_TZn,0.000000000000e+00
6480,13111,SED_TZn,0.000000000000e+00
6480,13111,SEDWSSD_TZn,0.000000000000e+00
6480,13111,SEDSCRS_TZn,0.000000000000e+00
6480,13112,AREA,0.000000000000e+00
6480,13112,PREC,0.000000000000e+00
6480,13112,SURO,0.000000000000e+00
6480,13112,IFWO,0.000000000000e+00
6480,13112,AGWO,0.000000000000e+00
6480,13112,PERO,0.000000000000e+00
6480,13112,TAET,0.000000000000e+00
6480,13112,SEDLOAD,0.000000000000e+00
6480,13112,SEDWSSD, 0.00000e+00
6480,13112,SEDSCRS, 0.00000e+00
6480,13112,SEDSURO, 0.00000e+00
6480,13112,SEDIFWO, 0.00000e+00
6480,13112,SEDAGWO, 0.00000e+00
6480,13112,SO_TN,0.000000000000e+00
6480,13112,IO_TN,0.000000000000e+00
6480,13112,AO_TN,0.000000000000e+00
6480,13112,PO_TN,0.000000000000e+00
6480,13112,SO_TP,0.000000000000e+00
6480,13112,IO_TP,0.000000000000e+00
6480,13112,AO_TP,0.000000000000e+00
6480,13112,PO_TP,0.000000000000e+00
6480,13112,SED_TP,0.000000000000e+00
6480,13112,SEDWSSD_TP,0.000000000000e+00
6480,13112,SEDSCRS_TP,0.000000000000e+00
6480,13112,SO_TCd,0.000000000000e+00
6480,13112,IO_TCd,0.000000000000e+00
6480,13112,AO_TCd,0.000000000000e+00
6480,13112,PO_TCd,0.000000000000e+00
6480,13112,SED_TCd,0.000000000000e+00
6480,13112,SEDWSSD_TCd,0.000000000000e+00
6480,13112,SEDSCRS_TCd,0.000000000000e+00
6480,13112,SO_TCu,0.000000000000e+00
6480,13112,IO_TCu,0.000000000000e+00
6480,13112,AO_TCu,0.000000000000e+00
6480,13112,PO_TCu,0.000000000000e+00
6480,13112,SED_TCu,0.000000000000e+00
6480,13112,SEDWSSD_TCu,0.000000000000e+00
6480,13112,SEDSCRS_TCu,0.000000000000e+00
6480,13112,SO_TPb,0.000000000000e+00
6480,13112,IO_TPb,0.000000000000e+00
6480,13112,AO_TPb,0.000000000000e+00
6480,13112,PO_TPb,0.000000000000e+00
6480,13112,SED_TPb,0.000000000000e+00
6480,13112,SEDWSSD_TPb,0.000000000000e+00
6480,13112,SEDSCRS_TPb,0.000000000000e+00
6480,13112,SO_TZn,0.000000000000e+00
6480,13112,IO_TZn,0.000000000000e+00
6480,13112,AO_TZn,0.000000000000e+00
6480,13112,PO_TZn,0.000000000000e+00
6480,13112,SED_TZn,0.000000000000e+00
6480,13112,SEDWSSD_TZn,0.000000000000e+00
6480,13112,SEDSCRS_TZn,0.000000000000e+00
6480,13121,AREA,0.000000000000e+00
6480,13121,PREC,0.000000000000e+00
6480,13121,SURO,0.000000000000e+00
6480,13121,IFWO,0.000000000000e+00
6480,13121,AGWO,0.000000000000e+00
6480,13121,PERO,0.000000000000e+00
6480,13121,TAET,0.000000000000e+00
6480,13121,SEDLOAD,0.000000000000e+00
6480,13121,SEDWSSD, 0.00000e+00
6480,13121,SEDSCRS, 0.00000e+00
6480,13121,SEDSURO, 0.00000e+00
6480,13121,SEDIFWO, 0.00000e+00
6480,13121,SEDAGWO, 0.00000e+00
6480,13121,SO_TN,0.000000000000e+00
6480,13121,IO_TN,0.000000000000e+00
6480,13121,AO_TN,0.000000000000e+00
6480,13121,PO_TN,0.000000000000e+00
6480,13121,SO_TP,0.000000000000e+00
6480,13121,IO_TP,0.000000000000e+00
6480,13121,AO_TP,0.000000000000e+00
6480,13121,PO_TP,0.000000000000e+00
6480,13121,SED_TP,0.000000000000e+00
6480,13121,SEDWSSD_TP,0.000000000000e+00
6480,13121,SEDSCRS_TP,0.000000000000e+00
6480,13121,SO_TCd,0.000000000000e+00
6480,13121,IO_TCd,0.000000000000e+00
6480,13121,AO_TCd,0.000000000000e+00
6480,13121,PO_TCd,0.000000000000e+00
6480,13121,SED_TCd,0.000000000000e+00
6480,13121,SEDWSSD_TCd,0.000000000000e+00
6480,13121,SEDSCRS_TCd,0.000000000000e+00
6480,13121,SO_TCu,0.000000000000e+00
6480,13121,IO_TCu,0.000000000000e+00
6480,13121,AO_TCu,0.000000000000e+00
6480,13121,PO_TCu,0.000000000000e+00
6480,13121,SED_TCu,0.000000000000e+00
6480,13121,SEDWSSD_TCu,0.000000000000e+00
6480,13121,SEDSCRS_TCu,0.000000000000e+00
6480,13121,SO_TPb,0.000000000000e+00
6480,13121,IO_TPb,0.000000000000e+00
6480,13121,AO_TPb,0.000000000000e+00
6480,13121,PO_TPb,0.000000000000e+00
6480,13121,SED_TPb,0.000000000000e+00
6480,13121,SEDWSSD_TPb,0.000000000000e+00
6480,13121,SEDSCRS_TPb,0.000000000000e+00
6480,13121,SO_TZn,0.000000000000e+00
6480,13121,IO_TZn,0.000000000000e+00
6480,13121,AO_TZn,0.000000000000e+00
6480,13121,PO_TZn,0.000000000000e+00
6480,13121,SED_TZn,0.000000000000e+00
6480,13121,SEDWSSD_TZn,0.000000000000e+00
6480,13121,SEDSCRS_TZn,0.000000000000e+00
6480,13122,AREA,0.000000000000e+00
6480,13122,PREC,0.000000000000e+00
6480,13122,SURO,0.000000000000e+00
6480,13122,IFWO,0.000000000000e+00
6480,13122,AGWO,0.000000000000e+00
6480,13122,PERO,0.000000000000e+00
6480,13122,TAET,0.000000000000e+00
6480,13122,SEDLOAD,0.000000000000e+00
6480,13122,SEDWSSD, 0.00000e+00
6480,13122,SEDSCRS, 0.00000e+00
6480,13122,SEDSURO, 0.00000e+00
6480,13122,SEDIFWO, 0.00000e+00
6480,13122,SEDAGWO, 0.00000e+00
6480,13122,SO_TN,0.000000000000e+00
6480,13122,IO_TN,0.000000000000e+00
6480,13122,AO_TN,0.000000000000e+00
6480,13122,PO_TN,0.000000000000e+00
6480,13122,SO_TP,0.000000000000e+00
6480,13122,IO_TP,0.000000000000e+00
6480,13122,AO_TP,0.000000000000e+00
6480,13122,PO_TP,0.000000000000e+00
6480,13122,SED_TP,0.000000000000e+00
6480,13122,SEDWSSD_TP,0.000000000000e+00
6480,13122,SEDSCRS_TP,0.000000000000e+00
6480,13122,SO_TCd,0.000000000000e+00
6480,13122,IO_TCd,0.000000000000e+00
6480,13122,AO_TCd,0.000000000000e+00
6480,13122,PO_TCd,0.000000000000e+00
6480,13122,SED_TCd,0.000000000000e+00
6480,13122,SEDWSSD_TCd,0.000000000000e+00
6480,13122,SEDSCRS_TCd,0.000000000000e+00
6480,13122,SO_TCu,0.000000000000e+00
6480,13122,IO_TCu,0.000000000000e+00
6480,13122,AO_TCu,0.000000000000e+00
6480,13122,PO_TCu,0.000000000000e+00
6480,13122,SED_TCu,0.000000000000e+00
6480,13122,SEDWSSD_TCu,0.000000000000e+00
6480,13122,SEDSCRS_TCu,0.000000000000e+00
6480,13122,SO_TPb,0.000000000000e+00
6480,13122,IO_TPb,0.000000000000e+00
6480,13122,AO_TPb,0.000000000000e+00
6480,13122,PO_TPb,0.000000000000e+00
6480,13122,SED_TPb,0.000000000000e+00
6480,13122,SEDWSSD_TPb,0.000000000000e+00
6480,13122,SEDSCRS_TPb,0.000000000000e+00
6480,13122,SO_TZn,0.000000000000e+00
6480,13122,IO_TZn,0.000000000000e+00
6480,13122,AO_TZn,0.000000000000e+00
6480,13122,PO_TZn,0.000000000000e+00
6480,13122,SED_TZn,0.000000000000e+00
6480,13122,SEDWSSD_TZn,0.000000000000e+00
6480,13122,SEDSCRS_TZn,0.000000000000e+00
6480,13211,AREA,0.000000000000e+00
6480,13211,PREC,0.000000000000e+00
6480,13211,SURO,0.000000000000e+00
6480,13211,IFWO,0.000000000000e+00
6480,13211,AGWO,0.000000000000e+00
6480,13211,PERO,0.000000000000e+00
6480,13211,TAET,0.000000000000e+00
6480,13211,SEDLOAD,0.000000000000e+00
6480,13211,SEDWSSD, 0.00000e+00
6480,13211,SEDSCRS, 0.00000e+00
6480,13211,SEDSURO, 0.00000e+00
6480,13211,SEDIFWO, 0.00000e+00
6480,13211,SEDAGWO, 0.00000e+00
6480,13211,SO_TN,0.000000000000e+00
6480,13211,IO_TN,0.000000000000e+00
6480,13211,AO_TN,0.000000000000e+00
6480,13211,PO_TN,0.000000000000e+00
6480,13211,SO_TP,0.000000000000e+00
6480,13211,IO_TP,0.000000000000e+00
6480,13211,AO_TP,0.000000000000e+00
6480,13211,PO_TP,0.000000000000e+00
6480,13211,SED_TP,0.000000000000e+00
6480,13211,SEDWSSD_TP,0.000000000000e+00
6480,13211,SEDSCRS_TP,0.000000000000e+00
6480,13211,SO_TCd,0.000000000000e+00
6480,13211,IO_TCd,0.000000000000e+00
6480,13211,AO_TCd,0.000000000000e+00
6480,13211,PO_TCd,0.000000000000e+00
6480,13211,SED_TCd,0.000000000000e+00
6480,13211,SEDWSSD_TCd,0.000000000000e+00
6480,13211,SEDSCRS_TCd,0.000000000000e+00
6480,13211,SO_TCu,0.000000000000e+00
6480,13211,IO_TCu,0.000000000000e+00
6480,13211,AO_TCu,0.000000000000e+00
6480,13211,PO_TCu,0.000000000000e+00
6480,13211,SED_TCu,0.000000000000e+00
6480,13211,SEDWSSD_TCu,0.000000000000e+00
6480,13211,SEDSCRS_TCu,0.000000000000e+00
6480,13211,SO_TPb,0.000000000000e+00
6480,13211,IO_TPb,0.000000000000e+00
6480,13211,AO_TPb,0.000000000000e+00
6480,13211,PO_TPb,0.000000000000e+00
6480,13211,SED_TPb,0.000000000000e+00
6480,13211,SEDWSSD_TPb,0.000000000000e+00
6480,13211,SEDSCRS_TPb,0.000000000000e+00
6480,13211,SO_TZn,0.000000000000e+00
6480,13211,IO_TZn,0.000000000000e+00
6480,13211,AO_TZn,0.000000000000e+00
6480,13211,PO_TZn,0.000000000000e+00
6480,13211,SED_TZn,0.000000000000e+00
6480,13211,SEDWSSD_TZn,0.000000000000e+00
6480,13211,SEDSCRS_TZn,0.000000000000e+00
6480,13212,AREA,0.000000000000e+00
6480,13212,PREC,0.000000000000e+00
6480,13212,SURO,0.000000000000e+00
6480,13212,IFWO,0.000000000000e+00
6480,13212,AGWO,0.000000000000e+00
6480,13212,PERO,0.000000000000e+00
6480,13212,TAET,0.000000000000e+00
6480,13212,SEDLOAD,0.000000000000e+00
6480,13212,SEDWSSD, 0.00000e+00
6480,13212,SEDSCRS, 0.00000e+00
6480,13212,SEDSURO, 0.00000e+00
6480,13212,SEDIFWO, 0.00000e+00
6480,13212,SEDAGWO, 0.00000e+00
6480,13212,SO_TN,0.000000000000e+00
6480,13212,IO_TN,0.000000000000e+00
6480,13212,AO_TN,0.000000000000e+00
6480,13212,PO_TN,0.000000000000e+00
6480,13212,SO_TP,0.000000000000e+00
6480,13212,IO_TP,0.000000000000e+00
6480,13212,AO_TP,0.000000000000e+00
6480,13212,PO_TP,0.000000000000e+00
6480,13212,SED_TP,0.000000000000e+00
6480,13212,SEDWSSD_TP,0.000000000000e+00
6480,13212,SEDSCRS_TP,0.000000000000e+00
6480,13212,SO_TCd,0.000000000000e+00
6480,13212,IO_TCd,0.000000000000e+00
6480,13212,AO_TCd,0.000000000000e+00
6480,13212,PO_TCd,0.000000000000e+00
6480,13212,SED_TCd,0.000000000000e+00
6480,13212,SEDWSSD_TCd,0.000000000000e+00
6480,13212,SEDSCRS_TCd,0.000000000000e+00
6480,13212,SO_TCu,0.000000000000e+00
6480,13212,IO_TCu,0.000000000000e+00
6480,13212,AO_TCu,0.000000000000e+00
6480,13212,PO_TCu,0.000000000000e+00
6480,13212,SED_TCu,0.000000000000e+00
6480,13212,SEDWSSD_TCu,0.000000000000e+00
6480,13212,SEDSCRS_TCu,0.000000000000e+00
6480,13212,SO_TPb,0.000000000000e+00
6480,13212,IO_TPb,0.000000000000e+00
6480,13212,AO_TPb,0.000000000000e+00
6480,13212,PO_TPb,0.000000000000e+00
6480,13212,SED_TPb,0.000000000000e+00
6480,13212,SEDWSSD_TPb,0.000000000000e+00
6480,13212,SEDSCRS_TPb,0.000000000000e+00
6480,13212,SO_TZn,0.000000000000e+00
6480,13212,IO_TZn,0.000000000000e+00
6480,13212,AO_TZn,0.000000000000e+00
6480,13212,PO_TZn,0.000000000000e+00
6480,13212,SED_TZn,0.000000000000e+00
6480,13212,SEDWSSD_TZn,0.000000000000e+00
6480,13212,SEDSCRS_TZn,0.000000000000e+00
6480,13221,AREA,0.000000000000e+00
6480,13221,PREC,0.000000000000e+00
6480,13221,SURO,0.000000000000e+00
6480,13221,IFWO,0.000000000000e+00
6480,13221,AGWO,0.000000000000e+00
6480,13221,PERO,0.000000000000e+00
6480,13221,TAET,0.000000000000e+00
6480,13221,SEDLOAD,0.000000000000e+00
6480,13221,SEDWSSD, 0.00000e+00
6480,13221,SEDSCRS, 0.00000e+00
6480,13221,SEDSURO, 0.00000e+00
6480,13221,SEDIFWO, 0.00000e+00
6480,13221,SEDAGWO, 0.00000e+00
6480,13221,SO_TN,0.000000000000e+00
6480,13221,IO_TN,0.000000000000e+00
6480,13221,AO_TN,0.000000000000e+00
6480,13221,PO_TN,0.000000000000e+00
6480,13221,SO_TP,0.000000000000e+00
6480,13221,IO_TP,0.000000000000e+00
6480,13221,AO_TP,0.000000000000e+00
6480,13221,PO_TP,0.000000000000e+00
6480,13221,SED_TP,0.000000000000e+00
6480,13221,SEDWSSD_TP,0.000000000000e+00
6480,13221,SEDSCRS_TP,0.000000000000e+00
6480,13221,SO_TCd,0.000000000000e+00
6480,13221,IO_TCd,0.000000000000e+00
6480,13221,AO_TCd,0.000000000000e+00
6480,13221,PO_TCd,0.000000000000e+00
6480,13221,SED_TCd,0.000000000000e+00
6480,13221,SEDWSSD_TCd,0.000000000000e+00
6480,13221,SEDSCRS_TCd,0.000000000000e+00
6480,13221,SO_TCu,0.000000000000e+00
6480,13221,IO_TCu,0.000000000000e+00
6480,13221,AO_TCu,0.000000000000e+00
6480,13221,PO_TCu,0.000000000000e+00
6480,13221,SED_TCu,0.000000000000e+00
6480,13221,SEDWSSD_TCu,0.000000000000e+00
6480,13221,SEDSCRS_TCu,0.000000000000e+00
6480,13221,SO_TPb,0.000000000000e+00
6480,13221,IO_TPb,0.000000000000e+00
6480,13221,AO_TPb,0.000000000000e+00
6480,13221,PO_TPb,0.000000000000e+00
6480,13221,SED_TPb,0.000000000000e+00
6480,13221,SEDWSSD_TPb,0.000000000000e+00
6480,13221,SEDSCRS_TPb,0.000000000000e+00
6480,13221,SO_TZn,0.000000000000e+00
6480,13221,IO_TZn,0.000000000000e+00
6480,13221,AO_TZn,0.000000000000e+00
6480,13221,PO_TZn,0.000000000000e+00
6480,13221,SED_TZn,0.000000000000e+00
6480,13221,SEDWSSD_TZn,0.000000000000e+00
6480,13221,SEDSCRS_TZn,0.000000000000e+00
6480,13222,AREA,0.000000000000e+00
6480,13222,PREC,0.000000000000e+00
6480,13222,SURO,0.000000000000e+00
6480,13222,IFWO,0.000000000000e+00
6480,13222,AGWO,0.000000000000e+00
6480,13222,PERO,0.000000000000e+00
6480,13222,TAET,0.000000000000e+00
6480,13222,SEDLOAD,0.000000000000e+00
6480,13222,SEDWSSD, 0.00000e+00
6480,13222,SEDSCRS, 0.00000e+00
6480,13222,SEDSURO, 0.00000e+00
6480,13222,SEDIFWO, 0.00000e+00
6480,13222,SEDAGWO, 0.00000e+00
6480,13222,SO_TN,0.000000000000e+00
6480,13222,IO_TN,0.000000000000e+00
6480,13222,AO_TN,0.000000000000e+00
6480,13222,PO_TN,0.000000000000e+00
6480,13222,SO_TP,0.000000000000e+00
6480,13222,IO_TP,0.000000000000e+00
6480,13222,AO_TP,0.000000000000e+00
6480,13222,PO_TP,0.000000000000e+00
6480,13222,SED_TP,0.000000000000e+00
6480,13222,SEDWSSD_TP,0.000000000000e+00
6480,13222,SEDSCRS_TP,0.000000000000e+00
6480,13222,SO_TCd,0.000000000000e+00
6480,13222,IO_TCd,0.000000000000e+00
6480,13222,AO_TCd,0.000000000000e+00
6480,13222,PO_TCd,0.000000000000e+00
6480,13222,SED_TCd,0.000000000000e+00
6480,13222,SEDWSSD_TCd,0.000000000000e+00
6480,13222,SEDSCRS_TCd,0.000000000000e+00
6480,13222,SO_TCu,0.000000000000e+00
6480,13222,IO_TCu,0.000000000000e+00
6480,13222,AO_TCu,0.000000000000e+00
6480,13222,PO_TCu,0.000000000000e+00
6480,13222,SED_TCu,0.000000000000e+00
6480,13222,SEDWSSD_TCu,0.000000000000e+00
6480,13222,SEDSCRS_TCu,0.000000000000e+00
6480,13222,SO_TPb,0.000000000000e+00
6480,13222,IO_TPb,0.000000000000e+00
6480,13222,AO_TPb,0.000000000000e+00
6480,13222,PO_TPb,0.000000000000e+00
6480,13222,SED_TPb,0.000000000000e+00
6480,13222,SEDWSSD_TPb,0.000000000000e+00
6480,13222,SEDSCRS_TPb,0.000000000000e+00
6480,13222,SO_TZn,0.000000000000e+00
6480,13222,IO_TZn,0.000000000000e+00
6480,13222,AO_TZn,0.000000000000e+00
6480,13222,PO_TZn,0.000000000000e+00
6480,13222,SED_TZn,0.000000000000e+00
6480,13222,SEDWSSD_TZn,0.000000000000e+00
6480,13222,SEDSCRS_TZn,0.000000000000e+00
6480,13231,AREA,0.000000000000e+00
6480,13231,PREC,0.000000000000e+00
6480,13231,SURO,0.000000000000e+00
6480,13231,IFWO,0.000000000000e+00
6480,13231,AGWO,0.000000000000e+00
6480,13231,PERO,0.000000000000e+00
6480,13231,TAET,0.000000000000e+00
6480,13231,SEDLOAD,0.000000000000e+00
6480,13231,SEDWSSD, 0.00000e+00
6480,13231,SEDSCRS, 0.00000e+00
6480,13231,SEDSURO, 0.00000e+00
6480,13231,SEDIFWO, 0.00000e+00
6480,13231,SEDAGWO, 0.00000e+00
6480,13231,SO_TN,0.000000000000e+00
6480,13231,IO_TN,0.000000000000e+00
6480,13231,AO_TN,0.000000000000e+00
6480,13231,PO_TN,0.000000000000e+00
6480,13231,SO_TP,0.000000000000e+00
6480,13231,IO_TP,0.000000000000e+00
6480,13231,AO_TP,0.000000000000e+00
6480,13231,PO_TP,0.000000000000e+00
6480,13231,SED_TP,0.000000000000e+00
6480,13231,SEDWSSD_TP,0.000000000000e+00
6480,13231,SEDSCRS_TP,0.000000000000e+00
6480,13231,SO_TCd,0.000000000000e+00
6480,13231,IO_TCd,0.000000000000e+00
6480,13231,AO_TCd,0.000000000000e+00
6480,13231,PO_TCd,0.000000000000e+00
6480,13231,SED_TCd,0.000000000000e+00
6480,13231,SEDWSSD_TCd,0.000000000000e+00
6480,13231,SEDSCRS_TCd,0.000000000000e+00
6480,13231,SO_TCu,0.000000000000e+00
6480,13231,IO_TCu,0.000000000000e+00
6480,13231,AO_TCu,0.000000000000e+00
6480,13231,PO_TCu,0.000000000000e+00
6480,13231,SED_TCu,0.000000000000e+00
6480,13231,SEDWSSD_TCu,0.000000000000e+00
6480,13231,SEDSCRS_TCu,0.000000000000e+00
6480,13231,SO_TPb,0.000000000000e+00
6480,13231,IO_TPb,0.000000000000e+00
6480,13231,AO_TPb,0.000000000000e+00
6480,13231,PO_TPb,0.000000000000e+00
6480,13231,SED_TPb,0.000000000000e+00
6480,13231,SEDWSSD_TPb,0.000000000000e+00
6480,13231,SEDSCRS_TPb,0.000000000000e+00
6480,13231,SO_TZn,0.000000000000e+00
6480,13231,IO_TZn,0.000000000000e+00
6480,13231,AO_TZn,0.000000000000e+00
6480,13231,PO_TZn,0.000000000000e+00
6480,13231,SED_TZn,0.000000000000e+00
6480,13231,SEDWSSD_TZn,0.000000000000e+00
6480,13231,SEDSCRS_TZn,0.000000000000e+00
6480,13232,AREA,0.000000000000e+00
6480,13232,PREC,0.000000000000e+00
6480,13232,SURO,0.000000000000e+00
6480,13232,IFWO,0.000000000000e+00
6480,13232,AGWO,0.000000000000e+00
6480,13232,PERO,0.000000000000e+00
6480,13232,TAET,0.000000000000e+00
6480,13232,SEDLOAD,0.000000000000e+00
6480,13232,SEDWSSD, 0.00000e+00
6480,13232,SEDSCRS, 0.00000e+00
6480,13232,SEDSURO, 0.00000e+00
6480,13232,SEDIFWO, 0.00000e+00
6480,13232,SEDAGWO, 0.00000e+00
6480,13232,SO_TN,0.000000000000e+00
6480,13232,IO_TN,0.000000000000e+00
6480,13232,AO_TN,0.000000000000e+00
6480,13232,PO_TN,0.000000000000e+00
6480,13232,SO_TP,0.000000000000e+00
6480,13232,IO_TP,0.000000000000e+00
6480,13232,AO_TP,0.000000000000e+00
6480,13232,PO_TP,0.000000000000e+00
6480,13232,SED_TP,0.000000000000e+00
6480,13232,SEDWSSD_TP,0.000000000000e+00
6480,13232,SEDSCRS_TP,0.000000000000e+00
6480,13232,SO_TCd,0.000000000000e+00
6480,13232,IO_TCd,0.000000000000e+00
6480,13232,AO_TCd,0.000000000000e+00
6480,13232,PO_TCd,0.000000000000e+00
6480,13232,SED_TCd,0.000000000000e+00
6480,13232,SEDWSSD_TCd,0.000000000000e+00
6480,13232,SEDSCRS_TCd,0.000000000000e+00
6480,13232,SO_TCu,0.000000000000e+00
6480,13232,IO_TCu,0.000000000000e+00
6480,13232,AO_TCu,0.000000000000e+00
6480,13232,PO_TCu,0.000000000000e+00
6480,13232,SED_TCu,0.000000000000e+00
6480,13232,SEDWSSD_TCu,0.000000000000e+00
6480,13232,SEDSCRS_TCu,0.000000000000e+00
6480,13232,SO_TPb,0.000000000000e+00
6480,13232,IO_TPb,0.000000000000e+00
6480,13232,AO_TPb,0.000000000000e+00
6480,13232,PO_TPb,0.000000000000e+00
6480,13232,SED_TPb,0.000000000000e+00
6480,13232,SEDWSSD_TPb,0.000000000000e+00
6480,13232,SEDSCRS_TPb,0.000000000000e+00
6480,13232,SO_TZn,0.000000000000e+00
6480,13232,IO_TZn,0.000000000000e+00
6480,13232,AO_TZn,0.000000000000e+00
6480,13232,PO_TZn,0.000000000000e+00
6480,13232,SED_TZn,0.000000000000e+00
6480,13232,SEDWSSD_TZn,0.000000000000e+00
6480,13232,SEDSCRS_TZn,0.000000000000e+00
6480,13311,AREA,0.000000000000e+00
6480,13311,PREC,0.000000000000e+00
6480,13311,SURO,0.000000000000e+00
6480,13311,IFWO,0.000000000000e+00
6480,13311,AGWO,0.000000000000e+00
6480,13311,PERO,0.000000000000e+00
6480,13311,TAET,0.000000000000e+00
6480,13311,SEDLOAD,0.000000000000e+00
6480,13311,SEDWSSD, 0.00000e+00
6480,13311,SEDSCRS, 0.00000e+00
6480,13311,SEDSURO, 0.00000e+00
6480,13311,SEDIFWO, 0.00000e+00
6480,13311,SEDAGWO, 0.00000e+00
6480,13311,SO_TN,0.000000000000e+00
6480,13311,IO_TN,0.000000000000e+00
6480,13311,AO_TN,0.000000000000e+00
6480,13311,PO_TN,0.000000000000e+00
6480,13311,SO_TP,0.000000000000e+00
6480,13311,IO_TP,0.000000000000e+00
6480,13311,AO_TP,0.000000000000e+00
6480,13311,PO_TP,0.000000000000e+00
6480,13311,SED_TP,0.000000000000e+00
6480,13311,SEDWSSD_TP,0.000000000000e+00
6480,13311,SEDSCRS_TP,0.000000000000e+00
6480,13311,SO_TCd,0.000000000000e+00
6480,13311,IO_TCd,0.000000000000e+00
6480,13311,AO_TCd,0.000000000000e+00
6480,13311,PO_TCd,0.000000000000e+00
6480,13311,SED_TCd,0.000000000000e+00
6480,13311,SEDWSSD_TCd,0.000000000000e+00
6480,13311,SEDSCRS_TCd,0.000000000000e+00
6480,13311,SO_TCu,0.000000000000e+00
6480,13311,IO_TCu,0.000000000000e+00
6480,13311,AO_TCu,0.000000000000e+00
6480,13311,PO_TCu,0.000000000000e+00
6480,13311,SED_TCu,0.000000000000e+00
6480,13311,SEDWSSD_TCu,0.000000000000e+00
6480,13311,SEDSCRS_TCu,0.000000000000e+00
6480,13311,SO_TPb,0.000000000000e+00
6480,13311,IO_TPb,0.000000000000e+00
6480,13311,AO_TPb,0.000000000000e+00
6480,13311,PO_TPb,0.000000000000e+00
6480,13311,SED_TPb,0.000000000000e+00
6480,13311,SEDWSSD_TPb,0.000000000000e+00
6480,13311,SEDSCRS_TPb,0.000000000000e+00
6480,13311,SO_TZn,0.000000000000e+00
6480,13311,IO_TZn,0.000000000000e+00
6480,13311,AO_TZn,0.000000000000e+00
6480,13311,PO_TZn,0.000000000000e+00
6480,13311,SED_TZn,0.000000000000e+00
6480,13311,SEDWSSD_TZn,0.000000000000e+00
6480,13311,SEDSCRS_TZn,0.000000000000e+00
6480,13312,AREA,0.000000000000e+00
6480,13312,PREC,0.000000000000e+00
6480,13312,SURO,0.000000000000e+00
6480,13312,IFWO,0.000000000000e+00
6480,13312,AGWO,0.000000000000e+00
6480,13312,PERO,0.000000000000e+00
6480,13312,TAET,0.000000000000e+00
6480,13312,SEDLOAD,0.000000000000e+00
6480,13312,SEDWSSD, 0.00000e+00
6480,13312,SEDSCRS, 0.00000e+00
6480,13312,SEDSURO, 0.00000e+00
6480,13312,SEDIFWO, 0.00000e+00
6480,13312,SEDAGWO, 0.00000e+00
6480,13312,SO_TN,0.000000000000e+00
6480,13312,IO_TN,0.000000000000e+00
6480,13312,AO_TN,0.000000000000e+00
6480,13312,PO_TN,0.000000000000e+00
6480,13312,SO_TP,0.000000000000e+00
6480,13312,IO_TP,0.000000000000e+00
6480,13312,AO_TP,0.000000000000e+00
6480,13312,PO_TP,0.000000000000e+00
6480,13312,SED_TP,0.000000000000e+00
6480,13312,SEDWSSD_TP,0.000000000000e+00
6480,13312,SEDSCRS_TP,0.000000000000e+00
6480,13312,SO_TCd,0.000000000000e+00
6480,13312,IO_TCd,0.000000000000e+00
6480,13312,AO_TCd,0.000000000000e+00
6480,13312,PO_TCd,0.000000000000e+00
6480,13312,SED_TCd,0.000000000000e+00
6480,13312,SEDWSSD_TCd,0.000000000000e+00
6480,13312,SEDSCRS_TCd,0.000000000000e+00
6480,13312,SO_TCu,0.000000000000e+00
6480,13312,IO_TCu,0.000000000000e+00
6480,13312,AO_TCu,0.000000000000e+00
6480,13312,PO_TCu,0.000000000000e+00
6480,13312,SED_TCu,0.000000000000e+00
6480,13312,SEDWSSD_TCu,0.000000000000e+00
6480,13312,SEDSCRS_TCu,0.000000000000e+00
6480,13312,SO_TPb,0.000000000000e+00
6480,13312,IO_TPb,0.000000000000e+00
6480,13312,AO_TPb,0.000000000000e+00
6480,13312,PO_TPb,0.000000000000e+00
6480,13312,SED_TPb,0.000000000000e+00
6480,13312,SEDWSSD_TPb,0.000000000000e+00
6480,13312,SEDSCRS_TPb,0.000000000000e+00
6480,13312,SO_TZn,0.000000000000e+00
6480,13312,IO_TZn,0.000000000000e+00
6480,13312,AO_TZn,0.000000000000e+00
6480,13312,PO_TZn,0.000000000000e+00
6480,13312,SED_TZn,0.000000000000e+00
6480,13312,SEDWSSD_TZn,0.000000000000e+00
6480,13312,SEDSCRS_TZn,0.000000000000e+00
6480,13321,AREA,0.000000000000e+00
6480,13321,PREC,0.000000000000e+00
6480,13321,SURO,0.000000000000e+00
6480,13321,IFWO,0.000000000000e+00
6480,13321,AGWO,0.000000000000e+00
6480,13321,PERO,0.000000000000e+00
6480,13321,TAET,0.000000000000e+00
6480,13321,SEDLOAD,0.000000000000e+00
6480,13321,SEDWSSD, 0.00000e+00
6480,13321,SEDSCRS, 0.00000e+00
6480,13321,SEDSURO, 0.00000e+00
6480,13321,SEDIFWO, 0.00000e+00
6480,13321,SEDAGWO, 0.00000e+00
6480,13321,SO_TN,0.000000000000e+00
6480,13321,IO_TN,0.000000000000e+00
6480,13321,AO_TN,0.000000000000e+00
6480,13321,PO_TN,0.000000000000e+00
6480,13321,SO_TP,0.000000000000e+00
6480,13321,IO_TP,0.000000000000e+00
6480,13321,AO_TP,0.000000000000e+00
6480,13321,PO_TP,0.000000000000e+00
6480,13321,SED_TP,0.000000000000e+00
6480,13321,SEDWSSD_TP,0.000000000000e+00
6480,13321,SEDSCRS_TP,0.000000000000e+00
6480,13321,SO_TCd,0.000000000000e+00
6480,13321,IO_TCd,0.000000000000e+00
6480,13321,AO_TCd,0.000000000000e+00
6480,13321,PO_TCd,0.000000000000e+00
6480,13321,SED_TCd,0.000000000000e+00
6480,13321,SEDWSSD_TCd,0.000000000000e+00
6480,13321,SEDSCRS_TCd,0.000000000000e+00
6480,13321,SO_TCu,0.000000000000e+00
6480,13321,IO_TCu,0.000000000000e+00
6480,13321,AO_TCu,0.000000000000e+00
6480,13321,PO_TCu,0.000000000000e+00
6480,13321,SED_TCu,0.000000000000e+00
6480,13321,SEDWSSD_TCu,0.000000000000e+00
6480,13321,SEDSCRS_TCu,0.000000000000e+00
6480,13321,SO_TPb,0.000000000000e+00
6480,13321,IO_TPb,0.000000000000e+00
6480,13321,AO_TPb,0.000000000000e+00
6480,13321,PO_TPb,0.000000000000e+00
6480,13321,SED_TPb,0.000000000000e+00
6480,13321,SEDWSSD_TPb,0.000000000000e+00
6480,13321,SEDSCRS_TPb,0.000000000000e+00
6480,13321,SO_TZn,0.000000000000e+00
6480,13321,IO_TZn,0.000000000000e+00
6480,13321,AO_TZn,0.000000000000e+00
6480,13321,PO_TZn,0.000000000000e+00
6480,13321,SED_TZn,0.000000000000e+00
6480,13321,SEDWSSD_TZn,0.000000000000e+00
6480,13321,SEDSCRS_TZn,0.000000000000e+00
6480,13322,AREA,0.000000000000e+00
6480,13322,PREC,0.000000000000e+00
6480,13322,SURO,0.000000000000e+00
6480,13322,IFWO,0.000000000000e+00
6480,13322,AGWO,0.000000000000e+00
6480,13322,PERO,0.000000000000e+00
6480,13322,TAET,0.000000000000e+00
6480,13322,SEDLOAD,0.000000000000e+00
6480,13322,SEDWSSD, 0.00000e+00
6480,13322,SEDSCRS, 0.00000e+00
6480,13322,SEDSURO, 0.00000e+00
6480,13322,SEDIFWO, 0.00000e+00
6480,13322,SEDAGWO, 0.00000e+00
6480,13322,SO_TN,0.000000000000e+00
6480,13322,IO_TN,0.000000000000e+00
6480,13322,AO_TN,0.000000000000e+00
6480,13322,PO_TN,0.000000000000e+00
6480,13322,SO_TP,0.000000000000e+00
6480,13322,IO_TP,0.000000000000e+00
6480,13322,AO_TP,0.000000000000e+00
6480,13322,PO_TP,0.000000000000e+00
6480,13322,SED_TP,0.000000000000e+00
6480,13322,SEDWSSD_TP,0.000000000000e+00
6480,13322,SEDSCRS_TP,0.000000000000e+00
6480,13322,SO_TCd,0.000000000000e+00
6480,13322,IO_TCd,0.000000000000e+00
6480,13322,AO_TCd,0.000000000000e+00
6480,13322,PO_TCd,0.000000000000e+00
6480,13322,SED_TCd,0.000000000000e+00
6480,13322,SEDWSSD_TCd,0.000000000000e+00
6480,13322,SEDSCRS_TCd,0.000000000000e+00
6480,13322,SO_TCu,0.000000000000e+00
6480,13322,IO_TCu,0.000000000000e+00
6480,13322,AO_TCu,0.000000000000e+00
6480,13322,PO_TCu,0.000000000000e+00
6480,13322,SED_TCu,0.000000000000e+00
6480,13322,SEDWSSD_TCu,0.000000000000e+00
6480,13322,SEDSCRS_TCu,0.000000000000e+00
6480,13322,SO_TPb,0.000000000000e+00
6480,13322,IO_TPb,0.000000000000e+00
6480,13322,AO_TPb,0.000000000000e+00
6480,13322,PO_TPb,0.000000000000e+00
6480,13322,SED_TPb,0.000000000000e+00
6480,13322,SEDWSSD_TPb,0.000000000000e+00
6480,13322,SEDSCRS_TPb,0.000000000000e+00
6480,13322,SO_TZn,0.000000000000e+00
6480,13322,IO_TZn,0.000000000000e+00
6480,13322,AO_TZn,0.000000000000e+00
6480,13322,PO_TZn,0.000000000000e+00
6480,13322,SED_TZn,0.000000000000e+00
6480,13322,SEDWSSD_TZn,0.000000000000e+00
6480,13322,SEDSCRS_TZn,0.000000000000e+00
6480,13331,AREA,0.000000000000e+00
6480,13331,PREC,0.000000000000e+00
6480,13331,SURO,0.000000000000e+00
6480,13331,IFWO,0.000000000000e+00
6480,13331,AGWO,0.000000000000e+00
6480,13331,PERO,0.000000000000e+00
6480,13331,TAET,0.000000000000e+00
6480,13331,SEDLOAD,0.000000000000e+00
6480,13331,SEDWSSD, 0.00000e+00
6480,13331,SEDSCRS, 0.00000e+00
6480,13331,SEDSURO, 0.00000e+00
6480,13331,SEDIFWO, 0.00000e+00
6480,13331,SEDAGWO, 0.00000e+00
6480,13331,SO_TN,0.000000000000e+00
6480,13331,IO_TN,0.000000000000e+00
6480,13331,AO_TN,0.000000000000e+00
6480,13331,PO_TN,0.000000000000e+00
6480,13331,SO_TP,0.000000000000e+00
6480,13331,IO_TP,0.000000000000e+00
6480,13331,AO_TP,0.000000000000e+00
6480,13331,PO_TP,0.000000000000e+00
6480,13331,SED_TP,0.000000000000e+00
6480,13331,SEDWSSD_TP,0.000000000000e+00
6480,13331,SEDSCRS_TP,0.000000000000e+00
6480,13331,SO_TCd,0.000000000000e+00
6480,13331,IO_TCd,0.000000000000e+00
6480,13331,AO_TCd,0.000000000000e+00
6480,13331,PO_TCd,0.000000000000e+00
6480,13331,SED_TCd,0.000000000000e+00
6480,13331,SEDWSSD_TCd,0.000000000000e+00
6480,13331,SEDSCRS_TCd,0.000000000000e+00
6480,13331,SO_TCu,0.000000000000e+00
6480,13331,IO_TCu,0.000000000000e+00
6480,13331,AO_TCu,0.000000000000e+00
6480,13331,PO_TCu,0.000000000000e+00
6480,13331,SED_TCu,0.000000000000e+00
6480,13331,SEDWSSD_TCu,0.000000000000e+00
6480,13331,SEDSCRS_TCu,0.000000000000e+00
6480,13331,SO_TPb,0.000000000000e+00
6480,13331,IO_TPb,0.000000000000e+00
6480,13331,AO_TPb,0.000000000000e+00
6480,13331,PO_TPb,0.000000000000e+00
6480,13331,SED_TPb,0.000000000000e+00
6480,13331,SEDWSSD_TPb,0.000000000000e+00
6480,13331,SEDSCRS_TPb,0.000000000000e+00
6480,13331,SO_TZn,0.000000000000e+00
6480,13331,IO_TZn,0.000000000000e+00
6480,13331,AO_TZn,0.000000000000e+00
6480,13331,PO_TZn,0.000000000000e+00
6480,13331,SED_TZn,0.000000000000e+00
6480,13331,SEDWSSD_TZn,0.000000000000e+00
6480,13331,SEDSCRS_TZn,0.000000000000e+00
6480,13411,AREA,0.000000000000e+00
6480,13411,PREC,0.000000000000e+00
6480,13411,SURO,0.000000000000e+00
6480,13411,IFWO,0.000000000000e+00
6480,13411,AGWO,0.000000000000e+00
6480,13411,PERO,0.000000000000e+00
6480,13411,TAET,0.000000000000e+00
6480,13411,SEDLOAD,0.000000000000e+00
6480,13411,SEDWSSD, 0.00000e+00
6480,13411,SEDSCRS, 0.00000e+00
6480,13411,SEDSURO, 0.00000e+00
6480,13411,SEDIFWO, 0.00000e+00
6480,13411,SEDAGWO, 0.00000e+00
6480,13411,SO_TN,0.000000000000e+00
6480,13411,IO_TN,0.000000000000e+00
6480,13411,AO_TN,0.000000000000e+00
6480,13411,PO_TN,0.000000000000e+00
6480,13411,SO_TP,0.000000000000e+00
6480,13411,IO_TP,0.000000000000e+00
6480,13411,AO_TP,0.000000000000e+00
6480,13411,PO_TP,0.000000000000e+00
6480,13411,SED_TP,0.000000000000e+00
6480,13411,SEDWSSD_TP,0.000000000000e+00
6480,13411,SEDSCRS_TP,0.000000000000e+00
6480,13411,SO_TCd,0.000000000000e+00
6480,13411,IO_TCd,0.000000000000e+00
6480,13411,AO_TCd,0.000000000000e+00
6480,13411,PO_TCd,0.000000000000e+00
6480,13411,SED_TCd,0.000000000000e+00
6480,13411,SEDWSSD_TCd,0.000000000000e+00
6480,13411,SEDSCRS_TCd,0.000000000000e+00
6480,13411,SO_TCu,0.000000000000e+00
6480,13411,IO_TCu,0.000000000000e+00
6480,13411,AO_TCu,0.000000000000e+00
6480,13411,PO_TCu,0.000000000000e+00
6480,13411,SED_TCu,0.000000000000e+00
6480,13411,SEDWSSD_TCu,0.000000000000e+00
6480,13411,SEDSCRS_TCu,0.000000000000e+00
6480,13411,SO_TPb,0.000000000000e+00
6480,13411,IO_TPb,0.000000000000e+00
6480,13411,AO_TPb,0.000000000000e+00
6480,13411,PO_TPb,0.000000000000e+00
6480,13411,SED_TPb,0.000000000000e+00
6480,13411,SEDWSSD_TPb,0.000000000000e+00
6480,13411,SEDSCRS_TPb,0.000000000000e+00
6480,13411,SO_TZn,0.000000000000e+00
6480,13411,IO_TZn,0.000000000000e+00
6480,13411,AO_TZn,0.000000000000e+00
6480,13411,PO_TZn,0.000000000000e+00
6480,13411,SED_TZn,0.000000000000e+00
6480,13411,SEDWSSD_TZn,0.000000000000e+00
6480,13411,SEDSCRS_TZn,0.000000000000e+00
6480,13412,AREA,0.000000000000e+00
6480,13412,PREC,0.000000000000e+00
6480,13412,SURO,0.000000000000e+00
6480,13412,IFWO,0.000000000000e+00
6480,13412,AGWO,0.000000000000e+00
6480,13412,PERO,0.000000000000e+00
6480,13412,TAET,0.000000000000e+00
6480,13412,SEDLOAD,0.000000000000e+00
6480,13412,SEDWSSD, 0.00000e+00
6480,13412,SEDSCRS, 0.00000e+00
6480,13412,SEDSURO, 0.00000e+00
6480,13412,SEDIFWO, 0.00000e+00
6480,13412,SEDAGWO, 0.00000e+00
6480,13412,SO_TN,0.000000000000e+00
6480,13412,IO_TN,0.000000000000e+00
6480,13412,AO_TN,0.000000000000e+00
6480,13412,PO_TN,0.000000000000e+00
6480,13412,SO_TP,0.000000000000e+00
6480,13412,IO_TP,0.000000000000e+00
6480,13412,AO_TP,0.000000000000e+00
6480,13412,PO_TP,0.000000000000e+00
6480,13412,SED_TP,0.000000000000e+00
6480,13412,SEDWSSD_TP,0.000000000000e+00
6480,13412,SEDSCRS_TP,0.000000000000e+00
6480,13412,SO_TCd,0.000000000000e+00
6480,13412,IO_TCd,0.000000000000e+00
6480,13412,AO_TCd,0.000000000000e+00
6480,13412,PO_TCd,0.000000000000e+00
6480,13412,SED_TCd,0.000000000000e+00
6480,13412,SEDWSSD_TCd,0.000000000000e+00
6480,13412,SEDSCRS_TCd,0.000000000000e+00
6480,13412,SO_TCu,0.000000000000e+00
6480,13412,IO_TCu,0.000000000000e+00
6480,13412,AO_TCu,0.000000000000e+00
6480,13412,PO_TCu,0.000000000000e+00
6480,13412,SED_TCu,0.000000000000e+00
6480,13412,SEDWSSD_TCu,0.000000000000e+00
6480,13412,SEDSCRS_TCu,0.000000000000e+00
6480,13412,SO_TPb,0.000000000000e+00
6480,13412,IO_TPb,0.000000000000e+00
6480,13412,AO_TPb,0.000000000000e+00
6480,13412,PO_TPb,0.000000000000e+00
6480,13412,SED_TPb,0.000000000000e+00
6480,13412,SEDWSSD_TPb,0.000000000000e+00
6480,13412,SEDSCRS_TPb,0.000000000000e+00
6480,13412,SO_TZn,0.000000000000e+00
6480,13412,IO_TZn,0.000000000000e+00
6480,13412,AO_TZn,0.000000000000e+00
6480,13412,PO_TZn,0.000000000000e+00
6480,13412,SED_TZn,0.000000000000e+00
6480,13412,SEDWSSD_TZn,0.000000000000e+00
6480,13412,SEDSCRS_TZn,0.000000000000e+00
6480,13421,AREA,0.000000000000e+00
6480,13421,PREC,0.000000000000e+00
6480,13421,SURO,0.000000000000e+00
6480,13421,IFWO,0.000000000000e+00
6480,13421,AGWO,0.000000000000e+00
6480,13421,PERO,0.000000000000e+00
6480,13421,TAET,0.000000000000e+00
6480,13421,SEDLOAD,0.000000000000e+00
6480,13421,SEDWSSD, 0.00000e+00
6480,13421,SEDSCRS, 0.00000e+00
6480,13421,SEDSURO, 0.00000e+00
6480,13421,SEDIFWO, 0.00000e+00
6480,13421,SEDAGWO, 0.00000e+00
6480,13421,SO_TN,0.000000000000e+00
6480,13421,IO_TN,0.000000000000e+00
6480,13421,AO_TN,0.000000000000e+00
6480,13421,PO_TN,0.000000000000e+00
6480,13421,SO_TP,0.000000000000e+00
6480,13421,IO_TP,0.000000000000e+00
6480,13421,AO_TP,0.000000000000e+00
6480,13421,PO_TP,0.000000000000e+00
6480,13421,SED_TP,0.000000000000e+00
6480,13421,SEDWSSD_TP,0.000000000000e+00
6480,13421,SEDSCRS_TP,0.000000000000e+00
6480,13421,SO_TCd,0.000000000000e+00
6480,13421,IO_TCd,0.000000000000e+00
6480,13421,AO_TCd,0.000000000000e+00
6480,13421,PO_TCd,0.000000000000e+00
6480,13421,SED_TCd,0.000000000000e+00
6480,13421,SEDWSSD_TCd,0.000000000000e+00
6480,13421,SEDSCRS_TCd,0.000000000000e+00
6480,13421,SO_TCu,0.000000000000e+00
6480,13421,IO_TCu,0.000000000000e+00
6480,13421,AO_TCu,0.000000000000e+00
6480,13421,PO_TCu,0.000000000000e+00
6480,13421,SED_TCu,0.000000000000e+00
6480,13421,SEDWSSD_TCu,0.000000000000e+00
6480,13421,SEDSCRS_TCu,0.000000000000e+00
6480,13421,SO_TPb,0.000000000000e+00
6480,13421,IO_TPb,0.000000000000e+00
6480,13421,AO_TPb,0.000000000000e+00
6480,13421,PO_TPb,0.000000000000e+00
6480,13421,SED_TPb,0.000000000000e+00
6480,13421,SEDWSSD_TPb,0.000000000000e+00
6480,13421,SEDSCRS_TPb,0.000000000000e+00
6480,13421,SO_TZn,0.000000000000e+00
6480,13421,IO_TZn,0.000000000000e+00
6480,13421,AO_TZn,0.000000000000e+00
6480,13421,PO_TZn,0.000000000000e+00
6480,13421,SED_TZn,0.000000000000e+00
6480,13421,SEDWSSD_TZn,0.000000000000e+00
6480,13421,SEDSCRS_TZn,0.000000000000e+00
6480,13422,AREA,0.000000000000e+00
6480,13422,PREC,0.000000000000e+00
6480,13422,SURO,0.000000000000e+00
6480,13422,IFWO,0.000000000000e+00
6480,13422,AGWO,0.000000000000e+00
6480,13422,PERO,0.000000000000e+00
6480,13422,TAET,0.000000000000e+00
6480,13422,SEDLOAD,0.000000000000e+00
6480,13422,SEDWSSD, 0.00000e+00
6480,13422,SEDSCRS, 0.00000e+00
6480,13422,SEDSURO, 0.00000e+00
6480,13422,SEDIFWO, 0.00000e+00
6480,13422,SEDAGWO, 0.00000e+00
6480,13422,SO_TN,0.000000000000e+00
6480,13422,IO_TN,0.000000000000e+00
6480,13422,AO_TN,0.000000000000e+00
6480,13422,PO_TN,0.000000000000e+00
6480,13422,SO_TP,0.000000000000e+00
6480,13422,IO_TP,0.000000000000e+00
6480,13422,AO_TP,0.000000000000e+00
6480,13422,PO_TP,0.000000000000e+00
6480,13422,SED_TP,0.000000000000e+00
6480,13422,SEDWSSD_TP,0.000000000000e+00
6480,13422,SEDSCRS_TP,0.000000000000e+00
6480,13422,SO_TCd,0.000000000000e+00
6480,13422,IO_TCd,0.000000000000e+00
6480,13422,AO_TCd,0.000000000000e+00
6480,13422,PO_TCd,0.000000000000e+00
6480,13422,SED_TCd,0.000000000000e+00
6480,13422,SEDWSSD_TCd,0.000000000000e+00
6480,13422,SEDSCRS_TCd,0.000000000000e+00
6480,13422,SO_TCu,0.000000000000e+00
6480,13422,IO_TCu,0.000000000000e+00
6480,13422,AO_TCu,0.000000000000e+00
6480,13422,PO_TCu,0.000000000000e+00
6480,13422,SED_TCu,0.000000000000e+00
6480,13422,SEDWSSD_TCu,0.000000000000e+00
6480,13422,SEDSCRS_TCu,0.000000000000e+00
6480,13422,SO_TPb,0.000000000000e+00
6480,13422,IO_TPb,0.000000000000e+00
6480,13422,AO_TPb,0.000000000000e+00
6480,13422,PO_TPb,0.000000000000e+00
6480,13422,SED_TPb,0.000000000000e+00
6480,13422,SEDWSSD_TPb,0.000000000000e+00
6480,13422,SEDSCRS_TPb,0.000000000000e+00
6480,13422,SO_TZn,0.000000000000e+00
6480,13422,IO_TZn,0.000000000000e+00
6480,13422,AO_TZn,0.000000000000e+00
6480,13422,PO_TZn,0.000000000000e+00
6480,13422,SED_TZn,0.000000000000e+00
6480,13422,SEDWSSD_TZn,0.000000000000e+00
6480,13422,SEDSCRS_TZn,0.000000000000e+00
6480,13431,AREA,0.000000000000e+00
6480,13431,PREC,0.000000000000e+00
6480,13431,SURO,0.000000000000e+00
6480,13431,IFWO,0.000000000000e+00
6480,13431,AGWO,0.000000000000e+00
6480,13431,PERO,0.000000000000e+00
6480,13431,TAET,0.000000000000e+00
6480,13431,SEDLOAD,0.000000000000e+00
6480,13431,SEDWSSD, 0.00000e+00
6480,13431,SEDSCRS, 0.00000e+00
6480,13431,SEDSURO, 0.00000e+00
6480,13431,SEDIFWO, 0.00000e+00
6480,13431,SEDAGWO, 0.00000e+00
6480,13431,SO_TN,0.000000000000e+00
6480,13431,IO_TN,0.000000000000e+00
6480,13431,AO_TN,0.000000000000e+00
6480,13431,PO_TN,0.000000000000e+00
6480,13431,SO_TP,0.000000000000e+00
6480,13431,IO_TP,0.000000000000e+00
6480,13431,AO_TP,0.000000000000e+00
6480,13431,PO_TP,0.000000000000e+00
6480,13431,SED_TP,0.000000000000e+00
6480,13431,SEDWSSD_TP,0.000000000000e+00
6480,13431,SEDSCRS_TP,0.000000000000e+00
6480,13431,SO_TCd,0.000000000000e+00
6480,13431,IO_TCd,0.000000000000e+00
6480,13431,AO_TCd,0.000000000000e+00
6480,13431,PO_TCd,0.000000000000e+00
6480,13431,SED_TCd,0.000000000000e+00
6480,13431,SEDWSSD_TCd,0.000000000000e+00
6480,13431,SEDSCRS_TCd,0.000000000000e+00
6480,13431,SO_TCu,0.000000000000e+00
6480,13431,IO_TCu,0.000000000000e+00
6480,13431,AO_TCu,0.000000000000e+00
6480,13431,PO_TCu,0.000000000000e+00
6480,13431,SED_TCu,0.000000000000e+00
6480,13431,SEDWSSD_TCu,0.000000000000e+00
6480,13431,SEDSCRS_TCu,0.000000000000e+00
6480,13431,SO_TPb,0.000000000000e+00
6480,13431,IO_TPb,0.000000000000e+00
6480,13431,AO_TPb,0.000000000000e+00
6480,13431,PO_TPb,0.000000000000e+00
6480,13431,SED_TPb,0.000000000000e+00
6480,13431,SEDWSSD_TPb,0.000000000000e+00
6480,13431,SEDSCRS_TPb,0.000000000000e+00
6480,13431,SO_TZn,0.000000000000e+00
6480,13431,IO_TZn,0.000000000000e+00
6480,13431,AO_TZn,0.000000000000e+00
6480,13431,PO_TZn,0.000000000000e+00
6480,13431,SED_TZn,0.000000000000e+00
6480,13431,SEDWSSD_TZn,0.000000000000e+00
6480,13431,SEDSCRS_TZn,0.000000000000e+00
6480,13432,AREA,0.000000000000e+00
6480,13432,PREC,0.000000000000e+00
6480,13432,SURO,0.000000000000e+00
6480,13432,IFWO,0.000000000000e+00
6480,13432,AGWO,0.000000000000e+00
6480,13432,PERO,0.000000000000e+00
6480,13432,TAET,0.000000000000e+00
6480,13432,SEDLOAD,0.000000000000e+00
6480,13432,SEDWSSD, 0.00000e+00
6480,13432,SEDSCRS, 0.00000e+00
6480,13432,SEDSURO, 0.00000e+00
6480,13432,SEDIFWO, 0.00000e+00
6480,13432,SEDAGWO, 0.00000e+00
6480,13432,SO_TN,0.000000000000e+00
6480,13432,IO_TN,0.000000000000e+00
6480,13432,AO_TN,0.000000000000e+00
6480,13432,PO_TN,0.000000000000e+00
6480,13432,SO_TP,0.000000000000e+00
6480,13432,IO_TP,0.000000000000e+00
6480,13432,AO_TP,0.000000000000e+00
6480,13432,PO_TP,0.000000000000e+00
6480,13432,SED_TP,0.000000000000e+00
6480,13432,SEDWSSD_TP,0.000000000000e+00
6480,13432,SEDSCRS_TP,0.000000000000e+00
6480,13432,SO_TCd,0.000000000000e+00
6480,13432,IO_TCd,0.000000000000e+00
6480,13432,AO_TCd,0.000000000000e+00
6480,13432,PO_TCd,0.000000000000e+00
6480,13432,SED_TCd,0.000000000000e+00
6480,13432,SEDWSSD_TCd,0.000000000000e+00
6480,13432,SEDSCRS_TCd,0.000000000000e+00
6480,13432,SO_TCu,0.000000000000e+00
6480,13432,IO_TCu,0.000000000000e+00
6480,13432,AO_TCu,0.000000000000e+00
6480,13432,PO_TCu,0.000000000000e+00
6480,13432,SED_TCu,0.000000000000e+00
6480,13432,SEDWSSD_TCu,0.000000000000e+00
6480,13432,SEDSCRS_TCu,0.000000000000e+00
6480,13432,SO_TPb,0.000000000000e+00
6480,13432,IO_TPb,0.000000000000e+00
6480,13432,AO_TPb,0.000000000000e+00
6480,13432,PO_TPb,0.000000000000e+00
6480,13432,SED_TPb,0.000000000000e+00
6480,13432,SEDWSSD_TPb,0.000000000000e+00
6480,13432,SEDSCRS_TPb,0.000000000000e+00
6480,13432,SO_TZn,0.000000000000e+00
6480,13432,IO_TZn,0.000000000000e+00
6480,13432,AO_TZn,0.000000000000e+00
6480,13432,PO_TZn,0.000000000000e+00
6480,13432,SED_TZn,0.000000000000e+00
6480,13432,SEDWSSD_TZn,0.000000000000e+00
6480,13432,SEDSCRS_TZn,0.000000000000e+00
6480,14121,AREA,0.000000000000e+00
6480,14121,PREC,0.000000000000e+00
6480,14121,SURO,0.000000000000e+00
6480,14121,IFWO,0.000000000000e+00
6480,14121,AGWO,0.000000000000e+00
6480,14121,PERO,0.000000000000e+00
6480,14121,TAET,0.000000000000e+00
6480,14121,SEDLOAD,0.000000000000e+00
6480,14121,SEDWSSD, 0.00000e+00
6480,14121,SEDSCRS, 0.00000e+00
6480,14121,SEDSURO, 0.00000e+00
6480,14121,SEDIFWO, 0.00000e+00
6480,14121,SEDAGWO, 0.00000e+00
6480,14121,SO_TN,0.000000000000e+00
6480,14121,IO_TN,0.000000000000e+00
6480,14121,AO_TN,0.000000000000e+00
6480,14121,PO_TN,0.000000000000e+00
6480,14121,SO_TP,0.000000000000e+00
6480,14121,IO_TP,0.000000000000e+00
6480,14121,AO_TP,0.000000000000e+00
6480,14121,PO_TP,0.000000000000e+00
6480,14121,SED_TP,0.000000000000e+00
6480,14121,SEDWSSD_TP,0.000000000000e+00
6480,14121,SEDSCRS_TP,0.000000000000e+00
6480,14121,SO_TCd,0.000000000000e+00
6480,14121,IO_TCd,0.000000000000e+00
6480,14121,AO_TCd,0.000000000000e+00
6480,14121,PO_TCd,0.000000000000e+00
6480,14121,SED_TCd,0.000000000000e+00
6480,14121,SEDWSSD_TCd,0.000000000000e+00
6480,14121,SEDSCRS_TCd,0.000000000000e+00
6480,14121,SO_TCu,0.000000000000e+00
6480,14121,IO_TCu,0.000000000000e+00
6480,14121,AO_TCu,0.000000000000e+00
6480,14121,PO_TCu,0.000000000000e+00
6480,14121,SED_TCu,0.000000000000e+00
6480,14121,SEDWSSD_TCu,0.000000000000e+00
6480,14121,SEDSCRS_TCu,0.000000000000e+00
6480,14121,SO_TPb,0.000000000000e+00
6480,14121,IO_TPb,0.000000000000e+00
6480,14121,AO_TPb,0.000000000000e+00
6480,14121,PO_TPb,0.000000000000e+00
6480,14121,SED_TPb,0.000000000000e+00
6480,14121,SEDWSSD_TPb,0.000000000000e+00
6480,14121,SEDSCRS_TPb,0.000000000000e+00
6480,14121,SO_TZn,0.000000000000e+00
6480,14121,IO_TZn,0.000000000000e+00
6480,14121,AO_TZn,0.000000000000e+00
6480,14121,PO_TZn,0.000000000000e+00
6480,14121,SED_TZn,0.000000000000e+00
6480,14121,SEDWSSD_TZn,0.000000000000e+00
6480,14121,SEDSCRS_TZn,0.000000000000e+00
6480,14122,AREA,0.000000000000e+00
6480,14122,PREC,0.000000000000e+00
6480,14122,SURO,0.000000000000e+00
6480,14122,IFWO,0.000000000000e+00
6480,14122,AGWO,0.000000000000e+00
6480,14122,PERO,0.000000000000e+00
6480,14122,TAET,0.000000000000e+00
6480,14122,SEDLOAD,0.000000000000e+00
6480,14122,SEDWSSD, 0.00000e+00
6480,14122,SEDSCRS, 0.00000e+00
6480,14122,SEDSURO, 0.00000e+00
6480,14122,SEDIFWO, 0.00000e+00
6480,14122,SEDAGWO, 0.00000e+00
6480,14122,SO_TN,0.000000000000e+00
6480,14122,IO_TN,0.000000000000e+00
6480,14122,AO_TN,0.000000000000e+00
6480,14122,PO_TN,0.000000000000e+00
6480,14122,SO_TP,0.000000000000e+00
6480,14122,IO_TP,0.000000000000e+00
6480,14122,AO_TP,0.000000000000e+00
6480,14122,PO_TP,0.000000000000e+00
6480,14122,SED_TP,0.000000000000e+00
6480,14122,SEDWSSD_TP,0.000000000000e+00
6480,14122,SEDSCRS_TP,0.000000000000e+00
6480,14122,SO_TCd,0.000000000000e+00
6480,14122,IO_TCd,0.000000000000e+00
6480,14122,AO_TCd,0.000000000000e+00
6480,14122,PO_TCd,0.000000000000e+00
6480,14122,SED_TCd,0.000000000000e+00
6480,14122,SEDWSSD_TCd,0.000000000000e+00
6480,14122,SEDSCRS_TCd,0.000000000000e+00
6480,14122,SO_TCu,0.000000000000e+00
6480,14122,IO_TCu,0.000000000000e+00
6480,14122,AO_TCu,0.000000000000e+00
6480,14122,PO_TCu,0.000000000000e+00
6480,14122,SED_TCu,0.000000000000e+00
6480,14122,SEDWSSD_TCu,0.000000000000e+00
6480,14122,SEDSCRS_TCu,0.000000000000e+00
6480,14122,SO_TPb,0.000000000000e+00
6480,14122,IO_TPb,0.000000000000e+00
6480,14122,AO_TPb,0.000000000000e+00
6480,14122,PO_TPb,0.000000000000e+00
6480,14122,SED_TPb,0.000000000000e+00
6480,14122,SEDWSSD_TPb,0.000000000000e+00
6480,14122,SEDSCRS_TPb,0.000000000000e+00
6480,14122,SO_TZn,0.000000000000e+00
6480,14122,IO_TZn,0.000000000000e+00
6480,14122,AO_TZn,0.000000000000e+00
6480,14122,PO_TZn,0.000000000000e+00
6480,14122,SED_TZn,0.000000000000e+00
6480,14122,SEDWSSD_TZn,0.000000000000e+00
6480,14122,SEDSCRS_TZn,0.000000000000e+00
6480,14131,AREA,0.000000000000e+00
6480,14131,PREC,0.000000000000e+00
6480,14131,SURO,0.000000000000e+00
6480,14131,IFWO,0.000000000000e+00
6480,14131,AGWO,0.000000000000e+00
6480,14131,PERO,0.000000000000e+00
6480,14131,TAET,0.000000000000e+00
6480,14131,SEDLOAD,0.000000000000e+00
6480,14131,SEDWSSD, 0.00000e+00
6480,14131,SEDSCRS, 0.00000e+00
6480,14131,SEDSURO, 0.00000e+00
6480,14131,SEDIFWO, 0.00000e+00
6480,14131,SEDAGWO, 0.00000e+00
6480,14131,SO_TN,0.000000000000e+00
6480,14131,IO_TN,0.000000000000e+00
6480,14131,AO_TN,0.000000000000e+00
6480,14131,PO_TN,0.000000000000e+00
6480,14131,SO_TP,0.000000000000e+00
6480,14131,IO_TP,0.000000000000e+00
6480,14131,AO_TP,0.000000000000e+00
6480,14131,PO_TP,0.000000000000e+00
6480,14131,SED_TP,0.000000000000e+00
6480,14131,SEDWSSD_TP,0.000000000000e+00
6480,14131,SEDSCRS_TP,0.000000000000e+00
6480,14131,SO_TCd,0.000000000000e+00
6480,14131,IO_TCd,0.000000000000e+00
6480,14131,AO_TCd,0.000000000000e+00
6480,14131,PO_TCd,0.000000000000e+00
6480,14131,SED_TCd,0.000000000000e+00
6480,14131,SEDWSSD_TCd,0.000000000000e+00
6480,14131,SEDSCRS_TCd,0.000000000000e+00
6480,14131,SO_TCu,0.000000000000e+00
6480,14131,IO_TCu,0.000000000000e+00
6480,14131,AO_TCu,0.000000000000e+00
6480,14131,PO_TCu,0.000000000000e+00
6480,14131,SED_TCu,0.000000000000e+00
6480,14131,SEDWSSD_TCu,0.000000000000e+00
6480,14131,SEDSCRS_TCu,0.000000000000e+00
6480,14131,SO_TPb,0.000000000000e+00
6480,14131,IO_TPb,0.000000000000e+00
6480,14131,AO_TPb,0.000000000000e+00
6480,14131,PO_TPb,0.000000000000e+00
6480,14131,SED_TPb,0.000000000000e+00
6480,14131,SEDWSSD_TPb,0.000000000000e+00
6480,14131,SEDSCRS_TPb,0.000000000000e+00
6480,14131,SO_TZn,0.000000000000e+00
6480,14131,IO_TZn,0.000000000000e+00
6480,14131,AO_TZn,0.000000000000e+00
6480,14131,PO_TZn,0.000000000000e+00
6480,14131,SED_TZn,0.000000000000e+00
6480,14131,SEDWSSD_TZn,0.000000000000e+00
6480,14131,SEDSCRS_TZn,0.000000000000e+00
6480,14132,AREA,0.000000000000e+00
6480,14132,PREC,0.000000000000e+00
6480,14132,SURO,0.000000000000e+00
6480,14132,IFWO,0.000000000000e+00
6480,14132,AGWO,0.000000000000e+00
6480,14132,PERO,0.000000000000e+00
6480,14132,TAET,0.000000000000e+00
6480,14132,SEDLOAD,0.000000000000e+00
6480,14132,SEDWSSD, 0.00000e+00
6480,14132,SEDSCRS, 0.00000e+00
6480,14132,SEDSURO, 0.00000e+00
6480,14132,SEDIFWO, 0.00000e+00
6480,14132,SEDAGWO, 0.00000e+00
6480,14132,SO_TN,0.000000000000e+00
6480,14132,IO_TN,0.000000000000e+00
6480,14132,AO_TN,0.000000000000e+00
6480,14132,PO_TN,0.000000000000e+00
6480,14132,SO_TP,0.000000000000e+00
6480,14132,IO_TP,0.000000000000e+00
6480,14132,AO_TP,0.000000000000e+00
6480,14132,PO_TP,0.000000000000e+00
6480,14132,SED_TP,0.000000000000e+00
6480,14132,SEDWSSD_TP,0.000000000000e+00
6480,14132,SEDSCRS_TP,0.000000000000e+00
6480,14132,SO_TCd,0.000000000000e+00
6480,14132,IO_TCd,0.000000000000e+00
6480,14132,AO_TCd,0.000000000000e+00
6480,14132,PO_TCd,0.000000000000e+00
6480,14132,SED_TCd,0.000000000000e+00
6480,14132,SEDWSSD_TCd,0.000000000000e+00
6480,14132,SEDSCRS_TCd,0.000000000000e+00
6480,14132,SO_TCu,0.000000000000e+00
6480,14132,IO_TCu,0.000000000000e+00
6480,14132,AO_TCu,0.000000000000e+00
6480,14132,PO_TCu,0.000000000000e+00
6480,14132,SED_TCu,0.000000000000e+00
6480,14132,SEDWSSD_TCu,0.000000000000e+00
6480,14132,SEDSCRS_TCu,0.000000000000e+00
6480,14132,SO_TPb,0.000000000000e+00
6480,14132,IO_TPb,0.000000000000e+00
6480,14132,AO_TPb,0.000000000000e+00
6480,14132,PO_TPb,0.000000000000e+00
6480,14132,SED_TPb,0.000000000000e+00
6480,14132,SEDWSSD_TPb,0.000000000000e+00
6480,14132,SEDSCRS_TPb,0.000000000000e+00
6480,14132,SO_TZn,0.000000000000e+00
6480,14132,IO_TZn,0.000000000000e+00
6480,14132,AO_TZn,0.000000000000e+00
6480,14132,PO_TZn,0.000000000000e+00
6480,14132,SED_TZn,0.000000000000e+00
6480,14132,SEDWSSD_TZn,0.000000000000e+00
6480,14132,SEDSCRS_TZn,0.000000000000e+00
6480,14221,AREA,2.080798000002e+00
6480,14221,PREC,2.726554150039e+01
6480,14221,SURO,2.964329216049e-03
6480,14221,IFWO,1.464699087030e-02
6480,14221,AGWO,2.003113132155e+00
6480,14221,PERO,2.020724452241e+00
6480,14221,TAET,2.524481822022e+01
6480,14221,SEDLOAD,2.308757283510e-04
6480,14221,SEDWSSD, 1.95867e-06
6480,14221,SEDSCRS, 2.91466e-07
6480,14221,SEDSURO, 0.00000e+00
6480,14221,SEDIFWO, 1.65960e-06
6480,14221,SEDAGWO, 2.26966e-04
6480,14221,SO_TN,1.908158284689e-03
6480,14221,IO_TN,3.319206519177e-03
6480,14221,AO_TN,1.361797701475e-01
6480,14221,PO_TN,1.414071349514e-01
6480,14221,SO_TP,4.500268090808e-06
6480,14221,IO_TP,6.638413038354e-04
6480,14221,AO_TP,9.078651343166e-02
6480,14221,PO_TP,9.145485500359e-02
6480,14221,SED_TP,4.500268090808e-06
6480,14221,SEDWSSD_TP,3.917336442077e-06
6480,14221,SEDSCRS_TP,5.829316487313e-07
6480,14221,SO_TCd,2.250134045404e-09
6480,14221,IO_TCd,0.000000000000e+00
6480,14221,AO_TCd,0.000000000000e+00
6480,14221,PO_TCd,2.250134045404e-09
6480,14221,SED_TCd,2.250134045404e-09
6480,14221,SEDWSSD_TCd,1.958668221038e-09
6480,14221,SEDSCRS_TCd,2.914658243657e-10
6480,14221,SO_TCu,2.250134045404e-07
6480,14221,IO_TCu,0.000000000000e+00
6480,14221,AO_TCu,0.000000000000e+00
6480,14221,PO_TCu,2.250134045404e-07
6480,14221,SED_TCu,2.250134045404e-07
6480,14221,SEDWSSD_TCu,1.958668221038e-07
6480,14221,SEDSCRS_TCu,2.914658243657e-08
6480,14221,SO_TPb,2.250134045404e-08
6480,14221,IO_TPb,0.000000000000e+00
6480,14221,AO_TPb,0.000000000000e+00
6480,14221,PO_TPb,2.250134045404e-08
6480,14221,SED_TPb,2.250134045404e-08
6480,14221,SEDWSSD_TPb,1.958668221038e-08
6480,14221,SEDSCRS_TPb,2.914658243657e-09
6480,14221,SO_TZn,1.620096512691e-06
6480,14221,IO_TZn,0.000000000000e+00
6480,14221,AO_TZn,2.269662835792e-02
6480,14221,PO_TZn,2.269824845443e-02
6480,14221,SED_TZn,1.620096512691e-06
6480,14221,SEDWSSD_TZn,1.410241119148e-06
6480,14221,SEDSCRS_TZn,2.098553935433e-07
6480,14222,AREA,8.355136000000e+00
6480,14222,PREC,1.094807412105e+02
6480,14222,SURO,1.188370291535e-02
6480,14222,IFWO,5.873715026643e-02
6480,14222,AGWO,5.263024329306e+00
6480,14222,PERO,5.333645182488e+00
6480,14222,TAET,1.008985717503e+02
6480,14222,SEDLOAD,6.119975911935e-04
6480,14222,SEDWSSD, 7.84075e-06
6480,14222,SEDSCRS, 1.16599e-06
6480,14222,SEDSURO, 0.00000e+00
6480,14222,SEDIFWO, 6.65531e-06
6480,14222,SEDAGWO, 5.96336e-04
6480,14222,SO_TN,7.649804826275e-03
6480,14222,IO_TN,1.331063382292e-02
6480,14222,AO_TN,3.578017796102e-01
6480,14222,PO_TN,3.787622182594e-01
6480,14222,SO_TP,1.801349295237e-05
6480,14222,IO_TP,2.662126764585e-03
6480,14222,AO_TP,2.385345197401e-01
6480,14222,PO_TP,2.412146599977e-01
6480,14222,SED_TP,1.801349295237e-05
6480,14222,SEDWSSD_TP,1.568150761414e-05
6480,14222,SEDSCRS_TP,2.331985338232e-06
6480,14222,SO_TCd,9.006746476184e-09
6480,14222,IO_TCd,0.000000000000e+00
6480,14222,AO_TCd,0.000000000000e+00
6480,14222,PO_TCd,9.006746476184e-09
6480,14222,SED_TCd,9.006746476184e-09
6480,14222,SEDWSSD_TCd,7.840753807068e-09
6480,14222,SEDSCRS_TCd,1.165992669116e-09
6480,14222,SO_TCu,9.006746476184e-07
6480,14222,IO_TCu,0.000000000000e+00
6480,14222,AO_TCu,0.000000000000e+00
6480,14222,PO_TCu,9.006746476184e-07
6480,14222,SED_TCu,9.006746476184e-07
6480,14222,SEDWSSD_TCu,7.840753807068e-07
6480,14222,SEDSCRS_TCu,1.165992669116e-07
6480,14222,SO_TPb,9.006746476184e-08
6480,14222,IO_TPb,0.000000000000e+00
6480,14222,AO_TPb,0.000000000000e+00
6480,14222,PO_TPb,9.006746476184e-08
6480,14222,SED_TPb,9.006746476184e-08
6480,14222,SEDWSSD_TPb,7.840753807068e-08
6480,14222,SEDSCRS_TPb,1.165992669116e-08
6480,14222,SO_TZn,6.484857462853e-06
6480,14222,IO_TZn,0.000000000000e+00
6480,14222,AO_TZn,5.963362993503e-02
6480,14222,PO_TZn,5.964011479249e-02
6480,14222,SED_TZn,6.484857462853e-06
6480,14222,SEDWSSD_TZn,5.645342741089e-06
6480,14222,SEDSCRS_TZn,8.395147217637e-07
6480,14231,AREA,2.508935999998e+00
6480,14231,PREC,3.287560764179e+01
6480,14231,SURO,6.494626672887e-03
6480,14231,IFWO,2.691795440180e-02
6480,14231,AGWO,2.540235121326e+00
6480,14231,PERO,2.573647702401e+00
6480,14231,TAET,3.030196042381e+01
6480,14231,SEDLOAD,3.062979773934e-04
6480,14231,SEDWSSD, 1.36110e-05
6480,14231,SEDSCRS, 1.81152e-06
6480,14231,SEDSURO, 0.00000e+00
6480,14231,SEDIFWO, 3.04998e-06
6480,14231,SEDAGWO, 2.87825e-04
6480,14231,SO_TN,4.236428144457e-03
6480,14231,IO_TN,6.099973060990e-03
6480,14231,AO_TN,1.726955055058e-01
6480,14231,PO_TN,1.830319067112e-01
6480,14231,SO_TP,3.084504107379e-05
6480,14231,IO_TP,1.219994612198e-03
6480,14231,AO_TP,1.151303370039e-01
6480,14231,PO_TP,1.163811766571e-01
6480,14231,SED_TP,3.084504107379e-05
6480,14231,SEDWSSD_TP,2.722199793242e-05
6480,14231,SEDSCRS_TP,3.623043141376e-06
6480,14231,SO_TCd,1.542252053690e-08
6480,14231,IO_TCd,0.000000000000e+00
6480,14231,AO_TCd,0.000000000000e+00
6480,14231,PO_TCd,1.542252053690e-08
6480,14231,SED_TCd,1.542252053690e-08
6480,14231,SEDWSSD_TCd,1.361099896621e-08
6480,14231,SEDSCRS_TCd,1.811521570688e-09
6480,14231,SO_TCu,1.542252053690e-06
6480,14231,IO_TCu,0.000000000000e+00
6480,14231,AO_TCu,0.000000000000e+00
6480,14231,PO_TCu,1.542252053690e-06
6480,14231,SED_TCu,1.542252053690e-06
6480,14231,SEDWSSD_TCu,1.361099896621e-06
6480,14231,SEDSCRS_TCu,1.811521570688e-07
6480,14231,SO_TPb,1.542252053690e-07
6480,14231,IO_TPb,0.000000000000e+00
6480,14231,AO_TPb,0.000000000000e+00
6480,14231,PO_TPb,1.542252053690e-07
6480,14231,SED_TPb,1.542252053690e-07
6480,14231,SEDWSSD_TPb,1.361099896621e-07
6480,14231,SEDSCRS_TPb,1.811521570688e-08
6480,14231,SO_TZn,1.110421478657e-05
6480,14231,IO_TZn,0.000000000000e+00
6480,14231,AO_TZn,2.878258425097e-02
6480,14231,PO_TZn,2.879368846575e-02
6480,14231,SED_TZn,1.110421478657e-05
6480,14231,SEDWSSD_TZn,9.799919255670e-06
6480,14231,SEDSCRS_TZn,1.304295530895e-06
6480,14232,AREA,0.000000000000e+00
6480,14232,PREC,0.000000000000e+00
6480,14232,SURO,0.000000000000e+00
6480,14232,IFWO,0.000000000000e+00
6480,14232,AGWO,0.000000000000e+00
6480,14232,PERO,0.000000000000e+00
6480,14232,TAET,0.000000000000e+00
6480,14232,SEDLOAD,0.000000000000e+00
6480,14232,SEDWSSD, 0.00000e+00
6480,14232,SEDSCRS, 0.00000e+00
6480,14232,SEDSURO, 0.00000e+00
6480,14232,SEDIFWO, 0.00000e+00
6480,14232,SEDAGWO, 0.00000e+00
6480,14232,SO_TN,0.000000000000e+00
6480,14232,IO_TN,0.000000000000e+00
6480,14232,AO_TN,0.000000000000e+00
6480,14232,PO_TN,0.000000000000e+00
6480,14232,SO_TP,0.000000000000e+00
6480,14232,IO_TP,0.000000000000e+00
6480,14232,AO_TP,0.000000000000e+00
6480,14232,PO_TP,0.000000000000e+00
6480,14232,SED_TP,0.000000000000e+00
6480,14232,SEDWSSD_TP,0.000000000000e+00
6480,14232,SEDSCRS_TP,0.000000000000e+00
6480,14232,SO_TCd,0.000000000000e+00
6480,14232,IO_TCd,0.000000000000e+00
6480,14232,AO_TCd,0.000000000000e+00
6480,14232,PO_TCd,0.000000000000e+00
6480,14232,SED_TCd,0.000000000000e+00
6480,14232,SEDWSSD_TCd,0.000000000000e+00
6480,14232,SEDSCRS_TCd,0.000000000000e+00
6480,14232,SO_TCu,0.000000000000e+00
6480,14232,IO_TCu,0.000000000000e+00
6480,14232,AO_TCu,0.000000000000e+00
6480,14232,PO_TCu,0.000000000000e+00
6480,14232,SED_TCu,0.000000000000e+00
6480,14232,SEDWSSD_TCu,0.000000000000e+00
6480,14232,SEDSCRS_TCu,0.000000000000e+00
6480,14232,SO_TPb,0.000000000000e+00
6480,14232,IO_TPb,0.000000000000e+00
6480,14232,AO_TPb,0.000000000000e+00
6480,14232,PO_TPb,0.000000000000e+00
6480,14232,SED_TPb,0.000000000000e+00
6480,14232,SEDWSSD_TPb,0.000000000000e+00
6480,14232,SEDSCRS_TPb,0.000000000000e+00
6480,14232,SO_TZn,0.000000000000e+00
6480,14232,IO_TZn,0.000000000000e+00
6480,14232,AO_TZn,0.000000000000e+00
6480,14232,PO_TZn,0.000000000000e+00
6480,14232,SED_TZn,0.000000000000e+00
6480,14232,SEDWSSD_TZn,0.000000000000e+00
6480,14232,SEDSCRS_TZn,0.000000000000e+00
6480,14321,AREA,1.151095000002e+01
6480,14321,PREC,1.508326540750e+02
6480,14321,SURO,6.173103600024e-01
6480,14321,IFWO,8.529634872094e-01
6480,14321,AGWO,9.206755214799e+00
6480,14321,PERO,1.067702906201e+01
6480,14321,TAET,1.401556180965e+02
6480,14321,SEDLOAD,2.705339631565e-02
6480,14321,SEDWSSD, 1.53872e-02
6480,14321,SEDSCRS, 1.05264e-02
6480,14321,SEDSURO, 0.00000e+00
6480,14321,SEDIFWO, 9.66464e-05
6480,14321,SEDAGWO, 1.04319e-03
6480,14321,SO_TN,3.703064897577e-01
6480,14321,IO_TN,1.932930792704e-01
6480,14321,AO_TN,6.259126301102e-01
6480,14321,PO_TN,1.189512199138e+00
6480,14321,SO_TP,5.182712703522e-02
6480,14321,IO_TP,3.865861585408e-02
6480,14321,AO_TP,4.172750867402e-01
6480,14321,PO_TP,5.077608296295e-01
6480,14321,SED_TP,5.182712703522e-02
6480,14321,SEDWSSD_TP,3.077432389378e-02
6480,14321,SEDSCRS_TP,2.105280314145e-02
6480,14321,SO_TCd,2.591356351761e-05
6480,14321,IO_TCd,0.000000000000e+00
6480,14321,AO_TCd,0.000000000000e+00
6480,14321,PO_TCd,2.591356351761e-05
6480,14321,SED_TCd,2.591356351761e-05
6480,14321,SEDWSSD_TCd,1.538716194689e-05
6480,14321,SEDSCRS_TCd,1.052640157072e-05
6480,14321,SO_TCu,2.591356351761e-03
6480,14321,IO_TCu,0.000000000000e+00
6480,14321,AO_TCu,0.000000000000e+00
6480,14321,PO_TCu,2.591356351761e-03
6480,14321,SED_TCu,2.591356351761e-03
6480,14321,SEDWSSD_TCu,1.538716194689e-03
6480,14321,SEDSCRS_TCu,1.052640157072e-03
6480,14321,SO_TPb,2.591356351761e-04
6480,14321,IO_TPb,0.000000000000e+00
6480,14321,AO_TPb,0.000000000000e+00
6480,14321,PO_TPb,2.591356351761e-04
6480,14321,SED_TPb,2.591356351761e-04
6480,14321,SEDWSSD_TPb,1.538716194689e-04
6480,14321,SEDSCRS_TPb,1.052640157072e-04
6480,14321,SO_TZn,1.865776573268e-02
6480,14321,IO_TZn,0.000000000000e+00
6480,14321,AO_TZn,1.043187716850e-01
6480,14321,PO_TZn,1.229765374177e-01
6480,14321,SED_TZn,1.865776573268e-02
6480,14321,SEDWSSD_TZn,1.107875660176e-02
6480,14321,SEDSCRS_TZn,7.579009130921e-03
6480,14322,AREA,3.065120000006e+00
6480,14322,PREC,4.016351253878e+01
6480,14322,SURO,1.686550965566e-01
6480,14322,IFWO,2.260979053955e-01
6480,14322,AGWO,1.596877031067e+00
6480,14322,PERO,1.991630033019e+00
6480,14322,TAET,3.715566305406e+01
6480,14322,SEDLOAD,7.058376808900e-03
6480,14322,SEDWSSD, 4.08240e-03
6480,14322,SEDSCRS, 2.76942e-03
6480,14322,SEDSURO, 0.00000e+00
6480,14322,SEDIFWO, 2.56184e-05
6480,14322,SEDAGWO, 1.80937e-04
6480,14322,SO_TN,1.010774369727e-01
6480,14322,IO_TN,5.123684777348e-02
6480,14322,AO_TN,1.085621893011e-01
6480,14322,PO_TN,2.608764740472e-01
6480,14322,SO_TP,1.370364333428e-02
6480,14322,IO_TP,1.024736955470e-02
6480,14322,AO_TP,7.237479286739e-02
6480,14322,PO_TP,9.632580575637e-02
6480,14322,SED_TP,1.370364333428e-02
6480,14322,SEDWSSD_TP,8.164795597459e-03
6480,14322,SEDSCRS_TP,5.538847736817e-03
6480,14322,SO_TCd,6.851821667138e-06
6480,14322,IO_TCd,0.000000000000e+00
6480,14322,AO_TCd,0.000000000000e+00
6480,14322,PO_TCd,6.851821667138e-06
6480,14322,SED_TCd,6.851821667138e-06
6480,14322,SEDWSSD_TCd,4.082397798730e-06
6480,14322,SEDSCRS_TCd,2.769423868408e-06
6480,14322,SO_TCu,6.851821667138e-04
6480,14322,IO_TCu,0.000000000000e+00
6480,14322,AO_TCu,0.000000000000e+00
6480,14322,PO_TCu,6.851821667138e-04
6480,14322,SED_TCu,6.851821667138e-04
6480,14322,SEDWSSD_TCu,4.082397798730e-04
6480,14322,SEDSCRS_TCu,2.769423868408e-04
6480,14322,SO_TPb,6.851821667138e-05
6480,14322,IO_TPb,0.000000000000e+00
6480,14322,AO_TPb,0.000000000000e+00
6480,14322,PO_TPb,6.851821667138e-05
6480,14322,SED_TPb,6.851821667138e-05
6480,14322,SEDWSSD_TPb,4.082397798730e-05
6480,14322,SEDSCRS_TPb,2.769423868408e-05
6480,14322,SO_TZn,4.933311600339e-03
6480,14322,IO_TZn,0.000000000000e+00
6480,14322,AO_TZn,1.809369821685e-02
6480,14322,PO_TZn,2.302700981719e-02
6480,14322,SED_TZn,4.933311600339e-03
6480,14322,SEDWSSD_TZn,2.939326415085e-03
6480,14322,SEDSCRS_TZn,1.993985185254e-03
6480,14331,AREA,3.731508099998e+01
6480,14331,PREC,4.889546652754e+02
6480,14331,SURO,3.408815556975e+00
6480,14331,IFWO,3.765090730613e+00
6480,14331,AGWO,3.091271081162e+01
6480,14331,PERO,3.808661709921e+01
6480,14331,TAET,4.508680252575e+02
6480,14331,SEDLOAD,2.373431573559e-01
6480,14331,SEDWSSD, 1.49852e-01
6480,14331,SEDSCRS, 8.35615e-02
6480,14331,SEDSURO, 0.00000e+00
6480,14331,SEDIFWO, 4.26610e-04
6480,14331,SEDAGWO, 3.50262e-03
6480,14331,SO_TN,1.955191816820e+00
6480,14331,IO_TN,8.532205562910e-01
6480,14331,AO_TN,2.101571691277e+00
6480,14331,PO_TN,4.909984064388e+00
6480,14331,SO_TP,4.668278652398e-01
6480,14331,IO_TP,1.706441112582e-01
6480,14331,AO_TP,1.401047794185e+00
6480,14331,PO_TP,2.038519770683e+00
6480,14331,SED_TP,4.668278652398e-01
6480,14331,SEDWSSD_TP,2.997048031259e-01
6480,14331,SEDSCRS_TP,1.671230621139e-01
6480,14331,SO_TCd,2.334139326199e-04
6480,14331,IO_TCd,0.000000000000e+00
6480,14331,AO_TCd,0.000000000000e+00
6480,14331,PO_TCd,2.334139326199e-04
6480,14331,SED_TCd,2.334139326199e-04
6480,14331,SEDWSSD_TCd,1.498524015630e-04
6480,14331,SEDSCRS_TCd,8.356153105693e-05
6480,14331,SO_TCu,2.334139326199e-02
6480,14331,IO_TCu,0.000000000000e+00
6480,14331,AO_TCu,0.000000000000e+00
6480,14331,PO_TCu,2.334139326199e-02
6480,14331,SED_TCu,2.334139326199e-02
6480,14331,SEDWSSD_TCu,1.498524015630e-02
6480,14331,SEDSCRS_TCu,8.356153105693e-03
6480,14331,SO_TPb,2.334139326199e-03
6480,14331,IO_TPb,0.000000000000e+00
6480,14331,AO_TPb,0.000000000000e+00
6480,14331,PO_TPb,2.334139326199e-03
6480,14331,SED_TPb,2.334139326199e-03
6480,14331,SEDWSSD_TPb,1.498524015630e-03
6480,14331,SEDSCRS_TPb,8.356153105693e-04
6480,14331,SO_TZn,1.680580314863e-01
6480,14331,IO_TZn,0.000000000000e+00
6480,14331,AO_TZn,3.502619485462e-01
6480,14331,PO_TZn,5.183199800325e-01
6480,14331,SED_TZn,1.680580314863e-01
6480,14331,SEDWSSD_TZn,1.078937291253e-01
6480,14331,SEDSCRS_TZn,6.016430236099e-02
6480,14332,AREA,0.000000000000e+00
6480,14332,PREC,0.000000000000e+00
6480,14332,SURO,0.000000000000e+00
6480,14332,IFWO,0.000000000000e+00
6480,14332,AGWO,0.000000000000e+00
6480,14332,PERO,0.000000000000e+00
6480,14332,TAET,0.000000000000e+00
6480,14332,SEDLOAD,0.000000000000e+00
6480,14332,SEDWSSD, 0.00000e+00
6480,14332,SEDSCRS, 0.00000e+00
6480,14332,SEDSURO, 0.00000e+00
6480,14332,SEDIFWO, 0.00000e+00
6480,14332,SEDAGWO, 0.00000e+00
6480,14332,SO_TN,0.000000000000e+00
6480,14332,IO_TN,0.000000000000e+00
6480,14332,AO_TN,0.000000000000e+00
6480,14332,PO_TN,0.000000000000e+00
6480,14332,SO_TP,0.000000000000e+00
6480,14332,IO_TP,0.000000000000e+00
6480,14332,AO_TP,0.000000000000e+00
6480,14332,PO_TP,0.000000000000e+00
6480,14332,SED_TP,0.000000000000e+00
6480,14332,SEDWSSD_TP,0.000000000000e+00
6480,14332,SEDSCRS_TP,0.000000000000e+00
6480,14332,SO_TCd,0.000000000000e+00
6480,14332,IO_TCd,0.000000000000e+00
6480,14332,AO_TCd,0.000000000000e+00
6480,14332,PO_TCd,0.000000000000e+00
6480,14332,SED_TCd,0.000000000000e+00
6480,14332,SEDWSSD_TCd,0.000000000000e+00
6480,14332,SEDSCRS_TCd,0.000000000000e+00
6480,14332,SO_TCu,0.000000000000e+00
6480,14332,IO_TCu,0.000000000000e+00
6480,14332,AO_TCu,0.000000000000e+00
6480,14332,PO_TCu,0.000000000000e+00
6480,14332,SED_TCu,0.000000000000e+00
6480,14332,SEDWSSD_TCu,0.000000000000e+00
6480,14332,SEDSCRS_TCu,0.000000000000e+00
6480,14332,SO_TPb,0.000000000000e+00
6480,14332,IO_TPb,0.000000000000e+00
6480,14332,AO_TPb,0.000000000000e+00
6480,14332,PO_TPb,0.000000000000e+00
6480,14332,SED_TPb,0.000000000000e+00
6480,14332,SEDWSSD_TPb,0.000000000000e+00
6480,14332,SEDSCRS_TPb,0.000000000000e+00
6480,14332,SO_TZn,0.000000000000e+00
6480,14332,IO_TZn,0.000000000000e+00
6480,14332,AO_TZn,0.000000000000e+00
6480,14332,PO_TZn,0.000000000000e+00
6480,14332,SED_TZn,0.000000000000e+00
6480,14332,SEDWSSD_TZn,0.000000000000e+00
6480,14332,SEDSCRS_TZn,0.000000000000e+00
6480,14421,AREA,8.330158699982e+01
6480,14421,PREC,1.091534535018e+03
6480,14421,SURO,3.545545394948e+01
6480,14421,IFWO,1.557568495852e+01
6480,14421,AGWO,3.937238410185e+01
6480,14421,PERO,9.040352300985e+01
6480,14421,TAET,1.001131034028e+03
6480,14421,SEDLOAD,3.901966220570e+00
6480,14421,SEDWSSD, 1.92007e+00
6480,14421,SEDSCRS, 1.97567e+00
6480,14421,SEDSURO, 0.00000e+00
6480,14421,SEDIFWO, 1.76483e-03
6480,14421,SEDAGWO, 4.46115e-03
6480,14421,SO_TN,1.462773862031e+01
6480,14421,IO_TN,3.529661178380e+00
6480,14421,AO_TN,2.676694656472e+00
6480,14421,PO_TN,2.083409445516e+01
6480,14421,SO_TP,7.791480480372e+00
6480,14421,IO_TP,7.059322356760e-01
6480,14421,AO_TP,1.784463104315e+00
6480,14421,PO_TP,1.028187582036e+01
6480,14421,SED_TP,7.791480480372e+00
6480,14421,SEDWSSD_TP,3.840139130353e+00
6480,14421,SEDSCRS_TP,3.951341350019e+00
6480,14421,SO_TCd,3.895740240186e-03
6480,14421,IO_TCd,0.000000000000e+00
6480,14421,AO_TCd,0.000000000000e+00
6480,14421,PO_TCd,3.895740240186e-03
6480,14421,SED_TCd,3.895740240186e-03
6480,14421,SEDWSSD_TCd,1.920069565177e-03
6480,14421,SEDSCRS_TCd,1.975670675009e-03
6480,14421,SO_TCu,3.895740240186e-01
6480,14421,IO_TCu,0.000000000000e+00
6480,14421,AO_TCu,0.000000000000e+00
6480,14421,PO_TCu,3.895740240186e-01
6480,14421,SED_TCu,3.895740240186e-01
6480,14421,SEDWSSD_TCu,1.920069565177e-01
6480,14421,SEDSCRS_TCu,1.975670675009e-01
6480,14421,SO_TPb,3.895740240186e-02
6480,14421,IO_TPb,0.000000000000e+00
6480,14421,AO_TPb,0.000000000000e+00
6480,14421,PO_TPb,3.895740240186e-02
6480,14421,SED_TPb,3.895740240186e-02
6480,14421,SEDWSSD_TPb,1.920069565177e-02
6480,14421,SEDSCRS_TPb,1.975670675009e-02
6480,14421,SO_TZn,2.804932972934e+00
6480,14421,IO_TZn,0.000000000000e+00
6480,14421,AO_TZn,4.461157760787e-01
6480,14421,PO_TZn,3.251048749013e+00
6480,14421,SED_TZn,2.804932972934e+00
6480,14421,SEDWSSD_TZn,1.382450086927e+00
6480,14421,SEDSCRS_TZn,1.422482886007e+00
6480,14422,AREA,7.018811600003e+01
6480,14422,PREC,9.197033972697e+02
6480,14422,SURO,2.868957240026e+01
6480,14422,IFWO,1.342966580517e+01
6480,14422,AGWO,2.147431549002e+01
6480,14422,PERO,6.359355369545e+01
6480,14422,TAET,8.407532393783e+02
6480,14422,SEDLOAD,3.501927277488e+00
6480,14422,SEDWSSD, 1.69874e+00
6480,14422,SEDSCRS, 1.79923e+00
6480,14422,SEDSURO, 0.00000e+00
6480,14422,SEDIFWO, 1.52167e-03
6480,14422,SEDAGWO, 2.43318e-03
6480,14422,SO_TN,1.191470168288e+01
6480,14422,IO_TN,3.043344171210e+00
6480,14422,AO_TN,1.459911225463e+00
6480,14422,PO_TN,1.641795707955e+01
6480,14422,SO_TP,6.995944850174e+00
6480,14422,IO_TP,6.086688342419e-01
6480,14422,AO_TP,9.732741503089e-01
6480,14422,PO_TP,8.577887834725e+00
6480,14422,SED_TP,6.995944850174e+00
6480,14422,SEDWSSD_TP,3.397479364136e+00
6480,14422,SEDSCRS_TP,3.598465486038e+00
6480,14422,SO_TCd,3.497972425087e-03
6480,14422,IO_TCd,0.000000000000e+00
6480,14422,AO_TCd,0.000000000000e+00
6480,14422,PO_TCd,3.497972425087e-03
6480,14422,SED_TCd,3.497972425087e-03
6480,14422,SEDWSSD_TCd,1.698739682068e-03
6480,14422,SEDSCRS_TCd,1.799232743019e-03
6480,14422,SO_TCu,3.497972425087e-01
6480,14422,IO_TCu,0.000000000000e+00
6480,14422,AO_TCu,0.000000000000e+00
6480,14422,PO_TCu,3.497972425087e-01
6480,14422,SED_TCu,3.497972425087e-01
6480,14422,SEDWSSD_TCu,1.698739682068e-01
6480,14422,SEDSCRS_TCu,1.799232743019e-01
6480,14422,SO_TPb,3.497972425087e-02
6480,14422,IO_TPb,0.000000000000e+00
6480,14422,AO_TPb,0.000000000000e+00
6480,14422,PO_TPb,3.497972425087e-02
6480,14422,SED_TPb,3.497972425087e-02
6480,14422,SEDWSSD_TPb,1.698739682068e-02
6480,14422,SEDSCRS_TPb,1.799232743019e-02
6480,14422,SO_TZn,2.518540146063e+00
6480,14422,IO_TZn,0.000000000000e+00
6480,14422,AO_TZn,2.433185375772e-01
6480,14422,PO_TZn,2.761858683640e+00
6480,14422,SED_TZn,2.518540146063e+00
6480,14422,SEDWSSD_TZn,1.223092571089e+00
6480,14422,SEDSCRS_TZn,1.295447574974e+00
6480,14431,AREA,3.971120199994e+01
6480,14431,PREC,5.203520121421e+02
6480,14431,SURO,2.088820997222e+01
6480,14431,IFWO,8.901899220693e+00
6480,14431,AGWO,1.849667466498e+01
6480,14431,PERO,4.828678385790e+01
6480,14431,TAET,4.720652199113e+02
6480,14431,SEDLOAD,3.053625540318e+00
6480,14431,SEDWSSD, 1.75037e+00
6480,14431,SEDSCRS, 1.30015e+00
6480,14431,SEDSURO, 0.00000e+00
6480,14431,SEDIFWO, 1.00864e-03
6480,14431,SEDAGWO, 2.09580e-03
6480,14431,SO_TN,7.997164670622e+00
6480,14431,IO_TN,2.017290936277e+00
6480,14431,AO_TN,1.257479102870e+00
6480,14431,PO_TN,1.127193470977e+01
6480,14431,SO_TP,6.101042200635e+00
6480,14431,IO_TP,4.034581872554e-01
6480,14431,AO_TP,8.383194019136e-01
6480,14431,PO_TP,7.342819789804e+00
6480,14431,SED_TP,6.101042200635e+00
6480,14431,SEDWSSD_TP,3.500734687870e+00
6480,14431,SEDSCRS_TP,2.600307512765e+00
6480,14431,SO_TCd,3.050521100318e-03
6480,14431,IO_TCd,0.000000000000e+00
6480,14431,AO_TCd,0.000000000000e+00
6480,14431,PO_TCd,3.050521100318e-03
6480,14431,SED_TCd,3.050521100318e-03
6480,14431,SEDWSSD_TCd,1.750367343935e-03
6480,14431,SEDSCRS_TCd,1.300153756382e-03
6480,14431,SO_TCu,3.050521100318e-01
6480,14431,IO_TCu,0.000000000000e+00
6480,14431,AO_TCu,0.000000000000e+00
6480,14431,PO_TCu,3.050521100318e-01
6480,14431,SED_TCu,3.050521100318e-01
6480,14431,SEDWSSD_TCu,1.750367343935e-01
6480,14431,SEDSCRS_TCu,1.300153756382e-01
6480,14431,SO_TPb,3.050521100318e-02
6480,14431,IO_TPb,0.000000000000e+00
6480,14431,AO_TPb,0.000000000000e+00
6480,14431,PO_TPb,3.050521100318e-02
6480,14431,SED_TPb,3.050521100318e-02
6480,14431,SEDWSSD_TPb,1.750367343935e-02
6480,14431,SEDSCRS_TPb,1.300153756382e-02
6480,14431,SO_TZn,2.196375192229e+00
6480,14431,IO_TZn,0.000000000000e+00
6480,14431,AO_TZn,2.095798504784e-01
6480,14431,PO_TZn,2.405955042707e+00
6480,14431,SED_TZn,2.196375192229e+00
6480,14431,SEDWSSD_TZn,1.260264487633e+00
6480,14431,SEDSCRS_TZn,9.361107045954e-01
6480,14432,AREA,0.000000000000e+00
6480,14432,PREC,0.000000000000e+00
6480,14432,SURO,0.000000000000e+00
6480,14432,IFWO,0.000000000000e+00
6480,14432,AGWO,0.000000000000e+00
6480,14432,PERO,0.000000000000e+00
6480,14432,TAET,0.000000000000e+00
6480,14432,SEDLOAD,0.000000000000e+00
6480,14432,SEDWSSD, 0.00000e+00
6480,14432,SEDSCRS, 0.00000e+00
6480,14432,SEDSURO, 0.00000e+00
6480,14432,SEDIFWO, 0.00000e+00
6480,14432,SEDAGWO, 0.00000e+00
6480,14432,SO_TN,0.000000000000e+00
6480,14432,IO_TN,0.000000000000e+00
6480,14432,AO_TN,0.000000000000e+00
6480,14432,PO_TN,0.000000000000e+00
6480,14432,SO_TP,0.000000000000e+00
6480,14432,IO_TP,0.000000000000e+00
6480,14432,AO_TP,0.000000000000e+00
6480,14432,PO_TP,0.000000000000e+00
6480,14432,SED_TP,0.000000000000e+00
6480,14432,SEDWSSD_TP,0.000000000000e+00
6480,14432,SEDSCRS_TP,0.000000000000e+00
6480,14432,SO_TCd,0.000000000000e+00
6480,14432,IO_TCd,0.000000000000e+00
6480,14432,AO_TCd,0.000000000000e+00
6480,14432,PO_TCd,0.000000000000e+00
6480,14432,SED_TCd,0.000000000000e+00
6480,14432,SEDWSSD_TCd,0.000000000000e+00
6480,14432,SEDSCRS_TCd,0.000000000000e+00
6480,14432,SO_TCu,0.000000000000e+00
6480,14432,IO_TCu,0.000000000000e+00
6480,14432,AO_TCu,0.000000000000e+00
6480,14432,PO_TCu,0.000000000000e+00
6480,14432,SED_TCu,0.000000000000e+00
6480,14432,SEDWSSD_TCu,0.000000000000e+00
6480,14432,SEDSCRS_TCu,0.000000000000e+00
6480,14432,SO_TPb,0.000000000000e+00
6480,14432,IO_TPb,0.000000000000e+00
6480,14432,AO_TPb,0.000000000000e+00
6480,14432,PO_TPb,0.000000000000e+00
6480,14432,SED_TPb,0.000000000000e+00
6480,14432,SEDWSSD_TPb,0.000000000000e+00
6480,14432,SEDSCRS_TPb,0.000000000000e+00
6480,14432,SO_TZn,0.000000000000e+00
6480,14432,IO_TZn,0.000000000000e+00
6480,14432,AO_TZn,0.000000000000e+00
6480,14432,PO_TZn,0.000000000000e+00
6480,14432,SED_TZn,0.000000000000e+00
6480,14432,SEDWSSD_TZn,0.000000000000e+00
6480,14432,SEDSCRS_TZn,0.000000000000e+00
6480,15121,AREA,0.000000000000e+00
6480,15121,PREC,0.000000000000e+00
6480,15121,SURO,0.000000000000e+00
6480,15121,IFWO,0.000000000000e+00
6480,15121,AGWO,0.000000000000e+00
6480,15121,PERO,0.000000000000e+00
6480,15121,TAET,0.000000000000e+00
6480,15121,SEDLOAD,0.000000000000e+00
6480,15121,SEDWSSD, 0.00000e+00
6480,15121,SEDSCRS, 0.00000e+00
6480,15121,SEDSURO, 0.00000e+00
6480,15121,SEDIFWO, 0.00000e+00
6480,15121,SEDAGWO, 0.00000e+00
6480,15121,SO_TN,0.000000000000e+00
6480,15121,IO_TN,0.000000000000e+00
6480,15121,AO_TN,0.000000000000e+00
6480,15121,PO_TN,0.000000000000e+00
6480,15121,SO_TP,0.000000000000e+00
6480,15121,IO_TP,0.000000000000e+00
6480,15121,AO_TP,0.000000000000e+00
6480,15121,PO_TP,0.000000000000e+00
6480,15121,SED_TP,0.000000000000e+00
6480,15121,SEDWSSD_TP,0.000000000000e+00
6480,15121,SEDSCRS_TP,0.000000000000e+00
6480,15121,SO_TCd,0.000000000000e+00
6480,15121,IO_TCd,0.000000000000e+00
6480,15121,AO_TCd,0.000000000000e+00
6480,15121,PO_TCd,0.000000000000e+00
6480,15121,SED_TCd,0.000000000000e+00
6480,15121,SEDWSSD_TCd,0.000000000000e+00
6480,15121,SEDSCRS_TCd,0.000000000000e+00
6480,15121,SO_TCu,0.000000000000e+00
6480,15121,IO_TCu,0.000000000000e+00
6480,15121,AO_TCu,0.000000000000e+00
6480,15121,PO_TCu,0.000000000000e+00
6480,15121,SED_TCu,0.000000000000e+00
6480,15121,SEDWSSD_TCu,0.000000000000e+00
6480,15121,SEDSCRS_TCu,0.000000000000e+00
6480,15121,SO_TPb,0.000000000000e+00
6480,15121,IO_TPb,0.000000000000e+00
6480,15121,AO_TPb,0.000000000000e+00
6480,15121,PO_TPb,0.000000000000e+00
6480,15121,SED_TPb,0.000000000000e+00
6480,15121,SEDWSSD_TPb,0.000000000000e+00
6480,15121,SEDSCRS_TPb,0.000000000000e+00
6480,15121,SO_TZn,0.000000000000e+00
6480,15121,IO_TZn,0.000000000000e+00
6480,15121,AO_TZn,0.000000000000e+00
6480,15121,PO_TZn,0.000000000000e+00
6480,15121,SED_TZn,0.000000000000e+00
6480,15121,SEDWSSD_TZn,0.000000000000e+00
6480,15121,SEDSCRS_TZn,0.000000000000e+00
6480,15122,AREA,0.000000000000e+00
6480,15122,PREC,0.000000000000e+00
6480,15122,SURO,0.000000000000e+00
6480,15122,IFWO,0.000000000000e+00
6480,15122,AGWO,0.000000000000e+00
6480,15122,PERO,0.000000000000e+00
6480,15122,TAET,0.000000000000e+00
6480,15122,SEDLOAD,0.000000000000e+00
6480,15122,SEDWSSD, 0.00000e+00
6480,15122,SEDSCRS, 0.00000e+00
6480,15122,SEDSURO, 0.00000e+00
6480,15122,SEDIFWO, 0.00000e+00
6480,15122,SEDAGWO, 0.00000e+00
6480,15122,SO_TN,0.000000000000e+00
6480,15122,IO_TN,0.000000000000e+00
6480,15122,AO_TN,0.000000000000e+00
6480,15122,PO_TN,0.000000000000e+00
6480,15122,SO_TP,0.000000000000e+00
6480,15122,IO_TP,0.000000000000e+00
6480,15122,AO_TP,0.000000000000e+00
6480,15122,PO_TP,0.000000000000e+00
6480,15122,SED_TP,0.000000000000e+00
6480,15122,SEDWSSD_TP,0.000000000000e+00
6480,15122,SEDSCRS_TP,0.000000000000e+00
6480,15122,SO_TCd,0.000000000000e+00
6480,15122,IO_TCd,0.000000000000e+00
6480,15122,AO_TCd,0.000000000000e+00
6480,15122,PO_TCd,0.000000000000e+00
6480,15122,SED_TCd,0.000000000000e+00
6480,15122,SEDWSSD_TCd,0.000000000000e+00
6480,15122,SEDSCRS_TCd,0.000000000000e+00
6480,15122,SO_TCu,0.000000000000e+00
6480,15122,IO_TCu,0.000000000000e+00
6480,15122,AO_TCu,0.000000000000e+00
6480,15122,PO_TCu,0.000000000000e+00
6480,15122,SED_TCu,0.000000000000e+00
6480,15122,SEDWSSD_TCu,0.000000000000e+00
6480,15122,SEDSCRS_TCu,0.000000000000e+00
6480,15122,SO_TPb,0.000000000000e+00
6480,15122,IO_TPb,0.000000000000e+00
6480,15122,AO_TPb,0.000000000000e+00
6480,15122,PO_TPb,0.000000000000e+00
6480,15122,SED_TPb,0.000000000000e+00
6480,15122,SEDWSSD_TPb,0.000000000000e+00
6480,15122,SEDSCRS_TPb,0.000000000000e+00
6480,15122,SO_TZn,0.000000000000e+00
6480,15122,IO_TZn,0.000000000000e+00
6480,15122,AO_TZn,0.000000000000e+00
6480,15122,PO_TZn,0.000000000000e+00
6480,15122,SED_TZn,0.000000000000e+00
6480,15122,SEDWSSD_TZn,0.000000000000e+00
6480,15122,SEDSCRS_TZn,0.000000000000e+00
6480,15131,AREA,0.000000000000e+00
6480,15131,PREC,0.000000000000e+00
6480,15131,SURO,0.000000000000e+00
6480,15131,IFWO,0.000000000000e+00
6480,15131,AGWO,0.000000000000e+00
6480,15131,PERO,0.000000000000e+00
6480,15131,TAET,0.000000000000e+00
6480,15131,SEDLOAD,0.000000000000e+00
6480,15131,SEDWSSD, 0.00000e+00
6480,15131,SEDSCRS, 0.00000e+00
6480,15131,SEDSURO, 0.00000e+00
6480,15131,SEDIFWO, 0.00000e+00
6480,15131,SEDAGWO, 0.00000e+00
6480,15131,SO_TN,0.000000000000e+00
6480,15131,IO_TN,0.000000000000e+00
6480,15131,AO_TN,0.000000000000e+00
6480,15131,PO_TN,0.000000000000e+00
6480,15131,SO_TP,0.000000000000e+00
6480,15131,IO_TP,0.000000000000e+00
6480,15131,AO_TP,0.000000000000e+00
6480,15131,PO_TP,0.000000000000e+00
6480,15131,SED_TP,0.000000000000e+00
6480,15131,SEDWSSD_TP,0.000000000000e+00
6480,15131,SEDSCRS_TP,0.000000000000e+00
6480,15131,SO_TCd,0.000000000000e+00
6480,15131,IO_TCd,0.000000000000e+00
6480,15131,AO_TCd,0.000000000000e+00
6480,15131,PO_TCd,0.000000000000e+00
6480,15131,SED_TCd,0.000000000000e+00
6480,15131,SEDWSSD_TCd,0.000000000000e+00
6480,15131,SEDSCRS_TCd,0.000000000000e+00
6480,15131,SO_TCu,0.000000000000e+00
6480,15131,IO_TCu,0.000000000000e+00
6480,15131,AO_TCu,0.000000000000e+00
6480,15131,PO_TCu,0.000000000000e+00
6480,15131,SED_TCu,0.000000000000e+00
6480,15131,SEDWSSD_TCu,0.000000000000e+00
6480,15131,SEDSCRS_TCu,0.000000000000e+00
6480,15131,SO_TPb,0.000000000000e+00
6480,15131,IO_TPb,0.000000000000e+00
6480,15131,AO_TPb,0.000000000000e+00
6480,15131,PO_TPb,0.000000000000e+00
6480,15131,SED_TPb,0.000000000000e+00
6480,15131,SEDWSSD_TPb,0.000000000000e+00
6480,15131,SEDSCRS_TPb,0.000000000000e+00
6480,15131,SO_TZn,0.000000000000e+00
6480,15131,IO_TZn,0.000000000000e+00
6480,15131,AO_TZn,0.000000000000e+00
6480,15131,PO_TZn,0.000000000000e+00
6480,15131,SED_TZn,0.000000000000e+00
6480,15131,SEDWSSD_TZn,0.000000000000e+00
6480,15131,SEDSCRS_TZn,0.000000000000e+00
6480,15132,AREA,0.000000000000e+00
6480,15132,PREC,0.000000000000e+00
6480,15132,SURO,0.000000000000e+00
6480,15132,IFWO,0.000000000000e+00
6480,15132,AGWO,0.000000000000e+00
6480,15132,PERO,0.000000000000e+00
6480,15132,TAET,0.000000000000e+00
6480,15132,SEDLOAD,0.000000000000e+00
6480,15132,SEDWSSD, 0.00000e+00
6480,15132,SEDSCRS, 0.00000e+00
6480,15132,SEDSURO, 0.00000e+00
6480,15132,SEDIFWO, 0.00000e+00
6480,15132,SEDAGWO, 0.00000e+00
6480,15132,SO_TN,0.000000000000e+00
6480,15132,IO_TN,0.000000000000e+00
6480,15132,AO_TN,0.000000000000e+00
6480,15132,PO_TN,0.000000000000e+00
6480,15132,SO_TP,0.000000000000e+00
6480,15132,IO_TP,0.000000000000e+00
6480,15132,AO_TP,0.000000000000e+00
6480,15132,PO_TP,0.000000000000e+00
6480,15132,SED_TP,0.000000000000e+00
6480,15132,SEDWSSD_TP,0.000000000000e+00
6480,15132,SEDSCRS_TP,0.000000000000e+00
6480,15132,SO_TCd,0.000000000000e+00
6480,15132,IO_TCd,0.000000000000e+00
6480,15132,AO_TCd,0.000000000000e+00
6480,15132,PO_TCd,0.000000000000e+00
6480,15132,SED_TCd,0.000000000000e+00
6480,15132,SEDWSSD_TCd,0.000000000000e+00
6480,15132,SEDSCRS_TCd,0.000000000000e+00
6480,15132,SO_TCu,0.000000000000e+00
6480,15132,IO_TCu,0.000000000000e+00
6480,15132,AO_TCu,0.000000000000e+00
6480,15132,PO_TCu,0.000000000000e+00
6480,15132,SED_TCu,0.000000000000e+00
6480,15132,SEDWSSD_TCu,0.000000000000e+00
6480,15132,SEDSCRS_TCu,0.000000000000e+00
6480,15132,SO_TPb,0.000000000000e+00
6480,15132,IO_TPb,0.000000000000e+00
6480,15132,AO_TPb,0.000000000000e+00
6480,15132,PO_TPb,0.000000000000e+00
6480,15132,SED_TPb,0.000000000000e+00
6480,15132,SEDWSSD_TPb,0.000000000000e+00
6480,15132,SEDSCRS_TPb,0.000000000000e+00
6480,15132,SO_TZn,0.000000000000e+00
6480,15132,IO_TZn,0.000000000000e+00
6480,15132,AO_TZn,0.000000000000e+00
6480,15132,PO_TZn,0.000000000000e+00
6480,15132,SED_TZn,0.000000000000e+00
6480,15132,SEDWSSD_TZn,0.000000000000e+00
6480,15132,SEDSCRS_TZn,0.000000000000e+00
6480,15221,AREA,2.241613999999e+00
6480,15221,PREC,2.937277887851e+01
6480,15221,SURO,2.917865545789e-03
6480,15221,IFWO,1.573776588346e-02
6480,15221,AGWO,2.111455313773e+00
6480,15221,PERO,2.130110945202e+00
6480,15221,TAET,2.724266874795e+01
6480,15221,SEDLOAD,2.428893518134e-04
6480,15221,SEDWSSD, 1.73527e-06
6480,15221,SEDSCRS, 1.29013e-07
6480,15221,SEDSURO, 0.00000e+00
6480,15221,SEDIFWO, 1.78319e-06
6480,15221,SEDAGWO, 2.39242e-04
6480,15221,SO_TN,1.874802765828e-03
6480,15221,IO_TN,3.566390911295e-03
6480,15221,AO_TN,1.435453118901e-01
6480,15221,PO_TN,1.489865055672e-01
6480,15221,SO_TP,3.728556545725e-06
6480,15221,IO_TP,7.132781822591e-04
6480,15221,AO_TP,9.569687459340e-02
6480,15221,PO_TP,9.641388133220e-02
6480,15221,SED_TP,3.728556545725e-06
6480,15221,SEDWSSD_TP,3.470530568412e-06
6480,15221,SEDSCRS_TP,2.580259773132e-07
6480,15221,SO_TCd,1.864278272863e-09
6480,15221,IO_TCd,0.000000000000e+00
6480,15221,AO_TCd,0.000000000000e+00
6480,15221,PO_TCd,1.864278272863e-09
6480,15221,SED_TCd,1.864278272863e-09
6480,15221,SEDWSSD_TCd,1.735265284206e-09
6480,15221,SEDSCRS_TCd,1.290129886566e-10
6480,15221,SO_TCu,1.864278272863e-07
6480,15221,IO_TCu,0.000000000000e+00
6480,15221,AO_TCu,0.000000000000e+00
6480,15221,PO_TCu,1.864278272863e-07
6480,15221,SED_TCu,1.864278272863e-07
6480,15221,SEDWSSD_TCu,1.735265284206e-07
6480,15221,SEDSCRS_TCu,1.290129886566e-08
6480,15221,SO_TPb,1.864278272863e-08
6480,15221,IO_TPb,0.000000000000e+00
6480,15221,AO_TPb,0.000000000000e+00
6480,15221,PO_TPb,1.864278272863e-08
6480,15221,SED_TPb,1.864278272863e-08
6480,15221,SEDWSSD_TPb,1.735265284206e-08
6480,15221,SEDSCRS_TPb,1.290129886566e-09
6480,15221,SO_TZn,1.342280356461e-06
6480,15221,IO_TZn,0.000000000000e+00
6480,15221,AO_TZn,2.392421864835e-02
6480,15221,PO_TZn,2.392556092871e-02
6480,15221,SED_TZn,1.342280356461e-06
6480,15221,SEDWSSD_TZn,1.249391004628e-06
6480,15221,SEDSCRS_TZn,9.288935183277e-08
6480,15222,AREA,2.050745399996e+01
6480,15222,PREC,2.687175007398e+02
6480,15222,SURO,2.475619481487e-02
6480,15222,IFWO,1.438604740269e-01
6480,15222,AGWO,1.264049057195e+01
6480,15222,PERO,1.280910724080e+01
6480,15222,TAET,2.481075934212e+02
6480,15222,SEDLOAD,1.462772248905e-03
6480,15222,SEDWSSD, 1.32445e-05
6480,15222,SEDSCRS, 9.76044e-07
6480,15222,SEDSURO, 0.00000e+00
6480,15222,SEDIFWO, 1.63003e-05
6480,15222,SEDAGWO, 1.43225e-03
6480,15222,SO_TN,1.585774077441e-02
6480,15222,IO_TN,3.260073195036e-02
6480,15222,AO_TN,8.593519122849e-01
6480,15222,PO_TN,9.078103850096e-01
6480,15222,SO_TP,2.844109850617e-05
6480,15222,IO_TP,6.520146390071e-03
6480,15222,AO_TP,5.729012748566e-01
6480,15222,PO_TP,5.794498623452e-01
6480,15222,SED_TP,2.844109850617e-05
6480,15222,SEDWSSD_TP,2.648901059990e-05
6480,15222,SEDSCRS_TP,1.952087906261e-06
6480,15222,SO_TCd,1.422054925308e-08
6480,15222,IO_TCd,0.000000000000e+00
6480,15222,AO_TCd,0.000000000000e+00
6480,15222,PO_TCd,1.422054925308e-08
6480,15222,SED_TCd,1.422054925308e-08
6480,15222,SEDWSSD_TCd,1.324450529995e-08
6480,15222,SEDSCRS_TCd,9.760439531304e-10
6480,15222,SO_TCu,1.422054925308e-06
6480,15222,IO_TCu,0.000000000000e+00
6480,15222,AO_TCu,0.000000000000e+00
6480,15222,PO_TCu,1.422054925308e-06
6480,15222,SED_TCu,1.422054925308e-06
6480,15222,SEDWSSD_TCu,1.324450529995e-06
6480,15222,SEDSCRS_TCu,9.760439531304e-08
6480,15222,SO_TPb,1.422054925308e-07
6480,15222,IO_TPb,0.000000000000e+00
6480,15222,AO_TPb,0.000000000000e+00
6480,15222,PO_TPb,1.422054925308e-07
6480,15222,SED_TPb,1.422054925308e-07
6480,15222,SEDWSSD_TPb,1.324450529995e-07
6480,15222,SEDSCRS_TPb,9.760439531304e-09
6480,15222,SO_TZn,1.023879546222e-05
6480,15222,IO_TZn,0.000000000000e+00
6480,15222,AO_TZn,1.432253187141e-01
6480,15222,PO_TZn,1.432355575096e-01
6480,15222,SED_TZn,1.023879546222e-05
6480,15222,SEDWSSD_TZn,9.536043815966e-06
6480,15222,SEDSCRS_TZn,7.027516462539e-07
6480,15231,AREA,5.952170000003e+00
6480,15231,PREC,7.799370152814e+01
6480,15231,SURO,1.286671433924e-02
6480,15231,IFWO,6.372506045100e-02
6480,15231,AGWO,5.843745740707e+00
6480,15231,PERO,5.920337515497e+00
6480,15231,TAET,7.207336158212e+01
6480,15231,SEDLOAD,6.976534890735e-04
6480,15231,SEDWSSD, 2.65090e-05
6480,15231,SEDSCRS, 1.78886e-06
6480,15231,SEDSURO, 0.00000e+00
6480,15231,SEDIFWO, 7.22047e-06
6480,15231,SEDAGWO, 6.62135e-04
6480,15231,SO_TN,8.366984990199e-03
6480,15231,IO_TN,1.444096183011e-02
6480,15231,AO_TN,3.972815808529e-01
6480,15231,PO_TN,4.200895276732e-01
6480,15231,SO_TP,5.659579306044e-05
6480,15231,IO_TP,2.888192366022e-03
6480,15231,AO_TP,2.648543872353e-01
6480,15231,PO_TP,2.677991753944e-01
6480,15231,SED_TP,5.659579306044e-05
6480,15231,SEDWSSD_TP,5.301806636471e-05
6480,15231,SEDSCRS_TP,3.577726695733e-06
6480,15231,SO_TCd,2.829789653022e-08
6480,15231,IO_TCd,0.000000000000e+00
6480,15231,AO_TCd,0.000000000000e+00
6480,15231,PO_TCd,2.829789653022e-08
6480,15231,SED_TCd,2.829789653022e-08
6480,15231,SEDWSSD_TCd,2.650903318236e-08
6480,15231,SEDSCRS_TCd,1.788863347867e-09
6480,15231,SO_TCu,2.829789653022e-06
6480,15231,IO_TCu,0.000000000000e+00
6480,15231,AO_TCu,0.000000000000e+00
6480,15231,PO_TCu,2.829789653022e-06
6480,15231,SED_TCu,2.829789653022e-06
6480,15231,SEDWSSD_TCu,2.650903318236e-06
6480,15231,SEDSCRS_TCu,1.788863347867e-07
6480,15231,SO_TPb,2.829789653022e-07
6480,15231,IO_TPb,0.000000000000e+00
6480,15231,AO_TPb,0.000000000000e+00
6480,15231,PO_TPb,2.829789653022e-07
6480,15231,SED_TPb,2.829789653022e-07
6480,15231,SEDWSSD_TPb,2.650903318236e-07
6480,15231,SEDSCRS_TPb,1.788863347867e-08
6480,15231,SO_TZn,2.037448550176e-05
6480,15231,IO_TZn,0.000000000000e+00
6480,15231,AO_TZn,6.621359680882e-02
6480,15231,PO_TZn,6.623397129432e-02
6480,15231,SED_TZn,2.037448550176e-05
6480,15231,SEDWSSD_TZn,1.908650389130e-05
6480,15231,SEDSCRS_TZn,1.287981610464e-06
6480,15232,AREA,6.255599999992e-02
6480,15232,PREC,8.196966808399e-01
6480,15232,SURO,1.223015738586e-04
6480,15232,IFWO,6.695749260548e-04
6480,15232,AGWO,4.021581173312e-02
6480,15232,PERO,4.100768823304e-02
6480,15232,TAET,7.539611326262e-01
6480,15232,SEDLOAD,4.885984652280e-06
6480,15232,SEDWSSD, 2.37460e-07
6480,15232,SEDSCRS, 1.59390e-08
6480,15232,SEDSURO, 0.00000e+00
6480,15232,SEDIFWO, 7.58673e-08
6480,15232,SEDAGWO, 4.55672e-06
6480,15232,SO_TN,7.939512010204e-05
6480,15232,IO_TN,1.517347473839e-04
6480,15232,AO_TN,2.734034294019e-03
6480,15232,PO_TN,2.965164161505e-03
6480,15232,SO_TP,5.067987655030e-07
6480,15232,IO_TP,3.034694947678e-05
6480,15232,AO_TP,1.822689529346e-03
6480,15232,PO_TP,1.853543277588e-03
6480,15232,SED_TP,5.067987655030e-07
6480,15232,SEDWSSD_TP,4.749206955203e-07
6480,15232,SEDSCRS_TP,3.187806998266e-08
6480,15232,SO_TCd,2.533993827515e-10
6480,15232,IO_TCd,0.000000000000e+00
6480,15232,AO_TCd,0.000000000000e+00
6480,15232,PO_TCd,2.533993827515e-10
6480,15232,SED_TCd,2.533993827515e-10
6480,15232,SEDWSSD_TCd,2.374603477602e-10
6480,15232,SEDSCRS_TCd,1.593903499133e-11
6480,15232,SO_TCu,2.533993827515e-08
6480,15232,IO_TCu,0.000000000000e+00
6480,15232,AO_TCu,0.000000000000e+00
6480,15232,PO_TCu,2.533993827515e-08
6480,15232,SED_TCu,2.533993827515e-08
6480,15232,SEDWSSD_TCu,2.374603477602e-08
6480,15232,SEDSCRS_TCu,1.593903499133e-09
6480,15232,SO_TPb,2.533993827515e-09
6480,15232,IO_TPb,0.000000000000e+00
6480,15232,AO_TPb,0.000000000000e+00
6480,15232,PO_TPb,2.533993827515e-09
6480,15232,SED_TPb,2.533993827515e-09
6480,15232,SEDWSSD_TPb,2.374603477602e-09
6480,15232,SEDSCRS_TPb,1.593903499133e-10
6480,15232,SO_TZn,1.824475555811e-07
6480,15232,IO_TZn,0.000000000000e+00
6480,15232,AO_TZn,4.556723823365e-04
6480,15232,PO_TZn,4.558548298921e-04
6480,15232,SED_TZn,1.824475555811e-07
6480,15232,SEDWSSD_TZn,1.709714503873e-07
6480,15232,SEDSCRS_TZn,1.147610519376e-08
6480,15321,AREA,8.266505999996e+00
6480,15321,PREC,1.083193863153e+02
6480,15321,SURO,4.196230316732e-01
6480,15321,IFWO,6.081241112746e-01
6480,15321,AGWO,6.497081387100e+00
6480,15321,PERO,7.524828530048e+00
6480,15321,TAET,1.007945600697e+02
6480,15321,SEDLOAD,1.530679769754e-02
6480,15321,SEDWSSD, 1.07809e-02
6480,15321,SEDSCRS, 3.72080e-03
6480,15321,SEDSURO, 0.00000e+00
6480,15321,SEDIFWO, 6.89045e-05
6480,15321,SEDAGWO, 7.36162e-04
6480,15321,SO_TN,2.520990386620e-01
6480,15321,IO_TN,1.378091604266e-01
6480,15321,AO_TN,4.416979928502e-01
6480,15321,PO_TN,8.316061919388e-01
6480,15321,SO_TP,2.900346165203e-02
6480,15321,IO_TP,2.756183208532e-02
6480,15321,AO_TP,2.944653285668e-01
6480,15321,PO_TP,3.510306223042e-01
6480,15321,SED_TP,2.900346165203e-02
6480,15321,SEDWSSD_TP,2.156187059709e-02
6480,15321,SEDSCRS_TP,7.441591054933e-03
6480,15321,SO_TCd,1.450173082601e-05
6480,15321,IO_TCd,0.000000000000e+00
6480,15321,AO_TCd,0.000000000000e+00
6480,15321,PO_TCd,1.450173082601e-05
6480,15321,SED_TCd,1.450173082601e-05
6480,15321,SEDWSSD_TCd,1.078093529855e-05
6480,15321,SEDSCRS_TCd,3.720795527466e-06
6480,15321,SO_TCu,1.450173082601e-03
6480,15321,IO_TCu,0.000000000000e+00
6480,15321,AO_TCu,0.000000000000e+00
6480,15321,PO_TCu,1.450173082601e-03
6480,15321,SED_TCu,1.450173082601e-03
6480,15321,SEDWSSD_TCu,1.078093529855e-03
6480,15321,SEDSCRS_TCu,3.720795527466e-04
6480,15321,SO_TPb,1.450173082601e-04
6480,15321,IO_TPb,0.000000000000e+00
6480,15321,AO_TPb,0.000000000000e+00
6480,15321,PO_TPb,1.450173082601e-04
6480,15321,SED_TPb,1.450173082601e-04
6480,15321,SEDWSSD_TPb,1.078093529855e-04
6480,15321,SEDSCRS_TPb,3.720795527466e-05
6480,15321,SO_TZn,1.044124619473e-02
6480,15321,IO_TZn,0.000000000000e+00
6480,15321,AO_TZn,7.361633214171e-02
6480,15321,PO_TZn,8.405757833643e-02
6480,15321,SED_TZn,1.044124619473e-02
6480,15321,SEDWSSD_TZn,7.762273414954e-03
6480,15321,SEDSCRS_TZn,2.678972779776e-03
6480,15322,AREA,3.497226000005e+00
6480,15322,PREC,4.582557299615e+01
6480,15322,SURO,1.978827933848e-01
6480,15322,IFWO,2.531591404730e-01
6480,15322,AGWO,1.786246206826e+00
6480,15322,PERO,2.237288140684e+00
6480,15322,TAET,4.245224590790e+01
6480,15322,SEDLOAD,6.451666884047e-03
6480,15322,SEDWSSD, 4.65217e-03
6480,15322,SEDSCRS, 1.56842e-03
6480,15322,SEDSURO, 0.00000e+00
6480,15322,SEDIFWO, 2.86846e-05
6480,15322,SEDAGWO, 2.02394e-04
6480,15322,SO_TN,1.182874558059e-01
6480,15322,IO_TN,5.736929017627e-02
6480,15322,AO_TN,1.214362753494e-01
6480,15322,PO_TN,2.970930213316e-01
6480,15322,SO_TP,1.244117748476e-02
6480,15322,IO_TP,1.147385803525e-02
6480,15322,AO_TP,8.095751689962e-02
6480,15322,PO_TP,1.048725524196e-01
6480,15322,SED_TP,1.244117748476e-02
6480,15322,SEDWSSD_TP,9.304337924025e-03
6480,15322,SEDSCRS_TP,3.136839560738e-03
6480,15322,SO_TCd,6.220588742381e-06
6480,15322,IO_TCd,0.000000000000e+00
6480,15322,AO_TCd,0.000000000000e+00
6480,15322,PO_TCd,6.220588742381e-06
6480,15322,SED_TCd,6.220588742381e-06
6480,15322,SEDWSSD_TCd,4.652168962013e-06
6480,15322,SEDSCRS_TCd,1.568419780369e-06
6480,15322,SO_TCu,6.220588742381e-04
6480,15322,IO_TCu,0.000000000000e+00
6480,15322,AO_TCu,0.000000000000e+00
6480,15322,PO_TCu,6.220588742381e-04
6480,15322,SED_TCu,6.220588742381e-04
6480,15322,SEDWSSD_TCu,4.652168962013e-04
6480,15322,SEDSCRS_TCu,1.568419780369e-04
6480,15322,SO_TPb,6.220588742381e-05
6480,15322,IO_TPb,0.000000000000e+00
6480,15322,AO_TPb,0.000000000000e+00
6480,15322,PO_TPb,6.220588742381e-05
6480,15322,SED_TPb,6.220588742381e-05
6480,15322,SEDWSSD_TPb,4.652168962013e-05
6480,15322,SEDSCRS_TPb,1.568419780369e-05
6480,15322,SO_TZn,4.478823894515e-03
6480,15322,IO_TZn,0.000000000000e+00
6480,15322,AO_TZn,2.023937922491e-02
6480,15322,PO_TZn,2.471820311942e-02
6480,15322,SED_TZn,4.478823894515e-03
6480,15322,SEDWSSD_TZn,3.349561652649e-03
6480,15322,SEDSCRS_TZn,1.129262241866e-03
6480,15331,AREA,5.071721199995e+01
6480,15331,PREC,6.645682322695e+02
6480,15331,SURO,4.369895768208e+00
6480,15331,IFWO,5.080062526791e+00
6480,15331,AGWO,4.099392053680e+01
6480,15331,PERO,5.044387883180e+01
6480,15331,TAET,6.141243563027e+02
6480,15331,SEDLOAD,2.684161510451e-01
6480,15331,SEDWSSD, 2.04906e-01
6480,15331,SEDSCRS, 5.82895e-02
6480,15331,SEDSURO, 0.00000e+00
6480,15331,SEDIFWO, 5.75605e-04
6480,15331,SEDAGWO, 4.64488e-03
6480,15331,SO_TN,2.513994877925e+00
6480,15331,IO_TN,1.151210976102e+00
6480,15331,AO_TN,2.786933292250e+00
6480,15331,PO_TN,6.452139146277e+00
6480,15331,SO_TP,5.263913268328e-01
6480,15331,IO_TP,2.302421952204e-01
6480,15331,AO_TP,1.857955528167e+00
6480,15331,PO_TP,2.614589050220e+00
6480,15331,SED_TP,5.263913268328e-01
6480,15331,SEDWSSD_TP,4.098123808675e-01
6480,15331,SEDSCRS_TP,1.165789459653e-01
6480,15331,SO_TCd,2.631956634164e-04
6480,15331,IO_TCd,0.000000000000e+00
6480,15331,AO_TCd,0.000000000000e+00
6480,15331,PO_TCd,2.631956634164e-04
6480,15331,SED_TCd,2.631956634164e-04
6480,15331,SEDWSSD_TCd,2.049061904337e-04
6480,15331,SEDSCRS_TCd,5.828947298266e-05
6480,15331,SO_TCu,2.631956634164e-02
6480,15331,IO_TCu,0.000000000000e+00
6480,15331,AO_TCu,0.000000000000e+00
6480,15331,PO_TCu,2.631956634164e-02
6480,15331,SED_TCu,2.631956634164e-02
6480,15331,SEDWSSD_TCu,2.049061904337e-02
6480,15331,SEDSCRS_TCu,5.828947298266e-03
6480,15331,SO_TPb,2.631956634164e-03
6480,15331,IO_TPb,0.000000000000e+00
6480,15331,AO_TPb,0.000000000000e+00
6480,15331,PO_TPb,2.631956634164e-03
6480,15331,SED_TPb,2.631956634164e-03
6480,15331,SEDWSSD_TPb,2.049061904337e-03
6480,15331,SEDSCRS_TPb,5.828947298266e-04
6480,15331,SO_TZn,1.895008776598e-01
6480,15331,IO_TZn,0.000000000000e+00
6480,15331,AO_TZn,4.644888820417e-01
6480,15331,PO_TZn,6.539897597015e-01
6480,15331,SED_TZn,1.895008776598e-01
6480,15331,SEDWSSD_TZn,1.475324571123e-01
6480,15331,SEDSCRS_TZn,4.196842054752e-02
6480,15332,AREA,2.121789999999e-01
6480,15332,PREC,2.780267632904e+00
6480,15332,SURO,1.716695274106e-02
6480,15332,IFWO,2.153969319295e-02
6480,15332,AGWO,1.120659647689e-01
6480,15332,PERO,1.507726107029e-01
6480,15332,TAET,2.558286600072e+00
6480,15332,SEDLOAD,1.145035763828e-03
6480,15332,SEDWSSD, 8.75215e-04
6480,15332,SEDSCRS, 2.54682e-04
6480,15332,SEDSURO, 0.00000e+00
6480,15332,SEDIFWO, 2.44059e-06
6480,15332,SEDAGWO, 1.26978e-05
6480,15332,SO_TN,9.913467266129e-03
6480,15332,IO_TN,4.881186224544e-03
6480,15332,AO_TN,7.618699652361e-03
6480,15332,PO_TN,2.241335314303e-02
6480,15332,SO_TP,2.259794714665e-03
6480,15332,IO_TP,9.762372449088e-04
6480,15332,AO_TP,5.079133101574e-03
6480,15332,PO_TP,8.315165061147e-03
6480,15332,SED_TP,2.259794714665e-03
6480,15332,SEDWSSD_TP,1.750430128454e-03
6480,15332,SEDSCRS_TP,5.093645862108e-04
6480,15332,SO_TCd,1.129897357332e-06
6480,15332,IO_TCd,0.000000000000e+00
6480,15332,AO_TCd,0.000000000000e+00
6480,15332,PO_TCd,1.129897357332e-06
6480,15332,SED_TCd,1.129897357332e-06
6480,15332,SEDWSSD_TCd,8.752150642269e-07
6480,15332,SEDSCRS_TCd,2.546822931054e-07
6480,15332,SO_TCu,1.129897357332e-04
6480,15332,IO_TCu,0.000000000000e+00
6480,15332,AO_TCu,0.000000000000e+00
6480,15332,PO_TCu,1.129897357332e-04
6480,15332,SED_TCu,1.129897357332e-04
6480,15332,SEDWSSD_TCu,8.752150642269e-05
6480,15332,SEDSCRS_TCu,2.546822931054e-05
6480,15332,SO_TPb,1.129897357332e-05
6480,15332,IO_TPb,0.000000000000e+00
6480,15332,AO_TPb,0.000000000000e+00
6480,15332,PO_TPb,1.129897357332e-05
6480,15332,SED_TPb,1.129897357332e-05
6480,15332,SEDWSSD_TPb,8.752150642269e-06
6480,15332,SEDSCRS_TPb,2.546822931054e-06
6480,15332,SO_TZn,8.135260972792e-04
6480,15332,IO_TZn,0.000000000000e+00
6480,15332,AO_TZn,1.269783275393e-03
6480,15332,PO_TZn,2.083309372673e-03
6480,15332,SED_TZn,8.135260972792e-04
6480,15332,SEDWSSD_TZn,6.301548462434e-04
6480,15332,SEDSCRS_TZn,1.833712510359e-04
6480,15421,AREA,2.026119960002e+02
6480,15421,PREC,2.654907292978e+03
6480,15421,SURO,8.408178614823e+01
6480,15421,IFWO,3.743686154275e+01
6480,15421,AGWO,9.487438187677e+01
6480,15421,PERO,2.163930295677e+02
6480,15421,TAET,2.438514268679e+03
6480,15421,SEDLOAD,1.000538644383e+00
6480,15421,SEDWSSD, 5.06741e-01
6480,15421,SEDSCRS, 4.78806e-01
6480,15421,SEDSURO, 0.00000e+00
6480,15421,SEDIFWO, 4.24184e-03
6480,15421,SEDAGWO, 1.07499e-02
6480,15421,SO_TN,3.492646625572e+01
6480,15421,IO_TN,8.483699893758e+00
6480,15421,AO_TN,6.449945991300e+00
6480,15421,PO_TN,4.986011214078e+01
6480,15421,SO_TP,1.971093807266e+00
6480,15421,IO_TP,1.696739978752e+00
6480,15421,AO_TP,4.299963994200e+00
6480,15421,PO_TP,7.967797780218e+00
6480,15421,SED_TP,1.971093807266e+00
6480,15421,SEDWSSD_TP,1.013482413464e+00
6480,15421,SEDSCRS_TP,9.576113938018e-01
6480,15421,SO_TCd,9.855469036331e-04
6480,15421,IO_TCd,0.000000000000e+00
6480,15421,AO_TCd,0.000000000000e+00
6480,15421,PO_TCd,9.855469036331e-04
6480,15421,SED_TCd,9.855469036331e-04
6480,15421,SEDWSSD_TCd,5.067412067322e-04
6480,15421,SEDSCRS_TCd,4.788056969009e-04
6480,15421,SO_TCu,9.855469036331e-02
6480,15421,IO_TCu,0.000000000000e+00
6480,15421,AO_TCu,0.000000000000e+00
6480,15421,PO_TCu,9.855469036331e-02
6480,15421,SED_TCu,9.855469036331e-02
6480,15421,SEDWSSD_TCu,5.067412067322e-02
6480,15421,SEDSCRS_TCu,4.788056969009e-02
6480,15421,SO_TPb,9.855469036331e-03
6480,15421,IO_TPb,0.000000000000e+00
6480,15421,AO_TPb,0.000000000000e+00
6480,15421,PO_TPb,9.855469036331e-03
6480,15421,SED_TPb,9.855469036331e-03
6480,15421,SEDWSSD_TPb,5.067412067322e-03
6480,15421,SEDSCRS_TPb,4.788056969009e-03
6480,15421,SO_TZn,7.095937706159e-01
6480,15421,IO_TZn,0.000000000000e+00
6480,15421,AO_TZn,1.074990998550e+00
6480,15421,PO_TZn,1.784584769166e+00
6480,15421,SED_TZn,7.095937706159e-01
6480,15421,SEDWSSD_TZn,3.648536688472e-01
6480,15421,SEDSCRS_TZn,3.447401017687e-01
6480,15422,AREA,5.370795000004e+01
6480,15422,PREC,7.037570872452e+02
6480,15422,SURO,2.111639161961e+01
6480,15422,IFWO,1.027183265151e+01
6480,15422,AGWO,1.635085002507e+01
6480,15422,PERO,4.773907429618e+01
6480,15422,TAET,6.443900304520e+02
6480,15422,SEDLOAD,2.745360569822e-01
6480,15422,SEDWSSD, 1.30688e-01
6480,15422,SEDSCRS, 1.40832e-01
6480,15422,SEDSURO, 0.00000e+00
6480,15422,SEDIFWO, 1.16387e-03
6480,15422,SEDAGWO, 1.85266e-03
6480,15422,SO_TN,8.847073490397e+00
6480,15422,IO_TN,2.327736406932e+00
6480,15422,AO_TN,1.111597224533e+00
6480,15422,PO_TN,1.228640712186e+01
6480,15422,SO_TP,5.430390611951e-01
6480,15422,IO_TP,4.655472813863e-01
6480,15422,AO_TP,7.410648163556e-01
6480,15422,PO_TP,1.749651158937e+00
6480,15422,SED_TP,5.430390611951e-01
6480,15422,SEDWSSD_TP,2.613757142066e-01
6480,15422,SEDSCRS_TP,2.816633469885e-01
6480,15422,SO_TCd,2.715195305976e-04
6480,15422,IO_TCd,0.000000000000e+00
6480,15422,AO_TCd,0.000000000000e+00
6480,15422,PO_TCd,2.715195305976e-04
6480,15422,SED_TCd,2.715195305976e-04
6480,15422,SEDWSSD_TCd,1.306878571033e-04
6480,15422,SEDSCRS_TCd,1.408316734942e-04
6480,15422,SO_TCu,2.715195305976e-02
6480,15422,IO_TCu,0.000000000000e+00
6480,15422,AO_TCu,0.000000000000e+00
6480,15422,PO_TCu,2.715195305976e-02
6480,15422,SED_TCu,2.715195305976e-02
6480,15422,SEDWSSD_TCu,1.306878571033e-02
6480,15422,SEDSCRS_TCu,1.408316734942e-02
6480,15422,SO_TPb,2.715195305976e-03
6480,15422,IO_TPb,0.000000000000e+00
6480,15422,AO_TPb,0.000000000000e+00
6480,15422,PO_TPb,2.715195305976e-03
6480,15422,SED_TPb,2.715195305976e-03
6480,15422,SEDWSSD_TPb,1.306878571033e-03
6480,15422,SEDSCRS_TPb,1.408316734942e-03
6480,15422,SO_TZn,1.954940620302e-01
6480,15422,IO_TZn,0.000000000000e+00
6480,15422,AO_TZn,1.852662040889e-01
6480,15422,PO_TZn,3.807602661191e-01
6480,15422,SED_TZn,1.954940620302e-01
6480,15422,SEDWSSD_TZn,9.409525711439e-02
6480,15422,SEDSCRS_TZn,1.013988049158e-01
6480,15431,AREA,9.508070000008e-01
6480,15431,PREC,1.245881037821e+01
6480,15431,SURO,4.736380567556e-01
6480,15431,IFWO,2.128826513236e-01
6480,15431,AGWO,4.408346169174e-01
6480,15431,PERO,1.127355324996e+00
6480,15431,TAET,1.133145503585e+01
6480,15431,SEDLOAD,4.182415769846e-03
6480,15431,SEDWSSD, 9.61360e-04
6480,15431,SEDSCRS, 3.14699e-03
6480,15431,SEDSURO, 0.00000e+00
6480,15431,SEDIFWO, 2.41210e-05
6480,15431,SEDAGWO, 4.99495e-05
6480,15431,SO_TN,1.831744123333e-01
6480,15431,IO_TN,4.824209220515e-02
6480,15431,AO_TN,2.996972853964e-02
6480,15431,PO_TN,2.613862330781e-01
6480,15431,SO_TP,8.216690541905e-03
6480,15431,IO_TP,9.648418441031e-03
6480,15431,AO_TP,1.997981902642e-02
6480,15431,PO_TP,3.784492800936e-02
6480,15431,SED_TP,8.216690541905e-03
6480,15431,SEDWSSD_TP,1.922719804117e-03
6480,15431,SEDSCRS_TP,6.293970737789e-03
6480,15431,SO_TCd,4.108345270953e-06
6480,15431,IO_TCd,0.000000000000e+00
6480,15431,AO_TCd,0.000000000000e+00
6480,15431,PO_TCd,4.108345270953e-06
6480,15431,SED_TCd,4.108345270953e-06
6480,15431,SEDWSSD_TCd,9.613599020584e-07
6480,15431,SEDSCRS_TCd,3.146985368894e-06
6480,15431,SO_TCu,4.108345270953e-04
6480,15431,IO_TCu,0.000000000000e+00
6480,15431,AO_TCu,0.000000000000e+00
6480,15431,PO_TCu,4.108345270953e-04
6480,15431,SED_TCu,4.108345270953e-04
6480,15431,SEDWSSD_TCu,9.613599020584e-05
6480,15431,SEDSCRS_TCu,3.146985368894e-04
6480,15431,SO_TPb,4.108345270953e-05
6480,15431,IO_TPb,0.000000000000e+00
6480,15431,AO_TPb,0.000000000000e+00
6480,15431,PO_TPb,4.108345270953e-05
6480,15431,SED_TPb,4.108345270953e-05
6480,15431,SEDWSSD_TPb,9.613599020584e-06
6480,15431,SEDSCRS_TPb,3.146985368894e-05
6480,15431,SO_TZn,2.958008595086e-03
6480,15431,IO_TZn,0.000000000000e+00
6480,15431,AO_TZn,4.994954756606e-03
6480,15431,PO_TZn,7.952963351692e-03
6480,15431,SED_TZn,2.958008595086e-03
6480,15431,SEDWSSD_TZn,6.921791294820e-04
6480,15431,SEDSCRS_TZn,2.265829465604e-03
6480,15432,AREA,0.000000000000e+00
6480,15432,PREC,0.000000000000e+00
6480,15432,SURO,0.000000000000e+00
6480,15432,IFWO,0.000000000000e+00
6480,15432,AGWO,0.000000000000e+00
6480,15432,PERO,0.000000000000e+00
6480,15432,TAET,0.000000000000e+00
6480,15432,SEDLOAD,0.000000000000e+00
6480,15432,SEDWSSD, 0.00000e+00
6480,15432,SEDSCRS, 0.00000e+00
6480,15432,SEDSURO, 0.00000e+00
6480,15432,SEDIFWO, 0.00000e+00
6480,15432,SEDAGWO, 0.00000e+00
6480,15432,SO_TN,0.000000000000e+00
6480,15432,IO_TN,0.000000000000e+00
6480,15432,AO_TN,0.000000000000e+00
6480,15432,PO_TN,0.000000000000e+00
6480,15432,SO_TP,0.000000000000e+00
6480,15432,IO_TP,0.000000000000e+00
6480,15432,AO_TP,0.000000000000e+00
6480,15432,PO_TP,0.000000000000e+00
6480,15432,SED_TP,0.000000000000e+00
6480,15432,SEDWSSD_TP,0.000000000000e+00
6480,15432,SEDSCRS_TP,0.000000000000e+00
6480,15432,SO_TCd,0.000000000000e+00
6480,15432,IO_TCd,0.000000000000e+00
6480,15432,AO_TCd,0.000000000000e+00
6480,15432,PO_TCd,0.000000000000e+00
6480,15432,SED_TCd,0.000000000000e+00
6480,15432,SEDWSSD_TCd,0.000000000000e+00
6480,15432,SEDSCRS_TCd,0.000000000000e+00
6480,15432,SO_TCu,0.000000000000e+00
6480,15432,IO_TCu,0.000000000000e+00
6480,15432,AO_TCu,0.000000000000e+00
6480,15432,PO_TCu,0.000000000000e+00
6480,15432,SED_TCu,0.000000000000e+00
6480,15432,SEDWSSD_TCu,0.000000000000e+00
6480,15432,SEDSCRS_TCu,0.000000000000e+00
6480,15432,SO_TPb,0.000000000000e+00
6480,15432,IO_TPb,0.000000000000e+00
6480,15432,AO_TPb,0.000000000000e+00
6480,15432,PO_TPb,0.000000000000e+00
6480,15432,SED_TPb,0.000000000000e+00
6480,15432,SEDWSSD_TPb,0.000000000000e+00
6480,15432,SEDSCRS_TPb,0.000000000000e+00
6480,15432,SO_TZn,0.000000000000e+00
6480,15432,IO_TZn,0.000000000000e+00
6480,15432,AO_TZn,0.000000000000e+00
6480,15432,PO_TZn,0.000000000000e+00
6480,15432,SED_TZn,0.000000000000e+00
6480,15432,SEDWSSD_TZn,0.000000000000e+00
6480,15432,SEDSCRS_TZn,0.000000000000e+00
6480,16000,AREA,0.000000000000e+00
6480,16000,PREC,0.000000000000e+00
6480,16000,SURO,0.000000000000e+00
6480,16000,IFWO,0.000000000000e+00
6480,16000,AGWO,0.000000000000e+00
6480,16000,PERO,0.000000000000e+00
6480,16000,TAET,0.000000000000e+00
6480,16000,SEDLOAD,0.000000000000e+00
6480,16000,SEDWSSD, 0.00000e+00
6480,16000,SEDSCRS, 0.00000e+00
6480,16000,SEDSURO, 0.00000e+00
6480,16000,SEDIFWO, 0.00000e+00
6480,16000,SEDAGWO, 0.00000e+00
6480,16000,SO_TN,0.000000000000e+00
6480,16000,IO_TN,0.000000000000e+00
6480,16000,AO_TN,0.000000000000e+00
6480,16000,PO_TN,0.000000000000e+00
6480,16000,SO_TP,0.000000000000e+00
6480,16000,IO_TP,0.000000000000e+00
6480,16000,AO_TP,0.000000000000e+00
6480,16000,PO_TP,0.000000000000e+00
6480,16000,SED_TP,0.000000000000e+00
6480,16000,SEDWSSD_TP,0.000000000000e+00
6480,16000,SEDSCRS_TP,0.000000000000e+00
6480,16000,SO_TCd,0.000000000000e+00
6480,16000,IO_TCd,0.000000000000e+00
6480,16000,AO_TCd,0.000000000000e+00
6480,16000,PO_TCd,0.000000000000e+00
6480,16000,SED_TCd,0.000000000000e+00
6480,16000,SEDWSSD_TCd,0.000000000000e+00
6480,16000,SEDSCRS_TCd,0.000000000000e+00
6480,16000,SO_TCu,0.000000000000e+00
6480,16000,IO_TCu,0.000000000000e+00
6480,16000,AO_TCu,0.000000000000e+00
6480,16000,PO_TCu,0.000000000000e+00
6480,16000,SED_TCu,0.000000000000e+00
6480,16000,SEDWSSD_TCu,0.000000000000e+00
6480,16000,SEDSCRS_TCu,0.000000000000e+00
6480,16000,SO_TPb,0.000000000000e+00
6480,16000,IO_TPb,0.000000000000e+00
6480,16000,AO_TPb,0.000000000000e+00
6480,16000,PO_TPb,0.000000000000e+00
6480,16000,SED_TPb,0.000000000000e+00
6480,16000,SEDWSSD_TPb,0.000000000000e+00
6480,16000,SEDSCRS_TPb,0.000000000000e+00
6480,16000,SO_TZn,0.000000000000e+00
6480,16000,IO_TZn,0.000000000000e+00
6480,16000,AO_TZn,0.000000000000e+00
6480,16000,PO_TZn,0.000000000000e+00
6480,16000,SED_TZn,0.000000000000e+00
6480,16000,SEDWSSD_TZn,0.000000000000e+00
6480,16000,SEDSCRS_TZn,0.000000000000e+00
6481,1000,AREA,1.462369299999e+01
6481,1000,PREC,1.664694187528e+02
6481,1000,SURO,1.539548163031e+02
6481,1000,IFWO,0.000000000000e+00
6481,1000,AGWO,0.000000000000e+00
6481,1000,PERO,1.539548163031e+02
6481,1000,TAET,1.251460244973e+01
6481,1000,SEDLOAD,4.081562092060e+00
6481,1000,SEDWSSD, 4.08156e+00
6481,1000,SEDSCRS, 0.00000e+00
6481,1000,SEDSURO, 0.00000e+00
6481,1000,SEDIFWO, 0.00000e+00
6481,1000,SEDAGWO, 0.00000e+00
6481,1000,SO_TN,4.684284856273e+00
6481,1000,IO_TN,0.000000000000e+00
6481,1000,AO_TN,0.000000000000e+00
6481,1000,PO_TN,4.684284856273e+00
6481,1000,SO_TP,1.821397083582e+01
6481,1000,IO_TP,0.000000000000e+00
6481,1000,AO_TP,0.000000000000e+00
6481,1000,PO_TP,1.821397083582e+01
6481,1000,SED_TP,1.821397083582e+01
6481,1000,SEDWSSD_TP,1.821397083582e+01
6481,1000,SEDSCRS_TP,0.000000000000e+00
6481,1000,SO_TCd,7.142733661106e-02
6481,1000,IO_TCd,0.000000000000e+00
6481,1000,AO_TCd,0.000000000000e+00
6481,1000,PO_TCd,7.142733661106e-02
6481,1000,SED_TCd,7.142733661106e-02
6481,1000,SEDWSSD_TCd,7.142733661106e-02
6481,1000,SEDSCRS_TCd,0.000000000000e+00
6481,1000,SO_TCu,7.142733661106e+00
6481,1000,IO_TCu,0.000000000000e+00
6481,1000,AO_TCu,0.000000000000e+00
6481,1000,PO_TCu,7.142733661106e+00
6481,1000,SED_TCu,7.142733661106e+00
6481,1000,SEDWSSD_TCu,7.142733661106e+00
6481,1000,SEDSCRS_TCu,0.000000000000e+00
6481,1000,SO_TPb,3.507647155481e+00
6481,1000,IO_TPb,0.000000000000e+00
6481,1000,AO_TPb,0.000000000000e+00
6481,1000,PO_TPb,3.507647155481e+00
6481,1000,SED_TPb,1.763234823770e+00
6481,1000,SEDWSSD_TPb,1.763234823770e+00
6481,1000,SEDSCRS_TPb,0.000000000000e+00
6481,1000,SO_TZn,5.642351436064e+01
6481,1000,IO_TZn,0.000000000000e+00
6481,1000,AO_TZn,0.000000000000e+00
6481,1000,PO_TZn,5.642351436064e+01
6481,1000,SED_TZn,5.642351436064e+01
6481,1000,SEDWSSD_TZn,5.642351436064e+01
6481,1000,SEDSCRS_TZn,0.000000000000e+00
6481,2000,AREA,1.408032800001e+01
6481,2000,PREC,1.602840006289e+02
6481,2000,SURO,1.482343967921e+02
6481,2000,IFWO,0.000000000000e+00
6481,2000,AGWO,0.000000000000e+00
6481,2000,PERO,1.482343967921e+02
6481,2000,TAET,1.204960383685e+01
6481,2000,SEDLOAD,3.228906850723e+00
6481,2000,SEDWSSD, 3.22891e+00
6481,2000,SEDSCRS, 0.00000e+00
6481,2000,SEDSURO, 0.00000e+00
6481,2000,SEDIFWO, 0.00000e+00
6481,2000,SEDAGWO, 0.00000e+00
6481,2000,SO_TN,4.510233305756e+00
6481,2000,IO_TN,0.000000000000e+00
6481,2000,AO_TN,0.000000000000e+00
6481,2000,PO_TN,4.510233305756e+00
6481,2000,SO_TP,1.440899682135e+01
6481,2000,IO_TP,0.000000000000e+00
6481,2000,AO_TP,0.000000000000e+00
6481,2000,PO_TP,1.440899682135e+01
6481,2000,SED_TP,1.440899682135e+01
6481,2000,SEDWSSD_TP,1.440899682135e+01
6481,2000,SEDSCRS_TP,0.000000000000e+00
6481,2000,SO_TCd,4.843360276085e-02
6481,2000,IO_TCd,0.000000000000e+00
6481,2000,AO_TCd,0.000000000000e+00
6481,2000,PO_TCd,4.843360276085e-02
6481,2000,SED_TCd,4.843360276085e-02
6481,2000,SEDWSSD_TCd,4.843360276085e-02
6481,2000,SEDSCRS_TCd,0.000000000000e+00
6481,2000,SO_TCu,4.843360276085e+00
6481,2000,IO_TCu,0.000000000000e+00
6481,2000,AO_TCu,0.000000000000e+00
6481,2000,PO_TCu,4.843360276085e+00
6481,2000,SED_TCu,4.843360276085e+00
6481,2000,SEDWSSD_TCu,4.843360276085e+00
6481,2000,SEDSCRS_TCu,0.000000000000e+00
6481,2000,SO_TPb,2.725761924239e+00
6481,2000,IO_TPb,0.000000000000e+00
6481,2000,AO_TPb,0.000000000000e+00
6481,2000,PO_TPb,2.725761924239e+00
6481,2000,SED_TPb,1.046165819634e+00
6481,2000,SEDWSSD_TPb,1.046165819634e+00
6481,2000,SEDSCRS_TPb,0.000000000000e+00
6481,2000,SO_TZn,2.231820415220e+01
6481,2000,IO_TZn,0.000000000000e+00
6481,2000,AO_TZn,0.000000000000e+00
6481,2000,PO_TZn,2.231820415220e+01
6481,2000,SED_TZn,2.231820415220e+01
6481,2000,SEDWSSD_TZn,2.231820415220e+01
6481,2000,SEDSCRS_TZn,0.000000000000e+00
6481,3000,AREA,2.842751100004e+01
6481,3000,PREC,3.236057562724e+02
6481,3000,SURO,2.992781805499e+02
6481,3000,IFWO,0.000000000000e+00
6481,3000,AGWO,0.000000000000e+00
6481,3000,PERO,2.992781805499e+02
6481,3000,TAET,2.432757572251e+01
6481,3000,SEDLOAD,4.906649231925e+00
6481,3000,SEDWSSD, 4.90665e+00
6481,3000,SEDSCRS, 0.00000e+00
6481,3000,SEDSURO, 0.00000e+00
6481,3000,SEDIFWO, 0.00000e+00
6481,3000,SEDAGWO, 0.00000e+00
6481,3000,SO_TN,9.105946034208e+00
6481,3000,IO_TN,0.000000000000e+00
6481,3000,AO_TN,0.000000000000e+00
6481,3000,PO_TN,9.105946034208e+00
6481,3000,SO_TP,2.189592219747e+01
6481,3000,IO_TP,0.000000000000e+00
6481,3000,AO_TP,0.000000000000e+00
6481,3000,PO_TP,2.189592219747e+01
6481,3000,SED_TP,2.189592219747e+01
6481,3000,SEDWSSD_TP,2.189592219747e+01
6481,3000,SEDSCRS_TP,0.000000000000e+00
6481,3000,SO_TCd,5.887979078310e-02
6481,3000,IO_TCd,0.000000000000e+00
6481,3000,AO_TCd,0.000000000000e+00
6481,3000,PO_TCd,5.887979078310e-02
6481,3000,SED_TCd,5.887979078310e-02
6481,3000,SEDWSSD_TCd,5.887979078310e-02
6481,3000,SEDSCRS_TCd,0.000000000000e+00
6481,3000,SO_TCu,5.887979078311e+00
6481,3000,IO_TCu,0.000000000000e+00
6481,3000,AO_TCu,0.000000000000e+00
6481,3000,PO_TCu,5.887979078311e+00
6481,3000,SED_TCu,5.887979078311e+00
6481,3000,SEDWSSD_TCu,5.887979078311e+00
6481,3000,SEDSCRS_TCu,0.000000000000e+00
6481,3000,SO_TPb,3.920942583183e+00
6481,3000,IO_TPb,0.000000000000e+00
6481,3000,AO_TPb,0.000000000000e+00
6481,3000,PO_TPb,3.920942583183e+00
6481,3000,SED_TPb,5.299181170479e-01
6481,3000,SEDWSSD_TPb,5.299181170479e-01
6481,3000,SEDSCRS_TPb,0.000000000000e+00
6481,3000,SO_TZn,2.543606961830e+01
6481,3000,IO_TZn,0.000000000000e+00
6481,3000,AO_TZn,0.000000000000e+00
6481,3000,PO_TZn,2.543606961830e+01
6481,3000,SED_TZn,2.543606961830e+01
6481,3000,SEDWSSD_TZn,2.543606961830e+01
6481,3000,SEDSCRS_TZn,0.000000000000e+00
6481,4000,AREA,8.783544000005e+00
6481,4000,PREC,9.998783920519e+01
6481,4000,SURO,9.247109488761e+01
6481,4000,IFWO,0.000000000000e+00
6481,4000,AGWO,0.000000000000e+00
6481,4000,PERO,9.247109488761e+01
6481,4000,TAET,7.516744317573e+00
6481,4000,SEDLOAD,2.014246074042e+00
6481,4000,SEDWSSD, 2.01425e+00
6481,4000,SEDSCRS, 0.00000e+00
6481,4000,SEDSURO, 0.00000e+00
6481,4000,SEDIFWO, 0.00000e+00
6481,4000,SEDAGWO, 0.00000e+00
6481,4000,SO_TN,6.307972631223e+01
6481,4000,IO_TN,0.000000000000e+00
6481,4000,AO_TN,0.000000000000e+00
6481,4000,PO_TN,6.307972631223e+01
6481,4000,SO_TP,1.480470864421e+01
6481,4000,IO_TP,0.000000000000e+00
6481,4000,AO_TP,0.000000000000e+00
6481,4000,PO_TP,1.480470864421e+01
6481,4000,SED_TP,1.480470864421e+01
6481,4000,SEDWSSD_TP,1.480470864421e+01
6481,4000,SEDSCRS_TP,0.000000000000e+00
6481,4000,SO_TCd,3.021369111063e-02
6481,4000,IO_TCd,0.000000000000e+00
6481,4000,AO_TCd,0.000000000000e+00
6481,4000,PO_TCd,3.021369111063e-02
6481,4000,SED_TCd,3.021369111063e-02
6481,4000,SEDWSSD_TCd,3.021369111063e-02
6481,4000,SEDSCRS_TCd,0.000000000000e+00
6481,4000,SO_TCu,3.021369111063e+00
6481,4000,IO_TCu,0.000000000000e+00
6481,4000,AO_TCu,0.000000000000e+00
6481,4000,PO_TCu,3.021369111063e+00
6481,4000,SED_TCu,3.021369111063e+00
6481,4000,SEDWSSD_TCu,3.021369111063e+00
6481,4000,SEDSCRS_TCu,0.000000000000e+00
6481,4000,SO_TPb,1.917914433368e+00
6481,4000,IO_TPb,0.000000000000e+00
6481,4000,AO_TPb,0.000000000000e+00
6481,4000,PO_TPb,1.917914433368e+00
6481,4000,SED_TPb,8.701543039863e-01
6481,4000,SEDWSSD_TPb,8.701543039863e-01
6481,4000,SEDSCRS_TPb,0.000000000000e+00
6481,4000,SO_TZn,9.064107333190e+00
6481,4000,IO_TZn,0.000000000000e+00
6481,4000,AO_TZn,0.000000000000e+00
6481,4000,PO_TZn,9.064107333190e+00
6481,4000,SED_TZn,9.064107333190e+00
6481,4000,SEDWSSD_TZn,9.064107333190e+00
6481,4000,SEDSCRS_TZn,0.000000000000e+00
6481,5000,AREA,1.915061980001e+02
6481,5000,PREC,2.180018786542e+03
6481,5000,SURO,2.016132418398e+03
6481,5000,IFWO,0.000000000000e+00
6481,5000,AGWO,0.000000000000e+00
6481,5000,PERO,2.016132418398e+03
6481,5000,TAET,1.638863681444e+02
6481,5000,SEDLOAD,2.707949873485e+01
6481,5000,SEDWSSD, 2.70795e+01
6481,5000,SEDSCRS, 0.00000e+00
6481,5000,SEDSURO, 0.00000e+00
6481,5000,SEDIFWO, 0.00000e+00
6481,5000,SEDAGWO, 0.00000e+00
6481,5000,SO_TN,1.554192008784e+03
6481,5000,IO_TN,0.000000000000e+00
6481,5000,AO_TN,0.000000000000e+00
6481,5000,PO_TN,1.554192008784e+03
6481,5000,SO_TP,1.848175788653e+02
6481,5000,IO_TP,0.000000000000e+00
6481,5000,AO_TP,0.000000000000e+00
6481,5000,PO_TP,1.848175788653e+02
6481,5000,SED_TP,1.848175788653e+02
6481,5000,SEDWSSD_TP,1.848175788653e+02
6481,5000,SEDSCRS_TP,0.000000000000e+00
6481,5000,SO_TCd,2.030962405113e-01
6481,5000,IO_TCd,0.000000000000e+00
6481,5000,AO_TCd,0.000000000000e+00
6481,5000,PO_TCd,2.030962405113e-01
6481,5000,SED_TCd,2.030962405113e-01
6481,5000,SEDWSSD_TCd,2.030962405113e-01
6481,5000,SEDSCRS_TCd,0.000000000000e+00
6481,5000,SO_TCu,2.030962405113e+01
6481,5000,IO_TCu,0.000000000000e+00
6481,5000,AO_TCu,0.000000000000e+00
6481,5000,PO_TCu,2.030962405113e+01
6481,5000,SED_TCu,2.030962405113e+01
6481,5000,SEDWSSD_TCu,2.030962405113e+01
6481,5000,SEDSCRS_TCu,0.000000000000e+00
6481,5000,SO_TPb,3.308019620989e+01
6481,5000,IO_TPb,0.000000000000e+00
6481,5000,AO_TPb,0.000000000000e+00
6481,5000,PO_TPb,3.308019620989e+01
6481,5000,SED_TPb,1.023605052177e+01
6481,5000,SEDWSSD_TPb,1.023605052177e+01
6481,5000,SEDSCRS_TPb,0.000000000000e+00
6481,5000,SO_TZn,7.311464658408e+01
6481,5000,IO_TZn,0.000000000000e+00
6481,5000,AO_TZn,0.000000000000e+00
6481,5000,PO_TZn,7.311464658408e+01
6481,5000,SED_TZn,7.311464658408e+01
6481,5000,SEDWSSD_TZn,7.311464658408e+01
6481,5000,SEDSCRS_TZn,0.000000000000e+00
6481,6000,AREA,8.166649000012e+00
6481,6000,PREC,9.296538926169e+01
6481,6000,SURO,8.597656875093e+01
6481,6000,IFWO,0.000000000000e+00
6481,6000,AGWO,0.000000000000e+00
6481,6000,PERO,8.597656875093e+01
6481,6000,TAET,6.988820510760e+00
6481,6000,SEDLOAD,1.872779448288e+00
6481,6000,SEDWSSD, 1.87278e+00
6481,6000,SEDSCRS, 0.00000e+00
6481,6000,SEDSURO, 0.00000e+00
6481,6000,SEDIFWO, 0.00000e+00
6481,6000,SEDAGWO, 0.00000e+00
6481,6000,SO_TN,5.119398501497e+01
6481,6000,IO_TN,0.000000000000e+00
6481,6000,AO_TN,0.000000000000e+00
6481,6000,PO_TN,5.119398501497e+01
6481,6000,SO_TP,1.474813815527e+01
6481,6000,IO_TP,0.000000000000e+00
6481,6000,AO_TP,0.000000000000e+00
6481,6000,PO_TP,1.474813815527e+01
6481,6000,SED_TP,1.474813815527e+01
6481,6000,SEDWSSD_TP,1.474813815527e+01
6481,6000,SEDSCRS_TP,0.000000000000e+00
6481,6000,SO_TCd,3.745558896576e-02
6481,6000,IO_TCd,0.000000000000e+00
6481,6000,AO_TCd,0.000000000000e+00
6481,6000,PO_TCd,3.745558896576e-02
6481,6000,SED_TCd,3.745558896576e-02
6481,6000,SEDWSSD_TCd,3.745558896576e-02
6481,6000,SEDSCRS_TCd,0.000000000000e+00
6481,6000,SO_TCu,3.745558896576e+00
6481,6000,IO_TCu,0.000000000000e+00
6481,6000,AO_TCu,0.000000000000e+00
6481,6000,PO_TCu,3.745558896576e+00
6481,6000,SED_TCu,3.745558896576e+00
6481,6000,SEDWSSD_TCu,3.745558896576e+00
6481,6000,SEDSCRS_TCu,0.000000000000e+00
6481,6000,SO_TPb,1.945021615951e+00
6481,6000,IO_TPb,0.000000000000e+00
6481,6000,AO_TPb,0.000000000000e+00
6481,6000,PO_TPb,1.945021615951e+00
6481,6000,SED_TPb,9.708488659924e-01
6481,6000,SEDWSSD_TPb,9.708488659924e-01
6481,6000,SEDSCRS_TPb,0.000000000000e+00
6481,6000,SO_TZn,1.078720962214e+01
6481,6000,IO_TZn,0.000000000000e+00
6481,6000,AO_TZn,0.000000000000e+00
6481,6000,PO_TZn,1.078720962214e+01
6481,6000,SED_TZn,1.078720962214e+01
6481,6000,SEDWSSD_TZn,1.078720962214e+01
6481,6000,SEDSCRS_TZn,0.000000000000e+00
6481,7000,AREA,1.119400000000e-01
6481,7000,PREC,1.274273655443e+00
6481,7000,SURO,1.178478113358e+00
6481,7000,IFWO,0.000000000000e+00
6481,7000,AGWO,0.000000000000e+00
6481,7000,PERO,1.178478113358e+00
6481,7000,TAET,9.579554208518e-02
6481,7000,SEDLOAD,3.124313814474e-02
6481,7000,SEDWSSD, 3.12431e-02
6481,7000,SEDSCRS, 0.00000e+00
6481,7000,SEDSURO, 0.00000e+00
6481,7000,SEDIFWO, 0.00000e+00
6481,7000,SEDAGWO, 0.00000e+00
6481,7000,SO_TN,5.970366632605e-01
6481,7000,IO_TN,0.000000000000e+00
6481,7000,AO_TN,0.000000000000e+00
6481,7000,PO_TN,5.970366632605e-01
6481,7000,SO_TP,2.296370653638e-01
6481,7000,IO_TP,0.000000000000e+00
6481,7000,AO_TP,0.000000000000e+00
6481,7000,PO_TP,2.296370653638e-01
6481,7000,SED_TP,2.296370653638e-01
6481,7000,SEDWSSD_TP,2.296370653638e-01
6481,7000,SEDSCRS_TP,0.000000000000e+00
6481,7000,SO_TCd,7.810784536184e-04
6481,7000,IO_TCd,0.000000000000e+00
6481,7000,AO_TCd,0.000000000000e+00
6481,7000,PO_TCd,7.810784536184e-04
6481,7000,SED_TCd,7.810784536184e-04
6481,7000,SEDWSSD_TCd,7.810784536184e-04
6481,7000,SEDSCRS_TCd,0.000000000000e+00
6481,7000,SO_TCu,7.810784536184e-02
6481,7000,IO_TCu,0.000000000000e+00
6481,7000,AO_TCu,0.000000000000e+00
6481,7000,PO_TCu,7.810784536184e-02
6481,7000,SED_TCu,7.810784536184e-02
6481,7000,SEDWSSD_TCu,7.810784536184e-02
6481,7000,SEDSCRS_TCu,0.000000000000e+00
6481,7000,SO_TPb,3.494821221207e-02
6481,7000,IO_TPb,0.000000000000e+00
6481,7000,AO_TPb,0.000000000000e+00
6481,7000,PO_TPb,3.494821221207e-02
6481,7000,SED_TPb,2.159525708564e-02
6481,7000,SEDWSSD_TPb,2.159525708564e-02
6481,7000,SEDSCRS_TPb,0.000000000000e+00
6481,7000,SO_TZn,3.599209514274e-01
6481,7000,IO_TZn,0.000000000000e+00
6481,7000,AO_TZn,0.000000000000e+00
6481,7000,PO_TZn,3.599209514274e-01
6481,7000,SED_TZn,3.599209514274e-01
6481,7000,SEDWSSD_TZn,3.599209514274e-01
6481,7000,SEDSCRS_TZn,0.000000000000e+00
6481,8000,AREA,9.309991999995e+00
6481,8000,PREC,1.059806819545e+02
6481,8000,SURO,9.801341618314e+01
6481,8000,IFWO,0.000000000000e+00
6481,8000,AGWO,0.000000000000e+00
6481,8000,PERO,9.801341618314e+01
6481,8000,TAET,7.967265771384e+00
6481,8000,SEDLOAD,1.876526018550e+00
6481,8000,SEDWSSD, 1.87653e+00
6481,8000,SEDSCRS, 0.00000e+00
6481,8000,SEDSURO, 0.00000e+00
6481,8000,SEDIFWO, 0.00000e+00
6481,8000,SEDAGWO, 0.00000e+00
6481,8000,SO_TN,2.932543035286e+01
6481,8000,IO_TN,0.000000000000e+00
6481,8000,AO_TN,0.000000000000e+00
6481,8000,PO_TN,2.932543035286e+01
6481,8000,SO_TP,1.970352319478e+00
6481,8000,IO_TP,0.000000000000e+00
6481,8000,AO_TP,0.000000000000e+00
6481,8000,PO_TP,1.970352319478e+00
6481,8000,SED_TP,1.970352319478e+00
6481,8000,SEDWSSD_TP,1.970352319478e+00
6481,8000,SEDSCRS_TP,0.000000000000e+00
6481,8000,SO_TCd,2.111091770869e-02
6481,8000,IO_TCd,0.000000000000e+00
6481,8000,AO_TCd,0.000000000000e+00
6481,8000,PO_TCd,2.111091770869e-02
6481,8000,SED_TCd,2.111091770869e-02
6481,8000,SEDWSSD_TCd,2.111091770869e-02
6481,8000,SEDSCRS_TCd,0.000000000000e+00
6481,8000,SO_TCu,2.111091770869e+00
6481,8000,IO_TCu,0.000000000000e+00
6481,8000,AO_TCu,0.000000000000e+00
6481,8000,PO_TCu,2.111091770869e+00
6481,8000,SED_TCu,2.111091770869e+00
6481,8000,SEDWSSD_TCu,2.111091770869e+00
6481,8000,SEDSCRS_TCu,0.000000000000e+00
6481,8000,SO_TPb,1.617220408102e+00
6481,8000,IO_TPb,0.000000000000e+00
6481,8000,AO_TPb,0.000000000000e+00
6481,8000,PO_TPb,1.617220408102e+00
6481,8000,SED_TPb,5.066620250086e-01
6481,8000,SEDWSSD_TPb,5.066620250086e-01
6481,8000,SEDSCRS_TPb,0.000000000000e+00
6481,8000,SO_TZn,8.106592400138e+00
6481,8000,IO_TZn,0.000000000000e+00
6481,8000,AO_TZn,0.000000000000e+00
6481,8000,PO_TZn,8.106592400138e+00
6481,8000,SED_TZn,8.106592400138e+00
6481,8000,SEDWSSD_TZn,8.106592400138e+00
6481,8000,SEDSCRS_TZn,0.000000000000e+00
6481,9000,AREA,5.266583300007e+01
6481,9000,PREC,5.995237049659e+02
6481,9000,SURO,5.723388369822e+02
6481,9000,IFWO,0.000000000000e+00
6481,9000,AGWO,0.000000000000e+00
6481,9000,PERO,5.723388369822e+02
6481,9000,TAET,2.718486798373e+01
6481,9000,SEDLOAD,1.382621141647e+00
6481,9000,SEDWSSD, 1.38262e+00
6481,9000,SEDSCRS, 0.00000e+00
6481,9000,SEDSURO, 0.00000e+00
6481,9000,SEDIFWO, 0.00000e+00
6481,9000,SEDAGWO, 0.00000e+00
6481,9000,SO_TN,1.710148816126e+02
6481,9000,IO_TN,0.000000000000e+00
6481,9000,AO_TN,0.000000000000e+00
6481,9000,PO_TN,1.710148816126e+02
6481,9000,SO_TP,1.451752198729e+00
6481,9000,IO_TP,0.000000000000e+00
6481,9000,AO_TP,0.000000000000e+00
6481,9000,PO_TP,1.451752198729e+00
6481,9000,SED_TP,1.451752198729e+00
6481,9000,SEDWSSD_TP,1.451752198729e+00
6481,9000,SEDSCRS_TP,0.000000000000e+00
6481,9000,SO_TCd,5.184829281176e-03
6481,9000,IO_TCd,0.000000000000e+00
6481,9000,AO_TCd,0.000000000000e+00
6481,9000,PO_TCd,5.184829281176e-03
6481,9000,SED_TCd,5.184829281176e-03
6481,9000,SEDWSSD_TCd,5.184829281176e-03
6481,9000,SEDSCRS_TCd,0.000000000000e+00
6481,9000,SO_TCu,5.184829281176e-01
6481,9000,IO_TCu,0.000000000000e+00
6481,9000,AO_TCu,0.000000000000e+00
6481,9000,PO_TCu,5.184829281176e-01
6481,9000,SED_TCu,5.184829281176e-01
6481,9000,SEDWSSD_TCu,5.184829281176e-01
6481,9000,SEDSCRS_TCu,0.000000000000e+00
6481,9000,SO_TPb,1.244359027482e-01
6481,9000,IO_TPb,0.000000000000e+00
6481,9000,AO_TPb,0.000000000000e+00
6481,9000,PO_TPb,1.244359027482e-01
6481,9000,SED_TPb,1.244359027482e-01
6481,9000,SEDWSSD_TPb,1.244359027482e-01
6481,9000,SEDSCRS_TPb,0.000000000000e+00
6481,9000,SO_TZn,7.466154164894e+00
6481,9000,IO_TZn,0.000000000000e+00
6481,9000,AO_TZn,0.000000000000e+00
6481,9000,PO_TZn,7.466154164894e+00
6481,9000,SED_TZn,7.466154164894e+00
6481,9000,SEDWSSD_TZn,7.466154164894e+00
6481,9000,SEDSCRS_TZn,0.000000000000e+00
6481,10000,AREA,7.655754999999e+00
6481,10000,PREC,8.714960611961e+01
6481,10000,SURO,1.994981641097e+02
6481,10000,IFWO,0.000000000000e+00
6481,10000,AGWO,0.000000000000e+00
6481,10000,PERO,1.994981641097e+02
6481,10000,TAET,1.114515657816e+02
6481,10000,SEDLOAD,3.390669620138e+00
6481,10000,SEDWSSD, 0.00000e+00
6481,10000,SEDSCRS, 0.00000e+00
6481,10000,SEDSURO, 3.39067e+00
6481,10000,SEDIFWO, 0.00000e+00
6481,10000,SEDAGWO, 0.00000e+00
6481,10000,SO_TN,1.808359444586e+02
6481,10000,IO_TN,0.000000000000e+00
6481,10000,AO_TN,0.000000000000e+00
6481,10000,PO_TN,1.808359444586e+02
6481,10000,SO_TP,1.808359444586e+01
6481,10000,IO_TP,0.000000000000e+00
6481,10000,AO_TP,0.000000000000e+00
6481,10000,PO_TP,1.808359444586e+01
6481,10000,SED_TP,0.000000000000e+00
6481,10000,SEDWSSD_TP,0.000000000000e+00
6481,10000,SEDSCRS_TP,0.000000000000e+00
6481,10000,SO_TCd,4.520898611466e-03
6481,10000,IO_TCd,0.000000000000e+00
6481,10000,AO_TCd,0.000000000000e+00
6481,10000,PO_TCd,4.520898611466e-03
6481,10000,SED_TCd,0.000000000000e+00
6481,10000,SEDWSSD_TCd,0.000000000000e+00
6481,10000,SEDSCRS_TCd,0.000000000000e+00
6481,10000,SO_TCu,1.130224652866e+00
6481,10000,IO_TCu,0.000000000000e+00
6481,10000,AO_TCu,0.000000000000e+00
6481,10000,PO_TCu,1.130224652866e+00
6481,10000,SED_TCu,0.000000000000e+00
6481,10000,SEDWSSD_TCu,0.000000000000e+00
6481,10000,SEDSCRS_TCu,0.000000000000e+00
6481,10000,SO_TPb,1.808359444586e-01
6481,10000,IO_TPb,0.000000000000e+00
6481,10000,AO_TPb,0.000000000000e+00
6481,10000,PO_TPb,1.808359444586e-01
6481,10000,SED_TPb,0.000000000000e+00
6481,10000,SEDWSSD_TPb,0.000000000000e+00
6481,10000,SEDSCRS_TPb,0.000000000000e+00
6481,10000,SO_TZn,3.616718889172e+00
6481,10000,IO_TZn,0.000000000000e+00
6481,10000,AO_TZn,0.000000000000e+00
6481,10000,PO_TZn,3.616718889172e+00
6481,10000,SED_TZn,0.000000000000e+00
6481,10000,SEDWSSD_TZn,0.000000000000e+00
6481,10000,SEDSCRS_TZn,0.000000000000e+00
6481,11111,AREA,0.000000000000e+00
6481,11111,PREC,0.000000000000e+00
6481,11111,SURO,0.000000000000e+00
6481,11111,IFWO,0.000000000000e+00
6481,11111,AGWO,0.000000000000e+00
6481,11111,PERO,0.000000000000e+00
6481,11111,TAET,0.000000000000e+00
6481,11111,SEDLOAD,0.000000000000e+00
6481,11111,SEDWSSD, 0.00000e+00
6481,11111,SEDSCRS, 0.00000e+00
6481,11111,SEDSURO, 0.00000e+00
6481,11111,SEDIFWO, 0.00000e+00
6481,11111,SEDAGWO, 0.00000e+00
6481,11111,SO_TN,0.000000000000e+00
6481,11111,IO_TN,0.000000000000e+00
6481,11111,AO_TN,0.000000000000e+00
6481,11111,PO_TN,0.000000000000e+00
6481,11111,SO_TP,0.000000000000e+00
6481,11111,IO_TP,0.000000000000e+00
6481,11111,AO_TP,0.000000000000e+00
6481,11111,PO_TP,0.000000000000e+00
6481,11111,SED_TP,0.000000000000e+00
6481,11111,SEDWSSD_TP,0.000000000000e+00
6481,11111,SEDSCRS_TP,0.000000000000e+00
6481,11111,SO_TCd,0.000000000000e+00
6481,11111,IO_TCd,0.000000000000e+00
6481,11111,AO_TCd,0.000000000000e+00
6481,11111,PO_TCd,0.000000000000e+00
6481,11111,SED_TCd,0.000000000000e+00
6481,11111,SEDWSSD_TCd,0.000000000000e+00
6481,11111,SEDSCRS_TCd,0.000000000000e+00
6481,11111,SO_TCu,0.000000000000e+00
6481,11111,IO_TCu,0.000000000000e+00
6481,11111,AO_TCu,0.000000000000e+00
6481,11111,PO_TCu,0.000000000000e+00
6481,11111,SED_TCu,0.000000000000e+00
6481,11111,SEDWSSD_TCu,0.000000000000e+00
6481,11111,SEDSCRS_TCu,0.000000000000e+00
6481,11111,SO_TPb,0.000000000000e+00
6481,11111,IO_TPb,0.000000000000e+00
6481,11111,AO_TPb,0.000000000000e+00
6481,11111,PO_TPb,0.000000000000e+00
6481,11111,SED_TPb,0.000000000000e+00
6481,11111,SEDWSSD_TPb,0.000000000000e+00
6481,11111,SEDSCRS_TPb,0.000000000000e+00
6481,11111,SO_TZn,0.000000000000e+00
6481,11111,IO_TZn,0.000000000000e+00
6481,11111,AO_TZn,0.000000000000e+00
6481,11111,PO_TZn,0.000000000000e+00
6481,11111,SED_TZn,0.000000000000e+00
6481,11111,SEDWSSD_TZn,0.000000000000e+00
6481,11111,SEDSCRS_TZn,0.000000000000e+00
6481,11112,AREA,0.000000000000e+00
6481,11112,PREC,0.000000000000e+00
6481,11112,SURO,0.000000000000e+00
6481,11112,IFWO,0.000000000000e+00
6481,11112,AGWO,0.000000000000e+00
6481,11112,PERO,0.000000000000e+00
6481,11112,TAET,0.000000000000e+00
6481,11112,SEDLOAD,0.000000000000e+00
6481,11112,SEDWSSD, 0.00000e+00
6481,11112,SEDSCRS, 0.00000e+00
6481,11112,SEDSURO, 0.00000e+00
6481,11112,SEDIFWO, 0.00000e+00
6481,11112,SEDAGWO, 0.00000e+00
6481,11112,SO_TN,0.000000000000e+00
6481,11112,IO_TN,0.000000000000e+00
6481,11112,AO_TN,0.000000000000e+00
6481,11112,PO_TN,0.000000000000e+00
6481,11112,SO_TP,0.000000000000e+00
6481,11112,IO_TP,0.000000000000e+00
6481,11112,AO_TP,0.000000000000e+00
6481,11112,PO_TP,0.000000000000e+00
6481,11112,SED_TP,0.000000000000e+00
6481,11112,SEDWSSD_TP,0.000000000000e+00
6481,11112,SEDSCRS_TP,0.000000000000e+00
6481,11112,SO_TCd,0.000000000000e+00
6481,11112,IO_TCd,0.000000000000e+00
6481,11112,AO_TCd,0.000000000000e+00
6481,11112,PO_TCd,0.000000000000e+00
6481,11112,SED_TCd,0.000000000000e+00
6481,11112,SEDWSSD_TCd,0.000000000000e+00
6481,11112,SEDSCRS_TCd,0.000000000000e+00
6481,11112,SO_TCu,0.000000000000e+00
6481,11112,IO_TCu,0.000000000000e+00
6481,11112,AO_TCu,0.000000000000e+00
6481,11112,PO_TCu,0.000000000000e+00
6481,11112,SED_TCu,0.000000000000e+00
6481,11112,SEDWSSD_TCu,0.000000000000e+00
6481,11112,SEDSCRS_TCu,0.000000000000e+00
6481,11112,SO_TPb,0.000000000000e+00
6481,11112,IO_TPb,0.000000000000e+00
6481,11112,AO_TPb,0.000000000000e+00
6481,11112,PO_TPb,0.000000000000e+00
6481,11112,SED_TPb,0.000000000000e+00
6481,11112,SEDWSSD_TPb,0.000000000000e+00
6481,11112,SEDSCRS_TPb,0.000000000000e+00
6481,11112,SO_TZn,0.000000000000e+00
6481,11112,IO_TZn,0.000000000000e+00
6481,11112,AO_TZn,0.000000000000e+00
6481,11112,PO_TZn,0.000000000000e+00
6481,11112,SED_TZn,0.000000000000e+00
6481,11112,SEDWSSD_TZn,0.000000000000e+00
6481,11112,SEDSCRS_TZn,0.000000000000e+00
6481,11121,AREA,0.000000000000e+00
6481,11121,PREC,0.000000000000e+00
6481,11121,SURO,0.000000000000e+00
6481,11121,IFWO,0.000000000000e+00
6481,11121,AGWO,0.000000000000e+00
6481,11121,PERO,0.000000000000e+00
6481,11121,TAET,0.000000000000e+00
6481,11121,SEDLOAD,0.000000000000e+00
6481,11121,SEDWSSD, 0.00000e+00
6481,11121,SEDSCRS, 0.00000e+00
6481,11121,SEDSURO, 0.00000e+00
6481,11121,SEDIFWO, 0.00000e+00
6481,11121,SEDAGWO, 0.00000e+00
6481,11121,SO_TN,0.000000000000e+00
6481,11121,IO_TN,0.000000000000e+00
6481,11121,AO_TN,0.000000000000e+00
6481,11121,PO_TN,0.000000000000e+00
6481,11121,SO_TP,0.000000000000e+00
6481,11121,IO_TP,0.000000000000e+00
6481,11121,AO_TP,0.000000000000e+00
6481,11121,PO_TP,0.000000000000e+00
6481,11121,SED_TP,0.000000000000e+00
6481,11121,SEDWSSD_TP,0.000000000000e+00
6481,11121,SEDSCRS_TP,0.000000000000e+00
6481,11121,SO_TCd,0.000000000000e+00
6481,11121,IO_TCd,0.000000000000e+00
6481,11121,AO_TCd,0.000000000000e+00
6481,11121,PO_TCd,0.000000000000e+00
6481,11121,SED_TCd,0.000000000000e+00
6481,11121,SEDWSSD_TCd,0.000000000000e+00
6481,11121,SEDSCRS_TCd,0.000000000000e+00
6481,11121,SO_TCu,0.000000000000e+00
6481,11121,IO_TCu,0.000000000000e+00
6481,11121,AO_TCu,0.000000000000e+00
6481,11121,PO_TCu,0.000000000000e+00
6481,11121,SED_TCu,0.000000000000e+00
6481,11121,SEDWSSD_TCu,0.000000000000e+00
6481,11121,SEDSCRS_TCu,0.000000000000e+00
6481,11121,SO_TPb,0.000000000000e+00
6481,11121,IO_TPb,0.000000000000e+00
6481,11121,AO_TPb,0.000000000000e+00
6481,11121,PO_TPb,0.000000000000e+00
6481,11121,SED_TPb,0.000000000000e+00
6481,11121,SEDWSSD_TPb,0.000000000000e+00
6481,11121,SEDSCRS_TPb,0.000000000000e+00
6481,11121,SO_TZn,0.000000000000e+00
6481,11121,IO_TZn,0.000000000000e+00
6481,11121,AO_TZn,0.000000000000e+00
6481,11121,PO_TZn,0.000000000000e+00
6481,11121,SED_TZn,0.000000000000e+00
6481,11121,SEDWSSD_TZn,0.000000000000e+00
6481,11121,SEDSCRS_TZn,0.000000000000e+00
6481,11122,AREA,0.000000000000e+00
6481,11122,PREC,0.000000000000e+00
6481,11122,SURO,0.000000000000e+00
6481,11122,IFWO,0.000000000000e+00
6481,11122,AGWO,0.000000000000e+00
6481,11122,PERO,0.000000000000e+00
6481,11122,TAET,0.000000000000e+00
6481,11122,SEDLOAD,0.000000000000e+00
6481,11122,SEDWSSD, 0.00000e+00
6481,11122,SEDSCRS, 0.00000e+00
6481,11122,SEDSURO, 0.00000e+00
6481,11122,SEDIFWO, 0.00000e+00
6481,11122,SEDAGWO, 0.00000e+00
6481,11122,SO_TN,0.000000000000e+00
6481,11122,IO_TN,0.000000000000e+00
6481,11122,AO_TN,0.000000000000e+00
6481,11122,PO_TN,0.000000000000e+00
6481,11122,SO_TP,0.000000000000e+00
6481,11122,IO_TP,0.000000000000e+00
6481,11122,AO_TP,0.000000000000e+00
6481,11122,PO_TP,0.000000000000e+00
6481,11122,SED_TP,0.000000000000e+00
6481,11122,SEDWSSD_TP,0.000000000000e+00
6481,11122,SEDSCRS_TP,0.000000000000e+00
6481,11122,SO_TCd,0.000000000000e+00
6481,11122,IO_TCd,0.000000000000e+00
6481,11122,AO_TCd,0.000000000000e+00
6481,11122,PO_TCd,0.000000000000e+00
6481,11122,SED_TCd,0.000000000000e+00
6481,11122,SEDWSSD_TCd,0.000000000000e+00
6481,11122,SEDSCRS_TCd,0.000000000000e+00
6481,11122,SO_TCu,0.000000000000e+00
6481,11122,IO_TCu,0.000000000000e+00
6481,11122,AO_TCu,0.000000000000e+00
6481,11122,PO_TCu,0.000000000000e+00
6481,11122,SED_TCu,0.000000000000e+00
6481,11122,SEDWSSD_TCu,0.000000000000e+00
6481,11122,SEDSCRS_TCu,0.000000000000e+00
6481,11122,SO_TPb,0.000000000000e+00
6481,11122,IO_TPb,0.000000000000e+00
6481,11122,AO_TPb,0.000000000000e+00
6481,11122,PO_TPb,0.000000000000e+00
6481,11122,SED_TPb,0.000000000000e+00
6481,11122,SEDWSSD_TPb,0.000000000000e+00
6481,11122,SEDSCRS_TPb,0.000000000000e+00
6481,11122,SO_TZn,0.000000000000e+00
6481,11122,IO_TZn,0.000000000000e+00
6481,11122,AO_TZn,0.000000000000e+00
6481,11122,PO_TZn,0.000000000000e+00
6481,11122,SED_TZn,0.000000000000e+00
6481,11122,SEDWSSD_TZn,0.000000000000e+00
6481,11122,SEDSCRS_TZn,0.000000000000e+00
6481,11211,AREA,9.505791999989e+00
6481,11211,PREC,1.082095794151e+02
6481,11211,SURO,1.488189580434e+01
6481,11211,IFWO,8.955558880338e+00
6481,11211,AGWO,1.134383775734e+02
6481,11211,PERO,1.372758322581e+02
6481,11211,TAET,2.467361815513e+02
6481,11211,SEDLOAD,4.426774922712e-01
6481,11211,SEDWSSD, 4.28809e-01
6481,11211,SEDSCRS, 0.00000e+00
6481,11211,SEDSURO, 0.00000e+00
6481,11211,SEDIFWO, 1.01472e-03
6481,11211,SEDAGWO, 1.28533e-02
6481,11211,SO_TN,6.958499897309e+00
6481,11211,IO_TN,2.029450941952e+00
6481,11211,AO_TN,7.712001851453e+00
6481,11211,PO_TN,1.669995269071e+01
6481,11211,SO_TP,8.576188962513e-01
6481,11211,IO_TP,8.117803767810e-01
6481,11211,AO_TP,5.141334567636e+00
6481,11211,PO_TP,6.810733840668e+00
6481,11211,SED_TP,8.576188962513e-01
6481,11211,SEDWSSD_TP,8.576188962513e-01
6481,11211,SEDSCRS_TP,0.000000000000e+00
6481,11211,SO_TCd,2.144047240628e-03
6481,11211,IO_TCd,0.000000000000e+00
6481,11211,AO_TCd,0.000000000000e+00
6481,11211,PO_TCd,2.144047240628e-03
6481,11211,SED_TCd,2.144047240628e-03
6481,11211,SEDWSSD_TCd,2.144047240628e-03
6481,11211,SEDSCRS_TCd,0.000000000000e+00
6481,11211,SO_TCu,2.144047240628e-01
6481,11211,IO_TCu,0.000000000000e+00
6481,11211,AO_TCu,0.000000000000e+00
6481,11211,PO_TCu,2.144047240628e-01
6481,11211,SED_TCu,2.144047240628e-01
6481,11211,SEDWSSD_TCu,2.144047240628e-01
6481,11211,SEDSCRS_TCu,0.000000000000e+00
6481,11211,SO_TPb,4.288094481257e-03
6481,11211,IO_TPb,0.000000000000e+00
6481,11211,AO_TPb,0.000000000000e+00
6481,11211,PO_TPb,4.288094481257e-03
6481,11211,SED_TPb,4.288094481257e-03
6481,11211,SEDWSSD_TPb,4.288094481257e-03
6481,11211,SEDSCRS_TPb,0.000000000000e+00
6481,11211,SO_TZn,1.543714013252e+00
6481,11211,IO_TZn,0.000000000000e+00
6481,11211,AO_TZn,1.285333641909e+00
6481,11211,PO_TZn,2.829047655161e+00
6481,11211,SED_TZn,1.543714013252e+00
6481,11211,SEDWSSD_TZn,1.543714013252e+00
6481,11211,SEDSCRS_TZn,0.000000000000e+00
6481,11212,AREA,2.330797400000e+01
6481,11212,PREC,2.653272934604e+02
6481,11212,SURO,3.252095549553e+01
6481,11212,IFWO,2.350542868783e+01
6481,11212,AGWO,1.962817438217e+02
6481,11212,PERO,2.523081280051e+02
6481,11212,TAET,6.051130263537e+02
6481,11212,SEDLOAD,1.056639855220e+00
6481,11212,SEDWSSD, 1.03174e+00
6481,11212,SEDSCRS, 0.00000e+00
6481,11212,SEDSURO, 0.00000e+00
6481,11212,SEDIFWO, 2.66332e-03
6481,11212,SEDAGWO, 2.22400e-02
6481,11212,SO_TN,1.583735966827e+01
6481,11212,IO_TN,5.326648512829e+00
6481,11212,AO_TN,1.334403051366e+01
6481,11212,PO_TN,3.450803869476e+01
6481,11212,SO_TP,2.063473023944e+00
6481,11212,IO_TP,2.130659405132e+00
6481,11212,AO_TP,8.896020342440e+00
6481,11212,PO_TP,1.309015277152e+01
6481,11212,SED_TP,2.063473023944e+00
6481,11212,SEDWSSD_TP,2.063473023944e+00
6481,11212,SEDSCRS_TP,0.000000000000e+00
6481,11212,SO_TCd,5.158682559861e-03
6481,11212,IO_TCd,0.000000000000e+00
6481,11212,AO_TCd,0.000000000000e+00
6481,11212,PO_TCd,5.158682559861e-03
6481,11212,SED_TCd,5.158682559861e-03
6481,11212,SEDWSSD_TCd,5.158682559861e-03
6481,11212,SEDSCRS_TCd,0.000000000000e+00
6481,11212,SO_TCu,5.158682559861e-01
6481,11212,IO_TCu,0.000000000000e+00
6481,11212,AO_TCu,0.000000000000e+00
6481,11212,PO_TCu,5.158682559861e-01
6481,11212,SED_TCu,5.158682559861e-01
6481,11212,SEDWSSD_TCu,5.158682559861e-01
6481,11212,SEDSCRS_TCu,0.000000000000e+00
6481,11212,SO_TPb,1.031736511972e-02
6481,11212,IO_TPb,0.000000000000e+00
6481,11212,AO_TPb,0.000000000000e+00
6481,11212,PO_TPb,1.031736511972e-02
6481,11212,SED_TPb,1.031736511972e-02
6481,11212,SEDWSSD_TPb,1.031736511972e-02
6481,11212,SEDSCRS_TPb,0.000000000000e+00
6481,11212,SO_TZn,3.714251443100e+00
6481,11212,IO_TZn,0.000000000000e+00
6481,11212,AO_TZn,2.224005085610e+00
6481,11212,PO_TZn,5.938256528710e+00
6481,11212,SED_TZn,3.714251443100e+00
6481,11212,SEDWSSD_TZn,3.714251443100e+00
6481,11212,SEDSCRS_TZn,0.000000000000e+00
6481,11221,AREA,1.027534699999e+01
6481,11221,PREC,1.169698408312e+02
6481,11221,SURO,1.857410110588e+01
6481,11221,IFWO,9.386807766739e+00
6481,11221,AGWO,1.220225873261e+02
6481,11221,PERO,1.499834961987e+02
6481,11221,TAET,2.653971256107e+02
6481,11221,SEDLOAD,5.324736487954e-01
6481,11221,SEDWSSD, 5.17584e-01
6481,11221,SEDSCRS, 0.00000e+00
6481,11221,SEDSURO, 0.00000e+00
6481,11221,SEDIFWO, 1.06359e-03
6481,11221,SEDAGWO, 1.38260e-02
6481,11221,SO_TN,8.311589193057e+00
6481,11221,IO_TN,2.127177780714e+00
6481,11221,AO_TN,8.295591311409e+00
6481,11221,PO_TN,1.873435828518e+01
6481,11221,SO_TP,1.035168186875e+00
6481,11221,IO_TP,8.508711122858e-01
6481,11221,AO_TP,5.530394207606e+00
6481,11221,PO_TP,7.416433506767e+00
6481,11221,SED_TP,1.035168186875e+00
6481,11221,SEDWSSD_TP,1.035168186875e+00
6481,11221,SEDSCRS_TP,0.000000000000e+00
6481,11221,SO_TCd,2.587920467188e-03
6481,11221,IO_TCd,0.000000000000e+00
6481,11221,AO_TCd,0.000000000000e+00
6481,11221,PO_TCd,2.587920467188e-03
6481,11221,SED_TCd,2.587920467188e-03
6481,11221,SEDWSSD_TCd,2.587920467188e-03
6481,11221,SEDSCRS_TCd,0.000000000000e+00
6481,11221,SO_TCu,2.587920467188e-01
6481,11221,IO_TCu,0.000000000000e+00
6481,11221,AO_TCu,0.000000000000e+00
6481,11221,PO_TCu,2.587920467188e-01
6481,11221,SED_TCu,2.587920467188e-01
6481,11221,SEDWSSD_TCu,2.587920467188e-01
6481,11221,SEDSCRS_TCu,0.000000000000e+00
6481,11221,SO_TPb,5.175840934376e-03
6481,11221,IO_TPb,0.000000000000e+00
6481,11221,AO_TPb,0.000000000000e+00
6481,11221,PO_TPb,5.175840934376e-03
6481,11221,SED_TPb,5.175840934376e-03
6481,11221,SEDWSSD_TPb,5.175840934376e-03
6481,11221,SEDSCRS_TPb,0.000000000000e+00
6481,11221,SO_TZn,1.863302736375e+00
6481,11221,IO_TZn,0.000000000000e+00
6481,11221,AO_TZn,1.382598551901e+00
6481,11221,PO_TZn,3.245901288277e+00
6481,11221,SED_TZn,1.863302736375e+00
6481,11221,SEDWSSD_TZn,1.863302736375e+00
6481,11221,SEDSCRS_TZn,0.000000000000e+00
6481,11222,AREA,0.000000000000e+00
6481,11222,PREC,0.000000000000e+00
6481,11222,SURO,0.000000000000e+00
6481,11222,IFWO,0.000000000000e+00
6481,11222,AGWO,0.000000000000e+00
6481,11222,PERO,0.000000000000e+00
6481,11222,TAET,0.000000000000e+00
6481,11222,SEDLOAD,0.000000000000e+00
6481,11222,SEDWSSD, 0.00000e+00
6481,11222,SEDSCRS, 0.00000e+00
6481,11222,SEDSURO, 0.00000e+00
6481,11222,SEDIFWO, 0.00000e+00
6481,11222,SEDAGWO, 0.00000e+00
6481,11222,SO_TN,0.000000000000e+00
6481,11222,IO_TN,0.000000000000e+00
6481,11222,AO_TN,0.000000000000e+00
6481,11222,PO_TN,0.000000000000e+00
6481,11222,SO_TP,0.000000000000e+00
6481,11222,IO_TP,0.000000000000e+00
6481,11222,AO_TP,0.000000000000e+00
6481,11222,PO_TP,0.000000000000e+00
6481,11222,SED_TP,0.000000000000e+00
6481,11222,SEDWSSD_TP,0.000000000000e+00
6481,11222,SEDSCRS_TP,0.000000000000e+00
6481,11222,SO_TCd,0.000000000000e+00
6481,11222,IO_TCd,0.000000000000e+00
6481,11222,AO_TCd,0.000000000000e+00
6481,11222,PO_TCd,0.000000000000e+00
6481,11222,SED_TCd,0.000000000000e+00
6481,11222,SEDWSSD_TCd,0.000000000000e+00
6481,11222,SEDSCRS_TCd,0.000000000000e+00
6481,11222,SO_TCu,0.000000000000e+00
6481,11222,IO_TCu,0.000000000000e+00
6481,11222,AO_TCu,0.000000000000e+00
6481,11222,PO_TCu,0.000000000000e+00
6481,11222,SED_TCu,0.000000000000e+00
6481,11222,SEDWSSD_TCu,0.000000000000e+00
6481,11222,SEDSCRS_TCu,0.000000000000e+00
6481,11222,SO_TPb,0.000000000000e+00
6481,11222,IO_TPb,0.000000000000e+00
6481,11222,AO_TPb,0.000000000000e+00
6481,11222,PO_TPb,0.000000000000e+00
6481,11222,SED_TPb,0.000000000000e+00
6481,11222,SEDWSSD_TPb,0.000000000000e+00
6481,11222,SEDSCRS_TPb,0.000000000000e+00
6481,11222,SO_TZn,0.000000000000e+00
6481,11222,IO_TZn,0.000000000000e+00
6481,11222,AO_TZn,0.000000000000e+00
6481,11222,PO_TZn,0.000000000000e+00
6481,11222,SED_TZn,0.000000000000e+00
6481,11222,SEDWSSD_TZn,0.000000000000e+00
6481,11222,SEDSCRS_TZn,0.000000000000e+00
6481,11311,AREA,0.000000000000e+00
6481,11311,PREC,0.000000000000e+00
6481,11311,SURO,0.000000000000e+00
6481,11311,IFWO,0.000000000000e+00
6481,11311,AGWO,0.000000000000e+00
6481,11311,PERO,0.000000000000e+00
6481,11311,TAET,0.000000000000e+00
6481,11311,SEDLOAD,0.000000000000e+00
6481,11311,SEDWSSD, 0.00000e+00
6481,11311,SEDSCRS, 0.00000e+00
6481,11311,SEDSURO, 0.00000e+00
6481,11311,SEDIFWO, 0.00000e+00
6481,11311,SEDAGWO, 0.00000e+00
6481,11311,SO_TN,0.000000000000e+00
6481,11311,IO_TN,0.000000000000e+00
6481,11311,AO_TN,0.000000000000e+00
6481,11311,PO_TN,0.000000000000e+00
6481,11311,SO_TP,0.000000000000e+00
6481,11311,IO_TP,0.000000000000e+00
6481,11311,AO_TP,0.000000000000e+00
6481,11311,PO_TP,0.000000000000e+00
6481,11311,SED_TP,0.000000000000e+00
6481,11311,SEDWSSD_TP,0.000000000000e+00
6481,11311,SEDSCRS_TP,0.000000000000e+00
6481,11311,SO_TCd,0.000000000000e+00
6481,11311,IO_TCd,0.000000000000e+00
6481,11311,AO_TCd,0.000000000000e+00
6481,11311,PO_TCd,0.000000000000e+00
6481,11311,SED_TCd,0.000000000000e+00
6481,11311,SEDWSSD_TCd,0.000000000000e+00
6481,11311,SEDSCRS_TCd,0.000000000000e+00
6481,11311,SO_TCu,0.000000000000e+00
6481,11311,IO_TCu,0.000000000000e+00
6481,11311,AO_TCu,0.000000000000e+00
6481,11311,PO_TCu,0.000000000000e+00
6481,11311,SED_TCu,0.000000000000e+00
6481,11311,SEDWSSD_TCu,0.000000000000e+00
6481,11311,SEDSCRS_TCu,0.000000000000e+00
6481,11311,SO_TPb,0.000000000000e+00
6481,11311,IO_TPb,0.000000000000e+00
6481,11311,AO_TPb,0.000000000000e+00
6481,11311,PO_TPb,0.000000000000e+00
6481,11311,SED_TPb,0.000000000000e+00
6481,11311,SEDWSSD_TPb,0.000000000000e+00
6481,11311,SEDSCRS_TPb,0.000000000000e+00
6481,11311,SO_TZn,0.000000000000e+00
6481,11311,IO_TZn,0.000000000000e+00
6481,11311,AO_TZn,0.000000000000e+00
6481,11311,PO_TZn,0.000000000000e+00
6481,11311,SED_TZn,0.000000000000e+00
6481,11311,SEDWSSD_TZn,0.000000000000e+00
6481,11311,SEDSCRS_TZn,0.000000000000e+00
6481,11312,AREA,0.000000000000e+00
6481,11312,PREC,0.000000000000e+00
6481,11312,SURO,0.000000000000e+00
6481,11312,IFWO,0.000000000000e+00
6481,11312,AGWO,0.000000000000e+00
6481,11312,PERO,0.000000000000e+00
6481,11312,TAET,0.000000000000e+00
6481,11312,SEDLOAD,0.000000000000e+00
6481,11312,SEDWSSD, 0.00000e+00
6481,11312,SEDSCRS, 0.00000e+00
6481,11312,SEDSURO, 0.00000e+00
6481,11312,SEDIFWO, 0.00000e+00
6481,11312,SEDAGWO, 0.00000e+00
6481,11312,SO_TN,0.000000000000e+00
6481,11312,IO_TN,0.000000000000e+00
6481,11312,AO_TN,0.000000000000e+00
6481,11312,PO_TN,0.000000000000e+00
6481,11312,SO_TP,0.000000000000e+00
6481,11312,IO_TP,0.000000000000e+00
6481,11312,AO_TP,0.000000000000e+00
6481,11312,PO_TP,0.000000000000e+00
6481,11312,SED_TP,0.000000000000e+00
6481,11312,SEDWSSD_TP,0.000000000000e+00
6481,11312,SEDSCRS_TP,0.000000000000e+00
6481,11312,SO_TCd,0.000000000000e+00
6481,11312,IO_TCd,0.000000000000e+00
6481,11312,AO_TCd,0.000000000000e+00
6481,11312,PO_TCd,0.000000000000e+00
6481,11312,SED_TCd,0.000000000000e+00
6481,11312,SEDWSSD_TCd,0.000000000000e+00
6481,11312,SEDSCRS_TCd,0.000000000000e+00
6481,11312,SO_TCu,0.000000000000e+00
6481,11312,IO_TCu,0.000000000000e+00
6481,11312,AO_TCu,0.000000000000e+00
6481,11312,PO_TCu,0.000000000000e+00
6481,11312,SED_TCu,0.000000000000e+00
6481,11312,SEDWSSD_TCu,0.000000000000e+00
6481,11312,SEDSCRS_TCu,0.000000000000e+00
6481,11312,SO_TPb,0.000000000000e+00
6481,11312,IO_TPb,0.000000000000e+00
6481,11312,AO_TPb,0.000000000000e+00
6481,11312,PO_TPb,0.000000000000e+00
6481,11312,SED_TPb,0.000000000000e+00
6481,11312,SEDWSSD_TPb,0.000000000000e+00
6481,11312,SEDSCRS_TPb,0.000000000000e+00
6481,11312,SO_TZn,0.000000000000e+00
6481,11312,IO_TZn,0.000000000000e+00
6481,11312,AO_TZn,0.000000000000e+00
6481,11312,PO_TZn,0.000000000000e+00
6481,11312,SED_TZn,0.000000000000e+00
6481,11312,SEDWSSD_TZn,0.000000000000e+00
6481,11312,SEDSCRS_TZn,0.000000000000e+00
6481,11321,AREA,0.000000000000e+00
6481,11321,PREC,0.000000000000e+00
6481,11321,SURO,0.000000000000e+00
6481,11321,IFWO,0.000000000000e+00
6481,11321,AGWO,0.000000000000e+00
6481,11321,PERO,0.000000000000e+00
6481,11321,TAET,0.000000000000e+00
6481,11321,SEDLOAD,0.000000000000e+00
6481,11321,SEDWSSD, 0.00000e+00
6481,11321,SEDSCRS, 0.00000e+00
6481,11321,SEDSURO, 0.00000e+00
6481,11321,SEDIFWO, 0.00000e+00
6481,11321,SEDAGWO, 0.00000e+00
6481,11321,SO_TN,0.000000000000e+00
6481,11321,IO_TN,0.000000000000e+00
6481,11321,AO_TN,0.000000000000e+00
6481,11321,PO_TN,0.000000000000e+00
6481,11321,SO_TP,0.000000000000e+00
6481,11321,IO_TP,0.000000000000e+00
6481,11321,AO_TP,0.000000000000e+00
6481,11321,PO_TP,0.000000000000e+00
6481,11321,SED_TP,0.000000000000e+00
6481,11321,SEDWSSD_TP,0.000000000000e+00
6481,11321,SEDSCRS_TP,0.000000000000e+00
6481,11321,SO_TCd,0.000000000000e+00
6481,11321,IO_TCd,0.000000000000e+00
6481,11321,AO_TCd,0.000000000000e+00
6481,11321,PO_TCd,0.000000000000e+00
6481,11321,SED_TCd,0.000000000000e+00
6481,11321,SEDWSSD_TCd,0.000000000000e+00
6481,11321,SEDSCRS_TCd,0.000000000000e+00
6481,11321,SO_TCu,0.000000000000e+00
6481,11321,IO_TCu,0.000000000000e+00
6481,11321,AO_TCu,0.000000000000e+00
6481,11321,PO_TCu,0.000000000000e+00
6481,11321,SED_TCu,0.000000000000e+00
6481,11321,SEDWSSD_TCu,0.000000000000e+00
6481,11321,SEDSCRS_TCu,0.000000000000e+00
6481,11321,SO_TPb,0.000000000000e+00
6481,11321,IO_TPb,0.000000000000e+00
6481,11321,AO_TPb,0.000000000000e+00
6481,11321,PO_TPb,0.000000000000e+00
6481,11321,SED_TPb,0.000000000000e+00
6481,11321,SEDWSSD_TPb,0.000000000000e+00
6481,11321,SEDSCRS_TPb,0.000000000000e+00
6481,11321,SO_TZn,0.000000000000e+00
6481,11321,IO_TZn,0.000000000000e+00
6481,11321,AO_TZn,0.000000000000e+00
6481,11321,PO_TZn,0.000000000000e+00
6481,11321,SED_TZn,0.000000000000e+00
6481,11321,SEDWSSD_TZn,0.000000000000e+00
6481,11321,SEDSCRS_TZn,0.000000000000e+00
6481,11322,AREA,0.000000000000e+00
6481,11322,PREC,0.000000000000e+00
6481,11322,SURO,0.000000000000e+00
6481,11322,IFWO,0.000000000000e+00
6481,11322,AGWO,0.000000000000e+00
6481,11322,PERO,0.000000000000e+00
6481,11322,TAET,0.000000000000e+00
6481,11322,SEDLOAD,0.000000000000e+00
6481,11322,SEDWSSD, 0.00000e+00
6481,11322,SEDSCRS, 0.00000e+00
6481,11322,SEDSURO, 0.00000e+00
6481,11322,SEDIFWO, 0.00000e+00
6481,11322,SEDAGWO, 0.00000e+00
6481,11322,SO_TN,0.000000000000e+00
6481,11322,IO_TN,0.000000000000e+00
6481,11322,AO_TN,0.000000000000e+00
6481,11322,PO_TN,0.000000000000e+00
6481,11322,SO_TP,0.000000000000e+00
6481,11322,IO_TP,0.000000000000e+00
6481,11322,AO_TP,0.000000000000e+00
6481,11322,PO_TP,0.000000000000e+00
6481,11322,SED_TP,0.000000000000e+00
6481,11322,SEDWSSD_TP,0.000000000000e+00
6481,11322,SEDSCRS_TP,0.000000000000e+00
6481,11322,SO_TCd,0.000000000000e+00
6481,11322,IO_TCd,0.000000000000e+00
6481,11322,AO_TCd,0.000000000000e+00
6481,11322,PO_TCd,0.000000000000e+00
6481,11322,SED_TCd,0.000000000000e+00
6481,11322,SEDWSSD_TCd,0.000000000000e+00
6481,11322,SEDSCRS_TCd,0.000000000000e+00
6481,11322,SO_TCu,0.000000000000e+00
6481,11322,IO_TCu,0.000000000000e+00
6481,11322,AO_TCu,0.000000000000e+00
6481,11322,PO_TCu,0.000000000000e+00
6481,11322,SED_TCu,0.000000000000e+00
6481,11322,SEDWSSD_TCu,0.000000000000e+00
6481,11322,SEDSCRS_TCu,0.000000000000e+00
6481,11322,SO_TPb,0.000000000000e+00
6481,11322,IO_TPb,0.000000000000e+00
6481,11322,AO_TPb,0.000000000000e+00
6481,11322,PO_TPb,0.000000000000e+00
6481,11322,SED_TPb,0.000000000000e+00
6481,11322,SEDWSSD_TPb,0.000000000000e+00
6481,11322,SEDSCRS_TPb,0.000000000000e+00
6481,11322,SO_TZn,0.000000000000e+00
6481,11322,IO_TZn,0.000000000000e+00
6481,11322,AO_TZn,0.000000000000e+00
6481,11322,PO_TZn,0.000000000000e+00
6481,11322,SED_TZn,0.000000000000e+00
6481,11322,SEDWSSD_TZn,0.000000000000e+00
6481,11322,SEDSCRS_TZn,0.000000000000e+00
6481,11411,AREA,1.717027700000e+01
6481,11411,PREC,1.954585638536e+02
6481,11411,SURO,8.492752401817e+01
6481,11411,IFWO,1.442125648415e+01
6481,11411,AGWO,1.425319688446e+02
6481,11411,PERO,2.418807493469e+02
6481,11411,TAET,4.513257565249e+02
6481,11411,SEDLOAD,5.422041259677e-01
6481,11411,SEDWSSD, 5.24420e-01
6481,11411,SEDSCRS, 0.00000e+00
6481,11411,SEDSURO, 0.00000e+00
6481,11411,SEDIFWO, 1.63402e-03
6481,11411,SEDAGWO, 1.61498e-02
6481,11411,SO_TN,2.295739883140e+01
6481,11411,IO_TN,3.268052049789e+00
6481,11411,AO_TN,9.689902404584e+00
6481,11411,PO_TN,3.591535328578e+01
6481,11411,SO_TP,1.048840570714e+00
6481,11411,IO_TP,1.307220819916e+00
6481,11411,AO_TP,6.459934936389e+00
6481,11411,PO_TP,8.815996327018e+00
6481,11411,SED_TP,1.048840570714e+00
6481,11411,SEDWSSD_TP,1.048840570714e+00
6481,11411,SEDSCRS_TP,0.000000000000e+00
6481,11411,SO_TCd,2.622101426784e-03
6481,11411,IO_TCd,0.000000000000e+00
6481,11411,AO_TCd,0.000000000000e+00
6481,11411,PO_TCd,2.622101426784e-03
6481,11411,SED_TCd,2.622101426784e-03
6481,11411,SEDWSSD_TCd,2.622101426784e-03
6481,11411,SEDSCRS_TCd,0.000000000000e+00
6481,11411,SO_TCu,2.622101426784e-01
6481,11411,IO_TCu,0.000000000000e+00
6481,11411,AO_TCu,0.000000000000e+00
6481,11411,PO_TCu,2.622101426784e-01
6481,11411,SED_TCu,2.622101426784e-01
6481,11411,SEDWSSD_TCu,2.622101426784e-01
6481,11411,SEDSCRS_TCu,0.000000000000e+00
6481,11411,SO_TPb,5.244202853568e-03
6481,11411,IO_TPb,0.000000000000e+00
6481,11411,AO_TPb,0.000000000000e+00
6481,11411,PO_TPb,5.244202853568e-03
6481,11411,SED_TPb,5.244202853568e-03
6481,11411,SEDWSSD_TPb,5.244202853568e-03
6481,11411,SEDSCRS_TPb,0.000000000000e+00
6481,11411,SO_TZn,1.887913027284e+00
6481,11411,IO_TZn,0.000000000000e+00
6481,11411,AO_TZn,1.614983734097e+00
6481,11411,PO_TZn,3.502896761382e+00
6481,11411,SED_TZn,1.887913027284e+00
6481,11411,SEDWSSD_TZn,1.887913027284e+00
6481,11411,SEDSCRS_TZn,0.000000000000e+00
6481,11412,AREA,2.575412799998e+01
6481,11412,PREC,2.931731894704e+02
6481,11412,SURO,1.250883960098e+02
6481,11412,IFWO,2.226547380515e+01
6481,11412,AGWO,1.506456776120e+02
6481,11412,PERO,2.979995474270e+02
6481,11412,TAET,6.771305012812e+02
6481,11412,SEDLOAD,8.047581351004e-01
6481,11412,SEDWSSD, 7.85166e-01
6481,11412,SEDSCRS, 0.00000e+00
6481,11412,SEDSURO, 0.00000e+00
6481,11412,SEDIFWO, 2.52283e-03
6481,11412,SEDAGWO, 1.70692e-02
6481,11412,SO_TN,3.405605178830e+01
6481,11412,IO_TN,5.045657941694e+00
6481,11412,AO_TN,1.024150529573e+01
6481,11412,PO_TN,4.934321502573e+01
6481,11412,SO_TP,1.570332311410e+00
6481,11412,IO_TP,2.018263176678e+00
6481,11412,AO_TP,6.827670197156e+00
6481,11412,PO_TP,1.041626568524e+01
6481,11412,SED_TP,1.570332311410e+00
6481,11412,SEDWSSD_TP,1.570332311410e+00
6481,11412,SEDSCRS_TP,0.000000000000e+00
6481,11412,SO_TCd,3.925830778526e-03
6481,11412,IO_TCd,0.000000000000e+00
6481,11412,AO_TCd,0.000000000000e+00
6481,11412,PO_TCd,3.925830778526e-03
6481,11412,SED_TCd,3.925830778526e-03
6481,11412,SEDWSSD_TCd,3.925830778526e-03
6481,11412,SEDSCRS_TCd,0.000000000000e+00
6481,11412,SO_TCu,3.925830778526e-01
6481,11412,IO_TCu,0.000000000000e+00
6481,11412,AO_TCu,0.000000000000e+00
6481,11412,PO_TCu,3.925830778526e-01
6481,11412,SED_TCu,3.925830778526e-01
6481,11412,SEDWSSD_TCu,3.925830778526e-01
6481,11412,SEDSCRS_TCu,0.000000000000e+00
6481,11412,SO_TPb,7.851661557051e-03
6481,11412,IO_TPb,0.000000000000e+00
6481,11412,AO_TPb,0.000000000000e+00
6481,11412,PO_TPb,7.851661557051e-03
6481,11412,SED_TPb,7.851661557051e-03
6481,11412,SEDWSSD_TPb,7.851661557051e-03
6481,11412,SEDSCRS_TPb,0.000000000000e+00
6481,11412,SO_TZn,2.826598160539e+00
6481,11412,IO_TZn,0.000000000000e+00
6481,11412,AO_TZn,1.706917549289e+00
6481,11412,PO_TZn,4.533515709828e+00
6481,11412,SED_TZn,2.826598160539e+00
6481,11412,SEDWSSD_TZn,2.826598160539e+00
6481,11412,SEDSCRS_TZn,0.000000000000e+00
6481,11421,AREA,5.842073999997e+01
6481,11421,PREC,6.650349286539e+02
6481,11421,SURO,3.087392127628e+02
6481,11421,IFWO,4.547017559546e+01
6481,11421,AGWO,4.787893707503e+02
6481,11421,PERO,8.329987591085e+02
6481,11421,TAET,1.527588669514e+03
6481,11421,SEDLOAD,1.516387211597e+00
6481,11421,SEDWSSD, 1.45699e+00
6481,11421,SEDSCRS, 0.00000e+00
6481,11421,SEDSURO, 0.00000e+00
6481,11421,SEDIFWO, 5.15207e-03
6481,11421,SEDAGWO, 5.42500e-02
6481,11421,SO_TN,8.072985886705e+01
6481,11421,IO_TN,1.030415766631e+01
6481,11421,AO_TN,3.255004693005e+01
6481,11421,PO_TN,1.235840634634e+02
6481,11421,SO_TP,2.913970261108e+00
6481,11421,IO_TP,4.121663066525e+00
6481,11421,AO_TP,2.170003128670e+01
6481,11421,PO_TP,2.873566461433e+01
6481,11421,SED_TP,2.913970261108e+00
6481,11421,SEDWSSD_TP,2.913970261108e+00
6481,11421,SEDSCRS_TP,0.000000000000e+00
6481,11421,SO_TCd,7.284925652770e-03
6481,11421,IO_TCd,0.000000000000e+00
6481,11421,AO_TCd,0.000000000000e+00
6481,11421,PO_TCd,7.284925652770e-03
6481,11421,SED_TCd,7.284925652770e-03
6481,11421,SEDWSSD_TCd,7.284925652770e-03
6481,11421,SEDSCRS_TCd,0.000000000000e+00
6481,11421,SO_TCu,7.284925652769e-01
6481,11421,IO_TCu,0.000000000000e+00
6481,11421,AO_TCu,0.000000000000e+00
6481,11421,PO_TCu,7.284925652769e-01
6481,11421,SED_TCu,7.284925652769e-01
6481,11421,SEDWSSD_TCu,7.284925652769e-01
6481,11421,SEDSCRS_TCu,0.000000000000e+00
6481,11421,SO_TPb,1.456985130554e-02
6481,11421,IO_TPb,0.000000000000e+00
6481,11421,AO_TPb,0.000000000000e+00
6481,11421,PO_TPb,1.456985130554e-02
6481,11421,SED_TPb,1.456985130554e-02
6481,11421,SEDWSSD_TPb,1.456985130554e-02
6481,11421,SEDSCRS_TPb,0.000000000000e+00
6481,11421,SO_TZn,5.245146469994e+00
6481,11421,IO_TZn,0.000000000000e+00
6481,11421,AO_TZn,5.425007821675e+00
6481,11421,PO_TZn,1.067015429167e+01
6481,11421,SED_TZn,5.245146469994e+00
6481,11421,SEDWSSD_TZn,5.245146469994e+00
6481,11421,SEDSCRS_TZn,0.000000000000e+00
6481,11422,AREA,8.680848999997e+00
6481,11422,PREC,9.881880639256e+01
6481,11422,SURO,4.603498334853e+01
6481,11422,IFWO,6.708286773909e+00
6481,11422,AGWO,4.973069833293e+01
6481,11422,PERO,1.024739684554e+02
6481,11422,TAET,2.269777228691e+02
6481,11422,SEDLOAD,2.230001149463e-01
6481,11422,SEDWSSD, 2.16605e-01
6481,11422,SEDSCRS, 0.00000e+00
6481,11422,SEDSURO, 0.00000e+00
6481,11422,SEDIFWO, 7.60093e-04
6481,11422,SEDAGWO, 5.63482e-03
6481,11422,SO_TN,1.202296709214e+01
6481,11422,IO_TN,1.520188644182e+00
6481,11422,AO_TN,3.380894947739e+00
6481,11422,PO_TN,1.692405068407e+01
6481,11422,SO_TP,4.332104077875e-01
6481,11422,IO_TP,6.080754576730e-01
6481,11422,AO_TP,2.253929965160e+00
6481,11422,PO_TP,3.295215830620e+00
6481,11422,SED_TP,4.332104077875e-01
6481,11422,SEDWSSD_TP,4.332104077875e-01
6481,11422,SEDSCRS_TP,0.000000000000e+00
6481,11422,SO_TCd,1.083026019469e-03
6481,11422,IO_TCd,0.000000000000e+00
6481,11422,AO_TCd,0.000000000000e+00
6481,11422,PO_TCd,1.083026019469e-03
6481,11422,SED_TCd,1.083026019469e-03
6481,11422,SEDWSSD_TCd,1.083026019469e-03
6481,11422,SEDSCRS_TCd,0.000000000000e+00
6481,11422,SO_TCu,1.083026019469e-01
6481,11422,IO_TCu,0.000000000000e+00
6481,11422,AO_TCu,0.000000000000e+00
6481,11422,PO_TCu,1.083026019469e-01
6481,11422,SED_TCu,1.083026019469e-01
6481,11422,SEDWSSD_TCu,1.083026019469e-01
6481,11422,SEDSCRS_TCu,0.000000000000e+00
6481,11422,SO_TPb,2.166052038938e-03
6481,11422,IO_TPb,0.000000000000e+00
6481,11422,AO_TPb,0.000000000000e+00
6481,11422,PO_TPb,2.166052038938e-03
6481,11422,SED_TPb,2.166052038938e-03
6481,11422,SEDWSSD_TPb,2.166052038938e-03
6481,11422,SEDSCRS_TPb,0.000000000000e+00
6481,11422,SO_TZn,7.797787340176e-01
6481,11422,IO_TZn,0.000000000000e+00
6481,11422,AO_TZn,5.634824912899e-01
6481,11422,PO_TZn,1.343261225307e+00
6481,11422,SED_TZn,7.797787340176e-01
6481,11422,SEDWSSD_TZn,7.797787340176e-01
6481,11422,SEDSCRS_TZn,0.000000000000e+00
6481,12111,AREA,0.000000000000e+00
6481,12111,PREC,0.000000000000e+00
6481,12111,SURO,0.000000000000e+00
6481,12111,IFWO,0.000000000000e+00
6481,12111,AGWO,0.000000000000e+00
6481,12111,PERO,0.000000000000e+00
6481,12111,TAET,0.000000000000e+00
6481,12111,SEDLOAD,0.000000000000e+00
6481,12111,SEDWSSD, 0.00000e+00
6481,12111,SEDSCRS, 0.00000e+00
6481,12111,SEDSURO, 0.00000e+00
6481,12111,SEDIFWO, 0.00000e+00
6481,12111,SEDAGWO, 0.00000e+00
6481,12111,SO_TN,0.000000000000e+00
6481,12111,IO_TN,0.000000000000e+00
6481,12111,AO_TN,0.000000000000e+00
6481,12111,PO_TN,0.000000000000e+00
6481,12111,SO_TP,0.000000000000e+00
6481,12111,IO_TP,0.000000000000e+00
6481,12111,AO_TP,0.000000000000e+00
6481,12111,PO_TP,0.000000000000e+00
6481,12111,SED_TP,0.000000000000e+00
6481,12111,SEDWSSD_TP,0.000000000000e+00
6481,12111,SEDSCRS_TP,0.000000000000e+00
6481,12111,SO_TCd,0.000000000000e+00
6481,12111,IO_TCd,0.000000000000e+00
6481,12111,AO_TCd,0.000000000000e+00
6481,12111,PO_TCd,0.000000000000e+00
6481,12111,SED_TCd,0.000000000000e+00
6481,12111,SEDWSSD_TCd,0.000000000000e+00
6481,12111,SEDSCRS_TCd,0.000000000000e+00
6481,12111,SO_TCu,0.000000000000e+00
6481,12111,IO_TCu,0.000000000000e+00
6481,12111,AO_TCu,0.000000000000e+00
6481,12111,PO_TCu,0.000000000000e+00
6481,12111,SED_TCu,0.000000000000e+00
6481,12111,SEDWSSD_TCu,0.000000000000e+00
6481,12111,SEDSCRS_TCu,0.000000000000e+00
6481,12111,SO_TPb,0.000000000000e+00
6481,12111,IO_TPb,0.000000000000e+00
6481,12111,AO_TPb,0.000000000000e+00
6481,12111,PO_TPb,0.000000000000e+00
6481,12111,SED_TPb,0.000000000000e+00
6481,12111,SEDWSSD_TPb,0.000000000000e+00
6481,12111,SEDSCRS_TPb,0.000000000000e+00
6481,12111,SO_TZn,0.000000000000e+00
6481,12111,IO_TZn,0.000000000000e+00
6481,12111,AO_TZn,0.000000000000e+00
6481,12111,PO_TZn,0.000000000000e+00
6481,12111,SED_TZn,0.000000000000e+00
6481,12111,SEDWSSD_TZn,0.000000000000e+00
6481,12111,SEDSCRS_TZn,0.000000000000e+00
6481,12112,AREA,0.000000000000e+00
6481,12112,PREC,0.000000000000e+00
6481,12112,SURO,0.000000000000e+00
6481,12112,IFWO,0.000000000000e+00
6481,12112,AGWO,0.000000000000e+00
6481,12112,PERO,0.000000000000e+00
6481,12112,TAET,0.000000000000e+00
6481,12112,SEDLOAD,0.000000000000e+00
6481,12112,SEDWSSD, 0.00000e+00
6481,12112,SEDSCRS, 0.00000e+00
6481,12112,SEDSURO, 0.00000e+00
6481,12112,SEDIFWO, 0.00000e+00
6481,12112,SEDAGWO, 0.00000e+00
6481,12112,SO_TN,0.000000000000e+00
6481,12112,IO_TN,0.000000000000e+00
6481,12112,AO_TN,0.000000000000e+00
6481,12112,PO_TN,0.000000000000e+00
6481,12112,SO_TP,0.000000000000e+00
6481,12112,IO_TP,0.000000000000e+00
6481,12112,AO_TP,0.000000000000e+00
6481,12112,PO_TP,0.000000000000e+00
6481,12112,SED_TP,0.000000000000e+00
6481,12112,SEDWSSD_TP,0.000000000000e+00
6481,12112,SEDSCRS_TP,0.000000000000e+00
6481,12112,SO_TCd,0.000000000000e+00
6481,12112,IO_TCd,0.000000000000e+00
6481,12112,AO_TCd,0.000000000000e+00
6481,12112,PO_TCd,0.000000000000e+00
6481,12112,SED_TCd,0.000000000000e+00
6481,12112,SEDWSSD_TCd,0.000000000000e+00
6481,12112,SEDSCRS_TCd,0.000000000000e+00
6481,12112,SO_TCu,0.000000000000e+00
6481,12112,IO_TCu,0.000000000000e+00
6481,12112,AO_TCu,0.000000000000e+00
6481,12112,PO_TCu,0.000000000000e+00
6481,12112,SED_TCu,0.000000000000e+00
6481,12112,SEDWSSD_TCu,0.000000000000e+00
6481,12112,SEDSCRS_TCu,0.000000000000e+00
6481,12112,SO_TPb,0.000000000000e+00
6481,12112,IO_TPb,0.000000000000e+00
6481,12112,AO_TPb,0.000000000000e+00
6481,12112,PO_TPb,0.000000000000e+00
6481,12112,SED_TPb,0.000000000000e+00
6481,12112,SEDWSSD_TPb,0.000000000000e+00
6481,12112,SEDSCRS_TPb,0.000000000000e+00
6481,12112,SO_TZn,0.000000000000e+00
6481,12112,IO_TZn,0.000000000000e+00
6481,12112,AO_TZn,0.000000000000e+00
6481,12112,PO_TZn,0.000000000000e+00
6481,12112,SED_TZn,0.000000000000e+00
6481,12112,SEDWSSD_TZn,0.000000000000e+00
6481,12112,SEDSCRS_TZn,0.000000000000e+00
6481,12121,AREA,0.000000000000e+00
6481,12121,PREC,0.000000000000e+00
6481,12121,SURO,0.000000000000e+00
6481,12121,IFWO,0.000000000000e+00
6481,12121,AGWO,0.000000000000e+00
6481,12121,PERO,0.000000000000e+00
6481,12121,TAET,0.000000000000e+00
6481,12121,SEDLOAD,0.000000000000e+00
6481,12121,SEDWSSD, 0.00000e+00
6481,12121,SEDSCRS, 0.00000e+00
6481,12121,SEDSURO, 0.00000e+00
6481,12121,SEDIFWO, 0.00000e+00
6481,12121,SEDAGWO, 0.00000e+00
6481,12121,SO_TN,0.000000000000e+00
6481,12121,IO_TN,0.000000000000e+00
6481,12121,AO_TN,0.000000000000e+00
6481,12121,PO_TN,0.000000000000e+00
6481,12121,SO_TP,0.000000000000e+00
6481,12121,IO_TP,0.000000000000e+00
6481,12121,AO_TP,0.000000000000e+00
6481,12121,PO_TP,0.000000000000e+00
6481,12121,SED_TP,0.000000000000e+00
6481,12121,SEDWSSD_TP,0.000000000000e+00
6481,12121,SEDSCRS_TP,0.000000000000e+00
6481,12121,SO_TCd,0.000000000000e+00
6481,12121,IO_TCd,0.000000000000e+00
6481,12121,AO_TCd,0.000000000000e+00
6481,12121,PO_TCd,0.000000000000e+00
6481,12121,SED_TCd,0.000000000000e+00
6481,12121,SEDWSSD_TCd,0.000000000000e+00
6481,12121,SEDSCRS_TCd,0.000000000000e+00
6481,12121,SO_TCu,0.000000000000e+00
6481,12121,IO_TCu,0.000000000000e+00
6481,12121,AO_TCu,0.000000000000e+00
6481,12121,PO_TCu,0.000000000000e+00
6481,12121,SED_TCu,0.000000000000e+00
6481,12121,SEDWSSD_TCu,0.000000000000e+00
6481,12121,SEDSCRS_TCu,0.000000000000e+00
6481,12121,SO_TPb,0.000000000000e+00
6481,12121,IO_TPb,0.000000000000e+00
6481,12121,AO_TPb,0.000000000000e+00
6481,12121,PO_TPb,0.000000000000e+00
6481,12121,SED_TPb,0.000000000000e+00
6481,12121,SEDWSSD_TPb,0.000000000000e+00
6481,12121,SEDSCRS_TPb,0.000000000000e+00
6481,12121,SO_TZn,0.000000000000e+00
6481,12121,IO_TZn,0.000000000000e+00
6481,12121,AO_TZn,0.000000000000e+00
6481,12121,PO_TZn,0.000000000000e+00
6481,12121,SED_TZn,0.000000000000e+00
6481,12121,SEDWSSD_TZn,0.000000000000e+00
6481,12121,SEDSCRS_TZn,0.000000000000e+00
6481,12122,AREA,0.000000000000e+00
6481,12122,PREC,0.000000000000e+00
6481,12122,SURO,0.000000000000e+00
6481,12122,IFWO,0.000000000000e+00
6481,12122,AGWO,0.000000000000e+00
6481,12122,PERO,0.000000000000e+00
6481,12122,TAET,0.000000000000e+00
6481,12122,SEDLOAD,0.000000000000e+00
6481,12122,SEDWSSD, 0.00000e+00
6481,12122,SEDSCRS, 0.00000e+00
6481,12122,SEDSURO, 0.00000e+00
6481,12122,SEDIFWO, 0.00000e+00
6481,12122,SEDAGWO, 0.00000e+00
6481,12122,SO_TN,0.000000000000e+00
6481,12122,IO_TN,0.000000000000e+00
6481,12122,AO_TN,0.000000000000e+00
6481,12122,PO_TN,0.000000000000e+00
6481,12122,SO_TP,0.000000000000e+00
6481,12122,IO_TP,0.000000000000e+00
6481,12122,AO_TP,0.000000000000e+00
6481,12122,PO_TP,0.000000000000e+00
6481,12122,SED_TP,0.000000000000e+00
6481,12122,SEDWSSD_TP,0.000000000000e+00
6481,12122,SEDSCRS_TP,0.000000000000e+00
6481,12122,SO_TCd,0.000000000000e+00
6481,12122,IO_TCd,0.000000000000e+00
6481,12122,AO_TCd,0.000000000000e+00
6481,12122,PO_TCd,0.000000000000e+00
6481,12122,SED_TCd,0.000000000000e+00
6481,12122,SEDWSSD_TCd,0.000000000000e+00
6481,12122,SEDSCRS_TCd,0.000000000000e+00
6481,12122,SO_TCu,0.000000000000e+00
6481,12122,IO_TCu,0.000000000000e+00
6481,12122,AO_TCu,0.000000000000e+00
6481,12122,PO_TCu,0.000000000000e+00
6481,12122,SED_TCu,0.000000000000e+00
6481,12122,SEDWSSD_TCu,0.000000000000e+00
6481,12122,SEDSCRS_TCu,0.000000000000e+00
6481,12122,SO_TPb,0.000000000000e+00
6481,12122,IO_TPb,0.000000000000e+00
6481,12122,AO_TPb,0.000000000000e+00
6481,12122,PO_TPb,0.000000000000e+00
6481,12122,SED_TPb,0.000000000000e+00
6481,12122,SEDWSSD_TPb,0.000000000000e+00
6481,12122,SEDSCRS_TPb,0.000000000000e+00
6481,12122,SO_TZn,0.000000000000e+00
6481,12122,IO_TZn,0.000000000000e+00
6481,12122,AO_TZn,0.000000000000e+00
6481,12122,PO_TZn,0.000000000000e+00
6481,12122,SED_TZn,0.000000000000e+00
6481,12122,SEDWSSD_TZn,0.000000000000e+00
6481,12122,SEDSCRS_TZn,0.000000000000e+00
6481,12211,AREA,2.289204100003e+01
6481,12211,PREC,2.605925028197e+02
6481,12211,SURO,2.704827113688e+00
6481,12211,IFWO,8.279581998057e-01
6481,12211,AGWO,6.995527034068e+01
6481,12211,PERO,7.348805565418e+01
6481,12211,TAET,1.900056078277e+02
6481,12211,SEDLOAD,4.169925191338e-02
6481,12211,SEDWSSD, 3.36790e-02
6481,12211,SEDSCRS, 0.00000e+00
6481,12211,SEDSURO, 0.00000e+00
6481,12211,SEDIFWO, 9.38132e-05
6481,12211,SEDAGWO, 7.92640e-03
6481,12211,SO_TN,2.372531586950e+00
6481,12211,IO_TN,1.876265424576e-01
6481,12211,AO_TN,4.755843533087e+00
6481,12211,PO_TN,7.316001662494e+00
6481,12211,SO_TP,6.735808603152e-02
6481,12211,IO_TP,7.505061698302e-02
6481,12211,AO_TP,3.170562355391e+00
6481,12211,PO_TP,3.312971058406e+00
6481,12211,SED_TP,6.735808603152e-02
6481,12211,SEDWSSD_TP,6.735808603152e-02
6481,12211,SEDSCRS_TP,0.000000000000e+00
6481,12211,SO_TCd,1.683952150788e-04
6481,12211,IO_TCd,0.000000000000e+00
6481,12211,AO_TCd,0.000000000000e+00
6481,12211,PO_TCd,1.683952150788e-04
6481,12211,SED_TCd,1.683952150788e-04
6481,12211,SEDWSSD_TCd,1.683952150788e-04
6481,12211,SEDSCRS_TCd,0.000000000000e+00
6481,12211,SO_TCu,1.683952150788e-02
6481,12211,IO_TCu,0.000000000000e+00
6481,12211,AO_TCu,0.000000000000e+00
6481,12211,PO_TCu,1.683952150788e-02
6481,12211,SED_TCu,1.683952150788e-02
6481,12211,SEDWSSD_TCu,1.683952150788e-02
6481,12211,SEDSCRS_TCu,0.000000000000e+00
6481,12211,SO_TPb,3.367904301576e-04
6481,12211,IO_TPb,0.000000000000e+00
6481,12211,AO_TPb,0.000000000000e+00
6481,12211,PO_TPb,3.367904301576e-04
6481,12211,SED_TPb,3.367904301576e-04
6481,12211,SEDWSSD_TPb,3.367904301576e-04
6481,12211,SEDSCRS_TPb,0.000000000000e+00
6481,12211,SO_TZn,1.212445548567e-01
6481,12211,IO_TZn,0.000000000000e+00
6481,12211,AO_TZn,7.926405888478e-01
6481,12211,PO_TZn,9.138851437045e-01
6481,12211,SED_TZn,1.212445548567e-01
6481,12211,SEDWSSD_TZn,1.212445548567e-01
6481,12211,SEDSCRS_TZn,0.000000000000e+00
6481,12212,AREA,5.613073399998e+01
6481,12212,PREC,6.389665499098e+02
6481,12212,SURO,5.221613585225e+00
6481,12212,IFWO,2.152308093803e+00
6481,12212,AGWO,1.208237227835e+02
6481,12212,PERO,1.281976444625e+02
6481,12212,TAET,4.661373560043e+02
6481,12212,SEDLOAD,8.761392016039e-02
6481,12212,SEDWSSD, 7.36799e-02
6481,12212,SEDSCRS, 0.00000e+00
6481,12212,SEDSURO, 0.00000e+00
6481,12212,SEDIFWO, 2.43871e-04
6481,12212,SEDAGWO, 1.36901e-02
6481,12212,SO_TN,4.753896815822e+00
6481,12212,IO_TN,4.877421662571e-01
6481,12212,AO_TN,8.214087628348e+00
6481,12212,PO_TN,1.345572661043e+01
6481,12212,SO_TP,1.473598417179e-01
6481,12212,IO_TP,1.950968665029e-01
6481,12212,AO_TP,5.476058418898e+00
6481,12212,PO_TP,5.818515127119e+00
6481,12212,SED_TP,1.473598417179e-01
6481,12212,SEDWSSD_TP,1.473598417179e-01
6481,12212,SEDSCRS_TP,0.000000000000e+00
6481,12212,SO_TCd,3.683996042949e-04
6481,12212,IO_TCd,0.000000000000e+00
6481,12212,AO_TCd,0.000000000000e+00
6481,12212,PO_TCd,3.683996042949e-04
6481,12212,SED_TCd,3.683996042949e-04
6481,12212,SEDWSSD_TCd,3.683996042949e-04
6481,12212,SEDSCRS_TCd,0.000000000000e+00
6481,12212,SO_TCu,3.683996042949e-02
6481,12212,IO_TCu,0.000000000000e+00
6481,12212,AO_TCu,0.000000000000e+00
6481,12212,PO_TCu,3.683996042949e-02
6481,12212,SED_TCu,3.683996042949e-02
6481,12212,SEDWSSD_TCu,3.683996042949e-02
6481,12212,SEDSCRS_TCu,0.000000000000e+00
6481,12212,SO_TPb,7.367992085897e-04
6481,12212,IO_TPb,0.000000000000e+00
6481,12212,AO_TPb,0.000000000000e+00
6481,12212,PO_TPb,7.367992085897e-04
6481,12212,SED_TPb,7.367992085897e-04
6481,12212,SEDWSSD_TPb,7.367992085897e-04
6481,12212,SEDSCRS_TPb,0.000000000000e+00
6481,12212,SO_TZn,2.652477150923e-01
6481,12212,IO_TZn,0.000000000000e+00
6481,12212,AO_TZn,1.369014604725e+00
6481,12212,PO_TZn,1.634262319817e+00
6481,12212,SED_TZn,2.652477150923e-01
6481,12212,SEDWSSD_TZn,2.652477150923e-01
6481,12212,SEDSCRS_TZn,0.000000000000e+00
6481,12221,AREA,2.474529700002e+01
6481,12221,PREC,2.816891197358e+02
6481,12221,SURO,4.451843337012e+00
6481,12221,IFWO,9.851966283469e-01
6481,12221,AGWO,7.565120574531e+01
6481,12221,PERO,8.108824571066e+01
6481,12221,TAET,2.036994478455e+02
6481,12221,SEDLOAD,1.135654046040e-01
6481,12221,SEDWSSD, 1.04882e-01
6481,12221,SEDSCRS, 0.00000e+00
6481,12221,SEDSURO, 0.00000e+00
6481,12221,SEDIFWO, 1.11629e-04
6481,12221,SEDAGWO, 8.57178e-03
6481,12221,SO_TN,3.506408755770e+00
6481,12221,IO_TN,2.232589001002e-01
6481,12221,AO_TN,5.143076366682e+00
6481,12221,PO_TN,8.872744022552e+00
6481,12221,SO_TP,2.097639846403e-01
6481,12221,IO_TP,8.930356004009e-02
6481,12221,AO_TP,3.428717577788e+00
6481,12221,PO_TP,3.727785122468e+00
6481,12221,SED_TP,2.097639846403e-01
6481,12221,SEDWSSD_TP,2.097639846403e-01
6481,12221,SEDSCRS_TP,0.000000000000e+00
6481,12221,SO_TCd,5.244099616008e-04
6481,12221,IO_TCd,0.000000000000e+00
6481,12221,AO_TCd,0.000000000000e+00
6481,12221,PO_TCd,5.244099616008e-04
6481,12221,SED_TCd,5.244099616008e-04
6481,12221,SEDWSSD_TCd,5.244099616008e-04
6481,12221,SEDSCRS_TCd,0.000000000000e+00
6481,12221,SO_TCu,5.244099616008e-02
6481,12221,IO_TCu,0.000000000000e+00
6481,12221,AO_TCu,0.000000000000e+00
6481,12221,PO_TCu,5.244099616008e-02
6481,12221,SED_TCu,5.244099616008e-02
6481,12221,SEDWSSD_TCu,5.244099616008e-02
6481,12221,SEDSCRS_TCu,0.000000000000e+00
6481,12221,SO_TPb,1.048819923202e-03
6481,12221,IO_TPb,0.000000000000e+00
6481,12221,AO_TPb,0.000000000000e+00
6481,12221,PO_TPb,1.048819923202e-03
6481,12221,SED_TPb,1.048819923202e-03
6481,12221,SEDWSSD_TPb,1.048819923202e-03
6481,12221,SEDSCRS_TPb,0.000000000000e+00
6481,12221,SO_TZn,3.775751723526e-01
6481,12221,IO_TZn,0.000000000000e+00
6481,12221,AO_TZn,8.571793944470e-01
6481,12221,PO_TZn,1.234754566800e+00
6481,12221,SED_TZn,3.775751723526e-01
6481,12221,SEDWSSD_TZn,3.775751723526e-01
6481,12221,SEDSCRS_TZn,0.000000000000e+00
6481,12222,AREA,0.000000000000e+00
6481,12222,PREC,0.000000000000e+00
6481,12222,SURO,0.000000000000e+00
6481,12222,IFWO,0.000000000000e+00
6481,12222,AGWO,0.000000000000e+00
6481,12222,PERO,0.000000000000e+00
6481,12222,TAET,0.000000000000e+00
6481,12222,SEDLOAD,0.000000000000e+00
6481,12222,SEDWSSD, 0.00000e+00
6481,12222,SEDSCRS, 0.00000e+00
6481,12222,SEDSURO, 0.00000e+00
6481,12222,SEDIFWO, 0.00000e+00
6481,12222,SEDAGWO, 0.00000e+00
6481,12222,SO_TN,0.000000000000e+00
6481,12222,IO_TN,0.000000000000e+00
6481,12222,AO_TN,0.000000000000e+00
6481,12222,PO_TN,0.000000000000e+00
6481,12222,SO_TP,0.000000000000e+00
6481,12222,IO_TP,0.000000000000e+00
6481,12222,AO_TP,0.000000000000e+00
6481,12222,PO_TP,0.000000000000e+00
6481,12222,SED_TP,0.000000000000e+00
6481,12222,SEDWSSD_TP,0.000000000000e+00
6481,12222,SEDSCRS_TP,0.000000000000e+00
6481,12222,SO_TCd,0.000000000000e+00
6481,12222,IO_TCd,0.000000000000e+00
6481,12222,AO_TCd,0.000000000000e+00
6481,12222,PO_TCd,0.000000000000e+00
6481,12222,SED_TCd,0.000000000000e+00
6481,12222,SEDWSSD_TCd,0.000000000000e+00
6481,12222,SEDSCRS_TCd,0.000000000000e+00
6481,12222,SO_TCu,0.000000000000e+00
6481,12222,IO_TCu,0.000000000000e+00
6481,12222,AO_TCu,0.000000000000e+00
6481,12222,PO_TCu,0.000000000000e+00
6481,12222,SED_TCu,0.000000000000e+00
6481,12222,SEDWSSD_TCu,0.000000000000e+00
6481,12222,SEDSCRS_TCu,0.000000000000e+00
6481,12222,SO_TPb,0.000000000000e+00
6481,12222,IO_TPb,0.000000000000e+00
6481,12222,AO_TPb,0.000000000000e+00
6481,12222,PO_TPb,0.000000000000e+00
6481,12222,SED_TPb,0.000000000000e+00
6481,12222,SEDWSSD_TPb,0.000000000000e+00
6481,12222,SEDSCRS_TPb,0.000000000000e+00
6481,12222,SO_TZn,0.000000000000e+00
6481,12222,IO_TZn,0.000000000000e+00
6481,12222,AO_TZn,0.000000000000e+00
6481,12222,PO_TZn,0.000000000000e+00
6481,12222,SED_TZn,0.000000000000e+00
6481,12222,SEDWSSD_TZn,0.000000000000e+00
6481,12222,SEDSCRS_TZn,0.000000000000e+00
6481,12311,AREA,0.000000000000e+00
6481,12311,PREC,0.000000000000e+00
6481,12311,SURO,0.000000000000e+00
6481,12311,IFWO,0.000000000000e+00
6481,12311,AGWO,0.000000000000e+00
6481,12311,PERO,0.000000000000e+00
6481,12311,TAET,0.000000000000e+00
6481,12311,SEDLOAD,0.000000000000e+00
6481,12311,SEDWSSD, 0.00000e+00
6481,12311,SEDSCRS, 0.00000e+00
6481,12311,SEDSURO, 0.00000e+00
6481,12311,SEDIFWO, 0.00000e+00
6481,12311,SEDAGWO, 0.00000e+00
6481,12311,SO_TN,0.000000000000e+00
6481,12311,IO_TN,0.000000000000e+00
6481,12311,AO_TN,0.000000000000e+00
6481,12311,PO_TN,0.000000000000e+00
6481,12311,SO_TP,0.000000000000e+00
6481,12311,IO_TP,0.000000000000e+00
6481,12311,AO_TP,0.000000000000e+00
6481,12311,PO_TP,0.000000000000e+00
6481,12311,SED_TP,0.000000000000e+00
6481,12311,SEDWSSD_TP,0.000000000000e+00
6481,12311,SEDSCRS_TP,0.000000000000e+00
6481,12311,SO_TCd,0.000000000000e+00
6481,12311,IO_TCd,0.000000000000e+00
6481,12311,AO_TCd,0.000000000000e+00
6481,12311,PO_TCd,0.000000000000e+00
6481,12311,SED_TCd,0.000000000000e+00
6481,12311,SEDWSSD_TCd,0.000000000000e+00
6481,12311,SEDSCRS_TCd,0.000000000000e+00
6481,12311,SO_TCu,0.000000000000e+00
6481,12311,IO_TCu,0.000000000000e+00
6481,12311,AO_TCu,0.000000000000e+00
6481,12311,PO_TCu,0.000000000000e+00
6481,12311,SED_TCu,0.000000000000e+00
6481,12311,SEDWSSD_TCu,0.000000000000e+00
6481,12311,SEDSCRS_TCu,0.000000000000e+00
6481,12311,SO_TPb,0.000000000000e+00
6481,12311,IO_TPb,0.000000000000e+00
6481,12311,AO_TPb,0.000000000000e+00
6481,12311,PO_TPb,0.000000000000e+00
6481,12311,SED_TPb,0.000000000000e+00
6481,12311,SEDWSSD_TPb,0.000000000000e+00
6481,12311,SEDSCRS_TPb,0.000000000000e+00
6481,12311,SO_TZn,0.000000000000e+00
6481,12311,IO_TZn,0.000000000000e+00
6481,12311,AO_TZn,0.000000000000e+00
6481,12311,PO_TZn,0.000000000000e+00
6481,12311,SED_TZn,0.000000000000e+00
6481,12311,SEDWSSD_TZn,0.000000000000e+00
6481,12311,SEDSCRS_TZn,0.000000000000e+00
6481,12312,AREA,0.000000000000e+00
6481,12312,PREC,0.000000000000e+00
6481,12312,SURO,0.000000000000e+00
6481,12312,IFWO,0.000000000000e+00
6481,12312,AGWO,0.000000000000e+00
6481,12312,PERO,0.000000000000e+00
6481,12312,TAET,0.000000000000e+00
6481,12312,SEDLOAD,0.000000000000e+00
6481,12312,SEDWSSD, 0.00000e+00
6481,12312,SEDSCRS, 0.00000e+00
6481,12312,SEDSURO, 0.00000e+00
6481,12312,SEDIFWO, 0.00000e+00
6481,12312,SEDAGWO, 0.00000e+00
6481,12312,SO_TN,0.000000000000e+00
6481,12312,IO_TN,0.000000000000e+00
6481,12312,AO_TN,0.000000000000e+00
6481,12312,PO_TN,0.000000000000e+00
6481,12312,SO_TP,0.000000000000e+00
6481,12312,IO_TP,0.000000000000e+00
6481,12312,AO_TP,0.000000000000e+00
6481,12312,PO_TP,0.000000000000e+00
6481,12312,SED_TP,0.000000000000e+00
6481,12312,SEDWSSD_TP,0.000000000000e+00
6481,12312,SEDSCRS_TP,0.000000000000e+00
6481,12312,SO_TCd,0.000000000000e+00
6481,12312,IO_TCd,0.000000000000e+00
6481,12312,AO_TCd,0.000000000000e+00
6481,12312,PO_TCd,0.000000000000e+00
6481,12312,SED_TCd,0.000000000000e+00
6481,12312,SEDWSSD_TCd,0.000000000000e+00
6481,12312,SEDSCRS_TCd,0.000000000000e+00
6481,12312,SO_TCu,0.000000000000e+00
6481,12312,IO_TCu,0.000000000000e+00
6481,12312,AO_TCu,0.000000000000e+00
6481,12312,PO_TCu,0.000000000000e+00
6481,12312,SED_TCu,0.000000000000e+00
6481,12312,SEDWSSD_TCu,0.000000000000e+00
6481,12312,SEDSCRS_TCu,0.000000000000e+00
6481,12312,SO_TPb,0.000000000000e+00
6481,12312,IO_TPb,0.000000000000e+00
6481,12312,AO_TPb,0.000000000000e+00
6481,12312,PO_TPb,0.000000000000e+00
6481,12312,SED_TPb,0.000000000000e+00
6481,12312,SEDWSSD_TPb,0.000000000000e+00
6481,12312,SEDSCRS_TPb,0.000000000000e+00
6481,12312,SO_TZn,0.000000000000e+00
6481,12312,IO_TZn,0.000000000000e+00
6481,12312,AO_TZn,0.000000000000e+00
6481,12312,PO_TZn,0.000000000000e+00
6481,12312,SED_TZn,0.000000000000e+00
6481,12312,SEDWSSD_TZn,0.000000000000e+00
6481,12312,SEDSCRS_TZn,0.000000000000e+00
6481,12321,AREA,0.000000000000e+00
6481,12321,PREC,0.000000000000e+00
6481,12321,SURO,0.000000000000e+00
6481,12321,IFWO,0.000000000000e+00
6481,12321,AGWO,0.000000000000e+00
6481,12321,PERO,0.000000000000e+00
6481,12321,TAET,0.000000000000e+00
6481,12321,SEDLOAD,0.000000000000e+00
6481,12321,SEDWSSD, 0.00000e+00
6481,12321,SEDSCRS, 0.00000e+00
6481,12321,SEDSURO, 0.00000e+00
6481,12321,SEDIFWO, 0.00000e+00
6481,12321,SEDAGWO, 0.00000e+00
6481,12321,SO_TN,0.000000000000e+00
6481,12321,IO_TN,0.000000000000e+00
6481,12321,AO_TN,0.000000000000e+00
6481,12321,PO_TN,0.000000000000e+00
6481,12321,SO_TP,0.000000000000e+00
6481,12321,IO_TP,0.000000000000e+00
6481,12321,AO_TP,0.000000000000e+00
6481,12321,PO_TP,0.000000000000e+00
6481,12321,SED_TP,0.000000000000e+00
6481,12321,SEDWSSD_TP,0.000000000000e+00
6481,12321,SEDSCRS_TP,0.000000000000e+00
6481,12321,SO_TCd,0.000000000000e+00
6481,12321,IO_TCd,0.000000000000e+00
6481,12321,AO_TCd,0.000000000000e+00
6481,12321,PO_TCd,0.000000000000e+00
6481,12321,SED_TCd,0.000000000000e+00
6481,12321,SEDWSSD_TCd,0.000000000000e+00
6481,12321,SEDSCRS_TCd,0.000000000000e+00
6481,12321,SO_TCu,0.000000000000e+00
6481,12321,IO_TCu,0.000000000000e+00
6481,12321,AO_TCu,0.000000000000e+00
6481,12321,PO_TCu,0.000000000000e+00
6481,12321,SED_TCu,0.000000000000e+00
6481,12321,SEDWSSD_TCu,0.000000000000e+00
6481,12321,SEDSCRS_TCu,0.000000000000e+00
6481,12321,SO_TPb,0.000000000000e+00
6481,12321,IO_TPb,0.000000000000e+00
6481,12321,AO_TPb,0.000000000000e+00
6481,12321,PO_TPb,0.000000000000e+00
6481,12321,SED_TPb,0.000000000000e+00
6481,12321,SEDWSSD_TPb,0.000000000000e+00
6481,12321,SEDSCRS_TPb,0.000000000000e+00
6481,12321,SO_TZn,0.000000000000e+00
6481,12321,IO_TZn,0.000000000000e+00
6481,12321,AO_TZn,0.000000000000e+00
6481,12321,PO_TZn,0.000000000000e+00
6481,12321,SED_TZn,0.000000000000e+00
6481,12321,SEDWSSD_TZn,0.000000000000e+00
6481,12321,SEDSCRS_TZn,0.000000000000e+00
6481,12322,AREA,0.000000000000e+00
6481,12322,PREC,0.000000000000e+00
6481,12322,SURO,0.000000000000e+00
6481,12322,IFWO,0.000000000000e+00
6481,12322,AGWO,0.000000000000e+00
6481,12322,PERO,0.000000000000e+00
6481,12322,TAET,0.000000000000e+00
6481,12322,SEDLOAD,0.000000000000e+00
6481,12322,SEDWSSD, 0.00000e+00
6481,12322,SEDSCRS, 0.00000e+00
6481,12322,SEDSURO, 0.00000e+00
6481,12322,SEDIFWO, 0.00000e+00
6481,12322,SEDAGWO, 0.00000e+00
6481,12322,SO_TN,0.000000000000e+00
6481,12322,IO_TN,0.000000000000e+00
6481,12322,AO_TN,0.000000000000e+00
6481,12322,PO_TN,0.000000000000e+00
6481,12322,SO_TP,0.000000000000e+00
6481,12322,IO_TP,0.000000000000e+00
6481,12322,AO_TP,0.000000000000e+00
6481,12322,PO_TP,0.000000000000e+00
6481,12322,SED_TP,0.000000000000e+00
6481,12322,SEDWSSD_TP,0.000000000000e+00
6481,12322,SEDSCRS_TP,0.000000000000e+00
6481,12322,SO_TCd,0.000000000000e+00
6481,12322,IO_TCd,0.000000000000e+00
6481,12322,AO_TCd,0.000000000000e+00
6481,12322,PO_TCd,0.000000000000e+00
6481,12322,SED_TCd,0.000000000000e+00
6481,12322,SEDWSSD_TCd,0.000000000000e+00
6481,12322,SEDSCRS_TCd,0.000000000000e+00
6481,12322,SO_TCu,0.000000000000e+00
6481,12322,IO_TCu,0.000000000000e+00
6481,12322,AO_TCu,0.000000000000e+00
6481,12322,PO_TCu,0.000000000000e+00
6481,12322,SED_TCu,0.000000000000e+00
6481,12322,SEDWSSD_TCu,0.000000000000e+00
6481,12322,SEDSCRS_TCu,0.000000000000e+00
6481,12322,SO_TPb,0.000000000000e+00
6481,12322,IO_TPb,0.000000000000e+00
6481,12322,AO_TPb,0.000000000000e+00
6481,12322,PO_TPb,0.000000000000e+00
6481,12322,SED_TPb,0.000000000000e+00
6481,12322,SEDWSSD_TPb,0.000000000000e+00
6481,12322,SEDSCRS_TPb,0.000000000000e+00
6481,12322,SO_TZn,0.000000000000e+00
6481,12322,IO_TZn,0.000000000000e+00
6481,12322,AO_TZn,0.000000000000e+00
6481,12322,PO_TZn,0.000000000000e+00
6481,12322,SED_TZn,0.000000000000e+00
6481,12322,SEDWSSD_TZn,0.000000000000e+00
6481,12322,SEDSCRS_TZn,0.000000000000e+00
6481,12411,AREA,4.134980699992e+01
6481,12411,PREC,4.707072513648e+02
6481,12411,SURO,4.542599116368e+01
6481,12411,IFWO,9.082549149765e-01
6481,12411,AGWO,6.830549428734e+01
6481,12411,PERO,1.146397403660e+02
6481,12411,TAET,3.605458257387e+02
6481,12411,SEDLOAD,3.296693333469e-01
6481,12411,SEDWSSD, 3.21827e-01
6481,12411,SEDSCRS, 0.00000e+00
6481,12411,SEDSURO, 0.00000e+00
6481,12411,SEDIFWO, 1.02911e-04
6481,12411,SEDAGWO, 7.73947e-03
6481,12411,SO_TN,1.527631408634e+01
6481,12411,IO_TN,2.058228657040e-01
6481,12411,AO_TN,4.643685053302e+00
6481,12411,PO_TN,2.012582200534e+01
6481,12411,SO_TP,6.436539137194e-01
6481,12411,IO_TP,8.232914628159e-02
6481,12411,AO_TP,3.095790035534e+00
6481,12411,PO_TP,3.821773095535e+00
6481,12411,SED_TP,6.436539137194e-01
6481,12411,SEDWSSD_TP,6.436539137194e-01
6481,12411,SEDSCRS_TP,0.000000000000e+00
6481,12411,SO_TCd,1.609134784299e-03
6481,12411,IO_TCd,0.000000000000e+00
6481,12411,AO_TCd,0.000000000000e+00
6481,12411,PO_TCd,1.609134784299e-03
6481,12411,SED_TCd,1.609134784299e-03
6481,12411,SEDWSSD_TCd,1.609134784299e-03
6481,12411,SEDSCRS_TCd,0.000000000000e+00
6481,12411,SO_TCu,1.609134784299e-01
6481,12411,IO_TCu,0.000000000000e+00
6481,12411,AO_TCu,0.000000000000e+00
6481,12411,PO_TCu,1.609134784299e-01
6481,12411,SED_TCu,1.609134784299e-01
6481,12411,SEDWSSD_TCu,1.609134784299e-01
6481,12411,SEDSCRS_TCu,0.000000000000e+00
6481,12411,SO_TPb,3.218269568597e-03
6481,12411,IO_TPb,0.000000000000e+00
6481,12411,AO_TPb,0.000000000000e+00
6481,12411,PO_TPb,3.218269568597e-03
6481,12411,SED_TPb,3.218269568597e-03
6481,12411,SEDWSSD_TPb,3.218269568597e-03
6481,12411,SEDSCRS_TPb,0.000000000000e+00
6481,12411,SO_TZn,1.158577044695e+00
6481,12411,IO_TZn,0.000000000000e+00
6481,12411,AO_TZn,7.739475088836e-01
6481,12411,PO_TZn,1.932524553579e+00
6481,12411,SED_TZn,1.158577044695e+00
6481,12411,SEDWSSD_TZn,1.158577044695e+00
6481,12411,SEDSCRS_TZn,0.000000000000e+00
6481,12412,AREA,6.202161100006e+01
6481,12412,PREC,7.060255937597e+02
6481,12412,SURO,6.606933143629e+01
6481,12412,IFWO,1.432242858868e+00
6481,12412,AGWO,7.262341245191e+01
6481,12412,PERO,1.401249867471e+02
6481,12412,TAET,5.415169906145e+02
6481,12412,SEDLOAD,4.835226462286e-01
6481,12412,SEDWSSD, 4.75132e-01
6481,12412,SEDSCRS, 0.00000e+00
6481,12412,SEDSURO, 0.00000e+00
6481,12412,SEDIFWO, 1.62283e-04
6481,12412,SEDAGWO, 8.22871e-03
6481,12412,SO_TN,2.231512395647e+01
6481,12412,IO_TN,3.245656310088e-01
6481,12412,AO_TN,4.937234675501e+00
6481,12412,PO_TN,2.757692426298e+01
6481,12412,SO_TP,9.502632993810e-01
6481,12412,IO_TP,1.298262524035e-01
6481,12412,AO_TP,3.291489783667e+00
6481,12412,PO_TP,4.371579335452e+00
6481,12412,SED_TP,9.502632993810e-01
6481,12412,SEDWSSD_TP,9.502632993810e-01
6481,12412,SEDSCRS_TP,0.000000000000e+00
6481,12412,SO_TCd,2.375658248452e-03
6481,12412,IO_TCd,0.000000000000e+00
6481,12412,AO_TCd,0.000000000000e+00
6481,12412,PO_TCd,2.375658248452e-03
6481,12412,SED_TCd,2.375658248452e-03
6481,12412,SEDWSSD_TCd,2.375658248452e-03
6481,12412,SEDSCRS_TCd,0.000000000000e+00
6481,12412,SO_TCu,2.375658248452e-01
6481,12412,IO_TCu,0.000000000000e+00
6481,12412,AO_TCu,0.000000000000e+00
6481,12412,PO_TCu,2.375658248452e-01
6481,12412,SED_TCu,2.375658248452e-01
6481,12412,SEDWSSD_TCu,2.375658248452e-01
6481,12412,SEDSCRS_TCu,0.000000000000e+00
6481,12412,SO_TPb,4.751316496905e-03
6481,12412,IO_TPb,0.000000000000e+00
6481,12412,AO_TPb,0.000000000000e+00
6481,12412,PO_TPb,4.751316496905e-03
6481,12412,SED_TPb,4.751316496905e-03
6481,12412,SEDWSSD_TPb,4.751316496905e-03
6481,12412,SEDSCRS_TPb,0.000000000000e+00
6481,12412,SO_TZn,1.710473938886e+00
6481,12412,IO_TZn,0.000000000000e+00
6481,12412,AO_TZn,8.228724459169e-01
6481,12412,PO_TZn,2.533346384803e+00
6481,12412,SED_TZn,1.710473938886e+00
6481,12412,SEDWSSD_TZn,1.710473938886e+00
6481,12412,SEDSCRS_TZn,0.000000000000e+00
6481,12421,AREA,1.406900069999e+02
6481,12421,PREC,1.601550558373e+03
6481,12421,SURO,1.902341746056e+02
6481,12421,IFWO,2.507775225684e+00
6481,12421,AGWO,2.215369796718e+02
6481,12421,PERO,4.142789295031e+02
6481,12421,TAET,1.200936652934e+03
6481,12421,SEDLOAD,1.122521968669e+00
6481,12421,SEDWSSD, 1.09714e+00
6481,12421,SEDSCRS, 0.00000e+00
6481,12421,SEDSURO, 0.00000e+00
6481,12421,SEDIFWO, 2.84148e-04
6481,12421,SEDAGWO, 2.51016e-02
6481,12421,SO_TN,6.052730933692e+01
6481,12421,IO_TN,5.682958330098e-01
6481,12421,AO_TN,1.506098406854e+01
6481,12421,PO_TN,7.615658923847e+01
6481,12421,SO_TP,2.194272426240e+00
6481,12421,IO_TP,2.273183332039e-01
6481,12421,AO_TP,1.004065604569e+01
6481,12421,PO_TP,1.246224680514e+01
6481,12421,SED_TP,2.194272426240e+00
6481,12421,SEDWSSD_TP,2.194272426240e+00
6481,12421,SEDSCRS_TP,0.000000000000e+00
6481,12421,SO_TCd,5.485681065600e-03
6481,12421,IO_TCd,0.000000000000e+00
6481,12421,AO_TCd,0.000000000000e+00
6481,12421,PO_TCd,5.485681065600e-03
6481,12421,SED_TCd,5.485681065600e-03
6481,12421,SEDWSSD_TCd,5.485681065600e-03
6481,12421,SEDSCRS_TCd,0.000000000000e+00
6481,12421,SO_TCu,5.485681065600e-01
6481,12421,IO_TCu,0.000000000000e+00
6481,12421,AO_TCu,0.000000000000e+00
6481,12421,PO_TCu,5.485681065600e-01
6481,12421,SED_TCu,5.485681065600e-01
6481,12421,SEDWSSD_TCu,5.485681065600e-01
6481,12421,SEDSCRS_TCu,0.000000000000e+00
6481,12421,SO_TPb,1.097136213120e-02
6481,12421,IO_TPb,0.000000000000e+00
6481,12421,AO_TPb,0.000000000000e+00
6481,12421,PO_TPb,1.097136213120e-02
6481,12421,SED_TPb,1.097136213120e-02
6481,12421,SEDWSSD_TPb,1.097136213120e-02
6481,12421,SEDSCRS_TPb,0.000000000000e+00
6481,12421,SO_TZn,3.949690367232e+00
6481,12421,IO_TZn,0.000000000000e+00
6481,12421,AO_TZn,2.510164011424e+00
6481,12421,PO_TZn,6.459854378655e+00
6481,12421,SED_TZn,3.949690367232e+00
6481,12421,SEDWSSD_TZn,3.949690367232e+00
6481,12421,SEDSCRS_TZn,0.000000000000e+00
6481,12422,AREA,2.090539500001e+01
6481,12422,PREC,2.379774352791e+02
6481,12422,SURO,2.873382038836e+01
6481,12422,IFWO,3.562150266236e-01
6481,12422,AGWO,2.283583841904e+01
6481,12422,PERO,5.192587383402e+01
6481,12422,TAET,1.782504231841e+02
6481,12422,SEDLOAD,1.667773660063e-01
6481,12422,SEDWSSD, 1.64150e-01
6481,12422,SEDSCRS, 0.00000e+00
6481,12422,SEDSURO, 0.00000e+00
6481,12422,SEDIFWO, 4.03615e-05
6481,12422,SEDAGWO, 2.58745e-03
6481,12422,SO_TN,9.137135113183e+00
6481,12422,IO_TN,8.072314983112e-02
6481,12422,AO_TN,1.552473086572e+00
6481,12422,PO_TN,1.077033134959e+01
6481,12422,SO_TP,3.282991052990e-01
6481,12422,IO_TP,3.228925993245e-02
6481,12422,AO_TP,1.034982057715e+00
6481,12422,PO_TP,1.395570422946e+00
6481,12422,SED_TP,3.282991052990e-01
6481,12422,SEDWSSD_TP,3.282991052990e-01
6481,12422,SEDSCRS_TP,0.000000000000e+00
6481,12422,SO_TCd,8.207477632474e-04
6481,12422,IO_TCd,0.000000000000e+00
6481,12422,AO_TCd,0.000000000000e+00
6481,12422,PO_TCd,8.207477632474e-04
6481,12422,SED_TCd,8.207477632474e-04
6481,12422,SEDWSSD_TCd,8.207477632474e-04
6481,12422,SEDSCRS_TCd,0.000000000000e+00
6481,12422,SO_TCu,8.207477632474e-02
6481,12422,IO_TCu,0.000000000000e+00
6481,12422,AO_TCu,0.000000000000e+00
6481,12422,PO_TCu,8.207477632474e-02
6481,12422,SED_TCu,8.207477632474e-02
6481,12422,SEDWSSD_TCu,8.207477632474e-02
6481,12422,SEDSCRS_TCu,0.000000000000e+00
6481,12422,SO_TPb,1.641495526495e-03
6481,12422,IO_TPb,0.000000000000e+00
6481,12422,AO_TPb,0.000000000000e+00
6481,12422,PO_TPb,1.641495526495e-03
6481,12422,SED_TPb,1.641495526495e-03
6481,12422,SEDWSSD_TPb,1.641495526495e-03
6481,12422,SEDSCRS_TPb,0.000000000000e+00
6481,12422,SO_TZn,5.909383895381e-01
6481,12422,IO_TZn,0.000000000000e+00
6481,12422,AO_TZn,2.587455144287e-01
6481,12422,PO_TZn,8.496839039668e-01
6481,12422,SED_TZn,5.909383895381e-01
6481,12422,SEDWSSD_TZn,5.909383895381e-01
6481,12422,SEDSCRS_TZn,0.000000000000e+00
6481,13111,AREA,0.000000000000e+00
6481,13111,PREC,0.000000000000e+00
6481,13111,SURO,0.000000000000e+00
6481,13111,IFWO,0.000000000000e+00
6481,13111,AGWO,0.000000000000e+00
6481,13111,PERO,0.000000000000e+00
6481,13111,TAET,0.000000000000e+00
6481,13111,SEDLOAD,0.000000000000e+00
6481,13111,SEDWSSD, 0.00000e+00
6481,13111,SEDSCRS, 0.00000e+00
6481,13111,SEDSURO, 0.00000e+00
6481,13111,SEDIFWO, 0.00000e+00
6481,13111,SEDAGWO, 0.00000e+00
6481,13111,SO_TN,0.000000000000e+00
6481,13111,IO_TN,0.000000000000e+00
6481,13111,AO_TN,0.000000000000e+00
6481,13111,PO_TN,0.000000000000e+00
6481,13111,SO_TP,0.000000000000e+00
6481,13111,IO_TP,0.000000000000e+00
6481,13111,AO_TP,0.000000000000e+00
6481,13111,PO_TP,0.000000000000e+00
6481,13111,SED_TP,0.000000000000e+00
6481,13111,SEDWSSD_TP,0.000000000000e+00
6481,13111,SEDSCRS_TP,0.000000000000e+00
6481,13111,SO_TCd,0.000000000000e+00
6481,13111,IO_TCd,0.000000000000e+00
6481,13111,AO_TCd,0.000000000000e+00
6481,13111,PO_TCd,0.000000000000e+00
6481,13111,SED_TCd,0.000000000000e+00
6481,13111,SEDWSSD_TCd,0.000000000000e+00
6481,13111,SEDSCRS_TCd,0.000000000000e+00
6481,13111,SO_TCu,0.000000000000e+00
6481,13111,IO_TCu,0.000000000000e+00
6481,13111,AO_TCu,0.000000000000e+00
6481,13111,PO_TCu,0.000000000000e+00
6481,13111,SED_TCu,0.000000000000e+00
6481,13111,SEDWSSD_TCu,0.000000000000e+00
6481,13111,SEDSCRS_TCu,0.000000000000e+00
6481,13111,SO_TPb,0.000000000000e+00
6481,13111,IO_TPb,0.000000000000e+00
6481,13111,AO_TPb,0.000000000000e+00
6481,13111,PO_TPb,0.000000000000e+00
6481,13111,SED_TPb,0.000000000000e+00
6481,13111,SEDWSSD_TPb,0.000000000000e+00
6481,13111,SEDSCRS_TPb,0.000000000000e+00
6481,13111,SO_TZn,0.000000000000e+00
6481,13111,IO_TZn,0.000000000000e+00
6481,13111,AO_TZn,0.000000000000e+00
6481,13111,PO_TZn,0.000000000000e+00
6481,13111,SED_TZn,0.000000000000e+00
6481,13111,SEDWSSD_TZn,0.000000000000e+00
6481,13111,SEDSCRS_TZn,0.000000000000e+00
6481,13112,AREA,0.000000000000e+00
6481,13112,PREC,0.000000000000e+00
6481,13112,SURO,0.000000000000e+00
6481,13112,IFWO,0.000000000000e+00
6481,13112,AGWO,0.000000000000e+00
6481,13112,PERO,0.000000000000e+00
6481,13112,TAET,0.000000000000e+00
6481,13112,SEDLOAD,0.000000000000e+00
6481,13112,SEDWSSD, 0.00000e+00
6481,13112,SEDSCRS, 0.00000e+00
6481,13112,SEDSURO, 0.00000e+00
6481,13112,SEDIFWO, 0.00000e+00
6481,13112,SEDAGWO, 0.00000e+00
6481,13112,SO_TN,0.000000000000e+00
6481,13112,IO_TN,0.000000000000e+00
6481,13112,AO_TN,0.000000000000e+00
6481,13112,PO_TN,0.000000000000e+00
6481,13112,SO_TP,0.000000000000e+00
6481,13112,IO_TP,0.000000000000e+00
6481,13112,AO_TP,0.000000000000e+00
6481,13112,PO_TP,0.000000000000e+00
6481,13112,SED_TP,0.000000000000e+00
6481,13112,SEDWSSD_TP,0.000000000000e+00
6481,13112,SEDSCRS_TP,0.000000000000e+00
6481,13112,SO_TCd,0.000000000000e+00
6481,13112,IO_TCd,0.000000000000e+00
6481,13112,AO_TCd,0.000000000000e+00
6481,13112,PO_TCd,0.000000000000e+00
6481,13112,SED_TCd,0.000000000000e+00
6481,13112,SEDWSSD_TCd,0.000000000000e+00
6481,13112,SEDSCRS_TCd,0.000000000000e+00
6481,13112,SO_TCu,0.000000000000e+00
6481,13112,IO_TCu,0.000000000000e+00
6481,13112,AO_TCu,0.000000000000e+00
6481,13112,PO_TCu,0.000000000000e+00
6481,13112,SED_TCu,0.000000000000e+00
6481,13112,SEDWSSD_TCu,0.000000000000e+00
6481,13112,SEDSCRS_TCu,0.000000000000e+00
6481,13112,SO_TPb,0.000000000000e+00
6481,13112,IO_TPb,0.000000000000e+00
6481,13112,AO_TPb,0.000000000000e+00
6481,13112,PO_TPb,0.000000000000e+00
6481,13112,SED_TPb,0.000000000000e+00
6481,13112,SEDWSSD_TPb,0.000000000000e+00
6481,13112,SEDSCRS_TPb,0.000000000000e+00
6481,13112,SO_TZn,0.000000000000e+00
6481,13112,IO_TZn,0.000000000000e+00
6481,13112,AO_TZn,0.000000000000e+00
6481,13112,PO_TZn,0.000000000000e+00
6481,13112,SED_TZn,0.000000000000e+00
6481,13112,SEDWSSD_TZn,0.000000000000e+00
6481,13112,SEDSCRS_TZn,0.000000000000e+00
6481,13121,AREA,0.000000000000e+00
6481,13121,PREC,0.000000000000e+00
6481,13121,SURO,0.000000000000e+00
6481,13121,IFWO,0.000000000000e+00
6481,13121,AGWO,0.000000000000e+00
6481,13121,PERO,0.000000000000e+00
6481,13121,TAET,0.000000000000e+00
6481,13121,SEDLOAD,0.000000000000e+00
6481,13121,SEDWSSD, 0.00000e+00
6481,13121,SEDSCRS, 0.00000e+00
6481,13121,SEDSURO, 0.00000e+00
6481,13121,SEDIFWO, 0.00000e+00
6481,13121,SEDAGWO, 0.00000e+00
6481,13121,SO_TN,0.000000000000e+00
6481,13121,IO_TN,0.000000000000e+00
6481,13121,AO_TN,0.000000000000e+00
6481,13121,PO_TN,0.000000000000e+00
6481,13121,SO_TP,0.000000000000e+00
6481,13121,IO_TP,0.000000000000e+00
6481,13121,AO_TP,0.000000000000e+00
6481,13121,PO_TP,0.000000000000e+00
6481,13121,SED_TP,0.000000000000e+00
6481,13121,SEDWSSD_TP,0.000000000000e+00
6481,13121,SEDSCRS_TP,0.000000000000e+00
6481,13121,SO_TCd,0.000000000000e+00
6481,13121,IO_TCd,0.000000000000e+00
6481,13121,AO_TCd,0.000000000000e+00
6481,13121,PO_TCd,0.000000000000e+00
6481,13121,SED_TCd,0.000000000000e+00
6481,13121,SEDWSSD_TCd,0.000000000000e+00
6481,13121,SEDSCRS_TCd,0.000000000000e+00
6481,13121,SO_TCu,0.000000000000e+00
6481,13121,IO_TCu,0.000000000000e+00
6481,13121,AO_TCu,0.000000000000e+00
6481,13121,PO_TCu,0.000000000000e+00
6481,13121,SED_TCu,0.000000000000e+00
6481,13121,SEDWSSD_TCu,0.000000000000e+00
6481,13121,SEDSCRS_TCu,0.000000000000e+00
6481,13121,SO_TPb,0.000000000000e+00
6481,13121,IO_TPb,0.000000000000e+00
6481,13121,AO_TPb,0.000000000000e+00
6481,13121,PO_TPb,0.000000000000e+00
6481,13121,SED_TPb,0.000000000000e+00
6481,13121,SEDWSSD_TPb,0.000000000000e+00
6481,13121,SEDSCRS_TPb,0.000000000000e+00
6481,13121,SO_TZn,0.000000000000e+00
6481,13121,IO_TZn,0.000000000000e+00
6481,13121,AO_TZn,0.000000000000e+00
6481,13121,PO_TZn,0.000000000000e+00
6481,13121,SED_TZn,0.000000000000e+00
6481,13121,SEDWSSD_TZn,0.000000000000e+00
6481,13121,SEDSCRS_TZn,0.000000000000e+00
6481,13122,AREA,0.000000000000e+00
6481,13122,PREC,0.000000000000e+00
6481,13122,SURO,0.000000000000e+00
6481,13122,IFWO,0.000000000000e+00
6481,13122,AGWO,0.000000000000e+00
6481,13122,PERO,0.000000000000e+00
6481,13122,TAET,0.000000000000e+00
6481,13122,SEDLOAD,0.000000000000e+00
6481,13122,SEDWSSD, 0.00000e+00
6481,13122,SEDSCRS, 0.00000e+00
6481,13122,SEDSURO, 0.00000e+00
6481,13122,SEDIFWO, 0.00000e+00
6481,13122,SEDAGWO, 0.00000e+00
6481,13122,SO_TN,0.000000000000e+00
6481,13122,IO_TN,0.000000000000e+00
6481,13122,AO_TN,0.000000000000e+00
6481,13122,PO_TN,0.000000000000e+00
6481,13122,SO_TP,0.000000000000e+00
6481,13122,IO_TP,0.000000000000e+00
6481,13122,AO_TP,0.000000000000e+00
6481,13122,PO_TP,0.000000000000e+00
6481,13122,SED_TP,0.000000000000e+00
6481,13122,SEDWSSD_TP,0.000000000000e+00
6481,13122,SEDSCRS_TP,0.000000000000e+00
6481,13122,SO_TCd,0.000000000000e+00
6481,13122,IO_TCd,0.000000000000e+00
6481,13122,AO_TCd,0.000000000000e+00
6481,13122,PO_TCd,0.000000000000e+00
6481,13122,SED_TCd,0.000000000000e+00
6481,13122,SEDWSSD_TCd,0.000000000000e+00
6481,13122,SEDSCRS_TCd,0.000000000000e+00
6481,13122,SO_TCu,0.000000000000e+00
6481,13122,IO_TCu,0.000000000000e+00
6481,13122,AO_TCu,0.000000000000e+00
6481,13122,PO_TCu,0.000000000000e+00
6481,13122,SED_TCu,0.000000000000e+00
6481,13122,SEDWSSD_TCu,0.000000000000e+00
6481,13122,SEDSCRS_TCu,0.000000000000e+00
6481,13122,SO_TPb,0.000000000000e+00
6481,13122,IO_TPb,0.000000000000e+00
6481,13122,AO_TPb,0.000000000000e+00
6481,13122,PO_TPb,0.000000000000e+00
6481,13122,SED_TPb,0.000000000000e+00
6481,13122,SEDWSSD_TPb,0.000000000000e+00
6481,13122,SEDSCRS_TPb,0.000000000000e+00
6481,13122,SO_TZn,0.000000000000e+00
6481,13122,IO_TZn,0.000000000000e+00
6481,13122,AO_TZn,0.000000000000e+00
6481,13122,PO_TZn,0.000000000000e+00
6481,13122,SED_TZn,0.000000000000e+00
6481,13122,SEDWSSD_TZn,0.000000000000e+00
6481,13122,SEDSCRS_TZn,0.000000000000e+00
6481,13211,AREA,0.000000000000e+00
6481,13211,PREC,0.000000000000e+00
6481,13211,SURO,0.000000000000e+00
6481,13211,IFWO,0.000000000000e+00
6481,13211,AGWO,0.000000000000e+00
6481,13211,PERO,0.000000000000e+00
6481,13211,TAET,0.000000000000e+00
6481,13211,SEDLOAD,0.000000000000e+00
6481,13211,SEDWSSD, 0.00000e+00
6481,13211,SEDSCRS, 0.00000e+00
6481,13211,SEDSURO, 0.00000e+00
6481,13211,SEDIFWO, 0.00000e+00
6481,13211,SEDAGWO, 0.00000e+00
6481,13211,SO_TN,0.000000000000e+00
6481,13211,IO_TN,0.000000000000e+00
6481,13211,AO_TN,0.000000000000e+00
6481,13211,PO_TN,0.000000000000e+00
6481,13211,SO_TP,0.000000000000e+00
6481,13211,IO_TP,0.000000000000e+00
6481,13211,AO_TP,0.000000000000e+00
6481,13211,PO_TP,0.000000000000e+00
6481,13211,SED_TP,0.000000000000e+00
6481,13211,SEDWSSD_TP,0.000000000000e+00
6481,13211,SEDSCRS_TP,0.000000000000e+00
6481,13211,SO_TCd,0.000000000000e+00
6481,13211,IO_TCd,0.000000000000e+00
6481,13211,AO_TCd,0.000000000000e+00
6481,13211,PO_TCd,0.000000000000e+00
6481,13211,SED_TCd,0.000000000000e+00
6481,13211,SEDWSSD_TCd,0.000000000000e+00
6481,13211,SEDSCRS_TCd,0.000000000000e+00
6481,13211,SO_TCu,0.000000000000e+00
6481,13211,IO_TCu,0.000000000000e+00
6481,13211,AO_TCu,0.000000000000e+00
6481,13211,PO_TCu,0.000000000000e+00
6481,13211,SED_TCu,0.000000000000e+00
6481,13211,SEDWSSD_TCu,0.000000000000e+00
6481,13211,SEDSCRS_TCu,0.000000000000e+00
6481,13211,SO_TPb,0.000000000000e+00
6481,13211,IO_TPb,0.000000000000e+00
6481,13211,AO_TPb,0.000000000000e+00
6481,13211,PO_TPb,0.000000000000e+00
6481,13211,SED_TPb,0.000000000000e+00
6481,13211,SEDWSSD_TPb,0.000000000000e+00
6481,13211,SEDSCRS_TPb,0.000000000000e+00
6481,13211,SO_TZn,0.000000000000e+00
6481,13211,IO_TZn,0.000000000000e+00
6481,13211,AO_TZn,0.000000000000e+00
6481,13211,PO_TZn,0.000000000000e+00
6481,13211,SED_TZn,0.000000000000e+00
6481,13211,SEDWSSD_TZn,0.000000000000e+00
6481,13211,SEDSCRS_TZn,0.000000000000e+00
6481,13212,AREA,0.000000000000e+00
6481,13212,PREC,0.000000000000e+00
6481,13212,SURO,0.000000000000e+00
6481,13212,IFWO,0.000000000000e+00
6481,13212,AGWO,0.000000000000e+00
6481,13212,PERO,0.000000000000e+00
6481,13212,TAET,0.000000000000e+00
6481,13212,SEDLOAD,0.000000000000e+00
6481,13212,SEDWSSD, 0.00000e+00
6481,13212,SEDSCRS, 0.00000e+00
6481,13212,SEDSURO, 0.00000e+00
6481,13212,SEDIFWO, 0.00000e+00
6481,13212,SEDAGWO, 0.00000e+00
6481,13212,SO_TN,0.000000000000e+00
6481,13212,IO_TN,0.000000000000e+00
6481,13212,AO_TN,0.000000000000e+00
6481,13212,PO_TN,0.000000000000e+00
6481,13212,SO_TP,0.000000000000e+00
6481,13212,IO_TP,0.000000000000e+00
6481,13212,AO_TP,0.000000000000e+00
6481,13212,PO_TP,0.000000000000e+00
6481,13212,SED_TP,0.000000000000e+00
6481,13212,SEDWSSD_TP,0.000000000000e+00
6481,13212,SEDSCRS_TP,0.000000000000e+00
6481,13212,SO_TCd,0.000000000000e+00
6481,13212,IO_TCd,0.000000000000e+00
6481,13212,AO_TCd,0.000000000000e+00
6481,13212,PO_TCd,0.000000000000e+00
6481,13212,SED_TCd,0.000000000000e+00
6481,13212,SEDWSSD_TCd,0.000000000000e+00
6481,13212,SEDSCRS_TCd,0.000000000000e+00
6481,13212,SO_TCu,0.000000000000e+00
6481,13212,IO_TCu,0.000000000000e+00
6481,13212,AO_TCu,0.000000000000e+00
6481,13212,PO_TCu,0.000000000000e+00
6481,13212,SED_TCu,0.000000000000e+00
6481,13212,SEDWSSD_TCu,0.000000000000e+00
6481,13212,SEDSCRS_TCu,0.000000000000e+00
6481,13212,SO_TPb,0.000000000000e+00
6481,13212,IO_TPb,0.000000000000e+00
6481,13212,AO_TPb,0.000000000000e+00
6481,13212,PO_TPb,0.000000000000e+00
6481,13212,SED_TPb,0.000000000000e+00
6481,13212,SEDWSSD_TPb,0.000000000000e+00
6481,13212,SEDSCRS_TPb,0.000000000000e+00
6481,13212,SO_TZn,0.000000000000e+00
6481,13212,IO_TZn,0.000000000000e+00
6481,13212,AO_TZn,0.000000000000e+00
6481,13212,PO_TZn,0.000000000000e+00
6481,13212,SED_TZn,0.000000000000e+00
6481,13212,SEDWSSD_TZn,0.000000000000e+00
6481,13212,SEDSCRS_TZn,0.000000000000e+00
6481,13221,AREA,0.000000000000e+00
6481,13221,PREC,0.000000000000e+00
6481,13221,SURO,0.000000000000e+00
6481,13221,IFWO,0.000000000000e+00
6481,13221,AGWO,0.000000000000e+00
6481,13221,PERO,0.000000000000e+00
6481,13221,TAET,0.000000000000e+00
6481,13221,SEDLOAD,0.000000000000e+00
6481,13221,SEDWSSD, 0.00000e+00
6481,13221,SEDSCRS, 0.00000e+00
6481,13221,SEDSURO, 0.00000e+00
6481,13221,SEDIFWO, 0.00000e+00
6481,13221,SEDAGWO, 0.00000e+00
6481,13221,SO_TN,0.000000000000e+00
6481,13221,IO_TN,0.000000000000e+00
6481,13221,AO_TN,0.000000000000e+00
6481,13221,PO_TN,0.000000000000e+00
6481,13221,SO_TP,0.000000000000e+00
6481,13221,IO_TP,0.000000000000e+00
6481,13221,AO_TP,0.000000000000e+00
6481,13221,PO_TP,0.000000000000e+00
6481,13221,SED_TP,0.000000000000e+00
6481,13221,SEDWSSD_TP,0.000000000000e+00
6481,13221,SEDSCRS_TP,0.000000000000e+00
6481,13221,SO_TCd,0.000000000000e+00
6481,13221,IO_TCd,0.000000000000e+00
6481,13221,AO_TCd,0.000000000000e+00
6481,13221,PO_TCd,0.000000000000e+00
6481,13221,SED_TCd,0.000000000000e+00
6481,13221,SEDWSSD_TCd,0.000000000000e+00
6481,13221,SEDSCRS_TCd,0.000000000000e+00
6481,13221,SO_TCu,0.000000000000e+00
6481,13221,IO_TCu,0.000000000000e+00
6481,13221,AO_TCu,0.000000000000e+00
6481,13221,PO_TCu,0.000000000000e+00
6481,13221,SED_TCu,0.000000000000e+00
6481,13221,SEDWSSD_TCu,0.000000000000e+00
6481,13221,SEDSCRS_TCu,0.000000000000e+00
6481,13221,SO_TPb,0.000000000000e+00
6481,13221,IO_TPb,0.000000000000e+00
6481,13221,AO_TPb,0.000000000000e+00
6481,13221,PO_TPb,0.000000000000e+00
6481,13221,SED_TPb,0.000000000000e+00
6481,13221,SEDWSSD_TPb,0.000000000000e+00
6481,13221,SEDSCRS_TPb,0.000000000000e+00
6481,13221,SO_TZn,0.000000000000e+00
6481,13221,IO_TZn,0.000000000000e+00
6481,13221,AO_TZn,0.000000000000e+00
6481,13221,PO_TZn,0.000000000000e+00
6481,13221,SED_TZn,0.000000000000e+00
6481,13221,SEDWSSD_TZn,0.000000000000e+00
6481,13221,SEDSCRS_TZn,0.000000000000e+00
6481,13222,AREA,0.000000000000e+00
6481,13222,PREC,0.000000000000e+00
6481,13222,SURO,0.000000000000e+00
6481,13222,IFWO,0.000000000000e+00
6481,13222,AGWO,0.000000000000e+00
6481,13222,PERO,0.000000000000e+00
6481,13222,TAET,0.000000000000e+00
6481,13222,SEDLOAD,0.000000000000e+00
6481,13222,SEDWSSD, 0.00000e+00
6481,13222,SEDSCRS, 0.00000e+00
6481,13222,SEDSURO, 0.00000e+00
6481,13222,SEDIFWO, 0.00000e+00
6481,13222,SEDAGWO, 0.00000e+00
6481,13222,SO_TN,0.000000000000e+00
6481,13222,IO_TN,0.000000000000e+00
6481,13222,AO_TN,0.000000000000e+00
6481,13222,PO_TN,0.000000000000e+00
6481,13222,SO_TP,0.000000000000e+00
6481,13222,IO_TP,0.000000000000e+00
6481,13222,AO_TP,0.000000000000e+00
6481,13222,PO_TP,0.000000000000e+00
6481,13222,SED_TP,0.000000000000e+00
6481,13222,SEDWSSD_TP,0.000000000000e+00
6481,13222,SEDSCRS_TP,0.000000000000e+00
6481,13222,SO_TCd,0.000000000000e+00
6481,13222,IO_TCd,0.000000000000e+00
6481,13222,AO_TCd,0.000000000000e+00
6481,13222,PO_TCd,0.000000000000e+00
6481,13222,SED_TCd,0.000000000000e+00
6481,13222,SEDWSSD_TCd,0.000000000000e+00
6481,13222,SEDSCRS_TCd,0.000000000000e+00
6481,13222,SO_TCu,0.000000000000e+00
6481,13222,IO_TCu,0.000000000000e+00
6481,13222,AO_TCu,0.000000000000e+00
6481,13222,PO_TCu,0.000000000000e+00
6481,13222,SED_TCu,0.000000000000e+00
6481,13222,SEDWSSD_TCu,0.000000000000e+00
6481,13222,SEDSCRS_TCu,0.000000000000e+00
6481,13222,SO_TPb,0.000000000000e+00
6481,13222,IO_TPb,0.000000000000e+00
6481,13222,AO_TPb,0.000000000000e+00
6481,13222,PO_TPb,0.000000000000e+00
6481,13222,SED_TPb,0.000000000000e+00
6481,13222,SEDWSSD_TPb,0.000000000000e+00
6481,13222,SEDSCRS_TPb,0.000000000000e+00
6481,13222,SO_TZn,0.000000000000e+00
6481,13222,IO_TZn,0.000000000000e+00
6481,13222,AO_TZn,0.000000000000e+00
6481,13222,PO_TZn,0.000000000000e+00
6481,13222,SED_TZn,0.000000000000e+00
6481,13222,SEDWSSD_TZn,0.000000000000e+00
6481,13222,SEDSCRS_TZn,0.000000000000e+00
6481,13231,AREA,0.000000000000e+00
6481,13231,PREC,0.000000000000e+00
6481,13231,SURO,0.000000000000e+00
6481,13231,IFWO,0.000000000000e+00
6481,13231,AGWO,0.000000000000e+00
6481,13231,PERO,0.000000000000e+00
6481,13231,TAET,0.000000000000e+00
6481,13231,SEDLOAD,0.000000000000e+00
6481,13231,SEDWSSD, 0.00000e+00
6481,13231,SEDSCRS, 0.00000e+00
6481,13231,SEDSURO, 0.00000e+00
6481,13231,SEDIFWO, 0.00000e+00
6481,13231,SEDAGWO, 0.00000e+00
6481,13231,SO_TN,0.000000000000e+00
6481,13231,IO_TN,0.000000000000e+00
6481,13231,AO_TN,0.000000000000e+00
6481,13231,PO_TN,0.000000000000e+00
6481,13231,SO_TP,0.000000000000e+00
6481,13231,IO_TP,0.000000000000e+00
6481,13231,AO_TP,0.000000000000e+00
6481,13231,PO_TP,0.000000000000e+00
6481,13231,SED_TP,0.000000000000e+00
6481,13231,SEDWSSD_TP,0.000000000000e+00
6481,13231,SEDSCRS_TP,0.000000000000e+00
6481,13231,SO_TCd,0.000000000000e+00
6481,13231,IO_TCd,0.000000000000e+00
6481,13231,AO_TCd,0.000000000000e+00
6481,13231,PO_TCd,0.000000000000e+00
6481,13231,SED_TCd,0.000000000000e+00
6481,13231,SEDWSSD_TCd,0.000000000000e+00
6481,13231,SEDSCRS_TCd,0.000000000000e+00
6481,13231,SO_TCu,0.000000000000e+00
6481,13231,IO_TCu,0.000000000000e+00
6481,13231,AO_TCu,0.000000000000e+00
6481,13231,PO_TCu,0.000000000000e+00
6481,13231,SED_TCu,0.000000000000e+00
6481,13231,SEDWSSD_TCu,0.000000000000e+00
6481,13231,SEDSCRS_TCu,0.000000000000e+00
6481,13231,SO_TPb,0.000000000000e+00
6481,13231,IO_TPb,0.000000000000e+00
6481,13231,AO_TPb,0.000000000000e+00
6481,13231,PO_TPb,0.000000000000e+00
6481,13231,SED_TPb,0.000000000000e+00
6481,13231,SEDWSSD_TPb,0.000000000000e+00
6481,13231,SEDSCRS_TPb,0.000000000000e+00
6481,13231,SO_TZn,0.000000000000e+00
6481,13231,IO_TZn,0.000000000000e+00
6481,13231,AO_TZn,0.000000000000e+00
6481,13231,PO_TZn,0.000000000000e+00
6481,13231,SED_TZn,0.000000000000e+00
6481,13231,SEDWSSD_TZn,0.000000000000e+00
6481,13231,SEDSCRS_TZn,0.000000000000e+00
6481,13232,AREA,0.000000000000e+00
6481,13232,PREC,0.000000000000e+00
6481,13232,SURO,0.000000000000e+00
6481,13232,IFWO,0.000000000000e+00
6481,13232,AGWO,0.000000000000e+00
6481,13232,PERO,0.000000000000e+00
6481,13232,TAET,0.000000000000e+00
6481,13232,SEDLOAD,0.000000000000e+00
6481,13232,SEDWSSD, 0.00000e+00
6481,13232,SEDSCRS, 0.00000e+00
6481,13232,SEDSURO, 0.00000e+00
6481,13232,SEDIFWO, 0.00000e+00
6481,13232,SEDAGWO, 0.00000e+00
6481,13232,SO_TN,0.000000000000e+00
6481,13232,IO_TN,0.000000000000e+00
6481,13232,AO_TN,0.000000000000e+00
6481,13232,PO_TN,0.000000000000e+00
6481,13232,SO_TP,0.000000000000e+00
6481,13232,IO_TP,0.000000000000e+00
6481,13232,AO_TP,0.000000000000e+00
6481,13232,PO_TP,0.000000000000e+00
6481,13232,SED_TP,0.000000000000e+00
6481,13232,SEDWSSD_TP,0.000000000000e+00
6481,13232,SEDSCRS_TP,0.000000000000e+00
6481,13232,SO_TCd,0.000000000000e+00
6481,13232,IO_TCd,0.000000000000e+00
6481,13232,AO_TCd,0.000000000000e+00
6481,13232,PO_TCd,0.000000000000e+00
6481,13232,SED_TCd,0.000000000000e+00
6481,13232,SEDWSSD_TCd,0.000000000000e+00
6481,13232,SEDSCRS_TCd,0.000000000000e+00
6481,13232,SO_TCu,0.000000000000e+00
6481,13232,IO_TCu,0.000000000000e+00
6481,13232,AO_TCu,0.000000000000e+00
6481,13232,PO_TCu,0.000000000000e+00
6481,13232,SED_TCu,0.000000000000e+00
6481,13232,SEDWSSD_TCu,0.000000000000e+00
6481,13232,SEDSCRS_TCu,0.000000000000e+00
6481,13232,SO_TPb,0.000000000000e+00
6481,13232,IO_TPb,0.000000000000e+00
6481,13232,AO_TPb,0.000000000000e+00
6481,13232,PO_TPb,0.000000000000e+00
6481,13232,SED_TPb,0.000000000000e+00
6481,13232,SEDWSSD_TPb,0.000000000000e+00
6481,13232,SEDSCRS_TPb,0.000000000000e+00
6481,13232,SO_TZn,0.000000000000e+00
6481,13232,IO_TZn,0.000000000000e+00
6481,13232,AO_TZn,0.000000000000e+00
6481,13232,PO_TZn,0.000000000000e+00
6481,13232,SED_TZn,0.000000000000e+00
6481,13232,SEDWSSD_TZn,0.000000000000e+00
6481,13232,SEDSCRS_TZn,0.000000000000e+00
6481,13311,AREA,0.000000000000e+00
6481,13311,PREC,0.000000000000e+00
6481,13311,SURO,0.000000000000e+00
6481,13311,IFWO,0.000000000000e+00
6481,13311,AGWO,0.000000000000e+00
6481,13311,PERO,0.000000000000e+00
6481,13311,TAET,0.000000000000e+00
6481,13311,SEDLOAD,0.000000000000e+00
6481,13311,SEDWSSD, 0.00000e+00
6481,13311,SEDSCRS, 0.00000e+00
6481,13311,SEDSURO, 0.00000e+00
6481,13311,SEDIFWO, 0.00000e+00
6481,13311,SEDAGWO, 0.00000e+00
6481,13311,SO_TN,0.000000000000e+00
6481,13311,IO_TN,0.000000000000e+00
6481,13311,AO_TN,0.000000000000e+00
6481,13311,PO_TN,0.000000000000e+00
6481,13311,SO_TP,0.000000000000e+00
6481,13311,IO_TP,0.000000000000e+00
6481,13311,AO_TP,0.000000000000e+00
6481,13311,PO_TP,0.000000000000e+00
6481,13311,SED_TP,0.000000000000e+00
6481,13311,SEDWSSD_TP,0.000000000000e+00
6481,13311,SEDSCRS_TP,0.000000000000e+00
6481,13311,SO_TCd,0.000000000000e+00
6481,13311,IO_TCd,0.000000000000e+00
6481,13311,AO_TCd,0.000000000000e+00
6481,13311,PO_TCd,0.000000000000e+00
6481,13311,SED_TCd,0.000000000000e+00
6481,13311,SEDWSSD_TCd,0.000000000000e+00
6481,13311,SEDSCRS_TCd,0.000000000000e+00
6481,13311,SO_TCu,0.000000000000e+00
6481,13311,IO_TCu,0.000000000000e+00
6481,13311,AO_TCu,0.000000000000e+00
6481,13311,PO_TCu,0.000000000000e+00
6481,13311,SED_TCu,0.000000000000e+00
6481,13311,SEDWSSD_TCu,0.000000000000e+00
6481,13311,SEDSCRS_TCu,0.000000000000e+00
6481,13311,SO_TPb,0.000000000000e+00
6481,13311,IO_TPb,0.000000000000e+00
6481,13311,AO_TPb,0.000000000000e+00
6481,13311,PO_TPb,0.000000000000e+00
6481,13311,SED_TPb,0.000000000000e+00
6481,13311,SEDWSSD_TPb,0.000000000000e+00
6481,13311,SEDSCRS_TPb,0.000000000000e+00
6481,13311,SO_TZn,0.000000000000e+00
6481,13311,IO_TZn,0.000000000000e+00
6481,13311,AO_TZn,0.000000000000e+00
6481,13311,PO_TZn,0.000000000000e+00
6481,13311,SED_TZn,0.000000000000e+00
6481,13311,SEDWSSD_TZn,0.000000000000e+00
6481,13311,SEDSCRS_TZn,0.000000000000e+00
6481,13312,AREA,0.000000000000e+00
6481,13312,PREC,0.000000000000e+00
6481,13312,SURO,0.000000000000e+00
6481,13312,IFWO,0.000000000000e+00
6481,13312,AGWO,0.000000000000e+00
6481,13312,PERO,0.000000000000e+00
6481,13312,TAET,0.000000000000e+00
6481,13312,SEDLOAD,0.000000000000e+00
6481,13312,SEDWSSD, 0.00000e+00
6481,13312,SEDSCRS, 0.00000e+00
6481,13312,SEDSURO, 0.00000e+00
6481,13312,SEDIFWO, 0.00000e+00
6481,13312,SEDAGWO, 0.00000e+00
6481,13312,SO_TN,0.000000000000e+00
6481,13312,IO_TN,0.000000000000e+00
6481,13312,AO_TN,0.000000000000e+00
6481,13312,PO_TN,0.000000000000e+00
6481,13312,SO_TP,0.000000000000e+00
6481,13312,IO_TP,0.000000000000e+00
6481,13312,AO_TP,0.000000000000e+00
6481,13312,PO_TP,0.000000000000e+00
6481,13312,SED_TP,0.000000000000e+00
6481,13312,SEDWSSD_TP,0.000000000000e+00
6481,13312,SEDSCRS_TP,0.000000000000e+00
6481,13312,SO_TCd,0.000000000000e+00
6481,13312,IO_TCd,0.000000000000e+00
6481,13312,AO_TCd,0.000000000000e+00
6481,13312,PO_TCd,0.000000000000e+00
6481,13312,SED_TCd,0.000000000000e+00
6481,13312,SEDWSSD_TCd,0.000000000000e+00
6481,13312,SEDSCRS_TCd,0.000000000000e+00
6481,13312,SO_TCu,0.000000000000e+00
6481,13312,IO_TCu,0.000000000000e+00
6481,13312,AO_TCu,0.000000000000e+00
6481,13312,PO_TCu,0.000000000000e+00
6481,13312,SED_TCu,0.000000000000e+00
6481,13312,SEDWSSD_TCu,0.000000000000e+00
6481,13312,SEDSCRS_TCu,0.000000000000e+00
6481,13312,SO_TPb,0.000000000000e+00
6481,13312,IO_TPb,0.000000000000e+00
6481,13312,AO_TPb,0.000000000000e+00
6481,13312,PO_TPb,0.000000000000e+00
6481,13312,SED_TPb,0.000000000000e+00
6481,13312,SEDWSSD_TPb,0.000000000000e+00
6481,13312,SEDSCRS_TPb,0.000000000000e+00
6481,13312,SO_TZn,0.000000000000e+00
6481,13312,IO_TZn,0.000000000000e+00
6481,13312,AO_TZn,0.000000000000e+00
6481,13312,PO_TZn,0.000000000000e+00
6481,13312,SED_TZn,0.000000000000e+00
6481,13312,SEDWSSD_TZn,0.000000000000e+00
6481,13312,SEDSCRS_TZn,0.000000000000e+00
6481,13321,AREA,0.000000000000e+00
6481,13321,PREC,0.000000000000e+00
6481,13321,SURO,0.000000000000e+00
6481,13321,IFWO,0.000000000000e+00
6481,13321,AGWO,0.000000000000e+00
6481,13321,PERO,0.000000000000e+00
6481,13321,TAET,0.000000000000e+00
6481,13321,SEDLOAD,0.000000000000e+00
6481,13321,SEDWSSD, 0.00000e+00
6481,13321,SEDSCRS, 0.00000e+00
6481,13321,SEDSURO, 0.00000e+00
6481,13321,SEDIFWO, 0.00000e+00
6481,13321,SEDAGWO, 0.00000e+00
6481,13321,SO_TN,0.000000000000e+00
6481,13321,IO_TN,0.000000000000e+00
6481,13321,AO_TN,0.000000000000e+00
6481,13321,PO_TN,0.000000000000e+00
6481,13321,SO_TP,0.000000000000e+00
6481,13321,IO_TP,0.000000000000e+00
6481,13321,AO_TP,0.000000000000e+00
6481,13321,PO_TP,0.000000000000e+00
6481,13321,SED_TP,0.000000000000e+00
6481,13321,SEDWSSD_TP,0.000000000000e+00
6481,13321,SEDSCRS_TP,0.000000000000e+00
6481,13321,SO_TCd,0.000000000000e+00
6481,13321,IO_TCd,0.000000000000e+00
6481,13321,AO_TCd,0.000000000000e+00
6481,13321,PO_TCd,0.000000000000e+00
6481,13321,SED_TCd,0.000000000000e+00
6481,13321,SEDWSSD_TCd,0.000000000000e+00
6481,13321,SEDSCRS_TCd,0.000000000000e+00
6481,13321,SO_TCu,0.000000000000e+00
6481,13321,IO_TCu,0.000000000000e+00
6481,13321,AO_TCu,0.000000000000e+00
6481,13321,PO_TCu,0.000000000000e+00
6481,13321,SED_TCu,0.000000000000e+00
6481,13321,SEDWSSD_TCu,0.000000000000e+00
6481,13321,SEDSCRS_TCu,0.000000000000e+00
6481,13321,SO_TPb,0.000000000000e+00
6481,13321,IO_TPb,0.000000000000e+00
6481,13321,AO_TPb,0.000000000000e+00
6481,13321,PO_TPb,0.000000000000e+00
6481,13321,SED_TPb,0.000000000000e+00
6481,13321,SEDWSSD_TPb,0.000000000000e+00
6481,13321,SEDSCRS_TPb,0.000000000000e+00
6481,13321,SO_TZn,0.000000000000e+00
6481,13321,IO_TZn,0.000000000000e+00
6481,13321,AO_TZn,0.000000000000e+00
6481,13321,PO_TZn,0.000000000000e+00
6481,13321,SED_TZn,0.000000000000e+00
6481,13321,SEDWSSD_TZn,0.000000000000e+00
6481,13321,SEDSCRS_TZn,0.000000000000e+00
6481,13322,AREA,0.000000000000e+00
6481,13322,PREC,0.000000000000e+00
6481,13322,SURO,0.000000000000e+00
6481,13322,IFWO,0.000000000000e+00
6481,13322,AGWO,0.000000000000e+00
6481,13322,PERO,0.000000000000e+00
6481,13322,TAET,0.000000000000e+00
6481,13322,SEDLOAD,0.000000000000e+00
6481,13322,SEDWSSD, 0.00000e+00
6481,13322,SEDSCRS, 0.00000e+00
6481,13322,SEDSURO, 0.00000e+00
6481,13322,SEDIFWO, 0.00000e+00
6481,13322,SEDAGWO, 0.00000e+00
6481,13322,SO_TN,0.000000000000e+00
6481,13322,IO_TN,0.000000000000e+00
6481,13322,AO_TN,0.000000000000e+00
6481,13322,PO_TN,0.000000000000e+00
6481,13322,SO_TP,0.000000000000e+00
6481,13322,IO_TP,0.000000000000e+00
6481,13322,AO_TP,0.000000000000e+00
6481,13322,PO_TP,0.000000000000e+00
6481,13322,SED_TP,0.000000000000e+00
6481,13322,SEDWSSD_TP,0.000000000000e+00
6481,13322,SEDSCRS_TP,0.000000000000e+00
6481,13322,SO_TCd,0.000000000000e+00
6481,13322,IO_TCd,0.000000000000e+00
6481,13322,AO_TCd,0.000000000000e+00
6481,13322,PO_TCd,0.000000000000e+00
6481,13322,SED_TCd,0.000000000000e+00
6481,13322,SEDWSSD_TCd,0.000000000000e+00
6481,13322,SEDSCRS_TCd,0.000000000000e+00
6481,13322,SO_TCu,0.000000000000e+00
6481,13322,IO_TCu,0.000000000000e+00
6481,13322,AO_TCu,0.000000000000e+00
6481,13322,PO_TCu,0.000000000000e+00
6481,13322,SED_TCu,0.000000000000e+00
6481,13322,SEDWSSD_TCu,0.000000000000e+00
6481,13322,SEDSCRS_TCu,0.000000000000e+00
6481,13322,SO_TPb,0.000000000000e+00
6481,13322,IO_TPb,0.000000000000e+00
6481,13322,AO_TPb,0.000000000000e+00
6481,13322,PO_TPb,0.000000000000e+00
6481,13322,SED_TPb,0.000000000000e+00
6481,13322,SEDWSSD_TPb,0.000000000000e+00
6481,13322,SEDSCRS_TPb,0.000000000000e+00
6481,13322,SO_TZn,0.000000000000e+00
6481,13322,IO_TZn,0.000000000000e+00
6481,13322,AO_TZn,0.000000000000e+00
6481,13322,PO_TZn,0.000000000000e+00
6481,13322,SED_TZn,0.000000000000e+00
6481,13322,SEDWSSD_TZn,0.000000000000e+00
6481,13322,SEDSCRS_TZn,0.000000000000e+00
6481,13331,AREA,0.000000000000e+00
6481,13331,PREC,0.000000000000e+00
6481,13331,SURO,0.000000000000e+00
6481,13331,IFWO,0.000000000000e+00
6481,13331,AGWO,0.000000000000e+00
6481,13331,PERO,0.000000000000e+00
6481,13331,TAET,0.000000000000e+00
6481,13331,SEDLOAD,0.000000000000e+00
6481,13331,SEDWSSD, 0.00000e+00
6481,13331,SEDSCRS, 0.00000e+00
6481,13331,SEDSURO, 0.00000e+00
6481,13331,SEDIFWO, 0.00000e+00
6481,13331,SEDAGWO, 0.00000e+00
6481,13331,SO_TN,0.000000000000e+00
6481,13331,IO_TN,0.000000000000e+00
6481,13331,AO_TN,0.000000000000e+00
6481,13331,PO_TN,0.000000000000e+00
6481,13331,SO_TP,0.000000000000e+00
6481,13331,IO_TP,0.000000000000e+00
6481,13331,AO_TP,0.000000000000e+00
6481,13331,PO_TP,0.000000000000e+00
6481,13331,SED_TP,0.000000000000e+00
6481,13331,SEDWSSD_TP,0.000000000000e+00
6481,13331,SEDSCRS_TP,0.000000000000e+00
6481,13331,SO_TCd,0.000000000000e+00
6481,13331,IO_TCd,0.000000000000e+00
6481,13331,AO_TCd,0.000000000000e+00
6481,13331,PO_TCd,0.000000000000e+00
6481,13331,SED_TCd,0.000000000000e+00
6481,13331,SEDWSSD_TCd,0.000000000000e+00
6481,13331,SEDSCRS_TCd,0.000000000000e+00
6481,13331,SO_TCu,0.000000000000e+00
6481,13331,IO_TCu,0.000000000000e+00
6481,13331,AO_TCu,0.000000000000e+00
6481,13331,PO_TCu,0.000000000000e+00
6481,13331,SED_TCu,0.000000000000e+00
6481,13331,SEDWSSD_TCu,0.000000000000e+00
6481,13331,SEDSCRS_TCu,0.000000000000e+00
6481,13331,SO_TPb,0.000000000000e+00
6481,13331,IO_TPb,0.000000000000e+00
6481,13331,AO_TPb,0.000000000000e+00
6481,13331,PO_TPb,0.000000000000e+00
6481,13331,SED_TPb,0.000000000000e+00
6481,13331,SEDWSSD_TPb,0.000000000000e+00
6481,13331,SEDSCRS_TPb,0.000000000000e+00
6481,13331,SO_TZn,0.000000000000e+00
6481,13331,IO_TZn,0.000000000000e+00
6481,13331,AO_TZn,0.000000000000e+00
6481,13331,PO_TZn,0.000000000000e+00
6481,13331,SED_TZn,0.000000000000e+00
6481,13331,SEDWSSD_TZn,0.000000000000e+00
6481,13331,SEDSCRS_TZn,0.000000000000e+00
6481,13411,AREA,0.000000000000e+00
6481,13411,PREC,0.000000000000e+00
6481,13411,SURO,0.000000000000e+00
6481,13411,IFWO,0.000000000000e+00
6481,13411,AGWO,0.000000000000e+00
6481,13411,PERO,0.000000000000e+00
6481,13411,TAET,0.000000000000e+00
6481,13411,SEDLOAD,0.000000000000e+00
6481,13411,SEDWSSD, 0.00000e+00
6481,13411,SEDSCRS, 0.00000e+00
6481,13411,SEDSURO, 0.00000e+00
6481,13411,SEDIFWO, 0.00000e+00
6481,13411,SEDAGWO, 0.00000e+00
6481,13411,SO_TN,0.000000000000e+00
6481,13411,IO_TN,0.000000000000e+00
6481,13411,AO_TN,0.000000000000e+00
6481,13411,PO_TN,0.000000000000e+00
6481,13411,SO_TP,0.000000000000e+00
6481,13411,IO_TP,0.000000000000e+00
6481,13411,AO_TP,0.000000000000e+00
6481,13411,PO_TP,0.000000000000e+00
6481,13411,SED_TP,0.000000000000e+00
6481,13411,SEDWSSD_TP,0.000000000000e+00
6481,13411,SEDSCRS_TP,0.000000000000e+00
6481,13411,SO_TCd,0.000000000000e+00
6481,13411,IO_TCd,0.000000000000e+00
6481,13411,AO_TCd,0.000000000000e+00
6481,13411,PO_TCd,0.000000000000e+00
6481,13411,SED_TCd,0.000000000000e+00
6481,13411,SEDWSSD_TCd,0.000000000000e+00
6481,13411,SEDSCRS_TCd,0.000000000000e+00
6481,13411,SO_TCu,0.000000000000e+00
6481,13411,IO_TCu,0.000000000000e+00
6481,13411,AO_TCu,0.000000000000e+00
6481,13411,PO_TCu,0.000000000000e+00
6481,13411,SED_TCu,0.000000000000e+00
6481,13411,SEDWSSD_TCu,0.000000000000e+00
6481,13411,SEDSCRS_TCu,0.000000000000e+00
6481,13411,SO_TPb,0.000000000000e+00
6481,13411,IO_TPb,0.000000000000e+00
6481,13411,AO_TPb,0.000000000000e+00
6481,13411,PO_TPb,0.000000000000e+00
6481,13411,SED_TPb,0.000000000000e+00
6481,13411,SEDWSSD_TPb,0.000000000000e+00
6481,13411,SEDSCRS_TPb,0.000000000000e+00
6481,13411,SO_TZn,0.000000000000e+00
6481,13411,IO_TZn,0.000000000000e+00
6481,13411,AO_TZn,0.000000000000e+00
6481,13411,PO_TZn,0.000000000000e+00
6481,13411,SED_TZn,0.000000000000e+00
6481,13411,SEDWSSD_TZn,0.000000000000e+00
6481,13411,SEDSCRS_TZn,0.000000000000e+00
6481,13412,AREA,0.000000000000e+00
6481,13412,PREC,0.000000000000e+00
6481,13412,SURO,0.000000000000e+00
6481,13412,IFWO,0.000000000000e+00
6481,13412,AGWO,0.000000000000e+00
6481,13412,PERO,0.000000000000e+00
6481,13412,TAET,0.000000000000e+00
6481,13412,SEDLOAD,0.000000000000e+00
6481,13412,SEDWSSD, 0.00000e+00
6481,13412,SEDSCRS, 0.00000e+00
6481,13412,SEDSURO, 0.00000e+00
6481,13412,SEDIFWO, 0.00000e+00
6481,13412,SEDAGWO, 0.00000e+00
6481,13412,SO_TN,0.000000000000e+00
6481,13412,IO_TN,0.000000000000e+00
6481,13412,AO_TN,0.000000000000e+00
6481,13412,PO_TN,0.000000000000e+00
6481,13412,SO_TP,0.000000000000e+00
6481,13412,IO_TP,0.000000000000e+00
6481,13412,AO_TP,0.000000000000e+00
6481,13412,PO_TP,0.000000000000e+00
6481,13412,SED_TP,0.000000000000e+00
6481,13412,SEDWSSD_TP,0.000000000000e+00
6481,13412,SEDSCRS_TP,0.000000000000e+00
6481,13412,SO_TCd,0.000000000000e+00
6481,13412,IO_TCd,0.000000000000e+00
6481,13412,AO_TCd,0.000000000000e+00
6481,13412,PO_TCd,0.000000000000e+00
6481,13412,SED_TCd,0.000000000000e+00
6481,13412,SEDWSSD_TCd,0.000000000000e+00
6481,13412,SEDSCRS_TCd,0.000000000000e+00
6481,13412,SO_TCu,0.000000000000e+00
6481,13412,IO_TCu,0.000000000000e+00
6481,13412,AO_TCu,0.000000000000e+00
6481,13412,PO_TCu,0.000000000000e+00
6481,13412,SED_TCu,0.000000000000e+00
6481,13412,SEDWSSD_TCu,0.000000000000e+00
6481,13412,SEDSCRS_TCu,0.000000000000e+00
6481,13412,SO_TPb,0.000000000000e+00
6481,13412,IO_TPb,0.000000000000e+00
6481,13412,AO_TPb,0.000000000000e+00
6481,13412,PO_TPb,0.000000000000e+00
6481,13412,SED_TPb,0.000000000000e+00
6481,13412,SEDWSSD_TPb,0.000000000000e+00
6481,13412,SEDSCRS_TPb,0.000000000000e+00
6481,13412,SO_TZn,0.000000000000e+00
6481,13412,IO_TZn,0.000000000000e+00
6481,13412,AO_TZn,0.000000000000e+00
6481,13412,PO_TZn,0.000000000000e+00
6481,13412,SED_TZn,0.000000000000e+00
6481,13412,SEDWSSD_TZn,0.000000000000e+00
6481,13412,SEDSCRS_TZn,0.000000000000e+00
6481,13421,AREA,0.000000000000e+00
6481,13421,PREC,0.000000000000e+00
6481,13421,SURO,0.000000000000e+00
6481,13421,IFWO,0.000000000000e+00
6481,13421,AGWO,0.000000000000e+00
6481,13421,PERO,0.000000000000e+00
6481,13421,TAET,0.000000000000e+00
6481,13421,SEDLOAD,0.000000000000e+00
6481,13421,SEDWSSD, 0.00000e+00
6481,13421,SEDSCRS, 0.00000e+00
6481,13421,SEDSURO, 0.00000e+00
6481,13421,SEDIFWO, 0.00000e+00
6481,13421,SEDAGWO, 0.00000e+00
6481,13421,SO_TN,0.000000000000e+00
6481,13421,IO_TN,0.000000000000e+00
6481,13421,AO_TN,0.000000000000e+00
6481,13421,PO_TN,0.000000000000e+00
6481,13421,SO_TP,0.000000000000e+00
6481,13421,IO_TP,0.000000000000e+00
6481,13421,AO_TP,0.000000000000e+00
6481,13421,PO_TP,0.000000000000e+00
6481,13421,SED_TP,0.000000000000e+00
6481,13421,SEDWSSD_TP,0.000000000000e+00
6481,13421,SEDSCRS_TP,0.000000000000e+00
6481,13421,SO_TCd,0.000000000000e+00
6481,13421,IO_TCd,0.000000000000e+00
6481,13421,AO_TCd,0.000000000000e+00
6481,13421,PO_TCd,0.000000000000e+00
6481,13421,SED_TCd,0.000000000000e+00
6481,13421,SEDWSSD_TCd,0.000000000000e+00
6481,13421,SEDSCRS_TCd,0.000000000000e+00
6481,13421,SO_TCu,0.000000000000e+00
6481,13421,IO_TCu,0.000000000000e+00
6481,13421,AO_TCu,0.000000000000e+00
6481,13421,PO_TCu,0.000000000000e+00
6481,13421,SED_TCu,0.000000000000e+00
6481,13421,SEDWSSD_TCu,0.000000000000e+00
6481,13421,SEDSCRS_TCu,0.000000000000e+00
6481,13421,SO_TPb,0.000000000000e+00
6481,13421,IO_TPb,0.000000000000e+00
6481,13421,AO_TPb,0.000000000000e+00
6481,13421,PO_TPb,0.000000000000e+00
6481,13421,SED_TPb,0.000000000000e+00
6481,13421,SEDWSSD_TPb,0.000000000000e+00
6481,13421,SEDSCRS_TPb,0.000000000000e+00
6481,13421,SO_TZn,0.000000000000e+00
6481,13421,IO_TZn,0.000000000000e+00
6481,13421,AO_TZn,0.000000000000e+00
6481,13421,PO_TZn,0.000000000000e+00
6481,13421,SED_TZn,0.000000000000e+00
6481,13421,SEDWSSD_TZn,0.000000000000e+00
6481,13421,SEDSCRS_TZn,0.000000000000e+00
6481,13422,AREA,0.000000000000e+00
6481,13422,PREC,0.000000000000e+00
6481,13422,SURO,0.000000000000e+00
6481,13422,IFWO,0.000000000000e+00
6481,13422,AGWO,0.000000000000e+00
6481,13422,PERO,0.000000000000e+00
6481,13422,TAET,0.000000000000e+00
6481,13422,SEDLOAD,0.000000000000e+00
6481,13422,SEDWSSD, 0.00000e+00
6481,13422,SEDSCRS, 0.00000e+00
6481,13422,SEDSURO, 0.00000e+00
6481,13422,SEDIFWO, 0.00000e+00
6481,13422,SEDAGWO, 0.00000e+00
6481,13422,SO_TN,0.000000000000e+00
6481,13422,IO_TN,0.000000000000e+00
6481,13422,AO_TN,0.000000000000e+00
6481,13422,PO_TN,0.000000000000e+00
6481,13422,SO_TP,0.000000000000e+00
6481,13422,IO_TP,0.000000000000e+00
6481,13422,AO_TP,0.000000000000e+00
6481,13422,PO_TP,0.000000000000e+00
6481,13422,SED_TP,0.000000000000e+00
6481,13422,SEDWSSD_TP,0.000000000000e+00
6481,13422,SEDSCRS_TP,0.000000000000e+00
6481,13422,SO_TCd,0.000000000000e+00
6481,13422,IO_TCd,0.000000000000e+00
6481,13422,AO_TCd,0.000000000000e+00
6481,13422,PO_TCd,0.000000000000e+00
6481,13422,SED_TCd,0.000000000000e+00
6481,13422,SEDWSSD_TCd,0.000000000000e+00
6481,13422,SEDSCRS_TCd,0.000000000000e+00
6481,13422,SO_TCu,0.000000000000e+00
6481,13422,IO_TCu,0.000000000000e+00
6481,13422,AO_TCu,0.000000000000e+00
6481,13422,PO_TCu,0.000000000000e+00
6481,13422,SED_TCu,0.000000000000e+00
6481,13422,SEDWSSD_TCu,0.000000000000e+00
6481,13422,SEDSCRS_TCu,0.000000000000e+00
6481,13422,SO_TPb,0.000000000000e+00
6481,13422,IO_TPb,0.000000000000e+00
6481,13422,AO_TPb,0.000000000000e+00
6481,13422,PO_TPb,0.000000000000e+00
6481,13422,SED_TPb,0.000000000000e+00
6481,13422,SEDWSSD_TPb,0.000000000000e+00
6481,13422,SEDSCRS_TPb,0.000000000000e+00
6481,13422,SO_TZn,0.000000000000e+00
6481,13422,IO_TZn,0.000000000000e+00
6481,13422,AO_TZn,0.000000000000e+00
6481,13422,PO_TZn,0.000000000000e+00
6481,13422,SED_TZn,0.000000000000e+00
6481,13422,SEDWSSD_TZn,0.000000000000e+00
6481,13422,SEDSCRS_TZn,0.000000000000e+00
6481,13431,AREA,0.000000000000e+00
6481,13431,PREC,0.000000000000e+00
6481,13431,SURO,0.000000000000e+00
6481,13431,IFWO,0.000000000000e+00
6481,13431,AGWO,0.000000000000e+00
6481,13431,PERO,0.000000000000e+00
6481,13431,TAET,0.000000000000e+00
6481,13431,SEDLOAD,0.000000000000e+00
6481,13431,SEDWSSD, 0.00000e+00
6481,13431,SEDSCRS, 0.00000e+00
6481,13431,SEDSURO, 0.00000e+00
6481,13431,SEDIFWO, 0.00000e+00
6481,13431,SEDAGWO, 0.00000e+00
6481,13431,SO_TN,0.000000000000e+00
6481,13431,IO_TN,0.000000000000e+00
6481,13431,AO_TN,0.000000000000e+00
6481,13431,PO_TN,0.000000000000e+00
6481,13431,SO_TP,0.000000000000e+00
6481,13431,IO_TP,0.000000000000e+00
6481,13431,AO_TP,0.000000000000e+00
6481,13431,PO_TP,0.000000000000e+00
6481,13431,SED_TP,0.000000000000e+00
6481,13431,SEDWSSD_TP,0.000000000000e+00
6481,13431,SEDSCRS_TP,0.000000000000e+00
6481,13431,SO_TCd,0.000000000000e+00
6481,13431,IO_TCd,0.000000000000e+00
6481,13431,AO_TCd,0.000000000000e+00
6481,13431,PO_TCd,0.000000000000e+00
6481,13431,SED_TCd,0.000000000000e+00
6481,13431,SEDWSSD_TCd,0.000000000000e+00
6481,13431,SEDSCRS_TCd,0.000000000000e+00
6481,13431,SO_TCu,0.000000000000e+00
6481,13431,IO_TCu,0.000000000000e+00
6481,13431,AO_TCu,0.000000000000e+00
6481,13431,PO_TCu,0.000000000000e+00
6481,13431,SED_TCu,0.000000000000e+00
6481,13431,SEDWSSD_TCu,0.000000000000e+00
6481,13431,SEDSCRS_TCu,0.000000000000e+00
6481,13431,SO_TPb,0.000000000000e+00
6481,13431,IO_TPb,0.000000000000e+00
6481,13431,AO_TPb,0.000000000000e+00
6481,13431,PO_TPb,0.000000000000e+00
6481,13431,SED_TPb,0.000000000000e+00
6481,13431,SEDWSSD_TPb,0.000000000000e+00
6481,13431,SEDSCRS_TPb,0.000000000000e+00
6481,13431,SO_TZn,0.000000000000e+00
6481,13431,IO_TZn,0.000000000000e+00
6481,13431,AO_TZn,0.000000000000e+00
6481,13431,PO_TZn,0.000000000000e+00
6481,13431,SED_TZn,0.000000000000e+00
6481,13431,SEDWSSD_TZn,0.000000000000e+00
6481,13431,SEDSCRS_TZn,0.000000000000e+00
6481,13432,AREA,0.000000000000e+00
6481,13432,PREC,0.000000000000e+00
6481,13432,SURO,0.000000000000e+00
6481,13432,IFWO,0.000000000000e+00
6481,13432,AGWO,0.000000000000e+00
6481,13432,PERO,0.000000000000e+00
6481,13432,TAET,0.000000000000e+00
6481,13432,SEDLOAD,0.000000000000e+00
6481,13432,SEDWSSD, 0.00000e+00
6481,13432,SEDSCRS, 0.00000e+00
6481,13432,SEDSURO, 0.00000e+00
6481,13432,SEDIFWO, 0.00000e+00
6481,13432,SEDAGWO, 0.00000e+00
6481,13432,SO_TN,0.000000000000e+00
6481,13432,IO_TN,0.000000000000e+00
6481,13432,AO_TN,0.000000000000e+00
6481,13432,PO_TN,0.000000000000e+00
6481,13432,SO_TP,0.000000000000e+00
6481,13432,IO_TP,0.000000000000e+00
6481,13432,AO_TP,0.000000000000e+00
6481,13432,PO_TP,0.000000000000e+00
6481,13432,SED_TP,0.000000000000e+00
6481,13432,SEDWSSD_TP,0.000000000000e+00
6481,13432,SEDSCRS_TP,0.000000000000e+00
6481,13432,SO_TCd,0.000000000000e+00
6481,13432,IO_TCd,0.000000000000e+00
6481,13432,AO_TCd,0.000000000000e+00
6481,13432,PO_TCd,0.000000000000e+00
6481,13432,SED_TCd,0.000000000000e+00
6481,13432,SEDWSSD_TCd,0.000000000000e+00
6481,13432,SEDSCRS_TCd,0.000000000000e+00
6481,13432,SO_TCu,0.000000000000e+00
6481,13432,IO_TCu,0.000000000000e+00
6481,13432,AO_TCu,0.000000000000e+00
6481,13432,PO_TCu,0.000000000000e+00
6481,13432,SED_TCu,0.000000000000e+00
6481,13432,SEDWSSD_TCu,0.000000000000e+00
6481,13432,SEDSCRS_TCu,0.000000000000e+00
6481,13432,SO_TPb,0.000000000000e+00
6481,13432,IO_TPb,0.000000000000e+00
6481,13432,AO_TPb,0.000000000000e+00
6481,13432,PO_TPb,0.000000000000e+00
6481,13432,SED_TPb,0.000000000000e+00
6481,13432,SEDWSSD_TPb,0.000000000000e+00
6481,13432,SEDSCRS_TPb,0.000000000000e+00
6481,13432,SO_TZn,0.000000000000e+00
6481,13432,IO_TZn,0.000000000000e+00
6481,13432,AO_TZn,0.000000000000e+00
6481,13432,PO_TZn,0.000000000000e+00
6481,13432,SED_TZn,0.000000000000e+00
6481,13432,SEDWSSD_TZn,0.000000000000e+00
6481,13432,SEDSCRS_TZn,0.000000000000e+00
6481,14121,AREA,0.000000000000e+00
6481,14121,PREC,0.000000000000e+00
6481,14121,SURO,0.000000000000e+00
6481,14121,IFWO,0.000000000000e+00
6481,14121,AGWO,0.000000000000e+00
6481,14121,PERO,0.000000000000e+00
6481,14121,TAET,0.000000000000e+00
6481,14121,SEDLOAD,0.000000000000e+00
6481,14121,SEDWSSD, 0.00000e+00
6481,14121,SEDSCRS, 0.00000e+00
6481,14121,SEDSURO, 0.00000e+00
6481,14121,SEDIFWO, 0.00000e+00
6481,14121,SEDAGWO, 0.00000e+00
6481,14121,SO_TN,0.000000000000e+00
6481,14121,IO_TN,0.000000000000e+00
6481,14121,AO_TN,0.000000000000e+00
6481,14121,PO_TN,0.000000000000e+00
6481,14121,SO_TP,0.000000000000e+00
6481,14121,IO_TP,0.000000000000e+00
6481,14121,AO_TP,0.000000000000e+00
6481,14121,PO_TP,0.000000000000e+00
6481,14121,SED_TP,0.000000000000e+00
6481,14121,SEDWSSD_TP,0.000000000000e+00
6481,14121,SEDSCRS_TP,0.000000000000e+00
6481,14121,SO_TCd,0.000000000000e+00
6481,14121,IO_TCd,0.000000000000e+00
6481,14121,AO_TCd,0.000000000000e+00
6481,14121,PO_TCd,0.000000000000e+00
6481,14121,SED_TCd,0.000000000000e+00
6481,14121,SEDWSSD_TCd,0.000000000000e+00
6481,14121,SEDSCRS_TCd,0.000000000000e+00
6481,14121,SO_TCu,0.000000000000e+00
6481,14121,IO_TCu,0.000000000000e+00
6481,14121,AO_TCu,0.000000000000e+00
6481,14121,PO_TCu,0.000000000000e+00
6481,14121,SED_TCu,0.000000000000e+00
6481,14121,SEDWSSD_TCu,0.000000000000e+00
6481,14121,SEDSCRS_TCu,0.000000000000e+00
6481,14121,SO_TPb,0.000000000000e+00
6481,14121,IO_TPb,0.000000000000e+00
6481,14121,AO_TPb,0.000000000000e+00
6481,14121,PO_TPb,0.000000000000e+00
6481,14121,SED_TPb,0.000000000000e+00
6481,14121,SEDWSSD_TPb,0.000000000000e+00
6481,14121,SEDSCRS_TPb,0.000000000000e+00
6481,14121,SO_TZn,0.000000000000e+00
6481,14121,IO_TZn,0.000000000000e+00
6481,14121,AO_TZn,0.000000000000e+00
6481,14121,PO_TZn,0.000000000000e+00
6481,14121,SED_TZn,0.000000000000e+00
6481,14121,SEDWSSD_TZn,0.000000000000e+00
6481,14121,SEDSCRS_TZn,0.000000000000e+00
6481,14122,AREA,0.000000000000e+00
6481,14122,PREC,0.000000000000e+00
6481,14122,SURO,0.000000000000e+00
6481,14122,IFWO,0.000000000000e+00
6481,14122,AGWO,0.000000000000e+00
6481,14122,PERO,0.000000000000e+00
6481,14122,TAET,0.000000000000e+00
6481,14122,SEDLOAD,0.000000000000e+00
6481,14122,SEDWSSD, 0.00000e+00
6481,14122,SEDSCRS, 0.00000e+00
6481,14122,SEDSURO, 0.00000e+00
6481,14122,SEDIFWO, 0.00000e+00
6481,14122,SEDAGWO, 0.00000e+00
6481,14122,SO_TN,0.000000000000e+00
6481,14122,IO_TN,0.000000000000e+00
6481,14122,AO_TN,0.000000000000e+00
6481,14122,PO_TN,0.000000000000e+00
6481,14122,SO_TP,0.000000000000e+00
6481,14122,IO_TP,0.000000000000e+00
6481,14122,AO_TP,0.000000000000e+00
6481,14122,PO_TP,0.000000000000e+00
6481,14122,SED_TP,0.000000000000e+00
6481,14122,SEDWSSD_TP,0.000000000000e+00
6481,14122,SEDSCRS_TP,0.000000000000e+00
6481,14122,SO_TCd,0.000000000000e+00
6481,14122,IO_TCd,0.000000000000e+00
6481,14122,AO_TCd,0.000000000000e+00
6481,14122,PO_TCd,0.000000000000e+00
6481,14122,SED_TCd,0.000000000000e+00
6481,14122,SEDWSSD_TCd,0.000000000000e+00
6481,14122,SEDSCRS_TCd,0.000000000000e+00
6481,14122,SO_TCu,0.000000000000e+00
6481,14122,IO_TCu,0.000000000000e+00
6481,14122,AO_TCu,0.000000000000e+00
6481,14122,PO_TCu,0.000000000000e+00
6481,14122,SED_TCu,0.000000000000e+00
6481,14122,SEDWSSD_TCu,0.000000000000e+00
6481,14122,SEDSCRS_TCu,0.000000000000e+00
6481,14122,SO_TPb,0.000000000000e+00
6481,14122,IO_TPb,0.000000000000e+00
6481,14122,AO_TPb,0.000000000000e+00
6481,14122,PO_TPb,0.000000000000e+00
6481,14122,SED_TPb,0.000000000000e+00
6481,14122,SEDWSSD_TPb,0.000000000000e+00
6481,14122,SEDSCRS_TPb,0.000000000000e+00
6481,14122,SO_TZn,0.000000000000e+00
6481,14122,IO_TZn,0.000000000000e+00
6481,14122,AO_TZn,0.000000000000e+00
6481,14122,PO_TZn,0.000000000000e+00
6481,14122,SED_TZn,0.000000000000e+00
6481,14122,SEDWSSD_TZn,0.000000000000e+00
6481,14122,SEDSCRS_TZn,0.000000000000e+00
6481,14131,AREA,0.000000000000e+00
6481,14131,PREC,0.000000000000e+00
6481,14131,SURO,0.000000000000e+00
6481,14131,IFWO,0.000000000000e+00
6481,14131,AGWO,0.000000000000e+00
6481,14131,PERO,0.000000000000e+00
6481,14131,TAET,0.000000000000e+00
6481,14131,SEDLOAD,0.000000000000e+00
6481,14131,SEDWSSD, 0.00000e+00
6481,14131,SEDSCRS, 0.00000e+00
6481,14131,SEDSURO, 0.00000e+00
6481,14131,SEDIFWO, 0.00000e+00
6481,14131,SEDAGWO, 0.00000e+00
6481,14131,SO_TN,0.000000000000e+00
6481,14131,IO_TN,0.000000000000e+00
6481,14131,AO_TN,0.000000000000e+00
6481,14131,PO_TN,0.000000000000e+00
6481,14131,SO_TP,0.000000000000e+00
6481,14131,IO_TP,0.000000000000e+00
6481,14131,AO_TP,0.000000000000e+00
6481,14131,PO_TP,0.000000000000e+00
6481,14131,SED_TP,0.000000000000e+00
6481,14131,SEDWSSD_TP,0.000000000000e+00
6481,14131,SEDSCRS_TP,0.000000000000e+00
6481,14131,SO_TCd,0.000000000000e+00
6481,14131,IO_TCd,0.000000000000e+00
6481,14131,AO_TCd,0.000000000000e+00
6481,14131,PO_TCd,0.000000000000e+00
6481,14131,SED_TCd,0.000000000000e+00
6481,14131,SEDWSSD_TCd,0.000000000000e+00
6481,14131,SEDSCRS_TCd,0.000000000000e+00
6481,14131,SO_TCu,0.000000000000e+00
6481,14131,IO_TCu,0.000000000000e+00
6481,14131,AO_TCu,0.000000000000e+00
6481,14131,PO_TCu,0.000000000000e+00
6481,14131,SED_TCu,0.000000000000e+00
6481,14131,SEDWSSD_TCu,0.000000000000e+00
6481,14131,SEDSCRS_TCu,0.000000000000e+00
6481,14131,SO_TPb,0.000000000000e+00
6481,14131,IO_TPb,0.000000000000e+00
6481,14131,AO_TPb,0.000000000000e+00
6481,14131,PO_TPb,0.000000000000e+00
6481,14131,SED_TPb,0.000000000000e+00
6481,14131,SEDWSSD_TPb,0.000000000000e+00
6481,14131,SEDSCRS_TPb,0.000000000000e+00
6481,14131,SO_TZn,0.000000000000e+00
6481,14131,IO_TZn,0.000000000000e+00
6481,14131,AO_TZn,0.000000000000e+00
6481,14131,PO_TZn,0.000000000000e+00
6481,14131,SED_TZn,0.000000000000e+00
6481,14131,SEDWSSD_TZn,0.000000000000e+00
6481,14131,SEDSCRS_TZn,0.000000000000e+00
6481,14132,AREA,0.000000000000e+00
6481,14132,PREC,0.000000000000e+00
6481,14132,SURO,0.000000000000e+00
6481,14132,IFWO,0.000000000000e+00
6481,14132,AGWO,0.000000000000e+00
6481,14132,PERO,0.000000000000e+00
6481,14132,TAET,0.000000000000e+00
6481,14132,SEDLOAD,0.000000000000e+00
6481,14132,SEDWSSD, 0.00000e+00
6481,14132,SEDSCRS, 0.00000e+00
6481,14132,SEDSURO, 0.00000e+00
6481,14132,SEDIFWO, 0.00000e+00
6481,14132,SEDAGWO, 0.00000e+00
6481,14132,SO_TN,0.000000000000e+00
6481,14132,IO_TN,0.000000000000e+00
6481,14132,AO_TN,0.000000000000e+00
6481,14132,PO_TN,0.000000000000e+00
6481,14132,SO_TP,0.000000000000e+00
6481,14132,IO_TP,0.000000000000e+00
6481,14132,AO_TP,0.000000000000e+00
6481,14132,PO_TP,0.000000000000e+00
6481,14132,SED_TP,0.000000000000e+00
6481,14132,SEDWSSD_TP,0.000000000000e+00
6481,14132,SEDSCRS_TP,0.000000000000e+00
6481,14132,SO_TCd,0.000000000000e+00
6481,14132,IO_TCd,0.000000000000e+00
6481,14132,AO_TCd,0.000000000000e+00
6481,14132,PO_TCd,0.000000000000e+00
6481,14132,SED_TCd,0.000000000000e+00
6481,14132,SEDWSSD_TCd,0.000000000000e+00
6481,14132,SEDSCRS_TCd,0.000000000000e+00
6481,14132,SO_TCu,0.000000000000e+00
6481,14132,IO_TCu,0.000000000000e+00
6481,14132,AO_TCu,0.000000000000e+00
6481,14132,PO_TCu,0.000000000000e+00
6481,14132,SED_TCu,0.000000000000e+00
6481,14132,SEDWSSD_TCu,0.000000000000e+00
6481,14132,SEDSCRS_TCu,0.000000000000e+00
6481,14132,SO_TPb,0.000000000000e+00
6481,14132,IO_TPb,0.000000000000e+00
6481,14132,AO_TPb,0.000000000000e+00
6481,14132,PO_TPb,0.000000000000e+00
6481,14132,SED_TPb,0.000000000000e+00
6481,14132,SEDWSSD_TPb,0.000000000000e+00
6481,14132,SEDSCRS_TPb,0.000000000000e+00
6481,14132,SO_TZn,0.000000000000e+00
6481,14132,IO_TZn,0.000000000000e+00
6481,14132,AO_TZn,0.000000000000e+00
6481,14132,PO_TZn,0.000000000000e+00
6481,14132,SED_TZn,0.000000000000e+00
6481,14132,SEDWSSD_TZn,0.000000000000e+00
6481,14132,SEDSCRS_TZn,0.000000000000e+00
6481,14221,AREA,2.131452400003e+01
6481,14221,PREC,2.426347723023e+02
6481,14221,SURO,1.144630766195e-02
6481,14221,IFWO,1.527451528509e-02
6481,14221,AGWO,1.141956007549e+01
6481,14221,PERO,1.144628089844e+01
6481,14221,TAET,2.311884761815e+02
6481,14221,SEDLOAD,1.295980547674e-03
6481,14221,SEDWSSD, 3.29564e-07
6481,14221,SEDSCRS, 8.44208e-09
6481,14221,SEDSURO, 0.00000e+00
6481,14221,SEDIFWO, 1.73070e-06
6481,14221,SEDAGWO, 1.29391e-03
6481,14221,SO_TN,7.021803329744e-03
6481,14221,IO_TN,3.461412051152e-03
6481,14221,AO_TN,7.763480960223e-01
6481,14221,PO_TN,7.868313114032e-01
6481,14221,SO_TP,6.760121805690e-07
6481,14221,IO_TP,6.922824102303e-04
6481,14221,AO_TP,5.175653973482e-01
6481,14221,PO_TP,5.182583557706e-01
6481,14221,SED_TP,6.760121805690e-07
6481,14221,SEDWSSD_TP,6.591280170256e-07
6481,14221,SEDSCRS_TP,1.688416354338e-08
6481,14221,SO_TCd,3.380060902845e-10
6481,14221,IO_TCd,0.000000000000e+00
6481,14221,AO_TCd,0.000000000000e+00
6481,14221,PO_TCd,3.380060902845e-10
6481,14221,SED_TCd,3.380060902845e-10
6481,14221,SEDWSSD_TCd,3.295640085128e-10
6481,14221,SEDSCRS_TCd,8.442081771692e-12
6481,14221,SO_TCu,3.380060902845e-08
6481,14221,IO_TCu,0.000000000000e+00
6481,14221,AO_TCu,0.000000000000e+00
6481,14221,PO_TCu,3.380060902845e-08
6481,14221,SED_TCu,3.380060902845e-08
6481,14221,SEDWSSD_TCu,3.295640085128e-08
6481,14221,SEDSCRS_TCu,8.442081771692e-10
6481,14221,SO_TPb,3.380060902845e-09
6481,14221,IO_TPb,0.000000000000e+00
6481,14221,AO_TPb,0.000000000000e+00
6481,14221,PO_TPb,3.380060902845e-09
6481,14221,SED_TPb,3.380060902845e-09
6481,14221,SEDWSSD_TPb,3.295640085128e-09
6481,14221,SEDSCRS_TPb,8.442081771692e-11
6481,14221,SO_TZn,2.433643850048e-07
6481,14221,IO_TZn,0.000000000000e+00
6481,14221,AO_TZn,1.293913493370e-01
6481,14221,PO_TZn,1.293915927014e-01
6481,14221,SED_TZn,2.433643850048e-07
6481,14221,SEDWSSD_TZn,2.372860861292e-07
6481,14221,SEDSCRS_TZn,6.078298875618e-09
6481,14222,AREA,1.793594700003e+01
6481,14222,PREC,2.041746002102e+02
6481,14222,SURO,9.568827264828e-03
6481,14222,IFWO,1.284584716861e-02
6481,14222,AGWO,6.146814213304e+00
6481,14222,PERO,6.169228887738e+00
6481,14222,TAET,1.937170658506e+02
6481,14222,SEDLOAD,6.982061960164e-04
6481,14222,SEDWSSD, 2.69156e-07
6481,14222,SEDSCRS, 6.73336e-09
6481,14222,SEDSURO, 0.00000e+00
6481,14222,SEDIFWO, 1.45552e-06
6481,14222,SEDAGWO, 6.96475e-04
6481,14222,SO_TN,5.871262535755e-03
6481,14222,IO_TN,2.911042960562e-03
6481,14222,AO_TN,4.178854071046e-01
6481,14222,PO_TN,4.266677126009e-01
6481,14222,SO_TP,5.517781013832e-07
6481,14222,IO_TP,5.822085921124e-04
6481,14222,AO_TP,2.785902714030e-01
6481,14222,PO_TP,2.791730317733e-01
6481,14222,SED_TP,5.517781013832e-07
6481,14222,SEDWSSD_TP,5.383113910433e-07
6481,14222,SEDSCRS_TP,1.346671033989e-08
6481,14222,SO_TCd,2.758890506916e-10
6481,14222,IO_TCd,0.000000000000e+00
6481,14222,AO_TCd,0.000000000000e+00
6481,14222,PO_TCd,2.758890506916e-10
6481,14222,SED_TCd,2.758890506916e-10
6481,14222,SEDWSSD_TCd,2.691556955217e-10
6481,14222,SEDSCRS_TCd,6.733355169943e-12
6481,14222,SO_TCu,2.758890506916e-08
6481,14222,IO_TCu,0.000000000000e+00
6481,14222,AO_TCu,0.000000000000e+00
6481,14222,PO_TCu,2.758890506916e-08
6481,14222,SED_TCu,2.758890506916e-08
6481,14222,SEDWSSD_TCu,2.691556955217e-08
6481,14222,SEDSCRS_TCu,6.733355169943e-10
6481,14222,SO_TPb,2.758890506916e-09
6481,14222,IO_TPb,0.000000000000e+00
6481,14222,AO_TPb,0.000000000000e+00
6481,14222,PO_TPb,2.758890506916e-09
6481,14222,SED_TPb,2.758890506916e-09
6481,14222,SEDWSSD_TPb,2.691556955217e-09
6481,14222,SEDSCRS_TPb,6.733355169943e-11
6481,14222,SO_TZn,1.986401164980e-07
6481,14222,IO_TZn,0.000000000000e+00
6481,14222,AO_TZn,6.964756785076e-02
6481,14222,PO_TZn,6.964776649088e-02
6481,14222,SED_TZn,1.986401164980e-07
6481,14222,SEDWSSD_TZn,1.937921007756e-07
6481,14222,SEDSCRS_TZn,4.848015722359e-09
6481,14231,AREA,1.349252519999e+02
6481,14231,PREC,1.535927229566e+03
6481,14231,SURO,9.746255688036e-02
6481,14231,IFWO,1.440071431730e-01
6481,14231,AGWO,7.580083469528e+01
6481,14231,PERO,7.604230439534e+01
6481,14231,TAET,1.459884988777e+03
6481,14231,SEDLOAD,8.610780753995e-03
6481,14231,SEDWSSD, 5.60668e-06
6481,14231,SEDSCRS, 1.20185e-07
6481,14231,SEDSURO, 0.00000e+00
6481,14231,SEDIFWO, 1.63170e-05
6481,14231,SEDAGWO, 8.58874e-03
6481,14231,SO_TN,6.141464416614e-02
6481,14231,IO_TN,3.263396916545e-02
6481,14231,AO_TN,5.153248750702e+00
6481,14231,PO_TN,5.247297364033e+00
6481,14231,SO_TP,1.145372398750e-05
6481,14231,IO_TP,6.526793833090e-03
6481,14231,AO_TP,3.435499167134e+00
6481,14231,PO_TP,3.442037414691e+00
6481,14231,SED_TP,1.145372398750e-05
6481,14231,SEDWSSD_TP,1.121335463712e-05
6481,14231,SEDSCRS_TP,2.403693503877e-07
6481,14231,SO_TCd,5.726861993752e-09
6481,14231,IO_TCd,0.000000000000e+00
6481,14231,AO_TCd,0.000000000000e+00
6481,14231,PO_TCd,5.726861993752e-09
6481,14231,SED_TCd,5.726861993752e-09
6481,14231,SEDWSSD_TCd,5.606677318559e-09
6481,14231,SEDSCRS_TCd,1.201846751938e-10
6481,14231,SO_TCu,5.726861993752e-07
6481,14231,IO_TCu,0.000000000000e+00
6481,14231,AO_TCu,0.000000000000e+00
6481,14231,PO_TCu,5.726861993752e-07
6481,14231,SED_TCu,5.726861993752e-07
6481,14231,SEDWSSD_TCu,5.606677318559e-07
6481,14231,SEDSCRS_TCu,1.201846751938e-08
6481,14231,SO_TPb,5.726861993752e-08
6481,14231,IO_TPb,0.000000000000e+00
6481,14231,AO_TPb,0.000000000000e+00
6481,14231,PO_TPb,5.726861993752e-08
6481,14231,SED_TPb,5.726861993752e-08
6481,14231,SEDWSSD_TPb,5.606677318559e-08
6481,14231,SEDSCRS_TPb,1.201846751938e-09
6481,14231,SO_TZn,4.123340635502e-06
6481,14231,IO_TZn,0.000000000000e+00
6481,14231,AO_TZn,8.588747917836e-01
6481,14231,PO_TZn,8.588789151242e-01
6481,14231,SED_TZn,4.123340635502e-06
6481,14231,SEDWSSD_TZn,4.036807669362e-06
6481,14231,SEDSCRS_TZn,8.653296613957e-08
6481,14232,AREA,1.072429000002e+00
6481,14232,PREC,1.220804021827e+01
6481,14232,SURO,7.700086540432e-04
6481,14232,IFWO,1.143836815858e-03
6481,14232,AGWO,3.855797263568e-01
6481,14232,PERO,3.874935718267e-01
6481,14232,TAET,1.155211626421e+01
6481,14232,SEDLOAD,4.386270149535e-05
6481,14232,SEDWSSD, 4.34439e-08
6481,14232,SEDSCRS, 9.14989e-10
6481,14232,SEDSURO, 0.00000e+00
6481,14232,SEDIFWO, 1.29604e-07
6481,14232,SEDAGWO, 4.36887e-05
6481,14232,SO_TN,4.852124163459e-04
6481,14232,IO_TN,2.592089153118e-04
6481,14232,AO_TN,2.621327655733e-02
6481,14232,PO_TN,2.695769788899e-02
6481,14232,SO_TP,8.871768464040e-08
6481,14232,IO_TP,5.184178306235e-05
6481,14232,AO_TP,1.747551770489e-02
6481,14232,PO_TP,1.752744820563e-02
6481,14232,SED_TP,8.871768464040e-08
6481,14232,SEDWSSD_TP,8.688770653638e-08
6481,14232,SEDSCRS_TP,1.829978104021e-09
6481,14232,SO_TCd,4.435884232020e-11
6481,14232,IO_TCd,0.000000000000e+00
6481,14232,AO_TCd,0.000000000000e+00
6481,14232,PO_TCd,4.435884232020e-11
6481,14232,SED_TCd,4.435884232020e-11
6481,14232,SEDWSSD_TCd,4.344385326819e-11
6481,14232,SEDSCRS_TCd,9.149890520107e-13
6481,14232,SO_TCu,4.435884232020e-09
6481,14232,IO_TCu,0.000000000000e+00
6481,14232,AO_TCu,0.000000000000e+00
6481,14232,PO_TCu,4.435884232020e-09
6481,14232,SED_TCu,4.435884232020e-09
6481,14232,SEDWSSD_TCu,4.344385326819e-09
6481,14232,SEDSCRS_TCu,9.149890520107e-11
6481,14232,SO_TPb,4.435884232020e-10
6481,14232,IO_TPb,0.000000000000e+00
6481,14232,AO_TPb,0.000000000000e+00
6481,14232,PO_TPb,4.435884232020e-10
6481,14232,SED_TPb,4.435884232020e-10
6481,14232,SEDWSSD_TPb,4.344385326819e-10
6481,14232,SEDSCRS_TPb,9.149890520107e-12
6481,14232,SO_TZn,3.193836647055e-08
6481,14232,IO_TZn,0.000000000000e+00
6481,14232,AO_TZn,4.368879426222e-03
6481,14232,PO_TZn,4.368911364588e-03
6481,14232,SED_TZn,3.193836647055e-08
6481,14232,SEDWSSD_TZn,3.127957435310e-08
6481,14232,SEDSCRS_TZn,6.587921174477e-10
6481,14321,AREA,0.000000000000e+00
6481,14321,PREC,0.000000000000e+00
6481,14321,SURO,0.000000000000e+00
6481,14321,IFWO,0.000000000000e+00
6481,14321,AGWO,0.000000000000e+00
6481,14321,PERO,0.000000000000e+00
6481,14321,TAET,0.000000000000e+00
6481,14321,SEDLOAD,0.000000000000e+00
6481,14321,SEDWSSD, 0.00000e+00
6481,14321,SEDSCRS, 0.00000e+00
6481,14321,SEDSURO, 0.00000e+00
6481,14321,SEDIFWO, 0.00000e+00
6481,14321,SEDAGWO, 0.00000e+00
6481,14321,SO_TN,0.000000000000e+00
6481,14321,IO_TN,0.000000000000e+00
6481,14321,AO_TN,0.000000000000e+00
6481,14321,PO_TN,0.000000000000e+00
6481,14321,SO_TP,0.000000000000e+00
6481,14321,IO_TP,0.000000000000e+00
6481,14321,AO_TP,0.000000000000e+00
6481,14321,PO_TP,0.000000000000e+00
6481,14321,SED_TP,0.000000000000e+00
6481,14321,SEDWSSD_TP,0.000000000000e+00
6481,14321,SEDSCRS_TP,0.000000000000e+00
6481,14321,SO_TCd,0.000000000000e+00
6481,14321,IO_TCd,0.000000000000e+00
6481,14321,AO_TCd,0.000000000000e+00
6481,14321,PO_TCd,0.000000000000e+00
6481,14321,SED_TCd,0.000000000000e+00
6481,14321,SEDWSSD_TCd,0.000000000000e+00
6481,14321,SEDSCRS_TCd,0.000000000000e+00
6481,14321,SO_TCu,0.000000000000e+00
6481,14321,IO_TCu,0.000000000000e+00
6481,14321,AO_TCu,0.000000000000e+00
6481,14321,PO_TCu,0.000000000000e+00
6481,14321,SED_TCu,0.000000000000e+00
6481,14321,SEDWSSD_TCu,0.000000000000e+00
6481,14321,SEDSCRS_TCu,0.000000000000e+00
6481,14321,SO_TPb,0.000000000000e+00
6481,14321,IO_TPb,0.000000000000e+00
6481,14321,AO_TPb,0.000000000000e+00
6481,14321,PO_TPb,0.000000000000e+00
6481,14321,SED_TPb,0.000000000000e+00
6481,14321,SEDWSSD_TPb,0.000000000000e+00
6481,14321,SEDSCRS_TPb,0.000000000000e+00
6481,14321,SO_TZn,0.000000000000e+00
6481,14321,IO_TZn,0.000000000000e+00
6481,14321,AO_TZn,0.000000000000e+00
6481,14321,PO_TZn,0.000000000000e+00
6481,14321,SED_TZn,0.000000000000e+00
6481,14321,SEDWSSD_TZn,0.000000000000e+00
6481,14321,SEDSCRS_TZn,0.000000000000e+00
6481,14322,AREA,0.000000000000e+00
6481,14322,PREC,0.000000000000e+00
6481,14322,SURO,0.000000000000e+00
6481,14322,IFWO,0.000000000000e+00
6481,14322,AGWO,0.000000000000e+00
6481,14322,PERO,0.000000000000e+00
6481,14322,TAET,0.000000000000e+00
6481,14322,SEDLOAD,0.000000000000e+00
6481,14322,SEDWSSD, 0.00000e+00
6481,14322,SEDSCRS, 0.00000e+00
6481,14322,SEDSURO, 0.00000e+00
6481,14322,SEDIFWO, 0.00000e+00
6481,14322,SEDAGWO, 0.00000e+00
6481,14322,SO_TN,0.000000000000e+00
6481,14322,IO_TN,0.000000000000e+00
6481,14322,AO_TN,0.000000000000e+00
6481,14322,PO_TN,0.000000000000e+00
6481,14322,SO_TP,0.000000000000e+00
6481,14322,IO_TP,0.000000000000e+00
6481,14322,AO_TP,0.000000000000e+00
6481,14322,PO_TP,0.000000000000e+00
6481,14322,SED_TP,0.000000000000e+00
6481,14322,SEDWSSD_TP,0.000000000000e+00
6481,14322,SEDSCRS_TP,0.000000000000e+00
6481,14322,SO_TCd,0.000000000000e+00
6481,14322,IO_TCd,0.000000000000e+00
6481,14322,AO_TCd,0.000000000000e+00
6481,14322,PO_TCd,0.000000000000e+00
6481,14322,SED_TCd,0.000000000000e+00
6481,14322,SEDWSSD_TCd,0.000000000000e+00
6481,14322,SEDSCRS_TCd,0.000000000000e+00
6481,14322,SO_TCu,0.000000000000e+00
6481,14322,IO_TCu,0.000000000000e+00
6481,14322,AO_TCu,0.000000000000e+00
6481,14322,PO_TCu,0.000000000000e+00
6481,14322,SED_TCu,0.000000000000e+00
6481,14322,SEDWSSD_TCu,0.000000000000e+00
6481,14322,SEDSCRS_TCu,0.000000000000e+00
6481,14322,SO_TPb,0.000000000000e+00
6481,14322,IO_TPb,0.000000000000e+00
6481,14322,AO_TPb,0.000000000000e+00
6481,14322,PO_TPb,0.000000000000e+00
6481,14322,SED_TPb,0.000000000000e+00
6481,14322,SEDWSSD_TPb,0.000000000000e+00
6481,14322,SEDSCRS_TPb,0.000000000000e+00
6481,14322,SO_TZn,0.000000000000e+00
6481,14322,IO_TZn,0.000000000000e+00
6481,14322,AO_TZn,0.000000000000e+00
6481,14322,PO_TZn,0.000000000000e+00
6481,14322,SED_TZn,0.000000000000e+00
6481,14322,SEDWSSD_TZn,0.000000000000e+00
6481,14322,SEDSCRS_TZn,0.000000000000e+00
6481,14331,AREA,0.000000000000e+00
6481,14331,PREC,0.000000000000e+00
6481,14331,SURO,0.000000000000e+00
6481,14331,IFWO,0.000000000000e+00
6481,14331,AGWO,0.000000000000e+00
6481,14331,PERO,0.000000000000e+00
6481,14331,TAET,0.000000000000e+00
6481,14331,SEDLOAD,0.000000000000e+00
6481,14331,SEDWSSD, 0.00000e+00
6481,14331,SEDSCRS, 0.00000e+00
6481,14331,SEDSURO, 0.00000e+00
6481,14331,SEDIFWO, 0.00000e+00
6481,14331,SEDAGWO, 0.00000e+00
6481,14331,SO_TN,0.000000000000e+00
6481,14331,IO_TN,0.000000000000e+00
6481,14331,AO_TN,0.000000000000e+00
6481,14331,PO_TN,0.000000000000e+00
6481,14331,SO_TP,0.000000000000e+00
6481,14331,IO_TP,0.000000000000e+00
6481,14331,AO_TP,0.000000000000e+00
6481,14331,PO_TP,0.000000000000e+00
6481,14331,SED_TP,0.000000000000e+00
6481,14331,SEDWSSD_TP,0.000000000000e+00
6481,14331,SEDSCRS_TP,0.000000000000e+00
6481,14331,SO_TCd,0.000000000000e+00
6481,14331,IO_TCd,0.000000000000e+00
6481,14331,AO_TCd,0.000000000000e+00
6481,14331,PO_TCd,0.000000000000e+00
6481,14331,SED_TCd,0.000000000000e+00
6481,14331,SEDWSSD_TCd,0.000000000000e+00
6481,14331,SEDSCRS_TCd,0.000000000000e+00
6481,14331,SO_TCu,0.000000000000e+00
6481,14331,IO_TCu,0.000000000000e+00
6481,14331,AO_TCu,0.000000000000e+00
6481,14331,PO_TCu,0.000000000000e+00
6481,14331,SED_TCu,0.000000000000e+00
6481,14331,SEDWSSD_TCu,0.000000000000e+00
6481,14331,SEDSCRS_TCu,0.000000000000e+00
6481,14331,SO_TPb,0.000000000000e+00
6481,14331,IO_TPb,0.000000000000e+00
6481,14331,AO_TPb,0.000000000000e+00
6481,14331,PO_TPb,0.000000000000e+00
6481,14331,SED_TPb,0.000000000000e+00
6481,14331,SEDWSSD_TPb,0.000000000000e+00
6481,14331,SEDSCRS_TPb,0.000000000000e+00
6481,14331,SO_TZn,0.000000000000e+00
6481,14331,IO_TZn,0.000000000000e+00
6481,14331,AO_TZn,0.000000000000e+00
6481,14331,PO_TZn,0.000000000000e+00
6481,14331,SED_TZn,0.000000000000e+00
6481,14331,SEDWSSD_TZn,0.000000000000e+00
6481,14331,SEDSCRS_TZn,0.000000000000e+00
6481,14332,AREA,0.000000000000e+00
6481,14332,PREC,0.000000000000e+00
6481,14332,SURO,0.000000000000e+00
6481,14332,IFWO,0.000000000000e+00
6481,14332,AGWO,0.000000000000e+00
6481,14332,PERO,0.000000000000e+00
6481,14332,TAET,0.000000000000e+00
6481,14332,SEDLOAD,0.000000000000e+00
6481,14332,SEDWSSD, 0.00000e+00
6481,14332,SEDSCRS, 0.00000e+00
6481,14332,SEDSURO, 0.00000e+00
6481,14332,SEDIFWO, 0.00000e+00
6481,14332,SEDAGWO, 0.00000e+00
6481,14332,SO_TN,0.000000000000e+00
6481,14332,IO_TN,0.000000000000e+00
6481,14332,AO_TN,0.000000000000e+00
6481,14332,PO_TN,0.000000000000e+00
6481,14332,SO_TP,0.000000000000e+00
6481,14332,IO_TP,0.000000000000e+00
6481,14332,AO_TP,0.000000000000e+00
6481,14332,PO_TP,0.000000000000e+00
6481,14332,SED_TP,0.000000000000e+00
6481,14332,SEDWSSD_TP,0.000000000000e+00
6481,14332,SEDSCRS_TP,0.000000000000e+00
6481,14332,SO_TCd,0.000000000000e+00
6481,14332,IO_TCd,0.000000000000e+00
6481,14332,AO_TCd,0.000000000000e+00
6481,14332,PO_TCd,0.000000000000e+00
6481,14332,SED_TCd,0.000000000000e+00
6481,14332,SEDWSSD_TCd,0.000000000000e+00
6481,14332,SEDSCRS_TCd,0.000000000000e+00
6481,14332,SO_TCu,0.000000000000e+00
6481,14332,IO_TCu,0.000000000000e+00
6481,14332,AO_TCu,0.000000000000e+00
6481,14332,PO_TCu,0.000000000000e+00
6481,14332,SED_TCu,0.000000000000e+00
6481,14332,SEDWSSD_TCu,0.000000000000e+00
6481,14332,SEDSCRS_TCu,0.000000000000e+00
6481,14332,SO_TPb,0.000000000000e+00
6481,14332,IO_TPb,0.000000000000e+00
6481,14332,AO_TPb,0.000000000000e+00
6481,14332,PO_TPb,0.000000000000e+00
6481,14332,SED_TPb,0.000000000000e+00
6481,14332,SEDWSSD_TPb,0.000000000000e+00
6481,14332,SEDSCRS_TPb,0.000000000000e+00
6481,14332,SO_TZn,0.000000000000e+00
6481,14332,IO_TZn,0.000000000000e+00
6481,14332,AO_TZn,0.000000000000e+00
6481,14332,PO_TZn,0.000000000000e+00
6481,14332,SED_TZn,0.000000000000e+00
6481,14332,SEDWSSD_TZn,0.000000000000e+00
6481,14332,SEDSCRS_TZn,0.000000000000e+00
6481,14421,AREA,8.461371700000e+01
6481,14421,PREC,9.632037740062e+02
6481,14421,SURO,9.981081411002e+00
6481,14421,IFWO,7.291731892540e+00
6481,14421,AGWO,2.451516685361e+01
6481,14421,PERO,4.178798015715e+01
6481,14421,TAET,9.214158540285e+02
6481,14421,SEDLOAD,3.377840030989e-01
6481,14421,SEDWSSD, 2.09809e-01
6481,14421,SEDSCRS, 1.24371e-01
6481,14421,SEDSURO, 0.00000e+00
6481,14421,SEDIFWO, 8.26202e-04
6481,14421,SEDAGWO, 2.77773e-03
6481,14421,SO_TN,5.607490230006e+00
6481,14421,IO_TN,1.652405210608e+00
6481,14421,AO_TN,1.666640657316e+00
6481,14421,PO_TN,8.926536097930e+00
6481,14421,SO_TP,6.683601413522e-01
6481,14421,IO_TP,3.304810421217e-01
6481,14421,AO_TP,1.111093771544e+00
6481,14421,PO_TP,2.109934955018e+00
6481,14421,SED_TP,6.683601413522e-01
6481,14421,SEDWSSD_TP,4.196180146168e-01
6481,14421,SEDSCRS_TP,2.487421267354e-01
6481,14421,SO_TCd,3.341800706761e-04
6481,14421,IO_TCd,0.000000000000e+00
6481,14421,AO_TCd,0.000000000000e+00
6481,14421,PO_TCd,3.341800706761e-04
6481,14421,SED_TCd,3.341800706761e-04
6481,14421,SEDWSSD_TCd,2.098090073084e-04
6481,14421,SEDSCRS_TCd,1.243710633677e-04
6481,14421,SO_TCu,3.341800706761e-02
6481,14421,IO_TCu,0.000000000000e+00
6481,14421,AO_TCu,0.000000000000e+00
6481,14421,PO_TCu,3.341800706761e-02
6481,14421,SED_TCu,3.341800706761e-02
6481,14421,SEDWSSD_TCu,2.098090073084e-02
6481,14421,SEDSCRS_TCu,1.243710633677e-02
6481,14421,SO_TPb,3.341800706761e-03
6481,14421,IO_TPb,0.000000000000e+00
6481,14421,AO_TPb,0.000000000000e+00
6481,14421,PO_TPb,3.341800706761e-03
6481,14421,SED_TPb,3.341800706761e-03
6481,14421,SEDWSSD_TPb,2.098090073084e-03
6481,14421,SEDSCRS_TPb,1.243710633677e-03
6481,14421,SO_TZn,2.406096508868e-01
6481,14421,IO_TZn,0.000000000000e+00
6481,14421,AO_TZn,2.777734428859e-01
6481,14421,PO_TZn,5.183830937727e-01
6481,14421,SED_TZn,2.406096508868e-01
6481,14421,SEDWSSD_TZn,1.510624852621e-01
6481,14421,SEDSCRS_TZn,8.954716562473e-02
6481,14422,AREA,3.627557200004e+01
6481,14422,PREC,4.129444857579e+02
6481,14422,SURO,4.019803245170e+00
6481,14422,IFWO,3.178922495889e+00
6481,14422,AGWO,6.640578874690e+00
6481,14422,PERO,1.383930461575e+01
6481,14422,TAET,3.937457107115e+02
6481,14422,SEDLOAD,1.450975999239e-01
6481,14422,SEDWSSD, 8.93179e-02
6481,14422,SEDSCRS, 5.46671e-02
6481,14422,SEDSURO, 0.00000e+00
6481,14422,SEDIFWO, 3.60193e-04
6481,14422,SEDAGWO, 7.52422e-04
6481,14422,SO_TN,2.275954164891e+00
6481,14422,IO_TN,7.203868948750e-01
6481,14422,AO_TN,4.514535351424e-01
6481,14422,PO_TN,3.447794594908e+00
6481,14422,SO_TP,2.879699706831e-01
6481,14422,IO_TP,1.440773789750e-01
6481,14422,AO_TP,3.009690234283e-01
6481,14422,PO_TP,7.330163730863e-01
6481,14422,SED_TP,2.879699706831e-01
6481,14422,SEDWSSD_TP,1.786357239477e-01
6481,14422,SEDSCRS_TP,1.093342467353e-01
6481,14422,SO_TCd,1.439849853415e-04
6481,14422,IO_TCd,0.000000000000e+00
6481,14422,AO_TCd,0.000000000000e+00
6481,14422,PO_TCd,1.439849853415e-04
6481,14422,SED_TCd,1.439849853415e-04
6481,14422,SEDWSSD_TCd,8.931786197386e-05
6481,14422,SEDSCRS_TCd,5.466712336767e-05
6481,14422,SO_TCu,1.439849853415e-02
6481,14422,IO_TCu,0.000000000000e+00
6481,14422,AO_TCu,0.000000000000e+00
6481,14422,PO_TCu,1.439849853415e-02
6481,14422,SED_TCu,1.439849853415e-02
6481,14422,SEDWSSD_TCu,8.931786197386e-03
6481,14422,SEDSCRS_TCu,5.466712336767e-03
6481,14422,SO_TPb,1.439849853415e-03
6481,14422,IO_TPb,0.000000000000e+00
6481,14422,AO_TPb,0.000000000000e+00
6481,14422,PO_TPb,1.439849853415e-03
6481,14422,SED_TPb,1.439849853415e-03
6481,14422,SEDWSSD_TPb,8.931786197386e-04
6481,14422,SEDSCRS_TPb,5.466712336767e-04
6481,14422,SO_TZn,1.036691894459e-01
6481,14422,IO_TZn,0.000000000000e+00
6481,14422,AO_TZn,7.524225585707e-02
6481,14422,PO_TZn,1.789114453030e-01
6481,14422,SED_TZn,1.036691894459e-01
6481,14422,SEDWSSD_TZn,6.430886062118e-02
6481,14422,SEDSCRS_TZn,3.936032882472e-02
6481,14431,AREA,4.276085799992e+01
6481,14431,PREC,4.867700092332e+02
6481,14431,SURO,7.405758603142e+00
6481,14431,IFWO,4.845680437324e+00
6481,14431,AGWO,1.269799944129e+01
6481,14431,PERO,2.494943848176e+01
6481,14431,TAET,4.618205524619e+02
6481,14431,SEDLOAD,4.240725810469e-01
6481,14431,SEDWSSD, 2.86120e-01
6481,14431,SEDSCRS, 1.35965e-01
6481,14431,SEDSURO, 0.00000e+00
6481,14431,SEDIFWO, 5.49048e-04
6481,14431,SEDAGWO, 1.43877e-03
6481,14431,SO_TN,3.889362958760e+00
6481,14431,IO_TN,1.098096820012e+00
6481,14431,AO_TN,8.632615989034e-01
6481,14431,PO_TN,5.850721377676e+00
6481,14431,SO_TP,8.441695316977e-01
6481,14431,IO_TP,2.196193640024e-01
6481,14431,AO_TP,5.755077326023e-01
6481,14431,PO_TP,1.639296628302e+00
6481,14431,SED_TP,8.441695316977e-01
6481,14431,SEDWSSD_TP,5.722391623725e-01
6481,14431,SEDSCRS_TP,2.719303693252e-01
6481,14431,SO_TCd,4.220847658488e-04
6481,14431,IO_TCd,0.000000000000e+00
6481,14431,AO_TCd,0.000000000000e+00
6481,14431,PO_TCd,4.220847658488e-04
6481,14431,SED_TCd,4.220847658488e-04
6481,14431,SEDWSSD_TCd,2.861195811863e-04
6481,14431,SEDSCRS_TCd,1.359651846626e-04
6481,14431,SO_TCu,4.220847658488e-02
6481,14431,IO_TCu,0.000000000000e+00
6481,14431,AO_TCu,0.000000000000e+00
6481,14431,PO_TCu,4.220847658488e-02
6481,14431,SED_TCu,4.220847658488e-02
6481,14431,SEDWSSD_TCu,2.861195811863e-02
6481,14431,SEDSCRS_TCu,1.359651846626e-02
6481,14431,SO_TPb,4.220847658488e-03
6481,14431,IO_TPb,0.000000000000e+00
6481,14431,AO_TPb,0.000000000000e+00
6481,14431,PO_TPb,4.220847658488e-03
6481,14431,SED_TPb,4.220847658488e-03
6481,14431,SEDWSSD_TPb,2.861195811863e-03
6481,14431,SEDSCRS_TPb,1.359651846626e-03
6481,14431,SO_TZn,3.039010314112e-01
6481,14431,IO_TZn,0.000000000000e+00
6481,14431,AO_TZn,1.438769331506e-01
6481,14431,PO_TZn,4.477779645617e-01
6481,14431,SED_TZn,3.039010314112e-01
6481,14431,SEDWSSD_TZn,2.060060984541e-01
6481,14431,SEDSCRS_TZn,9.789493295706e-02
6481,14432,AREA,5.691969999993e-01
6481,14432,PREC,6.479477772534e+00
6481,14432,SURO,9.879419614206e-02
6481,14432,IFWO,6.436189631385e-02
6481,14432,AGWO,1.058937704521e-01
6481,14432,PERO,2.690498629080e-01
6481,14432,TAET,6.123917778508e+00
6481,14432,SEDLOAD,5.631123430519e-03
6481,14432,SEDWSSD, 3.80527e-03
6481,14432,SEDSCRS, 1.80657e-03
6481,14432,SEDSURO, 0.00000e+00
6481,14432,SEDIFWO, 7.29263e-06
6481,14432,SEDAGWO, 1.19985e-05
6481,14432,SO_TN,5.187782054070e-02
6481,14432,IO_TN,1.458527746233e-02
6481,14432,AO_TN,7.199088802693e-03
6481,14432,PO_TN,7.366218680572e-02
6481,14432,SO_TP,1.122366467027e-02
6481,14432,IO_TP,2.917055492466e-03
6481,14432,AO_TP,4.799392535129e-03
6481,14432,PO_TP,1.894011269786e-02
6481,14432,SED_TP,1.122366467027e-02
6481,14432,SEDWSSD_TP,7.610531411648e-03
6481,14432,SEDSCRS_TP,3.613133258619e-03
6481,14432,SO_TCd,5.611832335133e-06
6481,14432,IO_TCd,0.000000000000e+00
6481,14432,AO_TCd,0.000000000000e+00
6481,14432,PO_TCd,5.611832335133e-06
6481,14432,SED_TCd,5.611832335133e-06
6481,14432,SEDWSSD_TCd,3.805265705824e-06
6481,14432,SEDSCRS_TCd,1.806566629309e-06
6481,14432,SO_TCu,5.611832335133e-04
6481,14432,IO_TCu,0.000000000000e+00
6481,14432,AO_TCu,0.000000000000e+00
6481,14432,PO_TCu,5.611832335133e-04
6481,14432,SED_TCu,5.611832335133e-04
6481,14432,SEDWSSD_TCu,3.805265705824e-04
6481,14432,SEDSCRS_TCu,1.806566629309e-04
6481,14432,SO_TPb,5.611832335133e-05
6481,14432,IO_TPb,0.000000000000e+00
6481,14432,AO_TPb,0.000000000000e+00
6481,14432,PO_TPb,5.611832335133e-05
6481,14432,SED_TPb,5.611832335133e-05
6481,14432,SEDWSSD_TPb,3.805265705824e-05
6481,14432,SEDSCRS_TPb,1.806566629309e-05
6481,14432,SO_TZn,4.040519281296e-03
6481,14432,IO_TZn,0.000000000000e+00
6481,14432,AO_TZn,1.199848133782e-03
6481,14432,PO_TZn,5.240367415078e-03
6481,14432,SED_TZn,4.040519281296e-03
6481,14432,SEDWSSD_TZn,2.739791308193e-03
6481,14432,SEDSCRS_TZn,1.300727973103e-03
6481,15121,AREA,0.000000000000e+00
6481,15121,PREC,0.000000000000e+00
6481,15121,SURO,0.000000000000e+00
6481,15121,IFWO,0.000000000000e+00
6481,15121,AGWO,0.000000000000e+00
6481,15121,PERO,0.000000000000e+00
6481,15121,TAET,0.000000000000e+00
6481,15121,SEDLOAD,0.000000000000e+00
6481,15121,SEDWSSD, 0.00000e+00
6481,15121,SEDSCRS, 0.00000e+00
6481,15121,SEDSURO, 0.00000e+00
6481,15121,SEDIFWO, 0.00000e+00
6481,15121,SEDAGWO, 0.00000e+00
6481,15121,SO_TN,0.000000000000e+00
6481,15121,IO_TN,0.000000000000e+00
6481,15121,AO_TN,0.000000000000e+00
6481,15121,PO_TN,0.000000000000e+00
6481,15121,SO_TP,0.000000000000e+00
6481,15121,IO_TP,0.000000000000e+00
6481,15121,AO_TP,0.000000000000e+00
6481,15121,PO_TP,0.000000000000e+00
6481,15121,SED_TP,0.000000000000e+00
6481,15121,SEDWSSD_TP,0.000000000000e+00
6481,15121,SEDSCRS_TP,0.000000000000e+00
6481,15121,SO_TCd,0.000000000000e+00
6481,15121,IO_TCd,0.000000000000e+00
6481,15121,AO_TCd,0.000000000000e+00
6481,15121,PO_TCd,0.000000000000e+00
6481,15121,SED_TCd,0.000000000000e+00
6481,15121,SEDWSSD_TCd,0.000000000000e+00
6481,15121,SEDSCRS_TCd,0.000000000000e+00
6481,15121,SO_TCu,0.000000000000e+00
6481,15121,IO_TCu,0.000000000000e+00
6481,15121,AO_TCu,0.000000000000e+00
6481,15121,PO_TCu,0.000000000000e+00
6481,15121,SED_TCu,0.000000000000e+00
6481,15121,SEDWSSD_TCu,0.000000000000e+00
6481,15121,SEDSCRS_TCu,0.000000000000e+00
6481,15121,SO_TPb,0.000000000000e+00
6481,15121,IO_TPb,0.000000000000e+00
6481,15121,AO_TPb,0.000000000000e+00
6481,15121,PO_TPb,0.000000000000e+00
6481,15121,SED_TPb,0.000000000000e+00
6481,15121,SEDWSSD_TPb,0.000000000000e+00
6481,15121,SEDSCRS_TPb,0.000000000000e+00
6481,15121,SO_TZn,0.000000000000e+00
6481,15121,IO_TZn,0.000000000000e+00
6481,15121,AO_TZn,0.000000000000e+00
6481,15121,PO_TZn,0.000000000000e+00
6481,15121,SED_TZn,0.000000000000e+00
6481,15121,SEDWSSD_TZn,0.000000000000e+00
6481,15121,SEDSCRS_TZn,0.000000000000e+00
6481,15122,AREA,0.000000000000e+00
6481,15122,PREC,0.000000000000e+00
6481,15122,SURO,0.000000000000e+00
6481,15122,IFWO,0.000000000000e+00
6481,15122,AGWO,0.000000000000e+00
6481,15122,PERO,0.000000000000e+00
6481,15122,TAET,0.000000000000e+00
6481,15122,SEDLOAD,0.000000000000e+00
6481,15122,SEDWSSD, 0.00000e+00
6481,15122,SEDSCRS, 0.00000e+00
6481,15122,SEDSURO, 0.00000e+00
6481,15122,SEDIFWO, 0.00000e+00
6481,15122,SEDAGWO, 0.00000e+00
6481,15122,SO_TN,0.000000000000e+00
6481,15122,IO_TN,0.000000000000e+00
6481,15122,AO_TN,0.000000000000e+00
6481,15122,PO_TN,0.000000000000e+00
6481,15122,SO_TP,0.000000000000e+00
6481,15122,IO_TP,0.000000000000e+00
6481,15122,AO_TP,0.000000000000e+00
6481,15122,PO_TP,0.000000000000e+00
6481,15122,SED_TP,0.000000000000e+00
6481,15122,SEDWSSD_TP,0.000000000000e+00
6481,15122,SEDSCRS_TP,0.000000000000e+00
6481,15122,SO_TCd,0.000000000000e+00
6481,15122,IO_TCd,0.000000000000e+00
6481,15122,AO_TCd,0.000000000000e+00
6481,15122,PO_TCd,0.000000000000e+00
6481,15122,SED_TCd,0.000000000000e+00
6481,15122,SEDWSSD_TCd,0.000000000000e+00
6481,15122,SEDSCRS_TCd,0.000000000000e+00
6481,15122,SO_TCu,0.000000000000e+00
6481,15122,IO_TCu,0.000000000000e+00
6481,15122,AO_TCu,0.000000000000e+00
6481,15122,PO_TCu,0.000000000000e+00
6481,15122,SED_TCu,0.000000000000e+00
6481,15122,SEDWSSD_TCu,0.000000000000e+00
6481,15122,SEDSCRS_TCu,0.000000000000e+00
6481,15122,SO_TPb,0.000000000000e+00
6481,15122,IO_TPb,0.000000000000e+00
6481,15122,AO_TPb,0.000000000000e+00
6481,15122,PO_TPb,0.000000000000e+00
6481,15122,SED_TPb,0.000000000000e+00
6481,15122,SEDWSSD_TPb,0.000000000000e+00
6481,15122,SEDSCRS_TPb,0.000000000000e+00
6481,15122,SO_TZn,0.000000000000e+00
6481,15122,IO_TZn,0.000000000000e+00
6481,15122,AO_TZn,0.000000000000e+00
6481,15122,PO_TZn,0.000000000000e+00
6481,15122,SED_TZn,0.000000000000e+00
6481,15122,SEDWSSD_TZn,0.000000000000e+00
6481,15122,SEDSCRS_TZn,0.000000000000e+00
6481,15131,AREA,0.000000000000e+00
6481,15131,PREC,0.000000000000e+00
6481,15131,SURO,0.000000000000e+00
6481,15131,IFWO,0.000000000000e+00
6481,15131,AGWO,0.000000000000e+00
6481,15131,PERO,0.000000000000e+00
6481,15131,TAET,0.000000000000e+00
6481,15131,SEDLOAD,0.000000000000e+00
6481,15131,SEDWSSD, 0.00000e+00
6481,15131,SEDSCRS, 0.00000e+00
6481,15131,SEDSURO, 0.00000e+00
6481,15131,SEDIFWO, 0.00000e+00
6481,15131,SEDAGWO, 0.00000e+00
6481,15131,SO_TN,0.000000000000e+00
6481,15131,IO_TN,0.000000000000e+00
6481,15131,AO_TN,0.000000000000e+00
6481,15131,PO_TN,0.000000000000e+00
6481,15131,SO_TP,0.000000000000e+00
6481,15131,IO_TP,0.000000000000e+00
6481,15131,AO_TP,0.000000000000e+00
6481,15131,PO_TP,0.000000000000e+00
6481,15131,SED_TP,0.000000000000e+00
6481,15131,SEDWSSD_TP,0.000000000000e+00
6481,15131,SEDSCRS_TP,0.000000000000e+00
6481,15131,SO_TCd,0.000000000000e+00
6481,15131,IO_TCd,0.000000000000e+00
6481,15131,AO_TCd,0.000000000000e+00
6481,15131,PO_TCd,0.000000000000e+00
6481,15131,SED_TCd,0.000000000000e+00
6481,15131,SEDWSSD_TCd,0.000000000000e+00
6481,15131,SEDSCRS_TCd,0.000000000000e+00
6481,15131,SO_TCu,0.000000000000e+00
6481,15131,IO_TCu,0.000000000000e+00
6481,15131,AO_TCu,0.000000000000e+00
6481,15131,PO_TCu,0.000000000000e+00
6481,15131,SED_TCu,0.000000000000e+00
6481,15131,SEDWSSD_TCu,0.000000000000e+00
6481,15131,SEDSCRS_TCu,0.000000000000e+00
6481,15131,SO_TPb,0.000000000000e+00
6481,15131,IO_TPb,0.000000000000e+00
6481,15131,AO_TPb,0.000000000000e+00
6481,15131,PO_TPb,0.000000000000e+00
6481,15131,SED_TPb,0.000000000000e+00
6481,15131,SEDWSSD_TPb,0.000000000000e+00
6481,15131,SEDSCRS_TPb,0.000000000000e+00
6481,15131,SO_TZn,0.000000000000e+00
6481,15131,IO_TZn,0.000000000000e+00
6481,15131,AO_TZn,0.000000000000e+00
6481,15131,PO_TZn,0.000000000000e+00
6481,15131,SED_TZn,0.000000000000e+00
6481,15131,SEDWSSD_TZn,0.000000000000e+00
6481,15131,SEDSCRS_TZn,0.000000000000e+00
6481,15132,AREA,0.000000000000e+00
6481,15132,PREC,0.000000000000e+00
6481,15132,SURO,0.000000000000e+00
6481,15132,IFWO,0.000000000000e+00
6481,15132,AGWO,0.000000000000e+00
6481,15132,PERO,0.000000000000e+00
6481,15132,TAET,0.000000000000e+00
6481,15132,SEDLOAD,0.000000000000e+00
6481,15132,SEDWSSD, 0.00000e+00
6481,15132,SEDSCRS, 0.00000e+00
6481,15132,SEDSURO, 0.00000e+00
6481,15132,SEDIFWO, 0.00000e+00
6481,15132,SEDAGWO, 0.00000e+00
6481,15132,SO_TN,0.000000000000e+00
6481,15132,IO_TN,0.000000000000e+00
6481,15132,AO_TN,0.000000000000e+00
6481,15132,PO_TN,0.000000000000e+00
6481,15132,SO_TP,0.000000000000e+00
6481,15132,IO_TP,0.000000000000e+00
6481,15132,AO_TP,0.000000000000e+00
6481,15132,PO_TP,0.000000000000e+00
6481,15132,SED_TP,0.000000000000e+00
6481,15132,SEDWSSD_TP,0.000000000000e+00
6481,15132,SEDSCRS_TP,0.000000000000e+00
6481,15132,SO_TCd,0.000000000000e+00
6481,15132,IO_TCd,0.000000000000e+00
6481,15132,AO_TCd,0.000000000000e+00
6481,15132,PO_TCd,0.000000000000e+00
6481,15132,SED_TCd,0.000000000000e+00
6481,15132,SEDWSSD_TCd,0.000000000000e+00
6481,15132,SEDSCRS_TCd,0.000000000000e+00
6481,15132,SO_TCu,0.000000000000e+00
6481,15132,IO_TCu,0.000000000000e+00
6481,15132,AO_TCu,0.000000000000e+00
6481,15132,PO_TCu,0.000000000000e+00
6481,15132,SED_TCu,0.000000000000e+00
6481,15132,SEDWSSD_TCu,0.000000000000e+00
6481,15132,SEDSCRS_TCu,0.000000000000e+00
6481,15132,SO_TPb,0.000000000000e+00
6481,15132,IO_TPb,0.000000000000e+00
6481,15132,AO_TPb,0.000000000000e+00
6481,15132,PO_TPb,0.000000000000e+00
6481,15132,SED_TPb,0.000000000000e+00
6481,15132,SEDWSSD_TPb,0.000000000000e+00
6481,15132,SEDSCRS_TPb,0.000000000000e+00
6481,15132,SO_TZn,0.000000000000e+00
6481,15132,IO_TZn,0.000000000000e+00
6481,15132,AO_TZn,0.000000000000e+00
6481,15132,PO_TZn,0.000000000000e+00
6481,15132,SED_TZn,0.000000000000e+00
6481,15132,SEDWSSD_TZn,0.000000000000e+00
6481,15132,SEDSCRS_TZn,0.000000000000e+00
6481,15221,AREA,8.626432999999e+00
6481,15221,PREC,9.819935958860e+01
6481,15221,SURO,4.472331020960e-03
6481,15221,IFWO,6.060537372620e-03
6481,15221,AGWO,4.499343984945e+00
6481,15221,PERO,4.509876853339e+00
6481,15221,TAET,9.368947758545e+01
6481,15221,SEDLOAD,5.106179137562e-04
6481,15221,SEDWSSD, 1.24176e-07
6481,15221,SEDSCRS, 1.54657e-09
6481,15221,SEDSURO, 0.00000e+00
6481,15221,SEDIFWO, 6.86699e-07
6481,15221,SEDAGWO, 5.09805e-04
6481,15221,SO_TN,2.749868460516e-03
6481,15221,IO_TN,1.373399856329e-03
6481,15221,AO_TN,3.058836866719e-01
6481,15221,PO_TN,3.100069549887e-01
6481,15221,SO_TP,2.514451291868e-07
6481,15221,IO_TP,2.746799712658e-04
6481,15221,AO_TP,2.039224577812e-01
6481,15221,PO_TP,2.041973891976e-01
6481,15221,SED_TP,2.514451291868e-07
6481,15221,SEDWSSD_TP,2.483519920839e-07
6481,15221,SEDSCRS_TP,3.093137102923e-09
6481,15221,SO_TCd,1.257225645934e-10
6481,15221,IO_TCd,0.000000000000e+00
6481,15221,AO_TCd,0.000000000000e+00
6481,15221,PO_TCd,1.257225645934e-10
6481,15221,SED_TCd,1.257225645934e-10
6481,15221,SEDWSSD_TCd,1.241759960419e-10
6481,15221,SEDSCRS_TCd,1.546568551461e-12
6481,15221,SO_TCu,1.257225645934e-08
6481,15221,IO_TCu,0.000000000000e+00
6481,15221,AO_TCu,0.000000000000e+00
6481,15221,PO_TCu,1.257225645934e-08
6481,15221,SED_TCu,1.257225645934e-08
6481,15221,SEDWSSD_TCu,1.241759960419e-08
6481,15221,SEDSCRS_TCu,1.546568551461e-10
6481,15221,SO_TPb,1.257225645934e-09
6481,15221,IO_TPb,0.000000000000e+00
6481,15221,AO_TPb,0.000000000000e+00
6481,15221,PO_TPb,1.257225645934e-09
6481,15221,SED_TPb,1.257225645934e-09
6481,15221,SEDWSSD_TPb,1.241759960419e-09
6481,15221,SEDSCRS_TPb,1.546568551461e-11
6481,15221,SO_TZn,9.052024650724e-08
6481,15221,IO_TZn,0.000000000000e+00
6481,15221,AO_TZn,5.098061444531e-02
6481,15221,PO_TZn,5.098070496555e-02
6481,15221,SED_TZn,9.052024650724e-08
6481,15221,SEDWSSD_TZn,8.940671715019e-08
6481,15221,SEDSCRS_TZn,1.113529357052e-09
6481,15222,AREA,3.951462800006e+01
6481,15222,PREC,4.498164147315e+02
6481,15222,SURO,2.000420092846e-02
6481,15222,IFWO,2.774867070481e-02
6481,15222,AGWO,1.318408686037e+01
6481,15222,PERO,1.323183973200e+01
6481,15222,TAET,4.273848415239e+02
6481,15222,SEDLOAD,1.497497642476e-03
6481,15222,SEDWSSD, 5.03531e-07
6481,15222,SEDSCRS, 5.58675e-09
6481,15222,SEDSURO, 0.00000e+00
6481,15222,SEDIFWO, 3.14411e-06
6481,15222,SEDAGWO, 1.49384e-03
6481,15222,SO_TN,1.224881325875e-02
6481,15222,IO_TN,6.288224626991e-03
6481,15222,AO_TN,8.963077968131e-01
6481,15222,PO_TN,9.148448346989e-01
6481,15222,SO_TP,1.018235161589e-06
6481,15222,IO_TP,1.257644925398e-03
6481,15222,AO_TP,5.975385312087e-01
6481,15222,PO_TP,5.987971943693e-01
6481,15222,SED_TP,1.018235161589e-06
6481,15222,SEDWSSD_TP,1.007061659084e-06
6481,15222,SEDSCRS_TP,1.117350250438e-08
6481,15222,SO_TCd,5.091175807944e-10
6481,15222,IO_TCd,0.000000000000e+00
6481,15222,AO_TCd,0.000000000000e+00
6481,15222,PO_TCd,5.091175807944e-10
6481,15222,SED_TCd,5.091175807944e-10
6481,15222,SEDWSSD_TCd,5.035308295422e-10
6481,15222,SEDSCRS_TCd,5.586751252192e-12
6481,15222,SO_TCu,5.091175807944e-08
6481,15222,IO_TCu,0.000000000000e+00
6481,15222,AO_TCu,0.000000000000e+00
6481,15222,PO_TCu,5.091175807944e-08
6481,15222,SED_TCu,5.091175807944e-08
6481,15222,SEDWSSD_TCu,5.035308295422e-08
6481,15222,SEDSCRS_TCu,5.586751252192e-10
6481,15222,SO_TPb,5.091175807944e-09
6481,15222,IO_TPb,0.000000000000e+00
6481,15222,AO_TPb,0.000000000000e+00
6481,15222,PO_TPb,5.091175807944e-09
6481,15222,SED_TPb,5.091175807944e-09
6481,15222,SEDWSSD_TPb,5.035308295422e-09
6481,15222,SEDSCRS_TPb,5.586751252192e-11
6481,15222,SO_TZn,3.665646581720e-07
6481,15222,IO_TZn,0.000000000000e+00
6481,15222,AO_TZn,1.493846328022e-01
6481,15222,PO_TZn,1.493849993668e-01
6481,15222,SED_TZn,3.665646581720e-07
6481,15222,SEDWSSD_TZn,3.625421972704e-07
6481,15222,SEDSCRS_TZn,4.022460901578e-09
6481,15231,AREA,3.061351559993e+02
6481,15231,PREC,3.484902307449e+03
6481,15231,SURO,2.105220083528e-01
6481,15231,IFWO,3.170911259414e-01
6481,15231,AGWO,1.648069645064e+02
6481,15231,PERO,1.653345776407e+02
6481,15231,TAET,3.319567705411e+03
6481,15231,SEDLOAD,1.872143265857e-02
6481,15231,SEDWSSD, 1.16602e-05
6481,15231,SEDSCRS, 1.22613e-07
6481,15231,SEDSURO, 0.00000e+00
6481,15231,SEDIFWO, 3.59285e-05
6481,15231,SEDAGWO, 1.86737e-02
6481,15231,SO_TN,1.326974121578e-01
6481,15231,IO_TN,7.185714401804e-02
6481,15231,AO_TN,1.120424712160e+01
6481,15231,PO_TN,1.140880167778e+01
6481,15231,SO_TP,2.356564687641e-05
6481,15231,IO_TP,1.437142880361e-02
6481,15231,AO_TP,7.469498081068e+00
6481,15231,PO_TP,7.483893075518e+00
6481,15231,SED_TP,2.356564687641e-05
6481,15231,SEDWSSD_TP,2.332042096311e-05
6481,15231,SEDSCRS_TP,2.452259132974e-07
6481,15231,SO_TCd,1.178282343820e-08
6481,15231,IO_TCd,0.000000000000e+00
6481,15231,AO_TCd,0.000000000000e+00
6481,15231,PO_TCd,1.178282343820e-08
6481,15231,SED_TCd,1.178282343820e-08
6481,15231,SEDWSSD_TCd,1.166021048156e-08
6481,15231,SEDSCRS_TCd,1.226129566487e-10
6481,15231,SO_TCu,1.178282343820e-06
6481,15231,IO_TCu,0.000000000000e+00
6481,15231,AO_TCu,0.000000000000e+00
6481,15231,PO_TCu,1.178282343820e-06
6481,15231,SED_TCu,1.178282343820e-06
6481,15231,SEDWSSD_TCu,1.166021048156e-06
6481,15231,SEDSCRS_TCu,1.226129566487e-08
6481,15231,SO_TPb,1.178282343820e-07
6481,15231,IO_TPb,0.000000000000e+00
6481,15231,AO_TPb,0.000000000000e+00
6481,15231,PO_TPb,1.178282343820e-07
6481,15231,SED_TPb,1.178282343820e-07
6481,15231,SEDWSSD_TPb,1.166021048156e-07
6481,15231,SEDSCRS_TPb,1.226129566487e-09
6481,15231,SO_TZn,8.483632875507e-06
6481,15231,IO_TZn,0.000000000000e+00
6481,15231,AO_TZn,1.867374520267e+00
6481,15231,PO_TZn,1.867383003900e+00
6481,15231,SED_TZn,8.483632875507e-06
6481,15231,SEDWSSD_TZn,8.395351546720e-06
6481,15231,SEDSCRS_TZn,8.828132878707e-08
6481,15232,AREA,0.000000000000e+00
6481,15232,PREC,0.000000000000e+00
6481,15232,SURO,0.000000000000e+00
6481,15232,IFWO,0.000000000000e+00
6481,15232,AGWO,0.000000000000e+00
6481,15232,PERO,0.000000000000e+00
6481,15232,TAET,0.000000000000e+00
6481,15232,SEDLOAD,0.000000000000e+00
6481,15232,SEDWSSD, 0.00000e+00
6481,15232,SEDSCRS, 0.00000e+00
6481,15232,SEDSURO, 0.00000e+00
6481,15232,SEDIFWO, 0.00000e+00
6481,15232,SEDAGWO, 0.00000e+00
6481,15232,SO_TN,0.000000000000e+00
6481,15232,IO_TN,0.000000000000e+00
6481,15232,AO_TN,0.000000000000e+00
6481,15232,PO_TN,0.000000000000e+00
6481,15232,SO_TP,0.000000000000e+00
6481,15232,IO_TP,0.000000000000e+00
6481,15232,AO_TP,0.000000000000e+00
6481,15232,PO_TP,0.000000000000e+00
6481,15232,SED_TP,0.000000000000e+00
6481,15232,SEDWSSD_TP,0.000000000000e+00
6481,15232,SEDSCRS_TP,0.000000000000e+00
6481,15232,SO_TCd,0.000000000000e+00
6481,15232,IO_TCd,0.000000000000e+00
6481,15232,AO_TCd,0.000000000000e+00
6481,15232,PO_TCd,0.000000000000e+00
6481,15232,SED_TCd,0.000000000000e+00
6481,15232,SEDWSSD_TCd,0.000000000000e+00
6481,15232,SEDSCRS_TCd,0.000000000000e+00
6481,15232,SO_TCu,0.000000000000e+00
6481,15232,IO_TCu,0.000000000000e+00
6481,15232,AO_TCu,0.000000000000e+00
6481,15232,PO_TCu,0.000000000000e+00
6481,15232,SED_TCu,0.000000000000e+00
6481,15232,SEDWSSD_TCu,0.000000000000e+00
6481,15232,SEDSCRS_TCu,0.000000000000e+00
6481,15232,SO_TPb,0.000000000000e+00
6481,15232,IO_TPb,0.000000000000e+00
6481,15232,AO_TPb,0.000000000000e+00
6481,15232,PO_TPb,0.000000000000e+00
6481,15232,SED_TPb,0.000000000000e+00
6481,15232,SEDWSSD_TPb,0.000000000000e+00
6481,15232,SEDSCRS_TPb,0.000000000000e+00
6481,15232,SO_TZn,0.000000000000e+00
6481,15232,IO_TZn,0.000000000000e+00
6481,15232,AO_TZn,0.000000000000e+00
6481,15232,PO_TZn,0.000000000000e+00
6481,15232,SED_TZn,0.000000000000e+00
6481,15232,SEDWSSD_TZn,0.000000000000e+00
6481,15232,SEDSCRS_TZn,0.000000000000e+00
6481,15321,AREA,0.000000000000e+00
6481,15321,PREC,0.000000000000e+00
6481,15321,SURO,0.000000000000e+00
6481,15321,IFWO,0.000000000000e+00
6481,15321,AGWO,0.000000000000e+00
6481,15321,PERO,0.000000000000e+00
6481,15321,TAET,0.000000000000e+00
6481,15321,SEDLOAD,0.000000000000e+00
6481,15321,SEDWSSD, 0.00000e+00
6481,15321,SEDSCRS, 0.00000e+00
6481,15321,SEDSURO, 0.00000e+00
6481,15321,SEDIFWO, 0.00000e+00
6481,15321,SEDAGWO, 0.00000e+00
6481,15321,SO_TN,0.000000000000e+00
6481,15321,IO_TN,0.000000000000e+00
6481,15321,AO_TN,0.000000000000e+00
6481,15321,PO_TN,0.000000000000e+00
6481,15321,SO_TP,0.000000000000e+00
6481,15321,IO_TP,0.000000000000e+00
6481,15321,AO_TP,0.000000000000e+00
6481,15321,PO_TP,0.000000000000e+00
6481,15321,SED_TP,0.000000000000e+00
6481,15321,SEDWSSD_TP,0.000000000000e+00
6481,15321,SEDSCRS_TP,0.000000000000e+00
6481,15321,SO_TCd,0.000000000000e+00
6481,15321,IO_TCd,0.000000000000e+00
6481,15321,AO_TCd,0.000000000000e+00
6481,15321,PO_TCd,0.000000000000e+00
6481,15321,SED_TCd,0.000000000000e+00
6481,15321,SEDWSSD_TCd,0.000000000000e+00
6481,15321,SEDSCRS_TCd,0.000000000000e+00
6481,15321,SO_TCu,0.000000000000e+00
6481,15321,IO_TCu,0.000000000000e+00
6481,15321,AO_TCu,0.000000000000e+00
6481,15321,PO_TCu,0.000000000000e+00
6481,15321,SED_TCu,0.000000000000e+00
6481,15321,SEDWSSD_TCu,0.000000000000e+00
6481,15321,SEDSCRS_TCu,0.000000000000e+00
6481,15321,SO_TPb,0.000000000000e+00
6481,15321,IO_TPb,0.000000000000e+00
6481,15321,AO_TPb,0.000000000000e+00
6481,15321,PO_TPb,0.000000000000e+00
6481,15321,SED_TPb,0.000000000000e+00
6481,15321,SEDWSSD_TPb,0.000000000000e+00
6481,15321,SEDSCRS_TPb,0.000000000000e+00
6481,15321,SO_TZn,0.000000000000e+00
6481,15321,IO_TZn,0.000000000000e+00
6481,15321,AO_TZn,0.000000000000e+00
6481,15321,PO_TZn,0.000000000000e+00
6481,15321,SED_TZn,0.000000000000e+00
6481,15321,SEDWSSD_TZn,0.000000000000e+00
6481,15321,SEDSCRS_TZn,0.000000000000e+00
6481,15322,AREA,0.000000000000e+00
6481,15322,PREC,0.000000000000e+00
6481,15322,SURO,0.000000000000e+00
6481,15322,IFWO,0.000000000000e+00
6481,15322,AGWO,0.000000000000e+00
6481,15322,PERO,0.000000000000e+00
6481,15322,TAET,0.000000000000e+00
6481,15322,SEDLOAD,0.000000000000e+00
6481,15322,SEDWSSD, 0.00000e+00
6481,15322,SEDSCRS, 0.00000e+00
6481,15322,SEDSURO, 0.00000e+00
6481,15322,SEDIFWO, 0.00000e+00
6481,15322,SEDAGWO, 0.00000e+00
6481,15322,SO_TN,0.000000000000e+00
6481,15322,IO_TN,0.000000000000e+00
6481,15322,AO_TN,0.000000000000e+00
6481,15322,PO_TN,0.000000000000e+00
6481,15322,SO_TP,0.000000000000e+00
6481,15322,IO_TP,0.000000000000e+00
6481,15322,AO_TP,0.000000000000e+00
6481,15322,PO_TP,0.000000000000e+00
6481,15322,SED_TP,0.000000000000e+00
6481,15322,SEDWSSD_TP,0.000000000000e+00
6481,15322,SEDSCRS_TP,0.000000000000e+00
6481,15322,SO_TCd,0.000000000000e+00
6481,15322,IO_TCd,0.000000000000e+00
6481,15322,AO_TCd,0.000000000000e+00
6481,15322,PO_TCd,0.000000000000e+00
6481,15322,SED_TCd,0.000000000000e+00
6481,15322,SEDWSSD_TCd,0.000000000000e+00
6481,15322,SEDSCRS_TCd,0.000000000000e+00
6481,15322,SO_TCu,0.000000000000e+00
6481,15322,IO_TCu,0.000000000000e+00
6481,15322,AO_TCu,0.000000000000e+00
6481,15322,PO_TCu,0.000000000000e+00
6481,15322,SED_TCu,0.000000000000e+00
6481,15322,SEDWSSD_TCu,0.000000000000e+00
6481,15322,SEDSCRS_TCu,0.000000000000e+00
6481,15322,SO_TPb,0.000000000000e+00
6481,15322,IO_TPb,0.000000000000e+00
6481,15322,AO_TPb,0.000000000000e+00
6481,15322,PO_TPb,0.000000000000e+00
6481,15322,SED_TPb,0.000000000000e+00
6481,15322,SEDWSSD_TPb,0.000000000000e+00
6481,15322,SEDSCRS_TPb,0.000000000000e+00
6481,15322,SO_TZn,0.000000000000e+00
6481,15322,IO_TZn,0.000000000000e+00
6481,15322,AO_TZn,0.000000000000e+00
6481,15322,PO_TZn,0.000000000000e+00
6481,15322,SED_TZn,0.000000000000e+00
6481,15322,SEDWSSD_TZn,0.000000000000e+00
6481,15322,SEDSCRS_TZn,0.000000000000e+00
6481,15331,AREA,0.000000000000e+00
6481,15331,PREC,0.000000000000e+00
6481,15331,SURO,0.000000000000e+00
6481,15331,IFWO,0.000000000000e+00
6481,15331,AGWO,0.000000000000e+00
6481,15331,PERO,0.000000000000e+00
6481,15331,TAET,0.000000000000e+00
6481,15331,SEDLOAD,0.000000000000e+00
6481,15331,SEDWSSD, 0.00000e+00
6481,15331,SEDSCRS, 0.00000e+00
6481,15331,SEDSURO, 0.00000e+00
6481,15331,SEDIFWO, 0.00000e+00
6481,15331,SEDAGWO, 0.00000e+00
6481,15331,SO_TN,0.000000000000e+00
6481,15331,IO_TN,0.000000000000e+00
6481,15331,AO_TN,0.000000000000e+00
6481,15331,PO_TN,0.000000000000e+00
6481,15331,SO_TP,0.000000000000e+00
6481,15331,IO_TP,0.000000000000e+00
6481,15331,AO_TP,0.000000000000e+00
6481,15331,PO_TP,0.000000000000e+00
6481,15331,SED_TP,0.000000000000e+00
6481,15331,SEDWSSD_TP,0.000000000000e+00
6481,15331,SEDSCRS_TP,0.000000000000e+00
6481,15331,SO_TCd,0.000000000000e+00
6481,15331,IO_TCd,0.000000000000e+00
6481,15331,AO_TCd,0.000000000000e+00
6481,15331,PO_TCd,0.000000000000e+00
6481,15331,SED_TCd,0.000000000000e+00
6481,15331,SEDWSSD_TCd,0.000000000000e+00
6481,15331,SEDSCRS_TCd,0.000000000000e+00
6481,15331,SO_TCu,0.000000000000e+00
6481,15331,IO_TCu,0.000000000000e+00
6481,15331,AO_TCu,0.000000000000e+00
6481,15331,PO_TCu,0.000000000000e+00
6481,15331,SED_TCu,0.000000000000e+00
6481,15331,SEDWSSD_TCu,0.000000000000e+00
6481,15331,SEDSCRS_TCu,0.000000000000e+00
6481,15331,SO_TPb,0.000000000000e+00
6481,15331,IO_TPb,0.000000000000e+00
6481,15331,AO_TPb,0.000000000000e+00
6481,15331,PO_TPb,0.000000000000e+00
6481,15331,SED_TPb,0.000000000000e+00
6481,15331,SEDWSSD_TPb,0.000000000000e+00
6481,15331,SEDSCRS_TPb,0.000000000000e+00
6481,15331,SO_TZn,0.000000000000e+00
6481,15331,IO_TZn,0.000000000000e+00
6481,15331,AO_TZn,0.000000000000e+00
6481,15331,PO_TZn,0.000000000000e+00
6481,15331,SED_TZn,0.000000000000e+00
6481,15331,SEDWSSD_TZn,0.000000000000e+00
6481,15331,SEDSCRS_TZn,0.000000000000e+00
6481,15332,AREA,0.000000000000e+00
6481,15332,PREC,0.000000000000e+00
6481,15332,SURO,0.000000000000e+00
6481,15332,IFWO,0.000000000000e+00
6481,15332,AGWO,0.000000000000e+00
6481,15332,PERO,0.000000000000e+00
6481,15332,TAET,0.000000000000e+00
6481,15332,SEDLOAD,0.000000000000e+00
6481,15332,SEDWSSD, 0.00000e+00
6481,15332,SEDSCRS, 0.00000e+00
6481,15332,SEDSURO, 0.00000e+00
6481,15332,SEDIFWO, 0.00000e+00
6481,15332,SEDAGWO, 0.00000e+00
6481,15332,SO_TN,0.000000000000e+00
6481,15332,IO_TN,0.000000000000e+00
6481,15332,AO_TN,0.000000000000e+00
6481,15332,PO_TN,0.000000000000e+00
6481,15332,SO_TP,0.000000000000e+00
6481,15332,IO_TP,0.000000000000e+00
6481,15332,AO_TP,0.000000000000e+00
6481,15332,PO_TP,0.000000000000e+00
6481,15332,SED_TP,0.000000000000e+00
6481,15332,SEDWSSD_TP,0.000000000000e+00
6481,15332,SEDSCRS_TP,0.000000000000e+00
6481,15332,SO_TCd,0.000000000000e+00
6481,15332,IO_TCd,0.000000000000e+00
6481,15332,AO_TCd,0.000000000000e+00
6481,15332,PO_TCd,0.000000000000e+00
6481,15332,SED_TCd,0.000000000000e+00
6481,15332,SEDWSSD_TCd,0.000000000000e+00
6481,15332,SEDSCRS_TCd,0.000000000000e+00
6481,15332,SO_TCu,0.000000000000e+00
6481,15332,IO_TCu,0.000000000000e+00
6481,15332,AO_TCu,0.000000000000e+00
6481,15332,PO_TCu,0.000000000000e+00
6481,15332,SED_TCu,0.000000000000e+00
6481,15332,SEDWSSD_TCu,0.000000000000e+00
6481,15332,SEDSCRS_TCu,0.000000000000e+00
6481,15332,SO_TPb,0.000000000000e+00
6481,15332,IO_TPb,0.000000000000e+00
6481,15332,AO_TPb,0.000000000000e+00
6481,15332,PO_TPb,0.000000000000e+00
6481,15332,SED_TPb,0.000000000000e+00
6481,15332,SEDWSSD_TPb,0.000000000000e+00
6481,15332,SEDSCRS_TPb,0.000000000000e+00
6481,15332,SO_TZn,0.000000000000e+00
6481,15332,IO_TZn,0.000000000000e+00
6481,15332,AO_TZn,0.000000000000e+00
6481,15332,PO_TZn,0.000000000000e+00
6481,15332,SED_TZn,0.000000000000e+00
6481,15332,SEDWSSD_TZn,0.000000000000e+00
6481,15332,SEDSCRS_TZn,0.000000000000e+00
6481,15421,AREA,1.812397390003e+02
6481,15421,PREC,2.063150122630e+03
6481,15421,SURO,2.094282323427e+01
6481,15421,IFWO,1.534351881024e+01
6481,15421,AGWO,5.147681649134e+01
6481,15421,PERO,8.776315853584e+01
6481,15421,TAET,1.975386947618e+03
6481,15421,SEDLOAD,3.011392310020e-01
6481,15421,SEDWSSD, 2.67740e-01
6481,15421,SEDSCRS, 2.58278e-02
6481,15421,SEDSURO, 0.00000e+00
6481,15421,SEDIFWO, 1.73852e-03
6481,15421,SEDAGWO, 5.83266e-03
6481,15421,SO_TN,1.181520461466e+01
6481,15421,IO_TN,3.477049184576e+00
6481,15421,AO_TN,3.499603155301e+00
6481,15421,PO_TN,1.879185695454e+01
6481,15421,SO_TP,5.871360883436e-01
6481,15421,IO_TP,6.954098369151e-01
6481,15421,AO_TP,2.333068770201e+00
6481,15421,PO_TP,3.615614695459e+00
6481,15421,SED_TP,5.871360883436e-01
6481,15421,SEDWSSD_TP,5.354803987945e-01
6481,15421,SEDSCRS_TP,5.165568954915e-02
6481,15421,SO_TCd,2.935680441718e-04
6481,15421,IO_TCd,0.000000000000e+00
6481,15421,AO_TCd,0.000000000000e+00
6481,15421,PO_TCd,2.935680441718e-04
6481,15421,SED_TCd,2.935680441718e-04
6481,15421,SEDWSSD_TCd,2.677401993972e-04
6481,15421,SEDSCRS_TCd,2.582784477458e-05
6481,15421,SO_TCu,2.935680441718e-02
6481,15421,IO_TCu,0.000000000000e+00
6481,15421,AO_TCu,0.000000000000e+00
6481,15421,PO_TCu,2.935680441718e-02
6481,15421,SED_TCu,2.935680441718e-02
6481,15421,SEDWSSD_TCu,2.677401993972e-02
6481,15421,SEDSCRS_TCu,2.582784477458e-03
6481,15421,SO_TPb,2.935680441718e-03
6481,15421,IO_TPb,0.000000000000e+00
6481,15421,AO_TPb,0.000000000000e+00
6481,15421,PO_TPb,2.935680441718e-03
6481,15421,SED_TPb,2.935680441718e-03
6481,15421,SEDWSSD_TPb,2.677401993972e-03
6481,15421,SEDSCRS_TPb,2.582784477458e-04
6481,15421,SO_TZn,2.113689918037e-01
6481,15421,IO_TZn,0.000000000000e+00
6481,15421,AO_TZn,5.832671925502e-01
6481,15421,PO_TZn,7.946361843539e-01
6481,15421,SED_TZn,2.113689918037e-01
6481,15421,SEDWSSD_TZn,1.927729435660e-01
6481,15421,SEDSCRS_TZn,1.859604823769e-02
6481,15422,AREA,7.258574999991e+01
6481,15422,PREC,8.262829103592e+02
6481,15422,SURO,7.479618039956e+00
6481,15422,IFWO,6.323159495542e+00
6481,15422,AGWO,1.309443449756e+01
6481,15422,PERO,2.689721203306e+01
6481,15422,TAET,7.888597996537e+02
6481,15422,SEDLOAD,1.113417522818e-01
6481,15422,SEDWSSD, 9.85669e-02
6481,15422,SEDSCRS, 1.05747e-02
6481,15422,SEDSURO, 0.00000e+00
6481,15422,SEDIFWO, 7.16456e-04
6481,15422,SEDAGWO, 1.48369e-03
6481,15422,SO_TN,4.267504155144e+00
6481,15422,IO_TN,1.432913586501e+00
6481,15422,AO_TN,8.902128648972e-01
6481,15422,PO_TN,6.590630606542e+00
6481,15422,SO_TP,2.182832203911e-01
6481,15422,IO_TP,2.865827173001e-01
6481,15422,AO_TP,5.934752432648e-01
6481,15422,PO_TP,1.098341180956e+00
6481,15422,SED_TP,2.182832203911e-01
6481,15422,SEDWSSD_TP,1.971337918974e-01
6481,15422,SEDSCRS_TP,2.114942849376e-02
6481,15422,SO_TCd,1.091416101956e-04
6481,15422,IO_TCd,0.000000000000e+00
6481,15422,AO_TCd,0.000000000000e+00
6481,15422,PO_TCd,1.091416101956e-04
6481,15422,SED_TCd,1.091416101956e-04
6481,15422,SEDWSSD_TCd,9.856689594868e-05
6481,15422,SEDSCRS_TCd,1.057471424688e-05
6481,15422,SO_TCu,1.091416101956e-02
6481,15422,IO_TCu,0.000000000000e+00
6481,15422,AO_TCu,0.000000000000e+00
6481,15422,PO_TCu,1.091416101956e-02
6481,15422,SED_TCu,1.091416101956e-02
6481,15422,SEDWSSD_TCu,9.856689594868e-03
6481,15422,SEDSCRS_TCu,1.057471424688e-03
6481,15422,SO_TPb,1.091416101956e-03
6481,15422,IO_TPb,0.000000000000e+00
6481,15422,AO_TPb,0.000000000000e+00
6481,15422,PO_TPb,1.091416101956e-03
6481,15422,SED_TPb,1.091416101956e-03
6481,15422,SEDWSSD_TPb,9.856689594868e-04
6481,15422,SEDSCRS_TPb,1.057471424688e-04
6481,15422,SO_TZn,7.858195934081e-02
6481,15422,IO_TZn,0.000000000000e+00
6481,15422,AO_TZn,1.483688108162e-01
6481,15422,PO_TZn,2.269507701570e-01
6481,15422,SED_TZn,7.858195934081e-02
6481,15422,SEDWSSD_TZn,7.096816508305e-02
6481,15422,SEDSCRS_TZn,7.613794257753e-03
6481,15431,AREA,1.367327100000e+01
6481,15431,PREC,1.556502503041e+02
6481,15431,SURO,2.143002554256e+00
6481,15431,IFWO,1.538555218720e+00
6481,15431,AGWO,3.995026816312e+00
6481,15431,PERO,7.676584589287e+00
6481,15431,TAET,1.479736715054e+02
6481,15431,SEDLOAD,1.251341750583e-02
6481,15431,SEDWSSD, 7.52813e-03
6481,15431,SEDSCRS, 4.35830e-03
6481,15431,SEDSURO, 0.00000e+00
6481,15431,SEDIFWO, 1.74329e-04
6481,15431,SEDAGWO, 4.52663e-04
6481,15431,SO_TN,1.149602208573e+00
6481,15431,IO_TN,3.486574517122e-01
6481,15431,AO_TN,2.715981563124e-01
6481,15431,PO_TN,1.769857816597e+00
6481,15431,SO_TP,2.377285197674e-02
6481,15431,IO_TP,6.973149034243e-02
6481,15431,AO_TP,1.810654375416e-01
6481,15431,PO_TP,2.745697798608e-01
6481,15431,SED_TP,2.377285197674e-02
6481,15431,SEDWSSD_TP,1.505625524788e-02
6481,15431,SEDSCRS_TP,8.716596728858e-03
6481,15431,SO_TCd,1.188642598837e-05
6481,15431,IO_TCd,0.000000000000e+00
6481,15431,AO_TCd,0.000000000000e+00
6481,15431,PO_TCd,1.188642598837e-05
6481,15431,SED_TCd,1.188642598837e-05
6481,15431,SEDWSSD_TCd,7.528127623941e-06
6481,15431,SEDSCRS_TCd,4.358298364429e-06
6481,15431,SO_TCu,1.188642598837e-03
6481,15431,IO_TCu,0.000000000000e+00
6481,15431,AO_TCu,0.000000000000e+00
6481,15431,PO_TCu,1.188642598837e-03
6481,15431,SED_TCu,1.188642598837e-03
6481,15431,SEDWSSD_TCu,7.528127623941e-04
6481,15431,SEDSCRS_TCu,4.358298364429e-04
6481,15431,SO_TPb,1.188642598837e-04
6481,15431,IO_TPb,0.000000000000e+00
6481,15431,AO_TPb,0.000000000000e+00
6481,15431,PO_TPb,1.188642598837e-04
6481,15431,SED_TPb,1.188642598837e-04
6481,15431,SEDWSSD_TPb,7.528127623941e-05
6481,15431,SEDSCRS_TPb,4.358298364429e-05
6481,15431,SO_TZn,8.558226711626e-03
6481,15431,IO_TZn,0.000000000000e+00
6481,15431,AO_TZn,4.526635938539e-02
6481,15431,PO_TZn,5.382458609702e-02
6481,15431,SED_TZn,8.558226711626e-03
6481,15431,SEDWSSD_TZn,5.420251889237e-03
6481,15431,SEDSCRS_TZn,3.137974822389e-03
6481,15432,AREA,8.452800000012e-02
6481,15432,PREC,9.622280109641e-01
6481,15432,SURO,1.335135956436e-02
6481,15432,IFWO,9.487523820744e-03
6481,15432,AGWO,1.547954277334e-02
6481,15432,PERO,3.831842615845e-02
6481,15432,TAET,9.113829401233e-01
6481,15432,SEDLOAD,7.611167748554e-05
6481,15432,SEDWSSD, 4.66306e-05
6481,15432,SEDSCRS, 2.66521e-05
6481,15432,SEDSURO, 0.00000e+00
6481,15432,SEDIFWO, 1.07500e-06
6481,15432,SEDAGWO, 1.75393e-06
6481,15432,SO_TN,7.152684910996e-03
6481,15432,IO_TN,2.150001402713e-03
6481,15432,AO_TN,1.052362217103e-03
6481,15432,PO_TN,1.035504853081e-02
6481,15432,SO_TP,1.465654867508e-04
6481,15432,IO_TP,4.300002805426e-04
6481,15432,AO_TP,7.015748114018e-04
6481,15432,PO_TP,1.278140578695e-03
6481,15432,SED_TP,1.465654867508e-04
6481,15432,SEDWSSD_TP,9.326123396869e-05
6481,15432,SEDSCRS_TP,5.330425278208e-05
6481,15432,SO_TCd,7.328274337539e-08
6481,15432,IO_TCd,0.000000000000e+00
6481,15432,AO_TCd,0.000000000000e+00
6481,15432,PO_TCd,7.328274337539e-08
6481,15432,SED_TCd,7.328274337539e-08
6481,15432,SEDWSSD_TCd,4.663061698435e-08
6481,15432,SEDSCRS_TCd,2.665212639104e-08
6481,15432,SO_TCu,7.328274337539e-06
6481,15432,IO_TCu,0.000000000000e+00
6481,15432,AO_TCu,0.000000000000e+00
6481,15432,PO_TCu,7.328274337539e-06
6481,15432,SED_TCu,7.328274337539e-06
6481,15432,SEDWSSD_TCu,4.663061698435e-06
6481,15432,SEDSCRS_TCu,2.665212639104e-06
6481,15432,SO_TPb,7.328274337539e-07
6481,15432,IO_TPb,0.000000000000e+00
6481,15432,AO_TPb,0.000000000000e+00
6481,15432,PO_TPb,7.328274337539e-07
6481,15432,SED_TPb,7.328274337539e-07
6481,15432,SEDWSSD_TPb,4.663061698435e-07
6481,15432,SEDSCRS_TPb,2.665212639104e-07
6481,15432,SO_TZn,5.276357523028e-05
6481,15432,IO_TZn,0.000000000000e+00
6481,15432,AO_TZn,1.753937028504e-04
6481,15432,PO_TZn,2.281572780807e-04
6481,15432,SED_TZn,5.276357523028e-05
6481,15432,SEDWSSD_TZn,3.357404422873e-05
6481,15432,SEDSCRS_TZn,1.918953100155e-05
6481,16000,AREA,0.000000000000e+00
6481,16000,PREC,0.000000000000e+00
6481,16000,SURO,0.000000000000e+00
6481,16000,IFWO,0.000000000000e+00
6481,16000,AGWO,0.000000000000e+00
6481,16000,PERO,0.000000000000e+00
6481,16000,TAET,0.000000000000e+00
6481,16000,SEDLOAD,0.000000000000e+00
6481,16000,SEDWSSD, 0.00000e+00
6481,16000,SEDSCRS, 0.00000e+00
6481,16000,SEDSURO, 0.00000e+00
6481,16000,SEDIFWO, 0.00000e+00
6481,16000,SEDAGWO, 0.00000e+00
6481,16000,SO_TN,0.000000000000e+00
6481,16000,IO_TN,0.000000000000e+00
6481,16000,AO_TN,0.000000000000e+00
6481,16000,PO_TN,0.000000000000e+00
6481,16000,SO_TP,0.000000000000e+00
6481,16000,IO_TP,0.000000000000e+00
6481,16000,AO_TP,0.000000000000e+00
6481,16000,PO_TP,0.000000000000e+00
6481,16000,SED_TP,0.000000000000e+00
6481,16000,SEDWSSD_TP,0.000000000000e+00
6481,16000,SEDSCRS_TP,0.000000000000e+00
6481,16000,SO_TCd,0.000000000000e+00
6481,16000,IO_TCd,0.000000000000e+00
6481,16000,AO_TCd,0.000000000000e+00
6481,16000,PO_TCd,0.000000000000e+00
6481,16000,SED_TCd,0.000000000000e+00
6481,16000,SEDWSSD_TCd,0.000000000000e+00
6481,16000,SEDSCRS_TCd,0.000000000000e+00
6481,16000,SO_TCu,0.000000000000e+00
6481,16000,IO_TCu,0.000000000000e+00
6481,16000,AO_TCu,0.000000000000e+00
6481,16000,PO_TCu,0.000000000000e+00
6481,16000,SED_TCu,0.000000000000e+00
6481,16000,SEDWSSD_TCu,0.000000000000e+00
6481,16000,SEDSCRS_TCu,0.000000000000e+00
6481,16000,SO_TPb,0.000000000000e+00
6481,16000,IO_TPb,0.000000000000e+00
6481,16000,AO_TPb,0.000000000000e+00
6481,16000,PO_TPb,0.000000000000e+00
6481,16000,SED_TPb,0.000000000000e+00
6481,16000,SEDWSSD_TPb,0.000000000000e+00
6481,16000,SEDSCRS_TPb,0.000000000000e+00
6481,16000,SO_TZn,0.000000000000e+00
6481,16000,IO_TZn,0.000000000000e+00
6481,16000,AO_TZn,0.000000000000e+00
6481,16000,PO_TZn,0.000000000000e+00
6481,16000,SED_TZn,0.000000000000e+00
6481,16000,SEDWSSD_TZn,0.000000000000e+00
6481,16000,SEDSCRS_TZn,0.000000000000e+00
